reaction,gpr,GO_HKP,DLKcat,MTLKP,TurNup,UniKP,database,fill_method
12PPDRtex_num1,b1377,96.2904209055866,,,,,,112645.641475366
12PPDRtex_num2,b0241,33.2825,,,,,,112645.641475366
12PPDRtex_num3,b0929,94.8168,,,,,,112645.641475366
12PPDRtex_num4,b2215,96.2904209055866,,,,,,112645.641475366
12PPDRtex_reverse_num1,b1377,96.2904209055866,,,,,,112645.641475366
12PPDRtex_reverse_num2,b0241,33.2825,,,,,,112645.641475366
12PPDRtex_reverse_num3,b0929,94.8168,,,,,,112645.641475366
12PPDRtex_reverse_num4,b2215,96.2904209055866,,,,,,112645.641475366
12PPDStex_num1,b1377,96.2904209055866,,,,,,112645.641475366
12PPDStex_num2,b0241,33.2825,,,,,,112645.641475366
12PPDStex_num3,b0929,94.8168,,,,,,112645.641475366
12PPDStex_num4,b2215,96.2904209055866,,,,,,112645.641475366
12PPDStex_reverse_num1,b1377,96.2904209055866,,,,,,112645.641475366
12PPDStex_reverse_num2,b0241,33.2825,,,,,,112645.641475366
12PPDStex_reverse_num3,b0929,94.8168,,,,,,112645.641475366
12PPDStex_reverse_num4,b2215,96.2904209055866,,,,,,112645.641475366
13PPDH2,b3011,121.175352563932,21.2411,18.234058,10.98911190032959,5.216962663451387,,112645.641475366
13PPDH2_reverse,b3011,121.175352563932,1.3259,9.66856,14.06663990020752,4.833523926798825,,112645.641475366
14GLUCANabcpp,b4035 and b4032 and b4034 and b4033,104.73241798245591,32.4956,,5.735721111297607,25.827463201057576,,112645.641475366
14GLUCANtexi,b4036,117.94906666660007,,,,,,
23CAMPtex_num1,b1377,96.2904209055866,,,,,,112645.641475366
23CAMPtex_num2,b0241,33.2825,,,,,,112645.641475366
23CAMPtex_num3,b0929,94.8168,,,,,,112645.641475366
23CAMPtex_num4,b2215,96.2904209055866,,,,,,112645.641475366
23CAMPtex_reverse_num1,b1377,96.2904209055866,,,,,,112645.641475366
23CAMPtex_reverse_num2,b0241,33.2825,,,,,,112645.641475366
23CAMPtex_reverse_num3,b0929,94.8168,,,,,,112645.641475366
23CAMPtex_reverse_num4,b2215,96.2904209055866,,,,,,112645.641475366
23CCMPtex_num1,b1377,96.2904209055866,,,,,,112645.641475366
23CCMPtex_num2,b0241,33.2825,,,,,,112645.641475366
23CCMPtex_num3,b0929,94.8168,,,,,,112645.641475366
23CCMPtex_num4,b2215,96.2904209055866,,,,,,112645.641475366
23CCMPtex_reverse_num1,b1377,96.2904209055866,,,,,,112645.641475366
23CCMPtex_reverse_num2,b0241,33.2825,,,,,,112645.641475366
23CCMPtex_reverse_num3,b0929,94.8168,,,,,,112645.641475366
23CCMPtex_reverse_num4,b2215,96.2904209055866,,,,,,112645.641475366
23CGMPtex_num1,b1377,96.2904209055866,,,,,,112645.641475366
23CGMPtex_num2,b0241,33.2825,,,,,,112645.641475366
23CGMPtex_num3,b0929,94.8168,,,,,,112645.641475366
23CGMPtex_num4,b2215,96.2904209055866,,,,,,112645.641475366
23CGMPtex_reverse_num1,b1377,96.2904209055866,,,,,,112645.641475366
23CGMPtex_reverse_num2,b0241,33.2825,,,,,,112645.641475366
23CGMPtex_reverse_num3,b0929,94.8168,,,,,,112645.641475366
23CGMPtex_reverse_num4,b2215,96.2904209055866,,,,,,112645.641475366
23CUMPtex_num1,b1377,96.2904209055866,,,,,,112645.641475366
23CUMPtex_num2,b0241,33.2825,,,,,,112645.641475366
23CUMPtex_num3,b0929,94.8168,,,,,,112645.641475366
23CUMPtex_num4,b2215,96.2904209055866,,,,,,112645.641475366
23CUMPtex_reverse_num1,b1377,96.2904209055866,,,,,,112645.641475366
23CUMPtex_reverse_num2,b0241,33.2825,,,,,,112645.641475366
23CUMPtex_reverse_num3,b0929,94.8168,,,,,,112645.641475366
23CUMPtex_reverse_num4,b2215,96.2904209055866,,,,,,112645.641475366
23DAPPAtex_num1,b1377,96.2904209055866,,,,,,112645.641475366
23DAPPAtex_num2,b0241,33.2825,,,,,,112645.641475366
23DAPPAtex_num3,b0929,94.8168,,,,,,112645.641475366
23DAPPAtex_num4,b2215,96.2904209055866,,,,,,112645.641475366
23DAPPAtex_reverse_num1,b1377,96.2904209055866,,,,,,112645.641475366
23DAPPAtex_reverse_num2,b0241,33.2825,,,,,,112645.641475366
23DAPPAtex_reverse_num3,b0929,94.8168,,,,,,112645.641475366
23DAPPAtex_reverse_num4,b2215,96.2904209055866,,,,,,112645.641475366
23DOGULNt4pp,b3579 and b3577 and b3578,97.76404181117316,18.0369,5.0895267,28.391902923583984,2.426765719243258,,112645.641475366
23PDE2pp,b4213,159.51534075283124,7.8436,37.95562,196.96109008789065,2.576584054233915,10.12,
23PDE4pp,b4213,159.51534075283124,2.5142,33.829117,244.0936889648437,3.744908238513749,10.12,
23PDE7pp,b4213,159.51534075283124,4.8133,52.067036,186.72401428222656,6.929868172575557,6899.0368,
23PDE9pp,b4213,159.51534075283124,114.7526,45.43411,216.69186401367188,8.515326148078657,6899.0368,
26DAHtex_num1,b1377,96.2904209055866,,,,,,112645.641475366
26DAHtex_num2,b0241,33.2825,,,,,,112645.641475366
26DAHtex_num3,b0929,94.8168,,,,,,112645.641475366
26DAHtex_num4,b2215,96.2904209055866,,,,,,112645.641475366
26DAHtex_reverse_num1,b1377,96.2904209055866,,,,,,112645.641475366
26DAHtex_reverse_num2,b0241,33.2825,,,,,,112645.641475366
26DAHtex_reverse_num3,b0929,94.8168,,,,,,112645.641475366
26DAHtex_reverse_num4,b2215,96.2904209055866,,,,,,112645.641475366
2AGPA120tipp,b2835,23.0,,,,,,112645.641475366
2AGPA140tipp,b2835,23.0,,,,,,112645.641475366
2AGPA141tipp,b2835,23.0,,,,,,112645.641475366
2AGPA160tipp,b2835,23.0,,,,,,112645.641475366
2AGPA161tipp,b2835,23.0,,,,,,112645.641475366
2AGPA180tipp,b2835,23.0,,,,,,112645.641475366
2AGPA181tipp,b2835,23.0,,,,,,112645.641475366
2AGPE120tipp,b2835,23.0,,,,,,112645.641475366
2AGPE140tipp,b2835,23.0,,,,,,112645.641475366
2AGPE141tipp,b2835,23.0,,,,,,112645.641475366
2AGPE160tipp,b2835,23.0,,,,,,112645.641475366
2AGPE161tipp,b2835,23.0,,,,,,112645.641475366
2AGPE180tipp,b2835,23.0,,,,,,112645.641475366
2AGPE181tipp,b2835,23.0,,,,,,112645.641475366
2AGPEAT120,b2836,98.49306668197664,0.7744,4.7711473,3.2235896587371826,2.7674026257612505,,112645.641475366
2AGPEAT140,b2836,98.49306668197664,3.7948,2.803512,3.63122820854187,5.837987692151454,,112645.641475366
2AGPEAT141,b2836,98.49306668197664,9.4683,,3.4213435649871826,5.727440571245332,,112645.641475366
2AGPEAT160,b2836,98.49306668197664,16.4493,5.5366206,1.831045746803284,10.400376497266745,,
2AGPEAT161,b2836,98.49306668197664,19.0356,,3.4213435649871826,2.5893408021319906,,112645.641475366
2AGPEAT180,b2836,98.49306668197664,115.7661,1.9625669,1.831045746803284,4.69157887104192,,
2AGPEAT181,b2836,98.49306668197664,3.8553,1.8770452,3.1124603748321533,6.130754302507611,,112645.641475366
2AGPG120tipp,b2835,23.0,,,,,,112645.641475366
2AGPG140tipp,b2835,23.0,,,,,,112645.641475366
2AGPG141tipp,b2835,23.0,,,,,,112645.641475366
2AGPG160tipp,b2835,23.0,,,,,,112645.641475366
2AGPG161tipp,b2835,23.0,,,,,,112645.641475366
2AGPG180tipp,b2835,23.0,,,,,,112645.641475366
2AGPG181tipp,b2835,23.0,,,,,,112645.641475366
2AGPGAT120,b2836,98.49306668197664,10.7436,,3.4213435649871826,8.126022089600111,,112645.641475366
2AGPGAT140,b2836,98.49306668197664,8.7881,3.3486996,1.3197332620620728,6.130754302507611,,112645.641475366
2AGPGAT141,b2836,98.49306668197664,97.5807,,3.4213435649871826,9.490631515381825,,112645.641475366
2AGPGAT160,b2836,98.49306668197664,97.6527,5.5366206,1.48662006855011,5.212041331239971,,112645.641475366
2AGPGAT161,b2836,98.49306668197664,16.3454,,1.3197332620620728,4.04186287809693,,112645.641475366
2AGPGAT180,b2836,98.49306668197664,15.0285,1.9625669,1.48662006855011,6.47591517554057,,112645.641475366
2AGPGAT181,b2836,98.49306668197664,33.7149,1.8770452,3.1124603748321533,6.47591517554057,,112645.641475366
2DDARAA_num1,b4298,136.47847541820553,,,,,,112645.641475366
2DDARAA_num2,b0268,136.47847541820553,,,,,,112645.641475366
2DDARAA_reverse_num1,b4298,136.47847541820553,3126.5841,6.137667,23.792036056518555,184.70413182781493,,112645.641475366
2DDARAA_reverse_num2,b0268,136.47847541820553,,5.536085,25.15447235107422,,,112645.641475366
2DGLCptspp,b2416 and b1817 and b2415 and b1819 and b1818,152.62479040685164,59.1738,0.96225995,10.40248680114746,14.184827825821973,,112645.641475366
2DGLCtex_num1,b2215,96.2904209055866,,,,,,112645.641475366
2DGLCtex_num2,b1377,96.2904209055866,,,,,,112645.641475366
2DGLCtex_num3,b0241,33.2825,,,,,,112645.641475366
2DGLCtex_num4,b0929,94.8168,,,,,,112645.641475366
2DGLCtex_reverse_num1,b2215,96.2904209055866,,,,,,112645.641475366
2DGLCtex_reverse_num2,b1377,96.2904209055866,,,,,,112645.641475366
2DGLCtex_reverse_num3,b0241,33.2825,,,,,,112645.641475366
2DGLCtex_reverse_num4,b0929,94.8168,,,,,,112645.641475366
2DGULRGx,b3553,124.73964281862038,2.2766,,19.29294776916504,0.9309737680315668,,112645.641475366
2DGULRGy,b3553,124.73964281862038,2.7274,,22.01556968688965,1.1038974093825238,,112645.641475366
2DGULRx,b3553,124.73964281862038,1.0461,,19.29294776916504,33.81246352611123,,112645.641475366
2DGULRy,b3553,124.73964281862038,0.1046,,22.01556968688965,33.81246352611123,,112645.641475366
2DOXG6PP_num1,b2293,157.17088698230995,1.2724,3.4761665,8.821300506591797,5.160646713364276,,
2DOXG6PP_num2,b3826,173.42795360893282,,4.0478,22.591367721557617,1.7851135665555418,,
2DOXG6PP_num3,b1727,149.80799644754114,,0.7941894,5.092029571533203,1.7851135665555418,,
2DOXG6PP_num4,b0446,173.42795360893282,,1.6524347,17.724365234375,5.2469593410977335,,
2HESR_num1,b2989,221.50419686676088,27.1069,8.169506,4.926880836486816,3.6115615622253454,,112645.641475366
2HESR_num2,b2302,215.03354492000008,,8.420273,5.245456218719482,10.400376497266745,,112645.641475366
2HPTCOAT,b1400,151.18324760891227,1.761,,5.091606140136719,2.117565282847367,,112645.641475366
2MAHMP_num1,b0446,173.42795360893282,2.2478,1.3363798,14.825173377990724,3.0734277155319725,,
2MAHMP_num2,b1134,157.17088698230995,,0.75591874,2.212373733520508,1.7922015180772033,,
34dhpactex_num1,b1377,96.2904209055866,,,,,,112645.641475366
34dhpactex_num2,b0241,33.2825,,,,,,112645.641475366
34dhpactex_num3,b0929,94.8168,,,,,,112645.641475366
34dhpactex_num4,b2215,96.2904209055866,,,,,,112645.641475366
34dhpactex_reverse_num1,b1377,96.2904209055866,,,,,,112645.641475366
34dhpactex_reverse_num2,b0241,33.2825,,,,,,112645.641475366
34dhpactex_reverse_num3,b0929,94.8168,,,,,,112645.641475366
34dhpactex_reverse_num4,b2215,96.2904209055866,,,,,,112645.641475366
3AMACHYD,b1009,149.80799644754114,71.2875,2.6339014,33.78409957885742,6.495630766497587,,
3AMPtex_num1,b1377,96.2904209055866,,,,,,112645.641475366
3AMPtex_num2,b0241,33.2825,,,,,,112645.641475366
3AMPtex_num3,b0929,94.8168,,,,,,112645.641475366
3AMPtex_num4,b2215,96.2904209055866,,,,,,112645.641475366
3AMPtex_reverse_num1,b1377,96.2904209055866,,,,,,112645.641475366
3AMPtex_reverse_num2,b0241,33.2825,,,,,,112645.641475366
3AMPtex_reverse_num3,b0929,94.8168,,,,,,112645.641475366
3AMPtex_reverse_num4,b2215,96.2904209055866,,,,,,112645.641475366
3CMPtex_num1,b1377,96.2904209055866,,,,,,112645.641475366
3CMPtex_num2,b0241,33.2825,,,,,,112645.641475366
3CMPtex_num3,b0929,94.8168,,,,,,112645.641475366
3CMPtex_num4,b2215,96.2904209055866,,,,,,112645.641475366
3CMPtex_reverse_num1,b1377,96.2904209055866,,,,,,112645.641475366
3CMPtex_reverse_num2,b0241,33.2825,,,,,,112645.641475366
3CMPtex_reverse_num3,b0929,94.8168,,,,,,112645.641475366
3CMPtex_reverse_num4,b2215,96.2904209055866,,,,,,112645.641475366
3GMPtex_num1,b1377,96.2904209055866,,,,,,112645.641475366
3GMPtex_num2,b0241,33.2825,,,,,,112645.641475366
3GMPtex_num3,b0929,94.8168,,,,,,112645.641475366
3GMPtex_num4,b2215,96.2904209055866,,,,,,112645.641475366
3GMPtex_reverse_num1,b1377,96.2904209055866,,,,,,112645.641475366
3GMPtex_reverse_num2,b0241,33.2825,,,,,,112645.641475366
3GMPtex_reverse_num3,b0929,94.8168,,,,,,112645.641475366
3GMPtex_reverse_num4,b2215,96.2904209055866,,,,,,112645.641475366
3HAD100_num1,b0954,126.88473466186872,,,,,,8.881378260869566
3HAD100_num2,b0180,118.43411865124476,,,,,,8.881378260869566
3HAD120_num1,b0180,118.43411865124476,,,,,,8.881378260869566
3HAD120_num2,b0954,126.88473466186872,,,,,,8.881378260869566
3HAD121_num1,b0954,126.88473466186872,,,,,,
3HAD121_num2,b0180,118.43411865124476,,,,,,
3HAD140_num1,b0954,126.88473466186872,,,,,,8.881378260869566
3HAD140_num2,b0180,118.43411865124476,,,,,,8.881378260869566
3HAD141_num1,b0954,126.88473466186872,,,,,,
3HAD141_num2,b0180,118.43411865124476,,,,,,
3HAD160_num1,b0954,126.88473466186872,,,,,,8.881378260869566
3HAD160_num2,b0180,118.43411865124476,,,,,,8.881378260869566
3HAD161_num1,b0954,126.88473466186872,,,,,,
3HAD161_num2,b0180,118.43411865124476,,,,,,
3HAD180_num1,b0954,126.88473466186872,,,,,,
3HAD180_num2,b0180,118.43411865124476,,,,,,
3HAD181_num1,b0954,126.88473466186872,,,,,,
3HAD181_num2,b0180,118.43411865124476,,,,,,
3HAD40_num1,b0954,126.88473466186872,,,,,,
3HAD40_num2,b0180,118.43411865124476,,,,,,
3HAD60_num1,b0954,126.88473466186872,,,,,,8.881378260869566
3HAD60_num2,b0180,118.43411865124476,,,,,,8.881378260869566
3HAD80_num1,b0954,126.88473466186872,,,,,,8.881378260869566
3HAD80_num2,b0180,118.43411865124476,,,,,,8.881378260869566
3HBZCT,b0597,149.80799644754114,2.6448,,5.811877250671387,10.400376497266745,,112645.641475366
3HCINNMH,b0347,128.2406734749161,3.0367,1.2820866,3.87712025642395,1.3423129350260046,0.691,
3HPADHi,b1300,149.80799644754114,0.4232,15.971897,16.749155044555664,2.273522705767711,,112645.641475366
3HPPPNH,b0347,128.2406734749161,1.3298,1.3805982,3.87712025642395,7.228125235384933,0.691,
3HPPtex_num1,b2215,96.2904209055866,,,,,,112645.641475366
3HPPtex_num2,b1377,96.2904209055866,,,,,,112645.641475366
3HPPtex_num3,b0929,94.8168,,,,,,112645.641475366
3HPPtex_num4,b0241,33.2825,,,,,,112645.641475366
3HPPtex_reverse_num1,b2215,96.2904209055866,,,,,,112645.641475366
3HPPtex_reverse_num2,b1377,96.2904209055866,,,,,,112645.641475366
3HPPtex_reverse_num3,b0929,94.8168,,,,,,112645.641475366
3HPPtex_reverse_num4,b0241,33.2825,,,,,,112645.641475366
3KGK,b3580,178.0,12.0658,17.46019,69.82032775878906,5.688412376681967,,
3NTD2pp_num1,b4213,159.51534075283124,51.8008,27.363518,216.69186401367188,20.83005914936328,27.41375,
3NTD2pp_num2,b0383,205.72000000000008,,5.527949,94.15534973144533,20.83005914936328,27.41375,
3NTD4pp_num1,b0383,205.72000000000008,8.5149,8.249526,91.3937530517578,20.83005914936328,27.41375,
3NTD4pp_num2,b4213,159.51534075283124,,60.097664,210.33624267578125,18.05149927356397,27.41375,
3NTD4pp_num3,b2744,117.63095515668913,,8.742382,147.21669006347656,20.83005914936328,27.41375,
3NTD7pp_num1,b4213,159.51534075283124,3.9633,84.48002,204.1670379638672,20.83005914936328,27.41375,
3NTD7pp_num2,b0383,205.72000000000008,,12.688785,86.1112060546875,18.05149927356397,27.41375,
3NTD9pp_num1,b4213,159.51534075283124,0.0423,53.831303,151.6005401611328,20.83005914936328,27.41375,
3NTD9pp_num2,b0383,205.72000000000008,,9.118119,74.20227813720703,20.83005914936328,27.41375,
3OAR100,b1093,136.71153247522938,3.9,,48.10326766967773,2.929298538756969,0.59,
3OAR100_reverse,b1093,136.71153247522938,2.2495,,61.53378677368164,3.653492800559781,0.59,
3OAR120,b1093,136.71153247522938,1.6686,,48.10326766967773,3.842358408537775,0.59,
3OAR120_reverse,b1093,136.71153247522938,1.9392,,61.53378677368164,10.397610637812583,0.59,
3OAR121,b1093,136.71153247522938,0.4779,,48.10326766967773,4.04186287809693,0.59,
3OAR140,b1093,136.71153247522938,22.3204,,48.10326766967773,4.276039907119107,0.59,
3OAR140_reverse,b1093,136.71153247522938,2.3523,,61.53378677368164,7.552988127207209,0.59,
3OAR141,b1093,136.71153247522938,26.6302,,48.10326766967773,3.370329247802288,0.59,
3OAR160,b1093,136.71153247522938,58.6145,,48.10326766967773,1.1124517833873355,0.59,
3OAR160_reverse,b1093,136.71153247522938,1.716,,61.53378677368164,20.841183569207764,0.59,
3OAR161,b1093,136.71153247522938,56.8169,,48.10326766967773,10.475654966689731,0.59,
3OAR180,b1093,136.71153247522938,9.8469,,48.10326766967773,5.160646713364276,0.59,
3OAR180_reverse,b1093,136.71153247522938,71.8765,,61.53378677368164,3.0651438472701296,0.59,
3OAR181,b1093,136.71153247522938,128.5811,,48.10326766967773,17.527193281992982,0.59,
3OAR40,b1093,136.71153247522938,12.2147,,48.10326766967773,23.20984801412347,0.59,
3OAR40_reverse,b1093,136.71153247522938,1.7251,,61.53378677368164,0.0265707957806125,0.59,
3OAR60,b1093,136.71153247522938,2.2729,,48.10326766967773,1.873480710504212,0.59,
3OAR60_reverse,b1093,136.71153247522938,1.761,,61.53378677368164,4.126232577709164,0.59,
3OAR80,b1093,136.71153247522938,2.8858,,48.10326766967773,1.4545002766521131,0.59,
3OAR80_reverse,b1093,136.71153247522938,1.4637,,61.53378677368164,3.653492800559781,0.59,
3OAS100_num1,b2323,125.69922461667636,22.6805,,6.918361663818359,5.770470497209467,,
3OAS100_num2,b1095,120.7983675600902,,,8.468523979187012,2.83415341835266,,
3OAS120_num1,b1095,120.7983675600902,65.0997,,8.468523979187012,6.875121780834266,,
3OAS120_num2,b2323,125.69922461667636,,,6.918361663818359,2.4122784867804152,,
3OAS121,b2323,125.69922461667636,11.0078,,6.918361663818359,7.897718004824455,0.0577499999999999,
3OAS140_num1,b2323,125.69922461667636,8.1977,,6.918361663818359,2.7304914725608933,,
3OAS140_num2,b1095,120.7983675600902,,,8.468523979187012,4.201952486334633,,
3OAS141,b2323,125.69922461667636,39.3197,,6.918361663818359,2.177845051255175,0.0577499999999999,
3OAS160_num1,b2323,125.69922461667636,2.9056,,6.918361663818359,6.245464574809021,,
3OAS160_num2,b1095,120.7983675600902,,,8.468523979187012,3.709008719383553,,
3OAS161,b2323,125.69922461667636,82.3219,,6.918361663818359,5.837987692151454,0.0577499999999999,
3OAS180_num1,b1095,120.7983675600902,64.2202,,8.468523979187012,3.095314723399571,0.0577499999999999,
3OAS180_num2,b2323,125.69922461667636,,,6.918361663818359,4.588231538118686,0.0577499999999999,
3OAS181,b1095,120.7983675600902,2.4441,,8.468523979187012,6.960383956781024,0.029,
3OAS60_num1,b1095,120.7983675600902,29.3964,,8.468523979187012,6.481120339900238,,
3OAS60_num2,b2323,125.69922461667636,,,6.918361663818359,8.724466117339635,,
3OAS80_num1,b2323,125.69922461667636,75.7131,,6.918361663818359,14.343182163764258,,
3OAS80_num2,b1095,120.7983675600902,,,8.468523979187012,7.672849549603623,,
3OXCOAT,b1397,118.43411865124476,8.617,4.5254292,9.320162773132324,3.0651438472701296,352625.4108333333,
3PEPTabcpp_num1,b2178 and b2177 and b2180 and b2179,97.76404181117316,17.011,,8.060506820678711,11.334694813446427,,112645.641475366
3PEPTabcpp_num2,b1329 and b1247 and b1245 and b1244 and b1246,120.50274604186052,,,9.22691535949707,6.7859805272721,,112645.641475366
3PEPTabcpp_num3,b1244 and b1247 and b1245 and b1246 and b1243,120.42138255624845,,,9.22691535949707,6.7859805272721,,112645.641475366
3PEPTtex_num1,b1377,96.2904209055866,,,,,,112645.641475366
3PEPTtex_num2,b0241,33.2825,,,,,,112645.641475366
3PEPTtex_num3,b0929,94.8168,,,,,,112645.641475366
3PEPTtex_num4,b2215,96.2904209055866,,,,,,112645.641475366
3PEPTtex_reverse_num1,b1377,96.2904209055866,,,,,,112645.641475366
3PEPTtex_reverse_num2,b0241,33.2825,,,,,,112645.641475366
3PEPTtex_reverse_num3,b0929,94.8168,,,,,,112645.641475366
3PEPTtex_reverse_num4,b2215,96.2904209055866,,,,,,112645.641475366
3SLAR,b3882,130.15983707102805,11.2671,,222.9801177978516,8.375467515442104,,112645.641475366
3UMPtex_num1,b1377,96.2904209055866,,,,,,112645.641475366
3UMPtex_num2,b0241,33.2825,,,,,,112645.641475366
3UMPtex_num3,b0929,94.8168,,,,,,112645.641475366
3UMPtex_num4,b2215,96.2904209055866,,,,,,112645.641475366
3UMPtex_reverse_num1,b1377,96.2904209055866,,,,,,112645.641475366
3UMPtex_reverse_num2,b0241,33.2825,,,,,,112645.641475366
3UMPtex_reverse_num3,b0929,94.8168,,,,,,112645.641475366
3UMPtex_reverse_num4,b2215,96.2904209055866,,,,,,112645.641475366
42A12BOOXpp,b1386,169.22268505812133,2.749,31.535576,10.40248680114746,13.543588217899387,30938.966666666667,
4ABZGLUH,b1337 and b1338,130.15983707102805,74.5526,,8.90823745727539,9.685838815944882,,112645.641475366
4ABZGLUH_reverse,b1337 and b1338,130.15983707102805,14.1972,25.294153,7.908206939697266,8.735721749952106,,112645.641475366
4ABZGLUtex_num1,b2215,96.2904209055866,,,,,,112645.641475366
4ABZGLUtex_num2,b0241,33.2825,,,,,,112645.641475366
4ABZGLUtex_num3,b1377,96.2904209055866,,,,,,112645.641475366
4ABZGLUtex_num4,b0929,94.8168,,,,,,112645.641475366
4ABZGLUtex_reverse_num1,b2215,96.2904209055866,,,,,,112645.641475366
4ABZGLUtex_reverse_num2,b0241,33.2825,,,,,,112645.641475366
4ABZGLUtex_reverse_num3,b1377,96.2904209055866,,,,,,112645.641475366
4ABZGLUtex_reverse_num4,b0929,94.8168,,,,,,112645.641475366
4ABZGLUtr,b1336,23.0,72.0373,,11.683470726013184,2.49260093430609,,112645.641475366
4ABZGLUtr_reverse,b1336,23.0,7.9521,,11.683470726013184,2.458310668233155,,112645.641475366
4HBZt3pp,b3240 and b3241,207.78250892732828,2.6333,0.9058999,23.2384033203125,4.423306762159818,,112645.641475366
4HOXPACDtex_num1,b1377,96.2904209055866,,,,,,112645.641475366
4HOXPACDtex_num2,b0241,33.2825,,,,,,112645.641475366
4HOXPACDtex_num3,b0929,94.8168,,,,,,112645.641475366
4HOXPACDtex_num4,b2215,96.2904209055866,,,,,,112645.641475366
4HOXPACDtex_reverse_num1,b1377,96.2904209055866,,,,,,112645.641475366
4HOXPACDtex_reverse_num2,b0241,33.2825,,,,,,112645.641475366
4HOXPACDtex_reverse_num3,b0929,94.8168,,,,,,112645.641475366
4HOXPACDtex_reverse_num4,b2215,96.2904209055866,,,,,,112645.641475366
4HTHRA,b0870,115.69288473855748,,,,,,112645.641475366
4HTHRA_reverse,b0870,115.69288473855748,11.2145,2.4719822,17.776649475097656,8.904353075217367,,112645.641475366
4HTHRK,b0003,121.23861216232469,7.5308,1.6856856,3.173168182373047,1.085823384955939,,
4PCP,b1192,136.2454183611817,3.7552,,2.279223680496216,12.544101452368947,,112645.641475366
4PCPpp,b2175,97.76404181117316,9.0659,,4.635335445404053,3.8937879056085154,,112645.641475366
4PEPTabcpp_num1,b1245 and b1247 and b1243 and b1244 and b1246,120.42138255624845,12.9585,,9.22691535949707,5.628355577673853,,112645.641475366
4PEPTabcpp_num2,b2178 and b2177 and b2180 and b2179,97.76404181117316,,,8.060506820678711,5.160646713364276,,112645.641475366
4PEPTtex_num1,b1377,96.2904209055866,,,,,,112645.641475366
4PEPTtex_num2,b0241,33.2825,,,,,,112645.641475366
4PEPTtex_num3,b0929,94.8168,,,,,,112645.641475366
4PEPTtex_num4,b2215,96.2904209055866,,,,,,112645.641475366
4PEPTtex_reverse_num1,b1377,96.2904209055866,,,,,,112645.641475366
4PEPTtex_reverse_num2,b0241,33.2825,,,,,,112645.641475366
4PEPTtex_reverse_num3,b0929,94.8168,,,,,,112645.641475366
4PEPTtex_reverse_num4,b2215,96.2904209055866,,,,,,112645.641475366
5DGLCNR,b4266,130.15983707102805,1.1866,4.0644073,12.992997169494627,3.2749292691771887,,3.7
5DGLCNt2rpp,b4265,23.0,4.6607,1.6069727,34.219730377197266,3.0734277155319725,,112645.641475366
5DGLCNt2rpp_reverse,b4265,23.0,257.8824,1.6069727,34.219730377197266,12.152238088271714,,112645.641475366
5DGLCNtex_num1,b0929,94.8168,,,,,,112645.641475366
5DGLCNtex_num2,b1377,96.2904209055866,,,,,,112645.641475366
5DGLCNtex_num3,b0241,33.2825,,,,,,112645.641475366
5DGLCNtex_num4,b2215,96.2904209055866,,,,,,112645.641475366
5DGLCNtex_reverse_num1,b0929,94.8168,,,,,,112645.641475366
5DGLCNtex_reverse_num2,b1377,96.2904209055866,,,,,,112645.641475366
5DGLCNtex_reverse_num3,b0241,33.2825,,,,,,112645.641475366
5DGLCNtex_reverse_num4,b2215,96.2904209055866,,,,,,112645.641475366
5DKGR_num1,b2842,160.70234805267864,8.2556,21.346954,24.00439453125,7.850236933904516,,112645.641475366
5DKGR_num2,b4266,130.15983707102805,,8.070132,34.779266357421875,5.265135685472943,,112645.641475366
5DKGR_reverse_num1,b2842,160.70234805267864,8.0888,9.065246,15.95155906677246,11.424475857554716,,112645.641475366
5DKGR_reverse_num2,b4266,130.15983707102805,,4.0644016,18.613250732421875,,,112645.641475366
5DOAN,b0159,136.2454183611817,13.3289,1.8322498,7.724186897277832,3.842358408537775,,112645.641475366
5MTRtex_num1,b2215,96.2904209055866,,,,,,112645.641475366
5MTRtex_num2,b1377,96.2904209055866,,,,,,112645.641475366
5MTRtex_num3,b0929,94.8168,,,,,,112645.641475366
5MTRtex_num4,b0241,33.2825,,,,,,112645.641475366
5MTRtex_reverse_num1,b2215,96.2904209055866,,,,,,112645.641475366
5MTRtex_reverse_num2,b1377,96.2904209055866,,,,,,112645.641475366
5MTRtex_reverse_num3,b0929,94.8168,,,,,,112645.641475366
5MTRtex_reverse_num4,b0241,33.2825,,,,,,112645.641475366
6D6SFK,b3883,123.60963225270936,33.9735,,31.38056182861328,2.639431640590787,,112645.641475366
6D6SPA,b3881,121.23861216232469,,,,,,112645.641475366
A5PISO_num1,b3197,151.18324760891227,,,,,131.625,
A5PISO_num2,b2708,152.5584987702834,,,,,131.625,
A5PISO_reverse_num1,b3197,151.18324760891227,,,,,131.625,
A5PISO_reverse_num2,b2708,152.5584987702834,,,,,131.625,
AACPS1,b1094 and b2836,88.54447098981994,71.8556,,6.619389533996582,6.47591517554057,536.41225,
AACPS2,b1094 and b2836,88.54447098981994,16.381,,6.619389533996582,6.47591517554057,536.41225,
AACPS3,b1094 and b2836,88.54447098981994,13.2082,5.5366206,6.619389533996582,6.47591517554057,536.41225,
AACPS4,b2836 and b1094,88.54447098981994,10.5404,,6.619389533996582,6.47591517554057,,112645.641475366
AACPS5,b1094 and b2836,88.54447098981994,18.8696,1.8770452,6.425242424011231,29.39165891366132,,112645.641475366
AACPS6,b1094 and b2836,88.54447098981994,13.5919,1.9625669,6.425242424011231,4.426404866202988,536.41225,
AACPS7,b1094 and b2836,88.54447098981994,18.2509,,6.619389533996582,1.8884335437600968,,
AACPS8,b1094 and b2836,88.54447098981994,2.6877,,6.619389533996582,7.245558719549327,536.41225,
AACPS9,b1094 and b2836,88.54447098981994,4.8499,1.656475,6.619389533996582,33.66240634310002,,
AADDGT,b4481,121.20698236312832,0.3864,0.3481692,1.5873920917510986,3.0457057983295,,
AAMYL,b1927,207.78250892732828,,,,,,112645.641475366
AAMYLpp,b3571,207.78250892732828,,,,,,112645.641475366
AB6PGH_num1,b3721,197.70251011777788,5.4892,8.138813,16.272146224975586,0.55443644863912,36.5,
AB6PGH_num2,b2901,159.765,0.5701,3.8667903,37.41640472412109,11.925618662439843,36.5,
AB6PGH_num3,b2716,178.50306567333342,2.9083,4.775214,63.9403190612793,11.925618662439843,36.5,
ABTA_num1,b2662,123.77764512125492,159.5296,16.069746,9.956698417663574,7.228125235384933,47.4,
ABTA_num2,b1302,126.3166780801852,12.0603,11.926295,8.200081825256348,4.3269544586335424,47.4,
ABUTD,b1444,143.25976446138526,1.2863,17.343355,19.40299224853516,5.871081732760222,6.6666665,
ABUTt2pp,b2663,27.0,22.4946,23.428188,20.63138771057129,0.361033711661598,,112645.641475366
ABUTtex_num1,b1377,96.2904209055866,,,,,,112645.641475366
ABUTtex_num2,b0241,33.2825,,,,,,112645.641475366
ABUTtex_num3,b0929,94.8168,,,,,,112645.641475366
ABUTtex_num4,b2215,96.2904209055866,,,,,,112645.641475366
ABUTtex_reverse_num1,b1377,96.2904209055866,,,,,,112645.641475366
ABUTtex_reverse_num2,b0241,33.2825,,,,,,112645.641475366
ABUTtex_reverse_num3,b0929,94.8168,,,,,,112645.641475366
ABUTtex_reverse_num4,b2215,96.2904209055866,,,,,,112645.641475366
ACACCT_num1,b2222 and b2221,121.20698236312832,41.116,1.3027978,18.165882110595703,16.10528181133384,,290.0
ACACCT_num2,b1694,123.60963225270936,2.4864,2.6782768,15.8236083984375,180.06711306374774,,290.0
ACACT1r_num1,b2342,155.2551722501099,,,,,6.5,
ACACT1r_num2,b2224,121.175352563932,,,,,6.5,
ACACT1r_num3,b3845,121.175352563932,,,,,6.5,
ACACT1r_reverse_num1,b2342,155.2551722501099,9.9515,2.284625,2.023359775543213,5.265135685472943,6.5,
ACACT1r_reverse_num2,b2224,121.175352563932,,16.836685,1.509984254837036,8.135649937618254,6.5,
ACACT1r_reverse_num3,b3845,121.175352563932,,2.2683322,1.8719842433929443,10.400376497266745,6.5,
ACACT2r_num1,b2342,155.2551722501099,19.1235,5.3184805,3.562162399291992,8.509523323516037,,6.5
ACACT2r_num2,b3845,121.175352563932,,7.2421074,5.802068710327148,9.92097487648947,,6.5
ACACT2r_reverse_num1,b2342,155.2551722501099,3.6618,2.6131597,5.245456218719482,7.677819618581422,,6.5
ACACT2r_reverse_num2,b3845,121.175352563932,,3.6607997,9.067953109741213,9.685838815944882,,6.5
ACACT8r_num1,b2342,155.2551722501099,15.8865,0.75112265,4.520028114318848,10.397610637812583,,112645.641475366
ACACT8r_num2,b3845,121.175352563932,,1.3185936,6.344072818756104,3.5556925393700345,,112645.641475366
ACACt2pp,b2223,23.0,93.3914,7.0292006,25.15697860717773,9.92097487648947,,112645.641475366
ACACt2pp_reverse,b2223,23.0,5.2081,7.0292006,25.15697860717773,10.266892479485463,,112645.641475366
ACACtex_num1,b1377,96.2904209055866,,,,,,112645.641475366
ACACtex_num2,b0241,33.2825,,,,,,112645.641475366
ACACtex_num3,b0929,94.8168,,,,,,112645.641475366
ACACtex_num4,b2215,96.2904209055866,,,,,,112645.641475366
ACACtex_reverse_num1,b1377,96.2904209055866,,,,,,112645.641475366
ACACtex_reverse_num2,b0241,33.2825,,,,,,112645.641475366
ACACtex_reverse_num3,b0929,94.8168,,,,,,112645.641475366
ACACtex_reverse_num4,b2215,96.2904209055866,,,,,,112645.641475366
ACALD_num1,b0351,130.15983707102805,19.6093,11.853232,12.325372695922852,11.424475857554716,,15.7
ACALD_num2,b1241,122.42412220751704,16.9203,40.368023,12.978297233581545,6.41530114666154,,15.7
ACALD_reverse_num1,b0351,130.15983707102805,3.1262,3.1434317,8.672229766845703,9.490631515381825,,15.7
ACALD_reverse_num2,b1241,122.42412220751704,,15.741514,11.869495391845703,7.494230452223806,,15.7
ACALDtex_num1,b1377,96.2904209055866,,,,,,112645.641475366
ACALDtex_num2,b0241,33.2825,,,,,,112645.641475366
ACALDtex_num3,b0929,94.8168,,,,,,112645.641475366
ACALDtex_num4,b2215,96.2904209055866,,,,,,112645.641475366
ACALDtex_reverse_num1,b1377,96.2904209055866,,,,,,112645.641475366
ACALDtex_reverse_num2,b0241,33.2825,,,,,,112645.641475366
ACALDtex_reverse_num3,b0929,94.8168,,,,,,112645.641475366
ACALDtex_reverse_num4,b2215,96.2904209055866,,,,,,112645.641475366
ACANTHAT,b1463,217.1028613676441,17.1156,2.794544,2.163898468017578,1.4330536873499606,,112645.641475366
ACBIPGT,b1993,123.60963225270936,1.3027,,,3.3432434028960154,,2.0895
ACCOAC,b3256 and b2316 and b3255 and b0185,120.50274604186052,147.2453,8.438788,6.103725910186768,14.530183055053186,,9.260777777777776
ACCOAL_num1,b4069,98.01796506366396,0.6358,,47.2357292175293,33.66240634310002,,137.4857142857143
ACCOAL_num2,b0335,115.69288473855748,,,4.6655097007751465,2.459055654015251,,137.4857142857143
ACGAL1Ptex_num1,b1377,96.2904209055866,,,,,,112645.641475366
ACGAL1Ptex_num2,b0241,33.2825,,,,,,112645.641475366
ACGAL1Ptex_num3,b0929,94.8168,,,,,,112645.641475366
ACGAL1Ptex_num4,b2215,96.2904209055866,,,,,,112645.641475366
ACGAL1Ptex_reverse_num1,b1377,96.2904209055866,,,,,,112645.641475366
ACGAL1Ptex_reverse_num2,b0241,33.2825,,,,,,112645.641475366
ACGAL1Ptex_reverse_num3,b0929,94.8168,,,,,,112645.641475366
ACGAL1Ptex_reverse_num4,b2215,96.2904209055866,,,,,,112645.641475366
ACGALtex_num1,b1377,96.2904209055866,,,,,,112645.641475366
ACGALtex_num2,b0241,33.2825,,,,,,112645.641475366
ACGALtex_num3,b0929,94.8168,,,,,,112645.641475366
ACGALtex_num4,b2215,96.2904209055866,,,,,,112645.641475366
ACGALtex_reverse_num1,b1377,96.2904209055866,,,,,,112645.641475366
ACGALtex_reverse_num2,b0241,33.2825,,,,,,112645.641475366
ACGALtex_reverse_num3,b0929,94.8168,,,,,,112645.641475366
ACGALtex_reverse_num4,b2215,96.2904209055866,,,,,,112645.641475366
ACGAM1Ptex_num1,b1377,96.2904209055866,,,,,,112645.641475366
ACGAM1Ptex_num2,b0241,33.2825,,,,,,112645.641475366
ACGAM1Ptex_num3,b0929,94.8168,,,,,,112645.641475366
ACGAM1Ptex_num4,b2215,96.2904209055866,,,,,,112645.641475366
ACGAM1Ptex_reverse_num1,b1377,96.2904209055866,,,,,,112645.641475366
ACGAM1Ptex_reverse_num2,b0241,33.2825,,,,,,112645.641475366
ACGAM1Ptex_reverse_num3,b0929,94.8168,,,,,,112645.641475366
ACGAM1Ptex_reverse_num4,b2215,96.2904209055866,,,,,,112645.641475366
ACGAMK,b1119,129.20025527297207,3.9549,2.3996825,8.194817543029785,3.7555663346331047,6960.746593888888,
ACGAMT,b3784,115.83646287246222,1.2302,1.8122653,0.981602907180786,57.063283581709584,,112645.641475366
ACGAptspp_num1,b2415 and b2416 and b2417 and b1101,189.6850202355557,18.7736,3.6469963,2.700984001159668,20.83005914936328,,112645.641475366
ACGAptspp_num2,b2416 and b2415 and b0679,160.70234805267864,,0.96225995,10.53089427947998,18.05149927356397,,112645.641475366
ACGAtex_num1,b1377,96.2904209055866,,,,,,112645.641475366
ACGAtex_num2,b0241,33.2825,,,,,,112645.641475366
ACGAtex_num3,b0929,94.8168,,,,,,112645.641475366
ACGAtex_num4,b2215,96.2904209055866,,,,,,112645.641475366
ACGAtex_reverse_num1,b1377,96.2904209055866,,,,,,112645.641475366
ACGAtex_reverse_num2,b0241,33.2825,,,,,,112645.641475366
ACGAtex_reverse_num3,b0929,94.8168,,,,,,112645.641475366
ACGAtex_reverse_num4,b2215,96.2904209055866,,,,,,112645.641475366
ACGK,b3959,121.175352563932,0.0217,13.4864855,33.35515594482422,3.0734277155319725,452458.44,
ACGS,b2818,119.0261688564688,122.9587,12.940303,2.442931890487671,5.604077151560538,230708.15166666667,
ACHBS_num1,b3670 and b3671,121.23861216232469,372541.5801,9.927865,19.437274932861328,6.029423425870919,38.82857142857143,
ACHBS_num2,b0077 and b0078,122.42412220751704,6.7642,4.431974,14.868906021118164,33.66240634310002,38.82857142857143,
ACKr_num1,b1849,115.69288473855748,0.1074,1.9568928,8.91225528717041,6.332120906841956,972.5555555555557,
ACKr_num2,b2296,164.9625165554,1.6836,710.003,622.01904296875,3.0734277155319725,972.5555555555557,
ACKr_num3,b3115,205.72000000000008,4.2556,173.4485,100.1721420288086,3.0734277155319725,972.5555555555557,
ACKr_reverse_num1,b1849,115.69288473855748,12.9585,3.1145103,13.520289421081545,3.1593777329690544,972.5555555555557,
ACKr_reverse_num2,b2296,164.9625165554,,399.11172,573.4232788085938,4.225192656758105,972.5555555555557,
ACKr_reverse_num3,b3115,205.72000000000008,,178.73581,106.31729888916016,9.97132066852643,972.5555555555557,
ACLS_num1,b0077 and b0078,122.42412220751704,12.1038,4.431974,14.4327974319458,5.265135685472943,44.75,
ACLS_num2,b3670 and b3671,121.23861216232469,1.9639,9.927865,18.313796997070312,5.265135685472943,44.75,
ACM6PH,b2428,197.70251011777788,14.8869,8.5214615,9.72230052947998,4.081238336148046,5.7,
ACMAMUT,b3794,149.80799644754114,294.3155,0.16618271,1.855401635169983,2.6182351976628384,,
ACMANAptspp,b1817 and b1818 and b2415 and b2416 and b1819,152.62479040685164,26.4669,0.96225995,3.997735738754273,20.83005914936328,,112645.641475366
ACMANAtex_num1,b0929,94.8168,,,,,,112645.641475366
ACMANAtex_num2,b2215,96.2904209055866,,,,,,112645.641475366
ACMANAtex_num3,b0241,33.2825,,,,,,112645.641475366
ACMANAtex_num4,b1377,96.2904209055866,,,,,,112645.641475366
ACMANAtex_reverse_num1,b0929,94.8168,,,,,,112645.641475366
ACMANAtex_reverse_num2,b2215,96.2904209055866,,,,,,112645.641475366
ACMANAtex_reverse_num3,b0241,33.2825,,,,,,112645.641475366
ACMANAtex_reverse_num4,b1377,96.2904209055866,,,,,,112645.641475366
ACMUMptspp,b2415 and b2417 and b2416 and b2429,158.9366175174943,185.3798,0.96225995,2.5448668003082275,10.397610637812583,,112645.641475366
ACMUMtex_num1,b1377,96.2904209055866,,,,,,112645.641475366
ACMUMtex_num2,b0241,33.2825,,,,,,112645.641475366
ACMUMtex_num3,b0929,94.8168,,,,,,112645.641475366
ACMUMtex_num4,b2215,96.2904209055866,,,,,,112645.641475366
ACNAMt2pp,b3224,25.0,20.7493,1.2337694,31.29756736755371,2.4122784867804152,,112645.641475366
ACNAMtex_num1,b0929,94.8168,,,,,,112645.641475366
ACNAMtex_num2,b4311,94.8168,,,,,,112645.641475366
ACNAMtex_num3,b2215,96.2904209055866,,,,,,112645.641475366
ACNAMtex_reverse_num1,b0929,94.8168,,,,,,112645.641475366
ACNAMtex_reverse_num2,b4311,94.8168,,,,,,112645.641475366
ACNAMtex_reverse_num3,b2215,96.2904209055866,,,,,,112645.641475366
ACNML,b3225,130.15983707102805,,,,,6.75,
ACOAD1f,b0221,133.20262771610487,20.7493,2.658333,2.0676629543304443,6.650623021769937,,0.77577
ACOAD1fr,b1695,115.69288473855742,5.3362,2.6413722,2.5397496223449707,1.6844506565180326,,112645.641475366
ACOATA,b1094 and b1091,97.76404181117316,46.734,0.23716322,13.033391952514648,31.742121195274308,5955.733466666667,
ACOATA_reverse,b1094 and b1091,97.76404181117316,27.5611,,17.297603607177734,6.154294957250831,5955.733466666667,
ACODA,b3957,137.02402725167997,12.475,26.042479,15.10123348236084,2.660314976296722,1225.5384615384614,
ACOLIPAabctex,b0054 and b3201 and b4261 and b4262 and b3199 and b3200 and b0641,101.0,1410.0874,0.8271875,7.871926307678223,33.81246352611123,,112645.641475366
ACONMT,b1519,149.80799644754114,12.9585,0.14422256,0.3494060635566711,10.397610637812583,,
ACONTa_num1,b0118,117.94906666660007,,,,,,5.3
ACONTa_num2,b1276,121.20698236312832,,,,,,5.3
ACONTa_reverse_num1,b0118,117.94906666660007,4.6966,13.535379,26.967998504638672,7.860189042422557,,5.3
ACONTa_reverse_num2,b1276,121.20698236312832,,30.484821,10.048095703125,5.265135685472943,,5.3
ACONTb_num1,b0118,117.94906666660007,61.5533,13.535379,40.91169738769531,0.975075507865022,,202.78
ACONTb_num2,b1276,121.20698236312832,,30.484821,15.24342155456543,10.475654966689731,,202.78
ACONTb_reverse_num1,b0118,117.94906666660007,,,,,,202.78
ACONTb_reverse_num2,b1276,121.20698236312832,,,,,,202.78
ACOTA_num1,b2662,123.77764512125492,13.0108,16.069746,8.838970184326172,7.228125235384933,,1.55
ACOTA_num2,b1748,126.3166780801852,,33.98154,2.843019723892212,8.578554053307505,,1.55
ACOTA_num3,b3359,121.20698236312832,,24.126566,2.984960556030273,8.578554053307505,,1.55
ACOTA_num4,b1302,126.3166780801852,,11.926295,7.959572792053223,8.578554053307505,,1.55
ACOTA_reverse_num1,b2662,123.77764512125492,37.1174,21.907267,13.015828132629396,16.10528181133384,,1.55
ACOTA_reverse_num2,b1748,126.3166780801852,,32.606434,5.005184173583984,5.482138024465373,,1.55
ACOTA_reverse_num3,b3359,121.20698236312832,,25.73107,5.10094165802002,7.198881129148654,,1.55
ACOTA_reverse_num4,b1302,126.3166780801852,,11.467412,9.803670883178713,10.285457757985752,,1.55
ACOXT,b2371,136.71153247522938,14.1992,34.947117,10.343769073486328,7.020495826429408,,112645.641475366
ACOXT_reverse,b2371,136.71153247522938,1.4239,5.6725936,12.43678379058838,4.810772528691261,,112645.641475366
ACP1_FMN_num1,b0446,173.42795360893282,5.2858,,5.076630592346191,8.735721749952106,7.95,
ACP1_FMN_num2,b3812,127.45531181646874,10.8279,,1.6923975944519043,5.265135685472943,7.95,
ACP1_FMN_num3,b0844,158.9366175174943,24.5001,,14.72575569152832,6.114933958500958,7.95,
ACP1p,b0383,205.72000000000008,2.5741,,43.80556869506836,1.122388381894457,,112645.641475366
ACPPAT120,b1094 and b1090,97.46316781454354,4.9587,,19.48497772216797,7.228125235384933,,112645.641475366
ACPPAT140,b1094 and b1090,97.46316781454354,1068.0464,,19.48497772216797,7.412650165523958,,112645.641475366
ACPPAT141,b1094 and b1090,97.46316781454354,5.9224,,19.48497772216797,5.1247908014386265,,112645.641475366
ACPPAT160,b1094 and b1090,97.46316781454354,0.9037,,19.48497772216797,2.6761024502934845,,112645.641475366
ACPPAT161,b1094 and b1090,97.46316781454354,5.5007,,19.48497772216797,1.3773040973186208,,112645.641475366
ACPPAT180,b1094 and b1090,97.46316781454354,11.1246,,19.48497772216797,1.3773040973186208,,112645.641475366
ACPPAT181,b1094 and b1090,97.46316781454354,32.7124,,19.48497772216797,5.267713136932461,,112645.641475366
ACPS1_num1,b2563,205.72000000000008,0.3718,,6.336810111999512,6.9899481650584585,1.0,
ACPS1_num2,b3475,153.48944171492553,,,2.7518832683563232,10.400376497266745,1.0,
ACS,b4069,98.01796506366396,3.312,18.561918,65.53661346435547,6.332120906841956,,930.6181818181818
ACSERtex_num1,b0241,33.2825,,,,,,112645.641475366
ACSERtex_num2,b1377,96.2904209055866,,,,,,112645.641475366
ACSERtex_num3,b2215,96.2904209055866,,,,,,112645.641475366
ACSERtex_num4,b0929,94.8168,,,,,,112645.641475366
ACSERtex_reverse_num1,b0241,33.2825,,,,,,112645.641475366
ACSERtex_reverse_num2,b1377,96.2904209055866,,,,,,112645.641475366
ACSERtex_reverse_num3,b2215,96.2904209055866,,,,,,112645.641475366
ACSERtex_reverse_num4,b0929,94.8168,,,,,,112645.641475366
ACSERtpp_num1,b2578,23.0,,,,,,112645.641475366
ACSERtpp_num2,b1533,33.2825,,,,,,112645.641475366
ACt2rpp,b0010,92.71685493840006,50.7571,77.50531,70.36267852783203,6.332120906841956,,112645.641475366
ACt2rpp_reverse,b0010,92.71685493840006,2.5832,77.50531,70.36267852783203,10.285457757985752,,112645.641475366
ACt4pp,b4067,28.14125,0.3617,3.7595353,22.610332489013672,1.82702468603913,,112645.641475366
ACtex_num1,b1377,96.2904209055866,,,,,,112645.641475366
ACtex_num2,b0241,33.2825,,,,,,112645.641475366
ACtex_num3,b0929,94.8168,,,,,,112645.641475366
ACtex_num4,b2215,96.2904209055866,,,,,,112645.641475366
ACtex_reverse_num1,b1377,96.2904209055866,,,,,,112645.641475366
ACtex_reverse_num2,b0241,33.2825,,,,,,112645.641475366
ACtex_reverse_num3,b0929,94.8168,,,,,,112645.641475366
ACtex_reverse_num4,b2215,96.2904209055866,,,,,,112645.641475366
ADA,b1623,126.88473466186872,4.0152,1.8630158,10.602142333984377,2.7021429464568483,168032.81666666668,
ADCL_num1,b1096,126.3166780801852,,,,,,
ADCL_num2,b4039,136.71153247522938,,,,,,
ADCS,b1812 and b3360,115.69288473855744,19.8006,10.505885,25.34518051147461,6.9899481650584585,0.4131591428571429,
ADD,b3665,136.47847541820553,61.1872,0.33780086,24.66509056091309,4.074876182746937,141.2,
ADEt2rpp_num1,b3714,23.0,0.1835,3.33677,43.42146682739258,2.660314976296722,,112645.641475366
ADEt2rpp_num2,b3654,23.0,,2.1516259,35.36833572387695,2.1115375790563813,,112645.641475366
ADEt2rpp_num3,b3664,23.0,,2.2449386,26.88867950439453,10.285457757985752,,112645.641475366
ADEt2rpp_reverse_num1,b3714,23.0,58.4269,3.33677,43.42146682739258,3.534094500819971,,112645.641475366
ADEt2rpp_reverse_num2,b3654,23.0,,2.1516259,35.36833572387695,4.810772528691261,,112645.641475366
ADEt2rpp_reverse_num3,b3664,23.0,,2.2449386,26.88867950439453,9.38360738254706,,112645.641475366
ADEtex_num1,b1377,96.2904209055866,,,,,,112645.641475366
ADEtex_num2,b0241,33.2825,,,,,,112645.641475366
ADEtex_num3,b0929,94.8168,,,,,,112645.641475366
ADEtex_num4,b2215,96.2904209055866,,,,,,112645.641475366
ADEtex_reverse_num1,b1377,96.2904209055866,,,,,,112645.641475366
ADEtex_reverse_num2,b0241,33.2825,,,,,,112645.641475366
ADEtex_reverse_num3,b0929,94.8168,,,,,,112645.641475366
ADEtex_reverse_num4,b2215,96.2904209055866,,,,,,112645.641475366
ADK1,b0474,78.6014212963055,,,,,943440.0,
ADK1_reverse,b0474,78.6014212963055,,,,,943440.0,
ADK3,b0474,78.6014212963055,,,,,,145.316
ADK3_reverse,b0474,78.6014212963055,,,,,,145.316
ADK4,b0474,78.6014212963055,,,,,,112645.641475366
ADK4_reverse,b0474,78.6014212963055,,,,,,112645.641475366
ADMDC,b0120,120.7983675600902,12.8686,1.0477177,1.4225497245788574,1.122388381894457,253177.94833333333,
ADNCYC,b3806,205.72000000000008,,,,,1.67,
ADNK1,b0474,78.6014212963055,16.5849,14.139693,7.615062236785889,8.999702292651358,,5.635591387096774
ADNUC,b0030,121.23861216232469,2.5996,1.9522923,14.010107040405272,4.4581743766224,2.619036363636364,
ADNt2pp_copy1_num1,b2964,23.0,302.3451,3.2161877,18.34995651245117,2.660314976296722,,112645.641475366
ADNt2pp_copy1_num2,b2393,33.2825,,2.653572,13.50819969177246,3.0734277155319725,,112645.641475366
ADNt2pp_copy2,b2406,23.0,1.4882,1.5201795,16.7822265625,2.433073219097816,,112645.641475366
ADNt2pp_copy2_reverse,b2406,23.0,2.2968,1.5201795,16.7822265625,2.83415341835266,,112645.641475366
ADNtex,b0411,179.45385264683853,,,,,,112645.641475366
ADNtex_reverse,b0411,179.45385264683853,,,,,,112645.641475366
ADOCBIK,b1993,123.60963225270936,8.9242,,,1.733995533620513,,0.191
ADOCBLS,b1992,152.5584987702834,25.1358,1.9796784,,8.188621999268934,,41.985
ADOCBLabcpp,b0158 and b1709 and b1711,97.76404181117316,119.4937,,,4.685826033894374,,112645.641475366
ADOCBLtonex,b3006 and b1252 and b3005 and b3966,176.53793119354842,16.2305,,,16.138856748077675,,112645.641475366
ADPRDP_num1,b3397,206.75125446366417,0.2527,2.144417,10.984600067138672,5.0296453264957615,117.0,
ADPRDP_num2,b3034,189.6850202355557,,55.765293,10.202946662902832,7.228125235384933,117.0,
ADPT,b0469,94.26533215773615,0.7226,2.1600516,4.8248820304870605,2.458310668233155,9.33,
ADSK,b2750,103.1144388880425,7.0075,2.313484,11.53402328491211,5.8218552443149,19153.526094444445,
ADSL1r,b1131,121.175352563932,,,,,36286.272,
ADSL1r_reverse,b1131,121.175352563932,10.4804,63.364918,3.3857643604278564,8.135649937618254,36286.272,
ADSL2r,b1131,121.175352563932,,,,,36286.272,
ADSL2r_reverse,b1131,121.175352563932,2.3817,63.364918,2.8319530487060547,10.99057680602148,36286.272,
ADSS,b4177,115.69288473855742,0.2275,8.931563,1.1503044366836548,6.105562376877827,1.1908571428571428,
AGDC,b0677,137.33652202813053,0.7619,23.746044,64.66558837890625,0.804671281974783,95.875,
AGM3PA,b0110,206.75125446366417,26.6947,,4.032395839691162,10.400376497266745,,112645.641475366
AGM3PApp_num1,b2817,178.65984365785727,13.2252,,7.269973278045654,19.340076933523704,,112645.641475366
AGM3PApp_num2,b4169,153.48944171492553,,,4.1448235511779785,4.869782303147899,,112645.641475366
AGM3PApp_num3,b2435,137.33652202813053,,,2.0732810497283936,4.869782303147899,,112645.641475366
AGM3PApp_num4,b0867,189.6850202355557,,,3.735909938812256,2.816700321785319,,112645.641475366
AGM3PH,b1107,109.83420962295432,16.5197,,8.694700241088867,6.47591517554057,,112645.641475366
AGM3Pt2pp,b0433,62.99967746920003,12.0836,,7.730954647064209,5.809898887901974,,112645.641475366
AGM4PA,b0110,206.75125446366417,4.6057,,4.154240131378174,6.7859805272721,,112645.641475366
AGM4PApp_num1,b2435,137.33652202813053,1.2028,,2.13592791557312,6.7859805272721,,112645.641475366
AGM4PApp_num2,b2817,178.65984365785727,,,6.849769592285156,6.7859805272721,,112645.641475366
AGM4PApp_num3,b4169,153.48944171492553,,,4.668955326080322,6.7859805272721,,112645.641475366
AGM4PApp_num4,b0867,189.6850202355557,,,2.944210767745972,4.961503606695668,,112645.641475366
AGM4PCP,b1192,136.2454183611817,9.8334,,4.387454986572266,9.674936837183308,,112645.641475366
AGM4PCPpp,b2175,97.76404181117316,2.0896,,7.155642032623291,3.541144371740768,,112645.641475366
AGM4PH,b1107,109.83420962295432,4.2761,,7.059202671051025,4.588231538118686,,112645.641475366
AGM4Pt2pp,b0433,62.99967746920003,7.8514,,7.730954647064209,5.809898887901974,,112645.641475366
AGMH,b1107,109.83420962295432,0.5198,,26.747791290283203,14.02303403737391,,112645.641475366
AGMHE,b3619,149.80799644754114,,,,,,
AGMT,b2937,137.02402725167997,5.9814,18.146679,38.26497650146485,2.25626747070846,,1.516
AGMt2pp,b0433,62.99967746920003,1.8546,,7.730954647064209,1.10372881793359,,112645.641475366
AGMtex_num1,b1377,96.2904209055866,,,,,,112645.641475366
AGMtex_num2,b0241,33.2825,,,,,,112645.641475366
AGMtex_num3,b0929,94.8168,,,,,,112645.641475366
AGMtex_num4,b2215,96.2904209055866,,,,,,112645.641475366
AGMtex_reverse_num1,b1377,96.2904209055866,,,,,,112645.641475366
AGMtex_reverse_num2,b0241,33.2825,,,,,,112645.641475366
AGMtex_reverse_num3,b0929,94.8168,,,,,,112645.641475366
AGMtex_reverse_num4,b2215,96.2904209055866,,,,,,112645.641475366
AGPAT120,b3018,107.09297571026704,5.4721,1.0974773,9.488449096679688,1.607791776275416,,
AGPAT140,b3018,107.09297571026704,2.5721,1.3243935,7.477696895599365,1.4545002766521131,,
AGPAT141,b3018,107.09297571026704,11.8142,,17.209360122680664,3.709008719383553,,
AGPAT160,b3018,107.09297571026704,3.6807,,6.087310314178467,4.505918121530305,,
AGPAT161,b3018,107.09297571026704,2.0559,,17.209360122680664,4.939211283970827,,
AGPAT180,b3018,107.09297571026704,7.4976,1.1476902,6.838842391967773,2.8297552452447894,,
AGPAT181,b3018,107.09297571026704,11.4007,,17.209360122680664,23.12485843405693,,
AGPR,b3958,137.37750142279987,2.3584,3.7842135,5.289671421051025,1.4704365328180204,,
AGPR_reverse,b3958,137.37750142279987,24.2881,4.724572,5.6144208908081055,6.046301810920078,,
AGt3,b0573 and b0572 and b0574 and b0575,128.2406734749161,,,,,,112645.641475366
AHCYSNS,b0159,136.2454183611817,11.8327,1.789047,15.781052589416504,1.3473436861442745,1.9375,
AHGDx,b2913,143.92573340895575,119.4937,10.293619,55.18291091918945,12.39208454655868,0.25,
AHGDx_reverse,b2913,143.92573340895575,2.2416,6.895657,64.56210327148438,5.482138024465373,0.25,
AI2K,b1511,136.47847541820553,2.4653,5.141289,27.641733169555664,10.17151810551991,,112645.641475366
AI2abcpp,b1515 and b1516 and b1513 and b1514,90.65907860738318,9.3416,6.666544,5.5674920082092285,6.064563476980895,,112645.641475366
AI2tex_num1,b0241,33.2825,,,,,,112645.641475366
AI2tex_num2,b2215,96.2904209055866,,,,,,112645.641475366
AI2tex_num3,b0929,94.8168,,,,,,112645.641475366
AI2tex_num4,b1377,96.2904209055866,,,,,,112645.641475366
AI2tex_reverse_num1,b0241,33.2825,,,,,,112645.641475366
AI2tex_reverse_num2,b2215,96.2904209055866,,,,,,112645.641475366
AI2tex_reverse_num3,b0929,94.8168,,,,,,112645.641475366
AI2tex_reverse_num4,b1377,96.2904209055866,,,,,,112645.641475366
AI2tpp,b1601,217.8077053441142,,,,,,112645.641475366
AICART,b4006,115.69288473855748,24.6676,1.8710082,5.735464096069336,6.334036791279153,4.3,
AICART_reverse,b4006,115.69288473855748,97.5536,4.1297154,3.356269598007202,8.135649937618254,4.3,
AIRC2,b0522,128.2406734749161,442.5254,1.5489444,9.20569133758545,14.530183055053186,5.9,
AIRC3,b0523,123.60963225270936,,,,,15.6,
AIRC3_reverse,b0523,123.60963225270936,,,,,15.6,
AKGDH,b0116 and b0727 and b0726,115.69288473855742,19.3054,5.40398,64.0735855102539,69.5562354139795,18.85,
AKGt2rpp,b2587,23.0,9.2991,17.911448,21.95426368713379,7.384226029220949,,112645.641475366
AKGt2rpp_reverse,b2587,23.0,1.7142,17.911448,21.95426368713379,7.198881129148654,,112645.641475366
AKGtex_num1,b1377,96.2904209055866,,,,,,112645.641475366
AKGtex_num2,b0241,33.2825,,,,,,112645.641475366
AKGtex_num3,b0929,94.8168,,,,,,112645.641475366
AKGtex_num4,b2215,96.2904209055866,,,,,,112645.641475366
AKGtex_reverse_num1,b1377,96.2904209055866,,,,,,112645.641475366
AKGtex_reverse_num2,b0241,33.2825,,,,,,112645.641475366
AKGtex_reverse_num3,b0929,94.8168,,,,,,112645.641475366
AKGtex_reverse_num4,b2215,96.2904209055866,,,,,,112645.641475366
ALAALAD,b1488,149.80799644754114,3.0119,2.0113437,26.07918930053711,4.69157887104192,,99.76610434782609
ALAALAabcpp_num1,b3540 and b3542 and b3544 and b3543 and b3541,104.73241798245591,3.1499,1.0008848,18.979406356811523,5.727440571245332,,112645.641475366
ALAALAabcpp_num2,b1485 and b1486 and b1487 and b1483 and b1484,97.46316781454354,,1.8850473,5.471427440643311,8.735721749952106,,112645.641475366
ALAALAr_num1,b0381,149.80799644754114,10.5404,12.003266,6.379887580871582,20.83005914936328,21.1075,
ALAALAr_num2,b0092,137.37750142279987,,18.030838,15.790186882019045,6.029423425870919,21.1075,
ALAALAr_reverse_num1,b0381,149.80799644754114,24.1418,5.3706446,5.285799503326416,5.02416662235697,21.1075,
ALAALAr_reverse_num2,b0092,137.37750142279987,,11.027756,10.430071830749512,5.277687913692756,21.1075,
ALAALAtex_num1,b1377,96.2904209055866,,,,,,112645.641475366
ALAALAtex_num2,b0241,33.2825,,,,,,112645.641475366
ALAALAtex_num3,b0929,94.8168,,,,,,112645.641475366
ALAALAtex_num4,b2215,96.2904209055866,,,,,,112645.641475366
ALAALAtex_reverse_num1,b1377,96.2904209055866,,,,,,112645.641475366
ALAALAtex_reverse_num2,b0241,33.2825,,,,,,112645.641475366
ALAALAtex_reverse_num3,b0929,94.8168,,,,,,112645.641475366
ALAALAtex_reverse_num4,b2215,96.2904209055866,,,,,,112645.641475366
ALAGLUE,b1325,136.2454183611817,,,,,8.05,
ALAGLUE_reverse,b1325,136.2454183611817,,,,,8.05,
ALAR_num1,b1190,151.18324760891227,,,,,42.338,
ALAR_num2,b4053,121.20698236312832,,,,,42.338,
ALAR_reverse_num1,b1190,151.18324760891227,,,,,42.338,
ALAR_reverse_num2,b4053,121.20698236312832,,,,,42.338,
ALATA_D2_num1,b2551,121.23861216232469,1.4882,0.23265755,14.010838508605955,5.158064932037617,,112645.641475366
ALATA_D2_num2,b0870,115.69288473855748,0.2538,2.3526251,12.43678379058838,20.83005914936328,,112645.641475366
ALATA_L2_num1,b0870,115.69288473855748,1.4882,2.3526251,12.43678379058838,5.158064932037617,,112645.641475366
ALATA_L2_num2,b2551,121.23861216232469,12.5187,0.23265755,14.010838508605955,5.265135685472943,,112645.641475366
ALATA_L_num1,b2290,128.2406734749161,40.6082,10.2080965,43.33698654174805,7.228125235384933,,76.44800000000001
ALATA_L_num2,b2379,123.60963225270936,16.7738,7.6809754,50.39029693603516,23.41534300952709,,76.44800000000001
ALATA_L_reverse_num1,b2290,128.2406734749161,7.4372,6.67687,45.99553298950195,5.265135685472943,,76.44800000000001
ALATA_L_reverse_num2,b2379,123.60963225270936,,3.914777,48.9123420715332,9.38360738254706,,76.44800000000001
ALAabcpp,b3460 and b3456 and b3454 and b3455 and b3457,97.76404181117316,25.3656,8.386627,18.14558982849121,45.25391345988196,,112645.641475366
ALAt2pp_num1,b4208,23.0,0.1776,4.986246,36.413177490234375,1.122388381894457,,112645.641475366
ALAt2pp_num2,b4130,33.2825,,1.5220733,18.313796997070312,2.6182215851292328,,112645.641475366
ALAt4pp,b0007,27.0,0.28,10.503699,20.64867401123047,4.570910570141916,,112645.641475366
ALAtex_num1,b2215,96.2904209055866,,,,,,112645.641475366
ALAtex_num2,b0241,33.2825,,,,,,112645.641475366
ALAtex_num3,b1377,96.2904209055866,,,,,,112645.641475366
ALAtex_num4,b0929,94.8168,,,,,,112645.641475366
ALAtex_reverse_num1,b2215,96.2904209055866,,,,,,112645.641475366
ALAtex_reverse_num2,b0241,33.2825,,,,,,112645.641475366
ALAtex_reverse_num3,b1377,96.2904209055866,,,,,,112645.641475366
ALAtex_reverse_num4,b0929,94.8168,,,,,,112645.641475366
ALAtpp,b2670,97.61360481285834,,,,,,112645.641475366
ALCD19_num1,b1478,136.2454183611817,236.1095,26.613026,87.14225769042969,7.160727829311835,0.55,
ALCD19_num2,b1241,122.42412220751704,3.0877,37.03246,16.749155044555664,33.66240634310002,0.55,
ALCD19_reverse_num1,b1478,136.2454183611817,0.6434,8.121188,61.86354064941406,3.2312739247872395,0.55,
ALCD19_reverse_num2,b1241,122.42412220751704,,10.427507,12.597640991210938,6.046301810920078,0.55,
ALCD2x_num1,b1241,122.42412220751704,0.3664,39.62648,11.183436393737791,23.41534300952709,,139.05093333333335
ALCD2x_num2,b1478,136.2454183611817,1762.566,40.22028,63.62043380737305,10.400376497266745,,139.05093333333335
ALCD2x_reverse_num1,b1241,122.42412220751704,0.6483,40.368023,18.006572723388672,9.38360738254706,,139.05093333333335
ALCD2x_reverse_num2,b1478,136.2454183611817,,21.952799,90.93651580810548,6.046301810920078,,139.05093333333335
ALDD19xr,b1385,129.20025527297207,8.3023,12.13539,17.973230361938477,3.470363952708512,96.8,
ALDD19xr_reverse,b1385,129.20025527297207,0.2473,18.168499,18.9267520904541,11.311990667194513,96.8,
ALDD2y_num1,b0493,207.10415120122465,0.298,3.9951026,8.982563018798828,11.424475857554716,,16.2793
ALDD2y_num2,b3011,121.175352563932,179.5767,9.0885935,13.253585815429688,6.332120906841956,,16.2793
ALDD2y_num3,b3588,155.2551722501099,588.3956,0.7759087,12.2088623046875,6.332120906841956,,16.2793
ALDD2y_num4,b3003,132.7889795946009,1.0117,5.70405,12.390303611755373,4.221350535826457,,16.2793
ALDD2y_num5,b4269,137.33652202813053,1.4437,216.87943,97.25762176513672,3.318657465044924,,16.2793
ALDD3y_num1,b4269,137.33652202813053,29.5499,219.01154,100.19639587402344,4.757798011142381,,112645.641475366
ALDD3y_num2,b3588,155.2551722501099,,1.2421515,12.577770233154297,3.0876692428883983,,112645.641475366
ALDD3y_num3,b3011,121.175352563932,,8.193222,13.65406322479248,4.055391167371879,,112645.641475366
ALKP,b2690,189.6850202355557,9.5418,6.2574997,4.404599666595459,10.285457757985752,70.2908,
ALLK,b4084,205.72000000000008,7.2885,6.2292223,6.855249881744385,4.757798011142381,47.0,
ALLPI,b4090,122.42412220751704,,,,,6.1,
ALLPI_reverse,b4090,122.42412220751704,,,,,6.1,
ALLTAMH2,b0516,122.42412220751704,4.477,36.309864,17.776649475097656,6.933091443790466,,112645.641475366
ALLTN,b0512,136.47847541820553,49.7643,3.8791199,34.088134765625,4.674531227649103,323074.36,
ALLTNt2rpp,b0511,23.0,2.5002,2.4691768,31.296167373657227,5.359793510374774,,112645.641475366
ALLTNt2rpp_reverse,b0511,23.0,162.9636,2.4691768,31.296167373657227,2.3823735145285267,,112645.641475366
ALLTNtex_num1,b1377,96.2904209055866,,,,,,112645.641475366
ALLTNtex_num2,b0241,33.2825,,,,,,112645.641475366
ALLTNtex_num3,b0929,94.8168,,,,,,112645.641475366
ALLTNtex_num4,b2215,96.2904209055866,,,,,,112645.641475366
ALLTNtex_reverse_num1,b1377,96.2904209055866,,,,,,112645.641475366
ALLTNtex_reverse_num2,b0241,33.2825,,,,,,112645.641475366
ALLTNtex_reverse_num3,b0929,94.8168,,,,,,112645.641475366
ALLTNtex_reverse_num4,b2215,96.2904209055866,,,,,,112645.641475366
ALLULPE,b4085,173.42795360893282,,,,,,
ALLULPE_reverse,b4085,173.42795360893282,,,,,,
ALLabcpp,b4088 and b4087 and b4086,128.2406734749161,124.4868,10.979056,3.829425096511841,45.25391345988196,,112645.641475366
ALLtex_num1,b1377,96.2904209055866,,,,,,112645.641475366
ALLtex_num2,b0929,94.8168,,,,,,112645.641475366
ALLtex_num3,b0241,33.2825,,,,,,112645.641475366
ALLtex_num4,b2215,96.2904209055866,,,,,,112645.641475366
ALLtex_reverse_num1,b1377,96.2904209055866,,,,,,112645.641475366
ALLtex_reverse_num2,b0929,94.8168,,,,,,112645.641475366
ALLtex_reverse_num3,b0241,33.2825,,,,,,112645.641475366
ALLtex_reverse_num4,b2215,96.2904209055866,,,,,,112645.641475366
ALPATE160pp,b1677 and b0657,151.18324760891227,21.2569,5.7526875,5.208593845367432,2.23349776356753,,112645.641475366
ALPATG160pp,b1677 and b0657,151.18324760891227,107.9288,8.712825,5.528118133544922,7.273687187580228,,112645.641475366
ALR2_num1,b1781,217.1028613676441,6.5416,6.5506234,11.013404846191406,0.7195177446827061,,
ALR2_num2,b3012,225.0,,4.299936,8.682943344116211,4.69157887104192,,
ALR2_num3,b0207,175.1936841441172,,4.2388606,19.955753326416016,3.0876692428883983,,
ALR2_num4,b3001,155.2551722501099,,2.1101456,22.00316619873047,3.0876692428883983,,
ALR2x,b1771,215.88128544774256,2.1541,2.1364381,18.96019172668457,7.194194088629481,,112645.641475366
ALR4x,b3945,129.20025527297207,2.6729,13.24356,15.076271057128906,4.074876182746937,,112645.641475366
ALTRH,b3091,136.71153247522938,,,,,,
AM3PA,b0110,206.75125446366417,42.7921,1.6290432,4.032395839691162,7.381707492199664,,112645.641475366
AM4PA,b0110,206.75125446366417,0.6342,,4.409084796905518,4.810772528691261,,112645.641475366
AM4PCP,b1192,136.2454183611817,3.8062,,3.562162399291992,6.064563476980895,,112645.641475366
AMALT1,b3416,149.80799644754114,16.5579,25.34054,71.97586822509766,10.40299112229892,39251.5,
AMALT2,b3416,149.80799644754114,14.8012,23.63233,58.517555236816406,18.05149927356397,39251.5,
AMALT3,b3416,149.80799644754114,9.5437,27.044092,76.39129638671875,32.94228372318428,39251.5,
AMALT4,b3416,149.80799644754114,19.3068,12.936652,78.69956970214844,6.245464574809021,39251.5,
AMANAPEr,b3223,115.69288473855742,,,,,,
AMANAPEr_reverse,b3223,115.69288473855742,,,,,,
AMANK,b3222,152.62479040685164,28.5181,5.6569247,7.553021430969238,12.425167336292276,69.5,
AMAOTr,b0774,115.69288473855748,14.2262,0.10317036,8.928976058959961,15.77574159368995,0.2280303,
AMAOTr_reverse,b0774,115.69288473855748,2.7388,0.8856215,7.036784648895264,33.66240634310002,0.2280303,
AMMQLT8,b3833,189.6850202355557,327.0257,0.0507809,1.6679739952087402,6.796460182343027,,
AMPMS2,b3994,120.42138255624845,0.0263,5.885773,4.512057304382324,7.897718004824455,,112645.641475366
AMPN,b1982,197.70251011777788,,,,,113403.89866666666,
AMPNTAT,b4093,205.72000000000008,25.1119,3.7343228,13.234732627868652,20.83005914936328,,112645.641475366
AMPTASECG_num1,b2523,133.20262771610487,1.972,99.06607,204.5173797607422,3.6115615622253454,128.6681788181818,
AMPTASECG_num2,b0932,109.46969718755258,,16.354261,8.708569526672363,6.7859805272721,128.6681788181818,
AMPTASECG_num3,b4260,136.70881435012527,,59.74422,20.079370498657227,6.7859805272721,128.6681788181818,
AMPTASECG_num4,b0237,136.47847541820553,,62.026737,17.776649475097656,6.7859805272721,128.6681788181818,
AMPTASEPG_num1,b4260,136.70881435012527,16.4044,62.47051,20.079370498657227,2.561459863767772,,112645.641475366
AMPTASEPG_num2,b2523,133.20262771610487,,426.43143,204.5173797607422,4.200352710379372,,112645.641475366
AMPTASEPG_num3,b0932,109.46969718755258,,7.4215183,8.453145980834961,4.200352710379372,,112645.641475366
AMPTASEPG_num4,b0237,136.47847541820553,,65.17757,17.776649475097656,2.229301480764941,,112645.641475366
AMPtex_num1,b0929,94.8168,,,,,,112645.641475366
AMPtex_num2,b2215,96.2904209055866,,,,,,112645.641475366
AMPtex_num3,b0241,33.2825,,,,,,112645.641475366
AMPtex_num4,b1377,96.2904209055866,,,,,,112645.641475366
AMPtex_reverse_num1,b0929,94.8168,,,,,,112645.641475366
AMPtex_reverse_num2,b2215,96.2904209055866,,,,,,112645.641475366
AMPtex_reverse_num3,b0241,33.2825,,,,,,112645.641475366
AMPtex_reverse_num4,b1377,96.2904209055866,,,,,,112645.641475366
ANHGMtex_num1,b1377,96.2904209055866,,,,,,112645.641475366
ANHGMtex_num2,b0241,33.2825,,,,,,112645.641475366
ANHGMtex_num3,b0929,94.8168,,,,,,112645.641475366
ANHGMtex_num4,b2215,96.2904209055866,,,,,,112645.641475366
ANHGMtex_reverse_num1,b1377,96.2904209055866,,,,,,112645.641475366
ANHGMtex_reverse_num2,b0241,33.2825,,,,,,112645.641475366
ANHGMtex_reverse_num3,b0929,94.8168,,,,,,112645.641475366
ANHGMtex_reverse_num4,b2215,96.2904209055866,,,,,,112645.641475366
ANHMK,b1640,143.25976446138526,0.9533,,65.53939819335938,5.265135685472943,,112645.641475366
ANPRT,b1263,121.23861216232469,4.8679,1.4095602,0.9176442623138428,2.458310668233155,4.4,
ANS,b1263 and b1264,116.6619199476233,11.369,2.7888298,4.065340042114258,6.9899481650584585,3.7,
AOBUTDs,s0001,,5581.1557,,,10.400376497266745,,
AOXSr2,b0776,115.69288473855748,372541.5801,0.04934374,0.1351247280836105,1.420938285285866,0.044,
AP4AH,b0049,152.62479040685164,2.8586,1.6902533,1.7962191104888916,1.5539312089624406,250.0,
AP4AS,b4129,97.46316781454354,,,,,,
AP5AH,b0049,152.62479040685164,1.7681,1.5482793,2.5804545879364014,3.2540836056774123,0.55,
APCS,b0121,94.35095537652876,12.5072,0.29775545,0.8997303247451782,38.4344729658555,0.14,
APG3PAT120,b3059,149.80799644754114,30.6822,8.147329,4.4356207847595215,3.2394747145515583,,112645.641475366
APG3PAT140,b3059,149.80799644754114,0.5254,8.147329,3.937682628631592,1.436612173128217,,112645.641475366
APG3PAT141,b3059,149.80799644754114,57.1696,8.147329,8.044942855834961,1.436612173128217,,112645.641475366
APG3PAT160,b3059,149.80799644754114,26.9737,8.147329,8.044942855834961,3.194268354614871,,112645.641475366
APG3PAT161,b3059,149.80799644754114,1.6662,8.147329,8.044942855834961,7.190765165547722,,112645.641475366
APG3PAT180,b3059,149.80799644754114,4.3202,8.147329,3.822190046310425,1.6201470355219878,,112645.641475366
APG3PAT181,b3059,149.80799644754114,8.4398,8.147329,8.044942855834961,1.0590721531572571,,112645.641475366
APH120,b0968,123.60963225270936,26.087,,38.13453674316406,3.2394747145515583,,112645.641475366
APH140,b0968,123.60963225270936,4.5171,,38.13453674316406,1.0590721531572571,,112645.641475366
APH141,b0968,123.60963225270936,2.749,,38.13453674316406,5.267713136932461,,112645.641475366
APH160,b0968,123.60963225270936,0.1624,,37.01604461669922,1.0590721531572571,,112645.641475366
APH161,b0968,123.60963225270936,1.2028,,38.13453674316406,1.122388381894457,,112645.641475366
APH180,b0968,123.60963225270936,1.4028,,37.01604461669922,2.419531547116704,,112645.641475366
APH181,b0968,123.60963225270936,0.7377,,33.853572845458984,1.966318786132856,,112645.641475366
APPLDHr,b3945,129.20025527297207,50.9722,11.978309,15.076271057128906,20.83005914936328,0.02,
APPLDHr_reverse,b3945,129.20025527297207,12.4116,19.681145,15.33161449432373,4.588231538118686,0.02,
APRAUR,b0414,121.23861216232469,7.68,0.85947937,9.078505516052246,5.430196692007875,0.3125,
ARABDI,b2802,121.23861216232469,,,,,412603.95,
ARABDI_reverse,b2802,121.23861216232469,,,,,412603.95,
ARAI,b0062,136.71153247522938,,,,,1365.0314110714285,
ARAI_reverse,b0062,136.71153247522938,,,,,1365.0314110714285,
ARBTNabcpp,b0153 and b0151 and b0152,113.04789556080048,8.4691,1.3061725,4.216712951660156,10.397610637812583,,112645.641475366
ARBTNexs,s0001,,9.106,,,0.9898288816371736,,
ARBTptspp_num1,b2416 and b3722 and b2415,160.70234805267864,524.9727,0.96225995,22.15931701660156,20.83005914936328,,112645.641475366
ARBTptspp_num2,b2416 and b2715 and b2415,168.6201396231135,,0.96225995,15.952224731445312,9.685838815944882,,112645.641475366
ARBTtex_num1,b1377,96.2904209055866,,,,,,112645.641475366
ARBTtex_num2,b2215,96.2904209055866,,,,,,112645.641475366
ARBTtex_num3,b0929,94.8168,,,,,,112645.641475366
ARBTtex_num4,b0241,33.2825,,,,,,112645.641475366
ARBabcpp,b1901 and b4460 and b1900,92.71685493840006,3.2809,16.81418,4.317452430725098,18.05149927356397,,
ARBt2rpp,b2841,23.0,12.9863,10.138586,18.03612518310547,83.54885239895054,,112645.641475366
ARBt2rpp_reverse,b2841,23.0,5.2081,10.138586,18.03612518310547,4.570910570141916,,112645.641475366
ARBt3ipp,b1528,33.2825,13.6417,11.596222,9.234712600708008,25.827463201057576,,112645.641475366
ARBtex_num1,b1377,96.2904209055866,,,,,,112645.641475366
ARBtex_num2,b0241,33.2825,,,,,,112645.641475366
ARBtex_num3,b0929,94.8168,,,,,,112645.641475366
ARBtex_num4,b2215,96.2904209055866,,,,,,112645.641475366
ARBtex_reverse_num1,b1377,96.2904209055866,,,,,,112645.641475366
ARBtex_reverse_num2,b0241,33.2825,,,,,,112645.641475366
ARBtex_reverse_num3,b0929,94.8168,,,,,,112645.641475366
ARBtex_reverse_num4,b2215,96.2904209055866,,,,,,112645.641475366
ARGAGMt7pp,b4115,23.0,31.3751,8.662608,29.800029754638672,7.133991377505383,,112645.641475366
ARGAGMt7pp_reverse,b4115,23.0,17.892,8.662608,29.800029754638672,5.745817873811871,,112645.641475366
ARGDC,b4117,121.20698236312832,3.1733,9.270914,4.656607151031494,1.719566556138407,626673.0559375,
ARGDCpp,b2938,136.71153247522938,2.9558,5.9531965,0.5970442891120911,1.8884335437600968,1097065.69115,
ARGORNt7pp,b1605,33.2825,4.9472,18.738894,48.32353591918945,20.83005914936328,,112645.641475366
ARGORNt7pp_reverse,b1605,33.2825,0.266,18.738894,48.32353591918945,31.742121195274308,,112645.641475366
ARGSL,b3960,121.23861216232469,,,,,,230.47744444444444
ARGSL_reverse,b3960,121.23861216232469,5.0604,45.227882,32.0045051574707,8.708945742095699,,230.47744444444444
ARGSS,b3172,149.80799644754114,1489.5195,2.638502,1.9474703073501587,32.40307959655166,,
ARGabcpp_num1,b2310 and b2308 and b2306 and b2307,68.51321211937051,71.2875,2.9540026,20.9307918548584,2.25626747070846,,
ARGabcpp_num2,b0862 and b0860 and b0864 and b0861,73.60691468498929,,1.6503981,2.159743309020996,6.154294957250831,,
ARGabcpp_num3,b0862 and b0864 and b0863 and b0861,75.22832942182862,,1.9662894,32.18496322631836,8.018026648275109,,
ARGt3pp,b2923,28.14125,416.5591,2.0827684,31.20411872863769,2.83415341835266,,112645.641475366
ARGtex_num1,b1377,96.2904209055866,,,,,,112645.641475366
ARGtex_num2,b0241,33.2825,,,,,,112645.641475366
ARGtex_num3,b0929,94.8168,,,,,,112645.641475366
ARGtex_num4,b2215,96.2904209055866,,,,,,112645.641475366
ARGtex_reverse_num1,b1377,96.2904209055866,,,,,,112645.641475366
ARGtex_reverse_num2,b0241,33.2825,,,,,,112645.641475366
ARGtex_reverse_num3,b0929,94.8168,,,,,,112645.641475366
ARGtex_reverse_num4,b2215,96.2904209055866,,,,,,112645.641475366
ARHGDx,b2913,143.92573340895575,11.4866,,52.08518981933594,2.3451833249692777,,112645.641475366
ARHGDx_reverse,b2913,143.92573340895575,137.1184,6.895657,70.5932388305664,7.228125235384933,,112645.641475366
ARMEPNS,b4099 and b4096 and b4100 and b4101,149.80799644754114,36.8044,,2.406766891479492,21.468088153965304,,112645.641475366
ASAD,b3433,126.3220034041247,1.2639,20.06453,11.627964973449709,4.445417950710154,645.0,
ASAD_reverse,b3433,126.3220034041247,20.2323,8.086799,12.234331130981444,6.215517309103734,645.0,
ASCBPL,b4192,160.70234805267864,3.703,3.3677359,25.963274002075195,3.993474459288783,,
ASCBptspp,b2416 and b4193 and b4195 and b2415 and b4194,160.70234805267864,1988.5373,0.96225995,106.0617904663086,20.83005914936328,,112645.641475366
ASCBtex_num1,b1377,96.2904209055866,,,,,,112645.641475366
ASCBtex_num2,b0241,33.2825,,,,,,112645.641475366
ASCBtex_num3,b0929,94.8168,,,,,,112645.641475366
ASCBtex_num4,b2215,96.2904209055866,,,,,,112645.641475366
ASCBtex_reverse_num1,b1377,96.2904209055866,,,,,,112645.641475366
ASCBtex_reverse_num2,b0241,33.2825,,,,,,112645.641475366
ASCBtex_reverse_num3,b0929,94.8168,,,,,,112645.641475366
ASCBtex_reverse_num4,b2215,96.2904209055866,,,,,,112645.641475366
ASNN_num1,b1767,149.80799644754114,4.9069,34.503593,38.16679000854492,4.074876182746937,,55.13333333333333
ASNN_num2,b0828,123.60963225270936,,19.551958,79.57662963867188,10.728613456472884,,55.13333333333333
ASNNpp,b2957,157.17088698230995,74.5526,1.7894615,36.3835334777832,8.375467515442104,55.13333333333333,
ASNS1,b0674,121.20698236312832,304.0402,2.884735,1.7867032289505005,3.709008719383553,,2.238125
ASNS2_num1,b3744,120.42138255624845,4.874,4.9217443,1.647115707397461,4.074876182746937,,1.6033333333333333
ASNS2_num2,b0674,121.20698236312832,,10.361377,1.6834317445755005,69.5562354139795,,1.6033333333333333
ASNt2rpp,b1453,25.0,6.4899,15.2967415,19.06730842590332,4.074876182746937,,112645.641475366
ASNt2rpp_reverse,b1453,25.0,5.2081,15.2967415,19.06730842590332,8.375467515442104,,112645.641475366
ASNtex_num1,b1377,96.2904209055866,,,,,,112645.641475366
ASNtex_num2,b0241,33.2825,,,,,,112645.641475366
ASNtex_num3,b0929,94.8168,,,,,,112645.641475366
ASNtex_num4,b2215,96.2904209055866,,,,,,112645.641475366
ASNtex_reverse_num1,b1377,96.2904209055866,,,,,,112645.641475366
ASNtex_reverse_num2,b0241,33.2825,,,,,,112645.641475366
ASNtex_reverse_num3,b0929,94.8168,,,,,,112645.641475366
ASNtex_reverse_num4,b2215,96.2904209055866,,,,,,112645.641475366
ASO3t8pp,b3502,23.0,2.9269,3.3460474,8.645182609558105,2.458310668233155,,
ASO3tex_num1,b1377,96.2904209055866,,,,,,112645.641475366
ASO3tex_num2,b0241,33.2825,,,,,,112645.641475366
ASO3tex_num3,b0929,94.8168,,,,,,112645.641475366
ASO3tex_num4,b2215,96.2904209055866,,,,,,112645.641475366
ASO3tex_reverse_num1,b1377,96.2904209055866,,,,,,112645.641475366
ASO3tex_reverse_num2,b0241,33.2825,,,,,,112645.641475366
ASO3tex_reverse_num3,b0929,94.8168,,,,,,112645.641475366
ASO3tex_reverse_num4,b2215,96.2904209055866,,,,,,112645.641475366
ASP1DC,b0131,207.78250892732828,3.7942,5.3639655,5.108707904815674,4.69157887104192,0.57,
ASPCT_num1,b4244 and b4245,138.0434703703704,1589.1472,0.03625249,60.24456024169922,69.62689854059693,417.0,
ASPCT_num2,b4245,136.71153247522938,,5.4062924,60.24456024169922,49.030545655950206,417.0,
ASPK_num1,b3940,128.2406734749161,0.3808,105.56733,13.3048095703125,8.708945742095699,20.913636363636364,
ASPK_num2,b0002,136.2454183611817,,68.128075,10.847906112670898,0.9306493286838624,20.913636363636364,
ASPK_num3,b4024,121.23861216232469,,31.39795,21.77469253540039,7.228125235384933,20.913636363636364,
ASPK_reverse_num1,b3940,128.2406734749161,3.3446,57.227493,14.82772445678711,4.810772528691261,20.913636363636364,
ASPK_reverse_num2,b0002,136.2454183611817,,28.757118,12.525436401367188,2.119322673589061,20.913636363636364,
ASPK_reverse_num3,b4024,121.23861216232469,,19.991083,21.136035919189453,2.119322673589061,20.913636363636364,
ASPO3,b2574,111.41209083333332,0.6251,24.513126,22.673120498657227,4.074876182746937,,112645.641475366
ASPO4,b2574,111.41209083333332,18.4926,1.4699401,24.06402587890625,4.074876182746937,,112645.641475366
ASPO5,b2574,111.41209083333332,4.2883,15.622855,20.25059127807617,6.154294957250831,,
ASPO6,b2574,111.41209083333332,0.8511,24.513126,17.34422492980957,2.1115375790563813,2.112575,
ASPT,b4139,133.20262771610487,,,,,180.0,
ASPTA_num1,b0928,128.2406734749161,22.2509,40.515232,357.4794006347656,7.228125235384933,271.1433333333333,
ASPTA_num2,b4054,128.2406734749161,0.7277,20.104923,76.07127380371094,11.424475857554716,271.1433333333333,
ASPTA_reverse_num1,b0928,128.2406734749161,12.1053,23.913172,390.8737487792969,4.810772528691261,271.1433333333333,
ASPTA_reverse_num2,b4054,128.2406734749161,,12.793616,88.28016662597656,7.494230452223806,271.1433333333333,
ASPabcpp,b0655 and b0654 and b0652 and b0653,97.76404181117316,4.4786,12.35476,24.663986206054688,4.074876182746937,,
ASPt2_2pp,b3528,23.0,4.4233,36.131966,34.960540771484375,4.074876182746937,,112645.641475366
ASPt2_3pp_num1,b4138,23.0,5.374,15.847693,20.661272048950195,7.677819618581422,,112645.641475366
ASPt2_3pp_num2,b4123,23.0,,23.574337,10.387778282165527,9.661923757639329,,112645.641475366
ASPt2pp,b4077,23.0,2.2918,51.618855,23.74148368835449,4.074876182746937,,112645.641475366
ASPtex_num1,b1377,96.2904209055866,,,,,,112645.641475366
ASPtex_num2,b0241,33.2825,,,,,,112645.641475366
ASPtex_num3,b0929,94.8168,,,,,,112645.641475366
ASPtex_num4,b2215,96.2904209055866,,,,,,112645.641475366
ASPtex_reverse_num1,b1377,96.2904209055866,,,,,,112645.641475366
ASPtex_reverse_num2,b0241,33.2825,,,,,,112645.641475366
ASPtex_reverse_num3,b0929,94.8168,,,,,,112645.641475366
ASPtex_reverse_num4,b2215,96.2904209055866,,,,,,112645.641475366
ASPtpp,b1206,33.2825,,,,,,112645.641475366
ASPtpp_reverse,b1206,33.2825,,,,,,112645.641475366
ASR,b1064 and b3503,247.9500291575308,21.1596,6.2929354,11.954507827758787,6.97192302574174,0.1766666666666666,
AST,b1747,136.2454183611817,10.6943,0.65592045,2.868492841720581,8.06523027060146,,
ATHRDHr,b1539,149.80799644754114,1.9794,5.407624,4.357074737548828,2.809535458000987,5.76,
ATHRDHr_reverse,b1539,149.80799644754114,6.934,7.0260844,5.48052978515625,8.135649937618254,5.76,
ATPPRT,b2019,138.0434703703704,4.3737,0.80932766,1.3740521669387815,7.302878103296515,,1.0455714285714286
ATPS4rpp_num1,b3734 and b3733 and b3731 and b3735 and b3732 and b3739 and b3737 and b3738 and b3736,75.96272439544778,,,,,18.0,
ATPS4rpp_num2,b3732 and b3735 and b3731 and b3733 and b3734 and b3737 and b3738 and b3736,75.4507858857577,,,,,18.0,
ATPS4rpp_reverse_num1,b3734 and b3733 and b3731 and b3735 and b3732 and b3739 and b3737 and b3738 and b3736,75.96272439544778,,,,,18.0,
ATPS4rpp_reverse_num2,b3732 and b3735 and b3731 and b3733 and b3734 and b3737 and b3738 and b3736,75.4507858857577,,,,,18.0,
BALAt2pp,b4208,23.0,8.0302,5.194902,36.413177490234375,3.441631132238333,,112645.641475366
BALAtex_num1,b1377,96.2904209055866,,,,,,112645.641475366
BALAtex_num2,b0241,33.2825,,,,,,112645.641475366
BALAtex_num3,b0929,94.8168,,,,,,112645.641475366
BALAtex_num4,b2215,96.2904209055866,,,,,,112645.641475366
BALAtex_reverse_num1,b1377,96.2904209055866,,,,,,112645.641475366
BALAtex_reverse_num2,b0241,33.2825,,,,,,112645.641475366
BALAtex_reverse_num3,b0929,94.8168,,,,,,112645.641475366
BALAtex_reverse_num4,b2215,96.2904209055866,,,,,,112645.641475366
BETALDHx,b0312,141.11392726591654,22.167,9.525605,85.51813507080078,11.511948751651577,33510.3,
BETALDHy,b0312,141.11392726591654,17.2833,9.525605,74.28942108154297,32.94228372318428,33510.3,
BGLA1_num1,b2716,178.50306567333342,11.292,,76.44440460205078,3.3532252999997976,,112645.641475366
BGLA1_num2,b1734,160.70234805267864,,,54.40850067138672,1.9478357779327689,,112645.641475366
BGLA1_num3,b3721,197.70251011777788,,,20.73421859741211,1.7922015180772033,,112645.641475366
BMOCOS,b0827,178.0,29.3736,6.9969645,3.4629790782928467,5.267713136932461,,112645.641475366
BMOGDS1,b3857,102.9331581705882,8.6311,,0.3692511022090912,1.436612173128217,,112645.641475366
BMOGDS2,b3857,102.9331581705882,8.2458,,0.3692511022090912,1.0590721531572571,,112645.641475366
BPNT,b4214,115.83646287246222,29.8448,1.3645324,12.414849281311035,2.448544700173242,11.4,
BSORx,b3551,149.80799644754114,18.2444,19.851929,26.177021026611328,4.26478635416554,,112645.641475366
BSORy,b3551,149.80799644754114,0.0629,19.851929,19.437274932861328,8.177468511639542,,
BTNtex_num1,b0241,33.2825,,,,,,112645.641475366
BTNtex_num2,b2215,96.2904209055866,,,,,,112645.641475366
BTNtex_num3,b1377,96.2904209055866,,,,,,112645.641475366
BTNtex_num4,b0929,94.8168,,,,,,112645.641475366
BTNtex_reverse_num1,b0241,33.2825,,,,,,112645.641475366
BTNtex_reverse_num2,b2215,96.2904209055866,,,,,,112645.641475366
BTNtex_reverse_num3,b1377,96.2904209055866,,,,,,112645.641475366
BTNtex_reverse_num4,b0929,94.8168,,,,,,112645.641475366
BTS5,b0775,125.92515286381274,34.4974,9.036561,12.46976375579834,6.2570891518567215,,112645.641475366
BUTCT,b2222 and b2221,121.20698236312832,8.4001,1.3027978,17.115890502929688,10.400376497266745,154.95333333333335,
BUTSO3abcpp_num1,b0933 and b0934 and b0936,97.61360481285834,7.8579,,,10.16403937479348,,112645.641475366
BUTSO3abcpp_num2,b0365 and b0366 and b0367,92.7379393036916,,,,8.645785370246568,,112645.641475366
BUTSO3tex_num1,b1377,96.2904209055866,,,,,,112645.641475366
BUTSO3tex_num2,b0241,33.2825,,,,,,112645.641475366
BUTSO3tex_num3,b0929,94.8168,,,,,,112645.641475366
BUTSO3tex_num4,b2215,96.2904209055866,,,,,,112645.641475366
BUTSO3tex_reverse_num1,b1377,96.2904209055866,,,,,,112645.641475366
BUTSO3tex_reverse_num2,b0241,33.2825,,,,,,112645.641475366
BUTSO3tex_reverse_num3,b0929,94.8168,,,,,,112645.641475366
BUTSO3tex_reverse_num4,b2215,96.2904209055866,,,,,,112645.641475366
BUTt2rpp,b2223,23.0,1.1562,,25.15697860717773,0.9309737680315668,,112645.641475366
BUTt2rpp_reverse,b2223,23.0,3.6618,,25.15697860717773,8.188621999268934,,112645.641475366
BUTtex_num1,b1377,96.2904209055866,,,,,,112645.641475366
BUTtex_num2,b0241,33.2825,,,,,,112645.641475366
BUTtex_num3,b0929,94.8168,,,,,,112645.641475366
BUTtex_num4,b2215,96.2904209055866,,,,,,112645.641475366
BUTtex_reverse_num1,b1377,96.2904209055866,,,,,,112645.641475366
BUTtex_reverse_num2,b0241,33.2825,,,,,,112645.641475366
BUTtex_reverse_num3,b0929,94.8168,,,,,,112645.641475366
BUTtex_reverse_num4,b2215,96.2904209055866,,,,,,112645.641475366
BWCOGDS1,b3857,102.9331581705882,1283.769,,0.3692511022090912,2.6761024502934845,,112645.641475366
BWCOGDS2,b3857,102.9331581705882,14.7102,,0.3692511022090912,2.6761024502934845,,112645.641475366
BWCOS,b0827,178.0,31.0601,6.9969645,3.4629790782928467,4.926265147039378,,112645.641475366
CA2t3pp,b1216,33.2825,,,,,,112645.641475366
CA2tex_num1,b1377,96.2904209055866,,,,,,134.631875
CA2tex_num2,b0241,33.2825,,,,,,134.631875
CA2tex_num3,b0929,94.8168,,,,,,134.631875
CA2tex_num4,b2215,96.2904209055866,,,,,,134.631875
CA2tex_reverse_num1,b1377,96.2904209055866,,,,,,134.631875
CA2tex_reverse_num2,b0241,33.2825,,,,,,134.631875
CA2tex_reverse_num3,b0929,94.8168,,,,,,134.631875
CA2tex_reverse_num4,b2215,96.2904209055866,,,,,,134.631875
CADVtpp,b4132,23.0,39.7847,9.020614,13.59971046447754,6.046301810920078,,112645.641475366
CAT_num1,b1732,267.4484423428645,,,,,4689.703703703704,
CAT_num2,b3942,270.8742779166039,,,,,4689.703703703704,
CAt6pp,b3196,33.2825,,,,,,112645.641475366
CAt6pp_reverse,b3196,33.2825,,,,,,112645.641475366
CBIAT,b1270,122.01550740447892,1.2275,,,51.78678409691066,,74.93867
CBIAT_reverse,b1270,122.01550740447892,2.0824,,,1.719566556138407,,74.93867
CBItonex,b3006 and b1252 and b3005 and b3966,176.53793119354842,33.0101,,,2.3451833249692777,,112645.641475366
CBIuabcpp,b0158 and b1711 and b1709,97.76404181117316,1.9616,,,9.661923757639329,0.845,
CBL1abcpp,b0158 and b1709 and b1711,97.76404181117316,16.4696,,,16.10528181133384,0.845,
CBL1tonex,b3006 and b1252 and b3005 and b3966,176.53793119354842,33.9735,,,8.375467515442104,,112645.641475366
CBLAT,b1270,122.01550740447892,25.845,,,7.381707492199664,,0.083720523076923
CBLAT_reverse,b1270,122.01550740447892,1.0745,,,7.228125235384933,,0.083720523076923
CBMD,s0001,,2.1694,,,5.3184063905396,,
CBMKr,b0521,152.62479040685164,,,,,,300.6
CBMKr_reverse,b0521,152.62479040685164,1.2496,0.048667382,49.084590911865234,10.728613456472884,,300.6
CBPS,b0032 and b0033,114.49559696909084,1.4882,12.700893,47.21492385864258,14.530183055053186,4.923333333333334,
CCGS,b0444,123.60963225270936,0.3726,0.78559077,2.087691068649292,20.02870703699569,,
CD2abcpp,b3469,75.41,,,,,,
CD2t3pp_num1,b3915,75.41,,,,,,112645.641475366
CD2t3pp_num2,b0752,75.41,,,,,,112645.641475366
CD2tex_num1,b1377,96.2904209055866,,,,,,112645.641475366
CD2tex_num2,b0241,33.2825,,,,,,112645.641475366
CD2tex_num3,b0929,94.8168,,,,,,112645.641475366
CD2tex_num4,b2215,96.2904209055866,,,,,,112645.641475366
CD2tex_reverse_num1,b1377,96.2904209055866,,,,,,112645.641475366
CD2tex_reverse_num2,b0241,33.2825,,,,,,112645.641475366
CD2tex_reverse_num3,b0929,94.8168,,,,,,112645.641475366
CD2tex_reverse_num4,b2215,96.2904209055866,,,,,,112645.641475366
CD2tpp,b3040,33.2825,,,,,,112645.641475366
CDAPPA120,b3918,152.62479040685164,7.1971,,10.991443634033203,2.972966605482647,,
CDAPPA140,b3918,152.62479040685164,2.5001,0.3636603,8.937493324279785,7.493196216912699,,
CDAPPA141,b3918,152.62479040685164,22.8066,,5.076630592346191,2.757886602159652,,
CDAPPA160,b3918,152.62479040685164,1.8321,,5.709909439086914,5.0721591674894135,,
CDAPPA161,b3918,152.62479040685164,122.9587,,5.550867557525635,4.954406308665546,,
CDAPPA180,b3918,152.62479040685164,7.8133,0.25975522,8.937493324279785,3.808522672656756,,
CDAPPA181,b3918,152.62479040685164,1.8321,,4.246244430541992,4.505918121530305,,
CDGR,b2794,118.43411865124476,0.3676,0.1338102,0.0687871575355529,13.944294938310186,0.068825,
CDGUNPD_num1,b1285,91.46666666666664,0.4179,,3.170663833618164,2.6182215851292328,,112645.641475366
CDGUNPD_num2,b1489,91.06287263702492,,,2.260815382003784,2.495309619634786,,112645.641475366
CDGUNPD_num3,b2503,97.61360481285834,,,1.0539823770523071,2.495309619634786,,112645.641475366
CDGUNPD_num4,b3525,153.48944171492553,,,2.6442222595214844,2.495309619634786,,112645.641475366
CDGUNPD_num5,b0315,91.46666666666664,,,2.0121660232543945,3.308078075270198,,112645.641475366
CDPMEK,b1208,119.0261688564688,11.826,1.7354745,4.416277885437012,4.309099605806645,,
CDPPH,b3614,153.48944171492553,,,,,,0.763
CELBpts_num1,b2416 and b2715 and b2415,168.6201396231135,7.6341,0.96225995,20.8717098236084,38.4344729658555,,112645.641475366
CELBpts_num2,b1737 and b1738 and b1736 and b2416 and b2415,152.59164458856753,,0.96225995,21.190519332885746,6.029423425870919,,112645.641475366
CFAS160E,b1661,76.35248958333332,8.2458,0.04582005,0.3516616821289062,3.842358408537775,0.6072500000000001,
CFAS160G,b1661,76.35248958333332,2.6877,0.04582005,0.3845124244689941,1.943590361031116,0.6072500000000001,
CFAS180E,b1661,76.35248958333332,4.2905,0.04582005,0.3516616821289062,4.997115889605346,0.6072500000000001,
CFAS180G,b1661,76.35248958333332,4.2905,0.04582005,0.3516616821289062,5.406071981729759,0.6072500000000001,
CGLYabcpp,b3540 and b3542 and b3544 and b3543 and b3541,104.73241798245591,167.7963,1.232133,18.979406356811523,10.32508343721834,,112645.641475366
CGLYtex_num1,b1377,96.2904209055866,,,,,,112645.641475366
CGLYtex_num2,b0241,33.2825,,,,,,112645.641475366
CGLYtex_num3,b0929,94.8168,,,,,,112645.641475366
CGLYtex_num4,b2215,96.2904209055866,,,,,,112645.641475366
CGLYtex_reverse_num1,b1377,96.2904209055866,,,,,,112645.641475366
CGLYtex_reverse_num2,b0241,33.2825,,,,,,112645.641475366
CGLYtex_reverse_num3,b0929,94.8168,,,,,,112645.641475366
CGLYtex_reverse_num4,b2215,96.2904209055866,,,,,,112645.641475366
CHLabcpp,b2131 and b2129 and b2128 and b2130,90.65907860738318,12.3837,1.6106671,19.98031997680664,9.945834285751776,,112645.641475366
CHLt2pp_num1,b0314,33.2825,77030.5365,3.713378,36.21215438842773,2.412349946475909,,112645.641475366
CHLt2pp_num2,b1801,23.0,,16.186394,36.318973541259766,1.7922015180772033,,112645.641475366
CHLt3pp,b0543,33.2825,27.1069,4.230186,18.734582901000977,1.596709471244132,,112645.641475366
CHLtex_num1,b1377,96.2904209055866,,,,,,112645.641475366
CHLtex_num2,b0241,33.2825,,,,,,112645.641475366
CHLtex_num3,b0929,94.8168,,,,,,112645.641475366
CHLtex_num4,b2215,96.2904209055866,,,,,,112645.641475366
CHLtex_reverse_num1,b1377,96.2904209055866,,,,,,112645.641475366
CHLtex_reverse_num2,b0241,33.2825,,,,,,112645.641475366
CHLtex_reverse_num3,b0929,94.8168,,,,,,112645.641475366
CHLtex_reverse_num4,b2215,96.2904209055866,,,,,,112645.641475366
CHOLATEtpp,b4337,23.0,8.2458,1.5506561,22.84856605529785,1.642745451666022,,112645.641475366
CHOLD,b0311,120.42138255624845,0.1562,25.199697,110.29621124267578,6.814832905594133,,96.69529413529412
CHOLID,b1619,143.25976446138526,2.4653,3.5868316,53.81844711303711,5.688412376681967,,112645.641475366
CHORM_num1,b2599,138.0434703703704,,,,,147457.6457894737,
CHORM_num2,b2600,136.71153247522938,,,,,147457.6457894737,
CHORS,b2329,108.46483596491184,,,,,38615.17333333333,
CHRPL_num1,b4039,136.71153247522938,,,,,1.34,
CHRPL_num2,b1096,126.3166780801852,,,,,1.34,
CHTBSptspp,b2415 and b1737 and b1738 and b1736 and b2416,152.59164458856753,4448.3859,0.96225995,12.219724655151367,38.4344729658555,,112645.641475366
CHTBStex_num1,b0241,33.2825,,,,,,112645.641475366
CHTBStex_num2,b0929,94.8168,,,,,,112645.641475366
CHTBStex_num3,b2215,96.2904209055866,,,,,,112645.641475366
CHTBStex_num4,b1377,96.2904209055866,,,,,,112645.641475366
CHTBStex_num5,b0681,108.57909603105938,,,,,,112645.641475366
CHTBStex_reverse_num1,b0241,33.2825,,,,,,112645.641475366
CHTBStex_reverse_num2,b0929,94.8168,,,,,,112645.641475366
CHTBStex_reverse_num3,b2215,96.2904209055866,,,,,,112645.641475366
CHTBStex_reverse_num4,b1377,96.2904209055866,,,,,,112645.641475366
CHTBStex_reverse_num5,b0681,108.57909603105938,,,,,,112645.641475366
CINNDO,b2540 and b2542 and b2538 and b2539,136.71153247522938,121.0202,7.149949,14.974894523620604,8.499363117736904,,
CITL,b0614 and b0615 and b0617 and b0616,149.80799644754114,,,,,,
CITt7pp,b0612,23.0,36.1362,21.48018,25.451419830322266,4.570910570141916,,112645.641475366
CITtex_num1,b1377,96.2904209055866,,,,,,112645.641475366
CITtex_num2,b0241,33.2825,,,,,,112645.641475366
CITtex_num3,b0929,94.8168,,,,,,112645.641475366
CITtex_num4,b2215,96.2904209055866,,,,,,112645.641475366
CITtex_reverse_num1,b1377,96.2904209055866,,,,,,112645.641475366
CITtex_reverse_num2,b0241,33.2825,,,,,,112645.641475366
CITtex_reverse_num3,b0929,94.8168,,,,,,112645.641475366
CITtex_reverse_num4,b2215,96.2904209055866,,,,,,112645.641475366
CLBtex_num1,b0929,94.8168,,,,,,112645.641475366
CLBtex_num2,b0241,33.2825,,,,,,112645.641475366
CLBtex_num3,b1377,96.2904209055866,,,,,,112645.641475366
CLBtex_num4,b2215,96.2904209055866,,,,,,112645.641475366
CLBtex_reverse_num1,b0929,94.8168,,,,,,112645.641475366
CLBtex_reverse_num2,b0241,33.2825,,,,,,112645.641475366
CLBtex_reverse_num3,b1377,96.2904209055866,,,,,,112645.641475366
CLBtex_reverse_num4,b2215,96.2904209055866,,,,,,112645.641475366
CLIPAabctex,b0054 and b3201 and b4261 and b4262 and b3199 and b3200 and b0641,101.0,13.2098,1.3664808,7.871926307678223,10.397610637812583,,112645.641475366
CLPNS120pp_num1,b0789,173.42795360893282,,,,,,112645.641475366
CLPNS120pp_num2,b1249,125.53247203458906,,,,,,112645.641475366
CLPNS120pp_reverse_num1,b0789,173.42795360893282,4.3598,2.9780304,23.384172439575195,1.3015937718900872,,112645.641475366
CLPNS120pp_reverse_num2,b1249,125.53247203458906,,3.2862868,28.69028282165528,4.074876182746937,,112645.641475366
CLPNS140pp_num1,b1249,125.53247203458906,,,,,,112645.641475366
CLPNS140pp_num2,b0789,173.42795360893282,,,,,,112645.641475366
CLPNS140pp_reverse_num1,b1249,125.53247203458906,2.4864,3.2862868,7.250172615051269,5.265135685472943,,112645.641475366
CLPNS140pp_reverse_num2,b0789,173.42795360893282,,2.9780304,5.278357982635498,7.020495826429408,,112645.641475366
CLPNS141pp_num1,b1249,125.53247203458906,,,,,,112645.641475366
CLPNS141pp_num2,b0789,173.42795360893282,,,,,,112645.641475366
CLPNS141pp_reverse_num1,b1249,125.53247203458906,2.3523,3.2862868,28.69028282165528,4.074876182746937,,112645.641475366
CLPNS141pp_reverse_num2,b0789,173.42795360893282,,2.9780304,23.384172439575195,,,112645.641475366
CLPNS160pp_num1,b0789,173.42795360893282,,,,,,112645.641475366
CLPNS160pp_num2,b1249,125.53247203458906,,,,,,112645.641475366
CLPNS160pp_reverse_num1,b0789,173.42795360893282,4.9667,2.9780304,5.437850475311279,10.400376497266745,,112645.641475366
CLPNS160pp_reverse_num2,b1249,125.53247203458906,,3.2862868,7.4692463874816895,4.126232577709164,,112645.641475366
CLPNS161pp_num1,b1249,125.53247203458906,,,,,,112645.641475366
CLPNS161pp_num2,b0789,173.42795360893282,,,,,,112645.641475366
CLPNS161pp_reverse_num1,b1249,125.53247203458906,12.9585,3.2862868,6.630756378173828,10.400376497266745,,112645.641475366
CLPNS161pp_reverse_num2,b0789,173.42795360893282,,2.9780304,5.278357982635498,4.126232577709164,,112645.641475366
CLPNS180pp_num1,b1249,125.53247203458906,,,,,,112645.641475366
CLPNS180pp_num2,b0789,173.42795360893282,,,,,,112645.641475366
CLPNS180pp_reverse_num1,b1249,125.53247203458906,13.4273,3.2862868,7.29499626159668,8.135649937618254,,112645.641475366
CLPNS180pp_reverse_num2,b0789,173.42795360893282,,2.9780304,7.323379039764404,3.5556925393700345,,112645.641475366
CLPNS181pp_num1,b1249,125.53247203458906,,,,,,112645.641475366
CLPNS181pp_num2,b0789,173.42795360893282,,,,,,112645.641475366
CLPNS181pp_reverse_num1,b1249,125.53247203458906,15.7634,3.2862868,4.779146671295166,1.1913139004523228,,112645.641475366
CLPNS181pp_reverse_num2,b0789,173.42795360893282,,2.9780304,4.285483360290527,8.45796774937034,,112645.641475366
CLt3_2pp,b0155,33.2825,,,,,,112645.641475366
CLtex_num1,b1377,96.2904209055866,,,,,,112645.641475366
CLtex_num2,b0241,33.2825,,,,,,112645.641475366
CLtex_num3,b0929,94.8168,,,,,,112645.641475366
CLtex_num4,b2215,96.2904209055866,,,,,,112645.641475366
CLtex_reverse_num1,b1377,96.2904209055866,,,,,,112645.641475366
CLtex_reverse_num2,b0241,33.2825,,,,,,112645.641475366
CLtex_reverse_num3,b0929,94.8168,,,,,,112645.641475366
CLtex_reverse_num4,b2215,96.2904209055866,,,,,,112645.641475366
CLtipp,b1592,33.2825,,,,,,112645.641475366
CMPtex_num1,b1377,96.2904209055866,,,,,,112645.641475366
CMPtex_num2,b0241,33.2825,,,,,,112645.641475366
CMPtex_num3,b0929,94.8168,,,,,,112645.641475366
CMPtex_num4,b2215,96.2904209055866,,,,,,112645.641475366
CMPtex_reverse_num1,b1377,96.2904209055866,,,,,,112645.641475366
CMPtex_reverse_num2,b0241,33.2825,,,,,,112645.641475366
CMPtex_reverse_num3,b0929,94.8168,,,,,,112645.641475366
CMPtex_reverse_num4,b2215,96.2904209055866,,,,,,112645.641475366
CMtex_num1,b1377,96.2904209055866,,,,,,112645.641475366
CMtex_num2,b2215,96.2904209055866,,,,,,112645.641475366
CMtex_num3,b0929,94.8168,,,,,,112645.641475366
CMtex_num4,b0241,33.2825,,,,,,112645.641475366
CMtex_reverse_num1,b1377,96.2904209055866,,,,,,112645.641475366
CMtex_reverse_num2,b2215,96.2904209055866,,,,,,112645.641475366
CMtex_reverse_num3,b0929,94.8168,,,,,,112645.641475366
CMtex_reverse_num4,b0241,33.2825,,,,,,112645.641475366
CMtpp_num1,b3035 and b0463 and b2470,149.80799644754114,30.6662,6.531447,42.18484115600586,7.897718004824455,,112645.641475366
CMtpp_num2,b3035 and b0463 and b0462,97.76404181117316,,6.441701,42.18484115600586,7.259497221002383,,112645.641475366
CO2tex_num1,b1377,96.2904209055866,,,,,,112645.641475366
CO2tex_num2,b0241,33.2825,,,,,,112645.641475366
CO2tex_num3,b0929,94.8168,,,,,,112645.641475366
CO2tex_num4,b2215,96.2904209055866,,,,,,112645.641475366
CO2tex_reverse_num1,b1377,96.2904209055866,,,,,,112645.641475366
CO2tex_reverse_num2,b0241,33.2825,,,,,,112645.641475366
CO2tex_reverse_num3,b0929,94.8168,,,,,,112645.641475366
CO2tex_reverse_num4,b2215,96.2904209055866,,,,,,112645.641475366
COBALT2abcpp,b3469,75.41,,,,,,112645.641475366
COBALT2t3pp_num1,b0752,75.41,,,,,,112645.641475366
COBALT2t3pp_num2,b3915,75.41,,,,,,112645.641475366
COBALT2tex_num1,b1377,96.2904209055866,,,,,,112645.641475366
COBALT2tex_num2,b0241,33.2825,,,,,,112645.641475366
COBALT2tex_num3,b0929,94.8168,,,,,,112645.641475366
COBALT2tex_num4,b2215,96.2904209055866,,,,,,112645.641475366
COBALT2tex_reverse_num1,b1377,96.2904209055866,,,,,,112645.641475366
COBALT2tex_reverse_num2,b0241,33.2825,,,,,,112645.641475366
COBALT2tex_reverse_num3,b0929,94.8168,,,,,,112645.641475366
COBALT2tex_reverse_num4,b2215,96.2904209055866,,,,,,112645.641475366
COBALT2tpp_num1,b3040,33.2825,,,,,,112645.641475366
COBALT2tpp_num2,b3816,91.06287263702492,,,,,,112645.641475366
COLIPAKpp,b2174,98.49306668197664,76.8241,3.2036076,1.89673376083374,4.969088056880007,,112645.641475366
COLIPAPabctex,b0054 and b3201 and b4261 and b4262 and b3199 and b3200 and b0641,101.0,9.1752,,7.871926307678223,16.138856748077675,,112645.641475366
COLIPAabcpp,b0914,75.96272439544778,7.6677,0.5061815,3.9198834896087646,2.988448725475315,,112645.641475366
COLIPAabctex,b0054 and b3201 and b3200 and b0641 and b4262 and b3199 and b4261,101.0,92.6543,1.075417,7.871926307678223,9.490631515381825,,112645.641475366
CPGNabcpp,b0153 and b0151 and b0152,113.04789556080048,85.6005,2.4376771,,12.308178006291405,,112645.641475366
CPGNexs,s0001,,5.6952,,,6.334036791279153,,
CPGNtonex,b1102 and b3006 and b1252 and b3005,176.5379311935484,17.9263,1.6296384,,5.881932180010614,,112645.641475366
CPH4S,b2765,160.70234805267864,7.1012,0.44113195,1.5783331394195557,3.1130879066541373,,
CPL,b4098,149.80799644754114,,,,,,112645.641475366
CPMPS,b0783 and b0781,205.72000000000008,,,,,,
CPPPGO,b2436,226.83501457876545,22.2803,6.7893243,0.9578078985214232,1.4788533079519324,42903.75,
CPPPGO2,b3867,123.60963225270936,103.7542,0.24957687,3.89492392539978,5.727440571245332,,300.014
CRNBTCT,b0038,197.70251011777788,7.9707,13.423011,3.562162399291992,4.570910570141916,,
CRNBTCT_reverse,b0038,197.70251011777788,24.3874,10.43553,5.567242622375488,6.47591517554057,,
CRNCAL2,b0037,121.23861216232469,1.3936,13.969464,0.3599119186401367,4.111808695024229,,112645.641475366
CRNCAR,b0036,118.43411865124476,,,,,,
CRNCAR_reverse,b0036,118.43411865124476,,,,,,
CRNCBCT,b0038,197.70251011777788,21.4534,7.5008874,2.212373733520508,32.784283343370234,,
CRNCBCT_reverse,b0038,197.70251011777788,7.1623,7.2722373,6.460740566253662,4.796787187746041,,
CRNCDH,b0036,118.43411865124476,,,,,,
CRNCDH_reverse,b0036,118.43411865124476,10.8248,5.7267227,6.2881574630737305,49.030545655950206,,
CRNDCAL2,b0037,121.23861216232469,19.8237,13.969464,0.3599119186401367,2.412349946475909,,112645.641475366
CRNDabcpp,b2677 and b2679 and b2678,90.65907860738318,77.6947,8.922471,18.982484817504883,10.64306759329147,,112645.641475366
CRNDt2rpp,b4111,23.0,4.9046,13.257745,15.8236083984375,5.745817873811871,,112645.641475366
CRNDt2rpp_reverse,b4111,23.0,12.6964,13.257745,15.8236083984375,6.23463125887155,,112645.641475366
CRNDtex_num1,b0241,33.2825,,,,,,112645.641475366
CRNDtex_num2,b1377,96.2904209055866,,,,,,112645.641475366
CRNDtex_num3,b2215,96.2904209055866,,,,,,112645.641475366
CRNDtex_num4,b0929,94.8168,,,,,,112645.641475366
CRNDtex_reverse_num1,b0241,33.2825,,,,,,112645.641475366
CRNDtex_reverse_num2,b1377,96.2904209055866,,,,,,112645.641475366
CRNDtex_reverse_num3,b2215,96.2904209055866,,,,,,112645.641475366
CRNDtex_reverse_num4,b0929,94.8168,,,,,,112645.641475366
CRNabcpp,b2677 and b2679 and b2678,90.65907860738318,3.5799,8.922471,18.982484817504883,5.745817873811871,,112645.641475366
CRNt2rpp,b4111,23.0,0.8243,13.257745,15.8236083984375,4.685826033894374,,112645.641475366
CRNt2rpp_reverse,b4111,23.0,26.6964,13.257745,15.8236083984375,9.685838815944882,,112645.641475366
CRNt7pp,b0040,23.0,11.4879,3.5186164,37.41640472412109,3.0074356916630367,,112645.641475366
CRNt8pp,b0040,23.0,6.3414,4.2259192,37.41640472412109,4.570910570141916,,112645.641475366
CRNtex_num1,b1377,96.2904209055866,,,,,,112645.641475366
CRNtex_num2,b0241,33.2825,,,,,,112645.641475366
CRNtex_num3,b0929,94.8168,,,,,,112645.641475366
CRNtex_num4,b2215,96.2904209055866,,,,,,112645.641475366
CRNtex_reverse_num1,b1377,96.2904209055866,,,,,,112645.641475366
CRNtex_reverse_num2,b0241,33.2825,,,,,,112645.641475366
CRNtex_reverse_num3,b0929,94.8168,,,,,,112645.641475366
CRNtex_reverse_num4,b2215,96.2904209055866,,,,,,112645.641475366
CS,b0720,136.47847541820553,24.6002,44.993618,38.19630432128906,229.50963769458312,78.0,
CS1tex_num1,b0241,33.2825,,,,,,112645.641475366
CS1tex_num2,b0929,94.8168,,,,,,112645.641475366
CS1tex_num3,b2215,96.2904209055866,,,,,,112645.641475366
CS1tex_num4,b1377,96.2904209055866,,,,,,112645.641475366
CS1tex_reverse_num1,b0241,33.2825,,,,,,112645.641475366
CS1tex_reverse_num2,b0929,94.8168,,,,,,112645.641475366
CS1tex_reverse_num3,b2215,96.2904209055866,,,,,,112645.641475366
CS1tex_reverse_num4,b1377,96.2904209055866,,,,,,112645.641475366
CSND,b0337,133.20262771610487,0.1886,5.317655,111.96247863769533,6.334036791279153,111.616,
CSNt2pp,b0336,23.0,0.8294,2.6902056,53.481536865234375,4.811248420422673,,112645.641475366
CSNtex_num1,b1377,96.2904209055866,,,,,,112645.641475366
CSNtex_num2,b0241,33.2825,,,,,,112645.641475366
CSNtex_num3,b0929,94.8168,,,,,,112645.641475366
CSNtex_num4,b2215,96.2904209055866,,,,,,112645.641475366
CSNtex_reverse_num1,b1377,96.2904209055866,,,,,,112645.641475366
CSNtex_reverse_num2,b0241,33.2825,,,,,,112645.641475366
CSNtex_reverse_num3,b0929,94.8168,,,,,,112645.641475366
CSNtex_reverse_num4,b2215,96.2904209055866,,,,,,112645.641475366
CTBTCAL2,b0037,121.23861216232469,18.0618,3.2249646,0.99029278755188,4.588231538118686,,112645.641475366
CTBTabcpp,b2677 and b2678 and b2679,90.65907860738318,58.3863,1.682536,18.982484817504883,12.39078414720572,,112645.641475366
CTBTt2rpp,b4111,23.0,2.1014,1.6835867,15.8236083984375,10.626723192819652,,112645.641475366
CTBTt2rpp_reverse,b4111,23.0,2.2416,1.6835867,15.8236083984375,4.394049003149232,,112645.641475366
CTECOAI6,b3846,120.42138255624845,,,,,63.0,
CTECOAI6_reverse,b3846,120.42138255624845,,,,,63.0,
CTECOAI7,b3846,120.42138255624845,,,,,63.0,
CTECOAI7_reverse,b3846,120.42138255624845,,,,,63.0,
CTECOAI8,b3846,120.42138255624845,,,,,63.0,
CTECOAI8_reverse,b3846,120.42138255624845,,,,,63.0,
CTPS2,b2780,78.6014212963055,38.8371,3.3792737,6.067229270935059,0.7135666041154233,7.515833333333333,
CU1Opp,b0123,206.75125446366417,,,,,,
CU1abcpp,b0484,75.41,,,,,,0.26
CU2abcpp,b3469,75.41,,,,,,
CU2tex_num1,b0241,33.2825,,,,,,112645.641475366
CU2tex_num2,b1377,96.2904209055866,,,,,,112645.641475366
CU2tex_num3,b2215,96.2904209055866,,,,,,112645.641475366
CU2tex_num4,b0929,94.8168,,,,,,112645.641475366
CU2tex_reverse_num1,b0241,33.2825,,,,,,112645.641475366
CU2tex_reverse_num2,b1377,96.2904209055866,,,,,,112645.641475366
CU2tex_reverse_num3,b2215,96.2904209055866,,,,,,112645.641475366
CU2tex_reverse_num4,b0929,94.8168,,,,,,112645.641475366
CU2tpp,b3040,33.2825,,,,,,112645.641475366
CURR,b1449,130.15983707102805,0.9875,,7.277730941772461,4.423306762159818,,112645.641475366
CUt2pp_num1,b2924,92.71685493840006,,,,,,112645.641475366
CUt2pp_num2,b0577,97.46316781454354,,,,,,112645.641475366
CUt2pp_num3,b0465,95.0900113764718,,,,,,112645.641475366
CUt2pp_num4,b3291,90.65907860738318,,,,,,112645.641475366
CUt2pp_num5,b1330,208.4883024024492,,,,,,112645.641475366
CUt2pp_num6,b4159,80.15146,,,,,,112645.641475366
CUt2pp_num7,b0808,153.12617210681117,,,,,,112645.641475366
CUt3,b0573 and b0572 and b0574 and b0575,128.2406734749161,,,,,,112645.641475366
CUtex_num1,b1377,96.2904209055866,,,,,,112645.641475366
CUtex_num2,b0241,33.2825,,,,,,112645.641475366
CUtex_num3,b0929,94.8168,,,,,,112645.641475366
CUtex_num4,b2215,96.2904209055866,,,,,,112645.641475366
CUtex_reverse_num1,b1377,96.2904209055866,,,,,,112645.641475366
CUtex_reverse_num2,b0241,33.2825,,,,,,112645.641475366
CUtex_reverse_num3,b0929,94.8168,,,,,,112645.641475366
CUtex_reverse_num4,b2215,96.2904209055866,,,,,,112645.641475366
CXSAMS,b1870,97.97811724826008,17.9899,0.11991379,0.0788628533482551,5.265135685472943,,112645.641475366
CYANST_num1,b2668,278.6,9.307,38.039474,4.30738639831543,4.708534997994969,245.0,
CYANST_num2,b3425,270.8742779166039,,24.530794,33.216060638427734,5.216962663451387,245.0,
CYANST_num3,b2521,207.78250892732828,,14.490479,33.65251922607422,4.26478635416554,245.0,
CYANSTpp,b1308,247.9500291575308,32.7124,1.2481902,60.24456024169922,4.075808913109514,245.0,
CYANtex_num1,b1377,96.2904209055866,,,,,,112645.641475366
CYANtex_num2,b0241,33.2825,,,,,,112645.641475366
CYANtex_num3,b0929,94.8168,,,,,,112645.641475366
CYANtex_num4,b2215,96.2904209055866,,,,,,112645.641475366
CYANtex_reverse_num1,b1377,96.2904209055866,,,,,,112645.641475366
CYANtex_reverse_num2,b0241,33.2825,,,,,,112645.641475366
CYANtex_reverse_num3,b0929,94.8168,,,,,,112645.641475366
CYANtex_reverse_num4,b2215,96.2904209055866,,,,,,112645.641475366
CYNTAH,b0340,207.78250892732828,12.9585,58.79718,22.55681610107422,14.530183055053186,,
CYNTt2pp,b0341,26.47,15.5438,,30.382129669189453,2.698624239290672,,112645.641475366
CYNTtex_num1,b0929,94.8168,,,,,,112645.641475366
CYNTtex_num2,b2215,96.2904209055866,,,,,,112645.641475366
CYNTtex_num3,b0241,33.2825,,,,,,112645.641475366
CYNTtex_num4,b1377,96.2904209055866,,,,,,112645.641475366
CYNTtex_reverse_num1,b0929,94.8168,,,,,,112645.641475366
CYNTtex_reverse_num2,b2215,96.2904209055866,,,,,,112645.641475366
CYNTtex_reverse_num3,b0241,33.2825,,,,,,112645.641475366
CYNTtex_reverse_num4,b1377,96.2904209055866,,,,,,112645.641475366
CYSDDS,b1919,122.42412220751704,9.7066,46.530704,12.780275344848633,6.47591517554057,72.0,
CYSDS_num1,b3008,121.23861216232469,0.6255,5.4222345,9.234712600708008,0.361033711661598,59.15405882352941,
CYSDS_num2,b3708,121.23861216232469,1.8199,3.6409776,6.205461502075195,8.645785370246568,59.15405882352941,
CYSDtex_num1,b1377,96.2904209055866,,,,,,112645.641475366
CYSDtex_num2,b0241,33.2825,,,,,,112645.641475366
CYSDtex_num3,b0929,94.8168,,,,,,112645.641475366
CYSDtex_num4,b2215,96.2904209055866,,,,,,112645.641475366
CYSDtex_reverse_num1,b1377,96.2904209055866,,,,,,112645.641475366
CYSDtex_reverse_num2,b0241,33.2825,,,,,,112645.641475366
CYSDtex_reverse_num3,b0929,94.8168,,,,,,112645.641475366
CYSDtex_reverse_num4,b2215,96.2904209055866,,,,,,112645.641475366
CYSItex_num1,b1377,96.2904209055866,,,,,,112645.641475366
CYSItex_num2,b0929,94.8168,,,,,,112645.641475366
CYSItex_num3,b0241,33.2825,,,,,,112645.641475366
CYSItex_num4,b2215,96.2904209055866,,,,,,112645.641475366
CYSItex_reverse_num1,b1377,96.2904209055866,,,,,,112645.641475366
CYSItex_reverse_num2,b0929,94.8168,,,,,,112645.641475366
CYSItex_reverse_num3,b0241,33.2825,,,,,,112645.641475366
CYSItex_reverse_num4,b2215,96.2904209055866,,,,,,112645.641475366
CYSItpp,b3943,33.2825,,,,,,112645.641475366
CYSSADS_num1,b2810,127.27867577755065,115.4018,7.1000104,4.642910957336426,2.388254761409444,,89.0
CYSSADS_num2,b1680,128.2406734749161,,1.9538215,5.076631546020508,1.407557400154843,,89.0
CYSS_num1,b2421,129.20025527297207,22.5466,20.529541,3.0558316707611084,1.6927005065615068,954.6666666666666,
CYSS_num2,b2414,121.20698236312832,,4.890348,8.94125747680664,2.459055654015251,954.6666666666666,
CYSTA,b0928,128.2406734749161,6.3506,66.28428,368.2811584472656,9.38360738254706,40.64,
CYSTL_num1,b3008,121.23861216232469,2.1966,3.1471543,12.812579154968262,0.361033711661598,34.1,
CYSTL_num2,b1622,121.20698236312832,,3.7025921,19.12885856628418,8.509523323516037,34.1,
CYSabc2pp,b0887 and b0886,75.41,5.4277,0.32292676,5.082626819610596,4.079976151218269,,
CYSabcpp,b1920 and b1918 and b1917,97.76404181117316,0.6477,11.475595,25.94870376586914,20.83005914936328,,
CYStex_num1,b1377,96.2904209055866,,,,,,112645.641475366
CYStex_num2,b0241,33.2825,,,,,,112645.641475366
CYStex_num3,b0929,94.8168,,,,,,112645.641475366
CYStex_num4,b2215,96.2904209055866,,,,,,112645.641475366
CYStex_reverse_num1,b1377,96.2904209055866,,,,,,112645.641475366
CYStex_reverse_num2,b0241,33.2825,,,,,,112645.641475366
CYStex_reverse_num3,b0929,94.8168,,,,,,112645.641475366
CYStex_reverse_num4,b2215,96.2904209055866,,,,,,112645.641475366
CYStpp_num1,b2578,23.0,,,,,,112645.641475366
CYStpp_num2,b1533,33.2825,,,,,,112645.641475366
CYTBD2pp,b0978 and b0979,76.85543693694589,59.1738,14.144953,11.821221351623535,6.332120906841956,,112645.641475366
CYTBDpp_num1,b0978 and b0979,76.85543693694589,,,,,,112645.641475366
CYTBDpp_num2,b0733 and b0734 and b4515,82.40125605302632,,,,,,112645.641475366
CYTBO3_4pp,b0429 and b0432 and b0431 and b0430,87.34861174490996,,,,,,112645.641475366
CYTD,b2143,115.69288473855748,10.695,5.896643,25.40924453735352,3.958160458863679,370872.39025641023,
CYTDH_num1,b0651,118.05713364740296,1.8059,3.2889678,12.104564666748049,5.911690437717237,6.359999999999999,
CYTDH_num2,b2162,136.2454183611817,,1.3371586,20.07859992980957,4.810772528691261,6.359999999999999,
CYTDH_num3,b0030,121.23861216232469,,13.675633,12.813152313232422,5.8218552443149,6.359999999999999,
CYTDK1,b2066,97.46316781454354,0.0025,1.677019,2.0296573638916016,2.698624239290672,324706.6666666667,
CYTDK2,b2066,97.46316781454354,0.002,1.677019,2.0296573638916016,2.698624239290672,324706.6666666667,
CYTDt2pp_copy1_num1,b2393,33.2825,15.5438,2.9400225,13.50819969177246,2.698624239290672,,112645.641475366
CYTDt2pp_copy1_num2,b2964,23.0,,4.68489,18.34995651245117,0.536723264075099,,112645.641475366
CYTDt2pp_copy2,b2406,23.0,3.6785,2.4943209,16.7822265625,2.7021429464568483,,112645.641475366
CYTDt2pp_copy2_reverse,b2406,23.0,10.9879,2.4943209,16.7822265625,16.150882020478523,,112645.641475366
CYTDtex_num1,b1377,96.2904209055866,,,,,,112645.641475366
CYTDtex_num2,b0241,33.2825,,,,,,112645.641475366
CYTDtex_num3,b0929,94.8168,,,,,,112645.641475366
CYTDtex_num4,b2215,96.2904209055866,,,,,,112645.641475366
CYTDtex_reverse_num1,b1377,96.2904209055866,,,,,,112645.641475366
CYTDtex_reverse_num2,b0241,33.2825,,,,,,112645.641475366
CYTDtex_reverse_num3,b0929,94.8168,,,,,,112645.641475366
CYTDtex_reverse_num4,b2215,96.2904209055866,,,,,,112645.641475366
CYTK1,b0910,97.61360481285834,,,,,103.0,
CYTK1_reverse,b0910,97.61360481285834,,,,,103.0,
CYTK2,b0910,97.61360481285834,,,,,108.0,
CYTK2_reverse,b0910,97.61360481285834,,,,,108.0,
DAAD,b1189,136.2454183611817,4.9723,1.5235671,10.40248680114746,1.9562772055410185,,0.74
DADA,b1623,126.88473466186872,13.0963,2.4550316,10.922500610351562,1.82702468603913,168032.81666666668,
DADK,b0474,78.6014212963055,,,,,943440.0,
DADK_reverse,b0474,78.6014212963055,,,,,943440.0,
DADNt2pp_num1,b2393,33.2825,104.2427,2.32138,13.50819969177246,3.958160458863679,,112645.641475366
DADNt2pp_num2,b2964,23.0,,2.2703772,18.34995651245117,0.2977766421705213,,112645.641475366
DADNtex,b0411,179.45385264683853,,,,,,112645.641475366
DADNtex_reverse,b0411,179.45385264683853,,,,,,112645.641475366
DAGK120,b4042,168.80927422377056,2.1439,,13.547255516052246,5.717953119838133,,112645.641475366
DAGK140,b4042,168.80927422377056,2.0373,,3.655947208404541,17.527193281992982,,112645.641475366
DAGK141,b4042,168.80927422377056,4.3893,,13.547255516052246,1.0735492307450478,,112645.641475366
DAGK160,b4042,168.80927422377056,10.0238,,3.343602418899536,1.2177812483263957,25886.69025,
DAGK161,b4042,168.80927422377056,12.9585,,13.547255516052246,23.20984801412347,,112645.641475366
DAGK180,b4042,168.80927422377056,43.8226,,3.548717975616455,4.505918121530305,,112645.641475366
DAGK181,b4042,168.80927422377056,24.1773,,13.547255516052246,4.505918121530305,,112645.641475366
DALAt2pp,b4208,23.0,21.6201,4.986246,36.413177490234375,3.709008719383553,,112645.641475366
DALAtex_num1,b1377,96.2904209055866,,,,,,112645.641475366
DALAtex_num2,b0241,33.2825,,,,,,112645.641475366
DALAtex_num3,b0929,94.8168,,,,,,112645.641475366
DALAtex_num4,b2215,96.2904209055866,,,,,,112645.641475366
DALAtex_reverse_num1,b1377,96.2904209055866,,,,,,112645.641475366
DALAtex_reverse_num2,b0241,33.2825,,,,,,112645.641475366
DALAtex_reverse_num3,b0929,94.8168,,,,,,112645.641475366
DALAtex_reverse_num4,b2215,96.2904209055866,,,,,,112645.641475366
DAMPtex_num1,b1377,96.2904209055866,,,,,,112645.641475366
DAMPtex_num2,b0241,33.2825,,,,,,112645.641475366
DAMPtex_num3,b0929,94.8168,,,,,,112645.641475366
DAMPtex_num4,b2215,96.2904209055866,,,,,,112645.641475366
DAMPtex_reverse_num1,b1377,96.2904209055866,,,,,,112645.641475366
DAMPtex_reverse_num2,b0241,33.2825,,,,,,112645.641475366
DAMPtex_reverse_num3,b0929,94.8168,,,,,,112645.641475366
DAMPtex_reverse_num4,b2215,96.2904209055866,,,,,,112645.641475366
DAPAL,b2871,128.2406734749161,6.6174,21.775894,42.04164123535156,6.2187170414927255,23.9215,
DAPDC,b2838,128.2406734749161,4.7739,7.1399145,12.087963104248049,1.642745451666022,55.0,
DAPE,b3809,122.42412220751704,,,,,84.0,
DAPE_reverse,b3809,122.42412220751704,,,,,84.0,
DAPtex_num1,b1377,96.2904209055866,,,,,,112645.641475366
DAPtex_num2,b0241,33.2825,,,,,,112645.641475366
DAPtex_num3,b0929,94.8168,,,,,,112645.641475366
DAPtex_num4,b2215,96.2904209055866,,,,,,112645.641475366
DAPtex_reverse_num1,b1377,96.2904209055866,,,,,,112645.641475366
DAPtex_reverse_num2,b0241,33.2825,,,,,,112645.641475366
DAPtex_reverse_num3,b0929,94.8168,,,,,,112645.641475366
DAPtex_reverse_num4,b2215,96.2904209055866,,,,,,112645.641475366
DASYN120,b0175,71.13678125,10.4293,,15.781052589416504,3.842358408537775,8077.911433333333,
DASYN140,b0175,71.13678125,0.1435,7.398984,7.957583904266357,7.999008674875839,8077.911433333333,
DASYN141,b0175,71.13678125,1.8321,,5.908768177032471,3.5590811542674947,8077.911433333333,
DASYN160,b0175,71.13678125,8.6149,6.5379987,4.47877311706543,5.229580381385889,8077.911433333333,
DASYN161,b0175,71.13678125,8.7501,,5.56724214553833,5.114822617592146,8077.911433333333,
DASYN180,b0175,71.13678125,1.8321,3.3729498,7.277729988098144,9.129954971721624,8077.911433333333,
DASYN181,b0175,71.13678125,101.3348,,6.27124547958374,3.095314723399571,8077.911433333333,
DB4PS,b3041,121.20698236312832,,,,,,
DBTS,b0778,108.46483596491184,4.1334,1.2404304,27.451494216918945,8.708945742095699,9.6880416675,
DC6PDA,b1733,149.80799644754114,8.2218,4.6366043,3.457683801651001,3.2749292691771887,,112645.641475366
DCAtex_num1,b1377,96.2904209055866,,,,,,112645.641475366
DCAtex_num2,b0241,33.2825,,,,,,112645.641475366
DCAtex_num3,b0929,94.8168,,,,,,112645.641475366
DCAtex_num4,b2215,96.2904209055866,,,,,,112645.641475366
DCAtex_reverse_num1,b1377,96.2904209055866,,,,,,112645.641475366
DCAtex_reverse_num2,b0241,33.2825,,,,,,112645.641475366
DCAtex_reverse_num3,b0929,94.8168,,,,,,112645.641475366
DCAtex_reverse_num4,b2215,96.2904209055866,,,,,,112645.641475366
DCMPtex_num1,b1377,96.2904209055866,,,,,,112645.641475366
DCMPtex_num2,b0241,33.2825,,,,,,112645.641475366
DCMPtex_num3,b0929,94.8168,,,,,,112645.641475366
DCMPtex_num4,b2215,96.2904209055866,,,,,,112645.641475366
DCMPtex_reverse_num1,b1377,96.2904209055866,,,,,,112645.641475366
DCMPtex_reverse_num2,b0241,33.2825,,,,,,112645.641475366
DCMPtex_reverse_num3,b0929,94.8168,,,,,,112645.641475366
DCMPtex_reverse_num4,b2215,96.2904209055866,,,,,,112645.641475366
DCTPD,b2065,94.26533215773615,,,,,1.24,
DCYTD,b2143,115.69288473855748,6.4633,2.7535317,25.40924453735352,0.1364779241259755,370872.39025641023,
DCYTt2pp_num1,b2393,33.2825,2.2934,3.1170974,13.50819969177246,6.818044099604823,,112645.641475366
DCYTt2pp_num2,b2964,23.0,,6.3604193,18.34995651245117,0.2977766421705213,,112645.641475366
DCYTtex,b0411,179.45385264683853,,,,,,112645.641475366
DCYTtex_reverse,b0411,179.45385264683853,,,,,,112645.641475366
DDCAtexi,b2344,206.75125446366417,,,,,,112645.641475366
DDGALK,b3693,136.47847541820553,38.9516,18.011837,38.43144607543945,8.35557708619674,109.809,
DDGLCNt2rpp,b3909,23.0,1.299,3.9362638,30.58156394958496,10.343030383997991,,112645.641475366
DDGLCNt2rpp_reverse,b3909,23.0,1.4839,3.9362638,30.58156394958496,6.97192302574174,,112645.641475366
DDGLCNtex_num1,b1377,96.2904209055866,,,,,,112645.641475366
DDGLCNtex_num2,b0241,33.2825,,,,,,112645.641475366
DDGLCNtex_num3,b0929,94.8168,,,,,,112645.641475366
DDGLCNtex_num4,b2215,96.2904209055866,,,,,,112645.641475366
DDGLCNtex_reverse_num1,b1377,96.2904209055866,,,,,,112645.641475366
DDGLCNtex_reverse_num2,b0241,33.2825,,,,,,112645.641475366
DDGLCNtex_reverse_num3,b0929,94.8168,,,,,,112645.641475366
DDGLCNtex_reverse_num4,b2215,96.2904209055866,,,,,,112645.641475366
DDGLK,b3526,138.0434703703704,1.7621,6.2108054,12.89494514465332,6.818044099604823,565467.3,
DDPA_num1,b0754,138.0434703703704,1.4812,22.811718,67.24744415283203,20.83005914936328,37.59831818181818,
DDPA_num2,b2601,137.37750142279987,,20.520702,39.64727020263672,4.075808913109514,37.59831818181818,
DDPA_num3,b1704,151.18324760891227,,6.8965154,23.170053482055664,6.9899481650584585,37.59831818181818,
DDPGALA,b4477,142.9524539351852,,,,,,34.8
DDPGALA_reverse,b4477,142.9524539351852,16.9619,2.7054732,4.258770942687988,4.531112854943961,,34.8
DGK1,b3648,96.3,,,,,166063.26266666665,
DGK1_reverse,b3648,96.3,,,,,166063.26266666665,
DGMPtex_num1,b1377,96.2904209055866,,,,,,112645.641475366
DGMPtex_num2,b0241,33.2825,,,,,,112645.641475366
DGMPtex_num3,b0929,94.8168,,,,,,112645.641475366
DGMPtex_num4,b2215,96.2904209055866,,,,,,112645.641475366
DGMPtex_reverse_num1,b1377,96.2904209055866,,,,,,112645.641475366
DGMPtex_reverse_num2,b0241,33.2825,,,,,,112645.641475366
DGMPtex_reverse_num3,b0929,94.8168,,,,,,112645.641475366
DGMPtex_reverse_num4,b2215,96.2904209055866,,,,,,112645.641475366
DGSNt2pp,b2964,23.0,4.8635,2.834717,18.34995651245117,6.6814027467266985,,112645.641475366
DGSNtex_num1,b1377,96.2904209055866,,,,,,112645.641475366
DGSNtex_num2,b0241,33.2825,,,,,,112645.641475366
DGSNtex_num3,b0929,94.8168,,,,,,112645.641475366
DGSNtex_num4,b2215,96.2904209055866,,,,,,112645.641475366
DGSNtex_reverse_num1,b1377,96.2904209055866,,,,,,112645.641475366
DGSNtex_reverse_num2,b0241,33.2825,,,,,,112645.641475366
DGSNtex_reverse_num3,b0929,94.8168,,,,,,112645.641475366
DGSNtex_reverse_num4,b2215,96.2904209055866,,,,,,112645.641475366
DGUNC_num1,b1025,77.65641666666666,,,,,,112645.641475366
DGUNC_num2,b1794,127.45531181646874,,,,,,112645.641475366
DGUNC_num3,b1341,90.65907860738318,,,,,,112645.641475366
DGUNC_num4,b1535,127.45531181646874,,,,,,112645.641475366
DGUNC_num5,b1490,120.42138255624845,,,,,,112645.641475366
DHACOAH,b1393,149.80799644754114,11.7889,18.458553,11.40440845489502,6.193807521275215,309139.95,
DHACOAH_reverse,b1393,149.80799644754114,,,,,309139.95,
DHAD1,b3771,115.69288473855742,,,,,773580.5034666667,
DHAD2,b3771,115.69288473855742,,,,,773580.5034666667,
DHAPT,b2415 and b1198 and b1200 and b2416 and b1199,157.17088698230995,990.1739,0.96225995,24.313825607299805,20.83005914936328,4.833333,
DHAtex_num1,b1377,96.2904209055866,,,,,,112645.641475366
DHAtex_num2,b0241,33.2825,,,,,,112645.641475366
DHAtex_num3,b0929,94.8168,,,,,,112645.641475366
DHAtex_num4,b2215,96.2904209055866,,,,,,112645.641475366
DHAtex_reverse_num1,b1377,96.2904209055866,,,,,,112645.641475366
DHAtex_reverse_num2,b0241,33.2825,,,,,,112645.641475366
DHAtex_reverse_num3,b0929,94.8168,,,,,,112645.641475366
DHAtex_reverse_num4,b2215,96.2904209055866,,,,,,112645.641475366
DHBD,b0596,130.15983707102805,1.3371,22.618078,70.52777862548828,5.394654847134754,17.339363636363636,
DHBD_reverse,b0596,130.15983707102805,0.9371,16.934198,50.833126068115234,6.711328636657489,17.339363636363636,
DHBS,b0594,121.20698236312832,20.2094,3.0979056,0.4081344902515411,1.7851135665555418,3.3946,
DHBSZ3FEabcpp,b0590 and b0588 and b0589 and b0592,97.76404181117316,451.7255,,15.987841606140137,10.748445972610062,,112645.641475366
DHCIND,b2541,130.15983707102805,1.4617,2.5534525,8.802315711975098,5.362124223720834,,
DHCINDO,b0348,121.23861216232469,193.4656,4.0555944,11.040637016296388,6.024091879393995,22.72,
DHCURR,b1449,130.15983707102805,12.9585,,7.277730941772461,7.228125235384933,,112645.641475366
DHDPRy,b0031,136.47847541820553,3.1621,26.74866,7.331928730010986,5.8218552443149,,
DHDPS,b2478,157.17088698230995,0.1622,28.160069,71.10235595703125,10.400376497266745,,112645.641475366
DHFR_num1,b1606,128.2406734749161,0.407,3.8323946,9.397790908813477,5.265135685472943,13.48375,
DHFR_num2,b0048,98.1285542465749,,6.3796163,13.169352531433104,15.77574159368995,13.48375,
DHFR_reverse_num1,b1606,128.2406734749161,0.8552,2.5588648,5.269486904144287,8.506686674713542,13.48375,
DHFR_reverse_num2,b0048,98.1285542465749,,5.488781,7.480381965637207,4.070050462750973,13.48375,
DHFS,b2315,123.60963225270936,11.4879,33.909748,0.6283745169639587,9.953541531789211,0.4166667,
DHGLYH,s0001,,97.931,,,2.3451833249692777,,
DHMPTR,b1606,128.2406734749161,5.7302,,6.773499011993408,4.926265147039378,,112645.641475366
DHNAOT4,b3930,173.42795360893282,275.4998,1.2219136,1.5859248638153076,4.505918121530305,,
DHNCOAS,b2262,115.69288473855744,4.6201,0.19645996,2.9551761150360107,1.966318786132856,,112645.641475366
DHNCOAT,b1686,136.71153247522938,2.9489,,2.176095485687256,1.966318786132856,,112645.641475366
DHNPA2r,b3058,206.75125446366417,,,,,0.0854999999999999,
DHNPA2r_reverse,b3058,206.75125446366417,179.5767,5.6375146,3.846346855163574,5.158064932037617,0.0854999999999999,
DHNPTE,b3058,206.75125446366417,,,,,,112645.641475366
DHNPTE_reverse,b3058,206.75125446366417,,,,,,112645.641475366
DHORD2,b0945,115.69288473855742,11.1639,1.2600801,14.868906021118164,3.151737555549881,,112645.641475366
DHORD5,b0945,115.69288473855742,14.4413,0.2386193,14.868906021118164,3.151737555549881,,112645.641475366
DHORTS,b1062,129.92752530694554,23.3459,10.133753,48.9123420715332,3.151737555549881,419978.7166666667,
DHORTS_reverse,b1062,129.92752530694554,1.3109,19.194878,72.92851257324219,9.490631515381825,419978.7166666667,
DHPPD,b2541,130.15983707102805,3.9153,8.412065,8.293542861938477,5.700403890135734,,
DHPPDA2,b0414,121.23861216232469,1.4882,1.9142103,15.92905616760254,7.249122480170781,6.166667,
DHPS2,b3177,121.175352563932,15.3863,1.2745887,1.2198021411895752,10.266892479485463,262778.7623225375,
DHPStex,b3875,62.99967746920003,,,,,,112645.641475366
DHPStex_reverse,b3875,62.99967746920003,,,,,,112645.641475366
DHPStr,b3877,23.0,,,,,,112645.641475366
DHPTDNR,b0578,115.69288473855742,73.4344,7.3582606,3.379480600357056,8.056529141938169,16494.45,
DHPTDNRN,b0578,115.69288473855742,2.8016,7.3582606,4.5512871742248535,8.056529141938169,16494.45,
DHPTPE,b2303,125.92515286381274,,,,,,
DHPTPE_reverse,b2303,125.92515286381274,,,,,,
DHQS,b3389,125.92515286381274,,,,,16.0,
DHQTi,b1693,158.9366175174943,,,,,29.53,
DIMPtex_num1,b1377,96.2904209055866,,,,,,112645.641475366
DIMPtex_num2,b0241,33.2825,,,,,,112645.641475366
DIMPtex_num3,b0929,94.8168,,,,,,112645.641475366
DIMPtex_num4,b2215,96.2904209055866,,,,,,112645.641475366
DIMPtex_reverse_num1,b1377,96.2904209055866,,,,,,112645.641475366
DIMPtex_reverse_num2,b0241,33.2825,,,,,,112645.641475366
DIMPtex_reverse_num3,b0929,94.8168,,,,,,112645.641475366
DIMPtex_reverse_num4,b2215,96.2904209055866,,,,,,112645.641475366
DINSt2pp,b2964,23.0,6.7589,2.9477458,18.34995651245117,3.5613761147405705,,112645.641475366
DINStex_num1,b1377,96.2904209055866,,,,,,112645.641475366
DINStex_num2,b0241,33.2825,,,,,,112645.641475366
DINStex_num3,b0929,94.8168,,,,,,112645.641475366
DINStex_num4,b2215,96.2904209055866,,,,,,112645.641475366
DINStex_reverse_num1,b1377,96.2904209055866,,,,,,112645.641475366
DINStex_reverse_num2,b0241,33.2825,,,,,,112645.641475366
DINStex_reverse_num3,b0929,94.8168,,,,,,112645.641475366
DINStex_reverse_num4,b2215,96.2904209055866,,,,,,112645.641475366
DKGLCNR1_num1,b3012,225.0,1.4287,4.543095,6.447371959686279,8.735721749952106,,112645.641475366
DKGLCNR1_num2,b0207,175.1936841441172,,2.8324168,17.715532302856445,20.83005914936328,,112645.641475366
DKGLCNR2x,b3553,124.73964281862038,101.3348,18.48211,18.727081298828125,20.83005914936328,,112645.641475366
DKGLCNR2y,b3553,124.73964281862038,69.2879,18.48211,20.743064880371094,9.874735015362448,40.7,
DMATT,b0421,97.76404181117316,3.7618,14.597998,1.2232874631881714,1.633459240968726,,0.7394000000000001
DMPPS,b0029,115.69288473855748,1.2496,1.3727145,29.3155460357666,6.47591517554057,,2.64
DMQMT,b2232,118.43411865124476,118.2403,0.06796339,0.4847383797168731,1.122388381894457,,
DMSOR1_num1,b1588 and b1589 and b1590 and b1587,149.80799644754114,110.9087,6.857721,10.097379684448242,83.54885239895054,,112645.641475366
DMSOR1_num2,b0896 and b0895 and b0894,143.25976446138526,98.6041,9.409205,33.09517288208008,8.578554053307505,,112645.641475366
DMSOR1pp,b1872 and b1873,155.2551722501099,59.0534,4.7012305,10.40248680114746,83.54885239895054,,112645.641475366
DMSOR2,b0896 and b0895 and b0894,143.25976446138526,12.0468,79.65911,34.095191955566406,83.54885239895054,,112645.641475366
DMSOR2pp,b1872 and b1873,155.2551722501099,12.6686,58.66869,10.097379684448242,21.4777863867725,,112645.641475366
DMSOtex_num1,b1377,96.2904209055866,,,,,,112645.641475366
DMSOtex_num2,b0241,33.2825,,,,,,112645.641475366
DMSOtex_num3,b0929,94.8168,,,,,,112645.641475366
DMSOtex_num4,b2215,96.2904209055866,,,,,,112645.641475366
DMSOtex_reverse_num1,b1377,96.2904209055866,,,,,,112645.641475366
DMSOtex_reverse_num2,b0241,33.2825,,,,,,112645.641475366
DMSOtex_reverse_num3,b0929,94.8168,,,,,,112645.641475366
DMSOtex_reverse_num4,b2215,96.2904209055866,,,,,,112645.641475366
DMStex_num1,b1377,96.2904209055866,,,,,,112645.641475366
DMStex_num2,b0241,33.2825,,,,,,112645.641475366
DMStex_num3,b0929,94.8168,,,,,,112645.641475366
DMStex_num4,b2215,96.2904209055866,,,,,,112645.641475366
DMStex_reverse_num1,b1377,96.2904209055866,,,,,,112645.641475366
DMStex_reverse_num2,b0241,33.2825,,,,,,112645.641475366
DMStex_reverse_num3,b0929,94.8168,,,,,,112645.641475366
DMStex_reverse_num4,b2215,96.2904209055866,,,,,,112645.641475366
DNTPPA_num1,b1865,152.5584987702834,1781.1927,3.6479468,4.051626682281494,45.25391345988196,8.094999999999999,
DNTPPA_num2,b0099,121.175352563932,,0.36238328,2.661191940307617,27.087904356049105,8.094999999999999,
DOGULNR,b3575,125.69922461667636,0.4371,10.406105,10.158205032348633,11.511948751651577,,
DOPAtex_num1,b1377,96.2904209055866,,,,,,112645.641475366
DOPAtex_num2,b0241,33.2825,,,,,,112645.641475366
DOPAtex_num3,b0929,94.8168,,,,,,112645.641475366
DOPAtex_num4,b2215,96.2904209055866,,,,,,112645.641475366
DOPAtex_reverse_num1,b1377,96.2904209055866,,,,,,112645.641475366
DOPAtex_reverse_num2,b0241,33.2825,,,,,,112645.641475366
DOPAtex_reverse_num3,b0929,94.8168,,,,,,112645.641475366
DOPAtex_reverse_num4,b2215,96.2904209055866,,,,,,112645.641475366
DOXRBCNtex_num1,b1377,96.2904209055866,,,,,,112645.641475366
DOXRBCNtex_num2,b0929,94.8168,,,,,,112645.641475366
DOXRBCNtex_num3,b2215,96.2904209055866,,,,,,112645.641475366
DOXRBCNtex_num4,b0241,33.2825,,,,,,112645.641475366
DOXRBCNtex_reverse_num1,b1377,96.2904209055866,,,,,,112645.641475366
DOXRBCNtex_reverse_num2,b0929,94.8168,,,,,,112645.641475366
DOXRBCNtex_reverse_num3,b2215,96.2904209055866,,,,,,112645.641475366
DOXRBCNtex_reverse_num4,b0241,33.2825,,,,,,112645.641475366
DOXRBCNtpp_num1,b3035 and b0463 and b0462,97.76404181117316,7.7383,7.353219,42.18484115600586,13.944294938310186,,112645.641475366
DOXRBCNtpp_num2,b3035 and b0463 and b2470,149.80799644754114,,11.09623,42.18484115600586,10.397610637812583,,112645.641475366
DPCOAK,b0103,121.23861216232469,0.018,3.383381,4.167760848999023,3.302025687956403,4.01,
DPR_num1,b0425,128.2406734749161,0.0276,5.50396,17.91905403137207,7.228125235384933,,25.0
DPR_num2,b3774,120.7983675600902,,0.16884156,4.42157506942749,2.8363915906752744,,25.0
DRPA,b4381,133.20262771610487,,,,,201.33333333333331,
DSBAO1,b1185 and b3860,149.80799644754114,2.5788,,33.53900909423828,10.241854526086245,,112645.641475366
DSBAO2,b1185 and b3860,149.80799644754114,449.1425,0.84120315,32.55530548095703,6.2187170414927255,,112645.641475366
DSBCGT,b2893,220.78740210220096,11.6622,2.951009,1.7689850330352783,8.43613726810059,,112645.641475366
DSBDR_num1,b2582 and b4136,152.5584987702834,6.9169,,13.600318908691406,6.2187170414927255,,112645.641475366
DSBDR_num2,b3781 and b4136,151.18324760891227,,,13.600318908691406,7.672849549603623,,112645.641475366
DSBGGT,b0604,214.28495551476465,15.9863,1.0502441,5.983883857727051,1.8475007064465976,,112645.641475366
DSERDHr,b1539,149.80799644754114,2.8366,3.5641356,3.754506826400757,3.134866797478028,,112645.641475366
DSERDHr_reverse,b1539,149.80799644754114,26.6302,5.2936025,5.329183578491211,8.135649937618254,,112645.641475366
DSERt2pp,b4208,23.0,0.6998,6.1133595,36.413177490234375,4.685826033894374,,112645.641475366
DSERtex_num1,b1377,96.2904209055866,,,,,,112645.641475366
DSERtex_num2,b0241,33.2825,,,,,,112645.641475366
DSERtex_num3,b0929,94.8168,,,,,,112645.641475366
DSERtex_num4,b2215,96.2904209055866,,,,,,112645.641475366
DSERtex_reverse_num1,b1377,96.2904209055866,,,,,,112645.641475366
DSERtex_reverse_num2,b0241,33.2825,,,,,,112645.641475366
DSERtex_reverse_num3,b0929,94.8168,,,,,,112645.641475366
DSERtex_reverse_num4,b2215,96.2904209055866,,,,,,112645.641475366
DTARTD,b4122,120.7983675600902,,,,,,13.55
DTMPK,b1098,98.38247749906569,,,,,10.5,
DTMPK_reverse,b1098,98.38247749906569,,,,,10.5,
DTMPtex_num1,b1377,96.2904209055866,,,,,,112645.641475366
DTMPtex_num2,b0241,33.2825,,,,,,112645.641475366
DTMPtex_num3,b0929,94.8168,,,,,,112645.641475366
DTMPtex_num4,b2215,96.2904209055866,,,,,,112645.641475366
DTMPtex_reverse_num1,b1377,96.2904209055866,,,,,,112645.641475366
DTMPtex_reverse_num2,b0241,33.2825,,,,,,112645.641475366
DTMPtex_reverse_num3,b0929,94.8168,,,,,,112645.641475366
DTMPtex_reverse_num4,b2215,96.2904209055866,,,,,,112645.641475366
DUMPtex_num1,b1377,96.2904209055866,,,,,,112645.641475366
DUMPtex_num2,b0241,33.2825,,,,,,112645.641475366
DUMPtex_num3,b0929,94.8168,,,,,,112645.641475366
DUMPtex_num4,b2215,96.2904209055866,,,,,,112645.641475366
DUMPtex_reverse_num1,b1377,96.2904209055866,,,,,,112645.641475366
DUMPtex_reverse_num2,b0241,33.2825,,,,,,112645.641475366
DUMPtex_reverse_num3,b0929,94.8168,,,,,,112645.641475366
DUMPtex_reverse_num4,b2215,96.2904209055866,,,,,,112645.641475366
DURADx,b2147 and b2146,136.71153247522938,19.9399,3.4181645,8.979243278503418,3.709008719383553,0.65,
DURADx_reverse,b2147 and b2146,136.71153247522938,47.8523,5.2292895,9.530081748962402,1.093068402983836,0.65,
DURIK1,b1238,121.20698236312832,5.5344,1.0135728,12.070002555847168,2.458310668233155,565626.46,
DURIPP_num1,b4382,117.63095515668913,0.0271,1.0686511,129.58273315429688,3.5613761147405705,50.61333333333334,
DURIPP_num2,b4384,97.76404181117316,4.1056,3.0771592,145.29734802246094,8.645785370246568,50.61333333333334,
DURIPP_reverse_num1,b4382,117.63095515668913,68.3417,8.382589,105.02223205566406,2.601245076718941,50.61333333333334,
DURIPP_reverse_num2,b4384,97.76404181117316,,9.942878,87.59383392333984,6.114933958500958,50.61333333333334,
DURIt2pp_num1,b2393,33.2825,0.17,3.038913,13.50819969177246,19.340076933523704,,112645.641475366
DURIt2pp_num2,b2964,23.0,,6.0363045,18.34995651245117,1.2556971297984412,,112645.641475366
DURItex,b0411,179.45385264683853,,,,,,112645.641475366
DURItex_reverse,b0411,179.45385264683853,,,,,,112645.641475366
DUTPDP_num1,b3640,97.76404181117316,,,,,,20.28
DUTPDP_num2,b2251,187.810552,,,,,,20.28
DXPRIi,b0173,136.47847541820553,0.2064,1.7168764,2.32212233543396,1.753423246287524,1931.7574444444444,
DXPS,b0420,98.38247749906569,15.6088,0.78809994,0.96130633354187,6.114933958500958,2.6,
DXYLK,b3564,163.56417402633934,0.2863,127.91162,83.76203155517578,4.126232577709164,,
DXYLONtex_num1,b0929,94.8168,,,,,,112645.641475366
DXYLONtex_num2,b1377,96.2904209055866,,,,,,112645.641475366
DXYLONtex_num3,b2215,96.2904209055866,,,,,,112645.641475366
DXYLONtex_reverse_num1,b0929,94.8168,,,,,,112645.641475366
DXYLONtex_reverse_num2,b1377,96.2904209055866,,,,,,112645.641475366
DXYLONtex_reverse_num3,b2215,96.2904209055866,,,,,,112645.641475366
DXYLTD_num1,b0269,137.37750142279987,,,,,,112645.641475366
DXYLTD_num2,b4297,133.20262771610487,,,,,,112645.641475366
D_LACt2pp_num1,b3603,23.0,0.3806,19.705345,10.147160530090332,1.4512741922385004,,112645.641475366
D_LACt2pp_num2,b2975,23.0,,13.445966,11.09506893157959,1.7851135665555418,,112645.641475366
D_LACt2pp_reverse_num1,b3603,23.0,1.1312,19.705345,10.147160530090332,3.5556925393700345,,112645.641475366
D_LACt2pp_reverse_num2,b2975,23.0,,13.445966,11.09506893157959,3.653492800559781,,112645.641475366
D_LACtex_num1,b1377,96.2904209055866,,,,,,112645.641475366
D_LACtex_num2,b0241,33.2825,,,,,,112645.641475366
D_LACtex_num3,b0929,94.8168,,,,,,112645.641475366
D_LACtex_num4,b2215,96.2904209055866,,,,,,112645.641475366
D_LACtex_reverse_num1,b1377,96.2904209055866,,,,,,112645.641475366
D_LACtex_reverse_num2,b0241,33.2825,,,,,,112645.641475366
D_LACtex_reverse_num3,b0929,94.8168,,,,,,112645.641475366
D_LACtex_reverse_num4,b2215,96.2904209055866,,,,,,112645.641475366
E4PD_num1,b2927,136.2454183611817,22.5466,3.1519585,26.33974838256836,5.871081732760222,65.0,
E4PD_num2,b1779,115.69288473855742,,3.3870716,32.20695877075195,2.30758992115931,65.0,
E4PP_num1,b3826,173.42795360893282,11.709,3.666865,18.896074295043945,2.1399154825398017,,112645.641475366
E4PP_num2,b2293,157.17088698230995,,3.3737736,6.748026847839356,229.50963769458312,,112645.641475366
E4PP_num3,b0822,173.42795360893282,,3.164069,7.112557888031006,7.677154914011056,,112645.641475366
E4PP_num4,b2690,189.6850202355557,,5.168742,3.910143613815308,6.046301810920078,,112645.641475366
E4PP_num5,b1727,149.80799644754114,,0.76328886,5.092029571533203,6.114933958500958,,112645.641475366
EAR100x,b1288,121.20698236312832,16.5577,,15.919736862182615,1.293361615295519,,
EAR100y,b1288,121.20698236312832,2.7871,,9.801222801208496,19.72473687581858,,
EAR120x,b1288,121.20698236312832,13.4225,,15.919736862182615,1.4106550467295935,,
EAR120y,b1288,121.20698236312832,0.2816,,9.801222801208496,4.505918121530305,,
EAR121x,b1288,121.20698236312832,7.2871,,15.919736862182615,3.5590811542674947,16.7125,
EAR121y,b1288,121.20698236312832,3.678,,9.801222801208496,17.527193281992982,1682.9856000000002,
EAR140x,b1288,121.20698236312832,4.7358,,15.919736862182615,3.439238981203919,,
EAR140y,b1288,121.20698236312832,7.5212,,9.801222801208496,5.983132975696,,
EAR141x,b1288,121.20698236312832,0.754,,15.919736862182615,1.873480710504212,16.7125,
EAR141y,b1288,121.20698236312832,9.6309,,9.801222801208496,4.91721766726643,1682.9856000000002,
EAR160x,b1288,121.20698236312832,0.571,,15.919736862182615,1.6112372980239649,16.7125,
EAR160y,b1288,121.20698236312832,6.934,,9.801222801208496,6.56699517354574,1682.9856000000002,
EAR161x,b1288,121.20698236312832,9.4467,,15.919736862182615,5.770734385026743,16.7125,
EAR161y,b1288,121.20698236312832,41.3169,,9.801222801208496,6.960383956781024,1682.9856000000002,
EAR180x,b1288,121.20698236312832,5.7654,,15.919736862182615,2.0397498220766908,16.7125,
EAR180y,b1288,121.20698236312832,0.1352,,9.801222801208496,3.538650180101298,1682.9856000000002,
EAR181x,b1288,121.20698236312832,6.2521,,15.919736862182615,5.717953119838133,16.7125,
EAR181y,b1288,121.20698236312832,0.4159,,9.801222801208496,2.410330339395014,1682.9856000000002,
EAR40x,b1288,121.20698236312832,3.213,,15.919736862182615,3.415844385652026,,
EAR40y,b1288,121.20698236312832,2.0821,,9.801222801208496,4.505918121530305,,
EAR60x,b1288,121.20698236312832,2.5638,,15.919736862182615,3.0093781451933763,,
EAR60y,b1288,121.20698236312832,5.1431,,9.801222801208496,5.770470497209467,,
EAR80x,b1288,121.20698236312832,1.9301,,15.919736862182615,4.691640996592274,,
EAR80y,b1288,121.20698236312832,12.6453,,9.801222801208496,4.505918121530305,,
ECA4COLIPAabctex,b0054 and b3201 and b4261 and b4262 and b3199 and b3200 and b0641,101.0,60.1814,,7.871926307678223,33.81246352611123,,112645.641475366
ECA4OALpp,b3622,67.225,1.47,0.50385636,2.5674426555633545,2.139933895127523,,112645.641475366
ECAP1pp,b3785 and b3793 and b3792,152.5584987702834,,,,,,112645.641475366
ECAP2pp,b3785 and b3793 and b3792,152.5584987702834,57.3143,1.1656008,3.1622774600982666,1.607791776275416,,112645.641475366
ECAP3pp,b3785 and b3793 and b3792,152.5584987702834,74.4945,1.1656008,3.257830142974853,20.11160625906284,,112645.641475366
ECAtpp,b3792,189.6850202355557,,,,,,112645.641475366
ECOAH1_num1,b2341,133.20262771610487,,,,,,929.4083333333332
ECOAH1_num2,b3846,120.42138255624845,,,,,,929.4083333333332
ECOAH1_reverse_num1,b2341,133.20262771610487,16.2094,7.458278,40.42369842529297,5.170673151611213,,929.4083333333332
ECOAH1_reverse_num2,b3846,120.42138255624845,,12.703595,46.278018951416016,3.520606330975931,,929.4083333333332
ECOAH2_num1,b2341,133.20262771610487,,,,,,1111.9
ECOAH2_num2,b3846,120.42138255624845,,,,,,1111.9
ECOAH2_reverse_num1,b2341,133.20262771610487,1.3156,12.019148,42.90353012084961,33.66240634310002,,1111.9
ECOAH2_reverse_num2,b3846,120.42138255624845,,21.499529,47.67637634277344,4.810772528691261,,1111.9
ECOAH3_num1,b2341,133.20262771610487,,,,,,1111.9
ECOAH3_num2,b3846,120.42138255624845,,,,,,1111.9
ECOAH3_reverse_num1,b2341,133.20262771610487,22.7023,5.6552944,48.32890701293945,32.94228372318428,,1111.9
ECOAH3_reverse_num2,b3846,120.42138255624845,,9.356746,49.11698913574219,3.520606330975931,,1111.9
ECOAH4_num1,b2341,133.20262771610487,,,,,,1111.9
ECOAH4_num2,b3846,120.42138255624845,,,,,,1111.9
ECOAH4_reverse_num1,b2341,133.20262771610487,1.1533,5.791659,48.32890701293945,7.494230452223806,,1111.9
ECOAH4_reverse_num2,b3846,120.42138255624845,,8.064085,47.67637634277344,5.32062846472089,,1111.9
ECOAH5_num1,b2341,133.20262771610487,,,,,,1111.9
ECOAH5_num2,b3846,120.42138255624845,,,,,,1111.9
ECOAH5_reverse_num1,b2341,133.20262771610487,1.7452,4.5162096,48.32890701293945,4.810772528691261,,1111.9
ECOAH5_reverse_num2,b3846,120.42138255624845,,7.140225,47.67637634277344,4.69157887104192,,1111.9
ECOAH6_num1,b2341,133.20262771610487,,,,,,1111.9
ECOAH6_num2,b3846,120.42138255624845,,,,,,1111.9
ECOAH6_reverse_num1,b2341,133.20262771610487,0.0518,2.6470747,48.32890701293945,4.810772528691261,,1111.9
ECOAH6_reverse_num2,b3846,120.42138255624845,,5.657801,47.67637634277344,10.400673043184613,,1111.9
ECOAH7_num1,b2341,133.20262771610487,,,,,,1111.9
ECOAH7_num2,b3846,120.42138255624845,,,,,,1111.9
ECOAH7_reverse_num1,b2341,133.20262771610487,0.1647,4.2718062,48.32890701293945,0.93053353032453,,1111.9
ECOAH7_reverse_num2,b3846,120.42138255624845,,8.61657,47.67637634277344,10.400376497266745,,1111.9
ECOAH8_num1,b2341,133.20262771610487,,,,,,1111.9
ECOAH8_num2,b3846,120.42138255624845,,,,,,1111.9
ECOAH8_reverse_num1,b2341,133.20262771610487,2.2471,2.7383003,48.32890701293945,0.46698776600873,,1111.9
ECOAH8_reverse_num2,b3846,120.42138255624845,,4.7283998,47.67637634277344,6.060764487736015,,1111.9
EDA,b1850,137.37750142279987,,,,,72.15063,
EDD,b1851,136.2454183611817,,,,,,
EDTXS1,b1054,115.69288473855748,76.2741,0.26250014,2.2020485401153564,9.129954971721624,131.0,
EDTXS2,b1855,136.47847541820553,34.556,0.14214167,4.243003845214844,17.527193281992982,,
EDTXS3,b2378,121.23861216232469,0.0077,0.2680702,1.7962191104888916,6.960383956781024,,112645.641475366
EDTXS4,b1855,136.47847541820553,4.883,0.16481896,3.5489745140075684,17.527193281992982,,112645.641475366
EGMEACPR,b1288,121.20698236312832,0.3999,,9.801222801208496,3.5556925393700345,1682.9856000000002,
ENLIPAabctex,b0054 and b3201 and b4261 and b4262 and b3199 and b3200 and b0641,101.0,36.5893,1.4106697,7.871926307678223,3.194268354614871,,112645.641475366
ENO,b2779,121.23861216232469,,,,,318063.1666666667,
ENO_reverse,b2779,121.23861216232469,16.4461,26.706905,21.28111457824707,7.926801418049712,318063.1666666667,
ENTCS,b0583,234.36871562986587,0.9972,0.06790314,6.704043865203857,6.651201338548535,,112645.641475366
ENTERES,b0585,136.47847541820553,1.299,0.5512688,11.374245643615724,11.334694813446427,,
EPMEACPR,b1288,121.20698236312832,30.2449,,9.801222801208496,1.0590721531572571,1682.9856000000002,
ETHAAL,b2441 and b2440,157.17088698230995,,,,,605.0,
ETHAtex_num1,b1377,96.2904209055866,,,,,,112645.641475366
ETHAtex_num2,b0241,33.2825,,,,,,112645.641475366
ETHAtex_num3,b0929,94.8168,,,,,,112645.641475366
ETHAtex_num4,b2215,96.2904209055866,,,,,,112645.641475366
ETHAtex_reverse_num1,b1377,96.2904209055866,,,,,,112645.641475366
ETHAtex_reverse_num2,b0241,33.2825,,,,,,112645.641475366
ETHAtex_reverse_num3,b0929,94.8168,,,,,,112645.641475366
ETHAtex_reverse_num4,b2215,96.2904209055866,,,,,,112645.641475366
ETHSO3abcpp,b0933 and b0934 and b0936,97.61360481285834,497.4062,1.7749542,4.204555034637451,6.361344157449999,,112645.641475366
ETHSO3tex_num1,b1377,96.2904209055866,,,,,,112645.641475366
ETHSO3tex_num2,b0241,33.2825,,,,,,112645.641475366
ETHSO3tex_num3,b0929,94.8168,,,,,,112645.641475366
ETHSO3tex_num4,b2215,96.2904209055866,,,,,,112645.641475366
ETHSO3tex_reverse_num1,b1377,96.2904209055866,,,,,,112645.641475366
ETHSO3tex_reverse_num2,b0241,33.2825,,,,,,112645.641475366
ETHSO3tex_reverse_num3,b0929,94.8168,,,,,,112645.641475366
ETHSO3tex_reverse_num4,b2215,96.2904209055866,,,,,,112645.641475366
ETOHtex_num1,b1377,96.2904209055866,,,,,,112645.641475366
ETOHtex_num2,b0241,33.2825,,,,,,112645.641475366
ETOHtex_num3,b0929,94.8168,,,,,,112645.641475366
ETOHtex_num4,b2215,96.2904209055866,,,,,,112645.641475366
ETOHtex_reverse_num1,b1377,96.2904209055866,,,,,,112645.641475366
ETOHtex_reverse_num2,b0241,33.2825,,,,,,112645.641475366
ETOHtex_reverse_num3,b0929,94.8168,,,,,,112645.641475366
ETOHtex_reverse_num4,b2215,96.2904209055866,,,,,,112645.641475366
F1PP_num1,b0822,173.42795360893282,1.4191,3.4962676,9.868213653564451,7.6589817015778525,,112645.641475366
F1PP_num2,b2690,189.6850202355557,,7.4411383,4.8160576820373535,6.814832905594133,,112645.641475366
F1PP_num3,b2293,157.17088698230995,,2.871164,8.821300506591797,6.334036791279153,,112645.641475366
F1PP_num4,b3697,175.1936841441172,,6.847725,36.37460708618164,6.114933958500958,,112645.641475366
F6PA_num1,b0825,136.71153247522938,,,,,,
F6PA_num2,b3946,142.9524539351852,,,,,,
F6PA_reverse_num1,b0825,136.71153247522938,10.0238,5.207297,53.481536865234375,69.62689854059693,,
F6PA_reverse_num2,b3946,142.9524539351852,,1.4326544,47.47773361206055,4.810772528691261,,
F6PP_num1,b2293,157.17088698230995,0.6039,2.4036984,7.601346015930176,5.688412376681967,,112645.641475366
F6PP_num2,b3697,175.1936841441172,,4.0874906,35.30773162841797,2.49260093430609,,112645.641475366
F6PP_num3,b0822,173.42795360893282,,2.9874885,8.760418891906738,10.285457757985752,,112645.641475366
F6PP_num4,b2690,189.6850202355557,,4.6628604,4.275412082672119,4.126232577709164,,112645.641475366
F6PP_num5,b3826,173.42795360893282,,2.9299626,25.44816398620605,2.9633630070897,,112645.641475366
F6Pt6_2pp,b3666,23.0,0.0144,1.2694175,8.987629890441895,5.160646713364276,,112645.641475366
F6Ptex_num1,b1377,96.2904209055866,,,,,,112645.641475366
F6Ptex_num2,b0241,33.2825,,,,,,112645.641475366
F6Ptex_num3,b0929,94.8168,,,,,,112645.641475366
F6Ptex_num4,b2215,96.2904209055866,,,,,,112645.641475366
F6Ptex_reverse_num1,b1377,96.2904209055866,,,,,,112645.641475366
F6Ptex_reverse_num2,b0241,33.2825,,,,,,112645.641475366
F6Ptex_reverse_num3,b0929,94.8168,,,,,,112645.641475366
F6Ptex_reverse_num4,b2215,96.2904209055866,,,,,,112645.641475366
FA100ACPHi,b0404,121.20698236312832,5.3864,,12.55279541015625,11.334694813446427,,
FA120ACPHi,b0404,121.20698236312832,1458.8321,,12.55279541015625,8.348333233793003,,
FA140ACPHi,b0404,121.20698236312832,37.8438,,12.55279541015625,6.720629284992701,,3.282793103448276
FA141ACPHi,b0404,121.20698236312832,3.634,,12.55279541015625,4.310304320662927,,3.282793103448276
FA160ACPHi,b0404,121.20698236312832,93.4686,,14.140162467956545,4.588231538118686,,3.282793103448276
FA161ACPHi,b0404,121.20698236312832,9.2378,,12.55279541015625,13.9370824022727,,3.282793103448276
FA80ACPHi,b0404,121.20698236312832,0.4264,,12.932096481323242,6.527098890776144,,
FACOAE100,b0452,129.92752530694554,97.6527,,2.084498405456543,4.69157887104192,23.476666666666667,
FACOAE120,b0452,129.92752530694554,24.1418,6.1557994,2.9707345962524414,1.8119660138730829,23.476666666666667,
FACOAE140,b0452,129.92752530694554,0.7657,6.0162106,3.060499429702759,6.808242830397126,23.476666666666667,
FACOAE141,b0452,129.92752530694554,0.4779,,2.084498405456543,4.69157887104192,,112645.641475366
FACOAE160,b0452,129.92752530694554,2.4235,4.933369,2.5598912239074707,3.980374317137799,23.476666666666667,
FACOAE161,b0452,129.92752530694554,2.6877,,2.084498405456543,4.69157887104192,,112645.641475366
FACOAE180,b0452,129.92752530694554,102.7713,2.4605308,2.5598912239074707,6.536447002708444,23.476666666666667,
FACOAE181,b0452,129.92752530694554,0.8212,,2.279223680496216,3.980374317137799,,112645.641475366
FACOAE60,b0452,129.92752530694554,1.2875,,2.084498405456543,3.9460798979623735,,112645.641475366
FACOAE80,b0452,129.92752530694554,98.8085,6.577482,2.4119296073913574,2.388254761409444,,112645.641475366
FACOAL100t2pp_num1,b1805,133.20262771610487,1.1006,,0.8227182626724243,6.130754302507611,,112645.641475366
FACOAL100t2pp_num2,b1701,130.15983707102805,,,0.784010648727417,59.507895368453305,,112645.641475366
FACOAL120t2pp_num1,b1701,130.15983707102805,19.0247,,1.8313961029052728,4.765863679138536,,112645.641475366
FACOAL120t2pp_num2,b1805,133.20262771610487,,,0.8863211274147034,18.05149927356397,,112645.641475366
FACOAL140t2pp_num1,b1701,130.15983707102805,11.2787,,1.7776809930801392,5.625614300322807,,112645.641475366
FACOAL140t2pp_num2,b1805,133.20262771610487,,,0.8603252172470093,20.83005914936328,,112645.641475366
FACOAL141t2pp_num1,b1701,130.15983707102805,28.7165,,0.784010648727417,4.239897124043,,112645.641475366
FACOAL141t2pp_num2,b1805,133.20262771610487,,,0.8227182626724243,2.229301480764941,,112645.641475366
FACOAL160t2pp_num1,b1701,130.15983707102805,0.1239,1.6580877,1.9437445402145384,3.9460798979623735,,112645.641475366
FACOAL160t2pp_num2,b1805,133.20262771610487,,0.9907461,0.940693199634552,3.653492800559781,,112645.641475366
FACOAL161t2pp_num1,b1805,133.20262771610487,1.8389,,0.8227182626724243,5.770470497209467,,112645.641475366
FACOAL161t2pp_num2,b1701,130.15983707102805,,,0.784010648727417,2.229301480764941,,112645.641475366
FACOAL180t2pp_num1,b1701,130.15983707102805,12.8932,0.47085685,1.9437445402145384,83.84012168321993,,112645.641475366
FACOAL180t2pp_num2,b1805,133.20262771610487,,0.2981479,0.9131025671958924,6.154294957250831,,112645.641475366
FACOAL181t2pp_num1,b1805,133.20262771610487,2.0869,0.6667386,0.9547581672668456,3.842358408537775,,112645.641475366
FACOAL181t2pp_num2,b1701,130.15983707102805,,1.917772,0.8077006340026855,5.511913782654467,,112645.641475366
FACOAL60t2pp_num1,b1805,133.20262771610487,12.0658,0.33380517,1.043947696685791,0.1594220641833325,,112645.641475366
FACOAL60t2pp_num2,b1701,130.15983707102805,,1.1717116,0.6178660988807678,3.653492800559781,,112645.641475366
FACOAL80t2pp_num1,b1805,133.20262771610487,7.4765,0.39327073,0.9691175222396852,8.395630847886949,,112645.641475366
FACOAL80t2pp_num2,b1701,130.15983707102805,,0.77412254,1.9437445402145384,2.49260093430609,,112645.641475366
FADRx,b3844,120.7983675600902,,,,,87.214,
FADRx2,b2764,119.06658842098136,,,,,30.055745454545452,
FADt,b1985,27.0,,,,,,112645.641475366
FADtex_num1,b1377,96.2904209055866,,,,,,112645.641475366
FADtex_num2,b0241,33.2825,,,,,,112645.641475366
FADtex_num3,b2215,96.2904209055866,,,,,,112645.641475366
FADtex_num4,b0929,94.8168,,,,,,112645.641475366
FADtex_reverse_num1,b1377,96.2904209055866,,,,,,112645.641475366
FADtex_reverse_num2,b0241,33.2825,,,,,,112645.641475366
FADtex_reverse_num3,b2215,96.2904209055866,,,,,,112645.641475366
FADtex_reverse_num4,b0929,94.8168,,,,,,112645.641475366
FALDH2,b0356,130.15983707102805,0.3417,25.540747,7.486851692199707,3.8937879056085154,,156.0
FALDH2_reverse,b0356,130.15983707102805,0.2267,12.9375925,8.433597564697266,6.060764487736015,,156.0
FALDtex_num1,b1377,96.2904209055866,,,,,,112645.641475366
FALDtex_num2,b0241,33.2825,,,,,,112645.641475366
FALDtex_num3,b0929,94.8168,,,,,,112645.641475366
FALDtex_num4,b2215,96.2904209055866,,,,,,112645.641475366
FALDtex_reverse_num1,b1377,96.2904209055866,,,,,,112645.641475366
FALDtex_reverse_num2,b0241,33.2825,,,,,,112645.641475366
FALDtex_reverse_num3,b0929,94.8168,,,,,,112645.641475366
FALDtex_reverse_num4,b2215,96.2904209055866,,,,,,112645.641475366
FALGTHLs,s0001,,14.142,,,20.83005914936328,,
FBA3,b2925,106.4556997281849,,,,,,16.6515
FBA3_reverse,b2925,106.4556997281849,36.8036,5.67184,17.86041831970215,2.25626747070846,,16.6515
FBA_num1,b2925,106.4556997281849,,,,,,12.35
FBA_num2,b2097,115.69288473855742,,,,,,12.35
FBA_reverse_num1,b2925,106.4556997281849,32.2647,9.922284,10.71681308746338,5.171331930782302,,12.35
FBA_reverse_num2,b2097,115.69288473855742,,3.614696,25.40924453735352,8.939373321202341,,12.35
FBP_num1,b2930,136.71153247522938,5.2893,1.4790483,5.689280986785889,8.904353075217367,19.016666666666666,
FBP_num2,b4232,158.9366175174943,5.3692,2.9659703,13.217172622680664,2.2716358764902225,19.016666666666666,
FBP_num3,b3925,157.17088698230995,6.2323,1.4826157,8.377740859985352,2.97733537733062,19.016666666666666,
FBP_num4,b3697,175.1936841441172,9.8683,2.6124322,26.217117309570312,3.5613761147405705,19.016666666666666,
FCI,b2802,121.23861216232469,,,,,412603.95,
FCI_reverse,b2802,121.23861216232469,,,,,412603.95,
FCLK,b2803,149.80799644754114,0.6488,7.8029594,29.29063606262207,10.728613456472884,,
FCLPA_num1,b2738,143.57225923783585,,,,,19.3,
FCLPA_num2,b2800,167.18571428571434,,,,,19.3,
FCLPA_reverse_num1,b2738,143.57225923783585,96.4075,3.1505065,9.60780429840088,32.40307959655166,19.3,
FCLPA_reverse_num2,b2800,167.18571428571434,,6.910525,16.749155044555664,6.154294957250831,19.3,
FCLT_num1,b2431,286.48954519348763,4.6017,,,3.2749292691771887,,
FCLT_num2,b0475,189.6850202355557,2.7964,,,0.804671281974783,,
FCLT_num3,b1019,255.986317963328,7.7999,,,4.074876182746937,,
FDH4pp_num1,b3894 and b3893 and b3892,116.15819206211874,179.5767,11.127838,32.3933219909668,34.33856394165991,,112645.641475366
FDH4pp_num2,b1476 and b1474 and b1475,116.15819206211874,,22.965372,14.4327974319458,3.5556925393700345,,112645.641475366
FDH5pp_num1,b1476 and b1474 and b1475,116.15819206211874,256.6802,7.5893445,14.4327974319458,7.412650165523958,,112645.641475366
FDH5pp_num2,b3894 and b3893 and b3892,116.15819206211874,,0.8271259,32.3933219909668,3.5556925393700345,,112645.641475366
FDMO,b0935,169.35117402633932,30.4097,0.9375849,2.3657257556915283,5.809898887901974,0.8275,
FDMO2,b0935,169.35117402633932,24.1225,2.2979283,2.100151300430298,5.628355577673853,0.8275,
FDMO3,b0935,169.35117402633932,4.4233,1.7063788,2.1636102199554443,10.16403937479348,,112645.641475366
FDMO4,b0935,169.35117402633932,2.4947,1.7063788,,10.16403937479348,0.8275,
FDMO6,b0935,169.35117402633932,3.1947,2.0920672,2.3657257556915283,5.689178149808956,,112645.641475366
FE2abcpp,b3409,75.41,,,,,,112645.641475366
FE2t2pp,b2392,33.2825,,,,,,112645.641475366
FE2t3pp,b3915,75.41,,,,,,112645.641475366
FE2tex_num1,b0241,33.2825,,,,,,112645.641475366
FE2tex_num2,b1377,96.2904209055866,,,,,,112645.641475366
FE2tex_num3,b2215,96.2904209055866,,,,,,112645.641475366
FE2tex_num4,b0929,94.8168,,,,,,112645.641475366
FE2tex_reverse_num1,b0241,33.2825,,,,,,112645.641475366
FE2tex_reverse_num2,b1377,96.2904209055866,,,,,,112645.641475366
FE2tex_reverse_num3,b2215,96.2904209055866,,,,,,112645.641475366
FE2tex_reverse_num4,b0929,94.8168,,,,,,112645.641475366
FE2tpp,b3040,33.2825,,,,,,112645.641475366
FE3DCITR5,b3070,163.90399822377057,1.9392,,,3.021761165784849,,112645.641475366
FE3DCITabcpp,b4289 and b4287 and b4288 and b4290,90.65907860738318,87.1145,,,10.343030383997991,,112645.641475366
FE3DCITexs,s0001,,12.9585,,,14.112037082036364,,
FE3DCITtonex,b3006 and b1252 and b3005 and b4291,178.65984365785727,14.8081,,,10.343030383997991,,112645.641475366
FE3DHBZS3R,b3070,163.90399822377057,14.3155,,74.32784271240234,14.184827825821973,,112645.641475366
FE3DHBZStonex_num1,b3006 and b1252 and b3005 and b0805,176.53793119354842,241.3498,,,8.735721749952106,,112645.641475366
FE3DHBZStonex_num2,b3006 and b1252 and b3005 and b2155,149.80799644754114,,,,10.475654966689731,,112645.641475366
FE3HOXabcpp,b0152 and b0151 and b0153,113.04789556080048,12.1037,,4.216712951660156,4.810772528691261,,112645.641475366
FE3HOXexs,s0001,,8.3943,,,3.308078075270198,,
FE3HOXtonex,b3006 and b1252 and b3005 and b0150,176.5379311935484,16.9047,,15.794880867004396,6.9899481650584585,,112645.641475366
FE3Ri,b3844,120.7983675600902,,,,,,112645.641475366
FE3tex_num1,b1377,96.2904209055866,,,,,,112645.641475366
FE3tex_num2,b0241,33.2825,,,,,,112645.641475366
FE3tex_num3,b0929,94.8168,,,,,,112645.641475366
FE3tex_num4,b2215,96.2904209055866,,,,,,112645.641475366
FE3tex_reverse_num1,b1377,96.2904209055866,,,,,,112645.641475366
FE3tex_reverse_num2,b0241,33.2825,,,,,,112645.641475366
FE3tex_reverse_num3,b0929,94.8168,,,,,,112645.641475366
FE3tex_reverse_num4,b2215,96.2904209055866,,,,,,112645.641475366
FECRMabcpp,b0152 and b0153 and b0151,113.04789556080048,19.047,1.7244173,,5.359793510374774,,
FECRMexs,s0001,,1.403,,,5.809898887901974,,
FECRMtonex,b3006 and b1252 and b3005 and b0150,176.5379311935484,197.3173,1.9272676,,4.685826033894374,,112645.641475366
FEENTERES,b0585,136.47847541820553,2.78,5.573339,,1.122388381894457,,112645.641475366
FEENTERR4,b3070,163.90399822377057,1.1312,12.958516,,4.763953150317437,,112645.641475366
FEENTERabcpp,b0590 and b0589 and b0592 and b0588,97.76404181117316,34.4974,2.5991762,,5.300955207112856,,
FEENTERexs,s0001,,1.6091,,,7.381707492199664,,
FEENTERtex,b3035,125.40399822377056,100.6482,2.1257277,42.18484115600586,1.2556971297984412,,112645.641475366
FEENTERtonex,b0584 and b3006 and b1252 and b3005,149.80799644754114,6.957,2.9209743,,5.300955207112856,,112645.641475366
FEENTERtpp,b0591,23.0,22.0056,4.882302,19.437274932861328,3.349904451118284,,112645.641475366
FEOXAMR1,b4367,233.1372332225382,4.2905,,,11.549273436294202,,112645.641475366
FEOXAMR2,b4367,233.1372332225382,3.6467,0.2327972,,27.27692629593403,,112645.641475366
FEOXAMR3,b4367,233.1372332225382,4.5865,0.3569144,,19.244673610917665,,112645.641475366
FEOXAMabcpp,b0153 and b0152 and b0151,113.04789556080048,60.5758,,,6.064563476980895,,112645.641475366
FEOXAMexs,s0001,,3.3957,,,49.198935661722246,,
FEOXAMtonex,b0150 and b3006 and b1252 and b3005,176.5379311935484,6.0419,,,10.475654966689731,,112645.641475366
FEROpp_num1,b0123,206.75125446366417,,,,,0.5783332941666667,
FEROpp_num2,b3336,247.9500291575308,,,,,0.5783332941666667,
FESD1s,s0001,,60.9476,,,1.753423246287524,,
FESD2s,s0001,,4.2905,,,2.312153051635714,,
FESR,b4209,218.32443728754563,17.1398,,8.226614952087402,1.0324053671733493,,112645.641475366
FHL_num1,b4079 and b2481 and b2488 and b2486 and b2482 and b2487 and b2489 and b2485 and b2483 and b2490 and b2484,101.0,21.9165,18.265863,,180.06711306374774,,112645.641475366
FHL_num2,b4079 and b2719 and b2720 and b2723 and b2722 and b2724 and b2721,120.50274604186052,,5.1820707,56.41554641723633,10.397610637812583,,112645.641475366
FLDR2_num1,b3924 and b2895,136.2454183611817,7.9926,,7.724188327789307,2.009434280216772,,112645.641475366
FLDR2_num2,b3924 and b0684,125.92515286381274,,,7.724188327789307,4.126232577709164,,112645.641475366
FLVR_num1,b3844,120.7983675600902,14.2286,1.4060467,17.776649475097656,1.10372881793359,31.032688888888888,
FLVR_num2,b2764 and b2763,121.23861216232469,,11.935861,29.488563537597656,6.7859805272721,31.032688888888888,
FLVRx,b3844,120.7983675600902,112.144,1.4060467,26.177021026611328,5.809898887901974,109.0,
FMNAT,b0025,121.175352563932,4.2382,,2.199819564819336,8.735721749952106,,0.44314833
FMNRx2_num1,b0937,132.2430459180489,5.6708,,3.0695273876190186,1.7033356609424497,3.625,
FMNRx2_num2,b3844,120.7983675600902,,,14.009480476379396,6.814832905594133,3.625,
FMNRx2_num3,b2764,119.06658842098136,,,4.061652183532715,20.83005914936328,3.625,
FMNRx_num1,b0937,132.2430459180489,1.9597,,3.669797897338867,10.475654966689731,73.66666666666667,
FMNRx_num2,b3844,120.7983675600902,,,20.62967300415039,1.7851135665555418,73.66666666666667,
FMNt,b1985,27.0,,,,,,112645.641475366
FMNtex_num1,b2215,96.2904209055866,,,,,,112645.641475366
FMNtex_num2,b0929,94.8168,,,,,,112645.641475366
FMNtex_num3,b0241,33.2825,,,,,,112645.641475366
FMNtex_num4,b1377,96.2904209055866,,,,,,112645.641475366
FMNtex_reverse_num1,b2215,96.2904209055866,,,,,,112645.641475366
FMNtex_reverse_num2,b0929,94.8168,,,,,,112645.641475366
FMNtex_reverse_num3,b0241,33.2825,,,,,,112645.641475366
FMNtex_reverse_num4,b1377,96.2904209055866,,,,,,112645.641475366
FOMETRi,b2912,123.60963225270936,115.9813,0.49919066,8.34113883972168,3.802692970292663,15.391666666666666,
FORCT,b2374,160.70234805267864,1.6189,14.469259,13.199729919433594,3.2394747145515583,,4.65
FORCT_reverse,b2374,160.70234805267864,4.4672,8.650675,12.43678379058838,7.860189042422557,,4.65
FORt2pp_num1,b0904,25.0,8.3044,3.74417,75.28535461425781,8.638426999230715,,112645.641475366
FORt2pp_num2,b2492,33.2825,,1.1120456,34.29802703857422,9.945834285751776,,112645.641475366
FORtex_num1,b1377,96.2904209055866,,,,,,112645.641475366
FORtex_num2,b0241,33.2825,,,,,,112645.641475366
FORtex_num3,b0929,94.8168,,,,,,112645.641475366
FORtex_num4,b2215,96.2904209055866,,,,,,112645.641475366
FORtex_reverse_num1,b1377,96.2904209055866,,,,,,112645.641475366
FORtex_reverse_num2,b0241,33.2825,,,,,,112645.641475366
FORtex_reverse_num3,b0929,94.8168,,,,,,112645.641475366
FORtex_reverse_num4,b2215,96.2904209055866,,,,,,112645.641475366
FORtppi_num1,b0904,25.0,,,,,,112645.641475366
FORtppi_num2,b2492,33.2825,,,,,,112645.641475366
FRD2,b4153 and b4152 and b4151 and b4154,117.8304304761572,60.8391,4.0217223,2.16138219833374,6.154294957250831,,112645.641475366
FRD3,b4153 and b4152 and b4151 and b4154,117.8304304761572,317.5315,18.395582,2.16138219833374,6.154294957250831,,
FRUK,b2168,149.80799644754114,155.3456,20.928062,9.677383422851562,2.30114731337025,,
FRULYSDG,b3371,136.47847541820553,12.9585,,12.414849281311035,2.3823735145285267,,112645.641475366
FRULYSDG_reverse,b3371,136.47847541820553,9.6959,3.2478535,15.29117488861084,13.4266919696335,,112645.641475366
FRULYSE,b4474,197.70251011777788,,,,,,112645.641475366
FRULYSE_reverse,b4474,197.70251011777788,,,,,,112645.641475366
FRULYSK,b3374,154.8978386945808,119.2611,2.3006494,21.11548614501953,1.10372881793359,,112645.641475366
FRULYSt2pp,b3370,27.0,113054.0789,3.063361,24.233911514282227,5.770470497209467,,112645.641475366
FRULYStex_num1,b1377,96.2904209055866,,,,,,112645.641475366
FRULYStex_num2,b0241,33.2825,,,,,,112645.641475366
FRULYStex_num3,b0929,94.8168,,,,,,112645.641475366
FRULYStex_num4,b2215,96.2904209055866,,,,,,112645.641475366
FRULYStex_reverse_num1,b1377,96.2904209055866,,,,,,112645.641475366
FRULYStex_reverse_num2,b0241,33.2825,,,,,,112645.641475366
FRULYStex_reverse_num3,b0929,94.8168,,,,,,112645.641475366
FRULYStex_reverse_num4,b2215,96.2904209055866,,,,,,112645.641475366
FRUURt2rpp,b4321,23.0,15.3628,0.6418195,28.622377395629883,7.288727116924398,,112645.641475366
FRUURt2rpp_reverse,b4321,23.0,0.9149,0.6418195,28.622377395629883,4.810772528691261,,112645.641475366
FRUURtex_num1,b1377,96.2904209055866,,,,,,112645.641475366
FRUURtex_num2,b0241,33.2825,,,,,,112645.641475366
FRUURtex_num3,b0929,94.8168,,,,,,112645.641475366
FRUURtex_num4,b2215,96.2904209055866,,,,,,112645.641475366
FRUURtex_reverse_num1,b1377,96.2904209055866,,,,,,112645.641475366
FRUURtex_reverse_num2,b0241,33.2825,,,,,,112645.641475366
FRUURtex_reverse_num3,b0929,94.8168,,,,,,112645.641475366
FRUURtex_reverse_num4,b2215,96.2904209055866,,,,,,112645.641475366
FRUpts2pp,b1819 and b1817 and b1818 and b2416 and b2415,152.62479040685164,107.9288,0.96225995,10.71681308746338,8.133886579587905,,112645.641475366
FRUptspp,b2169 and b2415 and b2167 and b2416,157.17088698230995,6.957,0.96225995,14.24657154083252,20.83005914936328,,112645.641475366
FRUtex_num1,b1377,96.2904209055866,,,,,,112645.641475366
FRUtex_num2,b0241,33.2825,,,,,,112645.641475366
FRUtex_num3,b0929,94.8168,,,,,,112645.641475366
FRUtex_num4,b2215,96.2904209055866,,,,,,112645.641475366
FRUtex_reverse_num1,b1377,96.2904209055866,,,,,,112645.641475366
FRUtex_reverse_num2,b0241,33.2825,,,,,,112645.641475366
FRUtex_reverse_num3,b0929,94.8168,,,,,,112645.641475366
FRUtex_reverse_num4,b2215,96.2904209055866,,,,,,112645.641475366
FTHFD,b1232,152.5584987702834,1.3046,4.3047585,30.288894653320312,12.628470676953103,,
FUCtex_num1,b1377,96.2904209055866,,,,,,112645.641475366
FUCtex_num2,b0241,33.2825,,,,,,112645.641475366
FUCtex_num3,b0929,94.8168,,,,,,112645.641475366
FUCtex_num4,b2215,96.2904209055866,,,,,,112645.641475366
FUCtex_reverse_num1,b1377,96.2904209055866,,,,,,112645.641475366
FUCtex_reverse_num2,b0241,33.2825,,,,,,112645.641475366
FUCtex_reverse_num3,b0929,94.8168,,,,,,112645.641475366
FUCtex_reverse_num4,b2215,96.2904209055866,,,,,,112645.641475366
FUCtpp,b2801,23.0,4.1393,1.9852217,17.25525665283203,6.154294957250831,,112645.641475366
FUCtpp_reverse,b2801,23.0,0.8782,1.9852217,17.25525665283203,4.810772528691261,,112645.641475366
FUM_num1,b4122,120.7983675600902,1.4882,11.563448,40.91352844238281,6.154294957250831,711.94,
FUM_num2,b1612,121.175352563932,1.1482,9.72597,42.14790725708008,83.54885239895054,711.94,
FUM_num3,b1611,128.2406734749161,1.0117,37.649143,439.45849609375,83.54885239895054,711.94,
FUM_reverse_num1,b4122,120.7983675600902,,,,,711.94,
FUM_reverse_num2,b1612,121.175352563932,,,,,711.94,
FUM_reverse_num3,b1611,128.2406734749161,,,,,711.94,
FUMt1pp,b1206,33.2825,,,,,,112645.641475366
FUMt1pp_reverse,b1206,33.2825,,,,,,112645.641475366
FUMt2_2pp,b3528,23.0,3.1002,44.693756,34.960540771484375,6.154294957250831,,112645.641475366
FUMt2_3pp_num1,b4123,23.0,1.0691,19.879072,10.387778282165527,5.300955207112856,,112645.641475366
FUMt2_3pp_num2,b4138,23.0,,11.051628,20.661272048950195,1.2556971297984412,,112645.641475366
FUMt2_3pp_num3,b0621,28.14125,,6.1287756,8.977588653564453,0.536723264075099,,112645.641475366
FUMtex_num1,b1377,96.2904209055866,,,,,,112645.641475366
FUMtex_num2,b0241,33.2825,,,,,,112645.641475366
FUMtex_num3,b0929,94.8168,,,,,,112645.641475366
FUMtex_num4,b2215,96.2904209055866,,,,,,112645.641475366
FUMtex_reverse_num1,b1377,96.2904209055866,,,,,,112645.641475366
FUMtex_reverse_num2,b0241,33.2825,,,,,,112645.641475366
FUMtex_reverse_num3,b0929,94.8168,,,,,,112645.641475366
FUMtex_reverse_num4,b2215,96.2904209055866,,,,,,112645.641475366
FUSAtex_num1,b1377,96.2904209055866,,,,,,112645.641475366
FUSAtex_num2,b2215,96.2904209055866,,,,,,112645.641475366
FUSAtex_num3,b0929,94.8168,,,,,,112645.641475366
FUSAtex_num4,b0241,33.2825,,,,,,112645.641475366
FUSAtex_reverse_num1,b1377,96.2904209055866,,,,,,112645.641475366
FUSAtex_reverse_num2,b2215,96.2904209055866,,,,,,112645.641475366
FUSAtex_reverse_num3,b0929,94.8168,,,,,,112645.641475366
FUSAtex_reverse_num4,b0241,33.2825,,,,,,112645.641475366
FUSAtpp_num1,b3035 and b0463 and b0462,97.76404181117316,9.2107,4.2904243,42.18484115600586,5.983132975696,,112645.641475366
FUSAtpp_num2,b3035 and b0463 and b2470,149.80799644754114,,6.4552627,42.18484115600586,10.397610637812583,,112645.641475366
Ftex_num1,b2215,96.2904209055866,,,,,,112645.641475366
Ftex_num2,b0241,33.2825,,,,,,112645.641475366
Ftex_num3,b0929,94.8168,,,,,,112645.641475366
Ftex_num4,b1377,96.2904209055866,,,,,,112645.641475366
Ftex_reverse_num1,b2215,96.2904209055866,,,,,,112645.641475366
Ftex_reverse_num2,b0241,33.2825,,,,,,112645.641475366
Ftex_reverse_num3,b0929,94.8168,,,,,,112645.641475366
Ftex_reverse_num4,b1377,96.2904209055866,,,,,,112645.641475366
Ftpp,b0624,33.2825,,,,,,112645.641475366
G1PACT,b3730,98.49306668197664,35.4294,5.5297604,8.468145370483398,159.3097940994555,730.29,
G1PP_num1,b3885,206.75125446366417,13.7262,1.3449012,9.530440330505373,33.66240634310002,117.0,
G1PP_num2,b2293,157.17088698230995,9.8683,2.7539678,10.54637622833252,8.645785370246568,117.0,
G1PP_num3,b3697,175.1936841441172,5.0932,4.3668857,39.77257537841797,8.645785370246568,117.0,
G1PPpp_num1,b1002,197.70251011777788,7.7255,24.619047,86.1111831665039,3.709008719383553,117.0,
G1PPpp_num2,b0383,205.72000000000008,,7.0613217,130.6346435546875,5.511913782654467,117.0,
G1PTT_num1,b2039,117.63095515668913,1.3898,3.8417833,12.419198036193848,33.66240634310002,,12.457142857142856
G1PTT_num2,b3789,97.76404181117316,2.3523,4.941865,12.43678379058838,69.5562354139795,,12.457142857142856
G1Ptex_num1,b1377,96.2904209055866,,,,,,112645.641475366
G1Ptex_num2,b0241,33.2825,,,,,,112645.641475366
G1Ptex_num3,b0929,94.8168,,,,,,112645.641475366
G1Ptex_num4,b2215,96.2904209055866,,,,,,112645.641475366
G1Ptex_reverse_num1,b1377,96.2904209055866,,,,,,112645.641475366
G1Ptex_reverse_num2,b0241,33.2825,,,,,,112645.641475366
G1Ptex_reverse_num3,b0929,94.8168,,,,,,112645.641475366
G1Ptex_reverse_num4,b2215,96.2904209055866,,,,,,112645.641475366
G1SAT,b0154,123.77764512125492,,,,,,0.51
G1SAT_reverse,b0154,123.77764512125492,,,,,,0.51
G2PP,b2533,189.6850202355557,5.0809,0.3943942,2.46583890914917,12.166493689076262,,
G2PPpp_num1,b4055,222.8937010511005,2.2569,11.396507,11.405914306640623,19.340076933523704,,
G2PPpp_num2,b0383,205.72000000000008,,13.082127,156.18138122558594,4.869782303147899,,
G3PAT120,b1094 and b4041,77.0261035910316,77030.5365,0.8790035,7.509454250335693,7.198881129148654,2641.9088510416664,
G3PAT140,b1094 and b4041,77.0261035910316,275.4998,0.8790035,6.867886543273926,13.9370824022727,2641.9088510416664,
G3PAT141,b1094 and b4041,77.0261035910316,8.9937,0.8790035,14.468218803405762,5.055499639337729,2641.9088510416664,
G3PAT160,b1094 and b4041,77.0261035910316,253.747,0.8790035,14.468218803405762,2.9104181261561552,2641.9088510416664,
G3PAT161,b1094 and b4041,77.0261035910316,107.3118,0.8790035,14.468218803405762,7.593811851739925,2641.9088510416664,
G3PAT180,b1094 and b4041,77.0261035910316,16.8422,0.8790035,6.47092342376709,7.497355702650688,2641.9088510416664,
G3PAT181,b1094 and b4041,77.0261035910316,10.6933,0.8790035,14.468218803405762,4.61860532862731,2641.9088510416664,
G3PCabcpp,b3453 and b3450 and b3451 and b3452,124.33102801558226,18.4611,4.3894687,8.750226020812988,5.160646713364276,,112645.641475366
G3PCtex_num1,b1377,96.2904209055866,,,,,,112645.641475366
G3PCtex_num2,b0241,33.2825,,,,,,112645.641475366
G3PCtex_num3,b0929,94.8168,,,,,,112645.641475366
G3PCtex_num4,b2215,96.2904209055866,,,,,,112645.641475366
G3PCtex_reverse_num1,b1377,96.2904209055866,,,,,,112645.641475366
G3PCtex_reverse_num2,b0241,33.2825,,,,,,112645.641475366
G3PCtex_reverse_num3,b0929,94.8168,,,,,,112645.641475366
G3PCtex_reverse_num4,b2215,96.2904209055866,,,,,,112645.641475366
G3PD2,b3608,136.71153247522938,0.5601,84.425446,95.45109558105467,2.9633630070897,,
G3PD2_reverse,b3608,136.71153247522938,11.4197,119.18326,75.05875396728516,29.39165891366132,,
G3PD5_num1,b2242 and b2243 and b2241,130.31931091954138,12.0468,3.2860243,23.871240615844727,4.505918121530305,,112645.641475366
G3PD5_num2,b3426,124.73964281862038,11.2145,15.998874,31.296167373657227,6.029423425870919,,112645.641475366
G3PD6,b2242 and b2243 and b2241,130.31931091954138,5581.1557,1.1057322,24.592544555664062,4.505918121530305,,112645.641475366
G3PD7,b2242 and b2243 and b2241,130.31931091954138,12.0215,3.2860243,24.592544555664062,4.505918121530305,33.3,
G3PEabcpp,b3453 and b3450 and b3451 and b3452,124.33102801558226,30.6296,2.5903707,8.750226020812988,3.0876692428883983,,112645.641475366
G3PEtex_num1,b2215,96.2904209055866,,,,,,112645.641475366
G3PEtex_num2,b0929,94.8168,,,,,,112645.641475366
G3PEtex_num3,b1377,96.2904209055866,,,,,,112645.641475366
G3PEtex_num4,b0241,33.2825,,,,,,112645.641475366
G3PEtex_reverse_num1,b2215,96.2904209055866,,,,,,112645.641475366
G3PEtex_reverse_num2,b0929,94.8168,,,,,,112645.641475366
G3PEtex_reverse_num3,b1377,96.2904209055866,,,,,,112645.641475366
G3PEtex_reverse_num4,b0241,33.2825,,,,,,112645.641475366
G3PGabcpp,b3453 and b3450 and b3451 and b3452,124.33102801558226,13.7509,3.687895,8.750226020812988,8.126022089600111,,112645.641475366
G3PGtex_num1,b1377,96.2904209055866,,,,,,112645.641475366
G3PGtex_num2,b0241,33.2825,,,,,,112645.641475366
G3PGtex_num3,b0929,94.8168,,,,,,112645.641475366
G3PGtex_num4,b2215,96.2904209055866,,,,,,112645.641475366
G3PGtex_reverse_num1,b1377,96.2904209055866,,,,,,112645.641475366
G3PGtex_reverse_num2,b0241,33.2825,,,,,,112645.641475366
G3PGtex_reverse_num3,b0929,94.8168,,,,,,112645.641475366
G3PGtex_reverse_num4,b2215,96.2904209055866,,,,,,112645.641475366
G3PIabcpp,b3453 and b3450 and b3451 and b3452,124.33102801558226,6.9728,,8.750226020812988,5.837987692151454,,112645.641475366
G3PItex_num1,b1377,96.2904209055866,,,,,,112645.641475366
G3PItex_num2,b0241,33.2825,,,,,,112645.641475366
G3PItex_num3,b0929,94.8168,,,,,,112645.641475366
G3PItex_num4,b2215,96.2904209055866,,,,,,112645.641475366
G3PItex_reverse_num1,b1377,96.2904209055866,,,,,,112645.641475366
G3PItex_reverse_num2,b0241,33.2825,,,,,,112645.641475366
G3PItex_reverse_num3,b0929,94.8168,,,,,,112645.641475366
G3PItex_reverse_num4,b2215,96.2904209055866,,,,,,112645.641475366
G3PSabcpp,b3453 and b3450 and b3451 and b3452,124.33102801558226,366.6421,5.8332434,8.750226020812988,6.481120339900238,,112645.641475366
G3PStex_num1,b1377,96.2904209055866,,,,,,112645.641475366
G3PStex_num2,b0241,33.2825,,,,,,112645.641475366
G3PStex_num3,b0929,94.8168,,,,,,112645.641475366
G3PStex_num4,b2215,96.2904209055866,,,,,,112645.641475366
G3PStex_reverse_num1,b1377,96.2904209055866,,,,,,112645.641475366
G3PStex_reverse_num2,b0241,33.2825,,,,,,112645.641475366
G3PStex_reverse_num3,b0929,94.8168,,,,,,112645.641475366
G3PStex_reverse_num4,b2215,96.2904209055866,,,,,,112645.641475366
G3PT_num1,b0822,173.42795360893282,3.3371,3.4010992,9.025126457214355,4.505918121530305,160.0,
G3PT_num2,b0675,120.62029370469924,3.0877,1.6726156,2.7071428298950195,16.10528181133384,160.0,
G5SD,b0243,160.70234805267864,14.9594,21.434328,15.872682571411133,5.754936161343298,,
G6PDA,b0678,150.05399822377058,1.4502,24.191813,192.3661651611328,3.017902273837988,259.04285714285714,
G6PDH2r,b1852,179.45385264683853,119.4937,29.882736,217.6114654541016,4.969088056880007,167.16666666666666,
G6PDH2r_reverse,b1852,179.45385264683853,11.3787,41.11865,106.51189422607422,5.359793510374774,167.16666666666666,
G6PP_num1,b3826,173.42795360893282,4.7317,3.169363,18.896074295043945,3.3994228655129484,,700.0
G6PP_num2,b0822,173.42795360893282,,2.8476603,9.025126457214355,4.69157887104192,,700.0
G6PP_num3,b2293,157.17088698230995,,2.1540968,8.311429977416992,4.69157887104192,,700.0
G6Pt6_2pp,b3666,23.0,93.6355,1.2426851,8.987629890441895,4.72710988872269,,112645.641475366
G6Ptex_num1,b1377,96.2904209055866,,,,,,112645.641475366
G6Ptex_num2,b0241,33.2825,,,,,,112645.641475366
G6Ptex_num3,b0929,94.8168,,,,,,112645.641475366
G6Ptex_num4,b2215,96.2904209055866,,,,,,112645.641475366
G6Ptex_reverse_num1,b1377,96.2904209055866,,,,,,112645.641475366
G6Ptex_reverse_num2,b0241,33.2825,,,,,,112645.641475366
G6Ptex_reverse_num3,b0929,94.8168,,,,,,112645.641475366
G6Ptex_reverse_num4,b2215,96.2904209055866,,,,,,112645.641475366
GAL1PPpp,b1002,197.70251011777788,10.1085,24.619047,86.1111831665039,12.39078414720572,,
GAL1Ptex_num1,b1377,96.2904209055866,,,,,,112645.641475366
GAL1Ptex_num2,b0241,33.2825,,,,,,112645.641475366
GAL1Ptex_num3,b0929,94.8168,,,,,,112645.641475366
GAL1Ptex_num4,b2215,96.2904209055866,,,,,,112645.641475366
GAL1Ptex_reverse_num1,b1377,96.2904209055866,,,,,,112645.641475366
GAL1Ptex_reverse_num2,b0241,33.2825,,,,,,112645.641475366
GAL1Ptex_reverse_num3,b0929,94.8168,,,,,,112645.641475366
GAL1Ptex_reverse_num4,b2215,96.2904209055866,,,,,,112645.641475366
GALBDtex_num1,b0929,94.8168,,,,,,112645.641475366
GALBDtex_num2,b2215,96.2904209055866,,,,,,112645.641475366
GALBDtex_num3,b0241,33.2825,,,,,,112645.641475366
GALBDtex_num4,b1377,96.2904209055866,,,,,,112645.641475366
GALBDtex_reverse_num1,b0929,94.8168,,,,,,112645.641475366
GALBDtex_reverse_num2,b2215,96.2904209055866,,,,,,112645.641475366
GALBDtex_reverse_num3,b0241,33.2825,,,,,,112645.641475366
GALBDtex_reverse_num4,b1377,96.2904209055866,,,,,,112645.641475366
GALCTD,b3128,121.23861216232469,,,,,22.0,
GALCTLO,b4358,130.15983707102805,1.0159,13.44841,60.77399063110352,3.1291870262378727,,
GALCTND,b4478,149.80799644754114,,,,,,1.08
GALCTNLt2pp,b4356,23.0,23.1304,3.6422143,14.8695707321167,1.3310477468099775,,112645.641475366
GALCTNLtex_num1,b0929,94.8168,,,,,,112645.641475366
GALCTNLtex_num2,b2215,96.2904209055866,,,,,,112645.641475366
GALCTNLtex_num3,b1377,96.2904209055866,,,,,,112645.641475366
GALCTNLtex_num4,b0241,33.2825,,,,,,112645.641475366
GALCTNLtex_reverse_num1,b0929,94.8168,,,,,,112645.641475366
GALCTNLtex_reverse_num2,b2215,96.2904209055866,,,,,,112645.641475366
GALCTNLtex_reverse_num3,b1377,96.2904209055866,,,,,,112645.641475366
GALCTNLtex_reverse_num4,b0241,33.2825,,,,,,112645.641475366
GALCTNt2pp,b3691,23.0,5.9181,5.1328936,14.010107040405272,3.0734277155319725,,112645.641475366
GALCTNtex_num1,b1377,96.2904209055866,,,,,,112645.641475366
GALCTNtex_num2,b0241,33.2825,,,,,,112645.641475366
GALCTNtex_num3,b0929,94.8168,,,,,,112645.641475366
GALCTNtex_num4,b2215,96.2904209055866,,,,,,112645.641475366
GALCTNtex_reverse_num1,b1377,96.2904209055866,,,,,,112645.641475366
GALCTNtex_reverse_num2,b0241,33.2825,,,,,,112645.641475366
GALCTNtex_reverse_num3,b0929,94.8168,,,,,,112645.641475366
GALCTNtex_reverse_num4,b2215,96.2904209055866,,,,,,112645.641475366
GALCTt2rpp_num1,b2789,23.0,13.9216,20.117376,19.437274932861328,5.871081732760222,,112645.641475366
GALCTt2rpp_num2,b3127,23.0,,12.388634,15.794880867004396,9.661923757639329,,112645.641475366
GALCTt2rpp_reverse_num1,b2789,23.0,1.4303,20.117376,19.437274932861328,8.515326148078657,,112645.641475366
GALCTt2rpp_reverse_num2,b3127,23.0,,12.388634,15.794880867004396,3.2812691875889777,,112645.641475366
GALCTtex_num1,b1377,96.2904209055866,,,,,,112645.641475366
GALCTtex_num2,b0241,33.2825,,,,,,112645.641475366
GALCTtex_num3,b0929,94.8168,,,,,,112645.641475366
GALCTtex_num4,b2215,96.2904209055866,,,,,,112645.641475366
GALCTtex_reverse_num1,b1377,96.2904209055866,,,,,,112645.641475366
GALCTtex_reverse_num2,b0241,33.2825,,,,,,112645.641475366
GALCTtex_reverse_num3,b0929,94.8168,,,,,,112645.641475366
GALCTtex_reverse_num4,b2215,96.2904209055866,,,,,,112645.641475366
GALKr,b0757,143.92573340895575,4.2818,0.5228096,3.602996826171875,19.340076933523704,16231.45,
GALKr_reverse,b0757,143.92573340895575,2.7496,0.57536316,5.465901851654053,8.135649937618254,16231.45,
GALM2pp,b0756,149.80799644754114,,,,,15099.75,
GALS3,b4119,124.73964281862038,8.4714,1.0949519,17.609638214111328,6.017643171845462,46182298.333333336,
GALT1,b3628,77.65641666666666,19.7853,1.8109659,6.409515857696533,4.869782303147899,,112645.641475366
GALTptspp,b2093 and b2415 and b2092 and b2094 and b2416,157.17088698230995,21.366,0.96225995,34.994239807128906,20.83005914936328,,112645.641475366
GALTtex_num1,b1377,96.2904209055866,,,,,,112645.641475366
GALTtex_num2,b0241,33.2825,,,,,,112645.641475366
GALTtex_num3,b0929,94.8168,,,,,,112645.641475366
GALTtex_num4,b2215,96.2904209055866,,,,,,112645.641475366
GALTtex_reverse_num1,b1377,96.2904209055866,,,,,,112645.641475366
GALTtex_reverse_num2,b0241,33.2825,,,,,,112645.641475366
GALTtex_reverse_num3,b0929,94.8168,,,,,,112645.641475366
GALTtex_reverse_num4,b2215,96.2904209055866,,,,,,112645.641475366
GALURt2rpp,b3093,23.0,18.8292,2.4142485,13.599187850952148,18.05149927356397,,112645.641475366
GALURt2rpp_reverse,b3093,23.0,0.2479,2.4142485,13.599187850952148,4.156262642575966,,112645.641475366
GALURtex_num1,b1377,96.2904209055866,,,,,,112645.641475366
GALURtex_num2,b0241,33.2825,,,,,,112645.641475366
GALURtex_num3,b0929,94.8168,,,,,,112645.641475366
GALURtex_num4,b2215,96.2904209055866,,,,,,112645.641475366
GALURtex_reverse_num1,b1377,96.2904209055866,,,,,,112645.641475366
GALURtex_reverse_num2,b0241,33.2825,,,,,,112645.641475366
GALURtex_reverse_num3,b0929,94.8168,,,,,,112645.641475366
GALURtex_reverse_num4,b2215,96.2904209055866,,,,,,112645.641475366
GALUi,b1236,121.23861216232469,0.6239,2.8486369,28.634557723999023,1.093068402983836,10453.594666666666,
GALabcpp_num1,b2149 and b2148 and b2150,97.76404181117316,15.4804,6.139834,4.179769039154053,7.228125235384933,,
GALabcpp_num2,b4485 and b4227 and b4230 and b4231,149.80799644754114,,5.203415,4.520028591156006,15.77574159368995,,
GALt2pp,b2943,23.0,0.4176,14.168937,13.797069549560549,0.46698776600873,,112645.641475366
GALtex_num1,b1377,96.2904209055866,,,,,,112645.641475366
GALtex_num2,b0241,33.2825,,,,,,112645.641475366
GALtex_num3,b0929,94.8168,,,,,,112645.641475366
GALtex_num4,b2215,96.2904209055866,,,,,,112645.641475366
GALtex_reverse_num1,b1377,96.2904209055866,,,,,,112645.641475366
GALtex_reverse_num2,b0241,33.2825,,,,,,112645.641475366
GALtex_reverse_num3,b0929,94.8168,,,,,,112645.641475366
GALtex_reverse_num4,b2215,96.2904209055866,,,,,,112645.641475366
GAM6Pt6_2pp,b3666,23.0,1.6841,3.0266292,8.987629890441895,3.9655254961728224,,112645.641475366
GAMAN6Ptex_num1,b1377,96.2904209055866,,,,,,112645.641475366
GAMAN6Ptex_num2,b0241,33.2825,,,,,,112645.641475366
GAMAN6Ptex_num3,b0929,94.8168,,,,,,112645.641475366
GAMAN6Ptex_num4,b2215,96.2904209055866,,,,,,112645.641475366
GAMAN6Ptex_reverse_num1,b1377,96.2904209055866,,,,,,112645.641475366
GAMAN6Ptex_reverse_num2,b0241,33.2825,,,,,,112645.641475366
GAMAN6Ptex_reverse_num3,b0929,94.8168,,,,,,112645.641475366
GAMAN6Ptex_reverse_num4,b2215,96.2904209055866,,,,,,112645.641475366
GAMptspp,b1817 and b2416 and b2415 and b1819 and b1818,152.62479040685164,31.4361,0.96225995,10.40248680114746,5.511913782654467,,112645.641475366
GAMtex_num1,b1377,96.2904209055866,,,,,,112645.641475366
GAMtex_num2,b0241,33.2825,,,,,,112645.641475366
GAMtex_num3,b0929,94.8168,,,,,,112645.641475366
GAMtex_num4,b2215,96.2904209055866,,,,,,112645.641475366
GAMtex_reverse_num1,b1377,96.2904209055866,,,,,,112645.641475366
GAMtex_reverse_num2,b0241,33.2825,,,,,,112645.641475366
GAMtex_reverse_num3,b0929,94.8168,,,,,,112645.641475366
GAMtex_reverse_num4,b2215,96.2904209055866,,,,,,112645.641475366
GAPD,b1779,115.69288473855742,4.7005,5.0541663,37.374267578125,18.05149927356397,,999.0
GAPD_reverse,b1779,115.69288473855742,11.7552,2.276934,29.60462760925293,6.046301810920078,,999.0
GAPP,b1727,149.80799644754114,1.5355,2.4035869,5.567705154418945,14.530183055053186,,112645.641475366
GARFT,b2500,152.62479040685164,18.973,10.316574,14.274473190307615,6.215517309103734,15.613125,
GARFT_reverse,b2500,152.62479040685164,71.3661,1.0008078,9.437145233154297,7.228125235384933,15.613125,
GART,b1849,115.69288473855748,36.21,4.772751,7.235834121704102,6.215517309103734,,
GBBTNtex_num1,b1377,96.2904209055866,,,,,,112645.641475366
GBBTNtex_num2,b0241,33.2825,,,,,,112645.641475366
GBBTNtex_num3,b0929,94.8168,,,,,,112645.641475366
GBBTNtex_num4,b2215,96.2904209055866,,,,,,112645.641475366
GBBTNtex_reverse_num1,b1377,96.2904209055866,,,,,,112645.641475366
GBBTNtex_reverse_num2,b0241,33.2825,,,,,,112645.641475366
GBBTNtex_reverse_num3,b0929,94.8168,,,,,,112645.641475366
GBBTNtex_reverse_num4,b2215,96.2904209055866,,,,,,112645.641475366
GCALDD,b1415,136.2454183611817,21.2776,17.762388,565.6089477539062,7.897718004824455,,
GDMANE,b2052,151.18324760891227,,,,,,112645.641475366
GDPDPK_num1,b2784,122.42412220751704,,,,,,73.0
GDPDPK_num2,b3650,169.7465083415484,,,,,,73.0
GDPMNH,b2051,152.62479040685164,1.1929,0.45364717,1.5478078126907349,5.688412376681967,,112645.641475366
GDPMNP,b2467,121.20698236312832,21.1682,10.056244,62.48566818237305,7.860189042422557,,
GDPTPDP,b3650,169.7465083415484,76.9646,0.44711304,4.290266036987305,3.802692970292663,,2.264
GDPtex_num1,b2215,96.2904209055866,,,,,,112645.641475366
GDPtex_num2,b0929,94.8168,,,,,,112645.641475366
GDPtex_num3,b1377,96.2904209055866,,,,,,112645.641475366
GDPtex_num4,b0241,33.2825,,,,,,112645.641475366
GDPtex_reverse_num1,b2215,96.2904209055866,,,,,,112645.641475366
GDPtex_reverse_num2,b0929,94.8168,,,,,,112645.641475366
GDPtex_reverse_num3,b1377,96.2904209055866,,,,,,112645.641475366
GDPtex_reverse_num4,b0241,33.2825,,,,,,112645.641475366
GF6PTA,b3729,115.69288473855744,11.5776,6.329705,15.781052589416504,6.9899481650584585,13.229524285714286,
GGGABADr,b1300,149.80799644754114,11.3485,19.748177,13.98477268218994,5.755455404706444,,
GGGABAH,b1298,121.23861216232469,123.7416,6.064143,7.064861297607422,3.3532252999997976,,
GGPTRCO,b1301,120.42138255624845,104.9765,10.842815,41.24076843261719,5.809898887901974,,112645.641475366
GGPTRCS,b1297,118.43411865124476,23.1115,23.440184,11.313726425170898,1.7950600977119433,,5.94
GHBDHx,b3882,130.15983707102805,28.4418,87.033806,214.55455017089844,20.83005914936328,4844.5497,
GHBDHx_reverse,b3882,130.15983707102805,16.893,46.842876,216.4400634765625,6.510910736437578,4844.5497,
GHMT2r,b2551,121.23861216232469,201.1247,1.8481872,9.812714576721191,28.88367235458073,81.31370333333334,
GHMT2r_reverse,b2551,121.23861216232469,146.4919,1.5548009,7.544720649719238,6.114933958500958,81.31370333333334,
GK1,b3648,96.3,,,,,209.0,
GK1_reverse,b3648,96.3,,,,,209.0,
GLBRAN2,b3432,126.07375,,,,,533431.525,
GLCATr,b0459,220.78740210220096,4.3529,33.420895,4.451496124267578,20.83005914936328,,
GLCATr_reverse,b0459,220.78740210220096,13.3289,36.770157,2.114924430847168,9.490631515381825,,
GLCDpp_num1,b0124,217.9104735111005,0.0524,66.983734,55.09756088256836,3.0734277155319725,,112645.641475366
GLCDpp_num2,b0837,215.03354492000008,,24.95724,1368.1363525390625,10.285457757985752,,112645.641475366
GLCNt2rpp_num1,b3415,23.0,10.531,3.7192235,14.868906021118164,4.394049003149232,,112645.641475366
GLCNt2rpp_num2,b4321,23.0,,0.74449676,28.622377395629883,20.83005914936328,,112645.641475366
GLCNt2rpp_num3,b4476,23.0,,0.13512884,17.282459259033203,20.83005914936328,,112645.641475366
GLCNt2rpp_num4,b4265,23.0,,2.9870431,34.219730377197266,6.23463125887155,,112645.641475366
GLCNt2rpp_reverse_num1,b3415,23.0,0.9128,3.7192235,14.868906021118164,13.48862031151317,,112645.641475366
GLCNt2rpp_reverse_num2,b4321,23.0,,0.74449676,28.622377395629883,8.135649937618254,,112645.641475366
GLCNt2rpp_reverse_num3,b4476,23.0,,0.13512884,17.282459259033203,4.385833655294576,,112645.641475366
GLCNt2rpp_reverse_num4,b4265,23.0,,2.9870431,34.219730377197266,8.135649937618254,,112645.641475366
GLCNtex_num1,b1377,96.2904209055866,,,,,,112645.641475366
GLCNtex_num2,b0241,33.2825,,,,,,112645.641475366
GLCNtex_num3,b0929,94.8168,,,,,,112645.641475366
GLCNtex_num4,b2215,96.2904209055866,,,,,,112645.641475366
GLCNtex_reverse_num1,b1377,96.2904209055866,,,,,,112645.641475366
GLCNtex_reverse_num2,b0241,33.2825,,,,,,112645.641475366
GLCNtex_reverse_num3,b0929,94.8168,,,,,,112645.641475366
GLCNtex_reverse_num4,b2215,96.2904209055866,,,,,,112645.641475366
GLCP2_num1,b3417,126.07375,414.2609,,19.84067726135254,1.8495598103545416,26.95,
GLCP2_num2,b3428,126.07375,,,17.111751556396484,3.5590811542674947,26.95,
GLCP_num1,b3428,126.07375,2.762,,16.122690200805664,4.270573086341976,,112645.641475366
GLCP_num2,b3417,126.07375,8.0888,,18.14558982849121,4.3269544586335424,,112645.641475366
GLCRAL,b3126,147.8614375,,,,,27.3,
GLCRD_num1,b2788,136.2454183611817,,,,,27.5,
GLCRD_num2,b2787,130.15983707102805,,,,,27.5,
GLCRt2rpp_num1,b3127,23.0,1.3803,12.388634,15.794880867004396,4.810772528691261,,112645.641475366
GLCRt2rpp_num2,b2789,23.0,,20.117376,19.437274932861328,8.645785370246568,,112645.641475366
GLCRt2rpp_reverse_num1,b3127,23.0,3.0561,12.388634,15.794880867004396,4.69157887104192,,112645.641475366
GLCRt2rpp_reverse_num2,b2789,23.0,,20.117376,19.437274932861328,6.80260369160666,,112645.641475366
GLCRtex_num1,b1377,96.2904209055866,,,,,,112645.641475366
GLCRtex_num2,b0241,33.2825,,,,,,112645.641475366
GLCRtex_num3,b0929,94.8168,,,,,,112645.641475366
GLCRtex_num4,b2215,96.2904209055866,,,,,,112645.641475366
GLCRtex_reverse_num1,b1377,96.2904209055866,,,,,,112645.641475366
GLCRtex_reverse_num2,b0241,33.2825,,,,,,112645.641475366
GLCRtex_reverse_num3,b0929,94.8168,,,,,,112645.641475366
GLCRtex_reverse_num4,b2215,96.2904209055866,,,,,,112645.641475366
GLCS1,b3429,152.5584987702834,,,,,439743.15,
GLCTR1,b3631,76.35248958333332,39.4562,0.41376016,5.735464096069336,3.2366721193974084,,112645.641475366
GLCTR2,b3627,189.6850202355557,18.4695,0.42271364,5.228003025054932,1.4788533079519324,,112645.641475366
GLCTR3,b3626,77.65641666666666,22.3013,0.22388269,9.104541778564451,3.3994228655129484,,112645.641475366
GLCUR1Ptex_num1,b1377,96.2904209055866,,,,,,112645.641475366
GLCUR1Ptex_num2,b0241,33.2825,,,,,,112645.641475366
GLCUR1Ptex_num3,b0929,94.8168,,,,,,112645.641475366
GLCUR1Ptex_num4,b2215,96.2904209055866,,,,,,112645.641475366
GLCUR1Ptex_reverse_num1,b1377,96.2904209055866,,,,,,112645.641475366
GLCUR1Ptex_reverse_num2,b0241,33.2825,,,,,,112645.641475366
GLCUR1Ptex_reverse_num3,b0929,94.8168,,,,,,112645.641475366
GLCUR1Ptex_reverse_num4,b2215,96.2904209055866,,,,,,112645.641475366
GLCURt2rpp_num1,b3909,23.0,0.9422,4.060252,30.58156394958496,8.06523027060146,,112645.641475366
GLCURt2rpp_num2,b3093,23.0,,2.4142485,13.599187850952148,8.645785370246568,,112645.641475366
GLCURt2rpp_reverse_num1,b3909,23.0,24.2449,4.060252,30.58156394958496,2.5334831685657355,,112645.641475366
GLCURt2rpp_reverse_num2,b3093,23.0,,2.4142485,13.599187850952148,8.135649937618254,,112645.641475366
GLCURtex_num1,b1377,96.2904209055866,,,,,,112645.641475366
GLCURtex_num2,b0241,33.2825,,,,,,112645.641475366
GLCURtex_num3,b0929,94.8168,,,,,,112645.641475366
GLCURtex_num4,b2215,96.2904209055866,,,,,,112645.641475366
GLCURtex_reverse_num1,b1377,96.2904209055866,,,,,,112645.641475366
GLCURtex_reverse_num2,b0241,33.2825,,,,,,112645.641475366
GLCURtex_reverse_num3,b0929,94.8168,,,,,,112645.641475366
GLCURtex_reverse_num4,b2215,96.2904209055866,,,,,,112645.641475366
GLCabcpp,b2148 and b2149 and b2150,97.76404181117316,607.9257,6.139834,4.179769039154053,4.09308114300775,,
GLCptspp_num1,b2415 and b1101 and b2416 and b2417,189.6850202355557,79.3853,0.96225995,6.122900009155273,20.83005914936328,,112645.641475366
GLCptspp_num2,b2417 and b1621 and b2415 and b2416,189.6850202355557,,4.3571973,6.122900009155273,10.397610637812583,,112645.641475366
GLCptspp_num3,b1817 and b2415 and b1819 and b1818 and b2416,152.62479040685164,,0.96225995,10.40248680114746,180.06711306374774,,112645.641475366
GLCt2pp,b2943,23.0,3.704,14.168937,13.797069549560549,2.85438361193464,,112645.641475366
GLCtex_copy1,b4036,117.94906666660007,,,,,,112645.641475366
GLCtex_copy2_num1,b0241,33.2825,,,,,,112645.641475366
GLCtex_copy2_num2,b0929,94.8168,,,,,,112645.641475366
GLCtex_copy2_num3,b1377,96.2904209055866,,,,,,112645.641475366
GLCtex_copy2_num4,b2215,96.2904209055866,,,,,,112645.641475366
GLCtex_copy2_reverse_num1,b0241,33.2825,,,,,,112645.641475366
GLCtex_copy2_reverse_num2,b0929,94.8168,,,,,,112645.641475366
GLCtex_copy2_reverse_num3,b1377,96.2904209055866,,,,,,112645.641475366
GLCtex_copy2_reverse_num4,b2215,96.2904209055866,,,,,,112645.641475366
GLDBRAN2,b3431,159.765,,,,,465374.525,
GLGC,b3430,102.75535423891992,21.6201,21.118366,23.99738502502441,33.66240634310002,370.0,
GLNS,b3870,136.71153247522938,22.7638,24.600733,33.18653106689453,5.755455404706444,6.0,
GLNabcpp,b0809 and b0811 and b0810,95.2404483747866,41.3802,1.5575699,15.154284477233888,4.810772528691261,,
GLNtex_num1,b2215,96.2904209055866,,,,,,112645.641475366
GLNtex_num2,b0929,94.8168,,,,,,112645.641475366
GLNtex_num3,b1377,96.2904209055866,,,,,,112645.641475366
GLNtex_num4,b0241,33.2825,,,,,,112645.641475366
GLNtex_reverse_num1,b2215,96.2904209055866,,,,,,112645.641475366
GLNtex_reverse_num2,b0929,94.8168,,,,,,112645.641475366
GLNtex_reverse_num3,b1377,96.2904209055866,,,,,,112645.641475366
GLNtex_reverse_num4,b0241,33.2825,,,,,,112645.641475366
GLTPD,b2091,149.80799644754114,7.7325,4.7464695,25.06496238708496,6.8355268848679405,,
GLTPD_reverse,b2091,149.80799644754114,0.0527,3.4935849,22.251182556152344,5.604573325175639,,
GLU5K,b0242,151.18324760891227,0.3862,34.63835,24.76726722717285,4.969088056880007,2601196.2,
GLUABUTt7pp,b1492,23.0,110.1435,8.404914,22.656192779541016,6.910340159663062,,112645.641475366
GLUABUTt7pp_reverse,b1492,23.0,2.4587,8.404914,22.656192779541016,28.88367235458073,,112645.641475366
GLUCYS,b2688,129.20025527297207,0.7308,20.986946,39.7607536315918,6.9899481650584585,33.31666666666666,
GLUDC_num1,b3517,126.3166780801852,5.6239,23.406326,20.62967300415039,1.3423129350260046,42.055,
GLUDC_num2,b1493,126.3166780801852,,24.415285,21.199443817138672,10.400376497266745,42.055,
GLUDy,b1761,132.2430459180489,24.2732,49.876423,195.9360198974609,1.2556971297984412,27.2,
GLUDy_reverse,b1761,132.2430459180489,1.0243,96.43063,294.3305358886719,8.06523027060146,27.2,
GLUN_num1,b0485,143.25976446138526,15.4988,0.7698157,89.16374206542969,6.9899481650584585,,30.301833335
GLUN_num2,b1524,143.25976446138526,,9.504004,83.79824829101562,4.3269544586335424,,30.301833335
GLUNpp,b2957,157.17088698230995,1.3123,1.532242,39.7823371887207,8.375467515442104,30.301833335,
GLUPRT,b2312,98.49306668197664,20.1878,2.3038533,8.483142852783203,3.2271986671626283,,
GLUR,b3967,123.60963225270936,,,,,43.33,
GLUR_reverse,b3967,123.60963225270936,,,,,43.33,
GLUSy,b3213 and b3212,116.93499317391652,17.8125,2.8975344,53.093692779541016,83.54885239895054,483142.1853333333,
GLUTRR,b1210,121.23861216232469,2.8235,,45.6033821105957,1.8285950820925496,0.1433333333333333,
GLUTRS,b2400,97.61360481285834,2.232,16.049795,3.173441171646118,4.810772528691261,1.5009666666666668,
GLUabcpp,b0654 and b0653 and b0655 and b0652,97.76404181117316,5.0988,17.243525,24.663986206054688,5.359793510374774,,
GLUt2rpp,b4077,23.0,0.5982,36.596603,23.74148368835449,6.910340159663062,,112645.641475366
GLUt2rpp_reverse,b4077,23.0,4.3328,36.596603,23.74148368835449,3.2812691875889777,,112645.641475366
GLUt4pp,b3653,28.14125,8.6436,29.33427,14.009480476379396,6.910340159663062,,112645.641475366
GLUtex_num1,b1377,96.2904209055866,,,,,,112645.641475366
GLUtex_num2,b0241,33.2825,,,,,,112645.641475366
GLUtex_num3,b0929,94.8168,,,,,,112645.641475366
GLUtex_num4,b2215,96.2904209055866,,,,,,112645.641475366
GLUtex_reverse_num1,b1377,96.2904209055866,,,,,,112645.641475366
GLUtex_reverse_num2,b0241,33.2825,,,,,,112645.641475366
GLUtex_reverse_num3,b0929,94.8168,,,,,,112645.641475366
GLUtex_reverse_num4,b2215,96.2904209055866,,,,,,112645.641475366
GLXCL,b0507,121.23861216232469,8.3532,3.9058974,18.31461524963379,180.06711306374774,75520.66666666667,
GLYALDtex_num1,b1377,96.2904209055866,,,,,,112645.641475366
GLYALDtex_num2,b0241,33.2825,,,,,,112645.641475366
GLYALDtex_num3,b0929,94.8168,,,,,,112645.641475366
GLYALDtex_num4,b2215,96.2904209055866,,,,,,112645.641475366
GLYALDtex_reverse_num1,b1377,96.2904209055866,,,,,,112645.641475366
GLYALDtex_reverse_num2,b0241,33.2825,,,,,,112645.641475366
GLYALDtex_reverse_num3,b0929,94.8168,,,,,,112645.641475366
GLYALDtex_reverse_num4,b2215,96.2904209055866,,,,,,112645.641475366
GLYALDtpp,b3927,33.2825,,,,,,112645.641475366
GLYALDtpp_reverse,b3927,33.2825,,,,,,112645.641475366
GLYAT,b3617,128.2406734749161,3396.088,1.0401821,1.551912546157837,4.588231538118686,0.02,
GLYAT_reverse,b3617,128.2406734749161,1.8265,1.1183321,1.6968857049942017,6.47591517554057,0.02,
GLYBabcpp_num1,b2130 and b2131 and b2129 and b2128,90.65907860738318,38.8403,1.6333835,19.98031997680664,4.423306762159818,,112645.641475366
GLYBabcpp_num2,b2679 and b2677 and b2678,90.65907860738318,,3.788559,18.982484817504883,18.05149927356397,,112645.641475366
GLYBt2pp_num1,b1801,23.0,0.2747,8.920684,36.318973541259766,3.646767652551578,,112645.641475366
GLYBt2pp_num2,b4111,23.0,,4.041144,15.8236083984375,1.9478357779327689,,112645.641475366
GLYBt3pp,b0543,33.2825,9.3635,4.1972785,18.734582901000977,16.06936027515672,,112645.641475366
GLYBtex_num1,b1377,96.2904209055866,,,,,,112645.641475366
GLYBtex_num2,b0241,33.2825,,,,,,112645.641475366
GLYBtex_num3,b0929,94.8168,,,,,,112645.641475366
GLYBtex_num4,b2215,96.2904209055866,,,,,,112645.641475366
GLYBtex_reverse_num1,b1377,96.2904209055866,,,,,,112645.641475366
GLYBtex_reverse_num2,b0241,33.2825,,,,,,112645.641475366
GLYBtex_reverse_num3,b0929,94.8168,,,,,,112645.641475366
GLYBtex_reverse_num4,b2215,96.2904209055866,,,,,,112645.641475366
GLYC2Pabcpp,b3451 and b3450 and b3453 and b3452,124.33102801558226,4.7347,3.2565188,8.750226020812988,12.166493689076262,,112645.641475366
GLYC2Ptex_num1,b1377,96.2904209055866,,,,,,112645.641475366
GLYC2Ptex_num2,b0241,33.2825,,,,,,112645.641475366
GLYC2Ptex_num3,b0929,94.8168,,,,,,112645.641475366
GLYC2Ptex_num4,b2215,96.2904209055866,,,,,,112645.641475366
GLYC2Ptex_reverse_num1,b1377,96.2904209055866,,,,,,112645.641475366
GLYC2Ptex_reverse_num2,b0241,33.2825,,,,,,112645.641475366
GLYC2Ptex_reverse_num3,b0929,94.8168,,,,,,112645.641475366
GLYC2Ptex_reverse_num4,b2215,96.2904209055866,,,,,,112645.641475366
GLYC3Pabcpp,b3453 and b3452 and b3451 and b3450,124.33102801558226,13.5919,3.177514,8.750226020812988,17.2874862383104,,
GLYC3Pt6pp,b2240,23.0,2.0935,3.3241608,17.45770263671875,2.83415341835266,,112645.641475366
GLYC3Ptex_num1,b1377,96.2904209055866,,,,,,112645.641475366
GLYC3Ptex_num2,b0241,33.2825,,,,,,112645.641475366
GLYC3Ptex_num3,b0929,94.8168,,,,,,112645.641475366
GLYC3Ptex_num4,b2215,96.2904209055866,,,,,,112645.641475366
GLYC3Ptex_reverse_num1,b1377,96.2904209055866,,,,,,112645.641475366
GLYC3Ptex_reverse_num2,b0241,33.2825,,,,,,112645.641475366
GLYC3Ptex_reverse_num3,b0929,94.8168,,,,,,112645.641475366
GLYC3Ptex_reverse_num4,b2215,96.2904209055866,,,,,,112645.641475366
GLYCAt2rpp_num1,b3127,23.0,2.6257,4.900151,15.794880867004396,4.505918121530305,,112645.641475366
GLYCAt2rpp_num2,b2789,23.0,,7.051513,19.437274932861328,20.83005914936328,,112645.641475366
GLYCAt2rpp_reverse_num1,b3127,23.0,1.0335,4.900151,15.794880867004396,9.38360738254706,,112645.641475366
GLYCAt2rpp_reverse_num2,b2789,23.0,,7.051513,19.437274932861328,3.010689729782688,,112645.641475366
GLYCAtex_num1,b1377,96.2904209055866,,,,,,112645.641475366
GLYCAtex_num2,b0241,33.2825,,,,,,112645.641475366
GLYCAtex_num3,b0929,94.8168,,,,,,112645.641475366
GLYCAtex_num4,b2215,96.2904209055866,,,,,,112645.641475366
GLYCAtex_reverse_num1,b1377,96.2904209055866,,,,,,112645.641475366
GLYCAtex_reverse_num2,b0241,33.2825,,,,,,112645.641475366
GLYCAtex_reverse_num3,b0929,94.8168,,,,,,112645.641475366
GLYCAtex_reverse_num4,b2215,96.2904209055866,,,,,,112645.641475366
GLYCDx,b3945,129.20025527297207,8.3986,12.593827,16.272146224975586,4.074876182746937,37.866665,
GLYCK,b0514,189.6850202355557,115.4018,24.316734,26.99163055419922,5.2469593410977335,350.0,
GLYCK2,b3124,205.72000000000008,99.507,5.5636954,26.967998504638672,3.285088381901868,2.5,
GLYCL,b0116 and b2904 and b2903 and b2905,120.50274604186052,37.2716,7.3200974,13.59857940673828,28.88367235458073,86570.0,
GLYCLTDx_num1,b3553,124.73964281862038,16.6244,41.280308,19.29294776916504,69.5562354139795,66601.01518518518,
GLYCLTDx_num2,b1033,153.48944171492553,,3.662039,23.44367218017578,180.06711306374774,66601.01518518518,
GLYCLTDy_num1,b1033,153.48944171492553,0.2826,3.662039,30.3319091796875,1.9562772055410185,136.8,
GLYCLTDy_num2,b3553,124.73964281862038,,41.280308,22.01556968688965,9.674936837183308,136.8,
GLYCLTt2rpp_num1,b3603,23.0,9.0659,26.820246,10.147160530090332,6.9899481650584585,,112645.641475366
GLYCLTt2rpp_num2,b2975,23.0,,18.837498,11.09506893157959,15.77574159368995,,112645.641475366
GLYCLTt2rpp_reverse_num1,b3603,23.0,6.2521,26.820246,10.147160530090332,4.314301481939048,,112645.641475366
GLYCLTt2rpp_reverse_num2,b2975,23.0,,18.837498,11.09506893157959,8.135649937618254,,112645.641475366
GLYCLTt4pp,b4067,28.14125,1.971,5.9805403,22.610332489013672,2.83415341835266,,112645.641475366
GLYCLTtex_num1,b1377,96.2904209055866,,,,,,112645.641475366
GLYCLTtex_num2,b0241,33.2825,,,,,,112645.641475366
GLYCLTtex_num3,b0929,94.8168,,,,,,112645.641475366
GLYCLTtex_num4,b2215,96.2904209055866,,,,,,112645.641475366
GLYCLTtex_reverse_num1,b1377,96.2904209055866,,,,,,112645.641475366
GLYCLTtex_reverse_num2,b0241,33.2825,,,,,,112645.641475366
GLYCLTtex_reverse_num3,b0929,94.8168,,,,,,112645.641475366
GLYCLTtex_reverse_num4,b2215,96.2904209055866,,,,,,112645.641475366
GLYCTO2,b4468 and b2979 and b4467,136.2454183611817,0.3502,11.90347,10.960381507873535,9.674936837183308,,112645.641475366
GLYCTO3,b4468 and b2979 and b4467,136.2454183611817,0.6548,1.3735596,10.960381507873535,9.674936837183308,,112645.641475366
GLYCTO4,b4468 and b2979 and b4467,136.2454183611817,0.525,11.90347,10.638911247253418,9.674936837183308,,112645.641475366
GLYCtex_num1,b1377,96.2904209055866,,,,,,112645.641475366
GLYCtex_num2,b0241,33.2825,,,,,,112645.641475366
GLYCtex_num3,b0929,94.8168,,,,,,112645.641475366
GLYCtex_num4,b2215,96.2904209055866,,,,,,112645.641475366
GLYCtex_reverse_num1,b1377,96.2904209055866,,,,,,112645.641475366
GLYCtex_reverse_num2,b0241,33.2825,,,,,,112645.641475366
GLYCtex_reverse_num3,b0929,94.8168,,,,,,112645.641475366
GLYCtex_reverse_num4,b2215,96.2904209055866,,,,,,112645.641475366
GLYCtpp_num2,b3927,33.2825,,,,,,
GLYCtpp_reverse_num2,b3927,33.2825,,,,,,
GLYK,b3926,149.80799644754114,2.4687,64.16292,214.8651428222656,8.135649937618254,1424768.5822222224,
GLYOX,b0212,205.72000000000008,3.2974,52.254524,77.94377136230469,3.541144371740768,53.0,
GLYOX3,b1967,137.33728571428568,4.4233,8.72062,2.212374210357666,6.361344157449999,2.61,
GLYt2pp_num1,b1801,23.0,23.1032,3.5805326,36.318973541259766,2.312153051635714,,112645.641475366
GLYt2pp_num2,b4208,23.0,,2.5095842,36.413177490234375,2.6182215851292328,,112645.641475366
GLYt4pp,b0007,27.0,3.6937,4.579072,20.64867401123047,1.9351718123726127,,112645.641475366
GLYtex_num1,b1377,96.2904209055866,,,,,,112645.641475366
GLYtex_num2,b0241,33.2825,,,,,,112645.641475366
GLYtex_num3,b0929,94.8168,,,,,,112645.641475366
GLYtex_num4,b2215,96.2904209055866,,,,,,112645.641475366
GLYtex_reverse_num1,b1377,96.2904209055866,,,,,,112645.641475366
GLYtex_reverse_num2,b0241,33.2825,,,,,,112645.641475366
GLYtex_reverse_num3,b0929,94.8168,,,,,,112645.641475366
GLYtex_reverse_num4,b2215,96.2904209055866,,,,,,112645.641475366
GLYtpp,b3927,33.2825,,,,,,112645.641475366
GLYtpp_reverse,b3927,33.2825,,,,,,112645.641475366
GMAND,b2053,115.09424085382416,,,,,5.0,
GMHEPAT,b3052,101.46981508671728,3.4309,5.6368747,5.211837291717529,7.020495826429408,,
GMHEPK,b3052,101.46981508671728,0.3107,3.568673,5.059199810028076,4.680576033440474,,112645.641475366
GMHEPPA,b0200,151.18324760891227,20.0191,0.20528434,12.812579154968262,3.458785725827373,,112645.641475366
GMPR,b0104,123.60963225270936,,,,,1819.3546666666664,
GMPS,b2507,97.46316781454354,,,,,18.15,
GMPS2,b2507,97.46316781454354,0.6813,19.228043,1.4479137659072876,7.8337863355112125,16.666666666666668,
GMPtex_num1,b0929,94.8168,,,,,,112645.641475366
GMPtex_num2,b2215,96.2904209055866,,,,,,112645.641475366
GMPtex_num3,b0241,33.2825,,,,,,112645.641475366
GMPtex_num4,b1377,96.2904209055866,,,,,,112645.641475366
GMPtex_reverse_num1,b0929,94.8168,,,,,,112645.641475366
GMPtex_reverse_num2,b2215,96.2904209055866,,,,,,112645.641475366
GMPtex_reverse_num3,b0241,33.2825,,,,,,112645.641475366
GMPtex_reverse_num4,b1377,96.2904209055866,,,,,,112645.641475366
GND,b2029,151.2163934271964,9.6951,13.243044,28.950477600097656,7.228125235384933,54913.066666666666,
GNK_num1,b3437,123.60963225270936,2.3817,7.448855,12.598689079284668,10.397610637812583,,9.4
GNK_num2,b4268,152.5584987702834,,10.637656,5.985688209533691,8.509523323516037,,9.4
GNP_num1,b3715,149.80799644754114,3.8131,2.0845914,8.132019996643066,9.18177074388264,,112645.641475366
GNP_num2,b2690,189.6850202355557,,3.1137478,4.028293609619141,14.530183055053186,,112645.641475366
GOFUCR,b2052,151.18324760891227,0.5193,12.289509,8.288029670715332,4.025296115880147,,0.75
GP4GH,b0049,152.62479040685164,1.2302,1.6610396,1.5478078126907349,1.5981374302329847,,112645.641475366
GPDDA1,b3449,118.43411865124476,0.1387,0.3899822,1.5024104118347168,6.130754302507611,220.0,
GPDDA1pp,b2239,157.17088698230995,2.3748,4.541638,12.437339782714844,4.426404866202988,220.0,
GPDDA2,b3449,118.43411865124476,10.2422,0.24626474,2.212373733520508,7.228125235384933,220.0,
GPDDA2pp,b2239,157.17088698230995,3.15,4.8248634,43.42340850830078,19.07447150904677,220.0,
GPDDA3,b3449,118.43411865124476,31.4361,0.40736687,2.279223680496216,7.596548103944305,,2.8
GPDDA3pp,b2239,157.17088698230995,1.007,3.2656677,36.32059860229492,3.1252965813617424,,2.8
GPDDA4,b3449,118.43411865124476,22.3399,0.60514337,2.724944591522217,4.2102808645197,,3.3
GPDDA4pp,b2239,157.17088698230995,2.6025,2.6835854,43.42340850830078,3.1252965813617424,,3.3
GPDDA5,b3449,118.43411865124476,1.4882,,4.012614727020264,1.753423246287524,,
GPDDA5pp,b2239,157.17088698230995,4.4414,,60.247257232666016,3.4970581729433903,,
GRTT,b0421,97.76404181117316,3.7618,14.597998,1.8013514280319214,1.0753295983857736,,9.96288888888889
GRXR_num1,b1654,136.6667,12.0836,25.583246,3.7125518321990967,6.7859805272721,,57.645625
GRXR_num2,b1064,206.75125446366417,,2.0189118,11.954507827758787,6.7859805272721,,57.645625
GRXR_num3,b3610,177.7639982237706,,32.54478,7.80898380279541,6.7859805272721,,57.645625
GRXR_num4,b0849,197.70251011777788,,8.972972,7.421438694000244,6.7859805272721,,57.645625
GSNK,b0477,138.0434703703704,0.0714,0.8271429,8.361897468566895,5.538464125057844,,
GSNt2pp,b2964,23.0,2.2075,3.4772143,18.34995651245117,1.4512741922385004,,112645.641475366
GSNt3pp,b3662,23.0,7.8642,3.7027497,16.749155044555664,6.814832905594133,,112645.641475366
GSNtex_num1,b1377,96.2904209055866,,,,,,112645.641475366
GSNtex_num2,b0241,33.2825,,,,,,112645.641475366
GSNtex_num3,b0929,94.8168,,,,,,112645.641475366
GSNtex_num4,b2215,96.2904209055866,,,,,,112645.641475366
GSNtex_reverse_num1,b1377,96.2904209055866,,,,,,112645.641475366
GSNtex_reverse_num2,b0241,33.2825,,,,,,112645.641475366
GSNtex_reverse_num3,b0929,94.8168,,,,,,112645.641475366
GSNtex_reverse_num4,b2215,96.2904209055866,,,,,,112645.641475366
GSPMDA,b2988,149.80799644754114,11.8865,2.2820523,9.513751983642578,5.160646713364276,2.1,
GSPMDS,b2988,149.80799644754114,3.4773,6.5032516,7.6955485343933105,6.060764487736015,17397.893333333333,
GTHOXtex_num1,b1377,96.2904209055866,,,,,,112645.641475366
GTHOXtex_num2,b0241,33.2825,,,,,,112645.641475366
GTHOXtex_num3,b0929,94.8168,,,,,,112645.641475366
GTHOXtex_num4,b2215,96.2904209055866,,,,,,112645.641475366
GTHOXtex_reverse_num1,b1377,96.2904209055866,,,,,,112645.641475366
GTHOXtex_reverse_num2,b0241,33.2825,,,,,,112645.641475366
GTHOXtex_reverse_num3,b0929,94.8168,,,,,,112645.641475366
GTHOXtex_reverse_num4,b2215,96.2904209055866,,,,,,112645.641475366
GTHOr,b3500,136.2454183611817,281.2036,26.916386,42.92381286621094,44.34528247676063,60.0,
GTHOr_reverse,b3500,136.2454183611817,11.2443,14.95324,11.583633422851562,6.334036791279153,60.0,
GTHPi,b1710,264.0226067691252,2.5285,13.193862,7.167385101318359,1.966318786132856,,15476.063846153846
GTHRDHpp,b3447,121.175352563932,7.5658,3.0065448,31.296167373657227,4.505918121530305,,12.45
GTHRDabc2pp,b0886 and b0887,75.41,35.0821,0.19664213,5.082626819610596,2.30758992115931,,112645.641475366
GTHRDabcpp,b0829 and b0831 and b0830 and b0832,97.76404181117316,1.5902,2.1322162,7.172702312469482,4.26478635416554,,112645.641475366
GTHRDtex_num1,b1377,96.2904209055866,,,,,,112645.641475366
GTHRDtex_num2,b0241,33.2825,,,,,,112645.641475366
GTHRDtex_num3,b0929,94.8168,,,,,,112645.641475366
GTHRDtex_num4,b2215,96.2904209055866,,,,,,112645.641475366
GTHRDtex_reverse_num1,b1377,96.2904209055866,,,,,,112645.641475366
GTHRDtex_reverse_num2,b0241,33.2825,,,,,,112645.641475366
GTHRDtex_reverse_num3,b0929,94.8168,,,,,,112645.641475366
GTHRDtex_reverse_num4,b2215,96.2904209055866,,,,,,112645.641475366
GTHS,b2947,120.7983675600902,44.6556,6.184928,12.4002046585083,31.742121195274308,63606.77533333333,
GTPCI,b2153,111.56671905769797,,,,,370.39575,
GTPCII2,b1277,130.82655131153987,,,,,0.107,
GTPDPDP,b3779,127.8479926456924,0.545,11.898109,11.09658908843994,4.684829888306348,96.16718181818182,
GTPDPK,b2784,122.42412220751704,,,,,,11.717058823529412
GTPtex_num1,b0241,33.2825,,,,,,112645.641475366
GTPtex_num2,b1377,96.2904209055866,,,,,,112645.641475366
GTPtex_num3,b2215,96.2904209055866,,,,,,112645.641475366
GTPtex_num4,b0929,94.8168,,,,,,112645.641475366
GTPtex_reverse_num1,b0241,33.2825,,,,,,112645.641475366
GTPtex_reverse_num2,b1377,96.2904209055866,,,,,,112645.641475366
GTPtex_reverse_num3,b2215,96.2904209055866,,,,,,112645.641475366
GTPtex_reverse_num4,b0929,94.8168,,,,,,112645.641475366
GUAD,b2883,136.2454183611817,2.7571,0.599979,7.44207763671875,4.3269544586335424,2.8,
GUAPRT_num1,b0125,94.17970893894358,3.3984,1.2107283,6.037717342376709,6.47591517554057,,112.0
GUAPRT_num2,b0238,92.71685493840006,,2.8448584,43.56171417236328,38.4344729658555,,112.0
GUAt2pp,b3654,23.0,3.4012,1.2238584,35.36833572387695,6.060764487736015,,112645.641475366
GUAtex,b0411,179.45385264683853,,,,,,112645.641475366
GUAtex_reverse,b0411,179.45385264683853,,,,,,112645.641475366
GUAtpp_num1,b4464,23.0,,,,,,112645.641475366
GUAtpp_num2,b4064,23.0,,,,,,112645.641475366
GUAtpp_reverse_num1,b4464,23.0,,,,,,112645.641475366
GUAtpp_reverse_num2,b4064,23.0,,,,,,112645.641475366
GUI1,b3092,156.66356922976513,,,,,196.0,
GUI1_reverse,b3092,156.66356922976513,,,,,196.0,
GUI2,b3092,156.66356922976513,,,,,898883.55,
GUI2_reverse,b3092,156.66356922976513,,,,,898883.55,
H2O2tex_num1,b1377,96.2904209055866,,,,,,112645.641475366
H2O2tex_num2,b0241,33.2825,,,,,,112645.641475366
H2O2tex_num3,b0929,94.8168,,,,,,112645.641475366
H2O2tex_num4,b2215,96.2904209055866,,,,,,112645.641475366
H2O2tex_reverse_num1,b1377,96.2904209055866,,,,,,112645.641475366
H2O2tex_reverse_num2,b0241,33.2825,,,,,,112645.641475366
H2O2tex_reverse_num3,b0929,94.8168,,,,,,112645.641475366
H2O2tex_reverse_num4,b2215,96.2904209055866,,,,,,112645.641475366
H2Otex_num1,b1377,96.2904209055866,,,,,,112645.641475366
H2Otex_num2,b2215,96.2904209055866,,,,,,112645.641475366
H2Otex_num3,b1319,116.15819206211874,,,,,,112645.641475366
H2Otex_num4,b3875,62.99967746920003,,,,,,112645.641475366
H2Otex_num6,b0957,206.75125446366417,,,,,,112645.641475366
H2Otex_num7,b0241,33.2825,,,,,,112645.641475366
H2Otex_num8,b0929,94.8168,,,,,,
H2Otex_reverse_num1,b1377,96.2904209055866,,,,,,112645.641475366
H2Otex_reverse_num2,b2215,96.2904209055866,,,,,,112645.641475366
H2Otex_reverse_num3,b1319,116.15819206211874,,,,,,112645.641475366
H2Otex_reverse_num4,b3875,62.99967746920003,,,,,,112645.641475366
H2Otex_reverse_num6,b0957,206.75125446366417,,,,,,112645.641475366
H2Otex_reverse_num7,b0241,33.2825,,,,,,112645.641475366
H2Otex_reverse_num8,b0929,94.8168,,,,,,
H2Otpp_num2,b0875,23.0,,,,,,
H2Otpp_reverse_num2,b0875,23.0,,,,,,
H2Stex_num1,b0241,33.2825,,,,,,112645.641475366
H2Stex_num2,b1377,96.2904209055866,,,,,,112645.641475366
H2Stex_num3,b2215,96.2904209055866,,,,,,112645.641475366
H2Stex_num4,b0929,94.8168,,,,,,112645.641475366
H2Stex_reverse_num1,b0241,33.2825,,,,,,112645.641475366
H2Stex_reverse_num2,b1377,96.2904209055866,,,,,,112645.641475366
H2Stex_reverse_num3,b2215,96.2904209055866,,,,,,112645.641475366
H2Stex_reverse_num4,b0929,94.8168,,,,,,112645.641475366
H2tex_num1,b1377,96.2904209055866,,,,,,112645.641475366
H2tex_num2,b0241,33.2825,,,,,,112645.641475366
H2tex_num3,b0929,94.8168,,,,,,112645.641475366
H2tex_num4,b2215,96.2904209055866,,,,,,112645.641475366
H2tex_reverse_num1,b1377,96.2904209055866,,,,,,112645.641475366
H2tex_reverse_num2,b0241,33.2825,,,,,,112645.641475366
H2tex_reverse_num3,b0929,94.8168,,,,,,112645.641475366
H2tex_reverse_num4,b2215,96.2904209055866,,,,,,112645.641475366
HACD1_num1,b3846,120.42138255624845,5.1362,7.752379,37.307716369628906,2.5334831685657355,,382.0
HACD1_num2,b2341,133.20262771610487,2.3523,4.1393375,34.24163055419922,8.735721749952106,,382.0
HACD1_reverse_num1,b3846,120.42138255624845,99.7904,9.229721,33.3842658996582,6.046301810920078,,382.0
HACD1_reverse_num2,b2341,133.20262771610487,,6.1889906,29.13551521301269,4.810772528691261,,382.0
HACD2_num1,b3846,120.42138255624845,8.2308,12.391752,36.21347427368164,2.6727577653253696,1544.9815,
HACD2_num2,b2341,133.20262771610487,1.716,7.888451,32.2624626159668,8.735721749952106,1544.9815,
HACD2_reverse_num1,b3846,120.42138255624845,3.4228,10.152053,29.636564254760746,7.759480633406317,1544.9815,
HACD2_reverse_num2,b2341,133.20262771610487,,7.4045267,24.36979103088379,4.132205446681373,1544.9815,
HACD3_num1,b3846,120.42138255624845,8.905,8.906341,34.12032699584961,1.8744879469845963,1163.361125,
HACD3_num2,b2341,133.20262771610487,,5.171332,30.397687911987305,2.30758992115931,1163.361125,
HACD3_reverse_num1,b3846,120.42138255624845,0.754,8.367027,27.10456275939941,6.154294957250831,1163.361125,
HACD3_reverse_num2,b2341,133.20262771610487,,5.972689,32.819854736328125,2.0469354936451434,1163.361125,
HACD4_num1,b3846,120.42138255624845,24.9526,7.1915164,34.12032699584961,2.974249578668444,2296.72225,
HACD4_num2,b2341,133.20262771610487,3.6878,4.2129574,31.316198348999023,4.3269544586335424,2296.72225,
HACD4_reverse_num1,b3846,120.42138255624845,42.1838,5.218399,31.454648971557617,3.709008719383553,2296.72225,
HACD4_reverse_num2,b2341,133.20262771610487,,3.9622028,25.86477851867676,4.810772528691261,2296.72225,
HACD5_num1,b3846,120.42138255624845,0.5577,5.3152924,35.15132522583008,2.1115375790563813,2296.72225,
HACD5_num2,b2341,133.20262771610487,0.2538,2.862277,17.266300201416016,4.3269544586335424,2296.72225,
HACD5_reverse_num1,b3846,120.42138255624845,1.7516,7.7727127,32.40509796142578,6.046301810920078,2296.72225,
HACD5_reverse_num2,b2341,133.20262771610487,,3.4468417,27.451478958129883,3.520606330975931,2296.72225,
HACD6_num1,b3846,120.42138255624845,0.0003,4.9309716,34.12032699584961,2.316716327647813,2296.72225,
HACD6_num2,b2341,133.20262771610487,92.6543,3.2430248,30.397687911987305,2.6727577653253696,2296.72225,
HACD6_reverse_num1,b3846,120.42138255624845,1.1825,4.9041224,32.40509796142578,4.225192656758105,2296.72225,
HACD6_reverse_num2,b2341,133.20262771610487,,2.2149014,27.451478958129883,4.810772528691261,2296.72225,
HACD7_num1,b2341,133.20262771610487,1.5712,1.5050311,31.316198348999023,2.641959074618462,2296.72225,
HACD7_num2,b3846,120.42138255624845,3.2977,3.3183417,34.12032699584961,4.3269544586335424,2296.72225,
HACD7_reverse_num1,b2341,133.20262771610487,0.0007,1.8680228,27.451478958129883,4.810772528691261,2296.72225,
HACD7_reverse_num2,b3846,120.42138255624845,,3.8757296,32.40509796142578,4.132205446681373,2296.72225,
HACD8_num1,b3846,120.42138255624845,0.4567,3.9653177,34.12032699584961,1.3800644610349209,2296.72225,
HACD8_num2,b2341,133.20262771610487,,2.0506191,31.316198348999023,3.9123352524916633,2296.72225,
HACD8_reverse_num1,b3846,120.42138255624845,9.6656,4.9317956,32.40509796142578,5.265135685472943,2296.72225,
HACD8_reverse_num2,b2341,133.20262771610487,,3.4403045,27.451478958129883,,2296.72225,
HADPCOADH3,b1395,160.70234805267864,20.3751,2.8459074,30.42586135864257,2.5529798932455594,382.0,
HADPCOADH3_reverse,b1395,160.70234805267864,1.4882,2.14505,42.75093078613281,11.311990667194513,382.0,
HBZOPT,b4040,98.1285542465749,1.8957,0.6022389,2.127713680267334,3.810021688122154,,
HCINNMt2rpp,b0353,28.14125,5.8575,6.6973987,24.19306945800781,2.83415341835266,,112645.641475366
HCINNMt2rpp_reverse,b0353,28.14125,2.9131,6.6973987,24.19306945800781,0.0417082342498217,,112645.641475366
HCINNMtex_num1,b1377,96.2904209055866,,,,,,112645.641475366
HCINNMtex_num2,b0241,33.2825,,,,,,112645.641475366
HCINNMtex_num3,b0929,94.8168,,,,,,112645.641475366
HCINNMtex_num4,b2215,96.2904209055866,,,,,,112645.641475366
HCINNMtex_reverse_num1,b1377,96.2904209055866,,,,,,112645.641475366
HCINNMtex_reverse_num2,b0241,33.2825,,,,,,112645.641475366
HCINNMtex_reverse_num3,b0929,94.8168,,,,,,112645.641475366
HCINNMtex_reverse_num4,b2215,96.2904209055866,,,,,,112645.641475366
HCO3E_num1,b0126,207.78250892732828,,,,,,3534475.0
HCO3E_num2,b0339,237.538568721655,,,,,,3534475.0
HCO3E_reverse_num1,b0126,207.78250892732828,1.6135,7338.987,15.207134246826172,11.424475857554716,,3534475.0
HCO3E_reverse_num2,b0339,237.538568721655,,652.8338,23.04865074157715,5.171331930782302,,3534475.0
HCYSMT,b0261,122.42412220751704,8.7636,0.28746533,1.4168113470077517,4.765863679138536,0.38,
HCYSMT2,b0261,122.42412220751704,1.2381,0.1591725,1.2946319580078125,4.810772528691261,0.38,
HDCAtexi,b2344,206.75125446366417,,,,,,112645.641475366
HDCEAtexi,b2344,206.75125446366417,,,,,,112645.641475366
HEMEOS,b0428,160.70234805267864,0.5907,0.7504094,,2.6014665750227497,,
HEPK1,b3630,136.70881435012527,16.841,0.07250937,4.7975263595581055,11.464474328261756,,112645.641475366
HEPK2,b3625,121.175352563932,16.8416,,2.152080535888672,3.5278048339909347,,112645.641475366
HEPT1,b3621,97.76404181117316,7.9647,0.18493369,2.153179168701172,1.348839596703393,,
HEPT2,b3620,115.69288473855742,16.796,0.17685097,5.942718505859375,3.2366721193974084,,112645.641475366
HEPT3,b3632,97.61360481285834,16.6188,0.91552967,4.0126142501831055,4.0723701505263925,,112645.641475366
HEPT4,b3623,67.225,3.5777,0.28027734,2.935235023498535,1.607791776275416,,
HETZK,b2104,151.18324760891227,4.2211,2.0227985,3.629236221313477,1.6542749457984318,5356.7353125,
HEX1,b2388,154.8978386945808,9.6729,52.614502,12.520874977111816,4.693689902714916,410.0,
HEX7,b0394,129.20025527297207,0.2018,21.102129,14.009480476379396,19.340076933523704,14.0,
HEXt2rpp,b2223,23.0,0.0152,3.7475173,25.15697860717773,3.0876692428883983,,112645.641475366
HEXt2rpp_reverse,b2223,23.0,9.5138,3.7475173,25.15697860717773,5.277687913692756,,112645.641475366
HG2abcpp,b3469,75.41,,,,,,112645.641475366
HG2t3pp,b3915,75.41,,,,,,112645.641475366
HG2tex_num1,b1377,96.2904209055866,,,,,,112645.641475366
HG2tex_num2,b0241,33.2825,,,,,,112645.641475366
HG2tex_num3,b0929,94.8168,,,,,,112645.641475366
HG2tex_num4,b2215,96.2904209055866,,,,,,112645.641475366
HG2tex_reverse_num1,b1377,96.2904209055866,,,,,,112645.641475366
HG2tex_reverse_num2,b0241,33.2825,,,,,,112645.641475366
HG2tex_reverse_num3,b0929,94.8168,,,,,,112645.641475366
HG2tex_reverse_num4,b2215,96.2904209055866,,,,,,112645.641475366
HISTD,b2020,160.70234805267864,2.9925,6.6102967,10.16239070892334,4.869782303147899,21541.055000000004,
HISTP,b2022,151.18324760891227,7.7255,9.889331,21.82704734802246,2.4910027961204,1140.0,
HISabcpp,b2308 and b2307 and b2306 and b2309,70.22331772965363,310.8612,3.2845616,20.9307918548584,27.531334806221064,,
HISt2rpp,b0112,23.0,0.1334,10.245887,43.46313095092773,59.507895368453305,,112645.641475366
HISt2rpp_reverse,b0112,23.0,118.1923,10.245887,43.46313095092773,0.1364779241259755,,112645.641475366
HIStex_num1,b1377,96.2904209055866,,,,,,112645.641475366
HIStex_num2,b0241,33.2825,,,,,,112645.641475366
HIStex_num3,b0929,94.8168,,,,,,112645.641475366
HIStex_num4,b2215,96.2904209055866,,,,,,112645.641475366
HIStex_reverse_num1,b1377,96.2904209055866,,,,,,112645.641475366
HIStex_reverse_num2,b0241,33.2825,,,,,,112645.641475366
HIStex_reverse_num3,b0929,94.8168,,,,,,112645.641475366
HIStex_reverse_num4,b2215,96.2904209055866,,,,,,112645.641475366
HKNDDH,b0349,121.20698236312832,4.0045,11.858485,26.177021026611328,7.384072864824513,4.018,
HKNTDH,b0349,121.20698236312832,13.7227,9.313933,24.663986206054688,6.97192302574174,4.018,
HMBS,b3805,152.59164458856753,13.2492,8.490509,10.741059303283691,10.397610637812583,,0.25
HMPK1_num1,b2103,128.2406734749161,27.0167,0.9913944,0.9080373048782348,2.97733537733062,0.3575,
HMPK1_num2,b2418,136.71153247522938,2.7339,0.14549273,2.0735483169555664,8.645785370246568,0.3575,
HOMt2pp_num1,b0813,33.2825,3.8526,4.197102,34.2525634765625,6.47591517554057,,112645.641475366
HOMt2pp_num2,b3824,23.0,,3.102055,13.308917999267578,8.999702292651358,,112645.641475366
HOMtex_num1,b1377,96.2904209055866,,,,,,112645.641475366
HOMtex_num2,b0241,33.2825,,,,,,112645.641475366
HOMtex_num3,b0929,94.8168,,,,,,112645.641475366
HOMtex_num4,b2215,96.2904209055866,,,,,,112645.641475366
HOMtex_reverse_num1,b1377,96.2904209055866,,,,,,112645.641475366
HOMtex_reverse_num2,b0241,33.2825,,,,,,112645.641475366
HOMtex_reverse_num3,b0929,94.8168,,,,,,112645.641475366
HOMtex_reverse_num4,b2215,96.2904209055866,,,,,,112645.641475366
HOPNTAL,b0352,121.20698236312832,,,,,0.927,
HPACOAT,b1396,160.70234805267864,4.5124,,22.95058250427246,8.056529141938169,,112645.641475366
HPPK2,b0142,125.92515286381274,0.5046,1.5625232,0.9231266975402832,9.525367628761076,999.0,
HPPPNDO,b0348,121.23861216232469,129.3837,3.2613995,13.199729919433594,9.432264314216438,39.5,
HPPPNt2rpp,b0353,28.14125,1.9929,7.091316,24.19306945800781,2.458310668233155,,112645.641475366
HPPPNt2rpp_reverse,b0353,28.14125,3.4109,7.091316,24.19306945800781,28.88367235458073,,112645.641475366
HPPPNtex_num1,b2215,96.2904209055866,,,,,,112645.641475366
HPPPNtex_num2,b0929,94.8168,,,,,,112645.641475366
HPPPNtex_num3,b1377,96.2904209055866,,,,,,112645.641475366
HPPPNtex_num4,b0241,33.2825,,,,,,112645.641475366
HPPPNtex_reverse_num1,b2215,96.2904209055866,,,,,,112645.641475366
HPPPNtex_reverse_num2,b0929,94.8168,,,,,,112645.641475366
HPPPNtex_reverse_num3,b1377,96.2904209055866,,,,,,112645.641475366
HPPPNtex_reverse_num4,b0241,33.2825,,,,,,112645.641475366
HPYRI,b0508,158.49685536662776,,,,,,
HPYRI_reverse,b0508,158.49685536662776,,,,,,
HPYRP,b1813,118.43411865124476,0.8385,1.4488173,2.662317514419556,1.6322509915927117,,112645.641475366
HPYRRx_num1,b1033,153.48944171492553,361.8587,3.6283321,24.881845474243164,8.135649937618254,81.27531818181818,
HPYRRx_num2,b3553,124.73964281862038,,50.765903,21.0952205657959,7.228125235384933,81.27531818181818,
HPYRRy_num1,b1033,153.48944171492553,0.9443,3.6283321,32.192649841308594,0.9306493286838624,9731.2355,
HPYRRy_num2,b3553,124.73964281862038,,50.765903,23.366134643554688,2.6625568020389947,9731.2355,
HSDy_num1,b3940,128.2406734749161,4.0195,25.551483,13.560916900634766,4.108762017433821,,7.0125
HSDy_num2,b0002,136.2454183611817,,14.202385,9.834490776062012,2.8789928418702604,,7.0125
HSDy_reverse_num1,b3940,128.2406734749161,3.693,56.686153,15.275766372680664,0.804671281974783,,7.0125
HSDy_reverse_num2,b0002,136.2454183611817,,31.71935,12.903910636901855,6.97192302574174,,7.0125
HSK,b0003,121.23861216232469,15.9745,1.6554254,3.173168182373047,7.228125235384933,12.205333333333334,
HSST,b4013,158.9366175174943,4.0405,1.0769033,9.756704330444336,8.06523027060146,28.523333333333333,
HSTPT,b2021,136.2454183611817,10.8248,2.8124285,65.67862701416016,10.397610637812583,,268.1982023812143
HXAND,b2867 and b2866 and b2868,136.2454183611817,16.841,2.2229195,33.51993179321289,3.2366721193974084,15143.333333333334,
HXAtex_num1,b1377,96.2904209055866,,,,,,112645.641475366
HXAtex_num2,b0241,33.2825,,,,,,112645.641475366
HXAtex_num3,b0929,94.8168,,,,,,112645.641475366
HXAtex_num4,b2215,96.2904209055866,,,,,,112645.641475366
HXAtex_reverse_num1,b1377,96.2904209055866,,,,,,112645.641475366
HXAtex_reverse_num2,b0241,33.2825,,,,,,112645.641475366
HXAtex_reverse_num3,b0929,94.8168,,,,,,112645.641475366
HXAtex_reverse_num4,b2215,96.2904209055866,,,,,,112645.641475366
HXCT,b2222 and b2221,121.20698236312832,18.5121,2.6441765,1.7817119359970093,29.39165891366132,154.95333333333335,
HXPRT_num1,b0238,92.71685493840006,122.3676,2.8448584,35.36759948730469,5.32062846472089,,5.3749
HXPRT_num2,b0125,94.17970893894358,3.7526,1.2107283,5.860630512237549,7.008712984588747,,5.3749
HYD1pp_num1,b2996 and b2994 and b2997 and b2995,120.50274604186052,,,,,,112645.641475366
HYD1pp_num2,b0974 and b0973 and b0972,121.20698236312832,,,,,,112645.641475366
HYD1pp_num3,b2721 and b2724 and b2722 and b2723 and b2720 and b2719,115.69288473855748,,,,,,112645.641475366
HYD2pp_num1,b0974 and b0973 and b0972,121.20698236312832,45.7136,1.9006628,32.0045051574707,10.343030383997991,,112645.641475366
HYD2pp_num2,b2996 and b2994 and b2997 and b2995,120.50274604186052,,1.3062776,55.09756088256836,10.16403937479348,,112645.641475366
HYD3pp_num1,b0974 and b0973 and b0972,121.20698236312832,4.3804,1.9462248,32.0045051574707,20.83005914936328,,267.67075
HYD3pp_num2,b2996 and b2994 and b2997 and b2995,120.50274604186052,,1.2738229,56.76241683959961,6.334036791279153,,267.67075
HYXNtex_num1,b0929,94.8168,,,,,,112645.641475366
HYXNtex_num2,b2215,96.2904209055866,,,,,,112645.641475366
HYXNtex_num3,b0241,33.2825,,,,,,112645.641475366
HYXNtex_num4,b1377,96.2904209055866,,,,,,112645.641475366
HYXNtex_reverse_num1,b0929,94.8168,,,,,,112645.641475366
HYXNtex_reverse_num2,b2215,96.2904209055866,,,,,,112645.641475366
HYXNtex_reverse_num3,b0241,33.2825,,,,,,112645.641475366
HYXNtex_reverse_num4,b1377,96.2904209055866,,,,,,112645.641475366
HYXNtpp_num1,b4064,23.0,,,,,,112645.641475366
HYXNtpp_num2,b4464,23.0,,,,,,112645.641475366
HYXNtpp_reverse_num1,b4064,23.0,,,,,,112645.641475366
HYXNtpp_reverse_num2,b4464,23.0,,,,,,112645.641475366
Htex_num1,b1377,96.2904209055866,,,,,,112645.641475366
Htex_num2,b0241,33.2825,,,,,,112645.641475366
Htex_num3,b0929,94.8168,,,,,,112645.641475366
Htex_num4,b2215,96.2904209055866,,,,,,112645.641475366
Htex_reverse_num1,b1377,96.2904209055866,,,,,,112645.641475366
Htex_reverse_num2,b0241,33.2825,,,,,,112645.641475366
Htex_reverse_num3,b0929,94.8168,,,,,,112645.641475366
Htex_reverse_num4,b2215,96.2904209055866,,,,,,112645.641475366
I2FE2SR,b2529 and b2530,122.42412220751704,44.7111,,6.764119625091553,2.6761024502934845,,112645.641475366
I2FE2SS,b2530 and b2529,122.42412220751704,13.7488,,3.3006374835968018,1.3773040973186208,,112645.641475366
I2FE2SS2,b2530 and b2529,122.42412220751704,12.6999,,3.3006374835968018,1.3773040973186208,,112645.641475366
I2FE2ST,b2529 and b2528,149.80799644754114,2.4137,,14.868906021118164,1.3773040973186208,,112645.641475366
I4FE4SR,b2529,136.70881435012527,10.9058,,6.27124547958374,3.9123352524916633,,112645.641475366
I4FE4ST,b2529 and b2528,149.80799644754114,5.6239,,14.868906021118164,1.0590721531572571,,112645.641475366
ICDHyr,b1136,149.80799644754114,2.375,27.884113,89.73011016845703,2.253079356506439,,130.31428571428572
ICDHyr_reverse,b1136,149.80799644754114,2.8676,19.559704,78.96312713623047,9.38360738254706,,130.31428571428572
ICHORS_copy1,b0593,121.23861216232469,,,,,1.632,
ICHORS_copy2,b2265,121.20698236312832,,,,,1.632,
ICHORS_copy2_reverse,b2265,121.20698236312832,,,,,1.632,
ICHORT,b0595,152.5584987702834,0.8497,14.011223,11.154722213745115,2.364234968391738,10.0,
ICL,b4015,104.44656349145797,,,,,17647.002898245613,
ICYSDS,b2530,121.20698236312832,5365.4251,1.8196537,3.7294321060180655,3.9123352524916633,,112645.641475366
IDOND,b4267,197.70251011777788,9.667,11.7749405,25.69565200805664,7.020495826429408,27.86025,
IDOND2,b4267,197.70251011777788,0.3007,11.7749405,23.500343322753903,180.06711306374774,27.86025,
IDOND_reverse,b4267,197.70251011777788,12.9585,11.232793,43.42146682739258,16.180645020053685,27.86025,
IDONt2rpp,b4265,23.0,0.6039,2.9870431,34.219730377197266,0.1594220641833325,,
IDONt2rpp_reverse,b4265,23.0,0.8986,2.9870431,34.219730377197266,2.48640249435364,,
IDONtex_num1,b1377,96.2904209055866,,,,,,112645.641475366
IDONtex_num2,b0241,33.2825,,,,,,112645.641475366
IDONtex_num3,b0929,94.8168,,,,,,112645.641475366
IDONtex_num4,b2215,96.2904209055866,,,,,,112645.641475366
IDONtex_reverse_num1,b1377,96.2904209055866,,,,,,112645.641475366
IDONtex_reverse_num2,b0241,33.2825,,,,,,112645.641475366
IDONtex_reverse_num3,b0929,94.8168,,,,,,112645.641475366
IDONtex_reverse_num4,b2215,96.2904209055866,,,,,,112645.641475366
IG3PS,b2023 and b2025,129.92752530694554,30.6662,1.5670727,10.01492691040039,9.804766225838929,,
IGPDH,b2022,151.18324760891227,,,,,,1000.0
IGPS,b1262,115.69288473855744,17.6344,1.0600744,3.356269598007202,4.035910046698799,6.7,
ILETA,b3770,120.7983675600902,12.191,29.583029,23.2384033203125,7.228125235384933,48.0,
ILETA_reverse,b3770,120.7983675600902,2.749,44.211716,23.2384033203125,6.060764487736015,48.0,
ILEabcpp,b3457 and b3455 and b3456 and b3460 and b3454,97.76404181117316,39.2025,4.673473,18.14558982849121,6.193807521275215,,112645.641475366
ILEt2rpp,b0401,33.2825,2.1778,2.0351336,62.11932373046875,10.361759288246404,,112645.641475366
ILEt3pp,b4141,23.0,4.5629,9.784585,20.84850311279297,1.642745451666022,,112645.641475366
ILEtex_num1,b1377,96.2904209055866,,,,,,112645.641475366
ILEtex_num2,b0241,33.2825,,,,,,112645.641475366
ILEtex_num3,b0929,94.8168,,,,,,112645.641475366
ILEtex_num4,b2215,96.2904209055866,,,,,,112645.641475366
ILEtex_reverse_num1,b1377,96.2904209055866,,,,,,112645.641475366
ILEtex_reverse_num2,b0241,33.2825,,,,,,112645.641475366
ILEtex_reverse_num3,b0929,94.8168,,,,,,112645.641475366
ILEtex_reverse_num4,b2215,96.2904209055866,,,,,,112645.641475366
IMPC,b4006,115.69288473855748,,,,,4.8525,
IMPC_reverse,b4006,115.69288473855748,,,,,4.8525,
IMPD,b2508,115.09424085382416,,,,,13.0,
IMPtex_num1,b1377,96.2904209055866,,,,,,112645.641475366
IMPtex_num2,b0241,33.2825,,,,,,112645.641475366
IMPtex_num3,b0929,94.8168,,,,,,112645.641475366
IMPtex_num4,b2215,96.2904209055866,,,,,,112645.641475366
IMPtex_reverse_num1,b1377,96.2904209055866,,,,,,112645.641475366
IMPtex_reverse_num2,b0241,33.2825,,,,,,112645.641475366
IMPtex_reverse_num3,b0929,94.8168,,,,,,112645.641475366
IMPtex_reverse_num4,b2215,96.2904209055866,,,,,,112645.641475366
INDOLEt2pp,b3265 and b3266 and b3035,149.80799644754114,32.2628,5.1418796,42.18484115600586,6.193807521275215,,112645.641475366
INDOLEt2rpp,b3161,33.2825,1.4289,2.3901389,29.400514602661133,6.4845189473384135,,112645.641475366
INDOLEtex_num1,b1377,96.2904209055866,,,,,,112645.641475366
INDOLEtex_num2,b0241,33.2825,,,,,,112645.641475366
INDOLEtex_num3,b0929,94.8168,,,,,,112645.641475366
INDOLEtex_num4,b2215,96.2904209055866,,,,,,112645.641475366
INDOLEtex_reverse_num1,b1377,96.2904209055866,,,,,,112645.641475366
INDOLEtex_reverse_num2,b0241,33.2825,,,,,,112645.641475366
INDOLEtex_reverse_num3,b0929,94.8168,,,,,,112645.641475366
INDOLEtex_reverse_num4,b2215,96.2904209055866,,,,,,112645.641475366
INOSTO,b3488,149.80799644754114,13.2609,,13.199729919433594,2.4262004258337067,,25.7221111
INOSTt4pp,b3679,23.0,7.6488,,39.71175003051758,4.954529607976452,,112645.641475366
INSH,b0030,121.23861216232469,3.704,16.087255,14.433443069458008,3.125381307066244,0.086,
INSK,b0477,138.0434703703704,0.8607,1.0161158,8.874865531921387,3.318657465044924,,
INSTtex_num1,b1377,96.2904209055866,,,,,,112645.641475366
INSTtex_num2,b0241,33.2825,,,,,,112645.641475366
INSTtex_num3,b0929,94.8168,,,,,,112645.641475366
INSTtex_num4,b2215,96.2904209055866,,,,,,112645.641475366
INSTtex_reverse_num1,b1377,96.2904209055866,,,,,,112645.641475366
INSTtex_reverse_num2,b0241,33.2825,,,,,,112645.641475366
INSTtex_reverse_num3,b0929,94.8168,,,,,,112645.641475366
INSTtex_reverse_num4,b2215,96.2904209055866,,,,,,112645.641475366
INSt2pp_num1,b2406,23.0,26.1344,2.4525971,16.7822265625,3.1506218067863307,,112645.641475366
INSt2pp_num2,b2964,23.0,,4.7538996,18.34995651245117,1.7950600977119433,,112645.641475366
INSt2pp_num3,b2393,33.2825,,3.606696,13.50819969177246,1.7950600977119433,,112645.641475366
INSt3pp,b3662,23.0,2.1874,6.2805986,16.749155044555664,5.170723771929384,,112645.641475366
INStex,b0411,179.45385264683853,,,,,,112645.641475366
INStex_reverse,b0411,179.45385264683853,,,,,,112645.641475366
IPDDI,b2889,152.5584987702834,,,,,,2151.6445714285715
IPDDI_reverse,b2889,152.5584987702834,,,,,,2151.6445714285715
IPDPS,b0029,115.69288473855748,37.684,1.3727145,36.10749816894531,11.871906707191547,,2.64
IPMD_num1,b0073,136.2454183611817,5.2881,5.084842,26.727388381958008,4.221350535826457,37.735,
IPMD_num2,b1800,125.69922461667636,74.5526,5.3691826,30.672061920166016,6.154294957250831,37.735,
IPPMIa,b0071 and b0072,136.47847541820553,,,,,,3.2
IPPMIa_reverse,b0071 and b0072,136.47847541820553,3.8416,11.449588,16.699893951416016,8.135649937618254,,3.2
IPPMIb,b0071 and b0072,136.47847541820553,396066.896,11.449588,13.55858325958252,5.754330977831236,,3.2
IPPMIb_reverse,b0071 and b0072,136.47847541820553,,,,,,3.2
IPPS,b0074,136.71153247522938,290.8022,3.5401275,12.997326850891112,10.400376497266745,,2.8439411764705884
ISETACabcpp_num1,b0366 and b0365 and b0367,92.7379393036916,48.0892,3.7346437,2.984194755554199,8.133886579587905,,112645.641475366
ISETACabcpp_num2,b0934 and b0933 and b0936,97.61360481285834,,0.5637134,4.204555034637451,27.27692629593403,,112645.641475366
ISETACtex_num1,b1377,96.2904209055866,,,,,,112645.641475366
ISETACtex_num2,b0241,33.2825,,,,,,112645.641475366
ISETACtex_num3,b0929,94.8168,,,,,,112645.641475366
ISETACtex_num4,b2215,96.2904209055866,,,,,,112645.641475366
ISETACtex_reverse_num1,b1377,96.2904209055866,,,,,,112645.641475366
ISETACtex_reverse_num2,b0241,33.2825,,,,,,112645.641475366
ISETACtex_reverse_num3,b0929,94.8168,,,,,,112645.641475366
ISETACtex_reverse_num4,b2215,96.2904209055866,,,,,,112645.641475366
K2L4Aabcpp,b0914,75.96272439544778,37.917,0.97776747,3.9198834896087646,3.808522672656756,,112645.641475366
K2L4Aabctex,b0054 and b3201 and b4261 and b4262 and b3199 and b3200 and b0641,101.0,783.5627,3.3794532,7.871926307678223,34.33856394165991,,112645.641475366
KARA1,b3774,120.7983675600902,0.9441,0.30252737,2.5872926712036133,2.698590740099783,0.51,
KARA1_reverse,b3774,120.7983675600902,0.5509,1.1683773,3.283165216445923,16.150882020478523,0.51,
KARA2,b3774,120.7983675600902,11.9298,1.060277,3.9252138137817374,1.9186905540025263,6848.74,
KARA2_reverse,b3774,120.7983675600902,0.823,0.7864878,2.4377472400665283,3.4280951457786446,6848.74,
KAS14_num1,b2323,125.69922461667636,79.3853,,6.918361663818359,9.35149043574677,0.0443333333333333,
KAS14_num2,b1095,120.7983675600902,115.2287,,8.468523979187012,32.784283343370234,0.0443333333333333,
KAS15,b1091,129.20025527297207,5.0884,0.23716322,12.104022979736328,4.505918121530305,3297.876,
KDOCT2,b0918,116.6619199476233,1.4882,1.7013695,3.225794553756714,2.415896056909138,387401.4083333333,
KDOPP,b3198,123.60963225270936,6.1097,3.6707745,2.2262508869171143,1.719566556138407,98.6,
KDOPS,b1215,115.69288473855748,10.8616,3.8302166,6.461028575897217,20.83005914936328,13.7030555,
KDUI,b2843,137.02402725167997,,,,,,112645.641475366
KG6PDC_num1,b4196,136.71153247522938,1.9436,1.5619329,15.781052589416504,14.184827825821973,51.0,
KG6PDC_num2,b3581,136.71153247522938,,0.9177356,12.812579154968262,6.814832905594133,51.0,
Kabcpp_num1,b0697 and b0698 and b0696,72.37879840445397,,,,,,
Kabcpp_num2,b0697 and b0698 and b0696 and b4513,33.2825,,,,,,
Kt2pp_num1,b1363 and b1291 and b3290,74.49393444820946,,,,,,112645.641475366
Kt2pp_num2,b1291 and b3849 and b3290,75.22832942182862,,,,,,112645.641475366
Kt2pp_num3,b1250,84.89292,,,,,,112645.641475366
Kt2pp_num4,b3747,33.2825,,,,,,112645.641475366
Kt3pp_num1,b1216,33.2825,,,,,,112645.641475366
Kt3pp_num2,b3350,75.41,,,,,,112645.641475366
Kt3pp_num3,b0047,60.514030303030296,,,,,,112645.641475366
Kt3pp_num4,b0842,33.2825,,,,,,112645.641475366
Ktex_num1,b1377,96.2904209055866,,,,,,112645.641475366
Ktex_num2,b0241,33.2825,,,,,,112645.641475366
Ktex_num3,b0929,94.8168,,,,,,112645.641475366
Ktex_num4,b2215,96.2904209055866,,,,,,112645.641475366
Ktex_reverse_num1,b1377,96.2904209055866,,,,,,112645.641475366
Ktex_reverse_num2,b0241,33.2825,,,,,,112645.641475366
Ktex_reverse_num3,b0929,94.8168,,,,,,112645.641475366
Ktex_reverse_num4,b2215,96.2904209055866,,,,,,112645.641475366
LA4NTpp,b2257,97.76404181117316,5.2061,0.4677799,5.091606140136719,4.685826033894374,,112645.641475366
LACZ,b0344,205.72000000000008,2.0847,15.293811,23.2384033203125,3.6115615622253454,419.2857142857143,
LACZpp,b2132,205.72000000000008,21.1359,27.704826,130.6346435546875,5.67086290135236,419.2857142857143,
LADGMDH,b1326,137.33652202813053,1.1855,,27.78287696838379,3.349904451118284,,112645.641475366
LALADGLUtex_num1,b0241,33.2825,,,,,,112645.641475366
LALADGLUtex_num2,b2215,96.2904209055866,,,,,,112645.641475366
LALADGLUtex_num3,b1377,96.2904209055866,,,,,,112645.641475366
LALADGLUtex_num4,b0929,94.8168,,,,,,112645.641475366
LALADGLUtex_reverse_num1,b0241,33.2825,,,,,,112645.641475366
LALADGLUtex_reverse_num2,b2215,96.2904209055866,,,,,,112645.641475366
LALADGLUtex_reverse_num3,b1377,96.2904209055866,,,,,,112645.641475366
LALADGLUtex_reverse_num4,b0929,94.8168,,,,,,112645.641475366
LALADGLUtpp_num1,b3496,23.0,2.6797,2.4381568,13.219948768615724,1.2508923079806118,,112645.641475366
LALADGLUtpp_num2,b0709,29.87625,,1.7537479,12.43678379058838,3.5556925393700345,,112645.641475366
LALADGLUtpp_num3,b1634,33.2825,,2.6640544,15.341654777526855,3.5556925393700345,,112645.641475366
LALADGLUtpp_num4,b4130,33.2825,,2.9384072,18.313796997070312,3.5556925393700345,,112645.641475366
LALALGLUtex_num1,b0929,94.8168,,,,,,112645.641475366
LALALGLUtex_num2,b1377,96.2904209055866,,,,,,112645.641475366
LALALGLUtex_num3,b0241,33.2825,,,,,,112645.641475366
LALALGLUtex_num4,b2215,96.2904209055866,,,,,,112645.641475366
LALALGLUtex_reverse_num1,b0929,94.8168,,,,,,112645.641475366
LALALGLUtex_reverse_num2,b1377,96.2904209055866,,,,,,112645.641475366
LALALGLUtex_reverse_num3,b0241,33.2825,,,,,,112645.641475366
LALALGLUtex_reverse_num4,b2215,96.2904209055866,,,,,,112645.641475366
LALALGLUtpp_num1,b4130,33.2825,19.047,5.5266023,18.313796997070312,6.2570891518567215,,112645.641475366
LALALGLUtpp_num2,b1634,33.2825,,6.5631833,15.341654777526855,3.5556925393700345,,112645.641475366
LALALGLUtpp_num3,b3496,23.0,,7.5748,13.219948768615724,3.5556925393700345,,112645.641475366
LALALGLUtpp_num4,b0709,29.87625,,3.9002764,12.43678379058838,3.5556925393700345,,112645.641475366
LALDO2x,b3945,129.20025527297207,9.2159,12.747076,16.484638214111328,13.46842866709865,2916.304,
LALGP,b0237,136.47847541820553,20.7697,47.94891,11.040515899658203,6.7859805272721,670256.6666666666,
LCADi,b1415,136.2454183611817,2.467,211.22447,582.6996459960938,4.810772528691261,130.6,
LCARS,b2799,130.15983707102805,1.4997,16.976835,70.258056640625,7.759480633406317,,
LCARS_reverse,b2799,130.15983707102805,2.1115,12.632826,52.16884994506836,6.251791315671339,,
LCARSyi,b0325,155.2551722501099,26.4669,44.84183,63.59649658203125,16.180645020053685,,112645.641475366
LCTSt3ipp_num1,b2170,28.14125,0.1611,4.971716,13.594537734985352,2.30758992115931,,112645.641475366
LCTSt3ipp_num2,b1528,33.2825,,9.462337,9.234712600708008,20.83005914936328,,112645.641475366
LCTSt3ipp_num3,b0070,33.2825,,4.775786,13.661561012268066,20.83005914936328,,112645.641475366
LCTStex_num1,b1377,96.2904209055866,,,,,,112645.641475366
LCTStex_num2,b0241,33.2825,,,,,,112645.641475366
LCTStex_num3,b0929,94.8168,,,,,,112645.641475366
LCTStex_num4,b2215,96.2904209055866,,,,,,112645.641475366
LCTStex_reverse_num1,b1377,96.2904209055866,,,,,,112645.641475366
LCTStex_reverse_num2,b0241,33.2825,,,,,,112645.641475366
LCTStex_reverse_num3,b0929,94.8168,,,,,,112645.641475366
LCTStex_reverse_num4,b2215,96.2904209055866,,,,,,112645.641475366
LCTStpp,b0343,23.0,0.3912,2.3094518,27.91984939575196,10.400376497266745,,112645.641475366
LDGUNPD,b1285,91.46666666666664,5.3675,1.0377378,2.814727306365967,2.6182215851292328,,112645.641475366
LDH_D,b1380,143.92573340895575,2.6794,3.3160372,46.1158447265625,3.0622791951951456,608307.75,
LDH_D2,b2133,124.73964281862038,3.7948,4.4186373,15.464043617248535,3.9460798979623735,,112645.641475366
LDH_D_reverse,b1380,143.92573340895575,4.0607,3.7146664,52.36912536621094,8.135649937618254,608307.75,
LEUTAi_num1,b3770,120.7983675600902,1.0117,44.211716,23.94058609008789,184.70413182781493,0.08,
LEUTAi_num2,b4054,128.2406734749161,1.7255,21.647558,88.28016662597656,6.029423425870919,0.08,
LEUabcpp_num1,b3454 and b3460 and b3455 and b3457 and b3456,97.76404181117316,99.7733,4.8552628,18.14558982849121,5.604077151560538,,112645.641475366
LEUabcpp_num2,b3457 and b3456 and b3458 and b3455 and b3454,97.76404181117316,,3.5594788,18.14558982849121,20.83005914936328,,112645.641475366
LEUt2rpp,b0401,33.2825,0.109,3.2248473,62.11932373046875,13.702598709200451,,112645.641475366
LEUt3pp_num1,b1798,28.14125,11.7837,1.6660521,35.31422424316406,7.850236933904516,,112645.641475366
LEUt3pp_num2,b4141,23.0,,10.321667,20.84850311279297,4.810772528691261,,112645.641475366
LEUtex_num1,b1377,96.2904209055866,,,,,,112645.641475366
LEUtex_num2,b0241,33.2825,,,,,,112645.641475366
LEUtex_num3,b0929,94.8168,,,,,,112645.641475366
LEUtex_num4,b2215,96.2904209055866,,,,,,112645.641475366
LEUtex_reverse_num1,b1377,96.2904209055866,,,,,,112645.641475366
LEUtex_reverse_num2,b0241,33.2825,,,,,,112645.641475366
LEUtex_reverse_num3,b0929,94.8168,,,,,,112645.641475366
LEUtex_reverse_num4,b2215,96.2904209055866,,,,,,112645.641475366
LGTHL,b1651,148.17166625,85.3436,5.3061504,223.23953247070312,5.755455404706444,,779.2666631578948
LIPACabcpp,b0914,75.96272439544778,2.4267,0.67652804,3.9198834896087646,7.44811719948765,,112645.641475366
LIPAHT2ex,b0622,98.1285542465749,24.8251,14.683032,1.1735632419586182,4.26478635416554,,112645.641475366
LIPAHTex,b0622,98.1285542465749,149.5508,0.5349564,1.723047137260437,1.3800644610349209,,112645.641475366
LIPAMPL,b4386,120.7983675600902,,,,,,112645.641475366
LIPATPT,b4386,120.7983675600902,2.0094,3.4236662,2.036770820617676,2.5983721343673905,0.133,
LIPAabcpp,b0914,75.96272439544778,2.1665,0.67652804,3.9198834896087646,1.3800644610349209,,112645.641475366
LIPAabctex,b0054 and b3201 and b4261 and b4262 and b3199 and b3200 and b0641,101.0,18.1348,1.3664808,7.871926307678223,4.343292091571338,,112645.641475366
LIPOCT,b0630,120.42138255624845,53.4512,,32.3768424987793,2.5983721343673905,,112645.641475366
LIPOS,b0628,121.20698236312832,2.7998,0.044152487,12.455829620361328,2.5983721343673905,,112645.641475366
LIPOtex_num1,b0929,94.8168,,,,,,112645.641475366
LIPOtex_num2,b1377,96.2904209055866,,,,,,112645.641475366
LIPOtex_num3,b2215,96.2904209055866,,,,,,112645.641475366
LIPOtex_num4,b0241,33.2825,,,,,,112645.641475366
LIPOtex_reverse_num1,b0929,94.8168,,,,,,112645.641475366
LIPOtex_reverse_num2,b1377,96.2904209055866,,,,,,112645.641475366
LIPOtex_reverse_num3,b2215,96.2904209055866,,,,,,112645.641475366
LIPOtex_reverse_num4,b0241,33.2825,,,,,,112645.641475366
LKDRA,b2245,153.48944171492553,,,,,,112645.641475366
LKDRA_reverse,b2245,153.48944171492553,33.6974,94.31575,154.9060821533203,7.228125235384933,,112645.641475366
LPADSS,b0182,149.80799644754114,6.7695,0.90027976,5.222073078155518,3.734128367817187,,
LPLIPAL1A120pp,b0494,127.45531181646874,20.6966,3.9681306,69.97463989257812,10.241854526086245,5147.6275000000005,
LPLIPAL1A140pp,b0494,127.45531181646874,0.8708,5.284203,55.145843505859375,14.02303403737391,5147.6275000000005,
LPLIPAL1A141pp,b0494,127.45531181646874,0.1716,,134.69984436035156,9.701730590584152,5147.6275000000005,
LPLIPAL1A160pp,b0494,127.45531181646874,23.1032,,116.07125854492188,12.944373024364497,5147.6275000000005,
LPLIPAL1A161pp,b0494,127.45531181646874,3.4161,,134.69984436035156,12.944373024364497,,112645.641475366
LPLIPAL1A180pp,b0494,127.45531181646874,0.6193,3.5544696,72.08902740478516,4.505918121530305,5147.6275000000005,
LPLIPAL1A181pp,b0494,127.45531181646874,0.4527,,106.15470123291016,14.02303403737391,,112645.641475366
LPLIPAL1E120pp,b0494,127.45531181646874,0.0041,6.944589,48.9552001953125,5.160646713364276,,112645.641475366
LPLIPAL1E140pp,b0494,127.45531181646874,19.5807,3.2837453,48.9552001953125,4.505918121530305,,112645.641475366
LPLIPAL1E141pp,b0494,127.45531181646874,35.5488,,123.19175720214844,16.555823895729514,,112645.641475366
LPLIPAL1E160pp,b0494,127.45531181646874,4.1352,4.9435782,56.812156677246094,4.501258533734045,,112645.641475366
LPLIPAL1E161pp,b0494,127.45531181646874,2.139,,123.19175720214844,5.983132975696,,112645.641475366
LPLIPAL1E180pp,b0494,127.45531181646874,0.8601,3.4215035,63.9963493347168,4.564878833684208,,112645.641475366
LPLIPAL1E181pp,b0494,127.45531181646874,3.6682,,100.0189437866211,23.723115167208363,,112645.641475366
LPLIPAL1G120pp,b0494,127.45531181646874,4.7879,2.8793426,51.958404541015625,2.788006400126424,,112645.641475366
LPLIPAL1G140pp,b0494,127.45531181646874,8.3532,3.5861533,50.434452056884766,5.983132975696,,112645.641475366
LPLIPAL1G141pp,b0494,127.45531181646874,15.911,,123.19175720214844,6.9899481650584585,,112645.641475366
LPLIPAL1G160pp,b0494,127.45531181646874,1.8321,2.4673004,55.145843505859375,3.89781957657906,,112645.641475366
LPLIPAL1G161pp,b0494,127.45531181646874,14.1129,,123.19175720214844,6.334036791279153,,112645.641475366
LPLIPAL1G180pp,b0494,127.45531181646874,93.6915,1.9805827,62.11932373046875,2.8297552452447894,,112645.641475366
LPLIPAL1G181pp,b0494,127.45531181646874,7.6447,1.2702377,62.11932373046875,2.812009191264682,,112645.641475366
LPLIPAL2A120,b3825,197.70251011777788,20.9902,,15.794880867004396,3.0734277155319725,8493.955833333333,
LPLIPAL2A140,b3825,197.70251011777788,16.1563,,15.794880867004396,5.717953119838133,8493.955833333333,
LPLIPAL2A141,b3825,197.70251011777788,1.4882,,15.794880867004396,2.129537114934948,8493.955833333333,
LPLIPAL2A160,b3825,197.70251011777788,5.7403,,17.270376205444336,2.471741951821536,8493.955833333333,
LPLIPAL2A161,b3825,197.70251011777788,153.618,,15.794880867004396,6.245464574809021,,112645.641475366
LPLIPAL2A180,b3825,197.70251011777788,0.3656,,17.270376205444336,1.873480710504212,8493.955833333333,
LPLIPAL2A181,b3825,197.70251011777788,181.2526,,14.44544506072998,9.891878350244484,,112645.641475366
LPLIPAL2ATE120,b3825,197.70251011777788,2.6877,0.3408027,4.797311782836914,7.211659285404079,,112645.641475366
LPLIPAL2ATE140,b3825,197.70251011777788,0.0178,0.6213013,4.258770942687988,5.043759215479608,,112645.641475366
LPLIPAL2ATE141,b3825,197.70251011777788,5.8732,,16.272146224975586,1.501060959466043,,112645.641475366
LPLIPAL2ATE160,b3825,197.70251011777788,27.7501,0.47510415,4.387455940246582,3.808522672656756,,112645.641475366
LPLIPAL2ATE161,b3825,197.70251011777788,5.848,,8.971711158752441,1.1124517833873355,,112645.641475366
LPLIPAL2ATE180,b3825,197.70251011777788,5.7359,0.23845771,4.25877046585083,4.735065155694623,,112645.641475366
LPLIPAL2ATE181,b3825,197.70251011777788,327.9806,,16.272146224975586,2.972966605482647,,112645.641475366
LPLIPAL2ATG120,b3825,197.70251011777788,3.0743,,4.9422688484191895,10.400376497266745,,112645.641475366
LPLIPAL2ATG140,b3825,197.70251011777788,14.8012,0.6213013,4.258770942687988,3.5590811542674947,,112645.641475366
LPLIPAL2ATG141,b3825,197.70251011777788,30.6296,,15.33161449432373,2.4977012564002314,,112645.641475366
LPLIPAL2ATG160,b3825,197.70251011777788,18.0438,0.47510415,4.258770942687988,5.770470497209467,,112645.641475366
LPLIPAL2ATG161,b3825,197.70251011777788,27.7379,,8.453145980834961,0.799051566170463,,112645.641475366
LPLIPAL2ATG180,b3825,197.70251011777788,3.8526,0.23845771,4.133861064910889,4.740364780220921,,112645.641475366
LPLIPAL2ATG181,b3825,197.70251011777788,48.5566,,15.33161449432373,4.740364780220921,,112645.641475366
LPLIPAL2E120,b3825,197.70251011777788,0.6874,0.3408027,9.522086143493652,3.709008719383553,,112645.641475366
LPLIPAL2E140,b3825,197.70251011777788,6.0608,0.34642115,9.522086143493652,4.757798011142381,,112645.641475366
LPLIPAL2E141,b3825,197.70251011777788,1.1148,,16.272146224975586,0.799051566170463,,112645.641475366
LPLIPAL2E160,b3825,197.70251011777788,1.4637,0.33822054,11.728203773498535,6.245464574809021,8493.955833333333,
LPLIPAL2E161,b3825,197.70251011777788,5.2081,,16.272146224975586,2.7304914725608933,,112645.641475366
LPLIPAL2E180,b3825,197.70251011777788,3.4297,0.37900904,12.447681427001951,4.757798011142381,8493.955833333333,
LPLIPAL2E181,b3825,197.70251011777788,1.4303,,14.44544506072998,6.47591517554057,,112645.641475366
LPLIPAL2G120,b3825,197.70251011777788,5.2893,,15.33161449432373,11.970200406779476,,112645.641475366
LPLIPAL2G140,b3825,197.70251011777788,5.2893,0.66618365,9.809808731079102,11.970200406779476,,112645.641475366
LPLIPAL2G141,b3825,197.70251011777788,9.3602,,15.33161449432373,4.277226838655156,,112645.641475366
LPLIPAL2G160,b3825,197.70251011777788,5.2893,0.48988667,11.3842134475708,11.970200406779476,,112645.641475366
LPLIPAL2G161,b3825,197.70251011777788,4.9723,,15.33161449432373,4.757798011142381,,112645.641475366
LPLIPAL2G180,b3825,197.70251011777788,17.3392,0.48681295,12.082589149475098,6.47591517554057,,112645.641475366
LPLIPAL2G181,b3825,197.70251011777788,12.9585,,14.44544506072998,4.757798011142381,,112645.641475366
LSERDHr,b1539,149.80799644754114,7.8961,3.5641356,3.754506826400757,12.628470676953103,4.2,
LSERDHr_reverse,b1539,149.80799644754114,2.7871,5.2936025,5.329183578491211,4.070050462750973,4.2,
LYSAM,b4146,121.23861216232469,,,,,0.083,
LYSAM_reverse,b4146,121.23861216232469,,,,,0.083,
LYSDC_num1,b0186,123.60963225270936,0.1043,13.238458,8.198033332824707,1.9562772055410185,88.2,
LYSDC_num2,b4131,124.96315516644728,,10.26843,24.663986206054688,10.208028735388128,88.2,
LYSabcpp,b2310 and b2308 and b2306 and b2307,68.51321211937051,356.5986,4.4794354,20.9307918548584,15.283690266797445,,
LYSt2pp,b2156,23.0,8.0888,10.11311,8.48688793182373,5.265135685472943,,112645.641475366
LYSt3pp_num1,b2923,28.14125,10.165,2.2326665,31.20411872863769,2.4122784867804152,,112645.641475366
LYSt3pp_num2,b0874,28.14125,,3.0718553,20.661272048950195,1.9478357779327689,,112645.641475366
LYStex_num1,b1377,96.2904209055866,,,,,,112645.641475366
LYStex_num2,b0241,33.2825,,,,,,112645.641475366
LYStex_num3,b0929,94.8168,,,,,,112645.641475366
LYStex_num4,b2215,96.2904209055866,,,,,,112645.641475366
LYStex_reverse_num1,b1377,96.2904209055866,,,,,,112645.641475366
LYStex_reverse_num2,b0241,33.2825,,,,,,112645.641475366
LYStex_reverse_num3,b0929,94.8168,,,,,,112645.641475366
LYStex_reverse_num4,b2215,96.2904209055866,,,,,,112645.641475366
LYXI,b3903,121.175352563932,,,,,,
LYXt2pp,b3907,28.14125,3.6889,17.501234,18.21675491333008,3.1506218067863307,,112645.641475366
LYXtex_num1,b1377,96.2904209055866,,,,,,112645.641475366
LYXtex_num2,b0241,33.2825,,,,,,112645.641475366
LYXtex_num3,b0929,94.8168,,,,,,112645.641475366
LYXtex_num4,b2215,96.2904209055866,,,,,,112645.641475366
LYXtex_reverse_num1,b1377,96.2904209055866,,,,,,112645.641475366
LYXtex_reverse_num2,b0241,33.2825,,,,,,112645.641475366
LYXtex_reverse_num3,b0929,94.8168,,,,,,112645.641475366
LYXtex_reverse_num4,b2215,96.2904209055866,,,,,,112645.641475366
L_LACD2_num1,b0306 and b0308 and b0307,121.23861216232469,0.8362,3.9029672,24.46029090881348,10.285457757985752,,169.05
L_LACD2_num2,b3605,120.7983675600902,,4.0016284,24.561708450317383,8.645785370246568,,169.05
L_LACD3_num1,b0308 and b0306 and b0307,121.23861216232469,17.1928,0.9488399,25.177330017089844,10.285457757985752,,169.05
L_LACD3_num2,b3605,120.7983675600902,,0.4557017,24.561708450317383,0.2977766421705213,,169.05
L_LACt2rpp_num1,b3603,23.0,4.6201,19.705345,10.147160530090332,29.39165891366132,,112645.641475366
L_LACt2rpp_num2,b2975,23.0,,13.445966,11.09506893157959,20.83005914936328,,112645.641475366
L_LACt2rpp_reverse_num1,b3603,23.0,3.9879,19.705345,10.147160530090332,4.156262642575966,,112645.641475366
L_LACt2rpp_reverse_num2,b2975,23.0,,13.445966,11.09506893157959,2.5334831685657355,,112645.641475366
L_LACtex_num1,b2215,96.2904209055866,,,,,,112645.641475366
L_LACtex_num2,b0929,94.8168,,,,,,112645.641475366
L_LACtex_num3,b1377,96.2904209055866,,,,,,112645.641475366
L_LACtex_num4,b0241,33.2825,,,,,,112645.641475366
L_LACtex_reverse_num1,b2215,96.2904209055866,,,,,,112645.641475366
L_LACtex_reverse_num2,b0929,94.8168,,,,,,112645.641475366
L_LACtex_reverse_num3,b1377,96.2904209055866,,,,,,112645.641475366
L_LACtex_reverse_num4,b0241,33.2825,,,,,,112645.641475366
M1PD,b3600,157.17088698230995,0.1297,1.6748669,28.31223487854004,4.505918121530305,506466.8,
M1PD_reverse,b3600,157.17088698230995,7.3738,2.7451658,24.39673614501953,33.66240634310002,506466.8,
MACPD,b2323,125.69922461667636,9.5437,,6.918361663818359,3.709008719383553,,
MALCOAMT,b0777,121.23861216232469,10.3571,0.14922656,2.147484540939331,1.5512766495082406,,112645.641475366
MALDDH,b1800,125.69922461667636,1.5177,10.331661,35.59470748901367,11.311990667194513,,
MALDt2_2pp,b3528,23.0,0.2029,34.047775,34.960540771484375,4.354976974083286,,112645.641475366
MALDtex_num1,b0241,33.2825,,,,,,112645.641475366
MALDtex_num2,b1377,96.2904209055866,,,,,,112645.641475366
MALDtex_num3,b2215,96.2904209055866,,,,,,112645.641475366
MALDtex_num4,b0929,94.8168,,,,,,112645.641475366
MALDtex_reverse_num1,b0241,33.2825,,,,,,112645.641475366
MALDtex_reverse_num2,b1377,96.2904209055866,,,,,,112645.641475366
MALDtex_reverse_num3,b2215,96.2904209055866,,,,,,112645.641475366
MALDtex_reverse_num4,b0929,94.8168,,,,,,112645.641475366
MALS_num1,b4014,160.70234805267864,19.3709,5.326211,10.76194190979004,180.06711306374774,48.1,
MALS_num2,b2976,175.0656349761905,,21.863373,38.90822219848633,69.62689854059693,48.1,
MALTATr,b0459,220.78740210220096,98.9665,22.47434,3.508152961730957,5.604077151560538,,
MALTATr_reverse,b0459,220.78740210220096,3.7109,20.347576,1.992681860923767,6.929868172575557,,
MALTHXabcpp,b4033 and b4034 and b4032 and b4035,104.73241798245591,87.8415,10.590441,5.735721111297607,32.94228372318428,,112645.641475366
MALTHXtexi,b4036,117.94906666660007,,,,,,112645.641475366
MALTPTabcpp,b4033 and b4035 and b4032 and b4034,104.73241798245591,63.3854,21.071932,5.735721111297607,31.742121195274308,,112645.641475366
MALTPTtexi,b4036,117.94906666660007,,,,,,112645.641475366
MALTTRabcpp,b4033 and b4034 and b4035 and b4032,104.73241798245591,36.4273,25.014444,5.735721111297607,31.742121195274308,,
MALTTRtexi,b4036,117.94906666660007,,,,,,112645.641475366
MALTTTRabcpp,b4034 and b4033 and b4032 and b4035,104.73241798245591,60.9476,20.563385,5.735721111297607,20.83005914936328,,
MALTTTRtexi,b4036,117.94906666660007,,,,,,112645.641475366
MALTabcpp,b4032 and b4033 and b4035 and b4034,104.73241798245591,28.7233,24.1871,5.735721111297607,32.94228372318428,3.1,
MALTptspp,b2415 and b1621 and b2417 and b2416,189.6850202355557,48.3509,4.3571973,5.768996715545654,12.628470676953103,,112645.641475366
MALTtexi,b4036,117.94906666660007,,,,,,112645.641475366
MALt2_2pp,b3528,23.0,3.8053,34.047775,34.960540771484375,29.39165891366132,,112645.641475366
MALt2_3pp_num1,b4123,23.0,21.3011,12.20589,10.387778282165527,29.39165891366132,,112645.641475366
MALt2_3pp_num2,b4138,23.0,,7.9719377,20.661272048950195,2.3823735145285267,,112645.641475366
MALtex_num1,b1377,96.2904209055866,,,,,,112645.641475366
MALtex_num2,b0241,33.2825,,,,,,112645.641475366
MALtex_num3,b0929,94.8168,,,,,,112645.641475366
MALtex_num4,b2215,96.2904209055866,,,,,,112645.641475366
MALtex_reverse_num1,b1377,96.2904209055866,,,,,,112645.641475366
MALtex_reverse_num2,b0241,33.2825,,,,,,112645.641475366
MALtex_reverse_num3,b0929,94.8168,,,,,,112645.641475366
MALtex_reverse_num4,b2215,96.2904209055866,,,,,,112645.641475366
MAN1PT2,b2049,149.80799644754114,1.3945,4.7734895,30.463274002075195,1.3346528088069038,,
MAN6PI,b1613,151.18324760891227,,,,,713452.5,
MAN6PI_reverse,b1613,151.18324760891227,,,,,713452.5,
MAN6Pt6_2pp,b3666,23.0,0.6153,1.2426851,8.987629890441895,2.9633630070897,,112645.641475366
MAN6Ptex_num1,b0929,94.8168,,,,,,112645.641475366
MAN6Ptex_num2,b2215,96.2904209055866,,,,,,112645.641475366
MAN6Ptex_num3,b0241,33.2825,,,,,,112645.641475366
MAN6Ptex_num4,b1377,96.2904209055866,,,,,,112645.641475366
MAN6Ptex_reverse_num1,b0929,94.8168,,,,,,112645.641475366
MAN6Ptex_reverse_num2,b2215,96.2904209055866,,,,,,112645.641475366
MAN6Ptex_reverse_num3,b0241,33.2825,,,,,,112645.641475366
MAN6Ptex_reverse_num4,b1377,96.2904209055866,,,,,,112645.641475366
MANAO,b4323,143.92573340895575,32.2523,2.637064,33.43852615356445,4.49460947061458,,
MANAO_reverse,b4323,143.92573340895575,0.6255,2.831622,41.90436553955078,8.515326148078657,,
MANGLYCptspp,b0731 and b2415 and b2416,152.62479040685164,23.9331,0.96225995,11.176921844482422,6.480062483359452,,112645.641475366
MANGLYCtex_num1,b1377,96.2904209055866,,,,,,112645.641475366
MANGLYCtex_num2,b0241,33.2825,,,,,,112645.641475366
MANGLYCtex_num3,b0929,94.8168,,,,,,112645.641475366
MANGLYCtex_num4,b2215,96.2904209055866,,,,,,112645.641475366
MANGLYCtex_reverse_num1,b1377,96.2904209055866,,,,,,112645.641475366
MANGLYCtex_reverse_num2,b0241,33.2825,,,,,,112645.641475366
MANGLYCtex_reverse_num3,b0929,94.8168,,,,,,112645.641475366
MANGLYCtex_reverse_num4,b2215,96.2904209055866,,,,,,112645.641475366
MANPGH,b0732,169.7465083415484,11.362,3.875597,32.241825103759766,24.21911561649679,,
MANptspp,b2416 and b1818 and b1819 and b1817 and b2415,152.62479040685164,5.0754,0.96225995,7.724188327789307,10.400376497266745,,112645.641475366
MANtex_num1,b1377,96.2904209055866,,,,,,112645.641475366
MANtex_num2,b0241,33.2825,,,,,,112645.641475366
MANtex_num3,b0929,94.8168,,,,,,112645.641475366
MANtex_num4,b2215,96.2904209055866,,,,,,112645.641475366
MANtex_reverse_num1,b1377,96.2904209055866,,,,,,112645.641475366
MANtex_reverse_num2,b0241,33.2825,,,,,,112645.641475366
MANtex_reverse_num3,b0929,94.8168,,,,,,112645.641475366
MANtex_reverse_num4,b2215,96.2904209055866,,,,,,112645.641475366
MC6PH,b1734,160.70234805267864,1.4637,,33.29994583129883,3.842358408537775,,112645.641475366
MCITD,b0334,149.80799644754114,,,,,,
MCITL2,b0331,121.175352563932,,,,,19.0,
MCITL2_reverse,b0331,121.175352563932,27.5872,2.8598754,26.177021026611328,9.661923757639329,19.0,
MCITS,b0333,151.2163934271964,2.2938,3.5513294,5.7509307861328125,7.249122480170781,474.122,
MCOATA,b1094 and b1092,97.46316781454354,559.4043,22.48673,10.979981422424316,6.47591517554057,1170.0001175,
MCOATA_reverse,b1094 and b1092,97.46316781454354,11.4007,,12.101637840270996,6.154294957250831,1170.0001175,
MCPST,b2521,207.78250892732828,2.4546,13.0265465,19.115089416503903,6.861314234402084,62.25,
MCTP1App_num1,b0084 and b0635 and b3396,123.60963225270936,,,,,,112645.641475366
MCTP1App_num2,b0084 and b0635 and b0149,123.60963225270936,,,,,,112645.641475366
MCTP1Bpp_num1,b1678,120.5841095274726,,,,,,112645.641475366
MCTP1Bpp_num2,b0925,97.76404181117316,,,,,,112645.641475366
MCTP2App_num1,b0084 and b0635 and b3396,123.60963225270936,,,,,,112645.641475366
MCTP2App_num2,b0084 and b0635 and b0149,123.60963225270936,,,,,,112645.641475366
MDDCP1pp_num1,b0376,124.33102801558226,15.0789,,13.688091278076172,1.7851135665555418,1.334,
MDDCP1pp_num2,b0839,120.42138255624845,,,6.138232707977295,1.7851135665555418,1.334,
MDDCP1pp_num3,b0632,157.17088698230995,,,3.631848096847534,10.475654966689731,1.334,
MDDCP1pp_num4,b3182,108.46483596491184,,,10.637249946594238,10.475654966689731,1.334,
MDDCP1pp_num5,b2010,151.18324760891227,,,5.161978244781494,10.475654966689731,1.334,
MDDCP1pp_num6,b2430,149.80799644754114,,,16.871456146240234,1.7851135665555418,1.334,
MDDCP2pp_num1,b2430,149.80799644754114,0.6284,,15.896284103393556,4.505918121530305,1.334,
MDDCP2pp_num2,b0839,120.42138255624845,,,6.138232707977295,2.4977012564002314,1.334,
MDDCP2pp_num3,b0632,157.17088698230995,,,3.631848096847534,4.239897124043,1.334,
MDDCP2pp_num4,b3182,108.46483596491184,,,10.958669662475586,4.735065155694623,1.334,
MDDCP2pp_num5,b2010,151.18324760891227,,,5.161978244781494,9.701730590584152,1.334,
MDDCP2pp_num6,b0376,124.33102801558226,,,13.688091278076172,9.701730590584152,1.334,
MDDCP3pp_num1,b2430,149.80799644754114,8.2614,,37.28023147583008,3.439238981203919,1.334,
MDDCP3pp_num2,b0839,120.42138255624845,,,17.269338607788086,9.701730590584152,1.334,
MDDCP3pp_num3,b0632,157.17088698230995,,,9.936688423156738,9.701730590584152,1.334,
MDDCP3pp_num4,b3182,108.46483596491184,,,31.179426193237305,9.701730590584152,1.334,
MDDCP3pp_num5,b2010,151.18324760891227,,,9.087750434875488,12.716534780945764,1.334,
MDDCP3pp_num6,b0376,124.33102801558226,,,44.649688720703125,12.716534780945764,1.334,
MDDCP4pp_num1,b2430,149.80799644754114,0.1008,,33.09517288208008,1.3800644610349209,1.334,
MDDCP4pp_num2,b0839,120.42138255624845,,,15.79393196105957,3.709008719383553,1.334,
MDDCP4pp_num3,b0632,157.17088698230995,,,9.087750434875488,17.527193281992982,1.334,
MDDCP4pp_num4,b3182,108.46483596491184,,,27.67924118041992,23.20984801412347,1.334,
MDDCP4pp_num5,b2010,151.18324760891227,,,8.067567825317383,23.20984801412347,1.334,
MDDCP4pp_num6,b0376,124.33102801558226,,,44.649688720703125,23.20984801412347,1.334,
MDDCP5pp_num1,b2430,149.80799644754114,9.5138,,33.09517288208008,1.180767729574293,1.334,
MDDCP5pp_num2,b0839,120.42138255624845,,,15.79393196105957,7.930539978052965,1.334,
MDDCP5pp_num3,b0632,157.17088698230995,,,9.087750434875488,4.200352710379372,1.334,
MDDCP5pp_num4,b3182,108.46483596491184,,,27.67924118041992,4.200352710379372,1.334,
MDDCP5pp_num5,b2010,151.18324760891227,,,8.067567825317383,4.200352710379372,1.334,
MDDCP5pp_num6,b0376,124.33102801558226,,,44.649688720703125,4.200352710379372,1.334,
MDDEP1pp_num1,b2175,97.76404181117316,2.3549,,3.488649368286133,0.8656320855966524,,112645.641475366
MDDEP1pp_num2,b1655,135.19605298750687,,,3.370946168899536,2.433073219097816,,112645.641475366
MDDEP1pp_num3,b2328,178.65984365785727,,,11.972701072692873,19.07447150904677,,112645.641475366
MDDEP1pp_num4,b3182,108.46483596491184,,,14.73378562927246,6.893062771666467,,112645.641475366
MDDEP1pp_num5,b2134,124.33102801558226,,,10.356138229370115,12.944373024364497,,112645.641475366
MDDEP1pp_num6,b1856,94.8168,,,5.7309746742248535,12.944373024364497,,112645.641475366
MDDEP1pp_num7,b0376,124.33102801558226,,,25.247352600097656,5.265135685472943,,112645.641475366
MDDEP2pp_num1,b2175,97.76404181117316,13.7158,,4.499381065368652,9.129954971721624,,112645.641475366
MDDEP2pp_num2,b1655,135.19605298750687,,,4.54377031326294,5.265135685472943,,112645.641475366
MDDEP2pp_num3,b2328,178.65984365785727,,,7.733258247375488,2.312153051635714,,112645.641475366
MDDEP2pp_num4,b3182,108.46483596491184,,,26.47049331665039,1.5512766495082406,,112645.641475366
MDDEP2pp_num5,b2134,124.33102801558226,,,21.253028869628903,1.5512766495082406,,112645.641475366
MDDEP2pp_num6,b1856,94.8168,,,4.810972690582275,1.5512766495082406,,112645.641475366
MDDEP2pp_num7,b0376,124.33102801558226,,,30.321319580078125,1.5512766495082406,,112645.641475366
MDDEP3pp_num1,b1655,135.19605298750687,36.4864,,4.681066036224365,3.028813247277281,,112645.641475366
MDDEP3pp_num2,b2175,97.76404181117316,,,4.239316940307617,23.20984801412347,,112645.641475366
MDDEP3pp_num3,b2328,178.65984365785727,,,7.733258247375488,23.12485843405693,,112645.641475366
MDDEP3pp_num4,b3182,108.46483596491184,,,27.27033805847168,23.12485843405693,,112645.641475366
MDDEP3pp_num5,b2134,124.33102801558226,,,23.2384033203125,23.12485843405693,,112645.641475366
MDDEP3pp_num6,b0376,124.33102801558226,,,26.12796974182129,23.12485843405693,,112645.641475366
MDDEP3pp_num7,b1856,94.8168,,,5.106105327606201,1.4545002766521131,,112645.641475366
MDDEP4pp_num1,b1655,135.19605298750687,33.8712,,3.272075891494751,1.8385299096757457,,112645.641475366
MDDEP4pp_num2,b0376,124.33102801558226,,,25.247352600097656,8.496721583609121,,112645.641475366
MDDEP4pp_num3,b2328,178.65984365785727,,,11.972701072692873,8.496721583609121,,112645.641475366
MDDEP4pp_num4,b3182,108.46483596491184,,,14.301640510559082,8.645785370246568,,112645.641475366
MDDEP4pp_num5,b2134,124.33102801558226,,,10.669065475463867,8.645785370246568,,112645.641475366
MDDEP4pp_num6,b2175,97.76404181117316,,,3.488649368286133,10.32508343721834,,112645.641475366
MDDEP4pp_num7,b1856,94.8168,,,5.7309746742248535,3.709008719383553,,112645.641475366
MDH,b3236,149.80799644754114,32.5795,5.165128,817.4990844726562,4.126232577709164,2069568.0,
MDH2,b2210,120.42138255624845,20.5533,17.652565,26.177021026611328,0.9306493286838624,,9.9475
MDH3,b2210,120.42138255624845,2.3745,6.551544,26.177021026611328,7.228125235384933,,9.9475
MDH_reverse,b3236,149.80799644754114,1.0771,3.224378,689.3306274414062,7.759480633406317,2069568.0,
ME1,b1479,121.23861216232469,1.4311,33.658745,80.15333557128906,4.126232577709164,82.7,
ME2,b2463,128.2406734749161,12.1755,21.170275,85.43810272216797,6.9899481650584585,66.6,
MECDPDH5_num1,b2515 and b2895,122.42412220751704,21.8067,3.1375732,14.802000045776367,3.2881092143876764,,112645.641475366
MECDPDH5_num2,b2515 and b0684,121.175352563932,,3.1375732,10.262343406677246,3.5556925393700345,,112645.641475366
MECDPS,b2746,137.33652202813053,,,,,2.7,
MELIBt2pp_num1,b4120,23.0,2.897,2.5402606,27.981842041015625,3.842358408537775,,112645.641475366
MELIBt2pp_num2,b0343,23.0,,2.1533363,27.91984939575196,1.2556971297984412,,112645.641475366
MELIBt3ipp,b1528,33.2825,32.6565,5.4733624,9.234712600708008,2.927734208311322,,112645.641475366
MELIBtex_num1,b1377,96.2904209055866,,,,,,112645.641475366
MELIBtex_num2,b0241,33.2825,,,,,,112645.641475366
MELIBtex_num3,b0929,94.8168,,,,,,112645.641475366
MELIBtex_num4,b2215,96.2904209055866,,,,,,112645.641475366
MELIBtex_reverse_num1,b1377,96.2904209055866,,,,,,112645.641475366
MELIBtex_reverse_num2,b0241,33.2825,,,,,,112645.641475366
MELIBtex_reverse_num3,b0929,94.8168,,,,,,112645.641475366
MELIBtex_reverse_num4,b2215,96.2904209055866,,,,,,112645.641475366
MEOHtex_num1,b2215,96.2904209055866,,,,,,112645.641475366
MEOHtex_num2,b0929,94.8168,,,,,,112645.641475366
MEOHtex_num3,b1377,96.2904209055866,,,,,,112645.641475366
MEOHtex_num4,b0241,33.2825,,,,,,112645.641475366
MEOHtex_reverse_num1,b2215,96.2904209055866,,,,,,112645.641475366
MEOHtex_reverse_num2,b0929,94.8168,,,,,,112645.641475366
MEOHtex_reverse_num3,b1377,96.2904209055866,,,,,,112645.641475366
MEOHtex_reverse_num4,b0241,33.2825,,,,,,112645.641475366
MEPCT,b2747,152.5584987702834,3.8647,18.293394,22.47472381591797,4.156262642575966,44.73125,
MEPNabcpp,b4105 and b4104 and b4106,97.76404181117316,0.3256,,14.633916854858398,10.343030383997991,,112645.641475366
MEPNtex_num1,b2215,96.2904209055866,,,,,,112645.641475366
MEPNtex_num2,b0929,94.8168,,,,,,112645.641475366
MEPNtex_num3,b0241,33.2825,,,,,,112645.641475366
MEPNtex_num4,b1377,96.2904209055866,,,,,,112645.641475366
MEPNtex_reverse_num1,b2215,96.2904209055866,,,,,,112645.641475366
MEPNtex_reverse_num2,b0929,94.8168,,,,,,112645.641475366
MEPNtex_reverse_num3,b0241,33.2825,,,,,,112645.641475366
MEPNtex_reverse_num4,b1377,96.2904209055866,,,,,,112645.641475366
METAT,b2942,149.80799644754114,2.4272,3.1828966,2.415824174880981,5.23709872635609,1.36,
METDabcpp,b0199 and b0198 and b0197,97.46316781454354,42.8264,5.9165525,3.3752777576446533,2.3823735145285267,,112645.641475366
METDtex_num1,b1377,96.2904209055866,,,,,,112645.641475366
METDtex_num2,b0241,33.2825,,,,,,112645.641475366
METDtex_num3,b0929,94.8168,,,,,,112645.641475366
METDtex_num4,b2215,96.2904209055866,,,,,,112645.641475366
METDtex_reverse_num1,b1377,96.2904209055866,,,,,,112645.641475366
METDtex_reverse_num2,b0241,33.2825,,,,,,112645.641475366
METDtex_reverse_num3,b0929,94.8168,,,,,,112645.641475366
METDtex_reverse_num4,b2215,96.2904209055866,,,,,,112645.641475366
METGLCUR,b1617,205.72000000000008,1.2876,,75.06392669677734,1.6844506565180326,,112645.641475366
METGLCURt2pp,b1616,23.0,2.4369,,15.061220169067385,6.480107934481085,,112645.641475366
METGLCURtex_num1,b2215,96.2904209055866,,,,,,112645.641475366
METGLCURtex_num2,b1377,96.2904209055866,,,,,,112645.641475366
METGLCURtex_num3,b0241,33.2825,,,,,,112645.641475366
METGLCURtex_num4,b0929,94.8168,,,,,,112645.641475366
METGLCURtex_reverse_num1,b2215,96.2904209055866,,,,,,112645.641475366
METGLCURtex_reverse_num2,b1377,96.2904209055866,,,,,,112645.641475366
METGLCURtex_reverse_num3,b0241,33.2825,,,,,,112645.641475366
METGLCURtex_reverse_num4,b0929,94.8168,,,,,,112645.641475366
METNA,b1448,123.60963225270936,11.709,45.086166,5.245456218719482,6.2847857493883765,,112645.641475366
METNA_reverse,b1448,123.60963225270936,19.0477,,26.177021026611328,545.537411727458,,112645.641475366
METOX1s,s0001,,9.9015,,,4.111808695024229,,
METOX2s,s0001,,16.3982,,,4.111808695024229,,
METSOX1tex_num1,b1377,96.2904209055866,,,,,,112645.641475366
METSOX1tex_num2,b0241,33.2825,,,,,,112645.641475366
METSOX1tex_num3,b0929,94.8168,,,,,,112645.641475366
METSOX1tex_num4,b2215,96.2904209055866,,,,,,112645.641475366
METSOX1tex_reverse_num1,b1377,96.2904209055866,,,,,,112645.641475366
METSOX1tex_reverse_num2,b0241,33.2825,,,,,,112645.641475366
METSOX1tex_reverse_num3,b0929,94.8168,,,,,,112645.641475366
METSOX1tex_reverse_num4,b2215,96.2904209055866,,,,,,112645.641475366
METSOX2tex_num1,b1377,96.2904209055866,,,,,,112645.641475366
METSOX2tex_num2,b0241,33.2825,,,,,,112645.641475366
METSOX2tex_num3,b0929,94.8168,,,,,,112645.641475366
METSOX2tex_num4,b2215,96.2904209055866,,,,,,112645.641475366
METSOX2tex_reverse_num1,b1377,96.2904209055866,,,,,,112645.641475366
METSOX2tex_reverse_num2,b0241,33.2825,,,,,,112645.641475366
METSOX2tex_reverse_num3,b0929,94.8168,,,,,,112645.641475366
METSOX2tex_reverse_num4,b2215,96.2904209055866,,,,,,112645.641475366
METSOXR1_num1,b3551 and b2582,160.70234805267864,14.6923,0.106800735,31.757587432861328,8.645785370246568,3.5511111100000003,
METSOXR1_num2,b2582 and b4219,197.70251011777788,,0.106800735,29.022340774536133,8.645785370246568,3.5511111100000003,
METSOXR1_num3,b3781 and b4219,189.6850202355557,,3.8835893,29.022340774536133,8.645785370246568,3.5511111100000003,
METSOXR1_num4,b3551 and b3781,155.2551722501099,,10.19949,3.9803037643432617,5.628355577673853,3.5511111100000003,
METSOXR2_num1,b1832 and b3781,176.53793119354833,1.761,6.8348026,3.9803037643432617,26.00380267896529,3.5511111100000003,
METSOXR2_num2,b2582 and b1778,176.53793119354833,,0.00990676,12.046043395996094,6.7859805272721,3.5511111100000003,
METSOXR2_num3,b3781 and b1778,176.53793119354833,,0.00990676,3.9803037643432617,6.7859805272721,3.5511111100000003,
METSOXR2_num4,b1832 and b2582,183.111475714552,,0.106800735,14.402957916259766,6.7859805272721,3.5511111100000003,
METS_num1,b4019,114.49559696909084,21.2508,2.9418898,7.554275035858154,4.765863679138536,13.0,
METS_num2,b3829,123.60963225270936,,4.5853944,0.338901549577713,8.645785370246568,13.0,
METabcpp,b0197 and b0198 and b0199,97.46316781454354,57.2901,5.9165525,3.3752777576446533,3.653492800559781,,112645.641475366
METt3pp_num1,b1798,28.14125,7.4691,1.895848,35.31422424316406,5.627857184945759,,112645.641475366
METt3pp_num2,b4141,23.0,,5.7478337,20.84850311279297,4.810772528691261,,112645.641475366
METtex_num1,b1377,96.2904209055866,,,,,,112645.641475366
METtex_num2,b0241,33.2825,,,,,,112645.641475366
METtex_num3,b0929,94.8168,,,,,,112645.641475366
METtex_num4,b2215,96.2904209055866,,,,,,112645.641475366
METtex_reverse_num1,b1377,96.2904209055866,,,,,,112645.641475366
METtex_reverse_num2,b0241,33.2825,,,,,,112645.641475366
METtex_reverse_num3,b0929,94.8168,,,,,,112645.641475366
METtex_reverse_num4,b2215,96.2904209055866,,,,,,112645.641475366
MG2tex_num1,b1377,96.2904209055866,,,,,,112645.641475366
MG2tex_num2,b0241,33.2825,,,,,,112645.641475366
MG2tex_num3,b0929,94.8168,,,,,,112645.641475366
MG2tex_num4,b2215,96.2904209055866,,,,,,112645.641475366
MG2tex_reverse_num1,b1377,96.2904209055866,,,,,,112645.641475366
MG2tex_reverse_num2,b0241,33.2825,,,,,,112645.641475366
MG2tex_reverse_num3,b0929,94.8168,,,,,,112645.641475366
MG2tex_reverse_num4,b2215,96.2904209055866,,,,,,112645.641475366
MG2tpp,b3816,91.06287263702492,,,,,,112645.641475366
MG2uabcpp,b4242,74.95196722410472,,,,,22.5,
MGSA,b0963,115.69288473855748,,,,,140.7,
MI1PP,b2533,189.6850202355557,0.436,,2.18902587890625,229.50963769458312,6.5,
MICITDr,b0118,117.94906666660007,1.8321,19.500977,26.967998504638672,1.7538406850699786,3.0,
MICITDr_reverse,b0118,117.94906666660007,,,,,3.0,
MINCYCtex_num1,b0929,94.8168,,,,,,112645.641475366
MINCYCtex_num2,b1377,96.2904209055866,,,,,,112645.641475366
MINCYCtex_num3,b0241,33.2825,,,,,,112645.641475366
MINCYCtex_num4,b2215,96.2904209055866,,,,,,112645.641475366
MINCYCtex_reverse_num1,b0929,94.8168,,,,,,112645.641475366
MINCYCtex_reverse_num2,b1377,96.2904209055866,,,,,,112645.641475366
MINCYCtex_reverse_num3,b0241,33.2825,,,,,,112645.641475366
MINCYCtex_reverse_num4,b2215,96.2904209055866,,,,,,112645.641475366
MINCYCtpp_num1,b3035 and b0463 and b2470,149.80799644754114,1.2496,,42.18484115600586,27.59821923974365,,112645.641475366
MINCYCtpp_num2,b3035 and b0463 and b0462,97.76404181117316,,,42.18484115600586,10.397610637812583,,112645.641475366
MLDCP1App_num1,b1678,120.5841095274726,8.155,,5.580450057983398,1.6112372980239649,,160.0
MLDCP1App_num2,b1990,97.46316781454354,,,13.234732627868652,12.716534780945764,,160.0
MLDCP1App_num3,b0925,97.76404181117316,,,5.491117477416992,12.716534780945764,,160.0
MLDCP1App_num4,b1113,123.60963225270936,,,4.656606197357178,9.129954971721624,,160.0
MLDCP1App_num5,b0819,151.18324760891227,,,5.735463619232178,3.709008719383553,,160.0
MLDCP1Bpp_num1,b1678,120.5841095274726,2.5741,,9.338504791259766,0.5698049341386077,,160.0
MLDCP1Bpp_num2,b1990,97.46316781454354,,,17.981456756591797,8.547332811729818,,160.0
MLDCP1Bpp_num3,b0925,97.76404181117316,,,5.3300628662109375,8.547332811729818,,160.0
MLDCP1Bpp_num4,b1113,123.60963225270936,,,7.126764297485352,8.547332811729818,,160.0
MLDCP1Bpp_num5,b0819,151.18324760891227,,,9.04315185546875,8.547332811729818,,160.0
MLDCP2App_num1,b0925,97.76404181117316,29.1053,,5.3300628662109375,6.068564545694292,,160.0
MLDCP2App_num2,b1678,120.5841095274726,,,7.581905841827393,1.501060959466043,,160.0
MLDCP2App_num3,b1113,123.60963225270936,,,5.786199569702148,1.407557400154843,,160.0
MLDCP2App_num4,b0819,151.18324760891227,,,7.792515277862549,1.4545002766521131,,160.0
MLDCP2App_num5,b1990,97.46316781454354,,,15.962868690490724,2.4977012564002314,,160.0
MLDCP2Bpp_num1,b1678,120.5841095274726,0.0516,,8.047022819519043,2.788006400126424,,160.0
MLDCP2Bpp_num2,b0819,151.18324760891227,,,8.027976989746094,4.200352710379372,,160.0
MLDCP2Bpp_num3,b1113,123.60963225270936,,,6.141158103942871,4.200352710379372,,160.0
MLDCP2Bpp_num4,b1990,97.46316781454354,,,17.454057693481445,4.201952486334633,,160.0
MLDCP2Bpp_num5,b0925,97.76404181117316,,,4.45822286605835,4.201952486334633,,160.0
MLDCP3App_num1,b1678,120.5841095274726,0.3813,,6.460739612579346,3.095314723399571,,160.0
MLDCP3App_num2,b1990,97.46316781454354,,,7.978686332702637,3.709008719383553,,160.0
MLDCP3App_num3,b0925,97.76404181117316,,,5.874549865722656,3.439238981203919,,160.0
MLDCP3App_num4,b1113,123.60963225270936,,,4.656606197357178,8.547332811729818,,160.0
MLDCP3App_num5,b0819,151.18324760891227,,,5.121244430541992,8.547332811729818,,160.0
MLDEP1pp,b2328,178.65984365785727,5.2893,,9.812732696533203,8.547332811729818,,112645.641475366
MLDEP2pp,b2328,178.65984365785727,3.4292,,11.972701072692873,7.672849549603623,,112645.641475366
MLTG1,b0403,169.22268505812133,4.4818,11.7097435,36.318973541259766,5.604077151560538,,130.5025
MLTG2,b0403,169.22268505812133,76.2792,8.959129,15.318191528320312,10.40299112229892,,112645.641475366
MLTG3,b0403,169.22268505812133,6.011,8.451852,18.86717414855957,9.874735015362448,,152.76667666666663
MLTG4,b0403,169.22268505812133,2.4844,2.6263292,15.318191528320312,18.05149927356397,,130.5025
MLTG5,b0403,169.22268505812133,93.6355,5.450743,15.318191528320312,1.8406209975585133,,130.5025
MLTGY1pp_num1,b0211,149.80799644754114,,,,,,112645.641475366
MLTGY1pp_num2,b1193,178.65984365785727,,,,,,112645.641475366
MLTGY1pp_num3,b2813,192.18992182892868,,,,,,112645.641475366
MLTGY1pp_num4,b2963,178.65984365785727,,,,,,112645.641475366
MLTGY1pp_num5,b4392,101.0,,,,,,112645.641475366
MLTGY1pp_num6,b2701,208.4883024024492,,,,,,112645.641475366
MLTGY1pp_num7,b2558,125.40399822377056,,,,,,112645.641475366
MLTGY1pp_num8,b1097,157.17088698230995,,,,,,112645.641475366
MLTGY2pp_num1,b0211,149.80799644754114,,,,,,112645.641475366
MLTGY2pp_num2,b1193,178.65984365785727,,,,,,112645.641475366
MLTGY2pp_num3,b2813,192.18992182892868,,,,,,112645.641475366
MLTGY2pp_num4,b2963,178.65984365785727,,,,,,112645.641475366
MLTGY2pp_num5,b4392,101.0,,,,,,112645.641475366
MLTGY2pp_num6,b2701,208.4883024024492,,,,,,112645.641475366
MLTGY2pp_num7,b2558,125.40399822377056,,,,,,112645.641475366
MLTGY2pp_num8,b1097,157.17088698230995,,,,,,112645.641475366
MLTGY3pp_num1,b0211,149.80799644754114,,,,,,112645.641475366
MLTGY3pp_num2,b2963,178.65984365785727,,,,,,112645.641475366
MLTGY3pp_num3,b2701,208.4883024024492,,,,,,112645.641475366
MLTGY3pp_num4,b4392,101.0,,,,,,112645.641475366
MLTGY3pp_num5,b2813,192.18992182892868,,,,,,112645.641475366
MLTGY3pp_num6,b1193,178.65984365785727,,,,,,112645.641475366
MLTGY3pp_num7,b2558,125.40399822377056,,,,,,112645.641475366
MLTGY3pp_num8,b1097,157.17088698230995,,,,,,112645.641475366
MLTGY4pp_num1,b0211,149.80799644754114,,,,,,112645.641475366
MLTGY4pp_num2,b2963,178.65984365785727,,,,,,112645.641475366
MLTGY4pp_num3,b2701,208.4883024024492,,,,,,112645.641475366
MLTGY4pp_num4,b4392,101.0,,,,,,112645.641475366
MLTGY4pp_num5,b2813,192.18992182892868,,,,,,112645.641475366
MLTGY4pp_num6,b1193,178.65984365785727,,,,,,112645.641475366
MLTGY4pp_num7,b2558,125.40399822377056,,,,,,112645.641475366
MLTGY4pp_num8,b1097,157.17088698230995,,,,,,112645.641475366
MLTP1,b3417,126.07375,17.0564,14.599095,12.322554588317873,18.05149927356397,356.0532,
MLTP1_reverse,b3417,126.07375,8.155,13.606693,9.149892807006836,23.723115167208363,356.0532,
MLTP2,b3417,126.07375,4.3726,9.900597,10.618378639221191,29.39165891366132,356.0532,
MLTP2_reverse,b3417,126.07375,7.6289,14.599095,11.610308647155762,6.334036791279153,356.0532,
MLTP3,b3417,126.07375,5.03,19.213154,10.004633903503418,4.435964206456192,356.0532,
MLTP3_reverse,b3417,126.07375,6.5906,9.900597,11.269776344299316,3.653492800559781,356.0532,
MMCD,b2919,149.80799644754114,7.1373,9.770747,5.702454566955566,1.3800644610349209,,74.63966666666667
MMETt2pp,b0260,23.0,4.2234,0.59931475,43.42146682739258,4.810772528691261,,112645.641475366
MMETtex_num1,b1377,96.2904209055866,,,,,,112645.641475366
MMETtex_num2,b0241,33.2825,,,,,,112645.641475366
MMETtex_num3,b0929,94.8168,,,,,,112645.641475366
MMETtex_num4,b2215,96.2904209055866,,,,,,112645.641475366
MMETtex_reverse_num1,b1377,96.2904209055866,,,,,,112645.641475366
MMETtex_reverse_num2,b0241,33.2825,,,,,,112645.641475366
MMETtex_reverse_num3,b0929,94.8168,,,,,,112645.641475366
MMETtex_reverse_num4,b2215,96.2904209055866,,,,,,112645.641475366
MMM,b2917,136.47847541820553,,,,,,112645.641475366
MN2t3pp_num1,b3915,75.41,,,,,,112645.641475366
MN2t3pp_num2,b0752,75.41,,,,,,112645.641475366
MN2tipp,b1821,33.2825,,,,,,112645.641475366
MN2tpp,b3040,33.2825,,,,,,112645.641475366
MN6PP_num1,b3697,175.1936841441172,1.1929,3.6194866,21.28558349609375,5.688412376681967,,112645.641475366
MN6PP_num2,b0822,173.42795360893282,,2.8476603,5.774665355682373,2.49260093430609,,112645.641475366
MN6PP_num3,b1727,149.80799644754114,,0.46431842,5.092029571533203,2.49260093430609,,112645.641475366
MN6PP_num4,b3826,173.42795360893282,,3.169363,15.341654777526855,2.49260093430609,,112645.641475366
MNLptspp_num1,b2933 and b2415 and b2934 and b2416,158.9366175174943,121.2068,0.96225995,38.23660659790039,20.83005914936328,,112645.641475366
MNLptspp_num2,b3599 and b2415 and b2416,160.70234805267864,,0.96225995,20.85343742370605,1.2556971297984412,,112645.641475366
MNLptspp_num3,b2703 and b2704 and b2415 and b2702 and b2416,154.8978386945808,,2.018235,15.318191528320312,12.39078414720572,,112645.641475366
MNLtex_num1,b0241,33.2825,,,,,,112645.641475366
MNLtex_num2,b1377,96.2904209055866,,,,,,112645.641475366
MNLtex_num3,b2215,96.2904209055866,,,,,,112645.641475366
MNLtex_num4,b0929,94.8168,,,,,,112645.641475366
MNLtex_reverse_num1,b0241,33.2825,,,,,,112645.641475366
MNLtex_reverse_num2,b1377,96.2904209055866,,,,,,112645.641475366
MNLtex_reverse_num3,b2215,96.2904209055866,,,,,,112645.641475366
MNLtex_reverse_num4,b0929,94.8168,,,,,,112645.641475366
MNNH,b4322,129.92752530694554,,,,,0.81,
MNt2pp,b2392,33.2825,,,,,,112645.641475366
MNtex_num1,b1377,96.2904209055866,,,,,,112645.641475366
MNtex_num2,b0241,33.2825,,,,,,112645.641475366
MNtex_num3,b0929,94.8168,,,,,,112645.641475366
MNtex_num4,b2215,96.2904209055866,,,,,,112645.641475366
MNtex_reverse_num1,b1377,96.2904209055866,,,,,,112645.641475366
MNtex_reverse_num2,b0241,33.2825,,,,,,112645.641475366
MNtex_reverse_num3,b0929,94.8168,,,,,,112645.641475366
MNtex_reverse_num4,b2215,96.2904209055866,,,,,,112645.641475366
MOADSUx,b0784 and b2530,126.3166780801852,11.4103,,4.089848518371582,7.897718004824455,,112645.641475366
MOAT,b3633,97.76404181117316,2.6711,0.21188693,1.328635811805725,2.074141568735407,,
MOAT2,b3633,97.76404181117316,8.2218,0.16093646,1.7893301248550415,3.534094500819971,,
MOAT3C,b3624,77.65641666666666,16.6188,0.19593759,4.656606197357178,2.927734208311322,,112645.641475366
MOBDabcpp_num1,b2424 and b2422 and b2423 and b3917,97.76404181117316,288.255,6.601238,,19.07447150904677,,
MOBDabcpp_num2,b0765 and b0764 and b0763,128.2406734749161,,4.3152165,,20.83005914936328,,
MOBDabcpp_num3,b2423 and b2425 and b2422 and b2424,96.13998390727178,,3.9913304,,20.83005914936328,,
MOBDtex_num1,b1377,96.2904209055866,,,,,,112645.641475366
MOBDtex_num2,b0241,33.2825,,,,,,112645.641475366
MOBDtex_num3,b0929,94.8168,,,,,,112645.641475366
MOBDtex_num4,b2215,96.2904209055866,,,,,,112645.641475366
MOBDtex_reverse_num1,b1377,96.2904209055866,,,,,,112645.641475366
MOBDtex_reverse_num2,b0241,33.2825,,,,,,112645.641475366
MOBDtex_reverse_num3,b0929,94.8168,,,,,,112645.641475366
MOBDtex_reverse_num4,b2215,96.2904209055866,,,,,,112645.641475366
MOCDS,b2877,97.76404181117316,0.0255,,0.3183830976486206,3.2394747145515583,,112645.641475366
MOCOS,b0827,178.0,8.4043,6.9969645,,1.0590721531572571,,112645.641475366
MOGDS,b3857,102.9331581705882,6.4929,,0.0435194298624992,3.470363952708512,,112645.641475366
MOHMT,b0134,121.20698236312832,12.9585,0.7309864,10.097379684448242,3.2366721193974084,3057818.4575277776,
MPTAT,b0009,112.07886035173463,23.6645,2.956665,2.634083271026612,2.6182215851292328,,0.0012
MPTG2_num1,b1069 and b3396 and b0089,97.76404181117316,9.5325,2.1127143,2.4732913970947266,8.645785370246568,,112645.641475366
MPTG2_num2,b1069 and b0149 and b0089,97.76404181117316,,0.4233492,5.259366512298584,23.723115167208363,,112645.641475366
MPTG2_num3,b0089 and b1069 and b3208,91.68796677289164,,0.4233492,3.257830142974853,8.913343525198545,,112645.641475366
MPTG2_num4,b1069 and b2519 and b0089,97.76404181117316,,0.4233492,3.1456005573272705,10.475654966689731,,112645.641475366
MPTG_num1,b1069 and b2519 and b0089,97.76404181117316,,,,,,112645.641475366
MPTG_num2,b0089 and b1069 and b3208,91.68796677289164,,,,,,112645.641475366
MPTG_num3,b1069 and b3396 and b0089,97.76404181117316,,,,,,112645.641475366
MPTG_num4,b1069 and b0149 and b0089,97.76404181117316,,,,,,112645.641475366
MPTS,b0785 and b0784,149.80799644754114,65.954,2.112762,17.25525665283203,1.436612173128217,,112645.641475366
MPTSS,b0826,143.57225923783585,50.8034,,13.568002700805664,2.5983721343673905,,112645.641475366
MSAR_num1,b1008,136.2454183611817,25.3656,3.4720826,6.333243846893311,5.160646713364276,,115.0
MSAR_num2,b1539,149.80799644754114,,5.6210966,5.329183578491211,3.5556925393700345,,115.0
MSO3abcpp,b0936 and b0933 and b0934,97.61360481285834,46.0069,1.3903875,4.204555034637451,11.334694813446427,,112645.641475366
MSO3tex_num1,b1377,96.2904209055866,,,,,,112645.641475366
MSO3tex_num2,b0241,33.2825,,,,,,112645.641475366
MSO3tex_num3,b0929,94.8168,,,,,,112645.641475366
MSO3tex_num4,b2215,96.2904209055866,,,,,,112645.641475366
MSO3tex_reverse_num1,b1377,96.2904209055866,,,,,,112645.641475366
MSO3tex_reverse_num2,b0241,33.2825,,,,,,112645.641475366
MSO3tex_reverse_num3,b0929,94.8168,,,,,,112645.641475366
MSO3tex_reverse_num4,b2215,96.2904209055866,,,,,,112645.641475366
MTAN,b0159,136.2454183611817,0.0047,1.2331575,8.076924324035645,10.208028735388128,2.116,
MTHFC,b0529,115.69288473855744,2.1947,16.851915,15.013471603393556,3.125381307066244,40.9,
MTHFC_reverse,b0529,115.69288473855744,98.815,12.02423,20.8311824798584,12.544101452368947,40.9,
MTHFD,b0529,115.69288473855744,0.1946,9.205004,17.423803329467773,1.93123846441364,32285.76,
MTHFD_reverse,b0529,115.69288473855744,3.693,16.851915,33.56990051269531,3.8937879056085154,32285.76,
MTHFR2,b3941,121.175352563932,3.7726,12.232802,16.749155044555664,4.074876182746937,24.825,
MTHTHFSs,s0001,,0.6999,,,1.3800644610349209,,
MTRPOX,b1059,124.73964281862038,15.1181,2.759666,31.25540542602539,3.541144371740768,,
N2Otex_num1,b1377,96.2904209055866,,,,,,112645.641475366
N2Otex_num2,b0241,33.2825,,,,,,112645.641475366
N2Otex_num3,b0929,94.8168,,,,,,112645.641475366
N2Otex_num4,b2215,96.2904209055866,,,,,,112645.641475366
N2Otex_reverse_num1,b1377,96.2904209055866,,,,,,112645.641475366
N2Otex_reverse_num2,b0241,33.2825,,,,,,112645.641475366
N2Otex_reverse_num3,b0929,94.8168,,,,,,112645.641475366
N2Otex_reverse_num4,b2215,96.2904209055866,,,,,,112645.641475366
NACtex_num1,b1377,96.2904209055866,,,,,,112645.641475366
NACtex_num2,b0241,33.2825,,,,,,112645.641475366
NACtex_num3,b0929,94.8168,,,,,,112645.641475366
NACtex_num4,b2215,96.2904209055866,,,,,,112645.641475366
NACtex_reverse_num1,b1377,96.2904209055866,,,,,,112645.641475366
NACtex_reverse_num2,b0241,33.2825,,,,,,112645.641475366
NACtex_reverse_num3,b0929,94.8168,,,,,,112645.641475366
NACtex_reverse_num4,b2215,96.2904209055866,,,,,,112645.641475366
NADDP_num1,b3996,172.49071949115498,,,,,2.045,
NADDP_num2,b2411,107.69749848393114,,,,,2.045,
NADH10_num1,b0046,123.60963225270936,24.8458,2.7230039,11.837973594665527,3.0734277155319725,,112645.641475366
NADH10_num2,b1109,108.46483596491184,2.7326,7.3908873,35.01493835449219,2.974249578668444,,112645.641475366
NADH10_num3,b3713,164.9625165554,567.4651,5.2104154,8.597846984863281,2.641959074618462,,112645.641475366
NADH10_num4,b1004,149.80799644754114,179.5767,21.076872,13.968276023864746,83.54885239895054,,112645.641475366
NADH16pp,b2280 and b2281 and b2287 and b2288 and b2282 and b2277 and b2279 and b2284 and b2278 and b2276 and b2283 and b2286 and b2285,101.0,,,,,26.0,
NADH17pp,b2280 and b2281 and b2287 and b2288 and b2282 and b2277 and b2279 and b2284 and b2278 and b2276 and b2283 and b2286 and b2285,101.0,16.1563,0.8468534,13.07337474822998,14.343182163764258,26.0,
NADH18pp,b2280 and b2281 and b2287 and b2288 and b2282 and b2277 and b2279 and b2284 and b2278 and b2276 and b2283 and b2286 and b2285,101.0,7.4111,1.1382679,13.07337474822998,17.527193281992982,26.0,
NADH5_num1,b3713,164.9625165554,,,,,,112645.641475366
NADH5_num2,b1109,108.46483596491184,,,,,,112645.641475366
NADH5_num3,b0046,123.60963225270936,,,,,,112645.641475366
NADH5_num4,b1004,149.80799644754114,,,,,,112645.641475366
NADH9_num1,b0046,123.60963225270936,13.0458,2.646893,11.837973594665527,2.30758992115931,,112645.641475366
NADH9_num2,b1109,108.46483596491184,42.8264,6.590849,35.01493835449219,7.160727829311835,,112645.641475366
NADH9_num3,b1004,149.80799644754114,0.5374,19.61953,14.390347480773926,9.35149043574677,,112645.641475366
NADH9_num4,b3713,164.9625165554,0.1727,5.5726237,8.597846984863281,3.709008719383553,,112645.641475366
NADHHR_num2,b1779,115.69288473855742,,,,,,
NADHHS_num2,b1779,115.69288473855742,,,,,,
NADHPO,b0606 and b0605,169.22268505812133,,,,,,45.517282076923074
NADHXD,b4167,119.0261688564688,2.3193,,7.611763477325439,10.89681311733236,,112645.641475366
NADHXE,b4167,119.0261688564688,,,,,,112645.641475366
NADHXE_reverse,b4167,119.0261688564688,,,,,,112645.641475366
NADK,b2615,121.20698236312832,,,,,78.33333333333333,
NADPHHR_num2,b1779,115.69288473855742,,,,,,
NADPHHS_num1,b1779,115.69288473855742,,,,,,
NADPHQR2,b3028,169.22268505812133,,,,,,112645.641475366
NADPHQR3,b3028,169.22268505812133,10.1356,25.544134,2.690258026123047,10.400376497266745,,112645.641475366
NADPHQR4,b3028,169.22268505812133,,22.222977,2.6113524436950684,1.93240566126872,,112645.641475366
NADPHXD,b4167,119.0261688564688,257.068,,6.757275104522705,4.693689902714916,,112645.641475366
NADPHXE,b4167,119.0261688564688,,,,,,112645.641475366
NADPHXE_reverse,b4167,119.0261688564688,,,,,,112645.641475366
NADS1,b1740,87.59565671396626,10.0988,1.5786306,1.7415004968643188,69.62689854059693,3030.680122222222,
NADTRHD,b3962,121.20698236312832,,,,,167.9,
NAMNPP,b0931,123.60963225270936,0.1131,1.8752457,0.938366711139679,11.549273436294202,7231.327333333333,
NAt3_1p5pp,b1186,33.2825,,,,,,112645.641475366
NAt3_2pp,b0019,33.2825,,,,,,112645.641475366
NAt3pp_num1,b0842,33.2825,,,,,,112645.641475366
NAt3pp_num2,b1216,33.2825,,,,,,112645.641475366
NAtex_num1,b1377,96.2904209055866,,,,,,112645.641475366
NAtex_num2,b0241,33.2825,,,,,,112645.641475366
NAtex_num3,b0929,94.8168,,,,,,112645.641475366
NAtex_num4,b2215,96.2904209055866,,,,,,112645.641475366
NAtex_reverse_num1,b1377,96.2904209055866,,,,,,112645.641475366
NAtex_reverse_num2,b0241,33.2825,,,,,,112645.641475366
NAtex_reverse_num3,b0929,94.8168,,,,,,112645.641475366
NAtex_reverse_num4,b2215,96.2904209055866,,,,,,112645.641475366
NDP3_num1,b1134,157.17088698230995,,,,,,819.9714
NDP3_num2,b3614,153.48944171492553,,,,,,819.9714
NDP7,b3614,153.48944171492553,,,,,,41.144000000000005
NDPK1_num1,b0474,78.6014212963055,,,,,,677.0
NDPK1_num2,b2518,205.72000000000008,,,,,,677.0
NDPK1_reverse_num1,b0474,78.6014212963055,,,,,,677.0
NDPK1_reverse_num2,b2518,205.72000000000008,,,,,,677.0
NDPK2_num1,b0474,78.6014212963055,,,,,,890.0
NDPK2_num2,b2518,205.72000000000008,,,,,,890.0
NDPK2_reverse_num1,b0474,78.6014212963055,,,,,,890.0
NDPK2_reverse_num2,b2518,205.72000000000008,,,,,,890.0
NDPK3_num1,b2518,205.72000000000008,,,,,,890.0
NDPK3_num2,b0474,78.6014212963055,,,,,,890.0
NDPK3_reverse_num1,b2518,205.72000000000008,,,,,,890.0
NDPK3_reverse_num2,b0474,78.6014212963055,,,,,,890.0
NDPK4_num1,b0474,78.6014212963055,,,,,,425.4557142857143
NDPK4_num2,b2518,205.72000000000008,,,,,,425.4557142857143
NDPK4_reverse_num1,b0474,78.6014212963055,,,,,,425.4557142857143
NDPK4_reverse_num2,b2518,205.72000000000008,,,,,,425.4557142857143
NDPK5_num1,b0474,78.6014212963055,,,,,,890.0
NDPK5_num2,b2518,205.72000000000008,,,,,,890.0
NDPK5_reverse_num1,b0474,78.6014212963055,,,,,,890.0
NDPK5_reverse_num2,b2518,205.72000000000008,,,,,,890.0
NDPK6_num1,b0474,78.6014212963055,,,,,,890.0
NDPK6_num2,b2518,205.72000000000008,,,,,,890.0
NDPK6_reverse_num1,b0474,78.6014212963055,,,,,,890.0
NDPK6_reverse_num2,b2518,205.72000000000008,,,,,,890.0
NDPK7_num1,b0474,78.6014212963055,,,,,,576.4
NDPK7_num2,b2518,205.72000000000008,,,,,,576.4
NDPK7_reverse_num1,b0474,78.6014212963055,,,,,,576.4
NDPK7_reverse_num2,b2518,205.72000000000008,,,,,,576.4
NDPK8_num1,b0474,78.6014212963055,,,,,,890.0
NDPK8_num2,b2518,205.72000000000008,,,,,,890.0
NDPK8_reverse_num1,b0474,78.6014212963055,,,,,,890.0
NDPK8_reverse_num2,b2518,205.72000000000008,,,,,,890.0
NH4tex_num1,b0241,33.2825,,,,,,112645.641475366
NH4tex_num2,b1377,96.2904209055866,,,,,,112645.641475366
NH4tex_num3,b2215,96.2904209055866,,,,,,112645.641475366
NH4tex_num4,b0929,94.8168,,,,,,112645.641475366
NH4tex_reverse_num1,b0241,33.2825,,,,,,112645.641475366
NH4tex_reverse_num2,b1377,96.2904209055866,,,,,,112645.641475366
NH4tex_reverse_num3,b2215,96.2904209055866,,,,,,112645.641475366
NH4tex_reverse_num4,b0929,94.8168,,,,,,112645.641475366
NH4tpp_num2,b0451,33.2825,,,,,,
NH4tpp_reverse_num2,b0451,33.2825,,,,,,
NHFRBO,b2711 and b2710,149.80799644754114,,,,,0.1566666666666666,
NI2abcpp,b3469,75.41,3.0713,0.36784938,6.304703712463379,4.810772528691261,,
NI2t3pp_num1,b3915,75.41,2.1744,5.4758186,23.99738502502441,7.654378113303893,,112645.641475366
NI2t3pp_num2,b0752,75.41,,2.4044511,8.963858604431152,2.6182215851292328,,112645.641475366
NI2tex_num1,b1377,96.2904209055866,,,,,,112645.641475366
NI2tex_num2,b0241,33.2825,,,,,,112645.641475366
NI2tex_num3,b0929,94.8168,,,,,,112645.641475366
NI2tex_num4,b2215,96.2904209055866,,,,,,112645.641475366
NI2tex_reverse_num1,b1377,96.2904209055866,,,,,,112645.641475366
NI2tex_reverse_num2,b0241,33.2825,,,,,,112645.641475366
NI2tex_reverse_num3,b0929,94.8168,,,,,,112645.641475366
NI2tex_reverse_num4,b2215,96.2904209055866,,,,,,112645.641475366
NI2tpp,b3816,91.06287263702492,,,,,,112645.641475366
NI2uabcpp_num1,b3477 and b3476 and b3480 and b3479 and b3478,73.60691468498929,53.0493,0.44150907,5.412230491638184,10.285457757985752,,
NI2uabcpp_num2,b4242,74.95196722410472,,0.7765798,12.35707664489746,1.7950600977119433,,
NMNAT_num1,b4390,206.75125446366417,14.1949,2.4152632,7.850012302398682,2.2716358764902225,,6.710302095833333
NMNAT_num2,b0639,151.18324760891227,9.3064,1.6199005,2.9845356941223145,6.6814027467266985,,6.710302095833333
NMNDA,b2700,117.63095515668913,1186.9467,3.375824,11.898207664489746,7.118471773114599,3.7,
NMNPtpp,b0751,97.46316781454354,,,,,,112645.641475366
NMNtex_num1,b1377,96.2904209055866,,,,,,112645.641475366
NMNtex_num2,b0241,33.2825,,,,,,112645.641475366
NMNtex_num3,b0929,94.8168,,,,,,112645.641475366
NMNtex_num4,b2215,96.2904209055866,,,,,,112645.641475366
NMNtex_reverse_num1,b1377,96.2904209055866,,,,,,112645.641475366
NMNtex_reverse_num2,b0241,33.2825,,,,,,112645.641475366
NMNtex_reverse_num3,b0929,94.8168,,,,,,112645.641475366
NMNtex_reverse_num4,b2215,96.2904209055866,,,,,,112645.641475366
NNAM,b1768,123.60963225270936,473.4013,35.699833,20.757328033447266,35.65562570088102,10590.773333333334,
NNATr,b0639,151.18324760891227,3.1145,2.2922962,3.0747175216674805,2.698624239290672,6.586790000000001,
NNATr_reverse,b0639,151.18324760891227,7.3415,1.0418351,5.790816783905029,16.859065873263667,6.586790000000001,
NNDMBRT,b1991,143.25976446138526,1.2093,1.6710076,30.12346839904785,2.274071463604415,,1.6
NNDPR,b0109,98.49306668197664,4.7317,15.791517,1.7294963598251345,7.910563010178816,,499.57
NO2t2rpp_num1,b1223,23.0,,,,,,112645.641475366
NO2t2rpp_num2,b3367,33.2825,,,,,,112645.641475366
NO2t2rpp_reverse_num1,b1223,23.0,,,,,,112645.641475366
NO2t2rpp_reverse_num2,b3367,33.2825,,,,,,112645.641475366
NO2tex_num1,b1377,96.2904209055866,,,,,,112645.641475366
NO2tex_num2,b0241,33.2825,,,,,,112645.641475366
NO2tex_num3,b0929,94.8168,,,,,,112645.641475366
NO2tex_num4,b2215,96.2904209055866,,,,,,112645.641475366
NO2tex_reverse_num1,b1377,96.2904209055866,,,,,,112645.641475366
NO2tex_reverse_num2,b0241,33.2825,,,,,,112645.641475366
NO2tex_reverse_num3,b0929,94.8168,,,,,,112645.641475366
NO2tex_reverse_num4,b2215,96.2904209055866,,,,,,112645.641475366
NO3R1bpp,b2204 and b2205 and b2202 and b2203 and b2206,136.2454183611817,,,,,,112645.641475366
NO3R1pp_num1,b1466 and b1467 and b1468 and b1465,123.60963225270936,,,,,,112645.641475366
NO3R1pp_num2,b1226 and b1224 and b1227 and b1225,120.42138255624845,,,,,,112645.641475366
NO3R2bpp,b2203 and b2206 and b2202,149.80799644754114,12.9585,0.89335805,7.476403713226318,4.3269544586335424,,
NO3R2pp_num1,b1466 and b1467 and b1468 and b1465,123.60963225270936,119.4937,5.528982,5.5262651443481445,4.3269544586335424,,112645.641475366
NO3R2pp_num2,b1226 and b1224 and b1227 and b1225,120.42138255624845,,4.2448854,2.715149402618408,6.154294957250831,,112645.641475366
NO3t7pp_num1,b1223,23.0,,,,,,112645.641475366
NO3t7pp_num2,b1469,23.0,,,,,,112645.641475366
NO3tex_num1,b0929,94.8168,,,,,,112645.641475366
NO3tex_num2,b1377,96.2904209055866,,,,,,112645.641475366
NO3tex_num3,b0241,33.2825,,,,,,112645.641475366
NO3tex_num4,b2215,96.2904209055866,,,,,,112645.641475366
NO3tex_reverse_num1,b0929,94.8168,,,,,,112645.641475366
NO3tex_reverse_num2,b1377,96.2904209055866,,,,,,112645.641475366
NO3tex_reverse_num3,b0241,33.2825,,,,,,112645.641475366
NO3tex_reverse_num4,b2215,96.2904209055866,,,,,,112645.641475366
NODOx,b2552,136.7913520377337,,,,,204.33333333333331,
NODOy,b2552,136.7913520377337,,,,,321.3333333333333,
NOVBCNtpp_num1,b3035 and b0463 and b2470,149.80799644754114,4.2251,8.952862,42.18484115600586,4.926265147039378,,112645.641475366
NOVBCNtpp_num2,b3035 and b0463 and b0462,97.76404181117316,,5.9386296,42.18484115600586,3.0734277155319725,,112645.641475366
NOtex_num1,b1377,96.2904209055866,,,,,,112645.641475366
NOtex_num2,b0241,33.2825,,,,,,112645.641475366
NOtex_num3,b0929,94.8168,,,,,,112645.641475366
NOtex_num4,b2215,96.2904209055866,,,,,,112645.641475366
NOtex_reverse_num1,b1377,96.2904209055866,,,,,,112645.641475366
NOtex_reverse_num2,b0241,33.2825,,,,,,112645.641475366
NOtex_reverse_num3,b0929,94.8168,,,,,,112645.641475366
NOtex_reverse_num4,b2215,96.2904209055866,,,,,,112645.641475366
NTD10,b2744,117.63095515668913,,,,,96.6485,
NTD10pp_num1,b4055,222.8937010511005,,,,,96.6485,
NTD10pp_num2,b0480,169.22268505812133,,,,,96.6485,
NTD11_num1,b2744,117.63095515668913,,,,,,96.6485
NTD11_num2,b3399,160.70234805267864,,,,,,96.6485
NTD11pp_num1,b0480,169.22268505812133,,,,,,96.6485
NTD11pp_num2,b4055,222.8937010511005,,,,,,96.6485
NTD12_num1,b3399,160.70234805267864,,,,,,112645.641475366
NTD12_num2,b2744,117.63095515668913,,,,,,112645.641475366
NTD12_num3,b2291,206.75125446366417,,,,,,112645.641475366
NTD12_num4,b2361,206.75125446366417,,,,,,112645.641475366
NTD12pp_num1,b0480,169.22268505812133,,,,,,112645.641475366
NTD12pp_num2,b4055,222.8937010511005,,,,,,112645.641475366
NTD1_num1,b2291,206.75125446366417,,,,,10.815,
NTD1_num2,b2744,117.63095515668913,,,,,10.815,
NTD1_num3,b4374,173.42795360893282,,,,,10.815,
NTD1_num4,b2361,206.75125446366417,,,,,10.815,
NTD1pp_num1,b0480,169.22268505812133,,,,,10.815,
NTD1pp_num2,b4055,222.8937010511005,,,,,10.815,
NTD2_num1,b4374,173.42795360893282,,,,,34.2,
NTD2_num2,b2744,117.63095515668913,,,,,34.2,
NTD2_num3,b0675,120.62029370469924,,,,,34.2,
NTD2pp_num1,b0480,169.22268505812133,,,,,34.2,
NTD2pp_num2,b4055,222.8937010511005,,,,,34.2,
NTD2pp_num3,b0383,205.72000000000008,,,,,34.2,
NTD3_num1,b2291,206.75125446366417,,,,,0.23,
NTD3_num2,b2744,117.63095515668913,,,,,0.23,
NTD3_num3,b2361,206.75125446366417,,,,,0.23,
NTD3pp_num1,b0480,169.22268505812133,,,,,0.23,
NTD3pp_num2,b4055,222.8937010511005,,,,,0.23,
NTD4_num1,b2744,117.63095515668913,,,,,12.666666666666666,
NTD4_num2,b0675,120.62029370469924,,,,,12.666666666666666,
NTD4pp_num1,b4055,222.8937010511005,,,,,12.666666666666666,
NTD4pp_num2,b0480,169.22268505812133,,,,,12.666666666666666,
NTD4pp_num3,b0383,205.72000000000008,,,,,12.666666666666666,
NTD5_num1,b2291,206.75125446366417,,,,,15.28,
NTD5_num2,b2744,117.63095515668913,,,,,15.28,
NTD5_num3,b4374,173.42795360893282,,,,,15.28,
NTD5_num4,b2361,206.75125446366417,,,,,15.28,
NTD5pp_num1,b4055,222.8937010511005,,,,,15.28,
NTD5pp_num2,b0480,169.22268505812133,,,,,15.28,
NTD6_num1,b2291,206.75125446366417,,,,,0.3,
NTD6_num2,b2744,117.63095515668913,,,,,0.3,
NTD6_num3,b2361,206.75125446366417,,,,,0.3,
NTD6pp_num1,b0480,169.22268505812133,,,,,0.3,
NTD6pp_num2,b4055,222.8937010511005,,,,,0.3,
NTD7_num1,b3399,160.70234805267864,,,,,377.45,
NTD7_num2,b2744,117.63095515668913,,,,,377.45,
NTD7_num3,b2361,206.75125446366417,,,,,377.45,
NTD7_num4,b0675,120.62029370469924,,,,,377.45,
NTD7pp_num1,b4055,222.8937010511005,,,,,377.45,
NTD7pp_num2,b0480,169.22268505812133,,,,,377.45,
NTD7pp_num3,b0383,205.72000000000008,,,,,377.45,
NTD8_num1,b3399,160.70234805267864,,,,,4.119999999999999,
NTD8_num2,b2744,117.63095515668913,,,,,4.119999999999999,
NTD8_num3,b2291,206.75125446366417,,,,,4.119999999999999,
NTD8_num4,b2361,206.75125446366417,,,,,4.119999999999999,
NTD8pp_num1,b4055,222.8937010511005,,,,,4.119999999999999,
NTD8pp_num2,b0480,169.22268505812133,,,,,4.119999999999999,
NTD9_num1,b2361,206.75125446366417,,,,,11.0,
NTD9_num2,b2744,117.63095515668913,,,,,11.0,
NTD9_num3,b3399,160.70234805267864,,,,,11.0,
NTD9_num4,b0675,120.62029370469924,,,,,11.0,
NTD9pp_num1,b4055,222.8937010511005,,,,,11.0,
NTD9pp_num2,b0480,169.22268505812133,,,,,11.0,
NTD9pp_num3,b0383,205.72000000000008,,,,,11.0,
NTP10_num1,b4161,97.46316781454354,,,,,,105.3
NTP10_num2,b4394,136.70881435012527,,,,,,105.3
NTP11,b4394,136.70881435012527,,,,,,112645.641475366
NTP12,b4394,136.70881435012527,,,,,,
NTP1_num1,b0650,120.42138255624845,,,,,7.949473684210527,
NTP1_num2,b4161,97.46316781454354,,,,,7.949473684210527,
NTP3_num1,b3590,101.48467694066689,,,,,,72.1825
NTP3_num2,b2918,108.46483596491184,,,,,,72.1825
NTP3_num3,b4352,108.46483596491184,,,,,,72.1825
NTP3_num4,b4161,97.46316781454354,,,,,,72.1825
NTP3_num5,b2727,103.47895132344424,,,,,,72.1825
NTP3_num6,b2173,121.175352563932,,,,,,72.1825
NTP3_num7,b4173,100.61535423891992,,,,,,72.1825
NTP3pp,b0980,205.72000000000008,,,,,,72.1825
NTP5,b4161,97.46316781454354,,,,,,282.90495555555555
NTPP10,b2954,112.07886035173463,,,,,,58.84666666666667
NTPP11,b2954,112.07886035173463,,,,,,302.545
NTPP1_num1,b0099,121.175352563932,,,,,,25.245
NTPP1_num2,b2781,123.60963225270936,,,,,,25.245
NTPP2_num1,b0099,121.175352563932,,,,,,248.9430952857143
NTPP2_num2,b2781,123.60963225270936,,,,,,248.9430952857143
NTPP3_num1,b2781,123.60963225270936,,,,,,13.075
NTPP3_num2,b2251,187.810552,,,,,,13.075
NTPP3_num3,b1759,136.70881435012527,,,,,,13.075
NTPP4_num1,b1759,136.70881435012527,,,,,,20.293333333333333
NTPP4_num2,b2781,123.60963225270936,,,,,,20.293333333333333
NTPP5_num1,b1865,152.5584987702834,,,,,,1.12
NTPP5_num2,b2781,123.60963225270936,,,,,,1.12
NTPP6_num1,b2781,123.60963225270936,,,,,,59.47040741111111
NTPP6_num2,b0905,128.2406734749161,,,,,,59.47040741111111
NTPP7_num1,b2251,187.810552,,,,,,43.0
NTPP7_num2,b2781,123.60963225270936,,,,,,43.0
NTPP7_num3,b3248,97.46316781454354,,,,,,43.0
NTPP8_num1,b2781,123.60963225270936,,,,,,95.0
NTPP8_num2,b3248,97.46316781454354,,,,,,95.0
NTPP9,b2954,112.07886035173463,,,,,,690.5733333333334
NTPTP1,b0160,125.53247203458906,,,,,4000.0,
NTPTP2,b0160,125.53247203458906,,,,,,112645.641475366
NTRIR2x,b3366 and b3365,160.70234805267864,,,,,65622.7693,
NTRIR3pp,b4072 and b4070 and b4071 and b4073,153.43111111111108,,,,,,112645.641475366
NTRIR4pp,b4072 and b4070 and b4071 and b4073,153.43111111111108,10.3427,1.0594691,7.611652851104736,4.3269544586335424,,112645.641475366
O16A4COLIPAabctex,b0054 and b3201 and b4261 and b4262 and b3199 and b3200 and b0641,101.0,224.2645,,7.871926307678223,9.490631515381825,,112645.641475366
O16A4Lpp,b3622,67.225,308.1723,0.62899244,2.084498405456543,10.400376497266745,,112645.641475366
O16AP1pp,b2027 and b2035,96.13998390727178,,,,,,112645.641475366
O16AP2pp,b2027 and b2035,96.13998390727178,33.9735,0.041147135,2.2860381603240967,2.524458863520932,,112645.641475366
O16AP3pp,b2027 and b2035,96.13998390727178,27.0202,0.041147135,2.2860381603240967,2.462393481228785,,112645.641475366
O16AT,b2033,222.8937010511005,14.5918,6.1096478,7.957584857940674,5.396550906868846,,112645.641475366
O16AUNDtpp,b2037,97.61360481285834,,,,,,112645.641475366
O16GALFT,b2034,77.65641666666666,3.046,0.7949168,5.099403858184815,5.396550906868846,,112645.641475366
O16GLCT1,b2032,59.45096448020146,4.4855,0.354304,1.5312461853027344,3.2366721193974084,,112645.641475366
O2Stex_num1,b0241,33.2825,,,,,,112645.641475366
O2Stex_num2,b1377,96.2904209055866,,,,,,112645.641475366
O2Stex_num3,b2215,96.2904209055866,,,,,,112645.641475366
O2Stex_num4,b0929,94.8168,,,,,,112645.641475366
O2Stex_reverse_num1,b0241,33.2825,,,,,,112645.641475366
O2Stex_reverse_num2,b1377,96.2904209055866,,,,,,112645.641475366
O2Stex_reverse_num3,b2215,96.2904209055866,,,,,,112645.641475366
O2Stex_reverse_num4,b0929,94.8168,,,,,,112645.641475366
O2tex_num1,b1377,96.2904209055866,,,,,,112645.641475366
O2tex_num2,b0241,33.2825,,,,,,112645.641475366
O2tex_num3,b0929,94.8168,,,,,,112645.641475366
O2tex_num4,b2215,96.2904209055866,,,,,,112645.641475366
O2tex_reverse_num1,b1377,96.2904209055866,,,,,,112645.641475366
O2tex_reverse_num2,b0241,33.2825,,,,,,112645.641475366
O2tex_reverse_num3,b0929,94.8168,,,,,,112645.641475366
O2tex_reverse_num4,b2215,96.2904209055866,,,,,,112645.641475366
OAADC,b1850,137.37750142279987,1.402,0.89551616,89.97630310058594,229.50963769458312,1475.2007999999998,
OBTFL_num1,b0902 and b0903,149.80799644754114,1.269,5.1442204,23.73177528381348,2.415529750740917,7.9825,
OBTFL_num2,b0903 and b0902 and b2579,137.33652202813053,,5.1442204,23.73177528381348,33.66240634310002,7.9825,
OBTFL_num3,b0902 and b3114,149.80799644754114,,5.1442204,25.25441551208496,9.490631515381825,7.9825,
OCBT_num1,b4254,149.80799644754114,11.6414,9.271143,328.7315673828125,12.628470676953103,,410.0
OCBT_num2,b0273,151.18324760891227,,7.5295424,150.40748596191406,4.3269544586335424,,410.0
OCBT_reverse_num1,b4254,149.80799644754114,0.0349,2.2516043,283.2689514160156,3.924284482031708,,410.0
OCBT_reverse_num2,b0273,151.18324760891227,,2.248029,141.7139129638672,2.419531547116704,,410.0
OCDCAtexi,b2344,206.75125446366417,,,,,,112645.641475366
OCDCEAtexi,b2344,206.75125446366417,,,,,,112645.641475366
OCTAtex_num1,b1377,96.2904209055866,,,,,,112645.641475366
OCTAtex_num2,b0241,33.2825,,,,,,112645.641475366
OCTAtex_num3,b0929,94.8168,,,,,,112645.641475366
OCTAtex_num4,b2215,96.2904209055866,,,,,,112645.641475366
OCTAtex_reverse_num1,b1377,96.2904209055866,,,,,,112645.641475366
OCTAtex_reverse_num2,b0241,33.2825,,,,,,112645.641475366
OCTAtex_reverse_num3,b0929,94.8168,,,,,,112645.641475366
OCTAtex_reverse_num4,b2215,96.2904209055866,,,,,,112645.641475366
OCTDPS,b3187,197.70251011777788,11.7116,1.0416394,2.0930421352386475,0.1853472905278476,13577620.875,
OCTNLL,b4386,120.7983675600902,1.7408,1.6308587,1.808124542236328,2.5983721343673905,,112645.641475366
OGMEACPD,b0180,118.43411865124476,,,,,25.265616666666663,
OGMEACPR,b1093,136.71153247522938,1.6051,,48.10326766967773,2.6761024502934845,,112645.641475366
OGMEACPS,b1091,129.20025527297207,0.3846,0.23880827,7.297029972076416,8.727681694564989,,112645.641475366
OHPBAT,b0907,126.3166780801852,222.5692,5.513104,16.25790023803711,8.506686674713542,16450.602025,
OHPBAT_reverse,b0907,126.3166780801852,10.1085,8.280956,20.024599075317383,6.334036791279153,16450.602025,
OHPHM,b2232,118.43411865124476,3.1828,0.06796339,0.5300205945968628,1.122388381894457,,
OMBZLM,b3833,189.6850202355557,102.4192,0.0507809,1.8237892389297483,2.9633630070897,,112645.641475366
OMCDC,s0001,,2.4068,,,3.251854009824038,,
OMMBLHXy,b0662,160.70234805267864,5.1889,1.1320024,2.0087993144989014,3.6367702477551687,,112645.641475366
OMPDC,b1281,138.0434703703704,191.2055,4.2917957,19.700590133666992,4.354381965230433,25.0,
OMPHHXy,b2907,122.42412220751704,2.3743,,6.286269664764404,1.596709471244132,,112645.641475366
OP4ENH,b0350,130.15983707102805,1.5675,4.795694,38.035152435302734,9.804766225838929,450.0,
OPHBDC,b3843,137.33652202813053,78.4135,3.3061633,9.159306526184082,4.198116641281027,,
OPHHXy,b2906,149.80799644754114,1.179,1.1294305,1.2589285373687744,3.810720458960378,,112645.641475366
OPMEACPD,b0180,118.43411865124476,,,,,25.265616666666663,
OPMEACPR,b1093,136.71153247522938,8.9912,,48.10326766967773,12.944373024364497,,112645.641475366
OPMEACPS,b2323,125.69922461667636,147.2453,,6.918361663818359,4.343292091571338,,112645.641475366
ORNDC_num1,b2965,121.20698236312832,112.144,28.60743,2.9794983863830566,3.808522672656756,501.2,
ORNDC_num2,b0693,115.69288473855744,,27.95468,3.6697983741760254,5.511913782654467,501.2,
ORNabcpp,b2306 and b2307 and b2308 and b2310,68.51321211937051,42.137,15.231773,20.9307918548584,8.972912737382016,,
ORNtex_num1,b1377,96.2904209055866,,,,,,112645.641475366
ORNtex_num2,b0241,33.2825,,,,,,112645.641475366
ORNtex_num3,b0929,94.8168,,,,,,112645.641475366
ORNtex_num4,b2215,96.2904209055866,,,,,,112645.641475366
ORNtex_reverse_num1,b1377,96.2904209055866,,,,,,112645.641475366
ORNtex_reverse_num2,b0241,33.2825,,,,,,112645.641475366
ORNtex_reverse_num3,b0929,94.8168,,,,,,112645.641475366
ORNtex_reverse_num4,b2215,96.2904209055866,,,,,,112645.641475366
OROTt2_2pp,b3528,23.0,1.6189,17.899323,34.960540771484375,5.623491928170631,,112645.641475366
OROTtex_num1,b2215,96.2904209055866,,,,,,112645.641475366
OROTtex_num2,b1377,96.2904209055866,,,,,,112645.641475366
OROTtex_num3,b0929,94.8168,,,,,,112645.641475366
OROTtex_num4,b0241,33.2825,,,,,,112645.641475366
OROTtex_reverse_num1,b2215,96.2904209055866,,,,,,112645.641475366
OROTtex_reverse_num2,b1377,96.2904209055866,,,,,,112645.641475366
OROTtex_reverse_num3,b0929,94.8168,,,,,,112645.641475366
OROTtex_reverse_num4,b0241,33.2825,,,,,,112645.641475366
ORPT,b3642,81.6527647058823,5.8168,1.207358,47.47773361206055,4.354381965230433,272644.00444444444,
ORPT_reverse,b3642,81.6527647058823,2.7493,1.6943656,7.4698357582092285,229.50963769458312,272644.00444444444,
OXCDC,b2373,115.69288473855744,124.5113,16.896854,60.25201797485352,2.129537114934948,60.7,
OXCOAHDH,b1387,129.20025527297207,1.8131,14.480932,8.0032377243042,3.194268354614871,,112645.641475366
OXDHCOAT,b1397 and b1394,121.175352563932,31.5675,2.2877603,4.699695587158203,1.607791776275416,,
P5CD,b1014,133.28236464036155,49.7179,15.180542,6.077281475067139,10.400376497266745,5.16,
P5CR,b0386,130.15983707102805,8.1982,16.209797,63.48037338256836,4.075808913109514,484932.4864583333,
PA120abcpp,b0914,75.96272439544778,3.0803,,3.9198834896087646,2.561459863767772,,112645.641475366
PA140abcpp,b0914,75.96272439544778,4.3598,2.3334215,3.9198834896087646,3.808522672656756,,112645.641475366
PA141abcpp,b0914,75.96272439544778,6.9489,,3.9198834896087646,11.970200406779476,,112645.641475366
PA160abcpp,b0914,75.96272439544778,101.2327,2.0759263,3.9198834896087646,2.129537114934948,,112645.641475366
PA161abcpp,b0914,75.96272439544778,1.1243,,3.9198834896087646,3.0734277155319725,,112645.641475366
PA180abcpp,b0914,75.96272439544778,0.125,0.911281,3.9198834896087646,3.0734277155319725,,112645.641475366
PA181abcpp,b0914,75.96272439544778,2.5331,,3.9198834896087646,5.717953119838133,,112645.641475366
PACALDtex_num1,b1377,96.2904209055866,,,,,,112645.641475366
PACALDtex_num2,b0241,33.2825,,,,,,112645.641475366
PACALDtex_num3,b0929,94.8168,,,,,,112645.641475366
PACALDtex_num4,b2215,96.2904209055866,,,,,,112645.641475366
PACALDtex_reverse_num1,b1377,96.2904209055866,,,,,,112645.641475366
PACALDtex_reverse_num2,b0241,33.2825,,,,,,112645.641475366
PACALDtex_reverse_num3,b0929,94.8168,,,,,,112645.641475366
PACALDtex_reverse_num4,b2215,96.2904209055866,,,,,,112645.641475366
PACCOAE,b1389 and b1388 and b1391 and b1392 and b1390,149.80799644754114,6.7502,1.6924852,3.3458194732666016,1.607791776275416,,112645.641475366
PACCOAL,b1398,120.42138255624845,0.4526,6.398338,9.678257942199709,20.841183569207764,,31.818181818181817
PACOAT,b1396,160.70234805267864,7.24,7.034244,33.52794647216797,20.83005914936328,,112645.641475366
PAI2I,b1518,197.70251011777788,,,,,,112645.641475366
PAI2T,b1517,104.82593778080928,0.3326,,40.80854797363281,23.230556749175783,,112645.641475366
PANTS,b0133,100.7131124262824,0.0178,1.6850239,2.8611631393432617,20.83005914936328,1.4,
PAPA120,b1278,76.35248958333332,0.2781,,43.42146682739258,7.116102438930725,,112645.641475366
PAPA120pp,b1278,76.35248958333332,2.3979,,43.42146682739258,20.83005914936328,,112645.641475366
PAPA140,b1278,76.35248958333332,4.9723,19.89493,31.10386848449707,8.645785370246568,,112645.641475366
PAPA140pp,b1278,76.35248958333332,22.2652,19.89493,31.10386848449707,20.83005914936328,,112645.641475366
PAPA141,b1278,76.35248958333332,12.9585,,43.42146682739258,7.596548103944305,,112645.641475366
PAPA141pp,b1278,76.35248958333332,3.2987,,43.42146682739258,20.83005914936328,,112645.641475366
PAPA160,b1278,76.35248958333332,8.8038,21.795998,28.446508407592773,4.946131903388997,,
PAPA160pp,b1278,76.35248958333332,30.186,21.795998,28.446508407592773,20.83005914936328,,
PAPA161,b1278,76.35248958333332,13.5919,,43.42146682739258,7.596548103944305,,112645.641475366
PAPA161pp,b1278,76.35248958333332,2.4006,,43.42146682739258,20.83005914936328,,112645.641475366
PAPA180,b1278,76.35248958333332,4.2905,14.676525,27.61216735839844,16.283280145620715,,112645.641475366
PAPA180pp,b1278,76.35248958333332,8.7477,14.676525,27.61216735839844,7.8337863355112125,,112645.641475366
PAPA181,b1278,76.35248958333332,8.8038,,43.42146682739258,6.2570891518567215,,112645.641475366
PAPA181pp,b1278,76.35248958333332,13.2285,,43.42146682739258,1.873480710504212,,112645.641475366
PAPPT3,b0087,97.61360481285834,18.4411,0.41667697,0.695639431476593,57.063283581709584,0.183425,
PAPSR2_num1,b1064 and b2762,154.8978386945808,36.6613,0.06639248,18.96841621398925,6.7859805272721,0.242,
PAPSR2_num2,b3610 and b2762,149.80799644754114,,24.832584,3.5716090202331543,6.7859805272721,0.242,
PAPSR2_num3,b0849 and b2762,151.18324760891227,,2.5256784,3.5716090202331543,6.7859805272721,0.242,
PAPSR2_num4,b1654 and b2762,136.6667,,0.06639248,4.600254058837891,6.7859805272721,0.242,
PAPSR_num1,b2582 and b2762,151.18324760891227,33.7978,0.060951978,3.905252933502197,8.645785370246568,0.242,
PAPSR_num2,b3781 and b2762,149.80799644754114,,0.06639248,3.346116781234741,7.228125235384933,0.242,
PDE1_num1,b1489,91.06287263702492,0.0308,0.26494777,6.602203369140625,5.604077151560538,,96.93666666666668
PDE1_num2,b3032,152.62479040685164,,8.048594,15.154284477233888,6.029423425870919,,96.93666666666668
PDE4,b1489,91.06287263702492,7.6054,0.24793908,4.618997573852539,3.719676592479508,,4.336749999999999
PDH,b0116 and b0115 and b0114,108.46483596491184,56.5359,8.542469,5.618505954742432,21.4777863867725,37.9,
PDX5POi,b1638,97.46316781454354,3.6531,0.2604162,9.756113052368164,6.2570891518567215,0.32,
PDX5PS,b2564 and b0052,123.60963225270936,87.6496,1.6794369,5.815330505371094,3.1593777329690544,,112645.641475366
PDXPP,b0766,154.8978386945808,0.0006,2.7536476,9.6710786819458,3.4669513238291216,502846.65,
PE120abcpp,b0914,75.96272439544778,0.2868,,3.9198834896087646,8.496721583609121,,112645.641475366
PE140abcpp,b0914,75.96272439544778,12.9585,,3.9198834896087646,2.410330339395014,,112645.641475366
PE141abcpp,b0914,75.96272439544778,4.1135,,3.9198834896087646,2.129537114934948,,112645.641475366
PE160abcpp,b0914,75.96272439544778,61.1707,2.2683146,3.9198834896087646,7.930539978052965,,112645.641475366
PE161abcpp,b0914,75.96272439544778,411.6864,,3.9198834896087646,3.095314723399571,,112645.641475366
PE180abcpp,b0914,75.96272439544778,0.13,1.4213109,3.9198834896087646,8.645785370246568,,112645.641475366
PE181abcpp,b0914,75.96272439544778,3.1622,,3.9198834896087646,5.029258652308406,,112645.641475366
PEAMNOpp,b1386,169.22268505812133,2.6951,44.08109,11.040637016296388,12.39078414720572,30938.966666666667,
PEAMNtex_num1,b1377,96.2904209055866,,,,,,112645.641475366
PEAMNtex_num2,b0241,33.2825,,,,,,112645.641475366
PEAMNtex_num3,b0929,94.8168,,,,,,112645.641475366
PEAMNtex_num4,b2215,96.2904209055866,,,,,,112645.641475366
PEAMNtex_reverse_num1,b1377,96.2904209055866,,,,,,112645.641475366
PEAMNtex_reverse_num2,b0241,33.2825,,,,,,112645.641475366
PEAMNtex_reverse_num3,b0929,94.8168,,,,,,112645.641475366
PEAMNtex_reverse_num4,b2215,96.2904209055866,,,,,,112645.641475366
PERD,b2320,149.80799644754114,12.3609,9.378682,37.59552764892578,6.029423425870919,1.4,
PERD_reverse,b2320,149.80799644754114,8.3295,11.010673,39.045936584472656,2.0469354936451434,1.4,
PETNT161pp,b3546,67.225,1.4882,0.63837427,8.153915405273438,4.201952486334633,,112645.641475366
PETNT181pp,b3546,67.225,63.3854,0.63837427,8.153915405273438,11.757149837720146,,112645.641475366
PFK_2,b3916,120.42138255624845,1.031,0.28738415,6.485574722290039,6.3300297401597465,31.0185,
PFK_3,b3916,120.42138255624845,0.5628,0.33419493,11.762978553771973,7.008712984588747,20.76233333333333,
PFK_num1,b3916,120.42138255624845,98.8085,0.28738415,6.485574722290039,6.029423425870919,,75.8619411764706
PFK_num2,b1723,113.1896270358787,,12.115614,26.997573852539062,5.8218552443149,,75.8619411764706
PFL_num1,b3951 and b3952,133.28236464036155,317.5315,3.0912056,34.219730377197266,5.265135685472943,11.9,
PFL_num2,b0902 and b0903,149.80799644754114,59.1738,4.9146495,32.92634582519531,8.645785370246568,11.9,
PFL_num3,b0902 and b3114,149.80799644754114,4.5124,4.9146495,35.038917541503906,8.645785370246568,11.9,
PFL_num4,b0903 and b0902 and b2579,137.33652202813053,4.477,4.9146495,32.92634582519531,2.30758992115931,11.9,
PG120abcpp,b0914,75.96272439544778,7.1957,,3.9198834896087646,2.7304914725608933,,112645.641475366
PG140abcpp,b0914,75.96272439544778,15.1437,3.1426146,3.9198834896087646,1.122388381894457,,112645.641475366
PG141abcpp,b0914,75.96272439544778,0.3706,,3.9198834896087646,2.7304914725608933,,112645.641475366
PG160abcpp,b0914,75.96272439544778,10.4447,1.0214008,3.9198834896087646,8.36363692666625,,112645.641475366
PG161abcpp,b0914,75.96272439544778,26.2189,,3.9198834896087646,2.23349776356753,,112645.641475366
PG180abcpp,b0914,75.96272439544778,174.1055,1.9496586,3.9198834896087646,1.122388381894457,,112645.641475366
PG181abcpp,b0914,75.96272439544778,4.7005,,3.9198834896087646,1.943590361031116,,112645.641475366
PGAMT,b3176,136.14538184725745,,,,,2.06896,
PGAMT_reverse,b3176,136.14538184725745,,,,,2.06896,
PGCD,b2913,143.92573340895575,17.8988,4.166264,60.33788299560547,20.83005914936328,4.883333333333334,
PGI,b4025,152.5584987702834,,,,,436042.6,
PGI_reverse,b4025,152.5584987702834,,,,,436042.6,
PGK,b2926,160.70234805267864,10.0168,26.573732,127.1556167602539,4.313722984290232,1480.0,
PGK_reverse,b2926,160.70234805267864,9.8253,22.683355,170.9440155029297,5.171331930782302,1480.0,
PGL,b0767,215.4574151838713,6.5557,21.629461,12.43678379058838,16.859065873263667,,14.3
PGLYCP,b3385,138.63165413200494,2.139,15.29612,47.09542846679688,22.65815018584855,94.0,
PGMT_num1,b0688,136.2454183611817,,,,,,26.425
PGMT_num2,b2690,189.6850202355557,,,,,,26.425
PGMT_num3,b1317,154.8978386945808,,,,,,26.425
PGMT_reverse_num1,b0688,136.2454183611817,,,,,,26.425
PGMT_reverse_num2,b2690,189.6850202355557,,,,,,26.425
PGMT_reverse_num3,b1317,154.8978386945808,,,,,,26.425
PGM_num1,b0755,90.65907860738318,,,,,145.5,
PGM_num2,b3612,157.17088698230995,,,,,145.5,
PGM_reverse_num1,b0755,90.65907860738318,,,,,145.5,
PGM_reverse_num2,b3612,157.17088698230995,,,,,145.5,
PGP120abcpp,b0914,75.96272439544778,26.7344,,3.9198834896087646,2.23349776356753,,112645.641475366
PGP140abcpp,b0914,75.96272439544778,2.0297,,3.9198834896087646,8.36363692666625,,112645.641475366
PGP141abcpp,b0914,75.96272439544778,13.6117,,3.9198834896087646,1.122388381894457,,112645.641475366
PGP160abcpp,b0914,75.96272439544778,28.5181,1.7936745,3.9198834896087646,1.8401094876681463,,112645.641475366
PGP161abcpp,b0914,75.96272439544778,104.9765,1.5502264,3.9198834896087646,6.481120339900238,,112645.641475366
PGP180abcpp,b0914,75.96272439544778,28.5181,1.645974,3.9198834896087646,2.471741951821536,,112645.641475366
PGP181abcpp,b0914,75.96272439544778,19.7853,,3.9198834896087646,4.2102808645197,,112645.641475366
PGPP120_num1,b0418,67.225,0.4055,,27.92367553710937,2.129537114934948,24.0,
PGPP120_num2,b1278,76.35248958333332,,,43.42146682739258,10.475654966689731,24.0,
PGPP120pp_num1,b0418,67.225,5.2681,,27.92367553710937,17.527193281992982,24.0,
PGPP120pp_num2,b1278,76.35248958333332,,,43.42146682739258,7.930539978052965,24.0,
PGPP140_num1,b0418,67.225,4.9684,,6.118159770965576,9.129954971721624,,112645.641475366
PGPP140_num2,b1278,76.35248958333332,,,12.43678379058838,7.930539978052965,,112645.641475366
PGPP140pp_num1,b0418,67.225,6.8604,,6.118159770965576,2.471741951821536,,112645.641475366
PGPP140pp_num2,b1278,76.35248958333332,,,12.43678379058838,10.475654966689731,,112645.641475366
PGPP141_num1,b0418,67.225,4.0607,,27.92367553710937,3.709008719383553,,112645.641475366
PGPP141_num2,b1278,76.35248958333332,,,43.42146682739258,7.930539978052965,,112645.641475366
PGPP141pp_num1,b0418,67.225,4.1247,,27.92367553710937,6.245464574809021,,112645.641475366
PGPP141pp_num2,b1278,76.35248958333332,,,43.42146682739258,10.475654966689731,,112645.641475366
PGPP160_num1,b0418,67.225,,0.45577753,10.771123886108398,1.8401094876681463,24.0,
PGPP160_num2,b1278,76.35248958333332,,6.9388404,28.622377395629883,4.201952486334633,24.0,
PGPP160pp_num1,b0418,67.225,7.0226,0.45577753,10.771123886108398,1.873480710504212,24.0,
PGPP160pp_num2,b1278,76.35248958333332,,6.9388404,28.622377395629883,10.475654966689731,24.0,
PGPP161_num1,b0418,67.225,15.7634,0.42184564,10.771123886108398,1.501060959466043,24.0,
PGPP161_num2,b1278,76.35248958333332,,6.5188236,28.622377395629883,5.55587385987169,24.0,
PGPP161pp_num1,b0418,67.225,2.8866,0.42184564,10.771123886108398,8.496721583609121,24.0,
PGPP161pp_num2,b1278,76.35248958333332,,6.5188236,28.622377395629883,7.672849549603623,24.0,
PGPP180_num1,b0418,67.225,8.2411,0.4022475,9.281512260437012,4.735065155694623,24.0,
PGPP180_num2,b1278,76.35248958333332,,5.345898,27.78287696838379,4.201952486334633,24.0,
PGPP180pp_num1,b0418,67.225,0.0048,0.4022475,9.281512260437012,5.7766222627594175,24.0,
PGPP180pp_num2,b1278,76.35248958333332,,5.345898,27.78287696838379,1.7851135665555418,24.0,
PGPP181_num1,b1278,76.35248958333332,6.426,,43.42146682739258,1.407557400154843,24.0,
PGPP181_num2,b0418,67.225,,,27.92367553710937,3.709008719383553,24.0,
PGPP181pp_num1,b0418,67.225,2.5037,,27.92367553710937,2.410330339395014,24.0,
PGPP181pp_num2,b1278,76.35248958333332,,,43.42146682739258,7.930539978052965,24.0,
PGSA120,b1912,149.80799644754114,43.8226,4.39481,8.642553329467773,6.480107934481085,,
PGSA140,b1912,149.80799644754114,1.8321,4.39481,3.2887840270996094,4.735065155694623,,112645.641475366
PGSA141,b1912,149.80799644754114,2.4441,4.39481,3.0986924171447754,7.497355702650688,,112645.641475366
PGSA160,b1912,149.80799644754114,0.538,4.39481,5.210255146026611,2.757886602159652,,
PGSA161,b1912,149.80799644754114,2.4441,4.39481,6.389145851135254,3.028813247277281,,
PGSA180,b1912,149.80799644754114,22.8777,4.39481,6.985991954803467,3.709008719383553,,
PGSA181,b1912,149.80799644754114,4.3812,4.39481,2.750835657119751,12.716534780945764,,
PHDA,b2873,178.0,6.1663,,40.91169738769531,3.318657465044924,,112645.641475366
PHEMEabcpp,b2200 and b2199 and b2198 and b2197 and b2201,95.0900113764718,21.1088,,,2.6014665750227497,,
PHETA1_num1,b0928,128.2406734749161,2.3745,8.513043,308.0410461425781,2.459055654015251,343.81666666666666,
PHETA1_num2,b4054,128.2406734749161,,3.1452296,71.67434692382812,4.3269544586335424,343.81666666666666,
PHETA1_num3,b3770,120.7983675600902,,37.56687,24.663986206054688,8.578554053307505,343.81666666666666,
PHETA1_reverse_num1,b0928,128.2406734749161,1.1041,7.11733,369.3676452636719,2.193511043557145,343.81666666666666,
PHETA1_reverse_num2,b4054,128.2406734749161,,2.3280623,80.97610473632812,6.334036791279153,343.81666666666666,
PHETA1_reverse_num3,b3770,120.7983675600902,,12.652815,24.663986206054688,7.677819618581422,343.81666666666666,
PHEt2rpp_num1,b0576,23.0,9.3825,8.629671,38.65018844604492,10.475654966689731,,112645.641475366
PHEt2rpp_num2,b0112,23.0,,5.1394577,43.46313095092773,1.7851135665555418,,112645.641475366
PHEt2rpp_reverse_num1,b0576,23.0,2.9083,8.629671,38.65018844604492,8.45796774937034,,112645.641475366
PHEt2rpp_reverse_num2,b0112,23.0,,5.1394577,43.46313095092773,6.510910736437578,,112645.641475366
PHEtex_num1,b1377,96.2904209055866,,,,,,112645.641475366
PHEtex_num2,b0241,33.2825,,,,,,112645.641475366
PHEtex_num3,b0929,94.8168,,,,,,112645.641475366
PHEtex_num4,b2215,96.2904209055866,,,,,,112645.641475366
PHEtex_reverse_num1,b1377,96.2904209055866,,,,,,112645.641475366
PHEtex_reverse_num2,b0241,33.2825,,,,,,112645.641475366
PHEtex_reverse_num3,b0929,94.8168,,,,,,112645.641475366
PHEtex_reverse_num4,b2215,96.2904209055866,,,,,,112645.641475366
PHEtipp,b1473,33.2825,,,,,,112645.641475366
PHYTSpp,b0980,205.72000000000008,2.0179,,1413.634765625,61.344739085041006,,112645.641475366
PIt2rpp_num1,b3493,30.14125,,,,,,112645.641475366
PIt2rpp_num2,b2987,33.2825,,,,,,112645.641475366
PItex_num1,b1377,96.2904209055866,,,,,,112645.641475366
PItex_num2,b0241,33.2825,,,,,,112645.641475366
PItex_num3,b0929,94.8168,,,,,,112645.641475366
PItex_num4,b2215,96.2904209055866,,,,,,112645.641475366
PItex_reverse_num1,b1377,96.2904209055866,,,,,,112645.641475366
PItex_reverse_num2,b0241,33.2825,,,,,,112645.641475366
PItex_reverse_num3,b0929,94.8168,,,,,,112645.641475366
PItex_reverse_num4,b2215,96.2904209055866,,,,,,112645.641475366
PItpp,b4020,54.34625,,,,,,112645.641475366
PIuabcpp,b3728 and b3725 and b3727 and b3726,90.65907860738318,,,,,,
PLIPA1A120pp,b3821,114.44310926058014,0.6196,,76.44440460205078,3.0734277155319725,92856.4,
PLIPA1A140pp,b3821,114.44310926058014,10.5614,7.286067,17.25525665283203,3.0734277155319725,92856.4,
PLIPA1A141pp,b3821,114.44310926058014,1.4741,,76.44440460205078,3.0734277155319725,92856.4,
PLIPA1A160pp,b3821,114.44310926058014,2.5809,6.744749,19.437274932861328,3.0734277155319725,92856.4,
PLIPA1A161pp,b3821,114.44310926058014,2.4137,,76.44440460205078,3.0734277155319725,,112645.641475366
PLIPA1A180pp,b3821,114.44310926058014,4.8024,4.318058,20.024599075317383,3.0734277155319725,92856.4,
PLIPA1A181pp,b3821,114.44310926058014,14.1144,,58.47757339477539,6.2570891518567215,,112645.641475366
PLIPA1E120pp,b3821,114.44310926058014,0.838,,21.253028869628903,7.211659285404079,,112645.641475366
PLIPA1E140pp,b3821,114.44310926058014,3.5499,,18.86717414855957,10.400376497266745,,112645.641475366
PLIPA1E141pp,b3821,114.44310926058014,0.488,,76.44440460205078,2.177845051255175,,112645.641475366
PLIPA1E160pp,b3821,114.44310926058014,38.5124,5.542671,28.622377395629883,3.744908238513749,92856.4,
PLIPA1E161pp,b3821,114.44310926058014,0.7868,,76.44440460205078,3.744908238513749,,112645.641475366
PLIPA1E180pp,b3821,114.44310926058014,0.3552,4.8175235,27.78287696838379,8.36363692666625,92856.4,
PLIPA1E181pp,b3821,114.44310926058014,10.0832,,58.47757339477539,6.130754302507611,,112645.641475366
PLIPA1G120pp,b3821,114.44310926058014,13.0899,,76.44440460205078,3.095314723399571,,112645.641475366
PLIPA1G140pp,b3821,114.44310926058014,2.1894,5.780311,22.55681610107422,8.36363692666625,,112645.641475366
PLIPA1G141pp,b3821,114.44310926058014,1.761,,76.44440460205078,5.717953119838133,,112645.641475366
PLIPA1G160pp,b3821,114.44310926058014,0.4232,4.222907,26.967998504638672,2.129537114934948,,112645.641475366
PLIPA1G161pp,b3821,114.44310926058014,4.5075,,17.776649475097656,8.36363692666625,,112645.641475366
PLIPA1G180pp,b3821,114.44310926058014,8.6765,3.5549717,26.967998504638672,5.67086290135236,,112645.641475366
PLIPA1G181pp,b3821,114.44310926058014,0.0146,,58.47757339477539,5.67086290135236,,112645.641475366
PLIPA2A120pp,b3821,114.44310926058014,101.7548,,20.62967300415039,8.724466117339635,,28.492454545454542
PLIPA2A140pp,b3821,114.44310926058014,9.2168,7.286067,37.41640472412109,21.499615372978354,,28.492454545454542
PLIPA2A141pp,b3821,114.44310926058014,1.1009,,76.44440460205078,3.474394253158311,,28.492454545454542
PLIPA2A160pp,b3821,114.44310926058014,7.7869,6.744749,19.437274932861328,3.646767652551578,,28.492454545454542
PLIPA2A161pp,b3821,114.44310926058014,6.7266,,76.44440460205078,2.23349776356753,,112645.641475366
PLIPA2A180pp,b3821,114.44310926058014,5.5407,4.318058,32.241825103759766,21.01652074287752,,28.492454545454542
PLIPA2A181pp,b3821,114.44310926058014,0.5799,,58.47757339477539,1.8401094876681463,,112645.641475366
PLIPA2E120pp,b3821,114.44310926058014,0.5396,,12.43678379058838,4.939211283970827,,112645.641475366
PLIPA2E140pp,b3821,114.44310926058014,9.267,,11.040637016296388,1.943590361031116,,112645.641475366
PLIPA2E141pp,b3821,114.44310926058014,15.2434,,76.44440460205078,8.913343525198545,,112645.641475366
PLIPA2E160pp,b3821,114.44310926058014,17758.2921,5.542671,27.78287696838379,1.1124517833873355,,112645.641475366
PLIPA2E161pp,b3821,114.44310926058014,8.0302,,76.44440460205078,19.07447150904677,,112645.641475366
PLIPA2E180pp,b3821,114.44310926058014,8.0888,4.8175235,25.40924453735352,1.3662674994995092,,112645.641475366
PLIPA2E181pp,b3821,114.44310926058014,0.3855,,58.47757339477539,10.475654966689731,,112645.641475366
PLIPA2G120pp,b3821,114.44310926058014,0.3187,,9.801222801208496,1.3662674994995092,,112645.641475366
PLIPA2G140pp,b3821,114.44310926058014,175.1943,5.780311,20.024599075317383,2.4261922017871043,,112645.641475366
PLIPA2G141pp,b3821,114.44310926058014,0.3043,,76.44440460205078,4.505918121530305,,112645.641475366
PLIPA2G160pp,b3821,114.44310926058014,4.8372,4.222907,25.40924453735352,3.737596363772756,,112645.641475366
PLIPA2G161pp,b3821,114.44310926058014,36.7086,,17.776649475097656,10.241854526086245,,112645.641475366
PLIPA2G180pp,b3821,114.44310926058014,8.0302,3.5549717,23.94058609008789,6.893062771666467,,112645.641475366
PLIPA2G181pp,b3821,114.44310926058014,45.3915,,8.19803237915039,6.960383956781024,,112645.641475366
PMANM,b2048,121.20698236312832,,,,,,17.975
PMANM_reverse,b2048,121.20698236312832,,,,,,17.975
PMDPHT_num1,b0844,158.9366175174943,0.6255,3.076749,13.349570274353027,3.743103432139716,,2.3666667666666665
PMDPHT_num2,b3812,127.45531181646874,41.3155,3.8809974,2.147484302520752,8.645785370246568,,2.3666667666666665
PMEACPE,b3412,129.92752530694554,2.6224,,6.6559600830078125,12.944373024364497,8.64,
PMPK,b2103,128.2406734749161,1.4882,,3.170287847518921,7.759480633406317,0.07,
PNSPA,b1103,215.88128544774256,303.9653,,8.202713012695312,2.3451833249692777,,112645.641475366
PNTK,b3974,116.89457360940392,0.5224,1.6366055,0.8003122806549072,5.7766222627594175,0.7603333333333333,
PNTOt4pp,b3258,23.0,3.8321,10.648635,15.781052589416504,2.3823735145285267,,112645.641475366
PNTOtex_num1,b1377,96.2904209055866,,,,,,112645.641475366
PNTOtex_num2,b0241,33.2825,,,,,,112645.641475366
PNTOtex_num3,b0929,94.8168,,,,,,112645.641475366
PNTOtex_num4,b2215,96.2904209055866,,,,,,112645.641475366
PNTOtex_reverse_num1,b1377,96.2904209055866,,,,,,112645.641475366
PNTOtex_reverse_num2,b0241,33.2825,,,,,,112645.641475366
PNTOtex_reverse_num3,b0929,94.8168,,,,,,112645.641475366
PNTOtex_reverse_num4,b2215,96.2904209055866,,,,,,112645.641475366
POAACR,b1010,149.80799644754114,6.6684,6.5874867,34.719215393066406,1.3088988302687683,,112645.641475366
POR5_num1,b1378 and b0684,120.42138255624845,34.4823,5.268276,15.111824035644531,1.3800644610349209,,112645.641475366
POR5_num2,b1378 and b2895,121.20698236312832,,27.52342,20.497108459472656,3.9123352524916633,,112645.641475366
POR5_reverse_num1,b1378 and b0684,120.42138255624845,13.8166,5.895344,11.221012115478516,9.525367628761076,,112645.641475366
POR5_reverse_num2,b1378 and b2895,121.20698236312832,,9.468074,12.378698348999023,,,112645.641475366
POX,b0871,109.93846339912258,0.1886,0.38517183,50.11541366577149,5.265135685472943,,112645.641475366
PPA2_num1,b2502,149.80799644754114,,,,,,1664.872
PPA2_num2,b2744,117.63095515668913,,,,,,1664.872
PPAKr,b3115,205.72000000000008,15.3721,128.21843,83.78691101074219,1.1142984775566231,153940.8933333333,
PPAKr_reverse,b3115,205.72000000000008,14.6663,,97.23410034179688,6.114933958500958,153940.8933333333,
PPALtex_num1,b1377,96.2904209055866,,,,,,112645.641475366
PPALtex_num2,b0241,33.2825,,,,,,112645.641475366
PPALtex_num3,b0929,94.8168,,,,,,112645.641475366
PPALtex_num4,b2215,96.2904209055866,,,,,,112645.641475366
PPALtex_reverse_num1,b1377,96.2904209055866,,,,,,112645.641475366
PPALtex_reverse_num2,b0241,33.2825,,,,,,112645.641475366
PPALtex_reverse_num3,b0929,94.8168,,,,,,112645.641475366
PPALtex_reverse_num4,b2215,96.2904209055866,,,,,,112645.641475366
PPA_num1,b2502,149.80799644754114,,,,,,102.92384615384616
PPA_num2,b2744,117.63095515668913,,,,,,102.92384615384616
PPA_num3,b4226,169.22268505812133,,,,,,102.92384615384616
PPAt4pp,b1015,23.0,0.4807,,29.488563537597656,2.433073219097816,,112645.641475366
PPAtex_num1,b0929,94.8168,,,,,,112645.641475366
PPAtex_num2,b0241,33.2825,,,,,,112645.641475366
PPAtex_num3,b1377,96.2904209055866,,,,,,112645.641475366
PPAtex_num4,b2215,96.2904209055866,,,,,,112645.641475366
PPAtex_reverse_num1,b0929,94.8168,,,,,,112645.641475366
PPAtex_reverse_num2,b0241,33.2825,,,,,,112645.641475366
PPAtex_reverse_num3,b1377,96.2904209055866,,,,,,112645.641475366
PPAtex_reverse_num4,b2215,96.2904209055866,,,,,,112645.641475366
PPBNGS,b0369,115.69288473855748,,,,,1.375,
PPC,b3956,152.5584987702834,0.4519,94.74958,273.7337341308594,20.83005914936328,345.0,
PPCDC,b3639,103.47895132344424,0.0117,1.3223494,2.5288827419281006,2.302223131366209,0.8333333,
PPCK,b3403,115.69288473855744,7.1253,6.9581585,33.10459518432617,229.50963769458312,34.982,
PPCSCT,b2920,121.20698236312832,4.1723,30.855896,31.288265228271484,3.653492800559781,,14.2
PPDOy,b0325,155.2551722501099,0.725,44.84183,63.59649658203125,15.283690266797445,,
PPGPPDP,b3650,169.7465083415484,1.9442,0.46219298,4.553455829620361,10.8282836744015,,2.901428571428572
PPK,b2501,153.48944171492553,,,,,,112645.641475366
PPK2,b2501,153.48944171492553,,,,,,112645.641475366
PPM,b4383,149.80799644754114,,,,,58235.625,
PPM2,b4383,149.80799644754114,,,,,58235.625,
PPM2_reverse,b4383,149.80799644754114,,,,,58235.625,
PPM_reverse,b4383,149.80799644754114,,,,,58235.625,
PPNCL2,b3639,103.47895132344424,8310.6097,1.3105887,2.9794979095458984,4.588231538118686,0.8833333,
PPND,b2600,136.71153247522938,4.9589,,13.837408065795898,2.3823957734715617,53.89,
PPNDH,b2599,138.0434703703704,0.7335,,13.102502822875977,6.814832905594133,32.0,
PPPGO,b3850,95.0900113764718,18.1437,0.2635443,1.406787395477295,5.8218552443149,,0.6790757579090909
PPPGO3,b3850,95.0900113764718,116.5111,0.2635443,1.7327171564102173,4.505918121530305,,0.893125
PPPNDO,b2540 and b2542 and b2538 and b2539,136.71153247522938,330.9361,7.760808,14.974894523620604,2.48640249435364,,
PPPNt2rpp,b2536,33.2825,0.1201,1.8561687,10.87685489654541,8.645785370246568,,112645.641475366
PPPNt2rpp_reverse,b2536,33.2825,37.917,1.8561687,10.87685489654541,8.06523027060146,,112645.641475366
PPPNtex_num1,b1377,96.2904209055866,,,,,,112645.641475366
PPPNtex_num2,b0241,33.2825,,,,,,112645.641475366
PPPNtex_num3,b0929,94.8168,,,,,,112645.641475366
PPPNtex_num4,b2215,96.2904209055866,,,,,,112645.641475366
PPPNtex_reverse_num1,b1377,96.2904209055866,,,,,,112645.641475366
PPPNtex_reverse_num2,b0241,33.2825,,,,,,112645.641475366
PPPNtex_reverse_num3,b0929,94.8168,,,,,,112645.641475366
PPPNtex_reverse_num4,b2215,96.2904209055866,,,,,,112645.641475366
PPS,b1702,119.0261688564688,2.4517,3.8289595,3.168363571166992,5.265135685472943,1468762.275,
PPTHpp,b0383,205.72000000000008,5.3681,30.983015,175.93133544921875,4.3269544586335424,,112645.641475366
PPTtex_num1,b1377,96.2904209055866,,,,,,112645.641475366
PPTtex_num2,b0241,33.2825,,,,,,112645.641475366
PPTtex_num3,b0929,94.8168,,,,,,112645.641475366
PPTtex_num4,b2215,96.2904209055866,,,,,,112645.641475366
PPTtex_reverse_num1,b1377,96.2904209055866,,,,,,112645.641475366
PPTtex_reverse_num2,b0241,33.2825,,,,,,112645.641475366
PPTtex_reverse_num3,b0929,94.8168,,,,,,112645.641475366
PPTtex_reverse_num4,b2215,96.2904209055866,,,,,,112645.641475366
PRAGSr,b4005,149.80799644754114,81.0768,7.2210307,10.139662742614746,5.613717464756171,8154.349999999999,
PRAGSr_reverse,b4005,149.80799644754114,9.801,5.59391,6.297506809234619,6.334036791279153,8154.349999999999,
PRAIS,b2499,101.46981508671728,20.4418,8.788,7.946943759918213,4.2102808645197,,
PRAIi,b1262,115.69288473855744,,,,,39.45,
PRAMPC,b2026,197.70251011777788,8.8595,0.77304727,17.26673126220703,147.91502098856446,,4.2175
PRASCSi,b2476,97.61360481285834,11.8457,0.9823159,7.109346866607666,8.018026648275109,,
PRATPP,b2026,197.70251011777788,13.2252,0.49964088,5.949090003967285,10.400376497266745,,
PRCPD,b4092,127.45531181646874,6.5127,,1.4997607469558716,3.50353385821492,,112645.641475366
PRFGS,b2557,115.69288473855744,8310.6097,8.0059,38.23566055297852,7.616395908391146,0.05,
PRMICI,b2024,157.17088698230995,,,,,9.6,
PRMICI_reverse,b2024,157.17088698230995,,,,,9.6,
PROD3,b1014,133.28236464036155,1.5701,5.7781615,9.13535213470459,10.715145331378668,,112645.641475366
PROGLYabcpp,b3541 and b3542 and b3544 and b3540 and b3543,104.73241798245591,17.1747,0.61416185,18.979406356811523,8.126022089600111,,112645.641475366
PROGLYtex_num1,b1377,96.2904209055866,,,,,,112645.641475366
PROGLYtex_num2,b0241,33.2825,,,,,,112645.641475366
PROGLYtex_num3,b0929,94.8168,,,,,,112645.641475366
PROGLYtex_num4,b2215,96.2904209055866,,,,,,112645.641475366
PROGLYtex_reverse_num1,b1377,96.2904209055866,,,,,,112645.641475366
PROGLYtex_reverse_num2,b0241,33.2825,,,,,,112645.641475366
PROGLYtex_reverse_num3,b0929,94.8168,,,,,,112645.641475366
PROGLYtex_reverse_num4,b2215,96.2904209055866,,,,,,112645.641475366
PROabcpp,b2678 and b2677 and b2679,90.65907860738318,137.3844,3.9042573,18.982484817504883,1.2556971297984412,,112645.641475366
PROt2rpp_num1,b4111,23.0,12.3237,3.4116294,15.8236083984375,6.9899481650584585,,112645.641475366
PROt2rpp_num2,b0402,91.46666666666664,,3.3020046,62.37808227539063,4.04186287809693,,112645.641475366
PROt2rpp_reverse_num1,b4111,23.0,12.9916,3.4116294,15.8236083984375,9.674936837183308,,112645.641475366
PROt2rpp_reverse_num2,b0402,91.46666666666664,,3.3020046,62.37808227539063,5.02416662235697,,112645.641475366
PROt4pp,b1015,23.0,0.351,8.456047,29.488563537597656,5.261815249267126,,112645.641475366
PROtex_num1,b0241,33.2825,,,,,,112645.641475366
PROtex_num2,b1377,96.2904209055866,,,,,,112645.641475366
PROtex_num3,b2215,96.2904209055866,,,,,,112645.641475366
PROtex_num4,b0929,94.8168,,,,,,112645.641475366
PROtex_reverse_num1,b0241,33.2825,,,,,,112645.641475366
PROtex_reverse_num2,b1377,96.2904209055866,,,,,,112645.641475366
PROtex_reverse_num3,b2215,96.2904209055866,,,,,,112645.641475366
PROtex_reverse_num4,b0929,94.8168,,,,,,112645.641475366
PRPPS,b1207,97.76404181117316,1.2095,5.658399,3.052802801132202,1.1026765165941916,,24.1725
PRPPS_reverse,b1207,97.76404181117316,0.1268,3.3470788,8.218894004821777,3.653492800559781,,24.1725
PSCLYSt2pp,b3370,27.0,11.2145,3.063361,24.233911514282227,5.265135685472943,,112645.641475366
PSCLYStex_num1,b1377,96.2904209055866,,,,,,112645.641475366
PSCLYStex_num2,b0929,94.8168,,,,,,112645.641475366
PSCLYStex_num3,b2215,96.2904209055866,,,,,,112645.641475366
PSCLYStex_num4,b0241,33.2825,,,,,,112645.641475366
PSCLYStex_reverse_num1,b1377,96.2904209055866,,,,,,112645.641475366
PSCLYStex_reverse_num2,b0929,94.8168,,,,,,112645.641475366
PSCLYStex_reverse_num3,b2215,96.2904209055866,,,,,,112645.641475366
PSCLYStex_reverse_num4,b0241,33.2825,,,,,,112645.641475366
PSCVT,b0908,119.40315386031055,3.4091,20.492191,30.13363075256348,20.83005914936328,24.6285905,
PSCVT_reverse,b0908,119.40315386031055,4.1484,15.87725,23.747812271118164,4.969088056880007,24.6285905,
PSD120,b4160,120.8797310457023,29.5004,,3.122020483016968,16.283280145620715,,
PSD140,b4160,120.8797310457023,112.6707,,3.122020483016968,2.4977012564002314,,112645.641475366
PSD141,b4160,120.8797310457023,0.0142,,3.122020483016968,2.834212185551012,,112645.641475366
PSD160,b4160,120.8797310457023,5.3743,0.5925816,2.6902551651000977,17.15109970648811,,
PSD161,b4160,120.8797310457023,6.1882,,3.122020483016968,5.755455404706444,,
PSD180,b4160,120.8797310457023,825.4142,0.49804077,2.5347583293914795,4.13935852908544,,
PSD181,b4160,120.8797310457023,74.4863,,3.122020483016968,9.129954971721624,,
PSERT,b0907,126.3166780801852,2910.8601,24.127329,17.776649475097656,4.810772528691261,1.61,
PSERtex_num1,b1377,96.2904209055866,,,,,,112645.641475366
PSERtex_num2,b0241,33.2825,,,,,,112645.641475366
PSERtex_num3,b0929,94.8168,,,,,,112645.641475366
PSERtex_num4,b2215,96.2904209055866,,,,,,112645.641475366
PSERtex_reverse_num1,b1377,96.2904209055866,,,,,,112645.641475366
PSERtex_reverse_num2,b0241,33.2825,,,,,,112645.641475366
PSERtex_reverse_num3,b0929,94.8168,,,,,,112645.641475366
PSERtex_reverse_num4,b2215,96.2904209055866,,,,,,112645.641475366
PSP_L,b4388,121.20698236312832,4.2094,5.7962213,5.196021556854248,10.400376497266745,1.43,
PSP_Lpp_num1,b4055,222.8937010511005,1.1312,13.39399,10.431448936462402,3.674685938072623,1.43,
PSP_Lpp_num2,b0383,205.72000000000008,,26.256058,115.96966552734376,6.7859805272721,1.43,
PSSA120,b2585,149.80799644754114,2.7062,2.198446,24.663986206054688,7.999008674875839,,
PSSA140,b2585,149.80799644754114,36.5893,2.198446,9.801222801208496,2.972966605482647,,112645.641475366
PSSA141,b2585,149.80799644754114,18.649,2.198446,8.19803237915039,3.653492800559781,,112645.641475366
PSSA160,b2585,149.80799644754114,10.7948,2.198446,11.374245643615724,5.55587385987169,,
PSSA161,b2585,149.80799644754114,172.5725,2.198446,9.513750076293944,3.653492800559781,,
PSSA180,b2585,149.80799644754114,10.9483,2.198446,14.4327974319458,3.017902273837988,,
PSSA181,b2585,149.80799644754114,16.7665,2.198446,8.96385669708252,3.709008719383553,,
PSURIK,b2166,121.23861216232469,1.3756,,12.611770629882812,0.7135666041154233,,112645.641475366
PSURItex_num1,b2215,96.2904209055866,,,,,,112645.641475366
PSURItex_num2,b0929,94.8168,,,,,,112645.641475366
PSURItex_num3,b1377,96.2904209055866,,,,,,112645.641475366
PSURItex_num4,b0241,33.2825,,,,,,112645.641475366
PSURItex_reverse_num1,b2215,96.2904209055866,,,,,,112645.641475366
PSURItex_reverse_num2,b0929,94.8168,,,,,,112645.641475366
PSURItex_reverse_num3,b1377,96.2904209055866,,,,,,112645.641475366
PSURItex_reverse_num4,b0241,33.2825,,,,,,112645.641475366
PSURItpp,b2164,23.0,,,,,,112645.641475366
PTA2,b2297,115.18074344452074,22.6838,20.105976,213.1200256347656,4.126232577709164,,500.45
PTAr_num1,b2297,115.18074344452074,0.2016,20.899744,158.2484130859375,10.400376497266745,52.2,
PTAr_num2,b2458,154.8978386945808,1.2876,48.387283,116.04679107666016,3.0734277155319725,52.2,
PTAr_reverse_num1,b2297,115.18074344452074,119.4937,14.6354265,246.88796997070312,7.228125235384933,52.2,
PTAr_reverse_num2,b2458,154.8978386945808,,96.693275,259.2401428222656,6.711328636657489,52.2,
PTHRpp_num1,b4055,222.8937010511005,10.7023,14.050807,10.431448936462402,6.7859805272721,,
PTHRpp_num2,b0383,205.72000000000008,,22.725485,151.6005401611328,3.674685938072623,,
PTPATi,b3634,116.6619199476233,6.5612,2.5078003,1.300951361656189,7.9906924760004125,28004.09,
PTRCORNt7pp,b0692,23.0,0.4222,22.89931,20.237010955810547,8.645785370246568,,112645.641475366
PTRCORNt7pp_reverse,b0692,23.0,14.7491,22.89931,20.237010955810547,8.610882896083856,,112645.641475366
PTRCTA,b3073,126.3166780801852,3.1296,9.339182,9.457080841064451,7.228125235384933,,
PTRCabcpp_num1,b1441 and b1440 and b1442 and b1443,93.14173333333332,119.4937,10.891661,4.916868209838867,8.375467515442104,,
PTRCabcpp_num2,b0857 and b0854 and b0855 and b0856,97.76404181117316,,7.529646,5.9513325691223145,6.97192302574174,,
PTRCabcpp_num3,b1124 and b1125 and b1126 and b1123,90.65907860738318,,4.606206,11.041131019592283,27.531334806221064,,
PTRCt2pp_num1,b1296,23.0,123.7416,24.139238,25.658424377441406,2.974090581850956,,112645.641475366
PTRCt2pp_num2,b0692,23.0,,22.89931,20.237010955810547,8.645785370246568,,112645.641475366
PTRCt2pp_num3,b2014,23.0,,33.606762,27.232465744018555,5.396894890846273,,112645.641475366
PTRCtex_num1,b1377,96.2904209055866,,,,,,112645.641475366
PTRCtex_num2,b0241,33.2825,,,,,,112645.641475366
PTRCtex_num3,b0929,94.8168,,,,,,112645.641475366
PTRCtex_num4,b2215,96.2904209055866,,,,,,112645.641475366
PTRCtex_reverse_num1,b1377,96.2904209055866,,,,,,112645.641475366
PTRCtex_reverse_num2,b0241,33.2825,,,,,,112645.641475366
PTRCtex_reverse_num3,b0929,94.8168,,,,,,112645.641475366
PTRCtex_reverse_num4,b2215,96.2904209055866,,,,,,112645.641475366
PUACGAMS,b1021 and b1022,105.4775510204082,18.5919,,13.463050842285156,1811.657379070162,,112645.641475366
PUACGAMS_reverse,b1021 and b1022,105.4775510204082,,,,,,112645.641475366
PUACGAMtr,b1021 and b1022,105.4775510204082,,,,,,112645.641475366
PUNP1,b4384,97.76404181117316,6.4594,3.072087,141.03573608398438,2.660314976296722,38.785,
PUNP1_reverse,b4384,97.76404181117316,13.5919,1.5522318,57.73972702026367,6.378024645696883,38.785,
PUNP2,b4384,97.76404181117316,5.0962,2.9011936,136.8991241455078,2.7021429464568483,50.61333333333334,
PUNP2_reverse,b4384,97.76404181117316,2.5788,3.1806672,54.40236282348633,33.66240634310002,50.61333333333334,
PUNP3_num1,b2407,83.16430072028807,0.1408,3.3233228,37.41640472412109,7.8337863355112125,,50.61333333333334
PUNP3_num2,b4384,97.76404181117316,9.2356,2.3527315,145.29734802246094,2.201029578882455,,50.61333333333334
PUNP3_reverse_num1,b2407,83.16430072028807,42.8264,1.3715146,21.895219802856445,26.026414990924778,,50.61333333333334
PUNP3_reverse_num2,b4384,97.76404181117316,,1.5522318,63.133544921875,4.810772528691261,,50.61333333333334
PUNP4_num1,b2407,83.16430072028807,15.3734,2.308369,37.41640472412109,15.77574159368995,,50.61333333333334
PUNP4_num2,b4384,97.76404181117316,,1.9905788,145.29734802246094,6.029423425870919,,50.61333333333334
PUNP4_reverse_num1,b2407,83.16430072028807,10.6933,1.5758256,24.663986206054688,7.228125235384933,,50.61333333333334
PUNP4_reverse_num2,b4384,97.76404181117316,,2.6072993,59.48441696166992,8.135649937618254,,50.61333333333334
PUNP5_num1,b2407,83.16430072028807,0.2638,4.752773,39.71175003051758,3.318657465044924,,929.3814285714286
PUNP5_num2,b4384,97.76404181117316,5.0741,3.4057207,141.03573608398438,6.154294957250831,,929.3814285714286
PUNP5_reverse_num1,b2407,83.16430072028807,12.3237,1.3715146,21.253028869628903,4.588231538118686,,929.3814285714286
PUNP5_reverse_num2,b4384,97.76404181117316,,1.5522318,59.48441696166992,10.020159711133427,,929.3814285714286
PUNP6_num1,b4384,97.76404181117316,6.8297,2.7721481,141.03573608398438,6.6814027467266985,,50.61333333333334
PUNP6_num2,b2407,83.16430072028807,72.0373,4.1961126,39.71175003051758,4.270573086341976,,50.61333333333334
PUNP6_reverse_num1,b4384,97.76404181117316,21.366,4.368547,56.04621124267578,3.351415279341677,,50.61333333333334
PUNP6_reverse_num2,b2407,83.16430072028807,,3.0459802,23.94058609008789,6.114933958500958,,50.61333333333334
PUNP7,b2407,83.16430072028807,1.4882,3.5848384,32.241825103759766,3.1687689423658694,50.61333333333334,
PUNP7_reverse,b2407,83.16430072028807,4.9723,6.6990204,21.895219802856445,8.939373321202341,50.61333333333334,
PYAM5PO,b1638,97.46316781454354,21.8853,0.8903807,9.469964981079102,3.35373599481481,14.86,
PYDAMK,b2418,136.71153247522938,21.9053,1.1767125,1.8407734632492063,2.117565282847367,0.55,
PYDAMtex_num1,b1377,96.2904209055866,,,,,,112645.641475366
PYDAMtex_num2,b2215,96.2904209055866,,,,,,112645.641475366
PYDAMtex_num3,b0929,94.8168,,,,,,112645.641475366
PYDAMtex_num4,b0241,33.2825,,,,,,112645.641475366
PYDAMtex_reverse_num1,b1377,96.2904209055866,,,,,,112645.641475366
PYDAMtex_reverse_num2,b2215,96.2904209055866,,,,,,112645.641475366
PYDAMtex_reverse_num3,b0929,94.8168,,,,,,112645.641475366
PYDAMtex_reverse_num4,b0241,33.2825,,,,,,112645.641475366
PYDXK_num1,b2418,136.71153247522938,12.2652,0.2278971,1.953697204589844,2.201029578882455,2.15,
PYDXK_num2,b1636,115.69288473855748,2.1324,0.837341,2.152754068374634,10.400376497266745,2.15,
PYDXNK,b2418,136.71153247522938,1.617,0.26565844,2.012730836868286,2.879649395627371,0.3,
PYDXNtex_num1,b1377,96.2904209055866,,,,,,112645.641475366
PYDXNtex_num2,b2215,96.2904209055866,,,,,,112645.641475366
PYDXNtex_num3,b0929,94.8168,,,,,,112645.641475366
PYDXNtex_num4,b0241,33.2825,,,,,,112645.641475366
PYDXNtex_reverse_num1,b1377,96.2904209055866,,,,,,112645.641475366
PYDXNtex_reverse_num2,b2215,96.2904209055866,,,,,,112645.641475366
PYDXNtex_reverse_num3,b0929,94.8168,,,,,,112645.641475366
PYDXNtex_reverse_num4,b0241,33.2825,,,,,,112645.641475366
PYDXPP_num1,b0766,154.8978386945808,7.8841,2.7061596,9.6710786819458,5.158064932037617,,7.64
PYDXPP_num2,b0446,173.42795360893282,10.5965,1.436852,11.683470726013184,0.536723264075099,,7.64
PYDXPP_num3,b3826,173.42795360893282,92.6543,4.839128,21.28558349609375,0.536723264075099,,7.64
PYDXPP_num4,b0675,120.62029370469924,107.7368,2.3402522,3.0494744777679443,2.5334831685657355,,7.64
PYDXtex_num1,b1377,96.2904209055866,,,,,,112645.641475366
PYDXtex_num2,b2215,96.2904209055866,,,,,,112645.641475366
PYDXtex_num3,b0929,94.8168,,,,,,112645.641475366
PYDXtex_num4,b0241,33.2825,,,,,,112645.641475366
PYDXtex_reverse_num1,b1377,96.2904209055866,,,,,,112645.641475366
PYDXtex_reverse_num2,b2215,96.2904209055866,,,,,,112645.641475366
PYDXtex_reverse_num3,b0929,94.8168,,,,,,112645.641475366
PYDXtex_reverse_num4,b0241,33.2825,,,,,,112645.641475366
PYK2,b1854,120.7983675600902,451.7255,7.8599076,23.87017250061035,20.83005914936328,226.68321428571429,
PYK3,b1854,120.7983675600902,9.7519,7.8599076,24.59144401550293,20.83005914936328,222.6596551724138,
PYK4,b1854,120.7983675600902,0.725,7.8599076,24.59144401550293,20.83005914936328,226.68321428571429,
PYK6,b1854,120.7983675600902,1.4289,7.8599076,23.87017250061035,6.064563476980895,,112645.641475366
PYK_num1,b1854,120.7983675600902,2.1744,7.8599076,24.59144401550293,20.83005914936328,135.5,
PYK_num2,b1676,115.69288473855748,35.4495,9.340549,24.663986206054688,0.361033711661598,135.5,
PYNP2r,b3831,115.69288473855742,1.4882,7.1733427,83.71355438232422,9.661923757639329,319978.28500000003,
PYNP2r_reverse,b3831,115.69288473855742,96.5404,19.89617,53.56345748901367,7.494230452223806,319978.28500000003,
PYROX,b1007 and b1012,189.6850202355557,14.8895,6.654676,2.304121494293213,1.436612173128217,,112645.641475366
PYRtex_num1,b1377,96.2904209055866,,,,,,112645.641475366
PYRtex_num2,b0241,33.2825,,,,,,112645.641475366
PYRtex_num3,b0929,94.8168,,,,,,112645.641475366
PYRtex_num4,b2215,96.2904209055866,,,,,,112645.641475366
PYRtex_reverse_num1,b1377,96.2904209055866,,,,,,112645.641475366
PYRtex_reverse_num2,b0241,33.2825,,,,,,112645.641475366
PYRtex_reverse_num3,b0929,94.8168,,,,,,112645.641475366
PYRtex_reverse_num4,b2215,96.2904209055866,,,,,,112645.641475366
QMO2,b3029,189.6850202355557,,,,,,112645.641475366
QMO3,b3029,189.6850202355557,10.3883,13.789258,3.669797897338867,2.834212185551012,,112645.641475366
QUIN2tex_num1,b0241,33.2825,,,,,,112645.641475366
QUIN2tex_num2,b2215,96.2904209055866,,,,,,112645.641475366
QUIN2tex_num3,b1377,96.2904209055866,,,,,,112645.641475366
QUIN2tex_num4,b0929,94.8168,,,,,,112645.641475366
QUIN2tex_reverse_num1,b0241,33.2825,,,,,,112645.641475366
QUIN2tex_reverse_num2,b2215,96.2904209055866,,,,,,112645.641475366
QUIN2tex_reverse_num3,b1377,96.2904209055866,,,,,,112645.641475366
QUIN2tex_reverse_num4,b0929,94.8168,,,,,,112645.641475366
QUINDH,b1692,128.2406734749161,1.1312,,130.94761657714844,6.114933958500958,,63750.025
QUINDHyi,b1692,128.2406734749161,40.7963,,119.76010131835938,3.2366721193974084,,112645.641475366
QULNS,b0750,121.20698236312832,25.7109,9.187003,8.421283721923828,6.046301810920078,,
R15BPK,b4094,121.20698236312832,13.628,0.93331945,8.356072425842285,4.126232577709164,,
R5PP_num1,b2293,157.17088698230995,28.5167,4.298714,9.645347595214844,1.6370547422050843,,112645.641475366
R5PP_num2,b2690,189.6850202355557,,6.61929,5.425070762634277,5.043759215479608,,112645.641475366
R5PP_num3,b0822,173.42795360893282,,3.683842,10.166394233703612,4.239897124043,,112645.641475366
R5PP_num4,b0675,120.62029370469924,,1.9810444,3.334343194961548,4.735065155694623,,112645.641475366
R5PP_num5,b3697,175.1936841441172,,3.9202871,37.47371673583984,1.501060959466043,,112645.641475366
R5PPpp_num1,b4055,222.8937010511005,3.6726,6.232594,11.07137680053711,2.448544700173242,,112645.641475366
R5PPpp_num2,b0383,205.72000000000008,,12.497522,123.0839385986328,5.160646713364276,,112645.641475366
R5Ptex_num1,b1377,96.2904209055866,,,,,,112645.641475366
R5Ptex_num2,b0241,33.2825,,,,,,112645.641475366
R5Ptex_num3,b0929,94.8168,,,,,,112645.641475366
R5Ptex_num4,b2215,96.2904209055866,,,,,,112645.641475366
R5Ptex_reverse_num1,b1377,96.2904209055866,,,,,,112645.641475366
R5Ptex_reverse_num2,b0241,33.2825,,,,,,112645.641475366
R5Ptex_reverse_num3,b0929,94.8168,,,,,,112645.641475366
R5Ptex_reverse_num4,b2215,96.2904209055866,,,,,,112645.641475366
RBFK,b0025,121.175352563932,1.2452,0.47017968,0.9122515320777892,3.4970581729433903,,2.6733333333333333
RBFSa,b0415,115.69288473855748,15.4867,0.33392838,1.5478078126907349,8.370743648977554,0.137665,
RBFSb,b1662,205.72000000000008,,,,,0.267,
RBK,b3752,152.62479040685164,0.6998,1.4977802,30.40508079528809,12.39078414720572,,11.399090909090908
RBK_L1,b0063,136.71153247522938,4.9726,49.882008,44.855865478515625,9.837338878182472,40.42,
RBP4E_num1,b4198,136.2454183611817,,,,,17.78911111111111,
RBP4E_num2,b0061,136.71153247522938,,,,,17.78911111111111,
RBP4E_num3,b3583,149.80799644754114,,,,,17.78911111111111,
RBP4E_reverse_num1,b4198,136.2454183611817,,,,,17.78911111111111,
RBP4E_reverse_num2,b0061,136.71153247522938,,,,,17.78911111111111,
RBP4E_reverse_num3,b3583,149.80799644754114,,,,,17.78911111111111,
REPHACCOAI,b1394,121.175352563932,,,,,,112645.641475366
REPHACCOAI_reverse,b1394,121.175352563932,,,,,,112645.641475366
RFAMPtpp_num1,b3035 and b0463 and b0462,97.76404181117316,19.5807,5.0823913,42.18484115600586,3.470363952708512,,112645.641475366
RFAMPtpp_num2,b3035 and b0463 and b2470,149.80799644754114,,7.5286837,42.18484115600586,18.326856900230485,,112645.641475366
RHAT1,b3629,181.445443491155,833.0053,0.09647988,1.2198022603988647,3.3994228655129484,,112645.641475366
RHCCE,b2687,197.70251011777788,,,,,0.38,
RHMND,b2247,160.70234805267864,,,,,,112645.641475366
RIBabcpp_num1,b3749 and b3750 and b3751 and b3748,128.2406734749161,2.5255,8.614953,13.535992622375488,4.2102808645197,,
RIBabcpp_num2,b4485 and b4230 and b4227 and b4231,149.80799644754114,,5.152231,4.520028591156006,51.78678409691066,,
RIBabcpp_num3,b4086 and b4088 and b4087,128.2406734749161,,10.938937,3.829425096511841,18.05149927356397,,
RIBtex_num1,b1377,96.2904209055866,,,,,,112645.641475366
RIBtex_num2,b0241,33.2825,,,,,,112645.641475366
RIBtex_num3,b0929,94.8168,,,,,,112645.641475366
RIBtex_num4,b2215,96.2904209055866,,,,,,112645.641475366
RIBtex_reverse_num1,b1377,96.2904209055866,,,,,,112645.641475366
RIBtex_reverse_num2,b0241,33.2825,,,,,,112645.641475366
RIBtex_reverse_num3,b0929,94.8168,,,,,,112645.641475366
RIBtex_reverse_num4,b2215,96.2904209055866,,,,,,112645.641475366
RMI,b3903,121.175352563932,,,,,,149.78181818181818
RMI_reverse,b3903,121.175352563932,,,,,,149.78181818181818
RMK,b3904,123.60963225270936,11.9618,16.804043,27.856550216674805,10.397610637812583,,
RMNtex_num1,b0929,94.8168,,,,,,112645.641475366
RMNtex_num2,b0241,33.2825,,,,,,112645.641475366
RMNtex_num3,b2215,96.2904209055866,,,,,,112645.641475366
RMNtex_num4,b1377,96.2904209055866,,,,,,112645.641475366
RMNtex_reverse_num1,b0929,94.8168,,,,,,112645.641475366
RMNtex_reverse_num2,b0241,33.2825,,,,,,112645.641475366
RMNtex_reverse_num3,b2215,96.2904209055866,,,,,,112645.641475366
RMNtex_reverse_num4,b1377,96.2904209055866,,,,,,112645.641475366
RMNtpp,b3907,28.14125,0.7399,7.0630193,18.21675491333008,20.83005914936328,,112645.641475366
RMPA,b3902,133.20262771610487,,,,,38.3,
RMPA_reverse,b3902,133.20262771610487,9.8358,6.5610785,17.425840377807617,3.2312739247872395,38.3,
RNDR1_num1,b2582 and b2235 and b2234,123.60963225270936,9.4181,,7.838069915771484,8.645785370246568,8.115,
RNDR1_num2,b3781 and b2235 and b2234,128.2406734749161,9.6837,,7.838069915771484,7.228125235384933,8.115,
RNDR1b_num1,b0849 and b2676 and b2675,128.2406734749161,10.7066,,33.568397521972656,5.655421551988771,,112645.641475366
RNDR1b_num2,b2676 and b2675 and b1064,149.80799644754114,,,33.568397521972656,4.878601442584304,,112645.641475366
RNDR1b_num3,b2676 and b2675 and b3610,128.2406734749161,,,33.568397521972656,6.334036791279153,,112645.641475366
RNDR1b_num4,b2676 and b2675 and b1654,123.60963225270936,,,33.568397521972656,6.334036791279153,,112645.641475366
RNDR2_num1,b3781 and b2235 and b2234,128.2406734749161,21.7829,,8.074908256530762,4.217195863384585,8.115,
RNDR2_num2,b2582 and b2235 and b2234,123.60963225270936,,,8.074908256530762,2.458310668233155,8.115,
RNDR2b_num1,b2676 and b2675 and b1654,123.60963225270936,8.653,,32.583831787109375,3.980374317137799,,112645.641475366
RNDR2b_num2,b0849 and b2676 and b2675,128.2406734749161,,,32.583831787109375,3.318657465044924,,112645.641475366
RNDR2b_num3,b2676 and b2675 and b1064,149.80799644754114,,,32.583831787109375,3.1506218067863307,,112645.641475366
RNDR2b_num4,b2676 and b2675 and b3610,128.2406734749161,,,32.583831787109375,19.07447150904677,,112645.641475366
RNDR3_num1,b3781 and b2235 and b2234,128.2406734749161,11.9585,,7.608179092407227,8.645785370246568,8.115,
RNDR3_num2,b2582 and b2235 and b2234,123.60963225270936,11.2443,,7.608179092407227,5.158064932037617,8.115,
RNDR3b_num1,b2676 and b2675 and b1064,149.80799644754114,37.2002,,33.568397521972656,6.7859805272721,,112645.641475366
RNDR3b_num2,b0849 and b2676 and b2675,128.2406734749161,,,33.568397521972656,11.334694813446427,,112645.641475366
RNDR3b_num3,b2676 and b2675 and b3610,128.2406734749161,,,33.568397521972656,11.334694813446427,,112645.641475366
RNDR3b_num4,b2676 and b2675 and b1654,123.60963225270936,,,33.568397521972656,11.334694813446427,,112645.641475366
RNDR4_num1,b3781 and b2235 and b2234,128.2406734749161,12.0468,,7.838069915771484,8.645785370246568,8.115,
RNDR4_num2,b2235 and b2234 and b2582,123.60963225270936,2.8461,,7.838069915771484,5.158064932037617,8.115,
RNDR4b_num1,b2676 and b2675 and b1654,123.60963225270936,18.6502,,32.583831787109375,65.00692792288358,,112645.641475366
RNDR4b_num2,b0849 and b2676 and b2675,128.2406734749161,,,32.583831787109375,11.334694813446427,,112645.641475366
RNDR4b_num3,b2676 and b2675 and b3610,128.2406734749161,,,32.583831787109375,4.111808695024229,,112645.641475366
RNDR4b_num4,b2676 and b2675 and b1064,149.80799644754114,,,32.583831787109375,49.198935661722246,,112645.641475366
RNTR1c2_num1,b0684 and b4238,119.0261688564688,17.8625,,14.668590545654297,7.236975299888943,,112645.641475366
RNTR1c2_num2,b4238 and b3924 and b0684 and b4237,122.42412220751704,,,12.43678379058838,3.5556925393700345,,112645.641475366
RNTR1c2_num3,b4238 and b3924 and b2895 and b4237,123.60963225270936,,,12.43678379058838,3.5556925393700345,,112645.641475366
RNTR1c2_num4,b2895 and b4238,120.42138255624845,,,37.78630065917969,3.5556925393700345,,112645.641475366
RNTR2c2_num1,b4238 and b3924 and b0684 and b4237,122.42412220751704,305.5352,,12.43678379058838,10.266892479485463,,112645.641475366
RNTR2c2_num2,b4238 and b3924 and b2895 and b4237,123.60963225270936,,,12.43678379058838,3.5556925393700345,,112645.641475366
RNTR2c2_num3,b2895 and b4238,120.42138255624845,,,40.104339599609375,3.5556925393700345,,112645.641475366
RNTR2c2_num4,b0684 and b4238,119.0261688564688,,,15.568449020385742,3.5556925393700345,,112645.641475366
RNTR3c2_num1,b2895 and b4238,120.42138255624845,50.9722,,38.928070068359375,5.381202062938897,,112645.641475366
RNTR3c2_num2,b4238 and b3924 and b0684 and b4237,122.42412220751704,,,12.07201099395752,12.944373024364497,,112645.641475366
RNTR3c2_num3,b4238 and b3924 and b2895 and b4237,123.60963225270936,,,12.07201099395752,3.802692970292663,,112645.641475366
RNTR3c2_num4,b0684 and b4238,119.0261688564688,,,14.668590545654297,6.473090752473372,,112645.641475366
RNTR4c2_num1,b0684 and b4238,119.0261688564688,6.09,,14.668590545654297,8.724466117339635,,112645.641475366
RNTR4c2_num2,b4238 and b3924 and b0684 and b4237,122.42412220751704,,,12.07201099395752,20.83005914936328,,112645.641475366
RNTR4c2_num3,b4238 and b3924 and b2895 and b4237,123.60963225270936,,,12.07201099395752,20.83005914936328,,112645.641475366
RNTR4c2_num4,b2895 and b4238,120.42138255624845,,,40.104339599609375,4.126232577709164,,112645.641475366
RPE,b3386,123.60963225270936,,,,,,2.0
RPE_reverse,b3386,123.60963225270936,,,,,,2.0
RPI_num1,b2914,151.18324760891227,,,,,,1053.05
RPI_num2,b4090,122.42412220751704,,,,,,1053.05
RPI_reverse_num1,b2914,151.18324760891227,,,,,,1053.05
RPI_reverse_num2,b4090,122.42412220751704,,,,,,1053.05
RPNTPH,b4095,143.57225923783585,0.2794,,13.955605506896973,3.50353385821492,,112645.641475366
RU5PP,b2293,157.17088698230995,2.3942,4.2342687,6.357991218566895,2.559577157096871,,112645.641475366
RZ5PP,b0638,169.35117402633932,6.4676,0.6442983,16.07955551147461,3.7163136564844064,,
S2FE2SR,b1681 and b1679 and b1680 and b1682 and b1683,123.60963225270936,58.4908,,3.257830142974853,10.397610637812583,,112645.641475366
S2FE2SS,b1682 and b1683 and b1680 and b1681 and b1679,123.60963225270936,11.9767,,1.9640144109725952,18.326856900230485,,112645.641475366
S2FE2SS2,b1682 and b1683 and b1680 and b1681 and b1679,123.60963225270936,20.1431,,1.9640144109725952,11.061833631804774,,112645.641475366
S2FE2ST,b1684 and b1682 and b1681 and b1683,133.28236464036155,76.5352,,42.21501541137695,3.9123352524916633,,112645.641475366
S4FE4SR,b1681 and b1682 and b1683,121.23861216232469,9.0191,,3.0695273876190186,3.5556925393700345,,112645.641475366
S4FE4ST,b1684 and b1682 and b1681 and b1683,133.28236464036155,12.8932,,42.21501541137695,1.6590992839566576,,112645.641475366
S7PI,b0222,154.8978386945808,,,,,0.44,
SADH,b1745,136.71153247522938,8.6686,19.969425,17.903833389282227,83.54885239895054,,
SADT2,b2752 and b2751,149.80799644754114,,,,,,1.215
SARCOX,b1059,124.73964281862038,0.0271,1.5927167,27.74669075012207,5.688412376681967,,2.7951863157894734
SBTPD,b2705,143.25976446138526,21.4842,0.8903258,15.996607780456545,4.035358274468409,334296.0,
SBTPD_reverse,b2705,143.25976446138526,3.9614,0.742158,16.613746643066406,5.745817873811871,334296.0,
SBTptspp,b2702 and b2704 and b2416 and b2703 and b2415,154.8978386945808,12.9585,3.1151135,15.318191528320312,20.83005914936328,,112645.641475366
SBTtex_num1,b1377,96.2904209055866,,,,,,112645.641475366
SBTtex_num2,b0241,33.2825,,,,,,112645.641475366
SBTtex_num3,b0929,94.8168,,,,,,112645.641475366
SBTtex_num4,b2215,96.2904209055866,,,,,,112645.641475366
SBTtex_reverse_num1,b1377,96.2904209055866,,,,,,112645.641475366
SBTtex_reverse_num2,b0241,33.2825,,,,,,112645.641475366
SBTtex_reverse_num3,b0929,94.8168,,,,,,112645.641475366
SBTtex_reverse_num4,b2215,96.2904209055866,,,,,,112645.641475366
SCYSDS,b1680 and b1679,124.96315516644728,18.1088,4.4812355,3.346548318862915,4.3269544586335424,,112645.641475366
SDPDS,b2472,123.60963225270936,115.9813,19.957869,18.819604873657227,3.246669946370696,266.6667,
SDPTA_num1,b2662,123.77764512125492,17.9994,4.9585176,11.205957412719728,3.246669946370696,,24.0
SDPTA_num2,b1302,126.3166780801852,,4.8100896,7.959572792053223,8.645785370246568,,24.0
SDPTA_num3,b3359,121.20698236312832,,6.712273,4.2665791511535645,8.645785370246568,,24.0
SDPTA_num4,b1748,126.3166780801852,,10.581909,3.9445066452026367,4.074876182746937,,24.0
SDPTA_num5,b0907,126.3166780801852,,4.6911917,17.776649475097656,4.075808913109514,,24.0
SDPTA_reverse_num1,b2662,123.77764512125492,47.4251,6.580282,11.88641357421875,9.35149043574677,,24.0
SDPTA_reverse_num2,b1302,126.3166780801852,,6.232253,9.223512649536133,4.810772528691261,,24.0
SDPTA_reverse_num3,b3359,121.20698236312832,,8.972937,4.135383605957031,4.810772528691261,,24.0
SDPTA_reverse_num4,b1748,126.3166780801852,,13.14158,4.180363178253174,8.708945742095699,,24.0
SDPTA_reverse_num5,b0907,126.3166780801852,,5.989589,12.43678379058838,6.154294957250831,,24.0
SELNPS,b1764,108.46483596491184,3.3412,1.7020957,7.969771385192871,2.3066280013287948,,
SELR,b1588 and b1589 and b1590 and b1587,149.80799644754114,76.4192,18.942549,10.40248680114746,3.5556925393700345,,112645.641475366
SELabcpp_num1,b2425 and b2423 and b2422 and b2424,96.13998390727178,257.068,3.249873,76.44440460205078,20.83005914936328,,112645.641475366
SELabcpp_num2,b3917 and b2423 and b2422 and b2424,97.76404181117316,,6.2239532,32.29121017456055,21.468088153965304,,112645.641475366
SELtex_num1,b2215,96.2904209055866,,,,,,112645.641475366
SELtex_num2,b1377,96.2904209055866,,,,,,112645.641475366
SELtex_num3,b0929,94.8168,,,,,,112645.641475366
SELtex_num4,b0241,33.2825,,,,,,112645.641475366
SELtex_reverse_num1,b2215,96.2904209055866,,,,,,112645.641475366
SELtex_reverse_num2,b1377,96.2904209055866,,,,,,112645.641475366
SELtex_reverse_num3,b0929,94.8168,,,,,,112645.641475366
SELtex_reverse_num4,b0241,33.2825,,,,,,112645.641475366
SEPHCHCS,b2264,137.37750142279987,24.5746,0.338494,0.1030929014086723,1.966318786132856,0.2058,
SERASr,b0586,112.07886035173463,1.0862,0.013962088,2.811582326889038,3.842358408537775,,112645.641475366
SERASr_reverse,b0586,112.07886035173463,0.0025,0.15927088,6.280849456787109,3.520606330975931,,112645.641475366
SERAT,b3607,151.18324760891227,15.9496,5.2104254,10.167787551879885,49.030545655950206,1635.2954285714286,
SERAT_reverse,b3607,151.18324760891227,14.886,13.818002,4.68907642364502,1.4704365328180204,1635.2954285714286,
SERD_D,b2366,136.71153247522938,,,,,15.7,
SERD_L_num1,b3708,121.23861216232469,,,,,326.683,
SERD_L_num2,b1814,175.1936841441172,,,,,326.683,
SERD_L_num3,b4471,160.70234805267864,,,,,326.683,
SERD_L_num4,b2797,189.6850202355557,,,,,326.683,
SERD_L_num5,b3117,136.04534533333316,,,,,326.683,
SERt2rpp_num1,b2796,33.2825,0.3326,6.772727,31.513336181640625,229.50963769458312,,112645.641475366
SERt2rpp_num2,b3116,33.2825,,4.597467,10.71681308746338,5.171331930782302,,112645.641475366
SERt4pp,b3089,23.0,0.5123,43.878075,17.803878784179688,20.83005914936328,,112645.641475366
SERtex_num1,b1377,96.2904209055866,,,,,,112645.641475366
SERtex_num2,b0241,33.2825,,,,,,112645.641475366
SERtex_num3,b0929,94.8168,,,,,,112645.641475366
SERtex_num4,b2215,96.2904209055866,,,,,,112645.641475366
SERtex_reverse_num1,b1377,96.2904209055866,,,,,,112645.641475366
SERtex_reverse_num2,b0241,33.2825,,,,,,112645.641475366
SERtex_reverse_num3,b0929,94.8168,,,,,,112645.641475366
SERtex_reverse_num4,b2215,96.2904209055866,,,,,,112645.641475366
SERtpp,b1533,33.2825,,,,,,112645.641475366
SFGTHi_num1,b2154,122.42412220751704,0.9366,12.226227,6.087309837341309,3.4669513238291216,17.505,
SFGTHi_num2,b0355,121.20698236312832,,17.069588,30.189746856689453,4.200352710379372,17.505,
SGDS,b1744,149.80799644754114,1.2429,7.939175,43.34488677978516,4.811248420422673,,
SGSAD,b1746,136.71153247522938,5.3996,18.76975,10.493904113769531,7.249122480170781,,
SHCHCS3,b2263,153.48944171492553,,,,,117.375,
SHCHD2,b3368,117.63095515668913,2.2127,0.6646094,8.13109302520752,4.285859720728288,,
SHCHF,b3368,117.63095515668913,3.7489,,,3.9460798979623735,,
SHGO,b2660,124.73964281862038,10.7053,12.855893,28.53819274902344,10.89681311733236,,112645.641475366
SHK3Dr,b3281,137.37750142279987,450.6271,9.512924,95.83139038085938,30.742360921274145,184585.9228888889,
SHKK_num1,b3390,121.175352563932,4.0356,29.851198,30.32638168334961,4.085972953373397,89.185,
SHKK_num2,b0388,98.01796506366396,,4.3462057,12.66012477874756,20.83005914936328,89.185,
SHSL1,b3939,136.04534533333316,0.894,40.786377,65.46762084960938,23.78049631666132,101.50909090909092,
SKMt2pp,b1981,23.0,12.9585,2.8256643,25.3593692779541,2.448544700173242,,112645.641475366
SKMtex_num1,b1377,96.2904209055866,,,,,,112645.641475366
SKMtex_num2,b0241,33.2825,,,,,,112645.641475366
SKMtex_num3,b0929,94.8168,,,,,,112645.641475366
SKMtex_num4,b2215,96.2904209055866,,,,,,112645.641475366
SKMtex_reverse_num1,b1377,96.2904209055866,,,,,,112645.641475366
SKMtex_reverse_num2,b0241,33.2825,,,,,,112645.641475366
SKMtex_reverse_num3,b0929,94.8168,,,,,,112645.641475366
SKMtex_reverse_num4,b2215,96.2904209055866,,,,,,112645.641475366
SLNTabcpp_num1,b2425 and b2423 and b2422 and b2424,96.13998390727178,35.9068,4.16462,76.44440460205078,10.400376497266745,,112645.641475366
SLNTabcpp_num2,b3917 and b2423 and b2422 and b2424,97.76404181117316,,5.138756,32.29121017456055,11.424475857554716,,112645.641475366
SLNTtex_num1,b2215,96.2904209055866,,,,,,112645.641475366
SLNTtex_num2,b1377,96.2904209055866,,,,,,112645.641475366
SLNTtex_num3,b0929,94.8168,,,,,,112645.641475366
SLNTtex_num4,b0241,33.2825,,,,,,112645.641475366
SLNTtex_reverse_num1,b2215,96.2904209055866,,,,,,112645.641475366
SLNTtex_reverse_num2,b1377,96.2904209055866,,,,,,112645.641475366
SLNTtex_reverse_num3,b0929,94.8168,,,,,,112645.641475366
SLNTtex_reverse_num4,b0241,33.2825,,,,,,112645.641475366
SO2tex_num1,b1377,96.2904209055866,,,,,,112645.641475366
SO2tex_num2,b0241,33.2825,,,,,,112645.641475366
SO2tex_num3,b0929,94.8168,,,,,,112645.641475366
SO2tex_num4,b2215,96.2904209055866,,,,,,112645.641475366
SO2tex_reverse_num1,b1377,96.2904209055866,,,,,,112645.641475366
SO2tex_reverse_num2,b0241,33.2825,,,,,,112645.641475366
SO2tex_reverse_num3,b0929,94.8168,,,,,,112645.641475366
SO2tex_reverse_num4,b2215,96.2904209055866,,,,,,112645.641475366
SO3tex_num1,b1377,96.2904209055866,,,,,,112645.641475366
SO3tex_num2,b0241,33.2825,,,,,,112645.641475366
SO3tex_num3,b0929,94.8168,,,,,,112645.641475366
SO3tex_num4,b2215,96.2904209055866,,,,,,112645.641475366
SO3tex_reverse_num1,b1377,96.2904209055866,,,,,,112645.641475366
SO3tex_reverse_num2,b0241,33.2825,,,,,,112645.641475366
SO3tex_reverse_num3,b0929,94.8168,,,,,,112645.641475366
SO3tex_reverse_num4,b2215,96.2904209055866,,,,,,112645.641475366
SO4t2pp,b2413,123.78601912935716,,,,,,112645.641475366
SO4tex_num1,b1377,96.2904209055866,,,,,,112645.641475366
SO4tex_num2,b0241,33.2825,,,,,,112645.641475366
SO4tex_num3,b0929,94.8168,,,,,,112645.641475366
SO4tex_num4,b2215,96.2904209055866,,,,,,112645.641475366
SO4tex_reverse_num1,b1377,96.2904209055866,,,,,,112645.641475366
SO4tex_reverse_num2,b0241,33.2825,,,,,,112645.641475366
SO4tex_reverse_num3,b0929,94.8168,,,,,,112645.641475366
SO4tex_reverse_num4,b2215,96.2904209055866,,,,,,112645.641475366
SOTA,b1748,126.3166780801852,300.7927,10.678068,2.9289255142211914,3.502695552698916,3.0,
SPMDAT1,b1584,149.80799644754114,19.9189,5.9173436,4.699695587158203,10.400376497266745,,2.141714285714285
SPMDAT2,b1584,149.80799644754114,56.9605,5.9173436,5.138720512390137,10.400376497266745,7135.161999999999,
SPMDabcpp_num1,b1124 and b1123 and b1125 and b1126,90.65907860738318,5.4024,7.5586762,11.041131019592283,8.509523323516037,,
SPMDabcpp_num2,b1441 and b1443 and b1442 and b1440,93.14173333333332,,11.052223,4.916868209838867,11.549273436294202,,
SPMDt3pp,b1600 and b1599,33.2825,2.5759,1.9833477,29.56543731689453,12.166493689076262,,112645.641475366
SPMDtex_num1,b0929,94.8168,,,,,,112645.641475366
SPMDtex_num2,b2215,96.2904209055866,,,,,,112645.641475366
SPMDtex_num3,b0241,33.2825,,,,,,112645.641475366
SPMDtex_num4,b1377,96.2904209055866,,,,,,112645.641475366
SPMDtex_reverse_num1,b0929,94.8168,,,,,,112645.641475366
SPMDtex_reverse_num2,b2215,96.2904209055866,,,,,,112645.641475366
SPMDtex_reverse_num3,b0241,33.2825,,,,,,112645.641475366
SPMDtex_reverse_num4,b1377,96.2904209055866,,,,,,112645.641475366
SPMS,b0121,94.35095537652876,0.5907,1.4897397,0.8997303247451782,1.2556971297984412,0.14,
SPODM_num1,b3908,169.22268505812133,,,,,,50519.8
SPODM_num2,b1656,211.40802692366407,,,,,,50519.8
SPODMpp,b1646,237.538568721655,,,,,,50519.8
SQGH,b3878,169.7465083415484,12.9585,,42.18484115600586,6.046301810920078,,112645.641475366
SQVOSI,b3880,197.70251011777788,,,,,,112645.641475366
SQtex,b3875,62.99967746920003,,,,,,112645.641475366
SQtex_reverse,b3875,62.99967746920003,,,,,,112645.641475366
SQtr,b3876,23.0,,,,,,112645.641475366
SSALx,b1525,133.20262771610487,53.2097,19.600132,13.730791091918944,5.216962663451387,22.6,
SSALy_num1,b1525,133.20262771610487,1.4665,19.600132,11.679808616638184,12.544101452368947,22.6,
SSALy_num2,b2661,160.70234805267864,,10.48038,15.446310997009276,2.974249578668444,22.6,
SUCASPtpp_num1,b4123,23.0,7.5308,10.892956,10.387778282165527,20.83005914936328,,112645.641475366
SUCASPtpp_num2,b4138,23.0,,7.4851494,20.661272048950195,6.814832905594133,,112645.641475366
SUCASPtpp_num3,b0621,28.14125,,4.415816,8.977588653564453,6.814832905594133,,112645.641475366
SUCASPtpp_reverse_num1,b4123,23.0,1.7264,10.892956,10.387778282165527,7.020495826429408,,112645.641475366
SUCASPtpp_reverse_num2,b4138,23.0,,7.4851494,20.661272048950195,,,112645.641475366
SUCASPtpp_reverse_num3,b0621,28.14125,,4.415816,8.977588653564453,,,112645.641475366
SUCBZL,b2260,136.47847541820553,4.8484,7.29273,7.043212890625,6.47591517554057,2676.5333333333333,
SUCBZS,b2261,173.42795360893282,,,,,19.0,
SUCCt1pp,b1206,33.2825,,,,,,112645.641475366
SUCCt1pp_reverse,b1206,33.2825,,,,,,112645.641475366
SUCCt2_2pp_num1,b3528,23.0,22.0794,38.577248,34.960540771484375,6.154294957250831,,112645.641475366
SUCCt2_2pp_num2,b0010,92.71685493840006,,84.79118,70.36267852783203,20.83005914936328,,112645.641475366
SUCCt2_3pp_num1,b4123,23.0,17.8217,10.892956,10.387778282165527,20.83005914936328,,112645.641475366
SUCCt2_3pp_num2,b4138,23.0,,7.4851494,20.661272048950195,1.2556971297984412,,112645.641475366
SUCCtex_num1,b1377,96.2904209055866,,,,,,112645.641475366
SUCCtex_num2,b0241,33.2825,,,,,,112645.641475366
SUCCtex_num3,b0929,94.8168,,,,,,112645.641475366
SUCCtex_num4,b2215,96.2904209055866,,,,,,112645.641475366
SUCCtex_reverse_num1,b1377,96.2904209055866,,,,,,112645.641475366
SUCCtex_reverse_num2,b0241,33.2825,,,,,,112645.641475366
SUCCtex_reverse_num3,b0929,94.8168,,,,,,112645.641475366
SUCCtex_reverse_num4,b2215,96.2904209055866,,,,,,112645.641475366
SUCDi,b0723 and b0721 and b0722 and b0724,116.15819206211874,60.022,17.294817,28.56108283996582,6.245464574809021,,112645.641475366
SUCFUMtpp_num1,b0621,28.14125,14.8327,4.415816,8.977588653564453,20.83005914936328,,112645.641475366
SUCFUMtpp_num2,b4123,23.0,,10.892956,10.387778282165527,6.814832905594133,,112645.641475366
SUCFUMtpp_num3,b4138,23.0,,7.4851494,20.661272048950195,1.719566556138407,,112645.641475366
SUCFUMtpp_reverse_num1,b0621,28.14125,3.6878,4.415816,8.977588653564453,6.332120906841956,,112645.641475366
SUCFUMtpp_reverse_num2,b4123,23.0,,10.892956,10.387778282165527,9.685838815944882,,112645.641475366
SUCFUMtpp_reverse_num3,b4138,23.0,,7.4851494,20.661272048950195,6.23463125887155,,112645.641475366
SUCMALtpp_num1,b4123,23.0,14.4836,10.892956,10.387778282165527,20.83005914936328,,112645.641475366
SUCMALtpp_num2,b4138,23.0,,7.4851494,20.661272048950195,5.196277751012517,,112645.641475366
SUCMALtpp_num3,b0621,28.14125,,4.415816,8.977588653564453,21.468088153965304,,112645.641475366
SUCMALtpp_reverse_num1,b4123,23.0,4.3433,10.892956,10.387778282165527,7.759480633406317,,112645.641475366
SUCMALtpp_reverse_num2,b4138,23.0,,7.4851494,20.661272048950195,,,112645.641475366
SUCMALtpp_reverse_num3,b0621,28.14125,,4.415816,8.977588653564453,,,112645.641475366
SUCOAS,b0729 and b0728,114.49559696909084,2.813,13.431093,41.14340591430664,19.340076933523704,,44.73
SUCOAS_reverse,b0729 and b0728,114.49559696909084,77.1918,4.245613,33.216060638427734,3.744908238513749,,44.73
SUCRtex_num1,b1377,96.2904209055866,,,,,,112645.641475366
SUCRtex_num2,b0241,33.2825,,,,,,112645.641475366
SUCRtex_num3,b0929,94.8168,,,,,,112645.641475366
SUCRtex_num4,b2215,96.2904209055866,,,,,,112645.641475366
SUCRtex_reverse_num1,b1377,96.2904209055866,,,,,,112645.641475366
SUCRtex_reverse_num2,b0241,33.2825,,,,,,112645.641475366
SUCRtex_reverse_num3,b0929,94.8168,,,,,,112645.641475366
SUCRtex_reverse_num4,b2215,96.2904209055866,,,,,,112645.641475366
SUCTARTtpp,b4123,23.0,6.4097,13.386345,10.387778282165527,1.9562772055410185,,112645.641475366
SUCTARTtpp_reverse,b4123,23.0,9.7691,13.386345,10.387778282165527,7.228125235384933,,112645.641475366
SUCptspp,b2416 and b2417 and b2415 and b2429,158.9366175174943,114.7526,4.1381164,5.943314552307129,20.83005914936328,,112645.641475366
SULFACabcpp,b0933 and b0934 and b0936,97.61360481285834,4.683,3.7256458,4.204555034637451,5.689178149808956,,112645.641475366
SULFACtex_num1,b0241,33.2825,,,,,,112645.641475366
SULFACtex_num2,b1377,96.2904209055866,,,,,,112645.641475366
SULFACtex_num3,b2215,96.2904209055866,,,,,,112645.641475366
SULFACtex_num4,b0929,94.8168,,,,,,112645.641475366
SULFACtex_reverse_num1,b0241,33.2825,,,,,,112645.641475366
SULFACtex_reverse_num2,b1377,96.2904209055866,,,,,,112645.641475366
SULFACtex_reverse_num3,b2215,96.2904209055866,,,,,,112645.641475366
SULFACtex_reverse_num4,b0929,94.8168,,,,,,112645.641475366
SULR,b2764 and b2763,121.23861216232469,,,,,210.53125,
SULabcpp_num1,b0765 and b0764 and b0763,128.2406734749161,,,,,,
SULabcpp_num2,b2422 and b2423 and b2424 and b2425,96.13998390727178,,,,,,
SULabcpp_num3,b2424 and b2422 and b2423 and b3917,97.76404181117316,,,,,,
T2DECAI,b0954,126.88473466186872,,,,,,112645.641475366
T2DECAI_reverse,b0954,126.88473466186872,,,,,,112645.641475366
TAGURr,b1521,157.17088698230995,19.5807,0.16766788,22.06151390075684,3.527158759064631,,
TAGURr_reverse,b1521,157.17088698230995,1.0025,0.12612301,12.88769817352295,3.709008719383553,,
TALA_num1,b0008,136.71153247522938,4.8119,5.741958,40.29139709472656,7.008712984588747,,13.0
TALA_num2,b2464,141.11392726591654,5.8496,9.12829,38.45966720581055,5.265135685472943,,13.0
TALA_reverse_num1,b0008,136.71153247522938,12.3181,3.8513699,55.55830001831055,6.154294957250831,,13.0
TALA_reverse_num2,b2464,141.11392726591654,,5.4177504,57.986595153808594,5.507208631745094,,13.0
TARTD,b3062 and b3061,115.69288473855744,,,,,,
TARTRDtex_num1,b0241,33.2825,,,,,,112645.641475366
TARTRDtex_num2,b1377,96.2904209055866,,,,,,112645.641475366
TARTRDtex_num3,b2215,96.2904209055866,,,,,,112645.641475366
TARTRDtex_num4,b0929,94.8168,,,,,,112645.641475366
TARTRDtex_reverse_num1,b0241,33.2825,,,,,,112645.641475366
TARTRDtex_reverse_num2,b1377,96.2904209055866,,,,,,112645.641475366
TARTRDtex_reverse_num3,b2215,96.2904209055866,,,,,,112645.641475366
TARTRDtex_reverse_num4,b0929,94.8168,,,,,,112645.641475366
TARTRt7pp,b3063,23.0,4.2673,8.178774,23.276975631713867,3.924284482031708,,112645.641475366
TARTRt7pp_reverse,b3063,23.0,153.1321,8.178774,23.276975631713867,4.674531227649103,,112645.641475366
TARTRtex_num1,b1377,96.2904209055866,,,,,,112645.641475366
TARTRtex_num2,b0241,33.2825,,,,,,112645.641475366
TARTRtex_num3,b0929,94.8168,,,,,,112645.641475366
TARTRtex_num4,b2215,96.2904209055866,,,,,,112645.641475366
TARTRtex_reverse_num1,b1377,96.2904209055866,,,,,,112645.641475366
TARTRtex_reverse_num2,b0241,33.2825,,,,,,112645.641475366
TARTRtex_reverse_num3,b0929,94.8168,,,,,,112645.641475366
TARTRtex_reverse_num4,b2215,96.2904209055866,,,,,,112645.641475366
TARTt2_3pp,b4123,23.0,8.1817,13.386345,10.387778282165527,5.218719976695953,,112645.641475366
TAUDO,b0368,121.23861216232469,2.6497,9.306257,4.203973770141602,12.39208454655868,1.53,
TAURabcpp,b0367 and b0365 and b0366,92.7379393036916,12.9585,14.565533,2.984194755554199,12.39208454655868,,
TAURtex_num1,b1377,96.2904209055866,,,,,,112645.641475366
TAURtex_num2,b0241,33.2825,,,,,,112645.641475366
TAURtex_num3,b0929,94.8168,,,,,,112645.641475366
TAURtex_num4,b2215,96.2904209055866,,,,,,112645.641475366
TAURtex_reverse_num1,b1377,96.2904209055866,,,,,,112645.641475366
TAURtex_reverse_num2,b0241,33.2825,,,,,,112645.641475366
TAURtex_reverse_num3,b0929,94.8168,,,,,,112645.641475366
TAURtex_reverse_num4,b2215,96.2904209055866,,,,,,112645.641475366
TCYNTtex_num1,b1377,96.2904209055866,,,,,,112645.641475366
TCYNTtex_num2,b0241,33.2825,,,,,,112645.641475366
TCYNTtex_num3,b0929,94.8168,,,,,,112645.641475366
TCYNTtex_num4,b2215,96.2904209055866,,,,,,112645.641475366
TCYNTtex_reverse_num1,b1377,96.2904209055866,,,,,,112645.641475366
TCYNTtex_reverse_num2,b0241,33.2825,,,,,,112645.641475366
TCYNTtex_reverse_num3,b0929,94.8168,,,,,,112645.641475366
TCYNTtex_reverse_num4,b2215,96.2904209055866,,,,,,112645.641475366
TDP,b1134,157.17088698230995,30.6003,0.6141161,2.147484302520752,11.334694813446427,,0.5668421052631579
TDPADGAT,b3790,135.5233043049329,105.541,0.38175315,2.833132266998291,10.400376497266745,,
TDPAGTA,b3791,136.71153247522938,1.4882,2.1866062,0.3690507411956787,7.068315755536439,0.38,
TDPDRE,b2038,205.72000000000008,,,,,,14.136
TDPDRR,b2040,121.23861216232469,76.8241,6.998137,5.250051021575928,8.94130582927473,,29.0
TDPGDH_num1,b3788,97.76404181117316,,,,,1.717,
TDPGDH_num2,b2041,109.0927121837108,,,,,1.717,
TDSK,b0915,152.62479040685164,2.2178,0.24354129,3.956751585006714,2.3010802590112336,592556.85,
TDSR1,b2893 and b4136,205.72000000000008,172.7387,,3.508152961730957,2.9104181261561552,,112645.641475366
TDSR2,b0604 and b4136,189.6850202355557,24.1773,,20.63231086730957,7.677154914011056,,112645.641475366
TEO2M,b1430,197.70251011777788,6.6421,0.14863928,0.2753384709358215,5.688412376681967,,112645.641475366
TGBPA_num1,b3132 and b3137,121.23861216232469,,,,,2.3541668325000003,
TGBPA_num2,b2095 and b2096,121.175352563932,,,,,2.3541668325000003,
TGBPA_reverse_num1,b3132 and b3137,121.23861216232469,1068.0464,0.51540995,2.067713499069214,6.114933958500958,2.3541668325000003,
TGBPA_reverse_num2,b2095 and b2096,121.175352563932,,0.2765431,6.220748901367188,32.40307959655166,2.3541668325000003,
THD2pp,b1602 and b1603,108.46483596491184,,,,,213.7,
THDPS,b0166,139.02433496122862,119.4937,10.076572,7.41774320602417,10.397610637812583,43.33333,
THFAT,b2551,121.23861216232469,0.9906,0.66939723,7.108636856079102,3.802692970292663,15.391666666666666,
THIORDXi_num1,b1710,264.0226067691252,11.9399,,8.569024085998535,7.897718004824455,,53.45
THIORDXi_num2,b3781 and b2480,227.1271082857792,,,4.224477767944336,4.200352710379372,,53.45
THIORDXi_num3,b2582 and b2480,247.9500291575308,,,12.41003131866455,10.475654966689731,,53.45
THMDt2pp_copy1_num1,b2964,23.0,6.057,4.9684196,18.34995651245117,7.228125235384933,,112645.641475366
THMDt2pp_copy1_num2,b2393,33.2825,,2.8434887,13.50819969177246,1.719566556138407,,112645.641475366
THMDt2pp_copy2,b2406,23.0,12.9585,2.8719335,16.7822265625,2.117565282847367,,112645.641475366
THMDt2pp_copy2_reverse,b2406,23.0,11.3531,2.8719335,16.7822265625,7.517877432595676,,112645.641475366
THMDtex_num1,b1377,96.2904209055866,,,,,,112645.641475366
THMDtex_num2,b0241,33.2825,,,,,,112645.641475366
THMDtex_num3,b0929,94.8168,,,,,,112645.641475366
THMDtex_num4,b2215,96.2904209055866,,,,,,112645.641475366
THMDtex_reverse_num1,b1377,96.2904209055866,,,,,,112645.641475366
THMDtex_reverse_num2,b0241,33.2825,,,,,,112645.641475366
THMDtex_reverse_num3,b0929,94.8168,,,,,,112645.641475366
THMDtex_reverse_num4,b2215,96.2904209055866,,,,,,112645.641475366
THMabcpp,b0068 and b0066 and b0067,97.76404181117316,4.9723,15.372946,,2.193511043557145,,112645.641475366
THMtex_num1,b1377,96.2904209055866,,,,,,112645.641475366
THMtex_num2,b0241,33.2825,,,,,,112645.641475366
THMtex_num3,b0929,94.8168,,,,,,112645.641475366
THMtex_num4,b2215,96.2904209055866,,,,,,112645.641475366
THMtex_reverse_num1,b1377,96.2904209055866,,,,,,112645.641475366
THMtex_reverse_num2,b0241,33.2825,,,,,,112645.641475366
THMtex_reverse_num3,b0929,94.8168,,,,,,112645.641475366
THMtex_reverse_num4,b2215,96.2904209055866,,,,,,112645.641475366
THRA2_num1,b2551,121.23861216232469,,,,,,112645.641475366
THRA2_num2,b0870,115.69288473855748,,,,,,112645.641475366
THRA_num1,b2551,121.23861216232469,,,,,1.485,
THRA_num2,b0870,115.69288473855748,,,,,1.485,
THRD_L_num1,b3772,126.3166780801852,,,,,1414.0,
THRD_L_num2,b3117,136.04534533333316,,,,,1414.0,
THRD_num1,b3616,135.62270918059085,3.3726,7.8181705,31.571197509765625,2.117565282847367,135.0,
THRD_num2,b3589,143.25976446138526,11.1583,13.018975,91.8443603515625,0.55443644863912,135.0,
THRPtex_num1,b1377,96.2904209055866,,,,,,112645.641475366
THRPtex_num2,b0241,33.2825,,,,,,112645.641475366
THRPtex_num3,b0929,94.8168,,,,,,112645.641475366
THRPtex_num4,b2215,96.2904209055866,,,,,,112645.641475366
THRPtex_reverse_num1,b1377,96.2904209055866,,,,,,112645.641475366
THRPtex_reverse_num2,b0241,33.2825,,,,,,112645.641475366
THRPtex_reverse_num3,b0929,94.8168,,,,,,112645.641475366
THRPtex_reverse_num4,b2215,96.2904209055866,,,,,,112645.641475366
THRS,b0004,123.60963225270936,0.3282,7.0452237,29.26873588562012,5.8218552443149,5.6666665,
THRabcpp,b3457 and b3455 and b3456 and b3460 and b3454,97.76404181117316,13.5919,6.5617394,18.14558982849121,20.83005914936328,,112645.641475366
THRt2pp_num1,b0813,33.2825,6.2241,3.8428981,34.2525634765625,0.977063986649603,,112645.641475366
THRt2pp_num2,b3823,33.2825,,6.836773,36.318973541259766,4.69157887104192,,112645.641475366
THRt2rpp,b3116,33.2825,1.5355,3.0169044,10.71681308746338,4.810772528691261,,112645.641475366
THRt4pp,b3089,23.0,0.32,17.652739,17.803878784179688,1.10372881793359,,112645.641475366
THRtex_num1,b1377,96.2904209055866,,,,,,112645.641475366
THRtex_num2,b0241,33.2825,,,,,,112645.641475366
THRtex_num3,b0929,94.8168,,,,,,112645.641475366
THRtex_num4,b2215,96.2904209055866,,,,,,112645.641475366
THRtex_reverse_num1,b1377,96.2904209055866,,,,,,112645.641475366
THRtex_reverse_num2,b0241,33.2825,,,,,,112645.641475366
THRtex_reverse_num3,b0929,94.8168,,,,,,112645.641475366
THRtex_reverse_num4,b2215,96.2904209055866,,,,,,112645.641475366
THYMtex_num1,b2215,96.2904209055866,,,,,,112645.641475366
THYMtex_num2,b0241,33.2825,,,,,,112645.641475366
THYMtex_num3,b1377,96.2904209055866,,,,,,112645.641475366
THYMtex_num4,b0929,94.8168,,,,,,112645.641475366
THYMtex_reverse_num1,b2215,96.2904209055866,,,,,,112645.641475366
THYMtex_reverse_num2,b0241,33.2825,,,,,,112645.641475366
THYMtex_reverse_num3,b1377,96.2904209055866,,,,,,112645.641475366
THYMtex_reverse_num4,b0929,94.8168,,,,,,112645.641475366
THZPSN3,b3992 and b3990 and b0423 and b2530 and b4407 and b3991,128.2406734749161,49.6459,2.650314,4.520028114318848,24.841068680942527,,112645.641475366
TKT1_num1,b2935,115.69288473855744,24.2942,10.412914,9.579538345336914,6.41530114666154,,25661.335384615384
TKT1_num2,b2465,97.76404181117316,3.8722,8.462711,14.301926612854004,5.265135685472943,,25661.335384615384
TKT1_reverse_num1,b2935,115.69288473855744,12.2154,6.713093,7.373360633850098,7.494230452223806,,25661.335384615384
TKT1_reverse_num2,b2465,97.76404181117316,,5.134286,11.008164405822754,8.135649937618254,,25661.335384615384
TKT2_num1,b2935,115.69288473855744,36.8571,10.412914,8.01261043548584,6.41530114666154,,30833.397647058824
TKT2_num2,b2465,97.76404181117316,,8.462711,14.301926612854004,3.5613761147405705,,30833.397647058824
TKT2_reverse_num1,b2935,115.69288473855744,1.4303,8.893918,9.930010795593262,8.014234522869614,,30833.397647058824
TKT2_reverse_num2,b2465,97.76404181117316,,8.330298,15.273137092590332,4.810772528691261,,30833.397647058824
TMAOR1_num1,b0896 and b0895 and b0894,143.25976446138526,3.8247,1165.4689,33.09517288208008,8.578554053307505,,112645.641475366
TMAOR1_num2,b1588 and b1589 and b1590 and b1587,149.80799644754114,12.2147,849.9638,10.40248680114746,69.62689854059693,,112645.641475366
TMAOR1pp_num1,b0997 and b0996,169.22268505812133,177.0219,51.66765,4.0126142501831055,8.578554053307505,,112645.641475366
TMAOR1pp_num2,b1872 and b1873,155.2551722501099,,58.358,10.40248680114746,2.5818491326450226,,112645.641475366
TMAOR2,b0896 and b0895 and b0894,143.25976446138526,146.4919,1165.4689,34.095191955566406,11.925618662439843,,112645.641475366
TMAOR2pp_num1,b0997 and b0996,169.22268505812133,17.4366,51.66765,3.89492392539978,8.578554053307505,,112645.641475366
TMAOR2pp_num2,b1872 and b1873,155.2551722501099,,58.358,10.097379684448242,9.661923757639329,,112645.641475366
TMAOtex_num1,b1377,96.2904209055866,,,,,,112645.641475366
TMAOtex_num2,b0241,33.2825,,,,,,112645.641475366
TMAOtex_num3,b0929,94.8168,,,,,,112645.641475366
TMAOtex_num4,b2215,96.2904209055866,,,,,,112645.641475366
TMAOtex_reverse_num1,b1377,96.2904209055866,,,,,,112645.641475366
TMAOtex_reverse_num2,b0241,33.2825,,,,,,112645.641475366
TMAOtex_reverse_num3,b0929,94.8168,,,,,,112645.641475366
TMAOtex_reverse_num4,b2215,96.2904209055866,,,,,,112645.641475366
TMAtex_num1,b1377,96.2904209055866,,,,,,112645.641475366
TMAtex_num2,b0241,33.2825,,,,,,112645.641475366
TMAtex_num3,b0929,94.8168,,,,,,112645.641475366
TMAtex_num4,b2215,96.2904209055866,,,,,,112645.641475366
TMAtex_reverse_num1,b1377,96.2904209055866,,,,,,112645.641475366
TMAtex_reverse_num2,b0241,33.2825,,,,,,112645.641475366
TMAtex_reverse_num3,b0929,94.8168,,,,,,112645.641475366
TMAtex_reverse_num4,b2215,96.2904209055866,,,,,,112645.641475366
TMDK1,b1238,121.20698236312832,0.011,0.8393346,6.9107279777526855,2.193511043557145,565626.46,
TMDPP,b4382,117.63095515668913,6.028,0.5232555,129.58273315429688,2.193511043557145,132415.635,
TMDPP_reverse,b4382,117.63095515668913,1.5,2.4808748,77.98236083984375,7.008712984588747,132415.635,
TMDS,b2827,75.96272439544778,1.5677,2.023063,3.006903886795044,3.125381307066244,0.98,
TMK,b1106,205.72000000000008,11.1439,0.6642889,,35.65562570088102,,
TMPK,b0417,115.69288473855742,4.5414,7.5139794,8.258074760437012,8.813277428077289,0.1151497833333333,
TMPPP,b3993,121.175352563932,83.1469,1.3573568,6.516668796539307,1.9351718123726127,146.72062499999998,
TPI,b3919,121.20698236312832,,,,,439.1,
TPI_reverse,b3919,121.20698236312832,,,,,439.1,
TPRDCOAS,b0613,121.20698236312832,1.7732,1.0255916,1.9640145301818848,8.999702292651358,,
TRDR_num1,b0888 and b3781,137.33728571428568,42.7731,,4.483631610870361,11.925618662439843,,19.33333
TRDR_num2,b2582 and b0888,143.5726410809134,,,11.749009132385254,7.228125235384933,,19.33333
TRE6PH,b4239,159.765,8.3266,4.231647,60.24456024169922,3.307445376844476,,15.332857142857144
TRE6PP,b1897,125.53247203458906,0.5323,1.5495775,11.844958305358888,2.6625568020389947,14.45,
TRE6PS,b1896,157.17088698230995,8.3822,6.1310725,31.296167373657227,3.534094500819971,5.45,
TREH,b3519,194.34251011777783,3.5905,5.7913575,91.3937530517578,14.9190410953546,199.0,
TREHpp,b1197,159.51534075283124,52.9519,76.66545,204.1670379638672,4.3269544586335424,199.0,
TREptspp,b2416 and b2417 and b4240 and b2415,160.70234805267864,14.2726,6.5030847,6.122900009155273,20.83005914936328,,
TREtex_num1,b1377,96.2904209055866,,,,,,112645.641475366
TREtex_num2,b0241,33.2825,,,,,,112645.641475366
TREtex_num3,b0929,94.8168,,,,,,112645.641475366
TREtex_num4,b2215,96.2904209055866,,,,,,112645.641475366
TREtex_reverse_num1,b1377,96.2904209055866,,,,,,112645.641475366
TREtex_reverse_num2,b0241,33.2825,,,,,,112645.641475366
TREtex_reverse_num3,b0929,94.8168,,,,,,112645.641475366
TREtex_reverse_num4,b2215,96.2904209055866,,,,,,112645.641475366
TRPAS2,b3708,121.23861216232469,0.6924,4.061459,6.0234551429748535,2.119322673589061,5.6,
TRPAS2_reverse,b3708,121.23861216232469,71.7696,11.383351,9.698410034179688,9.38360738254706,5.6,
TRPS1,b1260 and b1261,130.15983707102805,18.5636,2.9019737,8.11235523223877,3.842358408537775,287312.4206222222,
TRPS2,b1260 and b1261,130.15983707102805,1.4882,2.9019737,16.57410430908203,3.842358408537775,2.50625,
TRPS3,b1260 and b1261,130.15983707102805,,,,,2.45,
TRPt2rpp_num1,b3709,33.2825,35.5764,7.3730307,31.108959197998047,2.419531547116704,,112645.641475366
TRPt2rpp_num2,b3161,33.2825,,3.3174744,29.400514602661133,1.719566556138407,,112645.641475366
TRPt2rpp_num3,b0112,23.0,,2.7826943,43.46313095092773,4.074876182746937,,112645.641475366
TRPt2rpp_reverse_num1,b3709,33.2825,0.1204,7.3730307,31.108959197998047,2.698624239290672,,112645.641475366
TRPt2rpp_reverse_num2,b3161,33.2825,,3.3174744,29.400514602661133,13.4266919696335,,112645.641475366
TRPt2rpp_reverse_num3,b0112,23.0,,2.7826943,43.46313095092773,9.674936837183308,,112645.641475366
TRPtex_num1,b1377,96.2904209055866,,,,,,112645.641475366
TRPtex_num2,b0241,33.2825,,,,,,112645.641475366
TRPtex_num3,b0929,94.8168,,,,,,112645.641475366
TRPtex_num4,b2215,96.2904209055866,,,,,,112645.641475366
TRPtex_reverse_num1,b1377,96.2904209055866,,,,,,112645.641475366
TRPtex_reverse_num2,b0241,33.2825,,,,,,112645.641475366
TRPtex_reverse_num3,b0929,94.8168,,,,,,112645.641475366
TRPtex_reverse_num4,b2215,96.2904209055866,,,,,,112645.641475366
TRPtipp,b1473,33.2825,,,,,,112645.641475366
TRSARr_num1,b0509,136.2454183611817,0.2754,31.94628,33.89002990722656,4.423306762159818,243.0,
TRSARr_num2,b3125,136.47847541820553,,10.164364,77.13313293457031,0.2977766421705213,243.0,
TRSARr_reverse_num1,b0509,136.2454183611817,10.5364,21.58844,30.9946346282959,5.2469593410977335,243.0,
TRSARr_reverse_num2,b3125,136.47847541820553,,9.459932,66.46585083007812,2.5334831685657355,243.0,
TSULabcpp_num1,b2424 and b2423 and b2422 and b3917,97.76404181117316,169.3232,12.170093,32.29121017456055,3.653492800559781,,
TSULabcpp_num2,b2424 and b2422 and b2425 and b2423,96.13998390727178,,1.7850711,76.44440460205078,1.719566556138407,,
TSULtex_num1,b1377,96.2904209055866,,,,,,112645.641475366
TSULtex_num2,b0241,33.2825,,,,,,112645.641475366
TSULtex_num3,b0929,94.8168,,,,,,112645.641475366
TSULtex_num4,b2215,96.2904209055866,,,,,,112645.641475366
TSULtex_reverse_num1,b1377,96.2904209055866,,,,,,112645.641475366
TSULtex_reverse_num2,b0241,33.2825,,,,,,112645.641475366
TSULtex_reverse_num3,b0929,94.8168,,,,,,112645.641475366
TSULtex_reverse_num4,b2215,96.2904209055866,,,,,,112645.641475366
TTDCAtexi,b2344,206.75125446366417,,,,,,112645.641475366
TTDCEAtexi,b2344,206.75125446366417,,,,,,112645.641475366
TTRCYCtex_num1,b1377,96.2904209055866,,,,,,112645.641475366
TTRCYCtex_num2,b0929,94.8168,,,,,,112645.641475366
TTRCYCtex_num3,b0241,33.2825,,,,,,112645.641475366
TTRCYCtex_num4,b2215,96.2904209055866,,,,,,112645.641475366
TTRCYCtex_reverse_num1,b1377,96.2904209055866,,,,,,112645.641475366
TTRCYCtex_reverse_num2,b0929,94.8168,,,,,,112645.641475366
TTRCYCtex_reverse_num3,b0241,33.2825,,,,,,112645.641475366
TTRCYCtex_reverse_num4,b2215,96.2904209055866,,,,,,112645.641475366
TTRCYCtpp_num1,b3035 and b0463 and b2470,149.80799644754114,26.18,,42.18484115600586,28.47066530571922,,112645.641475366
TTRCYCtpp_num2,b3035 and b0463 and b0462,97.76404181117316,,,42.18484115600586,18.326856900230485,,112645.641475366
TUNGSabcpp,b0765 and b0764 and b0763,128.2406734749161,212.3867,3.3633182,,19.07447150904677,,
TUNGStex_num1,b1377,96.2904209055866,,,,,,112645.641475366
TUNGStex_num2,b0929,94.8168,,,,,,112645.641475366
TUNGStex_num3,b2215,96.2904209055866,,,,,,112645.641475366
TUNGStex_num4,b0241,33.2825,,,,,,112645.641475366
TUNGStex_reverse_num1,b1377,96.2904209055866,,,,,,112645.641475366
TUNGStex_reverse_num2,b0929,94.8168,,,,,,112645.641475366
TUNGStex_reverse_num3,b2215,96.2904209055866,,,,,,112645.641475366
TUNGStex_reverse_num4,b0241,33.2825,,,,,,112645.641475366
TYMtex_num1,b1377,96.2904209055866,,,,,,112645.641475366
TYMtex_num2,b0241,33.2825,,,,,,112645.641475366
TYMtex_num3,b0929,94.8168,,,,,,112645.641475366
TYMtex_num4,b2215,96.2904209055866,,,,,,112645.641475366
TYMtex_reverse_num1,b1377,96.2904209055866,,,,,,112645.641475366
TYMtex_reverse_num2,b0241,33.2825,,,,,,112645.641475366
TYMtex_reverse_num3,b0929,94.8168,,,,,,112645.641475366
TYMtex_reverse_num4,b2215,96.2904209055866,,,,,,112645.641475366
TYRL,b3991,126.88473466186872,74.5526,11.816563,3.014991044998169,2.6761024502934845,,
TYROXDApp,b1386,169.22268505812133,2.5839,19.06298,11.040637016296388,4.3269544586335424,30938.966666666667,
TYRPpp,b4055,222.8937010511005,2.9201,4.312207,10.125492095947266,5.160646713364276,,112645.641475366
TYRPtex_num1,b1377,96.2904209055866,,,,,,112645.641475366
TYRPtex_num2,b0241,33.2825,,,,,,112645.641475366
TYRPtex_num3,b0929,94.8168,,,,,,112645.641475366
TYRPtex_num4,b2215,96.2904209055866,,,,,,112645.641475366
TYRPtex_reverse_num1,b1377,96.2904209055866,,,,,,112645.641475366
TYRPtex_reverse_num2,b0241,33.2825,,,,,,112645.641475366
TYRPtex_reverse_num3,b0929,94.8168,,,,,,112645.641475366
TYRPtex_reverse_num4,b2215,96.2904209055866,,,,,,112645.641475366
TYRTA_num1,b0928,128.2406734749161,100.6482,11.912126,346.9944763183594,5.265135685472943,180.6625,
TYRTA_num2,b4054,128.2406734749161,,3.003911,76.07127380371094,20.83005914936328,180.6625,
TYRTA_num3,b3770,120.7983675600902,,47.469963,26.177021026611328,20.83005914936328,180.6625,
TYRTA_reverse_num1,b0928,128.2406734749161,8.9937,49.018787,348.0181579589844,6.251791315671339,180.6625,
TYRTA_reverse_num2,b4054,128.2406734749161,,21.647558,88.54058074951172,8.999702292651358,180.6625,
TYRTA_reverse_num3,b3770,120.7983675600902,,44.211716,21.895219802856445,23.723115167208363,180.6625,
TYRt2rpp_num1,b1907,33.2825,2.295,9.675033,23.94058609008789,9.661923757639329,,112645.641475366
TYRt2rpp_num2,b0112,23.0,,13.006006,43.46313095092773,7.677819618581422,,112645.641475366
TYRt2rpp_reverse_num1,b1907,33.2825,1.93,9.675033,23.94058609008789,6.818044099604823,,112645.641475366
TYRt2rpp_reverse_num2,b0112,23.0,,13.006006,43.46313095092773,28.88367235458073,,112645.641475366
TYRtex_num1,b1377,96.2904209055866,,,,,,112645.641475366
TYRtex_num2,b0241,33.2825,,,,,,112645.641475366
TYRtex_num3,b0929,94.8168,,,,,,112645.641475366
TYRtex_num4,b2215,96.2904209055866,,,,,,112645.641475366
TYRtex_reverse_num1,b1377,96.2904209055866,,,,,,112645.641475366
TYRtex_reverse_num2,b0241,33.2825,,,,,,112645.641475366
TYRtex_reverse_num3,b0929,94.8168,,,,,,112645.641475366
TYRtex_reverse_num4,b2215,96.2904209055866,,,,,,112645.641475366
TYRtipp,b1473,33.2825,,,,,,112645.641475366
U23GAAT,b0179,149.80799644754114,25.5877,15.328601,26.779211044311523,6.176738921356694,262.0,
UAAGDS,b0085,121.175352563932,10.2727,3.0902448,14.348093032836914,5.883657458713799,423.838084,
UACGALPpp,b0480,169.22268505812133,36.3731,38.68474,189.866928100586,4.961503606695668,399.46,
UACGAMPpp,b0480,169.22268505812133,3.6005,38.68474,189.866928100586,4.961503606695668,399.46,
UACGAMtex_num1,b1377,96.2904209055866,,,,,,112645.641475366
UACGAMtex_num2,b0241,33.2825,,,,,,112645.641475366
UACGAMtex_num3,b0929,94.8168,,,,,,112645.641475366
UACGAMtex_num4,b2215,96.2904209055866,,,,,,112645.641475366
UACGAMtex_reverse_num1,b1377,96.2904209055866,,,,,,112645.641475366
UACGAMtex_reverse_num2,b0241,33.2825,,,,,,112645.641475366
UACGAMtex_reverse_num3,b0929,94.8168,,,,,,112645.641475366
UACGAMtex_reverse_num4,b2215,96.2904209055866,,,,,,112645.641475366
UACMAMO,b3787,136.71153247522938,2.3207,1.1299614,5.22585391998291,1.4216185361682434,,0.4
UAG2E,b3786,121.175352563932,,,,,3.625,
UAG2E_reverse,b3786,121.175352563932,,,,,3.625,
UAGAAT,b1094 and b0181,97.76404181117316,2.5692,81.13263,4.022279739379883,57.063283581709584,9.166666666666666,
UAGAAT_reverse,b1094 and b0181,97.76404181117316,138.603,69.51193,5.104099273681641,28.88367235458073,9.166666666666666,
UAGCVT,b3189,118.43411865124476,2.4301,3.8900247,3.991020917892456,57.063283581709584,3.78,
UAGDP,b3730,98.49306668197664,14.4413,,12.104022979736328,52.91107539188916,137.22307692307692,
UAGPT3,b0090,136.70881435012527,9.8994,0.13485642,4.115441799163818,5.013311171749852,2.198888888888889,
UAMAGS,b0088,121.20698236312832,3.3444,8.4315605,4.861299991607666,24.21911561649679,3.6616668,
UAMAS,b0091,115.09424085382416,20.1096,2.2184038,9.813005447387695,12.682926831067949,6.85,
UAPGR,b3972,123.60963225270936,3.4714,4.28419,5.294199466705322,24.17830380611881,30.20769230769231,
UDCPDPS,b0174,121.23861216232469,13.1371,0.16408876,1.2509979009628296,0.1853472905278476,2.5,
UDCPDP_num1,b1278,76.35248958333332,4.4873,7.4198847,15.453694343566896,0.536723264075099,,112645.641475366
UDCPDP_num2,b0841,97.61360481285834,1.9392,0.5410332,5.394898891448975,2.30114731337025,,112645.641475366
UDCPDP_num3,b3057,23.0,4.6966,3.390664,24.94230842590332,9.874735015362448,,112645.641475366
UDCPDPpp_num1,b3057,23.0,15.9002,3.390664,24.94230842590332,1.3186232450344315,,112645.641475366
UDCPDPpp_num2,b1278,76.35248958333332,,7.4198847,15.453694343566896,5.396894890846273,,112645.641475366
UDCPDPpp_num3,b0841,97.61360481285834,,0.5410332,5.394898891448975,8.645785370246568,,112645.641475366
UDPACGALtex_num1,b1377,96.2904209055866,,,,,,112645.641475366
UDPACGALtex_num2,b0241,33.2825,,,,,,112645.641475366
UDPACGALtex_num3,b0929,94.8168,,,,,,112645.641475366
UDPACGALtex_num4,b2215,96.2904209055866,,,,,,112645.641475366
UDPACGALtex_reverse_num1,b1377,96.2904209055866,,,,,,112645.641475366
UDPACGALtex_reverse_num2,b0241,33.2825,,,,,,112645.641475366
UDPACGALtex_reverse_num3,b0929,94.8168,,,,,,112645.641475366
UDPACGALtex_reverse_num4,b2215,96.2904209055866,,,,,,112645.641475366
UDPG4E,b0759,151.18324760891227,,,,,500.0,
UDPG4E_reverse,b0759,151.18324760891227,,,,,500.0,
UDPGALM,b2036,128.2406734749161,,,,,11.519,
UDPGALPpp,b0480,169.22268505812133,49.5466,46.95271,195.60403442382807,5.7364122304115925,399.46,
UDPGALtex_num1,b2215,96.2904209055866,,,,,,112645.641475366
UDPGALtex_num2,b0929,94.8168,,,,,,112645.641475366
UDPGALtex_num3,b1377,96.2904209055866,,,,,,112645.641475366
UDPGALtex_num4,b0241,33.2825,,,,,,112645.641475366
UDPGALtex_reverse_num1,b2215,96.2904209055866,,,,,,112645.641475366
UDPGALtex_reverse_num2,b0929,94.8168,,,,,,112645.641475366
UDPGALtex_reverse_num3,b1377,96.2904209055866,,,,,,112645.641475366
UDPGALtex_reverse_num4,b0241,33.2825,,,,,,112645.641475366
UDPGD,b2028,152.5584987702834,1.1312,1.7073543,2.684621810913086,2.48640249435364,25.97864705882353,
UDPGDC,b2255,151.18324760891227,8.62,11.115102,20.34912300109864,4.354976974083286,,0.3025
UDPGLCURtex_num1,b1377,96.2904209055866,,,,,,112645.641475366
UDPGLCURtex_num2,b0241,33.2825,,,,,,112645.641475366
UDPGLCURtex_num3,b0929,94.8168,,,,,,112645.641475366
UDPGLCURtex_num4,b2215,96.2904209055866,,,,,,112645.641475366
UDPGLCURtex_reverse_num1,b1377,96.2904209055866,,,,,,112645.641475366
UDPGLCURtex_reverse_num2,b0241,33.2825,,,,,,112645.641475366
UDPGLCURtex_reverse_num3,b0929,94.8168,,,,,,112645.641475366
UDPGLCURtex_reverse_num4,b2215,96.2904209055866,,,,,,112645.641475366
UDPGPT,b2047,152.5584987702834,15.5811,4.262493,4.25877046585083,7.228125235384933,,112645.641475366
UDPGPT_reverse,b2047,152.5584987702834,0.3187,,13.667494773864746,4.074876182746937,,112645.641475366
UDPGPpp,b0480,169.22268505812133,16.796,46.95271,195.60403442382807,4.954529607976452,213.74216667,
UDPGtex_num1,b1377,96.2904209055866,,,,,,112645.641475366
UDPGtex_num2,b0241,33.2825,,,,,,112645.641475366
UDPGtex_num3,b0929,94.8168,,,,,,112645.641475366
UDPGtex_num4,b2215,96.2904209055866,,,,,,112645.641475366
UDPGtex_reverse_num1,b1377,96.2904209055866,,,,,,112645.641475366
UDPGtex_reverse_num2,b0241,33.2825,,,,,,112645.641475366
UDPGtex_reverse_num3,b0929,94.8168,,,,,,112645.641475366
UDPGtex_reverse_num4,b2215,96.2904209055866,,,,,,112645.641475366
UDPKAAT,b2253,149.80799644754114,28.3716,2.199389,2.714761257171631,32.94228372318428,,
UDPKAAT_reverse,b2253,149.80799644754114,2.5001,4.21683,5.714029788970947,8.999702292651358,,
UGCIAMH,b0515,136.47847541820553,0.6458,,52.070709228515625,5.160646713364276,,112645.641475366
UGLCURPpp,b0480,169.22268505812133,4.1191,34.457436,220.3391876220703,4.961503606695668,,112645.641475366
UGLT,b0758,169.35117402633932,312.5032,0.71185803,14.575479507446287,3.2366721193974084,285.0,
UGLT_reverse,b0758,169.35117402633932,6.4299,0.71185803,14.575479507446287,10.020159711133427,285.0,
UGLYCH,b0505,143.25976446138526,11.065,9.342045,31.12774085998535,96.06349232627436,,36.0
UGMDDS,b0086,122.42412220751704,35.906,5.824305,17.666841506958008,8.385813489599439,18.0,
UHGADA,b0096,136.70881435012527,8.6076,1.3846349,12.135621070861816,1.093068402983836,1.6949999999999998,
ULA4NFT,b2255,151.18324760891227,57.7965,22.029419,17.02059555053711,5.32062846472089,,
ULA4Ntppi,b2258 and b4544,33.2825,,,,,,112645.641475366
UM3PL,b4233,120.42138255624845,54.4344,6.0596786,5.56724214553833,7.594271779263672,,112645.641475366
UM4PCP,b1192,136.2454183611817,3.2604,,5.245690822601318,7.381707492199664,,112645.641475366
UM4PL,b4233,120.42138255624845,3.7361,6.0596786,5.908768177032471,3.0734277155319725,,112645.641475366
UMPK_num1,b0910,97.61360481285834,,,,,,170.79666666666668
UMPK_num2,b0171,115.69288473855748,,,,,,170.79666666666668
UMPK_reverse_num1,b0910,97.61360481285834,,,,,,170.79666666666668
UMPK_reverse_num2,b0171,115.69288473855748,,,,,,170.79666666666668
UMPtex_num1,b2215,96.2904209055866,,,,,,112645.641475366
UMPtex_num2,b0929,94.8168,,,,,,112645.641475366
UMPtex_num3,b1377,96.2904209055866,,,,,,112645.641475366
UMPtex_num4,b0241,33.2825,,,,,,112645.641475366
UMPtex_reverse_num1,b2215,96.2904209055866,,,,,,112645.641475366
UMPtex_reverse_num2,b0929,94.8168,,,,,,112645.641475366
UMPtex_reverse_num3,b1377,96.2904209055866,,,,,,112645.641475366
UMPtex_reverse_num4,b0241,33.2825,,,,,,112645.641475366
UPLA4FNF,b2256,149.80799644754114,7.7682,0.26805454,12.1315279006958,1.1142984775566231,,112645.641475366
UPLA4FNT,b2254,75.04856249999999,25.0594,3.4008784,4.034725189208984,5.32062846472089,,112645.641475366
UPP3MT,b3368,117.63095515668913,99.5416,0.60897464,4.35162878036499,7.497355702650688,,12.673703706666666
UPP3S,b3804,173.42795360893282,,,,,500.0,
UPPDC1,b3997,138.0434703703704,13.6363,0.34633404,4.499661445617676,6.688917965078869,,333.147
UPPRT,b2498,84.67583673469383,38.8371,8.904839,17.25525665283203,9.490631515381825,2.7,
URACPAH,b1011,136.2454183611817,4.8635,2.7250183,28.622377395629883,4.7028383340504325,,
URATEtex_num1,b0929,94.8168,,,,,,112645.641475366
URATEtex_num2,b2215,96.2904209055866,,,,,,112645.641475366
URATEtex_num3,b0241,33.2825,,,,,,112645.641475366
URATEtex_num4,b1377,96.2904209055866,,,,,,112645.641475366
URATEtex_reverse_num1,b0929,94.8168,,,,,,112645.641475366
URATEtex_reverse_num2,b2215,96.2904209055866,,,,,,112645.641475366
URATEtex_reverse_num3,b0241,33.2825,,,,,,112645.641475366
URATEtex_reverse_num4,b1377,96.2904209055866,,,,,,112645.641475366
URATEtpp,b2888,23.0,5.0697,5.3459682,40.41080474853516,0.6837473668876851,,112645.641475366
URAt2pp_num1,b2497,23.0,2.6877,2.1118605,47.11788940429688,1.8401094876681463,,112645.641475366
URAt2pp_num2,b1006,23.0,,3.8060918,43.09236907958984,5.511913782654467,,112645.641475366
URAtex_num1,b1377,96.2904209055866,,,,,,112645.641475366
URAtex_num2,b0241,33.2825,,,,,,112645.641475366
URAtex_num3,b0929,94.8168,,,,,,112645.641475366
URAtex_num4,b2215,96.2904209055866,,,,,,112645.641475366
URAtex_reverse_num1,b1377,96.2904209055866,,,,,,112645.641475366
URAtex_reverse_num2,b0241,33.2825,,,,,,112645.641475366
URAtex_reverse_num3,b0929,94.8168,,,,,,112645.641475366
URAtex_reverse_num4,b2215,96.2904209055866,,,,,,112645.641475366
URDGLYCD,b0517,136.47847541820553,13.6233,14.900377,51.00733947753906,10.667159575446345,59.6125,
UREAtex_num1,b1377,96.2904209055866,,,,,,112645.641475366
UREAtex_num2,b0241,33.2825,,,,,,112645.641475366
UREAtex_num3,b0929,94.8168,,,,,,112645.641475366
UREAtex_num4,b2215,96.2904209055866,,,,,,112645.641475366
UREAtex_reverse_num1,b1377,96.2904209055866,,,,,,112645.641475366
UREAtex_reverse_num2,b0241,33.2825,,,,,,112645.641475366
UREAtex_reverse_num3,b0929,94.8168,,,,,,112645.641475366
UREAtex_reverse_num4,b2215,96.2904209055866,,,,,,112645.641475366
UREAtpp,b3927,33.2825,,,,,,112645.641475366
UREAtpp_reverse,b3927,33.2825,,,,,,112645.641475366
URIH_num1,b0651,118.05713364740296,0.1087,3.3061779,11.749534606933594,3.1687689423658694,10.85,
URIH_num2,b2162,136.2454183611817,,2.4966195,18.918052673339844,0.2977766421705213,10.85,
URIH_num3,b0030,121.23861216232469,,12.3869505,12.072550773620604,8.645785370246568,10.85,
URIK1,b2066,97.46316781454354,150.7241,1.5567898,2.0909862518310547,9.661923757639329,324706.6666666667,
URIK2,b2066,97.46316781454354,150.7241,1.5567898,2.0909862518310547,9.661923757639329,324706.6666666667,
URIt2pp_copy1_num1,b2964,23.0,10.6977,6.308823,18.34995651245117,9.661923757639329,,112645.641475366
URIt2pp_copy1_num2,b2393,33.2825,,3.9025805,13.50819969177246,1.82702468603913,,112645.641475366
URIt2pp_copy2,b2406,23.0,14.142,3.998274,16.7822265625,3.50353385821492,,112645.641475366
URIt2pp_copy2_reverse,b2406,23.0,11.0609,3.998274,16.7822265625,6.97192302574174,,112645.641475366
URItex,b0411,179.45385264683853,,,,,,112645.641475366
URItex_reverse,b0411,179.45385264683853,,,,,,112645.641475366
USHD,b0524,127.45531181646874,11.7662,0.53164476,6.118159770965576,3.734128367817187,,
VALTA,b3770,120.7983675600902,7.4172,23.763206,25.40924453735352,7.228125235384933,19.0,
VALTA_reverse,b3770,120.7983675600902,137.3844,44.211716,23.2384033203125,7.494230452223806,19.0,
VALabcpp,b3455 and b3456 and b3457 and b3460 and b3454,97.76404181117316,11.5277,8.15115,18.14558982849121,3.50353385821492,,112645.641475366
VALt2rpp,b0401,33.2825,8.1616,2.7378,62.11932373046875,1811.657379070162,,112645.641475366
VALt3pp_num1,b2683 and b2682,97.46316781454354,24.1225,6.1666274,28.53819274902344,11.549273436294202,,112645.641475366
VALt3pp_num2,b4141,23.0,,12.846824,20.84850311279297,5.171331930782302,,112645.641475366
VALtex_num1,b1377,96.2904209055866,,,,,,112645.641475366
VALtex_num2,b0241,33.2825,,,,,,112645.641475366
VALtex_num3,b0929,94.8168,,,,,,112645.641475366
VALtex_num4,b2215,96.2904209055866,,,,,,112645.641475366
VALtex_reverse_num1,b1377,96.2904209055866,,,,,,112645.641475366
VALtex_reverse_num2,b0241,33.2825,,,,,,112645.641475366
VALtex_reverse_num3,b0929,94.8168,,,,,,112645.641475366
VALtex_reverse_num4,b2215,96.2904209055866,,,,,,112645.641475366
VPAMTr,b3572,133.20262771610487,29.1053,2.986834,43.99202728271485,3.5932738645017825,,
VPAMTr_reverse,b3572,133.20262771610487,1.9078,3.9255602,46.69075775146485,4.810772528691261,,
WCOS,b0827,178.0,0.7037,6.6885242,,3.470363952708512,,112645.641475366
X5PL3E_num1,b4197,160.70234805267864,,,,,,
X5PL3E_num2,b3582,189.6850202355557,,,,,,
XAND,b2867 and b2866 and b2868,136.2454183611817,162.5276,5.7610617,35.57624435424805,6.9899481650584585,15143.333333333334,
XANt2pp_num1,b3654,23.0,12.9585,5.23234,35.36833572387695,1.9562772055410185,,112645.641475366
XANt2pp_num2,b2882,23.0,,3.8238304,22.046640396118164,7.228125235384933,,112645.641475366
XANt2pp_num3,b2888,23.0,,6.2164764,40.41080474853516,2.419531547116704,,112645.641475366
XANtex_num1,b1377,96.2904209055866,,,,,,112645.641475366
XANtex_num2,b0241,33.2825,,,,,,112645.641475366
XANtex_num3,b0929,94.8168,,,,,,112645.641475366
XANtex_num4,b2215,96.2904209055866,,,,,,112645.641475366
XANtex_reverse_num1,b1377,96.2904209055866,,,,,,112645.641475366
XANtex_reverse_num2,b0241,33.2825,,,,,,112645.641475366
XANtex_reverse_num3,b0929,94.8168,,,,,,112645.641475366
XANtex_reverse_num4,b2215,96.2904209055866,,,,,,112645.641475366
XMPtex_num1,b1377,96.2904209055866,,,,,,112645.641475366
XMPtex_num2,b0241,33.2825,,,,,,112645.641475366
XMPtex_num3,b0929,94.8168,,,,,,112645.641475366
XMPtex_num4,b2215,96.2904209055866,,,,,,112645.641475366
XMPtex_reverse_num1,b1377,96.2904209055866,,,,,,112645.641475366
XMPtex_reverse_num2,b0241,33.2825,,,,,,112645.641475366
XMPtex_reverse_num3,b0929,94.8168,,,,,,112645.641475366
XMPtex_reverse_num4,b2215,96.2904209055866,,,,,,112645.641475366
XPPT,b0238,92.71685493840006,0.0025,116.999794,43.56171417236328,2.601245076718941,,131.0
XTSNH,b0030,121.23861216232469,0.8362,8.151524,12.437339782714844,3.318657465044924,,20.3058
XTSNt2rpp,b2406,23.0,57.9568,1.8213558,16.7822265625,7.384226029220949,,112645.641475366
XTSNt2rpp_reverse,b2406,23.0,7.164,1.8213558,16.7822265625,12.628470676953103,,112645.641475366
XTSNtex_num1,b1377,96.2904209055866,,,,,,112645.641475366
XTSNtex_num2,b0241,33.2825,,,,,,112645.641475366
XTSNtex_num3,b0929,94.8168,,,,,,112645.641475366
XTSNtex_num4,b2215,96.2904209055866,,,,,,112645.641475366
XTSNtex_reverse_num1,b1377,96.2904209055866,,,,,,112645.641475366
XTSNtex_reverse_num2,b0241,33.2825,,,,,,112645.641475366
XTSNtex_reverse_num3,b0929,94.8168,,,,,,112645.641475366
XTSNtex_reverse_num4,b2215,96.2904209055866,,,,,,112645.641475366
XYHDL,b3656,135.5233043049329,33.9735,,43.45951843261719,5.911690437717237,,112645.641475366
XYLI1,b3565,215.03354492000008,,,,,807.2593649999999,
XYLI1_reverse,b3565,215.03354492000008,,,,,807.2593649999999,
XYLI2,b3565,215.03354492000008,,,,,807.2593649999999,
XYLI2_reverse,b3565,215.03354492000008,,,,,807.2593649999999,
XYLK2_num1,b0063,136.71153247522938,1.095,49.882008,44.855865478515625,3.709008719383553,,
XYLK2_num2,b3580,178.0,,23.706291,69.82032775878906,1.3104288975077028,,
XYLK_num1,b0063,136.71153247522938,5.2531,49.882008,44.855865478515625,545.537411727458,3427.5,
XYLK_num2,b3564,163.56417402633934,8.7103,238.7645,244.3948516845703,11.424475857554716,3427.5,
XYLUt2pp,b3578 and b3577 and b3579,97.76404181117316,64.1023,23.176899,28.391902923583984,6.893062771666467,,112645.641475366
XYLUtex_num1,b1377,96.2904209055866,,,,,,112645.641475366
XYLUtex_num2,b0241,33.2825,,,,,,112645.641475366
XYLUtex_num3,b0929,94.8168,,,,,,112645.641475366
XYLUtex_num4,b2215,96.2904209055866,,,,,,112645.641475366
XYLUtex_reverse_num1,b1377,96.2904209055866,,,,,,112645.641475366
XYLUtex_reverse_num2,b0241,33.2825,,,,,,112645.641475366
XYLUtex_reverse_num3,b0929,94.8168,,,,,,112645.641475366
XYLUtex_reverse_num4,b2215,96.2904209055866,,,,,,112645.641475366
XYLabcpp,b3566 and b3568 and b3567,99.3820209055866,32.5946,17.620256,8.797575950622559,7.384226029220949,,112645.641475366
XYLt2pp,b4031,23.0,12.8495,9.482221,14.009480476379396,1.3473436861442745,,112645.641475366
XYLtex_num1,b1377,96.2904209055866,,,,,,112645.641475366
XYLtex_num2,b0241,33.2825,,,,,,112645.641475366
XYLtex_num3,b0929,94.8168,,,,,,112645.641475366
XYLtex_num4,b2215,96.2904209055866,,,,,,112645.641475366
XYLtex_reverse_num1,b1377,96.2904209055866,,,,,,112645.641475366
XYLtex_reverse_num2,b0241,33.2825,,,,,,112645.641475366
XYLtex_reverse_num3,b0929,94.8168,,,,,,112645.641475366
XYLtex_reverse_num4,b2215,96.2904209055866,,,,,,112645.641475366
YUMPS,b2165,119.0261688564688,17.3924,20.544462,22.50571250915528,20.83005914936328,,112645.641475366
YUMPS_reverse,b2165,119.0261688564688,42.7562,,22.50571250915528,4.385833655294576,,112645.641475366
ZN2abcpp,b3469,75.41,,,,,,300.0
ZN2t3pp_num1,b3915,75.41,,,,,,112645.641475366
ZN2t3pp_num2,b0752,75.41,,,,,,112645.641475366
ZN2tpp,b3040,33.2825,,,,,,112645.641475366
ZNabcpp,b1858 and b1859 and b1857,90.65907860738318,,,,,,300.0
Zn2tex_num1,b1377,96.2904209055866,,,,,,112645.641475366
Zn2tex_num2,b0241,33.2825,,,,,,112645.641475366
Zn2tex_num3,b0929,94.8168,,,,,,112645.641475366
Zn2tex_num4,b2215,96.2904209055866,,,,,,112645.641475366
Zn2tex_reverse_num1,b1377,96.2904209055866,,,,,,112645.641475366
Zn2tex_reverse_num2,b0241,33.2825,,,,,,112645.641475366
Zn2tex_reverse_num3,b0929,94.8168,,,,,,112645.641475366
Zn2tex_reverse_num4,b2215,96.2904209055866,,,,,,112645.641475366
