reaction,gpr,GO_HKP,DLKcat,MTLKP,TurNup,UniKP,database,fill_method,database_clean,reaction_type,is_complex,base_reaction,is_reverse,Ensemble_Geometric_Mean,Ensemble_Arithmetic_Mean,Ensemble_Median,Ensemble_Weighted
12PPDRtex_num1,b1377,96.2904209055866,,,,,,112645.641475366,,Transport,False,12PPDRtex,False,,,,
12PPDRtex_num2,b0241,33.2825,,,,,,112645.641475366,,Transport,False,12PPDRtex,False,,,,
12PPDRtex_num3,b0929,94.8168,,,,,,112645.641475366,,Transport,False,12PPDRtex,False,,,,
12PPDRtex_num4,b2215,96.2904209055866,,,,,,112645.641475366,,Transport,False,12PPDRtex,False,,,,
12PPDRtex_reverse_num1,b1377,96.2904209055866,,,,,,112645.641475366,,Transport,False,12PPDRtex,True,,,,
12PPDRtex_reverse_num2,b0241,33.2825,,,,,,112645.641475366,,Transport,False,12PPDRtex,True,,,,
12PPDRtex_reverse_num3,b0929,94.8168,,,,,,112645.641475366,,Transport,False,12PPDRtex,True,,,,
12PPDRtex_reverse_num4,b2215,96.2904209055866,,,,,,112645.641475366,,Transport,False,12PPDRtex,True,,,,
12PPDStex_num1,b1377,96.2904209055866,,,,,,112645.641475366,,Transport,False,12PPDStex,False,,,,
12PPDStex_num2,b0241,33.2825,,,,,,112645.641475366,,Transport,False,12PPDStex,False,,,,
12PPDStex_num3,b0929,94.8168,,,,,,112645.641475366,,Transport,False,12PPDStex,False,,,,
12PPDStex_num4,b2215,96.2904209055866,,,,,,112645.641475366,,Transport,False,12PPDStex,False,,,,
12PPDStex_reverse_num1,b1377,96.2904209055866,,,,,,112645.641475366,,Transport,False,12PPDStex,True,,,,
12PPDStex_reverse_num2,b0241,33.2825,,,,,,112645.641475366,,Transport,False,12PPDStex,True,,,,
12PPDStex_reverse_num3,b0929,94.8168,,,,,,112645.641475366,,Transport,False,12PPDStex,True,,,,
12PPDStex_reverse_num4,b2215,96.2904209055866,,,,,,112645.641475366,,Transport,False,12PPDStex,True,,,,
13PPDH2,b3011,121.175352563932,21.2411,18.234058,10.98911190032959,5.216962663451387,,112645.641475366,,Metabolic (Core),False,13PPDH2,False,12.207034301861743,13.920308140945245,14.611584950164795,12.207034301861743
13PPDH2_reverse,b3011,121.175352563932,1.3259,9.66856,14.06663990020752,4.833523926798825,,112645.641475366,,Metabolic (Reverse),False,13PPDH2,True,5.43352541107087,7.473655956751586,7.2510419633994125,5.43352541107087
14GLUCANabcpp,b4035 and b4032 and b4034 and b4033,104.73241798245591,32.4956,,5.735721111297607,25.827463201057576,,112645.641475366,,Metabolic (Core),True,14GLUCANabcpp,False,16.884885218057985,21.352928104118394,25.827463201057576,8.329589222706849
14GLUCANtexi,b4036,117.94906666660007,,,,,,,,Transport,False,14GLUCANtexi,False,,,,
23CAMPtex_num1,b1377,96.2904209055866,,,,,,112645.641475366,,Transport,False,23CAMPtex,False,,,,
23CAMPtex_num2,b0241,33.2825,,,,,,112645.641475366,,Transport,False,23CAMPtex,False,,,,
23CAMPtex_num3,b0929,94.8168,,,,,,112645.641475366,,Transport,False,23CAMPtex,False,,,,
23CAMPtex_num4,b2215,96.2904209055866,,,,,,112645.641475366,,Transport,False,23CAMPtex,False,,,,
23CAMPtex_reverse_num1,b1377,96.2904209055866,,,,,,112645.641475366,,Transport,False,23CAMPtex,True,,,,
23CAMPtex_reverse_num2,b0241,33.2825,,,,,,112645.641475366,,Transport,False,23CAMPtex,True,,,,
23CAMPtex_reverse_num3,b0929,94.8168,,,,,,112645.641475366,,Transport,False,23CAMPtex,True,,,,
23CAMPtex_reverse_num4,b2215,96.2904209055866,,,,,,112645.641475366,,Transport,False,23CAMPtex,True,,,,
23CCMPtex_num1,b1377,96.2904209055866,,,,,,112645.641475366,,Transport,False,23CCMPtex,False,,,,
23CCMPtex_num2,b0241,33.2825,,,,,,112645.641475366,,Transport,False,23CCMPtex,False,,,,
23CCMPtex_num3,b0929,94.8168,,,,,,112645.641475366,,Transport,False,23CCMPtex,False,,,,
23CCMPtex_num4,b2215,96.2904209055866,,,,,,112645.641475366,,Transport,False,23CCMPtex,False,,,,
23CCMPtex_reverse_num1,b1377,96.2904209055866,,,,,,112645.641475366,,Transport,False,23CCMPtex,True,,,,
23CCMPtex_reverse_num2,b0241,33.2825,,,,,,112645.641475366,,Transport,False,23CCMPtex,True,,,,
23CCMPtex_reverse_num3,b0929,94.8168,,,,,,112645.641475366,,Transport,False,23CCMPtex,True,,,,
23CCMPtex_reverse_num4,b2215,96.2904209055866,,,,,,112645.641475366,,Transport,False,23CCMPtex,True,,,,
23CGMPtex_num1,b1377,96.2904209055866,,,,,,112645.641475366,,Transport,False,23CGMPtex,False,,,,
23CGMPtex_num2,b0241,33.2825,,,,,,112645.641475366,,Transport,False,23CGMPtex,False,,,,
23CGMPtex_num3,b0929,94.8168,,,,,,112645.641475366,,Transport,False,23CGMPtex,False,,,,
23CGMPtex_num4,b2215,96.2904209055866,,,,,,112645.641475366,,Transport,False,23CGMPtex,False,,,,
23CGMPtex_reverse_num1,b1377,96.2904209055866,,,,,,112645.641475366,,Transport,False,23CGMPtex,True,,,,
23CGMPtex_reverse_num2,b0241,33.2825,,,,,,112645.641475366,,Transport,False,23CGMPtex,True,,,,
23CGMPtex_reverse_num3,b0929,94.8168,,,,,,112645.641475366,,Transport,False,23CGMPtex,True,,,,
23CGMPtex_reverse_num4,b2215,96.2904209055866,,,,,,112645.641475366,,Transport,False,23CGMPtex,True,,,,
23CUMPtex_num1,b1377,96.2904209055866,,,,,,112645.641475366,,Transport,False,23CUMPtex,False,,,,
23CUMPtex_num2,b0241,33.2825,,,,,,112645.641475366,,Transport,False,23CUMPtex,False,,,,
23CUMPtex_num3,b0929,94.8168,,,,,,112645.641475366,,Transport,False,23CUMPtex,False,,,,
23CUMPtex_num4,b2215,96.2904209055866,,,,,,112645.641475366,,Transport,False,23CUMPtex,False,,,,
23CUMPtex_reverse_num1,b1377,96.2904209055866,,,,,,112645.641475366,,Transport,False,23CUMPtex,True,,,,
23CUMPtex_reverse_num2,b0241,33.2825,,,,,,112645.641475366,,Transport,False,23CUMPtex,True,,,,
23CUMPtex_reverse_num3,b0929,94.8168,,,,,,112645.641475366,,Transport,False,23CUMPtex,True,,,,
23CUMPtex_reverse_num4,b2215,96.2904209055866,,,,,,112645.641475366,,Transport,False,23CUMPtex,True,,,,
23DAPPAtex_num1,b1377,96.2904209055866,,,,,,112645.641475366,,Transport,False,23DAPPAtex,False,,,,
23DAPPAtex_num2,b0241,33.2825,,,,,,112645.641475366,,Transport,False,23DAPPAtex,False,,,,
23DAPPAtex_num3,b0929,94.8168,,,,,,112645.641475366,,Transport,False,23DAPPAtex,False,,,,
23DAPPAtex_num4,b2215,96.2904209055866,,,,,,112645.641475366,,Transport,False,23DAPPAtex,False,,,,
23DAPPAtex_reverse_num1,b1377,96.2904209055866,,,,,,112645.641475366,,Transport,False,23DAPPAtex,True,,,,
23DAPPAtex_reverse_num2,b0241,33.2825,,,,,,112645.641475366,,Transport,False,23DAPPAtex,True,,,,
23DAPPAtex_reverse_num3,b0929,94.8168,,,,,,112645.641475366,,Transport,False,23DAPPAtex,True,,,,
23DAPPAtex_reverse_num4,b2215,96.2904209055866,,,,,,112645.641475366,,Transport,False,23DAPPAtex,True,,,,
23DOGULNt4pp,b3579 and b3577 and b3578,97.76404181117316,18.0369,5.0895267,28.391902923583984,2.426765719243258,,112645.641475366,,Metabolic (Core),True,23DOGULNt4pp,False,8.917957777722348,13.48627383570681,11.56321335,8.917957777722348
23PDE2pp,b4213,159.51534075283124,7.8436,37.95562,196.96109008789065,2.576584054233915,10.12,,10.12,Metabolic (Core),False,23PDE2pp,False,19.715330891700017,61.334223535531144,22.899610000000003,19.715330891700017
23PDE4pp,b4213,159.51534075283124,2.5142,33.829117,244.0936889648437,3.744908238513749,10.12,,10.12,Metabolic (Core),False,23PDE4pp,False,16.698292104015287,71.04547855083936,18.787012619256874,16.698292104015287
23PDE7pp,b4213,159.51534075283124,4.8133,52.067036,186.72401428222656,6.929868172575557,6899.0368,,6899.0368,Metabolic (Core),False,23PDE7pp,False,23.863422679846483,62.63355461370053,29.49845208628778,23.863422679846483
23PDE9pp,b4213,159.51534075283124,114.7526,45.43411,216.69186401367188,8.515326148078657,6899.0368,,6899.0368,Metabolic (Core),False,23PDE9pp,False,55.69255121482694,96.34847504043763,80.093355,55.69255121482694
26DAHtex_num1,b1377,96.2904209055866,,,,,,112645.641475366,,Transport,False,26DAHtex,False,,,,
26DAHtex_num2,b0241,33.2825,,,,,,112645.641475366,,Transport,False,26DAHtex,False,,,,
26DAHtex_num3,b0929,94.8168,,,,,,112645.641475366,,Transport,False,26DAHtex,False,,,,
26DAHtex_num4,b2215,96.2904209055866,,,,,,112645.641475366,,Transport,False,26DAHtex,False,,,,
26DAHtex_reverse_num1,b1377,96.2904209055866,,,,,,112645.641475366,,Transport,False,26DAHtex,True,,,,
26DAHtex_reverse_num2,b0241,33.2825,,,,,,112645.641475366,,Transport,False,26DAHtex,True,,,,
26DAHtex_reverse_num3,b0929,94.8168,,,,,,112645.641475366,,Transport,False,26DAHtex,True,,,,
26DAHtex_reverse_num4,b2215,96.2904209055866,,,,,,112645.641475366,,Transport,False,26DAHtex,True,,,,
2AGPA120tipp,b2835,23.0,,,,,,112645.641475366,,Transport,False,2AGPA120tipp,False,,,,
2AGPA140tipp,b2835,23.0,,,,,,112645.641475366,,Transport,False,2AGPA140tipp,False,,,,
2AGPA141tipp,b2835,23.0,,,,,,112645.641475366,,Transport,False,2AGPA141tipp,False,,,,
2AGPA160tipp,b2835,23.0,,,,,,112645.641475366,,Transport,False,2AGPA160tipp,False,,,,
2AGPA161tipp,b2835,23.0,,,,,,112645.641475366,,Transport,False,2AGPA161tipp,False,,,,
2AGPA180tipp,b2835,23.0,,,,,,112645.641475366,,Transport,False,2AGPA180tipp,False,,,,
2AGPA181tipp,b2835,23.0,,,,,,112645.641475366,,Transport,False,2AGPA181tipp,False,,,,
2AGPE120tipp,b2835,23.0,,,,,,112645.641475366,,Transport,False,2AGPE120tipp,False,,,,
2AGPE140tipp,b2835,23.0,,,,,,112645.641475366,,Transport,False,2AGPE140tipp,False,,,,
2AGPE141tipp,b2835,23.0,,,,,,112645.641475366,,Transport,False,2AGPE141tipp,False,,,,
2AGPE160tipp,b2835,23.0,,,,,,112645.641475366,,Transport,False,2AGPE160tipp,False,,,,
2AGPE161tipp,b2835,23.0,,,,,,112645.641475366,,Transport,False,2AGPE161tipp,False,,,,
2AGPE180tipp,b2835,23.0,,,,,,112645.641475366,,Transport,False,2AGPE180tipp,False,,,,
2AGPE181tipp,b2835,23.0,,,,,,112645.641475366,,Transport,False,2AGPE181tipp,False,,,,
2AGPEAT120,b2836,98.49306668197664,0.7744,4.7711473,3.2235896587371826,2.7674026257612505,,112645.641475366,,Metabolic (Core),False,2AGPEAT120,False,2.3960731244027897,2.884134896124608,2.9954961422492166,2.3960731244027897
2AGPEAT140,b2836,98.49306668197664,3.7948,2.803512,3.63122820854187,5.837987692151454,,112645.641475366,,Metabolic (Core),False,2AGPEAT140,False,3.8752703671751356,4.016881975173331,3.7130141042709353,3.8752703671751356
2AGPEAT141,b2836,98.49306668197664,9.4683,,3.4213435649871826,5.727440571245332,,112645.641475366,,Metabolic (Core),False,2AGPEAT141,False,5.703521674883196,6.205694712077505,5.727440571245332,3.6906879106108534
2AGPEAT160,b2836,98.49306668197664,16.4493,5.5366206,1.831045746803284,10.400376497266745,,,,Metabolic (Core),False,2AGPEAT160,False,6.453348373101769,8.554335711017508,7.968498548633372,6.453348373101769
2AGPEAT161,b2836,98.49306668197664,19.0356,,3.4213435649871826,2.5893408021319906,,112645.641475366,,Metabolic (Core),False,2AGPEAT161,False,5.5248118289985175,8.34876145570639,3.4213435649871826,3.603612777479641
2AGPEAT180,b2836,98.49306668197664,115.7661,1.9625669,1.831045746803284,4.69157887104192,,,,Metabolic (Core),False,2AGPEAT180,False,6.646699159031289,31.0628228794613,3.32707288552096,6.646699159031289
2AGPEAT181,b2836,98.49306668197664,3.8553,1.8770452,3.1124603748321533,6.130754302507611,,112645.641475366,,Metabolic (Core),False,2AGPEAT181,False,3.4279751337568287,3.7438899693349414,3.4838801874160765,3.4279751337568287
2AGPG120tipp,b2835,23.0,,,,,,112645.641475366,,Transport,False,2AGPG120tipp,False,,,,
2AGPG140tipp,b2835,23.0,,,,,,112645.641475366,,Transport,False,2AGPG140tipp,False,,,,
2AGPG141tipp,b2835,23.0,,,,,,112645.641475366,,Transport,False,2AGPG141tipp,False,,,,
2AGPG160tipp,b2835,23.0,,,,,,112645.641475366,,Transport,False,2AGPG160tipp,False,,,,
2AGPG161tipp,b2835,23.0,,,,,,112645.641475366,,Transport,False,2AGPG161tipp,False,,,,
2AGPG180tipp,b2835,23.0,,,,,,112645.641475366,,Transport,False,2AGPG180tipp,False,,,,
2AGPG181tipp,b2835,23.0,,,,,,112645.641475366,,Transport,False,2AGPG181tipp,False,,,,
2AGPGAT120,b2836,98.49306668197664,10.7436,,3.4213435649871826,8.126022089600111,,112645.641475366,,Metabolic (Core),False,2AGPGAT120,False,6.684590983920524,7.430321884862432,8.126022089600111,4.157249876983036
2AGPGAT140,b2836,98.49306668197664,8.7881,3.3486996,1.3197332620620728,6.130754302507611,,112645.641475366,,Metabolic (Core),False,2AGPGAT140,False,3.928192966124029,4.896821791142421,4.739726951253806,3.928192966124029
2AGPGAT141,b2836,98.49306668197664,97.5807,,3.4213435649871826,9.490631515381825,,112645.641475366,,Metabolic (Core),False,2AGPGAT141,False,14.687636286901242,36.83089169345633,9.490631515381825,7.502636958597845
2AGPGAT160,b2836,98.49306668197664,97.6527,5.5366206,1.48662006855011,5.212041331239971,,112645.641475366,,Metabolic (Core),False,2AGPGAT160,False,8.045151290987574,27.47199549994752,5.374330965619985,8.045151290987574
2AGPGAT161,b2836,98.49306668197664,16.3454,,1.3197332620620728,4.04186287809693,,112645.641475366,,Metabolic (Core),False,2AGPGAT161,False,4.434259418356932,7.235665380053002,4.04186287809693,3.0557359448120254
2AGPGAT180,b2836,98.49306668197664,15.0285,1.9625669,1.48662006855011,6.47591517554057,,112645.641475366,,Metabolic (Core),False,2AGPGAT180,False,4.104973067523074,6.23840053602267,4.219241037770285,4.104973067523074
2AGPGAT181,b2836,98.49306668197664,33.7149,1.8770452,3.1124603748321533,6.47591517554057,,112645.641475366,,Metabolic (Core),False,2AGPGAT181,False,5.976203772073285,11.29508018759318,4.794187775186362,5.976203772073285
2DDARAA_num1,b4298,136.47847541820553,,,,,,112645.641475366,,Metabolic (Core),False,2DDARAA,False,,,,
2DDARAA_num2,b0268,136.47847541820553,,,,,,112645.641475366,,Metabolic (Core),False,2DDARAA,False,,,,
2DDARAA_reverse_num1,b4298,136.47847541820553,3126.5841,6.137667,23.792036056518555,184.70413182781493,,112645.641475366,,Metabolic (Reverse),False,2DDARAA,True,95.82865976643548,835.3044837210833,104.24808394216674,95.82865976643548
2DDARAA_reverse_num2,b0268,136.47847541820553,,5.536085,25.15447235107422,,,112645.641475366,,Metabolic (Reverse),False,2DDARAA,True,11.800732903752067,15.34527867553711,15.34527867553711,3.435219484072607
2DGLCptspp,b2416 and b1817 and b2415 and b1819 and b1818,152.62479040685164,59.1738,0.96225995,10.40248680114746,14.184827825821973,,112645.641475366,,Metabolic (Core),True,2DGLCptspp,False,9.57405191381005,21.18084364424236,12.293657313484715,9.57405191381005
2DGLCtex_num1,b2215,96.2904209055866,,,,,,112645.641475366,,Transport,False,2DGLCtex,False,,,,
2DGLCtex_num2,b1377,96.2904209055866,,,,,,112645.641475366,,Transport,False,2DGLCtex,False,,,,
2DGLCtex_num3,b0241,33.2825,,,,,,112645.641475366,,Transport,False,2DGLCtex,False,,,,
2DGLCtex_num4,b0929,94.8168,,,,,,112645.641475366,,Transport,False,2DGLCtex,False,,,,
2DGLCtex_reverse_num1,b2215,96.2904209055866,,,,,,112645.641475366,,Transport,False,2DGLCtex,True,,,,
2DGLCtex_reverse_num2,b1377,96.2904209055866,,,,,,112645.641475366,,Transport,False,2DGLCtex,True,,,,
2DGLCtex_reverse_num3,b0241,33.2825,,,,,,112645.641475366,,Transport,False,2DGLCtex,True,,,,
2DGLCtex_reverse_num4,b0929,94.8168,,,,,,112645.641475366,,Transport,False,2DGLCtex,True,,,,
2DGULRGx,b3553,124.73964281862038,2.2766,,19.29294776916504,0.9309737680315668,,112645.641475366,,Metabolic (Core),False,2DGULRGx,False,3.4451456563742915,7.500173845732203,2.2766,2.5287488078598512
2DGULRGy,b3553,124.73964281862038,2.7274,,22.01556968688965,1.1038974093825238,,112645.641475366,,Metabolic (Core),False,2DGULRGy,False,4.047024430600564,8.615622365424057,2.7274,2.8533291259826212
2DGULRx,b3553,124.73964281862038,1.0461,,19.29294776916504,33.81246352611123,,112645.641475366,,Metabolic (Core),False,2DGULRx,False,8.804057457571986,18.05050376509209,19.29294776916504,5.111073791481069
2DGULRy,b3553,124.73964281862038,0.1046,,22.01556968688965,33.81246352611123,,112645.641475366,,Metabolic (Core),False,2DGULRy,False,4.270179606967207,18.644211071000296,22.01556968688965,2.9705345407128565
2DOXG6PP_num1,b2293,157.17088698230995,1.2724,3.4761665,8.821300506591797,5.160646713364276,,,,Metabolic (Core),False,2DOXG6PP,False,3.7669533693090576,4.682628429989018,4.318406606682138,3.7669533693090576
2DOXG6PP_num2,b3826,173.42795360893282,,4.0478,22.591367721557617,1.7851135665555418,,,,Metabolic (Core),False,2DOXG6PP,False,5.46523876884801,9.474760429371052,4.0478,3.574430484487132
2DOXG6PP_num3,b1727,149.80799644754114,,0.7941894,5.092029571533203,1.7851135665555418,,,,Metabolic (Core),False,2DOXG6PP,False,1.9326814783094681,2.5571108460295817,1.7851135665555418,1.6391557197195414
2DOXG6PP_num4,b0446,173.42795360893282,,1.6524347,17.724365234375,5.2469593410977335,,,,Metabolic (Core),False,2DOXG6PP,False,5.356332953910575,8.207919758490911,5.2469593410977335,3.52087554450945
2HESR_num1,b2989,221.50419686676088,27.1069,8.169506,4.926880836486816,3.6115615622253454,,112645.641475366,,Metabolic (Core),False,2HESR,False,7.9229275128066465,10.953712099678041,6.548193418243408,7.9229275128066465
2HESR_num2,b2302,215.03354492000008,,8.420273,5.245456218719482,10.400376497266745,,112645.641475366,,Metabolic (Core),False,2HESR,False,7.715892471247904,8.022035238662076,8.420273,4.629559019289474
2HPTCOAT,b1400,151.18324760891227,1.761,,5.091606140136719,2.117565282847367,,112645.641475366,,Metabolic (Core),False,2HPTCOAT,False,2.6677819012693478,2.990057140994695,2.117565282847367,2.087433944566539
2MAHMP_num1,b0446,173.42795360893282,2.2478,1.3363798,14.825173377990724,3.0734277155319725,,,,Metabolic (Core),False,2MAHMP,False,3.4204054395655668,5.370695223380674,2.660613857765986,3.4204054395655668
2MAHMP_num2,b1134,157.17088698230995,,0.75591874,2.212373733520508,1.7922015180772033,,,,Metabolic (Core),False,2MAHMP,False,1.4418059569884223,1.5868313305325703,1.7922015180772033,1.3157703985038283
34dhpactex_num1,b1377,96.2904209055866,,,,,,112645.641475366,,Transport,False,34dhpactex,False,,,,
34dhpactex_num2,b0241,33.2825,,,,,,112645.641475366,,Transport,False,34dhpactex,False,,,,
34dhpactex_num3,b0929,94.8168,,,,,,112645.641475366,,Transport,False,34dhpactex,False,,,,
34dhpactex_num4,b2215,96.2904209055866,,,,,,112645.641475366,,Transport,False,34dhpactex,False,,,,
34dhpactex_reverse_num1,b1377,96.2904209055866,,,,,,112645.641475366,,Transport,False,34dhpactex,True,,,,
34dhpactex_reverse_num2,b0241,33.2825,,,,,,112645.641475366,,Transport,False,34dhpactex,True,,,,
34dhpactex_reverse_num3,b0929,94.8168,,,,,,112645.641475366,,Transport,False,34dhpactex,True,,,,
34dhpactex_reverse_num4,b2215,96.2904209055866,,,,,,112645.641475366,,Transport,False,34dhpactex,True,,,,
3AMACHYD,b1009,149.80799644754114,71.2875,2.6339014,33.78409957885742,6.495630766497587,,,,Metabolic (Core),False,3AMACHYD,False,14.247433681203615,28.55028293633875,20.139865172677503,14.247433681203615
3AMPtex_num1,b1377,96.2904209055866,,,,,,112645.641475366,,Transport,False,3AMPtex,False,,,,
3AMPtex_num2,b0241,33.2825,,,,,,112645.641475366,,Transport,False,3AMPtex,False,,,,
3AMPtex_num3,b0929,94.8168,,,,,,112645.641475366,,Transport,False,3AMPtex,False,,,,
3AMPtex_num4,b2215,96.2904209055866,,,,,,112645.641475366,,Transport,False,3AMPtex,False,,,,
3AMPtex_reverse_num1,b1377,96.2904209055866,,,,,,112645.641475366,,Transport,False,3AMPtex,True,,,,
3AMPtex_reverse_num2,b0241,33.2825,,,,,,112645.641475366,,Transport,False,3AMPtex,True,,,,
3AMPtex_reverse_num3,b0929,94.8168,,,,,,112645.641475366,,Transport,False,3AMPtex,True,,,,
3AMPtex_reverse_num4,b2215,96.2904209055866,,,,,,112645.641475366,,Transport,False,3AMPtex,True,,,,
3CMPtex_num1,b1377,96.2904209055866,,,,,,112645.641475366,,Transport,False,3CMPtex,False,,,,
3CMPtex_num2,b0241,33.2825,,,,,,112645.641475366,,Transport,False,3CMPtex,False,,,,
3CMPtex_num3,b0929,94.8168,,,,,,112645.641475366,,Transport,False,3CMPtex,False,,,,
3CMPtex_num4,b2215,96.2904209055866,,,,,,112645.641475366,,Transport,False,3CMPtex,False,,,,
3CMPtex_reverse_num1,b1377,96.2904209055866,,,,,,112645.641475366,,Transport,False,3CMPtex,True,,,,
3CMPtex_reverse_num2,b0241,33.2825,,,,,,112645.641475366,,Transport,False,3CMPtex,True,,,,
3CMPtex_reverse_num3,b0929,94.8168,,,,,,112645.641475366,,Transport,False,3CMPtex,True,,,,
3CMPtex_reverse_num4,b2215,96.2904209055866,,,,,,112645.641475366,,Transport,False,3CMPtex,True,,,,
3GMPtex_num1,b1377,96.2904209055866,,,,,,112645.641475366,,Transport,False,3GMPtex,False,,,,
3GMPtex_num2,b0241,33.2825,,,,,,112645.641475366,,Transport,False,3GMPtex,False,,,,
3GMPtex_num3,b0929,94.8168,,,,,,112645.641475366,,Transport,False,3GMPtex,False,,,,
3GMPtex_num4,b2215,96.2904209055866,,,,,,112645.641475366,,Transport,False,3GMPtex,False,,,,
3GMPtex_reverse_num1,b1377,96.2904209055866,,,,,,112645.641475366,,Transport,False,3GMPtex,True,,,,
3GMPtex_reverse_num2,b0241,33.2825,,,,,,112645.641475366,,Transport,False,3GMPtex,True,,,,
3GMPtex_reverse_num3,b0929,94.8168,,,,,,112645.641475366,,Transport,False,3GMPtex,True,,,,
3GMPtex_reverse_num4,b2215,96.2904209055866,,,,,,112645.641475366,,Transport,False,3GMPtex,True,,,,
3HAD100_num1,b0954,126.88473466186872,,,,,,8.881378260869566,,Metabolic (Core),False,3HAD100,False,,,,
3HAD100_num2,b0180,118.43411865124476,,,,,,8.881378260869566,,Metabolic (Core),False,3HAD100,False,,,,
3HAD120_num1,b0180,118.43411865124476,,,,,,8.881378260869566,,Metabolic (Core),False,3HAD120,False,,,,
3HAD120_num2,b0954,126.88473466186872,,,,,,8.881378260869566,,Metabolic (Core),False,3HAD120,False,,,,
3HAD121_num1,b0954,126.88473466186872,,,,,,,,Metabolic (Core),False,3HAD121,False,,,,
3HAD121_num2,b0180,118.43411865124476,,,,,,,,Metabolic (Core),False,3HAD121,False,,,,
3HAD140_num1,b0954,126.88473466186872,,,,,,8.881378260869566,,Metabolic (Core),False,3HAD140,False,,,,
3HAD140_num2,b0180,118.43411865124476,,,,,,8.881378260869566,,Metabolic (Core),False,3HAD140,False,,,,
3HAD141_num1,b0954,126.88473466186872,,,,,,,,Metabolic (Core),False,3HAD141,False,,,,
3HAD141_num2,b0180,118.43411865124476,,,,,,,,Metabolic (Core),False,3HAD141,False,,,,
3HAD160_num1,b0954,126.88473466186872,,,,,,8.881378260869566,,Metabolic (Core),False,3HAD160,False,,,,
3HAD160_num2,b0180,118.43411865124476,,,,,,8.881378260869566,,Metabolic (Core),False,3HAD160,False,,,,
3HAD161_num1,b0954,126.88473466186872,,,,,,,,Metabolic (Core),False,3HAD161,False,,,,
3HAD161_num2,b0180,118.43411865124476,,,,,,,,Metabolic (Core),False,3HAD161,False,,,,
3HAD180_num1,b0954,126.88473466186872,,,,,,,,Metabolic (Core),False,3HAD180,False,,,,
3HAD180_num2,b0180,118.43411865124476,,,,,,,,Metabolic (Core),False,3HAD180,False,,,,
3HAD181_num1,b0954,126.88473466186872,,,,,,,,Metabolic (Core),False,3HAD181,False,,,,
3HAD181_num2,b0180,118.43411865124476,,,,,,,,Metabolic (Core),False,3HAD181,False,,,,
3HAD40_num1,b0954,126.88473466186872,,,,,,,,Metabolic (Core),False,3HAD40,False,,,,
3HAD40_num2,b0180,118.43411865124476,,,,,,,,Metabolic (Core),False,3HAD40,False,,,,
3HAD60_num1,b0954,126.88473466186872,,,,,,8.881378260869566,,Metabolic (Core),False,3HAD60,False,,,,
3HAD60_num2,b0180,118.43411865124476,,,,,,8.881378260869566,,Metabolic (Core),False,3HAD60,False,,,,
3HAD80_num1,b0954,126.88473466186872,,,,,,8.881378260869566,,Metabolic (Core),False,3HAD80,False,,,,
3HAD80_num2,b0180,118.43411865124476,,,,,,8.881378260869566,,Metabolic (Core),False,3HAD80,False,,,,
3HBZCT,b0597,149.80799644754114,2.6448,,5.811877250671387,10.400376497266745,,112645.641475366,,Metabolic (Core),False,3HBZCT,False,5.427328516197391,6.285684582646044,5.811877250671387,3.5558184798426717
3HCINNMH,b0347,128.2406734749161,3.0367,1.2820866,3.87712025642395,1.3423129350260046,0.691,,0.691,Metabolic (Core),False,3HCINNMH,False,2.1216345268901304,2.3845549478624886,2.1895064675130023,2.1216345268901304
3HPADHi,b1300,149.80799644754114,0.4232,15.971897,16.749155044555664,2.273522705767711,,112645.641475366,,Metabolic (Core),False,3HPADHi,False,4.005424866073785,8.854443687580844,9.122709852883856,4.005424866073785
3HPPPNH,b0347,128.2406734749161,1.3298,1.3805982,3.87712025642395,7.228125235384933,0.691,,0.691,Metabolic (Core),False,3HPPPNH,False,2.678225513519448,3.453910922952221,2.628859228211975,2.678225513519448
3HPPtex_num1,b2215,96.2904209055866,,,,,,112645.641475366,,Transport,False,3HPPtex,False,,,,
3HPPtex_num2,b1377,96.2904209055866,,,,,,112645.641475366,,Transport,False,3HPPtex,False,,,,
3HPPtex_num3,b0929,94.8168,,,,,,112645.641475366,,Transport,False,3HPPtex,False,,,,
3HPPtex_num4,b0241,33.2825,,,,,,112645.641475366,,Transport,False,3HPPtex,False,,,,
3HPPtex_reverse_num1,b2215,96.2904209055866,,,,,,112645.641475366,,Transport,False,3HPPtex,True,,,,
3HPPtex_reverse_num2,b1377,96.2904209055866,,,,,,112645.641475366,,Transport,False,3HPPtex,True,,,,
3HPPtex_reverse_num3,b0929,94.8168,,,,,,112645.641475366,,Transport,False,3HPPtex,True,,,,
3HPPtex_reverse_num4,b0241,33.2825,,,,,,112645.641475366,,Transport,False,3HPPtex,True,,,,
3KGK,b3580,178.0,12.0658,17.46019,69.82032775878906,5.688412376681967,,,,Metabolic (Core),False,3KGK,False,17.007657869002838,26.25868253386776,14.762995,17.007657869002838
3NTD2pp_num1,b4213,159.51534075283124,51.8008,27.363518,216.69186401367188,20.83005914936328,27.41375,,27.41375,Metabolic (Core),False,3NTD2pp,False,50.29332825940705,79.17156029075878,39.582159000000004,50.29332825940705
3NTD2pp_num2,b0383,205.72000000000008,,5.527949,94.15534973144533,20.83005914936328,27.41375,,27.41375,Metabolic (Core),False,3NTD2pp,False,22.132637818766035,40.171119293602864,20.83005914936328,10.204104156051795
3NTD4pp_num1,b0383,205.72000000000008,8.5149,8.249526,91.3937530517578,20.83005914936328,27.41375,,27.41375,Metabolic (Core),False,3NTD4pp,False,19.122906018113728,32.24705955028027,14.67247957468164,19.122906018113728
3NTD4pp_num2,b4213,159.51534075283124,,60.097664,210.33624267578125,18.05149927356397,27.41375,,27.41375,Metabolic (Core),False,3NTD4pp,False,61.10756715591072,96.16180198311508,60.097664,21.856028347742182
3NTD4pp_num3,b2744,117.63095515668913,,8.742382,147.21669006347656,20.83005914936328,27.41375,,27.41375,Metabolic (Core),False,3NTD4pp,False,29.929016370010498,58.929710404279945,20.83005914936328,12.79585567017205
3NTD7pp_num1,b4213,159.51534075283124,3.9633,84.48002,204.1670379638672,20.83005914936328,27.41375,,27.41375,Metabolic (Core),False,3NTD7pp,False,34.54393212474331,78.3601042783076,52.65503957468164,34.54393212474331
3NTD7pp_num2,b0383,205.72000000000008,,12.688785,86.1112060546875,18.05149927356397,27.41375,,27.41375,Metabolic (Core),False,3NTD7pp,False,27.01869256111681,38.95049677608382,18.05149927356397,11.850815782970313
3NTD9pp_num1,b4213,159.51534075283124,0.0423,53.831303,151.6005401611328,20.83005914936328,27.41375,,27.41375,Metabolic (Core),False,3NTD9pp,False,9.20855800022332,56.576050577624024,37.330681074681635,9.20855800022332
3NTD9pp_num2,b0383,205.72000000000008,,9.118119,74.20227813720703,20.83005914936328,27.41375,,27.41375,Metabolic (Core),False,3NTD9pp,False,24.154849321959162,34.71681876219011,20.83005914936328,10.895652647696684
3OAR100,b1093,136.71153247522938,3.9,,48.10326766967773,2.929298538756969,0.59,,0.59,Metabolic (Core),False,3OAR100,False,8.190949977876953,18.310855402811566,3.9,4.841731538632028
3OAR100_reverse,b1093,136.71153247522938,2.2495,,61.53378677368164,3.653492800559781,0.59,,0.59,Metabolic (Reverse),False,3OAR100,True,7.967143359979204,22.478926524747138,3.653492800559781,4.742168418448274
3OAR120,b1093,136.71153247522938,1.6686,,48.10326766967773,3.842358408537775,0.59,,0.59,Metabolic (Core),False,3OAR120,False,6.75628918852481,17.871408692738502,3.842358408537775,4.190647899967708
3OAR120_reverse,b1093,136.71153247522938,1.9392,,61.53378677368164,10.397610637812583,0.59,,0.59,Metabolic (Reverse),False,3OAR120,True,10.745416779376683,24.623532470498077,10.397610637812583,5.934955250902237
3OAR121,b1093,136.71153247522938,0.4779,,48.10326766967773,4.04186287809693,0.59,,0.59,Metabolic (Core),False,3OAR121,False,4.529299734215798,17.541010182591553,4.04186287809693,3.1047261269532322
3OAR140,b1093,136.71153247522938,22.3204,,48.10326766967773,4.276039907119107,0.59,,0.59,Metabolic (Core),False,3OAR140,False,16.620322020478792,24.899902525598947,22.3204,8.231511239576117
3OAR140_reverse,b1093,136.71153247522938,2.3523,,61.53378677368164,7.552988127207209,0.59,,0.59,Metabolic (Reverse),False,3OAR140,True,10.30168780360012,23.813024966962953,7.552988127207209,5.7501779932550585
3OAR141,b1093,136.71153247522938,26.6302,,48.10326766967773,3.370329247802288,0.59,,0.59,Metabolic (Core),False,3OAR141,False,16.28322580736776,26.034598972493338,26.6302,8.105976383732754
3OAR160,b1093,136.71153247522938,58.6145,,48.10326766967773,1.1124517833873355,0.59,,0.59,Metabolic (Core),False,3OAR160,False,14.638175402247084,35.94340648435502,48.10326766967773,7.483680020316736
3OAR160_reverse,b1093,136.71153247522938,1.716,,61.53378677368164,20.841183569207764,0.59,,0.59,Metabolic (Reverse),False,3OAR160,True,13.007218474495,28.0303234476298,20.841183569207764,6.849175999330463
3OAR161,b1093,136.71153247522938,56.8169,,48.10326766967773,10.475654966689731,0.59,,0.59,Metabolic (Core),False,3OAR161,False,30.592227465701786,38.46527421212249,48.10326766967773,13.007934003080921
3OAR180,b1093,136.71153247522938,9.8469,,48.10326766967773,5.160646713364276,0.59,,0.59,Metabolic (Core),False,3OAR180,False,13.470780056735975,21.036938127680667,9.8469,7.031444593644279
3OAR180_reverse,b1093,136.71153247522938,71.8765,,61.53378677368164,3.0651438472701296,0.59,,0.59,Metabolic (Reverse),False,3OAR180,True,23.84425776534356,45.49181020698392,61.53378677368164,10.790407746401533
3OAR181,b1093,136.71153247522938,128.5811,,48.10326766967773,17.527193281992982,0.59,,0.59,Metabolic (Core),False,3OAR181,False,47.68202567724206,64.73718698389024,48.10326766967773,18.14537813407388
3OAR40,b1093,136.71153247522938,12.2147,,48.10326766967773,23.20984801412347,0.59,,0.59,Metabolic (Core),False,3OAR40,False,23.891489525218677,27.84260522793373,23.20984801412347,10.80643436792213
3OAR40_reverse,b1093,136.71153247522938,1.7251,,61.53378677368164,0.0265707957806125,0.59,,0.59,Metabolic (Reverse),False,3OAR40,True,1.4128980518599559,21.095152523154084,1.7251,1.2959347030655386
3OAR60,b1093,136.71153247522938,2.2729,,48.10326766967773,1.873480710504212,0.59,,0.59,Metabolic (Core),False,3OAR60,False,5.894786015716884,17.416549460060647,2.2729,3.7831279806139833
3OAR60_reverse,b1093,136.71153247522938,1.761,,61.53378677368164,4.126232577709164,0.59,,0.59,Metabolic (Reverse),False,3OAR60,True,7.64672667967067,22.47367311713027,4.126232577709164,4.598399248353887
3OAR80,b1093,136.71153247522938,2.8858,,48.10326766967773,1.4545002766521131,0.59,,0.59,Metabolic (Core),False,3OAR80,False,5.866578308751961,17.48118931544328,2.8858,3.7695425862466205
3OAR80_reverse,b1093,136.71153247522938,1.4637,,61.53378677368164,3.653492800559781,0.59,,0.59,Metabolic (Reverse),False,3OAR80,True,6.903849630780076,22.216993191413806,3.653492800559781,4.25910643035825
3OAS100_num1,b2323,125.69922461667636,22.6805,,6.918361663818359,5.770470497209467,,,,Metabolic (Core),False,3OAS100,False,9.674362808432642,11.789777387009275,6.918361663818359,5.485507052106849
3OAS100_num2,b1095,120.7983675600902,,,8.468523979187012,2.83415341835266,,,,Metabolic (Core),False,3OAS100,False,4.89909136310136,5.651338698769836,5.651338698769836,2.2133891124475515
3OAS120_num1,b1095,120.7983675600902,65.0997,,8.468523979187012,6.875121780834266,,,,Metabolic (Core),False,3OAS120,False,15.591540771346814,26.81444858667376,8.468523979187012,7.846333728175811
3OAS120_num2,b2323,125.69922461667636,,,6.918361663818359,2.4122784867804152,,,,Metabolic (Core),False,3OAS120,False,4.085219089032483,4.6653200752993875,4.6653200752993875,2.021192491830623
3OAS121,b2323,125.69922461667636,11.0078,,6.918361663818359,7.897718004824455,0.0577499999999999,,0.0577499999999999,Metabolic (Core),False,3OAS121,False,8.441153635555436,8.607959889547605,7.897718004824455,4.952236236218592
3OAS140_num1,b2323,125.69922461667636,8.1977,,6.918361663818359,2.7304914725608933,,,,Metabolic (Core),False,3OAS140,False,5.370054611293824,5.948851045459751,6.918361663818359,3.5276381180249174
3OAS140_num2,b1095,120.7983675600902,,,8.468523979187012,4.201952486334633,,,,Metabolic (Core),False,3OAS140,False,5.9652607143300385,6.3352382327608225,6.3352382327608225,2.4423883217723668
3OAS141,b2323,125.69922461667636,39.3197,,6.918361663818359,2.177845051255175,0.0577499999999999,,0.0577499999999999,Metabolic (Core),False,3OAS141,False,8.398727258761523,16.13863557169118,6.918361663818359,4.933556527633796
3OAS160_num1,b2323,125.69922461667636,2.9056,,6.918361663818359,6.245464574809021,,,,Metabolic (Core),False,3OAS160,False,5.007273105067047,5.356475412875793,6.245464574809021,3.347348725876858
3OAS160_num2,b1095,120.7983675600902,,,8.468523979187012,3.709008719383553,,,,Metabolic (Core),False,3OAS160,False,5.6044472768608795,6.088766349285282,6.088766349285282,2.3673713854950766
3OAS161,b2323,125.69922461667636,82.3219,,6.918361663818359,5.837987692151454,0.0577499999999999,,0.0577499999999999,Metabolic (Core),False,3OAS161,False,14.925444503462462,31.692749785323272,6.918361663818359,7.593560465729164
3OAS180_num1,b1095,120.7983675600902,64.2202,,8.468523979187012,3.095314723399571,0.0577499999999999,,0.0577499999999999,Metabolic (Core),False,3OAS180,False,11.89582946434308,25.26134623419553,8.468523979187012,6.405396928758907
3OAS180_num2,b2323,125.69922461667636,,,6.918361663818359,4.588231538118686,0.0577499999999999,,0.0577499999999999,Metabolic (Core),False,3OAS180,False,5.6340966603389635,5.753296600968523,5.753296600968523,2.3736252148009727
3OAS181,b1095,120.7983675600902,2.4441,,8.468523979187012,6.960383956781024,0.029,,0.029,Metabolic (Core),False,3OAS181,False,5.242276977555771,5.957669311989346,6.960383956781024,3.464495268024229
3OAS60_num1,b1095,120.7983675600902,29.3964,,8.468523979187012,6.481120339900238,,,,Metabolic (Core),False,3OAS60,False,11.728720898272712,14.782014773029083,8.468523979187012,6.337792099726109
3OAS60_num2,b2323,125.69922461667636,,,6.918361663818359,8.724466117339635,,,,Metabolic (Core),False,3OAS60,False,7.769106249980413,7.821413890578997,7.821413890578997,2.7873116528261446
3OAS80_num1,b2323,125.69922461667636,75.7131,,6.918361663818359,14.343182163764258,,,,Metabolic (Core),False,3OAS80,False,19.585737730045647,32.32488127586087,14.343182163764258,9.310112973849272
3OAS80_num2,b1095,120.7983675600902,,,8.468523979187012,7.672849549603623,,,,Metabolic (Core),False,3OAS80,False,8.060875287430797,8.070686764395317,8.070686764395317,2.839168062554733
3OXCOAT,b1397,118.43411865124476,8.617,4.5254292,9.320162773132324,3.0651438472701296,352625.4108333333,,352625.4108333333,Metabolic (Core),False,3OXCOAT,False,5.777268559516799,6.381933955100614,6.5712146,5.777268559516799
3PEPTabcpp_num1,b2178 and b2177 and b2180 and b2179,97.76404181117316,17.011,,8.060506820678711,11.334694813446427,,112645.641475366,,Metabolic (Core),True,3PEPTabcpp,False,11.583345451242497,12.13540054470838,11.334694813446427,6.278783472339758
3PEPTabcpp_num2,b1329 and b1247 and b1245 and b1244 and b1246,120.50274604186052,,,9.22691535949707,6.7859805272721,,112645.641475366,,Metabolic (Core),True,3PEPTabcpp,False,7.912879877537315,8.006447943384586,8.006447943384586,2.8129841587782387
3PEPTabcpp_num3,b1244 and b1247 and b1245 and b1246 and b1243,120.42138255624845,,,9.22691535949707,6.7859805272721,,112645.641475366,,Metabolic (Core),True,3PEPTabcpp,False,7.912879877537315,8.006447943384586,8.006447943384586,2.8129841587782387
3PEPTtex_num1,b1377,96.2904209055866,,,,,,112645.641475366,,Transport,False,3PEPTtex,False,,,,
3PEPTtex_num2,b0241,33.2825,,,,,,112645.641475366,,Transport,False,3PEPTtex,False,,,,
3PEPTtex_num3,b0929,94.8168,,,,,,112645.641475366,,Transport,False,3PEPTtex,False,,,,
3PEPTtex_num4,b2215,96.2904209055866,,,,,,112645.641475366,,Transport,False,3PEPTtex,False,,,,
3PEPTtex_reverse_num1,b1377,96.2904209055866,,,,,,112645.641475366,,Transport,False,3PEPTtex,True,,,,
3PEPTtex_reverse_num2,b0241,33.2825,,,,,,112645.641475366,,Transport,False,3PEPTtex,True,,,,
3PEPTtex_reverse_num3,b0929,94.8168,,,,,,112645.641475366,,Transport,False,3PEPTtex,True,,,,
3PEPTtex_reverse_num4,b2215,96.2904209055866,,,,,,112645.641475366,,Transport,False,3PEPTtex,True,,,,
3SLAR,b3882,130.15983707102805,11.2671,,222.9801177978516,8.375467515442104,,112645.641475366,,Metabolic (Core),False,3SLAR,False,27.607629372019257,80.87422843776456,11.2671,12.044030232472306
3UMPtex_num1,b1377,96.2904209055866,,,,,,112645.641475366,,Transport,False,3UMPtex,False,,,,
3UMPtex_num2,b0241,33.2825,,,,,,112645.641475366,,Transport,False,3UMPtex,False,,,,
3UMPtex_num3,b0929,94.8168,,,,,,112645.641475366,,Transport,False,3UMPtex,False,,,,
3UMPtex_num4,b2215,96.2904209055866,,,,,,112645.641475366,,Transport,False,3UMPtex,False,,,,
3UMPtex_reverse_num1,b1377,96.2904209055866,,,,,,112645.641475366,,Transport,False,3UMPtex,True,,,,
3UMPtex_reverse_num2,b0241,33.2825,,,,,,112645.641475366,,Transport,False,3UMPtex,True,,,,
3UMPtex_reverse_num3,b0929,94.8168,,,,,,112645.641475366,,Transport,False,3UMPtex,True,,,,
3UMPtex_reverse_num4,b2215,96.2904209055866,,,,,,112645.641475366,,Transport,False,3UMPtex,True,,,,
42A12BOOXpp,b1386,169.22268505812133,2.749,31.535576,10.40248680114746,13.543588217899387,30938.966666666667,,30938.966666666667,Metabolic (Core),False,42A12BOOXpp,False,10.512635474137827,14.557662754761711,11.973037509523422,10.512635474137827
4ABZGLUH,b1337 and b1338,130.15983707102805,74.5526,,8.90823745727539,9.685838815944882,,112645.641475366,,Metabolic (Core),True,4ABZGLUH,False,18.597901312703666,31.048892091073423,9.685838815944882,8.95566735831069
4ABZGLUH_reverse,b1337 and b1338,130.15983707102805,14.1972,25.294153,7.908206939697266,8.735721749952106,,112645.641475366,,Metabolic (Reverse),True,4ABZGLUH,True,12.550178848036714,14.033820422412344,11.466460874976054,12.550178848036714
4ABZGLUtex_num1,b2215,96.2904209055866,,,,,,112645.641475366,,Transport,False,4ABZGLUtex,False,,,,
4ABZGLUtex_num2,b0241,33.2825,,,,,,112645.641475366,,Transport,False,4ABZGLUtex,False,,,,
4ABZGLUtex_num3,b1377,96.2904209055866,,,,,,112645.641475366,,Transport,False,4ABZGLUtex,False,,,,
4ABZGLUtex_num4,b0929,94.8168,,,,,,112645.641475366,,Transport,False,4ABZGLUtex,False,,,,
4ABZGLUtex_reverse_num1,b2215,96.2904209055866,,,,,,112645.641475366,,Transport,False,4ABZGLUtex,True,,,,
4ABZGLUtex_reverse_num2,b0241,33.2825,,,,,,112645.641475366,,Transport,False,4ABZGLUtex,True,,,,
4ABZGLUtex_reverse_num3,b1377,96.2904209055866,,,,,,112645.641475366,,Transport,False,4ABZGLUtex,True,,,,
4ABZGLUtex_reverse_num4,b0929,94.8168,,,,,,112645.641475366,,Transport,False,4ABZGLUtex,True,,,,
4ABZGLUtr,b1336,23.0,72.0373,,11.683470726013184,2.49260093430609,,112645.641475366,,Metabolic (Core),False,4ABZGLUtr,False,12.801494825845436,28.737790553439762,11.683470726013184,6.767768797077369
4ABZGLUtr_reverse,b1336,23.0,7.9521,,11.683470726013184,2.458310668233155,,112645.641475366,,Metabolic (Reverse),False,4ABZGLUtr,True,6.112658842706499,7.364627131415446,7.9521,3.887519838914762
4HBZt3pp,b3240 and b3241,207.78250892732828,2.6333,0.9058999,23.2384033203125,4.423306762159818,,112645.641475366,,Metabolic (Core),True,4HBZt3pp,False,3.957158754540466,7.8002274956180795,3.528303381079909,3.957158754540466
4HOXPACDtex_num1,b1377,96.2904209055866,,,,,,112645.641475366,,Transport,False,4HOXPACDtex,False,,,,
4HOXPACDtex_num2,b0241,33.2825,,,,,,112645.641475366,,Transport,False,4HOXPACDtex,False,,,,
4HOXPACDtex_num3,b0929,94.8168,,,,,,112645.641475366,,Transport,False,4HOXPACDtex,False,,,,
4HOXPACDtex_num4,b2215,96.2904209055866,,,,,,112645.641475366,,Transport,False,4HOXPACDtex,False,,,,
4HOXPACDtex_reverse_num1,b1377,96.2904209055866,,,,,,112645.641475366,,Transport,False,4HOXPACDtex,True,,,,
4HOXPACDtex_reverse_num2,b0241,33.2825,,,,,,112645.641475366,,Transport,False,4HOXPACDtex,True,,,,
4HOXPACDtex_reverse_num3,b0929,94.8168,,,,,,112645.641475366,,Transport,False,4HOXPACDtex,True,,,,
4HOXPACDtex_reverse_num4,b2215,96.2904209055866,,,,,,112645.641475366,,Transport,False,4HOXPACDtex,True,,,,
4HTHRA,b0870,115.69288473855748,,,,,,112645.641475366,,Metabolic (Core),False,4HTHRA,False,,,,
4HTHRA_reverse,b0870,115.69288473855748,11.2145,2.4719822,17.776649475097656,8.904353075217367,,112645.641475366,,Metabolic (Reverse),False,4HTHRA,True,8.138968805244676,10.091871187578755,10.059426537608683,8.138968805244676
4HTHRK,b0003,121.23861216232469,7.5308,1.6856856,3.173168182373047,1.085823384955939,,,,Metabolic (Core),False,4HTHRK,False,2.5716833499877847,3.3688692918322465,2.4294268911865236,2.5716833499877847
4PCP,b1192,136.2454183611817,3.7552,,2.279223680496216,12.544101452368947,,112645.641475366,,Metabolic (Core),False,4PCP,False,4.75283998263591,6.192841710955054,3.7552,3.2189549199265026
4PCPpp,b2175,97.76404181117316,9.0659,,4.635335445404053,3.8937879056085154,,112645.641475366,,Metabolic (Core),False,4PCPpp,False,5.4695902760283035,5.865007783670856,4.635335445404053,3.5765647845194146
4PEPTabcpp_num1,b1245 and b1247 and b1243 and b1244 and b1246,120.42138255624845,12.9585,,9.22691535949707,5.628355577673853,,112645.641475366,,Metabolic (Core),True,4PEPTabcpp,False,8.763231112724132,9.271256979056973,9.22691535949707,5.093287590304018
4PEPTabcpp_num2,b2178 and b2177 and b2180 and b2179,97.76404181117316,,,8.060506820678711,5.160646713364276,,112645.641475366,,Metabolic (Core),True,4PEPTabcpp,False,6.449606812216223,6.610576767021493,6.610576767021493,2.5396076098909894
4PEPTtex_num1,b1377,96.2904209055866,,,,,,112645.641475366,,Transport,False,4PEPTtex,False,,,,
4PEPTtex_num2,b0241,33.2825,,,,,,112645.641475366,,Transport,False,4PEPTtex,False,,,,
4PEPTtex_num3,b0929,94.8168,,,,,,112645.641475366,,Transport,False,4PEPTtex,False,,,,
4PEPTtex_num4,b2215,96.2904209055866,,,,,,112645.641475366,,Transport,False,4PEPTtex,False,,,,
4PEPTtex_reverse_num1,b1377,96.2904209055866,,,,,,112645.641475366,,Transport,False,4PEPTtex,True,,,,
4PEPTtex_reverse_num2,b0241,33.2825,,,,,,112645.641475366,,Transport,False,4PEPTtex,True,,,,
4PEPTtex_reverse_num3,b0929,94.8168,,,,,,112645.641475366,,Transport,False,4PEPTtex,True,,,,
4PEPTtex_reverse_num4,b2215,96.2904209055866,,,,,,112645.641475366,,Transport,False,4PEPTtex,True,,,,
5DGLCNR,b4266,130.15983707102805,1.1866,4.0644073,12.992997169494627,3.2749292691771887,,3.7,,Metabolic (Core),False,5DGLCNR,False,3.784889535160714,5.379733434667954,3.669668284588594,3.784889535160714
5DGLCNt2rpp,b4265,23.0,4.6607,1.6069727,34.219730377197266,3.0734277155319725,,112645.641475366,,Metabolic (Core),False,5DGLCNt2rpp,False,5.297729854302546,10.890207698182309,3.867063857765986,5.297729854302546
5DGLCNt2rpp_reverse,b4265,23.0,257.8824,1.6069727,34.219730377197266,12.152238088271714,,112645.641475366,,Metabolic (Reverse),False,5DGLCNt2rpp,True,20.37467846431552,76.46533529136724,23.18598423273449,20.37467846431552
5DGLCNtex_num1,b0929,94.8168,,,,,,112645.641475366,,Transport,False,5DGLCNtex,False,,,,
5DGLCNtex_num2,b1377,96.2904209055866,,,,,,112645.641475366,,Transport,False,5DGLCNtex,False,,,,
5DGLCNtex_num3,b0241,33.2825,,,,,,112645.641475366,,Transport,False,5DGLCNtex,False,,,,
5DGLCNtex_num4,b2215,96.2904209055866,,,,,,112645.641475366,,Transport,False,5DGLCNtex,False,,,,
5DGLCNtex_reverse_num1,b0929,94.8168,,,,,,112645.641475366,,Transport,False,5DGLCNtex,True,,,,
5DGLCNtex_reverse_num2,b1377,96.2904209055866,,,,,,112645.641475366,,Transport,False,5DGLCNtex,True,,,,
5DGLCNtex_reverse_num3,b0241,33.2825,,,,,,112645.641475366,,Transport,False,5DGLCNtex,True,,,,
5DGLCNtex_reverse_num4,b2215,96.2904209055866,,,,,,112645.641475366,,Transport,False,5DGLCNtex,True,,,,
5DKGR_num1,b2842,160.70234805267864,8.2556,21.346954,24.00439453125,7.850236933904516,,112645.641475366,,Metabolic (Core),False,5DKGR,False,13.49940165593075,15.36429636628863,14.801276999999999,13.49940165593075
5DKGR_num2,b4266,130.15983707102805,,8.070132,34.779266357421875,5.265135685472943,,112645.641475366,,Metabolic (Core),False,5DKGR,False,11.390344886901907,16.03817801429827,8.070132,6.200156555374961
5DKGR_reverse_num1,b2842,160.70234805267864,8.0888,9.065246,15.95155906677246,11.424475857554716,,112645.641475366,,Metabolic (Reverse),False,5DKGR,True,10.751666331282177,11.132520231081795,10.244860928777358,10.751666331282177
5DKGR_reverse_num2,b4266,130.15983707102805,,4.0644016,18.613250732421875,,,112645.641475366,,Metabolic (Reverse),False,5DKGR,True,8.697800070020964,11.338826166210938,11.338826166210938,2.9492032941153723
5DOAN,b0159,136.2454183611817,13.3289,1.8322498,7.724186897277832,3.842358408537775,,112645.641475366,,Metabolic (Core),False,5DOAN,False,5.188686240352995,6.6819237764539015,5.783272652907804,5.188686240352995
5MTRtex_num1,b2215,96.2904209055866,,,,,,112645.641475366,,Transport,False,5MTRtex,False,,,,
5MTRtex_num2,b1377,96.2904209055866,,,,,,112645.641475366,,Transport,False,5MTRtex,False,,,,
5MTRtex_num3,b0929,94.8168,,,,,,112645.641475366,,Transport,False,5MTRtex,False,,,,
5MTRtex_num4,b0241,33.2825,,,,,,112645.641475366,,Transport,False,5MTRtex,False,,,,
5MTRtex_reverse_num1,b2215,96.2904209055866,,,,,,112645.641475366,,Transport,False,5MTRtex,True,,,,
5MTRtex_reverse_num2,b1377,96.2904209055866,,,,,,112645.641475366,,Transport,False,5MTRtex,True,,,,
5MTRtex_reverse_num3,b0929,94.8168,,,,,,112645.641475366,,Transport,False,5MTRtex,True,,,,
5MTRtex_reverse_num4,b0241,33.2825,,,,,,112645.641475366,,Transport,False,5MTRtex,True,,,,
6D6SFK,b3883,123.60963225270936,33.9735,,31.38056182861328,2.639431640590787,,112645.641475366,,Metabolic (Core),False,6D6SFK,False,14.117912137075962,22.66449782306802,31.38056182861328,7.283294249183672
6D6SPA,b3881,121.23861216232469,,,,,,112645.641475366,,Metabolic (Core),False,6D6SPA,False,,,,
A5PISO_num1,b3197,151.18324760891227,,,,,131.625,,131.625,Metabolic (Core),False,A5PISO,False,,,,
A5PISO_num2,b2708,152.5584987702834,,,,,131.625,,131.625,Metabolic (Core),False,A5PISO,False,,,,
A5PISO_reverse_num1,b3197,151.18324760891227,,,,,131.625,,131.625,Metabolic (Reverse),False,A5PISO,True,,,,
A5PISO_reverse_num2,b2708,152.5584987702834,,,,,131.625,,131.625,Metabolic (Reverse),False,A5PISO,True,,,,
AACPS1,b1094 and b2836,88.54447098981994,71.8556,,6.619389533996582,6.47591517554057,536.41225,,536.41225,Metabolic (Core),True,AACPS1,False,14.54989648452313,28.31696823651238,6.619389533996582,7.449805385844455
AACPS2,b1094 and b2836,88.54447098981994,16.381,,6.619389533996582,6.47591517554057,536.41225,,536.41225,Metabolic (Core),True,AACPS2,False,8.88832310644499,9.825434903179051,6.619389533996582,5.147719512973769
AACPS3,b1094 and b2836,88.54447098981994,13.2082,5.5366206,6.619389533996582,6.47591517554057,536.41225,,536.41225,Metabolic (Core),True,AACPS3,False,7.482588683553497,7.960031327384288,6.5476523547685765,7.482588683553497
AACPS4,b2836 and b1094,88.54447098981994,10.5404,,6.619389533996582,6.47591517554057,,112645.641475366,,Metabolic (Core),True,AACPS4,False,7.673474618397182,7.8785682365123835,6.619389533996582,4.610457741281233
AACPS5,b1094 and b2836,88.54447098981994,18.8696,1.8770452,6.425242424011231,29.39165891366132,,112645.641475366,,Metabolic (Core),True,AACPS5,False,9.043525354448981,14.140886634418138,12.647421212005614,9.043525354448981
AACPS6,b1094 and b2836,88.54447098981994,13.5919,1.9625669,6.425242424011231,4.426404866202988,536.41225,,536.41225,Metabolic (Core),True,AACPS6,False,5.248211437211843,6.601528547553555,5.42582364510711,5.248211437211843
AACPS7,b1094 and b2836,88.54447098981994,18.2509,,6.619389533996582,1.8884335437600968,,,,Metabolic (Core),True,AACPS7,False,6.110376585589052,8.919574359252227,6.619389533996582,3.886431188191099
AACPS8,b1094 and b2836,88.54447098981994,2.6877,,6.619389533996582,7.245558719549327,536.41225,,536.41225,Metabolic (Core),True,AACPS8,False,5.051536983295766,5.5175494178486355,6.619389533996582,3.3695170065082083
AACPS9,b1094 and b2836,88.54447098981994,4.8499,1.656475,6.619389533996582,33.66240634310002,,,,Metabolic (Core),True,AACPS9,False,6.504593962595139,11.69704271927415,5.734644766998291,6.504593962595139
AADDGT,b4481,121.20698236312832,0.3864,0.3481692,1.5873920917510986,3.0457057983295,,,,Metabolic (Core),False,AADDGT,False,0.8980487391394604,1.3419167725201497,0.9868960458755494,0.8980487391394604
AAMYL,b1927,207.78250892732828,,,,,,112645.641475366,,Metabolic (Core),False,AAMYL,False,,,,
AAMYLpp,b3571,207.78250892732828,,,,,,112645.641475366,,Metabolic (Core),False,AAMYLpp,False,,,,
AB6PGH_num1,b3721,197.70251011777788,5.4892,8.138813,16.272146224975586,0.55443644863912,36.5,,36.5,Metabolic (Core),False,AB6PGH,False,4.480656841439025,7.613648918403677,6.8140065000000005,4.480656841439025
AB6PGH_num2,b2901,159.765,0.5701,3.8667903,37.41640472412109,11.925618662439843,36.5,,36.5,Metabolic (Core),False,AB6PGH,False,5.600298276933523,13.444728421640233,7.896204481219922,5.600298276933523
AB6PGH_num3,b2716,178.50306567333342,2.9083,4.775214,63.9403190612793,11.925618662439843,36.5,,36.5,Metabolic (Core),False,AB6PGH,False,10.144296628713048,20.887362930929786,8.350416331219922,10.144296628713048
ABTA_num1,b2662,123.77764512125492,159.5296,16.069746,9.956698417663574,7.228125235384933,47.4,,47.4,Metabolic (Core),False,ABTA,False,20.72515692050156,48.19604241326213,13.013222208831786,20.72515692050156
ABTA_num2,b1302,126.3166780801852,12.0603,11.926295,8.200081825256348,4.3269544586335424,47.4,,47.4,Metabolic (Core),False,ABTA,False,8.452127548047688,9.128407820972473,10.063188412628174,8.452127548047688
ABUTD,b1444,143.25976446138526,1.2863,17.343355,19.40299224853516,5.871081732760222,6.6666665,,6.6666665,Metabolic (Core),False,ABUTD,False,7.100117811347687,10.975932245323845,11.60721836638011,7.100117811347687
ABUTt2pp,b2663,27.0,22.4946,23.428188,20.63138771057129,0.361033711661598,,112645.641475366,,Metabolic (Core),False,ABUTt2pp,False,7.915407772308878,16.72880235555822,21.562993855285644,7.915407772308878
ABUTtex_num1,b1377,96.2904209055866,,,,,,112645.641475366,,Transport,False,ABUTtex,False,,,,
ABUTtex_num2,b0241,33.2825,,,,,,112645.641475366,,Transport,False,ABUTtex,False,,,,
ABUTtex_num3,b0929,94.8168,,,,,,112645.641475366,,Transport,False,ABUTtex,False,,,,
ABUTtex_num4,b2215,96.2904209055866,,,,,,112645.641475366,,Transport,False,ABUTtex,False,,,,
ABUTtex_reverse_num1,b1377,96.2904209055866,,,,,,112645.641475366,,Transport,False,ABUTtex,True,,,,
ABUTtex_reverse_num2,b0241,33.2825,,,,,,112645.641475366,,Transport,False,ABUTtex,True,,,,
ABUTtex_reverse_num3,b0929,94.8168,,,,,,112645.641475366,,Transport,False,ABUTtex,True,,,,
ABUTtex_reverse_num4,b2215,96.2904209055866,,,,,,112645.641475366,,Transport,False,ABUTtex,True,,,,
ACACCT_num1,b2222 and b2221,121.20698236312832,41.116,1.3027978,18.165882110595703,16.10528181133384,,290.0,,Metabolic (Core),True,ACACCT,False,11.188662491975292,19.172490430482384,17.13558196096477,11.188662491975292
ACACCT_num2,b1694,123.60963225270936,2.4864,2.6782768,15.8236083984375,180.06711306374774,,290.0,,Metabolic (Core),False,ACACCT,False,11.73658088617544,50.26384956554631,9.25094259921875,11.73658088617544
ACACT1r_num1,b2342,155.2551722501099,,,,,6.5,,6.5,Metabolic (Core),False,ACACT1r,False,,,,
ACACT1r_num2,b2224,121.175352563932,,,,,6.5,,6.5,Metabolic (Core),False,ACACT1r,False,,,,
ACACT1r_num3,b3845,121.175352563932,,,,,6.5,,6.5,Metabolic (Core),False,ACACT1r,False,,,,
ACACT1r_reverse_num1,b2342,155.2551722501099,9.9515,2.284625,2.023359775543213,5.265135685472943,6.5,,6.5,Metabolic (Reverse),False,ACACT1r,True,3.94499573437979,4.881155115254039,3.7748803427364717,3.94499573437979
ACACT1r_reverse_num2,b2224,121.175352563932,,16.836685,1.509984254837036,8.135649937618254,6.5,,6.5,Metabolic (Reverse),False,ACACT1r,True,5.913896954172532,8.82743973081843,8.135649937618254,3.792322953854192
ACACT1r_reverse_num3,b3845,121.175352563932,,2.2683322,1.8719842433929443,10.400376497266745,6.5,,6.5,Metabolic (Reverse),False,ACACT1r,True,3.5347006193153754,4.846897646886563,2.2683322,2.5778905648796315
ACACT2r_num1,b2342,155.2551722501099,19.1235,5.3184805,3.562162399291992,8.509523323516037,,6.5,,Metabolic (Core),False,ACACT2r,False,7.451496038065851,9.128416555702007,6.914001911758018,7.451496038065851
ACACT2r_num2,b3845,121.175352563932,,7.2421074,5.802068710327148,9.92097487648947,,6.5,,Metabolic (Core),False,ACACT2r,False,7.470231480007789,7.655050328938873,7.2421074,4.518565110261259
ACACT2r_reverse_num1,b2342,155.2551722501099,3.6618,2.6131597,5.245456218719482,7.677819618581422,,6.5,,Metabolic (Reverse),False,ACACT2r,True,4.430680520706686,4.799558884325226,4.453628109359741,4.430680520706686
ACACT2r_reverse_num2,b3845,121.175352563932,,3.6607997,9.067953109741213,9.685838815944882,,6.5,,Metabolic (Reverse),False,ACACT2r,True,6.850792656106691,7.471530541895365,9.067953109741213,4.234533935292349
ACACT8r_num1,b2342,155.2551722501099,15.8865,0.75112265,4.520028114318848,10.397610637812583,,112645.641475366,,Metabolic (Core),False,ACACT8r,False,4.8663511392694865,7.888815350532858,7.4588193760657155,4.8663511392694865
ACACT8r_num2,b3845,121.175352563932,,1.3185936,6.344072818756104,3.5556925393700345,,112645.641475366,,Metabolic (Core),False,ACACT8r,False,3.0983782910844395,3.7394529860420462,3.5556925393700345,2.3353438328265073
ACACt2pp,b2223,23.0,93.3914,7.0292006,25.15697860717773,9.92097487648947,,112645.641475366,,Metabolic (Core),False,ACACt2pp,False,20.1190010539842,33.874638520916804,17.5389767418336,20.1190010539842
ACACt2pp_reverse,b2223,23.0,5.2081,7.0292006,25.15697860717773,10.266892479485463,,112645.641475366,,Metabolic (Reverse),False,ACACt2pp,True,9.860993818480072,11.915292921665799,8.648046539742731,9.860993818480072
ACACtex_num1,b1377,96.2904209055866,,,,,,112645.641475366,,Transport,False,ACACtex,False,,,,
ACACtex_num2,b0241,33.2825,,,,,,112645.641475366,,Transport,False,ACACtex,False,,,,
ACACtex_num3,b0929,94.8168,,,,,,112645.641475366,,Transport,False,ACACtex,False,,,,
ACACtex_num4,b2215,96.2904209055866,,,,,,112645.641475366,,Transport,False,ACACtex,False,,,,
ACACtex_reverse_num1,b1377,96.2904209055866,,,,,,112645.641475366,,Transport,False,ACACtex,True,,,,
ACACtex_reverse_num2,b0241,33.2825,,,,,,112645.641475366,,Transport,False,ACACtex,True,,,,
ACACtex_reverse_num3,b0929,94.8168,,,,,,112645.641475366,,Transport,False,ACACtex,True,,,,
ACACtex_reverse_num4,b2215,96.2904209055866,,,,,,112645.641475366,,Transport,False,ACACtex,True,,,,
ACALD_num1,b0351,130.15983707102805,19.6093,11.853232,12.325372695922852,11.424475857554716,,15.7,,Metabolic (Core),False,ACALD,False,13.450356798716683,13.803095138369393,12.089302347961425,13.450356798716683
ACALD_num2,b1241,122.42412220751704,16.9203,40.368023,12.978297233581545,6.41530114666154,,15.7,,Metabolic (Core),False,ACALD,False,15.442587681782653,19.17048034506077,14.949298616790774,15.442587681782653
ACALD_reverse_num1,b0351,130.15983707102805,3.1262,3.1434317,8.672229766845703,9.490631515381825,,15.7,,Metabolic (Reverse),False,ACALD,True,5.332878248461024,6.108123245556882,5.907830733422852,5.332878248461024
ACALD_reverse_num2,b1241,122.42412220751704,,15.741514,11.869495391845703,7.494230452223806,,15.7,,Metabolic (Reverse),False,ACALD,True,11.187557144328967,11.701746614689837,11.869495391845703,6.117182676749402
ACALDtex_num1,b1377,96.2904209055866,,,,,,112645.641475366,,Transport,False,ACALDtex,False,,,,
ACALDtex_num2,b0241,33.2825,,,,,,112645.641475366,,Transport,False,ACALDtex,False,,,,
ACALDtex_num3,b0929,94.8168,,,,,,112645.641475366,,Transport,False,ACALDtex,False,,,,
ACALDtex_num4,b2215,96.2904209055866,,,,,,112645.641475366,,Transport,False,ACALDtex,False,,,,
ACALDtex_reverse_num1,b1377,96.2904209055866,,,,,,112645.641475366,,Transport,False,ACALDtex,True,,,,
ACALDtex_reverse_num2,b0241,33.2825,,,,,,112645.641475366,,Transport,False,ACALDtex,True,,,,
ACALDtex_reverse_num3,b0929,94.8168,,,,,,112645.641475366,,Transport,False,ACALDtex,True,,,,
ACALDtex_reverse_num4,b2215,96.2904209055866,,,,,,112645.641475366,,Transport,False,ACALDtex,True,,,,
ACANTHAT,b1463,217.1028613676441,17.1156,2.794544,2.163898468017578,1.4330536873499606,,112645.641475366,,Metabolic (Core),False,ACANTHAT,False,3.489800537075861,5.876774038841885,2.479221234008789,3.489800537075861
ACBIPGT,b1993,123.60963225270936,1.3027,,,3.3432434028960154,,2.0895,,Metabolic (Core),False,ACBIPGT,False,2.0869219393529406,2.3229717014480076,2.3229717014480076,1.4446182676932133
ACCOAC,b3256 and b2316 and b3255 and b0185,120.50274604186052,147.2453,8.438788,6.103725910186768,14.530183055053186,,9.260777777777776,,Metabolic (Core),True,ACCOAC,False,18.21993849929342,44.07949924130998,11.484485527526594,18.21993849929342
ACCOAL_num1,b4069,98.01796506366396,0.6358,,47.2357292175293,33.66240634310002,,137.4857142857143,,Metabolic (Core),False,ACCOAL,False,10.036418647296214,27.177978520209773,33.66240634310002,5.638766052997445
ACCOAL_num2,b0335,115.69288473855748,,,4.6655097007751465,2.459055654015251,,137.4857142857143,,Metabolic (Core),False,ACCOAL,False,3.3871445213563187,3.5622826773951988,3.5622826773951988,1.8404196590333193
ACGAL1Ptex_num1,b1377,96.2904209055866,,,,,,112645.641475366,,Transport,False,ACGAL1Ptex,False,,,,
ACGAL1Ptex_num2,b0241,33.2825,,,,,,112645.641475366,,Transport,False,ACGAL1Ptex,False,,,,
ACGAL1Ptex_num3,b0929,94.8168,,,,,,112645.641475366,,Transport,False,ACGAL1Ptex,False,,,,
ACGAL1Ptex_num4,b2215,96.2904209055866,,,,,,112645.641475366,,Transport,False,ACGAL1Ptex,False,,,,
ACGAL1Ptex_reverse_num1,b1377,96.2904209055866,,,,,,112645.641475366,,Transport,False,ACGAL1Ptex,True,,,,
ACGAL1Ptex_reverse_num2,b0241,33.2825,,,,,,112645.641475366,,Transport,False,ACGAL1Ptex,True,,,,
ACGAL1Ptex_reverse_num3,b0929,94.8168,,,,,,112645.641475366,,Transport,False,ACGAL1Ptex,True,,,,
ACGAL1Ptex_reverse_num4,b2215,96.2904209055866,,,,,,112645.641475366,,Transport,False,ACGAL1Ptex,True,,,,
ACGALtex_num1,b1377,96.2904209055866,,,,,,112645.641475366,,Transport,False,ACGALtex,False,,,,
ACGALtex_num2,b0241,33.2825,,,,,,112645.641475366,,Transport,False,ACGALtex,False,,,,
ACGALtex_num3,b0929,94.8168,,,,,,112645.641475366,,Transport,False,ACGALtex,False,,,,
ACGALtex_num4,b2215,96.2904209055866,,,,,,112645.641475366,,Transport,False,ACGALtex,False,,,,
ACGALtex_reverse_num1,b1377,96.2904209055866,,,,,,112645.641475366,,Transport,False,ACGALtex,True,,,,
ACGALtex_reverse_num2,b0241,33.2825,,,,,,112645.641475366,,Transport,False,ACGALtex,True,,,,
ACGALtex_reverse_num3,b0929,94.8168,,,,,,112645.641475366,,Transport,False,ACGALtex,True,,,,
ACGALtex_reverse_num4,b2215,96.2904209055866,,,,,,112645.641475366,,Transport,False,ACGALtex,True,,,,
ACGAM1Ptex_num1,b1377,96.2904209055866,,,,,,112645.641475366,,Transport,False,ACGAM1Ptex,False,,,,
ACGAM1Ptex_num2,b0241,33.2825,,,,,,112645.641475366,,Transport,False,ACGAM1Ptex,False,,,,
ACGAM1Ptex_num3,b0929,94.8168,,,,,,112645.641475366,,Transport,False,ACGAM1Ptex,False,,,,
ACGAM1Ptex_num4,b2215,96.2904209055866,,,,,,112645.641475366,,Transport,False,ACGAM1Ptex,False,,,,
ACGAM1Ptex_reverse_num1,b1377,96.2904209055866,,,,,,112645.641475366,,Transport,False,ACGAM1Ptex,True,,,,
ACGAM1Ptex_reverse_num2,b0241,33.2825,,,,,,112645.641475366,,Transport,False,ACGAM1Ptex,True,,,,
ACGAM1Ptex_reverse_num3,b0929,94.8168,,,,,,112645.641475366,,Transport,False,ACGAM1Ptex,True,,,,
ACGAM1Ptex_reverse_num4,b2215,96.2904209055866,,,,,,112645.641475366,,Transport,False,ACGAM1Ptex,True,,,,
ACGAMK,b1119,129.20025527297207,3.9549,2.3996825,8.194817543029785,3.7555663346331047,6960.746593888888,,6960.746593888888,Metabolic (Core),False,ACGAMK,False,4.134052658386896,4.576241594415722,3.8552331673165523,4.134052658386896
ACGAMT,b3784,115.83646287246222,1.2302,1.8122653,0.981602907180786,57.063283581709584,,112645.641475366,,Metabolic (Core),False,ACGAMT,False,3.342893363414451,15.271837947222593,1.52123265,3.342893363414451
ACGAptspp_num1,b2415 and b2416 and b2417 and b1101,189.6850202355557,18.7736,3.6469963,2.700984001159668,20.83005914936328,,112645.641475366,,Metabolic (Core),True,ACGAptspp,False,7.878142815860481,11.487909862630737,11.21029815,7.878142815860481
ACGAptspp_num2,b2416 and b2415 and b0679,160.70234805267864,,0.96225995,10.53089427947998,18.05149927356397,,112645.641475366,,Metabolic (Core),True,ACGAptspp,False,5.676626416214532,9.848217834347983,10.53089427947998,3.6776274758012537
ACGAtex_num1,b1377,96.2904209055866,,,,,,112645.641475366,,Transport,False,ACGAtex,False,,,,
ACGAtex_num2,b0241,33.2825,,,,,,112645.641475366,,Transport,False,ACGAtex,False,,,,
ACGAtex_num3,b0929,94.8168,,,,,,112645.641475366,,Transport,False,ACGAtex,False,,,,
ACGAtex_num4,b2215,96.2904209055866,,,,,,112645.641475366,,Transport,False,ACGAtex,False,,,,
ACGAtex_reverse_num1,b1377,96.2904209055866,,,,,,112645.641475366,,Transport,False,ACGAtex,True,,,,
ACGAtex_reverse_num2,b0241,33.2825,,,,,,112645.641475366,,Transport,False,ACGAtex,True,,,,
ACGAtex_reverse_num3,b0929,94.8168,,,,,,112645.641475366,,Transport,False,ACGAtex,True,,,,
ACGAtex_reverse_num4,b2215,96.2904209055866,,,,,,112645.641475366,,Transport,False,ACGAtex,True,,,,
ACGK,b3959,121.175352563932,0.0217,13.4864855,33.35515594482422,3.0734277155319725,452458.44,,452458.44,Metabolic (Core),False,ACGK,False,2.3403786391061403,12.484192290089046,8.279956607765987,2.3403786391061403
ACGS,b2818,119.0261688564688,122.9587,12.940303,2.442931890487671,5.604077151560538,230708.15166666667,,230708.15166666667,Metabolic (Core),False,ACGS,False,12.148699594616145,35.98650301051205,9.27219007578027,12.148699594616145
ACHBS_num1,b3670 and b3671,121.23861216232469,372541.5801,9.927865,19.437274932861328,6.029423425870919,38.82857142857143,,38.82857142857143,Metabolic (Core),True,ACHBS,False,144.2897377925875,93144.24366583968,14.682569966430664,144.2897377925875
ACHBS_num2,b0077 and b0078,122.42412220751704,6.7642,4.431974,14.868906021118164,33.66240634310002,38.82857142857143,,38.82857142857143,Metabolic (Core),True,ACHBS,False,11.067752905076377,14.931871591054545,10.816553010559081,11.067752905076377
ACKr_num1,b1849,115.69288473855748,0.1074,1.9568928,8.91225528717041,6.332120906841956,972.5555555555557,,972.5555555555557,Metabolic (Core),False,ACKr,False,1.855782322221142,4.327167248503091,4.144506853420978,1.855782322221142
ACKr_num2,b2296,164.9625165554,1.6836,710.003,622.01904296875,3.0734277155319725,972.5555555555557,,972.5555555555557,Metabolic (Core),False,ACKr,False,38.88046463210797,334.1947676710705,312.54623534214096,38.88046463210797
ACKr_num3,b3115,205.72000000000008,4.2556,173.4485,100.1721420288086,3.0734277155319725,972.5555555555557,,972.5555555555557,Metabolic (Core),False,ACKr,False,21.833598920652886,70.23741743608514,52.2138710144043,21.833598920652886
ACKr_reverse_num1,b1849,115.69288473855748,12.9585,3.1145103,13.520289421081545,3.1593777329690544,972.5555555555557,,972.5555555555557,Metabolic (Reverse),False,ACKr,True,6.4436658559714335,8.18816936351265,8.058938866484528,6.4436658559714335
ACKr_reverse_num2,b2296,164.9625165554,,399.11172,573.4232788085938,4.225192656758105,972.5555555555557,,972.5555555555557,Metabolic (Reverse),False,ACKr,True,98.88690226426482,325.5867304884506,399.11172,31.35841326528965
ACKr_reverse_num3,b3115,205.72000000000008,,178.73581,106.31729888916016,9.97132066852643,972.5555555555557,,972.5555555555557,Metabolic (Reverse),False,ACKr,True,57.436689017072915,98.34147651922886,106.31729888916016,20.863734501434188
ACLS_num1,b0077 and b0078,122.42412220751704,12.1038,4.431974,14.4327974319458,5.265135685472943,44.75,,44.75,Metabolic (Core),True,ACLS,False,7.990422741056682,9.058426779354686,8.68446784273647,7.990422741056682
ACLS_num2,b3670 and b3671,121.23861216232469,1.9639,9.927865,18.313796997070312,5.265135685472943,44.75,,44.75,Metabolic (Core),True,ACLS,False,6.584772867157742,8.867674420635813,7.596500342736472,6.584772867157742
ACM6PH,b2428,197.70251011777788,14.8869,8.5214615,9.72230052947998,4.081238336148046,5.7,,5.7,Metabolic (Core),False,ACM6PH,False,8.42305892865324,9.302975091407006,9.12188101473999,8.42305892865324
ACMAMUT,b3794,149.80799644754114,294.3155,0.16618271,1.855401635169983,2.6182351976628384,,,,Metabolic (Core),False,ACMAMUT,False,3.9261003048822123,74.7388298857082,2.2368184164164107,3.9261003048822123
ACMANAptspp,b1817 and b1818 and b2415 and b2416 and b1819,152.62479040685164,26.4669,0.96225995,3.997735738754273,20.83005914936328,,112645.641475366,,Metabolic (Core),True,ACMANAptspp,False,6.786174426397786,13.064238709529388,12.413897444058776,6.786174426397786
ACMANAtex_num1,b0929,94.8168,,,,,,112645.641475366,,Transport,False,ACMANAtex,False,,,,
ACMANAtex_num2,b2215,96.2904209055866,,,,,,112645.641475366,,Transport,False,ACMANAtex,False,,,,
ACMANAtex_num3,b0241,33.2825,,,,,,112645.641475366,,Transport,False,ACMANAtex,False,,,,
ACMANAtex_num4,b1377,96.2904209055866,,,,,,112645.641475366,,Transport,False,ACMANAtex,False,,,,
ACMANAtex_reverse_num1,b0929,94.8168,,,,,,112645.641475366,,Transport,False,ACMANAtex,True,,,,
ACMANAtex_reverse_num2,b2215,96.2904209055866,,,,,,112645.641475366,,Transport,False,ACMANAtex,True,,,,
ACMANAtex_reverse_num3,b0241,33.2825,,,,,,112645.641475366,,Transport,False,ACMANAtex,True,,,,
ACMANAtex_reverse_num4,b1377,96.2904209055866,,,,,,112645.641475366,,Transport,False,ACMANAtex,True,,,,
ACMUMptspp,b2415 and b2417 and b2416 and b2429,158.9366175174943,185.3798,0.96225995,2.5448668003082275,10.397610637812583,,112645.641475366,,Metabolic (Core),True,ACMUMptspp,False,8.288736937931969,49.8211343470302,6.4712387190604055,8.288736937931969
ACMUMtex_num1,b1377,96.2904209055866,,,,,,112645.641475366,,Transport,False,ACMUMtex,False,,,,
ACMUMtex_num2,b0241,33.2825,,,,,,112645.641475366,,Transport,False,ACMUMtex,False,,,,
ACMUMtex_num3,b0929,94.8168,,,,,,112645.641475366,,Transport,False,ACMUMtex,False,,,,
ACMUMtex_num4,b2215,96.2904209055866,,,,,,112645.641475366,,Transport,False,ACMUMtex,False,,,,
ACNAMt2pp,b3224,25.0,20.7493,1.2337694,31.29756736755371,2.4122784867804152,,112645.641475366,,Metabolic (Core),False,ACNAMt2pp,False,6.630463181580143,13.923228813583533,11.580789243390209,6.630463181580143
ACNAMtex_num1,b0929,94.8168,,,,,,112645.641475366,,Transport,False,ACNAMtex,False,,,,
ACNAMtex_num2,b4311,94.8168,,,,,,112645.641475366,,Transport,False,ACNAMtex,False,,,,
ACNAMtex_num3,b2215,96.2904209055866,,,,,,112645.641475366,,Transport,False,ACNAMtex,False,,,,
ACNAMtex_reverse_num1,b0929,94.8168,,,,,,112645.641475366,,Transport,False,ACNAMtex,True,,,,
ACNAMtex_reverse_num2,b4311,94.8168,,,,,,112645.641475366,,Transport,False,ACNAMtex,True,,,,
ACNAMtex_reverse_num3,b2215,96.2904209055866,,,,,,112645.641475366,,Transport,False,ACNAMtex,True,,,,
ACNML,b3225,130.15983707102805,,,,,6.75,,6.75,Metabolic (Core),False,ACNML,False,,,,
ACOAD1f,b0221,133.20262771610487,20.7493,2.658333,2.0676629543304443,6.650623021769937,,0.77577,,Metabolic (Core),False,ACOAD1f,False,5.247938387363784,8.031479744025095,4.654478010884969,5.247938387363784
ACOAD1fr,b1695,115.69288473855742,5.3362,2.6413722,2.5397496223449707,1.6844506565180326,,112645.641475366,,Metabolic (Core),False,ACOAD1fr,False,2.786619839478871,3.050443119715751,2.5905609111724854,2.786619839478871
ACOATA,b1094 and b1091,97.76404181117316,46.734,0.23716322,13.033391952514648,31.742121195274308,5955.733466666667,,5955.733466666667,Metabolic (Core),True,ACOATA,False,8.228931051412728,22.936669091947238,22.387756573894478,8.228931051412728
ACOATA_reverse,b1094 and b1091,97.76404181117316,27.5611,,17.297603607177734,6.154294957250831,5955.733466666667,,5955.733466666667,Metabolic (Reverse),True,ACOATA,True,14.31595302810645,17.004332854809523,17.297603607177734,7.359786203389068
ACODA,b3957,137.02402725167997,12.475,26.042479,15.10123348236084,2.660314976296722,1225.5384615384614,,1225.5384615384614,Metabolic (Core),False,ACODA,False,10.688508074026473,14.069756864664392,13.78811674118042,10.688508074026473
ACOLIPAabctex,b0054 and b3201 and b4261 and b4262 and b3199 and b3200 and b0641,101.0,1410.0874,0.8271875,7.871926307678223,33.81246352611123,,112645.641475366,,Transport,True,ACOLIPAabctex,False,23.60488870855168,363.14974433344736,20.842194916894726,23.60488870855168
ACONMT,b1519,149.80799644754114,12.9585,0.14422256,0.3494060635566711,10.397610637812583,,,,Metabolic (Core),False,ACONMT,False,1.6142209528605236,5.962434815342314,5.373508350684627,1.6142209528605236
ACONTa_num1,b0118,117.94906666660007,,,,,,5.3,,Metabolic (Core),False,ACONTa,False,,,,
ACONTa_num2,b1276,121.20698236312832,,,,,,5.3,,Metabolic (Core),False,ACONTa,False,,,,
ACONTa_reverse_num1,b0118,117.94906666660007,4.6966,13.535379,26.967998504638672,7.860189042422557,,5.3,,Metabolic (Reverse),False,ACONTa,True,10.774172519057112,13.265041636765307,10.697784021211278,10.774172519057112
ACONTa_reverse_num2,b1276,121.20698236312832,,30.484821,10.048095703125,5.265135685472943,,5.3,,Metabolic (Reverse),False,ACONTa,True,11.727145853179959,15.26601746286598,10.048095703125,6.33715376439484
ACONTb_num1,b0118,117.94906666660007,61.5533,13.535379,40.91169738769531,0.975075507865022,,202.78,,Metabolic (Core),False,ACONTb,False,13.502117314839477,29.243862973890085,27.223538193847656,13.502117314839477
ACONTb_num2,b1276,121.20698236312832,,30.484821,15.24342155456543,10.475654966689731,,202.78,,Metabolic (Core),False,ACONTb,False,16.94789501497794,18.734632507085053,15.24342155456543,8.35289118519152
ACONTb_reverse_num1,b0118,117.94906666660007,,,,,,202.78,,Metabolic (Reverse),False,ACONTb,True,,,,
ACONTb_reverse_num2,b1276,121.20698236312832,,,,,,202.78,,Metabolic (Reverse),False,ACONTb,True,,,,
ACOTA_num1,b2662,123.77764512125492,13.0108,16.069746,8.838970184326172,7.228125235384933,,1.55,,Metabolic (Core),False,ACOTA,False,10.750659025180333,11.286910354927777,10.924885092163086,10.750659025180333
ACOTA_num2,b1748,126.3166780801852,,33.98154,2.843019723892212,8.578554053307505,,1.55,,Metabolic (Core),False,ACOTA,False,9.39317341938648,15.134371259066574,8.578554053307505,5.365488339231403
ACOTA_num3,b3359,121.20698236312832,,24.126566,2.984960556030273,8.578554053307505,,1.55,,Metabolic (Core),False,ACOTA,False,8.51692324882695,11.896693536445925,8.578554053307505,4.985538222265024
ACOTA_num4,b1302,126.3166780801852,,11.926295,7.959572792053223,8.578554053307505,,1.55,,Metabolic (Core),False,ACOTA,False,9.33834252330727,9.488140615120242,8.578554053307505,5.341981130264326
ACOTA_reverse_num1,b2662,123.77764512125492,37.1174,21.907267,13.015828132629396,16.10528181133384,,1.55,,Metabolic (Reverse),False,ACOTA,True,20.31895977625052,22.03644423599081,19.00627440566692,20.31895977625052
ACOTA_reverse_num2,b1748,126.3166780801852,,32.606434,5.005184173583984,5.482138024465373,,1.55,,Metabolic (Reverse),False,ACOTA,True,9.635873968158192,14.364585399349785,5.482138024465373,5.469131091770097
ACOTA_reverse_num3,b3359,121.20698236312832,,25.73107,5.10094165802002,7.198881129148654,,1.55,,Metabolic (Reverse),False,ACOTA,True,9.812757543995327,12.676964262389559,7.198881129148654,5.544256333191693
ACOTA_reverse_num4,b1302,126.3166780801852,,11.467412,9.803670883178713,10.285457757985752,,1.55,,Metabolic (Reverse),False,ACOTA,True,10.49605073744626,10.518846880388155,10.285457757985752,5.8313544620266615
ACOXT,b2371,136.71153247522938,14.1992,34.947117,10.343769073486328,7.020495826429408,,112645.641475366,,Metabolic (Core),False,ACOXT,False,13.777818458623914,16.627645474978934,12.271484536743163,13.777818458623914
ACOXT_reverse,b2371,136.71153247522938,1.4239,5.6725936,12.43678379058838,4.810772528691261,,112645.641475366,,Metabolic (Reverse),False,ACOXT,True,4.688630591475101,6.08601247981991,5.24168306434563,4.688630591475101
ACP1_FMN_num1,b0446,173.42795360893282,5.2858,,5.076630592346191,8.735721749952106,7.95,,7.95,Metabolic (Core),False,ACP1_FMN,False,6.165879417068021,6.366050780766099,5.2858,3.912877668419478
ACP1_FMN_num2,b3812,127.45531181646874,10.8279,,1.6923975944519043,5.265135685472943,7.95,,7.95,Metabolic (Core),False,ACP1_FMN,False,4.586542277702889,5.928477759974949,5.265135685472943,3.134108669896075
ACP1_FMN_num3,b0844,158.9366175174943,24.5001,,14.72575569152832,6.114933958500958,7.95,,7.95,Metabolic (Core),False,ACP1_FMN,False,13.01804413723711,15.11359655000976,14.72575569152832,6.853450884754799
ACP1p,b0383,205.72000000000008,2.5741,,43.80556869506836,1.122388381894457,,112645.641475366,,Metabolic (Core),False,ACP1p,False,5.0207195923162,15.834019025654273,2.5741,3.354088171057918
ACPPAT120,b1094 and b1090,97.46316781454354,4.9587,,19.48497772216797,7.228125235384933,,112645.641475366,,Metabolic (Core),True,ACPPAT120,False,8.872196232845809,10.557267652517634,7.228125235384933,5.140712949709493
ACPPAT140,b1094 and b1090,97.46316781454354,1068.0464,,19.48497772216797,7.412650165523958,,112645.641475366,,Metabolic (Core),True,ACPPAT140,False,53.631652603148126,364.9813426292306,19.48497772216797,19.818276560716487
ACPPAT141,b1094 and b1090,97.46316781454354,5.9224,,19.48497772216797,5.1247908014386265,,112645.641475366,,Metabolic (Core),True,ACPPAT141,False,8.39378673307768,10.177389507868865,5.9224,4.931379755365753
ACPPAT160,b1094 and b1090,97.46316781454354,0.9037,,19.48497772216797,2.6761024502934845,,112645.641475366,,Metabolic (Core),True,ACPPAT160,False,3.6119548299533046,7.688260057487152,2.6761024502934845,2.6200328279459937
ACPPAT161,b1094 and b1090,97.46316781454354,5.5007,,19.48497772216797,1.3773040973186208,,112645.641475366,,Metabolic (Core),True,ACPPAT161,False,5.2850516702650765,8.78766060649553,5.5007,3.485675294016124
ACPPAT180,b1094 and b1090,97.46316781454354,11.1246,,19.48497772216797,1.3773040973186208,,112645.641475366,,Metabolic (Core),True,ACPPAT180,False,6.683511799390569,10.662293939828864,11.1246,4.15674649573918
ACPPAT181,b1094 and b1090,97.46316781454354,32.7124,,19.48497772216797,5.267713136932461,,112645.641475366,,Metabolic (Core),True,ACPPAT181,False,14.974240801133206,19.15503028636681,19.48497772216797,7.612172294148746
ACPS1_num1,b2563,205.72000000000008,0.3718,,6.336810111999512,6.9899481650584585,1.0,,1.0,Metabolic (Core),False,ACPS1,False,2.5442005645095853,4.566186092352656,6.336810111999512,2.0144825440633287
ACPS1_num2,b3475,153.48944171492553,,,2.7518832683563232,10.400376497266745,1.0,,1.0,Metabolic (Core),False,ACPS1,False,5.3498244894047415,6.576129882811534,6.576129882811534,2.3129687610092664
ACS,b4069,98.01796506366396,3.312,18.561918,65.53661346435547,6.332120906841956,,930.6181818181818,,Metabolic (Core),False,ACS,False,12.638239848517102,23.435663092799356,12.447019453420978,12.638239848517102
ACSERtex_num1,b0241,33.2825,,,,,,112645.641475366,,Transport,False,ACSERtex,False,,,,
ACSERtex_num2,b1377,96.2904209055866,,,,,,112645.641475366,,Transport,False,ACSERtex,False,,,,
ACSERtex_num3,b2215,96.2904209055866,,,,,,112645.641475366,,Transport,False,ACSERtex,False,,,,
ACSERtex_num4,b0929,94.8168,,,,,,112645.641475366,,Transport,False,ACSERtex,False,,,,
ACSERtex_reverse_num1,b0241,33.2825,,,,,,112645.641475366,,Transport,False,ACSERtex,True,,,,
ACSERtex_reverse_num2,b1377,96.2904209055866,,,,,,112645.641475366,,Transport,False,ACSERtex,True,,,,
ACSERtex_reverse_num3,b2215,96.2904209055866,,,,,,112645.641475366,,Transport,False,ACSERtex,True,,,,
ACSERtex_reverse_num4,b0929,94.8168,,,,,,112645.641475366,,Transport,False,ACSERtex,True,,,,
ACSERtpp_num1,b2578,23.0,,,,,,112645.641475366,,Transport,False,ACSERtpp,False,,,,
ACSERtpp_num2,b1533,33.2825,,,,,,112645.641475366,,Transport,False,ACSERtpp,False,,,,
ACt2rpp,b0010,92.71685493840006,50.7571,77.50531,70.36267852783203,6.332120906841956,,112645.641475366,,Metabolic (Core),False,ACt2rpp,False,36.385634714708424,51.239302358668496,60.55988926391602,36.385634714708424
ACt2rpp_reverse,b0010,92.71685493840006,2.5832,77.50531,70.36267852783203,10.285457757985752,,112645.641475366,,Metabolic (Reverse),False,ACt2rpp,True,19.510296503342243,40.18416157145444,40.32406814290889,19.510296503342243
ACt4pp,b4067,28.14125,0.3617,3.7595353,22.610332489013672,1.82702468603913,,112645.641475366,,Metabolic (Core),False,ACt4pp,False,2.7376852114279226,7.139648118763201,2.793279993019565,2.7376852114279226
ACtex_num1,b1377,96.2904209055866,,,,,,112645.641475366,,Transport,False,ACtex,False,,,,
ACtex_num2,b0241,33.2825,,,,,,112645.641475366,,Transport,False,ACtex,False,,,,
ACtex_num3,b0929,94.8168,,,,,,112645.641475366,,Transport,False,ACtex,False,,,,
ACtex_num4,b2215,96.2904209055866,,,,,,112645.641475366,,Transport,False,ACtex,False,,,,
ACtex_reverse_num1,b1377,96.2904209055866,,,,,,112645.641475366,,Transport,False,ACtex,True,,,,
ACtex_reverse_num2,b0241,33.2825,,,,,,112645.641475366,,Transport,False,ACtex,True,,,,
ACtex_reverse_num3,b0929,94.8168,,,,,,112645.641475366,,Transport,False,ACtex,True,,,,
ACtex_reverse_num4,b2215,96.2904209055866,,,,,,112645.641475366,,Transport,False,ACtex,True,,,,
ADA,b1623,126.88473466186872,4.0152,1.8630158,10.602142333984377,2.7021429464568483,168032.81666666668,,168032.81666666668,Metabolic (Core),False,ADA,False,3.8261008906297964,4.795625270110307,3.358671473228424,3.8261008906297964
ADCL_num1,b1096,126.3166780801852,,,,,,,,Metabolic (Core),False,ADCL,False,,,,
ADCL_num2,b4039,136.71153247522938,,,,,,,,Metabolic (Core),False,ADCL,False,,,,
ADCS,b1812 and b3360,115.69288473855744,19.8006,10.505885,25.34518051147461,6.9899481650584585,0.4131591428571429,,0.4131591428571429,Metabolic (Core),True,ADCS,False,13.855432414586899,15.660403419133266,15.1532425,13.855432414586899
ADD,b3665,136.47847541820553,61.1872,0.33780086,24.66509056091309,4.074876182746937,141.2,,141.2,Metabolic (Core),False,ADD,False,6.7511788841159595,22.566241900915006,14.369983371830013,6.7511788841159595
ADEt2rpp_num1,b3714,23.0,0.1835,3.33677,43.42146682739258,2.660314976296722,,112645.641475366,,Metabolic (Core),False,ADEt2rpp,False,2.900013186225685,12.400512950922325,2.9985424881483613,2.900013186225685
ADEt2rpp_num2,b3654,23.0,,2.1516259,35.36833572387695,2.1115375790563813,,112645.641475366,,Metabolic (Core),False,ADEt2rpp,False,5.436591906397678,13.210499734311112,2.1516259,3.5603693253572253
ADEt2rpp_num3,b3664,23.0,,2.2449386,26.88867950439453,10.285457757985752,,112645.641475366,,Metabolic (Core),False,ADEt2rpp,False,8.530985208942301,13.13969195412676,10.285457757985752,4.9917105199463885
ADEt2rpp_reverse_num1,b3714,23.0,58.4269,3.33677,43.42146682739258,3.534094500819971,,112645.641475366,,Metabolic (Reverse),False,ADEt2rpp,True,13.151656015135483,27.17980783205314,23.477780664106273,13.151656015135483
ADEt2rpp_reverse_num2,b3654,23.0,,2.1516259,35.36833572387695,4.810772528691261,,112645.641475366,,Metabolic (Reverse),False,ADEt2rpp,True,7.153722180446728,14.110244717522738,4.810772528691261,4.374204192666694
ADEt2rpp_reverse_num3,b3664,23.0,,2.2449386,26.88867950439453,9.38360738254706,,112645.641475366,,Metabolic (Reverse),False,ADEt2rpp,True,8.273982349498697,12.839075162313863,9.38360738254706,4.878495880231303
ADEtex_num1,b1377,96.2904209055866,,,,,,112645.641475366,,Transport,False,ADEtex,False,,,,
ADEtex_num2,b0241,33.2825,,,,,,112645.641475366,,Transport,False,ADEtex,False,,,,
ADEtex_num3,b0929,94.8168,,,,,,112645.641475366,,Transport,False,ADEtex,False,,,,
ADEtex_num4,b2215,96.2904209055866,,,,,,112645.641475366,,Transport,False,ADEtex,False,,,,
ADEtex_reverse_num1,b1377,96.2904209055866,,,,,,112645.641475366,,Transport,False,ADEtex,True,,,,
ADEtex_reverse_num2,b0241,33.2825,,,,,,112645.641475366,,Transport,False,ADEtex,True,,,,
ADEtex_reverse_num3,b0929,94.8168,,,,,,112645.641475366,,Transport,False,ADEtex,True,,,,
ADEtex_reverse_num4,b2215,96.2904209055866,,,,,,112645.641475366,,Transport,False,ADEtex,True,,,,
ADK1,b0474,78.6014212963055,,,,,943440.0,,943440.0,Metabolic (Core),False,ADK1,False,,,,
ADK1_reverse,b0474,78.6014212963055,,,,,943440.0,,943440.0,Metabolic (Reverse),False,ADK1,True,,,,
ADK3,b0474,78.6014212963055,,,,,,145.316,,Metabolic (Core),False,ADK3,False,,,,
ADK3_reverse,b0474,78.6014212963055,,,,,,145.316,,Metabolic (Reverse),False,ADK3,True,,,,
ADK4,b0474,78.6014212963055,,,,,,112645.641475366,,Metabolic (Core),False,ADK4,False,,,,
ADK4_reverse,b0474,78.6014212963055,,,,,,112645.641475366,,Metabolic (Reverse),False,ADK4,True,,,,
ADMDC,b0120,120.7983675600902,12.8686,1.0477177,1.4225497245788574,1.122388381894457,253177.94833333333,,253177.94833333333,Metabolic (Core),False,ADMDC,False,2.1540042222901663,4.115313951618329,1.2724690532366574,2.1540042222901663
ADNCYC,b3806,205.72000000000008,,,,,1.67,,1.67,Metabolic (Core),False,ADNCYC,False,,,,
ADNK1,b0474,78.6014212963055,16.5849,14.139693,7.615062236785889,8.999702292651358,,5.635591387096774,,Metabolic (Core),False,ADNK1,False,11.259357517647341,11.834839382359311,11.569697646325679,11.259357517647341
ADNUC,b0030,121.23861216232469,2.5996,1.9522923,14.010107040405272,4.4581743766224,2.619036363636364,,2.619036363636364,Metabolic (Core),False,ADNUC,False,4.219514354182861,5.755043429256918,3.5288871883111996,4.219514354182861
ADNt2pp_copy1_num1,b2964,23.0,302.3451,3.2161877,18.34995651245117,2.660314976296722,,112645.641475366,,Metabolic (Core),False,ADNt2pp_copy1,False,14.760569193791579,81.64288979718697,10.783072106225584,14.760569193791579
ADNt2pp_copy1_num2,b2393,33.2825,,2.653572,13.50819969177246,3.0734277155319725,,112645.641475366,,Metabolic (Core),False,ADNt2pp_copy1,False,4.793842748135073,6.411733135768144,3.0734277155319725,3.239759991134454
ADNt2pp_copy2,b2406,23.0,1.4882,1.5201795,16.7822265625,2.433073219097816,,112645.641475366,,Metabolic (Core),False,ADNt2pp_copy2,False,3.1002037163760097,5.555919820399454,1.976626359548908,3.1002037163760097
ADNt2pp_copy2_reverse,b2406,23.0,2.2968,1.5201795,16.7822265625,2.83415341835266,,112645.641475366,,Metabolic (Reverse),False,ADNt2pp_copy2,True,3.589820610583739,5.8583398702131655,2.5654767091763304,3.589820610583739
ADNtex,b0411,179.45385264683853,,,,,,112645.641475366,,Transport,False,ADNtex,False,,,,
ADNtex_reverse,b0411,179.45385264683853,,,,,,112645.641475366,,Transport,False,ADNtex,True,,,,
ADOCBIK,b1993,123.60963225270936,8.9242,,,1.733995533620513,,0.191,,Metabolic (Core),False,ADOCBIK,False,3.9337670166312826,5.329097766810257,5.329097766810257,1.9833726368565445
ADOCBLS,b1992,152.5584987702834,25.1358,1.9796784,,8.188621999268934,,41.985,,Metabolic (Core),False,ADOCBLS,False,7.413661058211378,11.768033466422978,8.188621999268934,4.492877164560914
ADOCBLabcpp,b0158 and b1709 and b1711,97.76404181117316,119.4937,,,4.685826033894374,,112645.641475366,,Metabolic (Core),True,ADOCBLabcpp,False,23.6627701325598,62.08976301694719,62.08976301694719,4.864439344113543
ADOCBLtonex,b3006 and b1252 and b3005 and b3966,176.53793119354842,16.2305,,,16.138856748077675,,112645.641475366,,Metabolic (Core),True,ADOCBLtonex,False,16.18461350943157,16.18467837403884,16.18467837403884,4.023010503271346
ADPRDP_num1,b3397,206.75125446366417,0.2527,2.144417,10.984600067138672,5.0296453264957615,117.0,,117.0,Metabolic (Core),False,ADPRDP,False,2.339155123857028,4.6028405984086085,3.5870311632478806,2.339155123857028
ADPRDP_num2,b3034,189.6850202355557,,55.765293,10.202946662902832,7.228125235384933,117.0,,117.0,Metabolic (Core),False,ADPRDP,False,16.021570719430347,24.398788299429256,10.202946662902832,8.008087657379855
ADPT,b0469,94.26533215773615,0.7226,2.1600516,4.8248820304870605,2.458310668233155,9.33,,9.33,Metabolic (Core),False,ADPT,False,2.0742991387595042,2.541461074680054,2.3091811341165775,2.0742991387595042
ADSK,b2750,103.1144388880425,7.0075,2.313484,11.53402328491211,5.8218552443149,19153.526094444445,,19153.526094444445,Metabolic (Core),False,ADSK,False,5.744046649986406,6.669215632306752,6.41467762215745,5.744046649986406
ADSL1r,b1131,121.175352563932,,,,,36286.272,,36286.272,Metabolic (Core),False,ADSL1r,False,,,,
ADSL1r_reverse,b1131,121.175352563932,10.4804,63.364918,3.3857643604278564,8.135649937618254,36286.272,,36286.272,Metabolic (Reverse),False,ADSL1r,True,11.629711186700263,21.34168307451153,9.308024968809127,11.629711186700263
ADSL2r,b1131,121.175352563932,,,,,36286.272,,36286.272,Metabolic (Core),False,ADSL2r,False,,,,
ADSL2r_reverse,b1131,121.175352563932,2.3817,63.364918,2.8319530487060547,10.99057680602148,36286.272,,36286.272,Metabolic (Reverse),False,ADSL2r,True,8.278670872297036,19.892286963681883,6.911264927363767,8.278670872297036
ADSS,b4177,115.69288473855742,0.2275,8.931563,1.1503044366836548,6.105562376877827,1.1908571428571428,,1.1908571428571428,Metabolic (Core),False,ADSS,False,1.9436221223830261,4.1037324533903705,3.6279334067807407,1.9436221223830261
AGDC,b0677,137.33652202813053,0.7619,23.746044,64.66558837890625,0.804671281974783,95.875,,95.875,Metabolic (Core),False,AGDC,False,5.539177017982159,22.49455091522026,12.275357640987393,5.539177017982159
AGM3PA,b0110,206.75125446366417,26.6947,,4.032395839691162,10.400376497266745,,112645.641475366,,Metabolic (Core),False,AGM3PA,False,10.383547515198257,13.709157445652636,10.400376497266745,5.784413298964914
AGM3PApp_num1,b2817,178.65984365785727,13.2252,,7.269973278045654,19.340076933523704,,112645.641475366,,Metabolic (Core),False,AGM3PApp,False,12.29695980440981,13.278416737189787,13.2252,6.566717223722071
AGM3PApp_num2,b4169,153.48944171492553,,,4.1448235511779785,4.869782303147899,,112645.641475366,,Metabolic (Core),False,AGM3PApp,False,4.492703905132982,4.507302927162939,4.507302927162939,2.1195999398785097
AGM3PApp_num3,b2435,137.33652202813053,,,2.0732810497283936,4.869782303147899,,112645.641475366,,Metabolic (Core),False,AGM3PApp,False,3.1774875869811403,3.471531676438146,3.471531676438146,1.782550865187622
AGM3PApp_num4,b0867,189.6850202355557,,,3.735909938812256,2.816700321785319,,112645.641475366,,Metabolic (Core),False,AGM3PApp,False,3.243907940557724,3.2763051302987876,3.2763051302987876,1.8010852119091212
AGM3PH,b1107,109.83420962295432,16.5197,,8.694700241088867,6.47591517554057,,112645.641475366,,Metabolic (Core),False,AGM3PH,False,9.76156177910519,10.563438472209812,8.694700241088867,5.5225477597178525
AGM3Pt2pp,b0433,62.99967746920003,12.0836,,7.730954647064209,5.809898887901974,,112645.641475366,,Metabolic (Core),False,AGM3Pt2pp,False,8.157041655034064,8.541484511655394,7.730954647064209,4.826691149683475
AGM4PA,b0110,206.75125446366417,4.6057,,4.154240131378174,6.7859805272721,,112645.641475366,,Metabolic (Core),False,AGM4PA,False,5.063684252863282,5.1819735528834245,4.6057,3.375592109119071
AGM4PApp_num1,b2435,137.33652202813053,1.2028,,2.13592791557312,6.7859805272721,,112645.641475366,,Metabolic (Core),False,AGM4PApp,False,2.5929702864766315,3.37490281428174,2.13592791557312,2.0433753737979474
AGM4PApp_num2,b2817,178.65984365785727,,,6.849769592285156,6.7859805272721,,112645.641475366,,Metabolic (Core),False,AGM4PApp,False,6.817800456859061,6.817875059778628,6.817875059778628,2.611091813180659
AGM4PApp_num3,b4169,153.48944171492553,,,4.668955326080322,6.7859805272721,,112645.641475366,,Metabolic (Core),False,AGM4PApp,False,5.6288044845672545,5.727467926676211,5.727467926676211,2.3725101653243246
AGM4PApp_num4,b0867,189.6850202355557,,,2.944210767745972,4.961503606695668,,112645.641475366,,Metabolic (Core),False,AGM4PApp,False,3.8220037078793974,3.95285718722082,3.95285718722082,1.9549945544372744
AGM4PCP,b1192,136.2454183611817,9.8334,,4.387454986572266,9.674936837183308,,112645.641475366,,Metabolic (Core),False,AGM4PCP,False,7.473456412909317,7.965263941251858,9.674936837183308,4.520028045156779
AGM4PCPpp,b2175,97.76404181117316,2.0896,,7.155642032623291,3.541144371740768,,112645.641475366,,Metabolic (Core),False,AGM4PCPpp,False,3.755073710392311,4.262128801454686,3.541144371740768,2.697514885023977
AGM4PH,b1107,109.83420962295432,4.2761,,7.059202671051025,4.588231538118686,,112645.641475366,,Metabolic (Core),False,AGM4PH,False,5.173879103958469,5.307844736389904,4.588231538118686,3.4305377868825944
AGM4Pt2pp,b0433,62.99967746920003,7.8514,,7.730954647064209,5.809898887901974,,112645.641475366,,Metabolic (Core),False,AGM4Pt2pp,False,7.065066724476486,7.130751178322061,7.730954647064209,4.333484034351171
AGMH,b1107,109.83420962295432,0.5198,,26.747791290283203,14.02303403737391,,112645.641475366,,Metabolic (Core),False,AGMH,False,5.7985854711419496,13.763541775885704,14.02303403737391,3.7367285248011473
AGMHE,b3619,149.80799644754114,,,,,,,,Metabolic (Core),False,AGMHE,False,,,,
AGMT,b2937,137.02402725167997,5.9814,18.146679,38.26497650146485,2.25626747070846,,1.516,,Metabolic (Core),False,AGMT,False,9.838933134342376,16.162330743043327,12.0640395,9.838933134342376
AGMt2pp,b0433,62.99967746920003,1.8546,,7.730954647064209,1.10372881793359,,112645.641475366,,Metabolic (Core),False,AGMt2pp,False,2.5106254156665035,3.5630944883325992,1.8546,1.9945110224501
AGMtex_num1,b1377,96.2904209055866,,,,,,112645.641475366,,Transport,False,AGMtex,False,,,,
AGMtex_num2,b0241,33.2825,,,,,,112645.641475366,,Transport,False,AGMtex,False,,,,
AGMtex_num3,b0929,94.8168,,,,,,112645.641475366,,Transport,False,AGMtex,False,,,,
AGMtex_num4,b2215,96.2904209055866,,,,,,112645.641475366,,Transport,False,AGMtex,False,,,,
AGMtex_reverse_num1,b1377,96.2904209055866,,,,,,112645.641475366,,Transport,False,AGMtex,True,,,,
AGMtex_reverse_num2,b0241,33.2825,,,,,,112645.641475366,,Transport,False,AGMtex,True,,,,
AGMtex_reverse_num3,b0929,94.8168,,,,,,112645.641475366,,Transport,False,AGMtex,True,,,,
AGMtex_reverse_num4,b2215,96.2904209055866,,,,,,112645.641475366,,Transport,False,AGMtex,True,,,,
AGPAT120,b3018,107.09297571026704,5.4721,1.0974773,9.488449096679688,1.607791776275416,,,,Metabolic (Core),False,AGPAT120,False,3.0938100907331347,4.416454543238776,3.539945888137708,3.0938100907331347
AGPAT140,b3018,107.09297571026704,2.5721,1.3243935,7.477696895599365,1.4545002766521131,,,,Metabolic (Core),False,AGPAT140,False,2.467156157746839,3.20717266806287,2.0133001383260565,2.467156157746839
AGPAT141,b3018,107.09297571026704,11.8142,,17.209360122680664,3.709008719383553,,,,Metabolic (Core),False,AGPAT141,False,9.102114586955883,10.910856280688073,11.8142,5.240306919499079
AGPAT160,b3018,107.09297571026704,3.6807,,6.087310314178467,4.505918121530305,,,,Metabolic (Core),False,AGPAT160,False,4.656358245005773,4.757976145236257,4.505918121530305,3.1698213745964954
AGPAT161,b3018,107.09297571026704,2.0559,,17.209360122680664,4.939211283970827,,,,Metabolic (Core),False,AGPAT161,False,5.590810487807872,8.068157135550498,4.939211283970827,3.635851010074917
AGPAT180,b3018,107.09297571026704,7.4976,1.1476902,6.838842391967773,2.8297552452447894,,,,Metabolic (Core),False,AGPAT180,False,3.5922752178459834,4.57847195930314,4.834298818606282,3.5922752178459834
AGPAT181,b3018,107.09297571026704,11.4007,,17.209360122680664,23.12485843405693,,,,Metabolic (Core),False,AGPAT181,False,16.55484457474572,17.244972852245866,17.209360122680664,8.207177587084526
AGPR,b3958,137.37750142279987,2.3584,3.7842135,5.289671421051025,1.4704365328180204,,,,Metabolic (Core),False,AGPR,False,2.8864698079716926,3.2256803634672613,3.0713067499999998,2.8864698079716926
AGPR_reverse,b3958,137.37750142279987,24.2881,4.724572,5.6144208908081055,6.046301810920078,,,,Metabolic (Reverse),False,AGPR,True,7.900192992239702,10.168348675432046,5.8303613508640915,7.900192992239702
AGt3,b0573 and b0572 and b0574 and b0575,128.2406734749161,,,,,,112645.641475366,,Metabolic (Core),True,AGt3,False,,,,
AHCYSNS,b0159,136.2454183611817,11.8327,1.789047,15.781052589416504,1.3473436861442745,1.9375,,1.9375,Metabolic (Core),False,AHCYSNS,False,4.606064239091555,7.687535818890194,6.8108735000000005,4.606064239091555
AHGDx,b2913,143.92573340895575,119.4937,10.293619,55.18291091918945,12.39208454655868,0.25,,0.25,Metabolic (Core),False,AHGDx,False,30.28415902446294,49.340578616437035,33.787497732874066,30.28415902446294
AHGDx_reverse,b2913,143.92573340895575,2.2416,6.895657,64.56210327148438,5.482138024465373,0.25,,0.25,Metabolic (Reverse),False,AHGDx,True,8.600334662642657,19.795374573987438,6.188897512232686,8.600334662642657
AI2K,b1511,136.47847541820553,2.4653,5.141289,27.641733169555664,10.17151810551991,,112645.641475366,,Metabolic (Core),False,AI2K,False,7.726329225573315,11.354960068768893,7.656403552759955,7.726329225573315
AI2abcpp,b1515 and b1516 and b1513 and b1514,90.65907860738318,9.3416,6.666544,5.5674920082092285,6.064563476980895,,112645.641475366,,Metabolic (Core),True,AI2abcpp,False,6.771662291850919,6.910049871297531,6.365553738490448,6.771662291850919
AI2tex_num1,b0241,33.2825,,,,,,112645.641475366,,Transport,False,AI2tex,False,,,,
AI2tex_num2,b2215,96.2904209055866,,,,,,112645.641475366,,Transport,False,AI2tex,False,,,,
AI2tex_num3,b0929,94.8168,,,,,,112645.641475366,,Transport,False,AI2tex,False,,,,
AI2tex_num4,b1377,96.2904209055866,,,,,,112645.641475366,,Transport,False,AI2tex,False,,,,
AI2tex_reverse_num1,b0241,33.2825,,,,,,112645.641475366,,Transport,False,AI2tex,True,,,,
AI2tex_reverse_num2,b2215,96.2904209055866,,,,,,112645.641475366,,Transport,False,AI2tex,True,,,,
AI2tex_reverse_num3,b0929,94.8168,,,,,,112645.641475366,,Transport,False,AI2tex,True,,,,
AI2tex_reverse_num4,b1377,96.2904209055866,,,,,,112645.641475366,,Transport,False,AI2tex,True,,,,
AI2tpp,b1601,217.8077053441142,,,,,,112645.641475366,,Transport,False,AI2tpp,False,,,,
AICART,b4006,115.69288473855748,24.6676,1.8710082,5.735464096069336,6.334036791279153,4.3,,4.3,Metabolic (Core),False,AICART,False,6.399012136360432,9.652027271837122,6.034750443674245,6.399012136360432
AICART_reverse,b4006,115.69288473855748,97.5536,4.1297154,3.356269598007202,8.135649937618254,4.3,,4.3,Metabolic (Reverse),False,AICART,True,10.241253801597043,28.293808733906364,6.132682668809127,10.241253801597043
AIRC2,b0522,128.2406734749161,442.5254,1.5489444,9.20569133758545,14.530183055053186,5.9,,5.9,Metabolic (Core),False,AIRC2,False,17.401047068126328,116.95255469815964,11.867937196319318,17.401047068126328
AIRC3,b0523,123.60963225270936,,,,,15.6,,15.6,Metabolic (Core),False,AIRC3,False,,,,
AIRC3_reverse,b0523,123.60963225270936,,,,,15.6,,15.6,Metabolic (Reverse),False,AIRC3,True,,,,
AKGDH,b0116 and b0727 and b0726,115.69288473855742,19.3054,5.40398,64.0735855102539,69.5562354139795,18.85,,18.85,Metabolic (Core),True,AKGDH,False,26.112707762535834,39.58480023105835,41.68949275512695,26.112707762535834
AKGt2rpp,b2587,23.0,9.2991,17.911448,21.95426368713379,7.384226029220949,,112645.641475366,,Metabolic (Core),False,AKGt2rpp,False,12.818844169809436,14.137259429088685,13.605274,12.818844169809436
AKGt2rpp_reverse,b2587,23.0,1.7142,17.911448,21.95426368713379,7.198881129148654,,112645.641475366,,Metabolic (Reverse),False,AKGt2rpp,True,8.346300489785978,12.19469820407061,12.555164564574326,8.346300489785978
AKGtex_num1,b1377,96.2904209055866,,,,,,112645.641475366,,Transport,False,AKGtex,False,,,,
AKGtex_num2,b0241,33.2825,,,,,,112645.641475366,,Transport,False,AKGtex,False,,,,
AKGtex_num3,b0929,94.8168,,,,,,112645.641475366,,Transport,False,AKGtex,False,,,,
AKGtex_num4,b2215,96.2904209055866,,,,,,112645.641475366,,Transport,False,AKGtex,False,,,,
AKGtex_reverse_num1,b1377,96.2904209055866,,,,,,112645.641475366,,Transport,False,AKGtex,True,,,,
AKGtex_reverse_num2,b0241,33.2825,,,,,,112645.641475366,,Transport,False,AKGtex,True,,,,
AKGtex_reverse_num3,b0929,94.8168,,,,,,112645.641475366,,Transport,False,AKGtex,True,,,,
AKGtex_reverse_num4,b2215,96.2904209055866,,,,,,112645.641475366,,Transport,False,AKGtex,True,,,,
ALAALAD,b1488,149.80799644754114,3.0119,2.0113437,26.07918930053711,4.69157887104192,,99.76610434782609,,Metabolic (Core),False,ALAALAD,False,5.217770663159001,8.948502967894758,3.85173943552096,5.217770663159001
ALAALAabcpp_num1,b3540 and b3542 and b3544 and b3543 and b3541,104.73241798245591,3.1499,1.0008848,18.979406356811523,5.727440571245332,,112645.641475366,,Metabolic (Core),True,ALAALAabcpp,False,4.302600457371067,7.214407932014214,4.438670285622666,4.302600457371067
ALAALAabcpp_num2,b1485 and b1486 and b1487 and b1483 and b1484,97.46316781454354,,1.8850473,5.471427440643311,8.735721749952106,,112645.641475366,,Metabolic (Core),True,ALAALAabcpp,False,4.483053237274123,5.3640654968651384,5.471427440643311,3.080920005148698
ALAALAr_num1,b0381,149.80799644754114,10.5404,12.003266,6.379887580871582,20.83005914936328,21.1075,,21.1075,Metabolic (Core),False,ALAALAr,False,11.387149252403914,12.438403182558716,11.271833,11.387149252403914
ALAALAr_num2,b0092,137.37750142279987,,18.030838,15.790186882019045,6.029423425870919,21.1075,,21.1075,Metabolic (Core),False,ALAALAr,False,11.973643455307704,13.283482769296654,15.790186882019045,6.436795940963468
ALAALAr_reverse_num1,b0381,149.80799644754114,24.1418,5.3706446,5.285799503326416,5.02416662235697,21.1075,,21.1075,Metabolic (Reverse),False,ALAALAr,True,7.660245623909156,9.955602681420848,5.328222051663208,7.660245623909156
ALAALAr_reverse_num2,b0092,137.37750142279987,,11.027756,10.430071830749512,5.277687913692756,21.1075,,21.1075,Metabolic (Reverse),False,ALAALAr,True,8.467191542763073,8.911838581480756,10.430071830749512,4.963688718132423
ALAALAtex_num1,b1377,96.2904209055866,,,,,,112645.641475366,,Transport,False,ALAALAtex,False,,,,
ALAALAtex_num2,b0241,33.2825,,,,,,112645.641475366,,Transport,False,ALAALAtex,False,,,,
ALAALAtex_num3,b0929,94.8168,,,,,,112645.641475366,,Transport,False,ALAALAtex,False,,,,
ALAALAtex_num4,b2215,96.2904209055866,,,,,,112645.641475366,,Transport,False,ALAALAtex,False,,,,
ALAALAtex_reverse_num1,b1377,96.2904209055866,,,,,,112645.641475366,,Transport,False,ALAALAtex,True,,,,
ALAALAtex_reverse_num2,b0241,33.2825,,,,,,112645.641475366,,Transport,False,ALAALAtex,True,,,,
ALAALAtex_reverse_num3,b0929,94.8168,,,,,,112645.641475366,,Transport,False,ALAALAtex,True,,,,
ALAALAtex_reverse_num4,b2215,96.2904209055866,,,,,,112645.641475366,,Transport,False,ALAALAtex,True,,,,
ALAGLUE,b1325,136.2454183611817,,,,,8.05,,8.05,Metabolic (Core),False,ALAGLUE,False,,,,
ALAGLUE_reverse,b1325,136.2454183611817,,,,,8.05,,8.05,Metabolic (Reverse),False,ALAGLUE,True,,,,
ALAR_num1,b1190,151.18324760891227,,,,,42.338,,42.338,Metabolic (Core),False,ALAR,False,,,,
ALAR_num2,b4053,121.20698236312832,,,,,42.338,,42.338,Metabolic (Core),False,ALAR,False,,,,
ALAR_reverse_num1,b1190,151.18324760891227,,,,,42.338,,42.338,Metabolic (Reverse),False,ALAR,True,,,,
ALAR_reverse_num2,b4053,121.20698236312832,,,,,42.338,,42.338,Metabolic (Reverse),False,ALAR,True,,,,
ALATA_D2_num1,b2551,121.23861216232469,1.4882,0.23265755,14.010838508605955,5.158064932037617,,112645.641475366,,Metabolic (Core),False,ALATA_D2,False,2.2365692300547995,5.222440247660893,3.3231324660188086,2.2365692300547995
ALATA_D2_num2,b0870,115.69288473855748,0.2538,2.3526251,12.43678379058838,20.83005914936328,,112645.641475366,,Metabolic (Core),False,ALATA_D2,False,3.526636782549302,8.968317009987915,7.39470444529419,3.526636782549302
ALATA_L2_num1,b0870,115.69288473855748,1.4882,2.3526251,12.43678379058838,5.158064932037617,,112645.641475366,,Metabolic (Core),False,ALATA_L2,False,3.8712590078595177,5.3589184556565,3.7553450160188087,3.8712590078595177
ALATA_L2_num2,b2551,121.23861216232469,12.5187,0.23265755,14.010838508605955,5.265135685472943,,112645.641475366,,Metabolic (Core),False,ALATA_L2,False,3.8285781757505957,8.006832936019725,8.891917842736472,3.8285781757505957
ALATA_L_num1,b2290,128.2406734749161,40.6082,10.2080965,43.33698654174805,7.228125235384933,,76.44800000000001,,Metabolic (Core),False,ALATA_L,False,18.982819621534965,25.345352069283244,25.408148249999996,18.982819621534965
ALATA_L_num2,b2379,123.60963225270936,16.7738,7.6809754,50.39029693603516,23.41534300952709,,76.44800000000001,,Metabolic (Core),False,ALATA_L,False,19.745758408772616,24.565103836390566,20.094571504763543,19.745758408772616
ALATA_L_reverse_num1,b2290,128.2406734749161,7.4372,6.67687,45.99553298950195,5.265135685472943,,76.44800000000001,,Metabolic (Reverse),False,ALATA_L,True,10.471934114785267,16.343684668743723,7.057035,10.471934114785267
ALATA_L_reverse_num2,b2379,123.60963225270936,,3.914777,48.9123420715332,9.38360738254706,,76.44800000000001,,Metabolic (Reverse),False,ALATA_L,True,12.157149900271312,20.736908818026755,9.38360738254706,6.5106421987624055
ALAabcpp,b3460 and b3456 and b3454 and b3455 and b3457,97.76404181117316,25.3656,8.386627,18.14558982849121,45.25391345988196,,112645.641475366,,Metabolic (Core),True,ALAabcpp,False,20.443955398482537,24.287932572093293,21.755594914245606,20.443955398482537
ALAt2pp_num1,b4208,23.0,0.1776,4.986246,36.413177490234375,1.122388381894457,,112645.641475366,,Metabolic (Core),False,ALAt2pp,False,2.4527574343447767,10.674852968032209,3.054317190947229,2.4527574343447767
ALAt2pp_num2,b4130,33.2825,,1.5220733,18.313796997070312,2.6182215851292328,,112645.641475366,,Metabolic (Core),False,ALAt2pp,False,4.179010421378258,7.484697294066515,2.6182215851292328,2.92284032607391
ALAt4pp,b0007,27.0,0.28,10.503699,20.64867401123047,4.570910570141916,,112645.641475366,,Metabolic (Core),False,ALAt4pp,False,4.08177252345149,9.000820895343097,7.537304785070958,4.08177252345149
ALAtex_num1,b2215,96.2904209055866,,,,,,112645.641475366,,Transport,False,ALAtex,False,,,,
ALAtex_num2,b0241,33.2825,,,,,,112645.641475366,,Transport,False,ALAtex,False,,,,
ALAtex_num3,b1377,96.2904209055866,,,,,,112645.641475366,,Transport,False,ALAtex,False,,,,
ALAtex_num4,b0929,94.8168,,,,,,112645.641475366,,Transport,False,ALAtex,False,,,,
ALAtex_reverse_num1,b2215,96.2904209055866,,,,,,112645.641475366,,Transport,False,ALAtex,True,,,,
ALAtex_reverse_num2,b0241,33.2825,,,,,,112645.641475366,,Transport,False,ALAtex,True,,,,
ALAtex_reverse_num3,b1377,96.2904209055866,,,,,,112645.641475366,,Transport,False,ALAtex,True,,,,
ALAtex_reverse_num4,b0929,94.8168,,,,,,112645.641475366,,Transport,False,ALAtex,True,,,,
ALAtpp,b2670,97.61360481285834,,,,,,112645.641475366,,Transport,False,ALAtpp,False,,,,
ALCD19_num1,b1478,136.2454183611817,236.1095,26.613026,87.14225769042969,7.160727829311835,0.55,,0.55,Metabolic (Core),False,ALCD19,False,44.498812711606156,89.25637787993539,56.877641845214846,44.498812711606156
ALCD19_num2,b1241,122.42412220751704,3.0877,37.03246,16.749155044555664,33.66240634310002,0.55,,0.55,Metabolic (Core),False,ALCD19,False,15.9345179689474,22.63293034691392,25.20578069382784,15.9345179689474
ALCD19_reverse_num1,b1478,136.2454183611817,0.6434,8.121188,61.86354064941406,3.2312739247872395,0.55,,0.55,Metabolic (Reverse),False,ALCD19,True,5.6849584164399625,18.464850643550328,5.676230962393619,5.6849584164399625
ALCD19_reverse_num2,b1241,122.42412220751704,,10.427507,12.597640991210938,6.046301810920078,0.55,,0.55,Metabolic (Reverse),False,ALCD19,True,9.260899684013483,9.690483267377004,10.427507,5.308720796031672
ALCD2x_num1,b1241,122.42412220751704,0.3664,39.62648,11.183436393737791,23.41534300952709,,139.05093333333335,,Metabolic (Core),False,ALCD2x,False,7.852432091206033,18.64791485081622,17.29938970163244,7.852432091206033
ALCD2x_num2,b1478,136.2454183611817,1762.566,40.22028,63.62043380737305,10.400376497266745,,139.05093333333335,,Metabolic (Core),False,ALCD2x,False,82.75781987152087,469.20177257615995,51.920356903686525,82.75781987152087
ALCD2x_reverse_num1,b1241,122.42412220751704,0.6483,40.368023,18.006572723388672,9.38360738254706,,139.05093333333335,,Metabolic (Reverse),False,ALCD2x,True,8.154617548752961,17.10162577648393,13.695090052967867,8.154617548752961
ALCD2x_reverse_num2,b1478,136.2454183611817,,21.952799,90.93651580810548,6.046301810920078,,139.05093333333335,,Metabolic (Reverse),False,ALCD2x,True,22.93890473419894,39.64520553967519,21.952799,10.481646489381166
ALDD19xr,b1385,129.20025527297207,8.3023,12.13539,17.973230361938477,3.470363952708512,96.8,,96.8,Metabolic (Core),False,ALDD19xr,False,8.903552649402302,10.470321078661748,10.218845,8.903552649402302
ALDD19xr_reverse,b1385,129.20025527297207,0.2473,18.168499,18.9267520904541,11.311990667194513,96.8,,96.8,Metabolic (Reverse),False,ALDD19xr,True,5.569158450479764,12.163635439412154,14.740244833597256,5.569158450479764
ALDD2y_num1,b0493,207.10415120122465,0.298,3.9951026,8.982563018798828,11.424475857554716,,16.2793,,Metabolic (Core),False,ALDD2y,False,3.324644316113152,6.175035369088386,6.488832809399414,3.324644316113152
ALDD2y_num2,b3011,121.175352563932,179.5767,9.0885935,13.253585815429688,6.332120906841956,,16.2793,,Metabolic (Core),False,ALDD2y,False,19.23788457881247,52.06275005556791,11.171089657714845,19.23788457881247
ALDD2y_num3,b3588,155.2551722501099,588.3956,0.7759087,12.2088623046875,6.332120906841956,,16.2793,,Metabolic (Core),False,ALDD2y,False,13.706485408747824,151.92812297788234,9.270491605764729,13.706485408747824
ALDD2y_num4,b3003,132.7889795946009,1.0117,5.70405,12.390303611755373,4.221350535826457,,16.2793,,Metabolic (Core),False,ALDD2y,False,4.168138196742729,5.831851036895457,4.962700267913228,4.168138196742729
ALDD2y_num5,b4269,137.33652202813053,1.4437,216.87943,97.25762176513672,3.318657465044924,,16.2793,,Metabolic (Core),False,ALDD2y,False,17.829753892602966,79.7248523075454,50.28813961509082,17.829753892602966
ALDD3y_num1,b4269,137.33652202813053,29.5499,219.01154,100.19639587402344,4.757798011142381,,112645.641475366,,Metabolic (Core),False,ALDD3y,False,41.910252630962894,88.37890847129145,64.87314793701172,41.910252630962894
ALDD3y_num2,b3588,155.2551722501099,,1.2421515,12.577770233154297,3.0876692428883983,,112645.641475366,,Metabolic (Core),False,ALDD3y,False,3.6402929303029423,5.635863658680898,3.0876692428883983,2.635434635174776
ALDD3y_num3,b3011,121.175352563932,,8.193222,13.65406322479248,4.055391167371879,,112645.641475366,,Metabolic (Core),False,ALDD3y,False,7.683925184367623,8.634225464054786,8.193222,4.615166204273531
ALKP,b2690,189.6850202355557,9.5418,6.2574997,4.404599666595459,10.285457757985752,70.2908,,70.2908,Metabolic (Core),False,ALKP,False,7.2117440237021,7.622339281145303,7.89964985,7.2117440237021
ALLK,b4084,205.72000000000008,7.2885,6.2292223,6.855249881744385,4.757798011142381,47.0,,47.0,Metabolic (Core),False,ALLK,False,6.203336206209103,6.282692548221691,6.542236090872192,6.203336206209103
ALLPI,b4090,122.42412220751704,,,,,6.1,,6.1,Metabolic (Core),False,ALLPI,False,,,,
ALLPI_reverse,b4090,122.42412220751704,,,,,6.1,,6.1,Metabolic (Reverse),False,ALLPI,True,,,,
ALLTAMH2,b0516,122.42412220751704,4.477,36.309864,17.776649475097656,6.933091443790466,,112645.641475366,,Metabolic (Core),False,ALLTAMH2,False,11.8972650905669,16.374151229722028,12.354870459444061,11.8972650905669
ALLTN,b0512,136.47847541820553,49.7643,3.8791199,34.088134765625,4.674531227649103,323074.36,,323074.36,Metabolic (Core),False,ALLTN,False,13.243357462933355,23.101521473318524,19.381332996637052,13.243357462933355
ALLTNt2rpp,b0511,23.0,2.5002,2.4691768,31.296167373657227,5.359793510374774,,112645.641475366,,Metabolic (Core),False,ALLTNt2rpp,False,5.672722488044235,10.406334421008,3.9299967551873873,5.672722488044235
ALLTNt2rpp_reverse,b0511,23.0,162.9636,2.4691768,31.296167373657227,2.3823735145285267,,112645.641475366,,Metabolic (Reverse),False,ALLTNt2rpp,True,13.160910975954422,49.777829422046445,16.882672086828613,13.160910975954422
ALLTNtex_num1,b1377,96.2904209055866,,,,,,112645.641475366,,Transport,False,ALLTNtex,False,,,,
ALLTNtex_num2,b0241,33.2825,,,,,,112645.641475366,,Transport,False,ALLTNtex,False,,,,
ALLTNtex_num3,b0929,94.8168,,,,,,112645.641475366,,Transport,False,ALLTNtex,False,,,,
ALLTNtex_num4,b2215,96.2904209055866,,,,,,112645.641475366,,Transport,False,ALLTNtex,False,,,,
ALLTNtex_reverse_num1,b1377,96.2904209055866,,,,,,112645.641475366,,Transport,False,ALLTNtex,True,,,,
ALLTNtex_reverse_num2,b0241,33.2825,,,,,,112645.641475366,,Transport,False,ALLTNtex,True,,,,
ALLTNtex_reverse_num3,b0929,94.8168,,,,,,112645.641475366,,Transport,False,ALLTNtex,True,,,,
ALLTNtex_reverse_num4,b2215,96.2904209055866,,,,,,112645.641475366,,Transport,False,ALLTNtex,True,,,,
ALLULPE,b4085,173.42795360893282,,,,,,,,Metabolic (Core),False,ALLULPE,False,,,,
ALLULPE_reverse,b4085,173.42795360893282,,,,,,,,Metabolic (Reverse),False,ALLULPE,True,,,,
ALLabcpp,b4088 and b4087 and b4086,128.2406734749161,124.4868,10.979056,3.829425096511841,45.25391345988196,,112645.641475366,,Metabolic (Core),True,ALLabcpp,False,22.060711044173217,46.13729863909845,28.11648472994098,22.060711044173217
ALLtex_num1,b1377,96.2904209055866,,,,,,112645.641475366,,Transport,False,ALLtex,False,,,,
ALLtex_num2,b0929,94.8168,,,,,,112645.641475366,,Transport,False,ALLtex,False,,,,
ALLtex_num3,b0241,33.2825,,,,,,112645.641475366,,Transport,False,ALLtex,False,,,,
ALLtex_num4,b2215,96.2904209055866,,,,,,112645.641475366,,Transport,False,ALLtex,False,,,,
ALLtex_reverse_num1,b1377,96.2904209055866,,,,,,112645.641475366,,Transport,False,ALLtex,True,,,,
ALLtex_reverse_num2,b0929,94.8168,,,,,,112645.641475366,,Transport,False,ALLtex,True,,,,
ALLtex_reverse_num3,b0241,33.2825,,,,,,112645.641475366,,Transport,False,ALLtex,True,,,,
ALLtex_reverse_num4,b2215,96.2904209055866,,,,,,112645.641475366,,Transport,False,ALLtex,True,,,,
ALPATE160pp,b1677 and b0657,151.18324760891227,21.2569,5.7526875,5.208593845367432,2.23349776356753,,112645.641475366,,Metabolic (Core),True,ALPATE160pp,False,6.14142541499097,8.61291977723374,5.480640672683716,6.14142541499097
ALPATG160pp,b1677 and b0657,151.18324760891227,107.9288,8.712825,5.528118133544922,7.273687187580228,,112645.641475366,,Metabolic (Core),True,ALPATG160pp,False,13.944632351844024,32.360857580281284,7.993256093790114,13.944632351844024
ALR2_num1,b1781,217.1028613676441,6.5416,6.5506234,11.013404846191406,0.7195177446827061,,,,Metabolic (Core),False,ALR2,False,4.2927187215617,6.206286497718528,6.5461117,4.2927187215617
ALR2_num2,b3012,225.0,,4.299936,8.682943344116211,4.69157887104192,,,,Metabolic (Core),False,ALR2,False,5.595204877350768,5.891486071719377,4.69157887104192,3.637994139827067
ALR2_num3,b0207,175.1936841441172,,4.2388606,19.955753326416016,3.0876692428883983,,,,Metabolic (Core),False,ALR2,False,6.392185128498413,9.094094389768138,4.2388606,4.020101406988128
ALR2_num4,b3001,155.2551722501099,,2.1101456,22.00316619873047,3.0876692428883983,,,,Metabolic (Core),False,ALR2,False,5.23370762752627,9.066993680539623,3.0876692428883983,3.4602469409304004
ALR2x,b1771,215.88128544774256,2.1541,2.1364381,18.96019172668457,7.194194088629481,,112645.641475366,,Metabolic (Core),False,ALR2x,False,5.005474606605696,7.611230978828512,4.674147044314741,5.005474606605696
ALR4x,b3945,129.20025527297207,2.6729,13.24356,15.076271057128906,4.074876182746937,,112645.641475366,,Metabolic (Core),False,ALR4x,False,6.828871681199689,8.76690180996896,8.659218091373468,6.828871681199689
ALTRH,b3091,136.71153247522938,,,,,,,,Metabolic (Core),False,ALTRH,False,,,,
AM3PA,b0110,206.75125446366417,42.7921,1.6290432,4.032395839691162,7.381707492199664,,112645.641475366,,Metabolic (Core),False,AM3PA,False,6.749227194578249,13.958811632972706,5.7070516659454125,6.749227194578249
AM4PA,b0110,206.75125446366417,0.6342,,4.409084796905518,4.810772528691261,,112645.641475366,,Metabolic (Core),False,AM4PA,False,2.378281022714506,3.2846857751989256,4.409084796905518,1.9151261124386032
AM4PCP,b1192,136.2454183611817,3.8062,,3.562162399291992,6.064563476980895,,112645.641475366,,Metabolic (Core),False,AM4PCP,False,4.348454752121345,4.477641958757629,3.8062,3.01128053272048
AMALT1,b3416,149.80799644754114,16.5579,25.34054,71.97586822509766,10.40299112229892,39251.5,,39251.5,Metabolic (Core),False,AMALT1,False,23.675085998918284,31.06932483684914,20.94922,23.675085998918284
AMALT2,b3416,149.80799644754114,14.8012,23.63233,58.517555236816406,18.05149927356397,39251.5,,39251.5,Metabolic (Core),False,AMALT2,False,24.654757223304237,28.75064612759509,20.841914636781986,24.654757223304237
AMALT3,b3416,149.80799644754114,9.5437,27.044092,76.39129638671875,32.94228372318428,39251.5,,39251.5,Metabolic (Core),False,AMALT3,False,28.388777554789396,36.48034302747576,29.99318786159214,28.388777554789396
AMALT4,b3416,149.80799644754114,19.3068,12.936652,78.69956970214844,6.245464574809021,39251.5,,39251.5,Metabolic (Core),False,AMALT4,False,18.71833972372396,29.297121569239362,16.121726,18.71833972372396
AMANAPEr,b3223,115.69288473855742,,,,,,,,Metabolic (Core),False,AMANAPEr,False,,,,
AMANAPEr_reverse,b3223,115.69288473855742,,,,,,,,Metabolic (Reverse),False,AMANAPEr,True,,,,
AMANK,b3222,152.62479040685164,28.5181,5.6569247,7.553021430969238,12.425167336292276,69.5,,69.5,Metabolic (Core),False,AMANK,False,11.092539583651371,13.538303366815379,9.989094383630757,11.092539583651371
AMAOTr,b0774,115.69288473855748,14.2262,0.10317036,8.928976058959961,15.77574159368995,0.2280303,,0.2280303,Metabolic (Core),False,AMAOTr,False,3.7919170169668126,9.758522003162478,11.57758802947998,3.7919170169668126
AMAOTr_reverse,b0774,115.69288473855748,2.7388,0.8856215,7.036784648895264,33.66240634310002,0.2280303,,0.2280303,Metabolic (Reverse),False,AMAOTr,True,4.895893614257559,11.08090312299882,4.887792324447632,4.895893614257559
AMMQLT8,b3833,189.6850202355557,327.0257,0.0507809,1.6679739952087402,6.796460182343027,,,,Metabolic (Core),False,AMMQLT8,False,3.7041501476753456,83.88522876938794,4.232217088775883,3.7041501476753456
AMPMS2,b3994,120.42138255624845,0.0263,5.885773,4.512057304382324,7.897718004824455,,112645.641475366,,Metabolic (Core),False,AMPMS2,False,1.5325296005301579,4.580462077301695,5.198915152191162,1.5325296005301579
AMPN,b1982,197.70251011777788,,,,,113403.89866666666,,113403.89866666666,Metabolic (Core),False,AMPN,False,,,,
AMPNTAT,b4093,205.72000000000008,25.1119,3.7343228,13.234732627868652,20.83005914936328,,112645.641475366,,Metabolic (Core),False,AMPNTAT,False,12.680146645161207,15.727753644307983,17.032395888615966,12.680146645161207
AMPTASECG_num1,b2523,133.20262771610487,1.972,99.06607,204.5173797607422,3.6115615622253454,128.6681788181818,,128.6681788181818,Metabolic (Core),False,AMPTASECG,False,19.490109175417214,77.29175283074188,51.33881578111267,19.490109175417214
AMPTASECG_num2,b0932,109.46969718755258,,16.354261,8.708569526672363,6.7859805272721,128.6681788181818,,128.6681788181818,Metabolic (Core),False,AMPTASECG,False,9.886975371541597,10.616270351314823,8.708569526672363,5.57567677132607
AMPTASECG_num3,b4260,136.70881435012527,,59.74422,20.079370498657227,6.7859805272721,128.6681788181818,,128.6681788181818,Metabolic (Core),False,AMPTASECG,False,20.11652058386382,28.86985700864311,20.079370498657227,9.49871045488746
AMPTASECG_num4,b0237,136.47847541820553,,62.026737,17.776649475097656,6.7859805272721,128.6681788181818,,128.6681788181818,Metabolic (Core),False,AMPTASECG,False,19.55902271471224,28.86312233412325,17.776649475097656,9.300587078836863
AMPTASEPG_num1,b4260,136.70881435012527,16.4044,62.47051,20.079370498657227,2.561459863767772,,112645.641475366,,Metabolic (Core),False,AMPTASEPG,False,15.15194072188711,25.378935090606248,18.24188524932861,15.15194072188711
AMPTASEPG_num2,b2523,133.20262771610487,,426.43143,204.5173797607422,4.200352710379372,,112645.641475366,,Metabolic (Core),False,AMPTASEPG,False,71.55199200741863,211.71638749037382,204.5173797607422,24.601766758043627
AMPTASEPG_num3,b0932,109.46969718755258,,7.4215183,8.453145980834961,4.200352710379372,,112645.641475366,,Metabolic (Core),False,AMPTASEPG,False,6.411096255055634,6.691672330404778,7.4215183,4.029018142609253
AMPTASEPG_num4,b0237,136.47847541820553,,65.17757,17.776649475097656,2.229301480764941,,112645.641475366,,Metabolic (Core),False,AMPTASEPG,False,13.720574387850698,28.394506985287535,17.776649475097656,7.129009928446503
AMPtex_num1,b0929,94.8168,,,,,,112645.641475366,,Transport,False,AMPtex,False,,,,
AMPtex_num2,b2215,96.2904209055866,,,,,,112645.641475366,,Transport,False,AMPtex,False,,,,
AMPtex_num3,b0241,33.2825,,,,,,112645.641475366,,Transport,False,AMPtex,False,,,,
AMPtex_num4,b1377,96.2904209055866,,,,,,112645.641475366,,Transport,False,AMPtex,False,,,,
AMPtex_reverse_num1,b0929,94.8168,,,,,,112645.641475366,,Transport,False,AMPtex,True,,,,
AMPtex_reverse_num2,b2215,96.2904209055866,,,,,,112645.641475366,,Transport,False,AMPtex,True,,,,
AMPtex_reverse_num3,b0241,33.2825,,,,,,112645.641475366,,Transport,False,AMPtex,True,,,,
AMPtex_reverse_num4,b1377,96.2904209055866,,,,,,112645.641475366,,Transport,False,AMPtex,True,,,,
ANHGMtex_num1,b1377,96.2904209055866,,,,,,112645.641475366,,Transport,False,ANHGMtex,False,,,,
ANHGMtex_num2,b0241,33.2825,,,,,,112645.641475366,,Transport,False,ANHGMtex,False,,,,
ANHGMtex_num3,b0929,94.8168,,,,,,112645.641475366,,Transport,False,ANHGMtex,False,,,,
ANHGMtex_num4,b2215,96.2904209055866,,,,,,112645.641475366,,Transport,False,ANHGMtex,False,,,,
ANHGMtex_reverse_num1,b1377,96.2904209055866,,,,,,112645.641475366,,Transport,False,ANHGMtex,True,,,,
ANHGMtex_reverse_num2,b0241,33.2825,,,,,,112645.641475366,,Transport,False,ANHGMtex,True,,,,
ANHGMtex_reverse_num3,b0929,94.8168,,,,,,112645.641475366,,Transport,False,ANHGMtex,True,,,,
ANHGMtex_reverse_num4,b2215,96.2904209055866,,,,,,112645.641475366,,Transport,False,ANHGMtex,True,,,,
ANHMK,b1640,143.25976446138526,0.9533,,65.53939819335938,5.265135685472943,,112645.641475366,,Metabolic (Core),False,ANHMK,False,6.903148298225465,23.91927795961077,5.265135685472943,4.258781927933727
ANPRT,b1263,121.23861216232469,4.8679,1.4095602,0.9176442623138428,2.458310668233155,4.4,,4.4,Metabolic (Core),False,ANPRT,False,1.983508651093113,2.4133537826367495,1.9339354341165775,1.983508651093113
ANS,b1263 and b1264,116.6619199476233,11.369,2.7888298,4.065340042114258,6.9899481650584585,3.7,,3.7,Metabolic (Core),True,ANS,False,5.478715860371793,6.303279501793179,5.527644103586358,5.478715860371793
AOBUTDs,s0001,,5581.1557,,,10.400376497266745,,,,Metabolic (Core),False,AOBUTDs,False,240.9276251696064,2795.7780382486335,2795.7780382486335,15.521843484895935
AOXSr2,b0776,115.69288473855748,372541.5801,0.04934374,0.1351247280836105,1.420938285285866,0.044,,0.044,Metabolic (Core),False,AOXSr2,False,7.707778330627821,93135.79637668835,0.7780315066847383,7.707778330627821
AP4AH,b0049,152.62479040685164,2.8586,1.6902533,1.7962191104888916,1.5539312089624406,250.0,,250.0,Metabolic (Core),False,AP4AH,False,1.9163466458824983,1.9747509048628331,1.743236205244446,1.9163466458824983
AP4AS,b4129,97.46316781454354,,,,,,,,Metabolic (Core),False,AP4AS,False,,,,
AP5AH,b0049,152.62479040685164,1.7681,1.5482793,2.5804545879364014,3.2540836056774123,0.55,,0.55,Metabolic (Core),False,AP5AH,False,2.1896276306980216,2.287729373403453,2.174277293968201,2.1896276306980216
APCS,b0121,94.35095537652876,12.5072,0.29775545,0.8997303247451782,38.4344729658555,0.14,,0.14,Metabolic (Core),False,APCS,False,3.3687072840512475,13.03478968515017,6.703465162372589,3.3687072840512475
APG3PAT120,b3059,149.80799644754114,30.6822,8.147329,4.4356207847595215,3.2394747145515583,,112645.641475366,,Metabolic (Core),False,APG3PAT120,False,7.741634950544175,11.62615612482777,6.29147489237976,7.741634950544175
APG3PAT140,b3059,149.80799644754114,0.5254,8.147329,3.937682628631592,1.436612173128217,,112645.641475366,,Metabolic (Core),False,APG3PAT140,False,2.218305692058116,3.511755950439952,2.6871474008799043,2.218305692058116
APG3PAT141,b3059,149.80799644754114,57.1696,8.147329,8.044942855834961,1.436612173128217,,112645.641475366,,Metabolic (Core),False,APG3PAT141,False,8.565657959644385,18.699621007240793,8.09613592791748,8.565657959644385
APG3PAT160,b3059,149.80799644754114,26.9737,8.147329,8.044942855834961,3.194268354614871,,112645.641475366,,Metabolic (Core),False,APG3PAT160,False,8.668870891616107,11.590060052612458,8.09613592791748,8.668870891616107
APG3PAT161,b3059,149.80799644754114,1.6662,8.147329,8.044942855834961,7.190765165547722,,112645.641475366,,Metabolic (Core),False,APG3PAT161,False,5.2937096016755705,6.26230925534567,7.6178540106913415,5.2937096016755705
APG3PAT180,b3059,149.80799644754114,4.3202,8.147329,3.822190046310425,1.6201470355219878,,112645.641475366,,Metabolic (Core),False,APG3PAT180,False,3.842345853441809,4.477466520458103,4.071195023155212,3.842345853441809
APG3PAT181,b3059,149.80799644754114,8.4398,8.147329,8.044942855834961,1.0590721531572571,,112645.641475366,,Metabolic (Core),False,APG3PAT181,False,4.919817358289731,6.422786002248054,8.09613592791748,4.919817358289731
APH120,b0968,123.60963225270936,26.087,,38.13453674316406,3.2394747145515583,,112645.641475366,,Metabolic (Core),False,APH120,False,14.770858435556017,22.48700381923854,26.087,7.534497652438278
APH140,b0968,123.60963225270936,4.5171,,38.13453674316406,1.0590721531572571,,112645.641475366,,Metabolic (Core),False,APH140,False,5.6715431816139,14.570236298773773,4.5171,3.6751573022569914
APH141,b0968,123.60963225270936,2.749,,38.13453674316406,5.267713136932461,,112645.641475366,,Metabolic (Core),False,APH141,False,8.204241651819855,15.383749960032176,5.267713136932461,4.847622949776983
APH160,b0968,123.60963225270936,0.1624,,37.01604461669922,1.0590721531572571,,112645.641475366,,Metabolic (Core),False,APH160,False,1.8533916181810672,12.745838923285492,1.0590721531572571,1.5884567554101767
APH161,b0968,123.60963225270936,1.2028,,38.13453674316406,1.122388381894457,,112645.641475366,,Metabolic (Core),False,APH161,False,3.720074913657771,13.486575041686175,1.2028,2.678636388092966
APH180,b0968,123.60963225270936,1.4028,,37.01604461669922,2.419531547116704,,112645.641475366,,Metabolic (Core),False,APH180,False,5.008477019173426,13.612792054605308,2.419531547116704,3.3479523177663735
APH181,b0968,123.60963225270936,0.7377,,33.853572845458984,1.966318786132856,,112645.641475366,,Metabolic (Core),False,APH181,False,3.6619527867222144,12.185863877197278,1.966318786132856,2.6471865984080205
APPLDHr,b3945,129.20025527297207,50.9722,11.978309,15.076271057128906,20.83005914936328,0.02,,0.02,Metabolic (Core),False,APPLDHr,False,20.92561991692778,24.714209801623046,17.953165103246093,20.92561991692778
APPLDHr_reverse,b3945,129.20025527297207,12.4116,19.681145,15.33161449432373,4.588231538118686,0.02,,0.02,Metabolic (Reverse),False,APPLDHr,True,11.449271051437007,13.003147758110604,13.871607247161865,11.449271051437007
APRAUR,b0414,121.23861216232469,7.68,0.85947937,9.078505516052246,5.430196692007875,0.3125,,0.3125,Metabolic (Core),False,APRAUR,False,4.247238507472016,5.762045394515031,6.555098346003938,4.247238507472016
ARABDI,b2802,121.23861216232469,,,,,412603.95,,412603.95,Metabolic (Core),False,ARABDI,False,,,,
ARABDI_reverse,b2802,121.23861216232469,,,,,412603.95,,412603.95,Metabolic (Reverse),False,ARABDI,True,,,,
ARAI,b0062,136.71153247522938,,,,,1365.0314110714285,,1365.0314110714285,Metabolic (Core),False,ARAI,False,,,,
ARAI_reverse,b0062,136.71153247522938,,,,,1365.0314110714285,,1365.0314110714285,Metabolic (Reverse),False,ARAI,True,,,,
ARBTNabcpp,b0153 and b0151 and b0152,113.04789556080048,8.4691,1.3061725,4.216712951660156,10.397610637812583,,112645.641475366,,Metabolic (Core),True,ARBTNabcpp,False,4.692846470697684,6.097399022368185,6.342906475830078,4.692846470697684
ARBTNexs,s0001,,9.106,,,0.9898288816371736,,,,Metabolic (Core),False,ARBTNexs,False,3.002229470941238,5.0479144408185865,5.0479144408185865,1.7326942808646995
ARBTptspp_num1,b2416 and b3722 and b2415,160.70234805267864,524.9727,0.96225995,22.15931701660156,20.83005914936328,,112645.641475366,,Metabolic (Core),True,ARBTptspp,False,21.974499943563636,142.2310840289912,21.49468808298242,21.974499943563636
ARBTptspp_num2,b2416 and b2715 and b2415,168.6201396231135,,0.96225995,15.952224731445312,9.685838815944882,,112645.641475366,,Metabolic (Core),True,ARBTptspp,False,5.297654555063217,8.866774499130065,9.685838815944882,3.491907468095873
ARBTtex_num1,b1377,96.2904209055866,,,,,,112645.641475366,,Transport,False,ARBTtex,False,,,,
ARBTtex_num2,b2215,96.2904209055866,,,,,,112645.641475366,,Transport,False,ARBTtex,False,,,,
ARBTtex_num3,b0929,94.8168,,,,,,112645.641475366,,Transport,False,ARBTtex,False,,,,
ARBTtex_num4,b0241,33.2825,,,,,,112645.641475366,,Transport,False,ARBTtex,False,,,,
ARBabcpp,b1901 and b4460 and b1900,92.71685493840006,3.2809,16.81418,4.317452430725098,18.05149927356397,,,,Metabolic (Core),True,ARBabcpp,False,8.097526562963724,10.616007926072268,10.565816215362549,8.097526562963724
ARBt2rpp,b2841,23.0,12.9863,10.138586,18.03612518310547,83.54885239895054,,112645.641475366,,Metabolic (Core),False,ARBt2rpp,False,21.10506226041228,31.177465895514004,15.511212591552734,21.10506226041228
ARBt2rpp_reverse,b2841,23.0,5.2081,10.138586,18.03612518310547,4.570910570141916,,112645.641475366,,Metabolic (Reverse),False,ARBt2rpp,True,8.122704746898375,9.488430438311847,7.673343,8.122704746898375
ARBt3ipp,b1528,33.2825,13.6417,11.596222,9.234712600708008,25.827463201057576,,112645.641475366,,Metabolic (Core),False,ARBt3ipp,False,13.937103902082459,15.075024450441395,12.618960999999999,13.937103902082459
ARBtex_num1,b1377,96.2904209055866,,,,,,112645.641475366,,Transport,False,ARBtex,False,,,,
ARBtex_num2,b0241,33.2825,,,,,,112645.641475366,,Transport,False,ARBtex,False,,,,
ARBtex_num3,b0929,94.8168,,,,,,112645.641475366,,Transport,False,ARBtex,False,,,,
ARBtex_num4,b2215,96.2904209055866,,,,,,112645.641475366,,Transport,False,ARBtex,False,,,,
ARBtex_reverse_num1,b1377,96.2904209055866,,,,,,112645.641475366,,Transport,False,ARBtex,True,,,,
ARBtex_reverse_num2,b0241,33.2825,,,,,,112645.641475366,,Transport,False,ARBtex,True,,,,
ARBtex_reverse_num3,b0929,94.8168,,,,,,112645.641475366,,Transport,False,ARBtex,True,,,,
ARBtex_reverse_num4,b2215,96.2904209055866,,,,,,112645.641475366,,Transport,False,ARBtex,True,,,,
ARGAGMt7pp,b4115,23.0,31.3751,8.662608,29.800029754638672,7.133991377505383,,112645.641475366,,Metabolic (Core),False,ARGAGMt7pp,False,15.504071575744257,19.242932283036016,19.231318877319335,15.504071575744257
ARGAGMt7pp_reverse,b4115,23.0,17.892,8.662608,29.800029754638672,5.745817873811871,,112645.641475366,,Metabolic (Reverse),False,ARGAGMt7pp,True,12.763477770831049,15.525113907112637,13.277304,12.763477770831049
ARGDC,b4117,121.20698236312832,3.1733,9.270914,4.656607151031494,1.719566556138407,626673.0559375,,626673.0559375,Metabolic (Core),False,ARGDC,False,3.9176945163764376,4.705096926792475,3.9149535755157467,3.9176945163764376
ARGDCpp,b2938,136.71153247522938,2.9558,5.9531965,0.5970442891120911,1.8884335437600968,1097065.69115,,1097065.69115,Metabolic (Core),False,ARGDCpp,False,2.110490391652694,2.8486185832180473,2.4221167718800483,2.110490391652694
ARGORNt7pp,b1605,33.2825,4.9472,18.738894,48.32353591918945,20.83005914936328,,112645.641475366,,Metabolic (Core),False,ARGORNt7pp,False,17.477856030167036,23.209922267138182,19.78447657468164,17.477856030167036
ARGORNt7pp_reverse,b1605,33.2825,0.266,18.738894,48.32353591918945,31.742121195274308,,112645.641475366,,Metabolic (Reverse),False,ARGORNt7pp,True,9.350935478815533,24.767637778615942,25.240507597637155,9.350935478815533
ARGSL,b3960,121.23861216232469,,,,,,230.47744444444444,,Metabolic (Core),False,ARGSL,False,,,,
ARGSL_reverse,b3960,121.23861216232469,5.0604,45.227882,32.0045051574707,8.708945742095699,,230.47744444444444,,Metabolic (Reverse),False,ARGSL,True,15.892490106793234,22.7504332248916,20.3567254497832,15.892490106793234
ARGSS,b3172,149.80799644754114,1489.5195,2.638502,1.9474703073501587,32.40307959655166,,,,Metabolic (Core),False,ARGSS,False,22.31594016699666,381.6271379759755,17.520790798275833,22.31594016699666
ARGabcpp_num1,b2310 and b2308 and b2306 and b2307,68.51321211937051,71.2875,2.9540026,20.9307918548584,2.25626747070846,,,,Metabolic (Core),True,ARGabcpp,False,9.986196895872412,24.357140481391713,11.942397227429199,9.986196895872412
ARGabcpp_num2,b0862 and b0860 and b0864 and b0861,73.60691468498929,,1.6503981,2.159743309020996,6.154294957250831,,,,Metabolic (Core),True,ARGabcpp,False,2.799344747247136,3.3214787887572754,2.159743309020996,2.164174570929712
ARGabcpp_num3,b0862 and b0864 and b0863 and b0861,75.22832942182862,,1.9662894,32.18496322631836,8.018026648275109,,,,Metabolic (Core),True,ARGabcpp,False,7.97607661266002,14.05642642486449,8.018026648275109,4.746155768627861
ARGt3pp,b2923,28.14125,416.5591,2.0827684,31.20411872863769,2.83415341835266,,112645.641475366,,Metabolic (Core),False,ARGt3pp,False,16.643253223273792,113.1700351367476,17.019136073495176,16.643253223273792
ARGtex_num1,b1377,96.2904209055866,,,,,,112645.641475366,,Transport,False,ARGtex,False,,,,
ARGtex_num2,b0241,33.2825,,,,,,112645.641475366,,Transport,False,ARGtex,False,,,,
ARGtex_num3,b0929,94.8168,,,,,,112645.641475366,,Transport,False,ARGtex,False,,,,
ARGtex_num4,b2215,96.2904209055866,,,,,,112645.641475366,,Transport,False,ARGtex,False,,,,
ARGtex_reverse_num1,b1377,96.2904209055866,,,,,,112645.641475366,,Transport,False,ARGtex,True,,,,
ARGtex_reverse_num2,b0241,33.2825,,,,,,112645.641475366,,Transport,False,ARGtex,True,,,,
ARGtex_reverse_num3,b0929,94.8168,,,,,,112645.641475366,,Transport,False,ARGtex,True,,,,
ARGtex_reverse_num4,b2215,96.2904209055866,,,,,,112645.641475366,,Transport,False,ARGtex,True,,,,
ARHGDx,b2913,143.92573340895575,11.4866,,52.08518981933594,2.3451833249692777,,112645.641475366,,Metabolic (Core),False,ARHGDx,False,11.195088097825542,21.972324381435072,11.4866,6.120270773354172
ARHGDx_reverse,b2913,143.92573340895575,137.1184,6.895657,70.5932388305664,7.228125235384933,,112645.641475366,,Metabolic (Reverse),False,ARHGDx,True,26.355122615144577,55.45885526648784,38.91068203297567,26.355122615144577
ARMEPNS,b4099 and b4096 and b4100 and b4101,149.80799644754114,36.8044,,2.406766891479492,21.468088153965304,,112645.641475366,,Metabolic (Core),True,ARMEPNS,False,12.389174791336197,20.226418348481598,21.468088153965304,6.603615604968231
ASAD,b3433,126.3220034041247,1.2639,20.06453,11.627964973449709,4.445417950710154,645.0,,645.0,Metabolic (Core),False,ASAD,False,6.017131526175638,9.350453231039966,8.036691462079931,6.017131526175638
ASAD_reverse,b3433,126.3220034041247,20.2323,8.086799,12.234331130981444,6.215517309103734,645.0,,645.0,Metabolic (Reverse),False,ASAD,True,10.561360181856584,11.692236860021293,10.160565065490722,10.561360181856584
ASCBPL,b4192,160.70234805267864,3.703,3.3677359,25.963274002075195,3.993474459288783,,,,Metabolic (Core),False,ASCBPL,False,5.996537122707904,9.256871090340995,3.8482372296443916,5.996537122707904
ASCBptspp,b2416 and b4193 and b4195 and b2415 and b4194,160.70234805267864,1988.5373,0.96225995,106.0617904663086,20.83005914936328,,112645.641475366,,Metabolic (Core),True,ASCBptspp,False,45.34390330252545,529.097852391418,63.44592480783594,45.34390330252545
ASCBtex_num1,b1377,96.2904209055866,,,,,,112645.641475366,,Transport,False,ASCBtex,False,,,,
ASCBtex_num2,b0241,33.2825,,,,,,112645.641475366,,Transport,False,ASCBtex,False,,,,
ASCBtex_num3,b0929,94.8168,,,,,,112645.641475366,,Transport,False,ASCBtex,False,,,,
ASCBtex_num4,b2215,96.2904209055866,,,,,,112645.641475366,,Transport,False,ASCBtex,False,,,,
ASCBtex_reverse_num1,b1377,96.2904209055866,,,,,,112645.641475366,,Transport,False,ASCBtex,True,,,,
ASCBtex_reverse_num2,b0241,33.2825,,,,,,112645.641475366,,Transport,False,ASCBtex,True,,,,
ASCBtex_reverse_num3,b0929,94.8168,,,,,,112645.641475366,,Transport,False,ASCBtex,True,,,,
ASCBtex_reverse_num4,b2215,96.2904209055866,,,,,,112645.641475366,,Transport,False,ASCBtex,True,,,,
ASNN_num1,b1767,149.80799644754114,4.9069,34.503593,38.16679000854492,4.074876182746937,,55.13333333333333,,Metabolic (Core),False,ASNN,False,12.738488388136755,20.413039797822965,19.7052465,12.738488388136755
ASNN_num2,b0828,123.60963225270936,,19.551958,79.57662963867188,10.728613456472884,,55.13333333333333,,Metabolic (Core),False,ASNN,False,25.55679945508189,36.61906703171492,19.551958,11.366580938764976
ASNNpp,b2957,157.17088698230995,74.5526,1.7894615,36.3835334777832,8.375467515442104,55.13333333333333,,55.13333333333333,Metabolic (Core),False,ASNNpp,False,14.199556217518326,30.275265623306325,22.379500496612653,14.199556217518326
ASNS1,b0674,121.20698236312832,304.0402,2.884735,1.7867032289505005,3.709008719383553,,2.238125,,Metabolic (Core),False,ASNS1,False,8.731458666886207,78.10516173708352,3.2968718596917768,8.731458666886207
ASNS2_num1,b3744,120.42138255624845,4.874,4.9217443,1.647115707397461,4.074876182746937,,1.6033333333333333,,Metabolic (Core),False,ASNS2,False,3.5621382792674106,3.8794340475360993,4.474438091373468,3.5621382792674106
ASNS2_num2,b0674,121.20698236312832,,10.361377,1.6834317445755005,69.5562354139795,,1.6033333333333333,,Metabolic (Core),False,ASNS2,False,10.665544179011777,27.200348052851666,10.361377,5.9018377268097835
ASNt2rpp,b1453,25.0,6.4899,15.2967415,19.06730842590332,4.074876182746937,,112645.641475366,,Metabolic (Core),False,ASNt2rpp,False,9.371523214056282,11.232206527162564,10.893320749999999,9.371523214056282
ASNt2rpp_reverse,b1453,25.0,5.2081,15.2967415,19.06730842590332,8.375467515442104,,112645.641475366,,Metabolic (Reverse),False,ASNt2rpp,True,10.62048067553062,11.986904360336355,11.836104507721052,10.62048067553062
ASNtex_num1,b1377,96.2904209055866,,,,,,112645.641475366,,Transport,False,ASNtex,False,,,,
ASNtex_num2,b0241,33.2825,,,,,,112645.641475366,,Transport,False,ASNtex,False,,,,
ASNtex_num3,b0929,94.8168,,,,,,112645.641475366,,Transport,False,ASNtex,False,,,,
ASNtex_num4,b2215,96.2904209055866,,,,,,112645.641475366,,Transport,False,ASNtex,False,,,,
ASNtex_reverse_num1,b1377,96.2904209055866,,,,,,112645.641475366,,Transport,False,ASNtex,True,,,,
ASNtex_reverse_num2,b0241,33.2825,,,,,,112645.641475366,,Transport,False,ASNtex,True,,,,
ASNtex_reverse_num3,b0929,94.8168,,,,,,112645.641475366,,Transport,False,ASNtex,True,,,,
ASNtex_reverse_num4,b2215,96.2904209055866,,,,,,112645.641475366,,Transport,False,ASNtex,True,,,,
ASO3t8pp,b3502,23.0,2.9269,3.3460474,8.645182609558105,2.458310668233155,,,,Metabolic (Core),False,ASO3t8pp,False,3.798286567434251,4.344110169447815,3.1364737,3.798286567434251
ASO3tex_num1,b1377,96.2904209055866,,,,,,112645.641475366,,Transport,False,ASO3tex,False,,,,
ASO3tex_num2,b0241,33.2825,,,,,,112645.641475366,,Transport,False,ASO3tex,False,,,,
ASO3tex_num3,b0929,94.8168,,,,,,112645.641475366,,Transport,False,ASO3tex,False,,,,
ASO3tex_num4,b2215,96.2904209055866,,,,,,112645.641475366,,Transport,False,ASO3tex,False,,,,
ASO3tex_reverse_num1,b1377,96.2904209055866,,,,,,112645.641475366,,Transport,False,ASO3tex,True,,,,
ASO3tex_reverse_num2,b0241,33.2825,,,,,,112645.641475366,,Transport,False,ASO3tex,True,,,,
ASO3tex_reverse_num3,b0929,94.8168,,,,,,112645.641475366,,Transport,False,ASO3tex,True,,,,
ASO3tex_reverse_num4,b2215,96.2904209055866,,,,,,112645.641475366,,Transport,False,ASO3tex,True,,,,
ASP1DC,b0131,207.78250892732828,3.7942,5.3639655,5.108707904815674,4.69157887104192,0.57,,0.57,Metabolic (Core),False,ASP1DC,False,4.699580275640872,4.739613068964398,4.900143387928797,4.699580275640872
ASPCT_num1,b4244 and b4245,138.0434703703704,1589.1472,0.03625249,60.24456024169922,69.62689854059693,417.0,,417.0,Metabolic (Core),True,ASPCT,False,22.171711268796535,429.763727818074,64.93572939114807,22.171711268796535
ASPCT_num2,b4245,136.71153247522938,,5.4062924,60.24456024169922,49.030545655950206,417.0,,417.0,Metabolic (Core),False,ASPCT,False,25.18225971318044,38.22713276588314,49.030545655950206,11.241416112978001
ASPK_num1,b3940,128.2406734749161,0.3808,105.56733,13.3048095703125,8.708945742095699,20.913636363636364,,20.913636363636364,Metabolic (Core),False,ASPK,False,8.261334009930371,31.990471328102046,11.0068776562041,8.261334009930371
ASPK_num2,b0002,136.2454183611817,,68.128075,10.847906112670898,0.9306493286838624,20.913636363636364,,20.913636363636364,Metabolic (Core),False,ASPK,False,8.827126857380295,26.635543480451584,10.847906112670898,5.12111497085637
ASPK_num3,b4024,121.23861216232469,,31.39795,21.77469253540039,7.228125235384933,20.913636363636364,,20.913636363636364,Metabolic (Core),False,ASPK,False,17.03307261235412,20.133589256928442,21.77469253540039,8.384356737173341
ASPK_reverse_num1,b3940,128.2406734749161,3.3446,57.227493,14.82772445678711,4.810772528691261,20.913636363636364,,20.913636363636364,Metabolic (Reverse),False,ASPK,True,10.809598390854394,20.05264749636959,9.819248492739185,10.809598390854394
ASPK_reverse_num2,b0002,136.2454183611817,,28.757118,12.525436401367188,2.119322673589061,20.913636363636364,,20.913636363636364,Metabolic (Reverse),False,ASPK,True,9.139275518109129,14.46729235831875,12.525436401367188,5.256344577983454
ASPK_reverse_num3,b4024,121.23861216232469,,19.991083,21.136035919189453,2.119322673589061,20.913636363636364,,20.913636363636364,Metabolic (Reverse),False,ASPK,True,9.638711505779812,14.415480530926173,19.991083,5.470338944901219
ASPO3,b2574,111.41209083333332,0.6251,24.513126,22.673120498657227,4.074876182746937,,112645.641475366,,Metabolic (Core),False,ASPO3,False,6.133995844011619,12.97155567035104,13.373998340702082,6.133995844011619
ASPO4,b2574,111.41209083333332,18.4926,1.4699401,24.06402587890625,4.074876182746937,,112645.641475366,,Metabolic (Core),False,ASPO4,False,7.185302872843366,12.025360540413295,11.283738091373468,7.185302872843366
ASPO5,b2574,111.41209083333332,4.2883,15.622855,20.25059127807617,6.154294957250831,,,,Metabolic (Core),False,ASPO5,False,9.55906454982666,11.57901030883175,10.888574978625416,9.55906454982666
ASPO6,b2574,111.41209083333332,0.8511,24.513126,17.34422492980957,2.1115375790563813,2.112575,,2.112575,Metabolic (Core),False,ASPO6,False,5.257548044282303,11.204997127216489,9.727881254432976,5.257548044282303
ASPT,b4139,133.20262771610487,,,,,180.0,,180.0,Metabolic (Core),False,ASPT,False,,,,
ASPTA_num1,b0928,128.2406734749161,22.2509,40.515232,357.4794006347656,7.228125235384933,271.1433333333333,,271.1433333333333,Metabolic (Core),False,ASPTA,False,39.06705288533801,106.86841446753763,31.383066,39.06705288533801
ASPTA_num2,b4054,128.2406734749161,0.7277,20.104923,76.07127380371094,11.424475857554716,271.1433333333333,,271.1433333333333,Metabolic (Core),False,ASPTA,False,10.618861109913729,27.08209316531641,15.764699428777359,10.618861109913729
ASPTA_reverse_num1,b0928,128.2406734749161,12.1053,23.913172,390.8737487792969,4.810772528691261,271.1433333333333,,271.1433333333333,Metabolic (Reverse),False,ASPTA,True,27.16226723549903,107.92574832699702,18.009236,27.16226723549903
ASPTA_reverse_num2,b4054,128.2406734749161,,12.793616,88.28016662597656,7.494230452223806,271.1433333333333,,271.1433333333333,Metabolic (Reverse),False,ASPTA,True,20.379545758271796,36.18933769273345,12.793616,9.591706359632058
ASPabcpp,b0655 and b0654 and b0652 and b0653,97.76404181117316,4.4786,12.35476,24.663986206054688,4.074876182746937,,,,Metabolic (Core),True,ASPabcpp,False,8.635521479187318,11.393055597200405,8.41668,8.635521479187318
ASPt2_2pp,b3528,23.0,4.4233,36.131966,34.960540771484375,4.074876182746937,,112645.641475366,,Metabolic (Core),False,ASPt2_2pp,False,12.283797169556747,19.897670738557824,19.691920385742186,12.283797169556747
ASPt2_3pp_num1,b4138,23.0,5.374,15.847693,20.661272048950195,7.677819618581422,,112645.641475366,,Metabolic (Core),False,ASPt2_3pp,False,10.78113956385496,12.390196166882905,11.762756309290712,10.78113956385496
ASPt2_3pp_num2,b4123,23.0,,23.574337,10.387778282165527,9.661923757639329,,112645.641475366,,Metabolic (Core),False,ASPt2_3pp,False,13.325246603750529,14.54134634660162,10.387778282165527,6.974393409505859
ASPt2pp,b4077,23.0,2.2918,51.618855,23.74148368835449,4.074876182746937,,112645.641475366,,Metabolic (Core),False,ASPt2pp,False,10.34312655877756,20.431753717775358,13.908179935550713,10.34312655877756
ASPtex_num1,b1377,96.2904209055866,,,,,,112645.641475366,,Transport,False,ASPtex,False,,,,
ASPtex_num2,b0241,33.2825,,,,,,112645.641475366,,Transport,False,ASPtex,False,,,,
ASPtex_num3,b0929,94.8168,,,,,,112645.641475366,,Transport,False,ASPtex,False,,,,
ASPtex_num4,b2215,96.2904209055866,,,,,,112645.641475366,,Transport,False,ASPtex,False,,,,
ASPtex_reverse_num1,b1377,96.2904209055866,,,,,,112645.641475366,,Transport,False,ASPtex,True,,,,
ASPtex_reverse_num2,b0241,33.2825,,,,,,112645.641475366,,Transport,False,ASPtex,True,,,,
ASPtex_reverse_num3,b0929,94.8168,,,,,,112645.641475366,,Transport,False,ASPtex,True,,,,
ASPtex_reverse_num4,b2215,96.2904209055866,,,,,,112645.641475366,,Transport,False,ASPtex,True,,,,
ASPtpp,b1206,33.2825,,,,,,112645.641475366,,Transport,False,ASPtpp,False,,,,
ASPtpp_reverse,b1206,33.2825,,,,,,112645.641475366,,Transport,False,ASPtpp,True,,,,
ASR,b1064 and b3503,247.9500291575308,21.1596,6.2929354,11.954507827758787,6.97192302574174,0.1766666666666666,,0.1766666666666666,Metabolic (Core),True,ASR,False,10.263872602799168,11.594741563375132,9.463215426750264,10.263872602799168
AST,b1747,136.2454183611817,10.6943,0.65592045,2.868492841720581,8.06523027060146,,,,Metabolic (Core),False,AST,False,3.5691805613204495,5.57098589058051,5.46686155616102,3.5691805613204495
ATHRDHr,b1539,149.80799644754114,1.9794,5.407624,4.357074737548828,2.809535458000987,5.76,,5.76,Metabolic (Core),False,ATHRDHr,False,3.383314694238113,3.638408548887454,3.5833050977749075,3.383314694238113
ATHRDHr_reverse,b1539,149.80799644754114,6.934,7.0260844,5.48052978515625,8.135649937618254,5.76,,5.76,Metabolic (Reverse),False,ATHRDHr,True,6.826970069978706,6.894066030693626,6.9800422,6.826970069978706
ATPPRT,b2019,138.0434703703704,4.3737,0.80932766,1.3740521669387815,7.302878103296515,,1.0455714285714286,,Metabolic (Core),False,ATPPRT,False,2.4412803852346645,3.464989482558824,2.873876083469391,2.4412803852346645
ATPS4rpp_num1,b3734 and b3733 and b3731 and b3735 and b3732 and b3739 and b3737 and b3738 and b3736,75.96272439544778,,,,,18.0,,18.0,Metabolic (Core),True,ATPS4rpp,False,,,,
ATPS4rpp_num2,b3732 and b3735 and b3731 and b3733 and b3734 and b3737 and b3738 and b3736,75.4507858857577,,,,,18.0,,18.0,Metabolic (Core),True,ATPS4rpp,False,,,,
ATPS4rpp_reverse_num1,b3734 and b3733 and b3731 and b3735 and b3732 and b3739 and b3737 and b3738 and b3736,75.96272439544778,,,,,18.0,,18.0,Metabolic (Reverse),True,ATPS4rpp,True,,,,
ATPS4rpp_reverse_num2,b3732 and b3735 and b3731 and b3733 and b3734 and b3737 and b3738 and b3736,75.4507858857577,,,,,18.0,,18.0,Metabolic (Reverse),True,ATPS4rpp,True,,,,
BALAt2pp,b4208,23.0,8.0302,5.194902,36.413177490234375,3.441631132238333,,112645.641475366,,Metabolic (Core),False,BALAt2pp,False,8.50318553357114,13.269977655618177,6.612551,8.50318553357114
BALAtex_num1,b1377,96.2904209055866,,,,,,112645.641475366,,Transport,False,BALAtex,False,,,,
BALAtex_num2,b0241,33.2825,,,,,,112645.641475366,,Transport,False,BALAtex,False,,,,
BALAtex_num3,b0929,94.8168,,,,,,112645.641475366,,Transport,False,BALAtex,False,,,,
BALAtex_num4,b2215,96.2904209055866,,,,,,112645.641475366,,Transport,False,BALAtex,False,,,,
BALAtex_reverse_num1,b1377,96.2904209055866,,,,,,112645.641475366,,Transport,False,BALAtex,True,,,,
BALAtex_reverse_num2,b0241,33.2825,,,,,,112645.641475366,,Transport,False,BALAtex,True,,,,
BALAtex_reverse_num3,b0929,94.8168,,,,,,112645.641475366,,Transport,False,BALAtex,True,,,,
BALAtex_reverse_num4,b2215,96.2904209055866,,,,,,112645.641475366,,Transport,False,BALAtex,True,,,,
BETALDHx,b0312,141.11392726591654,22.167,9.525605,85.51813507080078,11.511948751651577,33510.3,,33510.3,Metabolic (Core),False,BETALDHx,False,21.352643033205258,32.18067220561309,16.839474375825787,21.352643033205258
BETALDHy,b0312,141.11392726591654,17.2833,9.525605,74.28942108154297,32.94228372318428,33510.3,,33510.3,Metabolic (Core),False,BETALDHy,False,25.194165539509545,33.51015245118182,25.112791861592143,25.194165539509545
BGLA1_num1,b2716,178.50306567333342,11.292,,76.44440460205078,3.3532252999997976,,112645.641475366,,Metabolic (Core),False,BGLA1,False,14.251473471239619,30.36320996735019,11.292,7.334910627601894
BGLA1_num2,b1734,160.70234805267864,,,54.40850067138672,1.9478357779327689,,112645.641475366,,Metabolic (Core),False,BGLA1,False,10.294601703388341,28.178168224659743,28.178168224659743,3.2085201734426327
BGLA1_num3,b3721,197.70251011777788,,,20.73421859741211,1.7922015180772033,,112645.641475366,,Metabolic (Core),False,BGLA1,False,6.095891899174932,11.263210057744656,11.263210057744656,2.468986006273614
BMOCOS,b0827,178.0,29.3736,6.9969645,3.4629790782928467,5.267713136932461,,112645.641475366,,Metabolic (Core),False,BMOCOS,False,7.825006515517164,11.275314178806326,6.132338818466231,7.825006515517164
BMOGDS1,b3857,102.9331581705882,8.6311,,0.3692511022090912,1.436612173128217,,112645.641475366,,Metabolic (Core),False,BMOGDS1,False,1.660513829487224,3.47898775844577,1.436612173128217,1.4627896294251135
BMOGDS2,b3857,102.9331581705882,8.2458,,0.3692511022090912,1.0590721531572571,,112645.641475366,,Metabolic (Core),False,BMOGDS2,False,1.4773839685632746,3.2247077517887823,1.0590721531572571,1.3400470177283887
BPNT,b4214,115.83646287246222,29.8448,1.3645324,12.414849281311035,2.448544700173242,11.4,,11.4,Metabolic (Core),False,BPNT,False,5.931649808829219,11.51818159537107,7.431696990742139,5.931649808829219
BSORx,b3551,149.80799644754114,18.2444,19.851929,26.177021026611328,4.26478635416554,,112645.641475366,,Metabolic (Core),False,BSORx,False,14.18036632097319,17.134534095194216,19.0481645,14.18036632097319
BSORy,b3551,149.80799644754114,0.0629,19.851929,19.437274932861328,8.177468511639542,,,,Metabolic (Core),False,BSORy,False,3.753417756576085,11.882393111125218,13.807371722250435,3.753417756576085
BTNtex_num1,b0241,33.2825,,,,,,112645.641475366,,Transport,False,BTNtex,False,,,,
BTNtex_num2,b2215,96.2904209055866,,,,,,112645.641475366,,Transport,False,BTNtex,False,,,,
BTNtex_num3,b1377,96.2904209055866,,,,,,112645.641475366,,Transport,False,BTNtex,False,,,,
BTNtex_num4,b0929,94.8168,,,,,,112645.641475366,,Transport,False,BTNtex,False,,,,
BTNtex_reverse_num1,b0241,33.2825,,,,,,112645.641475366,,Transport,False,BTNtex,True,,,,
BTNtex_reverse_num2,b2215,96.2904209055866,,,,,,112645.641475366,,Transport,False,BTNtex,True,,,,
BTNtex_reverse_num3,b1377,96.2904209055866,,,,,,112645.641475366,,Transport,False,BTNtex,True,,,,
BTNtex_reverse_num4,b0929,94.8168,,,,,,112645.641475366,,Transport,False,BTNtex,True,,,,
BTS5,b0775,125.92515286381274,34.4974,9.036561,12.46976375579834,6.2570891518567215,,112645.641475366,,Metabolic (Core),False,BTS5,False,12.488349067768615,15.565203476913766,10.75316237789917,12.488349067768615
BUTCT,b2222 and b2221,121.20698236312832,8.4001,1.3027978,17.115890502929688,10.400376497266745,154.95333333333335,,154.95333333333335,Metabolic (Core),True,BUTCT,False,6.643585190854543,9.30479120004911,9.400238248633372,6.643585190854543
BUTSO3abcpp_num1,b0933 and b0934 and b0936,97.61360481285834,7.8579,,,10.16403937479348,,112645.641475366,,Metabolic (Core),True,BUTSO3abcpp,False,8.936890119229938,9.01096968739674,9.01096968739674,2.9894631824509794
BUTSO3abcpp_num2,b0365 and b0366 and b0367,92.7379393036916,,,,8.645785370246568,,112645.641475366,,Metabolic (Core),True,BUTSO3abcpp,False,8.645785370246568,8.645785370246568,8.645785370246568,1.7147511883995392
BUTSO3tex_num1,b1377,96.2904209055866,,,,,,112645.641475366,,Transport,False,BUTSO3tex,False,,,,
BUTSO3tex_num2,b0241,33.2825,,,,,,112645.641475366,,Transport,False,BUTSO3tex,False,,,,
BUTSO3tex_num3,b0929,94.8168,,,,,,112645.641475366,,Transport,False,BUTSO3tex,False,,,,
BUTSO3tex_num4,b2215,96.2904209055866,,,,,,112645.641475366,,Transport,False,BUTSO3tex,False,,,,
BUTSO3tex_reverse_num1,b1377,96.2904209055866,,,,,,112645.641475366,,Transport,False,BUTSO3tex,True,,,,
BUTSO3tex_reverse_num2,b0241,33.2825,,,,,,112645.641475366,,Transport,False,BUTSO3tex,True,,,,
BUTSO3tex_reverse_num3,b0929,94.8168,,,,,,112645.641475366,,Transport,False,BUTSO3tex,True,,,,
BUTSO3tex_reverse_num4,b2215,96.2904209055866,,,,,,112645.641475366,,Transport,False,BUTSO3tex,True,,,,
BUTt2rpp,b2223,23.0,1.1562,,25.15697860717773,0.9309737680315668,,112645.641475366,,Metabolic (Core),False,BUTt2rpp,False,3.0029144736818068,9.081384125069766,1.1562,2.2811677461750137
BUTt2rpp_reverse,b2223,23.0,3.6618,,25.15697860717773,8.188621999268934,,112645.641475366,,Metabolic (Reverse),False,BUTt2rpp,True,9.103071939303263,12.335800202148889,8.188621999268934,5.240720292193461
BUTtex_num1,b1377,96.2904209055866,,,,,,112645.641475366,,Transport,False,BUTtex,False,,,,
BUTtex_num2,b0241,33.2825,,,,,,112645.641475366,,Transport,False,BUTtex,False,,,,
BUTtex_num3,b0929,94.8168,,,,,,112645.641475366,,Transport,False,BUTtex,False,,,,
BUTtex_num4,b2215,96.2904209055866,,,,,,112645.641475366,,Transport,False,BUTtex,False,,,,
BUTtex_reverse_num1,b1377,96.2904209055866,,,,,,112645.641475366,,Transport,False,BUTtex,True,,,,
BUTtex_reverse_num2,b0241,33.2825,,,,,,112645.641475366,,Transport,False,BUTtex,True,,,,
BUTtex_reverse_num3,b0929,94.8168,,,,,,112645.641475366,,Transport,False,BUTtex,True,,,,
BUTtex_reverse_num4,b2215,96.2904209055866,,,,,,112645.641475366,,Transport,False,BUTtex,True,,,,
BWCOGDS1,b3857,102.9331581705882,1283.769,,0.3692511022090912,2.6761024502934845,,112645.641475366,,Metabolic (Core),False,BWCOGDS1,False,10.825230191281623,428.9381178508342,2.6761024502934845,5.96798681630287
BWCOGDS2,b3857,102.9331581705882,14.7102,,0.3692511022090912,2.6761024502934845,,112645.641475366,,Metabolic (Core),False,BWCOGDS2,False,2.440512507996431,5.918517850834192,2.6761024502934845,1.952588730255754
BWCOS,b0827,178.0,31.0601,6.9969645,3.4629790782928467,4.926265147039378,,112645.641475366,,Metabolic (Core),False,BWCOS,False,7.80315156906431,11.611577181333056,5.961614823519689,7.80315156906431
CA2t3pp,b1216,33.2825,,,,,,112645.641475366,,Metabolic (Core),False,CA2t3pp,False,,,,
CA2tex_num1,b1377,96.2904209055866,,,,,,134.631875,,Transport,False,CA2tex,False,,,,
CA2tex_num2,b0241,33.2825,,,,,,134.631875,,Transport,False,CA2tex,False,,,,
CA2tex_num3,b0929,94.8168,,,,,,134.631875,,Transport,False,CA2tex,False,,,,
CA2tex_num4,b2215,96.2904209055866,,,,,,134.631875,,Transport,False,CA2tex,False,,,,
CA2tex_reverse_num1,b1377,96.2904209055866,,,,,,134.631875,,Transport,False,CA2tex,True,,,,
CA2tex_reverse_num2,b0241,33.2825,,,,,,134.631875,,Transport,False,CA2tex,True,,,,
CA2tex_reverse_num3,b0929,94.8168,,,,,,134.631875,,Transport,False,CA2tex,True,,,,
CA2tex_reverse_num4,b2215,96.2904209055866,,,,,,134.631875,,Transport,False,CA2tex,True,,,,
CADVtpp,b4132,23.0,39.7847,9.020614,13.59971046447754,6.046301810920078,,112645.641475366,,Transport,False,CADVtpp,False,13.106686686772822,17.112831568849405,11.31016223223877,13.106686686772822
CAT_num1,b1732,267.4484423428645,,,,,4689.703703703704,,4689.703703703704,Metabolic (Core),False,CAT,False,,,,
CAT_num2,b3942,270.8742779166039,,,,,4689.703703703704,,4689.703703703704,Metabolic (Core),False,CAT,False,,,,
CAt6pp,b3196,33.2825,,,,,,112645.641475366,,Metabolic (Core),False,CAt6pp,False,,,,
CAt6pp_reverse,b3196,33.2825,,,,,,112645.641475366,,Metabolic (Reverse),False,CAt6pp,True,,,,
CBIAT,b1270,122.01550740447892,1.2275,,,51.78678409691066,,74.93867,,Metabolic (Core),False,CBIAT,False,7.972971684319329,26.50714204845533,26.50714204845533,2.823645105943615
CBIAT_reverse,b1270,122.01550740447892,2.0824,,,1.719566556138407,,74.93867,,Metabolic (Reverse),False,CBIAT,True,1.8923068980751032,1.9009832780692033,1.9009832780692033,1.3756114633409766
CBItonex,b3006 and b1252 and b3005 and b3966,176.53793119354842,33.0101,,,2.3451833249692777,,112645.641475366,,Metabolic (Core),True,CBItonex,False,8.798564432654247,17.67764166248464,17.67764166248464,2.9662374201426034
CBIuabcpp,b0158 and b1711 and b1709,97.76404181117316,1.9616,,,9.661923757639329,0.845,,0.845,Metabolic (Core),True,CBIuabcpp,False,4.353484770041732,5.811761878819665,5.811761878819665,2.086500603892012
CBL1abcpp,b0158 and b1709 and b1711,97.76404181117316,16.4696,,,16.10528181133384,0.845,,0.845,Metabolic (Core),True,CBL1abcpp,False,16.286422238169553,16.28744090566692,16.28744090566692,4.035643968212453
CBL1tonex,b3006 and b1252 and b3005 and b3966,176.53793119354842,33.9735,,,8.375467515442104,,112645.641475366,,Metabolic (Core),True,CBL1tonex,False,16.86843044375713,21.174483757721053,21.174483757721053,4.107119482527521
CBLAT,b1270,122.01550740447892,25.845,,,7.381707492199664,,0.083720523076923,,Metabolic (Core),False,CBLAT,False,13.812321677976524,16.613353746099833,16.613353746099833,3.716493196277443
CBLAT_reverse,b1270,122.01550740447892,1.0745,,,7.228125235384933,,0.083720523076923,,Metabolic (Reverse),False,CBLAT,True,2.7868657243256467,4.151312617692467,4.151312617692467,1.6693908243205504
CBMD,s0001,,2.1694,,,5.3184063905396,,,,Metabolic (Core),False,CBMD,False,3.3967264864331677,3.7439031952698,3.7439031952698,1.8430210217013716
CBMKr,b0521,152.62479040685164,,,,,,300.6,,Metabolic (Core),False,CBMKr,False,,,,
CBMKr_reverse,b0521,152.62479040685164,1.2496,0.048667382,49.084590911865234,10.728613456472884,,300.6,,Metabolic (Reverse),False,CBMKr,True,2.3788904551140453,15.27786793758453,5.989106728236441,2.3788904551140453
CBPS,b0032 and b0033,114.49559696909084,1.4882,12.700893,47.21492385864258,14.530183055053186,4.923333333333334,,4.923333333333334,Metabolic (Core),True,CBPS,False,10.671156377666481,18.98354997842394,13.615538027526593,10.671156377666481
CCGS,b0444,123.60963225270936,0.3726,0.78559077,2.087691068649292,20.02870703699569,,,,Metabolic (Core),False,CCGS,False,1.8704219590771776,5.818647218911246,1.4366409193246459,1.8704219590771776
CD2abcpp,b3469,75.41,,,,,,,,Metabolic (Core),False,CD2abcpp,False,,,,
CD2t3pp_num1,b3915,75.41,,,,,,112645.641475366,,Metabolic (Core),False,CD2t3pp,False,,,,
CD2t3pp_num2,b0752,75.41,,,,,,112645.641475366,,Metabolic (Core),False,CD2t3pp,False,,,,
CD2tex_num1,b1377,96.2904209055866,,,,,,112645.641475366,,Transport,False,CD2tex,False,,,,
CD2tex_num2,b0241,33.2825,,,,,,112645.641475366,,Transport,False,CD2tex,False,,,,
CD2tex_num3,b0929,94.8168,,,,,,112645.641475366,,Transport,False,CD2tex,False,,,,
CD2tex_num4,b2215,96.2904209055866,,,,,,112645.641475366,,Transport,False,CD2tex,False,,,,
CD2tex_reverse_num1,b1377,96.2904209055866,,,,,,112645.641475366,,Transport,False,CD2tex,True,,,,
CD2tex_reverse_num2,b0241,33.2825,,,,,,112645.641475366,,Transport,False,CD2tex,True,,,,
CD2tex_reverse_num3,b0929,94.8168,,,,,,112645.641475366,,Transport,False,CD2tex,True,,,,
CD2tex_reverse_num4,b2215,96.2904209055866,,,,,,112645.641475366,,Transport,False,CD2tex,True,,,,
CD2tpp,b3040,33.2825,,,,,,112645.641475366,,Transport,False,CD2tpp,False,,,,
CDAPPA120,b3918,152.62479040685164,7.1971,,10.991443634033203,2.972966605482647,,,,Metabolic (Core),False,CDAPPA120,False,6.17259005828175,7.053836746505283,7.1971,3.9160711724308293
CDAPPA140,b3918,152.62479040685164,2.5001,0.3636603,8.937493324279785,7.493196216912699,,,,Metabolic (Core),False,CDAPPA140,False,2.793405777799503,4.82361246029812,4.996648108456349,2.793405777799503
CDAPPA141,b3918,152.62479040685164,22.8066,,5.076630592346191,2.757886602159652,,,,Metabolic (Core),False,CDAPPA141,False,6.834984033668043,10.213705731501948,5.076630592346191,4.2272032351156215
CDAPPA160,b3918,152.62479040685164,1.8321,,5.709909439086914,5.0721591674894135,,,,Metabolic (Core),False,CDAPPA160,False,3.7577142884603525,4.204722868858776,5.0721591674894135,2.698937434871655
CDAPPA161,b3918,152.62479040685164,122.9587,,5.550867557525635,4.954406308665546,,,,Metabolic (Core),False,CDAPPA161,False,15.00965060076034,44.48799128873039,5.550867557525635,7.625668766334729
CDAPPA180,b3918,152.62479040685164,7.8133,0.25975522,8.937493324279785,3.808522672656756,,,,Metabolic (Core),False,CDAPPA180,False,2.882987536319195,5.204767804234136,5.8109113363283775,2.882987536319195
CDAPPA181,b3918,152.62479040685164,1.8321,,4.246244430541992,4.505918121530305,,,,Metabolic (Core),False,CDAPPA181,False,3.2727474029779926,3.5280875173574326,4.246244430541992,2.4332367390355905
CDGR,b2794,118.43411865124476,0.3676,0.1338102,0.0687871575355529,13.944294938310186,0.068825,,0.068825,Metabolic (Core),False,CDGR,False,0.4660603549092536,3.628623073961435,0.2507051,0.4660603549092536
CDGUNPD_num1,b1285,91.46666666666664,0.4179,,3.170663833618164,2.6182215851292328,,112645.641475366,,Metabolic (Core),False,CDGUNPD,False,1.5138272652910254,2.068928472915799,2.6182215851292328,1.3647630074762778
CDGUNPD_num2,b1489,91.06287263702492,,,2.260815382003784,2.495309619634786,,112645.641475366,,Metabolic (Core),False,CDGUNPD,False,2.3751703877684935,2.378062500819285,2.378062500819285,1.5411587808426792
CDGUNPD_num3,b2503,97.61360481285834,,,1.0539823770523071,2.495309619634786,,112645.641475366,,Metabolic (Core),False,CDGUNPD,False,1.6217312861211501,1.7746459983435465,1.7746459983435465,1.2734721379445841
CDGUNPD_num4,b3525,153.48944171492553,,,2.6442222595214844,2.495309619634786,,112645.641475366,,Metabolic (Core),False,CDGUNPD,False,2.5686870655329717,2.569765939578135,2.569765939578135,1.6027124088659737
CDGUNPD_num5,b0315,91.46666666666664,,,2.0121660232543945,3.308078075270198,,112645.641475366,,Metabolic (Core),False,CDGUNPD,False,2.5800004467696294,2.6601220492622963,2.6601220492622963,1.6062379794942059
CDPMEK,b1208,119.0261688564688,11.826,1.7354745,4.416277885437012,4.309099605806645,,,,Metabolic (Core),False,CDPMEK,False,4.445542426052627,5.571712997810915,4.362688745621828,4.445542426052627
CDPPH,b3614,153.48944171492553,,,,,,0.763,,Metabolic (Core),False,CDPPH,False,,,,
CELBpts_num1,b2416 and b2715 and b2415,168.6201396231135,7.6341,0.96225995,20.8717098236084,38.4344729658555,,112645.641475366,,Metabolic (Core),True,CELBpts,False,8.76157742960132,16.975635684865974,14.2529049118042,8.76157742960132
CELBpts_num2,b1737 and b1738 and b1736 and b2416 and b2415,152.59164458856753,,0.96225995,21.190519332885746,6.029423425870919,,112645.641475366,,Metabolic (Core),True,CELBpts,False,4.972444353362831,9.394067569585555,6.029423425870919,3.329871303355709
CFAS160E,b1661,76.35248958333332,8.2458,0.04582005,0.3516616821289062,3.842358408537775,0.6072500000000001,,0.6072500000000001,Metabolic (Core),False,CFAS160E,False,0.8452843325833438,3.12141003516667,2.0970100453333407,0.8452843325833438
CFAS160G,b1661,76.35248958333332,2.6877,0.04582005,0.3845124244689941,1.943590361031116,0.6072500000000001,,0.6072500000000001,Metabolic (Core),False,CFAS160G,False,0.5507923073087744,1.2654057088750275,1.164051392750055,0.5507923073087744
CFAS180E,b1661,76.35248958333332,4.2905,0.04582005,0.3516616821289062,4.997115889605346,0.6072500000000001,,0.6072500000000001,Metabolic (Core),False,CFAS180E,False,0.7666585508748011,2.4212744054335626,2.321080841064453,0.7666585508748011
CFAS180G,b1661,76.35248958333332,4.2905,0.04582005,0.3516616821289062,5.406071981729759,0.6072500000000001,,0.6072500000000001,Metabolic (Core),False,CFAS180G,False,0.7818844653612629,2.523513428464666,2.321080841064453,0.7818844653612629
CGLYabcpp,b3540 and b3542 and b3544 and b3543 and b3541,104.73241798245591,167.7963,1.232133,18.979406356811523,10.32508343721834,,112645.641475366,,Metabolic (Core),True,CGLYabcpp,False,14.187440100096454,49.58323069850747,14.652244897014931,14.187440100096454
CGLYtex_num1,b1377,96.2904209055866,,,,,,112645.641475366,,Transport,False,CGLYtex,False,,,,
CGLYtex_num2,b0241,33.2825,,,,,,112645.641475366,,Transport,False,CGLYtex,False,,,,
CGLYtex_num3,b0929,94.8168,,,,,,112645.641475366,,Transport,False,CGLYtex,False,,,,
CGLYtex_num4,b2215,96.2904209055866,,,,,,112645.641475366,,Transport,False,CGLYtex,False,,,,
CGLYtex_reverse_num1,b1377,96.2904209055866,,,,,,112645.641475366,,Transport,False,CGLYtex,True,,,,
CGLYtex_reverse_num2,b0241,33.2825,,,,,,112645.641475366,,Transport,False,CGLYtex,True,,,,
CGLYtex_reverse_num3,b0929,94.8168,,,,,,112645.641475366,,Transport,False,CGLYtex,True,,,,
CGLYtex_reverse_num4,b2215,96.2904209055866,,,,,,112645.641475366,,Transport,False,CGLYtex,True,,,,
CHLabcpp,b2131 and b2129 and b2128 and b2130,90.65907860738318,12.3837,1.6106671,19.98031997680664,9.945834285751776,,112645.641475366,,Metabolic (Core),True,CHLabcpp,False,7.934598704551286,10.980130340639604,11.164767142875888,7.934598704551286
CHLt2pp_num1,b0314,33.2825,77030.5365,3.713378,36.21215438842773,2.412349946475909,,112645.641475366,,Metabolic (Core),False,CHLt2pp,False,70.70199829347631,19268.218595583727,19.962766194213863,70.70199829347631
CHLt2pp_num2,b1801,23.0,,16.186394,36.318973541259766,1.7922015180772033,,112645.641475366,,Metabolic (Core),False,CHLt2pp,False,10.175525291605515,18.09918968644566,16.186394,5.6972808478396
CHLt3pp,b0543,33.2825,27.1069,4.230186,18.734582901000977,1.596709471244132,,112645.641475366,,Metabolic (Core),False,CHLt3pp,False,7.652922438099407,12.917094593061277,11.482384450500488,7.652922438099407
CHLtex_num1,b1377,96.2904209055866,,,,,,112645.641475366,,Transport,False,CHLtex,False,,,,
CHLtex_num2,b0241,33.2825,,,,,,112645.641475366,,Transport,False,CHLtex,False,,,,
CHLtex_num3,b0929,94.8168,,,,,,112645.641475366,,Transport,False,CHLtex,False,,,,
CHLtex_num4,b2215,96.2904209055866,,,,,,112645.641475366,,Transport,False,CHLtex,False,,,,
CHLtex_reverse_num1,b1377,96.2904209055866,,,,,,112645.641475366,,Transport,False,CHLtex,True,,,,
CHLtex_reverse_num2,b0241,33.2825,,,,,,112645.641475366,,Transport,False,CHLtex,True,,,,
CHLtex_reverse_num3,b0929,94.8168,,,,,,112645.641475366,,Transport,False,CHLtex,True,,,,
CHLtex_reverse_num4,b2215,96.2904209055866,,,,,,112645.641475366,,Transport,False,CHLtex,True,,,,
CHOLATEtpp,b4337,23.0,8.2458,1.5506561,22.84856605529785,1.642745451666022,,112645.641475366,,Transport,False,CHOLATEtpp,False,4.680522937922445,8.571941901740969,4.94427272583301,4.680522937922445
CHOLD,b0311,120.42138255624845,0.1562,25.199697,110.29621124267578,6.814832905594133,,96.69529413529412,,Metabolic (Core),False,CHOLD,False,7.375187036950768,35.61673528706748,16.007264952797065,7.375187036950768
CHOLID,b1619,143.25976446138526,2.4653,3.5868316,53.81844711303711,5.688412376681967,,112645.641475366,,Metabolic (Core),False,CHOLID,False,7.213163053193537,16.38974777242977,4.6376219883409835,7.213163053193537
CHORM_num1,b2599,138.0434703703704,,,,,147457.6457894737,,147457.6457894737,Metabolic (Core),False,CHORM,False,,,,
CHORM_num2,b2600,136.71153247522938,,,,,147457.6457894737,,147457.6457894737,Metabolic (Core),False,CHORM,False,,,,
CHORS,b2329,108.46483596491184,,,,,38615.17333333333,,38615.17333333333,Metabolic (Core),False,CHORS,False,,,,
CHRPL_num1,b4039,136.71153247522938,,,,,1.34,,1.34,Metabolic (Core),False,CHRPL,False,,,,
CHRPL_num2,b1096,126.3166780801852,,,,,1.34,,1.34,Metabolic (Core),False,CHRPL,False,,,,
CHTBSptspp,b2415 and b1737 and b1738 and b1736 and b2416,152.59164458856753,4448.3859,0.96225995,12.219724655151367,38.4344729658555,,112645.641475366,,Metabolic (Core),True,CHTBSptspp,False,37.65470972869805,1125.0005893927516,25.327098810503433,37.65470972869805
CHTBStex_num1,b0241,33.2825,,,,,,112645.641475366,,Transport,False,CHTBStex,False,,,,
CHTBStex_num2,b0929,94.8168,,,,,,112645.641475366,,Transport,False,CHTBStex,False,,,,
CHTBStex_num3,b2215,96.2904209055866,,,,,,112645.641475366,,Transport,False,CHTBStex,False,,,,
CHTBStex_num4,b1377,96.2904209055866,,,,,,112645.641475366,,Transport,False,CHTBStex,False,,,,
CHTBStex_num5,b0681,108.57909603105938,,,,,,112645.641475366,,Transport,False,CHTBStex,False,,,,
CHTBStex_reverse_num1,b0241,33.2825,,,,,,112645.641475366,,Transport,False,CHTBStex,True,,,,
CHTBStex_reverse_num2,b0929,94.8168,,,,,,112645.641475366,,Transport,False,CHTBStex,True,,,,
CHTBStex_reverse_num3,b2215,96.2904209055866,,,,,,112645.641475366,,Transport,False,CHTBStex,True,,,,
CHTBStex_reverse_num4,b1377,96.2904209055866,,,,,,112645.641475366,,Transport,False,CHTBStex,True,,,,
CHTBStex_reverse_num5,b0681,108.57909603105938,,,,,,112645.641475366,,Transport,False,CHTBStex,True,,,,
CINNDO,b2540 and b2542 and b2538 and b2539,136.71153247522938,121.0202,7.149949,14.974894523620604,8.499363117736904,,,,Metabolic (Core),True,CINNDO,False,18.21703705010798,37.91110166033938,11.737128820678754,18.21703705010798
CITL,b0614 and b0615 and b0617 and b0616,149.80799644754114,,,,,,,,Metabolic (Core),True,CITL,False,,,,
CITt7pp,b0612,23.0,36.1362,21.48018,25.451419830322266,4.570910570141916,,112645.641475366,,Metabolic (Core),False,CITt7pp,False,17.334997533764508,21.909677600116048,23.465799915161135,17.334997533764508
CITtex_num1,b1377,96.2904209055866,,,,,,112645.641475366,,Transport,False,CITtex,False,,,,
CITtex_num2,b0241,33.2825,,,,,,112645.641475366,,Transport,False,CITtex,False,,,,
CITtex_num3,b0929,94.8168,,,,,,112645.641475366,,Transport,False,CITtex,False,,,,
CITtex_num4,b2215,96.2904209055866,,,,,,112645.641475366,,Transport,False,CITtex,False,,,,
CITtex_reverse_num1,b1377,96.2904209055866,,,,,,112645.641475366,,Transport,False,CITtex,True,,,,
CITtex_reverse_num2,b0241,33.2825,,,,,,112645.641475366,,Transport,False,CITtex,True,,,,
CITtex_reverse_num3,b0929,94.8168,,,,,,112645.641475366,,Transport,False,CITtex,True,,,,
CITtex_reverse_num4,b2215,96.2904209055866,,,,,,112645.641475366,,Transport,False,CITtex,True,,,,
CLBtex_num1,b0929,94.8168,,,,,,112645.641475366,,Transport,False,CLBtex,False,,,,
CLBtex_num2,b0241,33.2825,,,,,,112645.641475366,,Transport,False,CLBtex,False,,,,
CLBtex_num3,b1377,96.2904209055866,,,,,,112645.641475366,,Transport,False,CLBtex,False,,,,
CLBtex_num4,b2215,96.2904209055866,,,,,,112645.641475366,,Transport,False,CLBtex,False,,,,
CLBtex_reverse_num1,b0929,94.8168,,,,,,112645.641475366,,Transport,False,CLBtex,True,,,,
CLBtex_reverse_num2,b0241,33.2825,,,,,,112645.641475366,,Transport,False,CLBtex,True,,,,
CLBtex_reverse_num3,b1377,96.2904209055866,,,,,,112645.641475366,,Transport,False,CLBtex,True,,,,
CLBtex_reverse_num4,b2215,96.2904209055866,,,,,,112645.641475366,,Transport,False,CLBtex,True,,,,
CLIPAabctex,b0054 and b3201 and b4261 and b4262 and b3199 and b3200 and b0641,101.0,13.2098,1.3664808,7.871926307678223,10.397610637812583,,112645.641475366,,Transport,True,CLIPAabctex,False,6.199812945311839,8.211454436372701,9.134768472745403,6.199812945311839
CLPNS120pp_num1,b0789,173.42795360893282,,,,,,112645.641475366,,Metabolic (Core),False,CLPNS120pp,False,,,,
CLPNS120pp_num2,b1249,125.53247203458906,,,,,,112645.641475366,,Metabolic (Core),False,CLPNS120pp,False,,,,
CLPNS120pp_reverse_num1,b0789,173.42795360893282,4.3598,2.9780304,23.384172439575195,1.3015937718900872,,112645.641475366,,Metabolic (Reverse),False,CLPNS120pp,True,4.458597725555239,8.005899152866322,3.6689152,4.458597725555239
CLPNS120pp_reverse_num2,b1249,125.53247203458906,,3.2862868,28.69028282165528,4.074876182746937,,112645.641475366,,Metabolic (Reverse),False,CLPNS120pp,True,7.269729245909135,12.017148601467406,4.074876182746937,4.427297205105451
CLPNS140pp_num1,b1249,125.53247203458906,,,,,,112645.641475366,,Metabolic (Core),False,CLPNS140pp,False,,,,
CLPNS140pp_num2,b0789,173.42795360893282,,,,,,112645.641475366,,Metabolic (Core),False,CLPNS140pp,False,,,,
CLPNS140pp_reverse_num1,b1249,125.53247203458906,2.4864,3.2862868,7.250172615051269,5.265135685472943,,112645.641475366,,Metabolic (Reverse),False,CLPNS140pp,True,4.20250843147545,4.571998775131053,4.275711242736472,4.20250843147545
CLPNS140pp_reverse_num2,b0789,173.42795360893282,,2.9780304,5.278357982635498,7.020495826429408,,112645.641475366,,Metabolic (Reverse),False,CLPNS140pp,True,4.796582490722319,5.092294736354969,5.278357982635498,3.2411485652287984
CLPNS141pp_num1,b1249,125.53247203458906,,,,,,112645.641475366,,Metabolic (Core),False,CLPNS141pp,False,,,,
CLPNS141pp_num2,b0789,173.42795360893282,,,,,,112645.641475366,,Metabolic (Core),False,CLPNS141pp,False,,,,
CLPNS141pp_reverse_num1,b1249,125.53247203458906,2.3523,3.2862868,28.69028282165528,4.074876182746937,,112645.641475366,,Metabolic (Reverse),False,CLPNS141pp,True,5.482919307050367,9.600936451100555,3.6805814913734687,5.482919307050367
CLPNS141pp_reverse_num2,b0789,173.42795360893282,,2.9780304,23.384172439575195,,,112645.641475366,,Metabolic (Reverse),False,CLPNS141pp,True,8.344985105073414,13.181101419787598,13.181101419787598,2.888768787056765
CLPNS160pp_num1,b0789,173.42795360893282,,,,,,112645.641475366,,Metabolic (Core),False,CLPNS160pp,False,,,,
CLPNS160pp_num2,b1249,125.53247203458906,,,,,,112645.641475366,,Metabolic (Core),False,CLPNS160pp,False,,,,
CLPNS160pp_reverse_num1,b0789,173.42795360893282,4.9667,2.9780304,5.437850475311279,10.400376497266745,,112645.641475366,,Metabolic (Reverse),False,CLPNS160pp,True,5.377969618965529,5.945739343144506,5.202275237655639,5.377969618965529
CLPNS160pp_reverse_num2,b1249,125.53247203458906,,3.2862868,7.4692463874816895,4.126232577709164,,112645.641475366,,Metabolic (Reverse),False,CLPNS160pp,True,4.661352903444746,4.960588588396951,4.126232577709164,3.172371122552311
CLPNS161pp_num1,b1249,125.53247203458906,,,,,,112645.641475366,,Metabolic (Core),False,CLPNS161pp,False,,,,
CLPNS161pp_num2,b0789,173.42795360893282,,,,,,112645.641475366,,Metabolic (Core),False,CLPNS161pp,False,,,,
CLPNS161pp_reverse_num1,b1249,125.53247203458906,12.9585,3.2862868,6.630756378173828,10.400376497266745,,112645.641475366,,Metabolic (Reverse),False,CLPNS161pp,True,7.361529928970046,8.318979918860144,8.515566437720286,7.361529928970046
CLPNS161pp_reverse_num2,b0789,173.42795360893282,,2.9780304,5.278357982635498,4.126232577709164,,112645.641475366,,Metabolic (Reverse),False,CLPNS161pp,True,4.017851586271186,4.127540320114887,4.126232577709164,2.837889086412707
CLPNS180pp_num1,b1249,125.53247203458906,,,,,,112645.641475366,,Metabolic (Core),False,CLPNS180pp,False,,,,
CLPNS180pp_num2,b0789,173.42795360893282,,,,,,112645.641475366,,Metabolic (Core),False,CLPNS180pp,False,,,,
CLPNS180pp_reverse_num1,b1249,125.53247203458906,13.4273,3.2862868,7.29499626159668,8.135649937618254,,112645.641475366,,Metabolic (Reverse),False,CLPNS180pp,True,7.153653004882596,8.036058249803734,7.715323099607467,7.153653004882596
CLPNS180pp_reverse_num2,b0789,173.42795360893282,,2.9780304,7.323379039764404,3.5556925393700345,,112645.641475366,,Metabolic (Reverse),False,CLPNS180pp,True,4.264370660253654,4.6190339930448125,3.5556925393700345,2.967503295952444
CLPNS181pp_num1,b1249,125.53247203458906,,,,,,112645.641475366,,Metabolic (Core),False,CLPNS181pp,False,,,,
CLPNS181pp_num2,b0789,173.42795360893282,,,,,,112645.641475366,,Metabolic (Core),False,CLPNS181pp,False,,,,
CLPNS181pp_reverse_num1,b1249,125.53247203458906,15.7634,3.2862868,4.779146671295166,1.1913139004523228,,112645.641475366,,Metabolic (Reverse),False,CLPNS181pp,True,4.144126288796301,6.255036842936872,4.032716735647583,4.144126288796301
CLPNS181pp_reverse_num2,b0789,173.42795360893282,,2.9780304,4.285483360290527,8.45796774937034,,112645.641475366,,Metabolic (Reverse),False,CLPNS181pp,True,4.761366970331963,5.240493836553623,4.285483360290527,3.223285252664144
CLt3_2pp,b0155,33.2825,,,,,,112645.641475366,,Metabolic (Core),False,CLt3_2pp,False,,,,
CLtex_num1,b1377,96.2904209055866,,,,,,112645.641475366,,Transport,False,CLtex,False,,,,
CLtex_num2,b0241,33.2825,,,,,,112645.641475366,,Transport,False,CLtex,False,,,,
CLtex_num3,b0929,94.8168,,,,,,112645.641475366,,Transport,False,CLtex,False,,,,
CLtex_num4,b2215,96.2904209055866,,,,,,112645.641475366,,Transport,False,CLtex,False,,,,
CLtex_reverse_num1,b1377,96.2904209055866,,,,,,112645.641475366,,Transport,False,CLtex,True,,,,
CLtex_reverse_num2,b0241,33.2825,,,,,,112645.641475366,,Transport,False,CLtex,True,,,,
CLtex_reverse_num3,b0929,94.8168,,,,,,112645.641475366,,Transport,False,CLtex,True,,,,
CLtex_reverse_num4,b2215,96.2904209055866,,,,,,112645.641475366,,Transport,False,CLtex,True,,,,
CLtipp,b1592,33.2825,,,,,,112645.641475366,,Transport,False,CLtipp,False,,,,
CMPtex_num1,b1377,96.2904209055866,,,,,,112645.641475366,,Transport,False,CMPtex,False,,,,
CMPtex_num2,b0241,33.2825,,,,,,112645.641475366,,Transport,False,CMPtex,False,,,,
CMPtex_num3,b0929,94.8168,,,,,,112645.641475366,,Transport,False,CMPtex,False,,,,
CMPtex_num4,b2215,96.2904209055866,,,,,,112645.641475366,,Transport,False,CMPtex,False,,,,
CMPtex_reverse_num1,b1377,96.2904209055866,,,,,,112645.641475366,,Transport,False,CMPtex,True,,,,
CMPtex_reverse_num2,b0241,33.2825,,,,,,112645.641475366,,Transport,False,CMPtex,True,,,,
CMPtex_reverse_num3,b0929,94.8168,,,,,,112645.641475366,,Transport,False,CMPtex,True,,,,
CMPtex_reverse_num4,b2215,96.2904209055866,,,,,,112645.641475366,,Transport,False,CMPtex,True,,,,
CMtex_num1,b1377,96.2904209055866,,,,,,112645.641475366,,Transport,False,CMtex,False,,,,
CMtex_num2,b2215,96.2904209055866,,,,,,112645.641475366,,Transport,False,CMtex,False,,,,
CMtex_num3,b0929,94.8168,,,,,,112645.641475366,,Transport,False,CMtex,False,,,,
CMtex_num4,b0241,33.2825,,,,,,112645.641475366,,Transport,False,CMtex,False,,,,
CMtex_reverse_num1,b1377,96.2904209055866,,,,,,112645.641475366,,Transport,False,CMtex,True,,,,
CMtex_reverse_num2,b2215,96.2904209055866,,,,,,112645.641475366,,Transport,False,CMtex,True,,,,
CMtex_reverse_num3,b0929,94.8168,,,,,,112645.641475366,,Transport,False,CMtex,True,,,,
CMtex_reverse_num4,b0241,33.2825,,,,,,112645.641475366,,Transport,False,CMtex,True,,,,
CMtpp_num1,b3035 and b0463 and b2470,149.80799644754114,30.6662,6.531447,42.18484115600586,7.897718004824455,,112645.641475366,,Transport,True,CMtpp,False,16.07244147178072,21.82005154020758,19.28195900241223,16.07244147178072
CMtpp_num2,b3035 and b0463 and b0462,97.76404181117316,,6.441701,42.18484115600586,7.259497221002383,,112645.641475366,,Transport,True,CMtpp,False,12.541645127632982,18.628679792336083,7.259497221002383,6.664474046415741
CO2tex_num1,b1377,96.2904209055866,,,,,,112645.641475366,,Transport,False,CO2tex,False,,,,
CO2tex_num2,b0241,33.2825,,,,,,112645.641475366,,Transport,False,CO2tex,False,,,,
CO2tex_num3,b0929,94.8168,,,,,,112645.641475366,,Transport,False,CO2tex,False,,,,
CO2tex_num4,b2215,96.2904209055866,,,,,,112645.641475366,,Transport,False,CO2tex,False,,,,
CO2tex_reverse_num1,b1377,96.2904209055866,,,,,,112645.641475366,,Transport,False,CO2tex,True,,,,
CO2tex_reverse_num2,b0241,33.2825,,,,,,112645.641475366,,Transport,False,CO2tex,True,,,,
CO2tex_reverse_num3,b0929,94.8168,,,,,,112645.641475366,,Transport,False,CO2tex,True,,,,
CO2tex_reverse_num4,b2215,96.2904209055866,,,,,,112645.641475366,,Transport,False,CO2tex,True,,,,
COBALT2abcpp,b3469,75.41,,,,,,112645.641475366,,Metabolic (Core),False,COBALT2abcpp,False,,,,
COBALT2t3pp_num1,b0752,75.41,,,,,,112645.641475366,,Metabolic (Core),False,COBALT2t3pp,False,,,,
COBALT2t3pp_num2,b3915,75.41,,,,,,112645.641475366,,Metabolic (Core),False,COBALT2t3pp,False,,,,
COBALT2tex_num1,b1377,96.2904209055866,,,,,,112645.641475366,,Transport,False,COBALT2tex,False,,,,
COBALT2tex_num2,b0241,33.2825,,,,,,112645.641475366,,Transport,False,COBALT2tex,False,,,,
COBALT2tex_num3,b0929,94.8168,,,,,,112645.641475366,,Transport,False,COBALT2tex,False,,,,
COBALT2tex_num4,b2215,96.2904209055866,,,,,,112645.641475366,,Transport,False,COBALT2tex,False,,,,
COBALT2tex_reverse_num1,b1377,96.2904209055866,,,,,,112645.641475366,,Transport,False,COBALT2tex,True,,,,
COBALT2tex_reverse_num2,b0241,33.2825,,,,,,112645.641475366,,Transport,False,COBALT2tex,True,,,,
COBALT2tex_reverse_num3,b0929,94.8168,,,,,,112645.641475366,,Transport,False,COBALT2tex,True,,,,
COBALT2tex_reverse_num4,b2215,96.2904209055866,,,,,,112645.641475366,,Transport,False,COBALT2tex,True,,,,
COBALT2tpp_num1,b3040,33.2825,,,,,,112645.641475366,,Transport,False,COBALT2tpp,False,,,,
COBALT2tpp_num2,b3816,91.06287263702492,,,,,,112645.641475366,,Transport,False,COBALT2tpp,False,,,,
COLIPAKpp,b2174,98.49306668197664,76.8241,3.2036076,1.89673376083374,4.969088056880007,,112645.641475366,,Metabolic (Core),False,COLIPAKpp,False,6.93992801881149,21.723382354428438,4.086347828440004,6.93992801881149
COLIPAPabctex,b0054 and b3201 and b4261 and b4262 and b3199 and b3200 and b0641,101.0,9.1752,,7.871926307678223,16.138856748077675,,112645.641475366,,Transport,True,COLIPAPabctex,False,10.52421654334796,11.061994351918633,9.1752,5.843086715210427
COLIPAabcpp,b0914,75.96272439544778,7.6677,0.5061815,3.9198834896087646,2.988448725475315,,112645.641475366,,Metabolic (Core),False,COLIPAabcpp,False,2.596704838434144,3.77055342877102,3.45416610754204,2.596704838434144
COLIPAabctex,b0054 and b3201 and b3200 and b0641 and b4262 and b3199 and b4261,101.0,92.6543,1.075417,7.871926307678223,9.490631515381825,,112645.641475366,,Transport,True,COLIPAabctex,False,9.28869391563692,27.773068705765013,8.681278911530024,9.28869391563692
CPGNabcpp,b0153 and b0151 and b0152,113.04789556080048,85.6005,2.4376771,,12.308178006291405,,112645.641475366,,Metabolic (Core),True,CPGNabcpp,False,13.694581002281671,33.44878503543047,12.308178006291405,7.11887819037956
CPGNexs,s0001,,5.6952,,,6.334036791279153,,,,Metabolic (Core),False,CPGNexs,False,6.006130728987927,6.014618395639577,6.014618395639577,2.4507408530866592
CPGNtonex,b1102 and b3006 and b1252 and b3005,176.5379311935484,17.9263,1.6296384,,5.881932180010614,,112645.641475366,,Metabolic (Core),True,CPGNtonex,False,5.559477464561703,8.479290193336873,5.881932180010614,3.6205577624329504
CPH4S,b2765,160.70234805267864,7.1012,0.44113195,1.5783331394195557,3.1130879066541373,,,,Metabolic (Core),False,CPH4S,False,1.9807176859092375,3.0584382490184234,2.3457105230368462,1.9807176859092375
CPL,b4098,149.80799644754114,,,,,,112645.641475366,,Metabolic (Core),False,CPL,False,,,,
CPMPS,b0783 and b0781,205.72000000000008,,,,,,,,Metabolic (Core),True,CPMPS,False,,,,
CPPPGO,b2436,226.83501457876545,22.2803,6.7893243,0.9578078985214232,1.4788533079519324,42903.75,,42903.75,Metabolic (Core),False,CPPPGO,False,3.825936651029404,7.876571376618339,4.134088803975966,3.825936651029404
CPPPGO2,b3867,123.60963225270936,103.7542,0.24957687,3.89492392539978,5.727440571245332,,300.014,,Metabolic (Core),False,CPPPGO2,False,4.9024976907439335,28.406535341661275,4.811182248322556,4.9024976907439335
CRNBTCT,b0038,197.70251011777788,7.9707,13.423011,3.562162399291992,4.570910570141916,,,,Metabolic (Core),False,CRNBTCT,False,6.460493773881591,7.381695992358477,6.270805285070958,6.460493773881591
CRNBTCT_reverse,b0038,197.70251011777788,24.3874,10.43553,5.567242622375488,6.47591517554057,,,,Metabolic (Reverse),False,CRNBTCT,True,9.787129349522818,11.716521949479015,8.455722587770286,9.787129349522818
CRNCAL2,b0037,121.23861216232469,1.3936,13.969464,0.3599119186401367,4.111808695024229,,112645.641475366,,Metabolic (Core),False,CRNCAL2,False,2.316790440007971,4.958696153416091,2.7527043475121147,2.316790440007971
CRNCAR,b0036,118.43411865124476,,,,,,,,Metabolic (Core),False,CRNCAR,False,,,,
CRNCAR_reverse,b0036,118.43411865124476,,,,,,,,Metabolic (Reverse),False,CRNCAR,True,,,,
CRNCBCT,b0038,197.70251011777788,21.4534,7.5008874,2.212373733520508,32.784283343370234,,,,Metabolic (Core),False,CRNCBCT,False,10.394012652203365,15.987736119222685,14.4771437,10.394012652203365
CRNCBCT_reverse,b0038,197.70251011777788,7.1623,7.2722373,6.460740566253662,4.796787187746041,,,,Metabolic (Reverse),False,CRNCBCT,True,6.338526724906711,6.4230162634999255,6.811520283126831,6.338526724906711
CRNCDH,b0036,118.43411865124476,,,,,,,,Metabolic (Core),False,CRNCDH,False,,,,
CRNCDH_reverse,b0036,118.43411865124476,10.8248,5.7267227,6.2881574630737305,49.030545655950206,,,,Metabolic (Reverse),False,CRNCDH,True,11.757880515207052,17.967556454755986,8.556478731536865,11.757880515207052
CRNDCAL2,b0037,121.23861216232469,19.8237,13.969464,0.3599119186401367,2.412349946475909,,112645.641475366,,Metabolic (Core),False,CRNDCAL2,False,3.9377691231730685,9.14135646627901,8.190906973237954,3.9377691231730685
CRNDabcpp,b2677 and b2679 and b2678,90.65907860738318,77.6947,8.922471,18.982484817504883,10.64306759329147,,112645.641475366,,Metabolic (Core),True,CRNDabcpp,False,19.34523924992709,29.060680852699086,14.812776205398176,19.34523924992709
CRNDt2rpp,b4111,23.0,4.9046,13.257745,15.8236083984375,5.745817873811871,,112645.641475366,,Metabolic (Core),False,CRNDt2rpp,False,8.768648462592216,9.932942818062344,9.501781436905935,8.768648462592216
CRNDt2rpp_reverse,b4111,23.0,12.6964,13.257745,15.8236083984375,6.23463125887155,,112645.641475366,,Metabolic (Reverse),False,CRNDt2rpp,True,11.351849880351804,12.003096164327262,12.9770725,11.351849880351804
CRNDtex_num1,b0241,33.2825,,,,,,112645.641475366,,Transport,False,CRNDtex,False,,,,
CRNDtex_num2,b1377,96.2904209055866,,,,,,112645.641475366,,Transport,False,CRNDtex,False,,,,
CRNDtex_num3,b2215,96.2904209055866,,,,,,112645.641475366,,Transport,False,CRNDtex,False,,,,
CRNDtex_num4,b0929,94.8168,,,,,,112645.641475366,,Transport,False,CRNDtex,False,,,,
CRNDtex_reverse_num1,b0241,33.2825,,,,,,112645.641475366,,Transport,False,CRNDtex,True,,,,
CRNDtex_reverse_num2,b1377,96.2904209055866,,,,,,112645.641475366,,Transport,False,CRNDtex,True,,,,
CRNDtex_reverse_num3,b2215,96.2904209055866,,,,,,112645.641475366,,Transport,False,CRNDtex,True,,,,
CRNDtex_reverse_num4,b0929,94.8168,,,,,,112645.641475366,,Transport,False,CRNDtex,True,,,,
CRNabcpp,b2677 and b2679 and b2678,90.65907860738318,3.5799,8.922471,18.982484817504883,5.745817873811871,,112645.641475366,,Metabolic (Core),True,CRNabcpp,False,7.682724138888535,9.307668422829188,7.334144436905936,7.682724138888535
CRNt2rpp,b4111,23.0,0.8243,13.257745,15.8236083984375,4.685826033894374,,112645.641475366,,Metabolic (Core),False,CRNt2rpp,False,5.335334615410645,8.647869858082968,8.971785516947186,5.335334615410645
CRNt2rpp_reverse,b4111,23.0,26.6964,13.257745,15.8236083984375,9.685838815944882,,112645.641475366,,Metabolic (Reverse),False,CRNt2rpp,True,15.261291285487744,16.365898053595593,14.54067669921875,15.261291285487744
CRNt7pp,b0040,23.0,11.4879,3.5186164,37.41640472412109,3.0074356916630367,,112645.641475366,,Metabolic (Core),False,CRNt7pp,False,8.212355542711492,13.85758920394603,7.503258199999999,8.212355542711492
CRNt8pp,b0040,23.0,6.3414,4.2259192,37.41640472412109,4.570910570141916,,112645.641475366,,Metabolic (Core),False,CRNt8pp,False,8.227971506804522,13.138658623565751,5.456155285070958,8.227971506804522
CRNtex_num1,b1377,96.2904209055866,,,,,,112645.641475366,,Transport,False,CRNtex,False,,,,
CRNtex_num2,b0241,33.2825,,,,,,112645.641475366,,Transport,False,CRNtex,False,,,,
CRNtex_num3,b0929,94.8168,,,,,,112645.641475366,,Transport,False,CRNtex,False,,,,
CRNtex_num4,b2215,96.2904209055866,,,,,,112645.641475366,,Transport,False,CRNtex,False,,,,
CRNtex_reverse_num1,b1377,96.2904209055866,,,,,,112645.641475366,,Transport,False,CRNtex,True,,,,
CRNtex_reverse_num2,b0241,33.2825,,,,,,112645.641475366,,Transport,False,CRNtex,True,,,,
CRNtex_reverse_num3,b0929,94.8168,,,,,,112645.641475366,,Transport,False,CRNtex,True,,,,
CRNtex_reverse_num4,b2215,96.2904209055866,,,,,,112645.641475366,,Transport,False,CRNtex,True,,,,
CS,b0720,136.47847541820553,24.6002,44.993618,38.19630432128906,229.50963769458312,78.0,,78.0,Metabolic (Core),False,CS,False,55.812047701200974,84.32494000396804,41.59496116064453,55.812047701200974
CS1tex_num1,b0241,33.2825,,,,,,112645.641475366,,Transport,False,CS1tex,False,,,,
CS1tex_num2,b0929,94.8168,,,,,,112645.641475366,,Transport,False,CS1tex,False,,,,
CS1tex_num3,b2215,96.2904209055866,,,,,,112645.641475366,,Transport,False,CS1tex,False,,,,
CS1tex_num4,b1377,96.2904209055866,,,,,,112645.641475366,,Transport,False,CS1tex,False,,,,
CS1tex_reverse_num1,b0241,33.2825,,,,,,112645.641475366,,Transport,False,CS1tex,True,,,,
CS1tex_reverse_num2,b0929,94.8168,,,,,,112645.641475366,,Transport,False,CS1tex,True,,,,
CS1tex_reverse_num3,b2215,96.2904209055866,,,,,,112645.641475366,,Transport,False,CS1tex,True,,,,
CS1tex_reverse_num4,b1377,96.2904209055866,,,,,,112645.641475366,,Transport,False,CS1tex,True,,,,
CSND,b0337,133.20262771610487,0.1886,5.317655,111.96247863769533,6.334036791279153,111.616,,111.616,Metabolic (Core),False,CSND,False,5.164208081921881,30.950692607243617,5.825845895639576,5.164208081921881
CSNt2pp,b0336,23.0,0.8294,2.6902056,53.481536865234375,4.811248420422673,,112645.641475366,,Metabolic (Core),False,CSNt2pp,False,4.895001068509313,15.453097721414261,3.750727010211336,4.895001068509313
CSNtex_num1,b1377,96.2904209055866,,,,,,112645.641475366,,Transport,False,CSNtex,False,,,,
CSNtex_num2,b0241,33.2825,,,,,,112645.641475366,,Transport,False,CSNtex,False,,,,
CSNtex_num3,b0929,94.8168,,,,,,112645.641475366,,Transport,False,CSNtex,False,,,,
CSNtex_num4,b2215,96.2904209055866,,,,,,112645.641475366,,Transport,False,CSNtex,False,,,,
CSNtex_reverse_num1,b1377,96.2904209055866,,,,,,112645.641475366,,Transport,False,CSNtex,True,,,,
CSNtex_reverse_num2,b0241,33.2825,,,,,,112645.641475366,,Transport,False,CSNtex,True,,,,
CSNtex_reverse_num3,b0929,94.8168,,,,,,112645.641475366,,Transport,False,CSNtex,True,,,,
CSNtex_reverse_num4,b2215,96.2904209055866,,,,,,112645.641475366,,Transport,False,CSNtex,True,,,,
CTBTCAL2,b0037,121.23861216232469,18.0618,3.2249646,0.99029278755188,4.588231538118686,,112645.641475366,,Metabolic (Core),False,CTBTCAL2,False,4.03342263024842,6.716322231417642,3.906598069059343,4.03342263024842
CTBTabcpp,b2677 and b2678 and b2679,90.65907860738318,58.3863,1.682536,18.982484817504883,12.39078414720572,,112645.641475366,,Metabolic (Core),True,CTBTabcpp,False,12.329111865874003,22.860526241177652,15.686634482355302,12.329111865874003
CTBTt2rpp,b4111,23.0,2.1014,1.6835867,15.8236083984375,10.626723192819652,,112645.641475366,,Metabolic (Core),False,CTBTt2rpp,False,4.938695807656517,7.558829572814288,6.364061596409826,4.938695807656517
CTBTt2rpp_reverse,b4111,23.0,2.2416,1.6835867,15.8236083984375,4.394049003149232,,112645.641475366,,Metabolic (Reverse),False,CTBTt2rpp,True,4.024769439214345,6.035711025396683,3.317824501574616,4.024769439214345
CTECOAI6,b3846,120.42138255624845,,,,,63.0,,63.0,Metabolic (Core),False,CTECOAI6,False,,,,
CTECOAI6_reverse,b3846,120.42138255624845,,,,,63.0,,63.0,Metabolic (Reverse),False,CTECOAI6,True,,,,
CTECOAI7,b3846,120.42138255624845,,,,,63.0,,63.0,Metabolic (Core),False,CTECOAI7,False,,,,
CTECOAI7_reverse,b3846,120.42138255624845,,,,,63.0,,63.0,Metabolic (Reverse),False,CTECOAI7,True,,,,
CTECOAI8,b3846,120.42138255624845,,,,,63.0,,63.0,Metabolic (Core),False,CTECOAI8,False,,,,
CTECOAI8_reverse,b3846,120.42138255624845,,,,,63.0,,63.0,Metabolic (Reverse),False,CTECOAI8,True,,,,
CTPS2,b2780,78.6014212963055,38.8371,3.3792737,6.067229270935059,0.7135666041154233,7.515833333333333,,7.515833333333333,Metabolic (Core),False,CTPS2,False,4.882292235882792,12.24929239376262,4.72325148546753,4.882292235882792
CU1Opp,b0123,206.75125446366417,,,,,,,,Metabolic (Core),False,CU1Opp,False,,,,
CU1abcpp,b0484,75.41,,,,,,0.26,,Metabolic (Core),False,CU1abcpp,False,,,,
CU2abcpp,b3469,75.41,,,,,,,,Metabolic (Core),False,CU2abcpp,False,,,,
CU2tex_num1,b0241,33.2825,,,,,,112645.641475366,,Transport,False,CU2tex,False,,,,
CU2tex_num2,b1377,96.2904209055866,,,,,,112645.641475366,,Transport,False,CU2tex,False,,,,
CU2tex_num3,b2215,96.2904209055866,,,,,,112645.641475366,,Transport,False,CU2tex,False,,,,
CU2tex_num4,b0929,94.8168,,,,,,112645.641475366,,Transport,False,CU2tex,False,,,,
CU2tex_reverse_num1,b0241,33.2825,,,,,,112645.641475366,,Transport,False,CU2tex,True,,,,
CU2tex_reverse_num2,b1377,96.2904209055866,,,,,,112645.641475366,,Transport,False,CU2tex,True,,,,
CU2tex_reverse_num3,b2215,96.2904209055866,,,,,,112645.641475366,,Transport,False,CU2tex,True,,,,
CU2tex_reverse_num4,b0929,94.8168,,,,,,112645.641475366,,Transport,False,CU2tex,True,,,,
CU2tpp,b3040,33.2825,,,,,,112645.641475366,,Transport,False,CU2tpp,False,,,,
CURR,b1449,130.15983707102805,0.9875,,7.277730941772461,4.423306762159818,,112645.641475366,,Metabolic (Core),False,CURR,False,3.1678167664364802,4.229512567977427,4.423306762159818,2.3744883318413703
CUt2pp_num1,b2924,92.71685493840006,,,,,,112645.641475366,,Metabolic (Core),False,CUt2pp,False,,,,
CUt2pp_num2,b0577,97.46316781454354,,,,,,112645.641475366,,Metabolic (Core),False,CUt2pp,False,,,,
CUt2pp_num3,b0465,95.0900113764718,,,,,,112645.641475366,,Metabolic (Core),False,CUt2pp,False,,,,
CUt2pp_num4,b3291,90.65907860738318,,,,,,112645.641475366,,Metabolic (Core),False,CUt2pp,False,,,,
CUt2pp_num5,b1330,208.4883024024492,,,,,,112645.641475366,,Metabolic (Core),False,CUt2pp,False,,,,
CUt2pp_num6,b4159,80.15146,,,,,,112645.641475366,,Metabolic (Core),False,CUt2pp,False,,,,
CUt2pp_num7,b0808,153.12617210681117,,,,,,112645.641475366,,Metabolic (Core),False,CUt2pp,False,,,,
CUt3,b0573 and b0572 and b0574 and b0575,128.2406734749161,,,,,,112645.641475366,,Metabolic (Core),True,CUt3,False,,,,
CUtex_num1,b1377,96.2904209055866,,,,,,112645.641475366,,Transport,False,CUtex,False,,,,
CUtex_num2,b0241,33.2825,,,,,,112645.641475366,,Transport,False,CUtex,False,,,,
CUtex_num3,b0929,94.8168,,,,,,112645.641475366,,Transport,False,CUtex,False,,,,
CUtex_num4,b2215,96.2904209055866,,,,,,112645.641475366,,Transport,False,CUtex,False,,,,
CUtex_reverse_num1,b1377,96.2904209055866,,,,,,112645.641475366,,Transport,False,CUtex,True,,,,
CUtex_reverse_num2,b0241,33.2825,,,,,,112645.641475366,,Transport,False,CUtex,True,,,,
CUtex_reverse_num3,b0929,94.8168,,,,,,112645.641475366,,Transport,False,CUtex,True,,,,
CUtex_reverse_num4,b2215,96.2904209055866,,,,,,112645.641475366,,Transport,False,CUtex,True,,,,
CXSAMS,b1870,97.97811724826008,17.9899,0.11991379,0.0788628533482551,5.265135685472943,,112645.641475366,,Metabolic (Core),False,CXSAMS,False,0.9728479838313534,5.863453082205298,2.6925247377364716,0.9728479838313534
CYANST_num1,b2668,278.6,9.307,38.039474,4.30738639831543,4.708534997994969,245.0,,245.0,Metabolic (Core),False,CYANST,False,9.205257954063466,14.0905988490776,7.0077674989974845,9.205257954063466
CYANST_num2,b3425,270.8742779166039,,24.530794,33.216060638427734,5.216962663451387,245.0,,245.0,Metabolic (Core),False,CYANST,False,16.199159673722924,20.987939100626374,24.530794,8.074569271339065
CYANST_num3,b2521,207.78250892732828,,14.490479,33.65251922607422,4.26478635416554,245.0,,245.0,Metabolic (Core),False,CYANST,False,12.7643646026809,17.46926152674659,14.490479,6.753041221152173
CYANSTpp,b1308,247.9500291575308,32.7124,1.2481902,60.24456024169922,4.075808913109514,245.0,,245.0,Metabolic (Core),False,CYANSTpp,False,10.0064771373815,24.570239838702186,18.394104456554757,10.0064771373815
CYANtex_num1,b1377,96.2904209055866,,,,,,112645.641475366,,Transport,False,CYANtex,False,,,,
CYANtex_num2,b0241,33.2825,,,,,,112645.641475366,,Transport,False,CYANtex,False,,,,
CYANtex_num3,b0929,94.8168,,,,,,112645.641475366,,Transport,False,CYANtex,False,,,,
CYANtex_num4,b2215,96.2904209055866,,,,,,112645.641475366,,Transport,False,CYANtex,False,,,,
CYANtex_reverse_num1,b1377,96.2904209055866,,,,,,112645.641475366,,Transport,False,CYANtex,True,,,,
CYANtex_reverse_num2,b0241,33.2825,,,,,,112645.641475366,,Transport,False,CYANtex,True,,,,
CYANtex_reverse_num3,b0929,94.8168,,,,,,112645.641475366,,Transport,False,CYANtex,True,,,,
CYANtex_reverse_num4,b2215,96.2904209055866,,,,,,112645.641475366,,Transport,False,CYANtex,True,,,,
CYNTAH,b0340,207.78250892732828,12.9585,58.79718,22.55681610107422,14.530183055053186,,,,Metabolic (Core),False,CYNTAH,False,22.354503510095668,27.21066978903185,18.543499578063702,22.354503510095668
CYNTt2pp,b0341,26.47,15.5438,,30.382129669189453,2.698624239290672,,112645.641475366,,Metabolic (Core),False,CYNTt2pp,False,10.841913628132719,16.20818463616004,15.5438,5.974883715539803
CYNTtex_num1,b0929,94.8168,,,,,,112645.641475366,,Transport,False,CYNTtex,False,,,,
CYNTtex_num2,b2215,96.2904209055866,,,,,,112645.641475366,,Transport,False,CYNTtex,False,,,,
CYNTtex_num3,b0241,33.2825,,,,,,112645.641475366,,Transport,False,CYNTtex,False,,,,
CYNTtex_num4,b1377,96.2904209055866,,,,,,112645.641475366,,Transport,False,CYNTtex,False,,,,
CYNTtex_reverse_num1,b0929,94.8168,,,,,,112645.641475366,,Transport,False,CYNTtex,True,,,,
CYNTtex_reverse_num2,b2215,96.2904209055866,,,,,,112645.641475366,,Transport,False,CYNTtex,True,,,,
CYNTtex_reverse_num3,b0241,33.2825,,,,,,112645.641475366,,Transport,False,CYNTtex,True,,,,
CYNTtex_reverse_num4,b1377,96.2904209055866,,,,,,112645.641475366,,Transport,False,CYNTtex,True,,,,
CYSDDS,b1919,122.42412220751704,9.7066,46.530704,12.780275344848633,6.47591517554057,72.0,,72.0,Metabolic (Core),False,CYSDDS,False,13.904713013058744,18.873373630097298,11.243437672424317,13.904713013058744
CYSDS_num1,b3008,121.23861216232469,0.6255,5.4222345,9.234712600708008,0.361033711661598,59.15405882352941,,59.15405882352941,Metabolic (Core),False,CYSDS,False,1.833767145867908,3.9108702030924016,3.02386725,1.833767145867908
CYSDS_num2,b3708,121.23861216232469,1.8199,3.6409776,6.205461502075195,8.645785370246568,59.15405882352941,,59.15405882352941,Metabolic (Core),False,CYSDS,False,4.342211937342059,5.078031118080441,4.923219551037597,4.342211937342059
CYSDtex_num1,b1377,96.2904209055866,,,,,,112645.641475366,,Transport,False,CYSDtex,False,,,,
CYSDtex_num2,b0241,33.2825,,,,,,112645.641475366,,Transport,False,CYSDtex,False,,,,
CYSDtex_num3,b0929,94.8168,,,,,,112645.641475366,,Transport,False,CYSDtex,False,,,,
CYSDtex_num4,b2215,96.2904209055866,,,,,,112645.641475366,,Transport,False,CYSDtex,False,,,,
CYSDtex_reverse_num1,b1377,96.2904209055866,,,,,,112645.641475366,,Transport,False,CYSDtex,True,,,,
CYSDtex_reverse_num2,b0241,33.2825,,,,,,112645.641475366,,Transport,False,CYSDtex,True,,,,
CYSDtex_reverse_num3,b0929,94.8168,,,,,,112645.641475366,,Transport,False,CYSDtex,True,,,,
CYSDtex_reverse_num4,b2215,96.2904209055866,,,,,,112645.641475366,,Transport,False,CYSDtex,True,,,,
CYSItex_num1,b1377,96.2904209055866,,,,,,112645.641475366,,Transport,False,CYSItex,False,,,,
CYSItex_num2,b0929,94.8168,,,,,,112645.641475366,,Transport,False,CYSItex,False,,,,
CYSItex_num3,b0241,33.2825,,,,,,112645.641475366,,Transport,False,CYSItex,False,,,,
CYSItex_num4,b2215,96.2904209055866,,,,,,112645.641475366,,Transport,False,CYSItex,False,,,,
CYSItex_reverse_num1,b1377,96.2904209055866,,,,,,112645.641475366,,Transport,False,CYSItex,True,,,,
CYSItex_reverse_num2,b0929,94.8168,,,,,,112645.641475366,,Transport,False,CYSItex,True,,,,
CYSItex_reverse_num3,b0241,33.2825,,,,,,112645.641475366,,Transport,False,CYSItex,True,,,,
CYSItex_reverse_num4,b2215,96.2904209055866,,,,,,112645.641475366,,Transport,False,CYSItex,True,,,,
CYSItpp,b3943,33.2825,,,,,,112645.641475366,,Transport,False,CYSItpp,False,,,,
CYSSADS_num1,b2810,127.27867577755065,115.4018,7.1000104,4.642910957336426,2.388254761409444,,89.0,,Metabolic (Core),False,CYSSADS,False,9.763052926842812,32.383244029686466,5.871460678668213,9.763052926842812
CYSSADS_num2,b1680,128.2406734749161,,1.9538215,5.076631546020508,1.407557400154843,,89.0,,Metabolic (Core),False,CYSSADS,False,2.4079208888946084,2.812670148725117,1.9538215,1.932999139558412
CYSS_num1,b2421,129.20025527297207,22.5466,20.529541,3.0558316707611084,1.6927005065615068,954.6666666666666,,954.6666666666666,Metabolic (Core),False,CYSS,False,6.99507641033214,11.956168294330654,11.792686335380553,6.99507641033214
CYSS_num2,b2414,121.20698236312832,,4.890348,8.94125747680664,2.459055654015251,954.6666666666666,,954.6666666666666,Metabolic (Core),False,CYSS,False,4.755201316733721,5.430220376940631,4.890348,3.2201542906325535
CYSTA,b0928,128.2406734749161,6.3506,66.28428,368.2811584472656,9.38360738254706,40.64,,40.64,Metabolic (Core),False,CYSTA,False,34.72911031591574,112.57491145745317,37.833943691273525,34.72911031591574
CYSTL_num1,b3008,121.23861216232469,2.1966,3.1471543,12.812579154968262,0.361033711661598,34.1,,34.1,Metabolic (Core),False,CYSTL,False,2.3780081202443055,4.629341791657465,2.6718771500000003,2.3780081202443055
CYSTL_num2,b1622,121.20698236312832,,3.7025921,19.12885856628418,8.509523323516037,34.1,,34.1,Metabolic (Core),False,CYSTL,False,8.446952520925912,10.446991329933406,8.509523323516037,4.954787574534592
CYSabc2pp,b0887 and b0886,75.41,5.4277,0.32292676,5.082626819610596,4.079976151218269,,,,Metabolic (Core),True,CYSabc2pp,False,2.4553670851190654,3.728307432707216,4.581301485414432,2.4553670851190654
CYSabcpp,b1920 and b1918 and b1917,97.76404181117316,0.6477,11.475595,25.94870376586914,20.83005914936328,,,,Metabolic (Core),True,CYSabcpp,False,7.961388556581867,14.725514478808105,16.15282707468164,7.961388556581867
CYStex_num1,b1377,96.2904209055866,,,,,,112645.641475366,,Transport,False,CYStex,False,,,,
CYStex_num2,b0241,33.2825,,,,,,112645.641475366,,Transport,False,CYStex,False,,,,
CYStex_num3,b0929,94.8168,,,,,,112645.641475366,,Transport,False,CYStex,False,,,,
CYStex_num4,b2215,96.2904209055866,,,,,,112645.641475366,,Transport,False,CYStex,False,,,,
CYStex_reverse_num1,b1377,96.2904209055866,,,,,,112645.641475366,,Transport,False,CYStex,True,,,,
CYStex_reverse_num2,b0241,33.2825,,,,,,112645.641475366,,Transport,False,CYStex,True,,,,
CYStex_reverse_num3,b0929,94.8168,,,,,,112645.641475366,,Transport,False,CYStex,True,,,,
CYStex_reverse_num4,b2215,96.2904209055866,,,,,,112645.641475366,,Transport,False,CYStex,True,,,,
CYStpp_num1,b2578,23.0,,,,,,112645.641475366,,Transport,False,CYStpp,False,,,,
CYStpp_num2,b1533,33.2825,,,,,,112645.641475366,,Transport,False,CYStpp,False,,,,
CYTBD2pp,b0978 and b0979,76.85543693694589,59.1738,14.144953,11.821221351623535,6.332120906841956,,112645.641475366,,Metabolic (Core),True,CYTBD2pp,False,15.821061879226809,22.86802381461637,12.983087175811768,15.821061879226809
CYTBDpp_num1,b0978 and b0979,76.85543693694589,,,,,,112645.641475366,,Metabolic (Core),True,CYTBDpp,False,,,,
CYTBDpp_num2,b0733 and b0734 and b4515,82.40125605302632,,,,,,112645.641475366,,Metabolic (Core),True,CYTBDpp,False,,,,
CYTBO3_4pp,b0429 and b0432 and b0431 and b0430,87.34861174490996,,,,,,112645.641475366,,Metabolic (Core),True,CYTBO3_4pp,False,,,,
CYTD,b2143,115.69288473855748,10.695,5.896643,25.40924453735352,3.958160458863679,370872.39025641023,,370872.39025641023,Metabolic (Core),False,CYTD,False,8.924167092090038,11.4897619990543,8.2958215,8.924167092090038
CYTDH_num1,b0651,118.05713364740296,1.8059,3.2889678,12.104564666748049,5.911690437717237,6.359999999999999,,6.359999999999999,Metabolic (Core),False,CYTDH,False,4.5404985857180105,5.777780726116322,4.600329118858618,4.5404985857180105
CYTDH_num2,b2162,136.2454183611817,,1.3371586,20.07859992980957,4.810772528691261,6.359999999999999,,6.359999999999999,Metabolic (Core),False,CYTDH,False,5.0548746465359935,8.742177019500277,4.810772528691261,3.371186604965047
CYTDH_num3,b0030,121.23861216232469,,13.675633,12.813152313232422,5.8218552443149,6.359999999999999,,6.359999999999999,Metabolic (Core),False,CYTDH,False,10.06672665830474,10.77021351918244,12.813152313232422,5.651532211936478
CYTDK1,b2066,97.46316781454354,0.0025,1.677019,2.0296573638916016,2.698624239290672,324706.6666666667,,324706.6666666667,Metabolic (Core),False,CYTDK1,False,0.3892788282598366,1.6019501507955685,1.8533381819458008,0.3892788282598366
CYTDK2,b2066,97.46316781454354,0.002,1.677019,2.0296573638916016,2.698624239290672,324706.6666666667,,324706.6666666667,Metabolic (Core),False,CYTDK2,False,0.3681571853893288,1.6018251507955683,1.8533381819458008,0.3681571853893288
CYTDt2pp_copy1_num1,b2393,33.2825,15.5438,2.9400225,13.50819969177246,2.698624239290672,,112645.641475366,,Metabolic (Core),False,CYTDt2pp_copy1,False,6.388691771690061,8.672661607765782,8.22411109588623,6.388691771690061
CYTDt2pp_copy1_num2,b2964,23.0,,4.68489,18.34995651245117,0.536723264075099,,112645.641475366,,Metabolic (Core),False,CYTDt2pp_copy1,False,3.5866991720691836,7.857189925508756,4.68489,2.6062808584088986
CYTDt2pp_copy2,b2406,23.0,3.6785,2.4943209,16.7822265625,2.7021429464568483,,112645.641475366,,Metabolic (Core),False,CYTDt2pp_copy2,False,4.516429614861634,6.414297602239212,3.1903214732284244,4.516429614861634
CYTDt2pp_copy2_reverse,b2406,23.0,10.9879,2.4943209,16.7822265625,16.150882020478523,,112645.641475366,,Metabolic (Reverse),False,CYTDt2pp_copy2,True,9.283852078334636,11.60383237074463,13.569391010239261,9.283852078334636
CYTDtex_num1,b1377,96.2904209055866,,,,,,112645.641475366,,Transport,False,CYTDtex,False,,,,
CYTDtex_num2,b0241,33.2825,,,,,,112645.641475366,,Transport,False,CYTDtex,False,,,,
CYTDtex_num3,b0929,94.8168,,,,,,112645.641475366,,Transport,False,CYTDtex,False,,,,
CYTDtex_num4,b2215,96.2904209055866,,,,,,112645.641475366,,Transport,False,CYTDtex,False,,,,
CYTDtex_reverse_num1,b1377,96.2904209055866,,,,,,112645.641475366,,Transport,False,CYTDtex,True,,,,
CYTDtex_reverse_num2,b0241,33.2825,,,,,,112645.641475366,,Transport,False,CYTDtex,True,,,,
CYTDtex_reverse_num3,b0929,94.8168,,,,,,112645.641475366,,Transport,False,CYTDtex,True,,,,
CYTDtex_reverse_num4,b2215,96.2904209055866,,,,,,112645.641475366,,Transport,False,CYTDtex,True,,,,
CYTK1,b0910,97.61360481285834,,,,,103.0,,103.0,Metabolic (Core),False,CYTK1,False,,,,
CYTK1_reverse,b0910,97.61360481285834,,,,,103.0,,103.0,Metabolic (Reverse),False,CYTK1,True,,,,
CYTK2,b0910,97.61360481285834,,,,,108.0,,108.0,Metabolic (Core),False,CYTK2,False,,,,
CYTK2_reverse,b0910,97.61360481285834,,,,,108.0,,108.0,Metabolic (Reverse),False,CYTK2,True,,,,
DAAD,b1189,136.2454183611817,4.9723,1.5235671,10.40248680114746,1.9562772055410185,,0.74,,Metabolic (Core),False,DAAD,False,3.523681281365188,4.713657776672119,3.464288602770509,3.523681281365188
DADA,b1623,126.88473466186872,13.0963,2.4550316,10.922500610351562,1.82702468603913,168032.81666666668,,168032.81666666668,Metabolic (Core),False,DADA,False,5.032897071244139,7.075214224097673,6.688766105175781,5.032897071244139
DADK,b0474,78.6014212963055,,,,,943440.0,,943440.0,Metabolic (Core),False,DADK,False,,,,
DADK_reverse,b0474,78.6014212963055,,,,,943440.0,,943440.0,Metabolic (Reverse),False,DADK,True,,,,
DADNt2pp_num1,b2393,33.2825,104.2427,2.32138,13.50819969177246,3.958160458863679,,112645.641475366,,Metabolic (Core),False,DADNt2pp,False,10.665241392643628,31.007610037659035,8.733180075318069,10.665241392643628
DADNt2pp_num2,b2964,23.0,,2.2703772,18.34995651245117,0.2977766421705213,,112645.641475366,,Metabolic (Core),False,DADNt2pp,False,2.314947936738763,6.972703451540563,2.2703772,1.876747824558493
DADNtex,b0411,179.45385264683853,,,,,,112645.641475366,,Transport,False,DADNtex,False,,,,
DADNtex_reverse,b0411,179.45385264683853,,,,,,112645.641475366,,Transport,False,DADNtex,True,,,,
DAGK120,b4042,168.80927422377056,2.1439,,13.547255516052246,5.717953119838133,,112645.641475366,,Metabolic (Core),False,DAGK120,False,5.496659216227366,7.136369545296794,5.717953119838133,3.5898318728982077
DAGK140,b4042,168.80927422377056,2.0373,,3.655947208404541,17.527193281992982,,112645.641475366,,Metabolic (Core),False,DAGK140,False,5.072893665161344,7.740146830132507,3.655947208404541,3.380195500037836
DAGK141,b4042,168.80927422377056,4.3893,,13.547255516052246,1.0735492307450478,,112645.641475366,,Metabolic (Core),False,DAGK141,False,3.9965892641645375,6.336701582265764,4.3893,2.826618116055562
DAGK160,b4042,168.80927422377056,10.0238,,3.343602418899536,1.2177812483263957,25886.69025,,25886.69025,Metabolic (Core),False,DAGK160,False,3.4430138415506586,4.86172788907531,3.343602418899536,2.5275751474813166
DAGK161,b4042,168.80927422377056,12.9585,,13.547255516052246,23.20984801412347,,112645.641475366,,Metabolic (Core),False,DAGK161,False,15.972005482251426,16.571867843391903,13.547255516052246,7.989499758193158
DAGK180,b4042,168.80927422377056,43.8226,,3.548717975616455,4.505918121530305,,112645.641475366,,Metabolic (Core),False,DAGK180,False,8.882140546700768,17.292412032382256,4.505918121530305,5.145033782684945
DAGK181,b4042,168.80927422377056,24.1773,,13.547255516052246,4.505918121530305,,112645.641475366,,Metabolic (Core),False,DAGK181,False,11.385378483922477,14.076824545860852,13.547255516052246,6.198128906858032
DALAt2pp,b4208,23.0,21.6201,4.986246,36.413177490234375,3.709008719383553,,112645.641475366,,Metabolic (Core),False,DALAt2pp,False,10.984668570250424,16.68213305240448,13.303173000000001,10.984668570250424
DALAtex_num1,b1377,96.2904209055866,,,,,,112645.641475366,,Transport,False,DALAtex,False,,,,
DALAtex_num2,b0241,33.2825,,,,,,112645.641475366,,Transport,False,DALAtex,False,,,,
DALAtex_num3,b0929,94.8168,,,,,,112645.641475366,,Transport,False,DALAtex,False,,,,
DALAtex_num4,b2215,96.2904209055866,,,,,,112645.641475366,,Transport,False,DALAtex,False,,,,
DALAtex_reverse_num1,b1377,96.2904209055866,,,,,,112645.641475366,,Transport,False,DALAtex,True,,,,
DALAtex_reverse_num2,b0241,33.2825,,,,,,112645.641475366,,Transport,False,DALAtex,True,,,,
DALAtex_reverse_num3,b0929,94.8168,,,,,,112645.641475366,,Transport,False,DALAtex,True,,,,
DALAtex_reverse_num4,b2215,96.2904209055866,,,,,,112645.641475366,,Transport,False,DALAtex,True,,,,
DAMPtex_num1,b1377,96.2904209055866,,,,,,112645.641475366,,Transport,False,DAMPtex,False,,,,
DAMPtex_num2,b0241,33.2825,,,,,,112645.641475366,,Transport,False,DAMPtex,False,,,,
DAMPtex_num3,b0929,94.8168,,,,,,112645.641475366,,Transport,False,DAMPtex,False,,,,
DAMPtex_num4,b2215,96.2904209055866,,,,,,112645.641475366,,Transport,False,DAMPtex,False,,,,
DAMPtex_reverse_num1,b1377,96.2904209055866,,,,,,112645.641475366,,Transport,False,DAMPtex,True,,,,
DAMPtex_reverse_num2,b0241,33.2825,,,,,,112645.641475366,,Transport,False,DAMPtex,True,,,,
DAMPtex_reverse_num3,b0929,94.8168,,,,,,112645.641475366,,Transport,False,DAMPtex,True,,,,
DAMPtex_reverse_num4,b2215,96.2904209055866,,,,,,112645.641475366,,Transport,False,DAMPtex,True,,,,
DAPAL,b2871,128.2406734749161,6.6174,21.775894,42.04164123535156,6.2187170414927255,23.9215,,23.9215,Metabolic (Core),False,DAPAL,False,13.93191960856663,19.16341306921107,14.196647,13.93191960856663
DAPDC,b2838,128.2406734749161,4.7739,7.1399145,12.087963104248049,1.642745451666022,55.0,,55.0,Metabolic (Core),False,DAPDC,False,5.100613687068414,6.411130763978518,5.95690725,5.100613687068414
DAPE,b3809,122.42412220751704,,,,,84.0,,84.0,Metabolic (Core),False,DAPE,False,,,,
DAPE_reverse,b3809,122.42412220751704,,,,,84.0,,84.0,Metabolic (Reverse),False,DAPE,True,,,,
DAPtex_num1,b1377,96.2904209055866,,,,,,112645.641475366,,Transport,False,DAPtex,False,,,,
DAPtex_num2,b0241,33.2825,,,,,,112645.641475366,,Transport,False,DAPtex,False,,,,
DAPtex_num3,b0929,94.8168,,,,,,112645.641475366,,Transport,False,DAPtex,False,,,,
DAPtex_num4,b2215,96.2904209055866,,,,,,112645.641475366,,Transport,False,DAPtex,False,,,,
DAPtex_reverse_num1,b1377,96.2904209055866,,,,,,112645.641475366,,Transport,False,DAPtex,True,,,,
DAPtex_reverse_num2,b0241,33.2825,,,,,,112645.641475366,,Transport,False,DAPtex,True,,,,
DAPtex_reverse_num3,b0929,94.8168,,,,,,112645.641475366,,Transport,False,DAPtex,True,,,,
DAPtex_reverse_num4,b2215,96.2904209055866,,,,,,112645.641475366,,Transport,False,DAPtex,True,,,,
DASYN120,b0175,71.13678125,10.4293,,15.781052589416504,3.842358408537775,8077.911433333333,,8077.911433333333,Metabolic (Core),False,DASYN120,False,8.583472102688923,10.017570332651426,10.4293,5.014726478311177
DASYN140,b0175,71.13678125,0.1435,7.398984,7.957583904266357,7.999008674875839,8077.911433333333,,8077.911433333333,Metabolic (Core),False,DASYN140,False,2.8672155668154877,5.8747691447855495,7.678283952133178,2.8672155668154877
DASYN141,b0175,71.13678125,1.8321,,5.908768177032471,3.5590811542674947,8077.911433333333,,8077.911433333333,Metabolic (Core),False,DASYN141,False,3.377494669842548,3.766649777099989,3.5590811542674947,2.49141459482759
DASYN160,b0175,71.13678125,8.6149,6.5379987,4.47877311706543,5.229580381385889,8077.911433333333,,8077.911433333333,Metabolic (Core),False,DASYN160,False,6.026709304743946,6.21531304961283,5.883789540692945,6.026709304743946
DASYN161,b0175,71.13678125,8.7501,,5.56724214553833,5.114822617592146,8077.911433333333,,8077.911433333333,Metabolic (Core),False,DASYN161,False,6.292567769704013,6.477388254376826,5.56724214553833,3.9730215996007723
DASYN180,b0175,71.13678125,1.8321,3.3729498,7.277729988098144,9.129954971721624,8077.911433333333,,8077.911433333333,Metabolic (Core),False,DASYN180,False,4.501486029817329,5.4031836899549415,5.325339894049072,4.501486029817329
DASYN181,b0175,71.13678125,101.3348,,6.27124547958374,3.095314723399571,8077.911433333333,,8077.911433333333,Metabolic (Core),False,DASYN181,False,12.52965394393085,36.90045340099444,6.27124547958374,6.659694500760726
DB4PS,b3041,121.20698236312832,,,,,,,,Metabolic (Core),False,DB4PS,False,,,,
DBTS,b0778,108.46483596491184,4.1334,1.2404304,27.451494216918945,8.708945742095699,9.6880416675,,9.6880416675,Metabolic (Core),False,DBTS,False,5.91701748244598,10.383567589753662,6.421172871047849,5.91701748244598
DC6PDA,b1733,149.80799644754114,8.2218,4.6366043,3.457683801651001,3.2749292691771887,,112645.641475366,,Metabolic (Core),False,DC6PDA,False,4.558149187378008,4.897754342707048,4.0471440508255005,4.558149187378008
DCAtex_num1,b1377,96.2904209055866,,,,,,112645.641475366,,Transport,False,DCAtex,False,,,,
DCAtex_num2,b0241,33.2825,,,,,,112645.641475366,,Transport,False,DCAtex,False,,,,
DCAtex_num3,b0929,94.8168,,,,,,112645.641475366,,Transport,False,DCAtex,False,,,,
DCAtex_num4,b2215,96.2904209055866,,,,,,112645.641475366,,Transport,False,DCAtex,False,,,,
DCAtex_reverse_num1,b1377,96.2904209055866,,,,,,112645.641475366,,Transport,False,DCAtex,True,,,,
DCAtex_reverse_num2,b0241,33.2825,,,,,,112645.641475366,,Transport,False,DCAtex,True,,,,
DCAtex_reverse_num3,b0929,94.8168,,,,,,112645.641475366,,Transport,False,DCAtex,True,,,,
DCAtex_reverse_num4,b2215,96.2904209055866,,,,,,112645.641475366,,Transport,False,DCAtex,True,,,,
DCMPtex_num1,b1377,96.2904209055866,,,,,,112645.641475366,,Transport,False,DCMPtex,False,,,,
DCMPtex_num2,b0241,33.2825,,,,,,112645.641475366,,Transport,False,DCMPtex,False,,,,
DCMPtex_num3,b0929,94.8168,,,,,,112645.641475366,,Transport,False,DCMPtex,False,,,,
DCMPtex_num4,b2215,96.2904209055866,,,,,,112645.641475366,,Transport,False,DCMPtex,False,,,,
DCMPtex_reverse_num1,b1377,96.2904209055866,,,,,,112645.641475366,,Transport,False,DCMPtex,True,,,,
DCMPtex_reverse_num2,b0241,33.2825,,,,,,112645.641475366,,Transport,False,DCMPtex,True,,,,
DCMPtex_reverse_num3,b0929,94.8168,,,,,,112645.641475366,,Transport,False,DCMPtex,True,,,,
DCMPtex_reverse_num4,b2215,96.2904209055866,,,,,,112645.641475366,,Transport,False,DCMPtex,True,,,,
DCTPD,b2065,94.26533215773615,,,,,1.24,,1.24,Metabolic (Core),False,DCTPD,False,,,,
DCYTD,b2143,115.69288473855748,6.4633,2.7535317,25.40924453735352,0.1364779241259755,370872.39025641023,,370872.39025641023,Metabolic (Core),False,DCYTD,False,2.802848598179636,8.690638540369873,4.60841585,2.802848598179636
DCYTt2pp_num1,b2393,33.2825,2.2934,3.1170974,13.50819969177246,6.818044099604823,,112645.641475366,,Metabolic (Core),False,DCYTt2pp,False,5.0654946942887005,6.43418529784432,4.9675707498024115,5.0654946942887005
DCYTt2pp_num2,b2964,23.0,,6.3604193,18.34995651245117,0.2977766421705213,,112645.641475366,,Metabolic (Core),False,DCYTt2pp,False,3.2634012194286752,8.33605081820723,6.3604193,2.4280233199835255
DCYTtex,b0411,179.45385264683853,,,,,,112645.641475366,,Transport,False,DCYTtex,False,,,,
DCYTtex_reverse,b0411,179.45385264683853,,,,,,112645.641475366,,Transport,False,DCYTtex,True,,,,
DDCAtexi,b2344,206.75125446366417,,,,,,112645.641475366,,Transport,False,DDCAtexi,False,,,,
DDGALK,b3693,136.47847541820553,38.9516,18.011837,38.43144607543945,8.35557708619674,109.809,,109.809,Metabolic (Core),False,DDGALK,False,21.78645761494849,25.93761504040905,28.221641537719727,21.78645761494849
DDGLCNt2rpp,b3909,23.0,1.299,3.9362638,30.58156394958496,10.343030383997991,,112645.641475366,,Metabolic (Core),False,DDGLCNt2rpp,False,6.341619926829813,11.539964533395738,7.139647091998995,6.341619926829813
DDGLCNt2rpp_reverse,b3909,23.0,1.4839,3.9362638,30.58156394958496,6.97192302574174,,112645.641475366,,Metabolic (Reverse),False,DDGLCNt2rpp,True,5.940531137008425,10.743412693831674,5.45409341287087,5.940531137008425
DDGLCNtex_num1,b1377,96.2904209055866,,,,,,112645.641475366,,Transport,False,DDGLCNtex,False,,,,
DDGLCNtex_num2,b0241,33.2825,,,,,,112645.641475366,,Transport,False,DDGLCNtex,False,,,,
DDGLCNtex_num3,b0929,94.8168,,,,,,112645.641475366,,Transport,False,DDGLCNtex,False,,,,
DDGLCNtex_num4,b2215,96.2904209055866,,,,,,112645.641475366,,Transport,False,DDGLCNtex,False,,,,
DDGLCNtex_reverse_num1,b1377,96.2904209055866,,,,,,112645.641475366,,Transport,False,DDGLCNtex,True,,,,
DDGLCNtex_reverse_num2,b0241,33.2825,,,,,,112645.641475366,,Transport,False,DDGLCNtex,True,,,,
DDGLCNtex_reverse_num3,b0929,94.8168,,,,,,112645.641475366,,Transport,False,DDGLCNtex,True,,,,
DDGLCNtex_reverse_num4,b2215,96.2904209055866,,,,,,112645.641475366,,Transport,False,DDGLCNtex,True,,,,
DDGLK,b3526,138.0434703703704,1.7621,6.2108054,12.89494514465332,6.818044099604823,565467.3,,565467.3,Metabolic (Core),False,DDGLK,False,5.5694773810395235,6.921473661064536,6.514424749802411,5.5694773810395235
DDPA_num1,b0754,138.0434703703704,1.4812,22.811718,67.24744415283203,20.83005914936328,37.59831818181818,,37.59831818181818,Metabolic (Core),False,DDPA,False,14.74974445000878,28.092605325548828,21.82088857468164,14.74974445000878
DDPA_num2,b2601,137.37750142279987,,20.520702,39.64727020263672,4.075808913109514,37.59831818181818,,37.59831818181818,Metabolic (Core),False,DDPA,False,14.912133155081596,21.414593705248745,20.520702,7.588480626986148
DDPA_num3,b1704,151.18324760891227,,6.8965154,23.170053482055664,6.9899481650584585,37.59831818181818,,37.59831818181818,Metabolic (Core),False,DDPA,False,10.375528649175116,12.35217234903804,6.9899481650584585,5.781062643929846
DDPGALA,b4477,142.9524539351852,,,,,,34.8,,Metabolic (Core),False,DDPGALA,False,,,,
DDPGALA_reverse,b4477,142.9524539351852,16.9619,2.7054732,4.258770942687988,4.531112854943961,,34.8,,Metabolic (Reverse),False,DDPGALA,True,5.455087536774182,7.114314249407988,4.394941898815975,5.455087536774182
DGK1,b3648,96.3,,,,,166063.26266666665,,166063.26266666665,Metabolic (Core),False,DGK1,False,,,,
DGK1_reverse,b3648,96.3,,,,,166063.26266666665,,166063.26266666665,Metabolic (Reverse),False,DGK1,True,,,,
DGMPtex_num1,b1377,96.2904209055866,,,,,,112645.641475366,,Transport,False,DGMPtex,False,,,,
DGMPtex_num2,b0241,33.2825,,,,,,112645.641475366,,Transport,False,DGMPtex,False,,,,
DGMPtex_num3,b0929,94.8168,,,,,,112645.641475366,,Transport,False,DGMPtex,False,,,,
DGMPtex_num4,b2215,96.2904209055866,,,,,,112645.641475366,,Transport,False,DGMPtex,False,,,,
DGMPtex_reverse_num1,b1377,96.2904209055866,,,,,,112645.641475366,,Transport,False,DGMPtex,True,,,,
DGMPtex_reverse_num2,b0241,33.2825,,,,,,112645.641475366,,Transport,False,DGMPtex,True,,,,
DGMPtex_reverse_num3,b0929,94.8168,,,,,,112645.641475366,,Transport,False,DGMPtex,True,,,,
DGMPtex_reverse_num4,b2215,96.2904209055866,,,,,,112645.641475366,,Transport,False,DGMPtex,True,,,,
DGSNt2pp,b2964,23.0,4.8635,2.834717,18.34995651245117,6.6814027467266985,,112645.641475366,,Metabolic (Core),False,DGSNt2pp,False,6.411952992252379,8.182394064794467,5.772451373363349,6.411952992252379
DGSNtex_num1,b1377,96.2904209055866,,,,,,112645.641475366,,Transport,False,DGSNtex,False,,,,
DGSNtex_num2,b0241,33.2825,,,,,,112645.641475366,,Transport,False,DGSNtex,False,,,,
DGSNtex_num3,b0929,94.8168,,,,,,112645.641475366,,Transport,False,DGSNtex,False,,,,
DGSNtex_num4,b2215,96.2904209055866,,,,,,112645.641475366,,Transport,False,DGSNtex,False,,,,
DGSNtex_reverse_num1,b1377,96.2904209055866,,,,,,112645.641475366,,Transport,False,DGSNtex,True,,,,
DGSNtex_reverse_num2,b0241,33.2825,,,,,,112645.641475366,,Transport,False,DGSNtex,True,,,,
DGSNtex_reverse_num3,b0929,94.8168,,,,,,112645.641475366,,Transport,False,DGSNtex,True,,,,
DGSNtex_reverse_num4,b2215,96.2904209055866,,,,,,112645.641475366,,Transport,False,DGSNtex,True,,,,
DGUNC_num1,b1025,77.65641666666666,,,,,,112645.641475366,,Metabolic (Core),False,DGUNC,False,,,,
DGUNC_num2,b1794,127.45531181646874,,,,,,112645.641475366,,Metabolic (Core),False,DGUNC,False,,,,
DGUNC_num3,b1341,90.65907860738318,,,,,,112645.641475366,,Metabolic (Core),False,DGUNC,False,,,,
DGUNC_num4,b1535,127.45531181646874,,,,,,112645.641475366,,Metabolic (Core),False,DGUNC,False,,,,
DGUNC_num5,b1490,120.42138255624845,,,,,,112645.641475366,,Metabolic (Core),False,DGUNC,False,,,,
DHACOAH,b1393,149.80799644754114,11.7889,18.458553,11.40440845489502,6.193807521275215,309139.95,,309139.95,Metabolic (Core),False,DHACOAH,False,11.134618748344442,11.961417244042558,11.596654227447509,11.134618748344442
DHACOAH_reverse,b1393,149.80799644754114,,,,,309139.95,,309139.95,Metabolic (Reverse),False,DHACOAH,True,,,,
DHAD1,b3771,115.69288473855742,,,,,773580.5034666667,,773580.5034666667,Metabolic (Core),False,DHAD1,False,,,,
DHAD2,b3771,115.69288473855742,,,,,773580.5034666667,,773580.5034666667,Metabolic (Core),False,DHAD2,False,,,,
DHAPT,b2415 and b1198 and b1200 and b2416 and b1199,157.17088698230995,990.1739,0.96225995,24.313825607299805,20.83005914936328,4.833333,,4.833333,Metabolic (Core),True,DHAPT,False,26.356450454357912,259.0700111766658,22.571942378331542,26.356450454357912
DHAtex_num1,b1377,96.2904209055866,,,,,,112645.641475366,,Transport,False,DHAtex,False,,,,
DHAtex_num2,b0241,33.2825,,,,,,112645.641475366,,Transport,False,DHAtex,False,,,,
DHAtex_num3,b0929,94.8168,,,,,,112645.641475366,,Transport,False,DHAtex,False,,,,
DHAtex_num4,b2215,96.2904209055866,,,,,,112645.641475366,,Transport,False,DHAtex,False,,,,
DHAtex_reverse_num1,b1377,96.2904209055866,,,,,,112645.641475366,,Transport,False,DHAtex,True,,,,
DHAtex_reverse_num2,b0241,33.2825,,,,,,112645.641475366,,Transport,False,DHAtex,True,,,,
DHAtex_reverse_num3,b0929,94.8168,,,,,,112645.641475366,,Transport,False,DHAtex,True,,,,
DHAtex_reverse_num4,b2215,96.2904209055866,,,,,,112645.641475366,,Transport,False,DHAtex,True,,,,
DHBD,b0596,130.15983707102805,1.3371,22.618078,70.52777862548828,5.394654847134754,17.339363636363636,,17.339363636363636,Metabolic (Core),False,DHBD,False,10.357045013516155,24.96940286815576,14.006366423567378,10.357045013516155
DHBD_reverse,b0596,130.15983707102805,0.9371,16.934198,50.833126068115234,6.711328636657489,17.339363636363636,,17.339363636363636,Metabolic (Reverse),False,DHBD,True,8.577811016351745,18.85393817619318,11.822763318328743,8.577811016351745
DHBS,b0594,121.20698236312832,20.2094,3.0979056,0.4081344902515411,1.7851135665555418,3.3946,,3.3946,Metabolic (Core),False,DHBS,False,2.598798975336111,6.37513841420177,2.441509583277771,2.598798975336111
DHBSZ3FEabcpp,b0590 and b0588 and b0589 and b0592,97.76404181117316,451.7255,,15.987841606140137,10.748445972610062,,112645.641475366,,Metabolic (Core),True,DHBSZ3FEabcpp,False,42.65828328985652,159.48726252625008,15.987841606140137,16.691775330271607
DHCIND,b2541,130.15983707102805,1.4617,2.5534525,8.802315711975098,5.362124223720834,,,,Metabolic (Core),False,DHCIND,False,3.643174392529141,4.544898108923983,3.957788361860417,3.643174392529141
DHCINDO,b0348,121.23861216232469,193.4656,4.0555944,11.040637016296388,6.024091879393995,22.72,,22.72,Metabolic (Core),False,DHCINDO,False,15.114228964939548,53.646480823922595,8.532364447845191,15.114228964939548
DHCURR,b1449,130.15983707102805,12.9585,,7.277730941772461,7.228125235384933,,112645.641475366,,Metabolic (Core),False,DHCURR,False,8.800867159046893,9.154785392385799,7.277730941772461,5.109684665789063
DHDPRy,b0031,136.47847541820553,3.1621,26.74866,7.331928730010986,5.8218552443149,,,,Metabolic (Core),False,DHDPRy,False,7.751563642689591,10.766135993581472,6.576891987162943,7.751563642689591
DHDPS,b2478,157.17088698230995,0.1622,28.160069,71.10235595703125,10.400376497266745,,112645.641475366,,Metabolic (Core),False,DHDPS,False,7.623499992732088,27.4562503635745,19.28022274863337,7.623499992732088
DHFR_num1,b1606,128.2406734749161,0.407,3.8323946,9.397790908813477,5.265135685472943,13.48375,,13.48375,Metabolic (Core),False,DHFR,False,2.963978121988993,4.7255802985716056,4.548765142736472,2.963978121988993
DHFR_num2,b0048,98.1285542465749,,6.3796163,13.169352531433104,15.77574159368995,13.48375,,13.48375,Metabolic (Core),False,DHFR,False,10.984566493414087,11.77490347504102,13.169352531433104,6.033748329696609
DHFR_reverse_num1,b1606,128.2406734749161,0.8552,2.5588648,5.269486904144287,8.506686674713542,13.48375,,13.48375,Metabolic (Reverse),False,DHFR,True,3.1471029471843726,4.297559594714457,3.9141758520721437,3.1471029471843726
DHFR_reverse_num2,b0048,98.1285542465749,,5.488781,7.480381965637207,4.070050462750973,13.48375,,13.48375,Metabolic (Reverse),False,DHFR,True,5.508074729177229,5.679737809462726,5.488781,3.595421969730643
DHFS,b2315,123.60963225270936,11.4879,33.909748,0.6283745169639587,9.953541531789211,0.4166667,,0.4166667,Metabolic (Core),False,DHFS,False,7.025712136344305,13.994891012188294,10.720720765894605,7.025712136344305
DHGLYH,s0001,,97.931,,,2.3451833249692777,,,,Metabolic (Core),False,DHGLYH,False,15.154740123062696,50.13809166248464,50.13809166248464,3.8929089538624835
DHMPTR,b1606,128.2406734749161,5.7302,,6.773499011993408,4.926265147039378,,112645.641475366,,Metabolic (Core),False,DHMPTR,False,5.76103099491399,5.809988053010929,5.7302,3.7185631294589347
DHNAOT4,b3930,173.42795360893282,275.4998,1.2219136,1.5859248638153076,4.505918121530305,,,,Metabolic (Core),False,DHNAOT4,False,7.003367598406395,70.7033891463364,3.0459214926728064,7.003367598406395
DHNCOAS,b2262,115.69288473855744,4.6201,0.19645996,2.9551761150360107,1.966318786132856,,112645.641475366,,Metabolic (Core),False,DHNCOAS,False,1.5154467507165217,2.4345137152922165,2.4607474505844333,1.5154467507165217
DHNCOAT,b1686,136.71153247522938,2.9489,,2.176095485687256,1.966318786132856,,112645.641475366,,Metabolic (Core),False,DHNCOAT,False,2.328076823220194,2.363771423940037,2.176095485687256,1.8847249530312893
DHNPA2r,b3058,206.75125446366417,,,,,0.0854999999999999,,0.0854999999999999,Metabolic (Core),False,DHNPA2r,False,,,,
DHNPA2r_reverse,b3058,206.75125446366417,179.5767,5.6375146,3.846346855163574,5.158064932037617,0.0854999999999999,,0.0854999999999999,Metabolic (Reverse),False,DHNPA2r,True,11.904693791328015,48.55465659680029,5.397789766018809,11.904693791328015
DHNPTE,b3058,206.75125446366417,,,,,,112645.641475366,,Metabolic (Core),False,DHNPTE,False,,,,
DHNPTE_reverse,b3058,206.75125446366417,,,,,,112645.641475366,,Metabolic (Reverse),False,DHNPTE,True,,,,
DHORD2,b0945,115.69288473855742,11.1639,1.2600801,14.868906021118164,3.151737555549881,,112645.641475366,,Metabolic (Core),False,DHORD2,False,5.067115321926483,7.611155919167012,7.15781877777494,5.067115321926483
DHORD5,b0945,115.69288473855742,14.4413,0.2386193,14.868906021118164,3.151737555549881,,112645.641475366,,Metabolic (Core),False,DHORD5,False,3.5648005006142434,8.175140719167011,8.79651877777494,3.5648005006142434
DHORTS,b1062,129.92752530694554,23.3459,10.133753,48.9123420715332,3.151737555549881,419978.7166666667,,419978.7166666667,Metabolic (Core),False,DHORTS,False,13.819341852910895,21.385933156770772,16.7398265,13.819341852910895
DHORTS_reverse,b1062,129.92752530694554,1.3109,19.194878,72.92851257324219,9.490631515381825,419978.7166666667,,419978.7166666667,Metabolic (Reverse),False,DHORTS,True,11.487799492753336,25.731230522156,14.342754757690912,11.487799492753336
DHPPD,b2541,130.15983707102805,3.9153,8.412065,8.293542861938477,5.700403890135734,,,,Metabolic (Core),False,DHPPD,False,6.2817167024741165,6.580327938018552,6.996973376037105,6.2817167024741165
DHPPDA2,b0414,121.23861216232469,1.4882,1.9142103,15.92905616760254,7.249122480170781,6.166667,,6.166667,Metabolic (Core),False,DHPPDA2,False,4.258744714217158,6.64514723694333,4.581666390085391,4.258744714217158
DHPS2,b3177,121.175352563932,15.3863,1.2745887,1.2198021411895752,10.266892479485463,262778.7623225375,,262778.7623225375,Metabolic (Core),False,DHPS2,False,3.9587508194670353,7.03689583016876,5.770740589742732,3.9587508194670353
DHPStex,b3875,62.99967746920003,,,,,,112645.641475366,,Transport,False,DHPStex,False,,,,
DHPStex_reverse,b3875,62.99967746920003,,,,,,112645.641475366,,Transport,False,DHPStex,True,,,,
DHPStr,b3877,23.0,,,,,,112645.641475366,,Metabolic (Core),False,DHPStr,False,,,,
DHPTDNR,b0578,115.69288473855742,73.4344,7.3582606,3.379480600357056,8.056529141938169,16494.45,,16494.45,Metabolic (Core),False,DHPTDNR,False,11.013317610173763,23.057167585573804,7.707394870969084,11.013317610173763
DHPTDNRN,b0578,115.69288473855742,2.8016,7.3582606,4.5512871742248535,8.056529141938169,16494.45,,16494.45,Metabolic (Core),False,DHPTDNRN,False,5.24343488043247,5.691919229040756,5.954773887112427,5.24343488043247
DHPTPE,b2303,125.92515286381274,,,,,,,,Metabolic (Core),False,DHPTPE,False,,,,
DHPTPE_reverse,b2303,125.92515286381274,,,,,,,,Metabolic (Reverse),False,DHPTPE,True,,,,
DHQS,b3389,125.92515286381274,,,,,16.0,,16.0,Metabolic (Core),False,DHQS,False,,,,
DHQTi,b1693,158.9366175174943,,,,,29.53,,29.53,Metabolic (Core),False,DHQTi,False,,,,
DIMPtex_num1,b1377,96.2904209055866,,,,,,112645.641475366,,Transport,False,DIMPtex,False,,,,
DIMPtex_num2,b0241,33.2825,,,,,,112645.641475366,,Transport,False,DIMPtex,False,,,,
DIMPtex_num3,b0929,94.8168,,,,,,112645.641475366,,Transport,False,DIMPtex,False,,,,
DIMPtex_num4,b2215,96.2904209055866,,,,,,112645.641475366,,Transport,False,DIMPtex,False,,,,
DIMPtex_reverse_num1,b1377,96.2904209055866,,,,,,112645.641475366,,Transport,False,DIMPtex,True,,,,
DIMPtex_reverse_num2,b0241,33.2825,,,,,,112645.641475366,,Transport,False,DIMPtex,True,,,,
DIMPtex_reverse_num3,b0929,94.8168,,,,,,112645.641475366,,Transport,False,DIMPtex,True,,,,
DIMPtex_reverse_num4,b2215,96.2904209055866,,,,,,112645.641475366,,Transport,False,DIMPtex,True,,,,
DINSt2pp,b2964,23.0,6.7589,2.9477458,18.34995651245117,3.5613761147405705,,112645.641475366,,Metabolic (Core),False,DINSt2pp,False,6.00695990035782,7.904494606797935,5.160138057370285,6.00695990035782
DINStex_num1,b1377,96.2904209055866,,,,,,112645.641475366,,Transport,False,DINStex,False,,,,
DINStex_num2,b0241,33.2825,,,,,,112645.641475366,,Transport,False,DINStex,False,,,,
DINStex_num3,b0929,94.8168,,,,,,112645.641475366,,Transport,False,DINStex,False,,,,
DINStex_num4,b2215,96.2904209055866,,,,,,112645.641475366,,Transport,False,DINStex,False,,,,
DINStex_reverse_num1,b1377,96.2904209055866,,,,,,112645.641475366,,Transport,False,DINStex,True,,,,
DINStex_reverse_num2,b0241,33.2825,,,,,,112645.641475366,,Transport,False,DINStex,True,,,,
DINStex_reverse_num3,b0929,94.8168,,,,,,112645.641475366,,Transport,False,DINStex,True,,,,
DINStex_reverse_num4,b2215,96.2904209055866,,,,,,112645.641475366,,Transport,False,DINStex,True,,,,
DKGLCNR1_num1,b3012,225.0,1.4287,4.543095,6.447371959686279,8.735721749952106,,112645.641475366,,Metabolic (Core),False,DKGLCNR1,False,4.372638712431095,5.288722177409596,5.49523347984314,4.372638712431095
DKGLCNR1_num2,b0207,175.1936841441172,,2.8324168,17.715532302856445,20.83005914936328,,112645.641475366,,Metabolic (Core),False,DKGLCNR1,False,10.148471202314546,13.792669417406577,17.715532302856445,5.685916371111932
DKGLCNR2x,b3553,124.73964281862038,101.3348,18.48211,18.727081298828125,20.83005914936328,,112645.641475366,,Metabolic (Core),False,DKGLCNR2x,False,29.23598235574543,39.84351261204785,19.778570224095702,29.23598235574543
DKGLCNR2y,b3553,124.73964281862038,69.2879,18.48211,20.743064880371094,9.874735015362448,40.7,,40.7,Metabolic (Core),False,DKGLCNR2y,False,22.630900302097814,29.59695247393338,19.612587440185546,22.630900302097814
DMATT,b0421,97.76404181117316,3.7618,14.597998,1.2232874631881714,1.633459240968726,,0.7394000000000001,,Metabolic (Core),False,DMATT,False,3.236543565779164,5.304136176039225,2.697629620484363,3.236543565779164
DMPPS,b0029,115.69288473855748,1.2496,1.3727145,29.3155460357666,6.47591517554057,,2.64,,Metabolic (Core),False,DMPPS,False,4.2480301873277275,9.603443927826794,3.924314837770285,4.2480301873277275
DMQMT,b2232,118.43411865124476,118.2403,0.06796339,0.4847383797168731,1.122388381894457,,,,Metabolic (Core),False,DMQMT,False,1.4460149445230672,29.978847537902833,0.8035633808056651,1.4460149445230672
DMSOR1_num1,b1588 and b1589 and b1590 and b1587,149.80799644754114,110.9087,6.857721,10.097379684448242,83.54885239895054,,112645.641475366,,Metabolic (Core),True,DMSOR1,False,28.302425166177038,52.85316327084969,46.82311604169939,28.302425166177038
DMSOR1_num2,b0896 and b0895 and b0894,143.25976446138526,98.6041,9.409205,33.09517288208008,8.578554053307505,,112645.641475366,,Metabolic (Core),True,DMSOR1,False,22.654613776703165,37.421757983846895,21.25218894104004,22.654613776703165
DMSOR1pp,b1872 and b1873,155.2551722501099,59.0534,4.7012305,10.40248680114746,83.54885239895054,,112645.641475366,,Metabolic (Core),True,DMSOR1pp,False,22.163254253540416,39.426492425024506,34.72794340057373,22.163254253540416
DMSOR2,b0896 and b0895 and b0894,143.25976446138526,12.0468,79.65911,34.095191955566406,83.54885239895054,,112645.641475366,,Metabolic (Core),True,DMSOR2,False,40.66166843941698,52.33748858862924,56.8771509777832,40.66166843941698
DMSOR2pp,b1872 and b1873,155.2551722501099,12.6686,58.66869,10.097379684448242,21.4777863867725,,112645.641475366,,Metabolic (Core),True,DMSOR2pp,False,20.037028004083055,25.728114017805183,17.07319319338625,20.037028004083055
DMSOtex_num1,b1377,96.2904209055866,,,,,,112645.641475366,,Transport,False,DMSOtex,False,,,,
DMSOtex_num2,b0241,33.2825,,,,,,112645.641475366,,Transport,False,DMSOtex,False,,,,
DMSOtex_num3,b0929,94.8168,,,,,,112645.641475366,,Transport,False,DMSOtex,False,,,,
DMSOtex_num4,b2215,96.2904209055866,,,,,,112645.641475366,,Transport,False,DMSOtex,False,,,,
DMSOtex_reverse_num1,b1377,96.2904209055866,,,,,,112645.641475366,,Transport,False,DMSOtex,True,,,,
DMSOtex_reverse_num2,b0241,33.2825,,,,,,112645.641475366,,Transport,False,DMSOtex,True,,,,
DMSOtex_reverse_num3,b0929,94.8168,,,,,,112645.641475366,,Transport,False,DMSOtex,True,,,,
DMSOtex_reverse_num4,b2215,96.2904209055866,,,,,,112645.641475366,,Transport,False,DMSOtex,True,,,,
DMStex_num1,b1377,96.2904209055866,,,,,,112645.641475366,,Transport,False,DMStex,False,,,,
DMStex_num2,b0241,33.2825,,,,,,112645.641475366,,Transport,False,DMStex,False,,,,
DMStex_num3,b0929,94.8168,,,,,,112645.641475366,,Transport,False,DMStex,False,,,,
DMStex_num4,b2215,96.2904209055866,,,,,,112645.641475366,,Transport,False,DMStex,False,,,,
DMStex_reverse_num1,b1377,96.2904209055866,,,,,,112645.641475366,,Transport,False,DMStex,True,,,,
DMStex_reverse_num2,b0241,33.2825,,,,,,112645.641475366,,Transport,False,DMStex,True,,,,
DMStex_reverse_num3,b0929,94.8168,,,,,,112645.641475366,,Transport,False,DMStex,True,,,,
DMStex_reverse_num4,b2215,96.2904209055866,,,,,,112645.641475366,,Transport,False,DMStex,True,,,,
DNTPPA_num1,b1865,152.5584987702834,1781.1927,3.6479468,4.051626682281494,45.25391345988196,8.094999999999999,,8.094999999999999,Metabolic (Core),False,DNTPPA,False,33.03780928416443,458.53654673554087,24.652770071081726,33.03780928416443
DNTPPA_num2,b0099,121.175352563932,,0.36238328,2.661191940307617,27.087904356049105,8.094999999999999,,8.094999999999999,Metabolic (Core),False,DNTPPA,False,2.9671528520502504,10.037159858785573,2.661191940307617,2.2607624937952426
DOGULNR,b3575,125.69922461667636,0.4371,10.406105,10.158205032348633,11.511948751651577,,,,Metabolic (Core),False,DOGULNR,False,4.802404176355059,8.128339696000051,10.282155016174316,4.802404176355059
DOPAtex_num1,b1377,96.2904209055866,,,,,,112645.641475366,,Transport,False,DOPAtex,False,,,,
DOPAtex_num2,b0241,33.2825,,,,,,112645.641475366,,Transport,False,DOPAtex,False,,,,
DOPAtex_num3,b0929,94.8168,,,,,,112645.641475366,,Transport,False,DOPAtex,False,,,,
DOPAtex_num4,b2215,96.2904209055866,,,,,,112645.641475366,,Transport,False,DOPAtex,False,,,,
DOPAtex_reverse_num1,b1377,96.2904209055866,,,,,,112645.641475366,,Transport,False,DOPAtex,True,,,,
DOPAtex_reverse_num2,b0241,33.2825,,,,,,112645.641475366,,Transport,False,DOPAtex,True,,,,
DOPAtex_reverse_num3,b0929,94.8168,,,,,,112645.641475366,,Transport,False,DOPAtex,True,,,,
DOPAtex_reverse_num4,b2215,96.2904209055866,,,,,,112645.641475366,,Transport,False,DOPAtex,True,,,,
DOXRBCNtex_num1,b1377,96.2904209055866,,,,,,112645.641475366,,Transport,False,DOXRBCNtex,False,,,,
DOXRBCNtex_num2,b0929,94.8168,,,,,,112645.641475366,,Transport,False,DOXRBCNtex,False,,,,
DOXRBCNtex_num3,b2215,96.2904209055866,,,,,,112645.641475366,,Transport,False,DOXRBCNtex,False,,,,
DOXRBCNtex_num4,b0241,33.2825,,,,,,112645.641475366,,Transport,False,DOXRBCNtex,False,,,,
DOXRBCNtex_reverse_num1,b1377,96.2904209055866,,,,,,112645.641475366,,Transport,False,DOXRBCNtex,True,,,,
DOXRBCNtex_reverse_num2,b0929,94.8168,,,,,,112645.641475366,,Transport,False,DOXRBCNtex,True,,,,
DOXRBCNtex_reverse_num3,b2215,96.2904209055866,,,,,,112645.641475366,,Transport,False,DOXRBCNtex,True,,,,
DOXRBCNtex_reverse_num4,b0241,33.2825,,,,,,112645.641475366,,Transport,False,DOXRBCNtex,True,,,,
DOXRBCNtpp_num1,b3035 and b0463 and b0462,97.76404181117316,7.7383,7.353219,42.18484115600586,13.944294938310186,,112645.641475366,,Transport,True,DOXRBCNtpp,False,13.525988391231335,17.80516377357901,10.841297469155093,13.525988391231335
DOXRBCNtpp_num2,b3035 and b0463 and b2470,149.80799644754114,,11.09623,42.18484115600586,10.397610637812583,,112645.641475366,,Transport,True,DOXRBCNtpp,False,16.94682999723768,21.22622726460615,11.09623,8.352497505895329
DPCOAK,b0103,121.23861216232469,0.018,3.383381,4.167760848999023,3.302025687956403,4.01,,4.01,Metabolic (Core),False,DPCOAK,False,0.9568121077479502,2.7177918842388564,3.3427033439782017,0.9568121077479502
DPR_num1,b0425,128.2406734749161,0.0276,5.50396,17.91905403137207,7.228125235384933,,25.0,,Metabolic (Core),False,DPR,False,2.106111088525052,7.669684816689251,6.366042617692466,2.106111088525052
DPR_num2,b3774,120.7983675600902,,0.16884156,4.42157506942749,2.8363915906752744,,25.0,,Metabolic (Core),False,DPR,False,1.2841256354535386,2.4756027400342546,2.8363915906752744,1.2063008588454058
DRPA,b4381,133.20262771610487,,,,,201.3333333333333,,201.3333333333333,Metabolic (Core),False,DRPA,False,,,,
DSBAO1,b1185 and b3860,149.80799644754114,2.5788,,33.53900909423828,10.241854526086245,,112645.641475366,,Metabolic (Core),True,DSBAO1,False,9.60392656365535,15.453221206774842,10.241854526086245,5.455525912646709
DSBAO2,b1185 and b3860,149.80799644754114,449.1425,0.84120315,32.55530548095703,6.2187170414927255,,112645.641475366,,Metabolic (Core),True,DSBAO2,False,16.630369681641476,122.18943141811243,19.387011261224878,16.630369681641476
DSBCGT,b2893,220.78740210220096,11.6622,2.951009,1.7689850330352783,8.43613726810059,,112645.641475366,,Metabolic (Core),False,DSBCGT,False,4.760523395301026,6.204582825283968,5.693573134050295,4.760523395301026
DSBDR_num1,b2582 and b4136,152.5584987702834,6.9169,,13.600318908691406,6.2187170414927255,,112645.641475366,,Metabolic (Core),True,DSBDR,False,8.36348203732718,8.911978650061377,6.9169,4.918020632146503
DSBDR_num2,b3781 and b4136,151.18324760891227,,,13.600318908691406,7.672849549603623,,112645.641475366,,Metabolic (Core),True,DSBDR,False,10.215341443780448,10.636584229147514,10.636584229147514,3.196144778288438
DSBGGT,b0604,214.28495551476465,15.9863,1.0502441,5.983883857727051,1.8475007064465976,,112645.641475366,,Metabolic (Core),False,DSBGGT,False,3.6910633108817037,6.216982166043413,3.915692282086824,3.6910633108817037
DSERDHr,b1539,149.80799644754114,2.8366,3.5641356,3.754506826400757,3.134866797478028,,112645.641475366,,Metabolic (Core),False,DSERDHr,False,3.302790881596097,3.3225273059696967,3.349501198739014,3.302790881596097
DSERDHr_reverse,b1539,149.80799644754114,26.6302,5.2936025,5.329183578491211,8.135649937618254,,112645.641475366,,Metabolic (Reverse),False,DSERDHr,True,8.841881136999671,11.347159004027366,6.7324167580547325,8.841881136999671
DSERt2pp,b4208,23.0,0.6998,6.1133595,36.413177490234375,4.685826033894374,,112645.641475366,,Metabolic (Core),False,DSERt2pp,False,5.197860899907042,11.978040756032186,5.399592766947187,5.197860899907042
DSERtex_num1,b1377,96.2904209055866,,,,,,112645.641475366,,Transport,False,DSERtex,False,,,,
DSERtex_num2,b0241,33.2825,,,,,,112645.641475366,,Transport,False,DSERtex,False,,,,
DSERtex_num3,b0929,94.8168,,,,,,112645.641475366,,Transport,False,DSERtex,False,,,,
DSERtex_num4,b2215,96.2904209055866,,,,,,112645.641475366,,Transport,False,DSERtex,False,,,,
DSERtex_reverse_num1,b1377,96.2904209055866,,,,,,112645.641475366,,Transport,False,DSERtex,True,,,,
DSERtex_reverse_num2,b0241,33.2825,,,,,,112645.641475366,,Transport,False,DSERtex,True,,,,
DSERtex_reverse_num3,b0929,94.8168,,,,,,112645.641475366,,Transport,False,DSERtex,True,,,,
DSERtex_reverse_num4,b2215,96.2904209055866,,,,,,112645.641475366,,Transport,False,DSERtex,True,,,,
DTARTD,b4122,120.7983675600902,,,,,,13.55,,Metabolic (Core),False,DTARTD,False,,,,
DTMPK,b1098,98.38247749906569,,,,,10.5,,10.5,Metabolic (Core),False,DTMPK,False,,,,
DTMPK_reverse,b1098,98.38247749906569,,,,,10.5,,10.5,Metabolic (Reverse),False,DTMPK,True,,,,
DTMPtex_num1,b1377,96.2904209055866,,,,,,112645.641475366,,Transport,False,DTMPtex,False,,,,
DTMPtex_num2,b0241,33.2825,,,,,,112645.641475366,,Transport,False,DTMPtex,False,,,,
DTMPtex_num3,b0929,94.8168,,,,,,112645.641475366,,Transport,False,DTMPtex,False,,,,
DTMPtex_num4,b2215,96.2904209055866,,,,,,112645.641475366,,Transport,False,DTMPtex,False,,,,
DTMPtex_reverse_num1,b1377,96.2904209055866,,,,,,112645.641475366,,Transport,False,DTMPtex,True,,,,
DTMPtex_reverse_num2,b0241,33.2825,,,,,,112645.641475366,,Transport,False,DTMPtex,True,,,,
DTMPtex_reverse_num3,b0929,94.8168,,,,,,112645.641475366,,Transport,False,DTMPtex,True,,,,
DTMPtex_reverse_num4,b2215,96.2904209055866,,,,,,112645.641475366,,Transport,False,DTMPtex,True,,,,
DUMPtex_num1,b1377,96.2904209055866,,,,,,112645.641475366,,Transport,False,DUMPtex,False,,,,
DUMPtex_num2,b0241,33.2825,,,,,,112645.641475366,,Transport,False,DUMPtex,False,,,,
DUMPtex_num3,b0929,94.8168,,,,,,112645.641475366,,Transport,False,DUMPtex,False,,,,
DUMPtex_num4,b2215,96.2904209055866,,,,,,112645.641475366,,Transport,False,DUMPtex,False,,,,
DUMPtex_reverse_num1,b1377,96.2904209055866,,,,,,112645.641475366,,Transport,False,DUMPtex,True,,,,
DUMPtex_reverse_num2,b0241,33.2825,,,,,,112645.641475366,,Transport,False,DUMPtex,True,,,,
DUMPtex_reverse_num3,b0929,94.8168,,,,,,112645.641475366,,Transport,False,DUMPtex,True,,,,
DUMPtex_reverse_num4,b2215,96.2904209055866,,,,,,112645.641475366,,Transport,False,DUMPtex,True,,,,
DURADx,b2147 and b2146,136.71153247522938,19.9399,3.4181645,8.979243278503418,3.709008719383553,0.65,,0.65,Metabolic (Core),True,DURADx,False,6.902451789648915,9.011579124471742,6.344125998943485,6.902451789648915
DURADx_reverse,b2147 and b2146,136.71153247522938,47.8523,5.2292895,9.530081748962402,1.093068402983836,0.65,,0.65,Metabolic (Reverse),True,DURADx,True,7.145331253085887,15.92618491298656,7.379685624481201,7.145331253085887
DURIK1,b1238,121.20698236312832,5.5344,1.0135728,12.070002555847168,2.458310668233155,565626.46,,565626.46,Metabolic (Core),False,DURIK1,False,3.591843493447701,5.269071506020081,3.9963553341165774,3.591843493447701
DURIPP_num1,b4382,117.63095515668913,0.0271,1.0686511,129.58273315429688,3.5613761147405705,50.61333333333334,,50.61333333333334,Metabolic (Core),False,DURIPP,False,1.9120205310836924,33.55996509225936,2.315013607370285,1.9120205310836924
DURIPP_num2,b4384,97.76404181117316,4.1056,3.0771592,145.29734802246094,8.645785370246568,50.61333333333334,,50.61333333333334,Metabolic (Core),False,DURIPP,False,11.22398776132304,40.28147314817687,6.375692685123283,11.22398776132304
DURIPP_reverse_num1,b4382,117.63095515668913,68.3417,8.382589,105.02223205566406,2.601245076718941,50.61333333333334,,50.61333333333334,Metabolic (Reverse),False,DURIPP,True,19.889854976911543,46.086941533095754,38.3621445,19.889854976911543
DURIPP_reverse_num2,b4384,97.76404181117316,,9.942878,87.59383392333984,6.114933958500958,50.61333333333334,,50.61333333333334,Metabolic (Reverse),False,DURIPP,True,17.463279530938998,34.55054862728027,9.942878,8.542684245728777
DURIt2pp_num1,b2393,33.2825,0.17,3.038913,13.50819969177246,19.340076933523704,,112645.641475366,,Metabolic (Core),False,DURIt2pp,False,3.4084404796519805,9.01429740632404,8.27355634588623,3.4084404796519805
DURIt2pp_num2,b2964,23.0,,6.0363045,18.34995651245117,1.2556971297984412,,112645.641475366,,Metabolic (Core),False,DURIt2pp,False,5.18120003938296,8.54731938074987,6.0363045,3.4341777500920476
DURItex,b0411,179.45385264683853,,,,,,112645.641475366,,Transport,False,DURItex,False,,,,
DURItex_reverse,b0411,179.45385264683853,,,,,,112645.641475366,,Transport,False,DURItex,True,,,,
DUTPDP_num1,b3640,97.76404181117316,,,,,,20.28,,Metabolic (Core),False,DUTPDP,False,,,,
DUTPDP_num2,b2251,187.810552,,,,,,20.28,,Metabolic (Core),False,DUTPDP,False,,,,
DXPRIi,b0173,136.47847541820553,0.2064,1.7168764,2.32212233543396,1.753423246287524,1931.7574444444444,,1931.7574444444444,Metabolic (Core),False,DXPRIi,False,1.0959863491319086,1.499705495430371,1.735149823143762,1.0959863491319086
DXPS,b0420,98.38247749906569,15.6088,0.78809994,0.96130633354187,6.114933958500958,2.6,,2.6,Metabolic (Core),False,DXPS,False,2.9160911593618684,5.8682850580107075,3.5381201460214142,2.9160911593618684
DXYLK,b3564,163.56417402633934,0.2863,127.91162,83.76203155517578,4.126232577709164,,,,Metabolic (Core),False,DXYLK,False,10.606767842709584,54.02154603322124,43.94413206644247,10.606767842709584
DXYLONtex_num1,b0929,94.8168,,,,,,112645.641475366,,Transport,False,DXYLONtex,False,,,,
DXYLONtex_num2,b1377,96.2904209055866,,,,,,112645.641475366,,Transport,False,DXYLONtex,False,,,,
DXYLONtex_num3,b2215,96.2904209055866,,,,,,112645.641475366,,Transport,False,DXYLONtex,False,,,,
DXYLONtex_reverse_num1,b0929,94.8168,,,,,,112645.641475366,,Transport,False,DXYLONtex,True,,,,
DXYLONtex_reverse_num2,b1377,96.2904209055866,,,,,,112645.641475366,,Transport,False,DXYLONtex,True,,,,
DXYLONtex_reverse_num3,b2215,96.2904209055866,,,,,,112645.641475366,,Transport,False,DXYLONtex,True,,,,
DXYLTD_num1,b0269,137.37750142279987,,,,,,112645.641475366,,Metabolic (Core),False,DXYLTD,False,,,,
DXYLTD_num2,b4297,133.20262771610487,,,,,,112645.641475366,,Metabolic (Core),False,DXYLTD,False,,,,
D_LACt2pp_num1,b3603,23.0,0.3806,19.705345,10.147160530090332,1.4512741922385004,,112645.641475366,,Metabolic (Core),False,D_LACt2pp,False,3.241803654871851,7.921094930582209,5.799217361164416,3.241803654871851
D_LACt2pp_num2,b2975,23.0,,13.445966,11.09506893157959,1.7851135665555418,,112645.641475366,,Metabolic (Core),False,D_LACt2pp,False,6.433726891298516,8.77538283271171,11.09506893157959,4.039680017061579
D_LACt2pp_reverse_num1,b3603,23.0,1.1312,19.705345,10.147160530090332,3.5556925393700345,,112645.641475366,,Metabolic (Reverse),False,D_LACt2pp,True,5.325348606622028,8.634849517365092,6.851426534730184,5.325348606622028
D_LACt2pp_reverse_num2,b2975,23.0,,13.445966,11.09506893157959,3.653492800559781,,112645.641475366,,Metabolic (Reverse),False,D_LACt2pp,True,8.1685208728879,9.398175910713123,11.09506893157959,4.831784622971212
D_LACtex_num1,b1377,96.2904209055866,,,,,,112645.641475366,,Transport,False,D_LACtex,False,,,,
D_LACtex_num2,b0241,33.2825,,,,,,112645.641475366,,Transport,False,D_LACtex,False,,,,
D_LACtex_num3,b0929,94.8168,,,,,,112645.641475366,,Transport,False,D_LACtex,False,,,,
D_LACtex_num4,b2215,96.2904209055866,,,,,,112645.641475366,,Transport,False,D_LACtex,False,,,,
D_LACtex_reverse_num1,b1377,96.2904209055866,,,,,,112645.641475366,,Transport,False,D_LACtex,True,,,,
D_LACtex_reverse_num2,b0241,33.2825,,,,,,112645.641475366,,Transport,False,D_LACtex,True,,,,
D_LACtex_reverse_num3,b0929,94.8168,,,,,,112645.641475366,,Transport,False,D_LACtex,True,,,,
D_LACtex_reverse_num4,b2215,96.2904209055866,,,,,,112645.641475366,,Transport,False,D_LACtex,True,,,,
E4PD_num1,b2927,136.2454183611817,22.5466,3.1519585,26.33974838256836,5.871081732760222,65.0,,65.0,Metabolic (Core),False,E4PD,False,10.238770884052274,14.477347153832147,14.208840866380111,10.238770884052274
E4PD_num2,b1779,115.69288473855742,,3.3870716,32.20695877075195,2.30758992115931,65.0,,65.0,Metabolic (Core),False,E4PD,False,6.314092055991457,12.633873430637088,3.3870716,3.9832098023624125
E4PP_num1,b3826,173.42795360893282,11.709,3.666865,18.896074295043945,2.1399154825398017,,112645.641475366,,Metabolic (Core),False,E4PP,False,6.4549923808393235,9.102963694395935,7.6879325,6.4549923808393235
E4PP_num2,b2293,157.17088698230995,,3.3737736,6.748026847839356,229.50963769458312,,112645.641475366,,Metabolic (Core),False,E4PP,False,17.35259996258784,79.87714604747416,6.748026847839356,8.502045330671539
E4PP_num3,b0822,173.42795360893282,,3.164069,7.112557888031006,7.677154914011056,,112645.641475366,,Metabolic (Core),False,E4PP,False,5.569600197227924,5.984593934014021,7.112557888031006,3.625500889282315
E4PP_num4,b2690,189.6850202355557,,5.168742,3.910143613815308,6.046301810920078,,112645.641475366,,Metabolic (Core),False,E4PP,False,4.962369837652419,5.041729141578462,5.168742,3.324810108863281
E4PP_num5,b1727,149.80799644754114,,0.76328886,5.092029571533203,6.114933958500958,,112645.641475366,,Metabolic (Core),False,E4PP,False,2.8751281317675694,3.9900841300113874,5.092029571533203,2.207968651492956
EAR100x,b1288,121.20698236312832,16.5577,,15.919736862182615,1.293361615295519,,,,Metabolic (Core),False,EAR100x,False,6.985839777962583,11.256932825826043,15.919736862182615,4.296986265733139
EAR100y,b1288,121.20698236312832,2.7871,,9.801222801208496,19.72473687581858,,,,Metabolic (Core),False,EAR100y,False,8.137319042098321,10.771019892342359,9.801222801208496,4.817935791545414
EAR120x,b1288,121.20698236312832,13.4225,,15.919736862182615,1.4106550467295935,,,,Metabolic (Core),False,EAR120x,False,6.704967979889484,10.250963969637404,13.4225,4.166750835157153
EAR120y,b1288,121.20698236312832,0.2816,,9.801222801208496,4.505918121530305,,,,Metabolic (Core),False,EAR120y,False,2.3168543682557643,4.862913640912933,4.505918121530305,1.8779068753600308
EAR121x,b1288,121.20698236312832,7.2871,,15.919736862182615,3.5590811542674947,16.7125,,16.7125,Metabolic (Core),False,EAR121x,False,7.446339534541889,8.921972672150037,7.2871,4.507722019697349
EAR121y,b1288,121.20698236312832,3.678,,9.801222801208496,17.527193281992982,1682.9856000000002,,1682.9856000000002,Metabolic (Core),False,EAR121y,False,8.580938462822877,10.335472027733827,9.801222801208496,5.0136162650177205
EAR140x,b1288,121.20698236312832,4.7358,,15.919736862182615,3.439238981203919,,,,Metabolic (Core),False,EAR140x,False,6.376717796360879,8.03159194779551,4.7358,4.012803542234378
EAR140y,b1288,121.20698236312832,7.5212,,9.801222801208496,5.983132975696,,,,Metabolic (Core),False,EAR140y,False,7.6119983372173925,7.7685185923015,7.5212,4.582727286235013
EAR141x,b1288,121.20698236312832,0.754,,15.919736862182615,1.873480710504212,16.7125,,16.7125,Metabolic (Core),False,EAR141x,False,2.8226182959506922,6.182405857562276,1.873480710504212,2.1776551876806542
EAR141y,b1288,121.20698236312832,9.6309,,9.801222801208496,4.91721766726643,1682.9856000000002,,1682.9856000000002,Metabolic (Core),False,EAR141y,False,7.742636243583338,8.116446822824976,9.6309,4.641588571385807
EAR160x,b1288,121.20698236312832,0.571,,15.919736862182615,1.6112372980239649,16.7125,,16.7125,Metabolic (Core),False,EAR160x,False,2.4466799702537165,6.033991386735527,1.6112372980239649,1.956288378531798
EAR160y,b1288,121.20698236312832,6.934,,9.801222801208496,6.56699517354574,1682.9856000000002,,1682.9856000000002,Metabolic (Core),False,EAR160y,False,7.6420568718934945,7.767405991584745,6.934,4.596292927461643
EAR161x,b1288,121.20698236312832,9.4467,,15.919736862182615,5.770734385026743,16.7125,,16.7125,Metabolic (Core),False,EAR161x,False,9.538550087962395,10.37905708240312,9.4467,5.4276492358674115
EAR161y,b1288,121.20698236312832,41.3169,,9.801222801208496,6.960383956781024,1682.9856000000002,,1682.9856000000002,Metabolic (Core),False,EAR161y,False,14.125821998597612,19.359502252663173,9.801222801208496,7.286354500657369
EAR180x,b1288,121.20698236312832,5.7654,,15.919736862182615,2.0397498220766908,16.7125,,16.7125,Metabolic (Core),False,EAR180x,False,5.720676782720623,7.908295561419769,5.7654,3.69901044945756
EAR180y,b1288,121.20698236312832,0.1352,,9.801222801208496,3.538650180101298,1682.9856000000002,,1682.9856000000002,Metabolic (Core),False,EAR180y,False,1.673779309548118,4.491690993769931,3.538650180101298,1.471545334950541
EAR181x,b1288,121.20698236312832,6.2521,,15.919736862182615,5.717953119838133,16.7125,,16.7125,Metabolic (Core),False,EAR181x,False,8.287065987991394,9.296596660673583,6.2521,4.884280507174648
EAR181y,b1288,121.20698236312832,0.4159,,9.801222801208496,2.410330339395014,1682.9856000000002,,1682.9856000000002,Metabolic (Core),False,EAR181y,False,2.141814806126604,4.209151046867837,2.410330339395014,1.7704612970324702
EAR40x,b1288,121.20698236312832,3.213,,15.919736862182615,3.415844385652026,,,,Metabolic (Core),False,EAR40x,False,5.590468816608359,7.516193749278213,3.415844385652026,3.6356843604806452
EAR40y,b1288,121.20698236312832,2.0821,,9.801222801208496,4.505918121530305,,,,Metabolic (Core),False,EAR40y,False,4.5135859181404685,5.4630803075796,4.505918121530305,3.096644035947151
EAR60x,b1288,121.20698236312832,2.5638,,15.919736862182615,3.0093781451933763,,,,Metabolic (Core),False,EAR60x,False,4.97086837664871,7.164305002458664,3.0093781451933763,3.3290797398113527
EAR60y,b1288,121.20698236312832,5.1431,,9.801222801208496,5.770470497209467,,,,Metabolic (Core),False,EAR60y,False,6.625807565144668,6.9049310994726545,5.770470497209467,4.129800892662946
EAR80x,b1288,121.20698236312832,1.9301,,15.919736862182615,4.691640996592274,,,,Metabolic (Core),False,EAR80x,False,5.243406033153298,7.513825952924964,4.691640996592274,3.465054877306607
EAR80y,b1288,121.20698236312832,12.6453,,9.801222801208496,4.505918121530305,,,,Metabolic (Core),False,EAR80y,False,8.235011908169328,8.984146974246267,9.801222801208496,4.861252434350903
ECA4COLIPAabctex,b0054 and b3201 and b4261 and b4262 and b3199 and b3200 and b0641,101.0,60.1814,,7.871926307678223,33.81246352611123,,112645.641475366,,Transport,True,ECA4COLIPAabctex,False,25.20809576864909,33.95526327792982,33.81246352611123,11.250064958117797
ECA4OALpp,b3622,67.225,1.47,0.50385636,2.5674426555633545,2.139933895127523,,112645.641475366,,Metabolic (Core),False,ECA4OALpp,False,1.4203039583473827,1.6703082276727192,1.8049669475637615,1.4203039583473827
ECAP1pp,b3785 and b3793 and b3792,152.5584987702834,,,,,,112645.641475366,,Metabolic (Core),True,ECAP1pp,False,,,,
ECAP2pp,b3785 and b3793 and b3792,152.5584987702834,57.3143,1.1656008,3.1622774600982666,1.607791776275416,,112645.641475366,,Metabolic (Core),True,ECAP2pp,False,4.2929976547246325,15.81249250909342,2.3850346181868414,4.2929976547246325
ECAP3pp,b3785 and b3793 and b3792,152.5584987702834,74.4945,1.1656008,3.257830142974853,20.11160625906284,,112645.641475366,,Metabolic (Core),True,ECAP3pp,False,8.684849768868276,24.757384300509425,11.684718201018846,8.684849768868276
ECAtpp,b3792,189.6850202355557,,,,,,112645.641475366,,Transport,False,ECAtpp,False,,,,
ECOAH1_num1,b2341,133.20262771610487,,,,,,929.4083333333332,,Metabolic (Core),False,ECOAH1,False,,,,
ECOAH1_num2,b3846,120.42138255624845,,,,,,929.4083333333332,,Metabolic (Core),False,ECOAH1,False,,,,
ECOAH1_reverse_num1,b2341,133.20262771610487,16.2094,7.458278,40.42369842529297,5.170673151611213,,929.4083333333332,,Metabolic (Reverse),False,ECOAH1,True,12.608027851124033,17.315512394226044,11.833839,12.608027851124033
ECOAH1_reverse_num2,b3846,120.42138255624845,,12.703595,46.278018951416016,3.520606330975931,,929.4083333333332,,Metabolic (Reverse),False,ECOAH1,True,12.744015420406539,20.83407342746398,12.703595,6.7449652451640825
ECOAH2_num1,b2341,133.20262771610487,,,,,,1111.9,,Metabolic (Core),False,ECOAH2,False,,,,
ECOAH2_num2,b3846,120.42138255624845,,,,,,1111.9,,Metabolic (Core),False,ECOAH2,False,,,,
ECOAH2_reverse_num1,b2341,133.20262771610487,1.3156,12.019148,42.90353012084961,33.66240634310002,,1111.9,,Metabolic (Reverse),False,ECOAH2,True,12.293029770524166,22.475171115987408,22.84077717155001,12.293029770524166
ECOAH2_reverse_num2,b3846,120.42138255624845,,21.499529,47.67637634277344,4.810772528691261,,1111.9,,Metabolic (Reverse),False,ECOAH2,True,17.020892773047514,24.6622259571549,21.499529,8.379859783628664
ECOAH3_num1,b2341,133.20262771610487,,,,,,1111.9,,Metabolic (Core),False,ECOAH3,False,,,,
ECOAH3_num2,b3846,120.42138255624845,,,,,,1111.9,,Metabolic (Core),False,ECOAH3,False,,,,
ECOAH3_reverse_num1,b2341,133.20262771610487,22.7023,5.6552944,48.32890701293945,32.94228372318428,,1111.9,,Metabolic (Reverse),False,ECOAH3,True,21.262848181811037,27.40719628403093,27.82229186159214,21.262848181811037
ECOAH3_reverse_num2,b3846,120.42138255624845,,9.356746,49.11698913574219,3.520606330975931,,1111.9,,Metabolic (Reverse),False,ECOAH3,True,11.739727443531605,20.66478048890604,9.356746,6.342252241840352
ECOAH4_num1,b2341,133.20262771610487,,,,,,1111.9,,Metabolic (Core),False,ECOAH4,False,,,,
ECOAH4_num2,b3846,120.42138255624845,,,,,,1111.9,,Metabolic (Core),False,ECOAH4,False,,,,
ECOAH4_reverse_num1,b2341,133.20262771610487,1.1533,5.791659,48.32890701293945,7.494230452223806,,1111.9,,Metabolic (Reverse),False,ECOAH4,True,7.01325812005745,15.692024116290813,6.642944726111903,7.01325812005745
ECOAH4_reverse_num2,b3846,120.42138255624845,,8.064085,47.67637634277344,5.32062846472089,,1111.9,,Metabolic (Reverse),False,ECOAH4,True,12.69425125264783,20.353696602498108,8.064085,6.725201751657471
ECOAH5_num1,b2341,133.20262771610487,,,,,,1111.9,,Metabolic (Core),False,ECOAH5,False,,,,
ECOAH5_num2,b3846,120.42138255624845,,,,,,1111.9,,Metabolic (Core),False,ECOAH5,False,,,,
ECOAH5_reverse_num1,b2341,133.20262771610487,1.7452,4.5162096,48.32890701293945,4.810772528691261,,1111.9,,Metabolic (Reverse),False,ECOAH5,True,6.542749190835181,14.850272285407678,4.66349106434563,6.542749190835181
ECOAH5_reverse_num2,b3846,120.42138255624845,,7.140225,47.67637634277344,4.69157887104192,,1111.9,,Metabolic (Reverse),False,ECOAH5,True,11.68901868298344,19.836060071271785,7.140225,6.3216950115011805
ECOAH6_num1,b2341,133.20262771610487,,,,,,1111.9,,Metabolic (Core),False,ECOAH6,False,,,,
ECOAH6_num2,b3846,120.42138255624845,,,,,,1111.9,,Metabolic (Core),False,ECOAH6,False,,,,
ECOAH6_reverse_num1,b2341,133.20262771610487,0.0518,2.6470747,48.32890701293945,4.810772528691261,,1111.9,,Metabolic (Reverse),False,ECOAH6,True,2.376180558131241,13.959638560407678,3.7289236143456304,2.376180558131241
ECOAH6_reverse_num2,b3846,120.42138255624845,,5.657801,47.67637634277344,10.400673043184613,,1111.9,,Metabolic (Reverse),False,ECOAH6,True,14.103842532663345,21.244950128652683,10.400673043184613,7.277849791186654
ECOAH7_num1,b2341,133.20262771610487,,,,,,1111.9,,Metabolic (Core),False,ECOAH7,False,,,,
ECOAH7_num2,b3846,120.42138255624845,,,,,,1111.9,,Metabolic (Core),False,ECOAH7,False,,,,
ECOAH7_reverse_num1,b2341,133.20262771610487,0.1647,4.2718062,48.32890701293945,0.93053353032453,,1111.9,,Metabolic (Reverse),False,ECOAH7,True,2.3717069994976416,13.423986685815995,2.601169865162265,2.3717069994976416
ECOAH7_reverse_num2,b3846,120.42138255624845,,8.61657,47.67637634277344,10.400376497266745,,1111.9,,Metabolic (Reverse),False,ECOAH7,True,16.226651428752188,22.231107613346726,10.400376497266745,8.084844666484033
ECOAH8_num1,b2341,133.20262771610487,,,,,,1111.9,,Metabolic (Core),False,ECOAH8,False,,,,
ECOAH8_num2,b3846,120.42138255624845,,,,,,1111.9,,Metabolic (Core),False,ECOAH8,False,,,,
ECOAH8_reverse_num1,b2341,133.20262771610487,2.2471,2.7383003,48.32890701293945,0.46698776600873,,1111.9,,Metabolic (Reverse),False,ECOAH8,True,3.43284336386772,13.445323769737046,2.49270015,3.43284336386772
ECOAH8_reverse_num2,b3846,120.42138255624845,,4.7283998,47.67637634277344,6.060764487736015,,1111.9,,Metabolic (Reverse),False,ECOAH8,True,11.096387453644455,19.48851354350315,6.060764487736015,6.079756832598469
EDA,b1850,137.37750142279987,,,,,72.15063,,72.15063,Metabolic (Core),False,EDA,False,,,,
EDD,b1851,136.2454183611817,,,,,,,,Metabolic (Core),False,EDD,False,,,,
EDTXS1,b1054,115.69288473855748,76.2741,0.26250014,2.2020485401153564,9.129954971721624,131.0,,131.0,Metabolic (Core),False,EDTXS1,False,4.479200868621737,21.967150912959248,5.66600175591849,4.479200868621737
EDTXS2,b1855,136.47847541820553,34.556,0.14214167,4.243003845214844,17.527193281992982,,,,Metabolic (Core),False,EDTXS2,False,4.371773669317357,14.117084699301955,10.885098563603913,4.371773669317357
EDTXS3,b2378,121.23861216232469,0.0077,0.2680702,1.7962191104888916,6.960383956781024,,112645.641475366,,Metabolic (Core),False,EDTXS3,False,0.4008048271516964,2.258093316817479,1.0321446552444458,0.4008048271516964
EDTXS4,b1855,136.47847541820553,4.883,0.16481896,3.5489745140075684,17.527193281992982,,112645.641475366,,Metabolic (Core),False,EDTXS4,False,2.6599733625534125,6.530996689000138,4.215987257003784,2.6599733625534125
EGMEACPR,b1288,121.20698236312832,0.3999,,9.801222801208496,3.5556925393700345,1682.9856000000002,,1682.9856000000002,Metabolic (Core),False,EGMEACPR,False,2.406496801388985,4.585605113526177,3.5556925393700345,1.9321416684440715
ENLIPAabctex,b0054 and b3201 and b4261 and b4262 and b3199 and b3200 and b0641,101.0,36.5893,1.4106697,7.871926307678223,3.194268354614871,,112645.641475366,,Transport,True,ENLIPAabctex,False,6.002165475971972,12.266541090573273,5.533097331146546,6.002165475971972
ENO,b2779,121.23861216232469,,,,,318063.1666666667,,318063.1666666667,Metabolic (Core),False,ENO,False,,,,
ENO_reverse,b2779,121.23861216232469,16.4461,26.706905,21.28111457824707,7.926801418049712,318063.1666666667,,318063.1666666667,Metabolic (Reverse),False,ENO,True,16.498509423163032,18.090230249074196,18.863607289123536,16.498509423163032
ENTCS,b0583,234.36871562986587,0.9972,0.06790314,6.704043865203857,6.651201338548535,,112645.641475366,,Metabolic (Core),False,ENTCS,False,1.318187737559058,3.605087085938098,3.824200669274268,1.318187737559058
ENTERES,b0585,136.47847541820553,1.299,0.5512688,11.374245643615724,11.334694813446427,,,,Metabolic (Core),False,ENTERES,False,3.099747010143243,6.139802314265538,6.316847406723213,3.099747010143243
EPMEACPR,b1288,121.20698236312832,30.2449,,9.801222801208496,1.0590721531572571,1682.9856000000002,,1682.9856000000002,Metabolic (Core),False,EPMEACPR,False,6.796510432544383,13.701731651455253,9.801222801208496,4.209344696684707
ETHAAL,b2441 and b2440,157.17088698230995,,,,,605.0,,605.0,Metabolic (Core),True,ETHAAL,False,,,,
ETHAtex_num1,b1377,96.2904209055866,,,,,,112645.641475366,,Transport,False,ETHAtex,False,,,,
ETHAtex_num2,b0241,33.2825,,,,,,112645.641475366,,Transport,False,ETHAtex,False,,,,
ETHAtex_num3,b0929,94.8168,,,,,,112645.641475366,,Transport,False,ETHAtex,False,,,,
ETHAtex_num4,b2215,96.2904209055866,,,,,,112645.641475366,,Transport,False,ETHAtex,False,,,,
ETHAtex_reverse_num1,b1377,96.2904209055866,,,,,,112645.641475366,,Transport,False,ETHAtex,True,,,,
ETHAtex_reverse_num2,b0241,33.2825,,,,,,112645.641475366,,Transport,False,ETHAtex,True,,,,
ETHAtex_reverse_num3,b0929,94.8168,,,,,,112645.641475366,,Transport,False,ETHAtex,True,,,,
ETHAtex_reverse_num4,b2215,96.2904209055866,,,,,,112645.641475366,,Transport,False,ETHAtex,True,,,,
ETHSO3abcpp,b0933 and b0934 and b0936,97.61360481285834,497.4062,1.7749542,4.204555034637451,6.361344157449999,,112645.641475366,,Metabolic (Core),True,ETHSO3abcpp,False,12.39629263081428,127.43676334802187,5.282949596043725,12.39629263081428
ETHSO3tex_num1,b1377,96.2904209055866,,,,,,112645.641475366,,Transport,False,ETHSO3tex,False,,,,
ETHSO3tex_num2,b0241,33.2825,,,,,,112645.641475366,,Transport,False,ETHSO3tex,False,,,,
ETHSO3tex_num3,b0929,94.8168,,,,,,112645.641475366,,Transport,False,ETHSO3tex,False,,,,
ETHSO3tex_num4,b2215,96.2904209055866,,,,,,112645.641475366,,Transport,False,ETHSO3tex,False,,,,
ETHSO3tex_reverse_num1,b1377,96.2904209055866,,,,,,112645.641475366,,Transport,False,ETHSO3tex,True,,,,
ETHSO3tex_reverse_num2,b0241,33.2825,,,,,,112645.641475366,,Transport,False,ETHSO3tex,True,,,,
ETHSO3tex_reverse_num3,b0929,94.8168,,,,,,112645.641475366,,Transport,False,ETHSO3tex,True,,,,
ETHSO3tex_reverse_num4,b2215,96.2904209055866,,,,,,112645.641475366,,Transport,False,ETHSO3tex,True,,,,
ETOHtex_num1,b1377,96.2904209055866,,,,,,112645.641475366,,Transport,False,ETOHtex,False,,,,
ETOHtex_num2,b0241,33.2825,,,,,,112645.641475366,,Transport,False,ETOHtex,False,,,,
ETOHtex_num3,b0929,94.8168,,,,,,112645.641475366,,Transport,False,ETOHtex,False,,,,
ETOHtex_num4,b2215,96.2904209055866,,,,,,112645.641475366,,Transport,False,ETOHtex,False,,,,
ETOHtex_reverse_num1,b1377,96.2904209055866,,,,,,112645.641475366,,Transport,False,ETOHtex,True,,,,
ETOHtex_reverse_num2,b0241,33.2825,,,,,,112645.641475366,,Transport,False,ETOHtex,True,,,,
ETOHtex_reverse_num3,b0929,94.8168,,,,,,112645.641475366,,Transport,False,ETOHtex,True,,,,
ETOHtex_reverse_num4,b2215,96.2904209055866,,,,,,112645.641475366,,Transport,False,ETOHtex,True,,,,
F1PP_num1,b0822,173.42795360893282,1.4191,3.4962676,9.868213653564451,7.6589817015778525,,112645.641475366,,Metabolic (Core),False,F1PP,False,4.400548484301591,5.610640738785576,5.577624650788926,4.400548484301591
F1PP_num2,b2690,189.6850202355557,,7.4411383,4.8160576820373535,6.814832905594133,,112645.641475366,,Metabolic (Core),False,F1PP,False,6.250701444645232,6.357342962543829,6.814832905594133,3.9531797949526566
F1PP_num3,b2293,157.17088698230995,,2.871164,8.821300506591797,6.334036791279153,,112645.641475366,,Metabolic (Core),False,F1PP,False,5.433634222532812,6.008833765956983,6.334036791279153,3.558916508496443
F1PP_num4,b3697,175.1936841441172,,6.847725,36.37460708618164,6.114933958500958,,112645.641475366,,Metabolic (Core),False,F1PP,False,11.505675757208667,16.445755348227532,6.847725,6.247181133014552
F6PA_num1,b0825,136.71153247522938,,,,,,,,Metabolic (Core),False,F6PA,False,,,,
F6PA_num2,b3946,142.9524539351852,,,,,,,,Metabolic (Core),False,F6PA,False,,,,
F6PA_reverse_num1,b0825,136.71153247522938,10.0238,5.207297,53.481536865234375,69.62689854059693,,,,Metabolic (Reverse),False,F6PA,True,20.996959842822857,34.58488310145783,31.752668432617188,20.996959842822857
F6PA_reverse_num2,b3946,142.9524539351852,,1.4326544,47.47773361206055,4.810772528691261,,,,Metabolic (Reverse),False,F6PA,True,6.890997302033787,17.907053513583936,4.810772528691261,4.253158424519255
F6PP_num1,b2293,157.17088698230995,0.6039,2.4036984,7.601346015930176,5.688412376681967,,112645.641475366,,Metabolic (Core),False,F6PP,False,2.814696964289559,4.0743391981530355,4.046055388340983,2.814696964289559
F6PP_num2,b3697,175.1936841441172,,4.0874906,35.30773162841797,2.49260093430609,,112645.641475366,,Metabolic (Core),False,F6PP,False,7.1120223444954105,13.96260772090802,4.0874906,4.355066935566561
F6PP_num3,b0822,173.42795360893282,,2.9874885,8.760418891906738,10.285457757985752,,112645.641475366,,Metabolic (Core),False,F6PP,False,6.45681356524203,7.344455049964163,8.760418891906738,4.050547086013627
F6PP_num4,b2690,189.6850202355557,,4.6628604,4.275412082672119,4.126232577709164,,112645.641475366,,Metabolic (Core),False,F6PP,False,4.349052988457781,4.354835020127094,4.275412082672119,3.011591233858992
F6PP_num5,b3826,173.42795360893282,,2.9299626,25.44816398620605,2.9633630070897,,112645.641475366,,Metabolic (Core),False,F6PP,False,6.045531135196877,10.447163197765251,2.9633630070897,3.8554568476790463
F6Pt6_2pp,b3666,23.0,0.0144,1.2694175,8.987629890441895,5.160646713364276,,112645.641475366,,Metabolic (Core),False,F6Pt6_2pp,False,0.9595753223983627,3.8580235259515425,3.215032106682138,0.9595753223983627
F6Ptex_num1,b1377,96.2904209055866,,,,,,112645.641475366,,Transport,False,F6Ptex,False,,,,
F6Ptex_num2,b0241,33.2825,,,,,,112645.641475366,,Transport,False,F6Ptex,False,,,,
F6Ptex_num3,b0929,94.8168,,,,,,112645.641475366,,Transport,False,F6Ptex,False,,,,
F6Ptex_num4,b2215,96.2904209055866,,,,,,112645.641475366,,Transport,False,F6Ptex,False,,,,
F6Ptex_reverse_num1,b1377,96.2904209055866,,,,,,112645.641475366,,Transport,False,F6Ptex,True,,,,
F6Ptex_reverse_num2,b0241,33.2825,,,,,,112645.641475366,,Transport,False,F6Ptex,True,,,,
F6Ptex_reverse_num3,b0929,94.8168,,,,,,112645.641475366,,Transport,False,F6Ptex,True,,,,
F6Ptex_reverse_num4,b2215,96.2904209055866,,,,,,112645.641475366,,Transport,False,F6Ptex,True,,,,
FA100ACPHi,b0404,121.20698236312832,5.3864,,12.55279541015625,11.334694813446427,,,,Metabolic (Core),False,FA100ACPHi,False,9.15130354797487,9.757963407867559,11.334694813446427,5.261532057634263
FA120ACPHi,b0404,121.20698236312832,1458.8321,,12.55279541015625,8.348333233793003,,,,Metabolic (Core),False,FA120ACPHi,False,53.470614998284425,493.24440954798314,12.55279541015625,19.773629132307722
FA140ACPHi,b0404,121.20698236312832,37.8438,,12.55279541015625,6.720629284992701,,3.282793103448276,,Metabolic (Core),False,FA140ACPHi,False,14.724765136808484,19.039074898382985,12.55279541015625,7.51685689565496
FA141ACPHi,b0404,121.20698236312832,3.634,,12.55279541015625,4.310304320662927,,3.282793103448276,,Metabolic (Core),False,FA141ACPHi,False,5.814929259689934,6.832366576939726,4.310304320662927,3.74462495177159
FA160ACPHi,b0404,121.20698236312832,93.4686,,14.140162467956545,4.588231538118686,,3.282793103448276,,Metabolic (Core),False,FA160ACPHi,False,18.23567405468957,37.398998002025074,14.140162467956545,8.824525567762455
FA161ACPHi,b0404,121.20698236312832,9.2378,,12.55279541015625,13.9370824022727,,3.282793103448276,,Metabolic (Core),False,FA161ACPHi,False,11.735284551303392,11.909225937476316,12.55279541015625,6.3404519907358665
FA80ACPHi,b0404,121.20698236312832,0.4264,,12.932096481323242,6.527098890776144,,,,Metabolic (Core),False,FA80ACPHi,False,3.301683516756388,6.628531790699795,6.527098890776144,2.449354134507374
FACOAE100,b0452,129.92752530694554,97.6527,,2.084498405456543,4.69157887104192,23.476666666666667,,23.476666666666667,Metabolic (Core),False,FACOAE100,False,9.847703138262936,34.80959242549949,4.69157887104192,5.559058075584628
FACOAE120,b0452,129.92752530694554,24.1418,6.1557994,2.9707345962524414,1.8119660138730829,23.476666666666667,,23.476666666666667,Metabolic (Core),False,FACOAE120,False,5.318228610225656,8.77007500253138,4.56326699812622,5.318228610225656
FACOAE140,b0452,129.92752530694554,0.7657,6.0162106,3.060499429702759,6.808242830397126,23.476666666666667,,23.476666666666667,Metabolic (Core),False,FACOAE140,False,3.1300570585459035,4.162663215024971,4.53835501485138,3.1300570585459035
FACOAE141,b0452,129.92752530694554,0.4779,,2.084498405456543,4.69157887104192,,112645.641475366,,Metabolic (Core),False,FACOAE141,False,1.6719342961962151,2.4179924254994876,2.084498405456543,1.4703285996955198
FACOAE160,b0452,129.92752530694554,2.4235,4.933369,2.5598912239074707,3.980374317137799,23.476666666666667,,23.476666666666667,Metabolic (Core),False,FACOAE160,False,3.3222553758405446,3.474283635261317,3.270132770522635,3.3222553758405446
FACOAE161,b0452,129.92752530694554,2.6877,,2.084498405456543,4.69157887104192,,112645.641475366,,Metabolic (Core),False,FACOAE161,False,2.9732661972030057,3.1545924254994873,2.6877,2.2642550502267
FACOAE180,b0452,129.92752530694554,102.7713,2.4605308,2.5598912239074707,6.536447002708444,23.476666666666667,,23.476666666666667,Metabolic (Core),False,FACOAE180,False,8.065215533743878,28.582042256653978,4.548169113307957,8.065215533743878
FACOAE181,b0452,129.92752530694554,0.8212,,2.279223680496216,3.980374317137799,,112645.641475366,,Metabolic (Core),False,FACOAE181,False,1.9530795595888408,2.360265999211338,2.279223680496216,1.652113770611067
FACOAE60,b0452,129.92752530694554,1.2875,,2.084498405456543,3.9460798979623735,,112645.641475366,,Metabolic (Core),False,FACOAE60,False,2.1960297861835816,2.4393594344729723,2.084498405456543,1.803967336896617
FACOAE80,b0452,129.92752530694554,98.8085,6.577482,2.4119296073913574,2.388254761409444,,112645.641475366,,Metabolic (Core),False,FACOAE80,False,7.822126117840059,27.5465415922002,4.494705803695679,7.822126117840059
FACOAL100t2pp_num1,b1805,133.20262771610487,1.1006,,0.8227182626724243,6.130754302507611,,112645.641475366,,Metabolic (Core),False,FACOAL100t2pp,False,1.7706450893886647,2.684690855060012,1.1006,1.5349655735021877
FACOAL100t2pp_num2,b1701,130.15983707102805,,,0.784010648727417,59.507895368453305,,112645.641475366,,Metabolic (Core),False,FACOAL100t2pp,False,6.830433635738239,30.14595300859036,30.14595300859036,2.613509830809565
FACOAL120t2pp_num1,b1701,130.15983707102805,19.0247,,1.8313961029052728,4.765863679138536,,112645.641475366,,Metabolic (Core),False,FACOAL120t2pp,False,5.496428373797776,8.54065326068127,4.765863679138536,3.5897188010536865
FACOAL120t2pp_num2,b1805,133.20262771610487,,,0.8863211274147034,18.05149927356397,,112645.641475366,,Metabolic (Core),False,FACOAL120t2pp,False,3.999928147813523,9.468910200489336,9.468910200489336,1.9999820368727124
FACOAL140t2pp_num1,b1701,130.15983707102805,11.2787,,1.7776809930801392,5.625614300322807,,112645.641475366,,Metabolic (Core),False,FACOAL140t2pp,False,4.831636747771367,6.22733176446765,5.625614300322807,3.2588975426287794
FACOAL140t2pp_num2,b1805,133.20262771610487,,,0.8603252172470093,20.83005914936328,,112645.641475366,,Metabolic (Core),False,FACOAL140t2pp,False,4.233275937491439,10.845192183305144,10.845192183305144,2.057492633642084
FACOAL141t2pp_num1,b1701,130.15983707102805,28.7165,,0.784010648727417,4.239897124043,,112645.641475366,,Metabolic (Core),False,FACOAL141t2pp,False,4.570211116527007,11.246802590923473,4.239897124043,3.1257352953150406
FACOAL141t2pp_num2,b1805,133.20262771610487,,,0.8227182626724243,2.229301480764941,,112645.641475366,,Metabolic (Core),False,FACOAL141t2pp,False,1.3542846972582965,1.5260098717186827,1.5260098717186827,1.1637373832864082
FACOAL160t2pp_num1,b1701,130.15983707102805,0.1239,1.6580877,1.9437445402145384,3.9460798979623735,,112645.641475366,,Metabolic (Core),False,FACOAL160t2pp,False,1.12039449484035,1.917953034544228,1.8009161201072692,1.12039449484035
FACOAL160t2pp_num2,b1805,133.20262771610487,,0.9907461,0.940693199634552,3.653492800559781,,112645.641475366,,Metabolic (Core),False,FACOAL160t2pp,False,1.5044330903619032,1.861644033398111,0.9907461,1.3584062089135553
FACOAL161t2pp_num1,b1805,133.20262771610487,1.8389,,0.8227182626724243,5.770470497209467,,112645.641475366,,Metabolic (Core),False,FACOAL161t2pp,False,2.0590812876344984,2.8106962532939637,1.8389,1.718917839668467
FACOAL161t2pp_num2,b1701,130.15983707102805,,,0.784010648727417,2.229301480764941,,112645.641475366,,Metabolic (Core),False,FACOAL161t2pp,False,1.3220423972564241,1.506656064746179,1.506656064746179,1.149801025071914
FACOAL180t2pp_num1,b1701,130.15983707102805,12.8932,0.47085685,1.9437445402145384,83.84012168321993,,112645.641475366,,Metabolic (Core),False,FACOAL180t2pp,False,5.608350851230223,24.786980768358617,7.418472270107269,5.608350851230223
FACOAL180t2pp_num2,b1805,133.20262771610487,,0.2981479,0.9131025671958924,6.154294957250831,,112645.641475366,,Metabolic (Core),False,FACOAL180t2pp,False,1.1877085289014275,2.455181808148908,0.9131025671958924,1.1377121769060148
FACOAL181t2pp_num1,b1805,133.20262771610487,2.0869,0.6667386,0.9547581672668456,3.842358408537775,,112645.641475366,,Metabolic (Core),False,FACOAL181t2pp,False,1.5030973985588296,1.8876887939511553,1.5208290836334228,1.5030973985588296
FACOAL181t2pp_num2,b1701,130.15983707102805,,1.917772,0.8077006340026855,5.511913782654467,,112645.641475366,,Metabolic (Core),False,FACOAL181t2pp,False,2.043854321676173,2.7457954722190507,1.917772,1.709375414226471
FACOAL60t2pp_num1,b1805,133.20262771610487,12.0658,0.33380517,1.043947696685791,0.1594220641833325,,112645.641475366,,Metabolic (Core),False,FACOAL60t2pp,False,0.9048343669482687,3.4007437327172805,0.6888764333428955,0.9048343669482687
FACOAL60t2pp_num2,b1701,130.15983707102805,,1.1717116,0.6178660988807678,3.653492800559781,,112645.641475366,,Metabolic (Core),False,FACOAL60t2pp,False,1.3829541570524857,1.8143568331468496,1.1717116,1.27528084953579
FACOAL80t2pp_num1,b1805,133.20262771610487,7.4765,0.39327073,0.9691175222396852,8.395630847886949,,112645.641475366,,Metabolic (Core),False,FACOAL80t2pp,False,2.2115916197938517,4.308629775031658,4.222808761119842,2.2115916197938517
FACOAL80t2pp_num2,b1701,130.15983707102805,,0.77412254,1.9437445402145384,2.49260093430609,,112645.641475366,,Metabolic (Core),False,FACOAL80t2pp,False,1.5537001856323818,1.7368226715068762,1.9437445402145384,1.391635225528764
FADRx,b3844,120.7983675600902,,,,,87.214,,87.214,Metabolic (Core),False,FADRx,False,,,,
FADRx2,b2764,119.06658842098136,,,,,30.05574545454545,,30.05574545454545,Metabolic (Core),False,FADRx2,False,,,,
FADt,b1985,27.0,,,,,,112645.641475366,,Metabolic (Core),False,FADt,False,,,,
FADtex_num1,b1377,96.2904209055866,,,,,,112645.641475366,,Transport,False,FADtex,False,,,,
FADtex_num2,b0241,33.2825,,,,,,112645.641475366,,Transport,False,FADtex,False,,,,
FADtex_num3,b2215,96.2904209055866,,,,,,112645.641475366,,Transport,False,FADtex,False,,,,
FADtex_num4,b0929,94.8168,,,,,,112645.641475366,,Transport,False,FADtex,False,,,,
FADtex_reverse_num1,b1377,96.2904209055866,,,,,,112645.641475366,,Transport,False,FADtex,True,,,,
FADtex_reverse_num2,b0241,33.2825,,,,,,112645.641475366,,Transport,False,FADtex,True,,,,
FADtex_reverse_num3,b2215,96.2904209055866,,,,,,112645.641475366,,Transport,False,FADtex,True,,,,
FADtex_reverse_num4,b0929,94.8168,,,,,,112645.641475366,,Transport,False,FADtex,True,,,,
FALDH2,b0356,130.15983707102805,0.3417,25.540747,7.486851692199707,3.8937879056085154,,156.0,,Metabolic (Core),False,FALDH2,False,3.993811139605458,9.315771649452055,5.690319798904111,3.993811139605458
FALDH2_reverse,b0356,130.15983707102805,0.2267,12.9375925,8.433597564697266,6.060764487736015,,156.0,,Metabolic (Reverse),False,FALDH2,True,3.499139988448621,6.91466363810832,7.247181026216641,3.499139988448621
FALDtex_num1,b1377,96.2904209055866,,,,,,112645.641475366,,Transport,False,FALDtex,False,,,,
FALDtex_num2,b0241,33.2825,,,,,,112645.641475366,,Transport,False,FALDtex,False,,,,
FALDtex_num3,b0929,94.8168,,,,,,112645.641475366,,Transport,False,FALDtex,False,,,,
FALDtex_num4,b2215,96.2904209055866,,,,,,112645.641475366,,Transport,False,FALDtex,False,,,,
FALDtex_reverse_num1,b1377,96.2904209055866,,,,,,112645.641475366,,Transport,False,FALDtex,True,,,,
FALDtex_reverse_num2,b0241,33.2825,,,,,,112645.641475366,,Transport,False,FALDtex,True,,,,
FALDtex_reverse_num3,b0929,94.8168,,,,,,112645.641475366,,Transport,False,FALDtex,True,,,,
FALDtex_reverse_num4,b2215,96.2904209055866,,,,,,112645.641475366,,Transport,False,FALDtex,True,,,,
FALGTHLs,s0001,,14.142,,,20.83005914936328,,,,Metabolic (Core),False,FALGTHLs,False,17.163295035927558,17.486029574681638,17.486029574681638,4.142860730935516
FBA3,b2925,106.4556997281849,,,,,,16.6515,,Metabolic (Core),False,FBA3,False,,,,
FBA3_reverse,b2925,106.4556997281849,36.8036,5.67184,17.86041831970215,2.25626747070846,,16.6515,,Metabolic (Reverse),False,FBA3,True,9.576881648298635,15.648031447602653,11.766129159851074,9.576881648298635
FBA_num1,b2925,106.4556997281849,,,,,,12.35,,Metabolic (Core),False,FBA,False,,,,
FBA_num2,b2097,115.69288473855742,,,,,,12.35,,Metabolic (Core),False,FBA,False,,,,
FBA_reverse_num1,b2925,106.4556997281849,32.2647,9.922284,10.71681308746338,5.171331930782302,,12.35,,Metabolic (Reverse),False,FBA,True,11.541223168548068,14.518782254561419,10.31954854373169,11.541223168548068
FBA_reverse_num2,b2097,115.69288473855742,,3.614696,25.40924453735352,8.939373321202341,,12.35,,Metabolic (Reverse),False,FBA,True,9.363902188962115,12.654437952851952,8.939373321202341,5.352943401393947
FBP_num1,b2930,136.71153247522938,5.2893,1.4790483,5.689280986785889,8.904353075217367,19.016666666666666,,19.016666666666666,Metabolic (Core),False,FBP,False,4.461799784354344,5.340495590500813,5.489290493392945,4.461799784354344
FBP_num2,b4232,158.9366175174943,5.3692,2.9659703,13.217172622680664,2.2716358764902225,19.016666666666666,,19.016666666666666,Metabolic (Core),False,FBP,False,4.676149798179583,5.955994699792722,4.16758515,4.676149798179583
FBP_num3,b3925,157.17088698230995,6.2323,1.4826157,8.377740859985352,2.97733537733062,19.016666666666666,,19.016666666666666,Metabolic (Core),False,FBP,False,3.8963495048766035,4.767497984328992,4.60481768866531,3.8963495048766035
FBP_num4,b3697,175.1936841441172,9.8683,2.6124322,26.217117309570312,3.5613761147405705,19.016666666666666,,19.016666666666666,Metabolic (Core),False,FBP,False,7.004425778626087,10.56480640607772,6.714838057370285,7.004425778626087
FCI,b2802,121.23861216232469,,,,,412603.95,,412603.95,Metabolic (Core),False,FCI,False,,,,
FCI_reverse,b2802,121.23861216232469,,,,,412603.95,,412603.95,Metabolic (Reverse),False,FCI,True,,,,
FCLK,b2803,149.80799644754114,0.6488,7.8029594,29.29063606262207,10.728613456472884,,,,Metabolic (Core),False,FCLK,False,6.31554228653655,12.117752229773739,9.265786428236442,6.31554228653655
FCLPA_num1,b2738,143.57225923783585,,,,,19.3,,19.3,Metabolic (Core),False,FCLPA,False,,,,
FCLPA_num2,b2800,167.18571428571434,,,,,19.3,,19.3,Metabolic (Core),False,FCLPA,False,,,,
FCLPA_reverse_num1,b2738,143.57225923783585,96.4075,3.1505065,9.60780429840088,32.40307959655166,19.3,,19.3,Metabolic (Reverse),False,FCLPA,True,17.53579295997688,35.39222259873814,21.00544194747627,17.53579295997688
FCLPA_reverse_num2,b2800,167.18571428571434,,6.910525,16.749155044555664,6.154294957250831,19.3,,19.3,Metabolic (Reverse),False,FCLPA,True,8.930876504882823,9.93799166726883,6.910525,5.166192243413728
FCLT_num1,b2431,286.48954519348763,4.6017,,,3.2749292691771887,,,,Metabolic (Core),False,FCLT,False,3.8820409603677124,3.938314634588594,3.938314634588594,1.9702895625688404
FCLT_num2,b0475,189.6850202355557,2.7964,,,0.804671281974783,,,,Metabolic (Core),False,FCLT,False,1.5000609230675543,1.8005356409873916,1.8005356409873916,1.2247697428772293
FCLT_num3,b1019,255.986317963328,7.7999,,,4.074876182746937,,,,Metabolic (Core),False,FCLT,False,5.637696935611901,5.937388091373469,5.937388091373469,2.374383485372972
FDH4pp_num1,b3894 and b3893 and b3892,116.15819206211874,179.5767,11.127838,32.3933219909668,34.33856394165991,,112645.641475366,,Metabolic (Core),True,FDH4pp,False,38.612204657153995,64.35910598315667,33.365942966313355,38.612204657153995
FDH4pp_num2,b1476 and b1474 and b1475,116.15819206211874,,22.965372,14.4327974319458,3.5556925393700345,,112645.641475366,,Metabolic (Core),True,FDH4pp,False,10.562889431778833,13.651287323771946,14.4327974319458,5.859182835295431
FDH5pp_num1,b1476 and b1474 and b1475,116.15819206211874,256.6802,7.5893445,14.4327974319458,7.412650165523958,,112645.641475366,,Metabolic (Core),True,FDH5pp,False,21.36634143552373,71.52874802436745,11.0110709659729,21.36634143552373
FDH5pp_num2,b3894 and b3893 and b3892,116.15819206211874,,0.8271259,32.3933219909668,3.5556925393700345,,112645.641475366,,Metabolic (Core),True,FDH5pp,False,4.567204271910966,12.258713476778944,3.5556925393700345,3.1241927998055328
FDMO,b0935,169.35117402633932,30.4097,0.9375849,2.3657257556915283,5.809898887901974,0.8275,,0.8275,Metabolic (Core),False,FDMO,False,4.449271708547423,9.880727385898377,4.087812321796751,4.449271708547423
FDMO2,b0935,169.35117402633932,24.1225,2.2979283,2.100151300430298,5.628355577673853,0.8275,,0.8275,Metabolic (Core),False,FDMO2,False,5.059384952558513,8.537233794526037,3.9631419388369267,5.059384952558513
FDMO3,b0935,169.35117402633932,4.4233,1.7063788,2.1636102199554443,10.16403937479348,,112645.641475366,,Metabolic (Core),False,FDMO3,False,3.589358203180058,4.614332098687232,3.2934551099777223,3.589358203180058
FDMO4,b0935,169.35117402633932,2.4947,1.7063788,,10.16403937479348,0.8275,,0.8275,Metabolic (Core),False,FDMO4,False,3.51064329304626,4.78837272493116,2.4947,2.564720411437919
FDMO6,b0935,169.35117402633932,3.1947,2.0920672,2.3657257556915283,5.689178149808956,,112645.641475366,,Metabolic (Core),False,FDMO6,False,3.0796751658316692,3.335417776375121,2.780212877845764,3.0796751658316692
FE2abcpp,b3409,75.41,,,,,,112645.641475366,,Metabolic (Core),False,FE2abcpp,False,,,,
FE2t2pp,b2392,33.2825,,,,,,112645.641475366,,Metabolic (Core),False,FE2t2pp,False,,,,
FE2t3pp,b3915,75.41,,,,,,112645.641475366,,Metabolic (Core),False,FE2t3pp,False,,,,
FE2tex_num1,b0241,33.2825,,,,,,112645.641475366,,Transport,False,FE2tex,False,,,,
FE2tex_num2,b1377,96.2904209055866,,,,,,112645.641475366,,Transport,False,FE2tex,False,,,,
FE2tex_num3,b2215,96.2904209055866,,,,,,112645.641475366,,Transport,False,FE2tex,False,,,,
FE2tex_num4,b0929,94.8168,,,,,,112645.641475366,,Transport,False,FE2tex,False,,,,
FE2tex_reverse_num1,b0241,33.2825,,,,,,112645.641475366,,Transport,False,FE2tex,True,,,,
FE2tex_reverse_num2,b1377,96.2904209055866,,,,,,112645.641475366,,Transport,False,FE2tex,True,,,,
FE2tex_reverse_num3,b2215,96.2904209055866,,,,,,112645.641475366,,Transport,False,FE2tex,True,,,,
FE2tex_reverse_num4,b0929,94.8168,,,,,,112645.641475366,,Transport,False,FE2tex,True,,,,
FE2tpp,b3040,33.2825,,,,,,112645.641475366,,Transport,False,FE2tpp,False,,,,
FE3DCITR5,b3070,163.90399822377057,1.9392,,,3.021761165784849,,112645.641475366,,Metabolic (Core),False,FE3DCITR5,False,2.4207022230522237,2.4804805828924246,2.4804805828924246,1.5558606052767787
FE3DCITabcpp,b4289 and b4287 and b4288 and b4290,90.65907860738318,87.1145,,,10.343030383997991,,112645.641475366,,Metabolic (Core),True,FE3DCITabcpp,False,30.017127117477333,48.728765191999,48.728765191999,5.478788836730006
FE3DCITexs,s0001,,12.9585,,,14.112037082036364,,,,Metabolic (Core),False,FE3DCITexs,False,13.522974248572993,13.535268541018183,13.535268541018183,3.6773596844166594
FE3DCITtonex,b3006 and b1252 and b3005 and b4291,178.65984365785727,14.8081,,,10.343030383997991,,112645.641475366,,Metabolic (Core),True,FE3DCITtonex,False,12.37580818489365,12.575565191998995,12.575565191998995,3.5179266883909976
FE3DHBZS3R,b3070,163.90399822377057,14.3155,,74.32784271240234,14.184827825821973,,112645.641475366,,Metabolic (Core),False,FE3DHBZS3R,False,24.713108317853017,34.27605684607477,14.3155,11.083974794917621
FE3DHBZStonex_num1,b3006 and b1252 and b3005 and b0805,176.53793119354842,241.3498,,,8.735721749952106,,112645.641475366,,Metabolic (Core),True,FE3DHBZStonex,False,45.9169325761923,125.04276087497604,125.04276087497604,6.776203404281214
FE3DHBZStonex_num2,b3006 and b1252 and b3005 and b2155,149.80799644754114,,,,10.475654966689731,,112645.641475366,,Metabolic (Core),True,FE3DHBZStonex,False,10.475654966689731,10.475654966689731,10.475654966689731,1.799058545194734
FE3HOXabcpp,b0152 and b0151 and b0153,113.04789556080048,12.1037,,4.216712951660156,4.810772528691261,,112645.641475366,,Metabolic (Core),True,FE3HOXabcpp,False,6.261845341972943,7.043728493450472,4.810772528691261,3.95846448418753
FE3HOXexs,s0001,,8.3943,,,3.308078075270198,,,,Metabolic (Core),False,FE3HOXexs,False,5.269629947846493,5.851189037635098,5.851189037635098,2.2955674566099105
FE3HOXtonex,b3006 and b1252 and b3005 and b0150,176.5379311935484,16.9047,,15.794880867004396,6.9899481650584585,,112645.641475366,,Metabolic (Core),True,FE3HOXtonex,False,12.312112994195402,13.229843010687617,15.794880867004396,6.572785271906267
FE3Ri,b3844,120.7983675600902,,,,,,112645.641475366,,Metabolic (Core),False,FE3Ri,False,,,,
FE3tex_num1,b1377,96.2904209055866,,,,,,112645.641475366,,Transport,False,FE3tex,False,,,,
FE3tex_num2,b0241,33.2825,,,,,,112645.641475366,,Transport,False,FE3tex,False,,,,
FE3tex_num3,b0929,94.8168,,,,,,112645.641475366,,Transport,False,FE3tex,False,,,,
FE3tex_num4,b2215,96.2904209055866,,,,,,112645.641475366,,Transport,False,FE3tex,False,,,,
FE3tex_reverse_num1,b1377,96.2904209055866,,,,,,112645.641475366,,Transport,False,FE3tex,True,,,,
FE3tex_reverse_num2,b0241,33.2825,,,,,,112645.641475366,,Transport,False,FE3tex,True,,,,
FE3tex_reverse_num3,b0929,94.8168,,,,,,112645.641475366,,Transport,False,FE3tex,True,,,,
FE3tex_reverse_num4,b2215,96.2904209055866,,,,,,112645.641475366,,Transport,False,FE3tex,True,,,,
FECRMabcpp,b0152 and b0153 and b0151,113.04789556080048,19.047,1.7244173,,5.359793510374774,,,,Metabolic (Core),True,FECRMabcpp,False,5.604527491805938,8.710403603458259,5.359793510374774,3.642539356496223
FECRMexs,s0001,,1.403,,,5.809898887901974,,,,Metabolic (Core),False,FECRMexs,False,2.8550460836432165,3.6064494439509867,3.6064494439509867,1.6896881616568238
FECRMtonex,b3006 and b1252 and b3005 and b0150,176.5379311935484,197.3173,1.9272676,,4.685826033894374,,112645.641475366,,Metabolic (Core),True,FECRMtonex,False,12.123586492063607,67.97679787796478,4.685826033894374,6.497156625988556
FEENTERES,b0585,136.47847541820553,2.78,5.573339,,1.122388381894457,,112645.641475366,,Metabolic (Core),False,FEENTERES,False,2.5908034864263776,3.1585757939648187,2.78,2.042094589209171
FEENTERR4,b3070,163.90399822377057,1.1312,12.958516,,4.763953150317437,,112645.641475366,,Metabolic (Core),False,FEENTERR4,False,4.1180098638252325,6.284556383439146,4.763953150317437,2.8907832984416633
FEENTERabcpp,b0590 and b0589 and b0592 and b0588,97.76404181117316,34.4974,2.5991762,,5.300955207112856,,,,Metabolic (Core),True,FEENTERabcpp,False,7.804146381883705,14.13251046903762,5.300955207112856,4.669216968413155
FEENTERexs,s0001,,1.6091,,,7.381707492199664,,,,Metabolic (Core),False,FEENTERexs,False,3.4464337402158884,4.495403746099832,4.495403746099832,1.856457309020568
FEENTERtex,b3035,125.40399822377056,100.6482,2.1257277,42.18484115600586,1.2556971297984412,,112645.641475366,,Transport,False,FEENTERtex,False,10.31783886031205,36.55361649645108,22.15528442800293,10.31783886031205
FEENTERtonex,b0584 and b3006 and b1252 and b3005,149.80799644754114,6.957,2.9209743,,5.300955207112856,,112645.641475366,,Metabolic (Core),True,FEENTERtonex,False,4.758111605568354,5.059643169037618,5.300955207112856,3.2216322820494145
FEENTERtpp,b0591,23.0,22.0056,4.882302,19.437274932861328,3.349904451118284,,112645.641475366,,Transport,False,FEENTERtpp,False,9.145478074762128,12.418770345994902,12.159788466430664,9.145478074762128
FEOXAMR1,b4367,233.1372332225382,4.2905,,,11.549273436294202,,112645.641475366,,Metabolic (Core),False,FEOXAMR1,False,7.039329348625499,7.919886718147101,7.919886718147101,2.6531734486507847
FEOXAMR2,b4367,233.1372332225382,3.6467,0.2327972,,27.27692629593403,,112645.641475366,,Metabolic (Core),False,FEOXAMR2,False,2.8503032843626395,10.385474498644676,3.6467,2.1936548918252696
FEOXAMR3,b4367,233.1372332225382,4.5865,0.3569144,,19.244673610917665,,112645.641475366,,Metabolic (Core),False,FEOXAMR3,False,3.158290005626754,8.062696003639223,4.5865,2.369130612674826
FEOXAMabcpp,b0153 and b0152 and b0151,113.04789556080048,60.5758,,,6.064563476980895,,112645.641475366,,Metabolic (Core),True,FEOXAMabcpp,False,19.166788574743013,33.32018173849045,33.32018173849045,4.37798910171588
FEOXAMexs,s0001,,3.3957,,,49.198935661722246,,,,Metabolic (Core),False,FEOXAMexs,False,12.925355926492323,26.29731783086112,26.29731783086112,3.595185103230753
FEOXAMtonex,b0150 and b3006 and b1252 and b3005,176.5379311935484,6.0419,,,10.475654966689731,,112645.641475366,,Metabolic (Core),True,FEOXAMtonex,False,7.955680972942712,8.258777483344865,8.258777483344865,2.8205816728013238
FEROpp_num1,b0123,206.75125446366417,,,,,0.5783332941666667,,0.5783332941666667,Metabolic (Core),False,FEROpp,False,,,,
FEROpp_num2,b3336,247.9500291575308,,,,,0.5783332941666667,,0.5783332941666667,Metabolic (Core),False,FEROpp,False,,,,
FESD1s,s0001,,60.9476,,,1.753423246287524,,,,Metabolic (Core),False,FESD1s,False,10.337646668629835,31.350511623143763,31.350511623143763,3.2152210917182407
FESD2s,s0001,,4.2905,,,2.312153051635714,,,,Metabolic (Core),False,FESD2s,False,3.1496496103603384,3.301326525817857,3.301326525817857,1.774725221086447
FESR,b4209,218.32443728754563,17.1398,,8.226614952087402,1.0324053671733493,,112645.641475366,,Metabolic (Core),False,FESR,False,5.260484250807175,8.799606773086918,8.226614952087402,3.4735159187451594
FHL_num1,b4079 and b2481 and b2488 and b2486 and b2482 and b2487 and b2489 and b2485 and b2483 and b2490 and b2484,101.0,21.9165,18.265863,,180.06711306374774,,112645.641475366,,Metabolic (Core),True,FHL,False,41.61806963455947,73.41649202124925,21.9165,16.385566066123356
FHL_num2,b4079 and b2719 and b2720 and b2723 and b2722 and b2724 and b2721,120.50274604186052,,5.1820707,56.41554641723633,10.397610637812583,,112645.641475366,,Metabolic (Core),True,FHL,False,14.485891489219343,23.998409251682972,10.397610637812583,7.425213075083074
FLDR2_num1,b3924 and b2895,136.2454183611817,7.9926,,7.724188327789307,2.009434280216772,,112645.641475366,,Metabolic (Core),True,FLDR2,False,4.987369899783211,5.90874086933536,7.724188327789307,3.3373648297756247
FLDR2_num2,b3924 and b0684,125.92515286381274,,,7.724188327789307,4.126232577709164,,112645.641475366,,Metabolic (Core),True,FLDR2,False,5.645511271309721,5.925210452749235,5.925210452749235,2.376028466014185
FLVR_num1,b3844,120.7983675600902,14.2286,1.4060467,17.776649475097656,1.10372881793359,31.032688888888888,,31.032688888888888,Metabolic (Core),False,FLVR,False,4.451112302005634,8.628756248257814,7.817323350000001,4.451112302005634
FLVR_num2,b2764 and b2763,121.23861216232469,,11.935861,29.488563537597656,6.7859805272721,31.032688888888888,,31.032688888888888,Metabolic (Core),True,FLVR,False,13.367186057837484,16.070135021623255,11.935861,6.990850177717851
FLVRx,b3844,120.7983675600902,112.144,1.4060467,26.177021026611328,5.809898887901974,109.0,,109.0,Metabolic (Core),False,FLVRx,False,12.444176036297442,36.38424165362832,15.99345995725665,12.444176036297442
FMNAT,b0025,121.175352563932,4.2382,,2.199819564819336,8.735721749952106,,0.44314833,,Metabolic (Core),False,FMNAT,False,4.334667270661358,5.0579137715904805,4.2382,3.0041168756982595
FMNRx2_num1,b0937,132.2430459180489,5.6708,,3.0695273876190186,1.7033356609424497,3.625,,3.625,Metabolic (Core),False,FMNRx2,False,3.095081058335602,3.481221016187156,3.0695273876190186,2.3334796648184417
FMNRx2_num2,b3844,120.7983675600902,,,14.009480476379396,6.814832905594133,3.625,,3.625,Metabolic (Core),False,FMNRx2,False,9.77099117493762,10.412156690986764,10.412156690986764,3.12585847007468
FMNRx2_num3,b2764,119.06658842098136,,,4.061652183532715,20.83005914936328,3.625,,3.625,Metabolic (Core),False,FMNRx2,False,9.198068016008957,12.445855666447997,12.445855666447997,3.0328316827692494
FMNRx_num1,b0937,132.2430459180489,1.9597,,3.669797897338867,10.475654966689731,73.66666666666667,,73.66666666666667,Metabolic (Core),False,FMNRx,False,4.223485186744821,5.3683842880095325,3.669797897338867,2.946138988453312
FMNRx_num2,b3844,120.7983675600902,,,20.62967300415039,1.7851135665555418,73.66666666666667,,73.66666666666667,Metabolic (Core),False,FMNRx,False,6.068468435553858,11.207393285352966,11.207393285352966,2.4634261579259604
FMNt,b1985,27.0,,,,,,112645.641475366,,Metabolic (Core),False,FMNt,False,,,,
FMNtex_num1,b2215,96.2904209055866,,,,,,112645.641475366,,Transport,False,FMNtex,False,,,,
FMNtex_num2,b0929,94.8168,,,,,,112645.641475366,,Transport,False,FMNtex,False,,,,
FMNtex_num3,b0241,33.2825,,,,,,112645.641475366,,Transport,False,FMNtex,False,,,,
FMNtex_num4,b1377,96.2904209055866,,,,,,112645.641475366,,Transport,False,FMNtex,False,,,,
FMNtex_reverse_num1,b2215,96.2904209055866,,,,,,112645.641475366,,Transport,False,FMNtex,True,,,,
FMNtex_reverse_num2,b0929,94.8168,,,,,,112645.641475366,,Transport,False,FMNtex,True,,,,
FMNtex_reverse_num3,b0241,33.2825,,,,,,112645.641475366,,Transport,False,FMNtex,True,,,,
FMNtex_reverse_num4,b1377,96.2904209055866,,,,,,112645.641475366,,Transport,False,FMNtex,True,,,,
FOMETRi,b2912,123.60963225270936,115.9813,0.49919066,8.34113883972168,3.802692970292663,15.391666666666666,,15.391666666666666,Metabolic (Core),False,FOMETRi,False,6.546252591393844,32.156080617503584,6.071915905007171,6.546252591393844
FORCT,b2374,160.70234805267864,1.6189,14.469259,13.199729919433594,3.2394747145515583,,4.65,,Metabolic (Core),False,FORCT,False,5.625698955427761,8.131840908496287,8.219602316992576,5.625698955427761
FORCT_reverse,b2374,160.70234805267864,4.4672,8.650675,12.43678379058838,7.860189042422557,,4.65,,Metabolic (Reverse),False,FORCT,True,7.839829487301006,8.353711958252735,8.255432021211279,7.839829487301006
FORt2pp_num1,b0904,25.0,8.3044,3.74417,75.28535461425781,8.638426999230715,,112645.641475366,,Metabolic (Core),False,FORt2pp,False,11.924831379640285,23.993087903372132,8.471413499615357,11.924831379640285
FORt2pp_num2,b2492,33.2825,,1.1120456,34.29802703857422,9.945834285751776,,112645.641475366,,Metabolic (Core),False,FORt2pp,False,7.238984573182532,15.118635641441998,9.945834285751776,4.413247037349263
FORtex_num1,b1377,96.2904209055866,,,,,,112645.641475366,,Transport,False,FORtex,False,,,,
FORtex_num2,b0241,33.2825,,,,,,112645.641475366,,Transport,False,FORtex,False,,,,
FORtex_num3,b0929,94.8168,,,,,,112645.641475366,,Transport,False,FORtex,False,,,,
FORtex_num4,b2215,96.2904209055866,,,,,,112645.641475366,,Transport,False,FORtex,False,,,,
FORtex_reverse_num1,b1377,96.2904209055866,,,,,,112645.641475366,,Transport,False,FORtex,True,,,,
FORtex_reverse_num2,b0241,33.2825,,,,,,112645.641475366,,Transport,False,FORtex,True,,,,
FORtex_reverse_num3,b0929,94.8168,,,,,,112645.641475366,,Transport,False,FORtex,True,,,,
FORtex_reverse_num4,b2215,96.2904209055866,,,,,,112645.641475366,,Transport,False,FORtex,True,,,,
FORtppi_num1,b0904,25.0,,,,,,112645.641475366,,Transport,False,FORtppi,False,,,,
FORtppi_num2,b2492,33.2825,,,,,,112645.641475366,,Transport,False,FORtppi,False,,,,
FRD2,b4153 and b4152 and b4151 and b4154,117.8304304761572,60.8391,4.0217223,2.16138219833374,6.154294957250831,,112645.641475366,,Metabolic (Core),True,FRD2,False,7.553116516418695,18.29412486389614,5.088008628625415,7.553116516418695
FRD3,b4153 and b4152 and b4151 and b4154,117.8304304761572,317.5315,18.395582,2.16138219833374,6.154294957250831,,,,Metabolic (Core),True,FRD3,False,16.695620181942083,86.06068978889614,12.274938478625415,16.695620181942083
FRUK,b2168,149.80799644754114,155.3456,20.928062,9.677383422851562,2.30114731337025,,,,Metabolic (Core),False,FRUK,False,16.40335126595214,47.063048184055454,15.302722711425782,16.40335126595214
FRULYSDG,b3371,136.47847541820553,12.9585,,12.414849281311035,2.3823735145285267,,112645.641475366,,Metabolic (Core),False,FRULYSDG,False,7.263880300372763,9.251907598613188,12.414849281311035,4.42462541109934
FRULYSDG_reverse,b3371,136.47847541820553,9.6959,3.2478535,15.29117488861084,13.4266919696335,,112645.641475366,,Metabolic (Reverse),False,FRULYSDG,True,8.96702973796837,10.415405089561085,11.56129598481675,8.96702973796837
FRULYSE,b4474,197.70251011777788,,,,,,112645.641475366,,Metabolic (Core),False,FRULYSE,False,,,,
FRULYSE_reverse,b4474,197.70251011777788,,,,,,112645.641475366,,Metabolic (Reverse),False,FRULYSE,True,,,,
FRULYSK,b3374,154.8978386945808,119.2611,2.3006494,21.11548614501953,1.10372881793359,,112645.641475366,,Metabolic (Core),False,FRULYSK,False,8.94238120650727,35.94524109073828,11.708067772509766,8.94238120650727
FRULYSt2pp,b3370,27.0,113054.0789,3.063361,24.233911514282227,5.770470497209467,,112645.641475366,,Metabolic (Core),False,FRULYSt2pp,False,83.42184475695363,28271.78666075287,15.002191005745846,83.42184475695363
FRULYStex_num1,b1377,96.2904209055866,,,,,,112645.641475366,,Transport,False,FRULYStex,False,,,,
FRULYStex_num2,b0241,33.2825,,,,,,112645.641475366,,Transport,False,FRULYStex,False,,,,
FRULYStex_num3,b0929,94.8168,,,,,,112645.641475366,,Transport,False,FRULYStex,False,,,,
FRULYStex_num4,b2215,96.2904209055866,,,,,,112645.641475366,,Transport,False,FRULYStex,False,,,,
FRULYStex_reverse_num1,b1377,96.2904209055866,,,,,,112645.641475366,,Transport,False,FRULYStex,True,,,,
FRULYStex_reverse_num2,b0241,33.2825,,,,,,112645.641475366,,Transport,False,FRULYStex,True,,,,
FRULYStex_reverse_num3,b0929,94.8168,,,,,,112645.641475366,,Transport,False,FRULYStex,True,,,,
FRULYStex_reverse_num4,b2215,96.2904209055866,,,,,,112645.641475366,,Transport,False,FRULYStex,True,,,,
FRUURt2rpp,b4321,23.0,15.3628,0.6418195,28.622377395629883,7.288727116924398,,112645.641475366,,Metabolic (Core),False,FRUURt2rpp,False,6.734574627813501,12.978931003138571,11.3257635584622,6.734574627813501
FRUURt2rpp_reverse,b4321,23.0,0.9149,0.6418195,28.622377395629883,4.810772528691261,,112645.641475366,,Metabolic (Reverse),False,FRUURt2rpp,True,2.998656816005847,8.747467356080286,2.8628362643456304,2.998656816005847
FRUURtex_num1,b1377,96.2904209055866,,,,,,112645.641475366,,Transport,False,FRUURtex,False,,,,
FRUURtex_num2,b0241,33.2825,,,,,,112645.641475366,,Transport,False,FRUURtex,False,,,,
FRUURtex_num3,b0929,94.8168,,,,,,112645.641475366,,Transport,False,FRUURtex,False,,,,
FRUURtex_num4,b2215,96.2904209055866,,,,,,112645.641475366,,Transport,False,FRUURtex,False,,,,
FRUURtex_reverse_num1,b1377,96.2904209055866,,,,,,112645.641475366,,Transport,False,FRUURtex,True,,,,
FRUURtex_reverse_num2,b0241,33.2825,,,,,,112645.641475366,,Transport,False,FRUURtex,True,,,,
FRUURtex_reverse_num3,b0929,94.8168,,,,,,112645.641475366,,Transport,False,FRUURtex,True,,,,
FRUURtex_reverse_num4,b2215,96.2904209055866,,,,,,112645.641475366,,Transport,False,FRUURtex,True,,,,
FRUpts2pp,b1819 and b1817 and b1818 and b2416 and b2415,152.62479040685164,107.9288,0.96225995,10.71681308746338,8.133886579587905,,112645.641475366,,Metabolic (Core),True,FRUpts2pp,False,9.7543510601127,31.93543990426282,9.425349833525644,9.7543510601127
FRUptspp,b2169 and b2415 and b2167 and b2416,157.17088698230995,6.957,0.96225995,14.24657154083252,20.83005914936328,,112645.641475366,,Metabolic (Core),True,FRUptspp,False,6.676192031649315,10.748972660048949,10.60178577041626,6.676192031649315
FRUtex_num1,b1377,96.2904209055866,,,,,,112645.641475366,,Transport,False,FRUtex,False,,,,
FRUtex_num2,b0241,33.2825,,,,,,112645.641475366,,Transport,False,FRUtex,False,,,,
FRUtex_num3,b0929,94.8168,,,,,,112645.641475366,,Transport,False,FRUtex,False,,,,
FRUtex_num4,b2215,96.2904209055866,,,,,,112645.641475366,,Transport,False,FRUtex,False,,,,
FRUtex_reverse_num1,b1377,96.2904209055866,,,,,,112645.641475366,,Transport,False,FRUtex,True,,,,
FRUtex_reverse_num2,b0241,33.2825,,,,,,112645.641475366,,Transport,False,FRUtex,True,,,,
FRUtex_reverse_num3,b0929,94.8168,,,,,,112645.641475366,,Transport,False,FRUtex,True,,,,
FRUtex_reverse_num4,b2215,96.2904209055866,,,,,,112645.641475366,,Transport,False,FRUtex,True,,,,
FTHFD,b1232,152.5584987702834,1.3046,4.3047585,30.288894653320312,12.628470676953103,,,,Metabolic (Core),False,FTHFD,False,6.80793009712395,12.131680957568353,8.466614588476553,6.80793009712395
FUCtex_num1,b1377,96.2904209055866,,,,,,112645.641475366,,Transport,False,FUCtex,False,,,,
FUCtex_num2,b0241,33.2825,,,,,,112645.641475366,,Transport,False,FUCtex,False,,,,
FUCtex_num3,b0929,94.8168,,,,,,112645.641475366,,Transport,False,FUCtex,False,,,,
FUCtex_num4,b2215,96.2904209055866,,,,,,112645.641475366,,Transport,False,FUCtex,False,,,,
FUCtex_reverse_num1,b1377,96.2904209055866,,,,,,112645.641475366,,Transport,False,FUCtex,True,,,,
FUCtex_reverse_num2,b0241,33.2825,,,,,,112645.641475366,,Transport,False,FUCtex,True,,,,
FUCtex_reverse_num3,b0929,94.8168,,,,,,112645.641475366,,Transport,False,FUCtex,True,,,,
FUCtex_reverse_num4,b2215,96.2904209055866,,,,,,112645.641475366,,Transport,False,FUCtex,True,,,,
FUCtpp,b2801,23.0,4.1393,1.9852217,17.25525665283203,6.154294957250831,,112645.641475366,,Transport,False,FUCtpp,False,5.43511718032827,7.383518327520716,5.146797478625416,5.43511718032827
FUCtpp_reverse,b2801,23.0,0.8782,1.9852217,17.25525665283203,4.810772528691261,,112645.641475366,,Transport,False,FUCtpp,True,3.4684438887800413,6.232362720380823,3.3979971143456305,3.4684438887800413
FUM_num1,b4122,120.7983675600902,1.4882,11.563448,40.91352844238281,6.154294957250831,711.94,,711.94,Metabolic (Core),False,FUM,False,8.113317535285688,15.029867849908412,8.858871478625415,8.113317535285688
FUM_num2,b1612,121.175352563932,1.1482,9.72597,42.14790725708008,83.54885239895054,711.94,,711.94,Metabolic (Core),False,FUM,False,14.082077925058869,34.142732414007654,25.93693862854004,14.082077925058869
FUM_num3,b1611,128.2406734749161,1.0117,37.649143,439.45849609375,83.54885239895054,711.94,,711.94,Metabolic (Core),False,FUM,False,34.38874286125266,140.41704787317514,60.59899769947528,34.38874286125266
FUM_reverse_num1,b4122,120.7983675600902,,,,,711.94,,711.94,Metabolic (Reverse),False,FUM,True,,,,
FUM_reverse_num2,b1612,121.175352563932,,,,,711.94,,711.94,Metabolic (Reverse),False,FUM,True,,,,
FUM_reverse_num3,b1611,128.2406734749161,,,,,711.94,,711.94,Metabolic (Reverse),False,FUM,True,,,,
FUMt1pp,b1206,33.2825,,,,,,112645.641475366,,Metabolic (Core),False,FUMt1pp,False,,,,
FUMt1pp_reverse,b1206,33.2825,,,,,,112645.641475366,,Metabolic (Reverse),False,FUMt1pp,True,,,,
FUMt2_2pp,b3528,23.0,3.1002,44.693756,34.960540771484375,6.154294957250831,,112645.641475366,,Metabolic (Core),False,FUMt2_2pp,False,13.140087389307993,22.227197932183802,20.557417864367604,13.140087389307993
FUMt2_3pp_num1,b4123,23.0,1.0691,19.879072,10.387778282165527,5.300955207112856,,112645.641475366,,Metabolic (Core),False,FUMt2_3pp,False,5.848881338521248,9.159226372319596,7.844366744639192,5.848881338521248
FUMt2_3pp_num2,b4138,23.0,,11.051628,20.661272048950195,1.2556971297984412,,112645.641475366,,Metabolic (Core),False,FUMt2_3pp,False,6.594108243959039,10.989532392916212,11.051628,4.1149736060605315
FUMt2_3pp_num3,b0621,28.14125,,6.1287756,8.977588653564453,0.536723264075099,,112645.641475366,,Metabolic (Core),False,FUMt2_3pp,False,3.090968749621841,5.214362505879851,6.1287756,2.3311539785473316
FUMtex_num1,b1377,96.2904209055866,,,,,,112645.641475366,,Transport,False,FUMtex,False,,,,
FUMtex_num2,b0241,33.2825,,,,,,112645.641475366,,Transport,False,FUMtex,False,,,,
FUMtex_num3,b0929,94.8168,,,,,,112645.641475366,,Transport,False,FUMtex,False,,,,
FUMtex_num4,b2215,96.2904209055866,,,,,,112645.641475366,,Transport,False,FUMtex,False,,,,
FUMtex_reverse_num1,b1377,96.2904209055866,,,,,,112645.641475366,,Transport,False,FUMtex,True,,,,
FUMtex_reverse_num2,b0241,33.2825,,,,,,112645.641475366,,Transport,False,FUMtex,True,,,,
FUMtex_reverse_num3,b0929,94.8168,,,,,,112645.641475366,,Transport,False,FUMtex,True,,,,
FUMtex_reverse_num4,b2215,96.2904209055866,,,,,,112645.641475366,,Transport,False,FUMtex,True,,,,
FUSAtex_num1,b1377,96.2904209055866,,,,,,112645.641475366,,Transport,False,FUSAtex,False,,,,
FUSAtex_num2,b2215,96.2904209055866,,,,,,112645.641475366,,Transport,False,FUSAtex,False,,,,
FUSAtex_num3,b0929,94.8168,,,,,,112645.641475366,,Transport,False,FUSAtex,False,,,,
FUSAtex_num4,b0241,33.2825,,,,,,112645.641475366,,Transport,False,FUSAtex,False,,,,
FUSAtex_reverse_num1,b1377,96.2904209055866,,,,,,112645.641475366,,Transport,False,FUSAtex,True,,,,
FUSAtex_reverse_num2,b2215,96.2904209055866,,,,,,112645.641475366,,Transport,False,FUSAtex,True,,,,
FUSAtex_reverse_num3,b0929,94.8168,,,,,,112645.641475366,,Transport,False,FUSAtex,True,,,,
FUSAtex_reverse_num4,b0241,33.2825,,,,,,112645.641475366,,Transport,False,FUSAtex,True,,,,
FUSAtpp_num1,b3035 and b0463 and b0462,97.76404181117316,9.2107,4.2904243,42.18484115600586,5.983132975696,,112645.641475366,,Transport,True,FUSAtpp,False,9.993543070919104,15.417274607925465,7.5969164878479996,9.993543070919104
FUSAtpp_num2,b3035 and b0463 and b2470,149.80799644754114,,6.4552627,42.18484115600586,10.397610637812583,,112645.641475366,,Transport,True,FUSAtpp,False,14.14711757977971,19.679238164606147,10.397610637812583,7.294591433609223
Ftex_num1,b2215,96.2904209055866,,,,,,112645.641475366,,Transport,False,Ftex,False,,,,
Ftex_num2,b0241,33.2825,,,,,,112645.641475366,,Transport,False,Ftex,False,,,,
Ftex_num3,b0929,94.8168,,,,,,112645.641475366,,Transport,False,Ftex,False,,,,
Ftex_num4,b1377,96.2904209055866,,,,,,112645.641475366,,Transport,False,Ftex,False,,,,
Ftex_reverse_num1,b2215,96.2904209055866,,,,,,112645.641475366,,Transport,False,Ftex,True,,,,
Ftex_reverse_num2,b0241,33.2825,,,,,,112645.641475366,,Transport,False,Ftex,True,,,,
Ftex_reverse_num3,b0929,94.8168,,,,,,112645.641475366,,Transport,False,Ftex,True,,,,
Ftex_reverse_num4,b1377,96.2904209055866,,,,,,112645.641475366,,Transport,False,Ftex,True,,,,
Ftpp,b0624,33.2825,,,,,,112645.641475366,,Transport,False,Ftpp,False,,,,
G1PACT,b3730,98.49306668197664,35.4294,5.5297604,8.468145370483398,159.3097940994555,730.29,,730.29,Metabolic (Core),False,G1PACT,False,22.673847597998435,52.184274967484725,21.9487726852417,22.673847597998435
G1PP_num1,b3885,206.75125446366417,13.7262,1.3449012,9.530440330505373,33.66240634310002,117.0,,117.0,Metabolic (Core),False,G1PP,False,8.772526869426732,14.565986968401347,11.628320165252687,8.772526869426732
G1PP_num2,b2293,157.17088698230995,9.8683,2.7539678,10.54637622833252,8.645785370246568,117.0,,117.0,Metabolic (Core),False,G1PP,False,7.055490769320558,7.953607349644772,9.257042685123285,7.055490769320558
G1PP_num3,b3697,175.1936841441172,5.0932,4.3668857,39.77257537841797,8.645785370246568,117.0,,117.0,Metabolic (Core),False,G1PP,False,9.351637842230131,14.469611612166133,6.869492685123284,9.351637842230131
G1PPpp_num1,b1002,197.70251011777788,7.7255,24.619047,86.1111831665039,3.709008719383553,117.0,,117.0,Metabolic (Core),False,G1PPpp,False,15.699246598614922,30.541184721471865,16.1722735,15.699246598614922
G1PPpp_num2,b0383,205.72000000000008,,7.0613217,130.6346435546875,5.511913782654467,117.0,,117.0,Metabolic (Core),False,G1PPpp,False,17.19553104739296,47.73595967911399,7.0613217,8.444261898429522
G1PTT_num1,b2039,117.63095515668913,1.3898,3.8417833,12.419198036193848,33.66240634310002,,12.457142857142856,,Metabolic (Core),False,G1PTT,False,6.873548011545349,12.828296919823465,8.130490668096924,6.873548011545349
G1PTT_num2,b3789,97.76404181117316,2.3523,4.941865,12.43678379058838,69.5562354139795,,12.457142857142856,,Metabolic (Core),False,G1PTT,False,10.013984958478144,22.321796051141966,8.68932439529419,10.013984958478144
G1Ptex_num1,b1377,96.2904209055866,,,,,,112645.641475366,,Transport,False,G1Ptex,False,,,,
G1Ptex_num2,b0241,33.2825,,,,,,112645.641475366,,Transport,False,G1Ptex,False,,,,
G1Ptex_num3,b0929,94.8168,,,,,,112645.641475366,,Transport,False,G1Ptex,False,,,,
G1Ptex_num4,b2215,96.2904209055866,,,,,,112645.641475366,,Transport,False,G1Ptex,False,,,,
G1Ptex_reverse_num1,b1377,96.2904209055866,,,,,,112645.641475366,,Transport,False,G1Ptex,True,,,,
G1Ptex_reverse_num2,b0241,33.2825,,,,,,112645.641475366,,Transport,False,G1Ptex,True,,,,
G1Ptex_reverse_num3,b0929,94.8168,,,,,,112645.641475366,,Transport,False,G1Ptex,True,,,,
G1Ptex_reverse_num4,b2215,96.2904209055866,,,,,,112645.641475366,,Transport,False,G1Ptex,True,,,,
G1SAT,b0154,123.77764512125492,,,,,,0.51,,Metabolic (Core),False,G1SAT,False,,,,
G1SAT_reverse,b0154,123.77764512125492,,,,,,0.51,,Metabolic (Reverse),False,G1SAT,True,,,,
G2PP,b2533,189.6850202355557,5.0809,0.3943942,2.46583890914917,12.166493689076262,,,,Metabolic (Core),False,G2PP,False,2.784519898910558,5.026906699556358,3.773369454574585,2.784519898910558
G2PPpp_num1,b4055,222.8937010511005,2.2569,11.396507,11.405914306640623,19.340076933523704,,,,Metabolic (Core),False,G2PPpp,False,8.678968157260806,11.099849560041083,11.401210653320312,8.678968157260806
G2PPpp_num2,b0383,205.72000000000008,,13.082127,156.18138122558594,4.869782303147899,,,,Metabolic (Core),False,G2PPpp,False,21.50828202284298,58.04443017624462,13.082127,9.98744249614117
G3PAT120,b1094 and b4041,77.0261035910316,77030.5365,0.8790035,7.509454250335693,7.198881129148654,2641.9088510416664,,2641.9088510416664,Metabolic (Core),True,G3PAT120,False,43.74029686726702,19261.530959719872,7.354167689742173,43.74029686726702
G3PAT140,b1094 and b4041,77.0261035910316,275.4998,0.8790035,6.867886543273926,13.9370824022727,2641.9088510416664,,2641.9088510416664,Metabolic (Core),True,G3PAT140,False,12.338907770489932,74.29594311138666,10.402484472773313,12.338907770489932
G3PAT141,b1094 and b4041,77.0261035910316,8.9937,0.8790035,14.468218803405762,5.055499639337729,2641.9088510416664,,2641.9088510416664,Metabolic (Core),True,G3PAT141,False,4.903735514341085,7.349105485685873,7.024599819668865,4.903735514341085
G3PAT160,b1094 and b4041,77.0261035910316,253.747,0.8790035,14.468218803405762,2.9104181261561552,2641.9088510416664,,2641.9088510416664,Metabolic (Core),True,G3PAT160,False,9.844428154575786,68.00116010739049,8.689318464780959,9.844428154575786
G3PAT161,b1094 and b4041,77.0261035910316,107.3118,0.8790035,14.468218803405762,7.593811851739925,2641.9088510416664,,2641.9088510416664,Metabolic (Core),True,G3PAT161,False,10.089699830737363,32.56320853878642,11.031015327572844,10.089699830737363
G3PAT180,b1094 and b4041,77.0261035910316,16.8422,0.8790035,6.47092342376709,7.497355702650688,2641.9088510416664,,2641.9088510416664,Metabolic (Core),True,G3PAT180,False,5.176854396422621,7.922370656604444,6.984139563208888,5.176854396422621
G3PAT181,b1094 and b4041,77.0261035910316,10.6933,0.8790035,14.468218803405762,4.61860532862731,2641.9088510416664,,2641.9088510416664,Metabolic (Core),True,G3PAT181,False,5.006187009397113,7.664781908008268,7.655952664313656,5.006187009397113
G3PCabcpp,b3453 and b3450 and b3451 and b3452,124.33102801558226,18.4611,4.3894687,8.750226020812988,5.160646713364276,,112645.641475366,,Metabolic (Core),True,G3PCabcpp,False,7.777647085230461,9.190360358544314,6.955436367088632,7.777647085230461
G3PCtex_num1,b1377,96.2904209055866,,,,,,112645.641475366,,Transport,False,G3PCtex,False,,,,
G3PCtex_num2,b0241,33.2825,,,,,,112645.641475366,,Transport,False,G3PCtex,False,,,,
G3PCtex_num3,b0929,94.8168,,,,,,112645.641475366,,Transport,False,G3PCtex,False,,,,
G3PCtex_num4,b2215,96.2904209055866,,,,,,112645.641475366,,Transport,False,G3PCtex,False,,,,
G3PCtex_reverse_num1,b1377,96.2904209055866,,,,,,112645.641475366,,Transport,False,G3PCtex,True,,,,
G3PCtex_reverse_num2,b0241,33.2825,,,,,,112645.641475366,,Transport,False,G3PCtex,True,,,,
G3PCtex_reverse_num3,b0929,94.8168,,,,,,112645.641475366,,Transport,False,G3PCtex,True,,,,
G3PCtex_reverse_num4,b2215,96.2904209055866,,,,,,112645.641475366,,Transport,False,G3PCtex,True,,,,
G3PD2,b3608,136.71153247522938,0.5601,84.425446,95.45109558105467,2.9633630070897,,,,Metabolic (Core),False,G3PD2,False,10.754152165750376,45.850001147036096,43.694404503544845,10.754152165750376
G3PD2_reverse,b3608,136.71153247522938,11.4197,119.18326,75.05875396728516,29.39165891366132,,,,Metabolic (Reverse),False,G3PD2,True,41.62687906002479,58.76334322023662,52.22520644047324,41.62687906002479
G3PD5_num1,b2242 and b2243 and b2241,130.31931091954138,12.0468,3.2860243,23.871240615844727,4.505918121530305,,112645.641475366,,Metabolic (Core),True,G3PD5,False,8.077931931514195,10.927495759343758,8.276359060765152,8.077931931514195
G3PD5_num2,b3426,124.73964281862038,11.2145,15.998874,31.296167373657227,6.029423425870919,,112645.641475366,,Metabolic (Core),False,G3PD5,False,13.564664862639708,16.134741199882036,13.606687,13.564664862639708
G3PD6,b2242 and b2243 and b2241,130.31931091954138,5581.1557,1.1057322,24.592544555664062,4.505918121530305,,112645.641475366,,Metabolic (Core),True,G3PD6,False,28.756777322016553,1402.8399737192985,14.549231338597185,28.756777322016553
G3PD7,b2242 and b2243 and b2241,130.31931091954138,12.0215,3.2860243,24.592544555664062,4.505918121530305,33.3,,33.3,Metabolic (Core),True,G3PD7,False,8.133997761137223,11.101496744298592,8.263709060765152,8.133997761137223
G3PEabcpp,b3453 and b3450 and b3451 and b3452,124.33102801558226,30.6296,2.5903707,8.750226020812988,3.0876692428883983,,112645.641475366,,Metabolic (Core),True,G3PEabcpp,False,6.804376277325513,11.264466490925345,5.918947631850694,6.804376277325513
G3PEtex_num1,b2215,96.2904209055866,,,,,,112645.641475366,,Transport,False,G3PEtex,False,,,,
G3PEtex_num2,b0929,94.8168,,,,,,112645.641475366,,Transport,False,G3PEtex,False,,,,
G3PEtex_num3,b1377,96.2904209055866,,,,,,112645.641475366,,Transport,False,G3PEtex,False,,,,
G3PEtex_num4,b0241,33.2825,,,,,,112645.641475366,,Transport,False,G3PEtex,False,,,,
G3PEtex_reverse_num1,b2215,96.2904209055866,,,,,,112645.641475366,,Transport,False,G3PEtex,True,,,,
G3PEtex_reverse_num2,b0929,94.8168,,,,,,112645.641475366,,Transport,False,G3PEtex,True,,,,
G3PEtex_reverse_num3,b1377,96.2904209055866,,,,,,112645.641475366,,Transport,False,G3PEtex,True,,,,
G3PEtex_reverse_num4,b0241,33.2825,,,,,,112645.641475366,,Transport,False,G3PEtex,True,,,,
G3PGabcpp,b3453 and b3450 and b3451 and b3452,124.33102801558226,13.7509,3.687895,8.750226020812988,8.126022089600111,,112645.641475366,,Metabolic (Core),True,G3PGabcpp,False,7.749108383880673,8.578760777603275,8.43812405520655,7.749108383880673
G3PGtex_num1,b1377,96.2904209055866,,,,,,112645.641475366,,Transport,False,G3PGtex,False,,,,
G3PGtex_num2,b0241,33.2825,,,,,,112645.641475366,,Transport,False,G3PGtex,False,,,,
G3PGtex_num3,b0929,94.8168,,,,,,112645.641475366,,Transport,False,G3PGtex,False,,,,
G3PGtex_num4,b2215,96.2904209055866,,,,,,112645.641475366,,Transport,False,G3PGtex,False,,,,
G3PGtex_reverse_num1,b1377,96.2904209055866,,,,,,112645.641475366,,Transport,False,G3PGtex,True,,,,
G3PGtex_reverse_num2,b0241,33.2825,,,,,,112645.641475366,,Transport,False,G3PGtex,True,,,,
G3PGtex_reverse_num3,b0929,94.8168,,,,,,112645.641475366,,Transport,False,G3PGtex,True,,,,
G3PGtex_reverse_num4,b2215,96.2904209055866,,,,,,112645.641475366,,Transport,False,G3PGtex,True,,,,
G3PIabcpp,b3453 and b3450 and b3451 and b3452,124.33102801558226,6.9728,,8.750226020812988,5.837987692151454,,112645.641475366,,Metabolic (Core),True,G3PIabcpp,False,7.088644850787861,7.187004570988147,6.9728,4.344326062480285
G3PItex_num1,b1377,96.2904209055866,,,,,,112645.641475366,,Transport,False,G3PItex,False,,,,
G3PItex_num2,b0241,33.2825,,,,,,112645.641475366,,Transport,False,G3PItex,False,,,,
G3PItex_num3,b0929,94.8168,,,,,,112645.641475366,,Transport,False,G3PItex,False,,,,
G3PItex_num4,b2215,96.2904209055866,,,,,,112645.641475366,,Transport,False,G3PItex,False,,,,
G3PItex_reverse_num1,b1377,96.2904209055866,,,,,,112645.641475366,,Transport,False,G3PItex,True,,,,
G3PItex_reverse_num2,b0241,33.2825,,,,,,112645.641475366,,Transport,False,G3PItex,True,,,,
G3PItex_reverse_num3,b0929,94.8168,,,,,,112645.641475366,,Transport,False,G3PItex,True,,,,
G3PItex_reverse_num4,b2215,96.2904209055866,,,,,,112645.641475366,,Transport,False,G3PItex,True,,,,
G3PSabcpp,b3453 and b3450 and b3451 and b3452,124.33102801558226,366.6421,5.8332434,8.750226020812988,6.481120339900238,,112645.641475366,,Metabolic (Core),True,G3PSabcpp,False,18.661882327092933,96.92667244017832,7.615673180356613,18.661882327092933
G3PStex_num1,b1377,96.2904209055866,,,,,,112645.641475366,,Transport,False,G3PStex,False,,,,
G3PStex_num2,b0241,33.2825,,,,,,112645.641475366,,Transport,False,G3PStex,False,,,,
G3PStex_num3,b0929,94.8168,,,,,,112645.641475366,,Transport,False,G3PStex,False,,,,
G3PStex_num4,b2215,96.2904209055866,,,,,,112645.641475366,,Transport,False,G3PStex,False,,,,
G3PStex_reverse_num1,b1377,96.2904209055866,,,,,,112645.641475366,,Transport,False,G3PStex,True,,,,
G3PStex_reverse_num2,b0241,33.2825,,,,,,112645.641475366,,Transport,False,G3PStex,True,,,,
G3PStex_reverse_num3,b0929,94.8168,,,,,,112645.641475366,,Transport,False,G3PStex,True,,,,
G3PStex_reverse_num4,b2215,96.2904209055866,,,,,,112645.641475366,,Transport,False,G3PStex,True,,,,
G3PT_num1,b0822,173.42795360893282,3.3371,3.4010992,9.025126457214355,4.505918121530305,160.0,,160.0,Metabolic (Core),False,G3PT,False,4.635069792773346,5.067310944686165,3.9535086607651526,4.635069792773346
G3PT_num2,b0675,120.62029370469924,3.0877,1.6726156,2.7071428298950195,16.10528181133384,160.0,,160.0,Metabolic (Core),False,G3PT,False,3.873715174017258,5.893185060307214,2.8974214149475097,3.873715174017258
G5SD,b0243,160.70234805267864,14.9594,21.434328,15.872682571411133,5.754936161343298,,,,Metabolic (Core),False,G5SD,False,13.082137882880435,14.505336683188608,15.416041285705568,13.082137882880435
G6PDA,b0678,150.05399822377058,1.4502,24.191813,192.3661651611328,3.017902273837988,259.04285714285714,,259.04285714285714,Metabolic (Core),False,G6PDA,False,11.946276002350496,55.2565201087427,13.604857636918993,11.946276002350496
G6PDH2r,b1852,179.45385264683853,119.4937,29.882736,217.6114654541016,4.969088056880007,167.16666666666666,,167.16666666666666,Metabolic (Core),False,G6PDH2r,False,44.32828795789164,92.9892473777454,74.688218,44.32828795789164
G6PDH2r_reverse,b1852,179.45385264683853,11.3787,41.11865,106.51189422607422,5.359793510374774,167.16666666666666,,167.16666666666666,Metabolic (Reverse),False,G6PDH2r,True,22.733662876755297,41.09225943411225,26.248675000000002,22.733662876755297
G6PP_num1,b3826,173.42795360893282,4.7317,3.169363,18.896074295043945,3.3994228655129484,,700.0,,Metabolic (Core),False,G6PP,False,5.571106889220741,7.549140040139224,4.065561432756474,5.571106889220741
G6PP_num2,b0822,173.42795360893282,,2.8476603,9.025126457214355,4.69157887104192,,700.0,,Metabolic (Core),False,G6PP,False,4.940302014871082,5.521455209418758,4.69157887104192,3.313714777799575
G6PP_num3,b2293,157.17088698230995,,2.1540968,8.311429977416992,4.69157887104192,,700.0,,Metabolic (Core),False,G6PP,False,4.379454270619037,5.052368549486304,4.69157887104192,3.027366472672502
G6Pt6_2pp,b3666,23.0,93.6355,1.2426851,8.987629890441895,4.72710988872269,,112645.641475366,,Metabolic (Core),False,G6Pt6_2pp,False,8.38514594130933,27.148231219791146,6.8573698895822925,8.38514594130933
G6Ptex_num1,b1377,96.2904209055866,,,,,,112645.641475366,,Transport,False,G6Ptex,False,,,,
G6Ptex_num2,b0241,33.2825,,,,,,112645.641475366,,Transport,False,G6Ptex,False,,,,
G6Ptex_num3,b0929,94.8168,,,,,,112645.641475366,,Transport,False,G6Ptex,False,,,,
G6Ptex_num4,b2215,96.2904209055866,,,,,,112645.641475366,,Transport,False,G6Ptex,False,,,,
G6Ptex_reverse_num1,b1377,96.2904209055866,,,,,,112645.641475366,,Transport,False,G6Ptex,True,,,,
G6Ptex_reverse_num2,b0241,33.2825,,,,,,112645.641475366,,Transport,False,G6Ptex,True,,,,
G6Ptex_reverse_num3,b0929,94.8168,,,,,,112645.641475366,,Transport,False,G6Ptex,True,,,,
G6Ptex_reverse_num4,b2215,96.2904209055866,,,,,,112645.641475366,,Transport,False,G6Ptex,True,,,,
GAL1PPpp,b1002,197.70251011777788,10.1085,24.619047,86.1111831665039,12.39078414720572,,,,Metabolic (Core),False,GAL1PPpp,False,22.700168201422706,33.307378578427404,18.504915573602858,22.700168201422706
GAL1Ptex_num1,b1377,96.2904209055866,,,,,,112645.641475366,,Transport,False,GAL1Ptex,False,,,,
GAL1Ptex_num2,b0241,33.2825,,,,,,112645.641475366,,Transport,False,GAL1Ptex,False,,,,
GAL1Ptex_num3,b0929,94.8168,,,,,,112645.641475366,,Transport,False,GAL1Ptex,False,,,,
GAL1Ptex_num4,b2215,96.2904209055866,,,,,,112645.641475366,,Transport,False,GAL1Ptex,False,,,,
GAL1Ptex_reverse_num1,b1377,96.2904209055866,,,,,,112645.641475366,,Transport,False,GAL1Ptex,True,,,,
GAL1Ptex_reverse_num2,b0241,33.2825,,,,,,112645.641475366,,Transport,False,GAL1Ptex,True,,,,
GAL1Ptex_reverse_num3,b0929,94.8168,,,,,,112645.641475366,,Transport,False,GAL1Ptex,True,,,,
GAL1Ptex_reverse_num4,b2215,96.2904209055866,,,,,,112645.641475366,,Transport,False,GAL1Ptex,True,,,,
GALBDtex_num1,b0929,94.8168,,,,,,112645.641475366,,Transport,False,GALBDtex,False,,,,
GALBDtex_num2,b2215,96.2904209055866,,,,,,112645.641475366,,Transport,False,GALBDtex,False,,,,
GALBDtex_num3,b0241,33.2825,,,,,,112645.641475366,,Transport,False,GALBDtex,False,,,,
GALBDtex_num4,b1377,96.2904209055866,,,,,,112645.641475366,,Transport,False,GALBDtex,False,,,,
GALBDtex_reverse_num1,b0929,94.8168,,,,,,112645.641475366,,Transport,False,GALBDtex,True,,,,
GALBDtex_reverse_num2,b2215,96.2904209055866,,,,,,112645.641475366,,Transport,False,GALBDtex,True,,,,
GALBDtex_reverse_num3,b0241,33.2825,,,,,,112645.641475366,,Transport,False,GALBDtex,True,,,,
GALBDtex_reverse_num4,b1377,96.2904209055866,,,,,,112645.641475366,,Transport,False,GALBDtex,True,,,,
GALCTD,b3128,121.23861216232469,,,,,22.0,,22.0,Metabolic (Core),False,GALCTD,False,,,,
GALCTLO,b4358,130.15983707102805,1.0159,13.44841,60.77399063110352,3.1291870262378727,,,,Metabolic (Core),False,GALCTLO,False,7.139499938547873,19.59187191433535,8.288798513118937,7.139499938547873
GALCTND,b4478,149.80799644754114,,,,,,1.08,,Metabolic (Core),False,GALCTND,False,,,,
GALCTNLt2pp,b4356,23.0,23.1304,3.6422143,14.8695707321167,1.3310477468099775,,112645.641475366,,Metabolic (Core),False,GALCTNLt2pp,False,6.390137099920524,10.74330819473167,9.25589251605835,6.390137099920524
GALCTNLtex_num1,b0929,94.8168,,,,,,112645.641475366,,Transport,False,GALCTNLtex,False,,,,
GALCTNLtex_num2,b2215,96.2904209055866,,,,,,112645.641475366,,Transport,False,GALCTNLtex,False,,,,
GALCTNLtex_num3,b1377,96.2904209055866,,,,,,112645.641475366,,Transport,False,GALCTNLtex,False,,,,
GALCTNLtex_num4,b0241,33.2825,,,,,,112645.641475366,,Transport,False,GALCTNLtex,False,,,,
GALCTNLtex_reverse_num1,b0929,94.8168,,,,,,112645.641475366,,Transport,False,GALCTNLtex,True,,,,
GALCTNLtex_reverse_num2,b2215,96.2904209055866,,,,,,112645.641475366,,Transport,False,GALCTNLtex,True,,,,
GALCTNLtex_reverse_num3,b1377,96.2904209055866,,,,,,112645.641475366,,Transport,False,GALCTNLtex,True,,,,
GALCTNLtex_reverse_num4,b0241,33.2825,,,,,,112645.641475366,,Transport,False,GALCTNLtex,True,,,,
GALCTNt2pp,b3691,23.0,5.9181,5.1328936,14.010107040405272,3.0734277155319725,,112645.641475366,,Metabolic (Core),False,GALCTNt2pp,False,6.013845332422027,7.033632088984311,5.5254968,6.013845332422027
GALCTNtex_num1,b1377,96.2904209055866,,,,,,112645.641475366,,Transport,False,GALCTNtex,False,,,,
GALCTNtex_num2,b0241,33.2825,,,,,,112645.641475366,,Transport,False,GALCTNtex,False,,,,
GALCTNtex_num3,b0929,94.8168,,,,,,112645.641475366,,Transport,False,GALCTNtex,False,,,,
GALCTNtex_num4,b2215,96.2904209055866,,,,,,112645.641475366,,Transport,False,GALCTNtex,False,,,,
GALCTNtex_reverse_num1,b1377,96.2904209055866,,,,,,112645.641475366,,Transport,False,GALCTNtex,True,,,,
GALCTNtex_reverse_num2,b0241,33.2825,,,,,,112645.641475366,,Transport,False,GALCTNtex,True,,,,
GALCTNtex_reverse_num3,b0929,94.8168,,,,,,112645.641475366,,Transport,False,GALCTNtex,True,,,,
GALCTNtex_reverse_num4,b2215,96.2904209055866,,,,,,112645.641475366,,Transport,False,GALCTNtex,True,,,,
GALCTt2rpp_num1,b2789,23.0,13.9216,20.117376,19.437274932861328,5.871081732760222,,112645.641475366,,Metabolic (Core),False,GALCTt2rpp,False,13.37068006524501,14.836833166405388,16.679437466430663,13.37068006524501
GALCTt2rpp_num2,b3127,23.0,,12.388634,15.794880867004396,9.661923757639329,,112645.641475366,,Metabolic (Core),False,GALCTt2rpp,False,12.365199504156948,12.615146208214576,12.388634,6.594028894459869
GALCTt2rpp_reverse_num1,b2789,23.0,1.4303,20.117376,19.437274932861328,8.515326148078657,,112645.641475366,,Metabolic (Reverse),False,GALCTt2rpp,True,8.307278761197942,12.375069270234995,13.976300540469992,8.307278761197942
GALCTt2rpp_reverse_num2,b3127,23.0,,12.388634,15.794880867004396,3.2812691875889777,,112645.641475366,,Metabolic (Reverse),False,GALCTt2rpp,True,8.627014855248275,10.488261351531126,12.388634,5.033793659652027
GALCTtex_num1,b1377,96.2904209055866,,,,,,112645.641475366,,Transport,False,GALCTtex,False,,,,
GALCTtex_num2,b0241,33.2825,,,,,,112645.641475366,,Transport,False,GALCTtex,False,,,,
GALCTtex_num3,b0929,94.8168,,,,,,112645.641475366,,Transport,False,GALCTtex,False,,,,
GALCTtex_num4,b2215,96.2904209055866,,,,,,112645.641475366,,Transport,False,GALCTtex,False,,,,
GALCTtex_reverse_num1,b1377,96.2904209055866,,,,,,112645.641475366,,Transport,False,GALCTtex,True,,,,
GALCTtex_reverse_num2,b0241,33.2825,,,,,,112645.641475366,,Transport,False,GALCTtex,True,,,,
GALCTtex_reverse_num3,b0929,94.8168,,,,,,112645.641475366,,Transport,False,GALCTtex,True,,,,
GALCTtex_reverse_num4,b2215,96.2904209055866,,,,,,112645.641475366,,Transport,False,GALCTtex,True,,,,
GALKr,b0757,143.92573340895575,4.2818,0.5228096,3.602996826171875,19.340076933523704,16231.45,,16231.45,Metabolic (Core),False,GALKr,False,3.5340525425321285,6.936920839923895,3.9423984130859373,3.5340525425321285
GALKr_reverse,b0757,143.92573340895575,2.7496,0.57536316,5.465901851654053,8.135649937618254,16231.45,,16231.45,Metabolic (Reverse),False,GALKr,True,2.896119068721388,4.2316287373180765,4.107750925827027,2.896119068721388
GALM2pp,b0756,149.80799644754114,,,,,15099.75,,15099.75,Metabolic (Core),False,GALM2pp,False,,,,
GALS3,b4119,124.73964281862038,8.4714,1.0949519,17.609638214111328,6.017643171845462,46182298.333333336,,46182298.333333336,Metabolic (Core),False,GALS3,False,5.5992746923934975,8.298408321489198,7.2445215859227305,5.5992746923934975
GALT1,b3628,77.65641666666666,19.7853,1.8109659,6.409515857696533,4.869782303147899,,112645.641475366,,Metabolic (Core),False,GALT1,False,5.782916499447944,8.218891015211108,5.639649080422216,5.782916499447944
GALTptspp,b2093 and b2415 and b2092 and b2094 and b2416,157.17088698230995,21.366,0.96225995,34.994239807128906,20.83005914936328,,112645.641475366,,Metabolic (Core),True,GALTptspp,False,11.064344138483543,19.538139726623047,21.09802957468164,11.064344138483543
GALTtex_num1,b1377,96.2904209055866,,,,,,112645.641475366,,Transport,False,GALTtex,False,,,,
GALTtex_num2,b0241,33.2825,,,,,,112645.641475366,,Transport,False,GALTtex,False,,,,
GALTtex_num3,b0929,94.8168,,,,,,112645.641475366,,Transport,False,GALTtex,False,,,,
GALTtex_num4,b2215,96.2904209055866,,,,,,112645.641475366,,Transport,False,GALTtex,False,,,,
GALTtex_reverse_num1,b1377,96.2904209055866,,,,,,112645.641475366,,Transport,False,GALTtex,True,,,,
GALTtex_reverse_num2,b0241,33.2825,,,,,,112645.641475366,,Transport,False,GALTtex,True,,,,
GALTtex_reverse_num3,b0929,94.8168,,,,,,112645.641475366,,Transport,False,GALTtex,True,,,,
GALTtex_reverse_num4,b2215,96.2904209055866,,,,,,112645.641475366,,Transport,False,GALTtex,True,,,,
GALURt2rpp,b3093,23.0,18.8292,2.4142485,13.599187850952148,18.05149927356397,,112645.641475366,,Metabolic (Core),False,GALURt2rpp,False,10.278033347894413,13.22353390612903,15.825343562258059,10.278033347894413
GALURt2rpp_reverse,b3093,23.0,0.2479,2.4142485,13.599187850952148,4.156262642575966,,112645.641475366,,Metabolic (Reverse),False,GALURt2rpp,True,2.4116740670633137,5.104399748382029,3.2852555712879825,2.4116740670633137
GALURtex_num1,b1377,96.2904209055866,,,,,,112645.641475366,,Transport,False,GALURtex,False,,,,
GALURtex_num2,b0241,33.2825,,,,,,112645.641475366,,Transport,False,GALURtex,False,,,,
GALURtex_num3,b0929,94.8168,,,,,,112645.641475366,,Transport,False,GALURtex,False,,,,
GALURtex_num4,b2215,96.2904209055866,,,,,,112645.641475366,,Transport,False,GALURtex,False,,,,
GALURtex_reverse_num1,b1377,96.2904209055866,,,,,,112645.641475366,,Transport,False,GALURtex,True,,,,
GALURtex_reverse_num2,b0241,33.2825,,,,,,112645.641475366,,Transport,False,GALURtex,True,,,,
GALURtex_reverse_num3,b0929,94.8168,,,,,,112645.641475366,,Transport,False,GALURtex,True,,,,
GALURtex_reverse_num4,b2215,96.2904209055866,,,,,,112645.641475366,,Transport,False,GALURtex,True,,,,
GALUi,b1236,121.23861216232469,0.6239,2.8486369,28.634557723999023,1.093068402983836,10453.594666666666,,10453.594666666666,Metabolic (Core),False,GALUi,False,2.7310048746944378,8.300040756745716,1.970852651491918,2.7310048746944378
GALabcpp_num1,b2149 and b2148 and b2150,97.76404181117316,15.4804,6.139834,4.179769039154053,7.228125235384933,,,,Metabolic (Core),True,GALabcpp,False,7.3203052355648355,8.257032068634746,6.683979617692467,7.3203052355648355
GALabcpp_num2,b4485 and b4227 and b4230 and b4231,149.80799644754114,,5.203415,4.520028591156006,15.77574159368995,,,,Metabolic (Core),True,GALabcpp,False,7.185767206225675,8.499728394948653,5.203415,4.388891631766275
GALt2pp,b2943,23.0,0.4176,14.168937,13.797069549560549,0.46698776600873,,112645.641475366,,Metabolic (Core),False,GALt2pp,False,2.4848348474990516,7.21264857889232,7.132028657784639,2.4848348474990516
GALtex_num1,b1377,96.2904209055866,,,,,,112645.641475366,,Transport,False,GALtex,False,,,,
GALtex_num2,b0241,33.2825,,,,,,112645.641475366,,Transport,False,GALtex,False,,,,
GALtex_num3,b0929,94.8168,,,,,,112645.641475366,,Transport,False,GALtex,False,,,,
GALtex_num4,b2215,96.2904209055866,,,,,,112645.641475366,,Transport,False,GALtex,False,,,,
GALtex_reverse_num1,b1377,96.2904209055866,,,,,,112645.641475366,,Transport,False,GALtex,True,,,,
GALtex_reverse_num2,b0241,33.2825,,,,,,112645.641475366,,Transport,False,GALtex,True,,,,
GALtex_reverse_num3,b0929,94.8168,,,,,,112645.641475366,,Transport,False,GALtex,True,,,,
GALtex_reverse_num4,b2215,96.2904209055866,,,,,,112645.641475366,,Transport,False,GALtex,True,,,,
GAM6Pt6_2pp,b3666,23.0,1.6841,3.0266292,8.987629890441895,3.9655254961728224,,112645.641475366,,Metabolic (Core),False,GAM6Pt6_2pp,False,3.6712863112980383,4.415971146653679,3.496077348086411,3.6712863112980383
GAMAN6Ptex_num1,b1377,96.2904209055866,,,,,,112645.641475366,,Transport,False,GAMAN6Ptex,False,,,,
GAMAN6Ptex_num2,b0241,33.2825,,,,,,112645.641475366,,Transport,False,GAMAN6Ptex,False,,,,
GAMAN6Ptex_num3,b0929,94.8168,,,,,,112645.641475366,,Transport,False,GAMAN6Ptex,False,,,,
GAMAN6Ptex_num4,b2215,96.2904209055866,,,,,,112645.641475366,,Transport,False,GAMAN6Ptex,False,,,,
GAMAN6Ptex_reverse_num1,b1377,96.2904209055866,,,,,,112645.641475366,,Transport,False,GAMAN6Ptex,True,,,,
GAMAN6Ptex_reverse_num2,b0241,33.2825,,,,,,112645.641475366,,Transport,False,GAMAN6Ptex,True,,,,
GAMAN6Ptex_reverse_num3,b0929,94.8168,,,,,,112645.641475366,,Transport,False,GAMAN6Ptex,True,,,,
GAMAN6Ptex_reverse_num4,b2215,96.2904209055866,,,,,,112645.641475366,,Transport,False,GAMAN6Ptex,True,,,,
GAMptspp,b1817 and b2416 and b2415 and b1819 and b1818,152.62479040685164,31.4361,0.96225995,10.40248680114746,5.511913782654467,,112645.641475366,,Metabolic (Core),True,GAMptspp,False,6.453423486569074,12.078190133450482,7.957200291900963,6.453423486569074
GAMtex_num1,b1377,96.2904209055866,,,,,,112645.641475366,,Transport,False,GAMtex,False,,,,
GAMtex_num2,b0241,33.2825,,,,,,112645.641475366,,Transport,False,GAMtex,False,,,,
GAMtex_num3,b0929,94.8168,,,,,,112645.641475366,,Transport,False,GAMtex,False,,,,
GAMtex_num4,b2215,96.2904209055866,,,,,,112645.641475366,,Transport,False,GAMtex,False,,,,
GAMtex_reverse_num1,b1377,96.2904209055866,,,,,,112645.641475366,,Transport,False,GAMtex,True,,,,
GAMtex_reverse_num2,b0241,33.2825,,,,,,112645.641475366,,Transport,False,GAMtex,True,,,,
GAMtex_reverse_num3,b0929,94.8168,,,,,,112645.641475366,,Transport,False,GAMtex,True,,,,
GAMtex_reverse_num4,b2215,96.2904209055866,,,,,,112645.641475366,,Transport,False,GAMtex,True,,,,
GAPD,b1779,115.69288473855742,4.7005,5.0541663,37.374267578125,18.05149927356397,,999.0,,Metabolic (Core),False,GAPD,False,11.251745187573768,16.29510828792224,11.552832786781984,11.251745187573768
GAPD_reverse,b1779,115.69288473855742,11.7552,2.276934,29.60462760925293,6.046301810920078,,999.0,,Metabolic (Reverse),False,GAPD,True,8.31969628224806,12.420765855043252,8.90075090546004,8.31969628224806
GAPP,b1727,149.80799644754114,1.5355,2.4035869,5.567705154418945,14.530183055053186,,112645.641475366,,Metabolic (Core),False,GAPP,False,4.156848923944919,6.009243777368033,3.985646027209473,4.156848923944919
GARFT,b2500,152.62479040685164,18.973,10.316574,14.274473190307615,6.215517309103734,15.613125,,15.613125,Metabolic (Core),False,GARFT,False,11.479612235361643,12.444891124852836,12.295523595153806,11.479612235361643
GARFT_reverse,b2500,152.62479040685164,71.3661,1.0008078,9.437145233154297,7.228125235384933,15.613125,,15.613125,Metabolic (Reverse),False,GARFT,True,8.354630328836613,22.25804456713481,8.332635234269615,8.354630328836613
GART,b1849,115.69288473855748,36.21,4.772751,7.235834121704102,6.215517309103734,,,,Metabolic (Core),False,GART,False,9.389463891905233,13.608525607701958,6.725675715403918,9.389463891905233
GBBTNtex_num1,b1377,96.2904209055866,,,,,,112645.641475366,,Transport,False,GBBTNtex,False,,,,
GBBTNtex_num2,b0241,33.2825,,,,,,112645.641475366,,Transport,False,GBBTNtex,False,,,,
GBBTNtex_num3,b0929,94.8168,,,,,,112645.641475366,,Transport,False,GBBTNtex,False,,,,
GBBTNtex_num4,b2215,96.2904209055866,,,,,,112645.641475366,,Transport,False,GBBTNtex,False,,,,
GBBTNtex_reverse_num1,b1377,96.2904209055866,,,,,,112645.641475366,,Transport,False,GBBTNtex,True,,,,
GBBTNtex_reverse_num2,b0241,33.2825,,,,,,112645.641475366,,Transport,False,GBBTNtex,True,,,,
GBBTNtex_reverse_num3,b0929,94.8168,,,,,,112645.641475366,,Transport,False,GBBTNtex,True,,,,
GBBTNtex_reverse_num4,b2215,96.2904209055866,,,,,,112645.641475366,,Transport,False,GBBTNtex,True,,,,
GCALDD,b1415,136.2454183611817,21.2776,17.762388,565.6089477539062,7.897718004824455,,,,Metabolic (Core),False,GCALDD,False,36.046281645136084,153.13666343968268,19.519994,36.046281645136084
GDMANE,b2052,151.18324760891227,,,,,,112645.641475366,,Metabolic (Core),False,GDMANE,False,,,,
GDPDPK_num1,b2784,122.42412220751704,,,,,,73.0,,Metabolic (Core),False,GDPDPK,False,,,,
GDPDPK_num2,b3650,169.7465083415484,,,,,,73.0,,Metabolic (Core),False,GDPDPK,False,,,,
GDPMNH,b2051,152.62479040685164,1.1929,0.45364717,1.5478078126907349,5.688412376681967,,112645.641475366,,Metabolic (Core),False,GDPMNH,False,1.4774322948105656,2.2206918398431754,1.3703539063453674,1.4774322948105656
GDPMNP,b2467,121.20698236312832,21.1682,10.056244,62.48566818237305,7.860189042422557,,,,Metabolic (Core),False,GDPMNP,False,17.98180507227237,25.392575306198903,15.612222,17.98180507227237
GDPTPDP,b3650,169.7465083415484,76.9646,0.44711304,4.290266036987305,3.802692970292663,,2.264,,Metabolic (Core),False,GDPTPDP,False,4.867668112754332,21.376168011819995,4.046479503639984,4.867668112754332
GDPtex_num1,b2215,96.2904209055866,,,,,,112645.641475366,,Transport,False,GDPtex,False,,,,
GDPtex_num2,b0929,94.8168,,,,,,112645.641475366,,Transport,False,GDPtex,False,,,,
GDPtex_num3,b1377,96.2904209055866,,,,,,112645.641475366,,Transport,False,GDPtex,False,,,,
GDPtex_num4,b0241,33.2825,,,,,,112645.641475366,,Transport,False,GDPtex,False,,,,
GDPtex_reverse_num1,b2215,96.2904209055866,,,,,,112645.641475366,,Transport,False,GDPtex,True,,,,
GDPtex_reverse_num2,b0929,94.8168,,,,,,112645.641475366,,Transport,False,GDPtex,True,,,,
GDPtex_reverse_num3,b1377,96.2904209055866,,,,,,112645.641475366,,Transport,False,GDPtex,True,,,,
GDPtex_reverse_num4,b0241,33.2825,,,,,,112645.641475366,,Transport,False,GDPtex,True,,,,
GF6PTA,b3729,115.69288473855744,11.5776,6.329705,15.781052589416504,6.9899481650584585,13.229524285714286,,13.229524285714286,Metabolic (Core),False,GF6PTA,False,9.482066204262617,10.16957643861874,9.283774082529229,9.482066204262617
GGGABADr,b1300,149.80799644754114,11.3485,19.748177,13.98477268218994,5.755455404706444,,,,Metabolic (Core),False,GGGABADr,False,11.589111584223776,12.709226271724097,12.66663634109497,11.589111584223776
GGGABAH,b1298,121.23861216232469,123.7416,6.064143,7.064861297607422,3.3532252999997976,,,,Metabolic (Core),False,GGGABAH,False,11.54683297597618,35.055957399401805,6.564502148803711,11.54683297597618
GGPTRCO,b1301,120.42138255624845,104.9765,10.842815,41.24076843261719,5.809898887901974,,112645.641475366,,Metabolic (Core),False,GGPTRCO,False,22.852428824892336,40.71749558012979,26.041791716308595,22.852428824892336
GGPTRCS,b1297,118.43411865124476,23.1115,23.440184,11.313726425170898,1.7950600977119433,,5.94,,Metabolic (Core),False,GGPTRCS,False,10.24161518946987,14.91511763072071,17.21261321258545,10.24161518946987
GHBDHx,b3882,130.15983707102805,28.4418,87.033806,214.55455017089844,20.83005914936328,4844.5497,,4844.5497,Metabolic (Core),False,GHBDHx,False,57.672439428195744,87.71505383006541,57.737803,57.672439428195744
GHBDHx_reverse,b3882,130.15983707102805,16.893,46.842876,216.4400634765625,6.510910736437578,4844.5497,,4844.5497,Metabolic (Reverse),False,GHBDHx,True,32.49618899323525,71.67171255325002,31.867938,32.49618899323525
GHMT2r,b2551,121.23861216232469,201.1247,1.8481872,9.812714576721191,28.88367235458073,81.31370333333334,,81.31370333333334,Metabolic (Core),False,GHMT2r,False,18.016201727436798,60.41731853282548,19.34819346565096,18.016201727436798
GHMT2r_reverse,b2551,121.23861216232469,146.4919,1.5548009,7.544720649719238,6.114933958500958,81.31370333333334,,81.31370333333334,Metabolic (Reverse),False,GHMT2r,True,10.124668968142922,40.426588877055046,6.829827304110099,10.124668968142922
GK1,b3648,96.3,,,,,209.0,,209.0,Metabolic (Core),False,GK1,False,,,,
GK1_reverse,b3648,96.3,,,,,209.0,,209.0,Metabolic (Reverse),False,GK1,True,,,,
GLBRAN2,b3432,126.07375,,,,,533431.525,,533431.525,Metabolic (Core),False,GLBRAN2,False,,,,
GLCATr,b0459,220.78740210220096,4.3529,33.420895,4.451496124267578,20.83005914936328,,,,Metabolic (Core),False,GLCATr,False,10.77701077870514,15.763837568407714,12.640777636815429,10.77701077870514
GLCATr_reverse,b0459,220.78740210220096,13.3289,36.770157,2.114924430847168,9.490631515381825,,,,Metabolic (Reverse),False,GLCATr,True,9.959096485673289,15.426153236557248,11.409765757690913,9.959096485673289
GLCDpp_num1,b0124,217.9104735111005,0.0524,66.983734,55.09756088256836,3.0734277155319725,,112645.641475366,,Metabolic (Core),False,GLCDpp,False,4.93757839797508,31.301780649525085,29.085494299050165,4.93757839797508
GLCDpp_num2,b0837,215.03354492000008,,24.95724,1368.1363525390625,10.285457757985752,,112645.641475366,,Metabolic (Core),False,GLCDpp,False,70.55316826341348,467.79301676568275,24.95724,24.343745032402936
GLCNt2rpp_num1,b3415,23.0,10.531,3.7192235,14.868906021118164,4.394049003149232,,112645.641475366,,Metabolic (Core),False,GLCNt2rpp,False,7.112404541912832,8.378294631066849,7.462524501574617,7.112404541912832
GLCNt2rpp_num2,b4321,23.0,,0.74449676,28.622377395629883,20.83005914936328,,112645.641475366,,Metabolic (Core),False,GLCNt2rpp,False,7.62815787887609,16.73231110166439,20.83005914936328,4.590021869258205
GLCNt2rpp_num3,b4476,23.0,,0.13512884,17.282459259033203,20.83005914936328,,112645.641475366,,Metabolic (Core),False,GLCNt2rpp,False,3.6504636747076296,12.749215749465494,17.282459259033203,2.640955134953034
GLCNt2rpp_num4,b4265,23.0,,2.9870431,34.219730377197266,6.23463125887155,,112645.641475366,,Metabolic (Core),False,GLCNt2rpp,False,8.605503423089788,14.480468245356272,6.23463125887155,5.024376911927054
GLCNt2rpp_reverse_num1,b3415,23.0,0.9128,3.7192235,14.868906021118164,13.48862031151317,,112645.641475366,,Metabolic (Reverse),False,GLCNt2rpp,True,5.108208481071385,8.247387458157833,8.603921905756586,5.108208481071385
GLCNt2rpp_reverse_num2,b4321,23.0,,0.74449676,28.622377395629883,8.135649937618254,,112645.641475366,,Metabolic (Reverse),False,GLCNt2rpp,True,5.5759677905614184,12.500841364416047,8.135649937618254,3.6286091578577184
GLCNt2rpp_reverse_num3,b4476,23.0,,0.13512884,17.282459259033203,4.385833655294576,,112645.641475366,,Metabolic (Reverse),False,GLCNt2rpp,True,2.17171042144676,7.267807251442593,4.385833655294576,1.7889633218803727
GLCNt2rpp_reverse_num4,b4265,23.0,,2.9870431,34.219730377197266,8.135649937618254,,112645.641475366,,Metabolic (Reverse),False,GLCNt2rpp,True,9.403801255122247,15.11414113827184,8.135649937618254,5.37004075180088
GLCNtex_num1,b1377,96.2904209055866,,,,,,112645.641475366,,Transport,False,GLCNtex,False,,,,
GLCNtex_num2,b0241,33.2825,,,,,,112645.641475366,,Transport,False,GLCNtex,False,,,,
GLCNtex_num3,b0929,94.8168,,,,,,112645.641475366,,Transport,False,GLCNtex,False,,,,
GLCNtex_num4,b2215,96.2904209055866,,,,,,112645.641475366,,Transport,False,GLCNtex,False,,,,
GLCNtex_reverse_num1,b1377,96.2904209055866,,,,,,112645.641475366,,Transport,False,GLCNtex,True,,,,
GLCNtex_reverse_num2,b0241,33.2825,,,,,,112645.641475366,,Transport,False,GLCNtex,True,,,,
GLCNtex_reverse_num3,b0929,94.8168,,,,,,112645.641475366,,Transport,False,GLCNtex,True,,,,
GLCNtex_reverse_num4,b2215,96.2904209055866,,,,,,112645.641475366,,Transport,False,GLCNtex,True,,,,
GLCP2_num1,b3417,126.07375,414.2609,,19.84067726135254,1.8495598103545416,26.95,,26.95,Metabolic (Core),False,GLCP2,False,24.772296664694025,145.31704569056902,19.84067726135254,11.103878582243293
GLCP2_num2,b3428,126.07375,,,17.111751556396484,3.5590811542674947,26.95,,26.95,Metabolic (Core),False,GLCP2,False,7.803980553594314,10.33541635533199,10.33541635533199,2.793560551266844
GLCP_num1,b3428,126.07375,2.762,,16.122690200805664,4.270573086341976,,112645.641475366,,Metabolic (Core),False,GLCP,False,5.750634701077203,7.71842109571588,4.270573086341976,3.7135291344080863
GLCP_num2,b3417,126.07375,8.0888,,18.14558982849121,4.3269544586335424,,112645.641475366,,Metabolic (Core),False,GLCP,False,8.595658846550304,10.187114762374918,8.0888,5.0200654320706946
GLCRAL,b3126,147.8614375,,,,,27.3,,27.3,Metabolic (Core),False,GLCRAL,False,,,,
GLCRD_num1,b2788,136.2454183611817,,,,,27.5,,27.5,Metabolic (Core),False,GLCRD,False,,,,
GLCRD_num2,b2787,130.15983707102805,,,,,27.5,,27.5,Metabolic (Core),False,GLCRD,False,,,,
GLCRt2rpp_num1,b3127,23.0,1.3803,12.388634,15.794880867004396,4.810772528691261,,112645.641475366,,Metabolic (Core),False,GLCRt2rpp,False,6.003880255911877,8.593646848923914,8.59970326434563,6.003880255911877
GLCRt2rpp_num2,b2789,23.0,,20.117376,19.437274932861328,8.645785370246568,,112645.641475366,,Metabolic (Core),False,GLCRt2rpp,False,15.00849184555832,16.066812101035964,19.437274932861328,7.62522723197491
GLCRt2rpp_reverse_num1,b3127,23.0,3.0561,12.388634,15.794880867004396,4.69157887104192,,112645.641475366,,Metabolic (Reverse),False,GLCRt2rpp,True,7.277908479256511,8.98279843451158,8.54010643552096,7.277908479256511
GLCRt2rpp_reverse_num2,b2789,23.0,,20.117376,19.437274932861328,6.80260369160666,,112645.641475366,,Metabolic (Reverse),False,GLCRt2rpp,True,13.855662422751845,15.452418208155997,19.437274932861328,7.181587731981858
GLCRtex_num1,b1377,96.2904209055866,,,,,,112645.641475366,,Transport,False,GLCRtex,False,,,,
GLCRtex_num2,b0241,33.2825,,,,,,112645.641475366,,Transport,False,GLCRtex,False,,,,
GLCRtex_num3,b0929,94.8168,,,,,,112645.641475366,,Transport,False,GLCRtex,False,,,,
GLCRtex_num4,b2215,96.2904209055866,,,,,,112645.641475366,,Transport,False,GLCRtex,False,,,,
GLCRtex_reverse_num1,b1377,96.2904209055866,,,,,,112645.641475366,,Transport,False,GLCRtex,True,,,,
GLCRtex_reverse_num2,b0241,33.2825,,,,,,112645.641475366,,Transport,False,GLCRtex,True,,,,
GLCRtex_reverse_num3,b0929,94.8168,,,,,,112645.641475366,,Transport,False,GLCRtex,True,,,,
GLCRtex_reverse_num4,b2215,96.2904209055866,,,,,,112645.641475366,,Transport,False,GLCRtex,True,,,,
GLCS1,b3429,152.5584987702834,,,,,439743.15,,439743.15,Metabolic (Core),False,GLCS1,False,,,,
GLCTR1,b3631,76.35248958333332,39.4562,0.41376016,5.735464096069336,3.2366721193974084,,112645.641475366,,Metabolic (Core),False,GLCTR1,False,4.1723698639141205,12.210524093866688,4.486068107733372,4.1723698639141205
GLCTR2,b3627,189.6850202355557,18.4695,0.42271364,5.228003025054932,1.4788533079519324,,112645.641475366,,Metabolic (Core),False,GLCTR2,False,2.7873440733709955,6.399767493251717,3.353428166503432,2.7873440733709955
GLCTR3,b3626,77.65641666666666,22.3013,0.22388269,9.104541778564451,3.3994228655129484,,112645.641475366,,Metabolic (Core),False,GLCTR3,False,3.5257660792564467,8.75728683351935,6.2519823220387,3.5257660792564467
GLCUR1Ptex_num1,b1377,96.2904209055866,,,,,,112645.641475366,,Transport,False,GLCUR1Ptex,False,,,,
GLCUR1Ptex_num2,b0241,33.2825,,,,,,112645.641475366,,Transport,False,GLCUR1Ptex,False,,,,
GLCUR1Ptex_num3,b0929,94.8168,,,,,,112645.641475366,,Transport,False,GLCUR1Ptex,False,,,,
GLCUR1Ptex_num4,b2215,96.2904209055866,,,,,,112645.641475366,,Transport,False,GLCUR1Ptex,False,,,,
GLCUR1Ptex_reverse_num1,b1377,96.2904209055866,,,,,,112645.641475366,,Transport,False,GLCUR1Ptex,True,,,,
GLCUR1Ptex_reverse_num2,b0241,33.2825,,,,,,112645.641475366,,Transport,False,GLCUR1Ptex,True,,,,
GLCUR1Ptex_reverse_num3,b0929,94.8168,,,,,,112645.641475366,,Transport,False,GLCUR1Ptex,True,,,,
GLCUR1Ptex_reverse_num4,b2215,96.2904209055866,,,,,,112645.641475366,,Transport,False,GLCUR1Ptex,True,,,,
GLCURt2rpp_num1,b3909,23.0,0.9422,4.060252,30.58156394958496,8.06523027060146,,112645.641475366,,Metabolic (Core),False,GLCURt2rpp,False,5.542339661948265,10.912311555046605,6.06274113530073,5.542339661948265
GLCURt2rpp_num2,b3093,23.0,,2.4142485,13.599187850952148,8.645785370246568,,112645.641475366,,Metabolic (Core),False,GLCURt2rpp,False,6.572033942091807,8.219740573732905,8.645785370246568,4.104637875770479
GLCURt2rpp_reverse_num1,b3909,23.0,24.2449,4.060252,30.58156394958496,2.5334831685657355,,112645.641475366,,Metabolic (Reverse),False,GLCURt2rpp,True,9.34518224669375,15.355049779537675,14.152576,9.34518224669375
GLCURt2rpp_reverse_num2,b3093,23.0,,2.4142485,13.599187850952148,8.135649937618254,,112645.641475366,,Metabolic (Reverse),False,GLCURt2rpp,True,6.440146283670144,8.049695429523467,8.135649937618254,4.042702649808487
GLCURtex_num1,b1377,96.2904209055866,,,,,,112645.641475366,,Transport,False,GLCURtex,False,,,,
GLCURtex_num2,b0241,33.2825,,,,,,112645.641475366,,Transport,False,GLCURtex,False,,,,
GLCURtex_num3,b0929,94.8168,,,,,,112645.641475366,,Transport,False,GLCURtex,False,,,,
GLCURtex_num4,b2215,96.2904209055866,,,,,,112645.641475366,,Transport,False,GLCURtex,False,,,,
GLCURtex_reverse_num1,b1377,96.2904209055866,,,,,,112645.641475366,,Transport,False,GLCURtex,True,,,,
GLCURtex_reverse_num2,b0241,33.2825,,,,,,112645.641475366,,Transport,False,GLCURtex,True,,,,
GLCURtex_reverse_num3,b0929,94.8168,,,,,,112645.641475366,,Transport,False,GLCURtex,True,,,,
GLCURtex_reverse_num4,b2215,96.2904209055866,,,,,,112645.641475366,,Transport,False,GLCURtex,True,,,,
GLCabcpp,b2148 and b2149 and b2150,97.76404181117316,607.9257,6.139834,4.179769039154053,4.09308114300775,,,,Metabolic (Core),True,GLCabcpp,False,15.896533990873886,155.58459604554045,5.159801519577027,15.896533990873886
GLCptspp_num1,b2415 and b1101 and b2416 and b2417,189.6850202355557,79.3853,0.96225995,6.122900009155273,20.83005914936328,,112645.641475366,,Metabolic (Core),True,GLCptspp,False,9.935049672446528,26.82512977712964,13.476479579259276,9.935049672446528
GLCptspp_num2,b2417 and b1621 and b2415 and b2416,189.6850202355557,,4.3571973,6.122900009155273,10.397610637812583,,112645.641475366,,Metabolic (Core),True,GLCptspp,False,6.521777544552892,6.959235982322618,6.122900009155273,4.081074151677383
GLCptspp_num3,b1817 and b2415 and b1819 and b1818 and b2416,152.62479040685164,,0.96225995,10.40248680114746,180.06711306374774,,112645.641475366,,Metabolic (Core),True,GLCptspp,False,12.169927618287364,63.8106199382984,10.40248680114746,6.515773760798397
GLCt2pp,b2943,23.0,3.704,14.168937,13.797069549560549,2.85438361193464,,112645.641475366,,Metabolic (Core),False,GLCt2pp,False,6.742591675171879,8.631097540373798,8.750534774780274,6.742591675171879
GLCtex_copy1,b4036,117.94906666660007,,,,,,112645.641475366,,Transport,False,GLCtex_copy1,False,,,,
GLCtex_copy2_num1,b0241,33.2825,,,,,,112645.641475366,,Transport,False,GLCtex_copy2,False,,,,
GLCtex_copy2_num2,b0929,94.8168,,,,,,112645.641475366,,Transport,False,GLCtex_copy2,False,,,,
GLCtex_copy2_num3,b1377,96.2904209055866,,,,,,112645.641475366,,Transport,False,GLCtex_copy2,False,,,,
GLCtex_copy2_num4,b2215,96.2904209055866,,,,,,112645.641475366,,Transport,False,GLCtex_copy2,False,,,,
GLCtex_copy2_reverse_num1,b0241,33.2825,,,,,,112645.641475366,,Transport,False,GLCtex_copy2,True,,,,
GLCtex_copy2_reverse_num2,b0929,94.8168,,,,,,112645.641475366,,Transport,False,GLCtex_copy2,True,,,,
GLCtex_copy2_reverse_num3,b1377,96.2904209055866,,,,,,112645.641475366,,Transport,False,GLCtex_copy2,True,,,,
GLCtex_copy2_reverse_num4,b2215,96.2904209055866,,,,,,112645.641475366,,Transport,False,GLCtex_copy2,True,,,,
GLDBRAN2,b3431,159.765,,,,,465374.525,,465374.525,Metabolic (Core),False,GLDBRAN2,False,,,,
GLGC,b3430,102.75535423891992,21.6201,21.118366,23.99738502502441,33.66240634310002,370.0,,370.0,Metabolic (Core),False,GLGC,False,24.643748733405427,25.09956434203111,22.808742512512204,24.643748733405427
GLNS,b3870,136.71153247522938,22.7638,24.600733,33.18653106689453,5.755455404706444,6.0,,6.0,Metabolic (Core),False,GLNS,False,18.08458679153727,21.57662986790024,23.6822665,18.08458679153727
GLNabcpp,b0809 and b0811 and b0810,95.2404483747866,41.3802,1.5575699,15.154284477233888,4.810772528691261,,,,Metabolic (Core),True,GLNabcpp,False,8.279375831805723,15.725706726481286,9.982528502962575,8.279375831805723
GLNtex_num1,b2215,96.2904209055866,,,,,,112645.641475366,,Transport,False,GLNtex,False,,,,
GLNtex_num2,b0929,94.8168,,,,,,112645.641475366,,Transport,False,GLNtex,False,,,,
GLNtex_num3,b1377,96.2904209055866,,,,,,112645.641475366,,Transport,False,GLNtex,False,,,,
GLNtex_num4,b0241,33.2825,,,,,,112645.641475366,,Transport,False,GLNtex,False,,,,
GLNtex_reverse_num1,b2215,96.2904209055866,,,,,,112645.641475366,,Transport,False,GLNtex,True,,,,
GLNtex_reverse_num2,b0929,94.8168,,,,,,112645.641475366,,Transport,False,GLNtex,True,,,,
GLNtex_reverse_num3,b1377,96.2904209055866,,,,,,112645.641475366,,Transport,False,GLNtex,True,,,,
GLNtex_reverse_num4,b0241,33.2825,,,,,,112645.641475366,,Transport,False,GLNtex,True,,,,
GLTPD,b2091,149.80799644754114,7.7325,4.7464695,25.06496238708496,6.8355268848679405,,,,Metabolic (Core),False,GLTPD,False,8.904969145892753,11.094864692988224,7.28401344243397,8.904969145892753
GLTPD_reverse,b2091,149.80799644754114,0.0527,3.4935849,22.251182556152344,5.604573325175639,,,,Metabolic (Reverse),False,GLTPD,True,2.188993098556571,7.850510195331996,4.549079112587819,2.188993098556571
GLU5K,b0242,151.18324760891227,0.3862,34.63835,24.76726722717285,4.969088056880007,2601196.2,,2601196.2,Metabolic (Core),False,GLU5K,False,6.369877231624667,16.190226321013217,14.86817764202643,6.369877231624667
GLUABUTt7pp,b1492,23.0,110.1435,8.404914,22.656192779541016,6.910340159663062,,112645.641475366,,Metabolic (Core),False,GLUABUTt7pp,False,19.51167826148515,37.02873673480102,15.530553389770507,19.51167826148515
GLUABUTt7pp_reverse,b1492,23.0,2.4587,8.404914,22.656192779541016,28.88367235458073,,112645.641475366,,Metabolic (Reverse),False,GLUABUTt7pp,True,10.783743248400542,15.600869783530436,15.530553389770507,10.783743248400542
GLUCYS,b2688,129.20025527297207,0.7308,20.986946,39.7607536315918,6.9899481650584585,33.31666666666666,,33.31666666666666,Metabolic (Core),False,GLUCYS,False,8.08014373950688,17.117111949162563,13.988447082529229,8.08014373950688
GLUDC_num1,b3517,126.3166780801852,5.6239,23.406326,20.62967300415039,1.3423129350260046,42.055,,42.055,Metabolic (Core),False,GLUDC,False,7.770147081638549,12.750552984794098,13.126786502075195,7.770147081638549
GLUDC_num2,b1493,126.3166780801852,,24.415285,21.199443817138672,10.400376497266745,42.055,,42.055,Metabolic (Core),False,GLUDC,False,17.52582384204563,18.671701771468474,21.199443817138672,8.565620550173335
GLUDy,b1761,132.2430459180489,24.2732,49.876423,195.9360198974609,1.2556971297984412,27.2,,27.2,Metabolic (Core),False,GLUDy,False,23.36175038644226,67.83533500681483,37.0748115,23.36175038644226
GLUDy_reverse,b1761,132.2430459180489,1.0243,96.43063,294.3305358886719,8.06523027060146,27.2,,27.2,Metabolic (Reverse),False,GLUDy,True,22.00511118992504,99.96267403981832,52.24793013530073,22.00511118992504
GLUN_num1,b0485,143.25976446138526,15.4988,0.7698157,89.16374206542969,6.9899481650584585,,30.301833335,,Metabolic (Core),False,GLUN,False,9.286172995720499,28.105576482622038,11.244374082529228,9.286172995720499
GLUN_num2,b1524,143.25976446138526,,9.504004,83.79824829101562,4.3269544586335424,,30.301833335,,Metabolic (Core),False,GLUN,False,15.104555814095388,32.54306891654972,9.504004,7.661802779711306
GLUNpp,b2957,157.17088698230995,1.3123,1.532242,39.7823371887207,8.375467515442104,30.301833335,,30.301833335,Metabolic (Core),False,GLUNpp,False,5.087623456790563,12.750586676040701,4.953854757721052,5.087623456790563
GLUPRT,b2312,98.49306668197664,20.1878,2.3038533,8.483142852783203,3.2271986671626283,,,,Metabolic (Core),False,GLUPRT,False,5.973537222748354,8.550498704986458,5.855170759972916,5.973537222748354
GLUR,b3967,123.60963225270936,,,,,43.33,,43.33,Metabolic (Core),False,GLUR,False,,,,
GLUR_reverse,b3967,123.60963225270936,,,,,43.33,,43.33,Metabolic (Reverse),False,GLUR,True,,,,
GLUSy,b3213 and b3212,116.93499317391652,17.8125,2.8975344,53.093692779541016,83.54885239895054,483142.1853333333,,483142.1853333333,Metabolic (Core),True,GLUSy,False,21.874303063280784,39.338144894622886,35.45309638977051,21.874303063280784
GLUTRR,b1210,121.23861216232469,2.8235,,45.6033821105957,1.8285950820925496,0.1433333333333333,,0.1433333333333333,Metabolic (Core),False,GLUTRR,False,6.174959744805113,16.751825730896083,2.8235,3.9171986670168883
GLUTRS,b2400,97.61360481285834,2.232,16.049795,3.173441171646118,4.810772528691261,1.5009666666666668,,1.5009666666666668,Metabolic (Core),False,GLUTRS,False,4.835899185846226,6.566502175084344,3.9921068501686894,4.835899185846226
GLUabcpp,b0654 and b0653 and b0655 and b0652,97.76404181117316,5.0988,17.243525,24.663986206054688,5.359793510374774,,,,Metabolic (Core),True,GLUabcpp,False,10.383083315602555,13.091526179107365,11.301659255187388,10.383083315602555
GLUt2rpp,b4077,23.0,0.5982,36.596603,23.74148368835449,6.910340159663062,,112645.641475366,,Metabolic (Core),False,GLUt2rpp,False,7.741473230645601,16.961656712004388,15.325911924008775,7.741473230645601
GLUt2rpp_reverse,b4077,23.0,4.3328,36.596603,23.74148368835449,3.2812691875889777,,112645.641475366,,Metabolic (Reverse),False,GLUt2rpp,True,10.542407119013832,16.988038968985865,14.037141844177244,10.542407119013832
GLUt4pp,b3653,28.14125,8.6436,29.33427,14.009480476379396,6.910340159663062,,112645.641475366,,Metabolic (Core),False,GLUt4pp,False,12.516930779557143,14.724422659010614,11.326540238189697,12.516930779557143
GLUtex_num1,b1377,96.2904209055866,,,,,,112645.641475366,,Transport,False,GLUtex,False,,,,
GLUtex_num2,b0241,33.2825,,,,,,112645.641475366,,Transport,False,GLUtex,False,,,,
GLUtex_num3,b0929,94.8168,,,,,,112645.641475366,,Transport,False,GLUtex,False,,,,
GLUtex_num4,b2215,96.2904209055866,,,,,,112645.641475366,,Transport,False,GLUtex,False,,,,
GLUtex_reverse_num1,b1377,96.2904209055866,,,,,,112645.641475366,,Transport,False,GLUtex,True,,,,
GLUtex_reverse_num2,b0241,33.2825,,,,,,112645.641475366,,Transport,False,GLUtex,True,,,,
GLUtex_reverse_num3,b0929,94.8168,,,,,,112645.641475366,,Transport,False,GLUtex,True,,,,
GLUtex_reverse_num4,b2215,96.2904209055866,,,,,,112645.641475366,,Transport,False,GLUtex,True,,,,
GLXCL,b0507,121.23861216232469,8.3532,3.9058974,18.31461524963379,180.06711306374774,75520.66666666667,,75520.66666666667,Metabolic (Core),False,GLXCL,False,18.11137730247558,52.66020642834538,13.333907624816895,18.11137730247558
GLYALDtex_num1,b1377,96.2904209055866,,,,,,112645.641475366,,Transport,False,GLYALDtex,False,,,,
GLYALDtex_num2,b0241,33.2825,,,,,,112645.641475366,,Transport,False,GLYALDtex,False,,,,
GLYALDtex_num3,b0929,94.8168,,,,,,112645.641475366,,Transport,False,GLYALDtex,False,,,,
GLYALDtex_num4,b2215,96.2904209055866,,,,,,112645.641475366,,Transport,False,GLYALDtex,False,,,,
GLYALDtex_reverse_num1,b1377,96.2904209055866,,,,,,112645.641475366,,Transport,False,GLYALDtex,True,,,,
GLYALDtex_reverse_num2,b0241,33.2825,,,,,,112645.641475366,,Transport,False,GLYALDtex,True,,,,
GLYALDtex_reverse_num3,b0929,94.8168,,,,,,112645.641475366,,Transport,False,GLYALDtex,True,,,,
GLYALDtex_reverse_num4,b2215,96.2904209055866,,,,,,112645.641475366,,Transport,False,GLYALDtex,True,,,,
GLYALDtpp,b3927,33.2825,,,,,,112645.641475366,,Transport,False,GLYALDtpp,False,,,,
GLYALDtpp_reverse,b3927,33.2825,,,,,,112645.641475366,,Transport,False,GLYALDtpp,True,,,,
GLYAT,b3617,128.2406734749161,3396.088,1.0401821,1.551912546157837,4.588231538118686,0.02,,0.02,Metabolic (Core),False,GLYAT,False,12.593609430581301,850.8170815460692,3.0700720421382615,12.593609430581301
GLYAT_reverse,b3617,128.2406734749161,1.8265,1.1183321,1.6968857049942017,6.47591517554057,0.02,,0.02,Metabolic (Reverse),False,GLYAT,True,2.1766372263161258,2.779408245133693,1.761692852497101,2.1766372263161258
GLYBabcpp_num1,b2130 and b2131 and b2129 and b2128,90.65907860738318,38.8403,1.6333835,19.98031997680664,4.423306762159818,,112645.641475366,,Metabolic (Core),True,GLYBabcpp,False,8.653266109175805,16.219327559741615,12.20181336948323,8.653266109175805
GLYBabcpp_num2,b2679 and b2677 and b2678,90.65907860738318,,3.788559,18.982484817504883,18.05149927356397,,112645.641475366,,Metabolic (Core),True,GLYBabcpp,False,10.90887917161576,13.607514363689617,18.05149927356397,6.002540494693082
GLYBt2pp_num1,b1801,23.0,0.2747,8.920684,36.318973541259766,3.646767652551578,,112645.641475366,,Metabolic (Core),False,GLYBt2pp,False,4.244481242539688,12.290281298452836,6.283725826275789,4.244481242539688
GLYBt2pp_num2,b4111,23.0,,4.041144,15.8236083984375,1.9478357779327689,,112645.641475366,,Metabolic (Core),False,GLYBt2pp,False,4.994063541806183,7.270862725456756,4.041144,3.3407236211266844
GLYBt3pp,b0543,33.2825,9.3635,4.1972785,18.734582901000977,16.06936027515672,,112645.641475366,,Metabolic (Core),False,GLYBt3pp,False,10.429467964834345,12.091180419039423,12.71643013757836,10.429467964834345
GLYBtex_num1,b1377,96.2904209055866,,,,,,112645.641475366,,Transport,False,GLYBtex,False,,,,
GLYBtex_num2,b0241,33.2825,,,,,,112645.641475366,,Transport,False,GLYBtex,False,,,,
GLYBtex_num3,b0929,94.8168,,,,,,112645.641475366,,Transport,False,GLYBtex,False,,,,
GLYBtex_num4,b2215,96.2904209055866,,,,,,112645.641475366,,Transport,False,GLYBtex,False,,,,
GLYBtex_reverse_num1,b1377,96.2904209055866,,,,,,112645.641475366,,Transport,False,GLYBtex,True,,,,
GLYBtex_reverse_num2,b0241,33.2825,,,,,,112645.641475366,,Transport,False,GLYBtex,True,,,,
GLYBtex_reverse_num3,b0929,94.8168,,,,,,112645.641475366,,Transport,False,GLYBtex,True,,,,
GLYBtex_reverse_num4,b2215,96.2904209055866,,,,,,112645.641475366,,Transport,False,GLYBtex,True,,,,
GLYC2Pabcpp,b3451 and b3450 and b3453 and b3452,124.33102801558226,4.7347,3.2565188,8.750226020812988,12.166493689076262,,112645.641475366,,Metabolic (Core),True,GLYC2Pabcpp,False,6.365136047197455,7.226984627472312,6.742463010406494,6.365136047197455
GLYC2Ptex_num1,b1377,96.2904209055866,,,,,,112645.641475366,,Transport,False,GLYC2Ptex,False,,,,
GLYC2Ptex_num2,b0241,33.2825,,,,,,112645.641475366,,Transport,False,GLYC2Ptex,False,,,,
GLYC2Ptex_num3,b0929,94.8168,,,,,,112645.641475366,,Transport,False,GLYC2Ptex,False,,,,
GLYC2Ptex_num4,b2215,96.2904209055866,,,,,,112645.641475366,,Transport,False,GLYC2Ptex,False,,,,
GLYC2Ptex_reverse_num1,b1377,96.2904209055866,,,,,,112645.641475366,,Transport,False,GLYC2Ptex,True,,,,
GLYC2Ptex_reverse_num2,b0241,33.2825,,,,,,112645.641475366,,Transport,False,GLYC2Ptex,True,,,,
GLYC2Ptex_reverse_num3,b0929,94.8168,,,,,,112645.641475366,,Transport,False,GLYC2Ptex,True,,,,
GLYC2Ptex_reverse_num4,b2215,96.2904209055866,,,,,,112645.641475366,,Transport,False,GLYC2Ptex,True,,,,
GLYC3Pabcpp,b3453 and b3452 and b3451 and b3450,124.33102801558226,13.5919,3.177514,8.750226020812988,17.2874862383104,,,,Metabolic (Core),True,GLYC3Pabcpp,False,8.990413988061107,10.701781564780848,11.171063010406495,8.990413988061107
GLYC3Pt6pp,b2240,23.0,2.0935,3.3241608,17.45770263671875,2.83415341835266,,112645.641475366,,Metabolic (Core),False,GLYC3Pt6pp,False,4.307659421255424,6.4273792137678525,3.07915710917633,4.307659421255424
GLYC3Ptex_num1,b1377,96.2904209055866,,,,,,112645.641475366,,Transport,False,GLYC3Ptex,False,,,,
GLYC3Ptex_num2,b0241,33.2825,,,,,,112645.641475366,,Transport,False,GLYC3Ptex,False,,,,
GLYC3Ptex_num3,b0929,94.8168,,,,,,112645.641475366,,Transport,False,GLYC3Ptex,False,,,,
GLYC3Ptex_num4,b2215,96.2904209055866,,,,,,112645.641475366,,Transport,False,GLYC3Ptex,False,,,,
GLYC3Ptex_reverse_num1,b1377,96.2904209055866,,,,,,112645.641475366,,Transport,False,GLYC3Ptex,True,,,,
GLYC3Ptex_reverse_num2,b0241,33.2825,,,,,,112645.641475366,,Transport,False,GLYC3Ptex,True,,,,
GLYC3Ptex_reverse_num3,b0929,94.8168,,,,,,112645.641475366,,Transport,False,GLYC3Ptex,True,,,,
GLYC3Ptex_reverse_num4,b2215,96.2904209055866,,,,,,112645.641475366,,Transport,False,GLYC3Ptex,True,,,,
GLYCAt2rpp_num1,b3127,23.0,2.6257,4.900151,15.794880867004396,4.505918121530305,,112645.641475366,,Metabolic (Core),False,GLYCAt2rpp,False,5.50096085390827,6.956662497133676,4.703034560765152,5.50096085390827
GLYCAt2rpp_num2,b2789,23.0,,7.051513,19.437274932861328,20.83005914936328,,112645.641475366,,Metabolic (Core),False,GLYCAt2rpp,False,14.186308412366218,15.772949027408202,19.437274932861328,7.309741987923115
GLYCAt2rpp_reverse_num1,b3127,23.0,1.0335,4.900151,15.794880867004396,9.38360738254706,,112645.641475366,,Metabolic (Reverse),False,GLYCAt2rpp,True,5.234214687247798,7.7780348123878635,7.14187919127353,5.234214687247798
GLYCAt2rpp_reverse_num2,b2789,23.0,,7.051513,19.437274932861328,3.010689729782688,,112645.641475366,,Metabolic (Reverse),False,GLYCAt2rpp,True,7.444940476950699,9.833159220881338,7.051513,4.507086803816435
GLYCAtex_num1,b1377,96.2904209055866,,,,,,112645.641475366,,Transport,False,GLYCAtex,False,,,,
GLYCAtex_num2,b0241,33.2825,,,,,,112645.641475366,,Transport,False,GLYCAtex,False,,,,
GLYCAtex_num3,b0929,94.8168,,,,,,112645.641475366,,Transport,False,GLYCAtex,False,,,,
GLYCAtex_num4,b2215,96.2904209055866,,,,,,112645.641475366,,Transport,False,GLYCAtex,False,,,,
GLYCAtex_reverse_num1,b1377,96.2904209055866,,,,,,112645.641475366,,Transport,False,GLYCAtex,True,,,,
GLYCAtex_reverse_num2,b0241,33.2825,,,,,,112645.641475366,,Transport,False,GLYCAtex,True,,,,
GLYCAtex_reverse_num3,b0929,94.8168,,,,,,112645.641475366,,Transport,False,GLYCAtex,True,,,,
GLYCAtex_reverse_num4,b2215,96.2904209055866,,,,,,112645.641475366,,Transport,False,GLYCAtex,True,,,,
GLYCDx,b3945,129.20025527297207,8.3986,12.593827,16.272146224975586,4.074876182746937,37.866665,,37.866665,Metabolic (Core),False,GLYCDx,False,9.151261571393515,10.334862351930632,10.4962135,9.151261571393515
GLYCK,b0514,189.6850202355557,115.4018,24.316734,26.99163055419922,5.2469593410977335,350.0,,350.0,Metabolic (Core),False,GLYCK,False,25.108089130662144,42.989280973824236,25.654182277099608,25.108089130662144
GLYCK2,b3124,205.72000000000008,99.507,5.5636954,26.967998504638672,3.285088381901868,2.5,,2.5,Metabolic (Core),False,GLYCK2,False,14.881722021973772,33.830945571635134,16.265846952319336,14.881722021973772
GLYCL,b0116 and b2904 and b2903 and b2905,120.50274604186052,37.2716,7.3200974,13.59857940673828,28.88367235458073,86570.0,,86570.0,Metabolic (Core),True,GLYCL,False,18.092984534200543,21.76848729032975,21.241125880659506,18.092984534200543
GLYCLTDx_num1,b3553,124.73964281862038,16.6244,41.280308,19.29294776916504,69.5562354139795,66601.01518518518,,66601.01518518518,Metabolic (Core),False,GLYCLTDx,False,30.97817947281356,36.68847279578613,30.28662788458252,30.97817947281356
GLYCLTDx_num2,b1033,153.48944171492553,,3.662039,23.44367218017578,180.06711306374774,66601.01518518518,,66601.01518518518,Metabolic (Core),False,GLYCLTDx,False,24.911182052877884,69.05760808130783,23.44367218017578,11.150536193136963
GLYCLTDy_num1,b1033,153.48944171492553,0.2826,3.662039,30.3319091796875,1.9562772055410185,136.8,,136.8,Metabolic (Core),False,GLYCLTDy,False,2.7993442940242375,9.05820634630713,2.8091581027705095,2.7993442940242375
GLYCLTDy_num2,b3553,124.73964281862038,,41.280308,22.01556968688965,9.674936837183308,136.8,,136.8,Metabolic (Core),False,GLYCLTDy,False,20.639871943450544,24.32360484135765,22.01556968688965,9.683452996814657
GLYCLTt2rpp_num1,b3603,23.0,9.0659,26.820246,10.147160530090332,6.9899481650584585,,112645.641475366,,Metabolic (Core),False,GLYCLTt2rpp,False,11.45969454754831,13.255813673787197,9.606530265045166,11.45969454754831
GLYCLTt2rpp_num2,b2975,23.0,,18.837498,11.09506893157959,15.77574159368995,,112645.641475366,,Metabolic (Core),False,GLYCLTt2rpp,False,14.883817491328688,15.236102841756514,15.77574159368995,7.577671111759199
GLYCLTt2rpp_reverse_num1,b3603,23.0,6.2521,26.820246,10.147160530090332,4.314301481939048,,112645.641475366,,Metabolic (Reverse),False,GLYCLTt2rpp,True,9.256268065767502,11.883452003007346,8.199630265045165,9.256268065767502
GLYCLTt2rpp_reverse_num2,b2975,23.0,,18.837498,11.09506893157959,8.135649937618254,,112645.641475366,,Metabolic (Reverse),False,GLYCLTt2rpp,True,11.9357164361722,12.689405623065946,11.09506893157959,6.4214982619962075
GLYCLTt4pp,b4067,28.14125,1.971,5.9805403,22.610332489013672,2.83415341835266,,112645.641475366,,Metabolic (Core),False,GLYCLTt4pp,False,5.242510844573612,8.349006551841583,4.4073468591763305,5.242510844573612
GLYCLTtex_num1,b1377,96.2904209055866,,,,,,112645.641475366,,Transport,False,GLYCLTtex,False,,,,
GLYCLTtex_num2,b0241,33.2825,,,,,,112645.641475366,,Transport,False,GLYCLTtex,False,,,,
GLYCLTtex_num3,b0929,94.8168,,,,,,112645.641475366,,Transport,False,GLYCLTtex,False,,,,
GLYCLTtex_num4,b2215,96.2904209055866,,,,,,112645.641475366,,Transport,False,GLYCLTtex,False,,,,
GLYCLTtex_reverse_num1,b1377,96.2904209055866,,,,,,112645.641475366,,Transport,False,GLYCLTtex,True,,,,
GLYCLTtex_reverse_num2,b0241,33.2825,,,,,,112645.641475366,,Transport,False,GLYCLTtex,True,,,,
GLYCLTtex_reverse_num3,b0929,94.8168,,,,,,112645.641475366,,Transport,False,GLYCLTtex,True,,,,
GLYCLTtex_reverse_num4,b2215,96.2904209055866,,,,,,112645.641475366,,Transport,False,GLYCLTtex,True,,,,
GLYCTO2,b4468 and b2979 and b4467,136.2454183611817,0.3502,11.90347,10.960381507873535,9.674936837183308,,112645.641475366,,Metabolic (Core),True,GLYCTO2,False,4.5852802354540625,8.222247086264211,10.317659172528423,4.5852802354540625
GLYCTO3,b4468 and b2979 and b4467,136.2454183611817,0.6548,1.3735596,10.960381507873535,9.674936837183308,,112645.641475366,,Metabolic (Core),True,GLYCTO3,False,3.125053791580067,5.665919486264211,5.524248218591654,3.125053791580067
GLYCTO4,b4468 and b2979 and b4467,136.2454183611817,0.525,11.90347,10.638911247253418,9.674936837183308,,112645.641475366,,Metabolic (Core),True,GLYCTO4,False,5.036102402890193,8.185579521109181,10.156924042218364,5.036102402890193
GLYCtex_num1,b1377,96.2904209055866,,,,,,112645.641475366,,Transport,False,GLYCtex,False,,,,
GLYCtex_num2,b0241,33.2825,,,,,,112645.641475366,,Transport,False,GLYCtex,False,,,,
GLYCtex_num3,b0929,94.8168,,,,,,112645.641475366,,Transport,False,GLYCtex,False,,,,
GLYCtex_num4,b2215,96.2904209055866,,,,,,112645.641475366,,Transport,False,GLYCtex,False,,,,
GLYCtex_reverse_num1,b1377,96.2904209055866,,,,,,112645.641475366,,Transport,False,GLYCtex,True,,,,
GLYCtex_reverse_num2,b0241,33.2825,,,,,,112645.641475366,,Transport,False,GLYCtex,True,,,,
GLYCtex_reverse_num3,b0929,94.8168,,,,,,112645.641475366,,Transport,False,GLYCtex,True,,,,
GLYCtex_reverse_num4,b2215,96.2904209055866,,,,,,112645.641475366,,Transport,False,GLYCtex,True,,,,
GLYCtpp_num2,b3927,33.2825,,,,,,,,Transport,False,GLYCtpp,False,,,,
GLYCtpp_reverse_num2,b3927,33.2825,,,,,,,,Transport,False,GLYCtpp,True,,,,
GLYK,b3926,149.80799644754114,2.4687,64.16292,214.8651428222656,8.135649937618254,1424768.5822222224,,1424768.5822222224,Metabolic (Core),False,GLYK,False,22.939168115194434,72.40810318997097,36.14928496880913,22.939168115194434
GLYOX,b0212,205.72000000000008,3.2974,52.254524,77.94377136230469,3.541144371740768,53.0,,53.0,Metabolic (Core),False,GLYOX,False,14.767437606321513,34.259209933511364,27.897834185870387,14.767437606321513
GLYOX3,b1967,137.33728571428568,4.4233,8.72062,2.212374210357666,6.361344157449999,2.61,,2.61,Metabolic (Core),False,GLYOX3,False,4.826977887793792,5.4294095919519165,5.392322078725,4.826977887793792
GLYt2pp_num1,b1801,23.0,23.1032,3.5805326,36.318973541259766,2.312153051635714,,112645.641475366,,Metabolic (Core),False,GLYt2pp,False,9.129405102121941,16.32871479822387,13.341866300000001,9.129405102121941
GLYt2pp_num2,b4208,23.0,,2.5095842,36.413177490234375,2.6182215851292328,,112645.641475366,,Metabolic (Core),False,GLYt2pp,False,6.208055384903884,13.846994425121203,2.6182215851292328,3.9329342598022703
GLYt4pp,b0007,27.0,3.6937,4.579072,20.64867401123047,1.9351718123726127,,112645.641475366,,Metabolic (Core),False,GLYt4pp,False,5.098738012712075,7.71415445590077,4.136386,5.098738012712075
GLYtex_num1,b1377,96.2904209055866,,,,,,112645.641475366,,Transport,False,GLYtex,False,,,,
GLYtex_num2,b0241,33.2825,,,,,,112645.641475366,,Transport,False,GLYtex,False,,,,
GLYtex_num3,b0929,94.8168,,,,,,112645.641475366,,Transport,False,GLYtex,False,,,,
GLYtex_num4,b2215,96.2904209055866,,,,,,112645.641475366,,Transport,False,GLYtex,False,,,,
GLYtex_reverse_num1,b1377,96.2904209055866,,,,,,112645.641475366,,Transport,False,GLYtex,True,,,,
GLYtex_reverse_num2,b0241,33.2825,,,,,,112645.641475366,,Transport,False,GLYtex,True,,,,
GLYtex_reverse_num3,b0929,94.8168,,,,,,112645.641475366,,Transport,False,GLYtex,True,,,,
GLYtex_reverse_num4,b2215,96.2904209055866,,,,,,112645.641475366,,Transport,False,GLYtex,True,,,,
GLYtpp,b3927,33.2825,,,,,,112645.641475366,,Transport,False,GLYtpp,False,,,,
GLYtpp_reverse,b3927,33.2825,,,,,,112645.641475366,,Transport,False,GLYtpp,True,,,,
GMAND,b2053,115.09424085382416,,,,,5.0,,5.0,Metabolic (Core),False,GMAND,False,,,,
GMHEPAT,b3052,101.46981508671728,3.4309,5.6368747,5.211837291717529,7.020495826429408,,,,Metabolic (Core),False,GMHEPAT,False,5.157642891993671,5.325026954536734,5.424355995858765,5.157642891993671
GMHEPK,b3052,101.46981508671728,0.3107,3.568673,5.059199810028076,4.680576033440474,,112645.641475366,,Metabolic (Core),False,GMHEPK,False,2.2636396174133835,3.4047872108671378,4.124624516720237,2.2636396174133835
GMHEPPA,b0200,151.18324760891227,20.0191,0.20528434,12.812579154968262,3.458785725827373,,112645.641475366,,Metabolic (Core),False,GMHEPPA,False,3.6735854585839935,9.12393730519891,8.135682440397817,3.6735854585839935
GMPR,b0104,123.60963225270936,,,,,1819.3546666666664,,1819.3546666666664,Metabolic (Core),False,GMPR,False,,,,
GMPS,b2507,97.46316781454354,,,,,18.15,,18.15,Metabolic (Core),False,GMPS,False,,,,
GMPS2,b2507,97.46316781454354,0.6813,19.228043,1.4479137659072876,7.8337863355112125,16.666666666666668,,16.666666666666668,Metabolic (Core),False,GMPS2,False,3.4913788217978046,7.297760775354625,4.6408500507092505,3.4913788217978046
GMPtex_num1,b0929,94.8168,,,,,,112645.641475366,,Transport,False,GMPtex,False,,,,
GMPtex_num2,b2215,96.2904209055866,,,,,,112645.641475366,,Transport,False,GMPtex,False,,,,
GMPtex_num3,b0241,33.2825,,,,,,112645.641475366,,Transport,False,GMPtex,False,,,,
GMPtex_num4,b1377,96.2904209055866,,,,,,112645.641475366,,Transport,False,GMPtex,False,,,,
GMPtex_reverse_num1,b0929,94.8168,,,,,,112645.641475366,,Transport,False,GMPtex,True,,,,
GMPtex_reverse_num2,b2215,96.2904209055866,,,,,,112645.641475366,,Transport,False,GMPtex,True,,,,
GMPtex_reverse_num3,b0241,33.2825,,,,,,112645.641475366,,Transport,False,GMPtex,True,,,,
GMPtex_reverse_num4,b1377,96.2904209055866,,,,,,112645.641475366,,Transport,False,GMPtex,True,,,,
GND,b2029,151.2163934271964,9.6951,13.243044,28.950477600097656,7.228125235384933,54913.066666666666,,54913.066666666666,Metabolic (Core),False,GND,False,12.802812319408057,14.779186708870647,11.469072,12.802812319408057
GNK_num1,b3437,123.60963225270936,2.3817,7.448855,12.598689079284668,10.397610637812583,,9.4,,Metabolic (Core),False,GNK,False,6.9431871463011,8.206713679274312,8.923232818906293,6.9431871463011
GNK_num2,b4268,152.5584987702834,,10.637656,5.985688209533691,8.509523323516037,,9.4,,Metabolic (Core),False,GNK,False,8.152455220172078,8.377622511016575,8.509523323516037,4.824655589941768
GNP_num1,b3715,149.80799644754114,3.8131,2.0845914,8.132019996643066,9.18177074388264,,112645.641475366,,Metabolic (Core),False,GNP,False,4.935782397907676,5.802870535131426,5.972559998321533,4.935782397907676
GNP_num2,b2690,189.6850202355557,,3.1137478,4.028293609619141,14.530183055053186,,112645.641475366,,Metabolic (Core),False,GNP,False,5.66967997176833,7.2240748215574415,4.028293609619141,3.674251745742095
GOFUCR,b2052,151.18324760891227,0.5193,12.289509,8.288029670715332,4.025296115880147,,0.75,,Metabolic (Core),False,GOFUCR,False,3.8198868301587283,6.28053369664887,6.15666289329774,3.8198868301587283
GP4GH,b0049,152.62479040685164,1.2302,1.6610396,1.5478078126907349,1.5981374302329847,,112645.641475366,,Metabolic (Core),False,GP4GH,False,1.4994145357587565,1.50929621073093,1.5729726214618598,1.4994145357587565
GPDDA1,b3449,118.43411865124476,0.1387,0.3899822,1.5024104118347168,6.130754302507611,220.0,,220.0,Metabolic (Core),False,GPDDA1,False,0.8401482663494291,2.040461728585582,0.9461963059173584,0.8401482663494291
GPDDA1pp,b2239,157.17088698230995,2.3748,4.541638,12.437339782714844,4.426404866202988,220.0,,220.0,Metabolic (Core),False,GPDDA1pp,False,4.936334116199119,5.945045662229457,4.4840214331014945,4.936334116199119
GPDDA2,b3449,118.43411865124476,10.2422,0.24626474,2.212373733520508,7.228125235384933,220.0,,220.0,Metabolic (Core),False,GPDDA2,False,2.52011240522824,4.982240927226361,4.7202494844527205,2.52011240522824
GPDDA2pp,b2239,157.17088698230995,3.15,4.8248634,43.42340850830078,19.07447150904677,220.0,,220.0,Metabolic (Core),False,GPDDA2pp,False,10.592366523061006,17.61818585433689,11.949667454523386,10.592366523061006
GPDDA3,b3449,118.43411865124476,31.4361,0.40736687,2.279223680496216,7.596548103944305,,2.8,,Metabolic (Core),False,GPDDA3,False,3.858818945772864,10.429809663610131,4.93788589222026,3.858818945772864
GPDDA3pp,b2239,157.17088698230995,1.007,3.2656677,36.32059860229492,3.1252965813617424,,2.8,,Metabolic (Core),False,GPDDA3pp,False,4.395531775488309,10.929640720914167,3.195482140680871,4.395531775488309
GPDDA4,b3449,118.43411865124476,22.3399,0.60514337,2.724944591522217,4.2102808645197,,3.3,,Metabolic (Core),False,GPDDA4,False,3.529003280575541,7.470067206510479,3.4676127280209585,3.529003280575541
GPDDA4pp,b2239,157.17088698230995,2.6025,2.6835854,43.42340850830078,3.1252965813617424,,3.3,,Metabolic (Core),False,GPDDA4pp,False,5.548560507948336,12.958697622415631,2.9044409906808712,5.548560507948336
GPDDA5,b3449,118.43411865124476,1.4882,,4.012614727020264,1.753423246287524,,,,Metabolic (Core),False,GPDDA5,False,2.1877205232208308,2.4180793244359293,1.753423246287524,1.798845568990192
GPDDA5pp,b2239,157.17088698230995,4.4414,,60.247257232666016,3.4970581729433903,,,,Metabolic (Core),False,GPDDA5pp,False,9.781076938955136,22.728571801869805,4.4414,5.530826134746146
GRTT,b0421,97.76404181117316,3.7618,14.597998,1.8013514280319214,1.0753295983857736,,9.96288888888889,,Metabolic (Core),False,GRTT,False,3.2114950909859274,5.309119756604424,2.7815757140159607,3.2114950909859274
GRXR_num1,b1654,136.6667,12.0836,25.583246,3.7125518321990967,6.7859805272721,,57.645625,,Metabolic (Core),False,GRXR,False,9.394188721315288,12.0413445898678,9.43479026363605,9.394188721315288
GRXR_num2,b1064,206.75125446366417,,2.0189118,11.954507827758787,6.7859805272721,,57.645625,,Metabolic (Core),False,GRXR,False,5.471258303458395,6.919800051676963,6.7859805272721,3.577382795623686
GRXR_num3,b3610,177.7639982237706,,32.54478,7.80898380279541,6.7859805272721,,57.645625,,Metabolic (Core),False,GRXR,False,11.99212528527651,15.713248110022505,7.80898380279541,6.4442461062020895
GRXR_num4,b0849,197.70251011777788,,8.972972,7.421438694000244,6.7859805272721,,57.645625,,Metabolic (Core),False,GRXR,False,7.673832968592982,7.7267970737574485,7.421438694000244,4.610619221139337
GSNK,b0477,138.0434703703704,0.0714,0.8271429,8.361897468566895,5.538464125057844,,,,Metabolic (Core),False,GSNK,False,1.2860067133524502,3.699726123406185,3.1828035125289222,1.2860067133524502
GSNt2pp,b2964,23.0,2.2075,3.4772143,18.34995651245117,1.4512741922385004,,112645.641475366,,Metabolic (Core),False,GSNt2pp,False,3.781195829683873,6.371486251172417,2.8423571499999998,3.781195829683873
GSNt3pp,b3662,23.0,7.8642,3.7027497,16.749155044555664,6.814832905594133,,112645.641475366,,Metabolic (Core),False,GSNt3pp,False,7.5928838239549865,8.78273441253745,7.339516452797067,7.5928838239549865
GSNtex_num1,b1377,96.2904209055866,,,,,,112645.641475366,,Transport,False,GSNtex,False,,,,
GSNtex_num2,b0241,33.2825,,,,,,112645.641475366,,Transport,False,GSNtex,False,,,,
GSNtex_num3,b0929,94.8168,,,,,,112645.641475366,,Transport,False,GSNtex,False,,,,
GSNtex_num4,b2215,96.2904209055866,,,,,,112645.641475366,,Transport,False,GSNtex,False,,,,
GSNtex_reverse_num1,b1377,96.2904209055866,,,,,,112645.641475366,,Transport,False,GSNtex,True,,,,
GSNtex_reverse_num2,b0241,33.2825,,,,,,112645.641475366,,Transport,False,GSNtex,True,,,,
GSNtex_reverse_num3,b0929,94.8168,,,,,,112645.641475366,,Transport,False,GSNtex,True,,,,
GSNtex_reverse_num4,b2215,96.2904209055866,,,,,,112645.641475366,,Transport,False,GSNtex,True,,,,
GSPMDA,b2988,149.80799644754114,11.8865,2.2820523,9.513751983642578,5.160646713364276,2.1,,2.1,Metabolic (Core),False,GSPMDA,False,6.04100069500068,7.210737749251714,7.337199348503427,6.04100069500068
GSPMDS,b2988,149.80799644754114,3.4773,6.5032516,7.6955485343933105,6.060764487736015,17397.893333333333,,17397.893333333333,Metabolic (Core),False,GSPMDS,False,5.69881982843789,5.934216155532331,6.282008043868007,5.69881982843789
GTHOXtex_num1,b1377,96.2904209055866,,,,,,112645.641475366,,Transport,False,GTHOXtex,False,,,,
GTHOXtex_num2,b0241,33.2825,,,,,,112645.641475366,,Transport,False,GTHOXtex,False,,,,
GTHOXtex_num3,b0929,94.8168,,,,,,112645.641475366,,Transport,False,GTHOXtex,False,,,,
GTHOXtex_num4,b2215,96.2904209055866,,,,,,112645.641475366,,Transport,False,GTHOXtex,False,,,,
GTHOXtex_reverse_num1,b1377,96.2904209055866,,,,,,112645.641475366,,Transport,False,GTHOXtex,True,,,,
GTHOXtex_reverse_num2,b0241,33.2825,,,,,,112645.641475366,,Transport,False,GTHOXtex,True,,,,
GTHOXtex_reverse_num3,b0929,94.8168,,,,,,112645.641475366,,Transport,False,GTHOXtex,True,,,,
GTHOXtex_reverse_num4,b2215,96.2904209055866,,,,,,112645.641475366,,Transport,False,GTHOXtex,True,,,,
GTHOr,b3500,136.2454183611817,281.2036,26.916386,42.92381286621094,44.34528247676063,60.0,,60.0,Metabolic (Core),False,GTHOr,False,61.60923775577975,98.84727033574289,43.634547671485784,61.60923775577975
GTHOr_reverse,b3500,136.2454183611817,11.2443,14.95324,11.583633422851562,6.334036791279153,60.0,,60.0,Metabolic (Reverse),False,GTHOr,True,10.538972680825964,11.02880255353268,11.413966711425783,10.538972680825964
GTHPi,b1710,264.0226067691252,2.5285,13.193862,7.167385101318359,1.966318786132856,,15476.063846153846,,Metabolic (Core),False,GTHPi,False,4.6565298452252675,6.214016471862804,4.84794255065918,4.6565298452252675
GTHRDHpp,b3447,121.175352563932,7.5658,3.0065448,31.296167373657227,4.505918121530305,,12.45,,Metabolic (Core),False,GTHRDHpp,False,7.525740636578142,11.593607573796882,6.035859060765153,7.525740636578142
GTHRDabc2pp,b0886 and b0887,75.41,35.0821,0.19664213,5.082626819610596,2.30758992115931,,112645.641475366,,Metabolic (Core),True,GTHRDabc2pp,False,2.999178072941294,10.667239717692476,3.6951083703849528,2.999178072941294
GTHRDabcpp,b0829 and b0831 and b0830 and b0832,97.76404181117316,1.5902,2.1322162,7.172702312469482,4.26478635416554,,112645.641475366,,Metabolic (Core),True,GTHRDabcpp,False,3.1912863058812135,3.7899762166587556,3.1985012770827703,3.1912863058812135
GTHRDtex_num1,b1377,96.2904209055866,,,,,,112645.641475366,,Transport,False,GTHRDtex,False,,,,
GTHRDtex_num2,b0241,33.2825,,,,,,112645.641475366,,Transport,False,GTHRDtex,False,,,,
GTHRDtex_num3,b0929,94.8168,,,,,,112645.641475366,,Transport,False,GTHRDtex,False,,,,
GTHRDtex_num4,b2215,96.2904209055866,,,,,,112645.641475366,,Transport,False,GTHRDtex,False,,,,
GTHRDtex_reverse_num1,b1377,96.2904209055866,,,,,,112645.641475366,,Transport,False,GTHRDtex,True,,,,
GTHRDtex_reverse_num2,b0241,33.2825,,,,,,112645.641475366,,Transport,False,GTHRDtex,True,,,,
GTHRDtex_reverse_num3,b0929,94.8168,,,,,,112645.641475366,,Transport,False,GTHRDtex,True,,,,
GTHRDtex_reverse_num4,b2215,96.2904209055866,,,,,,112645.641475366,,Transport,False,GTHRDtex,True,,,,
GTHS,b2947,120.7983675600902,44.6556,6.184928,12.4002046585083,31.742121195274308,63606.77533333333,,63606.77533333333,Metabolic (Core),False,GTHS,False,18.158034793982345,23.745713463445654,22.071162926891304,18.158034793982345
GTPCI,b2153,111.56671905769797,,,,,370.39575,,370.39575,Metabolic (Core),False,GTPCI,False,,,,
GTPCII2,b1277,130.82655131153987,,,,,0.107,,0.107,Metabolic (Core),False,GTPCII2,False,,,,
GTPDPDP,b3779,127.8479926456924,0.545,11.898109,11.09658908843994,4.684829888306348,96.16718181818182,,96.16718181818182,Metabolic (Core),False,GTPDPDP,False,4.284887696277577,7.056131994186572,7.890709488373144,4.284887696277577
GTPDPK,b2784,122.42412220751704,,,,,,11.717058823529412,,Metabolic (Core),False,GTPDPK,False,,,,
GTPtex_num1,b0241,33.2825,,,,,,112645.641475366,,Transport,False,GTPtex,False,,,,
GTPtex_num2,b1377,96.2904209055866,,,,,,112645.641475366,,Transport,False,GTPtex,False,,,,
GTPtex_num3,b2215,96.2904209055866,,,,,,112645.641475366,,Transport,False,GTPtex,False,,,,
GTPtex_num4,b0929,94.8168,,,,,,112645.641475366,,Transport,False,GTPtex,False,,,,
GTPtex_reverse_num1,b0241,33.2825,,,,,,112645.641475366,,Transport,False,GTPtex,True,,,,
GTPtex_reverse_num2,b1377,96.2904209055866,,,,,,112645.641475366,,Transport,False,GTPtex,True,,,,
GTPtex_reverse_num3,b2215,96.2904209055866,,,,,,112645.641475366,,Transport,False,GTPtex,True,,,,
GTPtex_reverse_num4,b0929,94.8168,,,,,,112645.641475366,,Transport,False,GTPtex,True,,,,
GUAD,b2883,136.2454183611817,2.7571,0.599979,7.44207763671875,4.3269544586335424,2.8,,2.8,Metabolic (Core),False,GUAD,False,2.701570293589255,3.781527773838073,3.542027229316771,2.701570293589255
GUAPRT_num1,b0125,94.17970893894358,3.3984,1.2107283,6.037717342376709,6.47591517554057,,112.0,,Metabolic (Core),False,GUAPRT,False,3.561424807524312,4.28069020447932,4.718058671188355,3.561424807524312
GUAPRT_num2,b0238,92.71685493840006,,2.8448584,43.56171417236328,38.4344729658555,,112.0,,Metabolic (Core),False,GUAPRT,False,16.825275415441762,28.280348512739593,38.4344729658555,8.307524609873564
GUAt2pp,b3654,23.0,3.4012,1.2238584,35.36833572387695,6.060764487736015,,112645.641475366,,Metabolic (Core),False,GUAt2pp,False,5.465455265949786,11.513539652903242,4.730982243868008,5.465455265949786
GUAtex,b0411,179.45385264683853,,,,,,112645.641475366,,Transport,False,GUAtex,False,,,,
GUAtex_reverse,b0411,179.45385264683853,,,,,,112645.641475366,,Transport,False,GUAtex,True,,,,
GUAtpp_num1,b4464,23.0,,,,,,112645.641475366,,Transport,False,GUAtpp,False,,,,
GUAtpp_num2,b4064,23.0,,,,,,112645.641475366,,Transport,False,GUAtpp,False,,,,
GUAtpp_reverse_num1,b4464,23.0,,,,,,112645.641475366,,Transport,False,GUAtpp,True,,,,
GUAtpp_reverse_num2,b4064,23.0,,,,,,112645.641475366,,Transport,False,GUAtpp,True,,,,
GUI1,b3092,156.66356922976513,,,,,196.0,,196.0,Metabolic (Core),False,GUI1,False,,,,
GUI1_reverse,b3092,156.66356922976513,,,,,196.0,,196.0,Metabolic (Reverse),False,GUI1,True,,,,
GUI2,b3092,156.66356922976513,,,,,898883.55,,898883.55,Metabolic (Core),False,GUI2,False,,,,
GUI2_reverse,b3092,156.66356922976513,,,,,898883.55,,898883.55,Metabolic (Reverse),False,GUI2,True,,,,
H2O2tex_num1,b1377,96.2904209055866,,,,,,112645.641475366,,Transport,False,H2O2tex,False,,,,
H2O2tex_num2,b0241,33.2825,,,,,,112645.641475366,,Transport,False,H2O2tex,False,,,,
H2O2tex_num3,b0929,94.8168,,,,,,112645.641475366,,Transport,False,H2O2tex,False,,,,
H2O2tex_num4,b2215,96.2904209055866,,,,,,112645.641475366,,Transport,False,H2O2tex,False,,,,
H2O2tex_reverse_num1,b1377,96.2904209055866,,,,,,112645.641475366,,Transport,False,H2O2tex,True,,,,
H2O2tex_reverse_num2,b0241,33.2825,,,,,,112645.641475366,,Transport,False,H2O2tex,True,,,,
H2O2tex_reverse_num3,b0929,94.8168,,,,,,112645.641475366,,Transport,False,H2O2tex,True,,,,
H2O2tex_reverse_num4,b2215,96.2904209055866,,,,,,112645.641475366,,Transport,False,H2O2tex,True,,,,
H2Otex_num1,b1377,96.2904209055866,,,,,,112645.641475366,,Transport,False,H2Otex,False,,,,
H2Otex_num2,b2215,96.2904209055866,,,,,,112645.641475366,,Transport,False,H2Otex,False,,,,
H2Otex_num3,b1319,116.15819206211874,,,,,,112645.641475366,,Transport,False,H2Otex,False,,,,
H2Otex_num4,b3875,62.99967746920003,,,,,,112645.641475366,,Transport,False,H2Otex,False,,,,
H2Otex_num6,b0957,206.75125446366417,,,,,,112645.641475366,,Transport,False,H2Otex,False,,,,
H2Otex_num7,b0241,33.2825,,,,,,112645.641475366,,Transport,False,H2Otex,False,,,,
H2Otex_num8,b0929,94.8168,,,,,,,,Transport,False,H2Otex,False,,,,
H2Otex_reverse_num1,b1377,96.2904209055866,,,,,,112645.641475366,,Transport,False,H2Otex,True,,,,
H2Otex_reverse_num2,b2215,96.2904209055866,,,,,,112645.641475366,,Transport,False,H2Otex,True,,,,
H2Otex_reverse_num3,b1319,116.15819206211874,,,,,,112645.641475366,,Transport,False,H2Otex,True,,,,
H2Otex_reverse_num4,b3875,62.99967746920003,,,,,,112645.641475366,,Transport,False,H2Otex,True,,,,
H2Otex_reverse_num6,b0957,206.75125446366417,,,,,,112645.641475366,,Transport,False,H2Otex,True,,,,
H2Otex_reverse_num7,b0241,33.2825,,,,,,112645.641475366,,Transport,False,H2Otex,True,,,,
H2Otex_reverse_num8,b0929,94.8168,,,,,,,,Transport,False,H2Otex,True,,,,
H2Otpp_num2,b0875,23.0,,,,,,,,Transport,False,H2Otpp,False,,,,
H2Otpp_reverse_num2,b0875,23.0,,,,,,,,Transport,False,H2Otpp,True,,,,
H2Stex_num1,b0241,33.2825,,,,,,112645.641475366,,Transport,False,H2Stex,False,,,,
H2Stex_num2,b1377,96.2904209055866,,,,,,112645.641475366,,Transport,False,H2Stex,False,,,,
H2Stex_num3,b2215,96.2904209055866,,,,,,112645.641475366,,Transport,False,H2Stex,False,,,,
H2Stex_num4,b0929,94.8168,,,,,,112645.641475366,,Transport,False,H2Stex,False,,,,
H2Stex_reverse_num1,b0241,33.2825,,,,,,112645.641475366,,Transport,False,H2Stex,True,,,,
H2Stex_reverse_num2,b1377,96.2904209055866,,,,,,112645.641475366,,Transport,False,H2Stex,True,,,,
H2Stex_reverse_num3,b2215,96.2904209055866,,,,,,112645.641475366,,Transport,False,H2Stex,True,,,,
H2Stex_reverse_num4,b0929,94.8168,,,,,,112645.641475366,,Transport,False,H2Stex,True,,,,
H2tex_num1,b1377,96.2904209055866,,,,,,112645.641475366,,Transport,False,H2tex,False,,,,
H2tex_num2,b0241,33.2825,,,,,,112645.641475366,,Transport,False,H2tex,False,,,,
H2tex_num3,b0929,94.8168,,,,,,112645.641475366,,Transport,False,H2tex,False,,,,
H2tex_num4,b2215,96.2904209055866,,,,,,112645.641475366,,Transport,False,H2tex,False,,,,
H2tex_reverse_num1,b1377,96.2904209055866,,,,,,112645.641475366,,Transport,False,H2tex,True,,,,
H2tex_reverse_num2,b0241,33.2825,,,,,,112645.641475366,,Transport,False,H2tex,True,,,,
H2tex_reverse_num3,b0929,94.8168,,,,,,112645.641475366,,Transport,False,H2tex,True,,,,
H2tex_reverse_num4,b2215,96.2904209055866,,,,,,112645.641475366,,Transport,False,H2tex,True,,,,
HACD1_num1,b3846,120.42138255624845,5.1362,7.752379,37.307716369628906,2.5334831685657355,,382.0,,Metabolic (Core),False,HACD1,False,7.8324639233165705,13.182444634548661,6.4442895,7.8324639233165705
HACD1_num2,b2341,133.20262771610487,2.3523,4.1393375,34.24163055419922,8.735721749952106,,382.0,,Metabolic (Core),False,HACD1,False,7.346309040239899,12.36724745103783,6.437529624976053,7.346309040239899
HACD1_reverse_num1,b3846,120.42138255624845,99.7904,9.229721,33.3842658996582,6.046301810920078,,382.0,,Metabolic (Reverse),False,HACD1,True,20.76477584756577,37.112672177644576,21.3069934498291,20.76477584756577
HACD1_reverse_num2,b2341,133.20262771610487,,6.1889906,29.13551521301269,4.810772528691261,,382.0,,Metabolic (Reverse),False,HACD1,True,9.537161037811085,13.378426113901318,6.1889906,5.427056424525324
HACD2_num1,b3846,120.42138255624845,8.2308,12.391752,36.21347427368164,2.6727577653253696,1544.9815,,1544.9815,Metabolic (Core),False,HACD2,False,9.967841845205962,14.877196009751753,10.311276,9.967841845205962
HACD2_num2,b2341,133.20262771610487,1.716,7.888451,32.2624626159668,8.735721749952106,1544.9815,,1544.9815,Metabolic (Core),False,HACD2,False,7.859163623093956,12.650658841479725,8.312086374976053,7.859163623093956
HACD2_reverse_num1,b3846,120.42138255624845,3.4228,10.152053,29.636564254760746,7.759480633406317,1544.9815,,1544.9815,Metabolic (Reverse),False,HACD2,True,9.454726644095471,12.742724472041767,8.955766816703159,9.454726644095471
HACD2_reverse_num2,b2341,133.20262771610487,,7.4045267,24.36979103088379,4.132205446681373,1544.9815,,1544.9815,Metabolic (Reverse),False,HACD2,True,9.067975501683883,11.968841059188387,7.4045267,5.225558976431822
HACD3_num1,b3846,120.42138255624845,8.905,8.906341,34.12032699584961,1.8744879469845963,1163.361125,,1163.361125,Metabolic (Core),False,HACD3,False,8.439316410329521,13.45153898570855,8.9056705,8.439316410329521
HACD3_num2,b2341,133.20262771610487,,5.171332,30.397687911987305,2.30758992115931,1163.361125,,1163.361125,Metabolic (Core),False,HACD3,False,7.131822656176544,12.625536611048872,5.171332,4.364157357109484
HACD3_reverse_num1,b3846,120.42138255624845,0.754,8.367027,27.10456275939941,6.154294957250831,1163.361125,,1163.361125,Metabolic (Reverse),False,HACD3,True,5.695617388584536,10.594971179162561,7.260660978625415,5.695617388584536
HACD3_reverse_num2,b2341,133.20262771610487,,5.972689,32.819854736328125,2.0469354936451434,1163.361125,,1163.361125,Metabolic (Reverse),False,HACD3,True,7.375705553809636,13.613159743324424,5.972689,4.475614561481922
HACD4_num1,b3846,120.42138255624845,24.9526,7.1915164,34.12032699584961,2.974249578668444,2296.72225,,2296.72225,Metabolic (Core),False,HACD4,False,11.616671765086283,17.309673243629515,16.0720582,11.616671765086283
HACD4_num2,b2341,133.20262771610487,3.6878,4.2129574,31.316198348999023,4.3269544586335424,2296.72225,,2296.72225,Metabolic (Core),False,HACD4,False,6.773707618739422,10.885977551908143,4.269955929316771,6.773707618739422
HACD4_reverse_num1,b3846,120.42138255624845,42.1838,5.218399,31.454648971557617,3.709008719383553,2296.72225,,2296.72225,Metabolic (Reverse),False,HACD4,True,12.659204618463407,20.64146417273529,18.336523985778808,12.659204618463407
HACD4_reverse_num2,b2341,133.20262771610487,,3.9622028,25.86477851867676,4.810772528691261,2296.72225,,2296.72225,Metabolic (Reverse),False,HACD4,True,7.899872746136363,11.545917949122675,4.810772528691261,4.712106219549502
HACD5_num1,b3846,120.42138255624845,0.5577,5.3152924,35.15132522583008,2.1115375790563813,2296.72225,,2296.72225,Metabolic (Core),False,HACD5,False,3.851386295464718,10.783963801221615,3.7134149895281903,3.851386295464718
HACD5_num2,b2341,133.20262771610487,0.2538,2.862277,17.266300201416016,4.3269544586335424,2296.72225,,2296.72225,Metabolic (Core),False,HACD5,False,2.714227351353588,6.177332915012389,3.5946157293167715,2.714227351353588
HACD5_reverse_num1,b3846,120.42138255624845,1.7516,7.7727127,32.40509796142578,6.046301810920078,2296.72225,,2296.72225,Metabolic (Reverse),False,HACD5,True,7.186669584221694,11.993928118086464,6.9095072554600385,7.186669584221694
HACD5_reverse_num2,b2341,133.20262771610487,,3.4468417,27.451478958129883,3.520606330975931,2296.72225,,2296.72225,Metabolic (Reverse),False,HACD5,True,6.932153706286713,11.472975663035271,3.520606330975931,4.272195692532088
HACD6_num1,b3846,120.42138255624845,0.0003,4.9309716,34.12032699584961,2.316716327647813,2296.72225,,2296.72225,Metabolic (Core),False,HACD6,False,0.584769819247029,10.342078730874356,3.623843963823907,0.584769819247029
HACD6_num2,b2341,133.20262771610487,92.6543,3.2430248,30.397687911987305,2.6727577653253696,2296.72225,,2296.72225,Metabolic (Core),False,HACD6,False,12.499826940110614,32.24194261932817,16.820356355993653,12.499826940110614
HACD6_reverse_num1,b3846,120.42138255624845,1.1825,4.9041224,32.40509796142578,4.225192656758105,2296.72225,,2296.72225,Metabolic (Reverse),False,HACD6,True,5.308301432568032,10.679228254545972,4.564657528379053,5.308301432568032
HACD6_reverse_num2,b2341,133.20262771610487,,2.2149014,27.451478958129883,4.810772528691261,2296.72225,,2296.72225,Metabolic (Reverse),False,HACD6,True,6.638118318531025,11.492384295607048,4.810772528691261,4.135554436039404
HACD7_num1,b2341,133.20262771610487,1.5712,1.5050311,31.316198348999023,2.641959074618462,2296.72225,,2296.72225,Metabolic (Core),False,HACD7,False,3.7399691206724115,9.258597130904372,2.106579537309231,3.7399691206724115
HACD7_num2,b3846,120.42138255624845,3.2977,3.3183417,34.12032699584961,4.3269544586335424,2296.72225,,2296.72225,Metabolic (Core),False,HACD7,False,6.339893163515437,11.265830788620788,3.822648079316771,6.339893163515437
HACD7_reverse_num1,b2341,133.20262771610487,0.0007,1.8680228,27.451478958129883,4.810772528691261,2296.72225,,2296.72225,Metabolic (Reverse),False,HACD7,True,0.6446369504397674,8.532743571705286,3.3393976643456305,0.6446369504397674
HACD7_reverse_num2,b3846,120.42138255624845,,3.8757296,32.40509796142578,4.132205446681373,2296.72225,,2296.72225,Metabolic (Reverse),False,HACD7,True,8.036178438433371,13.471011002702385,4.132205446681373,4.772953228015212
HACD8_num1,b3846,120.42138255624845,0.4567,3.9653177,34.12032699584961,1.3800644610349209,2296.72225,,2296.72225,Metabolic (Core),False,HACD8,False,3.038822891254315,9.980602289221132,2.6726910805174606,3.038822891254315
HACD8_num2,b2341,133.20262771610487,,2.0506191,31.316198348999023,3.9123352524916633,2296.72225,,2296.72225,Metabolic (Core),False,HACD8,False,6.310009775680625,12.426384233830229,3.9123352524916633,3.981278183379569
HACD8_reverse_num1,b3846,120.42138255624845,9.6656,4.9317956,32.40509796142578,5.265135685472943,2296.72225,,2296.72225,Metabolic (Reverse),False,HACD8,True,9.496513684264045,13.06690731172468,7.465367842736471,9.496513684264045
HACD8_reverse_num2,b2341,133.20262771610487,,3.4403045,27.451478958129883,,2296.72225,,2296.72225,Metabolic (Reverse),False,HACD8,True,9.718098918580196,15.445891729064941,15.445891729064941,3.1173865526399185
HADPCOADH3,b1395,160.70234805267864,20.3751,2.8459074,30.42586135864257,2.5529798932455594,382.0,,382.0,Metabolic (Core),False,HADPCOADH3,False,8.19224057798643,14.049962162972031,11.6105037,8.19224057798643
HADPCOADH3_reverse,b1395,160.70234805267864,1.4882,2.14505,42.75093078613281,11.311990667194513,382.0,,382.0,Metabolic (Reverse),False,HADPCOADH3,True,6.268243128175552,14.424042863331831,6.728520333597256,6.268243128175552
HBZOPT,b4040,98.1285542465749,1.8957,0.6022389,2.127713680267334,3.810021688122154,,,,Metabolic (Core),False,HBZOPT,False,1.7441938948329783,2.108918567097372,2.011706840133667,1.7441938948329783
HCINNMt2rpp,b0353,28.14125,5.8575,6.6973987,24.19306945800781,2.83415341835266,,112645.641475366,,Metabolic (Core),False,HCINNMt2rpp,False,7.201669631314999,9.895530394090118,6.2774493499999995,7.201669631314999
HCINNMt2rpp_reverse,b0353,28.14125,2.9131,6.6973987,24.19306945800781,0.0417082342498217,,112645.641475366,,Metabolic (Reverse),False,HCINNMt2rpp,True,2.106413263622147,8.461319098064408,4.80524935,2.106413263622147
HCINNMtex_num1,b1377,96.2904209055866,,,,,,112645.641475366,,Transport,False,HCINNMtex,False,,,,
HCINNMtex_num2,b0241,33.2825,,,,,,112645.641475366,,Transport,False,HCINNMtex,False,,,,
HCINNMtex_num3,b0929,94.8168,,,,,,112645.641475366,,Transport,False,HCINNMtex,False,,,,
HCINNMtex_num4,b2215,96.2904209055866,,,,,,112645.641475366,,Transport,False,HCINNMtex,False,,,,
HCINNMtex_reverse_num1,b1377,96.2904209055866,,,,,,112645.641475366,,Transport,False,HCINNMtex,True,,,,
HCINNMtex_reverse_num2,b0241,33.2825,,,,,,112645.641475366,,Transport,False,HCINNMtex,True,,,,
HCINNMtex_reverse_num3,b0929,94.8168,,,,,,112645.641475366,,Transport,False,HCINNMtex,True,,,,
HCINNMtex_reverse_num4,b2215,96.2904209055866,,,,,,112645.641475366,,Transport,False,HCINNMtex,True,,,,
HCO3E_num1,b0126,207.78250892732828,,,,,,3534475.0,,Metabolic (Core),False,HCO3E,False,,,,
HCO3E_num2,b0339,237.538568721655,,,,,,3534475.0,,Metabolic (Core),False,HCO3E,False,,,,
HCO3E_reverse_num1,b0126,207.78250892732828,1.6135,7338.987,15.207134246826172,11.424475857554716,,3534475.0,,Metabolic (Reverse),False,HCO3E,True,37.87234423548867,1841.8080275260954,13.315805052190445,37.87234423548867
HCO3E_reverse_num2,b0339,237.538568721655,,652.8338,23.04865074157715,5.171331930782302,,3534475.0,,Metabolic (Reverse),False,HCO3E,True,42.69236211324873,227.01792755745316,23.04865074157715,16.701775368388915
HCYSMT,b0261,122.42412220751704,8.7636,0.28746533,1.4168113470077517,4.765863679138536,0.38,,0.38,Metabolic (Core),False,HCYSMT,False,2.03086201019855,3.808435089036572,3.0913375130731438,2.03086201019855
HCYSMT2,b0261,122.42412220751704,1.2381,0.1591725,1.2946319580078125,4.810772528691261,0.38,,0.38,Metabolic (Core),False,HCYSMT2,False,1.0525584610271315,1.8756692466747682,1.2663659790039064,1.0525584610271315
HDCAtexi,b2344,206.75125446366417,,,,,,112645.641475366,,Transport,False,HDCAtexi,False,,,,
HDCEAtexi,b2344,206.75125446366417,,,,,,112645.641475366,,Transport,False,HDCEAtexi,False,,,,
HEMEOS,b0428,160.70234805267864,0.5907,0.7504094,,2.6014665750227497,,,,Metabolic (Core),False,HEMEOS,False,1.0486434026143092,1.31419199167425,0.7504094,1.0362650993251188
HEPK1,b3630,136.70881435012527,16.841,0.07250937,4.7975263595581055,11.464474328261756,,112645.641475366,,Metabolic (Core),False,HEPK1,False,2.862749719869442,8.293877514454966,8.131000343909932,2.862749719869442
HEPK2,b3625,121.175352563932,16.8416,,2.152080535888672,3.5278048339909347,,112645.641475366,,Metabolic (Core),False,HEPK2,False,5.037891457755272,7.507161789959869,3.5278048339909347,3.3626882373930087
HEPT1,b3621,97.76404181117316,7.9647,0.18493369,2.153179168701172,1.348839596703393,,,,Metabolic (Core),False,HEPT1,False,1.4381576091180595,2.912913113851141,1.7510093827022826,1.4381576091180595
HEPT2,b3620,115.69288473855742,16.796,0.17685097,5.942718505859375,3.2366721193974084,,112645.641475366,,Metabolic (Core),False,HEPT2,False,2.7493136894660353,6.538060398814196,4.5896953126283915,2.7493136894660353
HEPT3,b3632,97.61360481285834,16.6188,0.91552967,4.0126142501831055,4.0723701505263925,,112645.641475366,,Metabolic (Core),False,HEPT3,False,3.970879290706745,6.404828517677375,4.042492200354749,3.970879290706745
HEPT4,b3623,67.225,3.5777,0.28027734,2.935235023498535,1.607791776275416,,,,Metabolic (Core),False,HEPT4,False,1.4749121320276137,2.1002510349434877,2.2715133998869756,1.4749121320276137
HETZK,b2104,151.18324760891227,4.2211,2.0227985,3.629236221313477,1.6542749457984318,5356.7353125,,5356.7353125,Metabolic (Core),False,HETZK,False,2.675779352564747,2.8818524167779773,2.8260173606567385,2.675779352564747
HEX1,b2388,154.8978386945808,9.6729,52.614502,12.520874977111816,4.693689902714916,410.0,,410.0,Metabolic (Core),False,HEX1,False,13.15081925115733,19.875491719956685,11.096887488555907,13.15081925115733
HEX7,b0394,129.20025527297207,0.2018,21.102129,14.009480476379396,19.340076933523704,14.0,,14.0,Metabolic (Core),False,HEX7,False,5.828166037358319,13.663371602475776,16.67477870495155,5.828166037358319
HEXt2rpp,b2223,23.0,0.0152,3.7475173,25.15697860717773,3.0876692428883983,,112645.641475366,,Metabolic (Core),False,HEXt2rpp,False,1.4503376514939015,8.001841287516532,3.417593271444199,1.4503376514939015
HEXt2rpp_reverse,b2223,23.0,9.5138,3.7475173,25.15697860717773,5.277687913692756,,112645.641475366,,Metabolic (Reverse),False,HEXt2rpp,True,8.294686233267864,10.923995955217622,7.395743956846378,8.294686233267864
HG2abcpp,b3469,75.41,,,,,,112645.641475366,,Metabolic (Core),False,HG2abcpp,False,,,,
HG2t3pp,b3915,75.41,,,,,,112645.641475366,,Metabolic (Core),False,HG2t3pp,False,,,,
HG2tex_num1,b1377,96.2904209055866,,,,,,112645.641475366,,Transport,False,HG2tex,False,,,,
HG2tex_num2,b0241,33.2825,,,,,,112645.641475366,,Transport,False,HG2tex,False,,,,
HG2tex_num3,b0929,94.8168,,,,,,112645.641475366,,Transport,False,HG2tex,False,,,,
HG2tex_num4,b2215,96.2904209055866,,,,,,112645.641475366,,Transport,False,HG2tex,False,,,,
HG2tex_reverse_num1,b1377,96.2904209055866,,,,,,112645.641475366,,Transport,False,HG2tex,True,,,,
HG2tex_reverse_num2,b0241,33.2825,,,,,,112645.641475366,,Transport,False,HG2tex,True,,,,
HG2tex_reverse_num3,b0929,94.8168,,,,,,112645.641475366,,Transport,False,HG2tex,True,,,,
HG2tex_reverse_num4,b2215,96.2904209055866,,,,,,112645.641475366,,Transport,False,HG2tex,True,,,,
HISTD,b2020,160.70234805267864,2.9925,6.6102967,10.16239070892334,4.869782303147899,21541.055000000004,,21541.055000000004,Metabolic (Core),False,HISTD,False,5.5935836452259045,6.15874242801781,5.74003950157395,5.5935836452259045
HISTP,b2022,151.18324760891227,7.7255,9.889331,21.82704734802246,2.4910027961204,1140.0,,1140.0,Metabolic (Core),False,HISTP,False,8.02815370695988,10.483220286035715,8.807415500000001,8.02815370695988
HISabcpp,b2308 and b2307 and b2306 and b2309,70.22331772965363,310.8612,3.2845616,20.9307918548584,27.531334806221064,,,,Metabolic (Core),True,HISabcpp,False,27.695819126490907,90.65197206526987,24.231063330539733,27.695819126490907
HISt2rpp,b0112,23.0,0.1334,10.245887,43.46313095092773,59.507895368453305,,112645.641475366,,Metabolic (Core),False,HISt2rpp,False,7.71081436229429,28.337578329845257,26.854508975463865,7.71081436229429
HISt2rpp_reverse,b0112,23.0,118.1923,10.245887,43.46313095092773,0.1364779241259755,,112645.641475366,,Metabolic (Reverse),False,HISt2rpp,True,9.206202863623403,43.00944896876343,26.854508975463865,9.206202863623403
HIStex_num1,b1377,96.2904209055866,,,,,,112645.641475366,,Transport,False,HIStex,False,,,,
HIStex_num2,b0241,33.2825,,,,,,112645.641475366,,Transport,False,HIStex,False,,,,
HIStex_num3,b0929,94.8168,,,,,,112645.641475366,,Transport,False,HIStex,False,,,,
HIStex_num4,b2215,96.2904209055866,,,,,,112645.641475366,,Transport,False,HIStex,False,,,,
HIStex_reverse_num1,b1377,96.2904209055866,,,,,,112645.641475366,,Transport,False,HIStex,True,,,,
HIStex_reverse_num2,b0241,33.2825,,,,,,112645.641475366,,Transport,False,HIStex,True,,,,
HIStex_reverse_num3,b0929,94.8168,,,,,,112645.641475366,,Transport,False,HIStex,True,,,,
HIStex_reverse_num4,b2215,96.2904209055866,,,,,,112645.641475366,,Transport,False,HIStex,True,,,,
HKNDDH,b0349,121.20698236312832,4.0045,11.858485,26.177021026611328,7.384072864824513,4.018,,4.018,Metabolic (Core),False,HKNDDH,False,9.788100627333822,12.35601972285896,9.621278932412256,9.788100627333822
HKNTDH,b0349,121.20698236312832,13.7227,9.313933,24.663986206054688,6.97192302574174,4.018,,4.018,Metabolic (Core),False,HKNTDH,False,12.175789542537768,13.668135557949107,11.518316500000001,12.175789542537768
HMBS,b3805,152.59164458856753,13.2492,8.490509,10.741059303283691,10.397610637812583,,0.25,,Metabolic (Core),False,HMBS,False,10.58707553960734,10.719594735274068,10.569334970548137,10.58707553960734
HMPK1_num1,b2103,128.2406734749161,27.0167,0.9913944,0.9080373048782348,2.97733537733062,0.3575,,0.3575,Metabolic (Core),False,HMPK1,False,2.917108297866287,7.973366770552214,1.98436488866531,2.917108297866287
HMPK1_num2,b2418,136.71153247522938,2.7339,0.14549273,2.0735483169555664,8.645785370246568,0.3575,,0.3575,Metabolic (Core),False,HMPK1,False,1.6341263459725452,3.3996816043005333,2.4037241584777833,1.6341263459725452
HOMt2pp_num1,b0813,33.2825,3.8526,4.197102,34.2525634765625,6.47591517554057,,112645.641475366,,Metabolic (Core),False,HOMt2pp,False,7.738814181896474,12.194545163025767,5.336508587770285,7.738814181896474
HOMt2pp_num2,b3824,23.0,,3.102055,13.308917999267578,8.999702292651358,,112645.641475366,,Metabolic (Core),False,HOMt2pp,False,7.189082410541907,8.470225097306312,8.999702292651358,4.39041017875585
HOMtex_num1,b1377,96.2904209055866,,,,,,112645.641475366,,Transport,False,HOMtex,False,,,,
HOMtex_num2,b0241,33.2825,,,,,,112645.641475366,,Transport,False,HOMtex,False,,,,
HOMtex_num3,b0929,94.8168,,,,,,112645.641475366,,Transport,False,HOMtex,False,,,,
HOMtex_num4,b2215,96.2904209055866,,,,,,112645.641475366,,Transport,False,HOMtex,False,,,,
HOMtex_reverse_num1,b1377,96.2904209055866,,,,,,112645.641475366,,Transport,False,HOMtex,True,,,,
HOMtex_reverse_num2,b0241,33.2825,,,,,,112645.641475366,,Transport,False,HOMtex,True,,,,
HOMtex_reverse_num3,b0929,94.8168,,,,,,112645.641475366,,Transport,False,HOMtex,True,,,,
HOMtex_reverse_num4,b2215,96.2904209055866,,,,,,112645.641475366,,Transport,False,HOMtex,True,,,,
HOPNTAL,b0352,121.20698236312832,,,,,0.927,,0.927,Metabolic (Core),False,HOPNTAL,False,,,,
HPACOAT,b1396,160.70234805267864,4.5124,,22.95058250427246,8.056529141938169,,112645.641475366,,Metabolic (Core),False,HPACOAT,False,9.414192950275686,11.839837215403543,8.056529141938169,5.374490770486169
HPPK2,b0142,125.92515286381274,0.5046,1.5625232,0.9231266975402832,9.525367628761076,999.0,,999.0,Metabolic (Core),False,HPPK2,False,1.6226662170199857,3.1289043815753397,1.2428249487701417,1.6226662170199857
HPPPNDO,b0348,121.23861216232469,129.3837,3.2613995,13.199729919433594,9.432264314216438,39.5,,39.5,Metabolic (Core),False,HPPPNDO,False,15.139660748751915,38.81927343341251,11.315997116825017,15.139660748751915
HPPPNt2rpp,b0353,28.14125,1.9929,7.091316,24.19306945800781,2.458310668233155,,112645.641475366,,Metabolic (Core),False,HPPPNt2rpp,False,5.384371551588648,8.933899031560241,4.774813334116578,5.384371551588648
HPPPNt2rpp_reverse,b0353,28.14125,3.4109,7.091316,24.19306945800781,28.88367235458073,,112645.641475366,,Metabolic (Reverse),False,HPPPNt2rpp,True,11.402098854798872,15.894739453147135,15.642192729003904,11.402098854798872
HPPPNtex_num1,b2215,96.2904209055866,,,,,,112645.641475366,,Transport,False,HPPPNtex,False,,,,
HPPPNtex_num2,b0929,94.8168,,,,,,112645.641475366,,Transport,False,HPPPNtex,False,,,,
HPPPNtex_num3,b1377,96.2904209055866,,,,,,112645.641475366,,Transport,False,HPPPNtex,False,,,,
HPPPNtex_num4,b0241,33.2825,,,,,,112645.641475366,,Transport,False,HPPPNtex,False,,,,
HPPPNtex_reverse_num1,b2215,96.2904209055866,,,,,,112645.641475366,,Transport,False,HPPPNtex,True,,,,
HPPPNtex_reverse_num2,b0929,94.8168,,,,,,112645.641475366,,Transport,False,HPPPNtex,True,,,,
HPPPNtex_reverse_num3,b1377,96.2904209055866,,,,,,112645.641475366,,Transport,False,HPPPNtex,True,,,,
HPPPNtex_reverse_num4,b0241,33.2825,,,,,,112645.641475366,,Transport,False,HPPPNtex,True,,,,
HPYRI,b0508,158.49685536662776,,,,,,,,Metabolic (Core),False,HPYRI,False,,,,
HPYRI_reverse,b0508,158.49685536662776,,,,,,,,Metabolic (Reverse),False,HPYRI,True,,,,
HPYRP,b1813,118.43411865124476,0.8385,1.4488173,2.662317514419556,1.6322509915927117,,112645.641475366,,Metabolic (Core),False,HPYRP,False,1.5157963958929803,1.6454714515030668,1.540534145796356,1.5157963958929803
HPYRRx_num1,b1033,153.48944171492553,361.8587,3.6283321,24.881845474243164,8.135649937618254,81.27531818181818,,81.27531818181818,Metabolic (Core),False,HPYRRx,False,22.705455714567865,99.62613187796536,16.50874770593071,22.705455714567865
HPYRRx_num2,b3553,124.73964281862038,,50.765903,21.0952205657959,7.228125235384933,81.27531818181818,,81.27531818181818,Metabolic (Core),False,HPYRRx,False,19.78156367221855,26.363082933726947,21.0952205657959,9.379840721274347
HPYRRy_num1,b1033,153.48944171492553,0.9443,3.6283321,32.192649841308594,0.9306493286838624,9731.2355,,9731.2355,Metabolic (Core),False,HPYRRy,False,3.1830242969700113,9.423982817498114,2.28631605,3.1830242969700113
HPYRRy_num2,b3553,124.73964281862038,,50.765903,23.366134643554688,2.6625568020389947,9731.2355,,9731.2355,Metabolic (Core),False,HPYRRy,False,14.671886456055795,25.598198148531228,23.366134643554688,7.4966022345642225
HSDy_num1,b3940,128.2406734749161,4.0195,25.551483,13.560916900634766,4.108762017433821,,7.0125,,Metabolic (Core),False,HSDy,False,8.697552254142758,11.810165479517146,8.834839459034294,8.697552254142758
HSDy_num2,b0002,136.2454183611817,,14.202385,9.834490776062012,2.8789928418702604,,7.0125,,Metabolic (Core),False,HSDy,False,7.381046045231782,8.971956205977424,9.834490776062012,4.478044819000522
HSDy_reverse_num1,b3940,128.2406734749161,3.693,56.686153,15.275766372680664,0.804671281974783,,7.0125,,Metabolic (Reverse),False,HSDy,True,7.122286679362305,19.11489766366386,9.484383186340333,7.122286679362305
HSDy_reverse_num2,b0002,136.2454183611817,,31.71935,12.903910636901855,6.97192302574174,,7.0125,,Metabolic (Reverse),False,HSDy,True,14.18402222693313,17.19839455421453,12.903910636901855,7.308858472538292
HSK,b0003,121.23861216232469,15.9745,1.6554254,3.173168182373047,7.228125235384933,12.205333333333334,,12.205333333333334,Metabolic (Core),False,HSK,False,4.962653028868891,7.007804704439495,5.20064670887899,4.962653028868891
HSST,b4013,158.9366175174943,4.0405,1.0769033,9.756704330444336,8.06523027060146,28.523333333333333,,28.523333333333333,Metabolic (Core),False,HSST,False,4.301628824783435,5.734834475261449,6.0528651353007294,4.301628824783435
HSTPT,b2021,136.2454183611817,10.8248,2.8124285,65.67862701416016,10.397610637812583,,268.1982023812143,,Metabolic (Core),False,HSTPT,False,12.007835971154696,22.428366537993185,10.611205318906292,12.007835971154696
HXAND,b2867 and b2866 and b2868,136.2454183611817,16.841,2.2229195,33.51993179321289,3.2366721193974084,15143.333333333334,,15143.333333333334,Metabolic (Core),True,HXAND,False,7.983132933886265,13.955130853152575,10.038836059698705,7.983132933886265
HXAtex_num1,b1377,96.2904209055866,,,,,,112645.641475366,,Transport,False,HXAtex,False,,,,
HXAtex_num2,b0241,33.2825,,,,,,112645.641475366,,Transport,False,HXAtex,False,,,,
HXAtex_num3,b0929,94.8168,,,,,,112645.641475366,,Transport,False,HXAtex,False,,,,
HXAtex_num4,b2215,96.2904209055866,,,,,,112645.641475366,,Transport,False,HXAtex,False,,,,
HXAtex_reverse_num1,b1377,96.2904209055866,,,,,,112645.641475366,,Transport,False,HXAtex,True,,,,
HXAtex_reverse_num2,b0241,33.2825,,,,,,112645.641475366,,Transport,False,HXAtex,True,,,,
HXAtex_reverse_num3,b0929,94.8168,,,,,,112645.641475366,,Transport,False,HXAtex,True,,,,
HXAtex_reverse_num4,b2215,96.2904209055866,,,,,,112645.641475366,,Transport,False,HXAtex,True,,,,
HXCT,b2222 and b2221,121.20698236312832,18.5121,2.6441765,1.7817119359970093,29.39165891366132,154.95333333333335,,154.95333333333335,Metabolic (Core),True,HXCT,False,7.1154427596352505,13.082411837414583,10.57813825,7.1154427596352505
HXPRT_num1,b0238,92.71685493840006,122.3676,2.8448584,35.36759948730469,5.32062846472089,,5.3749,,Metabolic (Core),False,HXPRT,False,15.998302474675178,41.4751715880064,20.34411397601279,15.998302474675178
HXPRT_num2,b0125,94.17970893894358,3.7526,1.2107283,5.860630512237549,7.008712984588747,,5.3749,,Metabolic (Core),False,HXPRT,False,3.6960717753465584,4.458167949206574,4.806615256118775,3.6960717753465584
HYD1pp_num1,b2996 and b2994 and b2997 and b2995,120.50274604186052,,,,,,112645.641475366,,Metabolic (Core),True,HYD1pp,False,,,,
HYD1pp_num2,b0974 and b0973 and b0972,121.20698236312832,,,,,,112645.641475366,,Metabolic (Core),True,HYD1pp,False,,,,
HYD1pp_num3,b2721 and b2724 and b2722 and b2723 and b2720 and b2719,115.69288473855748,,,,,,112645.641475366,,Metabolic (Core),True,HYD1pp,False,,,,
HYD2pp_num1,b0974 and b0973 and b0972,121.20698236312832,45.7136,1.9006628,32.0045051574707,10.343030383997991,,112645.641475366,,Metabolic (Core),True,HYD2pp,False,13.022739520535836,22.490449585367173,21.173767770734347,13.022739520535836
HYD2pp_num2,b2996 and b2994 and b2997 and b2995,120.50274604186052,,1.3062776,55.09756088256836,10.16403937479348,,112645.641475366,,Metabolic (Core),True,HYD2pp,False,9.01041368354138,22.18929261912061,10.16403937479348,5.2006610280736245
HYD3pp_num1,b0974 and b0973 and b0972,121.20698236312832,4.3804,1.9462248,32.0045051574707,20.83005914936328,,267.67075,,Metabolic (Core),True,HYD3pp,False,8.682646066783603,14.790297276708495,12.60522957468164,8.682646066783603
HYD3pp_num2,b2996 and b2994 and b2997 and b2995,120.50274604186052,,1.2738229,56.76241683959961,6.334036791279153,,267.67075,,Metabolic (Core),True,HYD3pp,False,7.70815023768968,21.45675884362625,6.334036791279153,4.6260745593031976
HYXNtex_num1,b0929,94.8168,,,,,,112645.641475366,,Transport,False,HYXNtex,False,,,,
HYXNtex_num2,b2215,96.2904209055866,,,,,,112645.641475366,,Transport,False,HYXNtex,False,,,,
HYXNtex_num3,b0241,33.2825,,,,,,112645.641475366,,Transport,False,HYXNtex,False,,,,
HYXNtex_num4,b1377,96.2904209055866,,,,,,112645.641475366,,Transport,False,HYXNtex,False,,,,
HYXNtex_reverse_num1,b0929,94.8168,,,,,,112645.641475366,,Transport,False,HYXNtex,True,,,,
HYXNtex_reverse_num2,b2215,96.2904209055866,,,,,,112645.641475366,,Transport,False,HYXNtex,True,,,,
HYXNtex_reverse_num3,b0241,33.2825,,,,,,112645.641475366,,Transport,False,HYXNtex,True,,,,
HYXNtex_reverse_num4,b1377,96.2904209055866,,,,,,112645.641475366,,Transport,False,HYXNtex,True,,,,
HYXNtpp_num1,b4064,23.0,,,,,,112645.641475366,,Transport,False,HYXNtpp,False,,,,
HYXNtpp_num2,b4464,23.0,,,,,,112645.641475366,,Transport,False,HYXNtpp,False,,,,
HYXNtpp_reverse_num1,b4064,23.0,,,,,,112645.641475366,,Transport,False,HYXNtpp,True,,,,
HYXNtpp_reverse_num2,b4464,23.0,,,,,,112645.641475366,,Transport,False,HYXNtpp,True,,,,
Htex_num1,b1377,96.2904209055866,,,,,,112645.641475366,,Transport,False,Htex,False,,,,
Htex_num2,b0241,33.2825,,,,,,112645.641475366,,Transport,False,Htex,False,,,,
Htex_num3,b0929,94.8168,,,,,,112645.641475366,,Transport,False,Htex,False,,,,
Htex_num4,b2215,96.2904209055866,,,,,,112645.641475366,,Transport,False,Htex,False,,,,
Htex_reverse_num1,b1377,96.2904209055866,,,,,,112645.641475366,,Transport,False,Htex,True,,,,
Htex_reverse_num2,b0241,33.2825,,,,,,112645.641475366,,Transport,False,Htex,True,,,,
Htex_reverse_num3,b0929,94.8168,,,,,,112645.641475366,,Transport,False,Htex,True,,,,
Htex_reverse_num4,b2215,96.2904209055866,,,,,,112645.641475366,,Transport,False,Htex,True,,,,
I2FE2SR,b2529 and b2530,122.42412220751704,44.7111,,6.764119625091553,2.6761024502934845,,112645.641475366,,Metabolic (Core),True,I2FE2SR,False,9.319153315462747,18.050440691795014,6.764119625091553,5.333746151288459
I2FE2SS,b2530 and b2529,122.42412220751704,13.7488,,3.3006374835968018,1.3773040973186208,,112645.641475366,,Metabolic (Core),True,I2FE2SS,False,3.968540533702431,6.142247193638474,3.3006374835968018,2.8117267672110895
I2FE2SS2,b2530 and b2529,122.42412220751704,12.6999,,3.3006374835968018,1.3773040973186208,,112645.641475366,,Metabolic (Core),True,I2FE2SS2,False,3.8649391084249967,5.792613860305141,3.3006374835968018,2.7564936226514845
I2FE2ST,b2529 and b2528,149.80799644754114,2.4137,,14.868906021118164,1.3773040973186208,,112645.641475366,,Metabolic (Core),True,I2FE2ST,False,3.669982968495913,6.219970039478928,2.4137,2.6515391056554054
I4FE4SR,b2529,136.70881435012527,10.9058,,6.27124547958374,3.9123352524916633,,112645.641475366,,Metabolic (Core),False,I4FE4SR,False,6.443905026563855,7.029793577358467,6.27124547958374,4.044472140461221
I4FE4ST,b2529 and b2528,149.80799644754114,5.6239,,14.868906021118164,1.0590721531572571,,112645.641475366,,Metabolic (Core),True,I4FE4ST,False,4.457390862382969,7.18395939142514,5.6239,3.067683418078913
ICDHyr,b1136,149.80799644754114,2.375,27.884113,89.73011016845703,2.253079356506439,,130.31428571428572,,Metabolic (Core),False,ICDHyr,False,10.756817101137951,30.560575631240866,15.1295565,10.756817101137951
ICDHyr_reverse,b1136,149.80799644754114,2.8676,19.559704,78.96312713623047,9.38360738254706,,130.31428571428572,,Metabolic (Reverse),False,ICDHyr,True,14.278045261639909,27.69350962969438,14.47165569127353,14.278045261639909
ICHORS_copy1,b0593,121.23861216232469,,,,,1.632,,1.632,Metabolic (Core),False,ICHORS_copy1,False,,,,
ICHORS_copy2,b2265,121.20698236312832,,,,,1.632,,1.632,Metabolic (Core),False,ICHORS_copy2,False,,,,
ICHORS_copy2_reverse,b2265,121.20698236312832,,,,,1.632,,1.632,Metabolic (Reverse),False,ICHORS_copy2,True,,,,
ICHORT,b0595,152.5584987702834,0.8497,14.011223,11.154722213745115,2.364234968391738,10.0,,10.0,Metabolic (Core),False,ICHORT,False,4.2094248919998245,7.094970045534214,6.759478591068427,4.2094248919998245
ICL,b4015,104.44656349145797,,,,,17647.002898245613,,17647.002898245613,Metabolic (Core),False,ICL,False,,,,
ICYSDS,b2530,121.20698236312832,5365.4251,1.8196537,3.7294321060180655,3.9123352524916633,,112645.641475366,,Metabolic (Core),False,ICYSDS,False,19.427544499830987,1343.7216302646277,3.820883679254864,19.427544499830987
IDOND,b4267,197.70251011777788,9.667,11.7749405,25.69565200805664,7.020495826429408,27.86025,,27.86025,Metabolic (Core),False,IDOND,False,11.970697790915825,13.539522083621513,10.72097025,11.970697790915825
IDOND2,b4267,197.70251011777788,0.3007,11.7749405,23.500343322753903,180.06711306374774,27.86025,,27.86025,Metabolic (Core),False,IDOND2,False,11.063694866414584,53.91077422162541,17.637641911376953,11.063694866414584
IDOND_reverse,b4267,197.70251011777788,12.9585,11.232793,43.42146682739258,16.180645020053685,27.86025,,27.86025,Metabolic (Reverse),False,IDOND,True,17.88280752982569,20.948351211861567,14.569572510026843,17.88280752982569
IDONt2rpp,b4265,23.0,0.6039,2.9870431,34.219730377197266,0.1594220641833325,,,,Metabolic (Core),False,IDONt2rpp,False,1.7711603548395312,9.492523885345149,1.79547155,1.7711603548395312
IDONt2rpp_reverse,b4265,23.0,0.8986,2.9870431,34.219730377197266,2.48640249435364,,,,Metabolic (Reverse),False,IDONt2rpp,True,3.887442513705934,10.147943992887727,2.73672279717682,3.887442513705934
IDONtex_num1,b1377,96.2904209055866,,,,,,112645.641475366,,Transport,False,IDONtex,False,,,,
IDONtex_num2,b0241,33.2825,,,,,,112645.641475366,,Transport,False,IDONtex,False,,,,
IDONtex_num3,b0929,94.8168,,,,,,112645.641475366,,Transport,False,IDONtex,False,,,,
IDONtex_num4,b2215,96.2904209055866,,,,,,112645.641475366,,Transport,False,IDONtex,False,,,,
IDONtex_reverse_num1,b1377,96.2904209055866,,,,,,112645.641475366,,Transport,False,IDONtex,True,,,,
IDONtex_reverse_num2,b0241,33.2825,,,,,,112645.641475366,,Transport,False,IDONtex,True,,,,
IDONtex_reverse_num3,b0929,94.8168,,,,,,112645.641475366,,Transport,False,IDONtex,True,,,,
IDONtex_reverse_num4,b2215,96.2904209055866,,,,,,112645.641475366,,Transport,False,IDONtex,True,,,,
IG3PS,b2023 and b2025,129.92752530694554,30.6662,1.5670727,10.01492691040039,9.804766225838929,,,,Metabolic (Core),True,IG3PS,False,8.288167778971951,13.01324145905983,9.90984656811966,8.288167778971951
IGPDH,b2022,151.18324760891227,,,,,,1000.0,,Metabolic (Core),False,IGPDH,False,,,,
IGPS,b1262,115.69288473855744,17.6344,1.0600744,3.356269598007202,4.035910046698799,6.7,,6.7,Metabolic (Core),False,IGPS,False,3.989090028287798,6.5216635111765004,3.6960898223530005,3.989090028287798
ILETA,b3770,120.7983675600902,12.191,29.583029,23.2384033203125,7.228125235384933,48.0,,48.0,Metabolic (Core),False,ILETA,False,15.688393758047319,18.06013938892436,17.71470166015625,15.688393758047319
ILETA_reverse,b3770,120.7983675600902,2.749,44.211716,23.2384033203125,6.060764487736015,48.0,,48.0,Metabolic (Reverse),False,ILETA,True,11.438299164624638,19.06497095201213,14.649583904024258,11.438299164624638
ILEabcpp,b3457 and b3455 and b3456 and b3460 and b3454,97.76404181117316,39.2025,4.673473,18.14558982849121,6.193807521275215,,112645.641475366,,Metabolic (Core),True,ILEabcpp,False,11.979000252201317,17.053842587441608,12.169698674883213,11.979000252201317
ILEt2rpp,b0401,33.2825,2.1778,2.0351336,62.11932373046875,10.361759288246404,,112645.641475366,,Metabolic (Core),False,ILEt2rpp,False,7.308323854459395,19.17350415467879,6.269779644123202,7.308323854459395
ILEt3pp,b4141,23.0,4.5629,9.784585,20.84850311279297,1.642745451666022,,112645.641475366,,Metabolic (Core),False,ILEt3pp,False,6.253269245325967,9.209683391114748,7.1737424999999995,6.253269245325967
ILEtex_num1,b1377,96.2904209055866,,,,,,112645.641475366,,Transport,False,ILEtex,False,,,,
ILEtex_num2,b0241,33.2825,,,,,,112645.641475366,,Transport,False,ILEtex,False,,,,
ILEtex_num3,b0929,94.8168,,,,,,112645.641475366,,Transport,False,ILEtex,False,,,,
ILEtex_num4,b2215,96.2904209055866,,,,,,112645.641475366,,Transport,False,ILEtex,False,,,,
ILEtex_reverse_num1,b1377,96.2904209055866,,,,,,112645.641475366,,Transport,False,ILEtex,True,,,,
ILEtex_reverse_num2,b0241,33.2825,,,,,,112645.641475366,,Transport,False,ILEtex,True,,,,
ILEtex_reverse_num3,b0929,94.8168,,,,,,112645.641475366,,Transport,False,ILEtex,True,,,,
ILEtex_reverse_num4,b2215,96.2904209055866,,,,,,112645.641475366,,Transport,False,ILEtex,True,,,,
IMPC,b4006,115.69288473855748,,,,,4.8525,,4.8525,Metabolic (Core),False,IMPC,False,,,,
IMPC_reverse,b4006,115.69288473855748,,,,,4.8525,,4.8525,Metabolic (Reverse),False,IMPC,True,,,,
IMPD,b2508,115.09424085382416,,,,,13.0,,13.0,Metabolic (Core),False,IMPD,False,,,,
IMPtex_num1,b1377,96.2904209055866,,,,,,112645.641475366,,Transport,False,IMPtex,False,,,,
IMPtex_num2,b0241,33.2825,,,,,,112645.641475366,,Transport,False,IMPtex,False,,,,
IMPtex_num3,b0929,94.8168,,,,,,112645.641475366,,Transport,False,IMPtex,False,,,,
IMPtex_num4,b2215,96.2904209055866,,,,,,112645.641475366,,Transport,False,IMPtex,False,,,,
IMPtex_reverse_num1,b1377,96.2904209055866,,,,,,112645.641475366,,Transport,False,IMPtex,True,,,,
IMPtex_reverse_num2,b0241,33.2825,,,,,,112645.641475366,,Transport,False,IMPtex,True,,,,
IMPtex_reverse_num3,b0929,94.8168,,,,,,112645.641475366,,Transport,False,IMPtex,True,,,,
IMPtex_reverse_num4,b2215,96.2904209055866,,,,,,112645.641475366,,Transport,False,IMPtex,True,,,,
INDOLEt2pp,b3265 and b3266 and b3035,149.80799644754114,32.2628,5.1418796,42.18484115600586,6.193807521275215,,112645.641475366,,Metabolic (Core),True,INDOLEt2pp,False,14.428943093055148,21.44583206932027,19.22830376063761,14.428943093055148
INDOLEt2rpp,b3161,33.2825,1.4289,2.3901389,29.400514602661133,6.4845189473384135,,112645.641475366,,Metabolic (Core),False,INDOLEt2rpp,False,5.051430917137426,9.926018112499888,4.437328923669207,5.051430917137426
INDOLEtex_num1,b1377,96.2904209055866,,,,,,112645.641475366,,Transport,False,INDOLEtex,False,,,,
INDOLEtex_num2,b0241,33.2825,,,,,,112645.641475366,,Transport,False,INDOLEtex,False,,,,
INDOLEtex_num3,b0929,94.8168,,,,,,112645.641475366,,Transport,False,INDOLEtex,False,,,,
INDOLEtex_num4,b2215,96.2904209055866,,,,,,112645.641475366,,Transport,False,INDOLEtex,False,,,,
INDOLEtex_reverse_num1,b1377,96.2904209055866,,,,,,112645.641475366,,Transport,False,INDOLEtex,True,,,,
INDOLEtex_reverse_num2,b0241,33.2825,,,,,,112645.641475366,,Transport,False,INDOLEtex,True,,,,
INDOLEtex_reverse_num3,b0929,94.8168,,,,,,112645.641475366,,Transport,False,INDOLEtex,True,,,,
INDOLEtex_reverse_num4,b2215,96.2904209055866,,,,,,112645.641475366,,Transport,False,INDOLEtex,True,,,,
INOSTO,b3488,149.80799644754114,13.2609,,13.199729919433594,2.4262004258337067,,25.7221111,,Metabolic (Core),False,INOSTO,False,7.516602313048684,9.628943448422433,13.199729919433594,4.539585288975176
INOSTt4pp,b3679,23.0,7.6488,,39.71175003051758,4.954529607976452,,112645.641475366,,Metabolic (Core),False,INOSTt4pp,False,11.459656143463766,17.438359879498012,7.6488,6.228431462481936
INSH,b0030,121.23861216232469,3.704,16.087255,14.433443069458008,3.125381307066244,0.086,,0.086,Metabolic (Core),False,INSH,False,7.200397450193839,9.337519844131062,9.068721534729004,7.200397450193839
INSK,b0477,138.0434703703704,0.8607,1.0161158,8.874865531921387,3.318657465044924,,,,Metabolic (Core),False,INSK,False,2.252837177615976,3.5175846992415774,2.167386632522462,2.252837177615976
INSTtex_num1,b1377,96.2904209055866,,,,,,112645.641475366,,Transport,False,INSTtex,False,,,,
INSTtex_num2,b0241,33.2825,,,,,,112645.641475366,,Transport,False,INSTtex,False,,,,
INSTtex_num3,b0929,94.8168,,,,,,112645.641475366,,Transport,False,INSTtex,False,,,,
INSTtex_num4,b2215,96.2904209055866,,,,,,112645.641475366,,Transport,False,INSTtex,False,,,,
INSTtex_reverse_num1,b1377,96.2904209055866,,,,,,112645.641475366,,Transport,False,INSTtex,True,,,,
INSTtex_reverse_num2,b0241,33.2825,,,,,,112645.641475366,,Transport,False,INSTtex,True,,,,
INSTtex_reverse_num3,b0929,94.8168,,,,,,112645.641475366,,Transport,False,INSTtex,True,,,,
INSTtex_reverse_num4,b2215,96.2904209055866,,,,,,112645.641475366,,Transport,False,INSTtex,True,,,,
INSt2pp_num1,b2406,23.0,26.1344,2.4525971,16.7822265625,3.1506218067863307,,112645.641475366,,Metabolic (Core),False,INSt2pp,False,7.6299404727728595,12.129961367321583,9.966424184643165,7.6299404727728595
INSt2pp_num2,b2964,23.0,,4.7538996,18.34995651245117,1.7950600977119433,,112645.641475366,,Metabolic (Core),False,INSt2pp,False,5.389990660032808,8.299638736721038,4.7538996,3.537455696966387
INSt2pp_num3,b2393,33.2825,,3.606696,13.50819969177246,1.7950600977119433,,112645.641475366,,Metabolic (Core),False,INSt2pp,False,4.438763448862584,6.303318596494801,3.606696,3.0580635118124335
INSt3pp,b3662,23.0,2.1874,6.2805986,16.749155044555664,5.170723771929384,,112645.641475366,,Metabolic (Core),False,INSt3pp,False,5.8731131992844565,7.596969354121263,5.725661185964692,5.8731131992844565
INStex,b0411,179.45385264683853,,,,,,112645.641475366,,Transport,False,INStex,False,,,,
INStex_reverse,b0411,179.45385264683853,,,,,,112645.641475366,,Transport,False,INStex,True,,,,
IPDDI,b2889,152.5584987702834,,,,,,2151.6445714285715,,Metabolic (Core),False,IPDDI,False,,,,
IPDDI_reverse,b2889,152.5584987702834,,,,,,2151.6445714285715,,Metabolic (Reverse),False,IPDDI,True,,,,
IPDPS,b0029,115.69288473855748,37.684,1.3727145,36.10749816894531,11.871906707191547,,2.64,,Metabolic (Core),False,IPDPS,False,12.202920230425681,21.759029844034213,23.98970243806843,12.202920230425681
IPMD_num1,b0073,136.2454183611817,5.2881,5.084842,26.727388381958008,4.221350535826457,37.735,,37.735,Metabolic (Core),False,IPMD,False,7.4215781651360855,10.330420229446117,5.186471,7.4215781651360855
IPMD_num2,b1800,125.69922461667636,74.5526,5.3691826,30.672061920166016,6.154294957250831,37.735,,37.735,Metabolic (Core),False,IPMD,False,16.5795623302874,29.18703486935421,18.413178438708425,16.5795623302874
IPPMIa,b0071 and b0072,136.47847541820553,,,,,,3.2,,Metabolic (Core),True,IPPMIa,False,,,,
IPPMIa_reverse,b0071 and b0072,136.47847541820553,3.8416,11.449588,16.699893951416016,8.135649937618254,,3.2,,Metabolic (Reverse),True,IPPMIa,True,8.792289757352115,10.031682972258567,9.792618968809126,8.792289757352115
IPPMIb,b0071 and b0072,136.47847541820553,396066.896,11.449588,13.55858325958252,5.754330977831236,,3.2,,Metabolic (Core),True,IPPMIb,False,137.1487610282415,99024.41462555937,12.504085629791259,137.1487610282415
IPPMIb_reverse,b0071 and b0072,136.47847541820553,,,,,,3.2,,Metabolic (Reverse),True,IPPMIb,True,,,,
IPPS,b0074,136.71153247522938,290.8022,3.5401275,12.997326850891112,10.400376497266745,,2.8439411764705884,,Metabolic (Core),False,IPPS,False,19.314342270532478,79.43500771203946,11.698851674078927,19.314342270532478
ISETACabcpp_num1,b0366 and b0365 and b0367,92.7379393036916,48.0892,3.7346437,2.984194755554199,8.133886579587905,,112645.641475366,,Metabolic (Core),True,ISETACabcpp,False,8.12560114254344,15.735481258785526,5.934265139793952,8.12560114254344
ISETACabcpp_num2,b0934 and b0933 and b0936,97.61360481285834,,0.5637134,4.204555034637451,27.27692629593403,,112645.641475366,,Metabolic (Core),True,ISETACabcpp,False,4.013512408986153,10.68173157685716,4.204555034637451,2.835590140064757
ISETACtex_num1,b1377,96.2904209055866,,,,,,112645.641475366,,Transport,False,ISETACtex,False,,,,
ISETACtex_num2,b0241,33.2825,,,,,,112645.641475366,,Transport,False,ISETACtex,False,,,,
ISETACtex_num3,b0929,94.8168,,,,,,112645.641475366,,Transport,False,ISETACtex,False,,,,
ISETACtex_num4,b2215,96.2904209055866,,,,,,112645.641475366,,Transport,False,ISETACtex,False,,,,
ISETACtex_reverse_num1,b1377,96.2904209055866,,,,,,112645.641475366,,Transport,False,ISETACtex,True,,,,
ISETACtex_reverse_num2,b0241,33.2825,,,,,,112645.641475366,,Transport,False,ISETACtex,True,,,,
ISETACtex_reverse_num3,b0929,94.8168,,,,,,112645.641475366,,Transport,False,ISETACtex,True,,,,
ISETACtex_reverse_num4,b2215,96.2904209055866,,,,,,112645.641475366,,Transport,False,ISETACtex,True,,,,
K2L4Aabcpp,b0914,75.96272439544778,37.917,0.97776747,3.9198834896087646,3.808522672656756,,112645.641475366,,Metabolic (Core),False,K2L4Aabcpp,False,4.850369387507421,11.655793408066382,3.8642030811327603,4.850369387507421
K2L4Aabctex,b0054 and b3201 and b4261 and b4262 and b3199 and b3200 and b0641,101.0,783.5627,3.3794532,7.871926307678223,34.33856394165991,,112645.641475366,,Transport,True,K2L4Aabctex,False,29.086792637141716,207.2881608623345,21.105245124669068,29.086792637141716
KARA1,b3774,120.7983675600902,0.9441,0.30252737,2.5872926712036133,2.698590740099783,0.51,,0.51,Metabolic (Core),False,KARA1,False,1.1883416349535814,1.6331276953258491,1.7656963356018067,1.1883416349535814
KARA1_reverse,b3774,120.7983675600902,0.5509,1.1683773,3.283165216445923,16.150882020478523,0.51,,0.51,Metabolic (Reverse),False,KARA1,True,2.417053238767593,5.288331134231111,2.225771258222961,2.417053238767593
KARA2,b3774,120.7983675600902,11.9298,1.060277,3.9252138137817374,1.9186905540025263,6848.74,,6848.74,Metabolic (Core),False,KARA2,False,3.1241378598401366,4.708495341946066,2.921952183892132,3.1241378598401366
KARA2_reverse,b3774,120.7983675600902,0.823,0.7864878,2.4377472400665283,3.4280951457786446,6848.74,,6848.74,Metabolic (Reverse),False,KARA2,True,1.5250473975416938,1.8688325464612934,1.6303736200332641,1.5250473975416938
KAS14_num1,b2323,125.69922461667636,79.3853,,6.918361663818359,9.35149043574677,0.0443333333333333,,0.0443333333333333,Metabolic (Core),False,KAS14,False,17.253401491641995,31.885050699855043,9.35149043574677,8.465566906358227
KAS14_num2,b1095,120.7983675600902,115.2287,,8.468523979187012,32.784283343370234,0.0443333333333333,,0.0443333333333333,Metabolic (Core),False,KAS14,False,31.745196972226974,52.16050244085242,32.784283343370234,13.37391379736761
KAS15,b1091,129.20025527297207,5.0884,0.23716322,12.104022979736328,4.505918121530305,3297.876,,3297.876,Metabolic (Core),False,KAS15,False,2.848297865156593,5.483876080316659,4.797159060765153,2.848297865156593
KDOCT2,b0918,116.6619199476233,1.4882,1.7013695,3.225794553756714,2.415896056909138,387401.4083333333,,387401.4083333333,Metabolic (Core),False,KDOCT2,False,2.1076268526072437,2.207815027666463,2.058632778454569,2.1076268526072437
KDOPP,b3198,123.60963225270936,6.1097,3.6707745,2.2262508869171143,1.719566556138407,98.6,,98.6,Metabolic (Core),False,KDOPP,False,3.043986148463677,3.4315729857638804,2.9485126934585573,3.043986148463677
KDOPS,b1215,115.69288473855748,10.8616,3.8302166,6.461028575897217,20.83005914936328,13.7030555,,13.7030555,Metabolic (Core),False,KDOPS,False,8.65022344738246,10.495726081315123,8.661314287948608,8.65022344738246
KDUI,b2843,137.02402725167997,,,,,,112645.641475366,,Metabolic (Core),False,KDUI,False,,,,
KG6PDC_num1,b4196,136.71153247522938,1.9436,1.5619329,15.781052589416504,14.184827825821973,51.0,,51.0,Metabolic (Core),False,KG6PDC,False,5.10572388603541,8.36785332880962,8.064213912910986,5.10572388603541
KG6PDC_num2,b3581,136.71153247522938,,0.9177356,12.812579154968262,6.814832905594133,51.0,,51.0,Metabolic (Core),False,KG6PDC,False,4.311249106094132,6.848382553520799,6.814832905594133,2.991936266089583
Kabcpp_num1,b0697 and b0698 and b0696,72.37879840445397,,,,,,,,Metabolic (Core),True,Kabcpp,False,,,,
Kabcpp_num2,b0697 and b0698 and b0696 and b4513,33.2825,,,,,,,,Metabolic (Core),True,Kabcpp,False,,,,
Kt2pp_num1,b1363 and b1291 and b3290,74.49393444820946,,,,,,112645.641475366,,Metabolic (Core),True,Kt2pp,False,,,,
Kt2pp_num2,b1291 and b3849 and b3290,75.22832942182862,,,,,,112645.641475366,,Metabolic (Core),True,Kt2pp,False,,,,
Kt2pp_num3,b1250,84.89292,,,,,,112645.641475366,,Metabolic (Core),False,Kt2pp,False,,,,
Kt2pp_num4,b3747,33.2825,,,,,,112645.641475366,,Metabolic (Core),False,Kt2pp,False,,,,
Kt3pp_num1,b1216,33.2825,,,,,,112645.641475366,,Metabolic (Core),False,Kt3pp,False,,,,
Kt3pp_num2,b3350,75.41,,,,,,112645.641475366,,Metabolic (Core),False,Kt3pp,False,,,,
Kt3pp_num3,b0047,60.514030303030296,,,,,,112645.641475366,,Metabolic (Core),False,Kt3pp,False,,,,
Kt3pp_num4,b0842,33.2825,,,,,,112645.641475366,,Metabolic (Core),False,Kt3pp,False,,,,
Ktex_num1,b1377,96.2904209055866,,,,,,112645.641475366,,Transport,False,Ktex,False,,,,
Ktex_num2,b0241,33.2825,,,,,,112645.641475366,,Transport,False,Ktex,False,,,,
Ktex_num3,b0929,94.8168,,,,,,112645.641475366,,Transport,False,Ktex,False,,,,
Ktex_num4,b2215,96.2904209055866,,,,,,112645.641475366,,Transport,False,Ktex,False,,,,
Ktex_reverse_num1,b1377,96.2904209055866,,,,,,112645.641475366,,Transport,False,Ktex,True,,,,
Ktex_reverse_num2,b0241,33.2825,,,,,,112645.641475366,,Transport,False,Ktex,True,,,,
Ktex_reverse_num3,b0929,94.8168,,,,,,112645.641475366,,Transport,False,Ktex,True,,,,
Ktex_reverse_num4,b2215,96.2904209055866,,,,,,112645.641475366,,Transport,False,Ktex,True,,,,
LA4NTpp,b2257,97.76404181117316,5.2061,0.4677799,5.091606140136719,4.685826033894374,,112645.641475366,,Metabolic (Core),False,LA4NTpp,False,2.760887791141184,3.862828018507773,4.888716087015546,2.760887791141184
LACZ,b0344,205.72000000000008,2.0847,15.293811,23.2384033203125,3.6115615622253454,419.2857142857143,,419.2857142857143,Metabolic (Core),False,LACZ,False,7.192256180535341,11.057118970634463,9.452686281112673,7.192256180535341
LACZpp,b2132,205.72000000000008,21.1359,27.704826,130.6346435546875,5.67086290135236,419.2857142857143,,419.2857142857143,Metabolic (Core),False,LACZpp,False,25.663797583766282,46.28655811400997,24.420363000000002,25.663797583766282
LADGMDH,b1326,137.33652202813053,1.1855,,27.78287696838379,3.349904451118284,,112645.641475366,,Metabolic (Core),False,LADGMDH,False,4.796271194200737,10.772760473167358,3.349904451118284,3.2409908018949687
LALADGLUtex_num1,b0241,33.2825,,,,,,112645.641475366,,Transport,False,LALADGLUtex,False,,,,
LALADGLUtex_num2,b2215,96.2904209055866,,,,,,112645.641475366,,Transport,False,LALADGLUtex,False,,,,
LALADGLUtex_num3,b1377,96.2904209055866,,,,,,112645.641475366,,Transport,False,LALADGLUtex,False,,,,
LALADGLUtex_num4,b0929,94.8168,,,,,,112645.641475366,,Transport,False,LALADGLUtex,False,,,,
LALADGLUtex_reverse_num1,b0241,33.2825,,,,,,112645.641475366,,Transport,False,LALADGLUtex,True,,,,
LALADGLUtex_reverse_num2,b2215,96.2904209055866,,,,,,112645.641475366,,Transport,False,LALADGLUtex,True,,,,
LALADGLUtex_reverse_num3,b1377,96.2904209055866,,,,,,112645.641475366,,Transport,False,LALADGLUtex,True,,,,
LALADGLUtex_reverse_num4,b0929,94.8168,,,,,,112645.641475366,,Transport,False,LALADGLUtex,True,,,,
LALADGLUtpp_num1,b3496,23.0,2.6797,2.4381568,13.219948768615724,1.2508923079806118,,112645.641475366,,Transport,False,LALADGLUtpp,False,3.224032236564777,4.897174469149084,2.5589284,3.224032236564777
LALADGLUtpp_num2,b0709,29.87625,,1.7537479,12.43678379058838,3.5556925393700345,,112645.641475366,,Transport,False,LALADGLUtpp,False,4.264483937418851,5.915408076652805,3.5556925393700345,2.9675624165012375
LALADGLUtpp_num3,b1634,33.2825,,2.6640544,15.341654777526855,3.5556925393700345,,112645.641475366,,Transport,False,LALADGLUtpp,False,5.257506663041349,7.187133905632297,3.5556925393700345,3.4720412307743516
LALADGLUtpp_num4,b4130,33.2825,,2.9384072,18.313796997070312,3.5556925393700345,,112645.641475366,,Transport,False,LALADGLUtpp,False,5.762419330044334,8.269298912146782,3.5556925393700345,3.719235203997121
LALALGLUtex_num1,b0929,94.8168,,,,,,112645.641475366,,Transport,False,LALALGLUtex,False,,,,
LALALGLUtex_num2,b1377,96.2904209055866,,,,,,112645.641475366,,Transport,False,LALALGLUtex,False,,,,
LALALGLUtex_num3,b0241,33.2825,,,,,,112645.641475366,,Transport,False,LALALGLUtex,False,,,,
LALALGLUtex_num4,b2215,96.2904209055866,,,,,,112645.641475366,,Transport,False,LALALGLUtex,False,,,,
LALALGLUtex_reverse_num1,b0929,94.8168,,,,,,112645.641475366,,Transport,False,LALALGLUtex,True,,,,
LALALGLUtex_reverse_num2,b1377,96.2904209055866,,,,,,112645.641475366,,Transport,False,LALALGLUtex,True,,,,
LALALGLUtex_reverse_num3,b0241,33.2825,,,,,,112645.641475366,,Transport,False,LALALGLUtex,True,,,,
LALALGLUtex_reverse_num4,b2215,96.2904209055866,,,,,,112645.641475366,,Transport,False,LALALGLUtex,True,,,,
LALALGLUtpp_num1,b4130,33.2825,19.047,5.5266023,18.313796997070312,6.2570891518567215,,112645.641475366,,Transport,False,LALALGLUtpp,False,10.479942106007938,12.286122112231759,12.285443074463517,10.479942106007938
LALALGLUtpp_num2,b1634,33.2825,,6.5631833,15.341654777526855,3.5556925393700345,,112645.641475366,,Transport,False,LALALGLUtpp,False,7.100740585597382,8.48684353896563,6.5631833,4.349884594847932
LALALGLUtpp_num3,b3496,23.0,,7.5748,13.219948768615724,3.5556925393700345,,112645.641475366,,Transport,False,LALALGLUtpp,False,7.087749842998922,8.116813769328587,7.5748,4.343914672103777
LALALGLUtpp_num4,b0709,29.87625,,3.9002764,12.43678379058838,3.5556925393700345,,112645.641475366,,Transport,False,LALALGLUtpp,False,5.566418951290265,6.630917576652806,3.9002764,3.6239476673406643
LALDO2x,b3945,129.20025527297207,9.2159,12.747076,16.484638214111328,13.46842866709865,2916.304,,2916.304,Metabolic (Core),False,LALDO2x,False,12.708262292051502,12.979010720302494,13.107752333549325,12.708262292051502
LALGP,b0237,136.47847541820553,20.7697,47.94891,11.040515899658203,6.7859805272721,670256.6666666666,,670256.6666666666,Metabolic (Core),False,LALGP,False,16.52733137343294,21.636276606732576,15.905107949829102,16.52733137343294
LCADi,b1415,136.2454183611817,2.467,211.22447,582.6996459960938,4.810772528691261,130.6,,130.6,Metabolic (Core),False,LCADi,False,34.76508045437508,200.30047213119624,108.01762126434564,34.76508045437508
LCARS,b2799,130.15983707102805,1.4997,16.976835,70.258056640625,7.759480633406317,,,,Metabolic (Core),False,LCARS,False,10.854191421406354,24.123518068507828,12.368157816703159,10.854191421406354
LCARS_reverse,b2799,130.15983707102805,2.1115,12.632826,52.16884994506836,6.251791315671339,,,,Metabolic (Reverse),False,LCARS,True,9.657769455422258,18.291241815184925,9.44230865783567,9.657769455422258
LCARSyi,b0325,155.2551722501099,26.4669,44.84183,63.59649658203125,16.180645020053685,,112645.641475366,,Metabolic (Core),False,LCARSyi,False,33.24327915984376,37.77146790052123,35.654365,33.24327915984376
LCTSt3ipp_num1,b2170,28.14125,0.1611,4.971716,13.594537734985352,2.30758992115931,,112645.641475366,,Metabolic (Core),False,LCTSt3ipp,False,2.2388821441176376,5.258735914036165,3.639652960579655,2.2388821441176376
LCTSt3ipp_num2,b1528,33.2825,,9.462337,9.234712600708008,20.83005914936328,,112645.641475366,,Metabolic (Core),False,LCTSt3ipp,False,12.209674875453995,13.175702916690428,9.462337,6.531727751408388
LCTSt3ipp_num3,b0070,33.2825,,4.775786,13.661561012268066,20.83005914936328,,112645.641475366,,Metabolic (Core),False,LCTSt3ipp,False,11.076738315510452,13.089135387210447,13.661561012268066,6.071680660670963
LCTStex_num1,b1377,96.2904209055866,,,,,,112645.641475366,,Transport,False,LCTStex,False,,,,
LCTStex_num2,b0241,33.2825,,,,,,112645.641475366,,Transport,False,LCTStex,False,,,,
LCTStex_num3,b0929,94.8168,,,,,,112645.641475366,,Transport,False,LCTStex,False,,,,
LCTStex_num4,b2215,96.2904209055866,,,,,,112645.641475366,,Transport,False,LCTStex,False,,,,
LCTStex_reverse_num1,b1377,96.2904209055866,,,,,,112645.641475366,,Transport,False,LCTStex,True,,,,
LCTStex_reverse_num2,b0241,33.2825,,,,,,112645.641475366,,Transport,False,LCTStex,True,,,,
LCTStex_reverse_num3,b0929,94.8168,,,,,,112645.641475366,,Transport,False,LCTStex,True,,,,
LCTStex_reverse_num4,b2215,96.2904209055866,,,,,,112645.641475366,,Transport,False,LCTStex,True,,,,
LCTStpp,b0343,23.0,0.3912,2.3094518,27.91984939575196,10.400376497266745,,112645.641475366,,Transport,False,LCTStpp,False,4.024551324998526,10.255219423254676,6.354914148633372,4.024551324998526
LDGUNPD,b1285,91.46666666666664,5.3675,1.0377378,2.814727306365967,2.6182215851292328,,112645.641475366,,Metabolic (Core),False,LDGUNPD,False,2.531194998574128,2.9595466728738,2.7164744457475996,2.531194998574128
LDH_D,b1380,143.92573340895575,2.6794,3.3160372,46.1158447265625,3.0622791951951456,608307.75,,608307.75,Metabolic (Core),False,LDH_D,False,5.9516581007108575,13.79339028043941,3.189158197597573,5.9516581007108575
LDH_D2,b2133,124.73964281862038,3.7948,4.4186373,15.464043617248535,3.9460798979623735,,112645.641475366,,Metabolic (Core),False,LDH_D2,False,5.655767482727326,6.905890203802728,4.182358598981187,5.655767482727326
LDH_D_reverse,b1380,143.92573340895575,4.0607,3.7146664,52.36912536621094,8.135649937618254,608307.75,,608307.75,Metabolic (Reverse),False,LDH_D,True,8.953587337263233,17.070035425957297,6.098174968809127,8.953587337263233
LEUTAi_num1,b3770,120.7983675600902,1.0117,44.211716,23.94058609008789,184.70413182781493,0.08,,0.08,Metabolic (Core),False,LEUTAi,False,21.088715484074164,63.4670334794757,34.07615104504394,21.088715484074164
LEUTAi_num2,b4054,128.2406734749161,1.7255,21.647558,88.28016662597656,6.029423425870919,0.08,,0.08,Metabolic (Core),False,LEUTAi,False,11.874510091923407,29.42066201296187,13.83849071293546,11.874510091923407
LEUabcpp_num1,b3454 and b3460 and b3455 and b3457 and b3456,97.76404181117316,99.7733,4.8552628,18.14558982849121,5.604077151560538,,112645.641475366,,Metabolic (Core),True,LEUabcpp,False,14.897917620315184,32.09455744501294,11.874833490025875,14.897917620315184
LEUabcpp_num2,b3457 and b3456 and b3458 and b3455 and b3454,97.76404181117316,,3.5594788,18.14558982849121,20.83005914936328,,112645.641475366,,Metabolic (Core),True,LEUabcpp,False,11.039498237979627,14.178375925951498,18.14558982849121,6.056364440655625
LEUt2rpp,b0401,33.2825,0.109,3.2248473,62.11932373046875,13.702598709200451,,112645.641475366,,Metabolic (Core),False,LEUt2rpp,False,4.159023055335879,19.788942434917303,8.463723004600226,4.159023055335879
LEUt3pp_num1,b1798,28.14125,11.7837,1.6660521,35.31422424316406,7.850236933904516,,112645.641475366,,Metabolic (Core),False,LEUt3pp,False,8.589159600257146,14.153553319267145,9.816968466952257,8.589159600257146
LEUt3pp_num2,b4141,23.0,,10.321667,20.84850311279297,4.810772528691261,,112645.641475366,,Metabolic (Core),False,LEUt3pp,False,10.116101579333959,11.993647547161409,10.321667,5.672309066781331
LEUtex_num1,b1377,96.2904209055866,,,,,,112645.641475366,,Transport,False,LEUtex,False,,,,
LEUtex_num2,b0241,33.2825,,,,,,112645.641475366,,Transport,False,LEUtex,False,,,,
LEUtex_num3,b0929,94.8168,,,,,,112645.641475366,,Transport,False,LEUtex,False,,,,
LEUtex_num4,b2215,96.2904209055866,,,,,,112645.641475366,,Transport,False,LEUtex,False,,,,
LEUtex_reverse_num1,b1377,96.2904209055866,,,,,,112645.641475366,,Transport,False,LEUtex,True,,,,
LEUtex_reverse_num2,b0241,33.2825,,,,,,112645.641475366,,Transport,False,LEUtex,True,,,,
LEUtex_reverse_num3,b0929,94.8168,,,,,,112645.641475366,,Transport,False,LEUtex,True,,,,
LEUtex_reverse_num4,b2215,96.2904209055866,,,,,,112645.641475366,,Transport,False,LEUtex,True,,,,
LGTHL,b1651,148.17166625,85.3436,5.3061504,223.23953247070312,5.755455404706444,,779.2666631578948,,Metabolic (Core),False,LGTHL,False,27.618515274415316,79.91118456885239,45.54952770235322,27.618515274415316
LIPACabcpp,b0914,75.96272439544778,2.4267,0.67652804,3.9198834896087646,7.44811719948765,,112645.641475366,,Metabolic (Core),False,LIPACabcpp,False,2.631209254876599,3.6178071822741034,3.1732917448043825,2.631209254876599
LIPAHT2ex,b0622,98.1285542465749,24.8251,14.683032,1.1735632419586182,4.26478635416554,,112645.641475366,,Metabolic (Core),False,LIPAHT2ex,False,6.535482145027754,11.23662039903104,9.47390917708277,6.535482145027754
LIPAHTex,b0622,98.1285542465749,149.5508,0.5349564,1.723047137260437,1.3800644610349209,,112645.641475366,,Metabolic (Core),False,LIPAHTex,False,3.713863304844683,38.29721699957384,1.551555799147679,3.713863304844683
LIPAMPL,b4386,120.7983675600902,,,,,,112645.641475366,,Metabolic (Core),False,LIPAMPL,False,,,,
LIPATPT,b4386,120.7983675600902,2.0094,3.4236662,2.036770820617676,2.5983721343673905,0.133,,0.133,Metabolic (Core),False,LIPATPT,False,2.456407031926466,2.5170522887462665,2.317571477492533,2.456407031926466
LIPAabcpp,b0914,75.96272439544778,2.1665,0.67652804,3.9198834896087646,1.3800644610349209,,112645.641475366,,Metabolic (Core),False,LIPAabcpp,False,1.6780475244500588,2.0357439976609215,1.7732822305174605,1.6780475244500588
LIPAabctex,b0054 and b3201 and b4261 and b4262 and b3199 and b3200 and b0641,101.0,18.1348,1.3664808,7.871926307678223,4.343292091571338,,112645.641475366,,Transport,True,LIPAabctex,False,5.395157038084209,7.92912479981239,6.107609199624781,5.395157038084209
LIPOCT,b0630,120.42138255624845,53.4512,,32.3768424987793,2.5983721343673905,,112645.641475366,,Metabolic (Core),False,LIPOCT,False,16.50559181680054,29.47547154438223,32.3768424987793,8.188857724101084
LIPOS,b0628,121.20698236312832,2.7998,0.044152487,12.455829620361328,2.5983721343673905,,112645.641475366,,Metabolic (Core),False,LIPOS,False,1.4142918783169511,4.47453856043218,2.6990860671836954,1.4142918783169511
LIPOtex_num1,b0929,94.8168,,,,,,112645.641475366,,Transport,False,LIPOtex,False,,,,
LIPOtex_num2,b1377,96.2904209055866,,,,,,112645.641475366,,Transport,False,LIPOtex,False,,,,
LIPOtex_num3,b2215,96.2904209055866,,,,,,112645.641475366,,Transport,False,LIPOtex,False,,,,
LIPOtex_num4,b0241,33.2825,,,,,,112645.641475366,,Transport,False,LIPOtex,False,,,,
LIPOtex_reverse_num1,b0929,94.8168,,,,,,112645.641475366,,Transport,False,LIPOtex,True,,,,
LIPOtex_reverse_num2,b1377,96.2904209055866,,,,,,112645.641475366,,Transport,False,LIPOtex,True,,,,
LIPOtex_reverse_num3,b2215,96.2904209055866,,,,,,112645.641475366,,Transport,False,LIPOtex,True,,,,
LIPOtex_reverse_num4,b0241,33.2825,,,,,,112645.641475366,,Transport,False,LIPOtex,True,,,,
LKDRA,b2245,153.48944171492553,,,,,,112645.641475366,,Metabolic (Core),False,LKDRA,False,,,,
LKDRA_reverse,b2245,153.48944171492553,33.6974,94.31575,154.9060821533203,7.228125235384933,,112645.641475366,,Metabolic (Reverse),False,LKDRA,True,43.43288605616621,72.53683934717631,64.006575,43.43288605616621
LPADSS,b0182,149.80799644754114,6.7695,0.90027976,5.222073078155518,3.734128367817187,,,,Metabolic (Core),False,LPADSS,False,3.3017300845319797,4.156495301493177,4.478100722986352,3.3017300845319797
LPLIPAL1A120pp,b0494,127.45531181646874,20.6966,3.9681306,69.97463989257812,10.241854526086245,5147.6275000000005,,5147.6275000000005,Metabolic (Core),False,LPLIPAL1A120pp,False,15.575825019872092,26.22030625466609,15.469227263043123,15.575825019872092
LPLIPAL1A140pp,b0494,127.45531181646874,0.8708,5.284203,55.145843505859375,14.02303403737391,5147.6275000000005,,5147.6275000000005,Metabolic (Core),False,LPLIPAL1A140pp,False,7.723482582092489,18.83097013580832,9.653618518686955,7.723482582092489
LPLIPAL1A141pp,b0494,127.45531181646874,0.1716,,134.69984436035156,9.701730590584152,5147.6275000000005,,5147.6275000000005,Metabolic (Core),False,LPLIPAL1A141pp,False,6.075441768495318,48.19105831697858,9.701730590584152,3.8697543487717305
LPLIPAL1A160pp,b0494,127.45531181646874,23.1032,,116.07125854492188,12.944373024364497,5147.6275000000005,,5147.6275000000005,Metabolic (Core),False,LPLIPAL1A160pp,False,32.62065048212893,50.706277189762126,23.1032,13.649585483350895
LPLIPAL1A161pp,b0494,127.45531181646874,3.4161,,134.69984436035156,12.944373024364497,,112645.641475366,,Metabolic (Core),False,LPLIPAL1A161pp,False,18.127012309718292,50.35343912823868,12.944373024364497,8.785058791901182
LPLIPAL1A180pp,b0494,127.45531181646874,0.6193,3.5544696,72.08902740478516,4.505918121530305,5147.6275000000005,,5147.6275000000005,Metabolic (Core),False,LPLIPAL1A180pp,False,5.171089881678077,20.192178781578864,4.030193860765152,5.171089881678077
LPLIPAL1A181pp,b0494,127.45531181646874,0.4527,,106.15470123291016,14.02303403737391,,112645.641475366,,Metabolic (Core),False,LPLIPAL1A181pp,False,8.767260381970166,40.210145090094684,14.02303403737391,5.0950438815208035
LPLIPAL1E120pp,b0494,127.45531181646874,0.0041,6.944589,48.9552001953125,5.160646713364276,,112645.641475366,,Metabolic (Core),False,LPLIPAL1E120pp,False,1.6376961996732977,15.266133977169194,6.052617856682138,1.6376961996732977
LPLIPAL1E140pp,b0494,127.45531181646874,19.5807,3.2837453,48.9552001953125,4.505918121530305,,112645.641475366,,Metabolic (Core),False,LPLIPAL1E140pp,False,10.913019999348654,19.0813909042107,12.043309060765154,10.913019999348654
LPLIPAL1E141pp,b0494,127.45531181646874,35.5488,,123.19175720214844,16.555823895729514,,112645.641475366,,Metabolic (Core),False,LPLIPAL1E141pp,False,41.69837503784693,58.43212703262598,35.5488,16.409273299144452
LPLIPAL1E160pp,b0494,127.45531181646874,4.1352,4.9435782,56.812156677246094,4.501258533734045,,112645.641475366,,Metabolic (Core),False,LPLIPAL1E160pp,False,8.50311965280335,17.598048352745035,4.722418366867023,8.50311965280335
LPLIPAL1E161pp,b0494,127.45531181646874,2.139,,123.19175720214844,5.983132975696,,112645.641475366,,Metabolic (Core),False,LPLIPAL1E161pp,False,11.638768498730386,43.77129672594814,5.983132975696,6.301301681844004
LPLIPAL1E180pp,b0494,127.45531181646874,0.8601,3.4215035,63.9963493347168,4.564878833684208,,112645.641475366,,Metabolic (Core),False,LPLIPAL1E180pp,False,5.414864554189814,18.21070791710025,3.993191166842104,5.414864554189814
LPLIPAL1E181pp,b0494,127.45531181646874,3.6682,,100.0189437866211,23.723115167208363,,112645.641475366,,Metabolic (Core),False,LPLIPAL1E181pp,False,20.57006493127164,42.47008631794315,23.723115167208363,9.658879475731652
LPLIPAL1G120pp,b0494,127.45531181646874,4.7879,2.8793426,51.958404541015625,2.788006400126424,,112645.641475366,,Metabolic (Core),False,LPLIPAL1G120pp,False,6.684932044343475,15.603413385285513,3.8336213,6.684932044343475
LPLIPAL1G140pp,b0494,127.45531181646874,8.3532,3.5861533,50.434452056884766,5.983132975696,,112645.641475366,,Metabolic (Core),False,LPLIPAL1G140pp,False,9.750669206042094,17.089234583145192,7.168166487848,9.750669206042094
LPLIPAL1G141pp,b0494,127.45531181646874,15.911,,123.19175720214844,6.9899481650584585,,112645.641475366,,Metabolic (Core),False,LPLIPAL1G141pp,False,23.928622244644455,48.69756845573563,15.911,10.819028634607466
LPLIPAL1G160pp,b0494,127.45531181646874,1.8321,2.4673004,55.145843505859375,3.89781957657906,,112645.641475366,,Metabolic (Core),False,LPLIPAL1G160pp,False,5.583113156989033,15.835765870609608,3.18255998828953,5.583113156989033
LPLIPAL1G161pp,b0494,127.45531181646874,14.1129,,123.19175720214844,6.334036791279153,,112645.641475366,,Metabolic (Core),False,LPLIPAL1G161pp,False,22.24809508532212,47.87956466447586,14.1129,10.244001278102612
LPLIPAL1G180pp,b0494,127.45531181646874,93.6915,1.9805827,62.11932373046875,2.8297552452447894,,112645.641475366,,Metabolic (Core),False,LPLIPAL1G180pp,False,13.439007351190286,40.15529041892839,32.47453948785677,13.439007351190286
LPLIPAL1G181pp,b0494,127.45531181646874,7.6447,1.2702377,62.11932373046875,2.812009191264682,,112645.641475366,,Metabolic (Core),False,LPLIPAL1G181pp,False,6.417593800123294,18.461567655433356,5.228354595632341,6.417593800123294
LPLIPAL2A120,b3825,197.70251011777788,20.9902,,15.794880867004396,3.0734277155319725,8493.955833333333,,8493.955833333333,Metabolic (Core),False,LPLIPAL2A120,False,10.06279545324872,13.286169527512122,15.794880867004396,5.649876876185772
LPLIPAL2A140,b3825,197.70251011777788,16.1563,,15.794880867004396,5.717953119838133,8493.955833333333,,8493.955833333333,Metabolic (Core),False,LPLIPAL2A140,False,11.342260508501521,12.556377995614177,15.794880867004396,6.180515692373685
LPLIPAL2A141,b3825,197.70251011777788,1.4882,,15.794880867004396,2.129537114934948,8493.955833333333,,8493.955833333333,Metabolic (Core),False,LPLIPAL2A141,False,3.685425384107331,6.470872660646449,2.129537114934948,2.659902496664111
LPLIPAL2A160,b3825,197.70251011777788,5.7403,,17.270376205444336,2.471741951821536,8493.955833333333,,8493.955833333333,Metabolic (Core),False,LPLIPAL2A160,False,6.257677428095175,8.494139385755291,5.7403,3.9564882402179515
LPLIPAL2A161,b3825,197.70251011777788,153.618,,15.794880867004396,6.245464574809021,,112645.641475366,,Metabolic (Core),False,LPLIPAL2A161,False,24.746155455200974,58.552781813937806,15.794880867004396,11.095089314772272
LPLIPAL2A180,b3825,197.70251011777788,0.3656,,17.270376205444336,1.873480710504212,8493.955833333333,,8493.955833333333,Metabolic (Core),False,LPLIPAL2A180,False,2.278517684524297,6.503152305316182,1.873480710504212,1.8545532284905708
LPLIPAL2A181,b3825,197.70251011777788,181.2526,,14.44544506072998,9.891878350244484,,112645.641475366,,Metabolic (Core),False,LPLIPAL2A181,False,29.586798882060258,68.52997447032483,14.44544506072998,12.685964293906949
LPLIPAL2ATE120,b3825,197.70251011777788,2.6877,0.3408027,4.797311782836914,7.211659285404079,,112645.641475366,,Metabolic (Core),False,LPLIPAL2ATE120,False,2.372625757124467,3.7593684420602482,3.742505891418457,2.372625757124467
LPLIPAL2ATE140,b3825,197.70251011777788,0.0178,0.6213013,4.258770942687988,5.043759215479608,,112645.641475366,,Metabolic (Core),False,LPLIPAL2ATE140,False,0.6981363050240595,2.485407864541899,2.440036121343994,0.6981363050240595
LPLIPAL2ATE141,b3825,197.70251011777788,5.8732,,16.272146224975586,1.501060959466043,,112645.641475366,,Metabolic (Core),False,LPLIPAL2ATE141,False,5.234871023568901,7.882135728147209,5.8732,3.460823806228991
LPLIPAL2ATE160,b3825,197.70251011777788,27.7501,0.47510415,4.387455940246582,3.808522672656756,,112645.641475366,,Metabolic (Core),False,LPLIPAL2ATE160,False,3.8526155437307747,9.105295690725834,4.0979893064516695,3.8526155437307747
LPLIPAL2ATE161,b3825,197.70251011777788,5.848,,8.971711158752441,1.1124517833873355,,112645.641475366,,Metabolic (Core),False,LPLIPAL2ATE161,False,3.8790134122183195,5.310720980713259,5.848,2.764018598105897
LPLIPAL2ATE180,b3825,197.70251011777788,5.7359,0.23845771,4.25877046585083,4.735065155694623,,112645.641475366,,Metabolic (Core),False,LPLIPAL2ATE180,False,2.291689544194219,3.7420483328863634,4.496917810772727,2.291689544194219
LPLIPAL2ATE181,b3825,197.70251011777788,327.9806,,16.272146224975586,2.972966605482647,,112645.641475366,,Metabolic (Core),False,LPLIPAL2ATE181,False,25.128178497364644,115.74190427681941,16.272146224975586,11.223304767706539
LPLIPAL2ATG120,b3825,197.70251011777788,3.0743,,4.9422688484191895,10.400376497266745,,112645.641475366,,Metabolic (Core),False,LPLIPAL2ATG120,False,5.40638817099963,6.138981781895311,4.9422688484191895,3.5455239073794607
LPLIPAL2ATG140,b3825,197.70251011777788,14.8012,0.6213013,4.258770942687988,3.5590811542674947,,112645.641475366,,Metabolic (Core),False,LPLIPAL2ATG140,False,3.436017290779049,5.810088349238871,3.9089260484777415,3.436017290779049
LPLIPAL2ATG141,b3825,197.70251011777788,30.6296,,15.33161449432373,2.4977012564002314,,112645.641475366,,Metabolic (Core),False,LPLIPAL2ATG141,False,10.54605186226407,16.152971916907987,15.33161449432373,5.852176650865915
LPLIPAL2ATG160,b3825,197.70251011777788,18.0438,0.47510415,4.258770942687988,5.770470497209467,,112645.641475366,,Metabolic (Core),False,LPLIPAL2ATG160,False,3.8098079520844332,7.137036397474364,5.014620719948727,3.8098079520844332
LPLIPAL2ATG161,b3825,197.70251011777788,27.7379,,8.453145980834961,0.799051566170463,,112645.641475366,,Metabolic (Core),False,LPLIPAL2ATG161,False,5.722101863519345,12.330032515668472,8.453145980834961,3.6997015247671214
LPLIPAL2ATG180,b3825,197.70251011777788,3.8526,0.23845771,4.133861064910889,4.740364780220921,,112645.641475366,,Metabolic (Core),False,LPLIPAL2ATG180,False,2.0598387887965526,3.241320888782952,3.9932305324554442,2.0598387887965526
LPLIPAL2ATG181,b3825,197.70251011777788,48.5566,,15.33161449432373,4.740364780220921,,112645.641475366,,Metabolic (Core),False,LPLIPAL2ATG181,False,15.22471976603864,22.87619309151488,15.33161449432373,7.707472443140237
LPLIPAL2E120,b3825,197.70251011777788,0.6874,0.3408027,9.522086143493652,3.709008719383553,,112645.641475366,,Metabolic (Core),False,LPLIPAL2E120,False,1.695999144082115,3.564824390719301,2.1982043596917764,1.695999144082115
LPLIPAL2E140,b3825,197.70251011777788,6.0608,0.34642115,9.522086143493652,4.757798011142381,,112645.641475366,,Metabolic (Core),False,LPLIPAL2E140,False,3.1229721740500644,5.171776326159009,5.4092990055711905,3.1229721740500644
LPLIPAL2E141,b3825,197.70251011777788,1.1148,,16.272146224975586,0.799051566170463,,112645.641475366,,Metabolic (Core),False,LPLIPAL2E141,False,2.4382161399836133,6.061999263715349,1.1148,1.9512106211884772
LPLIPAL2E160,b3825,197.70251011777788,1.4637,0.33822054,11.728203773498535,6.245464574809021,8493.955833333333,,8493.955833333333,Metabolic (Core),False,LPLIPAL2E160,False,2.4539294684700286,4.943897222076889,3.8545822874045106,2.4539294684700286
LPLIPAL2E161,b3825,197.70251011777788,5.2081,,16.272146224975586,2.7304914725608933,,112645.641475366,,Metabolic (Core),False,LPLIPAL2E161,False,6.13933962654312,8.070245899178827,5.2081,3.900239212413712
LPLIPAL2E180,b3825,197.70251011777788,3.4297,0.37900904,12.447681427001951,4.757798011142381,8493.955833333333,,8493.955833333333,Metabolic (Core),False,LPLIPAL2E180,False,2.9621022217057957,5.2535471195360826,4.0937490055711905,2.9621022217057957
LPLIPAL2E181,b3825,197.70251011777788,1.4303,,14.44544506072998,6.47591517554057,,112645.641475366,,Metabolic (Core),False,LPLIPAL2E181,False,5.114694977558622,7.4505534120901835,6.47591517554057,3.401063998905701
LPLIPAL2G120,b3825,197.70251011777788,5.2893,,15.33161449432373,11.970200406779476,,112645.641475366,,Metabolic (Core),False,LPLIPAL2G120,False,9.90138248547159,10.863704967034403,11.970200406779476,5.581769240296136
LPLIPAL2G140,b3825,197.70251011777788,5.2893,0.66618365,9.809808731079102,11.970200406779476,,112645.641475366,,Metabolic (Core),False,LPLIPAL2G140,False,4.510124522940178,6.933873196964644,7.549554365539551,4.510124522940178
LPLIPAL2G141,b3825,197.70251011777788,9.3602,,15.33161449432373,4.277226838655156,,112645.641475366,,Metabolic (Core),False,LPLIPAL2G141,False,8.498555222915522,9.656347110992963,9.3602,4.977471999150624
LPLIPAL2G160,b3825,197.70251011777788,5.2893,0.48988667,11.3842134475708,11.970200406779476,,112645.641475366,,Metabolic (Core),False,LPLIPAL2G160,False,4.334854934848651,7.28340013108757,8.3367567237854,4.334854934848651
LPLIPAL2G161,b3825,197.70251011777788,4.9723,,15.33161449432373,4.757798011142381,,112645.641475366,,Metabolic (Core),False,LPLIPAL2G161,False,7.131546827071142,8.353904168488704,4.9723,4.3640307659668
LPLIPAL2G180,b3825,197.70251011777788,17.3392,0.48681295,12.082589149475098,6.47591517554057,,112645.641475366,,Metabolic (Core),False,LPLIPAL2G180,False,5.069476154622274,9.096129318753917,9.279252162507834,5.069476154622274
LPLIPAL2G181,b3825,197.70251011777788,12.9585,,14.44544506072998,4.757798011142381,,112645.641475366,,Metabolic (Core),False,LPLIPAL2G181,False,9.621229040288364,10.720581023957456,12.9585,5.462895778555282
LSERDHr,b1539,149.80799644754114,7.8961,3.5641356,3.754506826400757,12.628470676953103,4.2,,4.2,Metabolic (Core),False,LSERDHr,False,6.043904998596758,6.960803275838465,5.825303413200379,6.043904998596758
LSERDHr_reverse,b1539,149.80799644754114,2.7871,5.2936025,5.329183578491211,4.070050462750973,4.2,,4.2,Metabolic (Reverse),False,LSERDHr,True,4.229520051508556,4.369984135310546,4.681826481375486,4.229520051508556
LYSAM,b4146,121.23861216232469,,,,,0.083,,0.083,Metabolic (Core),False,LYSAM,False,,,,
LYSAM_reverse,b4146,121.23861216232469,,,,,0.083,,0.083,Metabolic (Reverse),False,LYSAM,True,,,,
LYSDC_num1,b0186,123.60963225270936,0.1043,13.238458,8.198033332824707,1.9562772055410185,88.2,,88.2,Metabolic (Core),False,LYSDC,False,2.169279170625761,5.874267134591431,5.077155269182863,2.169279170625761
LYSDC_num2,b4131,124.96315516644728,,10.26843,24.663986206054688,10.208028735388128,88.2,,88.2,Metabolic (Core),False,LYSDC,False,13.72470651925889,15.046814980480939,10.26843,7.130620114152812
LYSabcpp,b2310 and b2308 and b2306 and b2307,68.51321211937051,356.5986,4.4794354,20.9307918548584,15.283690266797445,,,,Metabolic (Core),True,LYSabcpp,False,26.73647815862448,99.32312938041396,18.10724106082792,26.73647815862448
LYSt2pp,b2156,23.0,8.0888,10.11311,8.48688793182373,5.265135685472943,,112645.641475366,,Metabolic (Core),False,LYSt2pp,False,7.775560697180229,7.988483404324169,8.287843965911865,7.775560697180229
LYSt3pp_num1,b2923,28.14125,10.165,2.2326665,31.20411872863769,2.4122784867804152,,112645.641475366,,Metabolic (Core),False,LYSt3pp,False,6.428988532598424,11.503515928854528,6.288639243390207,6.428988532598424
LYSt3pp_num2,b0874,28.14125,,3.0718553,20.661272048950195,1.9478357779327689,,112645.641475366,,Metabolic (Core),False,LYSt3pp,False,4.981613730560221,8.560321042294321,3.0718553,3.334475549969436
LYStex_num1,b1377,96.2904209055866,,,,,,112645.641475366,,Transport,False,LYStex,False,,,,
LYStex_num2,b0241,33.2825,,,,,,112645.641475366,,Transport,False,LYStex,False,,,,
LYStex_num3,b0929,94.8168,,,,,,112645.641475366,,Transport,False,LYStex,False,,,,
LYStex_num4,b2215,96.2904209055866,,,,,,112645.641475366,,Transport,False,LYStex,False,,,,
LYStex_reverse_num1,b1377,96.2904209055866,,,,,,112645.641475366,,Transport,False,LYStex,True,,,,
LYStex_reverse_num2,b0241,33.2825,,,,,,112645.641475366,,Transport,False,LYStex,True,,,,
LYStex_reverse_num3,b0929,94.8168,,,,,,112645.641475366,,Transport,False,LYStex,True,,,,
LYStex_reverse_num4,b2215,96.2904209055866,,,,,,112645.641475366,,Transport,False,LYStex,True,,,,
LYXI,b3903,121.175352563932,,,,,,,,Metabolic (Core),False,LYXI,False,,,,
LYXt2pp,b3907,28.14125,3.6889,17.501234,18.21675491333008,3.1506218067863307,,112645.641475366,,Metabolic (Core),False,LYXt2pp,False,7.802040690622233,10.639377680029103,10.595067,7.802040690622233
LYXtex_num1,b1377,96.2904209055866,,,,,,112645.641475366,,Transport,False,LYXtex,False,,,,
LYXtex_num2,b0241,33.2825,,,,,,112645.641475366,,Transport,False,LYXtex,False,,,,
LYXtex_num3,b0929,94.8168,,,,,,112645.641475366,,Transport,False,LYXtex,False,,,,
LYXtex_num4,b2215,96.2904209055866,,,,,,112645.641475366,,Transport,False,LYXtex,False,,,,
LYXtex_reverse_num1,b1377,96.2904209055866,,,,,,112645.641475366,,Transport,False,LYXtex,True,,,,
LYXtex_reverse_num2,b0241,33.2825,,,,,,112645.641475366,,Transport,False,LYXtex,True,,,,
LYXtex_reverse_num3,b0929,94.8168,,,,,,112645.641475366,,Transport,False,LYXtex,True,,,,
LYXtex_reverse_num4,b2215,96.2904209055866,,,,,,112645.641475366,,Transport,False,LYXtex,True,,,,
L_LACD2_num1,b0306 and b0308 and b0307,121.23861216232469,0.8362,3.9029672,24.46029090881348,10.285457757985752,,169.05,,Metabolic (Core),True,L_LACD2,False,5.353004110510635,9.871228966699809,7.094212478992876,5.353004110510635
L_LACD2_num2,b3605,120.7983675600902,,4.0016284,24.561708450317383,8.645785370246568,,169.05,,Metabolic (Core),False,L_LACD2,False,9.471816146446587,12.403040740187985,8.645785370246568,5.39914442284814
L_LACD3_num1,b0308 and b0306 and b0307,121.23861216232469,17.1928,0.9488399,25.177330017089844,10.285457757985752,,169.05,,Metabolic (Core),True,L_LACD3,False,8.062007761362654,13.4011069187689,13.739128878992876,8.062007761362654
L_LACD3_num2,b3605,120.7983675600902,,0.4557017,24.561708450317383,0.2977766421705213,,169.05,,Metabolic (Core),False,L_LACD3,False,1.4937455219702216,8.438395597495967,0.4557017,1.351162123186179
L_LACt2rpp_num1,b3603,23.0,4.6201,19.705345,10.147160530090332,29.39165891366132,,112645.641475366,,Metabolic (Core),False,L_LACt2rpp,False,12.836629669130694,15.966066110937913,14.926252765045167,12.836629669130694
L_LACt2rpp_num2,b2975,23.0,,13.445966,11.09506893157959,20.83005914936328,,112645.641475366,,Metabolic (Core),False,L_LACt2rpp,False,14.592762206387635,15.123698026980955,13.445966,7.4662603393854425
L_LACt2rpp_reverse_num1,b3603,23.0,3.9879,19.705345,10.147160530090332,4.156262642575966,,112645.641475366,,Metabolic (Reverse),False,L_LACt2rpp,True,7.587417017138236,9.499167043166576,7.151711586333149,7.587417017138236
L_LACt2rpp_reverse_num2,b2975,23.0,,13.445966,11.09506893157959,2.5334831685657355,,112645.641475366,,Metabolic (Reverse),False,L_LACt2rpp,True,7.230139536674265,9.024839366715108,11.09506893157959,4.409202136875407
L_LACtex_num1,b2215,96.2904209055866,,,,,,112645.641475366,,Transport,False,L_LACtex,False,,,,
L_LACtex_num2,b0929,94.8168,,,,,,112645.641475366,,Transport,False,L_LACtex,False,,,,
L_LACtex_num3,b1377,96.2904209055866,,,,,,112645.641475366,,Transport,False,L_LACtex,False,,,,
L_LACtex_num4,b0241,33.2825,,,,,,112645.641475366,,Transport,False,L_LACtex,False,,,,
L_LACtex_reverse_num1,b2215,96.2904209055866,,,,,,112645.641475366,,Transport,False,L_LACtex,True,,,,
L_LACtex_reverse_num2,b0929,94.8168,,,,,,112645.641475366,,Transport,False,L_LACtex,True,,,,
L_LACtex_reverse_num3,b1377,96.2904209055866,,,,,,112645.641475366,,Transport,False,L_LACtex,True,,,,
L_LACtex_reverse_num4,b0241,33.2825,,,,,,112645.641475366,,Transport,False,L_LACtex,True,,,,
M1PD,b3600,157.17088698230995,0.1297,1.6748669,28.31223487854004,4.505918121530305,506466.8,,506466.8,Metabolic (Core),False,M1PD,False,2.294401569384034,8.655679975017586,3.0903925107651524,2.294401569384034
M1PD_reverse,b3600,157.17088698230995,7.3738,2.7451658,24.39673614501953,33.66240634310002,506466.8,,506466.8,Metabolic (Reverse),False,M1PD,True,11.35492330706548,17.044527072029886,15.885268072509765,11.35492330706548
MACPD,b2323,125.69922461667636,9.5437,,6.918361663818359,3.709008719383553,,,,Metabolic (Core),False,MACPD,False,6.256420997928544,6.723690127733971,6.918361663818359,3.955892430988951
MALCOAMT,b0777,121.23861216232469,10.3571,0.14922656,2.147484540939331,1.5512766495082406,,112645.641475366,,Metabolic (Core),False,MALCOAMT,False,1.506350027303587,3.5512719376118933,1.8493805952237858,1.506350027303587
MALDDH,b1800,125.69922461667636,1.5177,10.331661,35.59470748901367,11.311990667194513,,,,Metabolic (Core),False,MALDDH,False,8.913948837757232,14.689014789052047,10.821825833597256,8.913948837757232
MALDt2_2pp,b3528,23.0,0.2029,34.047775,34.960540771484375,4.354976974083286,,112645.641475366,,Metabolic (Core),False,MALDt2_2pp,False,5.69486845790504,18.391548186391915,19.201375987041644,5.69486845790504
MALDtex_num1,b0241,33.2825,,,,,,112645.641475366,,Transport,False,MALDtex,False,,,,
MALDtex_num2,b1377,96.2904209055866,,,,,,112645.641475366,,Transport,False,MALDtex,False,,,,
MALDtex_num3,b2215,96.2904209055866,,,,,,112645.641475366,,Transport,False,MALDtex,False,,,,
MALDtex_num4,b0929,94.8168,,,,,,112645.641475366,,Transport,False,MALDtex,False,,,,
MALDtex_reverse_num1,b0241,33.2825,,,,,,112645.641475366,,Transport,False,MALDtex,True,,,,
MALDtex_reverse_num2,b1377,96.2904209055866,,,,,,112645.641475366,,Transport,False,MALDtex,True,,,,
MALDtex_reverse_num3,b2215,96.2904209055866,,,,,,112645.641475366,,Transport,False,MALDtex,True,,,,
MALDtex_reverse_num4,b0929,94.8168,,,,,,112645.641475366,,Transport,False,MALDtex,True,,,,
MALS_num1,b4014,160.70234805267864,19.3709,5.326211,10.76194190979004,180.06711306374774,48.1,,48.1,Metabolic (Core),False,MALS,False,21.145760202402514,53.88154149338445,15.066420954895019,21.145760202402514
MALS_num2,b2976,175.0656349761905,,21.863373,38.90822219848633,69.62689854059693,48.1,,48.1,Metabolic (Core),False,MALS,False,38.98030210294824,43.466164579694414,38.90822219848633,15.600334138956237
MALTATr,b0459,220.78740210220096,98.9665,22.47434,3.508152961730957,5.604077151560538,,,,Metabolic (Core),False,MALTATr,False,14.46070432373252,32.63826752832287,14.03920857578027,14.46070432373252
MALTATr_reverse,b0459,220.78740210220096,3.7109,20.347576,1.992681860923767,6.929868172575557,,,,Metabolic (Reverse),False,MALTATr,True,5.682490492750054,8.245256508374831,5.3203840862877785,5.682490492750054
MALTHXabcpp,b4033 and b4034 and b4032 and b4035,104.73241798245591,87.8415,10.590441,5.735721111297607,32.94228372318428,,112645.641475366,,Metabolic (Core),True,MALTHXabcpp,False,20.475705736538444,34.27748645862047,21.76636236159214,20.475705736538444
MALTHXtexi,b4036,117.94906666660007,,,,,,112645.641475366,,Transport,False,MALTHXtexi,False,,,,
MALTPTabcpp,b4033 and b4035 and b4032 and b4034,104.73241798245591,63.3854,21.071932,5.735721111297607,31.742121195274308,,112645.641475366,,Metabolic (Core),True,MALTPTabcpp,False,22.206463016658144,30.483793576642977,26.407026597637156,22.206463016658144
MALTPTtexi,b4036,117.94906666660007,,,,,,112645.641475366,,Transport,False,MALTPTtexi,False,,,,
MALTTRabcpp,b4033 and b4034 and b4035 and b4032,104.73241798245591,36.4273,25.014444,5.735721111297607,31.742121195274308,,,,Metabolic (Core),True,MALTTRabcpp,False,20.181825749154562,24.72989657664298,28.378282597637153,20.181825749154562
MALTTRtexi,b4036,117.94906666660007,,,,,,112645.641475366,,Transport,False,MALTTRtexi,False,,,,
MALTTTRabcpp,b4034 and b4033 and b4032 and b4035,104.73241798245591,60.9476,20.563385,5.735721111297607,20.83005914936328,,,,Metabolic (Core),True,MALTTTRabcpp,False,19.671271669069696,27.019191315165223,20.696722074681638,19.671271669069696
MALTTTRtexi,b4036,117.94906666660007,,,,,,112645.641475366,,Transport,False,MALTTTRtexi,False,,,,
MALTabcpp,b4032 and b4033 and b4035 and b4034,104.73241798245591,28.7233,24.1871,5.735721111297607,32.94228372318428,3.1,,3.1,Metabolic (Core),True,MALTabcpp,False,19.034433942819575,22.89710120862047,26.455199999999998,19.034433942819575
MALTptspp,b2415 and b1621 and b2417 and b2416,189.6850202355557,48.3509,4.3571973,5.768996715545654,12.628470676953103,,112645.641475366,,Metabolic (Core),True,MALTptspp,False,11.130526552839784,17.77639117312469,9.198733696249379,11.130526552839784
MALTtexi,b4036,117.94906666660007,,,,,,112645.641475366,,Transport,False,MALTtexi,False,,,,
MALt2_2pp,b3528,23.0,3.8053,34.047775,34.960540771484375,29.39165891366132,,112645.641475366,,Metabolic (Core),False,MALt2_2pp,False,19.101609814083755,25.551318671286424,31.71971695683066,19.101609814083755
MALt2_3pp_num1,b4123,23.0,21.3011,12.20589,10.387778282165527,29.39165891366132,,112645.641475366,,Metabolic (Core),False,MALt2_3pp,False,16.785317611129884,18.32160679895671,16.753495,16.785317611129884
MALt2_3pp_num2,b4138,23.0,,7.9719377,20.661272048950195,2.3823735145285267,,112645.641475366,,Metabolic (Core),False,MALt2_3pp,False,7.3211100443271,10.338527754492906,7.9719377,4.450744882104375
MALtex_num1,b1377,96.2904209055866,,,,,,112645.641475366,,Transport,False,MALtex,False,,,,
MALtex_num2,b0241,33.2825,,,,,,112645.641475366,,Transport,False,MALtex,False,,,,
MALtex_num3,b0929,94.8168,,,,,,112645.641475366,,Transport,False,MALtex,False,,,,
MALtex_num4,b2215,96.2904209055866,,,,,,112645.641475366,,Transport,False,MALtex,False,,,,
MALtex_reverse_num1,b1377,96.2904209055866,,,,,,112645.641475366,,Transport,False,MALtex,True,,,,
MALtex_reverse_num2,b0241,33.2825,,,,,,112645.641475366,,Transport,False,MALtex,True,,,,
MALtex_reverse_num3,b0929,94.8168,,,,,,112645.641475366,,Transport,False,MALtex,True,,,,
MALtex_reverse_num4,b2215,96.2904209055866,,,,,,112645.641475366,,Transport,False,MALtex,True,,,,
MAN1PT2,b2049,149.80799644754114,1.3945,4.7734895,30.463274002075195,1.3346528088069038,,,,Metabolic (Core),False,MAN1PT2,False,4.056017713041131,9.491479077720523,3.08399475,4.056017713041131
MAN6PI,b1613,151.18324760891227,,,,,713452.5,,713452.5,Metabolic (Core),False,MAN6PI,False,,,,
MAN6PI_reverse,b1613,151.18324760891227,,,,,713452.5,,713452.5,Metabolic (Reverse),False,MAN6PI,True,,,,
MAN6Pt6_2pp,b3666,23.0,0.6153,1.2426851,8.987629890441895,2.9633630070897,,112645.641475366,,Metabolic (Core),False,MAN6Pt6_2pp,False,2.124317908381793,3.452244499382899,2.10302405354485,2.124317908381793
MAN6Ptex_num1,b0929,94.8168,,,,,,112645.641475366,,Transport,False,MAN6Ptex,False,,,,
MAN6Ptex_num2,b2215,96.2904209055866,,,,,,112645.641475366,,Transport,False,MAN6Ptex,False,,,,
MAN6Ptex_num3,b0241,33.2825,,,,,,112645.641475366,,Transport,False,MAN6Ptex,False,,,,
MAN6Ptex_num4,b1377,96.2904209055866,,,,,,112645.641475366,,Transport,False,MAN6Ptex,False,,,,
MAN6Ptex_reverse_num1,b0929,94.8168,,,,,,112645.641475366,,Transport,False,MAN6Ptex,True,,,,
MAN6Ptex_reverse_num2,b2215,96.2904209055866,,,,,,112645.641475366,,Transport,False,MAN6Ptex,True,,,,
MAN6Ptex_reverse_num3,b0241,33.2825,,,,,,112645.641475366,,Transport,False,MAN6Ptex,True,,,,
MAN6Ptex_reverse_num4,b1377,96.2904209055866,,,,,,112645.641475366,,Transport,False,MAN6Ptex,True,,,,
MANAO,b4323,143.92573340895575,32.2523,2.637064,33.43852615356445,4.49460947061458,,,,Metabolic (Core),False,MANAO,False,10.632982830722762,18.205624906044758,18.373454735307288,10.632982830722762
MANAO_reverse,b4323,143.92573340895575,0.6255,2.831622,41.90436553955078,8.515326148078657,,,,Metabolic (Reverse),False,MANAO,True,5.013959100299596,13.469203421907359,5.673474074039328,5.013959100299596
MANGLYCptspp,b0731 and b2415 and b2416,152.62479040685164,23.9331,0.96225995,11.176921844482422,6.480062483359452,,112645.641475366,,Metabolic (Core),True,MANGLYCptspp,False,6.390696505803569,10.638086069460469,8.828492163920938,6.390696505803569
MANGLYCtex_num1,b1377,96.2904209055866,,,,,,112645.641475366,,Transport,False,MANGLYCtex,False,,,,
MANGLYCtex_num2,b0241,33.2825,,,,,,112645.641475366,,Transport,False,MANGLYCtex,False,,,,
MANGLYCtex_num3,b0929,94.8168,,,,,,112645.641475366,,Transport,False,MANGLYCtex,False,,,,
MANGLYCtex_num4,b2215,96.2904209055866,,,,,,112645.641475366,,Transport,False,MANGLYCtex,False,,,,
MANGLYCtex_reverse_num1,b1377,96.2904209055866,,,,,,112645.641475366,,Transport,False,MANGLYCtex,True,,,,
MANGLYCtex_reverse_num2,b0241,33.2825,,,,,,112645.641475366,,Transport,False,MANGLYCtex,True,,,,
MANGLYCtex_reverse_num3,b0929,94.8168,,,,,,112645.641475366,,Transport,False,MANGLYCtex,True,,,,
MANGLYCtex_reverse_num4,b2215,96.2904209055866,,,,,,112645.641475366,,Transport,False,MANGLYCtex,True,,,,
MANPGH,b0732,169.7465083415484,11.362,3.875597,32.241825103759766,24.21911561649679,,,,Metabolic (Core),False,MANPGH,False,13.617357007822235,17.92463443006414,17.790557808248394,13.617357007822235
MANptspp,b2416 and b1818 and b1819 and b1817 and b2415,152.62479040685164,5.0754,0.96225995,7.724188327789307,10.400376497266745,,112645.641475366,,Metabolic (Core),True,MANptspp,False,4.4505752685432,6.040556193764013,6.399794163894653,4.4505752685432
MANtex_num1,b1377,96.2904209055866,,,,,,112645.641475366,,Transport,False,MANtex,False,,,,
MANtex_num2,b0241,33.2825,,,,,,112645.641475366,,Transport,False,MANtex,False,,,,
MANtex_num3,b0929,94.8168,,,,,,112645.641475366,,Transport,False,MANtex,False,,,,
MANtex_num4,b2215,96.2904209055866,,,,,,112645.641475366,,Transport,False,MANtex,False,,,,
MANtex_reverse_num1,b1377,96.2904209055866,,,,,,112645.641475366,,Transport,False,MANtex,True,,,,
MANtex_reverse_num2,b0241,33.2825,,,,,,112645.641475366,,Transport,False,MANtex,True,,,,
MANtex_reverse_num3,b0929,94.8168,,,,,,112645.641475366,,Transport,False,MANtex,True,,,,
MANtex_reverse_num4,b2215,96.2904209055866,,,,,,112645.641475366,,Transport,False,MANtex,True,,,,
MC6PH,b1734,160.70234805267864,1.4637,,33.29994583129883,3.842358408537775,,112645.641475366,,Metabolic (Core),False,MC6PH,False,5.721340882421696,12.868668079945536,3.842358408537775,3.6993325017490704
MCITD,b0334,149.80799644754114,,,,,,,,Metabolic (Core),False,MCITD,False,,,,
MCITL2,b0331,121.175352563932,,,,,19.0,,19.0,Metabolic (Core),False,MCITL2,False,,,,
MCITL2_reverse,b0331,121.175352563932,27.5872,2.8598754,26.177021026611328,9.661923757639329,19.0,,19.0,Metabolic (Reverse),False,MCITL2,True,11.885286111811592,16.571505046062665,17.91947239212533,11.885286111811592
MCITS,b0333,151.2163934271964,2.2938,3.5513294,5.7509307861328125,7.249122480170781,474.122,,474.122,Metabolic (Core),False,MCITS,False,4.29281844011978,4.711295666575898,4.651130093066406,4.29281844011978
MCOATA,b1094 and b1092,97.46316781454354,559.4043,22.48673,10.979981422424316,6.47591517554057,1170.0001175,,1170.0001175,Metabolic (Core),True,MCOATA,False,30.753086913455245,149.8367316494912,16.73335571121216,30.753086913455245
MCOATA_reverse,b1094 and b1092,97.46316781454354,11.4007,,12.101637840270996,6.154294957250831,1170.0001175,,1170.0001175,Metabolic (Reverse),True,MCOATA,True,9.469302537075471,9.88554426584061,11.4007,5.398069777549231
MCPST,b2521,207.78250892732828,2.4546,13.0265465,19.115089416503903,6.861314234402084,62.25,,62.25,Metabolic (Core),False,MCPST,False,8.047267108555717,10.364387537726497,9.943930367201041,8.047267108555717
MCTP1App_num1,b0084 and b0635 and b3396,123.60963225270936,,,,,,112645.641475366,,Metabolic (Core),True,MCTP1App,False,,,,
MCTP1App_num2,b0084 and b0635 and b0149,123.60963225270936,,,,,,112645.641475366,,Metabolic (Core),True,MCTP1App,False,,,,
MCTP1Bpp_num1,b1678,120.5841095274726,,,,,,112645.641475366,,Metabolic (Core),False,MCTP1Bpp,False,,,,
MCTP1Bpp_num2,b0925,97.76404181117316,,,,,,112645.641475366,,Metabolic (Core),False,MCTP1Bpp,False,,,,
MCTP2App_num1,b0084 and b0635 and b3396,123.60963225270936,,,,,,112645.641475366,,Metabolic (Core),True,MCTP2App,False,,,,
MCTP2App_num2,b0084 and b0635 and b0149,123.60963225270936,,,,,,112645.641475366,,Metabolic (Core),True,MCTP2App,False,,,,
MDDCP1pp_num1,b0376,124.33102801558226,15.0789,,13.688091278076172,1.7851135665555418,1.334,,1.334,Metabolic (Core),False,MDDCP1pp,False,7.169014653402863,10.184034948210572,13.688091278076172,4.381215354733392
MDDCP1pp_num2,b0839,120.42138255624845,,,6.138232707977295,1.7851135665555418,1.334,,1.334,Metabolic (Core),False,MDDCP1pp,False,3.31020278558357,3.9616731372664185,3.9616731372664185,1.819396269531069
MDDCP1pp_num3,b0632,157.17088698230995,,,3.631848096847534,10.475654966689731,1.334,,1.334,Metabolic (Core),False,MDDCP1pp,False,6.168142958298188,7.053751531768633,7.053751531768633,2.483574633124237
MDDCP1pp_num4,b3182,108.46483596491184,,,10.637249946594238,10.475654966689731,1.334,,1.334,Metabolic (Core),False,MDDCP1pp,False,10.556143246231551,10.556452456641985,10.556452456641985,3.2490218906974992
MDDCP1pp_num5,b2010,151.18324760891227,,,5.161978244781494,10.475654966689731,1.334,,1.334,Metabolic (Core),False,MDDCP1pp,False,7.353577567272246,7.818816605735613,7.818816605735613,2.711748064860054
MDDCP1pp_num6,b2430,149.80799644754114,,,16.871456146240234,1.7851135665555418,1.334,,1.334,Metabolic (Core),False,MDDCP1pp,False,5.487938160566346,9.328284856397888,9.328284856397888,2.342634875640322
MDDCP2pp_num1,b2430,149.80799644754114,0.6284,,15.896284103393556,4.505918121530305,1.334,,1.334,Metabolic (Core),False,MDDCP2pp,False,3.557173345230441,7.010200741641287,4.505918121530305,2.5901730003824923
MDDCP2pp_num2,b0839,120.42138255624845,,,6.138232707977295,2.4977012564002314,1.334,,1.334,Metabolic (Core),False,MDDCP2pp,False,3.9155423055806566,4.317966982188763,4.317966982188763,1.9787729292621365
MDDCP2pp_num3,b0632,157.17088698230995,,,3.631848096847534,4.239897124043,1.334,,1.334,Metabolic (Core),False,MDDCP2pp,False,3.9241129317063366,3.935872610445267,3.935872610445267,1.9809373871241707
MDDCP2pp_num4,b3182,108.46483596491184,,,10.958669662475586,4.735065155694623,1.334,,1.334,Metabolic (Core),False,MDDCP2pp,False,7.20347241762998,7.846867409085105,7.846867409085105,2.6839285418263246
MDDCP2pp_num5,b2010,151.18324760891227,,,5.161978244781494,9.701730590584152,1.334,,1.334,Metabolic (Core),False,MDDCP2pp,False,7.076731042319365,7.431854417682823,7.431854417682823,2.6602125934442467
MDDCP2pp_num6,b0376,124.33102801558226,,,13.688091278076172,9.701730590584152,1.334,,1.334,Metabolic (Core),False,MDDCP2pp,False,11.523809000465937,11.694910934330162,11.694910934330162,3.3946736220829736
MDDCP3pp_num1,b2430,149.80799644754114,8.2614,,37.28023147583008,3.439238981203919,1.334,,1.334,Metabolic (Core),False,MDDCP3pp,False,10.193692650006053,16.326956819011333,8.2614,5.704908080169921
MDDCP3pp_num2,b0839,120.42138255624845,,,17.269338607788086,9.701730590584152,1.334,,1.334,Metabolic (Core),False,MDDCP3pp,False,12.943819785918436,13.485534599186119,13.485534599186119,3.597752046197519
MDDCP3pp_num3,b0632,157.17088698230995,,,9.936688423156738,9.701730590584152,1.334,,1.334,Metabolic (Core),False,MDDCP3pp,False,9.818506711513882,9.819209506870445,9.819209506870445,3.1334496503875537
MDDCP3pp_num4,b3182,108.46483596491184,,,31.179426193237305,9.701730590584152,1.334,,1.334,Metabolic (Core),False,MDDCP3pp,False,17.392365937266597,20.440578391910726,20.440578391910726,4.170415559301806
MDDCP3pp_num5,b2010,151.18324760891227,,,9.087750434875488,12.716534780945764,1.334,,1.334,Metabolic (Core),False,MDDCP3pp,False,10.750102068615401,10.902142607910626,10.902142607910626,3.2787348274319776
MDDCP3pp_num6,b0376,124.33102801558226,,,44.649688720703125,12.716534780945764,1.334,,1.334,Metabolic (Core),False,MDDCP3pp,False,23.828330188563843,28.683111750824445,28.683111750824445,4.881427064759223
MDDCP4pp_num1,b2430,149.80799644754114,0.1008,,33.09517288208008,1.3800644610349209,1.334,,1.334,Metabolic (Core),False,MDDCP4pp,False,1.6635716837384218,11.525345781038332,1.3800644610349209,1.4648094719713942
MDDCP4pp_num2,b0839,120.42138255624845,,,15.79393196105957,3.709008719383553,1.334,,1.334,Metabolic (Core),False,MDDCP4pp,False,7.6537462302404915,9.751470340221562,9.751470340221562,2.7665404804991542
MDDCP4pp_num3,b0632,157.17088698230995,,,9.087750434875488,17.527193281992982,1.334,,1.334,Metabolic (Core),False,MDDCP4pp,False,12.620727331282394,13.307471858434235,13.307471858434235,3.552566302165576
MDDCP4pp_num4,b3182,108.46483596491184,,,27.67924118041992,23.20984801412347,1.334,,1.334,Metabolic (Core),False,MDDCP4pp,False,25.346222222331555,25.444544597271694,25.444544597271694,5.034503175322422
MDDCP4pp_num5,b2010,151.18324760891227,,,8.067567825317383,23.20984801412347,1.334,,1.334,Metabolic (Core),False,MDDCP4pp,False,13.683823408289404,15.638707919720426,15.638707919720426,3.6991652312771057
MDDCP4pp_num6,b0376,124.33102801558226,,,44.649688720703125,23.20984801412347,1.334,,1.334,Metabolic (Core),False,MDDCP4pp,False,32.191807794615116,33.929768367413295,33.929768367413295,5.673782494475367
MDDCP5pp_num1,b2430,149.80799644754114,9.5138,,33.09517288208008,1.180767729574293,1.334,,1.334,Metabolic (Core),False,MDDCP5pp,False,7.190532423654025,14.596580203884791,9.5138,4.391074309948767
MDDCP5pp_num2,b0839,120.42138255624845,,,15.79393196105957,7.930539978052965,1.334,,1.334,Metabolic (Core),False,MDDCP5pp,False,11.191711612967492,11.862235969556268,11.862235969556268,3.3454015622892705
MDDCP5pp_num3,b0632,157.17088698230995,,,9.087750434875488,4.200352710379372,1.334,,1.334,Metabolic (Core),False,MDDCP5pp,False,6.178329642417972,6.64405157262743,6.64405157262743,2.4856245980473344
MDDCP5pp_num4,b3182,108.46483596491184,,,27.67924118041992,4.200352710379372,1.334,,1.334,Metabolic (Core),False,MDDCP5pp,False,10.78251249539833,15.939796945399646,15.939796945399646,3.2836736280267456
MDDCP5pp_num5,b2010,151.18324760891227,,,8.067567825317383,4.200352710379372,1.334,,1.334,Metabolic (Core),False,MDDCP5pp,False,5.821222412968026,6.133960267848377,6.133960267848377,2.4127209562997596
MDDCP5pp_num6,b0376,124.33102801558226,,,44.649688720703125,4.200352710379372,1.334,,1.334,Metabolic (Core),False,MDDCP5pp,False,13.694686598663022,24.425020715541248,24.425020715541248,3.700633269950296
MDDEP1pp_num1,b2175,97.76404181117316,2.3549,,3.488649368286133,0.8656320855966524,,112645.641475366,,Metabolic (Core),False,MDDEP1pp,False,1.9230373197718535,2.2363938179609284,2.3549,1.6330172953883484
MDDEP1pp_num2,b1655,135.19605298750687,,,3.370946168899536,2.433073219097816,,112645.641475366,,Metabolic (Core),False,MDDEP1pp,False,2.8638713041213717,2.902009693998676,2.902009693998676,1.69229764052349
MDDEP1pp_num3,b2328,178.65984365785727,,,11.972701072692873,19.07447150904677,,112645.641475366,,Metabolic (Core),False,MDDEP1pp,False,15.11201328405365,15.523586290869822,15.523586290869822,3.887417302535663
MDDEP1pp_num4,b3182,108.46483596491184,,,14.73378562927246,6.893062771666467,,112645.641475366,,Metabolic (Core),False,MDDEP1pp,False,10.07774325962179,10.813424200469463,10.813424200469463,3.174546150179863
MDDEP1pp_num5,b2134,124.33102801558226,,,10.356138229370115,12.944373024364497,,112645.641475366,,Metabolic (Core),False,MDDEP1pp,False,11.578156862508315,11.650255626867306,11.650255626867306,3.4026690791947893
MDDEP1pp_num6,b1856,94.8168,,,5.7309746742248535,12.944373024364497,,112645.641475366,,Metabolic (Core),False,MDDEP1pp,False,8.613006094062184,9.337673849294674,9.337673849294674,2.934792342579315
MDDEP1pp_num7,b0376,124.33102801558226,,,25.247352600097656,5.265135685472943,,112645.641475366,,Metabolic (Core),False,MDDEP1pp,False,11.52955927772143,15.256244142785299,15.256244142785299,3.3955204722871914
MDDEP2pp_num1,b2175,97.76404181117316,13.7158,,4.499381065368652,9.129954971721624,,112645.641475366,,Metabolic (Core),False,MDDEP2pp,False,8.25938134741719,9.115045345696759,9.129954971721624,4.872037685470204
MDDEP2pp_num2,b1655,135.19605298750687,,,4.54377031326294,5.265135685472943,,112645.641475366,,Metabolic (Core),False,MDDEP2pp,False,4.8911723771457165,4.904452999367942,4.904452999367942,2.2115995064987954
MDDEP2pp_num3,b2328,178.65984365785727,,,7.733258247375488,2.312153051635714,,112645.641475366,,Metabolic (Core),False,MDDEP2pp,False,4.228531264606693,5.0227056495056015,5.0227056495056015,2.05633928732753
MDDEP2pp_num4,b3182,108.46483596491184,,,26.47049331665039,1.5512766495082406,,112645.641475366,,Metabolic (Core),False,MDDEP2pp,False,6.4080463624324455,14.010884983079315,14.010884983079315,2.531411930609565
MDDEP2pp_num5,b2134,124.33102801558226,,,21.253028869628903,1.5512766495082406,,112645.641475366,,Metabolic (Core),False,MDDEP2pp,False,5.741892320200704,11.402152759568573,11.402152759568573,2.3962245971946587
MDDEP2pp_num6,b1856,94.8168,,,4.810972690582275,1.5512766495082406,,112645.641475366,,Metabolic (Core),False,MDDEP2pp,False,2.731876570477173,3.181124670045258,3.181124670045258,1.652838942691384
MDDEP2pp_num7,b0376,124.33102801558226,,,30.321319580078125,1.5512766495082406,,112645.641475366,,Metabolic (Core),False,MDDEP2pp,False,6.858334713824646,15.936298114793182,15.936298114793182,2.618842246838218
MDDEP3pp_num1,b1655,135.19605298750687,36.4864,,4.681066036224365,3.028813247277281,,112645.641475366,,Metabolic (Core),False,MDDEP3pp,False,8.027545200874213,14.73209309450055,4.681066036224365,4.7691070365100305
MDDEP3pp_num2,b2175,97.76404181117316,,,4.239316940307617,23.20984801412347,,112645.641475366,,Metabolic (Core),False,MDDEP3pp,False,9.919370033839787,13.724582477215543,13.724582477215543,3.149503140789002
MDDEP3pp_num3,b2328,178.65984365785727,,,7.733258247375488,23.12485843405693,,112645.641475366,,Metabolic (Core),False,MDDEP3pp,False,13.372752229984727,15.429058340716209,15.429058340716209,3.6568773878795455
MDDEP3pp_num4,b3182,108.46483596491184,,,27.27033805847168,23.12485843405693,,112645.641475366,,Metabolic (Core),False,MDDEP3pp,False,25.112202353657327,25.197598246264306,25.197598246264306,5.011207674169704
MDDEP3pp_num5,b2134,124.33102801558226,,,23.2384033203125,23.12485843405693,,112645.641475366,,Metabolic (Core),False,MDDEP3pp,False,23.181561358453507,23.181630877184716,23.181630877184716,4.814723393763499
MDDEP3pp_num6,b0376,124.33102801558226,,,26.12796974182129,23.12485843405693,,112645.641475366,,Metabolic (Core),False,MDDEP3pp,False,24.580594001141236,24.62641408793911,24.62641408793911,4.957882007585622
MDDEP3pp_num7,b1856,94.8168,,,5.106105327606201,1.4545002766521131,,112645.641475366,,Metabolic (Core),False,MDDEP3pp,False,2.725221387634048,3.280302802129157,3.280302802129157,1.6508244569408488
MDDEP4pp_num1,b1655,135.19605298750687,33.8712,,3.272075891494751,1.8385299096757457,,112645.641475366,,Metabolic (Core),False,MDDEP4pp,False,5.884481704373471,12.993935267056832,3.272075891494751,3.778167106817314
MDDEP4pp_num2,b0376,124.33102801558226,,,25.247352600097656,8.496721583609121,,112645.641475366,,Metabolic (Core),False,MDDEP4pp,False,14.646491926950961,16.87203709185339,16.87203709185339,3.8270735460598297
MDDEP4pp_num3,b2328,178.65984365785727,,,11.972701072692873,8.496721583609121,,112645.641475366,,Metabolic (Core),False,MDDEP4pp,False,10.086065021525966,10.234711328150997,10.234711328150997,3.1758565807551773
MDDEP4pp_num4,b3182,108.46483596491184,,,14.301640510559082,8.645785370246568,,112645.641475366,,Metabolic (Core),False,MDDEP4pp,False,11.119753337944028,11.473712940402825,11.473712940402825,3.3346294153839686
MDDEP4pp_num5,b2134,124.33102801558226,,,10.669065475463867,8.645785370246568,,112645.641475366,,Metabolic (Core),False,MDDEP4pp,False,9.604293321320847,9.657425422855217,9.657425422855217,3.0990794312700096
MDDEP4pp_num6,b2175,97.76404181117316,,,3.488649368286133,10.32508343721834,,112645.641475366,,Metabolic (Core),False,MDDEP4pp,False,6.001716072154147,6.906866402752237,6.906866402752237,2.4498400095014667
MDDEP4pp_num7,b1856,94.8168,,,5.7309746742248535,3.709008719383553,,112645.641475366,,Metabolic (Core),False,MDDEP4pp,False,4.610448463790296,4.719991696804203,4.719991696804203,2.147195488023924
MDH,b3236,149.80799644754114,32.5795,5.165128,817.4990844726562,4.126232577709164,2069568.0,,2069568.0,Metabolic (Core),False,MDH,False,27.44837386609413,214.84248626259136,18.872314000000003,27.44837386609413
MDH2,b2210,120.42138255624845,20.5533,17.652565,26.177021026611328,0.9306493286838624,,9.9475,,Metabolic (Core),False,MDH2,False,9.696140897419966,16.328383838823797,19.1029325,9.696140897419966
MDH3,b2210,120.42138255624845,2.3745,6.551544,26.177021026611328,7.228125235384933,,9.9475,,Metabolic (Core),False,MDH3,False,7.3657238333033,10.582797565499064,6.8898346176924665,7.3657238333033
MDH_reverse,b3236,149.80799644754114,1.0771,3.224378,689.3306274414062,7.759480633406317,2069568.0,,2069568.0,Metabolic (Reverse),False,MDH,True,11.67456079018472,175.34789651870312,5.491929316703159,11.67456079018472
ME1,b1479,121.23861216232469,1.4311,33.658745,80.15333557128906,4.126232577709164,82.7,,82.7,Metabolic (Core),False,ME1,False,11.234682438539798,29.842353287249555,18.892488788854585,11.234682438539798
ME2,b2463,128.2406734749161,12.1755,21.170275,85.43810272216797,6.9899481650584585,66.6,,66.6,Metabolic (Core),False,ME2,False,19.807730289434133,31.44345647180661,16.6728875,19.807730289434133
MECDPDH5_num1,b2515 and b2895,122.42412220751704,21.8067,3.1375732,14.802000045776367,3.2881092143876764,,112645.641475366,,Metabolic (Core),True,MECDPDH5,False,7.596483743216038,10.75859561504101,9.045054630082022,7.596483743216038
MECDPDH5_num2,b2515 and b0684,121.175352563932,,3.1375732,10.262343406677246,3.5556925393700345,,112645.641475366,,Metabolic (Core),True,MECDPDH5,False,4.855733802806921,5.651869715349093,3.5556925393700345,3.2710799016358862
MECDPS,b2746,137.33652202813053,,,,,2.7,,2.7,Metabolic (Core),False,MECDPS,False,,,,
MELIBt2pp_num1,b4120,23.0,2.897,2.5402606,27.981842041015625,3.842358408537775,,112645.641475366,,Metabolic (Core),False,MELIBt2pp,False,5.303654627607108,9.315365262388351,3.3696792042688877,5.303654627607108
MELIBt2pp_num2,b0343,23.0,,2.1533363,27.91984939575196,1.2556971297984412,,112645.641475366,,Metabolic (Core),False,MELIBt2pp,False,4.226393646664856,10.442960941850133,2.1533363,2.947660478893734
MELIBt3ipp,b1528,33.2825,32.6565,5.4733624,9.234712600708008,2.927734208311322,,112645.641475366,,Metabolic (Core),False,MELIBt3ipp,False,8.337670309101005,12.573077302254832,7.3540375003540035,8.337670309101005
MELIBtex_num1,b1377,96.2904209055866,,,,,,112645.641475366,,Transport,False,MELIBtex,False,,,,
MELIBtex_num2,b0241,33.2825,,,,,,112645.641475366,,Transport,False,MELIBtex,False,,,,
MELIBtex_num3,b0929,94.8168,,,,,,112645.641475366,,Transport,False,MELIBtex,False,,,,
MELIBtex_num4,b2215,96.2904209055866,,,,,,112645.641475366,,Transport,False,MELIBtex,False,,,,
MELIBtex_reverse_num1,b1377,96.2904209055866,,,,,,112645.641475366,,Transport,False,MELIBtex,True,,,,
MELIBtex_reverse_num2,b0241,33.2825,,,,,,112645.641475366,,Transport,False,MELIBtex,True,,,,
MELIBtex_reverse_num3,b0929,94.8168,,,,,,112645.641475366,,Transport,False,MELIBtex,True,,,,
MELIBtex_reverse_num4,b2215,96.2904209055866,,,,,,112645.641475366,,Transport,False,MELIBtex,True,,,,
MEOHtex_num1,b2215,96.2904209055866,,,,,,112645.641475366,,Transport,False,MEOHtex,False,,,,
MEOHtex_num2,b0929,94.8168,,,,,,112645.641475366,,Transport,False,MEOHtex,False,,,,
MEOHtex_num3,b1377,96.2904209055866,,,,,,112645.641475366,,Transport,False,MEOHtex,False,,,,
MEOHtex_num4,b0241,33.2825,,,,,,112645.641475366,,Transport,False,MEOHtex,False,,,,
MEOHtex_reverse_num1,b2215,96.2904209055866,,,,,,112645.641475366,,Transport,False,MEOHtex,True,,,,
MEOHtex_reverse_num2,b0929,94.8168,,,,,,112645.641475366,,Transport,False,MEOHtex,True,,,,
MEOHtex_reverse_num3,b1377,96.2904209055866,,,,,,112645.641475366,,Transport,False,MEOHtex,True,,,,
MEOHtex_reverse_num4,b0241,33.2825,,,,,,112645.641475366,,Transport,False,MEOHtex,True,,,,
MEPCT,b2747,152.5584987702834,3.8647,18.293394,22.47472381591797,4.156262642575966,44.73125,,44.73125,Metabolic (Core),False,MEPCT,False,9.01471198173587,12.197270114623484,11.224828321287983,9.01471198173587
MEPNabcpp,b4105 and b4104 and b4106,97.76404181117316,0.3256,,14.633916854858398,10.343030383997991,,112645.641475366,,Metabolic (Core),True,MEPNabcpp,False,3.666324716555745,8.434182412952131,10.343030383997991,2.6495565609227865
MEPNtex_num1,b2215,96.2904209055866,,,,,,112645.641475366,,Transport,False,MEPNtex,False,,,,
MEPNtex_num2,b0929,94.8168,,,,,,112645.641475366,,Transport,False,MEPNtex,False,,,,
MEPNtex_num3,b0241,33.2825,,,,,,112645.641475366,,Transport,False,MEPNtex,False,,,,
MEPNtex_num4,b1377,96.2904209055866,,,,,,112645.641475366,,Transport,False,MEPNtex,False,,,,
MEPNtex_reverse_num1,b2215,96.2904209055866,,,,,,112645.641475366,,Transport,False,MEPNtex,True,,,,
MEPNtex_reverse_num2,b0929,94.8168,,,,,,112645.641475366,,Transport,False,MEPNtex,True,,,,
MEPNtex_reverse_num3,b0241,33.2825,,,,,,112645.641475366,,Transport,False,MEPNtex,True,,,,
MEPNtex_reverse_num4,b1377,96.2904209055866,,,,,,112645.641475366,,Transport,False,MEPNtex,True,,,,
METAT,b2942,149.80799644754114,2.4272,3.1828966,2.415824174880981,5.23709872635609,1.36,,1.36,Metabolic (Core),False,METAT,False,3.144278777466293,3.315754875309268,2.8050483,3.144278777466293
METDabcpp,b0199 and b0198 and b0197,97.46316781454354,42.8264,5.9165525,3.3752777576446533,2.3823735145285267,,112645.641475366,,Metabolic (Core),True,METDabcpp,False,6.718540126472991,13.625150943043295,4.645915128822327,6.718540126472991
METDtex_num1,b1377,96.2904209055866,,,,,,112645.641475366,,Transport,False,METDtex,False,,,,
METDtex_num2,b0241,33.2825,,,,,,112645.641475366,,Transport,False,METDtex,False,,,,
METDtex_num3,b0929,94.8168,,,,,,112645.641475366,,Transport,False,METDtex,False,,,,
METDtex_num4,b2215,96.2904209055866,,,,,,112645.641475366,,Transport,False,METDtex,False,,,,
METDtex_reverse_num1,b1377,96.2904209055866,,,,,,112645.641475366,,Transport,False,METDtex,True,,,,
METDtex_reverse_num2,b0241,33.2825,,,,,,112645.641475366,,Transport,False,METDtex,True,,,,
METDtex_reverse_num3,b0929,94.8168,,,,,,112645.641475366,,Transport,False,METDtex,True,,,,
METDtex_reverse_num4,b2215,96.2904209055866,,,,,,112645.641475366,,Transport,False,METDtex,True,,,,
METGLCUR,b1617,205.72000000000008,1.2876,,75.06392669677734,1.6844506565180326,,112645.641475366,,Metabolic (Core),False,METGLCUR,False,5.460388125871545,26.01199245109846,1.6844506565180326,3.5720508706497145
METGLCURt2pp,b1616,23.0,2.4369,,15.061220169067385,6.480107934481085,,112645.641475366,,Metabolic (Core),False,METGLCURt2pp,False,6.195742620350806,7.992742701182823,6.480107934481085,3.927082510821067
METGLCURtex_num1,b2215,96.2904209055866,,,,,,112645.641475366,,Transport,False,METGLCURtex,False,,,,
METGLCURtex_num2,b1377,96.2904209055866,,,,,,112645.641475366,,Transport,False,METGLCURtex,False,,,,
METGLCURtex_num3,b0241,33.2825,,,,,,112645.641475366,,Transport,False,METGLCURtex,False,,,,
METGLCURtex_num4,b0929,94.8168,,,,,,112645.641475366,,Transport,False,METGLCURtex,False,,,,
METGLCURtex_reverse_num1,b2215,96.2904209055866,,,,,,112645.641475366,,Transport,False,METGLCURtex,True,,,,
METGLCURtex_reverse_num2,b1377,96.2904209055866,,,,,,112645.641475366,,Transport,False,METGLCURtex,True,,,,
METGLCURtex_reverse_num3,b0241,33.2825,,,,,,112645.641475366,,Transport,False,METGLCURtex,True,,,,
METGLCURtex_reverse_num4,b0929,94.8168,,,,,,112645.641475366,,Transport,False,METGLCURtex,True,,,,
METNA,b1448,123.60963225270936,11.709,45.086166,5.245456218719482,6.2847857493883765,,112645.641475366,,Metabolic (Core),False,METNA,False,11.485746156311441,17.081351992026963,8.996892874694188,11.485746156311441
METNA_reverse,b1448,123.60963225270936,19.0477,,26.177021026611328,545.537411727458,,112645.641475366,,Metabolic (Reverse),False,METNA,True,64.79315101376706,196.9207109180231,26.177021026611328,22.837408786088858
METOX1s,s0001,,9.9015,,,4.111808695024229,,,,Metabolic (Core),False,METOX1s,False,6.380679728193728,7.006654347512114,7.006654347512114,2.526000737963813
METOX2s,s0001,,16.3982,,,4.111808695024229,,,,Metabolic (Core),False,METOX2s,False,8.21134954454786,10.255004347512115,10.255004347512115,2.8655452438493896
METSOX1tex_num1,b1377,96.2904209055866,,,,,,112645.641475366,,Transport,False,METSOX1tex,False,,,,
METSOX1tex_num2,b0241,33.2825,,,,,,112645.641475366,,Transport,False,METSOX1tex,False,,,,
METSOX1tex_num3,b0929,94.8168,,,,,,112645.641475366,,Transport,False,METSOX1tex,False,,,,
METSOX1tex_num4,b2215,96.2904209055866,,,,,,112645.641475366,,Transport,False,METSOX1tex,False,,,,
METSOX1tex_reverse_num1,b1377,96.2904209055866,,,,,,112645.641475366,,Transport,False,METSOX1tex,True,,,,
METSOX1tex_reverse_num2,b0241,33.2825,,,,,,112645.641475366,,Transport,False,METSOX1tex,True,,,,
METSOX1tex_reverse_num3,b0929,94.8168,,,,,,112645.641475366,,Transport,False,METSOX1tex,True,,,,
METSOX1tex_reverse_num4,b2215,96.2904209055866,,,,,,112645.641475366,,Transport,False,METSOX1tex,True,,,,
METSOX2tex_num1,b1377,96.2904209055866,,,,,,112645.641475366,,Transport,False,METSOX2tex,False,,,,
METSOX2tex_num2,b0241,33.2825,,,,,,112645.641475366,,Transport,False,METSOX2tex,False,,,,
METSOX2tex_num3,b0929,94.8168,,,,,,112645.641475366,,Transport,False,METSOX2tex,False,,,,
METSOX2tex_num4,b2215,96.2904209055866,,,,,,112645.641475366,,Transport,False,METSOX2tex,False,,,,
METSOX2tex_reverse_num1,b1377,96.2904209055866,,,,,,112645.641475366,,Transport,False,METSOX2tex,True,,,,
METSOX2tex_reverse_num2,b0241,33.2825,,,,,,112645.641475366,,Transport,False,METSOX2tex,True,,,,
METSOX2tex_reverse_num3,b0929,94.8168,,,,,,112645.641475366,,Transport,False,METSOX2tex,True,,,,
METSOX2tex_reverse_num4,b2215,96.2904209055866,,,,,,112645.641475366,,Transport,False,METSOX2tex,True,,,,
METSOXR1_num1,b3551 and b2582,160.70234805267864,14.6923,0.106800735,31.757587432861328,8.645785370246568,3.5511111100000003,,3.5511111100000003,Metabolic (Core),True,METSOXR1,False,4.555950484578652,13.800618384526974,11.669042685123284,4.555950484578652
METSOXR1_num2,b2582 and b4219,197.70251011777788,,0.106800735,29.022340774536133,8.645785370246568,3.5511111100000003,,3.5511111100000003,Metabolic (Core),True,METSOXR1,False,2.9925198711645327,12.591642293260898,8.645785370246568,2.275242975375252
METSOXR1_num3,b3781 and b4219,189.6850202355557,,3.8835893,29.022340774536133,8.645785370246568,3.5511111100000003,,3.5511111100000003,Metabolic (Core),True,METSOXR1,False,9.914178358586396,13.850571814927568,8.645785370246568,5.587178490927886
METSOXR1_num4,b3551 and b3781,155.2551722501099,,10.19949,3.9803037643432617,5.628355577673853,3.5511111100000003,,3.5511111100000003,Metabolic (Core),True,METSOXR1,False,6.113530269411548,6.602716447339039,5.628355577673853,3.887935488020057
METSOXR2_num1,b1832 and b3781,176.53793119354833,1.761,6.8348026,3.9803037643432617,26.00380267896529,3.5511111100000003,,3.5511111100000003,Metabolic (Core),True,METSOXR2,False,5.941000689618268,9.644977260827137,5.407553182171631,5.941000689618268
METSOXR2_num2,b2582 and b1778,176.53793119354833,,0.00990676,12.046043395996094,6.7859805272721,3.5511111100000003,,3.5511111100000003,Metabolic (Core),True,METSOXR2,False,0.932100823081048,6.2806435610893985,6.7859805272721,0.948630685222536
METSOXR2_num3,b3781 and b1778,176.53793119354833,,0.00990676,3.9803037643432617,6.7859805272721,3.5511111100000003,,3.5511111100000003,Metabolic (Core),True,METSOXR2,False,0.6443969696849438,3.592063683871787,3.9803037643432617,0.7192255666867403
METSOXR2_num4,b1832 and b2582,183.111475714552,,0.106800735,14.402957916259766,6.7859805272721,3.5511111100000003,,3.5511111100000003,Metabolic (Core),True,METSOXR2,False,2.1854767003134907,7.098579726177289,6.7859805272721,1.7974616598433104
METS_num1,b4019,114.49559696909084,21.2508,2.9418898,7.554275035858154,4.765863679138536,13.0,,13.0,Metabolic (Core),False,METS,False,6.887855432036758,9.128207128749173,6.160069357498346,6.887855432036758
METS_num2,b3829,123.60963225270936,,4.5853944,0.338901549577713,8.645785370246568,13.0,,13.0,Metabolic (Core),False,METS,False,2.3773049809530873,4.523360439941427,4.5853944,1.9145366092571967
METabcpp,b0197 and b0198 and b0199,97.46316781454354,57.2901,5.9165525,3.3752777576446533,3.653492800559781,,112645.641475366,,Metabolic (Core),True,METabcpp,False,8.040656681033157,17.558855764551108,4.78502265027989,8.040656681033157
METt3pp_num1,b1798,28.14125,7.4691,1.895848,35.31422424316406,5.627857184945759,,112645.641475366,,Metabolic (Core),False,METt3pp,False,7.283516892521616,12.576757357027455,6.548478592472879,7.283516892521616
METt3pp_num2,b4141,23.0,,5.7478337,20.84850311279297,4.810772528691261,,112645.641475366,,Metabolic (Core),False,METt3pp,False,8.322707502507567,10.46903644716141,5.7478337,4.900027009049204
METtex_num1,b1377,96.2904209055866,,,,,,112645.641475366,,Transport,False,METtex,False,,,,
METtex_num2,b0241,33.2825,,,,,,112645.641475366,,Transport,False,METtex,False,,,,
METtex_num3,b0929,94.8168,,,,,,112645.641475366,,Transport,False,METtex,False,,,,
METtex_num4,b2215,96.2904209055866,,,,,,112645.641475366,,Transport,False,METtex,False,,,,
METtex_reverse_num1,b1377,96.2904209055866,,,,,,112645.641475366,,Transport,False,METtex,True,,,,
METtex_reverse_num2,b0241,33.2825,,,,,,112645.641475366,,Transport,False,METtex,True,,,,
METtex_reverse_num3,b0929,94.8168,,,,,,112645.641475366,,Transport,False,METtex,True,,,,
METtex_reverse_num4,b2215,96.2904209055866,,,,,,112645.641475366,,Transport,False,METtex,True,,,,
MG2tex_num1,b1377,96.2904209055866,,,,,,112645.641475366,,Transport,False,MG2tex,False,,,,
MG2tex_num2,b0241,33.2825,,,,,,112645.641475366,,Transport,False,MG2tex,False,,,,
MG2tex_num3,b0929,94.8168,,,,,,112645.641475366,,Transport,False,MG2tex,False,,,,
MG2tex_num4,b2215,96.2904209055866,,,,,,112645.641475366,,Transport,False,MG2tex,False,,,,
MG2tex_reverse_num1,b1377,96.2904209055866,,,,,,112645.641475366,,Transport,False,MG2tex,True,,,,
MG2tex_reverse_num2,b0241,33.2825,,,,,,112645.641475366,,Transport,False,MG2tex,True,,,,
MG2tex_reverse_num3,b0929,94.8168,,,,,,112645.641475366,,Transport,False,MG2tex,True,,,,
MG2tex_reverse_num4,b2215,96.2904209055866,,,,,,112645.641475366,,Transport,False,MG2tex,True,,,,
MG2tpp,b3816,91.06287263702492,,,,,,112645.641475366,,Transport,False,MG2tpp,False,,,,
MG2uabcpp,b4242,74.95196722410472,,,,,22.5,,22.5,Metabolic (Core),False,MG2uabcpp,False,,,,
MGSA,b0963,115.69288473855748,,,,,140.7,,140.7,Metabolic (Core),False,MGSA,False,,,,
MI1PP,b2533,189.6850202355557,0.436,,2.18902587890625,229.50963769458312,6.5,,6.5,Metabolic (Core),False,MI1PP,False,6.028085971398947,77.37822119116312,2.18902587890625,3.84710976891947
MICITDr,b0118,117.94906666660007,1.8321,19.500977,26.967998504638672,1.7538406850699786,3.0,,3.0,Metabolic (Core),False,MICITDr,False,6.411521459230353,12.513729047427164,10.6665385,6.411521459230353
MICITDr_reverse,b0118,117.94906666660007,,,,,3.0,,3.0,Metabolic (Reverse),False,MICITDr,True,,,,
MINCYCtex_num1,b0929,94.8168,,,,,,112645.641475366,,Transport,False,MINCYCtex,False,,,,
MINCYCtex_num2,b1377,96.2904209055866,,,,,,112645.641475366,,Transport,False,MINCYCtex,False,,,,
MINCYCtex_num3,b0241,33.2825,,,,,,112645.641475366,,Transport,False,MINCYCtex,False,,,,
MINCYCtex_num4,b2215,96.2904209055866,,,,,,112645.641475366,,Transport,False,MINCYCtex,False,,,,
MINCYCtex_reverse_num1,b0929,94.8168,,,,,,112645.641475366,,Transport,False,MINCYCtex,True,,,,
MINCYCtex_reverse_num2,b1377,96.2904209055866,,,,,,112645.641475366,,Transport,False,MINCYCtex,True,,,,
MINCYCtex_reverse_num3,b0241,33.2825,,,,,,112645.641475366,,Transport,False,MINCYCtex,True,,,,
MINCYCtex_reverse_num4,b2215,96.2904209055866,,,,,,112645.641475366,,Transport,False,MINCYCtex,True,,,,
MINCYCtpp_num1,b3035 and b0463 and b2470,149.80799644754114,1.2496,,42.18484115600586,27.59821923974365,,112645.641475366,,Transport,True,MINCYCtpp,False,11.331032842750261,23.677553465249833,27.59821923974365,6.175926570501943
MINCYCtpp_num2,b3035 and b0463 and b0462,97.76404181117316,,,42.18484115600586,10.397610637812583,,112645.641475366,,Transport,True,MINCYCtpp,False,20.943293751416476,26.29122589690922,26.29122589690922,4.576384353549916
MLDCP1App_num1,b1678,120.5841095274726,8.155,,5.580450057983398,1.6112372980239649,,160.0,,Metabolic (Core),False,MLDCP1App,False,4.185534242199731,5.115562452002455,5.580450057983398,2.9262617762844787
MLDCP1App_num2,b1990,97.46316781454354,,,13.234732627868652,12.716534780945764,,160.0,,Metabolic (Core),False,MLDCP1App,False,12.973046588169236,12.975633704407208,12.975633704407208,3.6018115703308573
MLDCP1App_num3,b0925,97.76404181117316,,,5.491117477416992,12.716534780945764,,160.0,,Metabolic (Core),False,MLDCP1App,False,8.356314162825159,9.103826129181378,9.103826129181378,2.890729001969081
MLDCP1App_num4,b1113,123.60963225270936,,,4.656606197357178,9.129954971721624,,160.0,,Metabolic (Core),False,MLDCP1App,False,6.520322453906009,6.893280584539401,6.893280584539401,2.553492207527959
MLDCP1App_num5,b0819,151.18324760891227,,,5.735463619232178,3.709008719383553,,160.0,,Metabolic (Core),False,MLDCP1App,False,4.612253741224489,4.722236169307865,4.722236169307865,2.1476158271964025
MLDCP1Bpp_num1,b1678,120.5841095274726,2.5741,,9.338504791259766,0.5698049341386077,,160.0,,Metabolic (Core),False,MLDCP1Bpp,False,2.3926342873974815,4.160803241799457,2.5741,1.9237881334684448
MLDCP1Bpp_num2,b1990,97.46316781454354,,,17.981456756591797,8.547332811729818,,160.0,,Metabolic (Core),False,MLDCP1Bpp,False,12.397318070385944,13.264394784160807,13.264394784160807,3.5209825433230915
MLDCP1Bpp_num3,b0925,97.76404181117316,,,5.3300628662109375,8.547332811729818,,160.0,,Metabolic (Core),False,MLDCP1Bpp,False,6.749653415172326,6.938697838970378,6.938697838970378,2.5980095102159124
MLDCP1Bpp_num4,b1113,123.60963225270936,,,7.126764297485352,8.547332811729818,,160.0,,Metabolic (Core),False,MLDCP1Bpp,False,7.804795085161503,7.837048554607585,7.837048554607585,2.7937063348107123
MLDCP1Bpp_num5,b0819,151.18324760891227,,,9.04315185546875,8.547332811729818,,160.0,,Metabolic (Core),False,MLDCP1Bpp,False,8.791747754326408,8.795242333599283,8.795242333599283,2.9650881528761346
MLDCP2App_num1,b0925,97.76404181117316,29.1053,,5.3300628662109375,6.068564545694292,,160.0,,Metabolic (Core),False,MLDCP2App,False,9.800843678252882,13.501309137301744,6.068564545694292,5.539207022002585
MLDCP2App_num2,b1678,120.5841095274726,,,7.581905841827393,1.501060959466043,,160.0,,Metabolic (Core),False,MLDCP2App,False,3.373559375128089,4.541483400646718,4.541483400646718,1.8367251768100987
MLDCP2App_num3,b1113,123.60963225270936,,,5.786199569702148,1.407557400154843,,160.0,,Metabolic (Core),False,MLDCP2App,False,2.853840924632455,3.596878484928496,3.596878484928496,1.6893315022909077
MLDCP2App_num4,b0819,151.18324760891227,,,7.792515277862549,1.4545002766521131,,160.0,,Metabolic (Core),False,MLDCP2App,False,3.3666326837757183,4.6235077772573305,4.6235077772573305,1.834838598835254
MLDCP2App_num5,b1990,97.46316781454354,,,15.962868690490724,2.4977012564002314,,160.0,,Metabolic (Core),False,MLDCP2App,False,6.314307340001007,9.230284973445478,9.230284973445478,2.51282855364249
MLDCP2Bpp_num1,b1678,120.5841095274726,0.0516,,8.047022819519043,2.788006400126424,,160.0,,Metabolic (Core),False,MLDCP2Bpp,False,1.0500087067866304,3.628876406548489,2.788006400126424,1.037276825710278
MLDCP2Bpp_num2,b0819,151.18324760891227,,,8.027976989746094,4.200352710379372,,160.0,,Metabolic (Core),False,MLDCP2Bpp,False,5.806921293400078,6.114164850062733,6.114164850062733,2.4097554426538967
MLDCP2Bpp_num3,b1113,123.60963225270936,,,6.141158103942871,4.200352710379372,,160.0,,Metabolic (Core),False,MLDCP2Bpp,False,5.078880790761354,5.1707554071611215,5.1707554071611215,2.2536372358392898
MLDCP2Bpp_num4,b1990,97.46316781454354,,,17.454057693481445,4.201952486334633,,160.0,,Metabolic (Core),False,MLDCP2Bpp,False,8.563943082584826,10.82800508990804,10.82800508990804,2.92642154902277
MLDCP2Bpp_num5,b0925,97.76404181117316,,,4.45822286605835,4.201952486334633,,160.0,,Metabolic (Core),False,MLDCP2Bpp,False,4.328191384015707,4.3300876761964915,4.3300876761964915,2.0804305765912274
MLDCP3App_num1,b1678,120.5841095274726,0.3813,,6.460739612579346,3.095314723399571,,160.0,,Metabolic (Core),False,MLDCP3App,False,1.9682697545338947,3.3124514453263054,3.095314723399571,1.6617414931628505
MLDCP3App_num2,b1990,97.46316781454354,,,7.978686332702637,3.709008719383553,,160.0,,Metabolic (Core),False,MLDCP3App,False,5.4399464314660735,5.843847526043095,5.843847526043095,2.3323692742501287
MLDCP3App_num3,b0925,97.76404181117316,,,5.874549865722656,3.439238981203919,,160.0,,Metabolic (Core),False,MLDCP3App,False,4.49488385781208,4.656894423463288,4.656894423463288,2.1201141143372637
MLDCP3App_num4,b1113,123.60963225270936,,,4.656606197357178,8.547332811729818,,160.0,,Metabolic (Core),False,MLDCP3App,False,6.308847988498014,6.601969504543498,6.601969504543498,2.511742022680278
MLDCP3App_num5,b0819,151.18324760891227,,,5.121244430541992,8.547332811729818,,160.0,,Metabolic (Core),False,MLDCP3App,False,6.616115216504333,6.834288621135905,6.834288621135905,2.572181023276615
MLDEP1pp,b2328,178.65984365785727,5.2893,,9.812732696533203,8.547332811729818,,112645.641475366,,Metabolic (Core),False,MLDEP1pp,False,7.626751470594803,7.883121836087675,8.547332811729818,4.589387155708439
MLDEP2pp,b2328,178.65984365785727,3.4292,,11.972701072692873,7.672849549603623,,112645.641475366,,Metabolic (Core),False,MLDEP2pp,False,6.804254445092921,7.691583540765499,7.672849549603623,4.2129413119601375
MLTG1,b0403,169.22268505812133,4.4818,11.7097435,36.318973541259766,5.604077151560538,,130.5025,,Metabolic (Core),False,MLTG1,False,10.166217137347966,14.528648548205076,8.656910325780268,10.166217137347966
MLTG2,b0403,169.22268505812133,76.2792,8.959129,15.318191528320312,10.40299112229892,,112645.641475366,,Metabolic (Core),False,MLTG2,False,18.16600421778223,27.73987791265481,12.860591325309617,18.16600421778223
MLTG3,b0403,169.22268505812133,6.011,8.451852,18.86717414855957,9.874735015362448,,152.76667666666663,,Metabolic (Core),False,MLTG3,False,9.863538179844412,10.801190290980504,9.163293507681225,9.863538179844412
MLTG4,b0403,169.22268505812133,2.4844,2.6263292,15.318191528320312,18.05149927356397,,130.5025,,Metabolic (Core),False,MLTG4,False,6.51737730703108,9.62010500047107,8.972260364160157,6.51737730703108
MLTG5,b0403,169.22268505812133,93.6355,5.450743,15.318191528320312,1.8406209975585133,,130.5025,,Metabolic (Core),False,MLTG5,False,10.95259494807394,29.061263881469706,10.384467264160156,10.95259494807394
MLTGY1pp_num1,b0211,149.80799644754114,,,,,,112645.641475366,,Metabolic (Core),False,MLTGY1pp,False,,,,
MLTGY1pp_num2,b1193,178.65984365785727,,,,,,112645.641475366,,Metabolic (Core),False,MLTGY1pp,False,,,,
MLTGY1pp_num3,b2813,192.18992182892868,,,,,,112645.641475366,,Metabolic (Core),False,MLTGY1pp,False,,,,
MLTGY1pp_num4,b2963,178.65984365785727,,,,,,112645.641475366,,Metabolic (Core),False,MLTGY1pp,False,,,,
MLTGY1pp_num5,b4392,101.0,,,,,,112645.641475366,,Metabolic (Core),False,MLTGY1pp,False,,,,
MLTGY1pp_num6,b2701,208.4883024024492,,,,,,112645.641475366,,Metabolic (Core),False,MLTGY1pp,False,,,,
MLTGY1pp_num7,b2558,125.40399822377056,,,,,,112645.641475366,,Metabolic (Core),False,MLTGY1pp,False,,,,
MLTGY1pp_num8,b1097,157.17088698230995,,,,,,112645.641475366,,Metabolic (Core),False,MLTGY1pp,False,,,,
MLTGY2pp_num1,b0211,149.80799644754114,,,,,,112645.641475366,,Metabolic (Core),False,MLTGY2pp,False,,,,
MLTGY2pp_num2,b1193,178.65984365785727,,,,,,112645.641475366,,Metabolic (Core),False,MLTGY2pp,False,,,,
MLTGY2pp_num3,b2813,192.18992182892868,,,,,,112645.641475366,,Metabolic (Core),False,MLTGY2pp,False,,,,
MLTGY2pp_num4,b2963,178.65984365785727,,,,,,112645.641475366,,Metabolic (Core),False,MLTGY2pp,False,,,,
MLTGY2pp_num5,b4392,101.0,,,,,,112645.641475366,,Metabolic (Core),False,MLTGY2pp,False,,,,
MLTGY2pp_num6,b2701,208.4883024024492,,,,,,112645.641475366,,Metabolic (Core),False,MLTGY2pp,False,,,,
MLTGY2pp_num7,b2558,125.40399822377056,,,,,,112645.641475366,,Metabolic (Core),False,MLTGY2pp,False,,,,
MLTGY2pp_num8,b1097,157.17088698230995,,,,,,112645.641475366,,Metabolic (Core),False,MLTGY2pp,False,,,,
MLTGY3pp_num1,b0211,149.80799644754114,,,,,,112645.641475366,,Metabolic (Core),False,MLTGY3pp,False,,,,
MLTGY3pp_num2,b2963,178.65984365785727,,,,,,112645.641475366,,Metabolic (Core),False,MLTGY3pp,False,,,,
MLTGY3pp_num3,b2701,208.4883024024492,,,,,,112645.641475366,,Metabolic (Core),False,MLTGY3pp,False,,,,
MLTGY3pp_num4,b4392,101.0,,,,,,112645.641475366,,Metabolic (Core),False,MLTGY3pp,False,,,,
MLTGY3pp_num5,b2813,192.18992182892868,,,,,,112645.641475366,,Metabolic (Core),False,MLTGY3pp,False,,,,
MLTGY3pp_num6,b1193,178.65984365785727,,,,,,112645.641475366,,Metabolic (Core),False,MLTGY3pp,False,,,,
MLTGY3pp_num7,b2558,125.40399822377056,,,,,,112645.641475366,,Metabolic (Core),False,MLTGY3pp,False,,,,
MLTGY3pp_num8,b1097,157.17088698230995,,,,,,112645.641475366,,Metabolic (Core),False,MLTGY3pp,False,,,,
MLTGY4pp_num1,b0211,149.80799644754114,,,,,,112645.641475366,,Metabolic (Core),False,MLTGY4pp,False,,,,
MLTGY4pp_num2,b2963,178.65984365785727,,,,,,112645.641475366,,Metabolic (Core),False,MLTGY4pp,False,,,,
MLTGY4pp_num3,b2701,208.4883024024492,,,,,,112645.641475366,,Metabolic (Core),False,MLTGY4pp,False,,,,
MLTGY4pp_num4,b4392,101.0,,,,,,112645.641475366,,Metabolic (Core),False,MLTGY4pp,False,,,,
MLTGY4pp_num5,b2813,192.18992182892868,,,,,,112645.641475366,,Metabolic (Core),False,MLTGY4pp,False,,,,
MLTGY4pp_num6,b1193,178.65984365785727,,,,,,112645.641475366,,Metabolic (Core),False,MLTGY4pp,False,,,,
MLTGY4pp_num7,b2558,125.40399822377056,,,,,,112645.641475366,,Metabolic (Core),False,MLTGY4pp,False,,,,
MLTGY4pp_num8,b1097,157.17088698230995,,,,,,112645.641475366,,Metabolic (Core),False,MLTGY4pp,False,,,,
MLTP1,b3417,126.07375,17.0564,14.599095,12.322554588317873,18.05149927356397,356.0532,,356.0532,Metabolic (Core),False,MLTP1,False,15.341111767425664,15.50738721547046,15.827747500000001,15.341111767425664
MLTP1_reverse,b3417,126.07375,8.155,13.606693,9.149892807006836,23.723115167208363,356.0532,,356.0532,Metabolic (Reverse),False,MLTP1,True,12.457791807547135,13.6586752435538,11.378292903503418,12.457791807547135
MLTP2,b3417,126.07375,4.3726,9.900597,10.618378639221191,29.39165891366132,356.0532,,356.0532,Metabolic (Core),False,MLTP2,False,10.781293277669398,13.570808638220628,10.259487819610595,10.781293277669398
MLTP2_reverse,b3417,126.07375,7.6289,14.599095,11.610308647155762,6.334036791279153,356.0532,,356.0532,Metabolic (Reverse),False,MLTP2,True,9.513231186137787,10.043085109608729,9.619604323577882,9.513231186137787
MLTP3,b3417,126.07375,5.03,19.213154,10.004633903503418,4.435964206456192,356.0532,,356.0532,Metabolic (Core),False,MLTP3,False,8.092616698842578,9.670938027489903,7.5173169517517096,8.092616698842578
MLTP3_reverse,b3417,126.07375,6.5906,9.900597,11.269776344299316,3.653492800559781,356.0532,,356.0532,Metabolic (Reverse),False,MLTP3,True,7.19950226318952,7.8536165362147745,8.2455985,7.19950226318952
MMCD,b2919,149.80799644754114,7.1373,9.770747,5.702454566955566,1.3800644610349209,,74.63966666666667,,Metabolic (Core),False,MMCD,False,4.840115567560891,5.997641506997621,6.419877283477783,4.840115567560891
MMETt2pp,b0260,23.0,4.2234,0.59931475,43.42146682739258,4.810772528691261,,112645.641475366,,Metabolic (Core),False,MMETt2pp,False,4.795226478017002,13.26373852652096,4.517086264345631,4.795226478017002
MMETtex_num1,b1377,96.2904209055866,,,,,,112645.641475366,,Transport,False,MMETtex,False,,,,
MMETtex_num2,b0241,33.2825,,,,,,112645.641475366,,Transport,False,MMETtex,False,,,,
MMETtex_num3,b0929,94.8168,,,,,,112645.641475366,,Transport,False,MMETtex,False,,,,
MMETtex_num4,b2215,96.2904209055866,,,,,,112645.641475366,,Transport,False,MMETtex,False,,,,
MMETtex_reverse_num1,b1377,96.2904209055866,,,,,,112645.641475366,,Transport,False,MMETtex,True,,,,
MMETtex_reverse_num2,b0241,33.2825,,,,,,112645.641475366,,Transport,False,MMETtex,True,,,,
MMETtex_reverse_num3,b0929,94.8168,,,,,,112645.641475366,,Transport,False,MMETtex,True,,,,
MMETtex_reverse_num4,b2215,96.2904209055866,,,,,,112645.641475366,,Transport,False,MMETtex,True,,,,
MMM,b2917,136.47847541820553,,,,,,112645.641475366,,Metabolic (Core),False,MMM,False,,,,
MN2t3pp_num1,b3915,75.41,,,,,,112645.641475366,,Metabolic (Core),False,MN2t3pp,False,,,,
MN2t3pp_num2,b0752,75.41,,,,,,112645.641475366,,Metabolic (Core),False,MN2t3pp,False,,,,
MN2tipp,b1821,33.2825,,,,,,112645.641475366,,Transport,False,MN2tipp,False,,,,
MN2tpp,b3040,33.2825,,,,,,112645.641475366,,Transport,False,MN2tpp,False,,,,
MN6PP_num1,b3697,175.1936841441172,1.1929,3.6194866,21.28558349609375,5.688412376681967,,112645.641475366,,Metabolic (Core),False,MN6PP,False,4.781695438642121,7.946595618193929,4.6539494883409835,4.781695438642121
MN6PP_num2,b0822,173.42795360893282,,2.8476603,5.774665355682373,2.49260093430609,,112645.641475366,,Metabolic (Core),False,MN6PP,False,3.447909981077118,3.704975529996154,2.8476603,2.5302704231886692
MN6PP_num3,b1727,149.80799644754114,,0.46431842,5.092029571533203,2.49260093430609,,112645.641475366,,Metabolic (Core),False,MN6PP,False,1.8062860498683182,2.682982975279764,2.49260093430609,1.558080513077128
MN6PP_num4,b3826,173.42795360893282,,3.169363,15.341654777526855,2.49260093430609,,112645.641475366,,Metabolic (Core),False,MN6PP,False,4.948789497360541,7.001206237277649,3.169363,3.3179836049620066
MNLptspp_num1,b2933 and b2415 and b2934 and b2416,158.9366175174943,121.2068,0.96225995,38.23660659790039,20.83005914936328,,112645.641475366,,Metabolic (Core),True,MNLptspp,False,17.458113413818047,45.30893142431592,29.533332873631835,17.458113413818047
MNLptspp_num2,b3599 and b2415 and b2416,160.70234805267864,,0.96225995,20.85343742370605,1.2556971297984412,,112645.641475366,,Metabolic (Core),True,MNLptspp,False,2.9316918637527465,7.690464834501498,1.2556971297984412,2.2404679789325503
MNLptspp_num3,b2703 and b2704 and b2415 and b2702 and b2416,154.8978386945808,,2.018235,15.318191528320312,12.39078414720572,,112645.641475366,,Metabolic (Core),True,MNLptspp,False,7.262609165384043,9.909070225175343,12.39078414720572,4.42404468644093
MNLtex_num1,b0241,33.2825,,,,,,112645.641475366,,Transport,False,MNLtex,False,,,,
MNLtex_num2,b1377,96.2904209055866,,,,,,112645.641475366,,Transport,False,MNLtex,False,,,,
MNLtex_num3,b2215,96.2904209055866,,,,,,112645.641475366,,Transport,False,MNLtex,False,,,,
MNLtex_num4,b0929,94.8168,,,,,,112645.641475366,,Transport,False,MNLtex,False,,,,
MNLtex_reverse_num1,b0241,33.2825,,,,,,112645.641475366,,Transport,False,MNLtex,True,,,,
MNLtex_reverse_num2,b1377,96.2904209055866,,,,,,112645.641475366,,Transport,False,MNLtex,True,,,,
MNLtex_reverse_num3,b2215,96.2904209055866,,,,,,112645.641475366,,Transport,False,MNLtex,True,,,,
MNLtex_reverse_num4,b0929,94.8168,,,,,,112645.641475366,,Transport,False,MNLtex,True,,,,
MNNH,b4322,129.92752530694554,,,,,0.81,,0.81,Metabolic (Core),False,MNNH,False,,,,
MNt2pp,b2392,33.2825,,,,,,112645.641475366,,Metabolic (Core),False,MNt2pp,False,,,,
MNtex_num1,b1377,96.2904209055866,,,,,,112645.641475366,,Transport,False,MNtex,False,,,,
MNtex_num2,b0241,33.2825,,,,,,112645.641475366,,Transport,False,MNtex,False,,,,
MNtex_num3,b0929,94.8168,,,,,,112645.641475366,,Transport,False,MNtex,False,,,,
MNtex_num4,b2215,96.2904209055866,,,,,,112645.641475366,,Transport,False,MNtex,False,,,,
MNtex_reverse_num1,b1377,96.2904209055866,,,,,,112645.641475366,,Transport,False,MNtex,True,,,,
MNtex_reverse_num2,b0241,33.2825,,,,,,112645.641475366,,Transport,False,MNtex,True,,,,
MNtex_reverse_num3,b0929,94.8168,,,,,,112645.641475366,,Transport,False,MNtex,True,,,,
MNtex_reverse_num4,b2215,96.2904209055866,,,,,,112645.641475366,,Transport,False,MNtex,True,,,,
MOADSUx,b0784 and b2530,126.3166780801852,11.4103,,4.089848518371582,7.897718004824455,,112645.641475366,,Metabolic (Core),True,MOADSUx,False,7.169716270338073,7.799288841065345,7.897718004824455,4.381536936300195
MOAT,b3633,97.76404181117316,2.6711,0.21188693,1.328635811805725,2.074141568735407,,,,Metabolic (Core),False,MOAT,False,1.1175312243966982,1.5714410776352827,1.701388690270566,1.1175312243966982
MOAT2,b3633,97.76404181117316,8.2218,0.16093646,1.7893301248550415,3.534094500819971,,,,Metabolic (Core),False,MOAT2,False,1.7007774774711957,3.4265402714187534,2.661712312837506,1.7007774774711957
MOAT3C,b3624,77.65641666666666,16.6188,0.19593759,4.656606197357178,2.927734208311322,,112645.641475366,,Metabolic (Core),False,MOAT3C,False,2.5812474833022923,6.099769498917125,3.79217020283425,2.5812474833022923
MOBDabcpp_num1,b2424 and b2422 and b2423 and b3917,97.76404181117316,288.255,6.601238,,19.07447150904677,,,,Metabolic (Core),True,MOBDabcpp,False,33.10942089365829,104.64356983634893,19.07447150904677,13.802688551674615
MOBDabcpp_num2,b0765 and b0764 and b0763,128.2406734749161,,4.3152165,,20.83005914936328,,,,Metabolic (Core),True,MOBDabcpp,False,9.480834084473182,12.572637824681639,12.572637824681639,3.079096309710559
MOBDabcpp_num3,b2423 and b2425 and b2422 and b2424,96.13998390727178,,3.9913304,,20.83005914936328,,,,Metabolic (Core),True,MOBDabcpp,False,9.118094555149764,12.41069477468164,12.41069477468164,3.0196182797085074
MOBDtex_num1,b1377,96.2904209055866,,,,,,112645.641475366,,Transport,False,MOBDtex,False,,,,
MOBDtex_num2,b0241,33.2825,,,,,,112645.641475366,,Transport,False,MOBDtex,False,,,,
MOBDtex_num3,b0929,94.8168,,,,,,112645.641475366,,Transport,False,MOBDtex,False,,,,
MOBDtex_num4,b2215,96.2904209055866,,,,,,112645.641475366,,Transport,False,MOBDtex,False,,,,
MOBDtex_reverse_num1,b1377,96.2904209055866,,,,,,112645.641475366,,Transport,False,MOBDtex,True,,,,
MOBDtex_reverse_num2,b0241,33.2825,,,,,,112645.641475366,,Transport,False,MOBDtex,True,,,,
MOBDtex_reverse_num3,b0929,94.8168,,,,,,112645.641475366,,Transport,False,MOBDtex,True,,,,
MOBDtex_reverse_num4,b2215,96.2904209055866,,,,,,112645.641475366,,Transport,False,MOBDtex,True,,,,
MOCDS,b2877,97.76404181117316,0.0255,,0.3183830976486206,3.2394747145515583,,112645.641475366,,Metabolic (Core),False,MOCDS,False,0.29738673505406416,1.1944526040667263,0.3183830976486206,0.4027088693142752
MOCOS,b0827,178.0,8.4043,6.9969645,,1.0590721531572571,,112645.641475366,,Metabolic (Core),False,MOCOS,False,3.9638047645532044,5.486778884385752,6.9969645,2.8092099081788753
MOGDS,b3857,102.9331581705882,6.4929,,0.0435194298624992,3.470363952708512,,112645.641475366,,Metabolic (Core),False,MOGDS,False,0.9934949066818025,3.335594460857004,3.470363952708512,0.9951172020716488
MOHMT,b0134,121.20698236312832,12.9585,0.7309864,10.097379684448242,3.2366721193974084,3057818.4575277776,,3057818.4575277776,Metabolic (Core),False,MOHMT,False,4.194622247887716,6.7558845509614125,6.667025901922825,4.194622247887716
MPTAT,b0009,112.07886035173463,23.6645,2.956665,2.634083271026612,2.6182215851292328,,0.0012,,Metabolic (Core),False,MPTAT,False,4.686880041050035,7.968367464038962,2.795374135513306,4.686880041050035
MPTG2_num1,b1069 and b3396 and b0089,97.76404181117316,9.5325,2.1127143,2.4732913970947266,8.645785370246568,,112645.641475366,,Metabolic (Core),True,MPTG2,False,4.555455731845627,5.691072766835324,5.559538383670647,4.555455731845627
MPTG2_num2,b1069 and b0149 and b0089,97.76404181117316,,0.4233492,5.259366512298584,23.723115167208363,,112645.641475366,,Metabolic (Core),True,MPTG2,False,3.752044372525748,9.801943626502316,5.259366512298584,2.69588259183767
MPTG2_num3,b0089 and b1069 and b3208,91.68796677289164,,0.4233492,3.257830142974853,8.913343525198545,,112645.641475366,,Metabolic (Core),True,MPTG2,False,2.3079298727752584,4.198174289391133,3.257830142974853,1.8724790026879436
MPTG2_num4,b1069 and b2519 and b0089,97.76404181117316,,0.4233492,3.1456005573272705,10.475654966689731,,112645.641475366,,Metabolic (Core),True,MPTG2,False,2.4072867980296384,4.681534908005667,3.1456005573272705,1.9326173566312863
MPTG_num1,b1069 and b2519 and b0089,97.76404181117316,,,,,,112645.641475366,,Metabolic (Core),True,MPTG,False,,,,
MPTG_num2,b0089 and b1069 and b3208,91.68796677289164,,,,,,112645.641475366,,Metabolic (Core),True,MPTG,False,,,,
MPTG_num3,b1069 and b3396 and b0089,97.76404181117316,,,,,,112645.641475366,,Metabolic (Core),True,MPTG,False,,,,
MPTG_num4,b1069 and b0149 and b0089,97.76404181117316,,,,,,112645.641475366,,Metabolic (Core),True,MPTG,False,,,,
MPTS,b0785 and b0784,149.80799644754114,65.954,2.112762,17.25525665283203,1.436612173128217,,112645.641475366,,Metabolic (Core),True,MPTS,False,7.6663416668048345,21.68965770649006,9.684009326416016,7.6663416668048345
MPTSS,b0826,143.57225923783585,50.8034,,13.568002700805664,2.5983721343673905,,112645.641475366,,Metabolic (Core),False,MPTSS,False,12.144230917937161,22.323258278391023,13.568002700805664,6.50545253363301
MSAR_num1,b1008,136.2454183611817,25.3656,3.4720826,6.333243846893311,5.160646713364276,,115.0,,Metabolic (Core),False,MSAR,False,7.324725971847765,10.082893290064398,5.746945280128793,7.324725971847765
MSAR_num2,b1539,149.80799644754114,,5.6210966,5.329183578491211,3.5556925393700345,,115.0,,Metabolic (Core),False,MSAR,False,4.74025796635594,4.8353242392870825,5.329183578491211,3.212561738127871
MSO3abcpp,b0936 and b0933 and b0934,97.61360481285834,46.0069,1.3903875,4.204555034637451,11.334694813446427,,112645.641475366,,Metabolic (Core),True,MSO3abcpp,False,7.4305707658948466,15.73413433702097,7.769624924041939,7.4305707658948466
MSO3tex_num1,b1377,96.2904209055866,,,,,,112645.641475366,,Transport,False,MSO3tex,False,,,,
MSO3tex_num2,b0241,33.2825,,,,,,112645.641475366,,Transport,False,MSO3tex,False,,,,
MSO3tex_num3,b0929,94.8168,,,,,,112645.641475366,,Transport,False,MSO3tex,False,,,,
MSO3tex_num4,b2215,96.2904209055866,,,,,,112645.641475366,,Transport,False,MSO3tex,False,,,,
MSO3tex_reverse_num1,b1377,96.2904209055866,,,,,,112645.641475366,,Transport,False,MSO3tex,True,,,,
MSO3tex_reverse_num2,b0241,33.2825,,,,,,112645.641475366,,Transport,False,MSO3tex,True,,,,
MSO3tex_reverse_num3,b0929,94.8168,,,,,,112645.641475366,,Transport,False,MSO3tex,True,,,,
MSO3tex_reverse_num4,b2215,96.2904209055866,,,,,,112645.641475366,,Transport,False,MSO3tex,True,,,,
MTAN,b0159,136.2454183611817,0.0047,1.2331575,8.076924324035645,10.208028735388128,2.116,,2.116,Metabolic (Core),False,MTAN,False,0.831430737493731,4.880702639855944,4.655040912017823,0.831430737493731
MTHFC,b0529,115.69288473855744,2.1947,16.851915,15.013471603393556,3.125381307066244,40.9,,40.9,Metabolic (Core),False,MTHFC,False,6.4543444713452045,9.29636697761495,9.0694264552299,6.4543444713452045
MTHFC_reverse,b0529,115.69288473855744,98.815,12.02423,20.8311824798584,12.544101452368947,40.9,,40.9,Metabolic (Reverse),False,MTHFC,True,23.605239313723835,36.05362848305683,16.687641966113674,23.605239313723835
MTHFD,b0529,115.69288473855744,0.1946,9.205004,17.423803329467773,1.93123846441364,32285.76,,32285.76,Metabolic (Core),False,MTHFD,False,2.7863548237949582,7.188661448470353,5.5681212322068205,2.7863548237949582
MTHFD_reverse,b0529,115.69288473855744,3.693,16.851915,33.56990051269531,3.8937879056085154,32285.76,,32285.76,Metabolic (Reverse),False,MTHFD,True,9.497028217821084,14.502150854575957,10.372851452804259,9.497028217821084
MTHFR2,b3941,121.175352563932,3.7726,12.232802,16.749155044555664,4.074876182746937,24.825,,24.825,Metabolic (Core),False,MTHFR2,False,7.491495217912339,9.20735830682565,8.153839091373468,7.491495217912339
MTHTHFSs,s0001,,0.6999,,,1.3800644610349209,,,,Metabolic (Core),False,MTHTHFSs,False,0.9828057367955995,1.0399822305174604,1.0399822305174604,0.9913655918961478
MTRPOX,b1059,124.73964281862038,15.1181,2.759666,31.25540542602539,3.541144371740768,,,,Metabolic (Core),False,MTRPOX,False,8.24338581581176,13.16857894944154,9.329622185870384,8.24338581581176
N2Otex_num1,b1377,96.2904209055866,,,,,,112645.641475366,,Transport,False,N2Otex,False,,,,
N2Otex_num2,b0241,33.2825,,,,,,112645.641475366,,Transport,False,N2Otex,False,,,,
N2Otex_num3,b0929,94.8168,,,,,,112645.641475366,,Transport,False,N2Otex,False,,,,
N2Otex_num4,b2215,96.2904209055866,,,,,,112645.641475366,,Transport,False,N2Otex,False,,,,
N2Otex_reverse_num1,b1377,96.2904209055866,,,,,,112645.641475366,,Transport,False,N2Otex,True,,,,
N2Otex_reverse_num2,b0241,33.2825,,,,,,112645.641475366,,Transport,False,N2Otex,True,,,,
N2Otex_reverse_num3,b0929,94.8168,,,,,,112645.641475366,,Transport,False,N2Otex,True,,,,
N2Otex_reverse_num4,b2215,96.2904209055866,,,,,,112645.641475366,,Transport,False,N2Otex,True,,,,
NACtex_num1,b1377,96.2904209055866,,,,,,112645.641475366,,Transport,False,NACtex,False,,,,
NACtex_num2,b0241,33.2825,,,,,,112645.641475366,,Transport,False,NACtex,False,,,,
NACtex_num3,b0929,94.8168,,,,,,112645.641475366,,Transport,False,NACtex,False,,,,
NACtex_num4,b2215,96.2904209055866,,,,,,112645.641475366,,Transport,False,NACtex,False,,,,
NACtex_reverse_num1,b1377,96.2904209055866,,,,,,112645.641475366,,Transport,False,NACtex,True,,,,
NACtex_reverse_num2,b0241,33.2825,,,,,,112645.641475366,,Transport,False,NACtex,True,,,,
NACtex_reverse_num3,b0929,94.8168,,,,,,112645.641475366,,Transport,False,NACtex,True,,,,
NACtex_reverse_num4,b2215,96.2904209055866,,,,,,112645.641475366,,Transport,False,NACtex,True,,,,
NADDP_num1,b3996,172.49071949115498,,,,,2.045,,2.045,Metabolic (Core),False,NADDP,False,,,,
NADDP_num2,b2411,107.69749848393114,,,,,2.045,,2.045,Metabolic (Core),False,NADDP,False,,,,
NADH10_num1,b0046,123.60963225270936,24.8458,2.7230039,11.837973594665527,3.0734277155319725,,112645.641475366,,Metabolic (Core),False,NADH10,False,7.043692768117396,10.620051302549374,7.45570065509875,7.043692768117396
NADH10_num2,b1109,108.46483596491184,2.7326,7.3908873,35.01493835449219,2.974249578668444,,112645.641475366,,Metabolic (Core),False,NADH10,False,6.772138862172868,12.028168808290157,5.182568439334222,6.772138862172868
NADH10_num3,b3713,164.9625165554,567.4651,5.2104154,8.597846984863281,2.641959074618462,,112645.641475366,,Metabolic (Core),False,NADH10,False,16.09836707017671,145.97883036487045,6.90413119243164,16.09836707017671
NADH10_num4,b1004,149.80799644754114,179.5767,21.076872,13.968276023864746,83.54885239895054,,112645.641475366,,Metabolic (Core),False,NADH10,False,45.8442487645252,74.54267510570382,52.312862199475276,45.8442487645252
NADH16pp,b2280 and b2281 and b2287 and b2288 and b2282 and b2277 and b2279 and b2284 and b2278 and b2276 and b2283 and b2286 and b2285,101.0,,,,,26.0,,26.0,Metabolic (Core),True,NADH16pp,False,,,,
NADH17pp,b2280 and b2281 and b2287 and b2288 and b2282 and b2277 and b2279 and b2284 and b2278 and b2276 and b2283 and b2286 and b2285,101.0,16.1563,0.8468534,13.07337474822998,14.343182163764258,26.0,,26.0,Metabolic (Core),True,NADH17pp,False,7.116981586904553,11.10492757799856,13.70827845599712,7.116981586904553
NADH18pp,b2280 and b2281 and b2287 and b2288 and b2282 and b2277 and b2279 and b2284 and b2278 and b2276 and b2283 and b2286 and b2285,101.0,7.4111,1.1382679,13.07337474822998,17.527193281992982,26.0,,26.0,Metabolic (Core),True,NADH18pp,False,6.630660807295118,9.787483982555742,10.24223737411499,6.630660807295118
NADH5_num1,b3713,164.9625165554,,,,,,112645.641475366,,Metabolic (Core),False,NADH5,False,,,,
NADH5_num2,b1109,108.46483596491184,,,,,,112645.641475366,,Metabolic (Core),False,NADH5,False,,,,
NADH5_num3,b0046,123.60963225270936,,,,,,112645.641475366,,Metabolic (Core),False,NADH5,False,,,,
NADH5_num4,b1004,149.80799644754114,,,,,,112645.641475366,,Metabolic (Core),False,NADH5,False,,,,
NADH9_num1,b0046,123.60963225270936,13.0458,2.646893,11.837973594665527,2.30758992115931,,112645.641475366,,Metabolic (Core),False,NADH9,False,5.541926676858564,7.459564128956209,7.242433297332764,5.541926676858564
NADH9_num2,b1109,108.46483596491184,42.8264,6.590849,35.01493835449219,7.160727829311835,,112645.641475366,,Metabolic (Core),False,NADH9,False,16.310447098349886,22.898228795951006,21.087833091902013,16.310447098349886
NADH9_num3,b1004,149.80799644754114,0.5374,19.61953,14.390347480773926,9.35149043574677,,112645.641475366,,Metabolic (Core),False,NADH9,False,6.137402333043984,10.974691979130174,11.870918958260347,6.137402333043984
NADH9_num4,b3713,164.9625165554,0.1727,5.5726237,8.597846984863281,3.709008719383553,,112645.641475366,,Metabolic (Core),False,NADH9,False,2.3536934855145573,4.513044851061709,4.640816209691777,2.3536934855145573
NADHHR_num2,b1779,115.69288473855742,,,,,,,,Metabolic (Core),False,NADHHR,False,,,,
NADHHS_num2,b1779,115.69288473855742,,,,,,,,Metabolic (Core),False,NADHHS,False,,,,
NADHPO,b0606 and b0605,169.22268505812133,,,,,,45.517282076923074,,Metabolic (Core),True,NADHPO,False,,,,
NADHXD,b4167,119.0261688564688,2.3193,,7.611763477325439,10.89681311733236,,112645.641475366,,Metabolic (Core),False,NADHXD,False,5.772721048284427,6.9426255315526,7.611763477325439,3.7242208647838844
NADHXE,b4167,119.0261688564688,,,,,,112645.641475366,,Metabolic (Core),False,NADHXE,False,,,,
NADHXE_reverse,b4167,119.0261688564688,,,,,,112645.641475366,,Metabolic (Reverse),False,NADHXE,True,,,,
NADK,b2615,121.20698236312832,,,,,78.33333333333333,,78.33333333333333,Metabolic (Core),False,NADK,False,,,,
NADPHHR_num2,b1779,115.69288473855742,,,,,,,,Metabolic (Core),False,NADPHHR,False,,,,
NADPHHS_num1,b1779,115.69288473855742,,,,,,,,Metabolic (Core),False,NADPHHS,False,,,,
NADPHQR2,b3028,169.22268505812133,,,,,,112645.641475366,,Metabolic (Core),False,NADPHQR2,False,,,,
NADPHQR3,b3028,169.22268505812133,10.1356,25.544134,2.690258026123047,10.400376497266745,,112645.641475366,,Metabolic (Core),False,NADPHQR3,False,9.2256274069921,12.192592130847448,10.267988248633372,9.2256274069921
NADPHQR4,b3028,169.22268505812133,,22.222977,2.6113524436950684,1.93240566126872,,112645.641475366,,Metabolic (Core),False,NADPHQR4,False,4.822312415439616,8.92224503498793,2.6113524436950684,3.254179517219413
NADPHXD,b4167,119.0261688564688,257.068,,6.757275104522705,4.693689902714916,,112645.641475366,,Metabolic (Core),False,NADPHXD,False,20.126951695934576,89.50632166907921,6.757275104522705,9.502404273062997
NADPHXE,b4167,119.0261688564688,,,,,,112645.641475366,,Metabolic (Core),False,NADPHXE,False,,,,
NADPHXE_reverse,b4167,119.0261688564688,,,,,,112645.641475366,,Metabolic (Reverse),False,NADPHXE,True,,,,
NADS1,b1740,87.59565671396626,10.0988,1.5786306,1.7415004968643188,69.62689854059693,3030.680122222222,,3030.680122222222,Metabolic (Core),False,NADS1,False,6.630751242410371,20.761457409365313,5.92015024843216,6.630751242410371
NADTRHD,b3962,121.20698236312832,,,,,167.9,,167.9,Metabolic (Core),False,NADTRHD,False,,,,
NAMNPP,b0931,123.60963225270936,0.1131,1.8752457,0.938366711139679,11.549273436294202,7231.327333333333,,7231.327333333333,Metabolic (Core),False,NAMNPP,False,1.231294699393114,3.6189964618584702,1.4068062055698394,1.231294699393114
NAt3_1p5pp,b1186,33.2825,,,,,,112645.641475366,,Metabolic (Core),False,NAt3_1p5pp,False,,,,
NAt3_2pp,b0019,33.2825,,,,,,112645.641475366,,Metabolic (Core),False,NAt3_2pp,False,,,,
NAt3pp_num1,b0842,33.2825,,,,,,112645.641475366,,Metabolic (Core),False,NAt3pp,False,,,,
NAt3pp_num2,b1216,33.2825,,,,,,112645.641475366,,Metabolic (Core),False,NAt3pp,False,,,,
NAtex_num1,b1377,96.2904209055866,,,,,,112645.641475366,,Transport,False,NAtex,False,,,,
NAtex_num2,b0241,33.2825,,,,,,112645.641475366,,Transport,False,NAtex,False,,,,
NAtex_num3,b0929,94.8168,,,,,,112645.641475366,,Transport,False,NAtex,False,,,,
NAtex_num4,b2215,96.2904209055866,,,,,,112645.641475366,,Transport,False,NAtex,False,,,,
NAtex_reverse_num1,b1377,96.2904209055866,,,,,,112645.641475366,,Transport,False,NAtex,True,,,,
NAtex_reverse_num2,b0241,33.2825,,,,,,112645.641475366,,Transport,False,NAtex,True,,,,
NAtex_reverse_num3,b0929,94.8168,,,,,,112645.641475366,,Transport,False,NAtex,True,,,,
NAtex_reverse_num4,b2215,96.2904209055866,,,,,,112645.641475366,,Transport,False,NAtex,True,,,,
NDP3_num1,b1134,157.17088698230995,,,,,,819.9714,,Metabolic (Core),False,NDP3,False,,,,
NDP3_num2,b3614,153.48944171492553,,,,,,819.9714,,Metabolic (Core),False,NDP3,False,,,,
NDP7,b3614,153.48944171492553,,,,,,41.144000000000005,,Metabolic (Core),False,NDP7,False,,,,
NDPK1_num1,b0474,78.6014212963055,,,,,,677.0,,Metabolic (Core),False,NDPK1,False,,,,
NDPK1_num2,b2518,205.72000000000008,,,,,,677.0,,Metabolic (Core),False,NDPK1,False,,,,
NDPK1_reverse_num1,b0474,78.6014212963055,,,,,,677.0,,Metabolic (Reverse),False,NDPK1,True,,,,
NDPK1_reverse_num2,b2518,205.72000000000008,,,,,,677.0,,Metabolic (Reverse),False,NDPK1,True,,,,
NDPK2_num1,b0474,78.6014212963055,,,,,,890.0,,Metabolic (Core),False,NDPK2,False,,,,
NDPK2_num2,b2518,205.72000000000008,,,,,,890.0,,Metabolic (Core),False,NDPK2,False,,,,
NDPK2_reverse_num1,b0474,78.6014212963055,,,,,,890.0,,Metabolic (Reverse),False,NDPK2,True,,,,
NDPK2_reverse_num2,b2518,205.72000000000008,,,,,,890.0,,Metabolic (Reverse),False,NDPK2,True,,,,
NDPK3_num1,b2518,205.72000000000008,,,,,,890.0,,Metabolic (Core),False,NDPK3,False,,,,
NDPK3_num2,b0474,78.6014212963055,,,,,,890.0,,Metabolic (Core),False,NDPK3,False,,,,
NDPK3_reverse_num1,b2518,205.72000000000008,,,,,,890.0,,Metabolic (Reverse),False,NDPK3,True,,,,
NDPK3_reverse_num2,b0474,78.6014212963055,,,,,,890.0,,Metabolic (Reverse),False,NDPK3,True,,,,
NDPK4_num1,b0474,78.6014212963055,,,,,,425.4557142857143,,Metabolic (Core),False,NDPK4,False,,,,
NDPK4_num2,b2518,205.72000000000008,,,,,,425.4557142857143,,Metabolic (Core),False,NDPK4,False,,,,
NDPK4_reverse_num1,b0474,78.6014212963055,,,,,,425.4557142857143,,Metabolic (Reverse),False,NDPK4,True,,,,
NDPK4_reverse_num2,b2518,205.72000000000008,,,,,,425.4557142857143,,Metabolic (Reverse),False,NDPK4,True,,,,
NDPK5_num1,b0474,78.6014212963055,,,,,,890.0,,Metabolic (Core),False,NDPK5,False,,,,
NDPK5_num2,b2518,205.72000000000008,,,,,,890.0,,Metabolic (Core),False,NDPK5,False,,,,
NDPK5_reverse_num1,b0474,78.6014212963055,,,,,,890.0,,Metabolic (Reverse),False,NDPK5,True,,,,
NDPK5_reverse_num2,b2518,205.72000000000008,,,,,,890.0,,Metabolic (Reverse),False,NDPK5,True,,,,
NDPK6_num1,b0474,78.6014212963055,,,,,,890.0,,Metabolic (Core),False,NDPK6,False,,,,
NDPK6_num2,b2518,205.72000000000008,,,,,,890.0,,Metabolic (Core),False,NDPK6,False,,,,
NDPK6_reverse_num1,b0474,78.6014212963055,,,,,,890.0,,Metabolic (Reverse),False,NDPK6,True,,,,
NDPK6_reverse_num2,b2518,205.72000000000008,,,,,,890.0,,Metabolic (Reverse),False,NDPK6,True,,,,
NDPK7_num1,b0474,78.6014212963055,,,,,,576.4,,Metabolic (Core),False,NDPK7,False,,,,
NDPK7_num2,b2518,205.72000000000008,,,,,,576.4,,Metabolic (Core),False,NDPK7,False,,,,
NDPK7_reverse_num1,b0474,78.6014212963055,,,,,,576.4,,Metabolic (Reverse),False,NDPK7,True,,,,
NDPK7_reverse_num2,b2518,205.72000000000008,,,,,,576.4,,Metabolic (Reverse),False,NDPK7,True,,,,
NDPK8_num1,b0474,78.6014212963055,,,,,,890.0,,Metabolic (Core),False,NDPK8,False,,,,
NDPK8_num2,b2518,205.72000000000008,,,,,,890.0,,Metabolic (Core),False,NDPK8,False,,,,
NDPK8_reverse_num1,b0474,78.6014212963055,,,,,,890.0,,Metabolic (Reverse),False,NDPK8,True,,,,
NDPK8_reverse_num2,b2518,205.72000000000008,,,,,,890.0,,Metabolic (Reverse),False,NDPK8,True,,,,
NH4tex_num1,b0241,33.2825,,,,,,112645.641475366,,Transport,False,NH4tex,False,,,,
NH4tex_num2,b1377,96.2904209055866,,,,,,112645.641475366,,Transport,False,NH4tex,False,,,,
NH4tex_num3,b2215,96.2904209055866,,,,,,112645.641475366,,Transport,False,NH4tex,False,,,,
NH4tex_num4,b0929,94.8168,,,,,,112645.641475366,,Transport,False,NH4tex,False,,,,
NH4tex_reverse_num1,b0241,33.2825,,,,,,112645.641475366,,Transport,False,NH4tex,True,,,,
NH4tex_reverse_num2,b1377,96.2904209055866,,,,,,112645.641475366,,Transport,False,NH4tex,True,,,,
NH4tex_reverse_num3,b2215,96.2904209055866,,,,,,112645.641475366,,Transport,False,NH4tex,True,,,,
NH4tex_reverse_num4,b0929,94.8168,,,,,,112645.641475366,,Transport,False,NH4tex,True,,,,
NH4tpp_num2,b0451,33.2825,,,,,,,,Transport,False,NH4tpp,False,,,,
NH4tpp_reverse_num2,b0451,33.2825,,,,,,,,Transport,False,NH4tpp,True,,,,
NHFRBO,b2711 and b2710,149.80799644754114,,,,,0.1566666666666666,,0.1566666666666666,Metabolic (Core),True,NHFRBO,False,,,,
NI2abcpp,b3469,75.41,3.0713,0.36784938,6.304703712463379,4.810772528691261,,,,Metabolic (Core),False,NI2abcpp,False,2.4194571955492523,3.6386564052886596,3.9410362643456303,2.4194571955492523
NI2t3pp_num1,b3915,75.41,2.1744,5.4758186,23.99738502502441,7.654378113303893,,112645.641475366,,Metabolic (Core),False,NI2t3pp,False,6.83857447374658,9.825495434582075,6.565098356651946,6.83857447374658
NI2t3pp_num2,b0752,75.41,,2.4044511,8.963858604431152,2.6182215851292328,,112645.641475366,,Metabolic (Core),False,NI2t3pp,False,3.835651270631072,4.662177096520128,2.6182215851292328,2.7408125634469407
NI2tex_num1,b1377,96.2904209055866,,,,,,112645.641475366,,Transport,False,NI2tex,False,,,,
NI2tex_num2,b0241,33.2825,,,,,,112645.641475366,,Transport,False,NI2tex,False,,,,
NI2tex_num3,b0929,94.8168,,,,,,112645.641475366,,Transport,False,NI2tex,False,,,,
NI2tex_num4,b2215,96.2904209055866,,,,,,112645.641475366,,Transport,False,NI2tex,False,,,,
NI2tex_reverse_num1,b1377,96.2904209055866,,,,,,112645.641475366,,Transport,False,NI2tex,True,,,,
NI2tex_reverse_num2,b0241,33.2825,,,,,,112645.641475366,,Transport,False,NI2tex,True,,,,
NI2tex_reverse_num3,b0929,94.8168,,,,,,112645.641475366,,Transport,False,NI2tex,True,,,,
NI2tex_reverse_num4,b2215,96.2904209055866,,,,,,112645.641475366,,Transport,False,NI2tex,True,,,,
NI2tpp,b3816,91.06287263702492,,,,,,112645.641475366,,Transport,False,NI2tpp,False,,,,
NI2uabcpp_num1,b3477 and b3476 and b3480 and b3479 and b3478,73.60691468498929,53.0493,0.44150907,5.412230491638184,10.285457757985752,,,,Metabolic (Core),True,NI2uabcpp,False,6.0090359050376145,17.297124329905984,7.848844124811968,6.0090359050376145
NI2uabcpp_num2,b4242,74.95196722410472,,0.7765798,12.35707664489746,1.7950600977119433,,,,Metabolic (Core),False,NI2uabcpp,False,2.5826185995394253,4.976238847536467,1.7950600977119433,2.037254124895053
NMNAT_num1,b4390,206.75125446366417,14.1949,2.4152632,7.850012302398682,2.2716358764902225,,6.710302095833333,,Metabolic (Core),False,NMNAT,False,4.972519151892527,6.682952844722227,5.132637751199341,4.972519151892527
NMNAT_num2,b0639,151.18324760891227,9.3064,1.6199005,2.9845356941223145,6.6814027467266985,,6.710302095833333,,Metabolic (Core),False,NMNAT,False,4.163931925434761,5.148059735212254,4.8329692204245065,4.163931925434761
NMNDA,b2700,117.63095515668913,1186.9467,3.375824,11.898207664489746,7.118471773114599,3.7,,3.7,Metabolic (Core),False,NMNDA,False,24.13625199233744,302.33480085940107,9.508339718802173,24.13625199233744
NMNPtpp,b0751,97.46316781454354,,,,,,112645.641475366,,Transport,False,NMNPtpp,False,,,,
NMNtex_num1,b1377,96.2904209055866,,,,,,112645.641475366,,Transport,False,NMNtex,False,,,,
NMNtex_num2,b0241,33.2825,,,,,,112645.641475366,,Transport,False,NMNtex,False,,,,
NMNtex_num3,b0929,94.8168,,,,,,112645.641475366,,Transport,False,NMNtex,False,,,,
NMNtex_num4,b2215,96.2904209055866,,,,,,112645.641475366,,Transport,False,NMNtex,False,,,,
NMNtex_reverse_num1,b1377,96.2904209055866,,,,,,112645.641475366,,Transport,False,NMNtex,True,,,,
NMNtex_reverse_num2,b0241,33.2825,,,,,,112645.641475366,,Transport,False,NMNtex,True,,,,
NMNtex_reverse_num3,b0929,94.8168,,,,,,112645.641475366,,Transport,False,NMNtex,True,,,,
NMNtex_reverse_num4,b2215,96.2904209055866,,,,,,112645.641475366,,Transport,False,NMNtex,True,,,,
NNAM,b1768,123.60963225270936,473.4013,35.699833,20.757328033447266,35.65562570088102,10590.773333333334,,10590.773333333334,Metabolic (Core),False,NNAM,False,59.47011596436862,141.37852168358208,35.67772935044051,59.47011596436862
NNATr,b0639,151.18324760891227,3.1145,2.2922962,3.0747175216674805,2.698624239290672,6.586790000000001,,6.586790000000001,Metabolic (Core),False,NNATr,False,2.774288855755608,2.795034490239538,2.886670880479076,2.774288855755608
NNATr_reverse,b0639,151.18324760891227,7.3415,1.0418351,5.790816783905029,16.859065873263667,6.586790000000001,,6.586790000000001,Metabolic (Reverse),False,NNATr,True,5.227442687815977,7.758304439292174,6.566158391952515,5.227442687815977
NNDMBRT,b1991,143.25976446138526,1.2093,1.6710076,30.12346839904785,2.274071463604415,,1.6,,Metabolic (Core),False,NNDMBRT,False,3.4300890123046663,8.819461865663067,1.9725395318022074,3.4300890123046663
NNDPR,b0109,98.49306668197664,4.7317,15.791517,1.7294963598251345,7.910563010178816,,499.57,,Metabolic (Core),False,NNDPR,False,5.654471573010927,7.540819092500988,6.321131505089408,5.654471573010927
NO2t2rpp_num1,b1223,23.0,,,,,,112645.641475366,,Metabolic (Core),False,NO2t2rpp,False,,,,
NO2t2rpp_num2,b3367,33.2825,,,,,,112645.641475366,,Metabolic (Core),False,NO2t2rpp,False,,,,
NO2t2rpp_reverse_num1,b1223,23.0,,,,,,112645.641475366,,Metabolic (Reverse),False,NO2t2rpp,True,,,,
NO2t2rpp_reverse_num2,b3367,33.2825,,,,,,112645.641475366,,Metabolic (Reverse),False,NO2t2rpp,True,,,,
NO2tex_num1,b1377,96.2904209055866,,,,,,112645.641475366,,Transport,False,NO2tex,False,,,,
NO2tex_num2,b0241,33.2825,,,,,,112645.641475366,,Transport,False,NO2tex,False,,,,
NO2tex_num3,b0929,94.8168,,,,,,112645.641475366,,Transport,False,NO2tex,False,,,,
NO2tex_num4,b2215,96.2904209055866,,,,,,112645.641475366,,Transport,False,NO2tex,False,,,,
NO2tex_reverse_num1,b1377,96.2904209055866,,,,,,112645.641475366,,Transport,False,NO2tex,True,,,,
NO2tex_reverse_num2,b0241,33.2825,,,,,,112645.641475366,,Transport,False,NO2tex,True,,,,
NO2tex_reverse_num3,b0929,94.8168,,,,,,112645.641475366,,Transport,False,NO2tex,True,,,,
NO2tex_reverse_num4,b2215,96.2904209055866,,,,,,112645.641475366,,Transport,False,NO2tex,True,,,,
NO3R1bpp,b2204 and b2205 and b2202 and b2203 and b2206,136.2454183611817,,,,,,112645.641475366,,Metabolic (Core),True,NO3R1bpp,False,,,,
NO3R1pp_num1,b1466 and b1467 and b1468 and b1465,123.60963225270936,,,,,,112645.641475366,,Metabolic (Core),True,NO3R1pp,False,,,,
NO3R1pp_num2,b1226 and b1224 and b1227 and b1225,120.42138255624845,,,,,,112645.641475366,,Metabolic (Core),True,NO3R1pp,False,,,,
NO3R2bpp,b2203 and b2206 and b2202,149.80799644754114,12.9585,0.89335805,7.476403713226318,4.3269544586335424,,,,Metabolic (Core),True,NO3R2bpp,False,4.399100048726386,6.413804055464965,5.90167908592993,4.399100048726386
NO3R2pp_num1,b1466 and b1467 and b1468 and b1465,123.60963225270936,119.4937,5.528982,5.5262651443481445,4.3269544586335424,,112645.641475366,,Metabolic (Core),True,NO3R2pp,False,11.211173066303356,33.71897540074542,5.527623572174072,11.211173066303356
NO3R2pp_num2,b1226 and b1224 and b1227 and b1225,120.42138255624845,,4.2448854,2.715149402618408,6.154294957250831,,112645.641475366,,Metabolic (Core),True,NO3R2pp,False,4.139482042486714,4.371443253289747,4.2448854,2.90208081504284
NO3t7pp_num1,b1223,23.0,,,,,,112645.641475366,,Metabolic (Core),False,NO3t7pp,False,,,,
NO3t7pp_num2,b1469,23.0,,,,,,112645.641475366,,Metabolic (Core),False,NO3t7pp,False,,,,
NO3tex_num1,b0929,94.8168,,,,,,112645.641475366,,Transport,False,NO3tex,False,,,,
NO3tex_num2,b1377,96.2904209055866,,,,,,112645.641475366,,Transport,False,NO3tex,False,,,,
NO3tex_num3,b0241,33.2825,,,,,,112645.641475366,,Transport,False,NO3tex,False,,,,
NO3tex_num4,b2215,96.2904209055866,,,,,,112645.641475366,,Transport,False,NO3tex,False,,,,
NO3tex_reverse_num1,b0929,94.8168,,,,,,112645.641475366,,Transport,False,NO3tex,True,,,,
NO3tex_reverse_num2,b1377,96.2904209055866,,,,,,112645.641475366,,Transport,False,NO3tex,True,,,,
NO3tex_reverse_num3,b0241,33.2825,,,,,,112645.641475366,,Transport,False,NO3tex,True,,,,
NO3tex_reverse_num4,b2215,96.2904209055866,,,,,,112645.641475366,,Transport,False,NO3tex,True,,,,
NODOx,b2552,136.7913520377337,,,,,204.3333333333333,,204.3333333333333,Metabolic (Core),False,NODOx,False,,,,
NODOy,b2552,136.7913520377337,,,,,321.3333333333333,,321.3333333333333,Metabolic (Core),False,NODOy,False,,,,
NOVBCNtpp_num1,b3035 and b0463 and b2470,149.80799644754114,4.2251,8.952862,42.18484115600586,4.926265147039378,,112645.641475366,,Transport,True,NOVBCNtpp,False,9.416039484951183,15.07226707576131,6.939563573519688,9.416039484951183
NOVBCNtpp_num2,b3035 and b0463 and b0462,97.76404181117316,,5.9386296,42.18484115600586,3.0734277155319725,,112645.641475366,,Transport,True,NOVBCNtpp,False,9.165480125622267,17.06563282384594,5.9386296,5.267643980613029
NOtex_num1,b1377,96.2904209055866,,,,,,112645.641475366,,Transport,False,NOtex,False,,,,
NOtex_num2,b0241,33.2825,,,,,,112645.641475366,,Transport,False,NOtex,False,,,,
NOtex_num3,b0929,94.8168,,,,,,112645.641475366,,Transport,False,NOtex,False,,,,
NOtex_num4,b2215,96.2904209055866,,,,,,112645.641475366,,Transport,False,NOtex,False,,,,
NOtex_reverse_num1,b1377,96.2904209055866,,,,,,112645.641475366,,Transport,False,NOtex,True,,,,
NOtex_reverse_num2,b0241,33.2825,,,,,,112645.641475366,,Transport,False,NOtex,True,,,,
NOtex_reverse_num3,b0929,94.8168,,,,,,112645.641475366,,Transport,False,NOtex,True,,,,
NOtex_reverse_num4,b2215,96.2904209055866,,,,,,112645.641475366,,Transport,False,NOtex,True,,,,
NTD10,b2744,117.63095515668913,,,,,96.6485,,96.6485,Metabolic (Core),False,NTD10,False,,,,
NTD10pp_num1,b4055,222.8937010511005,,,,,96.6485,,96.6485,Metabolic (Core),False,NTD10pp,False,,,,
NTD10pp_num2,b0480,169.22268505812133,,,,,96.6485,,96.6485,Metabolic (Core),False,NTD10pp,False,,,,
NTD11_num1,b2744,117.63095515668913,,,,,,96.6485,,Metabolic (Core),False,NTD11,False,,,,
NTD11_num2,b3399,160.70234805267864,,,,,,96.6485,,Metabolic (Core),False,NTD11,False,,,,
NTD11pp_num1,b0480,169.22268505812133,,,,,,96.6485,,Metabolic (Core),False,NTD11pp,False,,,,
NTD11pp_num2,b4055,222.8937010511005,,,,,,96.6485,,Metabolic (Core),False,NTD11pp,False,,,,
NTD12_num1,b3399,160.70234805267864,,,,,,112645.641475366,,Metabolic (Core),False,NTD12,False,,,,
NTD12_num2,b2744,117.63095515668913,,,,,,112645.641475366,,Metabolic (Core),False,NTD12,False,,,,
NTD12_num3,b2291,206.75125446366417,,,,,,112645.641475366,,Metabolic (Core),False,NTD12,False,,,,
NTD12_num4,b2361,206.75125446366417,,,,,,112645.641475366,,Metabolic (Core),False,NTD12,False,,,,
NTD12pp_num1,b0480,169.22268505812133,,,,,,112645.641475366,,Metabolic (Core),False,NTD12pp,False,,,,
NTD12pp_num2,b4055,222.8937010511005,,,,,,112645.641475366,,Metabolic (Core),False,NTD12pp,False,,,,
NTD1_num1,b2291,206.75125446366417,,,,,10.815,,10.815,Metabolic (Core),False,NTD1,False,,,,
NTD1_num2,b2744,117.63095515668913,,,,,10.815,,10.815,Metabolic (Core),False,NTD1,False,,,,
NTD1_num3,b4374,173.42795360893282,,,,,10.815,,10.815,Metabolic (Core),False,NTD1,False,,,,
NTD1_num4,b2361,206.75125446366417,,,,,10.815,,10.815,Metabolic (Core),False,NTD1,False,,,,
NTD1pp_num1,b0480,169.22268505812133,,,,,10.815,,10.815,Metabolic (Core),False,NTD1pp,False,,,,
NTD1pp_num2,b4055,222.8937010511005,,,,,10.815,,10.815,Metabolic (Core),False,NTD1pp,False,,,,
NTD2_num1,b4374,173.42795360893282,,,,,34.2,,34.2,Metabolic (Core),False,NTD2,False,,,,
NTD2_num2,b2744,117.63095515668913,,,,,34.2,,34.2,Metabolic (Core),False,NTD2,False,,,,
NTD2_num3,b0675,120.62029370469924,,,,,34.2,,34.2,Metabolic (Core),False,NTD2,False,,,,
NTD2pp_num1,b0480,169.22268505812133,,,,,34.2,,34.2,Metabolic (Core),False,NTD2pp,False,,,,
NTD2pp_num2,b4055,222.8937010511005,,,,,34.2,,34.2,Metabolic (Core),False,NTD2pp,False,,,,
NTD2pp_num3,b0383,205.72000000000008,,,,,34.2,,34.2,Metabolic (Core),False,NTD2pp,False,,,,
NTD3_num1,b2291,206.75125446366417,,,,,0.23,,0.23,Metabolic (Core),False,NTD3,False,,,,
NTD3_num2,b2744,117.63095515668913,,,,,0.23,,0.23,Metabolic (Core),False,NTD3,False,,,,
NTD3_num3,b2361,206.75125446366417,,,,,0.23,,0.23,Metabolic (Core),False,NTD3,False,,,,
NTD3pp_num1,b0480,169.22268505812133,,,,,0.23,,0.23,Metabolic (Core),False,NTD3pp,False,,,,
NTD3pp_num2,b4055,222.8937010511005,,,,,0.23,,0.23,Metabolic (Core),False,NTD3pp,False,,,,
NTD4_num1,b2744,117.63095515668913,,,,,12.666666666666666,,12.666666666666666,Metabolic (Core),False,NTD4,False,,,,
NTD4_num2,b0675,120.62029370469924,,,,,12.666666666666666,,12.666666666666666,Metabolic (Core),False,NTD4,False,,,,
NTD4pp_num1,b4055,222.8937010511005,,,,,12.666666666666666,,12.666666666666666,Metabolic (Core),False,NTD4pp,False,,,,
NTD4pp_num2,b0480,169.22268505812133,,,,,12.666666666666666,,12.666666666666666,Metabolic (Core),False,NTD4pp,False,,,,
NTD4pp_num3,b0383,205.72000000000008,,,,,12.666666666666666,,12.666666666666666,Metabolic (Core),False,NTD4pp,False,,,,
NTD5_num1,b2291,206.75125446366417,,,,,15.28,,15.28,Metabolic (Core),False,NTD5,False,,,,
NTD5_num2,b2744,117.63095515668913,,,,,15.28,,15.28,Metabolic (Core),False,NTD5,False,,,,
NTD5_num3,b4374,173.42795360893282,,,,,15.28,,15.28,Metabolic (Core),False,NTD5,False,,,,
NTD5_num4,b2361,206.75125446366417,,,,,15.28,,15.28,Metabolic (Core),False,NTD5,False,,,,
NTD5pp_num1,b4055,222.8937010511005,,,,,15.28,,15.28,Metabolic (Core),False,NTD5pp,False,,,,
NTD5pp_num2,b0480,169.22268505812133,,,,,15.28,,15.28,Metabolic (Core),False,NTD5pp,False,,,,
NTD6_num1,b2291,206.75125446366417,,,,,0.3,,0.3,Metabolic (Core),False,NTD6,False,,,,
NTD6_num2,b2744,117.63095515668913,,,,,0.3,,0.3,Metabolic (Core),False,NTD6,False,,,,
NTD6_num3,b2361,206.75125446366417,,,,,0.3,,0.3,Metabolic (Core),False,NTD6,False,,,,
NTD6pp_num1,b0480,169.22268505812133,,,,,0.3,,0.3,Metabolic (Core),False,NTD6pp,False,,,,
NTD6pp_num2,b4055,222.8937010511005,,,,,0.3,,0.3,Metabolic (Core),False,NTD6pp,False,,,,
NTD7_num1,b3399,160.70234805267864,,,,,377.45,,377.45,Metabolic (Core),False,NTD7,False,,,,
NTD7_num2,b2744,117.63095515668913,,,,,377.45,,377.45,Metabolic (Core),False,NTD7,False,,,,
NTD7_num3,b2361,206.75125446366417,,,,,377.45,,377.45,Metabolic (Core),False,NTD7,False,,,,
NTD7_num4,b0675,120.62029370469924,,,,,377.45,,377.45,Metabolic (Core),False,NTD7,False,,,,
NTD7pp_num1,b4055,222.8937010511005,,,,,377.45,,377.45,Metabolic (Core),False,NTD7pp,False,,,,
NTD7pp_num2,b0480,169.22268505812133,,,,,377.45,,377.45,Metabolic (Core),False,NTD7pp,False,,,,
NTD7pp_num3,b0383,205.72000000000008,,,,,377.45,,377.45,Metabolic (Core),False,NTD7pp,False,,,,
NTD8_num1,b3399,160.70234805267864,,,,,4.119999999999999,,4.119999999999999,Metabolic (Core),False,NTD8,False,,,,
NTD8_num2,b2744,117.63095515668913,,,,,4.119999999999999,,4.119999999999999,Metabolic (Core),False,NTD8,False,,,,
NTD8_num3,b2291,206.75125446366417,,,,,4.119999999999999,,4.119999999999999,Metabolic (Core),False,NTD8,False,,,,
NTD8_num4,b2361,206.75125446366417,,,,,4.119999999999999,,4.119999999999999,Metabolic (Core),False,NTD8,False,,,,
NTD8pp_num1,b4055,222.8937010511005,,,,,4.119999999999999,,4.119999999999999,Metabolic (Core),False,NTD8pp,False,,,,
NTD8pp_num2,b0480,169.22268505812133,,,,,4.119999999999999,,4.119999999999999,Metabolic (Core),False,NTD8pp,False,,,,
NTD9_num1,b2361,206.75125446366417,,,,,11.0,,11.0,Metabolic (Core),False,NTD9,False,,,,
NTD9_num2,b2744,117.63095515668913,,,,,11.0,,11.0,Metabolic (Core),False,NTD9,False,,,,
NTD9_num3,b3399,160.70234805267864,,,,,11.0,,11.0,Metabolic (Core),False,NTD9,False,,,,
NTD9_num4,b0675,120.62029370469924,,,,,11.0,,11.0,Metabolic (Core),False,NTD9,False,,,,
NTD9pp_num1,b4055,222.8937010511005,,,,,11.0,,11.0,Metabolic (Core),False,NTD9pp,False,,,,
NTD9pp_num2,b0480,169.22268505812133,,,,,11.0,,11.0,Metabolic (Core),False,NTD9pp,False,,,,
NTD9pp_num3,b0383,205.72000000000008,,,,,11.0,,11.0,Metabolic (Core),False,NTD9pp,False,,,,
NTP10_num1,b4161,97.46316781454354,,,,,,105.3,,Metabolic (Core),False,NTP10,False,,,,
NTP10_num2,b4394,136.70881435012527,,,,,,105.3,,Metabolic (Core),False,NTP10,False,,,,
NTP11,b4394,136.70881435012527,,,,,,112645.641475366,,Metabolic (Core),False,NTP11,False,,,,
NTP12,b4394,136.70881435012527,,,,,,,,Metabolic (Core),False,NTP12,False,,,,
NTP1_num1,b0650,120.42138255624845,,,,,7.949473684210527,,7.949473684210527,Metabolic (Core),False,NTP1,False,,,,
NTP1_num2,b4161,97.46316781454354,,,,,7.949473684210527,,7.949473684210527,Metabolic (Core),False,NTP1,False,,,,
NTP3_num1,b3590,101.48467694066689,,,,,,72.1825,,Metabolic (Core),False,NTP3,False,,,,
NTP3_num2,b2918,108.46483596491184,,,,,,72.1825,,Metabolic (Core),False,NTP3,False,,,,
NTP3_num3,b4352,108.46483596491184,,,,,,72.1825,,Metabolic (Core),False,NTP3,False,,,,
NTP3_num4,b4161,97.46316781454354,,,,,,72.1825,,Metabolic (Core),False,NTP3,False,,,,
NTP3_num5,b2727,103.47895132344424,,,,,,72.1825,,Metabolic (Core),False,NTP3,False,,,,
NTP3_num6,b2173,121.175352563932,,,,,,72.1825,,Metabolic (Core),False,NTP3,False,,,,
NTP3_num7,b4173,100.61535423891992,,,,,,72.1825,,Metabolic (Core),False,NTP3,False,,,,
NTP3pp,b0980,205.72000000000008,,,,,,72.1825,,Metabolic (Core),False,NTP3pp,False,,,,
NTP5,b4161,97.46316781454354,,,,,,282.90495555555555,,Metabolic (Core),False,NTP5,False,,,,
NTPP10,b2954,112.07886035173463,,,,,,58.84666666666667,,Metabolic (Core),False,NTPP10,False,,,,
NTPP11,b2954,112.07886035173463,,,,,,302.545,,Metabolic (Core),False,NTPP11,False,,,,
NTPP1_num1,b0099,121.175352563932,,,,,,25.245,,Metabolic (Core),False,NTPP1,False,,,,
NTPP1_num2,b2781,123.60963225270936,,,,,,25.245,,Metabolic (Core),False,NTPP1,False,,,,
NTPP2_num1,b0099,121.175352563932,,,,,,248.9430952857143,,Metabolic (Core),False,NTPP2,False,,,,
NTPP2_num2,b2781,123.60963225270936,,,,,,248.9430952857143,,Metabolic (Core),False,NTPP2,False,,,,
NTPP3_num1,b2781,123.60963225270936,,,,,,13.075,,Metabolic (Core),False,NTPP3,False,,,,
NTPP3_num2,b2251,187.810552,,,,,,13.075,,Metabolic (Core),False,NTPP3,False,,,,
NTPP3_num3,b1759,136.70881435012527,,,,,,13.075,,Metabolic (Core),False,NTPP3,False,,,,
NTPP4_num1,b1759,136.70881435012527,,,,,,20.293333333333333,,Metabolic (Core),False,NTPP4,False,,,,
NTPP4_num2,b2781,123.60963225270936,,,,,,20.293333333333333,,Metabolic (Core),False,NTPP4,False,,,,
NTPP5_num1,b1865,152.5584987702834,,,,,,1.12,,Metabolic (Core),False,NTPP5,False,,,,
NTPP5_num2,b2781,123.60963225270936,,,,,,1.12,,Metabolic (Core),False,NTPP5,False,,,,
NTPP6_num1,b2781,123.60963225270936,,,,,,59.47040741111111,,Metabolic (Core),False,NTPP6,False,,,,
NTPP6_num2,b0905,128.2406734749161,,,,,,59.47040741111111,,Metabolic (Core),False,NTPP6,False,,,,
NTPP7_num1,b2251,187.810552,,,,,,43.0,,Metabolic (Core),False,NTPP7,False,,,,
NTPP7_num2,b2781,123.60963225270936,,,,,,43.0,,Metabolic (Core),False,NTPP7,False,,,,
NTPP7_num3,b3248,97.46316781454354,,,,,,43.0,,Metabolic (Core),False,NTPP7,False,,,,
NTPP8_num1,b2781,123.60963225270936,,,,,,95.0,,Metabolic (Core),False,NTPP8,False,,,,
NTPP8_num2,b3248,97.46316781454354,,,,,,95.0,,Metabolic (Core),False,NTPP8,False,,,,
NTPP9,b2954,112.07886035173463,,,,,,690.5733333333334,,Metabolic (Core),False,NTPP9,False,,,,
NTPTP1,b0160,125.53247203458906,,,,,4000.0,,4000.0,Metabolic (Core),False,NTPTP1,False,,,,
NTPTP2,b0160,125.53247203458906,,,,,,112645.641475366,,Metabolic (Core),False,NTPTP2,False,,,,
NTRIR2x,b3366 and b3365,160.70234805267864,,,,,65622.7693,,65622.7693,Metabolic (Core),True,NTRIR2x,False,,,,
NTRIR3pp,b4072 and b4070 and b4071 and b4073,153.43111111111108,,,,,,112645.641475366,,Metabolic (Core),True,NTRIR3pp,False,,,,
NTRIR4pp,b4072 and b4070 and b4071 and b4073,153.43111111111108,10.3427,1.0594691,7.611652851104736,4.3269544586335424,,112645.641475366,,Metabolic (Core),True,NTRIR4pp,False,4.358588613290168,5.835194102434571,5.969303654869139,4.358588613290168
O16A4COLIPAabctex,b0054 and b3201 and b4261 and b4262 and b3199 and b3200 and b0641,101.0,224.2645,,7.871926307678223,9.490631515381825,,112645.641475366,,Transport,True,O16A4COLIPAabctex,False,25.588542797230676,80.54235260768668,9.490631515381825,11.377167865288436
O16A4Lpp,b3622,67.225,308.1723,0.62899244,2.084498405456543,10.400376497266745,,112645.641475366,,Metabolic (Core),False,O16A4Lpp,False,8.05141872725318,80.32154183568082,6.242437451361644,8.05141872725318
O16AP1pp,b2027 and b2035,96.13998390727178,,,,,,112645.641475366,,Metabolic (Core),True,O16AP1pp,False,,,,
O16AP2pp,b2027 and b2035,96.13998390727178,33.9735,0.041147135,2.2860381603240967,2.524458863520932,,112645.641475366,,Metabolic (Core),True,O16AP2pp,False,1.685322102817198,9.706286039711259,2.4052485119225144,1.685322102817198
O16AP3pp,b2027 and b2035,96.13998390727178,27.0202,0.041147135,2.2860381603240967,2.462393481228785,,112645.641475366,,Metabolic (Core),True,O16AP3pp,False,1.581675080485504,7.95244469413822,2.374215820776441,1.581675080485504
O16AT,b2033,222.8937010511005,14.5918,6.1096478,7.957584857940674,5.396550906868846,,112645.641475366,,Metabolic (Core),False,O16AT,False,7.866030936913181,8.513895891202381,7.0336163289703375,7.866030936913181
O16AUNDtpp,b2037,97.61360481285834,,,,,,112645.641475366,,Transport,False,O16AUNDtpp,False,,,,
O16GALFT,b2034,77.65641666666666,3.046,0.7949168,5.099403858184815,5.396550906868846,,112645.641475366,,Metabolic (Core),False,O16GALFT,False,2.8570761461236263,3.5842178912634153,4.072701929092408,2.8570761461236263
O16GLCT1,b2032,59.45096448020146,4.4855,0.354304,1.5312461853027344,3.2366721193974084,,112645.641475366,,Metabolic (Core),False,O16GLCT1,False,1.6752617040120739,2.401930576175036,2.383959152350071,1.6752617040120739
O2Stex_num1,b0241,33.2825,,,,,,112645.641475366,,Transport,False,O2Stex,False,,,,
O2Stex_num2,b1377,96.2904209055866,,,,,,112645.641475366,,Transport,False,O2Stex,False,,,,
O2Stex_num3,b2215,96.2904209055866,,,,,,112645.641475366,,Transport,False,O2Stex,False,,,,
O2Stex_num4,b0929,94.8168,,,,,,112645.641475366,,Transport,False,O2Stex,False,,,,
O2Stex_reverse_num1,b0241,33.2825,,,,,,112645.641475366,,Transport,False,O2Stex,True,,,,
O2Stex_reverse_num2,b1377,96.2904209055866,,,,,,112645.641475366,,Transport,False,O2Stex,True,,,,
O2Stex_reverse_num3,b2215,96.2904209055866,,,,,,112645.641475366,,Transport,False,O2Stex,True,,,,
O2Stex_reverse_num4,b0929,94.8168,,,,,,112645.641475366,,Transport,False,O2Stex,True,,,,
O2tex_num1,b1377,96.2904209055866,,,,,,112645.641475366,,Transport,False,O2tex,False,,,,
O2tex_num2,b0241,33.2825,,,,,,112645.641475366,,Transport,False,O2tex,False,,,,
O2tex_num3,b0929,94.8168,,,,,,112645.641475366,,Transport,False,O2tex,False,,,,
O2tex_num4,b2215,96.2904209055866,,,,,,112645.641475366,,Transport,False,O2tex,False,,,,
O2tex_reverse_num1,b1377,96.2904209055866,,,,,,112645.641475366,,Transport,False,O2tex,True,,,,
O2tex_reverse_num2,b0241,33.2825,,,,,,112645.641475366,,Transport,False,O2tex,True,,,,
O2tex_reverse_num3,b0929,94.8168,,,,,,112645.641475366,,Transport,False,O2tex,True,,,,
O2tex_reverse_num4,b2215,96.2904209055866,,,,,,112645.641475366,,Transport,False,O2tex,True,,,,
OAADC,b1850,137.37750142279987,1.402,0.89551616,89.97630310058594,229.50963769458312,1475.2007999999998,,1475.2007999999998,Metabolic (Core),False,OAADC,False,12.689298927185801,80.44586423879227,45.68915155029297,12.689298927185801
OBTFL_num1,b0902 and b0903,149.80799644754114,1.269,5.1442204,23.73177528381348,2.415529750740917,7.9825,,7.9825,Metabolic (Core),True,OBTFL,False,4.3982605377914945,8.1401313586386,3.7798750753704584,4.3982605377914945
OBTFL_num2,b0903 and b0902 and b2579,137.33652202813053,,5.1442204,23.73177528381348,33.66240634310002,7.9825,,7.9825,Metabolic (Core),True,OBTFL,False,16.017632218606018,20.846134008971166,23.73177528381348,8.006611171569638
OBTFL_num3,b0902 and b3114,149.80799644754114,,5.1442204,25.25441551208496,9.490631515381825,7.9825,,7.9825,Metabolic (Core),True,OBTFL,False,10.723025371703686,13.296422475822263,9.490631515381825,5.925677343127123
OCBT_num1,b4254,149.80799644754114,11.6414,9.271143,328.7315673828125,12.628470676953103,,410.0,,Metabolic (Core),False,OCBT,False,25.872158642437288,90.5681452649414,12.134935338476552,25.872158642437288
OCBT_num2,b0273,151.18324760891227,,7.5295424,150.40748596191406,4.3269544586335424,,410.0,,Metabolic (Core),False,OCBT,False,16.985309045418322,54.08799427351587,7.5295424,8.366717201596922
OCBT_reverse_num1,b4254,149.80799644754114,0.0349,2.2516043,283.2689514160156,3.924284482031708,,410.0,,Metabolic (Reverse),False,OCBT,True,3.05716753177794,72.36993504951182,3.0879443910158537,3.05716753177794
OCBT_reverse_num2,b0273,151.18324760891227,,2.248029,141.7139129638672,2.419531547116704,,410.0,,Metabolic (Reverse),False,OCBT,True,9.168857633707416,48.79382450366129,2.419531547116704,5.269099771020716
OCDCAtexi,b2344,206.75125446366417,,,,,,112645.641475366,,Transport,False,OCDCAtexi,False,,,,
OCDCEAtexi,b2344,206.75125446366417,,,,,,112645.641475366,,Transport,False,OCDCEAtexi,False,,,,
OCTAtex_num1,b1377,96.2904209055866,,,,,,112645.641475366,,Transport,False,OCTAtex,False,,,,
OCTAtex_num2,b0241,33.2825,,,,,,112645.641475366,,Transport,False,OCTAtex,False,,,,
OCTAtex_num3,b0929,94.8168,,,,,,112645.641475366,,Transport,False,OCTAtex,False,,,,
OCTAtex_num4,b2215,96.2904209055866,,,,,,112645.641475366,,Transport,False,OCTAtex,False,,,,
OCTAtex_reverse_num1,b1377,96.2904209055866,,,,,,112645.641475366,,Transport,False,OCTAtex,True,,,,
OCTAtex_reverse_num2,b0241,33.2825,,,,,,112645.641475366,,Transport,False,OCTAtex,True,,,,
OCTAtex_reverse_num3,b0929,94.8168,,,,,,112645.641475366,,Transport,False,OCTAtex,True,,,,
OCTAtex_reverse_num4,b2215,96.2904209055866,,,,,,112645.641475366,,Transport,False,OCTAtex,True,,,,
OCTDPS,b3187,197.70251011777788,11.7116,1.0416394,2.0930421352386475,0.1853472905278476,13577620.875,,13577620.875,Metabolic (Core),False,OCTDPS,False,1.4749403631850506,3.7579072064416237,1.5673407676193238,1.4749403631850506
OCTNLL,b4386,120.7983675600902,1.7408,1.6308587,1.808124542236328,2.5983721343673905,,112645.641475366,,Metabolic (Core),False,OCTNLL,False,1.911057375254341,1.9445388441509297,1.774462271118164,1.911057375254341
OGMEACPD,b0180,118.43411865124476,,,,,25.265616666666663,,25.265616666666663,Metabolic (Core),False,OGMEACPD,False,,,,
OGMEACPR,b1093,136.71153247522938,1.6051,,48.10326766967773,2.6761024502934845,,112645.641475366,,Metabolic (Core),False,OGMEACPR,False,5.911891703242278,17.461490039990405,2.6761024502934845,3.7913585033130253
OGMEACPS,b1091,129.20025527297207,0.3846,0.23880827,7.297029972076416,8.727681694564989,,112645.641475366,,Metabolic (Core),False,OGMEACPS,False,1.5551630097504752,4.162029984160351,3.840814986038208,1.5551630097504752
OHPBAT,b0907,126.3166780801852,222.5692,5.513104,16.25790023803711,8.506686674713542,16450.602025,,16450.602025,Metabolic (Core),False,OHPBAT,False,20.296517860110225,63.21172272818766,12.382293456375326,20.296517860110225
OHPBAT_reverse,b0907,126.3166780801852,10.1085,8.280956,20.024599075317383,6.334036791279153,16450.602025,,16450.602025,Metabolic (Reverse),False,OHPBAT,True,10.150861469528646,11.187022966649133,9.194728,10.150861469528646
OHPHM,b2232,118.43411865124476,3.1828,0.06796339,0.5300205945968628,1.122388381894457,,,,Metabolic (Core),False,OHPHM,False,0.5989355238178289,1.22579309162283,0.82620448824566,0.5989355238178289
OMBZLM,b3833,189.6850202355557,102.4192,0.0507809,1.8237892389297483,2.9633630070897,,112645.641475366,,Metabolic (Core),False,OMBZLM,False,2.3025566247449465,26.814283286504864,2.393576123009724,2.3025566247449465
OMCDC,s0001,,2.4068,,,3.251854009824038,,,,Metabolic (Core),False,OMCDC,False,2.7975993692529486,2.829327004912019,2.829327004912019,1.6726025736118393
OMMBLHXy,b0662,160.70234805267864,5.1889,1.1320024,2.0087993144989014,3.6367702477551687,,112645.641475366,,Metabolic (Core),False,OMMBLHXy,False,2.559433007072029,2.991617990563518,2.822784781127035,2.559433007072029
OMPDC,b1281,138.0434703703704,191.2055,4.2917957,19.700590133666992,4.354381965230433,25.0,,25.0,Metabolic (Core),False,OMPDC,False,16.288695127971497,54.888066949724355,12.027486049448713,16.288695127971497
OMPHHXy,b2907,122.42412220751704,2.3743,,6.286269664764404,1.596709471244132,,112645.641475366,,Metabolic (Core),False,OMPHHXy,False,2.877739648356182,3.419093045336179,2.3743,2.209472625940507
OP4ENH,b0350,130.15983707102805,1.5675,4.795694,38.035152435302734,9.804766225838929,450.0,,450.0,Metabolic (Core),False,OP4ENH,False,7.276463488848352,13.550778165285415,7.300230112919465,7.276463488848352
OPHBDC,b3843,137.33652202813053,78.4135,3.3061633,9.159306526184082,4.198116641281027,,,,Metabolic (Core),False,OPHBDC,False,9.992129605533869,23.769271616866277,6.678711583732555,9.992129605533869
OPHHXy,b2906,149.80799644754114,1.179,1.1294305,1.2589285373687744,3.810720458960378,,112645.641475366,,Metabolic (Core),False,OPHHXy,False,1.589810538993956,1.8445198740822881,1.2189642686843873,1.589810538993956
OPMEACPD,b0180,118.43411865124476,,,,,25.265616666666663,,25.265616666666663,Metabolic (Core),False,OPMEACPD,False,,,,
OPMEACPR,b1093,136.71153247522938,8.9912,,48.10326766967773,12.944373024364497,,112645.641475366,,Metabolic (Core),False,OPMEACPR,False,17.75651580896136,23.346280231347407,12.944373024364497,8.650043953777908
OPMEACPS,b2323,125.69922461667636,147.2453,,6.918361663818359,4.343292091571338,,112645.641475366,,Metabolic (Core),False,OPMEACPS,False,16.416777542407385,52.835651251796556,6.918361663818359,8.15578812514293
ORNDC_num1,b2965,121.20698236312832,112.144,28.60743,2.9794983863830566,3.808522672656756,501.2,,501.2,Metabolic (Core),False,ORNDC,False,13.81302019047557,36.88486276475995,16.20797633632838,13.81302019047557
ORNDC_num2,b0693,115.69288473855744,,27.95468,3.6697983741760254,5.511913782654467,501.2,,501.2,Metabolic (Core),False,ORNDC,False,8.269254944644391,12.378797385610165,5.511913782654467,4.876405205663986
ORNabcpp,b2306 and b2307 and b2308 and b2310,68.51321211937051,42.137,15.231773,20.9307918548584,8.972912737382016,,,,Metabolic (Core),True,ORNabcpp,False,18.633021861974484,21.818119398060105,18.0812824274292,18.633021861974484
ORNtex_num1,b1377,96.2904209055866,,,,,,112645.641475366,,Transport,False,ORNtex,False,,,,
ORNtex_num2,b0241,33.2825,,,,,,112645.641475366,,Transport,False,ORNtex,False,,,,
ORNtex_num3,b0929,94.8168,,,,,,112645.641475366,,Transport,False,ORNtex,False,,,,
ORNtex_num4,b2215,96.2904209055866,,,,,,112645.641475366,,Transport,False,ORNtex,False,,,,
ORNtex_reverse_num1,b1377,96.2904209055866,,,,,,112645.641475366,,Transport,False,ORNtex,True,,,,
ORNtex_reverse_num2,b0241,33.2825,,,,,,112645.641475366,,Transport,False,ORNtex,True,,,,
ORNtex_reverse_num3,b0929,94.8168,,,,,,112645.641475366,,Transport,False,ORNtex,True,,,,
ORNtex_reverse_num4,b2215,96.2904209055866,,,,,,112645.641475366,,Transport,False,ORNtex,True,,,,
OROTt2_2pp,b3528,23.0,1.6189,17.899323,34.960540771484375,5.623491928170631,,112645.641475366,,Metabolic (Core),False,OROTt2_2pp,False,8.687807940519157,15.025563924913751,11.761407464085314,8.687807940519157
OROTtex_num1,b2215,96.2904209055866,,,,,,112645.641475366,,Transport,False,OROTtex,False,,,,
OROTtex_num2,b1377,96.2904209055866,,,,,,112645.641475366,,Transport,False,OROTtex,False,,,,
OROTtex_num3,b0929,94.8168,,,,,,112645.641475366,,Transport,False,OROTtex,False,,,,
OROTtex_num4,b0241,33.2825,,,,,,112645.641475366,,Transport,False,OROTtex,False,,,,
OROTtex_reverse_num1,b2215,96.2904209055866,,,,,,112645.641475366,,Transport,False,OROTtex,True,,,,
OROTtex_reverse_num2,b1377,96.2904209055866,,,,,,112645.641475366,,Transport,False,OROTtex,True,,,,
OROTtex_reverse_num3,b0929,94.8168,,,,,,112645.641475366,,Transport,False,OROTtex,True,,,,
OROTtex_reverse_num4,b0241,33.2825,,,,,,112645.641475366,,Transport,False,OROTtex,True,,,,
ORPT,b3642,81.6527647058823,5.8168,1.207358,47.47773361206055,4.354381965230433,272644.00444444444,,272644.00444444444,Metabolic (Core),False,ORPT,False,6.172827978573278,14.714068394322744,5.085590982615217,6.172827978573278
ORPT_reverse,b3642,81.6527647058823,2.7493,1.6943656,7.4698357582092285,229.50963769458312,272644.00444444444,,272644.00444444444,Metabolic (Reverse),False,ORPT,True,9.453340684027133,60.35578476319809,5.109567879104614,9.453340684027133
OXCDC,b2373,115.69288473855744,124.5113,16.896854,60.25201797485352,2.129537114934948,60.7,,60.7,Metabolic (Core),False,OXCDC,False,22.793858997887558,50.947427272447115,38.57443598742676,22.793858997887558
OXCOAHDH,b1387,129.20025527297207,1.8131,14.480932,8.0032377243042,3.194268354614871,,112645.641475366,,Metabolic (Core),False,OXCOAHDH,False,5.0899538780452325,6.872884519729767,5.598753039459535,5.0899538780452325
OXDHCOAT,b1397 and b1394,121.175352563932,31.5675,2.2877603,4.699695587158203,1.607791776275416,,,,Metabolic (Core),True,OXDHCOAT,False,4.833231084372172,10.040686915858403,3.4937279435791018,4.833231084372172
P5CD,b1014,133.28236464036155,49.7179,15.180542,6.077281475067139,10.400376497266745,5.16,,5.16,Metabolic (Core),False,P5CD,False,14.778815137405402,20.344024993083472,12.790459248633372,14.778815137405402
P5CR,b0386,130.15983707102805,8.1982,16.209797,63.48037338256836,4.075808913109514,484932.4864583333,,484932.4864583333,Metabolic (Core),False,P5CR,False,13.61718516779801,22.991044823919466,12.203998499999999,13.61718516779801
PA120abcpp,b0914,75.96272439544778,3.0803,,3.9198834896087646,2.561459863767772,,112645.641475366,,Metabolic (Core),False,PA120abcpp,False,3.1389512912822464,3.1872144511255116,3.0803,2.3582423399507224
PA140abcpp,b0914,75.96272439544778,4.3598,2.3334215,3.9198834896087646,3.808522672656756,,112645.641475366,,Metabolic (Core),False,PA140abcpp,False,3.5105273956482783,3.6054069155663804,3.8642030811327603,3.5105273956482783
PA141abcpp,b0914,75.96272439544778,6.9489,,3.9198834896087646,11.970200406779476,,112645.641475366,,Metabolic (Core),False,PA141abcpp,False,6.882774600567207,7.612994632129414,6.9489,4.249351536766052
PA160abcpp,b0914,75.96272439544778,101.2327,2.0759263,3.9198834896087646,2.129537114934948,,112645.641475366,,Metabolic (Core),False,PA160abcpp,False,6.471765624598897,27.339511726135928,3.024710302271856,6.471765624598897
PA161abcpp,b0914,75.96272439544778,1.1243,,3.9198834896087646,3.0734277155319725,,112645.641475366,,Metabolic (Core),False,PA161abcpp,False,2.3837431473404083,2.705870401713579,3.0734277155319725,1.9184239745878842
PA180abcpp,b0914,75.96272439544778,0.125,0.911281,3.9198834896087646,3.0734277155319725,,112645.641475366,,Metabolic (Core),False,PA180abcpp,False,1.0823422770342923,2.0073980512851843,1.9923543577659864,1.0823422770342923
PA181abcpp,b0914,75.96272439544778,2.5331,,3.9198834896087646,5.717953119838133,,112645.641475366,,Metabolic (Core),False,PA181abcpp,False,3.8434570122140808,4.056978869815633,3.9198834896087646,2.7449947678720106
PACALDtex_num1,b1377,96.2904209055866,,,,,,112645.641475366,,Transport,False,PACALDtex,False,,,,
PACALDtex_num2,b0241,33.2825,,,,,,112645.641475366,,Transport,False,PACALDtex,False,,,,
PACALDtex_num3,b0929,94.8168,,,,,,112645.641475366,,Transport,False,PACALDtex,False,,,,
PACALDtex_num4,b2215,96.2904209055866,,,,,,112645.641475366,,Transport,False,PACALDtex,False,,,,
PACALDtex_reverse_num1,b1377,96.2904209055866,,,,,,112645.641475366,,Transport,False,PACALDtex,True,,,,
PACALDtex_reverse_num2,b0241,33.2825,,,,,,112645.641475366,,Transport,False,PACALDtex,True,,,,
PACALDtex_reverse_num3,b0929,94.8168,,,,,,112645.641475366,,Transport,False,PACALDtex,True,,,,
PACALDtex_reverse_num4,b2215,96.2904209055866,,,,,,112645.641475366,,Transport,False,PACALDtex,True,,,,
PACCOAE,b1389 and b1388 and b1391 and b1392 and b1390,149.80799644754114,6.7502,1.6924852,3.3458194732666016,1.607791776275416,,112645.641475366,,Metabolic (Core),True,PACCOAE,False,2.799906036917096,3.3490741123855043,2.519152336633301,2.799906036917096
PACCOAL,b1398,120.42138255624845,0.4526,6.398338,9.678257942199709,20.841183569207764,,31.818181818181817,,Metabolic (Core),False,PACCOAL,False,4.9161522575241206,9.34259487785187,8.038297971099855,4.9161522575241206
PACOAT,b1396,160.70234805267864,7.24,7.034244,33.52794647216797,20.83005914936328,,112645.641475366,,Metabolic (Core),False,PACOAT,False,13.732934958307693,17.15806240538281,14.03502957468164,13.732934958307693
PAI2I,b1518,197.70251011777788,,,,,,112645.641475366,,Metabolic (Core),False,PAI2I,False,,,,
PAI2T,b1517,104.82593778080928,0.3326,,40.80854797363281,23.230556749175783,,112645.641475366,,Metabolic (Core),False,PAI2T,False,6.806298657183834,21.457234907602867,23.230556749175783,4.213890551394625
PANTS,b0133,100.7131124262824,0.0178,1.6850239,2.8611631393432617,20.83005914936328,1.4,,1.4,Metabolic (Core),False,PANTS,False,1.1562847503855598,6.348511547176635,2.273093519671631,1.1562847503855598
PAPA120,b1278,76.35248958333332,0.2781,,43.42146682739258,7.116102438930725,,112645.641475366,,Metabolic (Core),False,PAPA120,False,4.412816721399912,16.93855642210777,7.116102438930725,3.044646792163299
PAPA120pp,b1278,76.35248958333332,2.3979,,43.42146682739258,20.83005914936328,,112645.641475366,,Metabolic (Core),False,PAPA120pp,False,12.944204147647016,22.216475325585282,20.83005914936328,6.824274935338676
PAPA140,b1278,76.35248958333332,4.9723,19.89493,31.10386848449707,8.645785370246568,,112645.641475366,,Metabolic (Core),False,PAPA140,False,12.7711395075036,16.15422096368591,14.270357685123283,12.7711395075036
PAPA140pp,b1278,76.35248958333332,22.2652,19.89493,31.10386848449707,20.83005914936328,,112645.641475366,,Metabolic (Core),False,PAPA140pp,False,23.1456020313868,23.523514408465086,21.54762957468164,23.1456020313868
PAPA141,b1278,76.35248958333332,12.9585,,43.42146682739258,7.596548103944305,,112645.641475366,,Metabolic (Core),False,PAPA141,False,16.22900292622822,21.325504977112296,12.9585,8.085723366606569
PAPA141pp,b1278,76.35248958333332,3.2987,,43.42146682739258,20.83005914936328,,112645.641475366,,Metabolic (Core),False,PAPA141pp,False,14.396135907922721,22.51674199225195,20.83005914936328,7.3906809324716525
PAPA160,b1278,76.35248958333332,8.8038,21.795998,28.446508407592773,4.946131903388997,,,,Metabolic (Core),False,PAPA160,False,12.818446562066352,15.998109577745442,15.299899,12.818446562066352
PAPA160pp,b1278,76.35248958333332,30.186,21.795998,28.446508407592773,20.83005914936328,,,,Metabolic (Core),False,PAPA160pp,False,24.9876520306595,25.314641389239014,25.121253203796385,24.9876520306595
PAPA161,b1278,76.35248958333332,13.5919,,43.42146682739258,7.596548103944305,,112645.641475366,,Metabolic (Core),False,PAPA161,False,16.489227795784736,21.53663831044563,13.5919,8.182768003648883
PAPA161pp,b1278,76.35248958333332,2.4006,,43.42146682739258,20.83005914936328,,112645.641475366,,Metabolic (Core),False,PAPA161pp,False,12.949060652910456,22.217375325585284,20.83005914936328,6.8261951329437025
PAPA180,b1278,76.35248958333332,4.2905,14.676525,27.61216735839844,16.283280145620715,,112645.641475366,,Metabolic (Core),False,PAPA180,False,12.971595105936663,15.71561812600479,15.479902572810357,12.971595105936663
PAPA180pp,b1278,76.35248958333332,8.7477,14.676525,27.61216735839844,7.8337863355112125,,112645.641475366,,Metabolic (Core),False,PAPA180pp,False,12.90914070851692,14.717544673477414,11.7121125,12.90914070851692
PAPA181,b1278,76.35248958333332,8.8038,,43.42146682739258,6.2570891518567215,,112645.641475366,,Metabolic (Core),False,PAPA181,False,13.373620660765729,19.49411865974977,8.8038,6.993373930958701
PAPA181pp,b1278,76.35248958333332,13.2285,,43.42146682739258,1.873480710504212,,112645.641475366,,Metabolic (Core),False,PAPA181pp,False,10.247582876081832,19.507815845965595,13.2285,5.72751294565484
PAPPT3,b0087,97.61360481285834,18.4411,0.41667697,0.695639431476593,57.063283581709584,0.183425,,0.183425,Metabolic (Core),False,PAPPT3,False,4.179090899354575,19.154174995796545,9.568369715738296,4.179090899354575
PAPSR2_num1,b1064 and b2762,154.8978386945808,36.6613,0.06639248,18.96841621398925,6.7859805272721,0.242,,0.242,Metabolic (Core),True,PAPSR2,False,4.207194673656913,15.620522305315337,12.877198370630676,4.207194673656913
PAPSR2_num2,b3610 and b2762,149.80799644754114,,24.832584,3.5716090202331543,6.7859805272721,0.242,,0.242,Metabolic (Core),True,PAPSR2,False,8.443052267169014,11.730057849168418,6.7859805272721,4.953071626292295
PAPSR2_num3,b0849 and b2762,151.18324760891227,,2.5256784,3.5716090202331543,6.7859805272721,0.242,,0.242,Metabolic (Core),True,PAPSR2,False,3.941106674179046,4.2944226491684185,3.5716090202331543,2.7971363850761812
PAPSR2_num4,b1654 and b2762,136.6667,,0.06639248,4.600254058837891,6.7859805272721,0.242,,0.242,Metabolic (Core),True,PAPSR2,False,1.274983132375434,3.8175423553699965,4.600254058837891,1.1998537948666936
PAPSR_num1,b2582 and b2762,151.18324760891227,33.7978,0.060951978,3.905252933502197,8.645785370246568,0.242,,0.242,Metabolic (Core),True,PAPSR,False,2.887902077815906,11.602447570437192,6.2755191518743825,2.887902077815906
PAPSR_num2,b3781 and b2762,149.80799644754114,,0.06639248,3.346116781234741,7.228125235384933,0.242,,0.242,Metabolic (Core),True,PAPSR,False,1.1710134536689776,3.546878165539892,3.346116781234741,1.1256967532782745
PDE1_num1,b1489,91.06287263702492,0.0308,0.26494777,6.602203369140625,5.604077151560538,,96.93666666666668,,Metabolic (Core),False,PDE1,False,0.741269271204216,3.1255070726752905,2.934512460780269,0.741269271204216
PDE1_num2,b3032,152.62479040685164,,8.048594,15.154284477233888,6.029423425870919,,96.93666666666668,,Metabolic (Core),False,PDE1,False,9.026313502178978,9.74410063436827,8.048594,5.207542344304698
PDE4,b1489,91.06287263702492,7.6054,0.24793908,4.618997573852539,3.719676592479508,,4.336749999999999,,Metabolic (Core),False,PDE4,False,2.3857777852525084,4.048003311583012,4.169337083166024,2.3857777852525084
PDH,b0116 and b0115 and b0114,108.46483596491184,56.5359,8.542469,5.618505954742432,21.4777863867725,37.9,,37.9,Metabolic (Core),True,PDH,False,15.537442034602135,23.043665335378734,15.01012769338625,15.537442034602135
PDX5POi,b1638,97.46316781454354,3.6531,0.2604162,9.756113052368164,6.2570891518567215,0.32,,0.32,Metabolic (Core),False,PDX5POi,False,2.7605440483757167,4.981679601056221,4.955094575928361,2.7605440483757167
PDX5PS,b2564 and b0052,123.60963225270936,87.6496,1.6794369,5.815330505371094,3.1593777329690544,,112645.641475366,,Metabolic (Core),True,PDX5PS,False,7.211446670351447,24.575936284585037,4.4873541191700745,7.211446670351447
PDXPP,b0766,154.8978386945808,0.0006,2.7536476,9.6710786819458,3.4669513238291216,502846.65,,502846.65,Metabolic (Core),False,PDXPP,False,0.48514389192714225,3.9730694014437304,3.1102994619145607,0.48514389192714225
PE120abcpp,b0914,75.96272439544778,0.2868,,3.9198834896087646,8.496721583609121,,112645.641475366,,Metabolic (Core),False,PE120abcpp,False,2.1217842980214563,4.234468357739296,3.9198834896087646,1.7580285488613911
PE140abcpp,b0914,75.96272439544778,12.9585,,3.9198834896087646,2.410330339395014,,112645.641475366,,Metabolic (Core),False,PE140abcpp,False,4.965559075104923,6.429571276334593,3.9198834896087646,3.3264125827290743
PE141abcpp,b0914,75.96272439544778,4.1135,,3.9198834896087646,2.129537114934948,,112645.641475366,,Metabolic (Core),False,PE141abcpp,False,3.2502988285920753,3.387640201514571,3.9198834896087646,2.4207083514050987
PE160abcpp,b0914,75.96272439544778,61.1707,2.2683146,3.9198834896087646,7.930539978052965,,112645.641475366,,Metabolic (Core),False,PE160abcpp,False,8.104116283936943,18.82235951691543,5.925211733830865,8.104116283936943
PE161abcpp,b0914,75.96272439544778,411.6864,,3.9198834896087646,3.095314723399571,,112645.641475366,,Metabolic (Core),False,PE161abcpp,False,17.094175728447105,139.5671994043361,3.9198834896087646,8.406904677421236
PE180abcpp,b0914,75.96272439544778,0.13,1.4213109,3.9198834896087646,8.645785370246568,,112645.641475366,,Metabolic (Core),False,PE180abcpp,False,1.5818944848910235,3.5292449399638333,2.6705971948043823,1.5818944848910235
PE181abcpp,b0914,75.96272439544778,3.1622,,3.9198834896087646,5.029258652308406,,112645.641475366,,Metabolic (Core),False,PE181abcpp,False,3.9651122665702427,4.037114047305724,3.9198834896087646,2.809904864744179
PEAMNOpp,b1386,169.22268505812133,2.6951,44.08109,11.040637016296388,12.39078414720572,30938.966666666667,,30938.966666666667,Metabolic (Core),False,PEAMNOpp,False,11.290938270093767,17.551902790875527,11.715710581751054,11.290938270093767
PEAMNtex_num1,b1377,96.2904209055866,,,,,,112645.641475366,,Transport,False,PEAMNtex,False,,,,
PEAMNtex_num2,b0241,33.2825,,,,,,112645.641475366,,Transport,False,PEAMNtex,False,,,,
PEAMNtex_num3,b0929,94.8168,,,,,,112645.641475366,,Transport,False,PEAMNtex,False,,,,
PEAMNtex_num4,b2215,96.2904209055866,,,,,,112645.641475366,,Transport,False,PEAMNtex,False,,,,
PEAMNtex_reverse_num1,b1377,96.2904209055866,,,,,,112645.641475366,,Transport,False,PEAMNtex,True,,,,
PEAMNtex_reverse_num2,b0241,33.2825,,,,,,112645.641475366,,Transport,False,PEAMNtex,True,,,,
PEAMNtex_reverse_num3,b0929,94.8168,,,,,,112645.641475366,,Transport,False,PEAMNtex,True,,,,
PEAMNtex_reverse_num4,b2215,96.2904209055866,,,,,,112645.641475366,,Transport,False,PEAMNtex,True,,,,
PERD,b2320,149.80799644754114,12.3609,9.378682,37.59552764892578,6.029423425870919,1.4,,1.4,Metabolic (Core),False,PERD,False,12.732127177504616,16.341133268699174,10.869791,12.732127177504616
PERD_reverse,b2320,149.80799644754114,8.3295,11.010673,39.045936584472656,2.0469354936451434,1.4,,1.4,Metabolic (Reverse),False,PERD,True,9.252907054320438,15.10826126952945,9.6700865,9.252907054320438
PETNT161pp,b3546,67.225,1.4882,0.63837427,8.153915405273438,4.201952486334633,,112645.641475366,,Metabolic (Core),False,PETNT161pp,False,2.388572914688785,3.6206105404020175,2.8450762431673167,2.388572914688785
PETNT181pp,b3546,67.225,63.3854,0.63837427,8.153915405273438,11.757149837720146,,112645.641475366,,Metabolic (Core),False,PETNT181pp,False,7.891929846152471,20.983709878248398,9.955532621496792,7.891929846152471
PFK_2,b3916,120.42138255624845,1.031,0.28738415,6.485574722290039,6.3300297401597465,31.0185,,31.0185,Metabolic (Core),False,PFK_2,False,1.867535748056819,3.5334971531124464,3.680514870079873,1.867535748056819
PFK_3,b3916,120.42138255624845,0.5628,0.33419493,11.762978553771973,7.008712984588747,20.76233333333333,,20.76233333333333,Metabolic (Core),False,PFK_3,False,1.984391607442971,4.91717161709018,3.7857564922943734,1.984391607442971
PFK_num1,b3916,120.42138255624845,98.8085,0.28738415,6.485574722290039,6.029423425870919,,75.8619411764706,,Metabolic (Core),False,PFK,False,5.772585078212217,27.902720574540236,6.25749907408048,5.772585078212217
PFK_num2,b1723,113.1896270358787,,12.115614,26.997573852539062,5.8218552443149,,75.8619411764706,,Metabolic (Core),False,PFK,False,12.394923661900844,14.97834769895132,12.115614,6.605913647238057
PFL_num1,b3951 and b3952,133.28236464036155,317.5315,3.0912056,34.219730377197266,5.265135685472943,11.9,,11.9,Metabolic (Core),True,PFL,False,20.50690947897352,90.02689291566756,19.742433031335104,20.50690947897352
PFL_num2,b0902 and b0903,149.80799644754114,59.1738,4.9146495,32.92634582519531,8.645785370246568,11.9,,11.9,Metabolic (Core),True,PFL,False,16.96260304117208,26.41514517386047,20.786065597720942,16.96260304117208
PFL_num3,b0902 and b3114,149.80799644754114,4.5124,4.9146495,35.038917541503906,8.645785370246568,11.9,,11.9,Metabolic (Core),True,PFL,False,9.053443967296293,13.277938102937618,6.780217435123284,9.053443967296293
PFL_num4,b0903 and b0902 and b2579,137.33652202813053,4.477,4.9146495,32.92634582519531,2.30758992115931,11.9,,11.9,Metabolic (Core),True,PFL,False,6.394336003055457,11.156396311588656,4.69582475,6.394336003055457
PG120abcpp,b0914,75.96272439544778,7.1957,,3.9198834896087646,2.7304914725608933,,112645.641475366,,Metabolic (Core),False,PG120abcpp,False,4.254635348241712,4.61535832072322,3.9198834896087646,2.962420865602863
PG140abcpp,b0914,75.96272439544778,15.1437,3.1426146,3.9198834896087646,1.122388381894457,,112645.641475366,,Metabolic (Core),False,PG140abcpp,False,3.803950532817872,5.8321466178758055,3.5312490448043823,3.803950532817872
PG141abcpp,b0914,75.96272439544778,0.3706,,3.9198834896087646,2.7304914725608933,,112645.641475366,,Metabolic (Core),False,PG141abcpp,False,1.5829716345128584,2.3403249873898857,2.7304914725608933,1.4112529071206183
PG160abcpp,b0914,75.96272439544778,10.4447,1.0214008,3.9198834896087646,8.36363692666625,,112645.641475366,,Metabolic (Core),False,PG160abcpp,False,4.32454204193728,5.937405304068753,6.141760208137507,4.32454204193728
PG161abcpp,b0914,75.96272439544778,26.2189,,3.9198834896087646,2.23349776356753,,112645.641475366,,Metabolic (Core),False,PG161abcpp,False,6.122907745614984,10.790760417725432,3.9198834896087646,3.892407376789605
PG180abcpp,b0914,75.96272439544778,174.1055,1.9496586,3.9198834896087646,1.122388381894457,,112645.641475366,,Metabolic (Core),False,PG180abcpp,False,6.216512989302176,45.27435761787581,2.9347710448043824,6.216512989302176
PG181abcpp,b0914,75.96272439544778,4.7005,,3.9198834896087646,1.943590361031116,,112645.641475366,,Metabolic (Core),False,PG181abcpp,False,3.296152658232675,3.5213246168799603,3.9198834896087646,2.446276188864324
PGAMT,b3176,136.14538184725745,,,,,2.06896,,2.06896,Metabolic (Core),False,PGAMT,False,,,,
PGAMT_reverse,b3176,136.14538184725745,,,,,2.06896,,2.06896,Metabolic (Reverse),False,PGAMT,True,,,,
PGCD,b2913,143.92573340895575,17.8988,4.166264,60.33788299560547,20.83005914936328,4.883333333333334,,4.883333333333334,Metabolic (Core),False,PGCD,False,17.496968834492954,25.80825153624219,19.36442957468164,17.496968834492954
PGI,b4025,152.5584987702834,,,,,436042.6,,436042.6,Metabolic (Core),False,PGI,False,,,,
PGI_reverse,b4025,152.5584987702834,,,,,436042.6,,436042.6,Metabolic (Reverse),False,PGI,True,,,,
PGK,b2926,160.70234805267864,10.0168,26.573732,127.1556167602539,4.313722984290232,1480.0,,1480.0,Metabolic (Core),False,PGK,False,19.547550267777137,42.01496793613603,18.295265999999998,19.547550267777137
PGK_reverse,b2926,160.70234805267864,9.8253,22.683355,170.9440155029297,5.171331930782302,1480.0,,1480.0,Metabolic (Reverse),False,PGK,True,21.06819630793664,52.156000608428,16.2543275,21.06819630793664
PGL,b0767,215.4574151838713,6.5557,21.629461,12.43678379058838,16.859065873263667,,14.3,,Metabolic (Core),False,PGL,False,13.131114553899613,14.370252665963012,14.647924831926023,13.131114553899613
PGLYCP,b3385,138.63165413200494,2.139,15.29612,47.09542846679688,22.65815018584855,94.0,,94.0,Metabolic (Core),False,PGLYCP,False,13.669380023485555,21.79717466316136,18.977135092924275,13.669380023485555
PGMT_num1,b0688,136.2454183611817,,,,,,26.425,,Metabolic (Core),False,PGMT,False,,,,
PGMT_num2,b2690,189.6850202355557,,,,,,26.425,,Metabolic (Core),False,PGMT,False,,,,
PGMT_num3,b1317,154.8978386945808,,,,,,26.425,,Metabolic (Core),False,PGMT,False,,,,
PGMT_reverse_num1,b0688,136.2454183611817,,,,,,26.425,,Metabolic (Reverse),False,PGMT,True,,,,
PGMT_reverse_num2,b2690,189.6850202355557,,,,,,26.425,,Metabolic (Reverse),False,PGMT,True,,,,
PGMT_reverse_num3,b1317,154.8978386945808,,,,,,26.425,,Metabolic (Reverse),False,PGMT,True,,,,
PGM_num1,b0755,90.65907860738318,,,,,145.5,,145.5,Metabolic (Core),False,PGM,False,,,,
PGM_num2,b3612,157.17088698230995,,,,,145.5,,145.5,Metabolic (Core),False,PGM,False,,,,
PGM_reverse_num1,b0755,90.65907860738318,,,,,145.5,,145.5,Metabolic (Reverse),False,PGM,True,,,,
PGM_reverse_num2,b3612,157.17088698230995,,,,,145.5,,145.5,Metabolic (Reverse),False,PGM,True,,,,
PGP120abcpp,b0914,75.96272439544778,26.7344,,3.9198834896087646,2.23349776356753,,112645.641475366,,Metabolic (Core),False,PGP120abcpp,False,6.162775879464204,10.962593751058764,3.9198834896087646,3.9114004427419165
PGP140abcpp,b0914,75.96272439544778,2.0297,,3.9198834896087646,8.36363692666625,,112645.641475366,,Metabolic (Core),False,PGP140abcpp,False,4.052285733630889,4.771073472091671,3.9198834896087646,2.8561107605863207
PGP141abcpp,b0914,75.96272439544778,13.6117,,3.9198834896087646,1.122388381894457,,112645.641475366,,Metabolic (Core),False,PGP141abcpp,False,3.912396814868537,6.217990623834407,3.9198834896087646,2.781840159886265
PGP160abcpp,b0914,75.96272439544778,28.5181,1.7936745,3.9198834896087646,1.8401094876681463,,112645.641475366,,Metabolic (Core),False,PGP160abcpp,False,4.382735496180029,9.017941869319227,2.8799964886384553,4.382735496180029
PGP161abcpp,b0914,75.96272439544778,104.9765,1.5502264,3.9198834896087646,6.481120339900238,,112645.641475366,,Metabolic (Core),False,PGP161abcpp,False,8.018675068219324,29.231932557377252,5.2005019147545015,8.018675068219324
PGP180abcpp,b0914,75.96272439544778,28.5181,1.645974,3.9198834896087646,2.471741951821536,,112645.641475366,,Metabolic (Core),False,PGP180abcpp,False,4.61801098276018,9.138924860357575,3.1958127207151503,4.61801098276018
PGP181abcpp,b0914,75.96272439544778,19.7853,,3.9198834896087646,4.2102808645197,,112645.641475366,,Metabolic (Core),False,PGP181abcpp,False,6.886136420883079,9.305154784709488,4.2102808645197,4.250908105714761
PGPP120_num1,b0418,67.225,0.4055,,27.92367553710937,2.129537114934948,24.0,,24.0,Metabolic (Core),False,PGPP120,False,2.8890133701643346,10.152904217348107,2.129537114934948,2.215961260640704
PGPP120_num2,b1278,76.35248958333332,,,43.42146682739258,10.475654966689731,24.0,,24.0,Metabolic (Core),False,PGPP120,False,21.32764179723883,26.948560897041155,26.948560897041155,4.618185985561737
PGPP120pp_num1,b0418,67.225,5.2681,,27.92367553710937,17.527193281992982,24.0,,24.0,Metabolic (Core),False,PGPP120pp,False,13.712384727157476,16.906322939700786,17.527193281992982,7.125818269267285
PGPP120pp_num2,b1278,76.35248958333332,,,43.42146682739258,7.930539978052965,24.0,,24.0,Metabolic (Core),False,PGPP120pp,False,18.55682296570018,25.67600340272277,25.67600340272277,4.307763104640293
PGPP140_num1,b0418,67.225,4.9684,,6.118159770965576,9.129954971721624,,112645.641475366,,Metabolic (Core),False,PGPP140,False,6.522819100641351,6.738838247562399,6.118159770965576,4.081562965817833
PGPP140_num2,b1278,76.35248958333332,,,12.43678379058838,7.930539978052965,,112645.641475366,,Metabolic (Core),False,PGPP140,False,9.931284461219619,10.183661884320673,10.183661884320673,3.151394050451263
PGPP140pp_num1,b0418,67.225,6.8604,,6.118159770965576,2.471741951821536,,112645.641475366,,Metabolic (Core),False,PGPP140pp,False,4.69884508392863,5.150100574262371,6.118159770965576,3.191488951232591
PGPP140pp_num2,b1278,76.35248958333332,,,12.43678379058838,10.475654966689731,,112645.641475366,,Metabolic (Core),False,PGPP140pp,False,11.41417784536072,11.456219378639055,11.456219378639055,3.378487508539986
PGPP141_num1,b0418,67.225,4.0607,,27.92367553710937,3.709008719383553,,112645.641475366,,Metabolic (Core),False,PGPP141,False,7.4922187264333475,11.897794752164309,4.0607,4.528536116212927
PGPP141_num2,b1278,76.35248958333332,,,43.42146682739258,7.930539978052965,,112645.641475366,,Metabolic (Core),False,PGPP141,False,18.55682296570018,25.67600340272277,25.67600340272277,4.307763104640293
PGPP141pp_num1,b0418,67.225,4.1247,,27.92367553710937,6.245464574809021,,112645.641475366,,Metabolic (Core),False,PGPP141pp,False,8.960038993238864,12.764613370639465,6.245464574809021,5.1788391776337654
PGPP141pp_num2,b1278,76.35248958333332,,,43.42146682739258,10.475654966689731,,112645.641475366,,Metabolic (Core),False,PGPP141pp,False,21.32764179723883,26.948560897041155,26.948560897041155,4.618185985561737
PGPP160_num1,b0418,67.225,,0.45577753,10.771123886108398,1.8401094876681463,24.0,,24.0,Metabolic (Core),False,PGPP160,False,2.082663945462965,4.355670301258848,1.8401094876681463,1.7336618762602918
PGPP160_num2,b1278,76.35248958333332,,6.9388404,28.622377395629883,4.201952486334633,24.0,,24.0,Metabolic (Core),False,PGPP160,False,9.414875466012385,13.254390093988173,6.9388404,5.3747830000994075
PGPP160pp_num1,b0418,67.225,7.0226,0.45577753,10.771123886108398,1.873480710504212,24.0,,24.0,Metabolic (Core),False,PGPP160pp,False,2.834916504915393,5.030745531653152,4.448040355252106,2.834916504915393
PGPP160pp_num2,b1278,76.35248958333332,,6.9388404,28.622377395629883,10.475654966689731,24.0,,24.0,Metabolic (Core),False,PGPP160pp,False,12.766090807161238,15.34562425410654,10.475654966689731,6.75372615142451
PGPP161_num1,b0418,67.225,15.7634,0.42184564,10.771123886108398,1.501060959466043,24.0,,24.0,Metabolic (Core),False,PGPP161,False,3.2200728924841098,7.11435762139361,6.136092422787221,3.2200728924841098
PGPP161_num2,b1278,76.35248958333332,,6.5188236,28.622377395629883,5.55587385987169,24.0,,24.0,Metabolic (Core),False,PGPP161,False,10.120666249095109,13.565691618500523,6.5188236,5.674228587655973
PGPP161pp_num1,b0418,67.225,2.8866,0.42184564,10.771123886108398,8.496721583609121,24.0,,24.0,Metabolic (Core),False,PGPP161pp,False,3.249100501673864,5.64407277742938,5.69166079180456,3.249100501673864
PGPP161pp_num2,b1278,76.35248958333332,,6.5188236,28.622377395629883,7.672849549603623,24.0,,24.0,Metabolic (Core),False,PGPP161pp,False,11.27051786690656,14.271350181744502,7.672849549603623,6.151172465467737
PGPP180_num1,b0418,67.225,8.2411,0.4022475,9.281512260437012,4.735065155694623,24.0,,24.0,Metabolic (Core),False,PGPP180,False,3.4742079514553694,5.664981229032908,6.488082577847312,3.4742079514553694
PGPP180_num2,b1278,76.35248958333332,,5.345898,27.78287696838379,4.201952486334633,24.0,,24.0,Metabolic (Core),False,PGPP180,False,8.545739965385456,12.443575818239474,5.345898,4.998184176825254
PGPP180pp_num1,b0418,67.225,0.0048,0.4022475,9.281512260437012,5.7766222627594175,24.0,,24.0,Metabolic (Core),False,PGPP180pp,False,0.5672269095563381,3.8662955057991075,3.0894348813797086,0.5672269095563381
PGPP180pp_num2,b1278,76.35248958333332,,5.345898,27.78287696838379,1.7851135665555418,24.0,,24.0,Metabolic (Core),False,PGPP180pp,False,6.424232421064675,11.637962844979777,5.345898,4.035208071582151
PGPP181_num1,b1278,76.35248958333332,6.426,,43.42146682739258,1.407557400154843,24.0,,24.0,Metabolic (Core),False,PGPP181,False,7.323248567519691,17.085008075849142,6.426,4.451719905728685
PGPP181_num2,b0418,67.225,,,27.92367553710937,3.709008719383553,24.0,,24.0,Metabolic (Core),False,PGPP181,False,10.176893241278295,15.816342128246463,15.816342128246463,3.1901243300658826
PGPP181pp_num1,b0418,67.225,2.5037,,27.92367553710937,2.410330339395014,24.0,,24.0,Metabolic (Core),False,PGPP181pp,False,5.523450672975939,10.945901958834796,2.5037,3.6029468864328433
PGPP181pp_num2,b1278,76.35248958333332,,,43.42146682739258,7.930539978052965,24.0,,24.0,Metabolic (Core),False,PGPP181pp,False,18.55682296570018,25.67600340272277,25.67600340272277,4.307763104640293
PGSA120,b1912,149.80799644754114,43.8226,4.39481,8.642553329467773,6.480107934481085,,,,Metabolic (Core),False,PGSA120,False,10.190972698600692,15.835017815987214,7.561330631974429,10.190972698600692
PGSA140,b1912,149.80799644754114,1.8321,4.39481,3.2887840270996094,4.735065155694623,,112645.641475366,,Metabolic (Core),False,PGSA140,False,3.3462828541313776,3.5626897956985584,3.8417970135498045,3.3462828541313776
PGSA141,b1912,149.80799644754114,2.4441,4.39481,3.0986924171447754,7.497355702650688,,112645.641475366,,Metabolic (Core),False,PGSA141,False,3.9745358174787815,4.358739529948866,3.7467512085723875,3.9745358174787815
PGSA160,b1912,149.80799644754114,0.538,4.39481,5.210255146026611,2.757886602159652,,,,Metabolic (Core),False,PGSA160,False,2.414290046986613,3.2252379370465656,3.576348301079826,2.414290046986613
PGSA161,b1912,149.80799644754114,2.4441,4.39481,6.389145851135254,3.028813247277281,,,,Metabolic (Core),False,PGSA161,False,3.7970261959090132,4.064217274603134,3.7118116236386403,3.7970261959090132
PGSA180,b1912,149.80799644754114,22.8777,4.39481,6.985991954803467,3.709008719383553,,,,Metabolic (Core),False,PGSA180,False,7.144298636315232,9.491877668546755,5.690400977401733,7.144298636315232
PGSA181,b1912,149.80799644754114,4.3812,4.39481,2.750835657119751,12.716534780945764,,,,Metabolic (Core),False,PGSA181,False,5.094383708854263,6.060845109516379,4.388005,5.094383708854263
PHDA,b2873,178.0,6.1663,,40.91169738769531,3.318657465044924,,112645.641475366,,Metabolic (Core),False,PHDA,False,9.42493128317727,16.79888495091341,6.1663,5.379087939339796
PHEMEabcpp,b2200 and b2199 and b2198 and b2197 and b2201,95.0900113764718,21.1088,,,2.6014665750227497,,,,Metabolic (Core),True,PHEMEabcpp,False,7.410387145003977,11.855133287511375,11.855133287511375,2.722202627469891
PHETA1_num1,b0928,128.2406734749161,2.3745,8.513043,308.0410461425781,2.459055654015251,343.81666666666666,,343.81666666666666,Metabolic (Core),False,PHETA1,False,11.123936143029205,80.34691119914834,5.486049327007626,11.123936143029205
PHETA1_num2,b4054,128.2406734749161,,3.1452296,71.67434692382812,4.3269544586335424,343.81666666666666,,343.81666666666666,Metabolic (Core),False,PHETA1,False,9.917437547693908,26.382176994153884,4.3269544586335424,5.588555982015031
PHETA1_num3,b3770,120.7983675600902,,37.56687,24.663986206054688,8.578554053307505,343.81666666666666,,343.81666666666666,Metabolic (Core),False,PHETA1,False,19.956947934628747,23.603136753120733,24.663986206054688,9.442143429360781
PHETA1_reverse_num1,b0928,128.2406734749161,1.1041,7.11733,369.3676452636719,2.193511043557145,343.81666666666666,,343.81666666666666,Metabolic (Reverse),False,PHETA1,True,8.932665002312914,94.94564657680725,4.655420521778573,8.932665002312914
PHETA1_reverse_num2,b4054,128.2406734749161,,2.3280623,80.97610473632812,6.334036791279153,343.81666666666666,,343.81666666666666,Metabolic (Reverse),False,PHETA1,True,10.609070948917752,29.87940127586909,6.334036791279153,5.878384849997667
PHETA1_reverse_num3,b3770,120.7983675600902,,12.652815,24.663986206054688,7.677819618581422,343.81666666666666,,343.81666666666666,Metabolic (Reverse),False,PHETA1,True,13.381232311444942,14.998206941545371,12.652815,6.996358949073334
PHEt2rpp_num1,b0576,23.0,9.3825,8.629671,38.65018844604492,10.475654966689731,,112645.641475366,,Metabolic (Core),False,PHEt2rpp,False,13.455858248111534,16.784503603183666,9.929077483344866,13.455858248111534
PHEt2rpp_num2,b0112,23.0,,5.1394577,43.46313095092773,1.7851135665555418,,112645.641475366,,Metabolic (Core),False,PHEt2rpp,False,7.360399462898086,16.79590073916109,5.1394577,4.468646894294965
PHEt2rpp_reverse_num1,b0576,23.0,2.9083,8.629671,38.65018844604492,8.45796774937034,,112645.641475366,,Metabolic (Reverse),False,PHEt2rpp,True,9.51727833814578,14.661531798853815,8.543819374685171,9.51727833814578
PHEt2rpp_reverse_num2,b0112,23.0,,5.1394577,43.46313095092773,6.510910736437578,,112645.641475366,,Metabolic (Reverse),False,PHEt2rpp,True,11.329915787493283,18.371166462455104,6.510910736437578,6.175469930558625
PHEtex_num1,b1377,96.2904209055866,,,,,,112645.641475366,,Transport,False,PHEtex,False,,,,
PHEtex_num2,b0241,33.2825,,,,,,112645.641475366,,Transport,False,PHEtex,False,,,,
PHEtex_num3,b0929,94.8168,,,,,,112645.641475366,,Transport,False,PHEtex,False,,,,
PHEtex_num4,b2215,96.2904209055866,,,,,,112645.641475366,,Transport,False,PHEtex,False,,,,
PHEtex_reverse_num1,b1377,96.2904209055866,,,,,,112645.641475366,,Transport,False,PHEtex,True,,,,
PHEtex_reverse_num2,b0241,33.2825,,,,,,112645.641475366,,Transport,False,PHEtex,True,,,,
PHEtex_reverse_num3,b0929,94.8168,,,,,,112645.641475366,,Transport,False,PHEtex,True,,,,
PHEtex_reverse_num4,b2215,96.2904209055866,,,,,,112645.641475366,,Transport,False,PHEtex,True,,,,
PHEtipp,b1473,33.2825,,,,,,112645.641475366,,Transport,False,PHEtipp,False,,,,
PHYTSpp,b0980,205.72000000000008,2.0179,,1413.634765625,61.344739085041006,,112645.641475366,,Metabolic (Core),False,PHYTSpp,False,55.93342245332554,492.33246823668037,61.344739085041006,20.45283643843641
PIt2rpp_num1,b3493,30.14125,,,,,,112645.641475366,,Metabolic (Core),False,PIt2rpp,False,,,,
PIt2rpp_num2,b2987,33.2825,,,,,,112645.641475366,,Metabolic (Core),False,PIt2rpp,False,,,,
PItex_num1,b1377,96.2904209055866,,,,,,112645.641475366,,Transport,False,PItex,False,,,,
PItex_num2,b0241,33.2825,,,,,,112645.641475366,,Transport,False,PItex,False,,,,
PItex_num3,b0929,94.8168,,,,,,112645.641475366,,Transport,False,PItex,False,,,,
PItex_num4,b2215,96.2904209055866,,,,,,112645.641475366,,Transport,False,PItex,False,,,,
PItex_reverse_num1,b1377,96.2904209055866,,,,,,112645.641475366,,Transport,False,PItex,True,,,,
PItex_reverse_num2,b0241,33.2825,,,,,,112645.641475366,,Transport,False,PItex,True,,,,
PItex_reverse_num3,b0929,94.8168,,,,,,112645.641475366,,Transport,False,PItex,True,,,,
PItex_reverse_num4,b2215,96.2904209055866,,,,,,112645.641475366,,Transport,False,PItex,True,,,,
PItpp,b4020,54.34625,,,,,,112645.641475366,,Transport,False,PItpp,False,,,,
PIuabcpp,b3728 and b3725 and b3727 and b3726,90.65907860738318,,,,,,,,Metabolic (Core),True,PIuabcpp,False,,,,
PLIPA1A120pp,b3821,114.44310926058014,0.6196,,76.44440460205078,3.0734277155319725,92856.4,,92856.4,Metabolic (Core),False,PLIPA1A120pp,False,5.260496124129269,26.712477439194256,3.0734277155319725,3.4735217987401894
PLIPA1A140pp,b3821,114.44310926058014,10.5614,7.286067,17.25525665283203,3.0734277155319725,92856.4,,92856.4,Metabolic (Core),False,PLIPA1A140pp,False,7.992631119491889,9.544037842091,8.9237335,7.992631119491889
PLIPA1A141pp,b3821,114.44310926058014,1.4741,,76.44440460205078,3.0734277155319725,92856.4,,92856.4,Metabolic (Core),False,PLIPA1A141pp,False,7.022610001200838,26.997310772527584,3.0734277155319725,4.313938137767582
PLIPA1A160pp,b3821,114.44310926058014,2.5809,6.744749,19.437274932861328,3.0734277155319725,92856.4,,92856.4,Metabolic (Core),False,PLIPA1A160pp,False,5.678698846748762,7.959087912098325,4.909088357765986,5.678698846748762
PLIPA1A161pp,b3821,114.44310926058014,2.4137,,76.44440460205078,3.0734277155319725,,112645.641475366,,Metabolic (Core),False,PLIPA1A161pp,False,8.27721047590267,27.31051077252759,3.0734277155319725,4.8799233337341725
PLIPA1A180pp,b3821,114.44310926058014,4.8024,4.318058,20.024599075317383,3.0734277155319725,92856.4,,92856.4,Metabolic (Core),False,PLIPA1A180pp,False,5.977002103533958,8.054621197712338,4.560229,5.977002103533958
PLIPA1A181pp,b3821,114.44310926058014,14.1144,,58.47757339477539,6.2570891518567215,,112645.641475366,,Metabolic (Core),False,PLIPA1A181pp,False,17.285211672990222,26.28302084887737,14.1144,8.477270216191263
PLIPA1E120pp,b3821,114.44310926058014,0.838,,21.253028869628903,7.211659285404079,,112645.641475366,,Metabolic (Core),False,PLIPA1E120pp,False,5.045451281692086,9.767562718344328,7.211659285404079,3.3664720474211194
PLIPA1E140pp,b3821,114.44310926058014,3.5499,,18.86717414855957,10.400376497266745,,112645.641475366,,Metabolic (Core),False,PLIPA1E140pp,False,8.864563312472926,10.939150215275438,10.400376497266745,5.137395602504049
PLIPA1E141pp,b3821,114.44310926058014,0.488,,76.44440460205078,2.177845051255175,,112645.641475366,,Metabolic (Core),False,PLIPA1E141pp,False,4.331092913769345,26.370083217768652,2.177845051255175,3.0022587931114257
PLIPA1E160pp,b3821,114.44310926058014,38.5124,5.542671,28.622377395629883,3.744908238513749,92856.4,,92856.4,Metabolic (Core),False,PLIPA1E160pp,False,12.298910529511037,19.105589158535906,17.08252419781494,12.298910529511037
PLIPA1E161pp,b3821,114.44310926058014,0.7868,,76.44440460205078,3.744908238513749,,112645.641475366,,Metabolic (Core),False,PLIPA1E161pp,False,6.084390479622568,26.992037613521507,3.744908238513749,3.874028475230672
PLIPA1E180pp,b3821,114.44310926058014,0.3552,4.8175235,27.78287696838379,8.36363692666625,92856.4,,92856.4,Metabolic (Core),False,PLIPA1E180pp,False,4.465471238948239,10.32980934876251,6.590580213333125,4.465471238948239
PLIPA1E181pp,b3821,114.44310926058014,10.0832,,58.47757339477539,6.130754302507611,,112645.641475366,,Metabolic (Core),False,PLIPA1E181pp,False,15.347367003968001,24.897175899094336,10.0832,7.753993077439476
PLIPA1G120pp,b3821,114.44310926058014,13.0899,,76.44440460205078,3.095314723399571,,112645.641475366,,Metabolic (Core),False,PLIPA1G120pp,False,14.576802902104703,30.876539775150118,13.0899,7.460135421993386
PLIPA1G140pp,b3821,114.44310926058014,2.1894,5.780311,22.55681610107422,8.36363692666625,,112645.641475366,,Metabolic (Core),False,PLIPA1G140pp,False,6.990163313014931,9.722541006935117,7.071973963333125,6.990163313014931
PLIPA1G141pp,b3821,114.44310926058014,1.761,,76.44440460205078,5.717953119838133,,112645.641475366,,Metabolic (Core),False,PLIPA1G141pp,False,9.164635912971391,27.974452573962967,5.717953119838133,5.267280082909608
PLIPA1G160pp,b3821,114.44310926058014,0.4232,4.222907,26.967998504638672,2.129537114934948,,112645.641475366,,Metabolic (Core),False,PLIPA1G160pp,False,3.182898403020565,8.435910654893405,3.176222057467474,3.182898403020565
PLIPA1G161pp,b3821,114.44310926058014,4.5075,,17.776649475097656,8.36363692666625,,112645.641475366,,Metabolic (Core),False,PLIPA1G161pp,False,8.751052149877225,10.21592880058797,8.36363692666625,5.087977755784848
PLIPA1G180pp,b3821,114.44310926058014,8.6765,3.5549717,26.967998504638672,5.67086290135236,,112645.641475366,,Metabolic (Core),False,PLIPA1G180pp,False,8.287425657180412,11.217583276497757,7.173681450676181,8.287425657180412
PLIPA1G181pp,b3821,114.44310926058014,0.0146,,58.47757339477539,5.67086290135236,,112645.641475366,,Metabolic (Core),False,PLIPA1G181pp,False,1.6917276547536984,21.38767876537592,5.67086290135236,1.4833643475628164
PLIPA2A120pp,b3821,114.44310926058014,101.7548,,20.62967300415039,8.724466117339635,,28.492454545454542,,Metabolic (Core),False,PLIPA2A120pp,False,26.358986226518734,43.702979707163344,20.62967300415039,11.633128554088325
PLIPA2A140pp,b3821,114.44310926058014,9.2168,7.286067,37.41640472412109,21.499615372978354,,28.492454545454542,,Metabolic (Core),False,PLIPA2A140pp,False,15.245494558968058,18.85472177427486,15.358207686489177,15.245494558968058
PLIPA2A141pp,b3821,114.44310926058014,1.1009,,76.44440460205078,3.474394253158311,,28.492454545454542,,Metabolic (Core),False,PLIPA2A141pp,False,6.637291486161988,27.006566285069695,3.474394253158311,4.135168091971351
PLIPA2A160pp,b3821,114.44310926058014,7.7869,6.744749,19.437274932861328,3.646767652551578,,28.492454545454542,,Metabolic (Core),False,PLIPA2A160pp,False,7.8112127271915,9.403922896353228,7.2658245,7.8112127271915
PLIPA2A161pp,b3821,114.44310926058014,6.7266,,76.44440460205078,2.23349776356753,,112645.641475366,,Metabolic (Core),False,PLIPA2A161pp,False,10.472304842549265,28.468167455206103,6.7266,5.821457173310699
PLIPA2A180pp,b3821,114.44310926058014,5.5407,4.318058,32.241825103759766,21.01652074287752,,28.492454545454542,,Metabolic (Core),False,PLIPA2A180pp,False,11.283878118189211,15.779275961659323,13.278610371438761,11.283878118189211
PLIPA2A181pp,b3821,114.44310926058014,0.5799,,58.47757339477539,1.8401094876681463,,112645.641475366,,Metabolic (Core),False,PLIPA2A181pp,False,3.966389611992392,20.299194294147846,1.8401094876681463,2.8105837373136326
PLIPA2E120pp,b3821,114.44310926058014,0.5396,,12.43678379058838,4.939211283970827,,112645.641475366,,Metabolic (Core),False,PLIPA2E120pp,False,3.2122737089500637,5.971865024853069,4.939211283970827,2.3994373088274608
PLIPA2E140pp,b3821,114.44310926058014,9.267,,11.040637016296388,1.943590361031116,,112645.641475366,,Metabolic (Core),False,PLIPA2E140pp,False,5.8368609022018925,7.417075792442502,9.267,3.7552124130983153
PLIPA2E141pp,b3821,114.44310926058014,15.2434,,76.44440460205078,8.913343525198545,,112645.641475366,,Metabolic (Core),False,PLIPA2E141pp,False,21.81839154069037,33.53371604241644,15.2434,10.09524930232862
PLIPA2E160pp,b3821,114.44310926058014,17758.2921,5.542671,27.78287696838379,1.1124517833873355,,112645.641475366,,Metabolic (Core),False,PLIPA2E160pp,False,41.763287419210975,4448.182524937943,16.662773984191894,41.763287419210975
PLIPA2E161pp,b3821,114.44310926058014,8.0302,,76.44440460205078,19.07447150904677,,112645.641475366,,Metabolic (Core),False,PLIPA2E161pp,False,22.707789486955,34.51635870369919,19.07447150904677,10.402342395493017
PLIPA2E180pp,b3821,114.44310926058014,8.0888,4.8175235,25.40924453735352,1.3662674994995092,,112645.641475366,,Metabolic (Core),False,PLIPA2E180pp,False,6.064693502915482,9.920458884213257,6.4531617500000005,6.064693502915482
PLIPA2E181pp,b3821,114.44310926058014,0.3855,,58.47757339477539,10.475654966689731,,112645.641475366,,Metabolic (Core),False,PLIPA2E181pp,False,6.181088620639357,23.112909453821704,10.475654966689731,3.920114278761535
PLIPA2G120pp,b3821,114.44310926058014,0.3187,,9.801222801208496,1.3662674994995092,,112645.641475366,,Metabolic (Core),False,PLIPA2G120pp,False,1.6220566616296268,3.8287301002360015,1.3662674994995092,1.4373069172063653
PLIPA2G140pp,b3821,114.44310926058014,175.1943,5.780311,20.024599075317383,2.4261922017871043,,112645.641475366,,Metabolic (Core),False,PLIPA2G140pp,False,14.893269641342313,50.856350569276124,12.902455037658692,14.893269641342313
PLIPA2G141pp,b3821,114.44310926058014,0.3043,,76.44440460205078,4.505918121530305,,112645.641475366,,Metabolic (Core),False,PLIPA2G141pp,False,4.714948826692949,27.084874241193692,4.505918121530305,3.1996887743023046
PLIPA2G160pp,b3821,114.44310926058014,4.8372,4.222907,25.40924453735352,3.737596363772756,,112645.641475366,,Metabolic (Core),False,PLIPA2G160pp,False,6.63662728489017,9.551736975281568,4.5300535,6.63662728489017
PLIPA2G161pp,b3821,114.44310926058014,36.7086,,17.776649475097656,10.241854526086245,,112645.641475366,,Metabolic (Core),False,PLIPA2G161pp,False,18.836437885736174,21.575701333727967,17.776649475097656,9.04167897554449
PLIPA2G180pp,b3821,114.44310926058014,8.0302,3.5549717,23.94058609008789,6.893062771666467,,112645.641475366,,Metabolic (Core),False,PLIPA2G180pp,False,8.284711325052339,10.60470514043859,7.461631385833234,8.284711325052339
PLIPA2G181pp,b3821,114.44310926058014,45.3915,,8.19803237915039,6.960383956781024,,112645.641475366,,Metabolic (Core),False,PLIPA2G181pp,False,13.733222416653321,20.18330544531047,8.19803237915039,7.133938158913703
PMANM,b2048,121.20698236312832,,,,,,17.975,,Metabolic (Core),False,PMANM,False,,,,
PMANM_reverse,b2048,121.20698236312832,,,,,,17.975,,Metabolic (Reverse),False,PMANM,True,,,,
PMDPHT_num1,b0844,158.9366175174943,0.6255,3.076749,13.349570274353027,3.743103432139716,,2.3666667666666665,,Metabolic (Core),False,PMDPHT,False,3.131515920752083,5.198730676623186,3.409926216069858,3.131515920752083
PMDPHT_num2,b3812,127.45531181646874,41.3155,3.8809974,2.147484302520752,8.645785370246568,,2.3666667666666665,,Metabolic (Core),False,PMDPHT,False,7.386653091464462,13.99744176819183,6.263391385123284,7.386653091464462
PMEACPE,b3412,129.92752530694554,2.6224,,6.6559600830078125,12.944373024364497,8.64,,8.64,Metabolic (Core),False,PMEACPE,False,6.090648758449676,7.407577702457435,6.6559600830078125,3.8770166506188373
PMPK,b2103,128.2406734749161,1.4882,,3.170287847518921,7.759480633406317,0.07,,0.07,Metabolic (Core),False,PMPK,False,3.320454625296994,4.1393228269750795,3.170287847518921,2.4597907409289097
PNSPA,b1103,215.88128544774256,303.9653,,8.202713012695312,2.3451833249692777,,112645.641475366,,Metabolic (Core),False,PNSPA,False,18.015767744273987,104.83773211255487,8.202713012695312,8.744592594873001
PNTK,b3974,116.89457360940392,0.5224,1.6366055,0.8003122806549072,5.7766222627594175,0.7603333333333333,,0.7603333333333333,Metabolic (Core),False,PNTK,False,1.4100033884978553,2.183985010853581,1.2184588903274536,1.4100033884978553
PNTOt4pp,b3258,23.0,3.8321,10.648635,15.781052589416504,2.3823735145285267,,112645.641475366,,Metabolic (Core),False,PNTOt4pp,False,6.258484032308267,8.161040275986258,7.2403675000000005,6.258484032308267
PNTOtex_num1,b1377,96.2904209055866,,,,,,112645.641475366,,Transport,False,PNTOtex,False,,,,
PNTOtex_num2,b0241,33.2825,,,,,,112645.641475366,,Transport,False,PNTOtex,False,,,,
PNTOtex_num3,b0929,94.8168,,,,,,112645.641475366,,Transport,False,PNTOtex,False,,,,
PNTOtex_num4,b2215,96.2904209055866,,,,,,112645.641475366,,Transport,False,PNTOtex,False,,,,
PNTOtex_reverse_num1,b1377,96.2904209055866,,,,,,112645.641475366,,Transport,False,PNTOtex,True,,,,
PNTOtex_reverse_num2,b0241,33.2825,,,,,,112645.641475366,,Transport,False,PNTOtex,True,,,,
PNTOtex_reverse_num3,b0929,94.8168,,,,,,112645.641475366,,Transport,False,PNTOtex,True,,,,
PNTOtex_reverse_num4,b2215,96.2904209055866,,,,,,112645.641475366,,Transport,False,PNTOtex,True,,,,
POAACR,b1010,149.80799644754114,6.6684,6.5874867,34.719215393066406,1.3088988302687683,,112645.641475366,,Metabolic (Core),False,POAACR,False,6.684275537872129,12.321000230833794,6.627943350000001,6.684275537872129
POR5_num1,b1378 and b0684,120.42138255624845,34.4823,5.268276,15.111824035644531,1.3800644610349209,,112645.641475366,,Metabolic (Core),True,POR5,False,7.8454932180327885,14.060616124169863,10.190050017822266,7.8454932180327885
POR5_num2,b1378 and b2895,121.20698236312832,,27.52342,20.497108459472656,3.9123352524916633,,112645.641475366,,Metabolic (Core),True,POR5,False,13.019981080595745,17.310954570654776,20.497108459472656,6.854215659737013
POR5_reverse_num1,b1378 and b0684,120.42138255624845,13.8166,5.895344,11.221012115478516,9.525367628761076,,112645.641475366,,Metabolic (Reverse),True,POR5,True,9.659530730042958,10.114580936059898,10.373189872119795,9.659530730042958
POR5_reverse_num2,b1378 and b2895,121.20698236312832,,9.468074,12.378698348999023,,,112645.641475366,,Metabolic (Reverse),True,POR5,True,10.826007204505295,10.923386174499512,10.923386174499512,3.290289835942313
POX,b0871,109.93846339912258,0.1886,0.38517183,50.11541366577149,5.265135685472943,,112645.641475366,,Metabolic (Core),False,POX,False,2.0923978886823673,13.988580295311108,2.8251537577364716,2.0923978886823673
PPA2_num1,b2502,149.80799644754114,,,,,,1664.872,,Metabolic (Core),False,PPA2,False,,,,
PPA2_num2,b2744,117.63095515668913,,,,,,1664.872,,Metabolic (Core),False,PPA2,False,,,,
PPAKr,b3115,205.72000000000008,15.3721,128.21843,83.78691101074219,1.1142984775566231,153940.8933333333,,153940.8933333333,Metabolic (Core),False,PPAKr,False,20.71168074259159,57.1229348720747,49.579505505371095,20.71168074259159
PPAKr_reverse,b3115,205.72000000000008,14.6663,,97.23410034179688,6.114933958500958,153940.8933333333,,153940.8933333333,Metabolic (Reverse),False,PPAKr,True,20.583077621882108,39.338444766765946,14.6663,9.663461792600945
PPALtex_num1,b1377,96.2904209055866,,,,,,112645.641475366,,Transport,False,PPALtex,False,,,,
PPALtex_num2,b0241,33.2825,,,,,,112645.641475366,,Transport,False,PPALtex,False,,,,
PPALtex_num3,b0929,94.8168,,,,,,112645.641475366,,Transport,False,PPALtex,False,,,,
PPALtex_num4,b2215,96.2904209055866,,,,,,112645.641475366,,Transport,False,PPALtex,False,,,,
PPALtex_reverse_num1,b1377,96.2904209055866,,,,,,112645.641475366,,Transport,False,PPALtex,True,,,,
PPALtex_reverse_num2,b0241,33.2825,,,,,,112645.641475366,,Transport,False,PPALtex,True,,,,
PPALtex_reverse_num3,b0929,94.8168,,,,,,112645.641475366,,Transport,False,PPALtex,True,,,,
PPALtex_reverse_num4,b2215,96.2904209055866,,,,,,112645.641475366,,Transport,False,PPALtex,True,,,,
PPA_num1,b2502,149.80799644754114,,,,,,102.92384615384616,,Metabolic (Core),False,PPA,False,,,,
PPA_num2,b2744,117.63095515668913,,,,,,102.92384615384616,,Metabolic (Core),False,PPA,False,,,,
PPA_num3,b4226,169.22268505812133,,,,,,102.92384615384616,,Metabolic (Core),False,PPA,False,,,,
PPAt4pp,b1015,23.0,0.4807,,29.488563537597656,2.433073219097816,,112645.641475366,,Metabolic (Core),False,PPAt4pp,False,3.255074798519494,10.800778918898489,2.433073219097816,2.423375592641412
PPAtex_num1,b0929,94.8168,,,,,,112645.641475366,,Transport,False,PPAtex,False,,,,
PPAtex_num2,b0241,33.2825,,,,,,112645.641475366,,Transport,False,PPAtex,False,,,,
PPAtex_num3,b1377,96.2904209055866,,,,,,112645.641475366,,Transport,False,PPAtex,False,,,,
PPAtex_num4,b2215,96.2904209055866,,,,,,112645.641475366,,Transport,False,PPAtex,False,,,,
PPAtex_reverse_num1,b0929,94.8168,,,,,,112645.641475366,,Transport,False,PPAtex,True,,,,
PPAtex_reverse_num2,b0241,33.2825,,,,,,112645.641475366,,Transport,False,PPAtex,True,,,,
PPAtex_reverse_num3,b1377,96.2904209055866,,,,,,112645.641475366,,Transport,False,PPAtex,True,,,,
PPAtex_reverse_num4,b2215,96.2904209055866,,,,,,112645.641475366,,Transport,False,PPAtex,True,,,,
PPBNGS,b0369,115.69288473855748,,,,,1.375,,1.375,Metabolic (Core),False,PPBNGS,False,,,,
PPC,b3956,152.5584987702834,0.4519,94.74958,273.7337341308594,20.83005914936328,345.0,,345.0,Metabolic (Core),False,PPC,False,22.22847225308783,97.44131832005567,57.78981957468164,22.22847225308783
PPCDC,b3639,103.47895132344424,0.0117,1.3223494,2.5288827419281006,2.302223131366209,0.8333333,,0.8333333,Metabolic (Core),False,PPCDC,False,0.5478378667018672,1.5412888183235776,1.8122862656831047,0.5478378667018672
PPCK,b3403,115.69288473855744,7.1253,6.9581585,33.10459518432617,229.50963769458312,34.982,,34.982,Metabolic (Core),False,PPCK,False,24.77403062692157,69.17442284472732,20.114947592163087,24.77403062692157
PPCSCT,b2920,121.20698236312832,4.1723,30.855896,31.288265228271484,3.653492800559781,,14.2,,Metabolic (Core),False,PPCSCT,False,11.014146723031926,17.492488507207817,17.514098,11.014146723031926
PPDOy,b0325,155.2551722501099,0.725,44.84183,63.59649658203125,15.283690266797445,,,,Metabolic (Core),False,PPDOy,False,13.332779248390011,31.111754212207178,30.062760133398722,13.332779248390011
PPGPPDP,b3650,169.7465083415484,1.9442,0.46219298,4.553455829620361,10.8282836744015,,2.901428571428572,,Metabolic (Core),False,PPGPPDP,False,2.579979523578368,4.447033121005465,3.248827914810181,2.579979523578368
PPK,b2501,153.48944171492553,,,,,,112645.641475366,,Metabolic (Core),False,PPK,False,,,,
PPK2,b2501,153.48944171492553,,,,,,112645.641475366,,Metabolic (Core),False,PPK2,False,,,,
PPM,b4383,149.80799644754114,,,,,58235.625,,58235.625,Metabolic (Core),False,PPM,False,,,,
PPM2,b4383,149.80799644754114,,,,,58235.625,,58235.625,Metabolic (Core),False,PPM2,False,,,,
PPM2_reverse,b4383,149.80799644754114,,,,,58235.625,,58235.625,Metabolic (Reverse),False,PPM2,True,,,,
PPM_reverse,b4383,149.80799644754114,,,,,58235.625,,58235.625,Metabolic (Reverse),False,PPM,True,,,,
PPNCL2,b3639,103.47895132344424,8310.6097,1.3105887,2.9794979095458984,4.588231538118686,0.8833333,,0.8833333,Metabolic (Core),False,PPNCL2,False,19.643638313461818,2079.8720045369164,3.783864723832292,19.643638313461818
PPND,b2600,136.71153247522938,4.9589,,13.837408065795898,2.3823957734715617,53.89,,53.89,Metabolic (Core),False,PPND,False,5.467867764239989,7.0595679464224865,4.9589,3.5757199884867745
PPNDH,b2599,138.0434703703704,0.7335,,13.102502822875977,6.814832905594133,32.0,,32.0,Metabolic (Core),False,PPNDH,False,4.0309108884230405,6.883611909490036,6.814832905594133,2.844804314581443
PPPGO,b3850,95.0900113764718,18.1437,0.2635443,1.406787395477295,5.8218552443149,,0.6790757579090909,,Metabolic (Core),False,PPPGO,False,2.5015969505483504,6.408971734948048,3.6143213198960975,2.5015969505483504
PPPGO3,b3850,95.0900113764718,116.5111,0.2635443,1.7327171564102173,4.505918121530305,,0.893125,,Metabolic (Core),False,PPPGO3,False,3.934893435897877,30.75331989448513,3.1193176389702613,3.934893435897877
PPPNDO,b2540 and b2542 and b2538 and b2539,136.71153247522938,330.9361,7.760808,14.974894523620604,2.48640249435364,,,,Metabolic (Core),True,PPPNDO,False,17.58517004351387,89.03955125449356,11.367851261810301,17.58517004351387
PPPNt2rpp,b2536,33.2825,0.1201,1.8561687,10.87685489654541,8.645785370246568,,112645.641475366,,Metabolic (Core),False,PPPNt2rpp,False,2.139769827558217,5.374727241697995,5.250977035123284,2.139769827558217
PPPNt2rpp_reverse,b2536,33.2825,37.917,1.8561687,10.87685489654541,8.06523027060146,,112645.641475366,,Metabolic (Reverse),False,PPPNt2rpp,True,8.864268041626953,14.678813466786718,9.471042583573436,8.864268041626953
PPPNtex_num1,b1377,96.2904209055866,,,,,,112645.641475366,,Transport,False,PPPNtex,False,,,,
PPPNtex_num2,b0241,33.2825,,,,,,112645.641475366,,Transport,False,PPPNtex,False,,,,
PPPNtex_num3,b0929,94.8168,,,,,,112645.641475366,,Transport,False,PPPNtex,False,,,,
PPPNtex_num4,b2215,96.2904209055866,,,,,,112645.641475366,,Transport,False,PPPNtex,False,,,,
PPPNtex_reverse_num1,b1377,96.2904209055866,,,,,,112645.641475366,,Transport,False,PPPNtex,True,,,,
PPPNtex_reverse_num2,b0241,33.2825,,,,,,112645.641475366,,Transport,False,PPPNtex,True,,,,
PPPNtex_reverse_num3,b0929,94.8168,,,,,,112645.641475366,,Transport,False,PPPNtex,True,,,,
PPPNtex_reverse_num4,b2215,96.2904209055866,,,,,,112645.641475366,,Transport,False,PPPNtex,True,,,,
PPS,b1702,119.0261688564688,2.4517,3.8289595,3.168363571166992,5.265135685472943,1468762.275,,1468762.275,Metabolic (Core),False,PPS,False,3.5375140194415056,3.678539689159984,3.498661535583496,3.5375140194415056
PPTHpp,b0383,205.72000000000008,5.3681,30.983015,175.93133544921875,4.3269544586335424,,112645.641475366,,Metabolic (Core),False,PPTHpp,False,18.863290349729564,54.15235122696307,18.1755575,18.863290349729564
PPTtex_num1,b1377,96.2904209055866,,,,,,112645.641475366,,Transport,False,PPTtex,False,,,,
PPTtex_num2,b0241,33.2825,,,,,,112645.641475366,,Transport,False,PPTtex,False,,,,
PPTtex_num3,b0929,94.8168,,,,,,112645.641475366,,Transport,False,PPTtex,False,,,,
PPTtex_num4,b2215,96.2904209055866,,,,,,112645.641475366,,Transport,False,PPTtex,False,,,,
PPTtex_reverse_num1,b1377,96.2904209055866,,,,,,112645.641475366,,Transport,False,PPTtex,True,,,,
PPTtex_reverse_num2,b0241,33.2825,,,,,,112645.641475366,,Transport,False,PPTtex,True,,,,
PPTtex_reverse_num3,b0929,94.8168,,,,,,112645.641475366,,Transport,False,PPTtex,True,,,,
PPTtex_reverse_num4,b2215,96.2904209055866,,,,,,112645.641475366,,Transport,False,PPTtex,True,,,,
PRAGSr,b4005,149.80799644754114,81.0768,7.2210307,10.139662742614746,5.613717464756171,8154.349999999999,,8154.349999999999,Metabolic (Core),False,PRAGSr,False,13.511154586756525,26.01280272684273,8.680346721307373,13.511154586756525
PRAGSr_reverse,b4005,149.80799644754114,9.801,5.59391,6.297506809234619,6.334036791279153,8154.349999999999,,8154.349999999999,Metabolic (Reverse),False,PRAGSr,True,6.838467272820255,7.006613400128443,6.315771800256886,6.838467272820255
PRAIS,b2499,101.46981508671728,20.4418,8.788,7.946943759918213,4.2102808645197,,,,Metabolic (Core),False,PRAIS,False,8.805014950859183,10.346756156109478,8.367471879959107,8.805014950859183
PRAIi,b1262,115.69288473855744,,,,,39.45,,39.45,Metabolic (Core),False,PRAIi,False,,,,
PRAMPC,b2026,197.70251011777788,8.8595,0.77304727,17.26673126220703,147.91502098856446,,4.2175,,Metabolic (Core),False,PRAMPC,False,11.500306580362512,43.703574880192875,13.063115631103516,11.500306580362512
PRASCSi,b2476,97.61360481285834,11.8457,0.9823159,7.109346866607666,8.018026648275109,,,,Metabolic (Core),False,PRASCSi,False,5.074897507625824,6.988847353720693,7.5636867574413875,5.074897507625824
PRATPP,b2026,197.70251011777788,13.2252,0.49964088,5.949090003967285,10.400376497266745,,,,Metabolic (Core),False,PRATPP,False,4.496658988820438,7.518576845308507,8.174733250617015,4.496658988820438
PRCPD,b4092,127.45531181646874,6.5127,,1.4997607469558716,3.50353385821492,,112645.641475366,,Metabolic (Core),False,PRCPD,False,3.246607530332006,3.8386648683902638,3.50353385821492,2.4186461966413004
PRFGS,b2557,115.69288473855744,8310.6097,8.0059,38.23566055297852,7.616395908391146,0.05,,0.05,Metabolic (Core),False,PRFGS,False,66.3460832052117,2091.1169141153428,23.120780276489263,66.3460832052117
PRMICI,b2024,157.17088698230995,,,,,9.6,,9.6,Metabolic (Core),False,PRMICI,False,,,,
PRMICI_reverse,b2024,157.17088698230995,,,,,9.6,,9.6,Metabolic (Reverse),False,PRMICI,True,,,,
PROD3,b1014,133.28236464036155,1.5701,5.7781615,9.13535213470459,10.715145331378668,,112645.641475366,,Metabolic (Core),False,PROD3,False,5.458962199341429,6.799689741520814,7.456756817352295,5.458962199341429
PROGLYabcpp,b3541 and b3542 and b3544 and b3540 and b3543,104.73241798245591,17.1747,0.61416185,18.979406356811523,8.126022089600111,,112645.641475366,,Metabolic (Core),True,PROGLYabcpp,False,6.350869000129922,11.22357257410291,12.650361044800057,6.350869000129922
PROGLYtex_num1,b1377,96.2904209055866,,,,,,112645.641475366,,Transport,False,PROGLYtex,False,,,,
PROGLYtex_num2,b0241,33.2825,,,,,,112645.641475366,,Transport,False,PROGLYtex,False,,,,
PROGLYtex_num3,b0929,94.8168,,,,,,112645.641475366,,Transport,False,PROGLYtex,False,,,,
PROGLYtex_num4,b2215,96.2904209055866,,,,,,112645.641475366,,Transport,False,PROGLYtex,False,,,,
PROGLYtex_reverse_num1,b1377,96.2904209055866,,,,,,112645.641475366,,Transport,False,PROGLYtex,True,,,,
PROGLYtex_reverse_num2,b0241,33.2825,,,,,,112645.641475366,,Transport,False,PROGLYtex,True,,,,
PROGLYtex_reverse_num3,b0929,94.8168,,,,,,112645.641475366,,Transport,False,PROGLYtex,True,,,,
PROGLYtex_reverse_num4,b2215,96.2904209055866,,,,,,112645.641475366,,Transport,False,PROGLYtex,True,,,,
PROabcpp,b2678 and b2677 and b2679,90.65907860738318,137.3844,3.9042573,18.982484817504883,1.2556971297984412,,112645.641475366,,Metabolic (Core),True,PROabcpp,False,10.633554316065181,40.381709811825836,11.443371058752442,10.633554316065181
PROt2rpp_num1,b4111,23.0,12.3237,3.4116294,15.8236083984375,6.9899481650584585,,112645.641475366,,Metabolic (Core),False,PROt2rpp,False,8.25791887134693,9.63722149087399,9.65682408252923,8.25791887134693
PROt2rpp_num2,b0402,91.46666666666664,,3.3020046,62.37808227539063,4.04186287809693,,112645.641475366,,Metabolic (Core),False,PROt2rpp,False,9.40727318903269,23.240649917829188,4.04186287809693,5.371527669093184
PROt2rpp_reverse_num1,b4111,23.0,12.9916,3.4116294,15.8236083984375,9.674936837183308,,112645.641475366,,Metabolic (Reverse),False,PROt2rpp,True,9.076001070683835,10.475443658905203,11.333268418591654,9.076001070683835
PROt2rpp_reverse_num2,b0402,91.46666666666664,,3.3020046,62.37808227539063,5.02416662235697,,112645.641475366,,Metabolic (Reverse),False,PROt2rpp,True,10.114814184822306,23.5680844992492,5.02416662235697,5.6717676564606565
PROt4pp,b1015,23.0,0.351,8.456047,29.488563537597656,5.261815249267126,,112645.641475366,,Metabolic (Core),False,PROt4pp,False,4.63250534780344,10.889356446716196,6.858931124633563,4.63250534780344
PROtex_num1,b0241,33.2825,,,,,,112645.641475366,,Transport,False,PROtex,False,,,,
PROtex_num2,b1377,96.2904209055866,,,,,,112645.641475366,,Transport,False,PROtex,False,,,,
PROtex_num3,b2215,96.2904209055866,,,,,,112645.641475366,,Transport,False,PROtex,False,,,,
PROtex_num4,b0929,94.8168,,,,,,112645.641475366,,Transport,False,PROtex,False,,,,
PROtex_reverse_num1,b0241,33.2825,,,,,,112645.641475366,,Transport,False,PROtex,True,,,,
PROtex_reverse_num2,b1377,96.2904209055866,,,,,,112645.641475366,,Transport,False,PROtex,True,,,,
PROtex_reverse_num3,b2215,96.2904209055866,,,,,,112645.641475366,,Transport,False,PROtex,True,,,,
PROtex_reverse_num4,b0929,94.8168,,,,,,112645.641475366,,Transport,False,PROtex,True,,,,
PRPPS,b1207,97.76404181117316,1.2095,5.658399,3.052802801132202,1.1026765165941916,,24.1725,,Metabolic (Core),False,PRPPS,False,2.190844630599795,2.755844579431599,2.131151400566101,2.190844630599795
PRPPS_reverse,b1207,97.76404181117316,0.1268,3.3470788,8.218894004821777,3.653492800559781,,24.1725,,Metabolic (Reverse),False,PRPPS,True,1.8894121618444928,3.8365664013453893,3.5002858002798902,1.8894121618444928
PSCLYSt2pp,b3370,27.0,11.2145,3.063361,24.233911514282227,5.265135685472943,,112645.641475366,,Metabolic (Core),False,PSCLYSt2pp,False,8.136784142816726,10.944227049938792,8.239817842736471,8.136784142816726
PSCLYStex_num1,b1377,96.2904209055866,,,,,,112645.641475366,,Transport,False,PSCLYStex,False,,,,
PSCLYStex_num2,b0929,94.8168,,,,,,112645.641475366,,Transport,False,PSCLYStex,False,,,,
PSCLYStex_num3,b2215,96.2904209055866,,,,,,112645.641475366,,Transport,False,PSCLYStex,False,,,,
PSCLYStex_num4,b0241,33.2825,,,,,,112645.641475366,,Transport,False,PSCLYStex,False,,,,
PSCLYStex_reverse_num1,b1377,96.2904209055866,,,,,,112645.641475366,,Transport,False,PSCLYStex,True,,,,
PSCLYStex_reverse_num2,b0929,94.8168,,,,,,112645.641475366,,Transport,False,PSCLYStex,True,,,,
PSCLYStex_reverse_num3,b2215,96.2904209055866,,,,,,112645.641475366,,Transport,False,PSCLYStex,True,,,,
PSCLYStex_reverse_num4,b0241,33.2825,,,,,,112645.641475366,,Transport,False,PSCLYStex,True,,,,
PSCVT,b0908,119.40315386031055,3.4091,20.492191,30.13363075256348,20.83005914936328,24.6285905,,24.6285905,Metabolic (Core),False,PSCVT,False,14.470799470385511,18.71624522548169,20.66112507468164,14.470799470385511
PSCVT_reverse,b0908,119.40315386031055,4.1484,15.87725,23.747812271118164,4.969088056880007,24.6285905,,24.6285905,Metabolic (Reverse),False,PSCVT,True,9.38942618740372,12.185637581999542,10.423169028440004,9.38942618740372
PSD120,b4160,120.8797310457023,29.5004,,3.122020483016968,16.283280145620715,,,,Metabolic (Core),False,PSD120,False,11.446389388007034,16.301900209545895,16.283280145620715,6.2230227242419565
PSD140,b4160,120.8797310457023,112.6707,,3.122020483016968,2.4977012564002314,,112645.641475366,,Metabolic (Core),False,PSD140,False,9.577726052691714,39.43014057980573,3.122020483016968,5.444359670021825
PSD141,b4160,120.8797310457023,0.0142,,3.122020483016968,2.834212185551012,,112645.641475366,,Metabolic (Core),False,PSD141,False,0.500862847000772,1.9901442228559934,2.834212185551012,0.5953729694579842
PSD160,b4160,120.8797310457023,5.3743,0.5925816,2.6902551651000977,17.15109970648811,,,,Metabolic (Core),False,PSD160,False,3.481680205231659,6.452059117897052,4.032277582550049,3.481680205231659
PSD161,b4160,120.8797310457023,6.1882,,3.122020483016968,5.755455404706444,,,,Metabolic (Core),False,PSD161,False,4.8086879379399665,5.021891962574471,5.755455404706444,3.2472815549599847
PSD180,b4160,120.8797310457023,825.4142,0.49804077,2.5347583293914795,4.13935852908544,,,,Metabolic (Core),False,PSD180,False,8.104040612119297,208.14658940711925,3.3370584292384597,8.104040612119297
PSD181,b4160,120.8797310457023,74.4863,,3.122020483016968,9.129954971721624,,,,Metabolic (Core),False,PSD181,False,12.852677051441722,28.91275848491286,9.129954971721624,6.78805255968185
PSERT,b0907,126.3166780801852,2910.8601,24.127329,17.776649475097656,4.810772528691261,1.61,,1.61,Metabolic (Core),False,PSERT,False,49.504972965164626,739.3937127509472,20.95198923754883,49.504972965164626
PSERtex_num1,b1377,96.2904209055866,,,,,,112645.641475366,,Transport,False,PSERtex,False,,,,
PSERtex_num2,b0241,33.2825,,,,,,112645.641475366,,Transport,False,PSERtex,False,,,,
PSERtex_num3,b0929,94.8168,,,,,,112645.641475366,,Transport,False,PSERtex,False,,,,
PSERtex_num4,b2215,96.2904209055866,,,,,,112645.641475366,,Transport,False,PSERtex,False,,,,
PSERtex_reverse_num1,b1377,96.2904209055866,,,,,,112645.641475366,,Transport,False,PSERtex,True,,,,
PSERtex_reverse_num2,b0241,33.2825,,,,,,112645.641475366,,Transport,False,PSERtex,True,,,,
PSERtex_reverse_num3,b0929,94.8168,,,,,,112645.641475366,,Transport,False,PSERtex,True,,,,
PSERtex_reverse_num4,b2215,96.2904209055866,,,,,,112645.641475366,,Transport,False,PSERtex,True,,,,
PSP_L,b4388,121.20698236312832,4.2094,5.7962213,5.196021556854248,10.400376497266745,1.43,,1.43,Metabolic (Core),False,PSP_L,False,6.025891257015734,6.400504838530248,5.496121428427124,6.025891257015734
PSP_Lpp_num1,b4055,222.8937010511005,1.1312,13.39399,10.431448936462402,3.674685938072623,1.43,,1.43,Metabolic (Core),False,PSP_Lpp,False,4.909118976178198,7.157831218633757,7.053067437267512,4.909118976178198
PSP_Lpp_num2,b0383,205.72000000000008,,26.256058,115.96966552734376,6.7859805272721,1.43,,1.43,Metabolic (Core),False,PSP_Lpp,False,27.44072062445796,49.670568018205294,26.256058,11.989377485929708
PSSA120,b2585,149.80799644754114,2.7062,2.198446,24.663986206054688,7.999008674875839,,,,Metabolic (Core),False,PSSA120,False,5.853205637671517,9.391910220232631,5.352604337437919,5.853205637671517
PSSA140,b2585,149.80799644754114,36.5893,2.198446,9.801222801208496,2.972966605482647,,112645.641475366,,Metabolic (Core),False,PSSA140,False,6.958010007410733,12.890483851672785,6.387094703345571,6.958010007410733
PSSA141,b2585,149.80799644754114,18.649,2.198446,8.19803237915039,3.653492800559781,,112645.641475366,,Metabolic (Core),False,PSSA141,False,5.919667438989989,8.174742794927543,5.925762589855086,5.919667438989989
PSSA160,b2585,149.80799644754114,10.7948,2.198446,11.374245643615724,5.55587385987169,,,,Metabolic (Core),False,PSSA160,False,6.223022135728343,7.480841375871854,8.175336929935845,6.223022135728343
PSSA161,b2585,149.80799644754114,172.5725,2.198446,9.513750076293944,3.653492800559781,,,,Metabolic (Core),False,PSSA161,False,10.716102200966533,46.984547219213425,6.583621438426862,10.716102200966533
PSSA180,b2585,149.80799644754114,10.9483,2.198446,14.4327974319458,3.017902273837988,,,,Metabolic (Core),False,PSSA180,False,5.690226384846416,7.649361426445948,6.983101136918994,5.690226384846416
PSSA181,b2585,149.80799644754114,16.7665,2.198446,8.96385669708252,3.709008719383553,,,,Metabolic (Core),False,PSSA181,False,5.9166754009269695,7.909452854116519,6.336432708233036,5.9166754009269695
PSURIK,b2166,121.23861216232469,1.3756,,12.611770629882812,0.7135666041154233,,112645.641475366,,Metabolic (Core),False,PSURIK,False,2.31331220414303,4.900312411332745,1.3756,1.8757531600245796
PSURItex_num1,b2215,96.2904209055866,,,,,,112645.641475366,,Transport,False,PSURItex,False,,,,
PSURItex_num2,b0929,94.8168,,,,,,112645.641475366,,Transport,False,PSURItex,False,,,,
PSURItex_num3,b1377,96.2904209055866,,,,,,112645.641475366,,Transport,False,PSURItex,False,,,,
PSURItex_num4,b0241,33.2825,,,,,,112645.641475366,,Transport,False,PSURItex,False,,,,
PSURItex_reverse_num1,b2215,96.2904209055866,,,,,,112645.641475366,,Transport,False,PSURItex,True,,,,
PSURItex_reverse_num2,b0929,94.8168,,,,,,112645.641475366,,Transport,False,PSURItex,True,,,,
PSURItex_reverse_num3,b1377,96.2904209055866,,,,,,112645.641475366,,Transport,False,PSURItex,True,,,,
PSURItex_reverse_num4,b0241,33.2825,,,,,,112645.641475366,,Transport,False,PSURItex,True,,,,
PSURItpp,b2164,23.0,,,,,,112645.641475366,,Transport,False,PSURItpp,False,,,,
PTA2,b2297,115.18074344452074,22.6838,20.105976,213.1200256347656,4.126232577709164,,500.45,,Metabolic (Core),False,PTA2,False,25.165451880807016,65.00900855311869,21.394888,25.165451880807016
PTAr_num1,b2297,115.18074344452074,0.2016,20.899744,158.2484130859375,10.400376497266745,52.2,,52.2,Metabolic (Core),False,PTAr,False,9.125464496372773,47.437533395801054,15.650060248633372,9.125464496372773
PTAr_num2,b2458,154.8978386945808,1.2876,48.387283,116.04679107666016,3.0734277155319725,52.2,,52.2,Metabolic (Core),False,PTAr,False,12.209337133469845,42.19877544804803,25.730355357765983,12.209337133469845
PTAr_reverse_num1,b2297,115.18074344452074,119.4937,14.6354265,246.88796997070312,7.228125235384933,52.2,,52.2,Metabolic (Reverse),False,PTAr,True,42.03092978011027,97.06130542652201,67.06456325,42.03092978011027
PTAr_reverse_num2,b2458,154.8978386945808,,96.693275,259.2401428222656,6.711328636657489,52.2,,52.2,Metabolic (Reverse),False,PTAr,True,55.20380450626329,120.88158215297436,96.693275,20.252412147269645
PTHRpp_num1,b4055,222.8937010511005,10.7023,14.050807,10.431448936462402,6.7859805272721,,,,Metabolic (Core),False,PTHRpp,False,10.157431651006423,10.492634115933626,10.566874468231202,10.157431651006423
PTHRpp_num2,b0383,205.72000000000008,,22.725485,151.6005401611328,3.674685938072623,,,,Metabolic (Core),False,PTHRpp,False,23.30655293186905,59.33357036640181,22.725485,10.607389936747495
PTPATi,b3634,116.6619199476233,6.5612,2.5078003,1.300951361656189,7.9906924760004125,28004.09,,28004.09,Metabolic (Core),False,PTPATi,False,3.616433019030403,4.590161034414151,4.53450015,3.616433019030403
PTRCORNt7pp,b0692,23.0,0.4222,22.89931,20.237010955810547,8.645785370246568,,112645.641475366,,Metabolic (Core),False,PTRCORNt7pp,False,6.413171598305734,13.05107658151428,14.441398163028557,6.413171598305734
PTRCORNt7pp_reverse,b0692,23.0,14.7491,22.89931,20.237010955810547,8.610882896083856,,112645.641475366,,Metabolic (Reverse),False,PTRCORNt7pp,True,15.575625325943095,16.6240759629736,17.493055477905273,15.575625325943095
PTRCTA,b3073,126.3166780801852,3.1296,9.339182,9.457080841064451,7.228125235384933,,,,Metabolic (Core),False,PTRCTA,False,6.685672681928031,7.288497019112346,8.283653617692465,6.685672681928031
PTRCabcpp_num1,b1441 and b1440 and b1442 and b1443,93.14173333333332,119.4937,10.891661,4.916868209838867,8.375467515442104,,,,Metabolic (Core),True,PTRCabcpp,False,15.215428504135557,35.91942418132024,9.633564257721051,15.215428504135557
PTRCabcpp_num2,b0857 and b0854 and b0855 and b0856,97.76404181117316,,7.529646,5.9513325691223145,6.97192302574174,,,,Metabolic (Core),True,PTRCabcpp,False,6.785478114372955,6.817633864954684,6.97192302574174,4.204219096629861
PTRCabcpp_num3,b1124 and b1125 and b1126 and b1123,90.65907860738318,,4.606206,11.041131019592283,27.531334806221064,,,,Metabolic (Core),True,PTRCabcpp,False,11.187371569693234,14.392890608604448,11.041131019592283,6.117106574592821
PTRCt2pp_num1,b1296,23.0,123.7416,24.139238,25.658424377441406,2.974090581850956,,112645.641475366,,Metabolic (Core),False,PTRCt2pp,False,21.85022255676864,44.128338239823094,24.898831188720703,21.85022255676864
PTRCt2pp_num2,b0692,23.0,,22.89931,20.237010955810547,8.645785370246568,,112645.641475366,,Metabolic (Core),False,PTRCt2pp,False,15.882702618900598,17.260702108685706,20.237010955810547,7.9559730498300985
PTRCt2pp_num3,b2014,23.0,,33.606762,27.232465744018555,5.396894890846273,,112645.641475366,,Metabolic (Core),False,PTRCt2pp,False,17.030178451106696,22.07870754495494,27.232465744018555,8.383288248401783
PTRCtex_num1,b1377,96.2904209055866,,,,,,112645.641475366,,Transport,False,PTRCtex,False,,,,
PTRCtex_num2,b0241,33.2825,,,,,,112645.641475366,,Transport,False,PTRCtex,False,,,,
PTRCtex_num3,b0929,94.8168,,,,,,112645.641475366,,Transport,False,PTRCtex,False,,,,
PTRCtex_num4,b2215,96.2904209055866,,,,,,112645.641475366,,Transport,False,PTRCtex,False,,,,
PTRCtex_reverse_num1,b1377,96.2904209055866,,,,,,112645.641475366,,Transport,False,PTRCtex,True,,,,
PTRCtex_reverse_num2,b0241,33.2825,,,,,,112645.641475366,,Transport,False,PTRCtex,True,,,,
PTRCtex_reverse_num3,b0929,94.8168,,,,,,112645.641475366,,Transport,False,PTRCtex,True,,,,
PTRCtex_reverse_num4,b2215,96.2904209055866,,,,,,112645.641475366,,Transport,False,PTRCtex,True,,,,
PUACGAMS,b1021 and b1022,105.4775510204082,18.5919,,13.463050842285156,1811.657379070162,,112645.641475366,,Metabolic (Core),True,PUACGAMS,False,76.82710044237399,614.5707766374824,18.5919,25.949908567355187
PUACGAMS_reverse,b1021 and b1022,105.4775510204082,,,,,,112645.641475366,,Metabolic (Reverse),True,PUACGAMS,True,,,,
PUACGAMtr,b1021 and b1022,105.4775510204082,,,,,,112645.641475366,,Metabolic (Core),True,PUACGAMtr,False,,,,
PUNP1,b4384,97.76404181117316,6.4594,3.072087,141.03573608398438,2.660314976296722,38.785,,38.785,Metabolic (Core),False,PUNP1,False,9.28906452485623,38.30688451507027,4.765743499999999,9.28906452485623
PUNP1_reverse,b4384,97.76404181117316,13.5919,1.5522318,57.73972702026367,6.378024645696883,38.785,,38.785,Metabolic (Reverse),False,PUNP1,True,9.388569307069043,19.815470866490138,9.984962322848443,9.388569307069043
PUNP2,b4384,97.76404181117316,5.0962,2.9011936,136.8991241455078,2.7021429464568483,50.61333333333334,,50.61333333333334,Metabolic (Core),False,PUNP2,False,8.599694847397648,36.89966517299117,3.9986968,8.599694847397648
PUNP2_reverse,b4384,97.76404181117316,2.5788,3.1806672,54.40236282348633,33.66240634310002,50.61333333333334,,50.61333333333334,Metabolic (Reverse),False,PUNP2,True,11.070690337738103,23.456059091646587,18.42153677155001,11.070690337738103
PUNP3_num1,b2407,83.16430072028807,0.1408,3.3233228,37.41640472412109,7.8337863355112125,,50.61333333333334,,Metabolic (Core),False,PUNP3,False,3.4221751995640917,12.178578464908075,5.5785545677556065,3.4221751995640917
PUNP3_num2,b4384,97.76404181117316,9.2356,2.3527315,145.29734802246094,2.201029578882455,,50.61333333333334,,Metabolic (Core),False,PUNP3,False,9.130199394269182,39.77167727533585,5.7941657499999994,9.130199394269182
PUNP3_reverse_num1,b2407,83.16430072028807,42.8264,1.3715146,21.895219802856445,26.026414990924778,,50.61333333333334,,Metabolic (Reverse),False,PUNP3,True,13.52598545108496,23.029887348445303,23.96081739689061,13.52598545108496
PUNP3_reverse_num2,b4384,97.76404181117316,,1.5522318,63.133544921875,4.810772528691261,,50.61333333333334,,Metabolic (Reverse),False,PUNP3,True,7.782943147928351,23.16551641685542,4.810772528691261,4.65969932012405
PUNP4_num1,b2407,83.16430072028807,15.3734,2.308369,37.41640472412109,15.77574159368995,,50.61333333333334,,Metabolic (Core),False,PUNP4,False,12.03044660126925,17.718478829452756,15.574570796844975,12.03044660126925
PUNP4_num2,b4384,97.76404181117316,,1.9905788,145.29734802246094,6.029423425870919,,50.61333333333334,,Metabolic (Core),False,PUNP4,False,12.036612574381206,51.105783416110626,6.029423425870919,6.462167510696504
PUNP4_reverse_num1,b2407,83.16430072028807,10.6933,1.5758256,24.663986206054688,7.228125235384933,,50.61333333333334,,Metabolic (Reverse),False,PUNP4,True,7.403331734012602,11.040309260359905,8.960712617692467,7.403331734012602
PUNP4_reverse_num2,b4384,97.76404181117316,,2.6072993,59.48441696166992,8.135649937618254,,50.61333333333334,,Metabolic (Reverse),False,PUNP4,True,10.805929178801506,23.409122066429394,8.135649937618254,5.960004500189323
PUNP5_num1,b2407,83.16430072028807,0.2638,4.752773,39.71175003051758,3.318657465044924,,929.3814285714286,,Metabolic (Core),False,PUNP5,False,3.5853027121360364,12.011745123890625,4.035715232522462,3.5853027121360364
PUNP5_num2,b4384,97.76404181117316,5.0741,3.4057207,141.03573608398438,6.154294957250831,,929.3814285714286,,Metabolic (Core),False,PUNP5,False,11.066718977783852,38.917462935308805,5.614197478625416,11.066718977783852
PUNP5_reverse_num1,b2407,83.16430072028807,12.3237,1.3715146,21.253028869628903,4.588231538118686,,929.3814285714286,,Metabolic (Reverse),False,PUNP5,True,6.371650235213188,9.884118751936898,8.455965769059343,6.371650235213188
PUNP5_reverse_num2,b4384,97.76404181117316,,1.5522318,59.48441696166992,10.020159711133427,,929.3814285714286,,Metabolic (Reverse),False,PUNP5,True,9.744169048779662,23.685602824267786,10.020159711133427,5.515166236555471
PUNP6_num1,b4384,97.76404181117316,6.8297,2.7721481,141.03573608398438,6.6814027467266985,,50.61333333333334,,Metabolic (Core),False,PUNP6,False,11.557229012910906,39.32974673267777,6.75555137336335,11.557229012910906
PUNP6_num2,b2407,83.16430072028807,72.0373,4.1961126,39.71175003051758,4.270573086341976,,50.61333333333334,,Metabolic (Core),False,PUNP6,False,15.047087150643197,30.053933929214892,21.991161558429777,15.047087150643197
PUNP6_reverse_num1,b4384,97.76404181117316,21.366,4.368547,56.04621124267578,3.351415279341677,,50.61333333333334,,Metabolic (Reverse),False,PUNP6,True,11.506909178400255,21.283043380504363,12.8672735,11.506909178400255
PUNP6_reverse_num2,b2407,83.16430072028807,,3.0459802,23.94058609008789,6.114933958500958,,50.61333333333334,,Metabolic (Reverse),False,PUNP6,True,7.639844897364535,11.033833416196282,6.114933958500958,4.595295102110558
PUNP7,b2407,83.16430072028807,1.4882,3.5848384,32.241825103759766,3.1687689423658694,50.61333333333334,,50.61333333333334,Metabolic (Core),False,PUNP7,False,4.831814674536059,10.12090811153141,3.376803671182935,4.831814674536059
PUNP7_reverse,b2407,83.16430072028807,4.9723,6.6990204,21.895219802856445,8.939373321202341,50.61333333333334,,50.61333333333334,Metabolic (Reverse),False,PUNP7,True,8.985789733350417,10.626478381014696,7.819196860601171,8.985789733350417
PYAM5PO,b1638,97.46316781454354,21.8853,0.8903807,9.469964981079102,3.35373599481481,14.86,,14.86,Metabolic (Core),False,PYAM5PO,False,4.987712036697814,8.899845418973479,6.411850487946956,4.987712036697814
PYDAMK,b2418,136.71153247522938,21.9053,1.1767125,1.8407734632492063,2.117565282847367,0.55,,0.55,Metabolic (Core),False,PYDAMK,False,3.1660238441671815,6.760087811524143,1.9791693730482867,3.1660238441671815
PYDAMtex_num1,b1377,96.2904209055866,,,,,,112645.641475366,,Transport,False,PYDAMtex,False,,,,
PYDAMtex_num2,b2215,96.2904209055866,,,,,,112645.641475366,,Transport,False,PYDAMtex,False,,,,
PYDAMtex_num3,b0929,94.8168,,,,,,112645.641475366,,Transport,False,PYDAMtex,False,,,,
PYDAMtex_num4,b0241,33.2825,,,,,,112645.641475366,,Transport,False,PYDAMtex,False,,,,
PYDAMtex_reverse_num1,b1377,96.2904209055866,,,,,,112645.641475366,,Transport,False,PYDAMtex,True,,,,
PYDAMtex_reverse_num2,b2215,96.2904209055866,,,,,,112645.641475366,,Transport,False,PYDAMtex,True,,,,
PYDAMtex_reverse_num3,b0929,94.8168,,,,,,112645.641475366,,Transport,False,PYDAMtex,True,,,,
PYDAMtex_reverse_num4,b0241,33.2825,,,,,,112645.641475366,,Transport,False,PYDAMtex,True,,,,
PYDXK_num1,b2418,136.71153247522938,12.2652,0.2278971,1.953697204589844,2.201029578882455,2.15,,2.15,Metabolic (Core),False,PYDXK,False,1.8619762699426257,4.161955970868075,2.0773633917361494,1.8619762699426257
PYDXK_num2,b1636,115.69288473855748,2.1324,0.837341,2.152754068374634,10.400376497266745,2.15,,2.15,Metabolic (Core),False,PYDXK,False,2.514511508256994,3.8807178914103444,2.142577034187317,2.514511508256994
PYDXNK,b2418,136.71153247522938,1.617,0.26565844,2.012730836868286,2.879649395627371,0.3,,0.3,Metabolic (Core),False,PYDXNK,False,1.2561448965415793,1.6937596681239144,1.814865418434143,1.2561448965415793
PYDXNtex_num1,b1377,96.2904209055866,,,,,,112645.641475366,,Transport,False,PYDXNtex,False,,,,
PYDXNtex_num2,b2215,96.2904209055866,,,,,,112645.641475366,,Transport,False,PYDXNtex,False,,,,
PYDXNtex_num3,b0929,94.8168,,,,,,112645.641475366,,Transport,False,PYDXNtex,False,,,,
PYDXNtex_num4,b0241,33.2825,,,,,,112645.641475366,,Transport,False,PYDXNtex,False,,,,
PYDXNtex_reverse_num1,b1377,96.2904209055866,,,,,,112645.641475366,,Transport,False,PYDXNtex,True,,,,
PYDXNtex_reverse_num2,b2215,96.2904209055866,,,,,,112645.641475366,,Transport,False,PYDXNtex,True,,,,
PYDXNtex_reverse_num3,b0929,94.8168,,,,,,112645.641475366,,Transport,False,PYDXNtex,True,,,,
PYDXNtex_reverse_num4,b0241,33.2825,,,,,,112645.641475366,,Transport,False,PYDXNtex,True,,,,
PYDXPP_num1,b0766,154.8978386945808,7.8841,2.7061596,9.6710786819458,5.158064932037617,,7.64,,Metabolic (Core),False,PYDXPP,False,5.711718733172704,6.354850803495855,6.521082466018809,5.711718733172704
PYDXPP_num2,b0446,173.42795360893282,10.5965,1.436852,11.683470726013184,0.536723264075099,,7.64,,Metabolic (Core),False,PYDXPP,False,3.1258936159036965,6.063386497522071,6.016676,3.1258936159036965
PYDXPP_num3,b3826,173.42795360893282,92.6543,4.839128,21.28558349609375,0.536723264075099,,7.64,,Metabolic (Core),False,PYDXPP,False,8.459937746862366,29.828933690042213,13.062355748046874,8.459937746862366
PYDXPP_num4,b0675,120.62029370469924,107.7368,2.3402522,3.0494744777679443,2.5334831685657355,,7.64,,Metabolic (Core),False,PYDXPP,False,6.643431174669523,28.91500246158342,2.79147882316684,6.643431174669523
PYDXtex_num1,b1377,96.2904209055866,,,,,,112645.641475366,,Transport,False,PYDXtex,False,,,,
PYDXtex_num2,b2215,96.2904209055866,,,,,,112645.641475366,,Transport,False,PYDXtex,False,,,,
PYDXtex_num3,b0929,94.8168,,,,,,112645.641475366,,Transport,False,PYDXtex,False,,,,
PYDXtex_num4,b0241,33.2825,,,,,,112645.641475366,,Transport,False,PYDXtex,False,,,,
PYDXtex_reverse_num1,b1377,96.2904209055866,,,,,,112645.641475366,,Transport,False,PYDXtex,True,,,,
PYDXtex_reverse_num2,b2215,96.2904209055866,,,,,,112645.641475366,,Transport,False,PYDXtex,True,,,,
PYDXtex_reverse_num3,b0929,94.8168,,,,,,112645.641475366,,Transport,False,PYDXtex,True,,,,
PYDXtex_reverse_num4,b0241,33.2825,,,,,,112645.641475366,,Transport,False,PYDXtex,True,,,,
PYK2,b1854,120.7983675600902,451.7255,7.8599076,23.87017250061035,20.83005914936328,226.68321428571429,,226.68321428571429,Metabolic (Core),False,PYK2,False,36.451006700760765,126.07140981249341,22.350115824986815,36.451006700760765
PYK3,b1854,120.7983675600902,9.7519,7.8599076,24.59144401550293,20.83005914936328,222.6596551724138,,222.6596551724138,Metabolic (Core),False,PYK3,False,14.076520060497359,15.758327691216552,15.29097957468164,14.076520060497359
PYK4,b1854,120.7983675600902,0.725,7.8599076,24.59144401550293,20.83005914936328,226.68321428571429,,226.68321428571429,Metabolic (Core),False,PYK4,False,7.3503411337376825,13.501602691216553,14.34498337468164,7.3503411337376825
PYK6,b1854,120.7983675600902,1.4289,7.8599076,23.87017250061035,6.064563476980895,,112645.641475366,,Metabolic (Core),False,PYK6,False,6.349924989805285,9.80588589439781,6.9622355384904475,6.349924989805285
PYK_num1,b1854,120.7983675600902,2.1744,7.8599076,24.59144401550293,20.83005914936328,135.5,,135.5,Metabolic (Core),False,PYK,False,9.672925739080338,13.863952691216552,14.34498337468164,9.672925739080338
PYK_num2,b1676,115.69288473855748,35.4495,9.340549,24.663986206054688,0.361033711661598,135.5,,135.5,Metabolic (Core),False,PYK,False,7.368827423223382,17.45376722942907,17.00226760302734,7.368827423223382
PYNP2r,b3831,115.69288473855742,1.4882,7.1733427,83.71355438232422,9.661923757639329,319978.28500000003,,319978.28500000003,Metabolic (Core),False,PYNP2r,False,9.6396344905802,25.509255209990886,8.417633228819664,9.6396344905802
PYNP2r_reverse,b3831,115.69288473855742,96.5404,19.89617,53.56345748901367,7.494230452223806,319978.28500000003,,319978.28500000003,Metabolic (Reverse),False,PYNP2r,True,29.63251793035356,44.37356448530937,36.729813744506835,29.63251793035356
PYROX,b1007 and b1012,189.6850202355557,14.8895,6.654676,2.304121494293213,1.436612173128217,,112645.641475366,,Metabolic (Core),True,PYROX,False,4.255621425833306,6.321227416855358,4.479398747146607,4.255621425833306
PYRtex_num1,b1377,96.2904209055866,,,,,,112645.641475366,,Transport,False,PYRtex,False,,,,
PYRtex_num2,b0241,33.2825,,,,,,112645.641475366,,Transport,False,PYRtex,False,,,,
PYRtex_num3,b0929,94.8168,,,,,,112645.641475366,,Transport,False,PYRtex,False,,,,
PYRtex_num4,b2215,96.2904209055866,,,,,,112645.641475366,,Transport,False,PYRtex,False,,,,
PYRtex_reverse_num1,b1377,96.2904209055866,,,,,,112645.641475366,,Transport,False,PYRtex,True,,,,
PYRtex_reverse_num2,b0241,33.2825,,,,,,112645.641475366,,Transport,False,PYRtex,True,,,,
PYRtex_reverse_num3,b0929,94.8168,,,,,,112645.641475366,,Transport,False,PYRtex,True,,,,
PYRtex_reverse_num4,b2215,96.2904209055866,,,,,,112645.641475366,,Transport,False,PYRtex,True,,,,
QMO2,b3029,189.6850202355557,,,,,,112645.641475366,,Metabolic (Core),False,QMO2,False,,,,
QMO3,b3029,189.6850202355557,10.3883,13.789258,3.669797897338867,2.834212185551012,,112645.641475366,,Metabolic (Core),False,QMO3,False,6.212837180149716,7.670392020722469,7.029048948669433,6.212837180149716
QUIN2tex_num1,b0241,33.2825,,,,,,112645.641475366,,Transport,False,QUIN2tex,False,,,,
QUIN2tex_num2,b2215,96.2904209055866,,,,,,112645.641475366,,Transport,False,QUIN2tex,False,,,,
QUIN2tex_num3,b1377,96.2904209055866,,,,,,112645.641475366,,Transport,False,QUIN2tex,False,,,,
QUIN2tex_num4,b0929,94.8168,,,,,,112645.641475366,,Transport,False,QUIN2tex,False,,,,
QUIN2tex_reverse_num1,b0241,33.2825,,,,,,112645.641475366,,Transport,False,QUIN2tex,True,,,,
QUIN2tex_reverse_num2,b2215,96.2904209055866,,,,,,112645.641475366,,Transport,False,QUIN2tex,True,,,,
QUIN2tex_reverse_num3,b1377,96.2904209055866,,,,,,112645.641475366,,Transport,False,QUIN2tex,True,,,,
QUIN2tex_reverse_num4,b0929,94.8168,,,,,,112645.641475366,,Transport,False,QUIN2tex,True,,,,
QUINDH,b1692,128.2406734749161,1.1312,,130.94761657714844,6.114933958500958,,63750.025,,Metabolic (Core),False,QUINDH,False,9.6755632250686,46.064583511883136,6.114933958500958,5.486017534703284
QUINDHyi,b1692,128.2406734749161,40.7963,,119.76010131835938,3.2366721193974084,,112645.641475366,,Metabolic (Core),False,QUINDHyi,False,25.100201780056928,54.59769114591893,40.7963,11.213931776049968
QULNS,b0750,121.20698236312832,25.7109,9.187003,8.421283721923828,6.046301810920078,,,,Metabolic (Core),False,QULNS,False,10.472245497434809,12.341372133210976,8.804143360961914,10.472245497434809
R15BPK,b4094,121.20698236312832,13.628,0.93331945,8.356072425842285,4.126232577709164,,,,Metabolic (Core),False,R15BPK,False,4.576195662438341,6.760906113387862,6.241152501775725,4.576195662438341
R5PP_num1,b2293,157.17088698230995,28.5167,4.298714,9.645347595214844,1.6370547422050843,,112645.641475366,,Metabolic (Core),False,R5PP,False,6.632919491805059,11.024454084354984,6.972030797607422,6.632919491805059
R5PP_num2,b2690,189.6850202355557,,6.61929,5.425070762634277,5.043759215479608,,112645.641475366,,Metabolic (Core),False,R5PP,False,5.6579232744415675,5.696039992704628,5.425070762634277,3.668536043228438
R5PP_num3,b0822,173.42795360893282,,3.683842,10.166394233703612,4.239897124043,,112645.641475366,,Metabolic (Core),False,R5PP,False,5.415115867082791,6.030044452582204,4.239897124043,3.5498157766537344
R5PP_num4,b0675,120.62029370469924,,1.9810444,3.334343194961548,4.735065155694623,,112645.641475366,,Metabolic (Core),False,R5PP,False,3.1507225099302594,3.35015091688539,3.334343194961548,2.364871877543914
R5PP_num5,b3697,175.1936841441172,,3.9202871,37.47371673583984,1.501060959466043,,112645.641475366,,Metabolic (Core),False,R5PP,False,6.041540033230773,14.298354931768628,3.9202871,3.8535477360705728
R5PPpp_num1,b4055,222.8937010511005,3.6726,6.232594,11.07137680053711,2.448544700173242,,112645.641475366,,Metabolic (Core),False,R5PPpp,False,4.991005332932728,5.856278875177589,4.952597,4.991005332932728
R5PPpp_num2,b0383,205.72000000000008,,12.497522,123.0839385986328,5.160646713364276,,112645.641475366,,Metabolic (Core),False,R5PPpp,False,19.948479925047724,46.91403577066569,12.497522,9.439138445726115
R5Ptex_num1,b1377,96.2904209055866,,,,,,112645.641475366,,Transport,False,R5Ptex,False,,,,
R5Ptex_num2,b0241,33.2825,,,,,,112645.641475366,,Transport,False,R5Ptex,False,,,,
R5Ptex_num3,b0929,94.8168,,,,,,112645.641475366,,Transport,False,R5Ptex,False,,,,
R5Ptex_num4,b2215,96.2904209055866,,,,,,112645.641475366,,Transport,False,R5Ptex,False,,,,
R5Ptex_reverse_num1,b1377,96.2904209055866,,,,,,112645.641475366,,Transport,False,R5Ptex,True,,,,
R5Ptex_reverse_num2,b0241,33.2825,,,,,,112645.641475366,,Transport,False,R5Ptex,True,,,,
R5Ptex_reverse_num3,b0929,94.8168,,,,,,112645.641475366,,Transport,False,R5Ptex,True,,,,
R5Ptex_reverse_num4,b2215,96.2904209055866,,,,,,112645.641475366,,Transport,False,R5Ptex,True,,,,
RBFK,b0025,121.175352563932,1.2452,0.47017968,0.9122515320777892,3.4970581729433903,,2.6733333333333333,,Metabolic (Core),False,RBFK,False,1.1690419792478768,1.5311723462552949,1.0787257660388947,1.1690419792478768
RBFSa,b0415,115.69288473855748,15.4867,0.33392838,1.5478078126907349,8.370743648977554,0.137665,,0.137665,Metabolic (Core),False,RBFSa,False,2.8610360042015324,6.434794960417072,4.959275730834144,2.8610360042015324
RBFSb,b1662,205.72000000000008,,,,,0.267,,0.267,Metabolic (Core),False,RBFSb,False,,,,
RBK,b3752,152.62479040685164,0.6998,1.4977802,30.40508079528809,12.39078414720572,,11.399090909090908,,Metabolic (Core),False,RBK,False,4.457760628188567,11.248361285623453,6.9442821736028595,4.457760628188567
RBK_L1,b0063,136.71153247522938,4.9726,49.882008,44.855865478515625,9.837338878182472,40.42,,40.42,Metabolic (Core),False,RBK_L1,False,18.188885186266912,27.386953089174526,27.34660217834905,18.188885186266912
RBP4E_num1,b4198,136.2454183611817,,,,,17.78911111111111,,17.78911111111111,Metabolic (Core),False,RBP4E,False,,,,
RBP4E_num2,b0061,136.71153247522938,,,,,17.78911111111111,,17.78911111111111,Metabolic (Core),False,RBP4E,False,,,,
RBP4E_num3,b3583,149.80799644754114,,,,,17.78911111111111,,17.78911111111111,Metabolic (Core),False,RBP4E,False,,,,
RBP4E_reverse_num1,b4198,136.2454183611817,,,,,17.78911111111111,,17.78911111111111,Metabolic (Reverse),False,RBP4E,True,,,,
RBP4E_reverse_num2,b0061,136.71153247522938,,,,,17.78911111111111,,17.78911111111111,Metabolic (Reverse),False,RBP4E,True,,,,
RBP4E_reverse_num3,b3583,149.80799644754114,,,,,17.78911111111111,,17.78911111111111,Metabolic (Reverse),False,RBP4E,True,,,,
REPHACCOAI,b1394,121.175352563932,,,,,,112645.641475366,,Metabolic (Core),False,REPHACCOAI,False,,,,
REPHACCOAI_reverse,b1394,121.175352563932,,,,,,112645.641475366,,Metabolic (Reverse),False,REPHACCOAI,True,,,,
RFAMPtpp_num1,b3035 and b0463 and b0462,97.76404181117316,19.5807,5.0823913,42.18484115600586,3.470363952708512,,112645.641475366,,Transport,True,RFAMPtpp,False,10.986438742604088,17.579574102178594,12.33154565,10.986438742604088
RFAMPtpp_num2,b3035 and b0463 and b2470,149.80799644754114,,7.5286837,42.18484115600586,18.326856900230485,,112645.641475366,,Transport,True,RFAMPtpp,False,17.988204637036382,22.68012725207878,18.326856900230485,8.734556625082357
RHAT1,b3629,181.445443491155,833.0053,0.09647988,1.2198022603988647,3.3994228655129484,,112645.641475366,,Metabolic (Core),False,RHAT1,False,4.272625086340235,209.43025125147796,2.3096125629559063,4.272625086340235
RHCCE,b2687,197.70251011777788,,,,,0.38,,0.38,Metabolic (Core),False,RHCCE,False,,,,
RHMND,b2247,160.70234805267864,,,,,,112645.641475366,,Metabolic (Core),False,RHMND,False,,,,
RIBabcpp_num1,b3749 and b3750 and b3751 and b3748,128.2406734749161,2.5255,8.614953,13.535992622375488,4.2102808645197,,,,Metabolic (Core),True,RIBabcpp,False,5.934038581174475,7.221681621723797,6.41261693225985,5.934038581174475
RIBabcpp_num2,b4485 and b4230 and b4227 and b4231,149.80799644754114,,5.152231,4.520028591156006,51.78678409691066,,,,Metabolic (Core),True,RIBabcpp,False,10.644333759054977,20.48634789602222,5.152231,5.893032859578335
RIBabcpp_num3,b4086 and b4088 and b4087,128.2406734749161,,10.938937,3.829425096511841,18.05149927356397,,,,Metabolic (Core),True,RIBabcpp,False,9.110467422551562,10.939953790025271,10.938937,5.243913202630829
RIBtex_num1,b1377,96.2904209055866,,,,,,112645.641475366,,Transport,False,RIBtex,False,,,,
RIBtex_num2,b0241,33.2825,,,,,,112645.641475366,,Transport,False,RIBtex,False,,,,
RIBtex_num3,b0929,94.8168,,,,,,112645.641475366,,Transport,False,RIBtex,False,,,,
RIBtex_num4,b2215,96.2904209055866,,,,,,112645.641475366,,Transport,False,RIBtex,False,,,,
RIBtex_reverse_num1,b1377,96.2904209055866,,,,,,112645.641475366,,Transport,False,RIBtex,True,,,,
RIBtex_reverse_num2,b0241,33.2825,,,,,,112645.641475366,,Transport,False,RIBtex,True,,,,
RIBtex_reverse_num3,b0929,94.8168,,,,,,112645.641475366,,Transport,False,RIBtex,True,,,,
RIBtex_reverse_num4,b2215,96.2904209055866,,,,,,112645.641475366,,Transport,False,RIBtex,True,,,,
RMI,b3903,121.175352563932,,,,,,149.78181818181818,,Metabolic (Core),False,RMI,False,,,,
RMI_reverse,b3903,121.175352563932,,,,,,149.78181818181818,,Metabolic (Reverse),False,RMI,True,,,,
RMK,b3904,123.60963225270936,11.9618,16.804043,27.856550216674805,10.397610637812583,,,,Metabolic (Core),False,RMK,False,15.533445599473769,16.755000963621846,14.3829215,15.533445599473769
RMNtex_num1,b0929,94.8168,,,,,,112645.641475366,,Transport,False,RMNtex,False,,,,
RMNtex_num2,b0241,33.2825,,,,,,112645.641475366,,Transport,False,RMNtex,False,,,,
RMNtex_num3,b2215,96.2904209055866,,,,,,112645.641475366,,Transport,False,RMNtex,False,,,,
RMNtex_num4,b1377,96.2904209055866,,,,,,112645.641475366,,Transport,False,RMNtex,False,,,,
RMNtex_reverse_num1,b0929,94.8168,,,,,,112645.641475366,,Transport,False,RMNtex,True,,,,
RMNtex_reverse_num2,b0241,33.2825,,,,,,112645.641475366,,Transport,False,RMNtex,True,,,,
RMNtex_reverse_num3,b2215,96.2904209055866,,,,,,112645.641475366,,Transport,False,RMNtex,True,,,,
RMNtex_reverse_num4,b1377,96.2904209055866,,,,,,112645.641475366,,Transport,False,RMNtex,True,,,,
RMNtpp,b3907,28.14125,0.7399,7.0630193,18.21675491333008,20.83005914936328,,112645.641475366,,Transport,False,RMNtpp,False,6.67315534149638,11.71243334067334,12.639887106665041,6.67315534149638
RMPA,b3902,133.20262771610487,,,,,38.3,,38.3,Metabolic (Core),False,RMPA,False,,,,
RMPA_reverse,b3902,133.20262771610487,9.8358,6.5610785,17.425840377807617,3.2312739247872395,38.3,,38.3,Metabolic (Reverse),False,RMPA,True,7.7640461407815,9.263498200648714,8.19843925,7.7640461407815
RNDR1_num1,b2582 and b2235 and b2234,123.60963225270936,9.4181,,7.838069915771484,8.645785370246568,8.115,,8.115,Metabolic (Core),True,RNDR1,False,8.609784741275561,8.633985095339352,8.645785370246568,5.02625155113123
RNDR1_num2,b3781 and b2235 and b2234,128.2406734749161,9.6837,,7.838069915771484,7.228125235384933,8.115,,8.115,Metabolic (Core),True,RNDR1,False,8.186382688877861,8.249965050385473,7.838069915771484,4.839706578560264
RNDR1b_num1,b0849 and b2676 and b2675,128.2406734749161,10.7066,,33.568397521972656,5.655421551988771,,112645.641475366,,Metabolic (Core),True,RNDR1b,False,12.667251402171829,16.64347302465381,10.7066,6.714470845385423
RNDR1b_num2,b2676 and b2675 and b1064,149.80799644754114,,,33.568397521972656,4.878601442584304,,112645.641475366,,Metabolic (Core),True,RNDR1b,False,12.797141578334562,19.22349948227848,19.22349948227848,3.5773092651229588
RNDR1b_num3,b2676 and b2675 and b3610,128.2406734749161,,,33.568397521972656,6.334036791279153,,112645.641475366,,Metabolic (Core),True,RNDR1b,False,14.581613934282403,19.951217156625905,19.951217156625905,3.8185879503138858
RNDR1b_num4,b2676 and b2675 and b1654,123.60963225270936,,,33.568397521972656,6.334036791279153,,112645.641475366,,Metabolic (Core),True,RNDR1b,False,14.581613934282403,19.951217156625905,19.951217156625905,3.8185879503138858
RNDR2_num1,b3781 and b2235 and b2234,128.2406734749161,21.7829,,8.074908256530762,4.217195863384585,8.115,,8.115,Metabolic (Core),True,RNDR2,False,9.052301745780587,11.35833470663845,8.074908256530762,5.218783331354943
RNDR2_num2,b2582 and b2235 and b2234,123.60963225270936,,,8.074908256530762,2.458310668233155,8.115,,8.115,Metabolic (Core),True,RNDR2,False,4.455404932442567,5.266609462381958,5.266609462381958,2.110783014059609
RNDR2b_num1,b2676 and b2675 and b1654,123.60963225270936,8.653,,32.583831787109375,3.980374317137799,,112645.641475366,,Metabolic (Core),True,RNDR2b,False,10.391962990067205,15.072402034749059,8.653,5.787928980009039
RNDR2b_num2,b0849 and b2676 and b2675,128.2406734749161,,,32.583831787109375,3.318657465044924,,112645.641475366,,Metabolic (Core),True,RNDR2b,False,10.398777649322955,17.95124462607715,17.95124462607715,3.224713576323168
RNDR2b_num3,b2676 and b2675 and b1064,149.80799644754114,,,32.583831787109375,3.1506218067863307,,112645.641475366,,Metabolic (Core),True,RNDR2b,False,10.13209410621143,17.867226796947854,17.867226796947854,3.1830950513943863
RNDR2b_num4,b2676 and b2675 and b3610,128.2406734749161,,,32.583831787109375,19.07447150904677,,112645.641475366,,Metabolic (Core),True,RNDR2b,False,24.930290232542223,25.829151648078074,25.829151648078074,4.993024157015688
RNDR3_num1,b3781 and b2235 and b2234,128.2406734749161,11.9585,,7.608179092407227,8.645785370246568,8.115,,8.115,Metabolic (Core),True,RNDR3,False,9.231110755186773,9.404154820884598,8.645785370246568,5.295908479032782
RNDR3_num2,b2582 and b2235 and b2234,123.60963225270936,11.2443,,7.608179092407227,5.158064932037617,8.115,,8.115,Metabolic (Core),True,RNDR3,False,7.61318971217634,8.00351467481495,7.608179092407227,4.583265217223954
RNDR3b_num1,b2676 and b2675 and b1064,149.80799644754114,37.2002,,33.568397521972656,6.7859805272721,,112645.641475366,,Metabolic (Core),True,RNDR3b,False,20.387446347062575,25.85152601641492,33.568397521972656,9.594495054863819
RNDR3b_num2,b0849 and b2676 and b2675,128.2406734749161,,,33.568397521972656,11.334694813446427,,112645.641475366,,Metabolic (Core),True,RNDR3b,False,19.50608985132621,22.45154616770954,22.45154616770954,4.416569919216292
RNDR3b_num3,b2676 and b2675 and b3610,128.2406734749161,,,33.568397521972656,11.334694813446427,,112645.641475366,,Metabolic (Core),True,RNDR3b,False,19.50608985132621,22.45154616770954,22.45154616770954,4.416569919216292
RNDR3b_num4,b2676 and b2675 and b1654,123.60963225270936,,,33.568397521972656,11.334694813446427,,112645.641475366,,Metabolic (Core),True,RNDR3b,False,19.50608985132621,22.45154616770954,22.45154616770954,4.416569919216292
RNDR4_num1,b3781 and b2235 and b2234,128.2406734749161,12.0468,,7.838069915771484,8.645785370246568,8.115,,8.115,Metabolic (Core),True,RNDR4,False,9.34605705214421,9.510218428672683,8.645785370246568,5.345290599789951
RNDR4_num2,b2235 and b2234 and b2582,123.60963225270936,2.8461,,7.838069915771484,5.158064932037617,8.115,,8.115,Metabolic (Core),True,RNDR4,False,4.863870810506294,5.2807449492697005,5.158064932037617,3.2751901811402453
RNDR4b_num1,b2676 and b2675 and b1654,123.60963225270936,18.6502,,32.583831787109375,65.00692792288358,,112645.641475366,,Metabolic (Core),True,RNDR4b,False,34.05768286040939,38.74698656999765,32.583831787109375,14.098123893858746
RNDR4b_num2,b0849 and b2676 and b2675,128.2406734749161,,,32.583831787109375,11.334694813446427,,112645.641475366,,Metabolic (Core),True,RNDR4b,False,19.21790282938176,21.9592633002779,21.9592633002779,4.383822855611499
RNDR4b_num3,b2676 and b2675 and b3610,128.2406734749161,,,32.583831787109375,4.111808695024229,,112645.641475366,,Metabolic (Core),True,RNDR4b,False,11.574907466560722,18.347820241066803,18.347820241066803,3.4021915681749495
RNDR4b_num4,b2676 and b2675 and b1064,149.80799644754114,,,32.583831787109375,49.198935661722246,,112645.641475366,,Metabolic (Core),True,RNDR4b,False,40.038604417566496,40.89138372441581,40.89138372441581,6.327606531506719
RNTR1c2_num1,b0684 and b4238,119.0261688564688,17.8625,,14.668590545654297,7.236975299888943,,112645.641475366,,Metabolic (Core),True,RNTR1c2,False,12.37739467434718,13.25602194851441,14.668590545654297,6.598905811020672
RNTR1c2_num2,b4238 and b3924 and b0684 and b4237,122.42412220751704,,,12.43678379058838,3.5556925393700345,,112645.641475366,,Metabolic (Core),True,RNTR1c2,False,6.6499157391619095,7.996238164979207,7.996238164979207,2.5787430541180156
RNTR1c2_num3,b4238 and b3924 and b2895 and b4237,123.60963225270936,,,12.43678379058838,3.5556925393700345,,112645.641475366,,Metabolic (Core),True,RNTR1c2,False,6.6499157391619095,7.996238164979207,7.996238164979207,2.5787430541180156
RNTR1c2_num4,b2895 and b4238,120.42138255624845,,,37.78630065917969,3.5556925393700345,,112645.641475366,,Metabolic (Core),True,RNTR1c2,False,11.591223720739684,20.67099659927486,20.67099659927486,3.4045886272411363
RNTR2c2_num1,b4238 and b3924 and b0684 and b4237,122.42412220751704,305.5352,,12.43678379058838,10.266892479485463,,112645.641475366,,Metabolic (Core),True,RNTR2c2,False,33.91585604467077,109.41295875669128,12.43678379058838,14.05406919440136
RNTR2c2_num2,b4238 and b3924 and b2895 and b4237,123.60963225270936,,,12.43678379058838,3.5556925393700345,,112645.641475366,,Metabolic (Core),True,RNTR2c2,False,6.6499157391619095,7.996238164979207,7.996238164979207,2.5787430541180156
RNTR2c2_num3,b2895 and b4238,120.42138255624845,,,40.104339599609375,3.5556925393700345,,112645.641475366,,Metabolic (Core),True,RNTR2c2,False,11.941469805291694,21.830016069489705,21.830016069489705,3.4556431825771154
RNTR2c2_num4,b0684 and b4238,119.0261688564688,,,15.568449020385742,3.5556925393700345,,112645.641475366,,Metabolic (Core),True,RNTR2c2,False,7.4402028219228225,9.562070779877889,9.562070779877889,2.727673518206096
RNTR3c2_num1,b2895 and b4238,120.42138255624845,50.9722,,38.928070068359375,5.381202062938897,,112645.641475366,,Metabolic (Core),True,RNTR3c2,False,22.02039899983642,31.76049071043276,38.928070068359375,10.165269286413096
RNTR3c2_num2,b4238 and b3924 and b0684 and b4237,122.42412220751704,,,12.07201099395752,12.944373024364497,,112645.641475366,,Metabolic (Core),True,RNTR3c2,False,12.500584524733846,12.508192009161007,12.508192009161007,3.5356165692469887
RNTR3c2_num3,b4238 and b3924 and b2895 and b4237,123.60963225270936,,,12.07201099395752,3.802692970292663,,112645.641475366,,Metabolic (Core),True,RNTR3c2,False,6.775407835991721,7.937351982125091,7.937351982125091,2.6029613589125216
RNTR3c2_num4,b0684 and b4238,119.0261688564688,,,14.668590545654297,6.473090752473372,,112645.641475366,,Metabolic (Core),True,RNTR3c2,False,9.744286418865835,10.570840649063834,10.570840649063834,3.1215839599257675
RNTR4c2_num1,b0684 and b4238,119.0261688564688,6.09,,14.668590545654297,8.724466117339635,,112645.641475366,,Metabolic (Core),True,RNTR4c2,False,9.202691135916835,9.82768555433131,8.724466117339635,5.283675468698359
RNTR4c2_num2,b4238 and b3924 and b0684 and b4237,122.42412220751704,,,12.07201099395752,20.83005914936328,,112645.641475366,,Metabolic (Core),True,RNTR4c2,False,15.857512511610986,16.4510350716604,16.4510350716604,3.9821492327147894
RNTR4c2_num3,b4238 and b3924 and b2895 and b4237,123.60963225270936,,,12.07201099395752,20.83005914936328,,112645.641475366,,Metabolic (Core),True,RNTR4c2,False,15.857512511610986,16.4510350716604,16.4510350716604,3.9821492327147894
RNTR4c2_num4,b2895 and b4238,120.42138255624845,,,40.104339599609375,4.126232577709164,,112645.641475366,,Metabolic (Core),True,RNTR4c2,False,12.86389647670642,22.115286088659268,22.115286088659268,3.586627451618919
RPE,b3386,123.60963225270936,,,,,,2.0,,Metabolic (Core),False,RPE,False,,,,
RPE_reverse,b3386,123.60963225270936,,,,,,2.0,,Metabolic (Reverse),False,RPE,True,,,,
RPI_num1,b2914,151.18324760891227,,,,,,1053.05,,Metabolic (Core),False,RPI,False,,,,
RPI_num2,b4090,122.42412220751704,,,,,,1053.05,,Metabolic (Core),False,RPI,False,,,,
RPI_reverse_num1,b2914,151.18324760891227,,,,,,1053.05,,Metabolic (Reverse),False,RPI,True,,,,
RPI_reverse_num2,b4090,122.42412220751704,,,,,,1053.05,,Metabolic (Reverse),False,RPI,True,,,,
RPNTPH,b4095,143.57225923783585,0.2794,,13.955605506896973,3.50353385821492,,112645.641475366,,Metabolic (Core),False,RPNTPH,False,2.390527817206599,5.912846455037298,3.50353385821492,1.9225177193559868
RU5PP,b2293,157.17088698230995,2.3942,4.2342687,6.357991218566895,2.559577157096871,,112645.641475366,,Metabolic (Core),False,RU5PP,False,3.583907132321921,3.886509268915942,3.3969229285484355,3.583907132321921
RZ5PP,b0638,169.35117402633932,6.4676,0.6442983,16.07955551147461,3.7163136564844064,,,,Metabolic (Core),False,RZ5PP,False,3.972410622994711,6.726941866989754,5.091956828242203,3.972410622994711
S2FE2SR,b1681 and b1679 and b1680 and b1682 and b1683,123.60963225270936,58.4908,,3.257830142974853,10.397610637812583,,112645.641475366,,Metabolic (Core),True,S2FE2SR,False,12.559813278710195,24.048746926929145,10.397610637812583,6.671713482997975
S2FE2SS,b1682 and b1683 and b1680 and b1681 and b1679,123.60963225270936,11.9767,,1.9640144109725952,18.326856900230485,,112645.641475366,,Metabolic (Core),True,S2FE2SS,False,7.554225476179025,10.755857103734359,11.9767,4.556616280470891
S2FE2SS2,b1682 and b1683 and b1680 and b1681 and b1679,123.60963225270936,20.1431,,1.9640144109725952,11.061833631804774,,112645.641475366,,Metabolic (Core),True,S2FE2SS2,False,7.5921719186852705,11.056316014259124,11.061833631804774,4.573772146033514
S2FE2ST,b1684 and b1682 and b1681 and b1683,133.28236464036155,76.5352,,42.21501541137695,3.9123352524916633,,112645.641475366,,Metabolic (Core),True,S2FE2ST,False,23.294572541432746,40.8875168879562,42.21501541137695,10.603300244443997
S4FE4SR,b1681 and b1682 and b1683,121.23861216232469,9.0191,,3.0695273876190186,3.5556925393700345,,112645.641475366,,Metabolic (Core),True,S4FE4SR,False,4.617280993041747,5.21477330899635,3.5556925393700345,3.1498489573745934
S4FE4ST,b1684 and b1682 and b1681 and b1683,133.28236464036155,12.8932,,42.21501541137695,1.6590992839566576,,112645.641475366,,Metabolic (Core),True,S4FE4ST,False,9.665700837434997,18.92243823177787,12.8932,5.4818230402661845
S7PI,b0222,154.8978386945808,,,,,0.44,,0.44,Metabolic (Core),False,S7PI,False,,,,
SADH,b1745,136.71153247522938,8.6686,19.969425,17.903833389282227,83.54885239895054,,,,Metabolic (Core),False,SADH,False,22.557982740554962,32.52267769705819,18.936629194641114,22.557982740554962
SADT2,b2752 and b2751,149.80799644754114,,,,,,1.215,,Metabolic (Core),True,SADT2,False,,,,
SARCOX,b1059,124.73964281862038,0.0271,1.5927167,27.74669075012207,5.688412376681967,,2.7951863157894734,,Metabolic (Core),False,SARCOX,False,1.6155764829959753,8.76372995670101,3.6405645383409837,1.6155764829959753
SBTPD,b2705,143.25976446138526,21.4842,0.8903258,15.996607780456545,4.035358274468409,334296.0,,334296.0,Metabolic (Core),False,SBTPD,False,5.927813550973563,10.601622963731238,10.015983027462477,5.927813550973563
SBTPD_reverse,b2705,143.25976446138526,3.9614,0.742158,16.613746643066406,5.745817873811871,334296.0,,334296.0,Metabolic (Reverse),False,SBTPD,True,4.092994183036559,6.765780629219569,4.853608936905935,4.092994183036559
SBTptspp,b2702 and b2704 and b2416 and b2703 and b2415,154.8978386945808,12.9585,3.1151135,15.318191528320312,20.83005914936328,,112645.641475366,,Metabolic (Core),True,SBTptspp,False,10.653238541781421,13.055466044420898,14.138345764160157,10.653238541781421
SBTtex_num1,b1377,96.2904209055866,,,,,,112645.641475366,,Transport,False,SBTtex,False,,,,
SBTtex_num2,b0241,33.2825,,,,,,112645.641475366,,Transport,False,SBTtex,False,,,,
SBTtex_num3,b0929,94.8168,,,,,,112645.641475366,,Transport,False,SBTtex,False,,,,
SBTtex_num4,b2215,96.2904209055866,,,,,,112645.641475366,,Transport,False,SBTtex,False,,,,
SBTtex_reverse_num1,b1377,96.2904209055866,,,,,,112645.641475366,,Transport,False,SBTtex,True,,,,
SBTtex_reverse_num2,b0241,33.2825,,,,,,112645.641475366,,Transport,False,SBTtex,True,,,,
SBTtex_reverse_num3,b0929,94.8168,,,,,,112645.641475366,,Transport,False,SBTtex,True,,,,
SBTtex_reverse_num4,b2215,96.2904209055866,,,,,,112645.641475366,,Transport,False,SBTtex,True,,,,
SCYSDS,b1680 and b1679,124.96315516644728,18.1088,4.4812355,3.346548318862915,4.3269544586335424,,112645.641475366,,Metabolic (Core),True,SCYSDS,False,5.854862713222461,7.565884569374115,4.404094979316771,5.854862713222461
SDPDS,b2472,123.60963225270936,115.9813,19.957869,18.819604873657227,3.246669946370696,266.6667,,266.6667,Metabolic (Core),False,SDPDS,False,19.39267393897058,39.50136095500698,19.388736936828614,19.39267393897058
SDPTA_num1,b2662,123.77764512125492,17.9994,4.9585176,11.205957412719728,3.246669946370696,,24.0,,Metabolic (Core),False,SDPTA,False,7.548736205508563,9.352636239772606,8.082237506359863,7.548736205508563
SDPTA_num2,b1302,126.3166780801852,,4.8100896,7.959572792053223,8.645785370246568,,24.0,,Metabolic (Core),False,SDPTA,False,6.917499318883698,7.138482587433264,7.959572792053223,4.265420420569322
SDPTA_num3,b3359,121.20698236312832,,6.712273,4.2665791511535645,8.645785370246568,,24.0,,Metabolic (Core),False,SDPTA,False,6.279397217354634,6.541545840466711,6.712273,3.9667832173055597
SDPTA_num4,b1748,126.3166780801852,,10.581909,3.9445066452026367,4.074876182746937,,24.0,,Metabolic (Core),False,SDPTA,False,5.54060314034087,6.200430609316524,4.074876182746937,3.611335049188643
SDPTA_num5,b0907,126.3166780801852,,4.6911917,17.776649475097656,4.075808913109514,,24.0,,Metabolic (Core),False,SDPTA,False,6.978824889848423,8.847883362735724,4.6911917,4.293749718952282
SDPTA_reverse_num1,b2662,123.77764512125492,47.4251,6.580282,11.88641357421875,9.35149043574677,,24.0,,Metabolic (Reverse),False,SDPTA,True,13.64728018891957,18.81082150249138,10.61895200498276,13.64728018891957
SDPTA_reverse_num2,b1302,126.3166780801852,,6.232253,9.223512649536133,4.810772528691261,,24.0,,Metabolic (Reverse),False,SDPTA,True,6.515064932190664,6.755512726075797,6.232253,4.077923377828473
SDPTA_reverse_num3,b3359,121.20698236312832,,8.972937,4.135383605957031,4.810772528691261,,24.0,,Metabolic (Reverse),False,SDPTA,True,5.6306052491393475,5.973031044882764,4.810772528691261,3.655243476043911
SDPTA_reverse_num4,b1748,126.3166780801852,,13.14158,4.180363178253174,8.708945742095699,,24.0,,Metabolic (Reverse),False,SDPTA,True,7.82124206267377,8.676962973449625,8.708945742095699,4.676886122857156
SDPTA_reverse_num5,b0907,126.3166780801852,,5.989589,12.43678379058838,6.154294957250831,,24.0,,Metabolic (Reverse),False,SDPTA,True,7.71071180449933,8.193555915946403,6.154294957250831,4.627227511682007
SELNPS,b1764,108.46483596491184,3.3412,1.7020957,7.969771385192871,2.3066280013287948,,,,Metabolic (Core),False,SELNPS,False,3.1976245361916757,3.8299237716304164,2.8239140006643977,3.1976245361916757
SELR,b1588 and b1589 and b1590 and b1587,149.80799644754114,76.4192,18.942549,10.40248680114746,3.5556925393700345,,112645.641475366,,Metabolic (Core),True,SELR,False,15.211623581092784,27.329982085129373,14.67251790057373,15.211623581092784
SELabcpp_num1,b2425 and b2423 and b2422 and b2424,96.13998390727178,257.068,3.249873,76.44440460205078,20.83005914936328,,112645.641475366,,Metabolic (Core),True,SELabcpp,False,33.96156175880026,89.3980841878535,48.63723187570703,33.96156175880026
SELabcpp_num2,b3917 and b2423 and b2422 and b2424,97.76404181117316,,6.2239532,32.29121017456055,21.468088153965304,,112645.641475366,,Metabolic (Core),True,SELabcpp,False,16.279760190976102,19.994417176175283,21.468088153965304,8.104682431643893
SELtex_num1,b2215,96.2904209055866,,,,,,112645.641475366,,Transport,False,SELtex,False,,,,
SELtex_num2,b1377,96.2904209055866,,,,,,112645.641475366,,Transport,False,SELtex,False,,,,
SELtex_num3,b0929,94.8168,,,,,,112645.641475366,,Transport,False,SELtex,False,,,,
SELtex_num4,b0241,33.2825,,,,,,112645.641475366,,Transport,False,SELtex,False,,,,
SELtex_reverse_num1,b2215,96.2904209055866,,,,,,112645.641475366,,Transport,False,SELtex,True,,,,
SELtex_reverse_num2,b1377,96.2904209055866,,,,,,112645.641475366,,Transport,False,SELtex,True,,,,
SELtex_reverse_num3,b0929,94.8168,,,,,,112645.641475366,,Transport,False,SELtex,True,,,,
SELtex_reverse_num4,b0241,33.2825,,,,,,112645.641475366,,Transport,False,SELtex,True,,,,
SEPHCHCS,b2264,137.37750142279987,24.5746,0.338494,0.1030929014086723,1.966318786132856,0.2058,,0.2058,Metabolic (Core),False,SEPHCHCS,False,1.139541197851991,6.745626421885382,1.152406393066428,1.139541197851991
SERASr,b0586,112.07886035173463,1.0862,0.013962088,2.811582326889038,3.842358408537775,,112645.641475366,,Metabolic (Core),False,SERASr,False,0.6362125205608189,1.9385257058567034,1.948891163444519,0.6362125205608189
SERASr_reverse,b0586,112.07886035173463,0.0025,0.15927088,6.280849456787109,3.520606330975931,,112645.641475366,,Metabolic (Reverse),False,SERASr,True,0.30632190873688075,2.49080666694076,1.8399386054879656,0.30632190873688075
SERAT,b3607,151.18324760891227,15.9496,5.2104254,10.167787551879885,49.030545655950206,1635.2954285714286,,1635.2954285714286,Metabolic (Core),False,SERAT,False,14.266881105079436,20.089589651957525,13.058693775939943,14.266881105079436
SERAT_reverse,b3607,151.18324760891227,14.886,13.818002,4.68907642364502,1.4704365328180204,1635.2954285714286,,1635.2954285714286,Metabolic (Reverse),False,SERAT,True,6.136761078034673,8.71587873911576,9.25353921182251,6.136761078034673
SERD_D,b2366,136.71153247522938,,,,,15.7,,15.7,Metabolic (Core),False,SERD_D,False,,,,
SERD_L_num1,b3708,121.23861216232469,,,,,326.683,,326.683,Metabolic (Core),False,SERD_L,False,,,,
SERD_L_num2,b1814,175.1936841441172,,,,,326.683,,326.683,Metabolic (Core),False,SERD_L,False,,,,
SERD_L_num3,b4471,160.70234805267864,,,,,326.683,,326.683,Metabolic (Core),False,SERD_L,False,,,,
SERD_L_num4,b2797,189.6850202355557,,,,,326.683,,326.683,Metabolic (Core),False,SERD_L,False,,,,
SERD_L_num5,b3117,136.04534533333316,,,,,326.683,,326.683,Metabolic (Core),False,SERD_L,False,,,,
SERt2rpp_num1,b2796,33.2825,0.3326,6.772727,31.513336181640625,229.50963769458312,,112645.641475366,,Metabolic (Core),False,SERt2rpp,False,11.297836390595887,67.03207521905594,19.143031590820314,11.297836390595887
SERt2rpp_num2,b3116,33.2825,,4.597467,10.71681308746338,5.171331930782302,,112645.641475366,,Metabolic (Core),False,SERt2rpp,False,6.339605455733562,6.828537339415227,5.171331930782302,3.9952749551438096
SERt4pp,b3089,23.0,0.5123,43.878075,17.803878784179688,20.83005914936328,,112645.641475366,,Metabolic (Core),False,SERt4pp,False,9.55529860718207,20.756078233385743,19.316968966771483,9.55529860718207
SERtex_num1,b1377,96.2904209055866,,,,,,112645.641475366,,Transport,False,SERtex,False,,,,
SERtex_num2,b0241,33.2825,,,,,,112645.641475366,,Transport,False,SERtex,False,,,,
SERtex_num3,b0929,94.8168,,,,,,112645.641475366,,Transport,False,SERtex,False,,,,
SERtex_num4,b2215,96.2904209055866,,,,,,112645.641475366,,Transport,False,SERtex,False,,,,
SERtex_reverse_num1,b1377,96.2904209055866,,,,,,112645.641475366,,Transport,False,SERtex,True,,,,
SERtex_reverse_num2,b0241,33.2825,,,,,,112645.641475366,,Transport,False,SERtex,True,,,,
SERtex_reverse_num3,b0929,94.8168,,,,,,112645.641475366,,Transport,False,SERtex,True,,,,
SERtex_reverse_num4,b2215,96.2904209055866,,,,,,112645.641475366,,Transport,False,SERtex,True,,,,
SERtpp,b1533,33.2825,,,,,,112645.641475366,,Transport,False,SERtpp,False,,,,
SFGTHi_num1,b2154,122.42412220751704,0.9366,12.226227,6.087309837341309,3.4669513238291216,17.505,,17.505,Metabolic (Core),False,SFGTHi,False,3.942801744104023,5.679272040292608,4.777130580585215,3.942801744104023
SFGTHi_num2,b0355,121.20698236312832,,17.069588,30.189746856689453,4.200352710379372,17.505,,17.505,Metabolic (Core),False,SFGTHi,False,12.935684765952674,17.15322918902294,17.069588,6.820906049927487
SGDS,b1744,149.80799644754114,1.2429,7.939175,43.34488677978516,4.811248420422673,,,,Metabolic (Core),False,SGDS,False,6.7352202826398875,14.334552550051958,6.375211710211336,6.7352202826398875
SGSAD,b1746,136.71153247522938,5.3996,18.76975,10.493904113769531,7.249122480170781,,,,Metabolic (Core),False,SGSAD,False,9.370454398479719,10.478094148485077,8.871513296970157,9.370454398479719
SHCHCS3,b2263,153.48944171492553,,,,,117.375,,117.375,Metabolic (Core),False,SHCHCS3,False,,,,
SHCHD2,b3368,117.63095515668913,2.2127,0.6646094,8.13109302520752,4.285859720728288,,,,Metabolic (Core),False,SHCHD2,False,2.675586366358532,3.823565536483952,3.249279860364144,2.675586366358532
SHCHF,b3368,117.63095515668913,3.7489,,,3.9460798979623735,,,,Metabolic (Core),False,SHCHF,False,3.8462265832203832,3.8474899489811865,3.8474899489811865,1.9611798956802466
SHGO,b2660,124.73964281862038,10.7053,12.855893,28.53819274902344,10.89681311733236,,112645.641475366,,Metabolic (Core),False,SHGO,False,14.383241260382004,15.74904971658895,11.87635305866618,14.383241260382004
SHK3Dr,b3281,137.37750142279987,450.6271,9.512924,95.83139038085938,30.742360921274145,184585.9228888889,,184585.9228888889,Metabolic (Core),False,SHK3Dr,False,59.61342644494941,146.67844382553338,63.28687565106676,59.61342644494941
SHKK_num1,b3390,121.175352563932,4.0356,29.851198,30.32638168334961,4.085972953373397,89.185,,89.185,Metabolic (Core),False,SHKK,False,11.053415375720485,17.074788159180752,16.968585476686698,11.053415375720485
SHKK_num2,b0388,98.01796506366396,,4.3462057,12.66012477874756,20.83005914936328,89.185,,89.185,Metabolic (Core),False,SHKK,False,10.465169226001416,12.612129876036946,12.66012477874756,5.818481952539894
SHSL1,b3939,136.04534533333316,0.894,40.786377,65.46762084960938,23.78049631666132,101.50909090909092,,101.50909090909092,Metabolic (Core),False,SHSL1,False,15.43565383055756,32.732123541567674,32.28343665833066,15.43565383055756
SKMt2pp,b1981,23.0,12.9585,2.8256643,25.3593692779541,2.448544700173242,,112645.641475366,,Metabolic (Core),False,SKMt2pp,False,6.9052665210421305,10.898019569531836,7.89208215,6.9052665210421305
SKMtex_num1,b1377,96.2904209055866,,,,,,112645.641475366,,Transport,False,SKMtex,False,,,,
SKMtex_num2,b0241,33.2825,,,,,,112645.641475366,,Transport,False,SKMtex,False,,,,
SKMtex_num3,b0929,94.8168,,,,,,112645.641475366,,Transport,False,SKMtex,False,,,,
SKMtex_num4,b2215,96.2904209055866,,,,,,112645.641475366,,Transport,False,SKMtex,False,,,,
SKMtex_reverse_num1,b1377,96.2904209055866,,,,,,112645.641475366,,Transport,False,SKMtex,True,,,,
SKMtex_reverse_num2,b0241,33.2825,,,,,,112645.641475366,,Transport,False,SKMtex,True,,,,
SKMtex_reverse_num3,b0929,94.8168,,,,,,112645.641475366,,Transport,False,SKMtex,True,,,,
SKMtex_reverse_num4,b2215,96.2904209055866,,,,,,112645.641475366,,Transport,False,SKMtex,True,,,,
SLNTabcpp_num1,b2425 and b2423 and b2422 and b2424,96.13998390727178,35.9068,4.16462,76.44440460205078,10.400376497266745,,112645.641475366,,Metabolic (Core),True,SLNTabcpp,False,18.568922844305852,31.72905027482938,23.15358824863337,18.568922844305852
SLNTabcpp_num2,b3917 and b2423 and b2422 and b2424,97.76404181117316,,5.138756,32.29121017456055,11.424475857554716,,112645.641475366,,Metabolic (Core),True,SLNTabcpp,False,12.376358118434363,16.284814010705087,11.424475857554716,6.598491333259613
SLNTtex_num1,b2215,96.2904209055866,,,,,,112645.641475366,,Transport,False,SLNTtex,False,,,,
SLNTtex_num2,b1377,96.2904209055866,,,,,,112645.641475366,,Transport,False,SLNTtex,False,,,,
SLNTtex_num3,b0929,94.8168,,,,,,112645.641475366,,Transport,False,SLNTtex,False,,,,
SLNTtex_num4,b0241,33.2825,,,,,,112645.641475366,,Transport,False,SLNTtex,False,,,,
SLNTtex_reverse_num1,b2215,96.2904209055866,,,,,,112645.641475366,,Transport,False,SLNTtex,True,,,,
SLNTtex_reverse_num2,b1377,96.2904209055866,,,,,,112645.641475366,,Transport,False,SLNTtex,True,,,,
SLNTtex_reverse_num3,b0929,94.8168,,,,,,112645.641475366,,Transport,False,SLNTtex,True,,,,
SLNTtex_reverse_num4,b0241,33.2825,,,,,,112645.641475366,,Transport,False,SLNTtex,True,,,,
SO2tex_num1,b1377,96.2904209055866,,,,,,112645.641475366,,Transport,False,SO2tex,False,,,,
SO2tex_num2,b0241,33.2825,,,,,,112645.641475366,,Transport,False,SO2tex,False,,,,
SO2tex_num3,b0929,94.8168,,,,,,112645.641475366,,Transport,False,SO2tex,False,,,,
SO2tex_num4,b2215,96.2904209055866,,,,,,112645.641475366,,Transport,False,SO2tex,False,,,,
SO2tex_reverse_num1,b1377,96.2904209055866,,,,,,112645.641475366,,Transport,False,SO2tex,True,,,,
SO2tex_reverse_num2,b0241,33.2825,,,,,,112645.641475366,,Transport,False,SO2tex,True,,,,
SO2tex_reverse_num3,b0929,94.8168,,,,,,112645.641475366,,Transport,False,SO2tex,True,,,,
SO2tex_reverse_num4,b2215,96.2904209055866,,,,,,112645.641475366,,Transport,False,SO2tex,True,,,,
SO3tex_num1,b1377,96.2904209055866,,,,,,112645.641475366,,Transport,False,SO3tex,False,,,,
SO3tex_num2,b0241,33.2825,,,,,,112645.641475366,,Transport,False,SO3tex,False,,,,
SO3tex_num3,b0929,94.8168,,,,,,112645.641475366,,Transport,False,SO3tex,False,,,,
SO3tex_num4,b2215,96.2904209055866,,,,,,112645.641475366,,Transport,False,SO3tex,False,,,,
SO3tex_reverse_num1,b1377,96.2904209055866,,,,,,112645.641475366,,Transport,False,SO3tex,True,,,,
SO3tex_reverse_num2,b0241,33.2825,,,,,,112645.641475366,,Transport,False,SO3tex,True,,,,
SO3tex_reverse_num3,b0929,94.8168,,,,,,112645.641475366,,Transport,False,SO3tex,True,,,,
SO3tex_reverse_num4,b2215,96.2904209055866,,,,,,112645.641475366,,Transport,False,SO3tex,True,,,,
SO4t2pp,b2413,123.78601912935716,,,,,,112645.641475366,,Metabolic (Core),False,SO4t2pp,False,,,,
SO4tex_num1,b1377,96.2904209055866,,,,,,112645.641475366,,Transport,False,SO4tex,False,,,,
SO4tex_num2,b0241,33.2825,,,,,,112645.641475366,,Transport,False,SO4tex,False,,,,
SO4tex_num3,b0929,94.8168,,,,,,112645.641475366,,Transport,False,SO4tex,False,,,,
SO4tex_num4,b2215,96.2904209055866,,,,,,112645.641475366,,Transport,False,SO4tex,False,,,,
SO4tex_reverse_num1,b1377,96.2904209055866,,,,,,112645.641475366,,Transport,False,SO4tex,True,,,,
SO4tex_reverse_num2,b0241,33.2825,,,,,,112645.641475366,,Transport,False,SO4tex,True,,,,
SO4tex_reverse_num3,b0929,94.8168,,,,,,112645.641475366,,Transport,False,SO4tex,True,,,,
SO4tex_reverse_num4,b2215,96.2904209055866,,,,,,112645.641475366,,Transport,False,SO4tex,True,,,,
SOTA,b1748,126.3166780801852,300.7927,10.678068,2.9289255142211914,3.502695552698916,3.0,,3.0,Metabolic (Core),False,SOTA,False,13.473104340119537,79.47559726673003,7.090381776349458,13.473104340119537
SPMDAT1,b1584,149.80799644754114,19.9189,5.9173436,4.699695587158203,10.400376497266745,,2.141714285714285,,Metabolic (Core),False,SPMDAT1,False,8.712197904656207,10.234078921106237,8.158860048633372,8.712197904656207
SPMDAT2,b1584,149.80799644754114,56.9605,5.9173436,5.138720512390137,10.400376497266745,7135.161999999999,,7135.161999999999,Metabolic (Core),False,SPMDAT2,False,11.58513662756306,19.604235152414223,8.158860048633372,11.58513662756306
SPMDabcpp_num1,b1124 and b1123 and b1125 and b1126,90.65907860738318,5.4024,7.5586762,11.041131019592283,8.509523323516037,,,,Metabolic (Core),True,SPMDabcpp,False,7.87023714429522,8.12793263577708,8.034099761758018,7.87023714429522
SPMDabcpp_num2,b1441 and b1443 and b1442 and b1440,93.14173333333332,,11.052223,4.916868209838867,11.549273436294202,,,,Metabolic (Core),True,SPMDabcpp,False,8.561784454884352,9.17278821537769,11.052223,5.005220534270311
SPMDt3pp,b1600 and b1599,33.2825,2.5759,1.9833477,29.56543731689453,12.166493689076262,,112645.641475366,,Metabolic (Core),True,SPMDt3pp,False,6.547407923041419,11.572794676492698,7.371196844538131,6.547407923041419
SPMDtex_num1,b0929,94.8168,,,,,,112645.641475366,,Transport,False,SPMDtex,False,,,,
SPMDtex_num2,b2215,96.2904209055866,,,,,,112645.641475366,,Transport,False,SPMDtex,False,,,,
SPMDtex_num3,b0241,33.2825,,,,,,112645.641475366,,Transport,False,SPMDtex,False,,,,
SPMDtex_num4,b1377,96.2904209055866,,,,,,112645.641475366,,Transport,False,SPMDtex,False,,,,
SPMDtex_reverse_num1,b0929,94.8168,,,,,,112645.641475366,,Transport,False,SPMDtex,True,,,,
SPMDtex_reverse_num2,b2215,96.2904209055866,,,,,,112645.641475366,,Transport,False,SPMDtex,True,,,,
SPMDtex_reverse_num3,b0241,33.2825,,,,,,112645.641475366,,Transport,False,SPMDtex,True,,,,
SPMDtex_reverse_num4,b1377,96.2904209055866,,,,,,112645.641475366,,Transport,False,SPMDtex,True,,,,
SPMS,b0121,94.35095537652876,0.5907,1.4897397,0.8997303247451782,1.2556971297984412,0.14,,0.14,Metabolic (Core),False,SPMS,False,0.9985473317908121,1.0589667886359049,1.0777137272718096,0.9985473317908121
SPODM_num1,b3908,169.22268505812133,,,,,,50519.8,,Metabolic (Core),False,SPODM,False,,,,
SPODM_num2,b1656,211.40802692366407,,,,,,50519.8,,Metabolic (Core),False,SPODM,False,,,,
SPODMpp,b1646,237.538568721655,,,,,,50519.8,,Metabolic (Core),False,SPODMpp,False,,,,
SQGH,b3878,169.7465083415484,12.9585,,42.18484115600586,6.046301810920078,,112645.641475366,,Metabolic (Core),False,SQGH,False,14.895908331764717,20.396547655641978,12.9585,7.582287422999499
SQVOSI,b3880,197.70251011777788,,,,,,112645.641475366,,Metabolic (Core),False,SQVOSI,False,,,,
SQtex,b3875,62.99967746920003,,,,,,112645.641475366,,Transport,False,SQtex,False,,,,
SQtex_reverse,b3875,62.99967746920003,,,,,,112645.641475366,,Transport,False,SQtex,True,,,,
SQtr,b3876,23.0,,,,,,112645.641475366,,Metabolic (Core),False,SQtr,False,,,,
SSALx,b1525,133.20262771610487,53.2097,19.600132,13.730791091918944,5.216962663451387,22.6,,22.6,Metabolic (Core),False,SSALx,False,16.532585359116908,22.939396438842582,16.66546154595947,16.532585359116908
SSALy_num1,b1525,133.20262771610487,1.4665,19.600132,11.679808616638184,12.544101452368947,22.6,,22.6,Metabolic (Core),False,SSALy,False,8.055714886445138,11.322635517251783,12.111955034503566,8.055714886445138
SSALy_num2,b2661,160.70234805267864,,10.48038,15.446310997009276,2.974249578668444,22.6,,22.6,Metabolic (Core),False,SSALy,False,7.837780036339923,9.63364685855924,10.48038,4.684301101839076
SUCASPtpp_num1,b4123,23.0,7.5308,10.892956,10.387778282165527,20.83005914936328,,112645.641475366,,Transport,False,SUCASPtpp,False,11.542503355661399,12.410398357882201,10.640367141082763,11.542503355661399
SUCASPtpp_num2,b4138,23.0,,7.4851494,20.661272048950195,6.814832905594133,,112645.641475366,,Transport,False,SUCASPtpp,False,10.17663614348266,11.653751451514777,7.4851494,5.697747316295745
SUCASPtpp_num3,b0621,28.14125,,4.415816,8.977588653564453,6.814832905594133,,112645.641475366,,Transport,False,SUCASPtpp,False,6.4646045117312845,6.7360791863861955,6.814832905594133,4.0542121490400005
SUCASPtpp_reverse_num1,b4123,23.0,1.7264,10.892956,10.387778282165527,7.020495826429408,,112645.641475366,,Transport,False,SUCASPtpp,True,6.08547396020819,7.5069075271487335,8.704137054297467,6.08547396020819
SUCASPtpp_reverse_num2,b4138,23.0,,7.4851494,20.661272048950195,,,112645.641475366,,Transport,False,SUCASPtpp,True,12.435944197383497,14.073210724475098,14.073210724475098,3.526463412171392
SUCASPtpp_reverse_num3,b0621,28.14125,,4.415816,8.977588653564453,,,112645.641475366,,Transport,False,SUCASPtpp,True,6.296298882504577,6.696702326782226,6.696702326782226,2.509242691033408
SUCBZL,b2260,136.47847541820553,4.8484,7.29273,7.043212890625,6.47591517554057,2676.5333333333333,,2676.5333333333333,Metabolic (Core),False,SUCBZL,False,6.337093810132822,6.415064516541393,6.7595640330827855,6.337093810132822
SUCBZS,b2261,173.42795360893282,,,,,19.0,,19.0,Metabolic (Core),False,SUCBZS,False,,,,
SUCCt1pp,b1206,33.2825,,,,,,112645.641475366,,Metabolic (Core),False,SUCCt1pp,False,,,,
SUCCt1pp_reverse,b1206,33.2825,,,,,,112645.641475366,,Metabolic (Reverse),False,SUCCt1pp,True,,,,
SUCCt2_2pp_num1,b3528,23.0,22.0794,38.577248,34.960540771484375,6.154294957250831,,112645.641475366,,Metabolic (Core),False,SUCCt2_2pp,False,20.690392993727727,25.442870932183798,28.519970385742187,20.690392993727727
SUCCt2_2pp_num2,b0010,92.71685493840006,,84.79118,70.36267852783203,20.83005914936328,,112645.641475366,,Metabolic (Core),False,SUCCt2_2pp,False,49.903137188856974,58.66130589239844,70.36267852783203,18.775689150390928
SUCCt2_3pp_num1,b4123,23.0,17.8217,10.892956,10.387778282165527,20.83005914936328,,112645.641475366,,Metabolic (Core),False,SUCCt2_3pp,False,14.31617548274719,14.983123357882201,14.357327999999999,14.31617548274719
SUCCt2_3pp_num2,b4138,23.0,,7.4851494,20.661272048950195,1.2556971297984412,,112645.641475366,,Metabolic (Core),False,SUCCt2_3pp,False,5.790918821455404,9.800706192916213,7.4851494,3.7330225012363427
SUCCtex_num1,b1377,96.2904209055866,,,,,,112645.641475366,,Transport,False,SUCCtex,False,,,,
SUCCtex_num2,b0241,33.2825,,,,,,112645.641475366,,Transport,False,SUCCtex,False,,,,
SUCCtex_num3,b0929,94.8168,,,,,,112645.641475366,,Transport,False,SUCCtex,False,,,,
SUCCtex_num4,b2215,96.2904209055866,,,,,,112645.641475366,,Transport,False,SUCCtex,False,,,,
SUCCtex_reverse_num1,b1377,96.2904209055866,,,,,,112645.641475366,,Transport,False,SUCCtex,True,,,,
SUCCtex_reverse_num2,b0241,33.2825,,,,,,112645.641475366,,Transport,False,SUCCtex,True,,,,
SUCCtex_reverse_num3,b0929,94.8168,,,,,,112645.641475366,,Transport,False,SUCCtex,True,,,,
SUCCtex_reverse_num4,b2215,96.2904209055866,,,,,,112645.641475366,,Transport,False,SUCCtex,True,,,,
SUCDi,b0723 and b0721 and b0722 and b0724,116.15819206211874,60.022,17.294817,28.56108283996582,6.245464574809021,,112645.641475366,,Metabolic (Core),True,SUCDi,False,20.743950284929042,28.03084110369371,22.927949919982908,20.743950284929042
SUCFUMtpp_num1,b0621,28.14125,14.8327,4.415816,8.977588653564453,20.83005914936328,,112645.641475366,,Transport,False,SUCFUMtpp,False,10.520111597306489,12.264040950731934,11.905144326782228,10.520111597306489
SUCFUMtpp_num2,b4123,23.0,,10.892956,10.387778282165527,6.814832905594133,,112645.641475366,,Transport,False,SUCFUMtpp,False,9.170109976912666,9.365189062586554,10.387778282165527,5.2696395281723625
SUCFUMtpp_num3,b4138,23.0,,7.4851494,20.661272048950195,1.719566556138407,,112645.641475366,,Transport,False,SUCFUMtpp,False,6.430708736680002,9.955329335029534,7.4851494,4.038258629326368
SUCFUMtpp_reverse_num1,b0621,28.14125,3.6878,4.415816,8.977588653564453,6.332120906841956,,112645.641475366,,Transport,False,SUCFUMtpp,True,5.515968882357358,5.853331390101603,5.373968453420979,5.515968882357358
SUCFUMtpp_reverse_num2,b4123,23.0,,10.892956,10.387778282165527,9.685838815944882,,112645.641475366,,Transport,False,SUCFUMtpp,True,10.310234728892022,10.32219103270347,10.387778282165527,5.7537556531172935
SUCFUMtpp_reverse_num3,b4138,23.0,,7.4851494,20.661272048950195,6.23463125887155,,112645.641475366,,Transport,False,SUCFUMtpp,True,9.879222512767646,11.460350902607248,7.4851494,5.572397330084205
SUCMALtpp_num1,b4123,23.0,14.4836,10.892956,10.387778282165527,20.83005914936328,,112645.641475366,,Transport,False,SUCMALtpp,False,13.59279795530424,14.148598357882202,12.688278,13.59279795530424
SUCMALtpp_num2,b4138,23.0,,7.4851494,20.661272048950195,5.196277751012517,,112645.641475366,,Transport,False,SUCMALtpp,False,9.29715265718547,11.114233066654238,7.4851494,5.324299430218534
SUCMALtpp_num3,b0621,28.14125,,4.415816,8.977588653564453,21.468088153965304,,112645.641475366,,Transport,False,SUCMALtpp,False,9.476646491531449,11.62049760250992,8.977588653564453,5.401209343782196
SUCMALtpp_reverse_num1,b4123,23.0,4.3433,10.892956,10.387778282165527,7.759480633406317,,112645.641475366,,Transport,False,SUCMALtpp,True,7.858329332324378,8.345878728892961,9.073629457785922,7.858329332324378
SUCMALtpp_reverse_num2,b4138,23.0,,7.4851494,20.661272048950195,,,112645.641475366,,Transport,False,SUCMALtpp,True,12.435944197383497,14.073210724475098,14.073210724475098,3.526463412171392
SUCMALtpp_reverse_num3,b0621,28.14125,,4.415816,8.977588653564453,,,112645.641475366,,Transport,False,SUCMALtpp,True,6.296298882504577,6.696702326782226,6.696702326782226,2.509242691033408
SUCOAS,b0729 and b0728,114.49559696909084,2.813,13.431093,41.14340591430664,19.340076933523704,,44.73,,Metabolic (Core),True,SUCOAS,False,13.167698729824256,19.181893961957584,16.385584966761854,13.167698729824256
SUCOAS_reverse,b0729 and b0728,114.49559696909084,77.1918,4.245613,33.216060638427734,3.744908238513749,,44.73,,Metabolic (Reverse),True,SUCOAS,True,14.209382969892358,29.59959546923537,18.730836819213867,14.209382969892358
SUCRtex_num1,b1377,96.2904209055866,,,,,,112645.641475366,,Transport,False,SUCRtex,False,,,,
SUCRtex_num2,b0241,33.2825,,,,,,112645.641475366,,Transport,False,SUCRtex,False,,,,
SUCRtex_num3,b0929,94.8168,,,,,,112645.641475366,,Transport,False,SUCRtex,False,,,,
SUCRtex_num4,b2215,96.2904209055866,,,,,,112645.641475366,,Transport,False,SUCRtex,False,,,,
SUCRtex_reverse_num1,b1377,96.2904209055866,,,,,,112645.641475366,,Transport,False,SUCRtex,True,,,,
SUCRtex_reverse_num2,b0241,33.2825,,,,,,112645.641475366,,Transport,False,SUCRtex,True,,,,
SUCRtex_reverse_num3,b0929,94.8168,,,,,,112645.641475366,,Transport,False,SUCRtex,True,,,,
SUCRtex_reverse_num4,b2215,96.2904209055866,,,,,,112645.641475366,,Transport,False,SUCRtex,True,,,,
SUCTARTtpp,b4123,23.0,6.4097,13.386345,10.387778282165527,1.9562772055410185,,112645.641475366,,Transport,False,SUCTARTtpp,False,6.461944084582701,8.035025121926637,8.398739141082764,6.461944084582701
SUCTARTtpp_reverse,b4123,23.0,9.7691,13.386345,10.387778282165527,7.228125235384933,,112645.641475366,,Transport,False,SUCTARTtpp,True,9.954426109508288,10.192837129387616,10.078439141082765,9.954426109508288
SUCptspp,b2416 and b2417 and b2415 and b2429,158.9366175174943,114.7526,4.1381164,5.943314552307129,20.83005914936328,,112645.641475366,,Metabolic (Core),True,SUCptspp,False,15.571165262660655,36.4160225254176,13.386686850835204,15.571165262660655
SULFACabcpp,b0933 and b0934 and b0936,97.61360481285834,4.683,3.7256458,4.204555034637451,5.689178149808956,,112645.641475366,,Metabolic (Core),True,SULFACabcpp,False,4.519847939006737,4.5755947461116016,4.4437775173187255,4.519847939006737
SULFACtex_num1,b0241,33.2825,,,,,,112645.641475366,,Transport,False,SULFACtex,False,,,,
SULFACtex_num2,b1377,96.2904209055866,,,,,,112645.641475366,,Transport,False,SULFACtex,False,,,,
SULFACtex_num3,b2215,96.2904209055866,,,,,,112645.641475366,,Transport,False,SULFACtex,False,,,,
SULFACtex_num4,b0929,94.8168,,,,,,112645.641475366,,Transport,False,SULFACtex,False,,,,
SULFACtex_reverse_num1,b0241,33.2825,,,,,,112645.641475366,,Transport,False,SULFACtex,True,,,,
SULFACtex_reverse_num2,b1377,96.2904209055866,,,,,,112645.641475366,,Transport,False,SULFACtex,True,,,,
SULFACtex_reverse_num3,b2215,96.2904209055866,,,,,,112645.641475366,,Transport,False,SULFACtex,True,,,,
SULFACtex_reverse_num4,b0929,94.8168,,,,,,112645.641475366,,Transport,False,SULFACtex,True,,,,
SULR,b2764 and b2763,121.23861216232469,,,,,210.53125,,210.53125,Metabolic (Core),True,SULR,False,,,,
SULabcpp_num1,b0765 and b0764 and b0763,128.2406734749161,,,,,,,,Metabolic (Core),True,SULabcpp,False,,,,
SULabcpp_num2,b2422 and b2423 and b2424 and b2425,96.13998390727178,,,,,,,,Metabolic (Core),True,SULabcpp,False,,,,
SULabcpp_num3,b2424 and b2422 and b2423 and b3917,97.76404181117316,,,,,,,,Metabolic (Core),True,SULabcpp,False,,,,
T2DECAI,b0954,126.88473466186872,,,,,,112645.641475366,,Metabolic (Core),False,T2DECAI,False,,,,
T2DECAI_reverse,b0954,126.88473466186872,,,,,,112645.641475366,,Metabolic (Reverse),False,T2DECAI,True,,,,
TAGURr,b1521,157.17088698230995,19.5807,0.16766788,22.06151390075684,3.527158759064631,,,,Metabolic (Core),False,TAGURr,False,3.997924621052324,11.334260134955368,11.553929379532315,3.997924621052324
TAGURr_reverse,b1521,157.17088698230995,1.0025,0.12612301,12.88769817352295,3.709008719383553,,,,Metabolic (Reverse),False,TAGURr,True,1.5679347293778547,4.4313324757266255,2.3557543596917765,1.5679347293778547
TALA_num1,b0008,136.71153247522938,4.8119,5.741958,40.29139709472656,7.008712984588747,,13.0,,Metabolic (Core),False,TALA,False,9.398462258197746,14.463492019828827,6.375335492294374,9.398462258197746
TALA_num2,b2464,141.11392726591654,5.8496,9.12829,38.45966720581055,5.265135685472943,,13.0,,Metabolic (Core),False,TALA,False,10.197240731943229,14.675673222820873,7.488944999999999,10.197240731943229
TALA_reverse_num1,b0008,136.71153247522938,12.3181,3.8513699,55.55830001831055,6.154294957250831,,13.0,,Metabolic (Reverse),False,TALA,True,11.285519440332004,19.470516218890342,9.236197478625416,11.285519440332004
TALA_reverse_num2,b2464,141.11392726591654,,5.4177504,57.986595153808594,5.507208631745094,,13.0,,Metabolic (Reverse),False,TALA,True,12.004922948591892,22.970518061851227,5.507208631745094,6.449403258929293
TARTD,b3062 and b3061,115.69288473855744,,,,,,,,Metabolic (Core),True,TARTD,False,,,,
TARTRDtex_num1,b0241,33.2825,,,,,,112645.641475366,,Transport,False,TARTRDtex,False,,,,
TARTRDtex_num2,b1377,96.2904209055866,,,,,,112645.641475366,,Transport,False,TARTRDtex,False,,,,
TARTRDtex_num3,b2215,96.2904209055866,,,,,,112645.641475366,,Transport,False,TARTRDtex,False,,,,
TARTRDtex_num4,b0929,94.8168,,,,,,112645.641475366,,Transport,False,TARTRDtex,False,,,,
TARTRDtex_reverse_num1,b0241,33.2825,,,,,,112645.641475366,,Transport,False,TARTRDtex,True,,,,
TARTRDtex_reverse_num2,b1377,96.2904209055866,,,,,,112645.641475366,,Transport,False,TARTRDtex,True,,,,
TARTRDtex_reverse_num3,b2215,96.2904209055866,,,,,,112645.641475366,,Transport,False,TARTRDtex,True,,,,
TARTRDtex_reverse_num4,b0929,94.8168,,,,,,112645.641475366,,Transport,False,TARTRDtex,True,,,,
TARTRt7pp,b3063,23.0,4.2673,8.178774,23.276975631713867,3.924284482031708,,112645.641475366,,Metabolic (Core),False,TARTRt7pp,False,7.514188830145505,9.911833528436393,6.223037,7.514188830145505
TARTRt7pp_reverse,b3063,23.0,153.1321,8.178774,23.276975631713867,4.674531227649103,,112645.641475366,,Metabolic (Reverse),False,TARTRt7pp,True,19.213423956109114,47.31559521484075,15.727874815856934,19.213423956109114
TARTRtex_num1,b1377,96.2904209055866,,,,,,112645.641475366,,Transport,False,TARTRtex,False,,,,
TARTRtex_num2,b0241,33.2825,,,,,,112645.641475366,,Transport,False,TARTRtex,False,,,,
TARTRtex_num3,b0929,94.8168,,,,,,112645.641475366,,Transport,False,TARTRtex,False,,,,
TARTRtex_num4,b2215,96.2904209055866,,,,,,112645.641475366,,Transport,False,TARTRtex,False,,,,
TARTRtex_reverse_num1,b1377,96.2904209055866,,,,,,112645.641475366,,Transport,False,TARTRtex,True,,,,
TARTRtex_reverse_num2,b0241,33.2825,,,,,,112645.641475366,,Transport,False,TARTRtex,True,,,,
TARTRtex_reverse_num3,b0929,94.8168,,,,,,112645.641475366,,Transport,False,TARTRtex,True,,,,
TARTRtex_reverse_num4,b2215,96.2904209055866,,,,,,112645.641475366,,Transport,False,TARTRtex,True,,,,
TARTt2_3pp,b4123,23.0,8.1817,13.386345,10.387778282165527,5.218719976695953,,112645.641475366,,Metabolic (Core),False,TARTt2_3pp,False,8.778050148892564,9.293635814715369,9.284739141082763,8.778050148892564
TAUDO,b0368,121.23861216232469,2.6497,9.306257,4.203973770141602,12.39208454655868,1.53,,1.53,Metabolic (Core),False,TAUDO,False,5.986790050665904,7.138003829175071,6.755115385070801,5.986790050665904
TAURabcpp,b0367 and b0365 and b0366,92.7379393036916,12.9585,14.565533,2.984194755554199,12.39208454655868,,,,Metabolic (Core),True,TAURabcpp,False,9.140357057694155,10.72507807552822,12.67529227327934,9.140357057694155
TAURtex_num1,b1377,96.2904209055866,,,,,,112645.641475366,,Transport,False,TAURtex,False,,,,
TAURtex_num2,b0241,33.2825,,,,,,112645.641475366,,Transport,False,TAURtex,False,,,,
TAURtex_num3,b0929,94.8168,,,,,,112645.641475366,,Transport,False,TAURtex,False,,,,
TAURtex_num4,b2215,96.2904209055866,,,,,,112645.641475366,,Transport,False,TAURtex,False,,,,
TAURtex_reverse_num1,b1377,96.2904209055866,,,,,,112645.641475366,,Transport,False,TAURtex,True,,,,
TAURtex_reverse_num2,b0241,33.2825,,,,,,112645.641475366,,Transport,False,TAURtex,True,,,,
TAURtex_reverse_num3,b0929,94.8168,,,,,,112645.641475366,,Transport,False,TAURtex,True,,,,
TAURtex_reverse_num4,b2215,96.2904209055866,,,,,,112645.641475366,,Transport,False,TAURtex,True,,,,
TCYNTtex_num1,b1377,96.2904209055866,,,,,,112645.641475366,,Transport,False,TCYNTtex,False,,,,
TCYNTtex_num2,b0241,33.2825,,,,,,112645.641475366,,Transport,False,TCYNTtex,False,,,,
TCYNTtex_num3,b0929,94.8168,,,,,,112645.641475366,,Transport,False,TCYNTtex,False,,,,
TCYNTtex_num4,b2215,96.2904209055866,,,,,,112645.641475366,,Transport,False,TCYNTtex,False,,,,
TCYNTtex_reverse_num1,b1377,96.2904209055866,,,,,,112645.641475366,,Transport,False,TCYNTtex,True,,,,
TCYNTtex_reverse_num2,b0241,33.2825,,,,,,112645.641475366,,Transport,False,TCYNTtex,True,,,,
TCYNTtex_reverse_num3,b0929,94.8168,,,,,,112645.641475366,,Transport,False,TCYNTtex,True,,,,
TCYNTtex_reverse_num4,b2215,96.2904209055866,,,,,,112645.641475366,,Transport,False,TCYNTtex,True,,,,
TDP,b1134,157.17088698230995,30.6003,0.6141161,2.147484302520752,11.334694813446427,,0.5668421052631579,,Metabolic (Core),False,TDP,False,4.624651372246225,11.174148803991795,6.74108955798359,4.624651372246225
TDPADGAT,b3790,135.5233043049329,105.541,0.38175315,2.833132266998291,10.400376497266745,,,,Metabolic (Core),False,TDPADGAT,False,5.869889643691277,29.789065478566258,6.616754382132518,5.869889643691277
TDPAGTA,b3791,136.71153247522938,1.4882,2.1866062,0.3690507411956787,7.068315755536439,0.38,,0.38,Metabolic (Core),False,TDPAGTA,False,1.706901558115733,2.778043174183029,1.8374031,1.706901558115733
TDPDRE,b2038,205.72000000000008,,,,,,14.136,,Metabolic (Core),False,TDPDRE,False,,,,
TDPDRR,b2040,121.23861216232469,76.8241,6.998137,5.250051021575928,8.94130582927473,,29.0,,Metabolic (Core),False,TDPDRR,False,12.604078484067077,24.503398462712664,7.969721414637365,12.604078484067077
TDPGDH_num1,b3788,97.76404181117316,,,,,1.717,,1.717,Metabolic (Core),False,TDPGDH,False,,,,
TDPGDH_num2,b2041,109.0927121837108,,,,,1.717,,1.717,Metabolic (Core),False,TDPGDH,False,,,,
TDSK,b0915,152.62479040685164,2.2178,0.24354129,3.956751585006714,2.3010802590112336,592556.85,,592556.85,Metabolic (Core),False,TDSK,False,1.4891600720085458,2.1797932835044866,2.2594401295056166,1.4891600720085458
TDSR1,b2893 and b4136,205.72000000000008,172.7387,,3.508152961730957,2.9104181261561552,,112645.641475366,,Metabolic (Core),True,TDSR1,False,12.082065472471951,59.71909036262903,3.508152961730957,6.480460810280957
TDSR2,b0604 and b4136,189.6850202355557,24.1773,,20.63231086730957,7.677154914011056,,112645.641475366,,Metabolic (Core),True,TDSR2,False,15.645351523028449,17.495588593773544,20.63231086730957,7.8666348918738676
TEO2M,b1430,197.70251011777788,6.6421,0.14863928,0.2753384709358215,5.688412376681967,,112645.641475366,,Metabolic (Core),False,TEO2M,False,1.1151267731207046,3.188622531904447,2.9818754238088943,1.1151267731207046
TGBPA_num1,b3132 and b3137,121.23861216232469,,,,,2.3541668325000003,,2.3541668325000003,Metabolic (Core),True,TGBPA,False,,,,
TGBPA_num2,b2095 and b2096,121.175352563932,,,,,2.3541668325000003,,2.3541668325000003,Metabolic (Core),True,TGBPA,False,,,,
TGBPA_reverse_num1,b3132 and b3137,121.23861216232469,1068.0464,0.51540995,2.067713499069214,6.114933958500958,2.3541668325000003,,2.3541668325000003,Metabolic (Reverse),True,TGBPA,True,9.13390022477334,269.18611435189257,4.0913237287850865,9.13390022477334
TGBPA_reverse_num2,b2095 and b2096,121.175352563932,,0.2765431,6.220748901367188,32.40307959655166,2.3541668325000003,,2.3541668325000003,Metabolic (Reverse),True,TGBPA,True,3.8200049764721644,12.966790532639616,6.220748901367188,2.732423089270261
THD2pp,b1602 and b1603,108.46483596491184,,,,,213.7,,213.7,Metabolic (Core),True,THD2pp,False,,,,
THDPS,b0166,139.02433496122862,119.4937,10.076572,7.41774320602417,10.397610637812583,43.33333,,43.33333,Metabolic (Core),False,THDPS,False,17.456846433873814,36.846406460959194,10.237091318906291,17.456846433873814
THFAT,b2551,121.23861216232469,0.9906,0.66939723,7.108636856079102,3.802692970292663,15.391666666666666,,15.391666666666666,Metabolic (Core),False,THFAT,False,2.057618975365279,3.142831764092941,2.3966464851463316,2.057618975365279
THIORDXi_num1,b1710,264.0226067691252,11.9399,,8.569024085998535,7.897718004824455,,53.45,,Metabolic (Core),False,THIORDXi,False,9.314178542236997,9.468880696940998,8.569024085998535,5.331610553696367
THIORDXi_num2,b3781 and b2480,227.1271082857792,,,4.224477767944336,4.200352710379372,,53.45,,Metabolic (Core),True,THIORDXi,False,4.212397968203193,4.212415239161854,4.212415239161854,2.0524127187783634
THIORDXi_num3,b2582 and b2480,247.9500291575308,,,12.41003131866455,10.475654966689731,,53.45,,Metabolic (Core),True,THIORDXi,False,11.401894852178888,11.442843142677141,11.442843142677141,3.376669194958086
THMDt2pp_copy1_num1,b2964,23.0,6.057,4.9684196,18.34995651245117,7.228125235384933,,112645.641475366,,Metabolic (Core),False,THMDt2pp_copy1,False,7.948480937021358,9.150875336959025,6.642562617692467,7.948480937021358
THMDt2pp_copy1_num2,b2393,33.2825,,2.8434887,13.50819969177246,1.719566556138407,,112645.641475366,,Metabolic (Core),False,THMDt2pp_copy1,False,4.042245221156301,6.023751649303622,2.8434887,2.8508015890776197
THMDt2pp_copy2,b2406,23.0,12.9585,2.8719335,16.7822265625,2.117565282847367,,112645.641475366,,Metabolic (Core),False,THMDt2pp_copy2,False,6.030507683687512,8.682556336336841,7.915216750000001,6.030507683687512
THMDt2pp_copy2_reverse,b2406,23.0,11.3531,2.8719335,16.7822265625,7.517877432595676,,112645.641475366,,Metabolic (Reverse),False,THMDt2pp_copy2,True,8.008633434145182,9.63128437377392,9.435488716297838,8.008633434145182
THMDtex_num1,b1377,96.2904209055866,,,,,,112645.641475366,,Transport,False,THMDtex,False,,,,
THMDtex_num2,b0241,33.2825,,,,,,112645.641475366,,Transport,False,THMDtex,False,,,,
THMDtex_num3,b0929,94.8168,,,,,,112645.641475366,,Transport,False,THMDtex,False,,,,
THMDtex_num4,b2215,96.2904209055866,,,,,,112645.641475366,,Transport,False,THMDtex,False,,,,
THMDtex_reverse_num1,b1377,96.2904209055866,,,,,,112645.641475366,,Transport,False,THMDtex,True,,,,
THMDtex_reverse_num2,b0241,33.2825,,,,,,112645.641475366,,Transport,False,THMDtex,True,,,,
THMDtex_reverse_num3,b0929,94.8168,,,,,,112645.641475366,,Transport,False,THMDtex,True,,,,
THMDtex_reverse_num4,b2215,96.2904209055866,,,,,,112645.641475366,,Transport,False,THMDtex,True,,,,
THMabcpp,b0068 and b0066 and b0067,97.76404181117316,4.9723,15.372946,,2.193511043557145,,112645.641475366,,Metabolic (Core),True,THMabcpp,False,5.514228393641652,7.512919014519048,4.9723,3.598434174514613
THMtex_num1,b1377,96.2904209055866,,,,,,112645.641475366,,Transport,False,THMtex,False,,,,
THMtex_num2,b0241,33.2825,,,,,,112645.641475366,,Transport,False,THMtex,False,,,,
THMtex_num3,b0929,94.8168,,,,,,112645.641475366,,Transport,False,THMtex,False,,,,
THMtex_num4,b2215,96.2904209055866,,,,,,112645.641475366,,Transport,False,THMtex,False,,,,
THMtex_reverse_num1,b1377,96.2904209055866,,,,,,112645.641475366,,Transport,False,THMtex,True,,,,
THMtex_reverse_num2,b0241,33.2825,,,,,,112645.641475366,,Transport,False,THMtex,True,,,,
THMtex_reverse_num3,b0929,94.8168,,,,,,112645.641475366,,Transport,False,THMtex,True,,,,
THMtex_reverse_num4,b2215,96.2904209055866,,,,,,112645.641475366,,Transport,False,THMtex,True,,,,
THRA2_num1,b2551,121.23861216232469,,,,,,112645.641475366,,Metabolic (Core),False,THRA2,False,,,,
THRA2_num2,b0870,115.69288473855748,,,,,,112645.641475366,,Metabolic (Core),False,THRA2,False,,,,
THRA_num1,b2551,121.23861216232469,,,,,1.485,,1.485,Metabolic (Core),False,THRA,False,,,,
THRA_num2,b0870,115.69288473855748,,,,,1.485,,1.485,Metabolic (Core),False,THRA,False,,,,
THRD_L_num1,b3772,126.3166780801852,,,,,1414.0,,1414.0,Metabolic (Core),False,THRD_L,False,,,,
THRD_L_num2,b3117,136.04534533333316,,,,,1414.0,,1414.0,Metabolic (Core),False,THRD_L,False,,,,
THRD_num1,b3616,135.62270918059085,3.3726,7.8181705,31.571197509765625,2.117565282847367,135.0,,135.0,Metabolic (Core),False,THRD,False,6.479618834183106,11.219883323153248,5.59538525,6.479618834183106
THRD_num2,b3589,143.25976446138526,11.1583,13.018975,91.8443603515625,0.55443644863912,135.0,,135.0,Metabolic (Core),False,THRD,False,9.274057268373097,29.144017950050408,12.0886375,9.274057268373097
THRPtex_num1,b1377,96.2904209055866,,,,,,112645.641475366,,Transport,False,THRPtex,False,,,,
THRPtex_num2,b0241,33.2825,,,,,,112645.641475366,,Transport,False,THRPtex,False,,,,
THRPtex_num3,b0929,94.8168,,,,,,112645.641475366,,Transport,False,THRPtex,False,,,,
THRPtex_num4,b2215,96.2904209055866,,,,,,112645.641475366,,Transport,False,THRPtex,False,,,,
THRPtex_reverse_num1,b1377,96.2904209055866,,,,,,112645.641475366,,Transport,False,THRPtex,True,,,,
THRPtex_reverse_num2,b0241,33.2825,,,,,,112645.641475366,,Transport,False,THRPtex,True,,,,
THRPtex_reverse_num3,b0929,94.8168,,,,,,112645.641475366,,Transport,False,THRPtex,True,,,,
THRPtex_reverse_num4,b2215,96.2904209055866,,,,,,112645.641475366,,Transport,False,THRPtex,True,,,,
THRS,b0004,123.60963225270936,0.3282,7.0452237,29.26873588562012,5.8218552443149,5.6666665,,5.6666665,Metabolic (Core),False,THRS,False,4.455276716449971,10.616003707483756,6.433539472157451,4.455276716449971
THRabcpp,b3457 and b3455 and b3456 and b3460 and b3454,97.76404181117316,13.5919,6.5617394,18.14558982849121,20.83005914936328,,112645.641475366,,Metabolic (Core),True,THRabcpp,False,13.550027775634419,14.782322094463623,15.868744914245607,13.550027775634419
THRt2pp_num1,b0813,33.2825,6.2241,3.8428981,34.2525634765625,0.977063986649603,,112645.641475366,,Metabolic (Core),False,THRt2pp,False,5.31909661768736,11.324156390803026,5.03349905,5.31909661768736
THRt2pp_num2,b3823,33.2825,,6.836773,36.318973541259766,4.69157887104192,,112645.641475366,,Metabolic (Core),False,THRt2pp,False,10.52207151703421,15.949108470767229,6.836773,5.842193497122336
THRt2rpp,b3116,33.2825,1.5355,3.0169044,10.71681308746338,4.810772528691261,,112645.641475366,,Metabolic (Core),False,THRt2rpp,False,3.9311802922087478,5.019997504038661,3.9138384643456305,3.9311802922087478
THRt4pp,b3089,23.0,0.32,17.652739,17.803878784179688,1.10372881793359,,112645.641475366,,Metabolic (Core),False,THRt4pp,False,3.24589728232213,9.220086650528321,9.378233908966795,3.24589728232213
THRtex_num1,b1377,96.2904209055866,,,,,,112645.641475366,,Transport,False,THRtex,False,,,,
THRtex_num2,b0241,33.2825,,,,,,112645.641475366,,Transport,False,THRtex,False,,,,
THRtex_num3,b0929,94.8168,,,,,,112645.641475366,,Transport,False,THRtex,False,,,,
THRtex_num4,b2215,96.2904209055866,,,,,,112645.641475366,,Transport,False,THRtex,False,,,,
THRtex_reverse_num1,b1377,96.2904209055866,,,,,,112645.641475366,,Transport,False,THRtex,True,,,,
THRtex_reverse_num2,b0241,33.2825,,,,,,112645.641475366,,Transport,False,THRtex,True,,,,
THRtex_reverse_num3,b0929,94.8168,,,,,,112645.641475366,,Transport,False,THRtex,True,,,,
THRtex_reverse_num4,b2215,96.2904209055866,,,,,,112645.641475366,,Transport,False,THRtex,True,,,,
THYMtex_num1,b2215,96.2904209055866,,,,,,112645.641475366,,Transport,False,THYMtex,False,,,,
THYMtex_num2,b0241,33.2825,,,,,,112645.641475366,,Transport,False,THYMtex,False,,,,
THYMtex_num3,b1377,96.2904209055866,,,,,,112645.641475366,,Transport,False,THYMtex,False,,,,
THYMtex_num4,b0929,94.8168,,,,,,112645.641475366,,Transport,False,THYMtex,False,,,,
THYMtex_reverse_num1,b2215,96.2904209055866,,,,,,112645.641475366,,Transport,False,THYMtex,True,,,,
THYMtex_reverse_num2,b0241,33.2825,,,,,,112645.641475366,,Transport,False,THYMtex,True,,,,
THYMtex_reverse_num3,b1377,96.2904209055866,,,,,,112645.641475366,,Transport,False,THYMtex,True,,,,
THYMtex_reverse_num4,b0929,94.8168,,,,,,112645.641475366,,Transport,False,THYMtex,True,,,,
THZPSN3,b3992 and b3990 and b0423 and b2530 and b4407 and b3991,128.2406734749161,49.6459,2.650314,4.520028114318848,24.841068680942527,,112645.641475366,,Metabolic (Core),True,THZPSN3,False,11.024858714915874,20.41432769881534,14.680548397630687,11.024858714915874
TKT1_num1,b2935,115.69288473855744,24.2942,10.412914,9.579538345336914,6.41530114666154,,25661.335384615384,,Metabolic (Core),False,TKT1,False,11.166295792065359,12.675488372999615,9.996226172668457,11.166295792065359
TKT1_num2,b2465,97.76404181117316,3.8722,8.462711,14.301926612854004,5.265135685472943,,25661.335384615384,,Metabolic (Core),False,TKT1,False,7.048031734980343,7.975493324581736,6.863923342736472,7.048031734980343
TKT1_reverse_num1,b2935,115.69288473855744,12.2154,6.713093,7.373360633850098,7.494230452223806,,25661.335384615384,,Metabolic (Reverse),False,TKT1,True,8.204568004276112,8.449021021518476,7.433795543036952,8.204568004276112
TKT1_reverse_num2,b2465,97.76404181117316,,5.134286,11.008164405822754,8.135649937618254,,25661.335384615384,,Metabolic (Reverse),False,TKT1,True,7.718431824595151,8.092700114480335,8.135649937618254,4.630701687102294
TKT2_num1,b2935,115.69288473855744,36.8571,10.412914,8.01261043548584,6.41530114666154,,30833.397647058824,,Metabolic (Core),False,TKT2,False,11.85144020472446,15.424481395536846,9.21276221774292,11.85144020472446
TKT2_num2,b2465,97.76404181117316,,8.462711,14.301926612854004,3.5613761147405705,,30833.397647058824,,Metabolic (Core),False,TKT2,False,7.553947560835257,8.775337909198191,8.462711,4.55649055354419
TKT2_reverse_num1,b2935,115.69288473855744,1.4303,8.893918,9.930010795593262,8.014234522869614,,30833.397647058824,,Metabolic (Reverse),False,TKT2,True,5.640700057604864,7.067115829615719,8.454076261434807,5.640700057604864
TKT2_reverse_num2,b2465,97.76404181117316,,8.330298,15.273137092590332,4.810772528691261,,30833.397647058824,,Metabolic (Reverse),False,TKT2,True,8.490524835940873,9.471402540427198,8.330298,4.973944127507348
TMAOR1_num1,b0896 and b0895 and b0894,143.25976446138526,3.8247,1165.4689,33.09517288208008,8.578554053307505,,112645.641475366,,Metabolic (Core),True,TMAOR1,False,33.540474535285995,302.7418317338469,20.836863467693792,33.540474535285995
TMAOR1_num2,b1588 and b1589 and b1590 and b1587,149.80799644754114,12.2147,849.9638,10.40248680114746,69.62689854059693,,112645.641475366,,Metabolic (Core),True,TMAOR1,False,52.36599555850277,235.5519713354361,40.92079927029846,52.36599555850277
TMAOR1pp_num1,b0997 and b0996,169.22268505812133,177.0219,51.66765,4.0126142501831055,8.578554053307505,,112645.641475366,,Metabolic (Core),True,TMAOR1pp,False,23.687640457521127,60.32017957587265,30.123102026653754,23.687640457521127
TMAOR1pp_num2,b1872 and b1873,155.2551722501099,,58.358,10.40248680114746,2.5818491326450226,,112645.641475366,,Metabolic (Core),True,TMAOR1pp,False,11.615987733990691,23.78077864459749,10.40248680114746,6.292049180960901
TMAOR2,b0896 and b0895 and b0894,143.25976446138526,146.4919,1165.4689,34.095191955566406,11.925618662439843,,112645.641475366,,Metabolic (Core),True,TMAOR2,False,91.27925560916725,339.49540265450156,90.2935459777832,91.27925560916725
TMAOR2pp_num1,b0997 and b0996,169.22268505812133,17.4366,51.66765,3.89492392539978,8.578554053307505,,112645.641475366,,Metabolic (Core),True,TMAOR2pp,False,13.171899133966535,20.39443199467682,13.007577026653752,13.171899133966535
TMAOR2pp_num2,b1872 and b1873,155.2551722501099,,58.358,10.097379684448242,9.661923757639329,,112645.641475366,,Metabolic (Core),True,TMAOR2pp,False,17.856276309320865,26.039101147362526,10.097379684448242,8.68646698217076
TMAOtex_num1,b1377,96.2904209055866,,,,,,112645.641475366,,Transport,False,TMAOtex,False,,,,
TMAOtex_num2,b0241,33.2825,,,,,,112645.641475366,,Transport,False,TMAOtex,False,,,,
TMAOtex_num3,b0929,94.8168,,,,,,112645.641475366,,Transport,False,TMAOtex,False,,,,
TMAOtex_num4,b2215,96.2904209055866,,,,,,112645.641475366,,Transport,False,TMAOtex,False,,,,
TMAOtex_reverse_num1,b1377,96.2904209055866,,,,,,112645.641475366,,Transport,False,TMAOtex,True,,,,
TMAOtex_reverse_num2,b0241,33.2825,,,,,,112645.641475366,,Transport,False,TMAOtex,True,,,,
TMAOtex_reverse_num3,b0929,94.8168,,,,,,112645.641475366,,Transport,False,TMAOtex,True,,,,
TMAOtex_reverse_num4,b2215,96.2904209055866,,,,,,112645.641475366,,Transport,False,TMAOtex,True,,,,
TMAtex_num1,b1377,96.2904209055866,,,,,,112645.641475366,,Transport,False,TMAtex,False,,,,
TMAtex_num2,b0241,33.2825,,,,,,112645.641475366,,Transport,False,TMAtex,False,,,,
TMAtex_num3,b0929,94.8168,,,,,,112645.641475366,,Transport,False,TMAtex,False,,,,
TMAtex_num4,b2215,96.2904209055866,,,,,,112645.641475366,,Transport,False,TMAtex,False,,,,
TMAtex_reverse_num1,b1377,96.2904209055866,,,,,,112645.641475366,,Transport,False,TMAtex,True,,,,
TMAtex_reverse_num2,b0241,33.2825,,,,,,112645.641475366,,Transport,False,TMAtex,True,,,,
TMAtex_reverse_num3,b0929,94.8168,,,,,,112645.641475366,,Transport,False,TMAtex,True,,,,
TMAtex_reverse_num4,b2215,96.2904209055866,,,,,,112645.641475366,,Transport,False,TMAtex,True,,,,
TMDK1,b1238,121.20698236312832,0.011,0.8393346,6.9107279777526855,2.193511043557145,565626.46,,565626.46,Metabolic (Core),False,TMDK1,False,0.6116427874221607,2.4886434053274575,1.5164228217785725,0.6116427874221607
TMDPP,b4382,117.63095515668913,6.028,0.5232555,129.58273315429688,2.193511043557145,132415.635,,132415.635,Metabolic (Core),False,TMDPP,False,5.471967404067663,34.581874924463506,4.1107555217785725,5.471967404067663
TMDPP_reverse,b4382,117.63095515668913,1.5,2.4808748,77.98236083984375,7.008712984588747,132415.635,,132415.635,Metabolic (Reverse),False,TMDPP,True,6.715567060844001,22.24298715610812,4.744793892294373,6.715567060844001
TMDS,b2827,75.96272439544778,1.5677,2.023063,3.006903886795044,3.125381307066244,0.98,,0.98,Metabolic (Core),False,TMDS,False,2.336542745709539,2.430762048465322,2.5149834433975222,2.336542745709539
TMK,b1106,205.72000000000008,11.1439,0.6642889,,35.65562570088102,,,,Metabolic (Core),False,TMK,False,6.414666584996411,15.821271533627007,11.1439,4.0307008411367775
TMPK,b0417,115.69288473855742,4.5414,7.5139794,8.258074760437012,8.813277428077289,0.1151497833333333,,0.1151497833333333,Metabolic (Core),False,TMPK,False,7.059419687775791,7.281682897128575,7.886027080218506,7.059419687775791
TMPPP,b3993,121.175352563932,83.1469,1.3573568,6.516668796539307,1.9351718123726127,146.72062499999998,,146.72062499999998,Metabolic (Core),False,TMPPP,False,6.1421626932056546,23.239024352227982,4.2259203044559595,6.1421626932056546
TPI,b3919,121.20698236312832,,,,,439.1,,439.1,Metabolic (Core),False,TPI,False,,,,
TPI_reverse,b3919,121.20698236312832,,,,,439.1,,439.1,Metabolic (Reverse),False,TPI,True,,,,
TPRDCOAS,b0613,121.20698236312832,1.7732,1.0255916,1.9640145301818848,8.999702292651358,,,,Metabolic (Core),False,TPRDCOAS,False,2.381092430459419,3.4406271057083107,1.8686072650909424,2.381092430459419
TRDR_num1,b0888 and b3781,137.33728571428568,42.7731,,4.483631610870361,11.925618662439843,,19.33333,,Metabolic (Core),True,TRDR,False,13.175300294133939,19.727450091103403,11.925618662439843,6.9154491441937616
TRDR_num2,b2582 and b0888,143.5726410809134,,,11.749009132385254,7.228125235384933,,19.33333,,Metabolic (Core),True,TRDR,False,9.215384387021624,9.488567183885094,9.488567183885094,3.0356851594033305
TRE6PH,b4239,159.765,8.3266,4.231647,60.24456024169922,3.307445376844476,,15.332857142857144,,Metabolic (Core),False,TRE6PH,False,9.153705024947918,19.02756315463592,6.279123499999999,9.153705024947918
TRE6PP,b1897,125.53247203458906,0.5323,1.5495775,11.844958305358888,2.6625568020389947,14.45,,14.45,Metabolic (Core),False,TRE6PP,False,2.258398342893097,4.147348151849471,2.1060671510194973,2.258398342893097
TRE6PS,b1896,157.17088698230995,8.3822,6.1310725,31.296167373657227,3.534094500819971,5.45,,5.45,Metabolic (Core),False,TRE6PS,False,8.682922928627253,12.335883593619299,7.25663625,8.682922928627253
TREH,b3519,194.34251011777783,3.5905,5.7913575,91.3937530517578,14.9190410953546,199.0,,199.0,Metabolic (Core),False,TREH,False,12.976219461278772,28.9236629117781,10.3551992976773,12.976219461278772
TREHpp,b1197,159.51534075283124,52.9519,76.66545,204.1670379638672,4.3269544586335424,199.0,,199.0,Metabolic (Core),False,TREHpp,False,43.51733560537567,84.52783560562519,64.80867500000001,43.51733560537567
TREptspp,b2416 and b2417 and b4240 and b2415,160.70234805267864,14.2726,6.5030847,6.122900009155273,20.83005914936328,,,,Metabolic (Core),True,TREptspp,False,10.430798211608012,11.932160964629638,10.38784235,10.430798211608012
TREtex_num1,b1377,96.2904209055866,,,,,,112645.641475366,,Transport,False,TREtex,False,,,,
TREtex_num2,b0241,33.2825,,,,,,112645.641475366,,Transport,False,TREtex,False,,,,
TREtex_num3,b0929,94.8168,,,,,,112645.641475366,,Transport,False,TREtex,False,,,,
TREtex_num4,b2215,96.2904209055866,,,,,,112645.641475366,,Transport,False,TREtex,False,,,,
TREtex_reverse_num1,b1377,96.2904209055866,,,,,,112645.641475366,,Transport,False,TREtex,True,,,,
TREtex_reverse_num2,b0241,33.2825,,,,,,112645.641475366,,Transport,False,TREtex,True,,,,
TREtex_reverse_num3,b0929,94.8168,,,,,,112645.641475366,,Transport,False,TREtex,True,,,,
TREtex_reverse_num4,b2215,96.2904209055866,,,,,,112645.641475366,,Transport,False,TREtex,True,,,,
TRPAS2,b3708,121.23861216232469,0.6924,4.061459,6.0234551429748535,2.119322673589061,5.6,,5.6,Metabolic (Core),False,TRPAS2,False,2.4477692483957183,3.2241592041409786,3.0903908367945307,2.4477692483957183
TRPAS2_reverse,b3708,121.23861216232469,71.7696,11.383351,9.698410034179688,9.38360738254706,5.6,,5.6,Metabolic (Reverse),False,TRPAS2,True,16.5127823146264,25.558742104181686,10.540880517089843,16.5127823146264
TRPS1,b1260 and b1261,130.15983707102805,18.5636,2.9019737,8.11235523223877,3.842358408537775,287312.4206222222,,287312.4206222222,Metabolic (Core),True,TRPS1,False,6.401402374616231,8.355071835194137,5.977356820388272,6.401402374616231
TRPS2,b1260 and b1261,130.15983707102805,1.4882,2.9019737,16.57410430908203,3.842358408537775,2.50625,,2.50625,Metabolic (Core),True,TRPS2,False,4.072355453881014,6.201659104404952,3.3721660542688876,4.072355453881014
TRPS3,b1260 and b1261,130.15983707102805,,,,,2.45,,2.45,Metabolic (Core),True,TRPS3,False,,,,
TRPt2rpp_num1,b3709,33.2825,35.5764,7.3730307,31.108959197998047,2.419531547116704,,112645.641475366,,Metabolic (Core),False,TRPt2rpp,False,11.853761993987854,19.119480361278686,19.240994948999024,11.853761993987854
TRPt2rpp_num2,b3161,33.2825,,3.3174744,29.400514602661133,1.719566556138407,,112645.641475366,,Metabolic (Core),False,TRPt2rpp,False,5.514766990528103,11.479185186266514,3.3174744,3.5986977764606536
TRPt2rpp_num3,b0112,23.0,,2.7826943,43.46313095092773,4.074876182746937,,112645.641475366,,Metabolic (Core),False,TRPt2rpp,False,7.8989065276433585,16.773567144558225,4.074876182746937,4.711673966341669
TRPt2rpp_reverse_num1,b3709,33.2825,0.1204,7.3730307,31.108959197998047,2.698624239290672,,112645.641475366,,Metabolic (Reverse),False,TRPt2rpp,True,2.938157732730519,10.32525353432218,5.035827469645336,2.938157732730519
TRPt2rpp_reverse_num2,b3161,33.2825,,3.3174744,29.400514602661133,13.4266919696335,,112645.641475366,,Metabolic (Reverse),False,TRPt2rpp,True,10.94066816614701,15.381560324098212,13.4266919696335,6.015654489000641
TRPt2rpp_reverse_num3,b0112,23.0,,2.7826943,43.46313095092773,9.674936837183308,,112645.641475366,,Metabolic (Reverse),False,TRPt2rpp,True,10.537676981736341,18.640254029370347,9.674936837183308,5.848690786132182
TRPtex_num1,b1377,96.2904209055866,,,,,,112645.641475366,,Transport,False,TRPtex,False,,,,
TRPtex_num2,b0241,33.2825,,,,,,112645.641475366,,Transport,False,TRPtex,False,,,,
TRPtex_num3,b0929,94.8168,,,,,,112645.641475366,,Transport,False,TRPtex,False,,,,
TRPtex_num4,b2215,96.2904209055866,,,,,,112645.641475366,,Transport,False,TRPtex,False,,,,
TRPtex_reverse_num1,b1377,96.2904209055866,,,,,,112645.641475366,,Transport,False,TRPtex,True,,,,
TRPtex_reverse_num2,b0241,33.2825,,,,,,112645.641475366,,Transport,False,TRPtex,True,,,,
TRPtex_reverse_num3,b0929,94.8168,,,,,,112645.641475366,,Transport,False,TRPtex,True,,,,
TRPtex_reverse_num4,b2215,96.2904209055866,,,,,,112645.641475366,,Transport,False,TRPtex,True,,,,
TRPtipp,b1473,33.2825,,,,,,112645.641475366,,Transport,False,TRPtipp,False,,,,
TRSARr_num1,b0509,136.2454183611817,0.2754,31.94628,33.89002990722656,4.423306762159818,243.0,,243.0,Metabolic (Core),False,TRSARr,False,6.0263008665705895,17.633754167346595,18.18479338107991,6.0263008665705895
TRSARr_num2,b3125,136.47847541820553,,10.164364,77.13313293457031,0.2977766421705213,243.0,,243.0,Metabolic (Core),False,TRSARr,False,6.157493136504542,29.19842452558028,10.164364,3.9088855283936157
TRSARr_reverse_num1,b0509,136.2454183611817,10.5364,21.58844,30.9946346282959,5.2469593410977335,243.0,,243.0,Metabolic (Reverse),False,TRSARr,True,13.868418308305781,17.091608492348406,16.06242,13.868418308305781
TRSARr_reverse_num2,b3125,136.47847541820553,,9.459932,66.46585083007812,2.5334831685657355,243.0,,243.0,Metabolic (Reverse),False,TRSARr,True,11.67888912695963,26.153088666214618,9.459932,6.317585840452142
TSULabcpp_num1,b2424 and b2423 and b2422 and b3917,97.76404181117316,169.3232,12.170093,32.29121017456055,3.653492800559781,,,,Metabolic (Core),True,TSULabcpp,False,22.204997848330912,54.359498993780086,22.230651587280274,22.204997848330912
TSULabcpp_num2,b2424 and b2422 and b2425 and b2423,96.13998390727178,,1.7850711,76.44440460205078,1.719566556138407,,,,Metabolic (Core),True,TSULabcpp,False,6.167939006621625,26.649680752729726,1.7850711,3.913857891796605
TSULtex_num1,b1377,96.2904209055866,,,,,,112645.641475366,,Transport,False,TSULtex,False,,,,
TSULtex_num2,b0241,33.2825,,,,,,112645.641475366,,Transport,False,TSULtex,False,,,,
TSULtex_num3,b0929,94.8168,,,,,,112645.641475366,,Transport,False,TSULtex,False,,,,
TSULtex_num4,b2215,96.2904209055866,,,,,,112645.641475366,,Transport,False,TSULtex,False,,,,
TSULtex_reverse_num1,b1377,96.2904209055866,,,,,,112645.641475366,,Transport,False,TSULtex,True,,,,
TSULtex_reverse_num2,b0241,33.2825,,,,,,112645.641475366,,Transport,False,TSULtex,True,,,,
TSULtex_reverse_num3,b0929,94.8168,,,,,,112645.641475366,,Transport,False,TSULtex,True,,,,
TSULtex_reverse_num4,b2215,96.2904209055866,,,,,,112645.641475366,,Transport,False,TSULtex,True,,,,
TTDCAtexi,b2344,206.75125446366417,,,,,,112645.641475366,,Transport,False,TTDCAtexi,False,,,,
TTDCEAtexi,b2344,206.75125446366417,,,,,,112645.641475366,,Transport,False,TTDCEAtexi,False,,,,
TTRCYCtex_num1,b1377,96.2904209055866,,,,,,112645.641475366,,Transport,False,TTRCYCtex,False,,,,
TTRCYCtex_num2,b0929,94.8168,,,,,,112645.641475366,,Transport,False,TTRCYCtex,False,,,,
TTRCYCtex_num3,b0241,33.2825,,,,,,112645.641475366,,Transport,False,TTRCYCtex,False,,,,
TTRCYCtex_num4,b2215,96.2904209055866,,,,,,112645.641475366,,Transport,False,TTRCYCtex,False,,,,
TTRCYCtex_reverse_num1,b1377,96.2904209055866,,,,,,112645.641475366,,Transport,False,TTRCYCtex,True,,,,
TTRCYCtex_reverse_num2,b0929,94.8168,,,,,,112645.641475366,,Transport,False,TTRCYCtex,True,,,,
TTRCYCtex_reverse_num3,b0241,33.2825,,,,,,112645.641475366,,Transport,False,TTRCYCtex,True,,,,
TTRCYCtex_reverse_num4,b2215,96.2904209055866,,,,,,112645.641475366,,Transport,False,TTRCYCtex,True,,,,
TTRCYCtpp_num1,b3035 and b0463 and b2470,149.80799644754114,26.18,,42.18484115600586,28.47066530571922,,112645.641475366,,Transport,True,TTRCYCtpp,False,31.56272989416744,32.27850215390836,28.47066530571922,13.316218695466834
TTRCYCtpp_num2,b3035 and b0463 and b0462,97.76404181117316,,,42.18484115600586,18.326856900230485,,112645.641475366,,Transport,True,TTRCYCtpp,False,27.804955443680768,30.25584902811817,30.25584902811817,5.273040436378311
TUNGSabcpp,b0765 and b0764 and b0763,128.2406734749161,212.3867,3.3633182,,19.07447150904677,,,,Metabolic (Core),True,TUNGSabcpp,False,23.884487641997207,78.27482990301559,19.07447150904677,10.804058998117789
TUNGStex_num1,b1377,96.2904209055866,,,,,,112645.641475366,,Transport,False,TUNGStex,False,,,,
TUNGStex_num2,b0929,94.8168,,,,,,112645.641475366,,Transport,False,TUNGStex,False,,,,
TUNGStex_num3,b2215,96.2904209055866,,,,,,112645.641475366,,Transport,False,TUNGStex,False,,,,
TUNGStex_num4,b0241,33.2825,,,,,,112645.641475366,,Transport,False,TUNGStex,False,,,,
TUNGStex_reverse_num1,b1377,96.2904209055866,,,,,,112645.641475366,,Transport,False,TUNGStex,True,,,,
TUNGStex_reverse_num2,b0929,94.8168,,,,,,112645.641475366,,Transport,False,TUNGStex,True,,,,
TUNGStex_reverse_num3,b2215,96.2904209055866,,,,,,112645.641475366,,Transport,False,TUNGStex,True,,,,
TUNGStex_reverse_num4,b0241,33.2825,,,,,,112645.641475366,,Transport,False,TUNGStex,True,,,,
TYMtex_num1,b1377,96.2904209055866,,,,,,112645.641475366,,Transport,False,TYMtex,False,,,,
TYMtex_num2,b0241,33.2825,,,,,,112645.641475366,,Transport,False,TYMtex,False,,,,
TYMtex_num3,b0929,94.8168,,,,,,112645.641475366,,Transport,False,TYMtex,False,,,,
TYMtex_num4,b2215,96.2904209055866,,,,,,112645.641475366,,Transport,False,TYMtex,False,,,,
TYMtex_reverse_num1,b1377,96.2904209055866,,,,,,112645.641475366,,Transport,False,TYMtex,True,,,,
TYMtex_reverse_num2,b0241,33.2825,,,,,,112645.641475366,,Transport,False,TYMtex,True,,,,
TYMtex_reverse_num3,b0929,94.8168,,,,,,112645.641475366,,Transport,False,TYMtex,True,,,,
TYMtex_reverse_num4,b2215,96.2904209055866,,,,,,112645.641475366,,Transport,False,TYMtex,True,,,,
TYRL,b3991,126.88473466186872,74.5526,11.816563,3.014991044998169,2.6761024502934845,,,,Metabolic (Core),False,TYRL,False,9.181966051889527,23.015064123822913,7.415777022499085,9.181966051889527
TYROXDApp,b1386,169.22268505812133,2.5839,19.06298,11.040637016296388,4.3269544586335424,30938.966666666667,,30938.966666666667,Metabolic (Core),False,TYROXDApp,False,6.964833481250445,9.253617868732483,7.6837957374649655,6.964833481250445
TYRPpp,b4055,222.8937010511005,2.9201,4.312207,10.125492095947266,5.160646713364276,,112645.641475366,,Metabolic (Core),False,TYRPpp,False,5.064707842834389,5.629611452327885,4.736426856682138,5.064707842834389
TYRPtex_num1,b1377,96.2904209055866,,,,,,112645.641475366,,Transport,False,TYRPtex,False,,,,
TYRPtex_num2,b0241,33.2825,,,,,,112645.641475366,,Transport,False,TYRPtex,False,,,,
TYRPtex_num3,b0929,94.8168,,,,,,112645.641475366,,Transport,False,TYRPtex,False,,,,
TYRPtex_num4,b2215,96.2904209055866,,,,,,112645.641475366,,Transport,False,TYRPtex,False,,,,
TYRPtex_reverse_num1,b1377,96.2904209055866,,,,,,112645.641475366,,Transport,False,TYRPtex,True,,,,
TYRPtex_reverse_num2,b0241,33.2825,,,,,,112645.641475366,,Transport,False,TYRPtex,True,,,,
TYRPtex_reverse_num3,b0929,94.8168,,,,,,112645.641475366,,Transport,False,TYRPtex,True,,,,
TYRPtex_reverse_num4,b2215,96.2904209055866,,,,,,112645.641475366,,Transport,False,TYRPtex,True,,,,
TYRTA_num1,b0928,128.2406734749161,100.6482,11.912126,346.9944763183594,5.265135685472943,180.6625,,180.6625,Metabolic (Core),False,TYRTA,False,38.47085646628919,116.20498450095809,56.280163,38.47085646628919
TYRTA_num2,b4054,128.2406734749161,,3.003911,76.07127380371094,20.83005914936328,180.6625,,180.6625,Metabolic (Core),False,TYRTA,False,16.821552846859156,33.30174798435807,20.83005914936328,8.30614605062117
TYRTA_num3,b3770,120.7983675600902,,47.469963,26.177021026611328,20.83005914936328,180.6625,,180.6625,Metabolic (Core),False,TYRTA,False,29.58079711325228,31.492347725324873,26.177021026611328,12.684034206204506
TYRTA_reverse_num1,b0928,128.2406734749161,8.9937,49.018787,348.0181579589844,6.251791315671339,180.6625,,180.6625,Metabolic (Reverse),False,TYRTA,True,31.2951352976062,103.07060906866393,29.006243500000004,31.2951352976062
TYRTA_reverse_num2,b4054,128.2406734749161,,21.647558,88.54058074951172,8.999702292651358,180.6625,,180.6625,Metabolic (Reverse),False,TYRTA,True,25.838054334522045,39.72928034738769,21.647558,11.460270153022126
TYRTA_reverse_num3,b3770,120.7983675600902,,44.211716,21.895219802856445,23.723115167208363,180.6625,,180.6625,Metabolic (Reverse),False,TYRTA,True,28.42406140694074,29.943350323354935,23.723115167208363,12.31018556398615
TYRt2rpp_num1,b1907,33.2825,2.295,9.675033,23.94058609008789,9.661923757639329,,112645.641475366,,Metabolic (Core),False,TYRt2rpp,False,8.465612438535905,11.393135711931805,9.668478378819664,8.465612438535905
TYRt2rpp_num2,b0112,23.0,,13.006006,43.46313095092773,7.677819618581422,,112645.641475366,,Metabolic (Core),False,TYRt2rpp,False,16.311764936742584,21.382318856503048,13.006006,8.116629380233576
TYRt2rpp_reverse_num1,b1907,33.2825,1.93,9.675033,23.94058609008789,6.818044099604823,,112645.641475366,,Metabolic (Reverse),False,TYRt2rpp,True,7.430209976670418,10.590915797423179,8.246538549802413,7.430209976670418
TYRt2rpp_reverse_num2,b0112,23.0,,13.006006,43.46313095092773,28.88367235458073,,112645.641475366,,Metabolic (Reverse),False,TYRt2rpp,True,25.369142587423166,28.450936435169485,28.88367235458073,11.303926944288817
TYRtex_num1,b1377,96.2904209055866,,,,,,112645.641475366,,Transport,False,TYRtex,False,,,,
TYRtex_num2,b0241,33.2825,,,,,,112645.641475366,,Transport,False,TYRtex,False,,,,
TYRtex_num3,b0929,94.8168,,,,,,112645.641475366,,Transport,False,TYRtex,False,,,,
TYRtex_num4,b2215,96.2904209055866,,,,,,112645.641475366,,Transport,False,TYRtex,False,,,,
TYRtex_reverse_num1,b1377,96.2904209055866,,,,,,112645.641475366,,Transport,False,TYRtex,True,,,,
TYRtex_reverse_num2,b0241,33.2825,,,,,,112645.641475366,,Transport,False,TYRtex,True,,,,
TYRtex_reverse_num3,b0929,94.8168,,,,,,112645.641475366,,Transport,False,TYRtex,True,,,,
TYRtex_reverse_num4,b2215,96.2904209055866,,,,,,112645.641475366,,Transport,False,TYRtex,True,,,,
TYRtipp,b1473,33.2825,,,,,,112645.641475366,,Transport,False,TYRtipp,False,,,,
U23GAAT,b0179,149.80799644754114,25.5877,15.328601,26.779211044311523,6.176738921356694,262.0,,262.0,Metabolic (Core),False,U23GAAT,False,15.95962557362701,18.468062741417057,20.458150500000002,15.95962557362701
UAAGDS,b0085,121.175352563932,10.2727,3.0902448,14.348093032836914,5.883657458713799,423.838084,,423.838084,Metabolic (Core),False,UAAGDS,False,7.194982857504931,8.398673822887678,8.0781787293569,7.194982857504931
UACGALPpp,b0480,169.22268505812133,36.3731,38.68474,189.866928100586,4.961503606695668,399.46,,399.46,Metabolic (Core),False,UACGALPpp,False,33.930921822464015,67.47156792682041,37.52892,33.930921822464015
UACGAMPpp,b0480,169.22268505812133,3.6005,38.68474,189.866928100586,4.961503606695668,399.46,,399.46,Metabolic (Core),False,UACGAMPpp,False,19.032300372070388,59.27841792682041,21.82312180334783,19.032300372070388
UACGAMtex_num1,b1377,96.2904209055866,,,,,,112645.641475366,,Transport,False,UACGAMtex,False,,,,
UACGAMtex_num2,b0241,33.2825,,,,,,112645.641475366,,Transport,False,UACGAMtex,False,,,,
UACGAMtex_num3,b0929,94.8168,,,,,,112645.641475366,,Transport,False,UACGAMtex,False,,,,
UACGAMtex_num4,b2215,96.2904209055866,,,,,,112645.641475366,,Transport,False,UACGAMtex,False,,,,
UACGAMtex_reverse_num1,b1377,96.2904209055866,,,,,,112645.641475366,,Transport,False,UACGAMtex,True,,,,
UACGAMtex_reverse_num2,b0241,33.2825,,,,,,112645.641475366,,Transport,False,UACGAMtex,True,,,,
UACGAMtex_reverse_num3,b0929,94.8168,,,,,,112645.641475366,,Transport,False,UACGAMtex,True,,,,
UACGAMtex_reverse_num4,b2215,96.2904209055866,,,,,,112645.641475366,,Transport,False,UACGAMtex,True,,,,
UACMAMO,b3787,136.71153247522938,2.3207,1.1299614,5.22585391998291,1.4216185361682434,,0.4,,Metabolic (Core),False,UACMAMO,False,2.1009017283303644,2.524533464037788,1.8711592680841216,2.1009017283303644
UAG2E,b3786,121.175352563932,,,,,3.625,,3.625,Metabolic (Core),False,UAG2E,False,,,,
UAG2E_reverse,b3786,121.175352563932,,,,,3.625,,3.625,Metabolic (Reverse),False,UAG2E,True,,,,
UAGAAT,b1094 and b0181,97.76404181117316,2.5692,81.13263,4.022279739379883,57.063283581709584,9.166666666666666,,9.166666666666666,Metabolic (Core),True,UAGAAT,False,14.789572626906867,36.19684833027237,30.542781660544733,14.789572626906867
UAGAAT_reverse,b1094 and b0181,97.76404181117316,138.603,69.51193,5.104099273681641,28.88367235458073,9.166666666666666,,9.166666666666666,Metabolic (Reverse),True,UAGAAT,True,34.522391630664096,60.5256754070656,49.19780117729037,34.522391630664096
UAGCVT,b3189,118.43411865124476,2.4301,3.8900247,3.991020917892456,57.063283581709584,3.78,,3.78,Metabolic (Core),False,UAGCVT,False,6.811681243940857,16.843607299900512,3.940522808946228,6.811681243940857
UAGDP,b3730,98.49306668197664,14.4413,,12.104022979736328,52.91107539188916,137.22307692307692,,137.22307692307692,Metabolic (Core),False,UAGDP,False,20.990729850805053,26.48546612387516,14.4413,9.806649523984655
UAGPT3,b0090,136.70881435012527,9.8994,0.13485642,4.115441799163818,5.013311171749852,2.198888888888889,,2.198888888888889,Metabolic (Core),False,UAGPT3,False,2.2908961708336357,4.790752347728418,4.564376485456835,2.2908961708336357
UAMAGS,b0088,121.20698236312832,3.3444,8.4315605,4.861299991607666,24.21911561649679,3.6616668,,3.6616668,Metabolic (Core),False,UAMAGS,False,7.590741807385507,10.214094027026114,6.646430245803833,7.590741807385507
UAMAS,b0091,115.09424085382416,20.1096,2.2184038,9.813005447387695,12.682926831067949,6.85,,6.85,Metabolic (Core),False,UAMAS,False,8.632098549479656,11.205984019613911,11.247966139227822,8.632098549479656
UAPGR,b3972,123.60963225270936,3.4714,4.28419,5.294199466705322,24.17830380611881,30.20769230769231,,30.20769230769231,Metabolic (Core),False,UAPGR,False,6.605411498795789,9.307023318206033,4.7891947333526605,6.605411498795789
UDCPDPS,b0174,121.23861216232469,13.1371,0.16408876,1.2509979009628296,0.1853472905278476,2.5,,2.5,Metabolic (Core),False,UDCPDPS,False,0.8408243697085449,3.6843834878726693,0.7181725957453386,0.8408243697085449
UDCPDP_num1,b1278,76.35248958333332,4.4873,7.4198847,15.453694343566896,0.536723264075099,,112645.641475366,,Metabolic (Core),False,UDCPDP,False,4.076535700811776,6.974400576910499,5.95359235,4.076535700811776
UDCPDP_num2,b0841,97.61360481285834,1.9392,0.5410332,5.394898891448975,2.30114731337025,,112645.641475366,,Metabolic (Core),False,UDCPDP,False,1.899737355437322,2.544069851204806,2.1201736566851253,1.899737355437322
UDCPDP_num3,b3057,23.0,4.6966,3.390664,24.94230842590332,9.874735015362448,,112645.641475366,,Metabolic (Core),False,UDCPDP,False,7.913755095028374,10.726076860316443,7.285667507681224,7.913755095028374
UDCPDPpp_num1,b3057,23.0,15.9002,3.390664,24.94230842590332,1.3186232450344315,,112645.641475366,,Metabolic (Core),False,UDCPDPpp,False,6.48912557778045,11.387948917734438,9.645432,6.48912557778045
UDCPDPpp_num2,b1278,76.35248958333332,,7.4198847,15.453694343566896,5.396894890846273,,112645.641475366,,Metabolic (Core),False,UDCPDPpp,False,8.521665408871657,9.423491311471055,7.4198847,4.987620010579877
UDCPDPpp_num3,b0841,97.61360481285834,,0.5410332,5.394898891448975,8.645785370246568,,112645.641475366,,Metabolic (Core),False,UDCPDPpp,False,2.9331699380333625,4.860572487231848,5.394898891448975,2.2413151099392397
UDPACGALtex_num1,b1377,96.2904209055866,,,,,,112645.641475366,,Transport,False,UDPACGALtex,False,,,,
UDPACGALtex_num2,b0241,33.2825,,,,,,112645.641475366,,Transport,False,UDPACGALtex,False,,,,
UDPACGALtex_num3,b0929,94.8168,,,,,,112645.641475366,,Transport,False,UDPACGALtex,False,,,,
UDPACGALtex_num4,b2215,96.2904209055866,,,,,,112645.641475366,,Transport,False,UDPACGALtex,False,,,,
UDPACGALtex_reverse_num1,b1377,96.2904209055866,,,,,,112645.641475366,,Transport,False,UDPACGALtex,True,,,,
UDPACGALtex_reverse_num2,b0241,33.2825,,,,,,112645.641475366,,Transport,False,UDPACGALtex,True,,,,
UDPACGALtex_reverse_num3,b0929,94.8168,,,,,,112645.641475366,,Transport,False,UDPACGALtex,True,,,,
UDPACGALtex_reverse_num4,b2215,96.2904209055866,,,,,,112645.641475366,,Transport,False,UDPACGALtex,True,,,,
UDPG4E,b0759,151.18324760891227,,,,,500.0,,500.0,Metabolic (Core),False,UDPG4E,False,,,,
UDPG4E_reverse,b0759,151.18324760891227,,,,,500.0,,500.0,Metabolic (Reverse),False,UDPG4E,True,,,,
UDPGALM,b2036,128.2406734749161,,,,,11.519,,11.519,Metabolic (Core),False,UDPGALM,False,,,,
UDPGALPpp,b0480,169.22268505812133,49.5466,46.95271,195.60403442382807,5.7364122304115925,399.46,,399.46,Metabolic (Core),False,UDPGALPpp,False,40.195105290241926,74.45993916355991,48.249655000000004,40.195105290241926
UDPGALtex_num1,b2215,96.2904209055866,,,,,,112645.641475366,,Transport,False,UDPGALtex,False,,,,
UDPGALtex_num2,b0929,94.8168,,,,,,112645.641475366,,Transport,False,UDPGALtex,False,,,,
UDPGALtex_num3,b1377,96.2904209055866,,,,,,112645.641475366,,Transport,False,UDPGALtex,False,,,,
UDPGALtex_num4,b0241,33.2825,,,,,,112645.641475366,,Transport,False,UDPGALtex,False,,,,
UDPGALtex_reverse_num1,b2215,96.2904209055866,,,,,,112645.641475366,,Transport,False,UDPGALtex,True,,,,
UDPGALtex_reverse_num2,b0929,94.8168,,,,,,112645.641475366,,Transport,False,UDPGALtex,True,,,,
UDPGALtex_reverse_num3,b1377,96.2904209055866,,,,,,112645.641475366,,Transport,False,UDPGALtex,True,,,,
UDPGALtex_reverse_num4,b0241,33.2825,,,,,,112645.641475366,,Transport,False,UDPGALtex,True,,,,
UDPGD,b2028,152.5584987702834,1.1312,1.7073543,2.684621810913086,2.48640249435364,25.97864705882353,,25.97864705882353,Metabolic (Core),False,UDPGD,False,1.8948699085935068,2.0023946513166813,2.0968783971768197,1.8948699085935068
UDPGDC,b2255,151.18324760891227,8.62,11.115102,20.34912300109864,4.354976974083286,,0.3025,,Metabolic (Core),False,UDPGDC,False,9.59926695563753,11.10980049379548,9.867550999999999,9.59926695563753
UDPGLCURtex_num1,b1377,96.2904209055866,,,,,,112645.641475366,,Transport,False,UDPGLCURtex,False,,,,
UDPGLCURtex_num2,b0241,33.2825,,,,,,112645.641475366,,Transport,False,UDPGLCURtex,False,,,,
UDPGLCURtex_num3,b0929,94.8168,,,,,,112645.641475366,,Transport,False,UDPGLCURtex,False,,,,
UDPGLCURtex_num4,b2215,96.2904209055866,,,,,,112645.641475366,,Transport,False,UDPGLCURtex,False,,,,
UDPGLCURtex_reverse_num1,b1377,96.2904209055866,,,,,,112645.641475366,,Transport,False,UDPGLCURtex,True,,,,
UDPGLCURtex_reverse_num2,b0241,33.2825,,,,,,112645.641475366,,Transport,False,UDPGLCURtex,True,,,,
UDPGLCURtex_reverse_num3,b0929,94.8168,,,,,,112645.641475366,,Transport,False,UDPGLCURtex,True,,,,
UDPGLCURtex_reverse_num4,b2215,96.2904209055866,,,,,,112645.641475366,,Transport,False,UDPGLCURtex,True,,,,
UDPGPT,b2047,152.5584987702834,15.5811,4.262493,4.25877046585083,7.228125235384933,,112645.641475366,,Metabolic (Core),False,UDPGPT,False,6.724235636734902,7.8326221753089404,5.745309117692466,6.724235636734902
UDPGPT_reverse,b2047,152.5584987702834,0.3187,,13.667494773864746,4.074876182746937,,112645.641475366,,Metabolic (Reverse),False,UDPGPT,True,2.6085257747502446,6.020356985537227,4.074876182746937,2.052562306688392
UDPGPpp,b0480,169.22268505812133,16.796,46.95271,195.60403442382807,4.954529607976452,213.74216667,,213.74216667,Metabolic (Core),False,UDPGPpp,False,29.567301609910633,66.07681850795113,31.874355,29.567301609910633
UDPGtex_num1,b1377,96.2904209055866,,,,,,112645.641475366,,Transport,False,UDPGtex,False,,,,
UDPGtex_num2,b0241,33.2825,,,,,,112645.641475366,,Transport,False,UDPGtex,False,,,,
UDPGtex_num3,b0929,94.8168,,,,,,112645.641475366,,Transport,False,UDPGtex,False,,,,
UDPGtex_num4,b2215,96.2904209055866,,,,,,112645.641475366,,Transport,False,UDPGtex,False,,,,
UDPGtex_reverse_num1,b1377,96.2904209055866,,,,,,112645.641475366,,Transport,False,UDPGtex,True,,,,
UDPGtex_reverse_num2,b0241,33.2825,,,,,,112645.641475366,,Transport,False,UDPGtex,True,,,,
UDPGtex_reverse_num3,b0929,94.8168,,,,,,112645.641475366,,Transport,False,UDPGtex,True,,,,
UDPGtex_reverse_num4,b2215,96.2904209055866,,,,,,112645.641475366,,Transport,False,UDPGtex,True,,,,
UDPKAAT,b2253,149.80799644754114,28.3716,2.199389,2.714761257171631,32.94228372318428,,,,Metabolic (Core),False,UDPKAAT,False,8.643065529700579,16.55700849508898,15.543180628585816,8.643065529700579
UDPKAAT_reverse,b2253,149.80799644754114,2.5001,4.21683,5.714029788970947,8.999702292651358,,,,Metabolic (Reverse),False,UDPKAAT,True,4.825346770933217,5.357665520405576,4.965429894485474,4.825346770933217
UGCIAMH,b0515,136.47847541820553,0.6458,,52.070709228515625,5.160646713364276,,112645.641475366,,Metabolic (Core),False,UGCIAMH,False,5.577829321705374,19.29238531395997,5.160646713364276,3.6295176755400402
UGLCURPpp,b0480,169.22268505812133,4.1191,34.457436,220.3391876220703,4.961503606695668,,112645.641475366,,Metabolic (Core),False,UGLCURPpp,False,19.84712419083209,65.9693068071915,19.709469803347837,19.84712419083209
UGLT,b0758,169.35117402633932,312.5032,0.71185803,14.575479507446287,3.2366721193974084,285.0,,285.0,Metabolic (Core),False,UGLT,False,10.12144113869044,82.75680241421091,8.906075813421849,10.12144113869044
UGLT_reverse,b0758,169.35117402633932,6.4299,0.71185803,14.575479507446287,10.020159711133427,285.0,,285.0,Metabolic (Reverse),False,UGLT,True,5.084798829019715,7.934349312144929,8.225029855566714,5.084798829019715
UGLYCH,b0505,143.25976446138526,11.065,9.342045,31.12774085998535,96.06349232627436,,36.0,,Metabolic (Core),False,UGLYCH,False,23.57897036646192,36.899569546564926,21.096370429992675,23.57897036646192
UGMDDS,b0086,122.42412220751704,35.906,5.824305,17.666841506958008,8.385813489599439,18.0,,18.0,Metabolic (Core),False,UGMDDS,False,13.267185822245906,16.945739999139363,13.026327498278723,13.267185822245906
UHGADA,b0096,136.70881435012527,8.6076,1.3846349,12.135621070861816,1.093068402983836,1.6949999999999998,,1.6949999999999998,Metabolic (Core),False,UHGADA,False,3.545942383401069,5.805231093461413,4.99611745,3.545942383401069
ULA4NFT,b2255,151.18324760891227,57.7965,22.029419,17.02059555053711,5.32062846472089,,,,Metabolic (Core),False,ULA4NFT,False,18.427251662638554,25.5417857538145,19.525007275268557,18.427251662638554
ULA4Ntppi,b2258 and b4544,33.2825,,,,,,112645.641475366,,Transport,True,ULA4Ntppi,False,,,,
UM3PL,b4233,120.42138255624845,54.4344,6.0596786,5.56724214553833,7.594271779263672,,112645.641475366,,Metabolic (Core),False,UM3PL,False,10.867066364163843,18.4138981312005,6.8269751896318365,10.867066364163843
UM4PCP,b1192,136.2454183611817,3.2604,,5.245690822601318,7.381707492199664,,112645.641475366,,Metabolic (Core),False,UM4PCP,False,5.016607642397055,5.295932771600327,5.245690822601318,3.3520277211445
UM4PL,b4233,120.42138255624845,3.7361,6.0596786,5.908768177032471,3.0734277155319725,,112645.641475366,,Metabolic (Core),False,UM4PL,False,4.5029488029598195,4.694493623141111,4.822434088516236,4.5029488029598195
UMPK_num1,b0910,97.61360481285834,,,,,,170.79666666666668,,Metabolic (Core),False,UMPK,False,,,,
UMPK_num2,b0171,115.69288473855748,,,,,,170.79666666666668,,Metabolic (Core),False,UMPK,False,,,,
UMPK_reverse_num1,b0910,97.61360481285834,,,,,,170.79666666666668,,Metabolic (Reverse),False,UMPK,True,,,,
UMPK_reverse_num2,b0171,115.69288473855748,,,,,,170.79666666666668,,Metabolic (Reverse),False,UMPK,True,,,,
UMPtex_num1,b2215,96.2904209055866,,,,,,112645.641475366,,Transport,False,UMPtex,False,,,,
UMPtex_num2,b0929,94.8168,,,,,,112645.641475366,,Transport,False,UMPtex,False,,,,
UMPtex_num3,b1377,96.2904209055866,,,,,,112645.641475366,,Transport,False,UMPtex,False,,,,
UMPtex_num4,b0241,33.2825,,,,,,112645.641475366,,Transport,False,UMPtex,False,,,,
UMPtex_reverse_num1,b2215,96.2904209055866,,,,,,112645.641475366,,Transport,False,UMPtex,True,,,,
UMPtex_reverse_num2,b0929,94.8168,,,,,,112645.641475366,,Transport,False,UMPtex,True,,,,
UMPtex_reverse_num3,b1377,96.2904209055866,,,,,,112645.641475366,,Transport,False,UMPtex,True,,,,
UMPtex_reverse_num4,b0241,33.2825,,,,,,112645.641475366,,Transport,False,UMPtex,True,,,,
UPLA4FNF,b2256,149.80799644754114,7.7682,0.26805454,12.1315279006958,1.1142984775566231,,112645.641475366,,Metabolic (Core),False,UPLA4FNF,False,2.3033776633982614,5.320520229563106,4.441249238778312,2.3033776633982614
UPLA4FNT,b2254,75.04856249999999,25.0594,3.4008784,4.034725189208984,5.32062846472089,,112645.641475366,,Metabolic (Core),False,UPLA4FNT,False,6.540104178851733,9.453908013482469,4.677676826964937,6.540104178851733
UPP3MT,b3368,117.63095515668913,99.5416,0.60897464,4.35162878036499,7.497355702650688,,12.673703706666666,,Metabolic (Core),False,UPP3MT,False,6.6686963859233765,27.99988978075392,5.9244922415078385,6.6686963859233765
UPP3S,b3804,173.42795360893282,,,,,500.0,,500.0,Metabolic (Core),False,UPP3S,False,,,,
UPPDC1,b3997,138.0434703703704,13.6363,0.34633404,4.499661445617676,6.688917965078869,,333.147,,Metabolic (Core),False,UPPDC1,False,3.452882968078252,6.292803362674136,5.594289705348272,3.452882968078252
UPPRT,b2498,84.67583673469383,38.8371,8.904839,17.25525665283203,9.490631515381825,2.7,,2.7,Metabolic (Core),False,UPPRT,False,15.426675706203055,18.621956792053464,13.372944084106928,15.426675706203055
URACPAH,b1011,136.2454183611817,4.8635,2.7250183,28.622377395629883,4.7028383340504325,,,,Metabolic (Core),False,URACPAH,False,6.49899232627943,10.22843350742008,4.783169167025216,6.49899232627943
URATEtex_num1,b0929,94.8168,,,,,,112645.641475366,,Transport,False,URATEtex,False,,,,
URATEtex_num2,b2215,96.2904209055866,,,,,,112645.641475366,,Transport,False,URATEtex,False,,,,
URATEtex_num3,b0241,33.2825,,,,,,112645.641475366,,Transport,False,URATEtex,False,,,,
URATEtex_num4,b1377,96.2904209055866,,,,,,112645.641475366,,Transport,False,URATEtex,False,,,,
URATEtex_reverse_num1,b0929,94.8168,,,,,,112645.641475366,,Transport,False,URATEtex,True,,,,
URATEtex_reverse_num2,b2215,96.2904209055866,,,,,,112645.641475366,,Transport,False,URATEtex,True,,,,
URATEtex_reverse_num3,b0241,33.2825,,,,,,112645.641475366,,Transport,False,URATEtex,True,,,,
URATEtex_reverse_num4,b1377,96.2904209055866,,,,,,112645.641475366,,Transport,False,URATEtex,True,,,,
URATEtpp,b2888,23.0,5.0697,5.3459682,40.41080474853516,0.6837473668876851,,112645.641475366,,Transport,False,URATEtpp,False,5.231189461447082,12.877555078855712,5.2078340999999995,5.231189461447082
URAt2pp_num1,b2497,23.0,2.6877,2.1118605,47.11788940429688,1.8401094876681463,,112645.641475366,,Metabolic (Core),False,URAt2pp,False,4.709977992731139,13.439389847991256,2.39978025,4.709977992731139
URAt2pp_num2,b1006,23.0,,3.8060918,43.09236907958984,5.511913782654467,,112645.641475366,,Metabolic (Core),False,URAt2pp,False,9.669277296849572,17.470124887414766,5.511913782654467,5.483344239657023
URAtex_num1,b1377,96.2904209055866,,,,,,112645.641475366,,Transport,False,URAtex,False,,,,
URAtex_num2,b0241,33.2825,,,,,,112645.641475366,,Transport,False,URAtex,False,,,,
URAtex_num3,b0929,94.8168,,,,,,112645.641475366,,Transport,False,URAtex,False,,,,
URAtex_num4,b2215,96.2904209055866,,,,,,112645.641475366,,Transport,False,URAtex,False,,,,
URAtex_reverse_num1,b1377,96.2904209055866,,,,,,112645.641475366,,Transport,False,URAtex,True,,,,
URAtex_reverse_num2,b0241,33.2825,,,,,,112645.641475366,,Transport,False,URAtex,True,,,,
URAtex_reverse_num3,b0929,94.8168,,,,,,112645.641475366,,Transport,False,URAtex,True,,,,
URAtex_reverse_num4,b2215,96.2904209055866,,,,,,112645.641475366,,Transport,False,URAtex,True,,,,
URDGLYCD,b0517,136.47847541820553,13.6233,14.900377,51.00733947753906,10.667159575446345,59.6125,,59.6125,Metabolic (Core),False,URDGLYCD,False,18.23015075799037,22.54954401324635,14.2618385,18.23015075799037
UREAtex_num1,b1377,96.2904209055866,,,,,,112645.641475366,,Transport,False,UREAtex,False,,,,
UREAtex_num2,b0241,33.2825,,,,,,112645.641475366,,Transport,False,UREAtex,False,,,,
UREAtex_num3,b0929,94.8168,,,,,,112645.641475366,,Transport,False,UREAtex,False,,,,
UREAtex_num4,b2215,96.2904209055866,,,,,,112645.641475366,,Transport,False,UREAtex,False,,,,
UREAtex_reverse_num1,b1377,96.2904209055866,,,,,,112645.641475366,,Transport,False,UREAtex,True,,,,
UREAtex_reverse_num2,b0241,33.2825,,,,,,112645.641475366,,Transport,False,UREAtex,True,,,,
UREAtex_reverse_num3,b0929,94.8168,,,,,,112645.641475366,,Transport,False,UREAtex,True,,,,
UREAtex_reverse_num4,b2215,96.2904209055866,,,,,,112645.641475366,,Transport,False,UREAtex,True,,,,
UREAtpp,b3927,33.2825,,,,,,112645.641475366,,Transport,False,UREAtpp,False,,,,
UREAtpp_reverse,b3927,33.2825,,,,,,112645.641475366,,Transport,False,UREAtpp,True,,,,
URIH_num1,b0651,118.05713364740296,0.1087,3.3061779,11.749534606933594,3.1687689423658694,10.85,,10.85,Metabolic (Core),False,URIH,False,1.9125674051301897,4.583295362324866,3.2374734211829344,1.9125674051301897
URIH_num2,b2162,136.2454183611817,,2.4966195,18.918052673339844,0.2977766421705213,10.85,,10.85,Metabolic (Core),False,URIH,False,2.413828842571308,7.237482938503455,2.4966195,1.9365550819084314
URIH_num3,b0030,121.23861216232469,,12.3869505,12.072550773620604,8.645785370246568,10.85,,10.85,Metabolic (Core),False,URIH,False,10.894048328819908,11.035095547955725,12.072550773620604,5.996419022210313
URIK1,b2066,97.46316781454354,150.7241,1.5567898,2.0909862518310547,9.661923757639329,324706.6666666667,,324706.6666666667,Metabolic (Core),False,URIK1,False,8.297683492834746,41.00844995236759,5.876455004735192,8.297683492834746
URIK2,b2066,97.46316781454354,150.7241,1.5567898,2.0909862518310547,9.661923757639329,324706.6666666667,,324706.6666666667,Metabolic (Core),False,URIK2,False,8.297683492834746,41.00844995236759,5.876455004735192,8.297683492834746
URIt2pp_copy1_num1,b2964,23.0,10.6977,6.308823,18.34995651245117,9.661923757639329,,112645.641475366,,Metabolic (Core),False,URIt2pp_copy1,False,10.458860027076389,11.254600817522626,10.179811878819663,10.458860027076389
URIt2pp_copy1_num2,b2393,33.2825,,3.9025805,13.50819969177246,1.82702468603913,,112645.641475366,,Metabolic (Core),False,URIt2pp_copy1,False,4.583859025053695,6.412601625937197,3.9025805,3.1327334148542736
URIt2pp_copy2,b2406,23.0,14.142,3.998274,16.7822265625,3.50353385821492,,112645.641475366,,Metabolic (Core),False,URIt2pp_copy2,False,7.593374527948778,9.60650860517873,9.070136999999999,7.593374527948778
URIt2pp_copy2_reverse,b2406,23.0,11.0609,3.998274,16.7822265625,6.97192302574174,,112645.641475366,,Metabolic (Reverse),False,URIt2pp_copy2,True,8.481375581727574,9.703330897060434,9.01641151287087,8.481375581727574
URItex,b0411,179.45385264683853,,,,,,112645.641475366,,Transport,False,URItex,False,,,,
URItex_reverse,b0411,179.45385264683853,,,,,,112645.641475366,,Transport,False,URItex,True,,,,
USHD,b0524,127.45531181646874,11.7662,0.53164476,6.118159770965576,3.734128367817187,,,,Metabolic (Core),False,USHD,False,3.4575379480637145,5.537533224695691,4.926144069391381,3.4575379480637145
VALTA,b3770,120.7983675600902,7.4172,23.763206,25.40924453735352,7.228125235384933,19.0,,19.0,Metabolic (Core),False,VALTA,False,13.41345359112415,15.954443943184614,15.590203,13.41345359112415
VALTA_reverse,b3770,120.7983675600902,137.3844,44.211716,23.2384033203125,7.494230452223806,19.0,,19.0,Metabolic (Reverse),False,VALTA,True,32.07022673873439,53.082187443134075,33.72505966015625,32.07022673873439
VALabcpp,b3455 and b3456 and b3457 and b3460 and b3454,97.76404181117316,11.5277,8.15115,18.14558982849121,3.50353385821492,,112645.641475366,,Metabolic (Core),True,VALabcpp,False,8.791434401081798,10.331993421676533,9.839424999999999,8.791434401081798
VALt2rpp,b0401,33.2825,8.1616,2.7378,62.11932373046875,1811.657379070162,,112645.641475366,,Metabolic (Core),False,VALt2rpp,False,39.8217143662116,471.1690257001577,35.14046186523437,39.8217143662116
VALt3pp_num1,b2683 and b2682,97.46316781454354,24.1225,6.1666274,28.53819274902344,11.549273436294202,,112645.641475366,,Metabolic (Core),True,VALt3pp,False,14.880337738039561,17.59414839632941,17.8358867181471,14.880337738039561
VALt3pp_num2,b4141,23.0,,12.846824,20.84850311279297,5.171331930782302,,112645.641475366,,Metabolic (Core),False,VALt3pp,False,11.146991995479281,12.955553014525089,12.846824,6.10053983002969
VALtex_num1,b1377,96.2904209055866,,,,,,112645.641475366,,Transport,False,VALtex,False,,,,
VALtex_num2,b0241,33.2825,,,,,,112645.641475366,,Transport,False,VALtex,False,,,,
VALtex_num3,b0929,94.8168,,,,,,112645.641475366,,Transport,False,VALtex,False,,,,
VALtex_num4,b2215,96.2904209055866,,,,,,112645.641475366,,Transport,False,VALtex,False,,,,
VALtex_reverse_num1,b1377,96.2904209055866,,,,,,112645.641475366,,Transport,False,VALtex,True,,,,
VALtex_reverse_num2,b0241,33.2825,,,,,,112645.641475366,,Transport,False,VALtex,True,,,,
VALtex_reverse_num3,b0929,94.8168,,,,,,112645.641475366,,Transport,False,VALtex,True,,,,
VALtex_reverse_num4,b2215,96.2904209055866,,,,,,112645.641475366,,Transport,False,VALtex,True,,,,
VPAMTr,b3572,133.20262771610487,29.1053,2.986834,43.99202728271485,3.5932738645017825,,,,Metabolic (Core),False,VPAMTr,False,10.827092952050338,19.91935878680416,16.34928693225089,10.827092952050338
VPAMTr_reverse,b3572,133.20262771610487,1.9078,3.9255602,46.69075775146485,4.810772528691261,,,,Metabolic (Reverse),False,VPAMTr,True,6.404276259662101,14.333722620039028,4.3681663643456305,6.404276259662101
WCOS,b0827,178.0,0.7037,6.6885242,,3.470363952708512,,112645.641475366,,Metabolic (Core),False,WCOS,False,2.537256024971959,3.6208627175695036,3.470363952708512,2.010357152230634
X5PL3E_num1,b4197,160.70234805267864,,,,,,,,Metabolic (Core),False,X5PL3E,False,,,,
X5PL3E_num2,b3582,189.6850202355557,,,,,,,,Metabolic (Core),False,X5PL3E,False,,,,
XAND,b2867 and b2866 and b2868,136.2454183611817,162.5276,5.7610617,35.57624435424805,6.9899481650584585,15143.333333333334,,15143.333333333334,Metabolic (Core),True,XAND,False,21.966755989414054,52.713713554826626,21.283096259653252,21.966755989414054
XANt2pp_num1,b3654,23.0,12.9585,5.23234,35.36833572387695,1.9562772055410185,,112645.641475366,,Metabolic (Core),False,XANt2pp,False,8.276065653116637,13.878863232354494,9.09542,8.276065653116637
XANt2pp_num2,b2882,23.0,,3.8238304,22.046640396118164,7.228125235384933,,112645.641475366,,Metabolic (Core),False,XANt2pp,False,8.477911971261353,11.032865343834365,7.228125235384933,4.9684014188373276
XANt2pp_num3,b2888,23.0,,6.2164764,40.41080474853516,2.419531547116704,,112645.641475366,,Metabolic (Core),False,XANt2pp,False,8.470798658149436,16.348937565217287,6.2164764,4.965274572596354
XANtex_num1,b1377,96.2904209055866,,,,,,112645.641475366,,Transport,False,XANtex,False,,,,
XANtex_num2,b0241,33.2825,,,,,,112645.641475366,,Transport,False,XANtex,False,,,,
XANtex_num3,b0929,94.8168,,,,,,112645.641475366,,Transport,False,XANtex,False,,,,
XANtex_num4,b2215,96.2904209055866,,,,,,112645.641475366,,Transport,False,XANtex,False,,,,
XANtex_reverse_num1,b1377,96.2904209055866,,,,,,112645.641475366,,Transport,False,XANtex,True,,,,
XANtex_reverse_num2,b0241,33.2825,,,,,,112645.641475366,,Transport,False,XANtex,True,,,,
XANtex_reverse_num3,b0929,94.8168,,,,,,112645.641475366,,Transport,False,XANtex,True,,,,
XANtex_reverse_num4,b2215,96.2904209055866,,,,,,112645.641475366,,Transport,False,XANtex,True,,,,
XMPtex_num1,b1377,96.2904209055866,,,,,,112645.641475366,,Transport,False,XMPtex,False,,,,
XMPtex_num2,b0241,33.2825,,,,,,112645.641475366,,Transport,False,XMPtex,False,,,,
XMPtex_num3,b0929,94.8168,,,,,,112645.641475366,,Transport,False,XMPtex,False,,,,
XMPtex_num4,b2215,96.2904209055866,,,,,,112645.641475366,,Transport,False,XMPtex,False,,,,
XMPtex_reverse_num1,b1377,96.2904209055866,,,,,,112645.641475366,,Transport,False,XMPtex,True,,,,
XMPtex_reverse_num2,b0241,33.2825,,,,,,112645.641475366,,Transport,False,XMPtex,True,,,,
XMPtex_reverse_num3,b0929,94.8168,,,,,,112645.641475366,,Transport,False,XMPtex,True,,,,
XMPtex_reverse_num4,b2215,96.2904209055866,,,,,,112645.641475366,,Transport,False,XMPtex,True,,,,
XPPT,b0238,92.71685493840006,0.0025,116.999794,43.56171417236328,2.601245076718941,,131.0,,Metabolic (Core),False,XPPT,False,2.3994009945197323,40.79131331227056,23.08147962454111,2.3994009945197323
XTSNH,b0030,121.23861216232469,0.8362,8.151524,12.437339782714844,3.318657465044924,,20.3058,,Metabolic (Core),False,XTSNH,False,4.095526362244868,6.185930311939942,5.735090732522462,4.095526362244868
XTSNt2rpp,b2406,23.0,57.9568,1.8213558,16.7822265625,7.384226029220949,,112645.641475366,,Metabolic (Core),False,XTSNt2rpp,False,10.69457273045572,20.98615209793024,12.083226295860474,10.69457273045572
XTSNt2rpp_reverse,b2406,23.0,7.164,1.8213558,16.7822265625,12.628470676953103,,112645.641475366,,Metabolic (Reverse),False,XTSNt2rpp,True,7.251664072676625,9.599013259863277,9.89623533847655,7.251664072676625
XTSNtex_num1,b1377,96.2904209055866,,,,,,112645.641475366,,Transport,False,XTSNtex,False,,,,
XTSNtex_num2,b0241,33.2825,,,,,,112645.641475366,,Transport,False,XTSNtex,False,,,,
XTSNtex_num3,b0929,94.8168,,,,,,112645.641475366,,Transport,False,XTSNtex,False,,,,
XTSNtex_num4,b2215,96.2904209055866,,,,,,112645.641475366,,Transport,False,XTSNtex,False,,,,
XTSNtex_reverse_num1,b1377,96.2904209055866,,,,,,112645.641475366,,Transport,False,XTSNtex,True,,,,
XTSNtex_reverse_num2,b0241,33.2825,,,,,,112645.641475366,,Transport,False,XTSNtex,True,,,,
XTSNtex_reverse_num3,b0929,94.8168,,,,,,112645.641475366,,Transport,False,XTSNtex,True,,,,
XTSNtex_reverse_num4,b2215,96.2904209055866,,,,,,112645.641475366,,Transport,False,XTSNtex,True,,,,
XYHDL,b3656,135.5233043049329,33.9735,,43.45951843261719,5.911690437717237,,112645.641475366,,Metabolic (Core),False,XYHDL,False,20.589491848406755,27.78156962344481,33.9735,9.665720245634663
XYLI1,b3565,215.03354492000008,,,,,807.2593649999999,,807.2593649999999,Metabolic (Core),False,XYLI1,False,,,,
XYLI1_reverse,b3565,215.03354492000008,,,,,807.2593649999999,,807.2593649999999,Metabolic (Reverse),False,XYLI1,True,,,,
XYLI2,b3565,215.03354492000008,,,,,807.2593649999999,,807.2593649999999,Metabolic (Core),False,XYLI2,False,,,,
XYLI2_reverse,b3565,215.03354492000008,,,,,807.2593649999999,,807.2593649999999,Metabolic (Reverse),False,XYLI2,True,,,,
XYLK2_num1,b0063,136.71153247522938,1.095,49.882008,44.855865478515625,3.709008719383553,,,,Metabolic (Core),False,XYLK2,False,9.763573173612425,24.885470549474793,24.28243709894959,9.763573173612425
XYLK2_num2,b3580,178.0,,23.706291,69.82032775878906,1.3104288975077028,,,,Metabolic (Core),False,XYLK2,False,12.944530962199781,31.612349218765587,23.706291,6.824404159118882
XYLK_num1,b0063,136.71153247522938,5.2531,49.882008,44.855865478515625,545.537411727458,3427.5,,3427.5,Metabolic (Core),False,XYLK,False,50.321183173066444,161.3820963014934,47.36893673925781,50.321183173066444
XYLK_num2,b3564,163.56417402633934,8.7103,238.7645,244.3948516845703,11.424475857554716,3427.5,,3427.5,Metabolic (Core),False,XYLK,False,49.08884360716348,125.82353188553125,125.09448792877735,49.08884360716348
XYLUt2pp,b3578 and b3577 and b3579,97.76404181117316,64.1023,23.176899,28.391902923583984,6.893062771666467,,112645.641475366,,Metabolic (Core),True,XYLUt2pp,False,23.22116042595308,30.641041173812614,25.78440096179199,23.22116042595308
XYLUtex_num1,b1377,96.2904209055866,,,,,,112645.641475366,,Transport,False,XYLUtex,False,,,,
XYLUtex_num2,b0241,33.2825,,,,,,112645.641475366,,Transport,False,XYLUtex,False,,,,
XYLUtex_num3,b0929,94.8168,,,,,,112645.641475366,,Transport,False,XYLUtex,False,,,,
XYLUtex_num4,b2215,96.2904209055866,,,,,,112645.641475366,,Transport,False,XYLUtex,False,,,,
XYLUtex_reverse_num1,b1377,96.2904209055866,,,,,,112645.641475366,,Transport,False,XYLUtex,True,,,,
XYLUtex_reverse_num2,b0241,33.2825,,,,,,112645.641475366,,Transport,False,XYLUtex,True,,,,
XYLUtex_reverse_num3,b0929,94.8168,,,,,,112645.641475366,,Transport,False,XYLUtex,True,,,,
XYLUtex_reverse_num4,b2215,96.2904209055866,,,,,,112645.641475366,,Transport,False,XYLUtex,True,,,,
XYLabcpp,b3566 and b3568 and b3567,99.3820209055866,32.5946,17.620256,8.797575950622559,7.384226029220949,,112645.641475366,,Metabolic (Core),True,XYLabcpp,False,13.898133181860336,16.599164494960878,13.20891597531128,13.898133181860336
XYLt2pp,b4031,23.0,12.8495,9.482221,14.009480476379396,1.3473436861442745,,112645.641475366,,Metabolic (Core),False,XYLt2pp,False,6.925070210925548,9.422136290630919,11.1658605,6.925070210925548
XYLtex_num1,b1377,96.2904209055866,,,,,,112645.641475366,,Transport,False,XYLtex,False,,,,
XYLtex_num2,b0241,33.2825,,,,,,112645.641475366,,Transport,False,XYLtex,False,,,,
XYLtex_num3,b0929,94.8168,,,,,,112645.641475366,,Transport,False,XYLtex,False,,,,
XYLtex_num4,b2215,96.2904209055866,,,,,,112645.641475366,,Transport,False,XYLtex,False,,,,
XYLtex_reverse_num1,b1377,96.2904209055866,,,,,,112645.641475366,,Transport,False,XYLtex,True,,,,
XYLtex_reverse_num2,b0241,33.2825,,,,,,112645.641475366,,Transport,False,XYLtex,True,,,,
XYLtex_reverse_num3,b0929,94.8168,,,,,,112645.641475366,,Transport,False,XYLtex,True,,,,
XYLtex_reverse_num4,b2215,96.2904209055866,,,,,,112645.641475366,,Transport,False,XYLtex,True,,,,
YUMPS,b2165,119.0261688564688,17.3924,20.544462,22.50571250915528,20.83005914936328,,112645.641475366,,Metabolic (Core),False,YUMPS,False,20.230629168966953,20.31815841462964,20.687260574681638,20.230629168966953
YUMPS_reverse,b2165,119.0261688564688,42.7562,,22.50571250915528,4.385833655294576,,112645.641475366,,Metabolic (Reverse),False,YUMPS,True,16.160247487429558,23.215915388149952,22.50571250915528,8.060017887782262
ZN2abcpp,b3469,75.41,,,,,,300.0,,Metabolic (Core),False,ZN2abcpp,False,,,,
ZN2t3pp_num1,b3915,75.41,,,,,,112645.641475366,,Metabolic (Core),False,ZN2t3pp,False,,,,
ZN2t3pp_num2,b0752,75.41,,,,,,112645.641475366,,Metabolic (Core),False,ZN2t3pp,False,,,,
ZN2tpp,b3040,33.2825,,,,,,112645.641475366,,Transport,False,ZN2tpp,False,,,,
ZNabcpp,b1858 and b1859 and b1857,90.65907860738318,,,,,,300.0,,Metabolic (Core),True,ZNabcpp,False,,,,
Zn2tex_num1,b1377,96.2904209055866,,,,,,112645.641475366,,Transport,False,Zn2tex,False,,,,
Zn2tex_num2,b0241,33.2825,,,,,,112645.641475366,,Transport,False,Zn2tex,False,,,,
Zn2tex_num3,b0929,94.8168,,,,,,112645.641475366,,Transport,False,Zn2tex,False,,,,
Zn2tex_num4,b2215,96.2904209055866,,,,,,112645.641475366,,Transport,False,Zn2tex,False,,,,
Zn2tex_reverse_num1,b1377,96.2904209055866,,,,,,112645.641475366,,Transport,False,Zn2tex,True,,,,
Zn2tex_reverse_num2,b0241,33.2825,,,,,,112645.641475366,,Transport,False,Zn2tex,True,,,,
Zn2tex_reverse_num3,b0929,94.8168,,,,,,112645.641475366,,Transport,False,Zn2tex,True,,,,
Zn2tex_reverse_num4,b2215,96.2904209055866,,,,,,112645.641475366,,Transport,False,Zn2tex,True,,,,
