reaction,GO_HKP,DLKcat,MTLKP,TurNup,UniKP
12PPDRtex_num1,96.29042090558659,,,,
12PPDRtex_num2,33.2825,,,,
12PPDRtex_num3,94.81680000000001,,,,
12PPDRtex_num4,96.29042090558659,,,,
12PPDRtex_reverse_num1,96.29042090558659,,,,
12PPDRtex_reverse_num2,33.2825,,,,
12PPDRtex_reverse_num3,94.81680000000001,,,,
12PPDRtex_reverse_num4,96.29042090558659,,,,
12PPDStex_num1,96.29042090558659,,,,
12PPDStex_num2,33.2825,,,,
12PPDStex_num3,94.81680000000001,,,,
12PPDStex_num4,96.29042090558659,,,,
12PPDStex_reverse_num1,96.29042090558659,,,,
12PPDStex_reverse_num2,33.2825,,,,
12PPDStex_reverse_num3,94.81680000000001,,,,
12PPDStex_reverse_num4,96.29042090558659,,,,
13PPDH2,121.175352563932,21.2411,18.234058,10.98911190032959,5.216962663451387
13PPDH2_reverse,121.175352563932,1.3259,9.66856,14.06663990020752,4.833523926798825
14GLUCANabcpp,104.73241798245593,32.4956,,5.735721111297607,25.827463201057576
14GLUCANtexi,117.94906666660009,,,,
23CAMPtex_num1,96.29042090558659,,,,
23CAMPtex_num2,33.2825,,,,
23CAMPtex_num3,94.81680000000001,,,,
23CAMPtex_num4,96.29042090558659,,,,
23CAMPtex_reverse_num1,96.29042090558659,,,,
23CAMPtex_reverse_num2,33.2825,,,,
23CAMPtex_reverse_num3,94.81680000000001,,,,
23CAMPtex_reverse_num4,96.29042090558659,,,,
23CCMPtex_num1,96.29042090558659,,,,
23CCMPtex_num2,33.2825,,,,
23CCMPtex_num3,94.81680000000001,,,,
23CCMPtex_num4,96.29042090558659,,,,
23CCMPtex_reverse_num1,96.29042090558659,,,,
23CCMPtex_reverse_num2,33.2825,,,,
23CCMPtex_reverse_num3,94.81680000000001,,,,
23CCMPtex_reverse_num4,96.29042090558659,,,,
23CGMPtex_num1,96.29042090558659,,,,
23CGMPtex_num2,33.2825,,,,
23CGMPtex_num3,94.81680000000001,,,,
23CGMPtex_num4,96.29042090558659,,,,
23CGMPtex_reverse_num1,96.29042090558659,,,,
23CGMPtex_reverse_num2,33.2825,,,,
23CGMPtex_reverse_num3,94.81680000000001,,,,
23CGMPtex_reverse_num4,96.29042090558659,,,,
23CUMPtex_num1,96.29042090558659,,,,
23CUMPtex_num2,33.2825,,,,
23CUMPtex_num3,94.81680000000001,,,,
23CUMPtex_num4,96.29042090558659,,,,
23CUMPtex_reverse_num1,96.29042090558659,,,,
23CUMPtex_reverse_num2,33.2825,,,,
23CUMPtex_reverse_num3,94.81680000000001,,,,
23CUMPtex_reverse_num4,96.29042090558659,,,,
23DAPPAtex_num1,96.29042090558659,,,,
23DAPPAtex_num2,33.2825,,,,
23DAPPAtex_num3,94.81680000000001,,,,
23DAPPAtex_num4,96.29042090558659,,,,
23DAPPAtex_reverse_num1,96.29042090558659,,,,
23DAPPAtex_reverse_num2,33.2825,,,,
23DAPPAtex_reverse_num3,94.81680000000001,,,,
23DAPPAtex_reverse_num4,96.29042090558659,,,,
23DOGULNt4pp,97.76404181117316,18.0369,5.0895267,28.391902923583984,2.426765719243258
23PDE2pp,159.51534075283124,7.8436,37.95562,196.96109008789065,2.576584054233915
23PDE4pp,159.51534075283124,2.5142,33.829117,244.0936889648437,3.744908238513749
23PDE7pp,159.51534075283124,4.8133,52.067036,186.72401428222656,6.929868172575557
23PDE9pp,159.51534075283124,114.7526,45.43411,216.69186401367188,8.515326148078657
26DAHtex_num1,96.29042090558659,,,,
26DAHtex_num2,33.2825,,,,
26DAHtex_num3,94.81680000000001,,,,
26DAHtex_num4,96.29042090558659,,,,
26DAHtex_reverse_num1,96.29042090558659,,,,
26DAHtex_reverse_num2,33.2825,,,,
26DAHtex_reverse_num3,94.81680000000001,,,,
26DAHtex_reverse_num4,96.29042090558659,,,,
2AGPA120tipp,23.0,,,,
2AGPA140tipp,23.0,,,,
2AGPA141tipp,23.0,,,,
2AGPA160tipp,23.0,,,,
2AGPA161tipp,23.0,,,,
2AGPA180tipp,23.0,,,,
2AGPA181tipp,23.0,,,,
2AGPE120tipp,23.0,,,,
2AGPE140tipp,23.0,,,,
2AGPE141tipp,23.0,,,,
2AGPE160tipp,23.0,,,,
2AGPE161tipp,23.0,,,,
2AGPE180tipp,23.0,,,,
2AGPE181tipp,23.0,,,,
2AGPEAT120,98.49306668197663,0.7744,4.7711473,3.2235896587371826,2.7674026257612505
2AGPEAT140,98.49306668197663,3.7948,2.803512,3.63122820854187,5.837987692151454
2AGPEAT141,98.49306668197663,9.4683,,3.4213435649871826,5.727440571245332
2AGPEAT160,98.49306668197663,16.4493,5.5366206,1.831045746803284,10.400376497266745
2AGPEAT161,98.49306668197663,19.0356,,3.4213435649871826,2.5893408021319906
2AGPEAT180,98.49306668197663,115.7661,1.9625669,1.831045746803284,4.69157887104192
2AGPEAT181,98.49306668197663,3.8553,1.8770452,3.1124603748321533,6.130754302507611
2AGPG120tipp,23.0,,,,
2AGPG140tipp,23.0,,,,
2AGPG141tipp,23.0,,,,
2AGPG160tipp,23.0,,,,
2AGPG161tipp,23.0,,,,
2AGPG180tipp,23.0,,,,
2AGPG181tipp,23.0,,,,
2AGPGAT120,98.49306668197663,10.7436,,3.4213435649871826,8.126022089600111
2AGPGAT140,98.49306668197663,8.7881,3.3486996,1.3197332620620728,6.130754302507611
2AGPGAT141,98.49306668197663,97.5807,,3.4213435649871826,9.490631515381825
2AGPGAT160,98.49306668197663,97.6527,5.5366206,1.48662006855011,5.212041331239971
2AGPGAT161,98.49306668197663,16.3454,,1.3197332620620728,4.04186287809693
2AGPGAT180,98.49306668197663,15.0285,1.9625669,1.48662006855011,6.47591517554057
2AGPGAT181,98.49306668197663,33.7149,1.8770452,3.1124603748321533,6.47591517554057
2DDARAA_num1,136.47847541820553,,,,
2DDARAA_num2,136.47847541820553,,,,
2DDARAA_reverse_num1,136.47847541820553,3126.5841,6.137667,23.792036056518555,184.70413182781493
2DDARAA_reverse_num2,136.47847541820553,,5.536085,25.15447235107422,
2DGLCptspp,152.62479040685164,59.1738,0.96225995,10.40248680114746,14.184827825821973
2DGLCtex_num1,96.29042090558659,,,,
2DGLCtex_num2,96.29042090558659,,,,
2DGLCtex_num3,33.2825,,,,
2DGLCtex_num4,94.81680000000001,,,,
2DGLCtex_reverse_num1,96.29042090558659,,,,
2DGLCtex_reverse_num2,96.29042090558659,,,,
2DGLCtex_reverse_num3,33.2825,,,,
2DGLCtex_reverse_num4,94.81680000000001,,,,
2DGULRGx,124.73964281862038,2.2766,,19.29294776916504,0.9309737680315668
2DGULRGy,124.73964281862038,2.7274,,22.01556968688965,1.1038974093825238
2DGULRx,124.73964281862038,1.0461,,19.29294776916504,33.81246352611123
2DGULRy,124.73964281862038,0.1046,,22.01556968688965,33.81246352611123
2DOXG6PP_num1,157.17088698230995,1.2724,3.4761665,8.821300506591797,5.160646713364276
2DOXG6PP_num2,173.42795360893282,,4.0478,22.591367721557617,1.7851135665555418
2DOXG6PP_num3,149.80799644754114,,0.7941894,5.092029571533203,1.7851135665555418
2DOXG6PP_num4,173.42795360893282,,1.6524347,17.724365234375,5.2469593410977335
2HESR_num1,221.50419686676088,27.1069,8.169506,4.926880836486816,3.6115615622253454
2HESR_num2,215.03354492000008,,8.420273,5.245456218719482,10.400376497266745
2HPTCOAT,151.18324760891227,1.761,,5.091606140136719,2.117565282847367
2MAHMP_num1,173.42795360893282,2.2478,1.3363798,14.825173377990724,3.0734277155319725
2MAHMP_num2,157.17088698230995,,0.75591874,2.212373733520508,1.7922015180772033
34dhpactex_num1,96.29042090558659,,,,
34dhpactex_num2,33.2825,,,,
34dhpactex_num3,94.81680000000001,,,,
34dhpactex_num4,96.29042090558659,,,,
34dhpactex_reverse_num1,96.29042090558659,,,,
34dhpactex_reverse_num2,33.2825,,,,
34dhpactex_reverse_num3,94.81680000000001,,,,
34dhpactex_reverse_num4,96.29042090558659,,,,
3AMACHYD,149.80799644754114,71.2875,2.6339014,33.78409957885742,6.495630766497587
3AMPtex_num1,96.29042090558659,,,,
3AMPtex_num2,33.2825,,,,
3AMPtex_num3,94.81680000000001,,,,
3AMPtex_num4,96.29042090558659,,,,
3AMPtex_reverse_num1,96.29042090558659,,,,
3AMPtex_reverse_num2,33.2825,,,,
3AMPtex_reverse_num3,94.81680000000001,,,,
3AMPtex_reverse_num4,96.29042090558659,,,,
3CMPtex_num1,96.29042090558659,,,,
3CMPtex_num2,33.2825,,,,
3CMPtex_num3,94.81680000000001,,,,
3CMPtex_num4,96.29042090558659,,,,
3CMPtex_reverse_num1,96.29042090558659,,,,
3CMPtex_reverse_num2,33.2825,,,,
3CMPtex_reverse_num3,94.81680000000001,,,,
3CMPtex_reverse_num4,96.29042090558659,,,,
3GMPtex_num1,96.29042090558659,,,,
3GMPtex_num2,33.2825,,,,
3GMPtex_num3,94.81680000000001,,,,
3GMPtex_num4,96.29042090558659,,,,
3GMPtex_reverse_num1,96.29042090558659,,,,
3GMPtex_reverse_num2,33.2825,,,,
3GMPtex_reverse_num3,94.81680000000001,,,,
3GMPtex_reverse_num4,96.29042090558659,,,,
3HAD100_num1,126.88473466186872,,,,
3HAD100_num2,118.43411865124475,,,,
3HAD120_num1,118.43411865124475,,,,
3HAD120_num2,126.88473466186872,,,,
3HAD121_num1,126.88473466186872,,,,
3HAD121_num2,118.43411865124475,,,,
3HAD140_num1,126.88473466186872,,,,
3HAD140_num2,118.43411865124475,,,,
3HAD141_num1,126.88473466186872,,,,
3HAD141_num2,118.43411865124475,,,,
3HAD160_num1,126.88473466186872,,,,
3HAD160_num2,118.43411865124475,,,,
3HAD161_num1,126.88473466186872,,,,
3HAD161_num2,118.43411865124475,,,,
3HAD180_num1,126.88473466186872,,,,
3HAD180_num2,118.43411865124475,,,,
3HAD181_num1,126.88473466186872,,,,
3HAD181_num2,118.43411865124475,,,,
3HAD40_num1,126.88473466186872,,,,
3HAD40_num2,118.43411865124475,,,,
3HAD60_num1,126.88473466186872,,,,
3HAD60_num2,118.43411865124475,,,,
3HAD80_num1,126.88473466186872,,,,
3HAD80_num2,118.43411865124475,,,,
3HBZCT,149.80799644754114,2.6448,,5.811877250671387,10.400376497266745
3HCINNMH,128.2406734749161,3.0367,1.2820866,3.87712025642395,1.3423129350260046
3HPADHi,149.80799644754114,0.4232,15.971897,16.749155044555664,2.273522705767711
3HPPPNH,128.2406734749161,1.3298,1.3805982,3.87712025642395,7.228125235384933
3HPPtex_num1,96.29042090558659,,,,
3HPPtex_num2,96.29042090558659,,,,
3HPPtex_num3,94.81680000000001,,,,
3HPPtex_num4,33.2825,,,,
3HPPtex_reverse_num1,96.29042090558659,,,,
3HPPtex_reverse_num2,96.29042090558659,,,,
3HPPtex_reverse_num3,94.81680000000001,,,,
3HPPtex_reverse_num4,33.2825,,,,
3KGK,178.0,12.0658,17.46019,69.82032775878906,5.688412376681967
3NTD2pp_num1,159.51534075283124,51.8008,27.363518,216.69186401367188,20.83005914936328
3NTD2pp_num2,205.72000000000008,,5.527949,94.15534973144533,20.83005914936328
3NTD4pp_num1,205.72000000000008,8.5149,8.249526,91.3937530517578,20.83005914936328
3NTD4pp_num2,159.51534075283124,,60.097664,210.33624267578125,18.05149927356397
3NTD4pp_num3,117.63095515668913,,8.742382,147.21669006347656,20.83005914936328
3NTD7pp_num1,159.51534075283124,3.9633,84.48002,204.1670379638672,20.83005914936328
3NTD7pp_num2,205.72000000000008,,12.688785,86.1112060546875,18.05149927356397
3NTD9pp_num1,159.51534075283124,0.0423,53.831303,151.6005401611328,20.83005914936328
3NTD9pp_num2,205.72000000000008,,9.118119,74.20227813720703,20.83005914936328
3OAR100,136.71153247522938,3.9,,48.10326766967773,2.929298538756969
3OAR100_reverse,136.71153247522938,2.2495,,61.53378677368164,3.653492800559781
3OAR120,136.71153247522938,1.6686,,48.10326766967773,3.842358408537775
3OAR120_reverse,136.71153247522938,1.9392,,61.53378677368164,10.397610637812583
3OAR121,136.71153247522938,0.4779,,48.10326766967773,4.04186287809693
3OAR140,136.71153247522938,22.3204,,48.10326766967773,4.276039907119107
3OAR140_reverse,136.71153247522938,2.3523,,61.53378677368164,7.552988127207209
3OAR141,136.71153247522938,26.6302,,48.10326766967773,3.370329247802288
3OAR160,136.71153247522938,58.6145,,48.10326766967773,1.1124517833873355
3OAR160_reverse,136.71153247522938,1.716,,61.53378677368164,20.841183569207764
3OAR161,136.71153247522938,56.8169,,48.10326766967773,10.475654966689731
3OAR180,136.71153247522938,9.8469,,48.10326766967773,5.160646713364276
3OAR180_reverse,136.71153247522938,71.8765,,61.53378677368164,3.0651438472701296
3OAR181,136.71153247522938,128.5811,,48.10326766967773,17.527193281992982
3OAR40,136.71153247522938,12.2147,,48.10326766967773,23.20984801412347
3OAR40_reverse,136.71153247522938,1.7251,,61.53378677368164,0.0265707957806125
3OAR60,136.71153247522938,2.2729,,48.10326766967773,1.873480710504212
3OAR60_reverse,136.71153247522938,1.761,,61.53378677368164,4.126232577709164
3OAR80,136.71153247522938,2.8858,,48.10326766967773,1.4545002766521131
3OAR80_reverse,136.71153247522938,1.4637,,61.53378677368164,3.653492800559781
3OAS100_num1,125.69922461667636,22.6805,,6.918361663818359,5.770470497209467
3OAS100_num2,120.79836756009021,,,8.468523979187012,2.83415341835266
3OAS120_num1,120.79836756009021,65.0997,,8.468523979187012,6.875121780834266
3OAS120_num2,125.69922461667636,,,6.918361663818359,2.4122784867804152
3OAS121,125.69922461667636,11.0078,,6.918361663818359,7.897718004824455
3OAS140_num1,125.69922461667636,8.1977,,6.918361663818359,2.7304914725608933
3OAS140_num2,120.79836756009021,,,8.468523979187012,4.201952486334633
3OAS141,125.69922461667636,39.3197,,6.918361663818359,2.177845051255175
3OAS160_num1,125.69922461667636,2.9056,,6.918361663818359,6.245464574809021
3OAS160_num2,120.79836756009021,,,8.468523979187012,3.709008719383553
3OAS161,125.69922461667636,82.3219,,6.918361663818359,5.837987692151454
3OAS180_num1,120.79836756009021,64.2202,,8.468523979187012,3.095314723399571
3OAS180_num2,125.69922461667636,,,6.918361663818359,4.588231538118686
3OAS181,120.79836756009021,2.4441,,8.468523979187012,6.960383956781024
3OAS60_num1,120.79836756009021,29.3964,,8.468523979187012,6.481120339900238
3OAS60_num2,125.69922461667636,,,6.918361663818359,8.724466117339635
3OAS80_num1,125.69922461667636,75.7131,,6.918361663818359,14.343182163764258
3OAS80_num2,120.79836756009021,,,8.468523979187012,7.672849549603623
3OXCOAT,118.43411865124475,8.617,4.5254292,9.320162773132324,3.0651438472701296
3PEPTabcpp_num1,97.76404181117316,17.011,,8.060506820678711,11.334694813446427
3PEPTabcpp_num2,120.50274604186052,,,9.22691535949707,6.7859805272721
3PEPTabcpp_num3,120.42138255624843,,,9.22691535949707,6.7859805272721
3PEPTtex_num1,96.29042090558659,,,,
3PEPTtex_num2,33.2825,,,,
3PEPTtex_num3,94.81680000000001,,,,
3PEPTtex_num4,96.29042090558659,,,,
3PEPTtex_reverse_num1,96.29042090558659,,,,
3PEPTtex_reverse_num2,33.2825,,,,
3PEPTtex_reverse_num3,94.81680000000001,,,,
3PEPTtex_reverse_num4,96.29042090558659,,,,
3SLAR,130.15983707102805,11.2671,,222.9801177978516,8.375467515442104
3UMPtex_num1,96.29042090558659,,,,
3UMPtex_num2,33.2825,,,,
3UMPtex_num3,94.81680000000001,,,,
3UMPtex_num4,96.29042090558659,,,,
3UMPtex_reverse_num1,96.29042090558659,,,,
3UMPtex_reverse_num2,33.2825,,,,
3UMPtex_reverse_num3,94.81680000000001,,,,
3UMPtex_reverse_num4,96.29042090558659,,,,
42A12BOOXpp,169.22268505812133,2.749,31.535576,10.40248680114746,13.543588217899387
4ABZGLUH,130.15983707102805,74.5526,,8.90823745727539,9.685838815944882
4ABZGLUH_reverse,130.15983707102805,14.1972,25.294153,7.908206939697266,8.735721749952106
4ABZGLUtex_num1,96.29042090558659,,,,
4ABZGLUtex_num2,33.2825,,,,
4ABZGLUtex_num3,96.29042090558659,,,,
4ABZGLUtex_num4,94.81680000000001,,,,
4ABZGLUtex_reverse_num1,96.29042090558659,,,,
4ABZGLUtex_reverse_num2,33.2825,,,,
4ABZGLUtex_reverse_num3,96.29042090558659,,,,
4ABZGLUtex_reverse_num4,94.81680000000001,,,,
4ABZGLUtr,23.0,72.0373,,11.683470726013184,2.49260093430609
4ABZGLUtr_reverse,23.0,7.9521,,11.683470726013184,2.458310668233155
4HBZt3pp,207.78250892732828,2.6333,0.9058999,23.2384033203125,4.423306762159818
4HOXPACDtex_num1,96.29042090558659,,,,
4HOXPACDtex_num2,33.2825,,,,
4HOXPACDtex_num3,94.81680000000001,,,,
4HOXPACDtex_num4,96.29042090558659,,,,
4HOXPACDtex_reverse_num1,96.29042090558659,,,,
4HOXPACDtex_reverse_num2,33.2825,,,,
4HOXPACDtex_reverse_num3,94.81680000000001,,,,
4HOXPACDtex_reverse_num4,96.29042090558659,,,,
4HTHRA,115.69288473855748,,,,
4HTHRA_reverse,115.69288473855748,11.2145,2.4719822,17.776649475097656,8.904353075217367
4HTHRK,121.23861216232467,7.5308,1.6856856,3.173168182373047,1.085823384955939
4PCP,136.2454183611817,3.7552,,2.279223680496216,12.544101452368947
4PCPpp,97.76404181117316,9.0659,,4.635335445404053,3.8937879056085154
4PEPTabcpp_num1,120.42138255624843,12.9585,,9.22691535949707,5.628355577673853
4PEPTabcpp_num2,97.76404181117316,,,8.060506820678711,5.160646713364276
4PEPTtex_num1,96.29042090558659,,,,
4PEPTtex_num2,33.2825,,,,
4PEPTtex_num3,94.81680000000001,,,,
4PEPTtex_num4,96.29042090558659,,,,
4PEPTtex_reverse_num1,96.29042090558659,,,,
4PEPTtex_reverse_num2,33.2825,,,,
4PEPTtex_reverse_num3,94.81680000000001,,,,
4PEPTtex_reverse_num4,96.29042090558659,,,,
5DGLCNR,130.15983707102805,1.1866,4.0644073,12.992997169494627,3.2749292691771887
5DGLCNt2rpp,23.0,4.6607,1.6069727,34.219730377197266,3.0734277155319725
5DGLCNt2rpp_reverse,23.0,257.8824,1.6069727,34.219730377197266,12.152238088271714
5DGLCNtex_num1,94.81680000000001,,,,
5DGLCNtex_num2,96.29042090558659,,,,
5DGLCNtex_num3,33.2825,,,,
5DGLCNtex_num4,96.29042090558659,,,,
5DGLCNtex_reverse_num1,94.81680000000001,,,,
5DGLCNtex_reverse_num2,96.29042090558659,,,,
5DGLCNtex_reverse_num3,33.2825,,,,
5DGLCNtex_reverse_num4,96.29042090558659,,,,
5DKGR_num1,160.70234805267864,8.2556,21.346954,24.00439453125,7.850236933904516
5DKGR_num2,130.15983707102805,,8.070132,34.779266357421875,5.265135685472943
5DKGR_reverse_num1,160.70234805267864,8.0888,9.065246,15.95155906677246,11.424475857554716
5DKGR_reverse_num2,130.15983707102805,,4.0644016,18.613250732421875,
5DOAN,136.2454183611817,13.3289,1.8322498,7.724186897277832,3.842358408537775
5MTRtex_num1,96.29042090558659,,,,
5MTRtex_num2,96.29042090558659,,,,
5MTRtex_num3,94.81680000000001,,,,
5MTRtex_num4,33.2825,,,,
5MTRtex_reverse_num1,96.29042090558659,,,,
5MTRtex_reverse_num2,96.29042090558659,,,,
5MTRtex_reverse_num3,94.81680000000001,,,,
5MTRtex_reverse_num4,33.2825,,,,
6D6SFK,123.60963225270937,33.9735,,31.38056182861328,2.639431640590787
6D6SPA,121.23861216232467,,,,
A5PISO_num1,151.18324760891227,,,,
A5PISO_num2,152.5584987702834,,,,
A5PISO_reverse_num1,151.18324760891227,,,,
A5PISO_reverse_num2,152.5584987702834,,,,
AACPS1,88.54447098981994,71.8556,,6.619389533996582,6.47591517554057
AACPS2,88.54447098981994,16.381,,6.619389533996582,6.47591517554057
AACPS3,88.54447098981994,13.2082,5.5366206,6.619389533996582,6.47591517554057
AACPS4,88.54447098981994,10.5404,,6.619389533996582,6.47591517554057
AACPS5,88.54447098981994,18.8696,1.8770452,6.425242424011231,29.39165891366132
AACPS6,88.54447098981994,13.5919,1.9625669,6.425242424011231,4.426404866202988
AACPS7,88.54447098981994,18.2509,,6.619389533996582,1.8884335437600968
AACPS8,88.54447098981994,2.6877,,6.619389533996582,7.245558719549327
AACPS9,88.54447098981994,4.8499,1.656475,6.619389533996582,33.66240634310002
AADDGT,121.20698236312833,0.3864,0.3481692,1.5873920917510986,3.0457057983295
AAMYL,207.78250892732828,,,,
AAMYLpp,207.78250892732828,,,,
AB6PGH_num1,197.70251011777788,5.4892,8.138813,16.272146224975586,0.55443644863912
AB6PGH_num2,159.765,0.5701,3.8667903,37.41640472412109,11.925618662439843
AB6PGH_num3,178.50306567333342,2.9083,4.775214,63.9403190612793,11.925618662439843
ABTA_num1,123.77764512125493,159.5296,16.069746,9.956698417663574,7.228125235384933
ABTA_num2,126.3166780801852,12.0603,11.926295,8.200081825256348,4.3269544586335424
ABUTD,143.25976446138526,1.2863,17.343355,19.40299224853516,5.871081732760222
ABUTt2pp,27.0,22.4946,23.428188,20.63138771057129,0.361033711661598
ABUTtex_num1,96.29042090558659,,,,
ABUTtex_num2,33.2825,,,,
ABUTtex_num3,94.81680000000001,,,,
ABUTtex_num4,96.29042090558659,,,,
ABUTtex_reverse_num1,96.29042090558659,,,,
ABUTtex_reverse_num2,33.2825,,,,
ABUTtex_reverse_num3,94.81680000000001,,,,
ABUTtex_reverse_num4,96.29042090558659,,,,
ACACCT_num1,121.20698236312833,41.116,1.3027978,18.165882110595703,16.10528181133384
ACACCT_num2,123.60963225270937,2.4864,2.6782768,15.8236083984375,180.06711306374774
ACACT1r_num1,155.2551722501099,,,,
ACACT1r_num2,121.175352563932,,,,
ACACT1r_num3,121.175352563932,,,,
ACACT1r_reverse_num1,155.2551722501099,9.9515,2.284625,2.023359775543213,5.265135685472943
ACACT1r_reverse_num2,121.175352563932,,16.836685,1.509984254837036,8.135649937618254
ACACT1r_reverse_num3,121.175352563932,,2.2683322,1.8719842433929443,10.400376497266745
ACACT2r_num1,155.2551722501099,19.1235,5.3184805,3.562162399291992,8.509523323516037
ACACT2r_num2,121.175352563932,,7.2421074,5.802068710327148,9.92097487648947
ACACT2r_reverse_num1,155.2551722501099,3.6618,2.6131597,5.245456218719482,7.677819618581422
ACACT2r_reverse_num2,121.175352563932,,3.6607997,9.067953109741213,9.685838815944882
ACACT3r_reverse_num1,155.2551722501099,17.1643,2.3364651,2.279223680496216,2.974249578668444
ACACT3r_reverse_num2,121.175352563932,,4.157758,2.1724231243133545,20.83005914936328
ACACT4r_reverse_num1,155.2551722501099,15.0543,1.3506659,3.669797897338867,3.653492800559781
ACACT4r_reverse_num2,121.175352563932,,2.3038492,5.1507344245910645,20.83005914936328
ACACT5r_reverse_num1,121.175352563932,1.299,1.0911344,1.6130950450897217,10.774476818781936
ACACT5r_reverse_num2,155.2551722501099,,0.7303978,1.9064096212387085,8.645785370246568
ACACT6r_reverse_num1,155.2551722501099,0.7758,0.8670664,5.40395450592041,3.0297260737279874
ACACT6r_reverse_num2,121.175352563932,,1.7400724,7.146310329437256,8.645785370246568
ACACT7r_reverse_num1,155.2551722501099,1.4265,0.6550164,4.656606197357178,27.27692629593403
ACACT7r_reverse_num2,121.175352563932,,1.0609072,5.977386474609375,9.92097487648947
ACACT8r_num1,155.2551722501099,15.8865,0.75112265,4.520028114318848,10.397610637812583
ACACT8r_num2,121.175352563932,,1.3185936,6.344072818756104,3.5556925393700345
ACACt2pp,23.0,93.3914,7.0292006,25.15697860717773,9.92097487648947
ACACt2pp_reverse,23.0,5.2081,7.0292006,25.15697860717773,10.266892479485463
ACACtex_num1,96.29042090558659,,,,
ACACtex_num2,33.2825,,,,
ACACtex_num3,94.81680000000001,,,,
ACACtex_num4,96.29042090558659,,,,
ACACtex_reverse_num1,96.29042090558659,,,,
ACACtex_reverse_num2,33.2825,,,,
ACACtex_reverse_num3,94.81680000000001,,,,
ACACtex_reverse_num4,96.29042090558659,,,,
ACALD_num1,130.15983707102805,19.6093,11.853232,12.325372695922852,11.424475857554716
ACALD_num2,122.42412220751703,16.9203,40.368023,12.978297233581545,6.41530114666154
ACALD_reverse_num1,130.15983707102805,3.1262,3.1434317,8.672229766845703,9.490631515381825
ACALD_reverse_num2,122.42412220751703,,15.741514,11.869495391845703,7.494230452223806
ACALDtex_num1,96.29042090558659,,,,
ACALDtex_num2,33.2825,,,,
ACALDtex_num3,94.81680000000001,,,,
ACALDtex_num4,96.29042090558659,,,,
ACALDtex_reverse_num1,96.29042090558659,,,,
ACALDtex_reverse_num2,33.2825,,,,
ACALDtex_reverse_num3,94.81680000000001,,,,
ACALDtex_reverse_num4,96.29042090558659,,,,
ACANTHAT,217.1028613676441,17.1156,2.794544,2.163898468017578,1.4330536873499606
ACBIPGT,123.60963225270937,1.3027,,,3.3432434028960154
ACCOAC,120.50274604186052,147.2453,8.438788,6.103725910186768,14.530183055053186
ACCOAL_num1,98.01796506366395,0.6358,,47.2357292175293,33.66240634310002
ACCOAL_num2,115.69288473855748,,,4.6655097007751465,2.459055654015251
ACGAL1Ptex_num1,96.29042090558659,,,,
ACGAL1Ptex_num2,33.2825,,,,
ACGAL1Ptex_num3,94.81680000000001,,,,
ACGAL1Ptex_num4,96.29042090558659,,,,
ACGAL1Ptex_reverse_num1,96.29042090558659,,,,
ACGAL1Ptex_reverse_num2,33.2825,,,,
ACGAL1Ptex_reverse_num3,94.81680000000001,,,,
ACGAL1Ptex_reverse_num4,96.29042090558659,,,,
ACGALtex_num1,96.29042090558659,,,,
ACGALtex_num2,33.2825,,,,
ACGALtex_num3,94.81680000000001,,,,
ACGALtex_num4,96.29042090558659,,,,
ACGALtex_reverse_num1,96.29042090558659,,,,
ACGALtex_reverse_num2,33.2825,,,,
ACGALtex_reverse_num3,94.81680000000001,,,,
ACGALtex_reverse_num4,96.29042090558659,,,,
ACGAM1Ptex_num1,96.29042090558659,,,,
ACGAM1Ptex_num2,33.2825,,,,
ACGAM1Ptex_num3,94.81680000000001,,,,
ACGAM1Ptex_num4,96.29042090558659,,,,
ACGAM1Ptex_reverse_num1,96.29042090558659,,,,
ACGAM1Ptex_reverse_num2,33.2825,,,,
ACGAM1Ptex_reverse_num3,94.81680000000001,,,,
ACGAM1Ptex_reverse_num4,96.29042090558659,,,,
ACGAMK,129.20025527297207,3.9549,2.3996825,8.194817543029785,3.7555663346331047
ACGAMT,115.83646287246222,1.2302,1.8122653,0.981602907180786,57.063283581709584
ACGAptspp_num1,189.6850202355557,18.7736,3.6469963,2.700984001159668,20.83005914936328
ACGAptspp_num2,160.70234805267864,,0.96225995,10.53089427947998,18.05149927356397
ACGAtex_num1,96.29042090558659,,,,
ACGAtex_num2,33.2825,,,,
ACGAtex_num3,94.81680000000001,,,,
ACGAtex_num4,96.29042090558659,,,,
ACGAtex_reverse_num1,96.29042090558659,,,,
ACGAtex_reverse_num2,33.2825,,,,
ACGAtex_reverse_num3,94.81680000000001,,,,
ACGAtex_reverse_num4,96.29042090558659,,,,
ACGK,121.175352563932,0.0217,13.4864855,33.35515594482422,3.0734277155319725
ACGS,119.02616885646879,122.9587,12.940303,2.442931890487671,5.604077151560538
ACHBS_num1,121.23861216232467,372541.5801,9.927865,19.437274932861328,6.029423425870919
ACHBS_num2,122.42412220751703,6.7642,4.431974,14.868906021118164,33.66240634310002
ACKr_num1,115.69288473855748,0.1074,1.9568928,8.91225528717041,6.332120906841956
ACKr_num2,164.9625165554,1.6836,710.003,622.01904296875,3.0734277155319725
ACKr_num3,205.72000000000008,4.2556,173.4485,100.1721420288086,3.0734277155319725
ACKr_reverse_num1,115.69288473855748,12.9585,3.1145103,13.520289421081545,3.1593777329690544
ACKr_reverse_num2,164.9625165554,,399.11172,573.4232788085938,4.225192656758105
ACKr_reverse_num3,205.72000000000008,,178.73581,106.31729888916016,9.97132066852643
ACLS_num1,122.42412220751703,12.1038,4.431974,14.4327974319458,5.265135685472943
ACLS_num2,121.23861216232467,1.9639,9.927865,18.313796997070312,5.265135685472943
ACM6PH,197.70251011777788,14.8869,8.5214615,9.72230052947998,4.081238336148046
ACMAMUT,149.80799644754114,294.3155,0.16618271,1.855401635169983,2.6182351976628384
ACMANAptspp,152.62479040685164,26.4669,0.96225995,3.997735738754273,20.83005914936328
ACMANAtex_num1,94.81680000000001,,,,
ACMANAtex_num2,96.29042090558659,,,,
ACMANAtex_num3,33.2825,,,,
ACMANAtex_num4,96.29042090558659,,,,
ACMANAtex_reverse_num1,94.81680000000001,,,,
ACMANAtex_reverse_num2,96.29042090558659,,,,
ACMANAtex_reverse_num3,33.2825,,,,
ACMANAtex_reverse_num4,96.29042090558659,,,,
ACMUMptspp,158.9366175174943,185.3798,0.96225995,2.5448668003082275,10.397610637812583
ACMUMtex_num1,96.29042090558659,,,,
ACMUMtex_num2,33.2825,,,,
ACMUMtex_num3,94.81680000000001,,,,
ACMUMtex_num4,96.29042090558659,,,,
ACNAMt2pp,25.0,20.7493,1.2337694,31.29756736755371,2.4122784867804152
ACNAMtex_num1,94.81680000000001,,,,
ACNAMtex_num2,94.81680000000001,,,,
ACNAMtex_num3,96.29042090558659,,,,
ACNAMtex_reverse_num1,94.81680000000001,,,,
ACNAMtex_reverse_num2,94.81680000000001,,,,
ACNAMtex_reverse_num3,96.29042090558659,,,,
ACNML,130.15983707102805,,,,
ACOAD1f,133.20262771610487,20.7493,2.658333,2.0676629543304443,6.650623021769937
ACOAD1fr,115.69288473855742,5.3362,2.6413722,2.5397496223449707,1.6844506565180326
ACOAD2f_reverse,133.20262771610487,0.7404,4.9840016,0.7080361843109131,2.30758992115931
ACOAD3f_reverse,133.20262771610487,0.43,1.0871662,1.7817118167877195,2.30758992115931
ACOAD4f_reverse,133.20262771610487,3.7377,1.4874326,0.7294304966926575,2.30758992115931
ACOAD5f_reverse,133.20262771610487,8.0423,1.4498084,1.6787288188934326,2.30758992115931
ACOAD6f_reverse,133.20262771610487,19.9949,0.8344119,1.6787288188934326,2.30758992115931
ACOAD7f_reverse,133.20262771610487,20.7912,0.9483716,1.7817118167877195,2.30758992115931
ACOAD8f_reverse,133.20262771610487,12.009,0.90093094,1.7817118167877195,2.30758992115931
ACOATA,97.76404181117316,46.734,0.23716322,13.033391952514648,31.742121195274308
ACOATA_reverse,97.76404181117316,27.5611,,17.297603607177734,6.154294957250831
ACODA,137.02402725167997,12.475,26.042479,15.10123348236084,2.660314976296722
ACOLIPAabctex,101.0,1410.0874,0.8271875,7.871926307678223,33.81246352611123
ACONMT,149.80799644754114,12.9585,0.14422256,0.3494060635566711,10.397610637812583
ACONTa_num1,117.94906666660009,,,,
ACONTa_num2,121.20698236312833,,,,
ACONTa_reverse_num1,117.94906666660009,4.6966,13.535379,26.967998504638672,7.860189042422557
ACONTa_reverse_num2,121.20698236312833,,30.484821,10.048095703125,5.265135685472943
ACONTb_num1,117.94906666660009,61.5533,13.535379,40.91169738769531,0.975075507865022
ACONTb_num2,121.20698236312833,,30.484821,15.24342155456543,10.475654966689731
ACONTb_reverse_num1,117.94906666660009,,,,
ACONTb_reverse_num2,121.20698236312833,,,,
ACOTA_num1,123.77764512125493,13.0108,16.069746,8.838970184326172,7.228125235384933
ACOTA_num2,126.3166780801852,,33.98154,2.843019723892212,8.578554053307505
ACOTA_num3,121.20698236312833,,24.126566,2.984960556030273,8.578554053307505
ACOTA_num4,126.3166780801852,,11.926295,7.959572792053223,8.578554053307505
ACOTA_reverse_num1,123.77764512125493,37.1174,21.907267,13.015828132629396,16.10528181133384
ACOTA_reverse_num2,126.3166780801852,,32.606434,5.005184173583984,5.482138024465373
ACOTA_reverse_num3,121.20698236312833,,25.73107,5.10094165802002,7.198881129148654
ACOTA_reverse_num4,126.3166780801852,,11.467412,9.803670883178713,10.285457757985752
ACOXT,136.71153247522938,14.1992,34.947117,10.343769073486328,7.020495826429408
ACOXT_reverse,136.71153247522938,1.4239,5.6725936,12.43678379058838,4.810772528691261
ACP1_FMN_num1,173.42795360893282,5.2858,,5.076630592346191,8.735721749952106
ACP1_FMN_num2,127.45531181646874,10.8279,,1.6923975944519043,5.265135685472943
ACP1_FMN_num3,158.9366175174943,24.5001,,14.72575569152832,6.114933958500958
ACP1p,205.72000000000008,2.5741,,43.80556869506836,1.122388381894457
ACPPAT120,97.46316781454354,4.9587,,19.48497772216797,7.228125235384933
ACPPAT140,97.46316781454354,1068.0464,,19.48497772216797,7.412650165523958
ACPPAT141,97.46316781454354,5.9224,,19.48497772216797,5.1247908014386265
ACPPAT160,97.46316781454354,0.9037,,19.48497772216797,2.6761024502934845
ACPPAT161,97.46316781454354,5.5007,,19.48497772216797,1.3773040973186208
ACPPAT180,97.46316781454354,11.1246,,19.48497772216797,1.3773040973186208
ACPPAT181,97.46316781454354,32.7124,,19.48497772216797,5.267713136932461
ACPS1_num1,205.72000000000008,0.3718,,6.336810111999512,6.9899481650584585
ACPS1_num2,153.48944171492553,,,2.7518832683563232,10.400376497266745
ACS,98.01796506366395,3.312,18.561918,65.53661346435547,6.332120906841956
ACSERtex_num1,33.2825,,,,
ACSERtex_num2,96.29042090558659,,,,
ACSERtex_num3,96.29042090558659,,,,
ACSERtex_num4,94.81680000000001,,,,
ACSERtex_reverse_num1,33.2825,,,,
ACSERtex_reverse_num2,96.29042090558659,,,,
ACSERtex_reverse_num3,96.29042090558659,,,,
ACSERtex_reverse_num4,94.81680000000001,,,,
ACSERtpp_num1,23.0,,,,
ACSERtpp_num2,33.2825,,,,
ACt2rpp,92.71685493840006,50.7571,77.50531,70.36267852783203,6.332120906841956
ACt2rpp_reverse,92.71685493840006,2.5832,77.50531,70.36267852783203,10.285457757985752
ACt4pp,28.14125,0.3617,3.7595353,22.610332489013672,1.82702468603913
ACtex_num1,96.29042090558659,,,,
ACtex_num2,33.2825,,,,
ACtex_num3,94.81680000000001,,,,
ACtex_num4,96.29042090558659,,,,
ACtex_reverse_num1,96.29042090558659,,,,
ACtex_reverse_num2,33.2825,,,,
ACtex_reverse_num3,94.81680000000001,,,,
ACtex_reverse_num4,96.29042090558659,,,,
ADA,126.88473466186872,4.0152,1.8630158,10.602142333984377,2.7021429464568483
ADCL_num1,126.3166780801852,,,,
ADCL_num2,136.71153247522938,,,,
ADCS,115.69288473855745,19.8006,10.505885,25.34518051147461,6.9899481650584585
ADD,136.47847541820553,61.1872,0.33780086,24.66509056091309,4.074876182746937
ADEt2rpp_num1,23.0,0.1835,3.33677,43.42146682739258,2.660314976296722
ADEt2rpp_num2,23.0,,2.1516259,35.36833572387695,2.1115375790563813
ADEt2rpp_num3,23.0,,2.2449386,26.88867950439453,10.285457757985752
ADEt2rpp_reverse_num1,23.0,58.4269,3.33677,43.42146682739258,3.534094500819971
ADEt2rpp_reverse_num2,23.0,,2.1516259,35.36833572387695,4.810772528691261
ADEt2rpp_reverse_num3,23.0,,2.2449386,26.88867950439453,9.38360738254706
ADEtex_num1,96.29042090558659,,,,
ADEtex_num2,33.2825,,,,
ADEtex_num3,94.81680000000001,,,,
ADEtex_num4,96.29042090558659,,,,
ADEtex_reverse_num1,96.29042090558659,,,,
ADEtex_reverse_num2,33.2825,,,,
ADEtex_reverse_num3,94.81680000000001,,,,
ADEtex_reverse_num4,96.29042090558659,,,,
ADK1,78.6014212963055,,,,
ADK1_reverse,78.6014212963055,,,,
ADK3,78.6014212963055,,,,
ADK3_reverse,78.6014212963055,,,,
ADK4,78.6014212963055,,,,
ADK4_reverse,78.6014212963055,,,,
ADMDC,120.79836756009021,12.8686,1.0477177,1.4225497245788574,1.122388381894457
ADNCYC,205.72000000000008,,,,
ADNK1,78.6014212963055,16.5849,14.139693,7.615062236785889,8.999702292651358
ADNUC,121.23861216232467,2.5996,1.9522923,14.010107040405272,4.4581743766224
ADNt2pp_copy1_num1,23.0,302.3451,3.2161877,18.34995651245117,2.660314976296722
ADNt2pp_copy1_num2,33.2825,,2.653572,13.50819969177246,3.0734277155319725
ADNt2pp_copy2,23.0,1.4882,1.5201795,16.7822265625,2.433073219097816
ADNt2pp_copy2_reverse,23.0,2.2968,1.5201795,16.7822265625,2.83415341835266
ADNtex,179.45385264683853,,,,
ADNtex_reverse,179.45385264683853,,,,
ADOCBIK,123.60963225270937,8.9242,,,1.733995533620513
ADOCBLS,152.5584987702834,25.1358,1.9796784,,8.188621999268934
ADOCBLabcpp,97.76404181117316,119.4937,,,4.685826033894374
ADOCBLtonex,176.53793119354842,16.2305,,,16.138856748077675
ADPRDP_num1,206.75125446366417,0.2527,2.144417,10.984600067138672,5.0296453264957615
ADPRDP_num2,189.6850202355557,,55.765293,10.202946662902832,7.228125235384933
ADPT,94.26533215773617,0.7226,2.1600516,4.8248820304870605,2.458310668233155
ADSK,103.1144388880425,7.0075,2.313484,11.53402328491211,5.8218552443149
ADSL1r,121.175352563932,,,,
ADSL1r_reverse,121.175352563932,10.4804,63.364918,3.3857643604278564,8.135649937618254
ADSL2r,121.175352563932,,,,
ADSL2r_reverse,121.175352563932,2.3817,63.364918,2.8319530487060547,10.99057680602148
ADSS,115.69288473855742,0.2275,8.931563,1.1503044366836548,6.105562376877827
AGDC,137.33652202813053,0.7619,23.746044,64.66558837890625,0.804671281974783
AGM3PA,206.75125446366417,26.6947,,4.032395839691162,10.400376497266745
AGM3PApp_num1,178.65984365785727,13.2252,,7.269973278045654,19.340076933523704
AGM3PApp_num2,153.48944171492553,,,4.1448235511779785,4.869782303147899
AGM3PApp_num3,137.33652202813053,,,2.0732810497283936,4.869782303147899
AGM3PApp_num4,189.6850202355557,,,3.735909938812256,2.816700321785319
AGM3PH,109.83420962295432,16.5197,,8.694700241088867,6.47591517554057
AGM3Pt2pp,62.99967746920003,12.0836,,7.730954647064209,5.809898887901974
AGM4PA,206.75125446366417,4.6057,,4.154240131378174,6.7859805272721
AGM4PApp_num1,137.33652202813053,1.2028,,2.13592791557312,6.7859805272721
AGM4PApp_num2,178.65984365785727,,,6.849769592285156,6.7859805272721
AGM4PApp_num3,153.48944171492553,,,4.668955326080322,6.7859805272721
AGM4PApp_num4,189.6850202355557,,,2.944210767745972,4.961503606695668
AGM4PCP,136.2454183611817,9.8334,,4.387454986572266,9.674936837183308
AGM4PCPpp,97.76404181117316,2.0896,,7.155642032623291,3.541144371740768
AGM4PH,109.83420962295432,4.2761,,7.059202671051025,4.588231538118686
AGM4Pt2pp,62.99967746920003,7.8514,,7.730954647064209,5.809898887901974
AGMH,109.83420962295432,0.5198,,26.747791290283203,14.02303403737391
AGMHE,149.80799644754114,,,,
AGMT,137.02402725167997,5.9814,18.146679,38.26497650146485,2.25626747070846
AGMt2pp,62.99967746920003,1.8546,,7.730954647064209,1.10372881793359
AGMtex_num1,96.29042090558659,,,,
AGMtex_num2,33.2825,,,,
AGMtex_num3,94.81680000000001,,,,
AGMtex_num4,96.29042090558659,,,,
AGMtex_reverse_num1,96.29042090558659,,,,
AGMtex_reverse_num2,33.2825,,,,
AGMtex_reverse_num3,94.81680000000001,,,,
AGMtex_reverse_num4,96.29042090558659,,,,
AGPAT120,107.09297571026703,5.4721,1.0974773,9.488449096679688,1.607791776275416
AGPAT140,107.09297571026703,2.5721,1.3243935,7.477696895599365,1.4545002766521131
AGPAT141,107.09297571026703,11.8142,,17.209360122680664,3.709008719383553
AGPAT160,107.09297571026703,3.6807,,6.087310314178467,4.505918121530305
AGPAT161,107.09297571026703,2.0559,,17.209360122680664,4.939211283970827
AGPAT180,107.09297571026703,7.4976,1.1476902,6.838842391967773,2.8297552452447894
AGPAT181,107.09297571026703,11.4007,,17.209360122680664,23.12485843405693
AGPR,137.37750142279987,2.3584,3.7842135,5.289671421051025,1.4704365328180204
AGPR_reverse,137.37750142279987,24.2881,4.724572,5.6144208908081055,6.046301810920078
AGt3,128.2406734749161,,,,
AHCYSNS,136.2454183611817,11.8327,1.789047,15.781052589416504,1.3473436861442745
AHGDx,143.92573340895575,119.4937,10.293619,55.18291091918945,12.39208454655868
AHGDx_reverse,143.92573340895575,2.2416,6.895657,64.56210327148438,5.482138024465373
AI2K,136.47847541820553,2.4653,5.141289,27.641733169555664,10.17151810551991
AI2abcpp,90.65907860738318,9.3416,6.666544,5.5674920082092285,6.064563476980895
AI2tex_num1,33.2825,,,,
AI2tex_num2,96.29042090558659,,,,
AI2tex_num3,94.81680000000001,,,,
AI2tex_num4,96.29042090558659,,,,
AI2tex_reverse_num1,33.2825,,,,
AI2tex_reverse_num2,96.29042090558659,,,,
AI2tex_reverse_num3,94.81680000000001,,,,
AI2tex_reverse_num4,96.29042090558659,,,,
AI2tpp,217.8077053441142,,,,
AICART,115.69288473855748,24.6676,1.8710082,5.735464096069336,6.334036791279153
AICART_reverse,115.69288473855748,97.5536,4.1297154,3.356269598007202,8.135649937618254
AIRC2,128.2406734749161,442.5254,1.5489444,9.20569133758545,14.530183055053186
AIRC3,123.60963225270937,,,,
AIRC3_reverse,123.60963225270937,,,,
AKGDH,115.69288473855742,19.3054,5.40398,64.0735855102539,69.5562354139795
AKGt2rpp,23.0,9.2991,17.911448,21.95426368713379,7.384226029220949
AKGt2rpp_reverse,23.0,1.7142,17.911448,21.95426368713379,7.198881129148654
AKGtex_num1,96.29042090558659,,,,
AKGtex_num2,33.2825,,,,
AKGtex_num3,94.81680000000001,,,,
AKGtex_num4,96.29042090558659,,,,
AKGtex_reverse_num1,96.29042090558659,,,,
AKGtex_reverse_num2,33.2825,,,,
AKGtex_reverse_num3,94.81680000000001,,,,
AKGtex_reverse_num4,96.29042090558659,,,,
ALAALAD,149.80799644754114,3.0119,2.0113437,26.07918930053711,4.69157887104192
ALAALAabcpp_num1,104.73241798245593,3.1499,1.0008848,18.979406356811523,5.727440571245332
ALAALAabcpp_num2,97.46316781454354,,1.8850473,5.471427440643311,8.735721749952106
ALAALAr_num1,149.80799644754114,10.5404,12.003266,6.379887580871582,20.83005914936328
ALAALAr_num2,137.37750142279987,,18.030838,15.790186882019045,6.029423425870919
ALAALAr_reverse_num1,149.80799644754114,24.1418,5.3706446,5.285799503326416,5.02416662235697
ALAALAr_reverse_num2,137.37750142279987,,11.027756,10.430071830749512,5.277687913692756
ALAALAtex_num1,96.29042090558659,,,,
ALAALAtex_num2,33.2825,,,,
ALAALAtex_num3,94.81680000000001,,,,
ALAALAtex_num4,96.29042090558659,,,,
ALAALAtex_reverse_num1,96.29042090558659,,,,
ALAALAtex_reverse_num2,33.2825,,,,
ALAALAtex_reverse_num3,94.81680000000001,,,,
ALAALAtex_reverse_num4,96.29042090558659,,,,
ALAGLUE,136.2454183611817,,,,
ALAGLUE_reverse,136.2454183611817,,,,
ALAR_num1,151.18324760891227,,,,
ALAR_num2,121.20698236312833,,,,
ALAR_reverse_num1,151.18324760891227,,,,
ALAR_reverse_num2,121.20698236312833,,,,
ALATA_D2_num1,121.23861216232467,1.4882,0.23265755,14.010838508605955,5.158064932037617
ALATA_D2_num2,115.69288473855748,0.2538,2.3526251,12.43678379058838,20.83005914936328
ALATA_L2_num1,115.69288473855748,1.4882,2.3526251,12.43678379058838,5.158064932037617
ALATA_L2_num2,121.23861216232467,12.5187,0.23265755,14.010838508605955,5.265135685472943
ALATA_L_num1,128.2406734749161,40.6082,10.2080965,43.33698654174805,7.228125235384933
ALATA_L_num2,123.60963225270937,16.7738,7.6809754,50.39029693603516,23.41534300952709
ALATA_L_reverse_num1,128.2406734749161,7.4372,6.67687,45.99553298950195,5.265135685472943
ALATA_L_reverse_num2,123.60963225270937,,3.914777,48.9123420715332,9.38360738254706
ALAabcpp,97.76404181117316,25.3656,8.386627,18.14558982849121,45.25391345988196
ALAt2pp_num1,23.0,0.1776,4.986246,36.413177490234375,1.122388381894457
ALAt2pp_num2,33.2825,,1.5220733,18.313796997070312,2.6182215851292328
ALAt4pp,27.0,0.28,10.503699,20.64867401123047,4.570910570141916
ALAtex_num1,96.29042090558659,,,,
ALAtex_num2,33.2825,,,,
ALAtex_num3,96.29042090558659,,,,
ALAtex_num4,94.81680000000001,,,,
ALAtex_reverse_num1,96.29042090558659,,,,
ALAtex_reverse_num2,33.2825,,,,
ALAtex_reverse_num3,96.29042090558659,,,,
ALAtex_reverse_num4,94.81680000000001,,,,
ALAtpp,97.61360481285834,,,,
ALCD19_num1,136.2454183611817,236.1095,26.613026,87.14225769042969,7.160727829311835
ALCD19_num2,122.42412220751703,3.0877,37.03246,16.749155044555664,33.66240634310002
ALCD19_reverse_num1,136.2454183611817,0.6434,8.121188,61.86354064941406,3.2312739247872395
ALCD19_reverse_num2,122.42412220751703,,10.427507,12.597640991210938,6.046301810920078
ALCD2x_num1,122.42412220751703,0.3664,39.62648,11.183436393737791,23.41534300952709
ALCD2x_num2,136.2454183611817,1762.566,40.22028,63.62043380737305,10.400376497266745
ALCD2x_reverse_num1,122.42412220751703,0.6483,40.368023,18.006572723388672,9.38360738254706
ALCD2x_reverse_num2,136.2454183611817,,21.952799,90.93651580810548,6.046301810920078
ALDD19xr,129.20025527297207,8.3023,12.13539,17.973230361938477,3.470363952708512
ALDD19xr_reverse,129.20025527297207,0.2473,18.168499,18.9267520904541,11.311990667194513
ALDD2y_num1,207.10415120122462,0.298,3.9951026,8.982563018798828,11.424475857554716
ALDD2y_num2,121.175352563932,179.5767,9.0885935,13.253585815429688,6.332120906841956
ALDD2y_num3,155.2551722501099,588.3956,0.7759087,12.2088623046875,6.332120906841956
ALDD2y_num4,132.7889795946009,1.0117,5.70405,12.390303611755373,4.221350535826457
ALDD2y_num5,137.33652202813053,1.4437,216.87943,97.25762176513672,3.318657465044924
ALDD3y_num1,137.33652202813053,29.5499,219.01154,100.19639587402344,4.757798011142381
ALDD3y_num2,155.2551722501099,,1.2421515,12.577770233154297,3.0876692428883983
ALDD3y_num3,121.175352563932,,8.193222,13.65406322479248,4.055391167371879
ALKP,189.6850202355557,9.5418,6.2574997,4.404599666595459,10.285457757985752
ALLK,205.72000000000008,7.2885,6.2292223,6.855249881744385,4.757798011142381
ALLPI,122.42412220751703,,,,
ALLPI_reverse,122.42412220751703,,,,
ALLTAMH2,122.42412220751703,4.477,36.309864,17.776649475097656,6.933091443790466
ALLTN,136.47847541820553,49.7643,3.8791199,34.088134765625,4.674531227649103
ALLTNt2rpp,23.0,2.5002,2.4691768,31.296167373657227,5.359793510374774
ALLTNt2rpp_reverse,23.0,162.9636,2.4691768,31.296167373657227,2.3823735145285267
ALLTNtex_num1,96.29042090558659,,,,
ALLTNtex_num2,33.2825,,,,
ALLTNtex_num3,94.81680000000001,,,,
ALLTNtex_num4,96.29042090558659,,,,
ALLTNtex_reverse_num1,96.29042090558659,,,,
ALLTNtex_reverse_num2,33.2825,,,,
ALLTNtex_reverse_num3,94.81680000000001,,,,
ALLTNtex_reverse_num4,96.29042090558659,,,,
ALLULPE,173.42795360893282,,,,
ALLULPE_reverse,173.42795360893282,,,,
ALLabcpp,128.2406734749161,124.4868,10.979056,3.829425096511841,45.25391345988196
ALLtex_num1,96.29042090558659,,,,
ALLtex_num2,94.81680000000001,,,,
ALLtex_num3,33.2825,,,,
ALLtex_num4,96.29042090558659,,,,
ALLtex_reverse_num1,96.29042090558659,,,,
ALLtex_reverse_num2,94.81680000000001,,,,
ALLtex_reverse_num3,33.2825,,,,
ALLtex_reverse_num4,96.29042090558659,,,,
ALPATE160pp,151.18324760891227,21.2569,5.7526875,5.208593845367432,2.23349776356753
ALPATG160pp,151.18324760891227,107.9288,8.712825,5.528118133544922,7.273687187580228
ALR2_num1,217.1028613676441,6.5416,6.5506234,11.013404846191406,0.7195177446827061
ALR2_num2,225.0,,4.299936,8.682943344116211,4.69157887104192
ALR2_num3,175.19368414411719,,4.2388606,19.955753326416016,3.0876692428883983
ALR2_num4,155.2551722501099,,2.1101456,22.00316619873047,3.0876692428883983
ALR2x,215.88128544774256,2.1541,2.1364381,18.96019172668457,7.194194088629481
ALR4x,129.20025527297207,2.6729,13.24356,15.076271057128906,4.074876182746937
ALTRH,136.71153247522938,,,,
AM3PA,206.75125446366417,42.7921,1.6290432,4.032395839691162,7.381707492199664
AM4PA,206.75125446366417,0.6342,,4.409084796905518,4.810772528691261
AM4PCP,136.2454183611817,3.8062,,3.562162399291992,6.064563476980895
AMALT1,149.80799644754114,16.5579,25.34054,71.97586822509766,10.40299112229892
AMALT2,149.80799644754114,14.8012,23.63233,58.517555236816406,18.05149927356397
AMALT3,149.80799644754114,9.5437,27.044092,76.39129638671875,32.94228372318428
AMALT4,149.80799644754114,19.3068,12.936652,78.69956970214844,6.245464574809021
AMANAPEr,115.69288473855742,,,,
AMANAPEr_reverse,115.69288473855742,,,,
AMANK,152.62479040685164,28.5181,5.6569247,7.553021430969238,12.425167336292276
AMAOTr,115.69288473855748,14.2262,0.10317036,8.928976058959961,15.77574159368995
AMAOTr_reverse,115.69288473855748,2.7388,0.8856215,7.036784648895264,33.66240634310002
AMMQLT8,189.6850202355557,327.0257,0.0507809,1.6679739952087402,6.796460182343027
AMPMS2,120.42138255624843,0.0263,5.885773,4.512057304382324,7.897718004824455
AMPN,197.70251011777788,,,,
AMPNTAT,205.72000000000008,25.1119,3.7343228,13.234732627868652,20.83005914936328
AMPTASECG_num1,133.20262771610487,1.972,99.06607,204.5173797607422,3.6115615622253454
AMPTASECG_num2,109.46969718755258,,16.354261,8.708569526672363,6.7859805272721
AMPTASECG_num3,136.70881435012527,,59.74422,20.079370498657227,6.7859805272721
AMPTASECG_num4,136.47847541820553,,62.026737,17.776649475097656,6.7859805272721
AMPTASEPG_num1,136.70881435012527,16.4044,62.47051,20.079370498657227,2.561459863767772
AMPTASEPG_num2,133.20262771610487,,426.43143,204.5173797607422,4.200352710379372
AMPTASEPG_num3,109.46969718755258,,7.4215183,8.453145980834961,4.200352710379372
AMPTASEPG_num4,136.47847541820553,,65.17757,17.776649475097656,2.229301480764941
AMPtex_num1,94.81680000000001,,,,
AMPtex_num2,96.29042090558659,,,,
AMPtex_num3,33.2825,,,,
AMPtex_num4,96.29042090558659,,,,
AMPtex_reverse_num1,94.81680000000001,,,,
AMPtex_reverse_num2,96.29042090558659,,,,
AMPtex_reverse_num3,33.2825,,,,
AMPtex_reverse_num4,96.29042090558659,,,,
ANHGMtex_num1,96.29042090558659,,,,
ANHGMtex_num2,33.2825,,,,
ANHGMtex_num3,94.81680000000001,,,,
ANHGMtex_num4,96.29042090558659,,,,
ANHGMtex_reverse_num1,96.29042090558659,,,,
ANHGMtex_reverse_num2,33.2825,,,,
ANHGMtex_reverse_num3,94.81680000000001,,,,
ANHGMtex_reverse_num4,96.29042090558659,,,,
ANHMK,143.25976446138526,0.9533,,65.53939819335938,5.265135685472943
ANPRT,121.23861216232467,4.8679,1.4095602,0.9176442623138428,2.458310668233155
ANS,116.6619199476233,11.369,2.7888298,4.065340042114258,6.9899481650584585
AOBUTDs,,5581.1557,,,10.400376497266745
AOXSr2,115.69288473855748,372541.5801,0.04934374,0.1351247280836105,1.420938285285866
AP4AH,152.62479040685164,2.8586,1.6902533,1.7962191104888916,1.5539312089624406
AP4AS,97.46316781454354,,,,
AP5AH,152.62479040685164,1.7681,1.5482793,2.5804545879364014,3.2540836056774123
APCS,94.35095537652876,12.5072,0.29775545,0.8997303247451782,38.4344729658555
APG3PAT120,149.80799644754114,30.6822,8.147329,4.4356207847595215,3.2394747145515583
APG3PAT140,149.80799644754114,0.5254,8.147329,3.937682628631592,1.436612173128217
APG3PAT141,149.80799644754114,57.1696,8.147329,8.044942855834961,1.436612173128217
APG3PAT160,149.80799644754114,26.9737,8.147329,8.044942855834961,3.194268354614871
APG3PAT161,149.80799644754114,1.6662,8.147329,8.044942855834961,7.190765165547722
APG3PAT180,149.80799644754114,4.3202,8.147329,3.822190046310425,1.6201470355219878
APG3PAT181,149.80799644754114,8.4398,8.147329,8.044942855834961,1.0590721531572571
APH120,123.60963225270937,26.087,,38.13453674316406,3.2394747145515583
APH140,123.60963225270937,4.5171,,38.13453674316406,1.0590721531572571
APH141,123.60963225270937,2.749,,38.13453674316406,5.267713136932461
APH160,123.60963225270937,0.1624,,37.01604461669922,1.0590721531572571
APH161,123.60963225270937,1.2028,,38.13453674316406,1.122388381894457
APH180,123.60963225270937,1.4028,,37.01604461669922,2.419531547116704
APH181,123.60963225270937,0.7377,,33.853572845458984,1.966318786132856
APPLDHr,129.20025527297207,50.9722,11.978309,15.076271057128906,20.83005914936328
APPLDHr_reverse,129.20025527297207,12.4116,19.681145,15.33161449432373,4.588231538118686
APRAUR,121.23861216232467,7.68,0.85947937,9.078505516052246,5.430196692007875
ARABDI,121.23861216232467,,,,
ARABDI_reverse,121.23861216232467,,,,
ARAI,136.71153247522938,,,,
ARAI_reverse,136.71153247522938,,,,
ARBTNabcpp,113.04789556080048,8.4691,1.3061725,4.216712951660156,10.397610637812583
ARBTNexs,,9.106,,,0.9898288816371736
ARBTptspp_num1,160.70234805267864,524.9727,0.96225995,22.15931701660156,20.83005914936328
ARBTptspp_num2,168.6201396231135,,0.96225995,15.952224731445312,9.685838815944882
ARBTtex_num1,96.29042090558659,,,,
ARBTtex_num2,96.29042090558659,,,,
ARBTtex_num3,94.81680000000001,,,,
ARBTtex_num4,33.2825,,,,
ARBabcpp,92.71685493840006,3.2809,16.81418,4.317452430725098,18.05149927356397
ARBt2rpp,23.0,12.9863,10.138586,18.03612518310547,83.54885239895054
ARBt2rpp_reverse,23.0,5.2081,10.138586,18.03612518310547,4.570910570141916
ARBt3ipp,33.2825,13.6417,11.596222,9.234712600708008,25.827463201057576
ARBtex_num1,96.29042090558659,,,,
ARBtex_num2,33.2825,,,,
ARBtex_num3,94.81680000000001,,,,
ARBtex_num4,96.29042090558659,,,,
ARBtex_reverse_num1,96.29042090558659,,,,
ARBtex_reverse_num2,33.2825,,,,
ARBtex_reverse_num3,94.81680000000001,,,,
ARBtex_reverse_num4,96.29042090558659,,,,
ARGAGMt7pp,23.0,31.3751,8.662608,29.800029754638672,7.133991377505383
ARGAGMt7pp_reverse,23.0,17.892,8.662608,29.800029754638672,5.745817873811871
ARGDC,121.20698236312833,3.1733,9.270914,4.656607151031494,1.719566556138407
ARGDCpp,136.71153247522938,2.9558,5.9531965,0.5970442891120911,1.8884335437600968
ARGORNt7pp,33.2825,4.9472,18.738894,48.32353591918945,20.83005914936328
ARGORNt7pp_reverse,33.2825,0.266,18.738894,48.32353591918945,31.742121195274308
ARGSL,121.23861216232467,,,,
ARGSL_reverse,121.23861216232467,5.0604,45.227882,32.0045051574707,8.708945742095699
ARGSS,149.80799644754114,1489.5195,2.638502,1.9474703073501587,32.40307959655166
ARGabcpp_num1,68.51321211937051,71.2875,2.9540026,20.9307918548584,2.25626747070846
ARGabcpp_num2,73.60691468498929,,1.6503981,2.159743309020996,6.154294957250831
ARGabcpp_num3,75.22832942182862,,1.9662894,32.18496322631836,8.018026648275109
ARGt3pp,28.14125,416.5591,2.0827684,31.20411872863769,2.83415341835266
ARGtex_num1,96.29042090558659,,,,
ARGtex_num2,33.2825,,,,
ARGtex_num3,94.81680000000001,,,,
ARGtex_num4,96.29042090558659,,,,
ARGtex_reverse_num1,96.29042090558659,,,,
ARGtex_reverse_num2,33.2825,,,,
ARGtex_reverse_num3,94.81680000000001,,,,
ARGtex_reverse_num4,96.29042090558659,,,,
ARHGDx,143.92573340895575,11.4866,,52.08518981933594,2.3451833249692777
ARHGDx_reverse,143.92573340895575,137.1184,6.895657,70.5932388305664,7.228125235384933
ARMEPNS,149.80799644754114,36.8044,,2.406766891479492,21.468088153965304
ASAD,126.3220034041247,1.2639,20.06453,11.627964973449709,4.445417950710154
ASAD_reverse,126.3220034041247,20.2323,8.086799,12.234331130981444,6.215517309103734
ASCBPL,160.70234805267864,3.703,3.3677359,25.963274002075195,3.993474459288783
ASCBptspp,160.70234805267864,1988.5373,0.96225995,106.0617904663086,20.83005914936328
ASCBtex_num1,96.29042090558659,,,,
ASCBtex_num2,33.2825,,,,
ASCBtex_num3,94.81680000000001,,,,
ASCBtex_num4,96.29042090558659,,,,
ASCBtex_reverse_num1,96.29042090558659,,,,
ASCBtex_reverse_num2,33.2825,,,,
ASCBtex_reverse_num3,94.81680000000001,,,,
ASCBtex_reverse_num4,96.29042090558659,,,,
ASNN_num1,149.80799644754114,4.9069,34.503593,38.16679000854492,4.074876182746937
ASNN_num2,123.60963225270937,,19.551958,79.57662963867188,10.728613456472884
ASNNpp,157.17088698230995,74.5526,1.7894615,36.3835334777832,8.375467515442104
ASNS1,121.20698236312833,304.0402,2.884735,1.7867032289505005,3.709008719383553
ASNS2_num1,120.42138255624843,4.874,4.9217443,1.647115707397461,4.074876182746937
ASNS2_num2,121.20698236312833,,10.361377,1.6834317445755005,69.5562354139795
ASNt2rpp,25.0,6.4899,15.2967415,19.06730842590332,4.074876182746937
ASNt2rpp_reverse,25.0,5.2081,15.2967415,19.06730842590332,8.375467515442104
ASNtex_num1,96.29042090558659,,,,
ASNtex_num2,33.2825,,,,
ASNtex_num3,94.81680000000001,,,,
ASNtex_num4,96.29042090558659,,,,
ASNtex_reverse_num1,96.29042090558659,,,,
ASNtex_reverse_num2,33.2825,,,,
ASNtex_reverse_num3,94.81680000000001,,,,
ASNtex_reverse_num4,96.29042090558659,,,,
ASO3t8pp,23.0,2.9269,3.3460474,8.645182609558105,2.458310668233155
ASO3tex_num1,96.29042090558659,,,,
ASO3tex_num2,33.2825,,,,
ASO3tex_num3,94.81680000000001,,,,
ASO3tex_num4,96.29042090558659,,,,
ASO3tex_reverse_num1,96.29042090558659,,,,
ASO3tex_reverse_num2,33.2825,,,,
ASO3tex_reverse_num3,94.81680000000001,,,,
ASO3tex_reverse_num4,96.29042090558659,,,,
ASP1DC,207.78250892732828,3.7942,5.3639655,5.108707904815674,4.69157887104192
ASPCT_num1,138.0434703703704,1589.1472,0.03625249,60.24456024169922,69.62689854059693
ASPCT_num2,136.71153247522938,,5.4062924,60.24456024169922,49.030545655950206
ASPK_num1,128.2406734749161,0.3808,105.56733,13.3048095703125,8.708945742095699
ASPK_num2,136.2454183611817,,68.128075,10.847906112670898,0.9306493286838624
ASPK_num3,121.23861216232467,,31.39795,21.77469253540039,7.228125235384933
ASPK_reverse_num1,128.2406734749161,3.3446,57.227493,14.82772445678711,4.810772528691261
ASPK_reverse_num2,136.2454183611817,,28.757118,12.525436401367188,2.119322673589061
ASPK_reverse_num3,121.23861216232467,,19.991083,21.136035919189453,2.119322673589061
ASPO3,111.41209083333332,0.6251,24.513126,22.673120498657227,4.074876182746937
ASPO4,111.41209083333332,18.4926,1.4699401,24.06402587890625,4.074876182746937
ASPO5,111.41209083333332,4.2883,15.622855,20.25059127807617,6.154294957250831
ASPO6,111.41209083333332,0.8511,24.513126,17.34422492980957,2.1115375790563813
ASPT,133.20262771610487,,,,
ASPTA_num1,128.2406734749161,22.2509,40.515232,357.4794006347656,7.228125235384933
ASPTA_num2,128.2406734749161,0.7277,20.104923,76.07127380371094,11.424475857554716
ASPTA_reverse_num1,128.2406734749161,12.1053,23.913172,390.8737487792969,4.810772528691261
ASPTA_reverse_num2,128.2406734749161,,12.793616,88.28016662597656,7.494230452223806
ASPabcpp,97.76404181117316,4.4786,12.35476,24.663986206054688,4.074876182746937
ASPt2_2pp,23.0,4.4233,36.131966,34.960540771484375,4.074876182746937
ASPt2_3pp_num1,23.0,5.374,15.847693,20.661272048950195,7.677819618581422
ASPt2_3pp_num2,23.0,,23.574337,10.387778282165527,9.661923757639329
ASPt2pp,23.0,2.2918,51.618855,23.74148368835449,4.074876182746937
ASPtex_num1,96.29042090558659,,,,
ASPtex_num2,33.2825,,,,
ASPtex_num3,94.81680000000001,,,,
ASPtex_num4,96.29042090558659,,,,
ASPtex_reverse_num1,96.29042090558659,,,,
ASPtex_reverse_num2,33.2825,,,,
ASPtex_reverse_num3,94.81680000000001,,,,
ASPtex_reverse_num4,96.29042090558659,,,,
ASPtpp,33.2825,,,,
ASPtpp_reverse,33.2825,,,,
ASR,247.95002915753076,21.1596,6.2929354,11.954507827758787,6.97192302574174
AST,136.2454183611817,10.6943,0.65592045,2.868492841720581,8.06523027060146
ATHRDHr,149.80799644754114,1.9794,5.407624,4.357074737548828,2.809535458000987
ATHRDHr_reverse,149.80799644754114,6.934,7.0260844,5.48052978515625,8.135649937618254
ATPPRT,138.0434703703704,4.3737,0.80932766,1.3740521669387815,7.302878103296515
ATPS4rpp_num1,75.96272439544778,,,,
ATPS4rpp_num2,75.4507858857577,,,,
ATPS4rpp_reverse_num1,75.96272439544778,,,,
ATPS4rpp_reverse_num2,75.4507858857577,,,,
BALAt2pp,23.0,8.0302,5.194902,36.413177490234375,3.441631132238333
BALAtex_num1,96.29042090558659,,,,
BALAtex_num2,33.2825,,,,
BALAtex_num3,94.81680000000001,,,,
BALAtex_num4,96.29042090558659,,,,
BALAtex_reverse_num1,96.29042090558659,,,,
BALAtex_reverse_num2,33.2825,,,,
BALAtex_reverse_num3,94.81680000000001,,,,
BALAtex_reverse_num4,96.29042090558659,,,,
BETALDHx,141.11392726591654,22.167,9.525605,85.51813507080078,11.511948751651577
BETALDHy,141.11392726591654,17.2833,9.525605,74.28942108154297,32.94228372318428
BGLA1_num1,178.50306567333342,11.292,,76.44440460205078,3.3532252999997976
BGLA1_num2,160.70234805267864,,,54.40850067138672,1.9478357779327689
BGLA1_num3,197.70251011777788,,,20.73421859741211,1.7922015180772033
BMOCOS,178.0,29.3736,6.9969645,3.4629790782928467,5.267713136932461
BMOGDS1,102.9331581705882,8.6311,,0.3692511022090912,1.436612173128217
BMOGDS2,102.9331581705882,8.2458,,0.3692511022090912,1.0590721531572571
BPNT,115.83646287246222,29.8448,1.3645324,12.414849281311035,2.448544700173242
BSORx,149.80799644754114,18.2444,19.851929,26.177021026611328,4.26478635416554
BSORy,149.80799644754114,0.0629,19.851929,19.437274932861328,8.177468511639542
BTNtex_num1,33.2825,,,,
BTNtex_num2,96.29042090558659,,,,
BTNtex_num3,96.29042090558659,,,,
BTNtex_num4,94.81680000000001,,,,
BTNtex_reverse_num1,33.2825,,,,
BTNtex_reverse_num2,96.29042090558659,,,,
BTNtex_reverse_num3,96.29042090558659,,,,
BTNtex_reverse_num4,94.81680000000001,,,,
BTS5,125.92515286381274,34.4974,9.036561,12.46976375579834,6.2570891518567215
BUTCT,121.20698236312833,8.4001,1.3027978,17.115890502929688,10.400376497266745
BUTSO3abcpp_num1,97.61360481285834,7.8579,,,10.16403937479348
BUTSO3abcpp_num2,92.7379393036916,,,,8.645785370246568
BUTSO3tex_num1,96.29042090558659,,,,
BUTSO3tex_num2,33.2825,,,,
BUTSO3tex_num3,94.81680000000001,,,,
BUTSO3tex_num4,96.29042090558659,,,,
BUTSO3tex_reverse_num1,96.29042090558659,,,,
BUTSO3tex_reverse_num2,33.2825,,,,
BUTSO3tex_reverse_num3,94.81680000000001,,,,
BUTSO3tex_reverse_num4,96.29042090558659,,,,
BUTt2rpp,23.0,1.1562,,25.15697860717773,0.9309737680315668
BUTt2rpp_reverse,23.0,3.6618,,25.15697860717773,8.188621999268934
BUTtex_num1,96.29042090558659,,,,
BUTtex_num2,33.2825,,,,
BUTtex_num3,94.81680000000001,,,,
BUTtex_num4,96.29042090558659,,,,
BUTtex_reverse_num1,96.29042090558659,,,,
BUTtex_reverse_num2,33.2825,,,,
BUTtex_reverse_num3,94.81680000000001,,,,
BUTtex_reverse_num4,96.29042090558659,,,,
BWCOGDS1,102.9331581705882,1283.769,,0.3692511022090912,2.6761024502934845
BWCOGDS2,102.9331581705882,14.7102,,0.3692511022090912,2.6761024502934845
BWCOS,178.0,31.0601,6.9969645,3.4629790782928467,4.926265147039378
CA2t3pp,33.2825,,,,
CA2tex_num1,96.29042090558659,,,,
CA2tex_num2,33.2825,,,,
CA2tex_num3,94.81680000000001,,,,
CA2tex_num4,96.29042090558659,,,,
CA2tex_reverse_num1,96.29042090558659,,,,
CA2tex_reverse_num2,33.2825,,,,
CA2tex_reverse_num3,94.81680000000001,,,,
CA2tex_reverse_num4,96.29042090558659,,,,
CADVtpp,23.0,39.7847,9.020614,13.59971046447754,6.046301810920078
CAT_num1,267.4484423428645,,,,
CAT_num2,270.8742779166039,,,,
CAt6pp,33.2825,,,,
CAt6pp_reverse,33.2825,,,,
CBIAT,122.01550740447891,1.2275,,,51.78678409691066
CBIAT_reverse,122.01550740447891,2.0824,,,1.719566556138407
CBItonex,176.53793119354842,33.0101,,,2.3451833249692777
CBIuabcpp,97.76404181117316,1.9616,,,9.661923757639329
CBL1abcpp,97.76404181117316,16.4696,,,16.10528181133384
CBL1tonex,176.53793119354842,33.9735,,,8.375467515442104
CBLAT,122.01550740447891,25.845,,,7.381707492199664
CBLAT_reverse,122.01550740447891,1.0745,,,7.228125235384933
CBMD,,2.1694,,,5.3184063905396
CBMKr,152.62479040685164,,,,
CBMKr_reverse,152.62479040685164,1.2496,0.048667382,49.084590911865234,10.728613456472884
CBPS,114.49559696909085,1.4882,12.700893,47.21492385864258,14.530183055053186
CCGS,123.60963225270937,0.3726,0.78559077,2.087691068649292,20.02870703699569
CD2abcpp,75.41,,,,
CD2t3pp_num1,75.41,,,,
CD2t3pp_num2,75.41,,,,
CD2tex_num1,96.29042090558659,,,,
CD2tex_num2,33.2825,,,,
CD2tex_num3,94.81680000000001,,,,
CD2tex_num4,96.29042090558659,,,,
CD2tex_reverse_num1,96.29042090558659,,,,
CD2tex_reverse_num2,33.2825,,,,
CD2tex_reverse_num3,94.81680000000001,,,,
CD2tex_reverse_num4,96.29042090558659,,,,
CD2tpp,33.2825,,,,
CDAPPA120,152.62479040685164,7.1971,,10.991443634033203,2.972966605482647
CDAPPA140,152.62479040685164,2.5001,0.3636603,8.937493324279785,7.493196216912699
CDAPPA141,152.62479040685164,22.8066,,5.076630592346191,2.757886602159652
CDAPPA160,152.62479040685164,1.8321,,5.709909439086914,5.0721591674894135
CDAPPA161,152.62479040685164,122.9587,,5.550867557525635,4.954406308665546
CDAPPA180,152.62479040685164,7.8133,0.25975522,8.937493324279785,3.808522672656756
CDAPPA181,152.62479040685164,1.8321,,4.246244430541992,4.505918121530305
CDGR,118.43411865124475,0.3676,0.1338102,0.0687871575355529,13.944294938310186
CDGUNPD_num1,91.46666666666665,0.4179,,3.170663833618164,2.6182215851292328
CDGUNPD_num2,91.06287263702492,,,2.260815382003784,2.495309619634786
CDGUNPD_num3,97.61360481285834,,,1.0539823770523071,2.495309619634786
CDGUNPD_num4,153.48944171492553,,,2.6442222595214844,2.495309619634786
CDGUNPD_num5,91.46666666666665,,,2.0121660232543945,3.308078075270198
CDPMEK,119.02616885646879,11.826,1.7354745,4.416277885437012,4.309099605806645
CDPPH,153.48944171492553,,,,
CELBpts_num1,168.6201396231135,7.6341,0.96225995,20.8717098236084,38.4344729658555
CELBpts_num2,152.59164458856753,,0.96225995,21.190519332885746,6.029423425870919
CFAS160E,76.35248958333332,8.2458,0.04582005,0.3516616821289062,3.842358408537775
CFAS160G,76.35248958333332,2.6877,0.04582005,0.3845124244689941,1.943590361031116
CFAS180E,76.35248958333332,4.2905,0.04582005,0.3516616821289062,4.997115889605346
CFAS180G,76.35248958333332,4.2905,0.04582005,0.3516616821289062,5.406071981729759
CGLYabcpp,104.73241798245593,167.7963,1.232133,18.979406356811523,10.32508343721834
CGLYtex_num1,96.29042090558659,,,,
CGLYtex_num2,33.2825,,,,
CGLYtex_num3,94.81680000000001,,,,
CGLYtex_num4,96.29042090558659,,,,
CGLYtex_reverse_num1,96.29042090558659,,,,
CGLYtex_reverse_num2,33.2825,,,,
CGLYtex_reverse_num3,94.81680000000001,,,,
CGLYtex_reverse_num4,96.29042090558659,,,,
CHLabcpp,90.65907860738318,12.3837,1.6106671,19.98031997680664,9.945834285751776
CHLt2pp_num1,33.2825,77030.5365,3.713378,36.21215438842773,2.412349946475909
CHLt2pp_num2,23.0,,16.186394,36.318973541259766,1.7922015180772033
CHLt3pp,33.2825,27.1069,4.230186,18.734582901000977,1.596709471244132
CHLtex_num1,96.29042090558659,,,,
CHLtex_num2,33.2825,,,,
CHLtex_num3,94.81680000000001,,,,
CHLtex_num4,96.29042090558659,,,,
CHLtex_reverse_num1,96.29042090558659,,,,
CHLtex_reverse_num2,33.2825,,,,
CHLtex_reverse_num3,94.81680000000001,,,,
CHLtex_reverse_num4,96.29042090558659,,,,
CHOLATEtpp,23.0,8.2458,1.5506561,22.84856605529785,1.642745451666022
CHOLD,120.42138255624843,0.1562,25.199697,110.29621124267578,6.814832905594133
CHOLID,143.25976446138526,2.4653,3.5868316,53.81844711303711,5.688412376681967
CHORM_num1,138.0434703703704,,,,
CHORM_num2,136.71153247522938,,,,
CHORS,108.46483596491184,,,,
CHRPL_num1,136.71153247522938,,,,
CHRPL_num2,126.3166780801852,,,,
CHTBSptspp,152.59164458856753,4448.3859,0.96225995,12.219724655151367,38.4344729658555
CHTBStex_num1,33.2825,,,,
CHTBStex_num2,94.81680000000001,,,,
CHTBStex_num3,96.29042090558659,,,,
CHTBStex_num4,96.29042090558659,,,,
CHTBStex_num5,108.57909603105938,,,,
CHTBStex_reverse_num1,33.2825,,,,
CHTBStex_reverse_num2,94.81680000000001,,,,
CHTBStex_reverse_num3,96.29042090558659,,,,
CHTBStex_reverse_num4,96.29042090558659,,,,
CHTBStex_reverse_num5,108.57909603105938,,,,
CINNDO,136.71153247522938,121.0202,7.149949,14.974894523620604,8.499363117736904
CITL,149.80799644754114,,,,
CITt7pp,23.0,36.1362,21.48018,25.451419830322266,4.570910570141916
CITtex_num1,96.29042090558659,,,,
CITtex_num2,33.2825,,,,
CITtex_num3,94.81680000000001,,,,
CITtex_num4,96.29042090558659,,,,
CITtex_reverse_num1,96.29042090558659,,,,
CITtex_reverse_num2,33.2825,,,,
CITtex_reverse_num3,94.81680000000001,,,,
CITtex_reverse_num4,96.29042090558659,,,,
CLBtex_num1,94.81680000000001,,,,
CLBtex_num2,33.2825,,,,
CLBtex_num3,96.29042090558659,,,,
CLBtex_num4,96.29042090558659,,,,
CLBtex_reverse_num1,94.81680000000001,,,,
CLBtex_reverse_num2,33.2825,,,,
CLBtex_reverse_num3,96.29042090558659,,,,
CLBtex_reverse_num4,96.29042090558659,,,,
CLIPAabctex,101.0,13.2098,1.3664808,7.871926307678223,10.397610637812583
CLPNS120pp_num1,173.42795360893282,,,,
CLPNS120pp_num2,125.53247203458906,,,,
CLPNS120pp_reverse_num1,173.42795360893282,4.3598,2.9780304,23.384172439575195,1.3015937718900872
CLPNS120pp_reverse_num2,125.53247203458906,,3.2862868,28.69028282165528,4.074876182746937
CLPNS140pp_num1,125.53247203458906,,,,
CLPNS140pp_num2,173.42795360893282,,,,
CLPNS140pp_reverse_num1,125.53247203458906,2.4864,3.2862868,7.250172615051269,5.265135685472943
CLPNS140pp_reverse_num2,173.42795360893282,,2.9780304,5.278357982635498,7.020495826429408
CLPNS141pp_num1,125.53247203458906,,,,
CLPNS141pp_num2,173.42795360893282,,,,
CLPNS141pp_reverse_num1,125.53247203458906,2.3523,3.2862868,28.69028282165528,4.074876182746937
CLPNS141pp_reverse_num2,173.42795360893282,,2.9780304,23.384172439575195,
CLPNS160pp_num1,173.42795360893282,,,,
CLPNS160pp_num2,125.53247203458906,,,,
CLPNS160pp_reverse_num1,173.42795360893282,4.9667,2.9780304,5.437850475311279,10.400376497266745
CLPNS160pp_reverse_num2,125.53247203458906,,3.2862868,7.4692463874816895,4.126232577709164
CLPNS161pp_num1,125.53247203458906,,,,
CLPNS161pp_num2,173.42795360893282,,,,
CLPNS161pp_reverse_num1,125.53247203458906,12.9585,3.2862868,6.630756378173828,10.400376497266745
CLPNS161pp_reverse_num2,173.42795360893282,,2.9780304,5.278357982635498,4.126232577709164
CLPNS180pp_num1,125.53247203458906,,,,
CLPNS180pp_num2,173.42795360893282,,,,
CLPNS180pp_reverse_num1,125.53247203458906,13.4273,3.2862868,7.29499626159668,8.135649937618254
CLPNS180pp_reverse_num2,173.42795360893282,,2.9780304,7.323379039764404,3.5556925393700345
CLPNS181pp_num1,125.53247203458906,,,,
CLPNS181pp_num2,173.42795360893282,,,,
CLPNS181pp_reverse_num1,125.53247203458906,15.7634,3.2862868,4.779146671295166,1.1913139004523228
CLPNS181pp_reverse_num2,173.42795360893282,,2.9780304,4.285483360290527,8.45796774937034
CLt3_2pp,33.2825,,,,
CLtex_num1,96.29042090558659,,,,
CLtex_num2,33.2825,,,,
CLtex_num3,94.81680000000001,,,,
CLtex_num4,96.29042090558659,,,,
CLtex_reverse_num1,96.29042090558659,,,,
CLtex_reverse_num2,33.2825,,,,
CLtex_reverse_num3,94.81680000000001,,,,
CLtex_reverse_num4,96.29042090558659,,,,
CLtipp,33.2825,,,,
CMPtex_num1,96.29042090558659,,,,
CMPtex_num2,33.2825,,,,
CMPtex_num3,94.81680000000001,,,,
CMPtex_num4,96.29042090558659,,,,
CMPtex_reverse_num1,96.29042090558659,,,,
CMPtex_reverse_num2,33.2825,,,,
CMPtex_reverse_num3,94.81680000000001,,,,
CMPtex_reverse_num4,96.29042090558659,,,,
CMtex_num1,96.29042090558659,,,,
CMtex_num2,96.29042090558659,,,,
CMtex_num3,94.81680000000001,,,,
CMtex_num4,33.2825,,,,
CMtex_reverse_num1,96.29042090558659,,,,
CMtex_reverse_num2,96.29042090558659,,,,
CMtex_reverse_num3,94.81680000000001,,,,
CMtex_reverse_num4,33.2825,,,,
CMtpp_num1,149.80799644754114,30.6662,6.531447,42.18484115600586,7.897718004824455
CMtpp_num2,97.76404181117316,,6.441701,42.18484115600586,7.259497221002383
CO2tex_num1,96.29042090558659,,,,
CO2tex_num2,33.2825,,,,
CO2tex_num3,94.81680000000001,,,,
CO2tex_num4,96.29042090558659,,,,
CO2tex_reverse_num1,96.29042090558659,,,,
CO2tex_reverse_num2,33.2825,,,,
CO2tex_reverse_num3,94.81680000000001,,,,
CO2tex_reverse_num4,96.29042090558659,,,,
COBALT2abcpp,75.41,,,,
COBALT2t3pp_num1,75.41,,,,
COBALT2t3pp_num2,75.41,,,,
COBALT2tex_num1,96.29042090558659,,,,
COBALT2tex_num2,33.2825,,,,
COBALT2tex_num3,94.81680000000001,,,,
COBALT2tex_num4,96.29042090558659,,,,
COBALT2tex_reverse_num1,96.29042090558659,,,,
COBALT2tex_reverse_num2,33.2825,,,,
COBALT2tex_reverse_num3,94.81680000000001,,,,
COBALT2tex_reverse_num4,96.29042090558659,,,,
COBALT2tpp_num1,33.2825,,,,
COBALT2tpp_num2,91.06287263702492,,,,
COLIPAKpp,98.49306668197663,76.8241,3.2036076,1.89673376083374,4.969088056880007
COLIPAPabctex,101.0,9.1752,,7.871926307678223,16.138856748077675
COLIPAabcpp,75.96272439544778,7.6677,0.5061815,3.9198834896087646,2.988448725475315
COLIPAabctex,101.0,92.6543,1.075417,7.871926307678223,9.490631515381825
CPGNabcpp,113.04789556080048,85.6005,2.4376771,,12.308178006291405
CPGNexs,,5.6952,,,6.334036791279153
CPGNtonex,176.5379311935484,17.9263,1.6296384,,5.881932180010614
CPH4S,160.70234805267864,7.1012,0.44113195,1.5783331394195557,3.1130879066541373
CPL,149.80799644754114,,,,
CPMPS,205.72000000000008,,,,
CPPPGO,226.83501457876542,22.2803,6.7893243,0.9578078985214232,1.4788533079519324
CPPPGO2,123.60963225270937,103.7542,0.24957687,3.89492392539978,5.727440571245332
CRNBTCT,197.70251011777788,7.9707,13.423011,3.562162399291992,4.570910570141916
CRNBTCT_reverse,197.70251011777788,24.3874,10.43553,5.567242622375488,6.47591517554057
CRNCAL2,121.23861216232467,1.3936,13.969464,0.3599119186401367,4.111808695024229
CRNCAR,118.43411865124475,,,,
CRNCAR_reverse,118.43411865124475,,,,
CRNCBCT,197.70251011777788,21.4534,7.5008874,2.212373733520508,32.784283343370234
CRNCBCT_reverse,197.70251011777788,7.1623,7.2722373,6.460740566253662,4.796787187746041
CRNCDH,118.43411865124475,,,,
CRNCDH_reverse,118.43411865124475,10.8248,5.7267227,6.2881574630737305,49.030545655950206
CRNDCAL2,121.23861216232467,19.8237,13.969464,0.3599119186401367,2.412349946475909
CRNDabcpp,90.65907860738318,77.6947,8.922471,18.982484817504883,10.64306759329147
CRNDt2rpp,23.0,4.9046,13.257745,15.8236083984375,5.745817873811871
CRNDt2rpp_reverse,23.0,12.6964,13.257745,15.8236083984375,6.23463125887155
CRNDtex_num1,33.2825,,,,
CRNDtex_num2,96.29042090558659,,,,
CRNDtex_num3,96.29042090558659,,,,
CRNDtex_num4,94.81680000000001,,,,
CRNDtex_reverse_num1,33.2825,,,,
CRNDtex_reverse_num2,96.29042090558659,,,,
CRNDtex_reverse_num3,96.29042090558659,,,,
CRNDtex_reverse_num4,94.81680000000001,,,,
CRNabcpp,90.65907860738318,3.5799,8.922471,18.982484817504883,5.745817873811871
CRNt2rpp,23.0,0.8243,13.257745,15.8236083984375,4.685826033894374
CRNt2rpp_reverse,23.0,26.6964,13.257745,15.8236083984375,9.685838815944882
CRNt7pp,23.0,11.4879,3.5186164,37.41640472412109,3.0074356916630367
CRNt8pp,23.0,6.3414,4.2259192,37.41640472412109,4.570910570141916
CRNtex_num1,96.29042090558659,,,,
CRNtex_num2,33.2825,,,,
CRNtex_num3,94.81680000000001,,,,
CRNtex_num4,96.29042090558659,,,,
CRNtex_reverse_num1,96.29042090558659,,,,
CRNtex_reverse_num2,33.2825,,,,
CRNtex_reverse_num3,94.81680000000001,,,,
CRNtex_reverse_num4,96.29042090558659,,,,
CS,136.47847541820553,24.6002,44.993618,38.19630432128906,229.50963769458312
CS1tex_num1,33.2825,,,,
CS1tex_num2,94.81680000000001,,,,
CS1tex_num3,96.29042090558659,,,,
CS1tex_num4,96.29042090558659,,,,
CS1tex_reverse_num1,33.2825,,,,
CS1tex_reverse_num2,94.81680000000001,,,,
CS1tex_reverse_num3,96.29042090558659,,,,
CS1tex_reverse_num4,96.29042090558659,,,,
CSND,133.20262771610487,0.1886,5.317655,111.96247863769533,6.334036791279153
CSNt2pp,23.0,0.8294,2.6902056,53.481536865234375,4.811248420422673
CSNtex_num1,96.29042090558659,,,,
CSNtex_num2,33.2825,,,,
CSNtex_num3,94.81680000000001,,,,
CSNtex_num4,96.29042090558659,,,,
CSNtex_reverse_num1,96.29042090558659,,,,
CSNtex_reverse_num2,33.2825,,,,
CSNtex_reverse_num3,94.81680000000001,,,,
CSNtex_reverse_num4,96.29042090558659,,,,
CTBTCAL2,121.23861216232467,18.0618,3.2249646,0.99029278755188,4.588231538118686
CTBTabcpp,90.65907860738318,58.3863,1.682536,18.982484817504883,12.39078414720572
CTBTt2rpp,23.0,2.1014,1.6835867,15.8236083984375,10.626723192819652
CTBTt2rpp_reverse,23.0,2.2416,1.6835867,15.8236083984375,4.394049003149232
CTECOAI6,120.42138255624843,,,,
CTECOAI6_reverse,120.42138255624843,,,,
CTECOAI7,120.42138255624843,,,,
CTECOAI7_reverse,120.42138255624843,,,,
CTECOAI8,120.42138255624843,,,,
CTECOAI8_reverse,120.42138255624843,,,,
CTPS2,78.6014212963055,38.8371,3.3792737,6.067229270935059,0.7135666041154233
CU1Opp,206.75125446366417,,,,
CU1abcpp,75.41,,,,
CU2abcpp,75.41,,,,
CU2tex_num1,33.2825,,,,
CU2tex_num2,96.29042090558659,,,,
CU2tex_num3,96.29042090558659,,,,
CU2tex_num4,94.81680000000001,,,,
CU2tex_reverse_num1,33.2825,,,,
CU2tex_reverse_num2,96.29042090558659,,,,
CU2tex_reverse_num3,96.29042090558659,,,,
CU2tex_reverse_num4,94.81680000000001,,,,
CU2tpp,33.2825,,,,
CURR,130.15983707102805,0.9875,,7.277730941772461,4.423306762159818
CUt2pp_num1,92.71685493840006,,,,
CUt2pp_num2,97.46316781454354,,,,
CUt2pp_num3,95.09001137647181,,,,
CUt2pp_num4,90.65907860738318,,,,
CUt2pp_num5,208.48830240244916,,,,
CUt2pp_num6,80.15146,,,,
CUt2pp_num7,153.12617210681117,,,,
CUt3,128.2406734749161,,,,
CUtex_num1,96.29042090558659,,,,
CUtex_num2,33.2825,,,,
CUtex_num3,94.81680000000001,,,,
CUtex_num4,96.29042090558659,,,,
CUtex_reverse_num1,96.29042090558659,,,,
CUtex_reverse_num2,33.2825,,,,
CUtex_reverse_num3,94.81680000000001,,,,
CUtex_reverse_num4,96.29042090558659,,,,
CXSAMS,97.97811724826008,17.9899,0.11991379,0.0788628533482551,5.265135685472943
CYANST_num1,278.59999999999997,9.307,38.039474,4.30738639831543,4.708534997994969
CYANST_num2,270.8742779166039,,24.530794,33.216060638427734,5.216962663451387
CYANST_num3,207.78250892732828,,14.490479,33.65251922607422,4.26478635416554
CYANSTpp,247.95002915753076,32.7124,1.2481902,60.24456024169922,4.075808913109514
CYANtex_num1,96.29042090558659,,,,
CYANtex_num2,33.2825,,,,
CYANtex_num3,94.81680000000001,,,,
CYANtex_num4,96.29042090558659,,,,
CYANtex_reverse_num1,96.29042090558659,,,,
CYANtex_reverse_num2,33.2825,,,,
CYANtex_reverse_num3,94.81680000000001,,,,
CYANtex_reverse_num4,96.29042090558659,,,,
CYNTAH,207.78250892732828,12.9585,58.79718,22.55681610107422,14.530183055053186
CYNTt2pp,26.47,15.5438,,30.382129669189453,2.698624239290672
CYNTtex_num1,94.81680000000001,,,,
CYNTtex_num2,96.29042090558659,,,,
CYNTtex_num3,33.2825,,,,
CYNTtex_num4,96.29042090558659,,,,
CYNTtex_reverse_num1,94.81680000000001,,,,
CYNTtex_reverse_num2,96.29042090558659,,,,
CYNTtex_reverse_num3,33.2825,,,,
CYNTtex_reverse_num4,96.29042090558659,,,,
CYSDDS,122.42412220751703,9.7066,46.530704,12.780275344848633,6.47591517554057
CYSDS_num1,121.23861216232467,0.6255,5.4222345,9.234712600708008,0.361033711661598
CYSDS_num2,121.23861216232467,1.8199,3.6409776,6.205461502075195,8.645785370246568
CYSDtex_num1,96.29042090558659,,,,
CYSDtex_num2,33.2825,,,,
CYSDtex_num3,94.81680000000001,,,,
CYSDtex_num4,96.29042090558659,,,,
CYSDtex_reverse_num1,96.29042090558659,,,,
CYSDtex_reverse_num2,33.2825,,,,
CYSDtex_reverse_num3,94.81680000000001,,,,
CYSDtex_reverse_num4,96.29042090558659,,,,
CYSItex_num1,96.29042090558659,,,,
CYSItex_num2,94.81680000000001,,,,
CYSItex_num3,33.2825,,,,
CYSItex_num4,96.29042090558659,,,,
CYSItex_reverse_num1,96.29042090558659,,,,
CYSItex_reverse_num2,94.81680000000001,,,,
CYSItex_reverse_num3,33.2825,,,,
CYSItex_reverse_num4,96.29042090558659,,,,
CYSItpp,33.2825,,,,
CYSSADS_num1,127.27867577755065,115.4018,7.1000104,4.642910957336426,2.388254761409444
CYSSADS_num2,128.2406734749161,,1.9538215,5.076631546020508,1.407557400154843
CYSS_num1,129.20025527297207,22.5466,20.529541,3.0558316707611084,1.6927005065615068
CYSS_num2,121.20698236312833,,4.890348,8.94125747680664,2.459055654015251
CYSTA,128.2406734749161,6.3506,66.28428,368.2811584472656,9.38360738254706
CYSTL_num1,121.23861216232467,2.1966,3.1471543,12.812579154968262,0.361033711661598
CYSTL_num2,121.20698236312833,,3.7025921,19.12885856628418,8.509523323516037
CYSabc2pp,75.41,5.4277,0.32292676,5.082626819610596,4.079976151218269
CYSabcpp,97.76404181117316,0.6477,11.475595,25.94870376586914,20.83005914936328
CYStex_num1,96.29042090558659,,,,
CYStex_num2,33.2825,,,,
CYStex_num3,94.81680000000001,,,,
CYStex_num4,96.29042090558659,,,,
CYStex_reverse_num1,96.29042090558659,,,,
CYStex_reverse_num2,33.2825,,,,
CYStex_reverse_num3,94.81680000000001,,,,
CYStex_reverse_num4,96.29042090558659,,,,
CYStpp_num1,23.0,,,,
CYStpp_num2,33.2825,,,,
CYTBD2pp,76.85543693694589,59.1738,14.144953,11.821221351623535,6.332120906841956
CYTBDpp_num1,76.85543693694589,,,,
CYTBDpp_num2,82.40125605302632,,,,
CYTBO3_4pp,87.34861174490996,,,,
CYTD,115.69288473855748,10.695,5.896643,25.40924453735352,3.958160458863679
CYTDH_num1,118.05713364740296,1.8059,3.2889678,12.104564666748049,5.911690437717237
CYTDH_num2,136.2454183611817,,1.3371586,20.07859992980957,4.810772528691261
CYTDH_num3,121.23861216232467,,13.675633,12.813152313232422,5.8218552443149
CYTDK1,97.46316781454354,0.0025,1.677019,2.0296573638916016,2.698624239290672
CYTDK2,97.46316781454354,0.002,1.677019,2.0296573638916016,2.698624239290672
CYTDt2pp_copy1_num1,33.2825,15.5438,2.9400225,13.50819969177246,2.698624239290672
CYTDt2pp_copy1_num2,23.0,,4.68489,18.34995651245117,0.536723264075099
CYTDt2pp_copy2,23.0,3.6785,2.4943209,16.7822265625,2.7021429464568483
CYTDt2pp_copy2_reverse,23.0,10.9879,2.4943209,16.7822265625,16.150882020478523
CYTDtex_num1,96.29042090558659,,,,
CYTDtex_num2,33.2825,,,,
CYTDtex_num3,94.81680000000001,,,,
CYTDtex_num4,96.29042090558659,,,,
CYTDtex_reverse_num1,96.29042090558659,,,,
CYTDtex_reverse_num2,33.2825,,,,
CYTDtex_reverse_num3,94.81680000000001,,,,
CYTDtex_reverse_num4,96.29042090558659,,,,
CYTK1,97.61360481285834,,,,
CYTK1_reverse,97.61360481285834,,,,
CYTK2,97.61360481285834,,,,
CYTK2_reverse,97.61360481285834,,,,
DAAD,136.2454183611817,4.9723,1.5235671,10.40248680114746,1.9562772055410185
DADA,126.88473466186872,13.0963,2.4550316,10.922500610351562,1.82702468603913
DADK,78.6014212963055,,,,
DADK_reverse,78.6014212963055,,,,
DADNt2pp_num1,33.2825,104.2427,2.32138,13.50819969177246,3.958160458863679
DADNt2pp_num2,23.0,,2.2703772,18.34995651245117,0.2977766421705213
DADNtex,179.45385264683853,,,,
DADNtex_reverse,179.45385264683853,,,,
DAGK120,168.80927422377056,2.1439,,13.547255516052246,5.717953119838133
DAGK140,168.80927422377056,2.0373,,3.655947208404541,17.527193281992982
DAGK141,168.80927422377056,4.3893,,13.547255516052246,1.0735492307450478
DAGK160,168.80927422377056,10.0238,,3.343602418899536,1.2177812483263957
DAGK161,168.80927422377056,12.9585,,13.547255516052246,23.20984801412347
DAGK180,168.80927422377056,43.8226,,3.548717975616455,4.505918121530305
DAGK181,168.80927422377056,24.1773,,13.547255516052246,4.505918121530305
DALAt2pp,23.0,21.6201,4.986246,36.413177490234375,3.709008719383553
DALAtex_num1,96.29042090558659,,,,
DALAtex_num2,33.2825,,,,
DALAtex_num3,94.81680000000001,,,,
DALAtex_num4,96.29042090558659,,,,
DALAtex_reverse_num1,96.29042090558659,,,,
DALAtex_reverse_num2,33.2825,,,,
DALAtex_reverse_num3,94.81680000000001,,,,
DALAtex_reverse_num4,96.29042090558659,,,,
DAMPtex_num1,96.29042090558659,,,,
DAMPtex_num2,33.2825,,,,
DAMPtex_num3,94.81680000000001,,,,
DAMPtex_num4,96.29042090558659,,,,
DAMPtex_reverse_num1,96.29042090558659,,,,
DAMPtex_reverse_num2,33.2825,,,,
DAMPtex_reverse_num3,94.81680000000001,,,,
DAMPtex_reverse_num4,96.29042090558659,,,,
DAPAL,128.2406734749161,6.6174,21.775894,42.04164123535156,6.2187170414927255
DAPDC,128.2406734749161,4.7739,7.1399145,12.087963104248049,1.642745451666022
DAPE,122.42412220751703,,,,
DAPE_reverse,122.42412220751703,,,,
DAPtex_num1,96.29042090558659,,,,
DAPtex_num2,33.2825,,,,
DAPtex_num3,94.81680000000001,,,,
DAPtex_num4,96.29042090558659,,,,
DAPtex_reverse_num1,96.29042090558659,,,,
DAPtex_reverse_num2,33.2825,,,,
DAPtex_reverse_num3,94.81680000000001,,,,
DAPtex_reverse_num4,96.29042090558659,,,,
DASYN120,71.13678125,10.4293,,15.781052589416504,3.842358408537775
DASYN140,71.13678125,0.1435,7.398984,7.957583904266357,7.999008674875839
DASYN141,71.13678125,1.8321,,5.908768177032471,3.5590811542674947
DASYN160,71.13678125,8.6149,6.5379987,4.47877311706543,5.229580381385889
DASYN161,71.13678125,8.7501,,5.56724214553833,5.114822617592146
DASYN180,71.13678125,1.8321,3.3729498,7.277729988098144,9.129954971721624
DASYN181,71.13678125,101.3348,,6.27124547958374,3.095314723399571
DB4PS,121.20698236312833,,,,
DBTS,108.46483596491184,4.1334,1.2404304,27.451494216918945,8.708945742095699
DC6PDA,149.80799644754114,8.2218,4.6366043,3.457683801651001,3.2749292691771887
DCAtex_num1,96.29042090558659,,,,
DCAtex_num2,33.2825,,,,
DCAtex_num3,94.81680000000001,,,,
DCAtex_num4,96.29042090558659,,,,
DCAtex_reverse_num1,96.29042090558659,,,,
DCAtex_reverse_num2,33.2825,,,,
DCAtex_reverse_num3,94.81680000000001,,,,
DCAtex_reverse_num4,96.29042090558659,,,,
DCMPtex_num1,96.29042090558659,,,,
DCMPtex_num2,33.2825,,,,
DCMPtex_num3,94.81680000000001,,,,
DCMPtex_num4,96.29042090558659,,,,
DCMPtex_reverse_num1,96.29042090558659,,,,
DCMPtex_reverse_num2,33.2825,,,,
DCMPtex_reverse_num3,94.81680000000001,,,,
DCMPtex_reverse_num4,96.29042090558659,,,,
DCTPD,94.26533215773617,,,,
DCYTD,115.69288473855748,6.4633,2.7535317,25.40924453735352,0.1364779241259755
DCYTt2pp_num1,33.2825,2.2934,3.1170974,13.50819969177246,6.818044099604823
DCYTt2pp_num2,23.0,,6.3604193,18.34995651245117,0.2977766421705213
DCYTtex,179.45385264683853,,,,
DCYTtex_reverse,179.45385264683853,,,,
DDCAtexi,206.75125446366417,,,,
DDGALK,136.47847541820553,38.9516,18.011837,38.43144607543945,8.35557708619674
DDGLCNt2rpp,23.0,1.299,3.9362638,30.58156394958496,10.343030383997991
DDGLCNt2rpp_reverse,23.0,1.4839,3.9362638,30.58156394958496,6.97192302574174
DDGLCNtex_num1,96.29042090558659,,,,
DDGLCNtex_num2,33.2825,,,,
DDGLCNtex_num3,94.81680000000001,,,,
DDGLCNtex_num4,96.29042090558659,,,,
DDGLCNtex_reverse_num1,96.29042090558659,,,,
DDGLCNtex_reverse_num2,33.2825,,,,
DDGLCNtex_reverse_num3,94.81680000000001,,,,
DDGLCNtex_reverse_num4,96.29042090558659,,,,
DDGLK,138.0434703703704,1.7621,6.2108054,12.89494514465332,6.818044099604823
DDPA_num1,138.0434703703704,1.4812,22.811718,67.24744415283203,20.83005914936328
DDPA_num2,137.37750142279987,,20.520702,39.64727020263672,4.075808913109514
DDPA_num3,151.18324760891227,,6.8965154,23.170053482055664,6.9899481650584585
DDPGALA,142.9524539351852,,,,
DDPGALA_reverse,142.9524539351852,16.9619,2.7054732,4.258770942687988,4.531112854943961
DGK1,96.3,,,,
DGK1_reverse,96.3,,,,
DGMPtex_num1,96.29042090558659,,,,
DGMPtex_num2,33.2825,,,,
DGMPtex_num3,94.81680000000001,,,,
DGMPtex_num4,96.29042090558659,,,,
DGMPtex_reverse_num1,96.29042090558659,,,,
DGMPtex_reverse_num2,33.2825,,,,
DGMPtex_reverse_num3,94.81680000000001,,,,
DGMPtex_reverse_num4,96.29042090558659,,,,
DGSNt2pp,23.0,4.8635,2.834717,18.34995651245117,6.6814027467266985
DGSNtex_num1,96.29042090558659,,,,
DGSNtex_num2,33.2825,,,,
DGSNtex_num3,94.81680000000001,,,,
DGSNtex_num4,96.29042090558659,,,,
DGSNtex_reverse_num1,96.29042090558659,,,,
DGSNtex_reverse_num2,33.2825,,,,
DGSNtex_reverse_num3,94.81680000000001,,,,
DGSNtex_reverse_num4,96.29042090558659,,,,
DGUNC_num1,77.65641666666666,,,,
DGUNC_num2,127.45531181646874,,,,
DGUNC_num3,90.65907860738318,,,,
DGUNC_num4,127.45531181646874,,,,
DGUNC_num5,120.42138255624843,,,,
DHACOAH,149.80799644754114,11.7889,18.458553,11.40440845489502,6.193807521275215
DHACOAH_reverse,149.80799644754114,,,,
DHAD1,115.69288473855742,,,,
DHAD2,115.69288473855742,,,,
DHAPT,157.17088698230995,990.1739,0.96225995,24.313825607299805,20.83005914936328
DHAtex_num1,96.29042090558659,,,,
DHAtex_num2,33.2825,,,,
DHAtex_num3,94.81680000000001,,,,
DHAtex_num4,96.29042090558659,,,,
DHAtex_reverse_num1,96.29042090558659,,,,
DHAtex_reverse_num2,33.2825,,,,
DHAtex_reverse_num3,94.81680000000001,,,,
DHAtex_reverse_num4,96.29042090558659,,,,
DHBD,130.15983707102805,1.3371,22.618078,70.52777862548828,5.394654847134754
DHBD_reverse,130.15983707102805,0.9371,16.934198,50.833126068115234,6.711328636657489
DHBS,121.20698236312833,20.2094,3.0979056,0.4081344902515411,1.7851135665555418
DHBSZ3FEabcpp,97.76404181117316,451.7255,,15.987841606140137,10.748445972610062
DHCIND,130.15983707102805,1.4617,2.5534525,8.802315711975098,5.362124223720834
DHCINDO,121.23861216232467,193.4656,4.0555944,11.040637016296388,6.024091879393995
DHCURR,130.15983707102805,12.9585,,7.277730941772461,7.228125235384933
DHDPRy,136.47847541820553,3.1621,26.74866,7.331928730010986,5.8218552443149
DHDPS,157.17088698230995,0.1622,28.160069,71.10235595703125,10.400376497266745
DHFR_num1,128.2406734749161,0.407,3.8323946,9.397790908813477,5.265135685472943
DHFR_num2,98.1285542465749,,6.3796163,13.169352531433104,15.77574159368995
DHFR_reverse_num1,128.2406734749161,0.8552,2.5588648,5.269486904144287,8.506686674713542
DHFR_reverse_num2,98.1285542465749,,5.488781,7.480381965637207,4.070050462750973
DHFS,123.60963225270937,11.4879,33.909748,0.6283745169639587,9.953541531789211
DHGLYH,,97.931,,,2.3451833249692777
DHMPTR,128.2406734749161,5.7302,,6.773499011993408,4.926265147039378
DHNAOT4,173.42795360893282,275.4998,1.2219136,1.5859248638153076,4.505918121530305
DHNCOAS,115.69288473855745,4.6201,0.19645996,2.9551761150360107,1.966318786132856
DHNCOAT,136.71153247522938,2.9489,,2.176095485687256,1.966318786132856
DHNPA2r,206.75125446366417,,,,
DHNPA2r_reverse,206.75125446366417,179.5767,5.6375146,3.846346855163574,5.158064932037617
DHNPTE,206.75125446366417,,,,
DHNPTE_reverse,206.75125446366417,,,,
DHORD2,115.69288473855742,11.1639,1.2600801,14.868906021118164,3.151737555549881
DHORD5,115.69288473855742,14.4413,0.2386193,14.868906021118164,3.151737555549881
DHORTS,129.92752530694554,23.3459,10.133753,48.9123420715332,3.151737555549881
DHORTS_reverse,129.92752530694554,1.3109,19.194878,72.92851257324219,9.490631515381825
DHPPD,130.15983707102805,3.9153,8.412065,8.293542861938477,5.700403890135734
DHPPDA2,121.23861216232467,1.4882,1.9142103,15.92905616760254,7.249122480170781
DHPS2,121.175352563932,15.3863,1.2745887,1.2198021411895752,10.266892479485463
DHPStex,62.99967746920003,,,,
DHPStex_reverse,62.99967746920003,,,,
DHPStr,23.0,,,,
DHPTDNR,115.69288473855742,73.4344,7.3582606,3.379480600357056,8.056529141938169
DHPTDNRN,115.69288473855742,2.8016,7.3582606,4.5512871742248535,8.056529141938169
DHPTPE,125.92515286381274,,,,
DHPTPE_reverse,125.92515286381274,,,,
DHQS,125.92515286381274,,,,
DHQTi,158.9366175174943,,,,
DIMPtex_num1,96.29042090558659,,,,
DIMPtex_num2,33.2825,,,,
DIMPtex_num3,94.81680000000001,,,,
DIMPtex_num4,96.29042090558659,,,,
DIMPtex_reverse_num1,96.29042090558659,,,,
DIMPtex_reverse_num2,33.2825,,,,
DIMPtex_reverse_num3,94.81680000000001,,,,
DIMPtex_reverse_num4,96.29042090558659,,,,
DINSt2pp,23.0,6.7589,2.9477458,18.34995651245117,3.5613761147405705
DINStex_num1,96.29042090558659,,,,
DINStex_num2,33.2825,,,,
DINStex_num3,94.81680000000001,,,,
DINStex_num4,96.29042090558659,,,,
DINStex_reverse_num1,96.29042090558659,,,,
DINStex_reverse_num2,33.2825,,,,
DINStex_reverse_num3,94.81680000000001,,,,
DINStex_reverse_num4,96.29042090558659,,,,
DKGLCNR1_num1,225.0,1.4287,4.543095,6.447371959686279,8.735721749952106
DKGLCNR1_num2,175.19368414411719,,2.8324168,17.715532302856445,20.83005914936328
DKGLCNR2x,124.73964281862038,101.3348,18.48211,18.727081298828125,20.83005914936328
DKGLCNR2y,124.73964281862038,69.2879,18.48211,20.743064880371094,9.874735015362448
DMATT,97.76404181117316,3.7618,14.597998,1.2232874631881714,1.633459240968726
DMPPS,115.69288473855748,1.2496,1.3727145,29.3155460357666,6.47591517554057
DMQMT,118.43411865124475,118.2403,0.06796339,0.4847383797168731,1.122388381894457
DMSOR1_num1,149.80799644754114,110.9087,6.857721,10.097379684448242,83.54885239895054
DMSOR1_num2,143.25976446138526,98.6041,9.409205,33.09517288208008,8.578554053307505
DMSOR1pp,155.2551722501099,59.0534,4.7012305,10.40248680114746,83.54885239895054
DMSOR2,143.25976446138526,12.0468,79.65911,34.095191955566406,83.54885239895054
DMSOR2pp,155.2551722501099,12.6686,58.66869,10.097379684448242,21.4777863867725
DMSOtex_num1,96.29042090558659,,,,
DMSOtex_num2,33.2825,,,,
DMSOtex_num3,94.81680000000001,,,,
DMSOtex_num4,96.29042090558659,,,,
DMSOtex_reverse_num1,96.29042090558659,,,,
DMSOtex_reverse_num2,33.2825,,,,
DMSOtex_reverse_num3,94.81680000000001,,,,
DMSOtex_reverse_num4,96.29042090558659,,,,
DMStex_num1,96.29042090558659,,,,
DMStex_num2,33.2825,,,,
DMStex_num3,94.81680000000001,,,,
DMStex_num4,96.29042090558659,,,,
DMStex_reverse_num1,96.29042090558659,,,,
DMStex_reverse_num2,33.2825,,,,
DMStex_reverse_num3,94.81680000000001,,,,
DMStex_reverse_num4,96.29042090558659,,,,
DNTPPA_num1,152.5584987702834,1781.1927,3.6479468,4.051626682281494,45.25391345988196
DNTPPA_num2,121.175352563932,,0.36238328,2.661191940307617,27.087904356049105
DOGULNR,125.69922461667636,0.4371,10.406105,10.158205032348633,11.511948751651577
DOPAtex_num1,96.29042090558659,,,,
DOPAtex_num2,33.2825,,,,
DOPAtex_num3,94.81680000000001,,,,
DOPAtex_num4,96.29042090558659,,,,
DOPAtex_reverse_num1,96.29042090558659,,,,
DOPAtex_reverse_num2,33.2825,,,,
DOPAtex_reverse_num3,94.81680000000001,,,,
DOPAtex_reverse_num4,96.29042090558659,,,,
DOXRBCNtex_num1,96.29042090558659,,,,
DOXRBCNtex_num2,94.81680000000001,,,,
DOXRBCNtex_num3,96.29042090558659,,,,
DOXRBCNtex_num4,33.2825,,,,
DOXRBCNtex_reverse_num1,96.29042090558659,,,,
DOXRBCNtex_reverse_num2,94.81680000000001,,,,
DOXRBCNtex_reverse_num3,96.29042090558659,,,,
DOXRBCNtex_reverse_num4,33.2825,,,,
DOXRBCNtpp_num1,97.76404181117316,7.7383,7.353219,42.18484115600586,13.944294938310186
DOXRBCNtpp_num2,149.80799644754114,,11.09623,42.18484115600586,10.397610637812583
DPCOAK,121.23861216232467,0.018,3.383381,4.167760848999023,3.302025687956403
DPR_num1,128.2406734749161,0.0276,5.50396,17.91905403137207,7.228125235384933
DPR_num2,120.79836756009021,,0.16884156,4.42157506942749,2.8363915906752744
DRPA,133.20262771610487,,,,
DSBAO1,149.80799644754114,2.5788,,33.53900909423828,10.241854526086245
DSBAO2,149.80799644754114,449.1425,0.84120315,32.55530548095703,6.2187170414927255
DSBCGT,220.78740210220099,11.6622,2.951009,1.7689850330352783,8.43613726810059
DSBDR_num1,152.5584987702834,6.9169,,13.600318908691406,6.2187170414927255
DSBDR_num2,151.18324760891227,,,13.600318908691406,7.672849549603623
DSBGGT,214.28495551476465,15.9863,1.0502441,5.983883857727051,1.8475007064465976
DSERDHr,149.80799644754114,2.8366,3.5641356,3.754506826400757,3.134866797478028
DSERDHr_reverse,149.80799644754114,26.6302,5.2936025,5.329183578491211,8.135649937618254
DSERt2pp,23.0,0.6998,6.1133595,36.413177490234375,4.685826033894374
DSERtex_num1,96.29042090558659,,,,
DSERtex_num2,33.2825,,,,
DSERtex_num3,94.81680000000001,,,,
DSERtex_num4,96.29042090558659,,,,
DSERtex_reverse_num1,96.29042090558659,,,,
DSERtex_reverse_num2,33.2825,,,,
DSERtex_reverse_num3,94.81680000000001,,,,
DSERtex_reverse_num4,96.29042090558659,,,,
DTARTD,120.79836756009021,,,,
DTMPK,98.38247749906569,,,,
DTMPK_reverse,98.38247749906569,,,,
DTMPtex_num1,96.29042090558659,,,,
DTMPtex_num2,33.2825,,,,
DTMPtex_num3,94.81680000000001,,,,
DTMPtex_num4,96.29042090558659,,,,
DTMPtex_reverse_num1,96.29042090558659,,,,
DTMPtex_reverse_num2,33.2825,,,,
DTMPtex_reverse_num3,94.81680000000001,,,,
DTMPtex_reverse_num4,96.29042090558659,,,,
DUMPtex_num1,96.29042090558659,,,,
DUMPtex_num2,33.2825,,,,
DUMPtex_num3,94.81680000000001,,,,
DUMPtex_num4,96.29042090558659,,,,
DUMPtex_reverse_num1,96.29042090558659,,,,
DUMPtex_reverse_num2,33.2825,,,,
DUMPtex_reverse_num3,94.81680000000001,,,,
DUMPtex_reverse_num4,96.29042090558659,,,,
DURADx,136.71153247522938,19.9399,3.4181645,8.979243278503418,3.709008719383553
DURADx_reverse,136.71153247522938,47.8523,5.2292895,9.530081748962402,1.093068402983836
DURIK1,121.20698236312833,5.5344,1.0135728,12.070002555847168,2.458310668233155
DURIPP_num1,117.63095515668913,0.0271,1.0686511,129.58273315429688,3.5613761147405705
DURIPP_num2,97.76404181117316,4.1056,3.0771592,145.29734802246094,8.645785370246568
DURIPP_reverse_num1,117.63095515668913,68.3417,8.382589,105.02223205566406,2.601245076718941
DURIPP_reverse_num2,97.76404181117316,,9.942878,87.59383392333984,6.114933958500958
DURIt2pp_num1,33.2825,0.17,3.038913,13.50819969177246,19.340076933523704
DURIt2pp_num2,23.0,,6.0363045,18.34995651245117,1.2556971297984412
DURItex,179.45385264683853,,,,
DURItex_reverse,179.45385264683853,,,,
DUTPDP_num1,97.76404181117316,,,,
DUTPDP_num2,187.810552,,,,
DXPRIi,136.47847541820553,0.2064,1.7168764,2.32212233543396,1.753423246287524
DXPS,98.38247749906569,15.6088,0.78809994,0.96130633354187,6.114933958500958
DXYLK,163.56417402633934,0.2863,127.91162,83.76203155517578,4.126232577709164
DXYLONtex_num1,94.81680000000001,,,,
DXYLONtex_num2,96.29042090558659,,,,
DXYLONtex_num3,96.29042090558659,,,,
DXYLONtex_reverse_num1,94.81680000000001,,,,
DXYLONtex_reverse_num2,96.29042090558659,,,,
DXYLONtex_reverse_num3,96.29042090558659,,,,
DXYLTD_num1,137.37750142279987,,,,
DXYLTD_num2,133.20262771610487,,,,
D_LACt2pp_num1,23.0,0.3806,19.705345,10.147160530090332,1.4512741922385004
D_LACt2pp_num2,23.0,,13.445966,11.09506893157959,1.7851135665555418
D_LACt2pp_reverse_num1,23.0,1.1312,19.705345,10.147160530090332,3.5556925393700345
D_LACt2pp_reverse_num2,23.0,,13.445966,11.09506893157959,3.653492800559781
D_LACtex_num1,96.29042090558659,,,,
D_LACtex_num2,33.2825,,,,
D_LACtex_num3,94.81680000000001,,,,
D_LACtex_num4,96.29042090558659,,,,
D_LACtex_reverse_num1,96.29042090558659,,,,
D_LACtex_reverse_num2,33.2825,,,,
D_LACtex_reverse_num3,94.81680000000001,,,,
D_LACtex_reverse_num4,96.29042090558659,,,,
E4PD_num1,136.2454183611817,22.5466,3.1519585,26.33974838256836,5.871081732760222
E4PD_num2,115.69288473855742,,3.3870716,32.20695877075195,2.30758992115931
E4PP_num1,173.42795360893282,11.709,3.666865,18.896074295043945,2.1399154825398017
E4PP_num2,157.17088698230995,,3.3737736,6.748026847839356,229.50963769458312
E4PP_num3,173.42795360893282,,3.164069,7.112557888031006,7.677154914011056
E4PP_num4,189.6850202355557,,5.168742,3.910143613815308,6.046301810920078
E4PP_num5,149.80799644754114,,0.76328886,5.092029571533203,6.114933958500958
EAR100x,121.20698236312833,16.5577,,15.919736862182615,1.293361615295519
EAR100y,121.20698236312833,2.7871,,9.801222801208496,19.72473687581858
EAR120x,121.20698236312833,13.4225,,15.919736862182615,1.4106550467295935
EAR120y,121.20698236312833,0.2816,,9.801222801208496,4.505918121530305
EAR121x,121.20698236312833,7.2871,,15.919736862182615,3.5590811542674947
EAR121y,121.20698236312833,3.678,,9.801222801208496,17.527193281992982
EAR140x,121.20698236312833,4.7358,,15.919736862182615,3.439238981203919
EAR140y,121.20698236312833,7.5212,,9.801222801208496,5.983132975696
EAR141x,121.20698236312833,0.754,,15.919736862182615,1.873480710504212
EAR141y,121.20698236312833,9.6309,,9.801222801208496,4.91721766726643
EAR160x,121.20698236312833,0.571,,15.919736862182615,1.6112372980239649
EAR160y,121.20698236312833,6.934,,9.801222801208496,6.56699517354574
EAR161x,121.20698236312833,9.4467,,15.919736862182615,5.770734385026743
EAR161y,121.20698236312833,41.3169,,9.801222801208496,6.960383956781024
EAR180x,121.20698236312833,5.7654,,15.919736862182615,2.0397498220766908
EAR180y,121.20698236312833,0.1352,,9.801222801208496,3.538650180101298
EAR181x,121.20698236312833,6.2521,,15.919736862182615,5.717953119838133
EAR181y,121.20698236312833,0.4159,,9.801222801208496,2.410330339395014
EAR40x,121.20698236312833,3.213,,15.919736862182615,3.415844385652026
EAR40y,121.20698236312833,2.0821,,9.801222801208496,4.505918121530305
EAR60x,121.20698236312833,2.5638,,15.919736862182615,3.0093781451933763
EAR60y,121.20698236312833,5.1431,,9.801222801208496,5.770470497209467
EAR80x,121.20698236312833,1.9301,,15.919736862182615,4.691640996592274
EAR80y,121.20698236312833,12.6453,,9.801222801208496,4.505918121530305
ECA4COLIPAabctex,101.0,60.1814,,7.871926307678223,33.81246352611123
ECA4OALpp,67.225,1.47,0.50385636,2.5674426555633545,2.139933895127523
ECAP1pp,152.5584987702834,,,,
ECAP2pp,152.5584987702834,57.3143,1.1656008,3.1622774600982666,1.607791776275416
ECAP3pp,152.5584987702834,74.4945,1.1656008,3.257830142974853,20.11160625906284
ECAtpp,189.6850202355557,,,,
ECOAH1_num1,133.20262771610487,,,,
ECOAH1_num2,120.42138255624843,,,,
ECOAH1_reverse_num1,133.20262771610487,16.2094,7.458278,40.42369842529297,5.170673151611213
ECOAH1_reverse_num2,120.42138255624843,,12.703595,46.278018951416016,3.520606330975931
ECOAH2_num1,133.20262771610487,,,,
ECOAH2_num2,120.42138255624843,,,,
ECOAH2_reverse_num1,133.20262771610487,1.3156,12.019148,42.90353012084961,33.66240634310002
ECOAH2_reverse_num2,120.42138255624843,,21.499529,47.67637634277344,4.810772528691261
ECOAH3_num1,133.20262771610487,,,,
ECOAH3_num2,120.42138255624843,,,,
ECOAH3_reverse_num1,133.20262771610487,22.7023,5.6552944,48.32890701293945,32.94228372318428
ECOAH3_reverse_num2,120.42138255624843,,9.356746,49.11698913574219,3.520606330975931
ECOAH4_num1,133.20262771610487,,,,
ECOAH4_num2,120.42138255624843,,,,
ECOAH4_reverse_num1,133.20262771610487,1.1533,5.791659,48.32890701293945,7.494230452223806
ECOAH4_reverse_num2,120.42138255624843,,8.064085,47.67637634277344,5.32062846472089
ECOAH5_num1,133.20262771610487,,,,
ECOAH5_num2,120.42138255624843,,,,
ECOAH5_reverse_num1,133.20262771610487,1.7452,4.5162096,48.32890701293945,4.810772528691261
ECOAH5_reverse_num2,120.42138255624843,,7.140225,47.67637634277344,4.69157887104192
ECOAH6_num1,133.20262771610487,,,,
ECOAH6_num2,120.42138255624843,,,,
ECOAH6_reverse_num1,133.20262771610487,0.0518,2.6470747,48.32890701293945,4.810772528691261
ECOAH6_reverse_num2,120.42138255624843,,5.657801,47.67637634277344,10.400673043184613
ECOAH7_num1,133.20262771610487,,,,
ECOAH7_num2,120.42138255624843,,,,
ECOAH7_reverse_num1,133.20262771610487,0.1647,4.2718062,48.32890701293945,0.93053353032453
ECOAH7_reverse_num2,120.42138255624843,,8.61657,47.67637634277344,10.400376497266745
ECOAH8_num1,133.20262771610487,,,,
ECOAH8_num2,120.42138255624843,,,,
ECOAH8_reverse_num1,133.20262771610487,2.2471,2.7383003,48.32890701293945,0.46698776600873
ECOAH8_reverse_num2,120.42138255624843,,4.7283998,47.67637634277344,6.060764487736015
EDA,137.37750142279987,,,,
EDD,136.2454183611817,,,,
EDTXS1,115.69288473855748,76.2741,0.26250014,2.2020485401153564,9.129954971721624
EDTXS2,136.47847541820553,34.556,0.14214167,4.243003845214844,17.527193281992982
EDTXS3,121.23861216232467,0.0077,0.2680702,1.7962191104888916,6.960383956781024
EDTXS4,136.47847541820553,4.883,0.16481896,3.5489745140075684,17.527193281992982
EGMEACPR,121.20698236312833,0.3999,,9.801222801208496,3.5556925393700345
ENLIPAabctex,101.0,36.5893,1.4106697,7.871926307678223,3.194268354614871
ENO,121.23861216232467,,,,
ENO_reverse,121.23861216232467,16.4461,26.706905,21.28111457824707,7.926801418049712
ENTCS,234.36871562986587,0.9972,0.06790314,6.704043865203857,6.651201338548535
ENTERES,136.47847541820553,1.299,0.5512688,11.374245643615724,11.334694813446427
EPMEACPR,121.20698236312833,30.2449,,9.801222801208496,1.0590721531572571
ETHAAL,157.17088698230995,,,,
ETHAtex_num1,96.29042090558659,,,,
ETHAtex_num2,33.2825,,,,
ETHAtex_num3,94.81680000000001,,,,
ETHAtex_num4,96.29042090558659,,,,
ETHAtex_reverse_num1,96.29042090558659,,,,
ETHAtex_reverse_num2,33.2825,,,,
ETHAtex_reverse_num3,94.81680000000001,,,,
ETHAtex_reverse_num4,96.29042090558659,,,,
ETHSO3abcpp,97.61360481285834,497.4062,1.7749542,4.204555034637451,6.361344157449999
ETHSO3tex_num1,96.29042090558659,,,,
ETHSO3tex_num2,33.2825,,,,
ETHSO3tex_num3,94.81680000000001,,,,
ETHSO3tex_num4,96.29042090558659,,,,
ETHSO3tex_reverse_num1,96.29042090558659,,,,
ETHSO3tex_reverse_num2,33.2825,,,,
ETHSO3tex_reverse_num3,94.81680000000001,,,,
ETHSO3tex_reverse_num4,96.29042090558659,,,,
ETOHtex_num1,96.29042090558659,,,,
ETOHtex_num2,33.2825,,,,
ETOHtex_num3,94.81680000000001,,,,
ETOHtex_num4,96.29042090558659,,,,
ETOHtex_reverse_num1,96.29042090558659,,,,
ETOHtex_reverse_num2,33.2825,,,,
ETOHtex_reverse_num3,94.81680000000001,,,,
ETOHtex_reverse_num4,96.29042090558659,,,,
F1PP_num1,173.42795360893282,1.4191,3.4962676,9.868213653564451,7.6589817015778525
F1PP_num2,189.6850202355557,,7.4411383,4.8160576820373535,6.814832905594133
F1PP_num3,157.17088698230995,,2.871164,8.821300506591797,6.334036791279153
F1PP_num4,175.19368414411719,,6.847725,36.37460708618164,6.114933958500958
F6PA_num1,136.71153247522938,,,,
F6PA_num2,142.9524539351852,,,,
F6PA_reverse_num1,136.71153247522938,10.0238,5.207297,53.481536865234375,69.62689854059693
F6PA_reverse_num2,142.9524539351852,,1.4326544,47.47773361206055,4.810772528691261
F6PP_num1,157.17088698230995,0.6039,2.4036984,7.601346015930176,5.688412376681967
F6PP_num2,175.19368414411719,,4.0874906,35.30773162841797,2.49260093430609
F6PP_num3,173.42795360893282,,2.9874885,8.760418891906738,10.285457757985752
F6PP_num4,189.6850202355557,,4.6628604,4.275412082672119,4.126232577709164
F6PP_num5,173.42795360893282,,2.9299626,25.44816398620605,2.9633630070897
F6Pt6_2pp,23.0,0.0144,1.2694175,8.987629890441895,5.160646713364276
F6Ptex_num1,96.29042090558659,,,,
F6Ptex_num2,33.2825,,,,
F6Ptex_num3,94.81680000000001,,,,
F6Ptex_num4,96.29042090558659,,,,
F6Ptex_reverse_num1,96.29042090558659,,,,
F6Ptex_reverse_num2,33.2825,,,,
F6Ptex_reverse_num3,94.81680000000001,,,,
F6Ptex_reverse_num4,96.29042090558659,,,,
FA100ACPHi,121.20698236312833,5.3864,,12.55279541015625,11.334694813446427
FA120ACPHi,121.20698236312833,1458.8321,,12.55279541015625,8.348333233793003
FA140ACPHi,121.20698236312833,37.8438,,12.55279541015625,6.720629284992701
FA141ACPHi,121.20698236312833,3.634,,12.55279541015625,4.310304320662927
FA160ACPHi,121.20698236312833,93.4686,,14.140162467956545,4.588231538118686
FA161ACPHi,121.20698236312833,9.2378,,12.55279541015625,13.9370824022727
FA80ACPHi,121.20698236312833,0.4264,,12.932096481323242,6.527098890776144
FACOAE100,129.92752530694554,97.6527,,2.084498405456543,4.69157887104192
FACOAE120,129.92752530694554,24.1418,6.1557994,2.9707345962524414,1.8119660138730829
FACOAE140,129.92752530694554,0.7657,6.0162106,3.060499429702759,6.808242830397126
FACOAE141,129.92752530694554,0.4779,,2.084498405456543,4.69157887104192
FACOAE160,129.92752530694554,2.4235,4.933369,2.5598912239074707,3.980374317137799
FACOAE161,129.92752530694554,2.6877,,2.084498405456543,4.69157887104192
FACOAE180,129.92752530694554,102.7713,2.4605308,2.5598912239074707,6.536447002708444
FACOAE181,129.92752530694554,0.8212,,2.279223680496216,3.980374317137799
FACOAE60,129.92752530694554,1.2875,,2.084498405456543,3.9460798979623735
FACOAE80,129.92752530694554,98.8085,6.577482,2.4119296073913574,2.388254761409444
FACOAL100t2pp_num1,133.20262771610487,1.1006,,0.8227182626724243,6.130754302507611
FACOAL100t2pp_num2,130.15983707102805,,,0.784010648727417,59.507895368453305
FACOAL120t2pp_num1,130.15983707102805,19.0247,,1.8313961029052728,4.765863679138536
FACOAL120t2pp_num2,133.20262771610487,,,0.8863211274147034,18.05149927356397
FACOAL140t2pp_num1,130.15983707102805,11.2787,,1.7776809930801392,5.625614300322807
FACOAL140t2pp_num2,133.20262771610487,,,0.8603252172470093,20.83005914936328
FACOAL141t2pp_num1,130.15983707102805,28.7165,,0.784010648727417,4.239897124043
FACOAL141t2pp_num2,133.20262771610487,,,0.8227182626724243,2.229301480764941
FACOAL160t2pp_num1,130.15983707102805,0.1239,1.6580877,1.9437445402145384,3.9460798979623735
FACOAL160t2pp_num2,133.20262771610487,,0.9907461,0.940693199634552,3.653492800559781
FACOAL161t2pp_num1,133.20262771610487,1.8389,,0.8227182626724243,5.770470497209467
FACOAL161t2pp_num2,130.15983707102805,,,0.784010648727417,2.229301480764941
FACOAL180t2pp_num1,130.15983707102805,12.8932,0.47085685,1.9437445402145384,83.84012168321993
FACOAL180t2pp_num2,133.20262771610487,,0.2981479,0.9131025671958924,6.154294957250831
FACOAL181t2pp_num1,133.20262771610487,2.0869,0.6667386,0.9547581672668456,3.842358408537775
FACOAL181t2pp_num2,130.15983707102805,,1.917772,0.8077006340026855,5.511913782654467
FACOAL60t2pp_num1,133.20262771610487,12.0658,0.33380517,1.043947696685791,0.1594220641833325
FACOAL60t2pp_num2,130.15983707102805,,1.1717116,0.6178660988807678,3.653492800559781
FACOAL80t2pp_num1,133.20262771610487,7.4765,0.39327073,0.9691175222396852,8.395630847886949
FACOAL80t2pp_num2,130.15983707102805,,0.77412254,1.9437445402145384,2.49260093430609
FADRx,120.79836756009021,,,,
FADRx2,119.06658842098136,,,,
FADt,27.0,,,,
FADtex_num1,96.29042090558659,,,,
FADtex_num2,33.2825,,,,
FADtex_num3,96.29042090558659,,,,
FADtex_num4,94.81680000000001,,,,
FADtex_reverse_num1,96.29042090558659,,,,
FADtex_reverse_num2,33.2825,,,,
FADtex_reverse_num3,96.29042090558659,,,,
FADtex_reverse_num4,94.81680000000001,,,,
FALDH2,130.15983707102805,0.3417,25.540747,7.486851692199707,3.8937879056085154
FALDH2_reverse,130.15983707102805,0.2267,12.9375925,8.433597564697266,6.060764487736015
FALDtex_num1,96.29042090558659,,,,
FALDtex_num2,33.2825,,,,
FALDtex_num3,94.81680000000001,,,,
FALDtex_num4,96.29042090558659,,,,
FALDtex_reverse_num1,96.29042090558659,,,,
FALDtex_reverse_num2,33.2825,,,,
FALDtex_reverse_num3,94.81680000000001,,,,
FALDtex_reverse_num4,96.29042090558659,,,,
FALGTHLs,,14.142,,,20.83005914936328
FBA3,106.4556997281849,,,,
FBA3_reverse,106.4556997281849,36.8036,5.67184,17.86041831970215,2.25626747070846
FBA_num1,106.4556997281849,,,,
FBA_num2,115.69288473855742,,,,
FBA_reverse_num1,106.4556997281849,32.2647,9.922284,10.71681308746338,5.171331930782302
FBA_reverse_num2,115.69288473855742,,3.614696,25.40924453735352,8.939373321202341
FBP_num1,136.71153247522938,5.2893,1.4790483,5.689280986785889,8.904353075217367
FBP_num2,158.9366175174943,5.3692,2.9659703,13.217172622680664,2.2716358764902225
FBP_num3,157.17088698230995,6.2323,1.4826157,8.377740859985352,2.97733537733062
FBP_num4,175.19368414411719,9.8683,2.6124322,26.217117309570312,3.5613761147405705
FCI,121.23861216232467,,,,
FCI_reverse,121.23861216232467,,,,
FCLK,149.80799644754114,0.6488,7.8029594,29.29063606262207,10.728613456472884
FCLPA_num1,143.57225923783585,,,,
FCLPA_num2,167.18571428571434,,,,
FCLPA_reverse_num1,143.57225923783585,96.4075,3.1505065,9.60780429840088,32.40307959655166
FCLPA_reverse_num2,167.18571428571434,,6.910525,16.749155044555664,6.154294957250831
FCLT_num1,286.48954519348763,4.6017,,,3.2749292691771887
FCLT_num2,189.6850202355557,2.7964,,,0.804671281974783
FCLT_num3,255.98631796332796,7.7999,,,4.074876182746937
FDH4pp_num1,116.15819206211874,179.5767,11.127838,32.3933219909668,34.33856394165991
FDH4pp_num2,116.15819206211874,,22.965372,14.4327974319458,3.5556925393700345
FDH5pp_num1,116.15819206211874,256.6802,7.5893445,14.4327974319458,7.412650165523958
FDH5pp_num2,116.15819206211874,,0.8271259,32.3933219909668,3.5556925393700345
FDMO,169.35117402633932,30.4097,0.9375849,2.3657257556915283,5.809898887901974
FDMO2,169.35117402633932,24.1225,2.2979283,2.100151300430298,5.628355577673853
FDMO3,169.35117402633932,4.4233,1.7063788,2.1636102199554443,10.16403937479348
FDMO4,169.35117402633932,2.4947,1.7063788,,10.16403937479348
FDMO6,169.35117402633932,3.1947,2.0920672,2.3657257556915283,5.689178149808956
FE2abcpp,75.41,,,,
FE2t2pp,33.2825,,,,
FE2t3pp,75.41,,,,
FE2tex_num1,33.2825,,,,
FE2tex_num2,96.29042090558659,,,,
FE2tex_num3,96.29042090558659,,,,
FE2tex_num4,94.81680000000001,,,,
FE2tex_reverse_num1,33.2825,,,,
FE2tex_reverse_num2,96.29042090558659,,,,
FE2tex_reverse_num3,96.29042090558659,,,,
FE2tex_reverse_num4,94.81680000000001,,,,
FE2tpp,33.2825,,,,
FE3DCITR5,163.90399822377057,1.9392,,,3.021761165784849
FE3DCITabcpp,90.65907860738318,87.1145,,,10.343030383997991
FE3DCITexs,,12.9585,,,14.112037082036364
FE3DCITtonex,178.65984365785727,14.8081,,,10.343030383997991
FE3DHBZS3R,163.90399822377057,14.3155,,74.32784271240234,14.184827825821973
FE3DHBZStonex_num1,176.53793119354842,241.3498,,,8.735721749952106
FE3DHBZStonex_num2,149.80799644754114,,,,10.475654966689731
FE3HOXabcpp,113.04789556080048,12.1037,,4.216712951660156,4.810772528691261
FE3HOXexs,,8.3943,,,3.308078075270198
FE3HOXtonex,176.5379311935484,16.9047,,15.794880867004396,6.9899481650584585
FE3Ri,120.79836756009021,,,,
FE3tex_num1,96.29042090558659,,,,
FE3tex_num2,33.2825,,,,
FE3tex_num3,94.81680000000001,,,,
FE3tex_num4,96.29042090558659,,,,
FE3tex_reverse_num1,96.29042090558659,,,,
FE3tex_reverse_num2,33.2825,,,,
FE3tex_reverse_num3,94.81680000000001,,,,
FE3tex_reverse_num4,96.29042090558659,,,,
FECRMabcpp,113.04789556080048,19.047,1.7244173,,5.359793510374774
FECRMexs,,1.403,,,5.809898887901974
FECRMtonex,176.5379311935484,197.3173,1.9272676,,4.685826033894374
FEENTERES,136.47847541820553,2.78,5.573339,,1.122388381894457
FEENTERR4,163.90399822377057,1.1312,12.958516,,4.763953150317437
FEENTERabcpp,97.76404181117316,34.4974,2.5991762,,5.300955207112856
FEENTERexs,,1.6091,,,7.381707492199664
FEENTERtex,125.40399822377057,100.6482,2.1257277,42.18484115600586,1.2556971297984412
FEENTERtonex,149.80799644754114,6.957,2.9209743,,5.300955207112856
FEENTERtpp,23.0,22.0056,4.882302,19.437274932861328,3.349904451118284
FEOXAMR1,233.1372332225382,4.2905,,,11.549273436294202
FEOXAMR2,233.1372332225382,3.6467,0.2327972,,27.27692629593403
FEOXAMR3,233.1372332225382,4.5865,0.3569144,,19.244673610917665
FEOXAMabcpp,113.04789556080048,60.5758,,,6.064563476980895
FEOXAMexs,,3.3957,,,49.198935661722246
FEOXAMtonex,176.5379311935484,6.0419,,,10.475654966689731
FEROpp_num1,206.75125446366417,,,,
FEROpp_num2,247.95002915753076,,,,
FESD1s,,60.9476,,,1.753423246287524
FESD2s,,4.2905,,,2.312153051635714
FESR,218.32443728754563,17.1398,,8.226614952087402,1.0324053671733493
FHL_num1,101.0,21.9165,18.265863,,180.06711306374774
FHL_num2,120.50274604186052,,5.1820707,56.41554641723633,10.397610637812583
FLDR2_num1,136.2454183611817,7.9926,,7.724188327789307,2.009434280216772
FLDR2_num2,125.92515286381274,,,7.724188327789307,4.126232577709164
FLVR_num1,120.79836756009021,14.2286,1.4060467,17.776649475097656,1.10372881793359
FLVR_num2,121.23861216232467,,11.935861,29.488563537597656,6.7859805272721
FLVRx,120.79836756009021,112.144,1.4060467,26.177021026611328,5.809898887901974
FMNAT,121.175352563932,4.2382,,2.199819564819336,8.735721749952106
FMNRx2_num1,132.2430459180489,5.6708,,3.0695273876190186,1.7033356609424497
FMNRx2_num2,120.79836756009021,,,14.009480476379396,6.814832905594133
FMNRx2_num3,119.06658842098136,,,4.061652183532715,20.83005914936328
FMNRx_num1,132.2430459180489,1.9597,,3.669797897338867,10.475654966689731
FMNRx_num2,120.79836756009021,,,20.62967300415039,1.7851135665555418
FMNt,27.0,,,,
FMNtex_num1,96.29042090558659,,,,
FMNtex_num2,94.81680000000001,,,,
FMNtex_num3,33.2825,,,,
FMNtex_num4,96.29042090558659,,,,
FMNtex_reverse_num1,96.29042090558659,,,,
FMNtex_reverse_num2,94.81680000000001,,,,
FMNtex_reverse_num3,33.2825,,,,
FMNtex_reverse_num4,96.29042090558659,,,,
FOMETRi,123.60963225270937,115.9813,0.49919066,8.34113883972168,3.802692970292663
FORCT,160.70234805267864,1.6189,14.469259,13.199729919433594,3.2394747145515583
FORCT_reverse,160.70234805267864,4.4672,8.650675,12.43678379058838,7.860189042422557
FORt2pp_num1,25.0,8.3044,3.74417,75.28535461425781,8.638426999230715
FORt2pp_num2,33.2825,,1.1120456,34.29802703857422,9.945834285751776
FORtex_num1,96.29042090558659,,,,
FORtex_num2,33.2825,,,,
FORtex_num3,94.81680000000001,,,,
FORtex_num4,96.29042090558659,,,,
FORtex_reverse_num1,96.29042090558659,,,,
FORtex_reverse_num2,33.2825,,,,
FORtex_reverse_num3,94.81680000000001,,,,
FORtex_reverse_num4,96.29042090558659,,,,
FORtppi_num1,25.0,,,,
FORtppi_num2,33.2825,,,,
FRD2,117.8304304761572,60.8391,4.0217223,2.16138219833374,6.154294957250831
FRD3,117.8304304761572,317.5315,18.395582,2.16138219833374,6.154294957250831
FRUK,149.80799644754114,155.3456,20.928062,9.677383422851562,2.30114731337025
FRULYSDG,136.47847541820553,12.9585,,12.414849281311035,2.3823735145285267
FRULYSDG_reverse,136.47847541820553,9.6959,3.2478535,15.29117488861084,13.4266919696335
FRULYSE,197.70251011777788,,,,
FRULYSE_reverse,197.70251011777788,,,,
FRULYSK,154.8978386945808,119.2611,2.3006494,21.11548614501953,1.10372881793359
FRULYSt2pp,27.0,113054.0789,3.063361,24.233911514282227,5.770470497209467
FRULYStex_num1,96.29042090558659,,,,
FRULYStex_num2,33.2825,,,,
FRULYStex_num3,94.81680000000001,,,,
FRULYStex_num4,96.29042090558659,,,,
FRULYStex_reverse_num1,96.29042090558659,,,,
FRULYStex_reverse_num2,33.2825,,,,
FRULYStex_reverse_num3,94.81680000000001,,,,
FRULYStex_reverse_num4,96.29042090558659,,,,
FRUURt2rpp,23.0,15.3628,0.6418195,28.622377395629883,7.288727116924398
FRUURt2rpp_reverse,23.0,0.9149,0.6418195,28.622377395629883,4.810772528691261
FRUURtex_num1,96.29042090558659,,,,
FRUURtex_num2,33.2825,,,,
FRUURtex_num3,94.81680000000001,,,,
FRUURtex_num4,96.29042090558659,,,,
FRUURtex_reverse_num1,96.29042090558659,,,,
FRUURtex_reverse_num2,33.2825,,,,
FRUURtex_reverse_num3,94.81680000000001,,,,
FRUURtex_reverse_num4,96.29042090558659,,,,
FRUpts2pp,152.62479040685164,107.9288,0.96225995,10.71681308746338,8.133886579587905
FRUptspp,157.17088698230995,6.957,0.96225995,14.24657154083252,20.83005914936328
FRUtex_num1,96.29042090558659,,,,
FRUtex_num2,33.2825,,,,
FRUtex_num3,94.81680000000001,,,,
FRUtex_num4,96.29042090558659,,,,
FRUtex_reverse_num1,96.29042090558659,,,,
FRUtex_reverse_num2,33.2825,,,,
FRUtex_reverse_num3,94.81680000000001,,,,
FRUtex_reverse_num4,96.29042090558659,,,,
FTHFD,152.5584987702834,1.3046,4.3047585,30.288894653320312,12.628470676953103
FUCtex_num1,96.29042090558659,,,,
FUCtex_num2,33.2825,,,,
FUCtex_num3,94.81680000000001,,,,
FUCtex_num4,96.29042090558659,,,,
FUCtex_reverse_num1,96.29042090558659,,,,
FUCtex_reverse_num2,33.2825,,,,
FUCtex_reverse_num3,94.81680000000001,,,,
FUCtex_reverse_num4,96.29042090558659,,,,
FUCtpp,23.0,4.1393,1.9852217,17.25525665283203,6.154294957250831
FUCtpp_reverse,23.0,0.8782,1.9852217,17.25525665283203,4.810772528691261
FUM_num1,120.79836756009021,1.4882,11.563448,40.91352844238281,6.154294957250831
FUM_num2,121.175352563932,1.1482,9.72597,42.14790725708008,83.54885239895054
FUM_num3,128.2406734749161,1.0117,37.649143,439.45849609375,83.54885239895054
FUM_reverse_num1,120.79836756009021,,,,
FUM_reverse_num2,121.175352563932,,,,
FUM_reverse_num3,128.2406734749161,,,,
FUMt1pp,33.2825,,,,
FUMt1pp_reverse,33.2825,,,,
FUMt2_2pp,23.0,3.1002,44.693756,34.960540771484375,6.154294957250831
FUMt2_3pp_num1,23.0,1.0691,19.879072,10.387778282165527,5.300955207112856
FUMt2_3pp_num2,23.0,,11.051628,20.661272048950195,1.2556971297984412
FUMt2_3pp_num3,28.14125,,6.1287756,8.977588653564453,0.536723264075099
FUMtex_num1,96.29042090558659,,,,
FUMtex_num2,33.2825,,,,
FUMtex_num3,94.81680000000001,,,,
FUMtex_num4,96.29042090558659,,,,
FUMtex_reverse_num1,96.29042090558659,,,,
FUMtex_reverse_num2,33.2825,,,,
FUMtex_reverse_num3,94.81680000000001,,,,
FUMtex_reverse_num4,96.29042090558659,,,,
FUSAtex_num1,96.29042090558659,,,,
FUSAtex_num2,96.29042090558659,,,,
FUSAtex_num3,94.81680000000001,,,,
FUSAtex_num4,33.2825,,,,
FUSAtex_reverse_num1,96.29042090558659,,,,
FUSAtex_reverse_num2,96.29042090558659,,,,
FUSAtex_reverse_num3,94.81680000000001,,,,
FUSAtex_reverse_num4,33.2825,,,,
FUSAtpp_num1,97.76404181117316,9.2107,4.2904243,42.18484115600586,5.983132975696
FUSAtpp_num2,149.80799644754114,,6.4552627,42.18484115600586,10.397610637812583
Ftex_num1,96.29042090558659,,,,
Ftex_num2,33.2825,,,,
Ftex_num3,94.81680000000001,,,,
Ftex_num4,96.29042090558659,,,,
Ftex_reverse_num1,96.29042090558659,,,,
Ftex_reverse_num2,33.2825,,,,
Ftex_reverse_num3,94.81680000000001,,,,
Ftex_reverse_num4,96.29042090558659,,,,
Ftpp,33.2825,,,,
G1PACT,98.49306668197663,35.4294,5.5297604,8.468145370483398,159.3097940994555
G1PP_num1,206.75125446366417,13.7262,1.3449012,9.530440330505373,33.66240634310002
G1PP_num2,157.17088698230995,9.8683,2.7539678,10.54637622833252,8.645785370246568
G1PP_num3,175.19368414411719,5.0932,4.3668857,39.77257537841797,8.645785370246568
G1PPpp_num1,197.70251011777788,7.7255,24.619047,86.1111831665039,3.709008719383553
G1PPpp_num2,205.72000000000008,,7.0613217,130.6346435546875,5.511913782654467
G1PTT_num1,117.63095515668913,1.3898,3.8417833,12.419198036193848,33.66240634310002
G1PTT_num2,97.76404181117316,2.3523,4.941865,12.43678379058838,69.5562354139795
G1Ptex_num1,96.29042090558659,,,,
G1Ptex_num2,33.2825,,,,
G1Ptex_num3,94.81680000000001,,,,
G1Ptex_num4,96.29042090558659,,,,
G1Ptex_reverse_num1,96.29042090558659,,,,
G1Ptex_reverse_num2,33.2825,,,,
G1Ptex_reverse_num3,94.81680000000001,,,,
G1Ptex_reverse_num4,96.29042090558659,,,,
G1SAT,123.77764512125493,,,,
G1SAT_reverse,123.77764512125493,,,,
G2PP,189.6850202355557,5.0809,0.3943942,2.46583890914917,12.166493689076262
G2PPpp_num1,222.8937010511005,2.2569,11.396507,11.405914306640623,19.340076933523704
G2PPpp_num2,205.72000000000008,,13.082127,156.18138122558594,4.869782303147899
G3PAT120,77.0261035910316,77030.5365,0.8790035,7.509454250335693,7.198881129148654
G3PAT140,77.0261035910316,275.4998,0.8790035,6.867886543273926,13.9370824022727
G3PAT141,77.0261035910316,8.9937,0.8790035,14.468218803405762,5.055499639337729
G3PAT160,77.0261035910316,253.747,0.8790035,14.468218803405762,2.9104181261561552
G3PAT161,77.0261035910316,107.3118,0.8790035,14.468218803405762,7.593811851739925
G3PAT180,77.0261035910316,16.8422,0.8790035,6.47092342376709,7.497355702650688
G3PAT181,77.0261035910316,10.6933,0.8790035,14.468218803405762,4.61860532862731
G3PCabcpp,124.33102801558226,18.4611,4.3894687,8.750226020812988,5.160646713364276
G3PCtex_num1,96.29042090558659,,,,
G3PCtex_num2,33.2825,,,,
G3PCtex_num3,94.81680000000001,,,,
G3PCtex_num4,96.29042090558659,,,,
G3PCtex_reverse_num1,96.29042090558659,,,,
G3PCtex_reverse_num2,33.2825,,,,
G3PCtex_reverse_num3,94.81680000000001,,,,
G3PCtex_reverse_num4,96.29042090558659,,,,
G3PD2,136.71153247522938,0.5601,84.425446,95.45109558105467,2.9633630070897
G3PD2_reverse,136.71153247522938,11.4197,119.18326,75.05875396728516,29.39165891366132
G3PD5_num1,130.31931091954138,12.0468,3.2860243,23.871240615844727,4.505918121530305
G3PD5_num2,124.73964281862038,11.2145,15.998874,31.296167373657227,6.029423425870919
G3PD6,130.31931091954138,5581.1557,1.1057322,24.592544555664062,4.505918121530305
G3PD7,130.31931091954138,12.0215,3.2860243,24.592544555664062,4.505918121530305
G3PEabcpp,124.33102801558226,30.6296,2.5903707,8.750226020812988,3.0876692428883983
G3PEtex_num1,96.29042090558659,,,,
G3PEtex_num2,94.81680000000001,,,,
G3PEtex_num3,96.29042090558659,,,,
G3PEtex_num4,33.2825,,,,
G3PEtex_reverse_num1,96.29042090558659,,,,
G3PEtex_reverse_num2,94.81680000000001,,,,
G3PEtex_reverse_num3,96.29042090558659,,,,
G3PEtex_reverse_num4,33.2825,,,,
G3PGabcpp,124.33102801558226,13.7509,3.687895,8.750226020812988,8.126022089600111
G3PGtex_num1,96.29042090558659,,,,
G3PGtex_num2,33.2825,,,,
G3PGtex_num3,94.81680000000001,,,,
G3PGtex_num4,96.29042090558659,,,,
G3PGtex_reverse_num1,96.29042090558659,,,,
G3PGtex_reverse_num2,33.2825,,,,
G3PGtex_reverse_num3,94.81680000000001,,,,
G3PGtex_reverse_num4,96.29042090558659,,,,
G3PIabcpp,124.33102801558226,6.9728,,8.750226020812988,5.837987692151454
G3PItex_num1,96.29042090558659,,,,
G3PItex_num2,33.2825,,,,
G3PItex_num3,94.81680000000001,,,,
G3PItex_num4,96.29042090558659,,,,
G3PItex_reverse_num1,96.29042090558659,,,,
G3PItex_reverse_num2,33.2825,,,,
G3PItex_reverse_num3,94.81680000000001,,,,
G3PItex_reverse_num4,96.29042090558659,,,,
G3PSabcpp,124.33102801558226,366.6421,5.8332434,8.750226020812988,6.481120339900238
G3PStex_num1,96.29042090558659,,,,
G3PStex_num2,33.2825,,,,
G3PStex_num3,94.81680000000001,,,,
G3PStex_num4,96.29042090558659,,,,
G3PStex_reverse_num1,96.29042090558659,,,,
G3PStex_reverse_num2,33.2825,,,,
G3PStex_reverse_num3,94.81680000000001,,,,
G3PStex_reverse_num4,96.29042090558659,,,,
G3PT_num1,173.42795360893282,3.3371,3.4010992,9.025126457214355,4.505918121530305
G3PT_num2,120.62029370469925,3.0877,1.6726156,2.7071428298950195,16.10528181133384
G5SD,160.70234805267864,14.9594,21.434328,15.872682571411133,5.754936161343298
G6PDA,150.05399822377058,1.4502,24.191813,192.3661651611328,3.017902273837988
G6PDH2r,179.45385264683853,119.4937,29.882736,217.6114654541016,4.969088056880007
G6PDH2r_reverse,179.45385264683853,11.3787,41.11865,106.51189422607422,5.359793510374774
G6PP_num1,173.42795360893282,4.7317,3.169363,18.896074295043945,3.3994228655129484
G6PP_num2,173.42795360893282,,2.8476603,9.025126457214355,4.69157887104192
G6PP_num3,157.17088698230995,,2.1540968,8.311429977416992,4.69157887104192
G6Pt6_2pp,23.0,93.6355,1.2426851,8.987629890441895,4.72710988872269
G6Ptex_num1,96.29042090558659,,,,
G6Ptex_num2,33.2825,,,,
G6Ptex_num3,94.81680000000001,,,,
G6Ptex_num4,96.29042090558659,,,,
G6Ptex_reverse_num1,96.29042090558659,,,,
G6Ptex_reverse_num2,33.2825,,,,
G6Ptex_reverse_num3,94.81680000000001,,,,
G6Ptex_reverse_num4,96.29042090558659,,,,
GAL1PPpp,197.70251011777788,10.1085,24.619047,86.1111831665039,12.39078414720572
GAL1Ptex_num1,96.29042090558659,,,,
GAL1Ptex_num2,33.2825,,,,
GAL1Ptex_num3,94.81680000000001,,,,
GAL1Ptex_num4,96.29042090558659,,,,
GAL1Ptex_reverse_num1,96.29042090558659,,,,
GAL1Ptex_reverse_num2,33.2825,,,,
GAL1Ptex_reverse_num3,94.81680000000001,,,,
GAL1Ptex_reverse_num4,96.29042090558659,,,,
GALBDtex_num1,94.81680000000001,,,,
GALBDtex_num2,96.29042090558659,,,,
GALBDtex_num3,33.2825,,,,
GALBDtex_num4,96.29042090558659,,,,
GALBDtex_reverse_num1,94.81680000000001,,,,
GALBDtex_reverse_num2,96.29042090558659,,,,
GALBDtex_reverse_num3,33.2825,,,,
GALBDtex_reverse_num4,96.29042090558659,,,,
GALCTD,121.23861216232467,,,,
GALCTLO,130.15983707102805,1.0159,13.44841,60.77399063110352,3.1291870262378727
GALCTND,149.80799644754114,,,,
GALCTNLt2pp,23.0,23.1304,3.6422143,14.8695707321167,1.3310477468099775
GALCTNLtex_num1,94.81680000000001,,,,
GALCTNLtex_num2,96.29042090558659,,,,
GALCTNLtex_num3,96.29042090558659,,,,
GALCTNLtex_num4,33.2825,,,,
GALCTNLtex_reverse_num1,94.81680000000001,,,,
GALCTNLtex_reverse_num2,96.29042090558659,,,,
GALCTNLtex_reverse_num3,96.29042090558659,,,,
GALCTNLtex_reverse_num4,33.2825,,,,
GALCTNt2pp,23.0,5.9181,5.1328936,14.010107040405272,3.0734277155319725
GALCTNtex_num1,96.29042090558659,,,,
GALCTNtex_num2,33.2825,,,,
GALCTNtex_num3,94.81680000000001,,,,
GALCTNtex_num4,96.29042090558659,,,,
GALCTNtex_reverse_num1,96.29042090558659,,,,
GALCTNtex_reverse_num2,33.2825,,,,
GALCTNtex_reverse_num3,94.81680000000001,,,,
GALCTNtex_reverse_num4,96.29042090558659,,,,
GALCTt2rpp_num1,23.0,13.9216,20.117376,19.437274932861328,5.871081732760222
GALCTt2rpp_num2,23.0,,12.388634,15.794880867004396,9.661923757639329
GALCTt2rpp_reverse_num1,23.0,1.4303,20.117376,19.437274932861328,8.515326148078657
GALCTt2rpp_reverse_num2,23.0,,12.388634,15.794880867004396,3.2812691875889777
GALCTtex_num1,96.29042090558659,,,,
GALCTtex_num2,33.2825,,,,
GALCTtex_num3,94.81680000000001,,,,
GALCTtex_num4,96.29042090558659,,,,
GALCTtex_reverse_num1,96.29042090558659,,,,
GALCTtex_reverse_num2,33.2825,,,,
GALCTtex_reverse_num3,94.81680000000001,,,,
GALCTtex_reverse_num4,96.29042090558659,,,,
GALKr,143.92573340895575,4.2818,0.5228096,3.602996826171875,19.340076933523704
GALKr_reverse,143.92573340895575,2.7496,0.57536316,5.465901851654053,8.135649937618254
GALM2pp,149.80799644754114,,,,
GALS3,124.73964281862038,8.4714,1.0949519,17.609638214111328,6.017643171845462
GALT1,77.65641666666666,19.7853,1.8109659,6.409515857696533,4.869782303147899
GALTptspp,157.17088698230995,21.366,0.96225995,34.994239807128906,20.83005914936328
GALTtex_num1,96.29042090558659,,,,
GALTtex_num2,33.2825,,,,
GALTtex_num3,94.81680000000001,,,,
GALTtex_num4,96.29042090558659,,,,
GALTtex_reverse_num1,96.29042090558659,,,,
GALTtex_reverse_num2,33.2825,,,,
GALTtex_reverse_num3,94.81680000000001,,,,
GALTtex_reverse_num4,96.29042090558659,,,,
GALURt2rpp,23.0,18.8292,2.4142485,13.599187850952148,18.05149927356397
GALURt2rpp_reverse,23.0,0.2479,2.4142485,13.599187850952148,4.156262642575966
GALURtex_num1,96.29042090558659,,,,
GALURtex_num2,33.2825,,,,
GALURtex_num3,94.81680000000001,,,,
GALURtex_num4,96.29042090558659,,,,
GALURtex_reverse_num1,96.29042090558659,,,,
GALURtex_reverse_num2,33.2825,,,,
GALURtex_reverse_num3,94.81680000000001,,,,
GALURtex_reverse_num4,96.29042090558659,,,,
GALUi,121.23861216232467,0.6239,2.8486369,28.634557723999023,1.093068402983836
GALabcpp_num1,97.76404181117316,15.4804,6.139834,4.179769039154053,7.228125235384933
GALabcpp_num2,149.80799644754114,,5.203415,4.520028591156006,15.77574159368995
GALt2pp,23.0,0.4176,14.168937,13.797069549560549,0.46698776600873
GALtex_num1,96.29042090558659,,,,
GALtex_num2,33.2825,,,,
GALtex_num3,94.81680000000001,,,,
GALtex_num4,96.29042090558659,,,,
GALtex_reverse_num1,96.29042090558659,,,,
GALtex_reverse_num2,33.2825,,,,
GALtex_reverse_num3,94.81680000000001,,,,
GALtex_reverse_num4,96.29042090558659,,,,
GAM6Pt6_2pp,23.0,1.6841,3.0266292,8.987629890441895,3.9655254961728224
GAMAN6Ptex_num1,96.29042090558659,,,,
GAMAN6Ptex_num2,33.2825,,,,
GAMAN6Ptex_num3,94.81680000000001,,,,
GAMAN6Ptex_num4,96.29042090558659,,,,
GAMAN6Ptex_reverse_num1,96.29042090558659,,,,
GAMAN6Ptex_reverse_num2,33.2825,,,,
GAMAN6Ptex_reverse_num3,94.81680000000001,,,,
GAMAN6Ptex_reverse_num4,96.29042090558659,,,,
GAMptspp,152.62479040685164,31.4361,0.96225995,10.40248680114746,5.511913782654467
GAMtex_num1,96.29042090558659,,,,
GAMtex_num2,33.2825,,,,
GAMtex_num3,94.81680000000001,,,,
GAMtex_num4,96.29042090558659,,,,
GAMtex_reverse_num1,96.29042090558659,,,,
GAMtex_reverse_num2,33.2825,,,,
GAMtex_reverse_num3,94.81680000000001,,,,
GAMtex_reverse_num4,96.29042090558659,,,,
GAPD,115.69288473855742,4.7005,5.0541663,37.374267578125,18.05149927356397
GAPD_reverse,115.69288473855742,11.7552,2.276934,29.60462760925293,6.046301810920078
GAPP,149.80799644754114,1.5355,2.4035869,5.567705154418945,14.530183055053186
GARFT,152.62479040685164,18.973,10.316574,14.274473190307615,6.215517309103734
GARFT_reverse,152.62479040685164,71.3661,1.0008078,9.437145233154297,7.228125235384933
GART,115.69288473855748,36.21,4.772751,7.235834121704102,6.215517309103734
GBBTNtex_num1,96.29042090558659,,,,
GBBTNtex_num2,33.2825,,,,
GBBTNtex_num3,94.81680000000001,,,,
GBBTNtex_num4,96.29042090558659,,,,
GBBTNtex_reverse_num1,96.29042090558659,,,,
GBBTNtex_reverse_num2,33.2825,,,,
GBBTNtex_reverse_num3,94.81680000000001,,,,
GBBTNtex_reverse_num4,96.29042090558659,,,,
GCALDD,136.2454183611817,21.2776,17.762388,565.6089477539062,7.897718004824455
GDMANE,151.18324760891227,,,,
GDPDPK_num1,122.42412220751703,,,,
GDPDPK_num2,169.7465083415484,,,,
GDPMNH,152.62479040685164,1.1929,0.45364717,1.5478078126907349,5.688412376681967
GDPMNP,121.20698236312833,21.1682,10.056244,62.48566818237305,7.860189042422557
GDPTPDP,169.7465083415484,76.9646,0.44711304,4.290266036987305,3.802692970292663
GDPtex_num1,96.29042090558659,,,,
GDPtex_num2,94.81680000000001,,,,
GDPtex_num3,96.29042090558659,,,,
GDPtex_num4,33.2825,,,,
GDPtex_reverse_num1,96.29042090558659,,,,
GDPtex_reverse_num2,94.81680000000001,,,,
GDPtex_reverse_num3,96.29042090558659,,,,
GDPtex_reverse_num4,33.2825,,,,
GF6PTA,115.69288473855745,11.5776,6.329705,15.781052589416504,6.9899481650584585
GGGABADr,149.80799644754114,11.3485,19.748177,13.98477268218994,5.755455404706444
GGGABAH,121.23861216232467,123.7416,6.064143,7.064861297607422,3.3532252999997976
GGPTRCO,120.42138255624843,104.9765,10.842815,41.24076843261719,5.809898887901974
GGPTRCS,118.43411865124475,23.1115,23.440184,11.313726425170898,1.7950600977119433
GHBDHx,130.15983707102805,28.4418,87.033806,214.55455017089844,20.83005914936328
GHBDHx_reverse,130.15983707102805,16.893,46.842876,216.4400634765625,6.510910736437578
GHMT2r,121.23861216232467,201.1247,1.8481872,9.812714576721191,28.88367235458073
GHMT2r_reverse,121.23861216232467,146.4919,1.5548009,7.544720649719238,6.114933958500958
GK1,96.3,,,,
GK1_reverse,96.3,,,,
GLBRAN2,126.07375,,,,
GLCATr,220.78740210220099,4.3529,33.420895,4.451496124267578,20.83005914936328
GLCATr_reverse,220.78740210220099,13.3289,36.770157,2.114924430847168,9.490631515381825
GLCDpp_num1,217.91047351110052,0.0524,66.983734,55.09756088256836,3.0734277155319725
GLCDpp_num2,215.03354492000008,,24.95724,1368.1363525390625,10.285457757985752
GLCNt2rpp_num1,23.0,10.531,3.7192235,14.868906021118164,4.394049003149232
GLCNt2rpp_num2,23.0,,0.74449676,28.622377395629883,20.83005914936328
GLCNt2rpp_num3,23.0,,0.13512884,17.282459259033203,20.83005914936328
GLCNt2rpp_num4,23.0,,2.9870431,34.219730377197266,6.23463125887155
GLCNt2rpp_reverse_num1,23.0,0.9128,3.7192235,14.868906021118164,13.48862031151317
GLCNt2rpp_reverse_num2,23.0,,0.74449676,28.622377395629883,8.135649937618254
GLCNt2rpp_reverse_num3,23.0,,0.13512884,17.282459259033203,4.385833655294576
GLCNt2rpp_reverse_num4,23.0,,2.9870431,34.219730377197266,8.135649937618254
GLCNtex_num1,96.29042090558659,,,,
GLCNtex_num2,33.2825,,,,
GLCNtex_num3,94.81680000000001,,,,
GLCNtex_num4,96.29042090558659,,,,
GLCNtex_reverse_num1,96.29042090558659,,,,
GLCNtex_reverse_num2,33.2825,,,,
GLCNtex_reverse_num3,94.81680000000001,,,,
GLCNtex_reverse_num4,96.29042090558659,,,,
GLCP2_num1,126.07375,414.2609,,19.84067726135254,1.8495598103545416
GLCP2_num2,126.07375,,,17.111751556396484,3.5590811542674947
GLCP_num1,126.07375,2.762,,16.122690200805664,4.270573086341976
GLCP_num2,126.07375,8.0888,,18.14558982849121,4.3269544586335424
GLCRAL,147.8614375,,,,
GLCRD_num1,136.2454183611817,,,,
GLCRD_num2,130.15983707102805,,,,
GLCRt2rpp_num1,23.0,1.3803,12.388634,15.794880867004396,4.810772528691261
GLCRt2rpp_num2,23.0,,20.117376,19.437274932861328,8.645785370246568
GLCRt2rpp_reverse_num1,23.0,3.0561,12.388634,15.794880867004396,4.69157887104192
GLCRt2rpp_reverse_num2,23.0,,20.117376,19.437274932861328,6.80260369160666
GLCRtex_num1,96.29042090558659,,,,
GLCRtex_num2,33.2825,,,,
GLCRtex_num3,94.81680000000001,,,,
GLCRtex_num4,96.29042090558659,,,,
GLCRtex_reverse_num1,96.29042090558659,,,,
GLCRtex_reverse_num2,33.2825,,,,
GLCRtex_reverse_num3,94.81680000000001,,,,
GLCRtex_reverse_num4,96.29042090558659,,,,
GLCS1,152.5584987702834,,,,
GLCTR1,76.35248958333332,39.4562,0.41376016,5.735464096069336,3.2366721193974084
GLCTR2,189.6850202355557,18.4695,0.42271364,5.228003025054932,1.4788533079519324
GLCTR3,77.65641666666666,22.3013,0.22388269,9.104541778564451,3.3994228655129484
GLCUR1Ptex_num1,96.29042090558659,,,,
GLCUR1Ptex_num2,33.2825,,,,
GLCUR1Ptex_num3,94.81680000000001,,,,
GLCUR1Ptex_num4,96.29042090558659,,,,
GLCUR1Ptex_reverse_num1,96.29042090558659,,,,
GLCUR1Ptex_reverse_num2,33.2825,,,,
GLCUR1Ptex_reverse_num3,94.81680000000001,,,,
GLCUR1Ptex_reverse_num4,96.29042090558659,,,,
GLCURt2rpp_num1,23.0,0.9422,4.060252,30.58156394958496,8.06523027060146
GLCURt2rpp_num2,23.0,,2.4142485,13.599187850952148,8.645785370246568
GLCURt2rpp_reverse_num1,23.0,24.2449,4.060252,30.58156394958496,2.5334831685657355
GLCURt2rpp_reverse_num2,23.0,,2.4142485,13.599187850952148,8.135649937618254
GLCURtex_num1,96.29042090558659,,,,
GLCURtex_num2,33.2825,,,,
GLCURtex_num3,94.81680000000001,,,,
GLCURtex_num4,96.29042090558659,,,,
GLCURtex_reverse_num1,96.29042090558659,,,,
GLCURtex_reverse_num2,33.2825,,,,
GLCURtex_reverse_num3,94.81680000000001,,,,
GLCURtex_reverse_num4,96.29042090558659,,,,
GLCabcpp,97.76404181117316,607.9257,6.139834,4.179769039154053,4.09308114300775
GLCptspp_num1,189.6850202355557,79.3853,0.96225995,6.122900009155273,20.83005914936328
GLCptspp_num2,189.6850202355557,,4.3571973,6.122900009155273,10.397610637812583
GLCptspp_num3,152.62479040685164,,0.96225995,10.40248680114746,180.06711306374774
GLCt2pp,23.0,3.704,14.168937,13.797069549560549,2.85438361193464
GLCtex_copy1,117.94906666660009,,,,
GLCtex_copy2_num1,33.2825,,,,
GLCtex_copy2_num2,94.81680000000001,,,,
GLCtex_copy2_num3,96.29042090558659,,,,
GLCtex_copy2_num4,96.29042090558659,,,,
GLCtex_copy2_reverse_num1,33.2825,,,,
GLCtex_copy2_reverse_num2,94.81680000000001,,,,
GLCtex_copy2_reverse_num3,96.29042090558659,,,,
GLCtex_copy2_reverse_num4,96.29042090558659,,,,
GLDBRAN2,159.765,,,,
GLGC,102.75535423891992,21.6201,21.118366,23.99738502502441,33.66240634310002
GLNS,136.71153247522938,22.7638,24.600733,33.18653106689453,5.755455404706444
GLNabcpp,95.24044837478661,41.3802,1.5575699,15.154284477233888,4.810772528691261
GLNtex_num1,96.29042090558659,,,,
GLNtex_num2,94.81680000000001,,,,
GLNtex_num3,96.29042090558659,,,,
GLNtex_num4,33.2825,,,,
GLNtex_reverse_num1,96.29042090558659,,,,
GLNtex_reverse_num2,94.81680000000001,,,,
GLNtex_reverse_num3,96.29042090558659,,,,
GLNtex_reverse_num4,33.2825,,,,
GLTPD,149.80799644754114,7.7325,4.7464695,25.06496238708496,6.8355268848679405
GLTPD_reverse,149.80799644754114,0.0527,3.4935849,22.251182556152344,5.604573325175639
GLU5K,151.18324760891227,0.3862,34.63835,24.76726722717285,4.969088056880007
GLUABUTt7pp,23.0,110.1435,8.404914,22.656192779541016,6.910340159663062
GLUABUTt7pp_reverse,23.0,2.4587,8.404914,22.656192779541016,28.88367235458073
GLUCYS,129.20025527297207,0.7308,20.986946,39.7607536315918,6.9899481650584585
GLUDC_num1,126.3166780801852,5.6239,23.406326,20.62967300415039,1.3423129350260046
GLUDC_num2,126.3166780801852,,24.415285,21.199443817138672,10.400376497266745
GLUDy,132.2430459180489,24.2732,49.876423,195.9360198974609,1.2556971297984412
GLUDy_reverse,132.2430459180489,1.0243,96.43063,294.3305358886719,8.06523027060146
GLUN_num1,143.25976446138526,15.4988,0.7698157,89.16374206542969,6.9899481650584585
GLUN_num2,143.25976446138526,,9.504004,83.79824829101562,4.3269544586335424
GLUNpp,157.17088698230995,1.3123,1.532242,39.7823371887207,8.375467515442104
GLUPRT,98.49306668197663,20.1878,2.3038533,8.483142852783203,3.2271986671626283
GLUR,123.60963225270937,,,,
GLUR_reverse,123.60963225270937,,,,
GLUSy,116.93499317391652,17.8125,2.8975344,53.093692779541016,83.54885239895054
GLUTRR,121.23861216232467,2.8235,,45.6033821105957,1.8285950820925496
GLUTRS,97.61360481285834,2.232,16.049795,3.173441171646118,4.810772528691261
GLUabcpp,97.76404181117316,5.0988,17.243525,24.663986206054688,5.359793510374774
GLUt2rpp,23.0,0.5982,36.596603,23.74148368835449,6.910340159663062
GLUt2rpp_reverse,23.0,4.3328,36.596603,23.74148368835449,3.2812691875889777
GLUt4pp,28.14125,8.6436,29.33427,14.009480476379396,6.910340159663062
GLUtex_num1,96.29042090558659,,,,
GLUtex_num2,33.2825,,,,
GLUtex_num3,94.81680000000001,,,,
GLUtex_num4,96.29042090558659,,,,
GLUtex_reverse_num1,96.29042090558659,,,,
GLUtex_reverse_num2,33.2825,,,,
GLUtex_reverse_num3,94.81680000000001,,,,
GLUtex_reverse_num4,96.29042090558659,,,,
GLXCL,121.23861216232467,8.3532,3.9058974,18.31461524963379,180.06711306374774
GLYALDtex_num1,96.29042090558659,,,,
GLYALDtex_num2,33.2825,,,,
GLYALDtex_num3,94.81680000000001,,,,
GLYALDtex_num4,96.29042090558659,,,,
GLYALDtex_reverse_num1,96.29042090558659,,,,
GLYALDtex_reverse_num2,33.2825,,,,
GLYALDtex_reverse_num3,94.81680000000001,,,,
GLYALDtex_reverse_num4,96.29042090558659,,,,
GLYALDtpp,33.2825,,,,
GLYALDtpp_reverse,33.2825,,,,
GLYAT,128.2406734749161,3396.088,1.0401821,1.551912546157837,4.588231538118686
GLYAT_reverse,128.2406734749161,1.8265,1.1183321,1.6968857049942017,6.47591517554057
GLYBabcpp_num1,90.65907860738318,38.8403,1.6333835,19.98031997680664,4.423306762159818
GLYBabcpp_num2,90.65907860738318,,3.788559,18.982484817504883,18.05149927356397
GLYBt2pp_num1,23.0,0.2747,8.920684,36.318973541259766,3.646767652551578
GLYBt2pp_num2,23.0,,4.041144,15.8236083984375,1.9478357779327689
GLYBt3pp,33.2825,9.3635,4.1972785,18.734582901000977,16.06936027515672
GLYBtex_num1,96.29042090558659,,,,
GLYBtex_num2,33.2825,,,,
GLYBtex_num3,94.81680000000001,,,,
GLYBtex_num4,96.29042090558659,,,,
GLYBtex_reverse_num1,96.29042090558659,,,,
GLYBtex_reverse_num2,33.2825,,,,
GLYBtex_reverse_num3,94.81680000000001,,,,
GLYBtex_reverse_num4,96.29042090558659,,,,
GLYC2Pabcpp,124.33102801558226,4.7347,3.2565188,8.750226020812988,12.166493689076262
GLYC2Ptex_num1,96.29042090558659,,,,
GLYC2Ptex_num2,33.2825,,,,
GLYC2Ptex_num3,94.81680000000001,,,,
GLYC2Ptex_num4,96.29042090558659,,,,
GLYC2Ptex_reverse_num1,96.29042090558659,,,,
GLYC2Ptex_reverse_num2,33.2825,,,,
GLYC2Ptex_reverse_num3,94.81680000000001,,,,
GLYC2Ptex_reverse_num4,96.29042090558659,,,,
GLYC3Pabcpp,124.33102801558226,13.5919,3.177514,8.750226020812988,17.2874862383104
GLYC3Pt6pp,23.0,2.0935,3.3241608,17.45770263671875,2.83415341835266
GLYC3Ptex_num1,96.29042090558659,,,,
GLYC3Ptex_num2,33.2825,,,,
GLYC3Ptex_num3,94.81680000000001,,,,
GLYC3Ptex_num4,96.29042090558659,,,,
GLYC3Ptex_reverse_num1,96.29042090558659,,,,
GLYC3Ptex_reverse_num2,33.2825,,,,
GLYC3Ptex_reverse_num3,94.81680000000001,,,,
GLYC3Ptex_reverse_num4,96.29042090558659,,,,
GLYCAt2rpp_num1,23.0,2.6257,4.900151,15.794880867004396,4.505918121530305
GLYCAt2rpp_num2,23.0,,7.051513,19.437274932861328,20.83005914936328
GLYCAt2rpp_reverse_num1,23.0,1.0335,4.900151,15.794880867004396,9.38360738254706
GLYCAt2rpp_reverse_num2,23.0,,7.051513,19.437274932861328,3.010689729782688
GLYCAtex_num1,96.29042090558659,,,,
GLYCAtex_num2,33.2825,,,,
GLYCAtex_num3,94.81680000000001,,,,
GLYCAtex_num4,96.29042090558659,,,,
GLYCAtex_reverse_num1,96.29042090558659,,,,
GLYCAtex_reverse_num2,33.2825,,,,
GLYCAtex_reverse_num3,94.81680000000001,,,,
GLYCAtex_reverse_num4,96.29042090558659,,,,
GLYCDx,129.20025527297207,8.3986,12.593827,16.272146224975586,4.074876182746937
GLYCK,189.6850202355557,115.4018,24.316734,26.99163055419922,5.2469593410977335
GLYCK2,205.72000000000008,99.507,5.5636954,26.967998504638672,3.285088381901868
GLYCL,120.50274604186052,37.2716,7.3200974,13.59857940673828,28.88367235458073
GLYCLTDx_num1,124.73964281862038,16.6244,41.280308,19.29294776916504,69.5562354139795
GLYCLTDx_num2,153.48944171492553,,3.662039,23.44367218017578,180.06711306374774
GLYCLTDy_num1,153.48944171492553,0.2826,3.662039,30.3319091796875,1.9562772055410185
GLYCLTDy_num2,124.73964281862038,,41.280308,22.01556968688965,9.674936837183308
GLYCLTt2rpp_num1,23.0,9.0659,26.820246,10.147160530090332,6.9899481650584585
GLYCLTt2rpp_num2,23.0,,18.837498,11.09506893157959,15.77574159368995
GLYCLTt2rpp_reverse_num1,23.0,6.2521,26.820246,10.147160530090332,4.314301481939048
GLYCLTt2rpp_reverse_num2,23.0,,18.837498,11.09506893157959,8.135649937618254
GLYCLTt4pp,28.14125,1.971,5.9805403,22.610332489013672,2.83415341835266
GLYCLTtex_num1,96.29042090558659,,,,
GLYCLTtex_num2,33.2825,,,,
GLYCLTtex_num3,94.81680000000001,,,,
GLYCLTtex_num4,96.29042090558659,,,,
GLYCLTtex_reverse_num1,96.29042090558659,,,,
GLYCLTtex_reverse_num2,33.2825,,,,
GLYCLTtex_reverse_num3,94.81680000000001,,,,
GLYCLTtex_reverse_num4,96.29042090558659,,,,
GLYCTO2,136.2454183611817,0.3502,11.90347,10.960381507873535,9.674936837183308
GLYCTO3,136.2454183611817,0.6548,1.3735596,10.960381507873535,9.674936837183308
GLYCTO4,136.2454183611817,0.525,11.90347,10.638911247253418,9.674936837183308
GLYCtex_num1,96.29042090558659,,,,
GLYCtex_num2,33.2825,,,,
GLYCtex_num3,94.81680000000001,,,,
GLYCtex_num4,96.29042090558659,,,,
GLYCtex_reverse_num1,96.29042090558659,,,,
GLYCtex_reverse_num2,33.2825,,,,
GLYCtex_reverse_num3,94.81680000000001,,,,
GLYCtex_reverse_num4,96.29042090558659,,,,
GLYCtpp_num2,33.2825,,,,
GLYCtpp_reverse_num2,33.2825,,,,
GLYK,149.80799644754114,2.4687,64.16292,214.8651428222656,8.135649937618254
GLYOX,205.72000000000008,3.2974,52.254524,77.94377136230469,3.541144371740768
GLYOX3,137.33728571428568,4.4233,8.72062,2.212374210357666,6.361344157449999
GLYt2pp_num1,23.0,23.1032,3.5805326,36.318973541259766,2.312153051635714
GLYt2pp_num2,23.0,,2.5095842,36.413177490234375,2.6182215851292328
GLYt4pp,27.0,3.6937,4.579072,20.64867401123047,1.9351718123726127
GLYtex_num1,96.29042090558659,,,,
GLYtex_num2,33.2825,,,,
GLYtex_num3,94.81680000000001,,,,
GLYtex_num4,96.29042090558659,,,,
GLYtex_reverse_num1,96.29042090558659,,,,
GLYtex_reverse_num2,33.2825,,,,
GLYtex_reverse_num3,94.81680000000001,,,,
GLYtex_reverse_num4,96.29042090558659,,,,
GLYtpp,33.2825,,,,
GLYtpp_reverse,33.2825,,,,
GMAND,115.09424085382415,,,,
GMHEPAT,101.46981508671729,3.4309,5.6368747,5.211837291717529,7.020495826429408
GMHEPK,101.46981508671729,0.3107,3.568673,5.059199810028076,4.680576033440474
GMHEPPA,151.18324760891227,20.0191,0.20528434,12.812579154968262,3.458785725827373
GMPR,123.60963225270937,,,,
GMPS,97.46316781454354,,,,
GMPS2,97.46316781454354,0.6813,19.228043,1.4479137659072876,7.8337863355112125
GMPtex_num1,94.81680000000001,,,,
GMPtex_num2,96.29042090558659,,,,
GMPtex_num3,33.2825,,,,
GMPtex_num4,96.29042090558659,,,,
GMPtex_reverse_num1,94.81680000000001,,,,
GMPtex_reverse_num2,96.29042090558659,,,,
GMPtex_reverse_num3,33.2825,,,,
GMPtex_reverse_num4,96.29042090558659,,,,
GND,151.2163934271964,9.6951,13.243044,28.950477600097656,7.228125235384933
GNK_num1,123.60963225270937,2.3817,7.448855,12.598689079284668,10.397610637812583
GNK_num2,152.5584987702834,,10.637656,5.985688209533691,8.509523323516037
GNP_num1,149.80799644754114,3.8131,2.0845914,8.132019996643066,9.18177074388264
GNP_num2,189.6850202355557,,3.1137478,4.028293609619141,14.530183055053186
GOFUCR,151.18324760891227,0.5193,12.289509,8.288029670715332,4.025296115880147
GP4GH,152.62479040685164,1.2302,1.6610396,1.5478078126907349,1.5981374302329847
GPDDA1,118.43411865124475,0.1387,0.3899822,1.5024104118347168,6.130754302507611
GPDDA1pp,157.17088698230995,2.3748,4.541638,12.437339782714844,4.426404866202988
GPDDA2,118.43411865124475,10.2422,0.24626474,2.212373733520508,7.228125235384933
GPDDA2pp,157.17088698230995,3.15,4.8248634,43.42340850830078,19.07447150904677
GPDDA3,118.43411865124475,31.4361,0.40736687,2.279223680496216,7.596548103944305
GPDDA3pp,157.17088698230995,1.007,3.2656677,36.32059860229492,3.1252965813617424
GPDDA4,118.43411865124475,22.3399,0.60514337,2.724944591522217,4.2102808645197
GPDDA4pp,157.17088698230995,2.6025,2.6835854,43.42340850830078,3.1252965813617424
GPDDA5,118.43411865124475,1.4882,,4.012614727020264,1.753423246287524
GPDDA5pp,157.17088698230995,4.4414,,60.247257232666016,3.4970581729433903
GRTT,97.76404181117316,3.7618,14.597998,1.8013514280319214,1.0753295983857736
GRXR_num1,136.6667,12.0836,25.583246,3.7125518321990967,6.7859805272721
GRXR_num2,206.75125446366417,,2.0189118,11.954507827758787,6.7859805272721
GRXR_num3,177.7639982237706,,32.54478,7.80898380279541,6.7859805272721
GRXR_num4,197.70251011777788,,8.972972,7.421438694000244,6.7859805272721
GSNK,138.0434703703704,0.0714,0.8271429,8.361897468566895,5.538464125057844
GSNt2pp,23.0,2.2075,3.4772143,18.34995651245117,1.4512741922385004
GSNt3pp,23.0,7.8642,3.7027497,16.749155044555664,6.814832905594133
GSNtex_num1,96.29042090558659,,,,
GSNtex_num2,33.2825,,,,
GSNtex_num3,94.81680000000001,,,,
GSNtex_num4,96.29042090558659,,,,
GSNtex_reverse_num1,96.29042090558659,,,,
GSNtex_reverse_num2,33.2825,,,,
GSNtex_reverse_num3,94.81680000000001,,,,
GSNtex_reverse_num4,96.29042090558659,,,,
GSPMDA,149.80799644754114,11.8865,2.2820523,9.513751983642578,5.160646713364276
GSPMDS,149.80799644754114,3.4773,6.5032516,7.6955485343933105,6.060764487736015
GTHOXtex_num1,96.29042090558659,,,,
GTHOXtex_num2,33.2825,,,,
GTHOXtex_num3,94.81680000000001,,,,
GTHOXtex_num4,96.29042090558659,,,,
GTHOXtex_reverse_num1,96.29042090558659,,,,
GTHOXtex_reverse_num2,33.2825,,,,
GTHOXtex_reverse_num3,94.81680000000001,,,,
GTHOXtex_reverse_num4,96.29042090558659,,,,
GTHOr,136.2454183611817,281.2036,26.916386,42.92381286621094,44.34528247676063
GTHOr_reverse,136.2454183611817,11.2443,14.95324,11.583633422851562,6.334036791279153
GTHPi,264.02260676912516,2.5285,13.193862,7.167385101318359,1.966318786132856
GTHRDHpp,121.175352563932,7.5658,3.0065448,31.296167373657227,4.505918121530305
GTHRDabc2pp,75.41,35.0821,0.19664213,5.082626819610596,2.30758992115931
GTHRDabcpp,97.76404181117316,1.5902,2.1322162,7.172702312469482,4.26478635416554
GTHRDtex_num1,96.29042090558659,,,,
GTHRDtex_num2,33.2825,,,,
GTHRDtex_num3,94.81680000000001,,,,
GTHRDtex_num4,96.29042090558659,,,,
GTHRDtex_reverse_num1,96.29042090558659,,,,
GTHRDtex_reverse_num2,33.2825,,,,
GTHRDtex_reverse_num3,94.81680000000001,,,,
GTHRDtex_reverse_num4,96.29042090558659,,,,
GTHS,120.79836756009021,44.6556,6.184928,12.4002046585083,31.742121195274308
GTPCI,111.56671905769795,,,,
GTPCII2,130.82655131153987,,,,
GTPDPDP,127.84799264569241,0.545,11.898109,11.09658908843994,4.684829888306348
GTPDPK,122.42412220751703,,,,
GTPtex_num1,33.2825,,,,
GTPtex_num2,96.29042090558659,,,,
GTPtex_num3,96.29042090558659,,,,
GTPtex_num4,94.81680000000001,,,,
GTPtex_reverse_num1,33.2825,,,,
GTPtex_reverse_num2,96.29042090558659,,,,
GTPtex_reverse_num3,96.29042090558659,,,,
GTPtex_reverse_num4,94.81680000000001,,,,
GUAD,136.2454183611817,2.7571,0.599979,7.44207763671875,4.3269544586335424
GUAPRT_num1,94.17970893894358,3.3984,1.2107283,6.037717342376709,6.47591517554057
GUAPRT_num2,92.71685493840006,,2.8448584,43.56171417236328,38.4344729658555
GUAt2pp,23.0,3.4012,1.2238584,35.36833572387695,6.060764487736015
GUAtex,179.45385264683853,,,,
GUAtex_reverse,179.45385264683853,,,,
GUAtpp_num1,23.0,,,,
GUAtpp_num2,23.0,,,,
GUAtpp_reverse_num1,23.0,,,,
GUAtpp_reverse_num2,23.0,,,,
GUI1,156.66356922976513,,,,
GUI1_reverse,156.66356922976513,,,,
GUI2,156.66356922976513,,,,
GUI2_reverse,156.66356922976513,,,,
H2O2tex_num1,96.29042090558659,,,,
H2O2tex_num2,33.2825,,,,
H2O2tex_num3,94.81680000000001,,,,
H2O2tex_num4,96.29042090558659,,,,
H2O2tex_reverse_num1,96.29042090558659,,,,
H2O2tex_reverse_num2,33.2825,,,,
H2O2tex_reverse_num3,94.81680000000001,,,,
H2O2tex_reverse_num4,96.29042090558659,,,,
H2Otex_num1,96.29042090558659,,,,
H2Otex_num2,96.29042090558659,,,,
H2Otex_num3,116.15819206211874,,,,
H2Otex_num4,62.99967746920003,,,,
H2Otex_num6,206.75125446366417,,,,
H2Otex_num7,33.2825,,,,
H2Otex_num8,94.81680000000001,,,,
H2Otex_reverse_num1,96.29042090558659,,,,
H2Otex_reverse_num2,96.29042090558659,,,,
H2Otex_reverse_num3,116.15819206211874,,,,
H2Otex_reverse_num4,62.99967746920003,,,,
H2Otex_reverse_num6,206.75125446366417,,,,
H2Otex_reverse_num7,33.2825,,,,
H2Otex_reverse_num8,94.81680000000001,,,,
H2Otpp_num2,23.0,,,,
H2Otpp_reverse_num2,23.0,,,,
H2Stex_num1,33.2825,,,,
H2Stex_num2,96.29042090558659,,,,
H2Stex_num3,96.29042090558659,,,,
H2Stex_num4,94.81680000000001,,,,
H2Stex_reverse_num1,33.2825,,,,
H2Stex_reverse_num2,96.29042090558659,,,,
H2Stex_reverse_num3,96.29042090558659,,,,
H2Stex_reverse_num4,94.81680000000001,,,,
H2tex_num1,96.29042090558659,,,,
H2tex_num2,33.2825,,,,
H2tex_num3,94.81680000000001,,,,
H2tex_num4,96.29042090558659,,,,
H2tex_reverse_num1,96.29042090558659,,,,
H2tex_reverse_num2,33.2825,,,,
H2tex_reverse_num3,94.81680000000001,,,,
H2tex_reverse_num4,96.29042090558659,,,,
HACD1_num1,120.42138255624843,5.1362,7.752379,37.307716369628906,2.5334831685657355
HACD1_num2,133.20262771610487,2.3523,4.1393375,34.24163055419922,8.735721749952106
HACD1_reverse_num1,120.42138255624843,99.7904,9.229721,33.3842658996582,6.046301810920078
HACD1_reverse_num2,133.20262771610487,,6.1889906,29.13551521301269,4.810772528691261
HACD2_num1,120.42138255624843,8.2308,12.391752,36.21347427368164,2.6727577653253696
HACD2_num2,133.20262771610487,1.716,7.888451,32.2624626159668,8.735721749952106
HACD2_reverse_num1,120.42138255624843,3.4228,10.152053,29.636564254760746,7.759480633406317
HACD2_reverse_num2,133.20262771610487,,7.4045267,24.36979103088379,4.132205446681373
HACD3_num1,120.42138255624843,8.905,8.906341,34.12032699584961,1.8744879469845963
HACD3_num2,133.20262771610487,,5.171332,30.397687911987305,2.30758992115931
HACD3_reverse_num1,120.42138255624843,0.754,8.367027,27.10456275939941,6.154294957250831
HACD3_reverse_num2,133.20262771610487,,5.972689,32.819854736328125,2.0469354936451434
HACD4_num1,120.42138255624843,24.9526,7.1915164,34.12032699584961,2.974249578668444
HACD4_num2,133.20262771610487,3.6878,4.2129574,31.316198348999023,4.3269544586335424
HACD4_reverse_num1,120.42138255624843,42.1838,5.218399,31.454648971557617,3.709008719383553
HACD4_reverse_num2,133.20262771610487,,3.9622028,25.86477851867676,4.810772528691261
HACD5_num1,120.42138255624843,0.5577,5.3152924,35.15132522583008,2.1115375790563813
HACD5_num2,133.20262771610487,0.2538,2.862277,17.266300201416016,4.3269544586335424
HACD5_reverse_num1,120.42138255624843,1.7516,7.7727127,32.40509796142578,6.046301810920078
HACD5_reverse_num2,133.20262771610487,,3.4468417,27.451478958129883,3.520606330975931
HACD6_num1,120.42138255624843,0.0003,4.9309716,34.12032699584961,2.316716327647813
HACD6_num2,133.20262771610487,92.6543,3.2430248,30.397687911987305,2.6727577653253696
HACD6_reverse_num1,120.42138255624843,1.1825,4.9041224,32.40509796142578,4.225192656758105
HACD6_reverse_num2,133.20262771610487,,2.2149014,27.451478958129883,4.810772528691261
HACD7_num1,133.20262771610487,1.5712,1.5050311,31.316198348999023,2.641959074618462
HACD7_num2,120.42138255624843,3.2977,3.3183417,34.12032699584961,4.3269544586335424
HACD7_reverse_num1,133.20262771610487,0.0007,1.8680228,27.451478958129883,4.810772528691261
HACD7_reverse_num2,120.42138255624843,,3.8757296,32.40509796142578,4.132205446681373
HACD8_num1,120.42138255624843,0.4567,3.9653177,34.12032699584961,1.3800644610349209
HACD8_num2,133.20262771610487,,2.0506191,31.316198348999023,3.9123352524916633
HACD8_reverse_num1,120.42138255624843,9.6656,4.9317956,32.40509796142578,5.265135685472943
HACD8_reverse_num2,133.20262771610487,,3.4403045,27.451478958129883,
HADPCOADH3,160.70234805267864,20.3751,2.8459074,30.42586135864257,2.5529798932455594
HADPCOADH3_reverse,160.70234805267864,1.4882,2.14505,42.75093078613281,11.311990667194513
HBZOPT,98.1285542465749,1.8957,0.6022389,2.127713680267334,3.810021688122154
HCINNMt2rpp,28.14125,5.8575,6.6973987,24.19306945800781,2.83415341835266
HCINNMt2rpp_reverse,28.14125,2.9131,6.6973987,24.19306945800781,0.0417082342498217
HCINNMtex_num1,96.29042090558659,,,,
HCINNMtex_num2,33.2825,,,,
HCINNMtex_num3,94.81680000000001,,,,
HCINNMtex_num4,96.29042090558659,,,,
HCINNMtex_reverse_num1,96.29042090558659,,,,
HCINNMtex_reverse_num2,33.2825,,,,
HCINNMtex_reverse_num3,94.81680000000001,,,,
HCINNMtex_reverse_num4,96.29042090558659,,,,
HCO3E_num1,207.78250892732828,,,,
HCO3E_num2,237.538568721655,,,,
HCO3E_reverse_num1,207.78250892732828,1.6135,7338.987,15.207134246826172,11.424475857554716
HCO3E_reverse_num2,237.538568721655,,652.8338,23.04865074157715,5.171331930782302
HCYSMT,122.42412220751703,8.7636,0.28746533,1.4168113470077517,4.765863679138536
HCYSMT2,122.42412220751703,1.2381,0.1591725,1.2946319580078125,4.810772528691261
HDCAtexi,206.75125446366417,,,,
HDCEAtexi,206.75125446366417,,,,
HEMEOS,160.70234805267864,0.5907,0.7504094,,2.6014665750227497
HEPK1,136.70881435012527,16.841,0.07250937,4.7975263595581055,11.464474328261756
HEPK2,121.175352563932,16.8416,,2.152080535888672,3.5278048339909347
HEPT1,97.76404181117316,7.9647,0.18493369,2.153179168701172,1.348839596703393
HEPT2,115.69288473855742,16.796,0.17685097,5.942718505859375,3.2366721193974084
HEPT3,97.61360481285834,16.6188,0.91552967,4.0126142501831055,4.0723701505263925
HEPT4,67.225,3.5777,0.28027734,2.935235023498535,1.607791776275416
HETZK,151.18324760891227,4.2211,2.0227985,3.629236221313477,1.6542749457984318
HEX1,154.8978386945808,9.6729,52.614502,12.520874977111816,4.693689902714916
HEX7,129.20025527297207,0.2018,21.102129,14.009480476379396,19.340076933523704
HEXt2rpp,23.0,0.0152,3.7475173,25.15697860717773,3.0876692428883983
HEXt2rpp_reverse,23.0,9.5138,3.7475173,25.15697860717773,5.277687913692756
HG2abcpp,75.41,,,,
HG2t3pp,75.41,,,,
HG2tex_num1,96.29042090558659,,,,
HG2tex_num2,33.2825,,,,
HG2tex_num3,94.81680000000001,,,,
HG2tex_num4,96.29042090558659,,,,
HG2tex_reverse_num1,96.29042090558659,,,,
HG2tex_reverse_num2,33.2825,,,,
HG2tex_reverse_num3,94.81680000000001,,,,
HG2tex_reverse_num4,96.29042090558659,,,,
HISTD,160.70234805267864,2.9925,6.6102967,10.16239070892334,4.869782303147899
HISTP,151.18324760891227,7.7255,9.889331,21.82704734802246,2.4910027961204
HISabcpp,70.22331772965363,310.8612,3.2845616,20.9307918548584,27.531334806221064
HISt2rpp,23.0,0.1334,10.245887,43.46313095092773,59.507895368453305
HISt2rpp_reverse,23.0,118.1923,10.245887,43.46313095092773,0.1364779241259755
HIStex_num1,96.29042090558659,,,,
HIStex_num2,33.2825,,,,
HIStex_num3,94.81680000000001,,,,
HIStex_num4,96.29042090558659,,,,
HIStex_reverse_num1,96.29042090558659,,,,
HIStex_reverse_num2,33.2825,,,,
HIStex_reverse_num3,94.81680000000001,,,,
HIStex_reverse_num4,96.29042090558659,,,,
HKNDDH,121.20698236312833,4.0045,11.858485,26.177021026611328,7.384072864824513
HKNTDH,121.20698236312833,13.7227,9.313933,24.663986206054688,6.97192302574174
HMBS,152.59164458856753,13.2492,8.490509,10.741059303283691,10.397610637812583
HMPK1_num1,128.2406734749161,27.0167,0.9913944,0.9080373048782348,2.97733537733062
HMPK1_num2,136.71153247522938,2.7339,0.14549273,2.0735483169555664,8.645785370246568
HOMt2pp_num1,33.2825,3.8526,4.197102,34.2525634765625,6.47591517554057
HOMt2pp_num2,23.0,,3.102055,13.308917999267578,8.999702292651358
HOMtex_num1,96.29042090558659,,,,
HOMtex_num2,33.2825,,,,
HOMtex_num3,94.81680000000001,,,,
HOMtex_num4,96.29042090558659,,,,
HOMtex_reverse_num1,96.29042090558659,,,,
HOMtex_reverse_num2,33.2825,,,,
HOMtex_reverse_num3,94.81680000000001,,,,
HOMtex_reverse_num4,96.29042090558659,,,,
HOPNTAL,121.20698236312833,,,,
HPACOAT,160.70234805267864,4.5124,,22.95058250427246,8.056529141938169
HPPK2,125.92515286381274,0.5046,1.5625232,0.9231266975402832,9.525367628761076
HPPPNDO,121.23861216232467,129.3837,3.2613995,13.199729919433594,9.432264314216438
HPPPNt2rpp,28.14125,1.9929,7.091316,24.19306945800781,2.458310668233155
HPPPNt2rpp_reverse,28.14125,3.4109,7.091316,24.19306945800781,28.88367235458073
HPPPNtex_num1,96.29042090558659,,,,
HPPPNtex_num2,94.81680000000001,,,,
HPPPNtex_num3,96.29042090558659,,,,
HPPPNtex_num4,33.2825,,,,
HPPPNtex_reverse_num1,96.29042090558659,,,,
HPPPNtex_reverse_num2,94.81680000000001,,,,
HPPPNtex_reverse_num3,96.29042090558659,,,,
HPPPNtex_reverse_num4,33.2825,,,,
HPYRI,158.49685536662776,,,,
HPYRI_reverse,158.49685536662776,,,,
HPYRP,118.43411865124475,0.8385,1.4488173,2.662317514419556,1.6322509915927117
HPYRRx_num1,153.48944171492553,361.8587,3.6283321,24.881845474243164,8.135649937618254
HPYRRx_num2,124.73964281862038,,50.765903,21.0952205657959,7.228125235384933
HPYRRy_num1,153.48944171492553,0.9443,3.6283321,32.192649841308594,0.9306493286838624
HPYRRy_num2,124.73964281862038,,50.765903,23.366134643554688,2.6625568020389947
HSDy_num1,128.2406734749161,4.0195,25.551483,13.560916900634766,4.108762017433821
HSDy_num2,136.2454183611817,,14.202385,9.834490776062012,2.8789928418702604
HSDy_reverse_num1,128.2406734749161,3.693,56.686153,15.275766372680664,0.804671281974783
HSDy_reverse_num2,136.2454183611817,,31.71935,12.903910636901855,6.97192302574174
HSK,121.23861216232467,15.9745,1.6554254,3.173168182373047,7.228125235384933
HSST,158.9366175174943,4.0405,1.0769033,9.756704330444336,8.06523027060146
HSTPT,136.2454183611817,10.8248,2.8124285,65.67862701416016,10.397610637812583
HXAND,136.2454183611817,16.841,2.2229195,33.51993179321289,3.2366721193974084
HXAtex_num1,96.29042090558659,,,,
HXAtex_num2,33.2825,,,,
HXAtex_num3,94.81680000000001,,,,
HXAtex_num4,96.29042090558659,,,,
HXAtex_reverse_num1,96.29042090558659,,,,
HXAtex_reverse_num2,33.2825,,,,
HXAtex_reverse_num3,94.81680000000001,,,,
HXAtex_reverse_num4,96.29042090558659,,,,
HXCT,121.20698236312833,18.5121,2.6441765,1.7817119359970093,29.39165891366132
HXPRT_num1,92.71685493840006,122.3676,2.8448584,35.36759948730469,5.32062846472089
HXPRT_num2,94.17970893894358,3.7526,1.2107283,5.860630512237549,7.008712984588747
HYD1pp_num1,120.50274604186052,,,,
HYD1pp_num2,121.20698236312833,,,,
HYD1pp_num3,115.69288473855748,,,,
HYD2pp_num1,121.20698236312833,45.7136,1.9006628,32.0045051574707,10.343030383997991
HYD2pp_num2,120.50274604186052,,1.3062776,55.09756088256836,10.16403937479348
HYD3pp_num1,121.20698236312833,4.3804,1.9462248,32.0045051574707,20.83005914936328
HYD3pp_num2,120.50274604186052,,1.2738229,56.76241683959961,6.334036791279153
HYXNtex_num1,94.81680000000001,,,,
HYXNtex_num2,96.29042090558659,,,,
HYXNtex_num3,33.2825,,,,
HYXNtex_num4,96.29042090558659,,,,
HYXNtex_reverse_num1,94.81680000000001,,,,
HYXNtex_reverse_num2,96.29042090558659,,,,
HYXNtex_reverse_num3,33.2825,,,,
HYXNtex_reverse_num4,96.29042090558659,,,,
HYXNtpp_num1,23.0,,,,
HYXNtpp_num2,23.0,,,,
HYXNtpp_reverse_num1,23.0,,,,
HYXNtpp_reverse_num2,23.0,,,,
Htex_num1,96.29042090558659,,,,
Htex_num2,33.2825,,,,
Htex_num3,94.81680000000001,,,,
Htex_num4,96.29042090558659,,,,
Htex_reverse_num1,96.29042090558659,,,,
Htex_reverse_num2,33.2825,,,,
Htex_reverse_num3,94.81680000000001,,,,
Htex_reverse_num4,96.29042090558659,,,,
I2FE2SR,122.42412220751703,44.7111,,6.764119625091553,2.6761024502934845
I2FE2SS,122.42412220751703,13.7488,,3.3006374835968018,1.3773040973186208
I2FE2SS2,122.42412220751703,12.6999,,3.3006374835968018,1.3773040973186208
I2FE2ST,149.80799644754114,2.4137,,14.868906021118164,1.3773040973186208
I4FE4SR,136.70881435012527,10.9058,,6.27124547958374,3.9123352524916633
I4FE4ST,149.80799644754114,5.6239,,14.868906021118164,1.0590721531572571
ICDHyr,149.80799644754114,2.375,27.884113,89.73011016845703,2.253079356506439
ICDHyr_reverse,149.80799644754114,2.8676,19.559704,78.96312713623047,9.38360738254706
ICHORS_copy1,121.23861216232467,,,,
ICHORS_copy2,121.20698236312833,,,,
ICHORS_copy2_reverse,121.20698236312833,,,,
ICHORT,152.5584987702834,0.8497,14.011223,11.154722213745115,2.364234968391738
ICL,104.44656349145795,,,,
ICYSDS,121.20698236312833,5365.4251,1.8196537,3.7294321060180655,3.9123352524916633
IDOND,197.70251011777788,9.667,11.7749405,25.69565200805664,7.020495826429408
IDOND2,197.70251011777788,0.3007,11.7749405,23.500343322753903,180.06711306374774
IDOND_reverse,197.70251011777788,12.9585,11.232793,43.42146682739258,16.180645020053685
IDONt2rpp,23.0,0.6039,2.9870431,34.219730377197266,0.1594220641833325
IDONt2rpp_reverse,23.0,0.8986,2.9870431,34.219730377197266,2.48640249435364
IDONtex_num1,96.29042090558659,,,,
IDONtex_num2,33.2825,,,,
IDONtex_num3,94.81680000000001,,,,
IDONtex_num4,96.29042090558659,,,,
IDONtex_reverse_num1,96.29042090558659,,,,
IDONtex_reverse_num2,33.2825,,,,
IDONtex_reverse_num3,94.81680000000001,,,,
IDONtex_reverse_num4,96.29042090558659,,,,
IG3PS,129.92752530694554,30.6662,1.5670727,10.01492691040039,9.804766225838929
IGPDH,151.18324760891227,,,,
IGPS,115.69288473855745,17.6344,1.0600744,3.356269598007202,4.035910046698799
ILETA,120.79836756009021,12.191,29.583029,23.2384033203125,7.228125235384933
ILETA_reverse,120.79836756009021,2.749,44.211716,23.2384033203125,6.060764487736015
ILEabcpp,97.76404181117316,39.2025,4.673473,18.14558982849121,6.193807521275215
ILEt2rpp,33.2825,2.1778,2.0351336,62.11932373046875,10.361759288246404
ILEt3pp,23.0,4.5629,9.784585,20.84850311279297,1.642745451666022
ILEtex_num1,96.29042090558659,,,,
ILEtex_num2,33.2825,,,,
ILEtex_num3,94.81680000000001,,,,
ILEtex_num4,96.29042090558659,,,,
ILEtex_reverse_num1,96.29042090558659,,,,
ILEtex_reverse_num2,33.2825,,,,
ILEtex_reverse_num3,94.81680000000001,,,,
ILEtex_reverse_num4,96.29042090558659,,,,
IMPC,115.69288473855748,,,,
IMPC_reverse,115.69288473855748,,,,
IMPD,115.09424085382415,,,,
IMPtex_num1,96.29042090558659,,,,
IMPtex_num2,33.2825,,,,
IMPtex_num3,94.81680000000001,,,,
IMPtex_num4,96.29042090558659,,,,
IMPtex_reverse_num1,96.29042090558659,,,,
IMPtex_reverse_num2,33.2825,,,,
IMPtex_reverse_num3,94.81680000000001,,,,
IMPtex_reverse_num4,96.29042090558659,,,,
INDOLEt2pp,149.80799644754114,32.2628,5.1418796,42.18484115600586,6.193807521275215
INDOLEt2rpp,33.2825,1.4289,2.3901389,29.400514602661133,6.4845189473384135
INDOLEtex_num1,96.29042090558659,,,,
INDOLEtex_num2,33.2825,,,,
INDOLEtex_num3,94.81680000000001,,,,
INDOLEtex_num4,96.29042090558659,,,,
INDOLEtex_reverse_num1,96.29042090558659,,,,
INDOLEtex_reverse_num2,33.2825,,,,
INDOLEtex_reverse_num3,94.81680000000001,,,,
INDOLEtex_reverse_num4,96.29042090558659,,,,
INOSTO,149.80799644754114,13.2609,,13.199729919433594,2.4262004258337067
INOSTt4pp,23.0,7.6488,,39.71175003051758,4.954529607976452
INSH,121.23861216232467,3.704,16.087255,14.433443069458008,3.125381307066244
INSK,138.0434703703704,0.8607,1.0161158,8.874865531921387,3.318657465044924
INSTtex_num1,96.29042090558659,,,,
INSTtex_num2,33.2825,,,,
INSTtex_num3,94.81680000000001,,,,
INSTtex_num4,96.29042090558659,,,,
INSTtex_reverse_num1,96.29042090558659,,,,
INSTtex_reverse_num2,33.2825,,,,
INSTtex_reverse_num3,94.81680000000001,,,,
INSTtex_reverse_num4,96.29042090558659,,,,
INSt2pp_num1,23.0,26.1344,2.4525971,16.7822265625,3.1506218067863307
INSt2pp_num2,23.0,,4.7538996,18.34995651245117,1.7950600977119433
INSt2pp_num3,33.2825,,3.606696,13.50819969177246,1.7950600977119433
INSt3pp,23.0,2.1874,6.2805986,16.749155044555664,5.170723771929384
INStex,179.45385264683853,,,,
INStex_reverse,179.45385264683853,,,,
IPDDI,152.5584987702834,,,,
IPDDI_reverse,152.5584987702834,,,,
IPDPS,115.69288473855748,37.684,1.3727145,36.10749816894531,11.871906707191547
IPMD_num1,136.2454183611817,5.2881,5.084842,26.727388381958008,4.221350535826457
IPMD_num2,125.69922461667636,74.5526,5.3691826,30.672061920166016,6.154294957250831
IPPMIa,136.47847541820553,,,,
IPPMIa_reverse,136.47847541820553,3.8416,11.449588,16.699893951416016,8.135649937618254
IPPMIb,136.47847541820553,396066.896,11.449588,13.55858325958252,5.754330977831236
IPPMIb_reverse,136.47847541820553,,,,
IPPS,136.71153247522938,290.8022,3.5401275,12.997326850891112,10.400376497266745
ISETACabcpp_num1,92.7379393036916,48.0892,3.7346437,2.984194755554199,8.133886579587905
ISETACabcpp_num2,97.61360481285834,,0.5637134,4.204555034637451,27.27692629593403
ISETACtex_num1,96.29042090558659,,,,
ISETACtex_num2,33.2825,,,,
ISETACtex_num3,94.81680000000001,,,,
ISETACtex_num4,96.29042090558659,,,,
ISETACtex_reverse_num1,96.29042090558659,,,,
ISETACtex_reverse_num2,33.2825,,,,
ISETACtex_reverse_num3,94.81680000000001,,,,
ISETACtex_reverse_num4,96.29042090558659,,,,
K2L4Aabcpp,75.96272439544778,37.917,0.97776747,3.9198834896087646,3.808522672656756
K2L4Aabctex,101.0,783.5627,3.3794532,7.871926307678223,34.33856394165991
KARA1,120.79836756009021,0.9441,0.30252737,2.5872926712036133,2.698590740099783
KARA1_reverse,120.79836756009021,0.5509,1.1683773,3.283165216445923,16.150882020478523
KARA2,120.79836756009021,11.9298,1.060277,3.9252138137817374,1.9186905540025263
KARA2_reverse,120.79836756009021,0.823,0.7864878,2.4377472400665283,3.4280951457786446
KAS14_num1,125.69922461667636,79.3853,,6.918361663818359,9.35149043574677
KAS14_num2,120.79836756009021,115.2287,,8.468523979187012,32.784283343370234
KAS15,129.20025527297207,5.0884,0.23716322,12.104022979736328,4.505918121530305
KDOCT2,116.6619199476233,1.4882,1.7013695,3.225794553756714,2.415896056909138
KDOPP,123.60963225270937,6.1097,3.6707745,2.2262508869171143,1.719566556138407
KDOPS,115.69288473855748,10.8616,3.8302166,6.461028575897217,20.83005914936328
KDUI,137.02402725167997,,,,
KG6PDC_num1,136.71153247522938,1.9436,1.5619329,15.781052589416504,14.184827825821973
KG6PDC_num2,136.71153247522938,,0.9177356,12.812579154968262,6.814832905594133
Kabcpp_num1,72.37879840445397,,,,
Kabcpp_num2,33.2825,,,,
Kt2pp_num1,74.49393444820946,,,,
Kt2pp_num2,75.22832942182862,,,,
Kt2pp_num3,84.89292,,,,
Kt2pp_num4,33.2825,,,,
Kt3pp_num1,33.2825,,,,
Kt3pp_num2,75.41,,,,
Kt3pp_num3,60.514030303030296,,,,
Kt3pp_num4,33.2825,,,,
Ktex_num1,96.29042090558659,,,,
Ktex_num2,33.2825,,,,
Ktex_num3,94.81680000000001,,,,
Ktex_num4,96.29042090558659,,,,
Ktex_reverse_num1,96.29042090558659,,,,
Ktex_reverse_num2,33.2825,,,,
Ktex_reverse_num3,94.81680000000001,,,,
Ktex_reverse_num4,96.29042090558659,,,,
LA4NTpp,97.76404181117316,5.2061,0.4677799,5.091606140136719,4.685826033894374
LACZ,205.72000000000008,2.0847,15.293811,23.2384033203125,3.6115615622253454
LACZpp,205.72000000000008,21.1359,27.704826,130.6346435546875,5.67086290135236
LADGMDH,137.33652202813053,1.1855,,27.78287696838379,3.349904451118284
LALADGLUtex_num1,33.2825,,,,
LALADGLUtex_num2,96.29042090558659,,,,
LALADGLUtex_num3,96.29042090558659,,,,
LALADGLUtex_num4,94.81680000000001,,,,
LALADGLUtex_reverse_num1,33.2825,,,,
LALADGLUtex_reverse_num2,96.29042090558659,,,,
LALADGLUtex_reverse_num3,96.29042090558659,,,,
LALADGLUtex_reverse_num4,94.81680000000001,,,,
LALADGLUtpp_num1,23.0,2.6797,2.4381568,13.219948768615724,1.2508923079806118
LALADGLUtpp_num2,29.87625,,1.7537479,12.43678379058838,3.5556925393700345
LALADGLUtpp_num3,33.2825,,2.6640544,15.341654777526855,3.5556925393700345
LALADGLUtpp_num4,33.2825,,2.9384072,18.313796997070312,3.5556925393700345
LALALGLUtex_num1,94.81680000000001,,,,
LALALGLUtex_num2,96.29042090558659,,,,
LALALGLUtex_num3,33.2825,,,,
LALALGLUtex_num4,96.29042090558659,,,,
LALALGLUtex_reverse_num1,94.81680000000001,,,,
LALALGLUtex_reverse_num2,96.29042090558659,,,,
LALALGLUtex_reverse_num3,33.2825,,,,
LALALGLUtex_reverse_num4,96.29042090558659,,,,
LALALGLUtpp_num1,33.2825,19.047,5.5266023,18.313796997070312,6.2570891518567215
LALALGLUtpp_num2,33.2825,,6.5631833,15.341654777526855,3.5556925393700345
LALALGLUtpp_num3,23.0,,7.5748,13.219948768615724,3.5556925393700345
LALALGLUtpp_num4,29.87625,,3.9002764,12.43678379058838,3.5556925393700345
LALDO2x,129.20025527297207,9.2159,12.747076,16.484638214111328,13.46842866709865
LALGP,136.47847541820553,20.7697,47.94891,11.040515899658203,6.7859805272721
LCADi,136.2454183611817,2.467,211.22447,582.6996459960938,4.810772528691261
LCARS,130.15983707102805,1.4997,16.976835,70.258056640625,7.759480633406317
LCARS_reverse,130.15983707102805,2.1115,12.632826,52.16884994506836,6.251791315671339
LCARSyi,155.2551722501099,26.4669,44.84183,63.59649658203125,16.180645020053685
LCTSt3ipp_num1,28.14125,0.1611,4.971716,13.594537734985352,2.30758992115931
LCTSt3ipp_num2,33.2825,,9.462337,9.234712600708008,20.83005914936328
LCTSt3ipp_num3,33.2825,,4.775786,13.661561012268066,20.83005914936328
LCTStex_num1,96.29042090558659,,,,
LCTStex_num2,33.2825,,,,
LCTStex_num3,94.81680000000001,,,,
LCTStex_num4,96.29042090558659,,,,
LCTStex_reverse_num1,96.29042090558659,,,,
LCTStex_reverse_num2,33.2825,,,,
LCTStex_reverse_num3,94.81680000000001,,,,
LCTStex_reverse_num4,96.29042090558659,,,,
LCTStpp,23.0,0.3912,2.3094518,27.91984939575196,10.400376497266745
LDGUNPD,91.46666666666665,5.3675,1.0377378,2.814727306365967,2.6182215851292328
LDH_D,143.92573340895575,2.6794,3.3160372,46.1158447265625,3.0622791951951456
LDH_D2,124.73964281862038,3.7948,4.4186373,15.464043617248535,3.9460798979623735
LDH_D_reverse,143.92573340895575,4.0607,3.7146664,52.36912536621094,8.135649937618254
LEUTAi_num1,120.79836756009021,1.0117,44.211716,23.94058609008789,184.70413182781493
LEUTAi_num2,128.2406734749161,1.7255,21.647558,88.28016662597656,6.029423425870919
LEUabcpp_num1,97.76404181117316,99.7733,4.8552628,18.14558982849121,5.604077151560538
LEUabcpp_num2,97.76404181117316,,3.5594788,18.14558982849121,20.83005914936328
LEUt2rpp,33.2825,0.109,3.2248473,62.11932373046875,13.702598709200451
LEUt3pp_num1,28.14125,11.7837,1.6660521,35.31422424316406,7.850236933904516
LEUt3pp_num2,23.0,,10.321667,20.84850311279297,4.810772528691261
LEUtex_num1,96.29042090558659,,,,
LEUtex_num2,33.2825,,,,
LEUtex_num3,94.81680000000001,,,,
LEUtex_num4,96.29042090558659,,,,
LEUtex_reverse_num1,96.29042090558659,,,,
LEUtex_reverse_num2,33.2825,,,,
LEUtex_reverse_num3,94.81680000000001,,,,
LEUtex_reverse_num4,96.29042090558659,,,,
LGTHL,148.17166625,85.3436,5.3061504,223.23953247070312,5.755455404706444
LIPACabcpp,75.96272439544778,2.4267,0.67652804,3.9198834896087646,7.44811719948765
LIPAHT2ex,98.1285542465749,24.8251,14.683032,1.1735632419586182,4.26478635416554
LIPAHTex,98.1285542465749,149.5508,0.5349564,1.723047137260437,1.3800644610349209
LIPAMPL,120.79836756009021,,,,
LIPATPT,120.79836756009021,2.0094,3.4236662,2.036770820617676,2.5983721343673905
LIPAabcpp,75.96272439544778,2.1665,0.67652804,3.9198834896087646,1.3800644610349209
LIPAabctex,101.0,18.1348,1.3664808,7.871926307678223,4.343292091571338
LIPOCT,120.42138255624843,53.4512,,32.3768424987793,2.5983721343673905
LIPOS,121.20698236312833,2.7998,0.044152487,12.455829620361328,2.5983721343673905
LIPOtex_num1,94.81680000000001,,,,
LIPOtex_num2,96.29042090558659,,,,
LIPOtex_num3,96.29042090558659,,,,
LIPOtex_num4,33.2825,,,,
LIPOtex_reverse_num1,94.81680000000001,,,,
LIPOtex_reverse_num2,96.29042090558659,,,,
LIPOtex_reverse_num3,96.29042090558659,,,,
LIPOtex_reverse_num4,33.2825,,,,
LKDRA,153.48944171492553,,,,
LKDRA_reverse,153.48944171492553,33.6974,94.31575,154.9060821533203,7.228125235384933
LPADSS,149.80799644754114,6.7695,0.90027976,5.222073078155518,3.734128367817187
LPLIPAL1A120pp,127.45531181646874,20.6966,3.9681306,69.97463989257812,10.241854526086245
LPLIPAL1A140pp,127.45531181646874,0.8708,5.284203,55.145843505859375,14.02303403737391
LPLIPAL1A141pp,127.45531181646874,0.1716,,134.69984436035156,9.701730590584152
LPLIPAL1A160pp,127.45531181646874,23.1032,,116.07125854492188,12.944373024364497
LPLIPAL1A161pp,127.45531181646874,3.4161,,134.69984436035156,12.944373024364497
LPLIPAL1A180pp,127.45531181646874,0.6193,3.5544696,72.08902740478516,4.505918121530305
LPLIPAL1A181pp,127.45531181646874,0.4527,,106.15470123291016,14.02303403737391
LPLIPAL1E120pp,127.45531181646874,0.0041,6.944589,48.9552001953125,5.160646713364276
LPLIPAL1E140pp,127.45531181646874,19.5807,3.2837453,48.9552001953125,4.505918121530305
LPLIPAL1E141pp,127.45531181646874,35.5488,,123.19175720214844,16.555823895729514
LPLIPAL1E160pp,127.45531181646874,4.1352,4.9435782,56.812156677246094,4.501258533734045
LPLIPAL1E161pp,127.45531181646874,2.139,,123.19175720214844,5.983132975696
LPLIPAL1E180pp,127.45531181646874,0.8601,3.4215035,63.9963493347168,4.564878833684208
LPLIPAL1E181pp,127.45531181646874,3.6682,,100.0189437866211,23.723115167208363
LPLIPAL1G120pp,127.45531181646874,4.7879,2.8793426,51.958404541015625,2.788006400126424
LPLIPAL1G140pp,127.45531181646874,8.3532,3.5861533,50.434452056884766,5.983132975696
LPLIPAL1G141pp,127.45531181646874,15.911,,123.19175720214844,6.9899481650584585
LPLIPAL1G160pp,127.45531181646874,1.8321,2.4673004,55.145843505859375,3.89781957657906
LPLIPAL1G161pp,127.45531181646874,14.1129,,123.19175720214844,6.334036791279153
LPLIPAL1G180pp,127.45531181646874,93.6915,1.9805827,62.11932373046875,2.8297552452447894
LPLIPAL1G181pp,127.45531181646874,7.6447,1.2702377,62.11932373046875,2.812009191264682
LPLIPAL2A120,197.70251011777788,20.9902,,15.794880867004396,3.0734277155319725
LPLIPAL2A140,197.70251011777788,16.1563,,15.794880867004396,5.717953119838133
LPLIPAL2A141,197.70251011777788,1.4882,,15.794880867004396,2.129537114934948
LPLIPAL2A160,197.70251011777788,5.7403,,17.270376205444336,2.471741951821536
LPLIPAL2A161,197.70251011777788,153.618,,15.794880867004396,6.245464574809021
LPLIPAL2A180,197.70251011777788,0.3656,,17.270376205444336,1.873480710504212
LPLIPAL2A181,197.70251011777788,181.2526,,14.44544506072998,9.891878350244484
LPLIPAL2ATE120,197.70251011777788,2.6877,0.3408027,4.797311782836914,7.211659285404079
LPLIPAL2ATE140,197.70251011777788,0.0178,0.6213013,4.258770942687988,5.043759215479608
LPLIPAL2ATE141,197.70251011777788,5.8732,,16.272146224975586,1.501060959466043
LPLIPAL2ATE160,197.70251011777788,27.7501,0.47510415,4.387455940246582,3.808522672656756
LPLIPAL2ATE161,197.70251011777788,5.848,,8.971711158752441,1.1124517833873355
LPLIPAL2ATE180,197.70251011777788,5.7359,0.23845771,4.25877046585083,4.735065155694623
LPLIPAL2ATE181,197.70251011777788,327.9806,,16.272146224975586,2.972966605482647
LPLIPAL2ATG120,197.70251011777788,3.0743,,4.9422688484191895,10.400376497266745
LPLIPAL2ATG140,197.70251011777788,14.8012,0.6213013,4.258770942687988,3.5590811542674947
LPLIPAL2ATG141,197.70251011777788,30.6296,,15.33161449432373,2.4977012564002314
LPLIPAL2ATG160,197.70251011777788,18.0438,0.47510415,4.258770942687988,5.770470497209467
LPLIPAL2ATG161,197.70251011777788,27.7379,,8.453145980834961,0.799051566170463
LPLIPAL2ATG180,197.70251011777788,3.8526,0.23845771,4.133861064910889,4.740364780220921
LPLIPAL2ATG181,197.70251011777788,48.5566,,15.33161449432373,4.740364780220921
LPLIPAL2E120,197.70251011777788,0.6874,0.3408027,9.522086143493652,3.709008719383553
LPLIPAL2E140,197.70251011777788,6.0608,0.34642115,9.522086143493652,4.757798011142381
LPLIPAL2E141,197.70251011777788,1.1148,,16.272146224975586,0.799051566170463
LPLIPAL2E160,197.70251011777788,1.4637,0.33822054,11.728203773498535,6.245464574809021
LPLIPAL2E161,197.70251011777788,5.2081,,16.272146224975586,2.7304914725608933
LPLIPAL2E180,197.70251011777788,3.4297,0.37900904,12.447681427001951,4.757798011142381
LPLIPAL2E181,197.70251011777788,1.4303,,14.44544506072998,6.47591517554057
LPLIPAL2G120,197.70251011777788,5.2893,,15.33161449432373,11.970200406779476
LPLIPAL2G140,197.70251011777788,5.2893,0.66618365,9.809808731079102,11.970200406779476
LPLIPAL2G141,197.70251011777788,9.3602,,15.33161449432373,4.277226838655156
LPLIPAL2G160,197.70251011777788,5.2893,0.48988667,11.3842134475708,11.970200406779476
LPLIPAL2G161,197.70251011777788,4.9723,,15.33161449432373,4.757798011142381
LPLIPAL2G180,197.70251011777788,17.3392,0.48681295,12.082589149475098,6.47591517554057
LPLIPAL2G181,197.70251011777788,12.9585,,14.44544506072998,4.757798011142381
LSERDHr,149.80799644754114,7.8961,3.5641356,3.754506826400757,12.628470676953103
LSERDHr_reverse,149.80799644754114,2.7871,5.2936025,5.329183578491211,4.070050462750973
LYSAM,121.23861216232467,,,,
LYSAM_reverse,121.23861216232467,,,,
LYSDC_num1,123.60963225270937,0.1043,13.238458,8.198033332824707,1.9562772055410185
LYSDC_num2,124.96315516644728,,10.26843,24.663986206054688,10.208028735388128
LYSabcpp,68.51321211937051,356.5986,4.4794354,20.9307918548584,15.283690266797445
LYSt2pp,23.0,8.0888,10.11311,8.48688793182373,5.265135685472943
LYSt3pp_num1,28.14125,10.165,2.2326665,31.20411872863769,2.4122784867804152
LYSt3pp_num2,28.14125,,3.0718553,20.661272048950195,1.9478357779327689
LYStex_num1,96.29042090558659,,,,
LYStex_num2,33.2825,,,,
LYStex_num3,94.81680000000001,,,,
LYStex_num4,96.29042090558659,,,,
LYStex_reverse_num1,96.29042090558659,,,,
LYStex_reverse_num2,33.2825,,,,
LYStex_reverse_num3,94.81680000000001,,,,
LYStex_reverse_num4,96.29042090558659,,,,
LYXI,121.175352563932,,,,
LYXt2pp,28.14125,3.6889,17.501234,18.21675491333008,3.1506218067863307
LYXtex_num1,96.29042090558659,,,,
LYXtex_num2,33.2825,,,,
LYXtex_num3,94.81680000000001,,,,
LYXtex_num4,96.29042090558659,,,,
LYXtex_reverse_num1,96.29042090558659,,,,
LYXtex_reverse_num2,33.2825,,,,
LYXtex_reverse_num3,94.81680000000001,,,,
LYXtex_reverse_num4,96.29042090558659,,,,
L_LACD2_num1,121.23861216232467,0.8362,3.9029672,24.46029090881348,10.285457757985752
L_LACD2_num2,120.79836756009021,,4.0016284,24.561708450317383,8.645785370246568
L_LACD3_num1,121.23861216232467,17.1928,0.9488399,25.177330017089844,10.285457757985752
L_LACD3_num2,120.79836756009021,,0.4557017,24.561708450317383,0.2977766421705213
L_LACt2rpp_num1,23.0,4.6201,19.705345,10.147160530090332,29.39165891366132
L_LACt2rpp_num2,23.0,,13.445966,11.09506893157959,20.83005914936328
L_LACt2rpp_reverse_num1,23.0,3.9879,19.705345,10.147160530090332,4.156262642575966
L_LACt2rpp_reverse_num2,23.0,,13.445966,11.09506893157959,2.5334831685657355
L_LACtex_num1,96.29042090558659,,,,
L_LACtex_num2,94.81680000000001,,,,
L_LACtex_num3,96.29042090558659,,,,
L_LACtex_num4,33.2825,,,,
L_LACtex_reverse_num1,96.29042090558659,,,,
L_LACtex_reverse_num2,94.81680000000001,,,,
L_LACtex_reverse_num3,96.29042090558659,,,,
L_LACtex_reverse_num4,33.2825,,,,
M1PD,157.17088698230995,0.1297,1.6748669,28.31223487854004,4.505918121530305
M1PD_reverse,157.17088698230995,7.3738,2.7451658,24.39673614501953,33.66240634310002
MACPD,125.69922461667636,9.5437,,6.918361663818359,3.709008719383553
MALCOAMT,121.23861216232467,10.3571,0.14922656,2.147484540939331,1.5512766495082406
MALDDH,125.69922461667636,1.5177,10.331661,35.59470748901367,11.311990667194513
MALDt2_2pp,23.0,0.2029,34.047775,34.960540771484375,4.354976974083286
MALDtex_num1,33.2825,,,,
MALDtex_num2,96.29042090558659,,,,
MALDtex_num3,96.29042090558659,,,,
MALDtex_num4,94.81680000000001,,,,
MALDtex_reverse_num1,33.2825,,,,
MALDtex_reverse_num2,96.29042090558659,,,,
MALDtex_reverse_num3,96.29042090558659,,,,
MALDtex_reverse_num4,94.81680000000001,,,,
MALS_num1,160.70234805267864,19.3709,5.326211,10.76194190979004,180.06711306374774
MALS_num2,175.0656349761905,,21.863373,38.90822219848633,69.62689854059693
MALTATr,220.78740210220099,98.9665,22.47434,3.508152961730957,5.604077151560538
MALTATr_reverse,220.78740210220099,3.7109,20.347576,1.992681860923767,6.929868172575557
MALTHXabcpp,104.73241798245593,87.8415,10.590441,5.735721111297607,32.94228372318428
MALTHXtexi,117.94906666660009,,,,
MALTPTabcpp,104.73241798245593,63.3854,21.071932,5.735721111297607,31.742121195274308
MALTPTtexi,117.94906666660009,,,,
MALTTRabcpp,104.73241798245593,36.4273,25.014444,5.735721111297607,31.742121195274308
MALTTRtexi,117.94906666660009,,,,
MALTTTRabcpp,104.73241798245593,60.9476,20.563385,5.735721111297607,20.83005914936328
MALTTTRtexi,117.94906666660009,,,,
MALTabcpp,104.73241798245593,28.7233,24.1871,5.735721111297607,32.94228372318428
MALTptspp,189.6850202355557,48.3509,4.3571973,5.768996715545654,12.628470676953103
MALTtexi,117.94906666660009,,,,
MALt2_2pp,23.0,3.8053,34.047775,34.960540771484375,29.39165891366132
MALt2_3pp_num1,23.0,21.3011,12.20589,10.387778282165527,29.39165891366132
MALt2_3pp_num2,23.0,,7.9719377,20.661272048950195,2.3823735145285267
MALtex_num1,96.29042090558659,,,,
MALtex_num2,33.2825,,,,
MALtex_num3,94.81680000000001,,,,
MALtex_num4,96.29042090558659,,,,
MALtex_reverse_num1,96.29042090558659,,,,
MALtex_reverse_num2,33.2825,,,,
MALtex_reverse_num3,94.81680000000001,,,,
MALtex_reverse_num4,96.29042090558659,,,,
MAN1PT2,149.80799644754114,1.3945,4.7734895,30.463274002075195,1.3346528088069038
MAN6PI,151.18324760891227,,,,
MAN6PI_reverse,151.18324760891227,,,,
MAN6Pt6_2pp,23.0,0.6153,1.2426851,8.987629890441895,2.9633630070897
MAN6Ptex_num1,94.81680000000001,,,,
MAN6Ptex_num2,96.29042090558659,,,,
MAN6Ptex_num3,33.2825,,,,
MAN6Ptex_num4,96.29042090558659,,,,
MAN6Ptex_reverse_num1,94.81680000000001,,,,
MAN6Ptex_reverse_num2,96.29042090558659,,,,
MAN6Ptex_reverse_num3,33.2825,,,,
MAN6Ptex_reverse_num4,96.29042090558659,,,,
MANAO,143.92573340895575,32.2523,2.637064,33.43852615356445,4.49460947061458
MANAO_reverse,143.92573340895575,0.6255,2.831622,41.90436553955078,8.515326148078657
MANGLYCptspp,152.62479040685164,23.9331,0.96225995,11.176921844482422,6.480062483359452
MANGLYCtex_num1,96.29042090558659,,,,
MANGLYCtex_num2,33.2825,,,,
MANGLYCtex_num3,94.81680000000001,,,,
MANGLYCtex_num4,96.29042090558659,,,,
MANGLYCtex_reverse_num1,96.29042090558659,,,,
MANGLYCtex_reverse_num2,33.2825,,,,
MANGLYCtex_reverse_num3,94.81680000000001,,,,
MANGLYCtex_reverse_num4,96.29042090558659,,,,
MANPGH,169.7465083415484,11.362,3.875597,32.241825103759766,24.21911561649679
MANptspp,152.62479040685164,5.0754,0.96225995,7.724188327789307,10.400376497266745
MANtex_num1,96.29042090558659,,,,
MANtex_num2,33.2825,,,,
MANtex_num3,94.81680000000001,,,,
MANtex_num4,96.29042090558659,,,,
MANtex_reverse_num1,96.29042090558659,,,,
MANtex_reverse_num2,33.2825,,,,
MANtex_reverse_num3,94.81680000000001,,,,
MANtex_reverse_num4,96.29042090558659,,,,
MC6PH,160.70234805267864,1.4637,,33.29994583129883,3.842358408537775
MCITD,149.80799644754114,,,,
MCITL2,121.175352563932,,,,
MCITL2_reverse,121.175352563932,27.5872,2.8598754,26.177021026611328,9.661923757639329
MCITS,151.2163934271964,2.2938,3.5513294,5.7509307861328125,7.249122480170781
MCOATA,97.46316781454354,559.4043,22.48673,10.979981422424316,6.47591517554057
MCOATA_reverse,97.46316781454354,11.4007,,12.101637840270996,6.154294957250831
MCPST,207.78250892732828,2.4546,13.0265465,19.115089416503903,6.861314234402084
MCTP1App_num1,123.60963225270937,,,,
MCTP1App_num2,123.60963225270937,,,,
MCTP1Bpp_num1,120.58410952747259,,,,
MCTP1Bpp_num2,97.76404181117316,,,,
MCTP2App_num1,123.60963225270937,,,,
MCTP2App_num2,123.60963225270937,,,,
MDDCP1pp_num1,124.33102801558226,15.0789,,13.688091278076172,1.7851135665555418
MDDCP1pp_num2,120.42138255624843,,,6.138232707977295,1.7851135665555418
MDDCP1pp_num3,157.17088698230995,,,3.631848096847534,10.475654966689731
MDDCP1pp_num4,108.46483596491184,,,10.637249946594238,10.475654966689731
MDDCP1pp_num5,151.18324760891227,,,5.161978244781494,10.475654966689731
MDDCP1pp_num6,149.80799644754114,,,16.871456146240234,1.7851135665555418
MDDCP2pp_num1,149.80799644754114,0.6284,,15.896284103393556,4.505918121530305
MDDCP2pp_num2,120.42138255624843,,,6.138232707977295,2.4977012564002314
MDDCP2pp_num3,157.17088698230995,,,3.631848096847534,4.239897124043
MDDCP2pp_num4,108.46483596491184,,,10.958669662475586,4.735065155694623
MDDCP2pp_num5,151.18324760891227,,,5.161978244781494,9.701730590584152
MDDCP2pp_num6,124.33102801558226,,,13.688091278076172,9.701730590584152
MDDCP3pp_num1,149.80799644754114,8.2614,,37.28023147583008,3.439238981203919
MDDCP3pp_num2,120.42138255624843,,,17.269338607788086,9.701730590584152
MDDCP3pp_num3,157.17088698230995,,,9.936688423156738,9.701730590584152
MDDCP3pp_num4,108.46483596491184,,,31.179426193237305,9.701730590584152
MDDCP3pp_num5,151.18324760891227,,,9.087750434875488,12.716534780945764
MDDCP3pp_num6,124.33102801558226,,,44.649688720703125,12.716534780945764
MDDCP4pp_num1,149.80799644754114,0.1008,,33.09517288208008,1.3800644610349209
MDDCP4pp_num2,120.42138255624843,,,15.79393196105957,3.709008719383553
MDDCP4pp_num3,157.17088698230995,,,9.087750434875488,17.527193281992982
MDDCP4pp_num4,108.46483596491184,,,27.67924118041992,23.20984801412347
MDDCP4pp_num5,151.18324760891227,,,8.067567825317383,23.20984801412347
MDDCP4pp_num6,124.33102801558226,,,44.649688720703125,23.20984801412347
MDDCP5pp_num1,149.80799644754114,9.5138,,33.09517288208008,1.180767729574293
MDDCP5pp_num2,120.42138255624843,,,15.79393196105957,7.930539978052965
MDDCP5pp_num3,157.17088698230995,,,9.087750434875488,4.200352710379372
MDDCP5pp_num4,108.46483596491184,,,27.67924118041992,4.200352710379372
MDDCP5pp_num5,151.18324760891227,,,8.067567825317383,4.200352710379372
MDDCP5pp_num6,124.33102801558226,,,44.649688720703125,4.200352710379372
MDDEP1pp_num1,97.76404181117316,2.3549,,3.488649368286133,0.8656320855966524
MDDEP1pp_num2,135.19605298750687,,,3.370946168899536,2.433073219097816
MDDEP1pp_num3,178.65984365785727,,,11.972701072692873,19.07447150904677
MDDEP1pp_num4,108.46483596491184,,,14.73378562927246,6.893062771666467
MDDEP1pp_num5,124.33102801558226,,,10.356138229370115,12.944373024364497
MDDEP1pp_num6,94.81680000000001,,,5.7309746742248535,12.944373024364497
MDDEP1pp_num7,124.33102801558226,,,25.247352600097656,5.265135685472943
MDDEP2pp_num1,97.76404181117316,13.7158,,4.499381065368652,9.129954971721624
MDDEP2pp_num2,135.19605298750687,,,4.54377031326294,5.265135685472943
MDDEP2pp_num3,178.65984365785727,,,7.733258247375488,2.312153051635714
MDDEP2pp_num4,108.46483596491184,,,26.47049331665039,1.5512766495082406
MDDEP2pp_num5,124.33102801558226,,,21.253028869628903,1.5512766495082406
MDDEP2pp_num6,94.81680000000001,,,4.810972690582275,1.5512766495082406
MDDEP2pp_num7,124.33102801558226,,,30.321319580078125,1.5512766495082406
MDDEP3pp_num1,135.19605298750687,36.4864,,4.681066036224365,3.028813247277281
MDDEP3pp_num2,97.76404181117316,,,4.239316940307617,23.20984801412347
MDDEP3pp_num3,178.65984365785727,,,7.733258247375488,23.12485843405693
MDDEP3pp_num4,108.46483596491184,,,27.27033805847168,23.12485843405693
MDDEP3pp_num5,124.33102801558226,,,23.2384033203125,23.12485843405693
MDDEP3pp_num6,124.33102801558226,,,26.12796974182129,23.12485843405693
MDDEP3pp_num7,94.81680000000001,,,5.106105327606201,1.4545002766521131
MDDEP4pp_num1,135.19605298750687,33.8712,,3.272075891494751,1.8385299096757457
MDDEP4pp_num2,124.33102801558226,,,25.247352600097656,8.496721583609121
MDDEP4pp_num3,178.65984365785727,,,11.972701072692873,8.496721583609121
MDDEP4pp_num4,108.46483596491184,,,14.301640510559082,8.645785370246568
MDDEP4pp_num5,124.33102801558226,,,10.669065475463867,8.645785370246568
MDDEP4pp_num6,97.76404181117316,,,3.488649368286133,10.32508343721834
MDDEP4pp_num7,94.81680000000001,,,5.7309746742248535,3.709008719383553
MDH,149.80799644754114,32.5795,5.165128,817.4990844726562,4.126232577709164
MDH2,120.42138255624843,20.5533,17.652565,26.177021026611328,0.9306493286838624
MDH3,120.42138255624843,2.3745,6.551544,26.177021026611328,7.228125235384933
MDH_reverse,149.80799644754114,1.0771,3.224378,689.3306274414062,7.759480633406317
ME1,121.23861216232467,1.4311,33.658745,80.15333557128906,4.126232577709164
ME2,128.2406734749161,12.1755,21.170275,85.43810272216797,6.9899481650584585
MECDPDH5_num1,122.42412220751703,21.8067,3.1375732,14.802000045776367,3.2881092143876764
MECDPDH5_num2,121.175352563932,,3.1375732,10.262343406677246,3.5556925393700345
MECDPS,137.33652202813053,,,,
MELIBt2pp_num1,23.0,2.897,2.5402606,27.981842041015625,3.842358408537775
MELIBt2pp_num2,23.0,,2.1533363,27.91984939575196,1.2556971297984412
MELIBt3ipp,33.2825,32.6565,5.4733624,9.234712600708008,2.927734208311322
MELIBtex_num1,96.29042090558659,,,,
MELIBtex_num2,33.2825,,,,
MELIBtex_num3,94.81680000000001,,,,
MELIBtex_num4,96.29042090558659,,,,
MELIBtex_reverse_num1,96.29042090558659,,,,
MELIBtex_reverse_num2,33.2825,,,,
MELIBtex_reverse_num3,94.81680000000001,,,,
MELIBtex_reverse_num4,96.29042090558659,,,,
MEOHtex_num1,96.29042090558659,,,,
MEOHtex_num2,94.81680000000001,,,,
MEOHtex_num3,96.29042090558659,,,,
MEOHtex_num4,33.2825,,,,
MEOHtex_reverse_num1,96.29042090558659,,,,
MEOHtex_reverse_num2,94.81680000000001,,,,
MEOHtex_reverse_num3,96.29042090558659,,,,
MEOHtex_reverse_num4,33.2825,,,,
MEPCT,152.5584987702834,3.8647,18.293394,22.47472381591797,4.156262642575966
MEPNabcpp,97.76404181117316,0.3256,,14.633916854858398,10.343030383997991
MEPNtex_num1,96.29042090558659,,,,
MEPNtex_num2,94.81680000000001,,,,
MEPNtex_num3,33.2825,,,,
MEPNtex_num4,96.29042090558659,,,,
MEPNtex_reverse_num1,96.29042090558659,,,,
MEPNtex_reverse_num2,94.81680000000001,,,,
MEPNtex_reverse_num3,33.2825,,,,
MEPNtex_reverse_num4,96.29042090558659,,,,
METAT,149.80799644754114,2.4272,3.1828966,2.415824174880981,5.23709872635609
METDabcpp,97.46316781454354,42.8264,5.9165525,3.3752777576446533,2.3823735145285267
METDtex_num1,96.29042090558659,,,,
METDtex_num2,33.2825,,,,
METDtex_num3,94.81680000000001,,,,
METDtex_num4,96.29042090558659,,,,
METDtex_reverse_num1,96.29042090558659,,,,
METDtex_reverse_num2,33.2825,,,,
METDtex_reverse_num3,94.81680000000001,,,,
METDtex_reverse_num4,96.29042090558659,,,,
METGLCUR,205.72000000000008,1.2876,,75.06392669677734,1.6844506565180326
METGLCURt2pp,23.0,2.4369,,15.061220169067385,6.480107934481085
METGLCURtex_num1,96.29042090558659,,,,
METGLCURtex_num2,96.29042090558659,,,,
METGLCURtex_num3,33.2825,,,,
METGLCURtex_num4,94.81680000000001,,,,
METGLCURtex_reverse_num1,96.29042090558659,,,,
METGLCURtex_reverse_num2,96.29042090558659,,,,
METGLCURtex_reverse_num3,33.2825,,,,
METGLCURtex_reverse_num4,94.81680000000001,,,,
METNA,123.60963225270937,11.709,45.086166,5.245456218719482,6.2847857493883765
METNA_reverse,123.60963225270937,19.0477,,26.177021026611328,545.537411727458
METOX1s,,9.9015,,,4.111808695024229
METOX2s,,16.3982,,,4.111808695024229
METSOX1tex_num1,96.29042090558659,,,,
METSOX1tex_num2,33.2825,,,,
METSOX1tex_num3,94.81680000000001,,,,
METSOX1tex_num4,96.29042090558659,,,,
METSOX1tex_reverse_num1,96.29042090558659,,,,
METSOX1tex_reverse_num2,33.2825,,,,
METSOX1tex_reverse_num3,94.81680000000001,,,,
METSOX1tex_reverse_num4,96.29042090558659,,,,
METSOX2tex_num1,96.29042090558659,,,,
METSOX2tex_num2,33.2825,,,,
METSOX2tex_num3,94.81680000000001,,,,
METSOX2tex_num4,96.29042090558659,,,,
METSOX2tex_reverse_num1,96.29042090558659,,,,
METSOX2tex_reverse_num2,33.2825,,,,
METSOX2tex_reverse_num3,94.81680000000001,,,,
METSOX2tex_reverse_num4,96.29042090558659,,,,
METSOXR1_num1,160.70234805267864,14.6923,0.106800735,31.757587432861328,8.645785370246568
METSOXR1_num2,197.70251011777788,,0.106800735,29.022340774536133,8.645785370246568
METSOXR1_num3,189.6850202355557,,3.8835893,29.022340774536133,8.645785370246568
METSOXR1_num4,155.2551722501099,,10.19949,3.9803037643432617,5.628355577673853
METSOXR2_num1,176.53793119354833,1.761,6.8348026,3.9803037643432617,26.00380267896529
METSOXR2_num2,176.53793119354833,,0.00990676,12.046043395996094,6.7859805272721
METSOXR2_num3,176.53793119354833,,0.00990676,3.9803037643432617,6.7859805272721
METSOXR2_num4,183.111475714552,,0.106800735,14.402957916259766,6.7859805272721
METS_num1,114.49559696909085,21.2508,2.9418898,7.554275035858154,4.765863679138536
METS_num2,123.60963225270937,,4.5853944,0.338901549577713,8.645785370246568
METabcpp,97.46316781454354,57.2901,5.9165525,3.3752777576446533,3.653492800559781
METt3pp_num1,28.14125,7.4691,1.895848,35.31422424316406,5.627857184945759
METt3pp_num2,23.0,,5.7478337,20.84850311279297,4.810772528691261
METtex_num1,96.29042090558659,,,,
METtex_num2,33.2825,,,,
METtex_num3,94.81680000000001,,,,
METtex_num4,96.29042090558659,,,,
METtex_reverse_num1,96.29042090558659,,,,
METtex_reverse_num2,33.2825,,,,
METtex_reverse_num3,94.81680000000001,,,,
METtex_reverse_num4,96.29042090558659,,,,
MG2tex_num1,96.29042090558659,,,,
MG2tex_num2,33.2825,,,,
MG2tex_num3,94.81680000000001,,,,
MG2tex_num4,96.29042090558659,,,,
MG2tex_reverse_num1,96.29042090558659,,,,
MG2tex_reverse_num2,33.2825,,,,
MG2tex_reverse_num3,94.81680000000001,,,,
MG2tex_reverse_num4,96.29042090558659,,,,
MG2tpp,91.06287263702492,,,,
MG2uabcpp,74.95196722410472,,,,
MGSA,115.69288473855748,,,,
MI1PP,189.6850202355557,0.436,,2.18902587890625,229.50963769458312
MICITDr,117.94906666660009,1.8321,19.500977,26.967998504638672,1.7538406850699786
MICITDr_reverse,117.94906666660009,,,,
MINCYCtex_num1,94.81680000000001,,,,
MINCYCtex_num2,96.29042090558659,,,,
MINCYCtex_num3,33.2825,,,,
MINCYCtex_num4,96.29042090558659,,,,
MINCYCtex_reverse_num1,94.81680000000001,,,,
MINCYCtex_reverse_num2,96.29042090558659,,,,
MINCYCtex_reverse_num3,33.2825,,,,
MINCYCtex_reverse_num4,96.29042090558659,,,,
MINCYCtpp_num1,149.80799644754114,1.2496,,42.18484115600586,27.59821923974365
MINCYCtpp_num2,97.76404181117316,,,42.18484115600586,10.397610637812583
MLDCP1App_num1,120.58410952747259,8.155,,5.580450057983398,1.6112372980239649
MLDCP1App_num2,97.46316781454354,,,13.234732627868652,12.716534780945764
MLDCP1App_num3,97.76404181117316,,,5.491117477416992,12.716534780945764
MLDCP1App_num4,123.60963225270937,,,4.656606197357178,9.129954971721624
MLDCP1App_num5,151.18324760891227,,,5.735463619232178,3.709008719383553
MLDCP1Bpp_num1,120.58410952747259,2.5741,,9.338504791259766,0.5698049341386077
MLDCP1Bpp_num2,97.46316781454354,,,17.981456756591797,8.547332811729818
MLDCP1Bpp_num3,97.76404181117316,,,5.3300628662109375,8.547332811729818
MLDCP1Bpp_num4,123.60963225270937,,,7.126764297485352,8.547332811729818
MLDCP1Bpp_num5,151.18324760891227,,,9.04315185546875,8.547332811729818
MLDCP2App_num1,97.76404181117316,29.1053,,5.3300628662109375,6.068564545694292
MLDCP2App_num2,120.58410952747259,,,7.581905841827393,1.501060959466043
MLDCP2App_num3,123.60963225270937,,,5.786199569702148,1.407557400154843
MLDCP2App_num4,151.18324760891227,,,7.792515277862549,1.4545002766521131
MLDCP2App_num5,97.46316781454354,,,15.962868690490724,2.4977012564002314
MLDCP2Bpp_num1,120.58410952747259,0.0516,,8.047022819519043,2.788006400126424
MLDCP2Bpp_num2,151.18324760891227,,,8.027976989746094,4.200352710379372
MLDCP2Bpp_num3,123.60963225270937,,,6.141158103942871,4.200352710379372
MLDCP2Bpp_num4,97.46316781454354,,,17.454057693481445,4.201952486334633
MLDCP2Bpp_num5,97.76404181117316,,,4.45822286605835,4.201952486334633
MLDCP3App_num1,120.58410952747259,0.3813,,6.460739612579346,3.095314723399571
MLDCP3App_num2,97.46316781454354,,,7.978686332702637,3.709008719383553
MLDCP3App_num3,97.76404181117316,,,5.874549865722656,3.439238981203919
MLDCP3App_num4,123.60963225270937,,,4.656606197357178,8.547332811729818
MLDCP3App_num5,151.18324760891227,,,5.121244430541992,8.547332811729818
MLDEP1pp,178.65984365785727,5.2893,,9.812732696533203,8.547332811729818
MLDEP2pp,178.65984365785727,3.4292,,11.972701072692873,7.672849549603623
MLTG1,169.22268505812133,4.4818,11.7097435,36.318973541259766,5.604077151560538
MLTG2,169.22268505812133,76.2792,8.959129,15.318191528320312,10.40299112229892
MLTG3,169.22268505812133,6.011,8.451852,18.86717414855957,9.874735015362448
MLTG4,169.22268505812133,2.4844,2.6263292,15.318191528320312,18.05149927356397
MLTG5,169.22268505812133,93.6355,5.450743,15.318191528320312,1.8406209975585133
MLTGY1pp_num1,149.80799644754114,,,,
MLTGY1pp_num2,178.65984365785727,,,,
MLTGY1pp_num3,192.18992182892868,,,,
MLTGY1pp_num4,178.65984365785727,,,,
MLTGY1pp_num5,101.0,,,,
MLTGY1pp_num6,208.48830240244916,,,,
MLTGY1pp_num7,125.40399822377057,,,,
MLTGY1pp_num8,157.17088698230995,,,,
MLTGY2pp_num1,149.80799644754114,,,,
MLTGY2pp_num2,178.65984365785727,,,,
MLTGY2pp_num3,192.18992182892868,,,,
MLTGY2pp_num4,178.65984365785727,,,,
MLTGY2pp_num5,101.0,,,,
MLTGY2pp_num6,208.48830240244916,,,,
MLTGY2pp_num7,125.40399822377057,,,,
MLTGY2pp_num8,157.17088698230995,,,,
MLTGY3pp_num1,149.80799644754114,,,,
MLTGY3pp_num2,178.65984365785727,,,,
MLTGY3pp_num3,208.48830240244916,,,,
MLTGY3pp_num4,101.0,,,,
MLTGY3pp_num5,192.18992182892868,,,,
MLTGY3pp_num6,178.65984365785727,,,,
MLTGY3pp_num7,125.40399822377057,,,,
MLTGY3pp_num8,157.17088698230995,,,,
MLTGY4pp_num1,149.80799644754114,,,,
MLTGY4pp_num2,178.65984365785727,,,,
MLTGY4pp_num3,208.48830240244916,,,,
MLTGY4pp_num4,101.0,,,,
MLTGY4pp_num5,192.18992182892868,,,,
MLTGY4pp_num6,178.65984365785727,,,,
MLTGY4pp_num7,125.40399822377057,,,,
MLTGY4pp_num8,157.17088698230995,,,,
MLTP1,126.07375,17.0564,14.599095,12.322554588317873,18.05149927356397
MLTP1_reverse,126.07375,8.155,13.606693,9.149892807006836,23.723115167208363
MLTP2,126.07375,4.3726,9.900597,10.618378639221191,29.39165891366132
MLTP2_reverse,126.07375,7.6289,14.599095,11.610308647155762,6.334036791279153
MLTP3,126.07375,5.03,19.213154,10.004633903503418,4.435964206456192
MLTP3_reverse,126.07375,6.5906,9.900597,11.269776344299316,3.653492800559781
MMCD,149.80799644754114,7.1373,9.770747,5.702454566955566,1.3800644610349209
MMETt2pp,23.0,4.2234,0.59931475,43.42146682739258,4.810772528691261
MMETtex_num1,96.29042090558659,,,,
MMETtex_num2,33.2825,,,,
MMETtex_num3,94.81680000000001,,,,
MMETtex_num4,96.29042090558659,,,,
MMETtex_reverse_num1,96.29042090558659,,,,
MMETtex_reverse_num2,33.2825,,,,
MMETtex_reverse_num3,94.81680000000001,,,,
MMETtex_reverse_num4,96.29042090558659,,,,
MMM,136.47847541820553,,,,
MN2t3pp_num1,75.41,,,,
MN2t3pp_num2,75.41,,,,
MN2tipp,33.2825,,,,
MN2tpp,33.2825,,,,
MN6PP_num1,175.19368414411719,1.1929,3.6194866,21.28558349609375,5.688412376681967
MN6PP_num2,173.42795360893282,,2.8476603,5.774665355682373,2.49260093430609
MN6PP_num3,149.80799644754114,,0.46431842,5.092029571533203,2.49260093430609
MN6PP_num4,173.42795360893282,,3.169363,15.341654777526855,2.49260093430609
MNLptspp_num1,158.9366175174943,121.2068,0.96225995,38.23660659790039,20.83005914936328
MNLptspp_num2,160.70234805267864,,0.96225995,20.85343742370605,1.2556971297984412
MNLptspp_num3,154.8978386945808,,2.018235,15.318191528320312,12.39078414720572
MNLtex_num1,33.2825,,,,
MNLtex_num2,96.29042090558659,,,,
MNLtex_num3,96.29042090558659,,,,
MNLtex_num4,94.81680000000001,,,,
MNLtex_reverse_num1,33.2825,,,,
MNLtex_reverse_num2,96.29042090558659,,,,
MNLtex_reverse_num3,96.29042090558659,,,,
MNLtex_reverse_num4,94.81680000000001,,,,
MNNH,129.92752530694554,,,,
MNt2pp,33.2825,,,,
MNtex_num1,96.29042090558659,,,,
MNtex_num2,33.2825,,,,
MNtex_num3,94.81680000000001,,,,
MNtex_num4,96.29042090558659,,,,
MNtex_reverse_num1,96.29042090558659,,,,
MNtex_reverse_num2,33.2825,,,,
MNtex_reverse_num3,94.81680000000001,,,,
MNtex_reverse_num4,96.29042090558659,,,,
MOADSUx,126.3166780801852,11.4103,,4.089848518371582,7.897718004824455
MOAT,97.76404181117316,2.6711,0.21188693,1.328635811805725,2.074141568735407
MOAT2,97.76404181117316,8.2218,0.16093646,1.7893301248550415,3.534094500819971
MOAT3C,77.65641666666666,16.6188,0.19593759,4.656606197357178,2.927734208311322
MOBDabcpp_num1,97.76404181117316,288.255,6.601238,,19.07447150904677
MOBDabcpp_num2,128.2406734749161,,4.3152165,,20.83005914936328
MOBDabcpp_num3,96.13998390727178,,3.9913304,,20.83005914936328
MOBDtex_num1,96.29042090558659,,,,
MOBDtex_num2,33.2825,,,,
MOBDtex_num3,94.81680000000001,,,,
MOBDtex_num4,96.29042090558659,,,,
MOBDtex_reverse_num1,96.29042090558659,,,,
MOBDtex_reverse_num2,33.2825,,,,
MOBDtex_reverse_num3,94.81680000000001,,,,
MOBDtex_reverse_num4,96.29042090558659,,,,
MOCDS,97.76404181117316,0.0255,,0.3183830976486206,3.2394747145515583
MOCOS,178.0,8.4043,6.9969645,,1.0590721531572571
MOGDS,102.9331581705882,6.4929,,0.0435194298624992,3.470363952708512
MOHMT,121.20698236312833,12.9585,0.7309864,10.097379684448242,3.2366721193974084
MPTAT,112.07886035173463,23.6645,2.956665,2.634083271026612,2.6182215851292328
MPTG2_num1,97.76404181117316,9.5325,2.1127143,2.4732913970947266,8.645785370246568
MPTG2_num2,97.76404181117316,,0.4233492,5.259366512298584,23.723115167208363
MPTG2_num3,91.68796677289163,,0.4233492,3.257830142974853,8.913343525198545
MPTG2_num4,97.76404181117316,,0.4233492,3.1456005573272705,10.475654966689731
MPTG_num1,97.76404181117316,,,,
MPTG_num2,91.68796677289163,,,,
MPTG_num3,97.76404181117316,,,,
MPTG_num4,97.76404181117316,,,,
MPTS,149.80799644754114,65.954,2.112762,17.25525665283203,1.436612173128217
MPTSS,143.57225923783585,50.8034,,13.568002700805664,2.5983721343673905
MSAR_num1,136.2454183611817,25.3656,3.4720826,6.333243846893311,5.160646713364276
MSAR_num2,149.80799644754114,,5.6210966,5.329183578491211,3.5556925393700345
MSO3abcpp,97.61360481285834,46.0069,1.3903875,4.204555034637451,11.334694813446427
MSO3tex_num1,96.29042090558659,,,,
MSO3tex_num2,33.2825,,,,
MSO3tex_num3,94.81680000000001,,,,
MSO3tex_num4,96.29042090558659,,,,
MSO3tex_reverse_num1,96.29042090558659,,,,
MSO3tex_reverse_num2,33.2825,,,,
MSO3tex_reverse_num3,94.81680000000001,,,,
MSO3tex_reverse_num4,96.29042090558659,,,,
MTAN,136.2454183611817,0.0047,1.2331575,8.076924324035645,10.208028735388128
MTHFC,115.69288473855745,2.1947,16.851915,15.013471603393556,3.125381307066244
MTHFC_reverse,115.69288473855745,98.815,12.02423,20.8311824798584,12.544101452368947
MTHFD,115.69288473855745,0.1946,9.205004,17.423803329467773,1.93123846441364
MTHFD_reverse,115.69288473855745,3.693,16.851915,33.56990051269531,3.8937879056085154
MTHFR2,121.175352563932,3.7726,12.232802,16.749155044555664,4.074876182746937
MTHTHFSs,,0.6999,,,1.3800644610349209
MTRPOX,124.73964281862038,15.1181,2.759666,31.25540542602539,3.541144371740768
N2Otex_num1,96.29042090558659,,,,
N2Otex_num2,33.2825,,,,
N2Otex_num3,94.81680000000001,,,,
N2Otex_num4,96.29042090558659,,,,
N2Otex_reverse_num1,96.29042090558659,,,,
N2Otex_reverse_num2,33.2825,,,,
N2Otex_reverse_num3,94.81680000000001,,,,
N2Otex_reverse_num4,96.29042090558659,,,,
NACtex_num1,96.29042090558659,,,,
NACtex_num2,33.2825,,,,
NACtex_num3,94.81680000000001,,,,
NACtex_num4,96.29042090558659,,,,
NACtex_reverse_num1,96.29042090558659,,,,
NACtex_reverse_num2,33.2825,,,,
NACtex_reverse_num3,94.81680000000001,,,,
NACtex_reverse_num4,96.29042090558659,,,,
NADDP_num1,172.49071949115498,,,,
NADDP_num2,107.69749848393114,,,,
NADH10_num1,123.60963225270937,24.8458,2.7230039,11.837973594665527,3.0734277155319725
NADH10_num2,108.46483596491184,2.7326,7.3908873,35.01493835449219,2.974249578668444
NADH10_num3,164.9625165554,567.4651,5.2104154,8.597846984863281,2.641959074618462
NADH10_num4,149.80799644754114,179.5767,21.076872,13.968276023864746,83.54885239895054
NADH16pp,101.0,,,,
NADH17pp,101.0,16.1563,0.8468534,13.07337474822998,14.343182163764258
NADH18pp,101.0,7.4111,1.1382679,13.07337474822998,17.527193281992982
NADH5_num1,164.9625165554,,,,
NADH5_num2,108.46483596491184,,,,
NADH5_num3,123.60963225270937,,,,
NADH5_num4,149.80799644754114,,,,
NADH9_num1,123.60963225270937,13.0458,2.646893,11.837973594665527,2.30758992115931
NADH9_num2,108.46483596491184,42.8264,6.590849,35.01493835449219,7.160727829311835
NADH9_num3,149.80799644754114,0.5374,19.61953,14.390347480773926,9.35149043574677
NADH9_num4,164.9625165554,0.1727,5.5726237,8.597846984863281,3.709008719383553
NADHHR_num2,115.69288473855742,,,,
NADHHS_num2,115.69288473855742,,,,
NADHPO,169.22268505812133,,,,
NADHXD,119.02616885646879,2.3193,,7.611763477325439,10.89681311733236
NADHXE,119.02616885646879,,,,
NADHXE_reverse,119.02616885646879,,,,
NADK,121.20698236312833,,,,
NADPHHR_num2,115.69288473855742,,,,
NADPHHS_num1,115.69288473855742,,,,
NADPHQR2,169.22268505812133,,,,
NADPHQR3,169.22268505812133,10.1356,25.544134,2.690258026123047,10.400376497266745
NADPHQR4,169.22268505812133,,22.222977,2.6113524436950684,1.93240566126872
NADPHXD,119.02616885646879,257.068,,6.757275104522705,4.693689902714916
NADPHXE,119.02616885646879,,,,
NADPHXE_reverse,119.02616885646879,,,,
NADS1,87.59565671396626,10.0988,1.5786306,1.7415004968643188,69.62689854059693
NADTRHD,121.20698236312833,,,,
NAMNPP,123.60963225270937,0.1131,1.8752457,0.938366711139679,11.549273436294202
NAt3_1p5pp,33.2825,,,,
NAt3_2pp,33.2825,,,,
NAt3pp_num1,33.2825,,,,
NAt3pp_num2,33.2825,,,,
NAtex_num1,96.29042090558659,,,,
NAtex_num2,33.2825,,,,
NAtex_num3,94.81680000000001,,,,
NAtex_num4,96.29042090558659,,,,
NAtex_reverse_num1,96.29042090558659,,,,
NAtex_reverse_num2,33.2825,,,,
NAtex_reverse_num3,94.81680000000001,,,,
NAtex_reverse_num4,96.29042090558659,,,,
NDP3_num1,157.17088698230995,,,,
NDP3_num2,153.48944171492553,,,,
NDP7,153.48944171492553,,,,
NDPK1_num1,78.6014212963055,,,,
NDPK1_num2,205.72000000000008,,,,
NDPK1_reverse_num1,78.6014212963055,,,,
NDPK1_reverse_num2,205.72000000000008,,,,
NDPK2_num1,78.6014212963055,,,,
NDPK2_num2,205.72000000000008,,,,
NDPK2_reverse_num1,78.6014212963055,,,,
NDPK2_reverse_num2,205.72000000000008,,,,
NDPK3_num1,205.72000000000008,,,,
NDPK3_num2,78.6014212963055,,,,
NDPK3_reverse_num1,205.72000000000008,,,,
NDPK3_reverse_num2,78.6014212963055,,,,
NDPK4_num1,78.6014212963055,,,,
NDPK4_num2,205.72000000000008,,,,
NDPK4_reverse_num1,78.6014212963055,,,,
NDPK4_reverse_num2,205.72000000000008,,,,
NDPK5_num1,78.6014212963055,,,,
NDPK5_num2,205.72000000000008,,,,
NDPK5_reverse_num1,78.6014212963055,,,,
NDPK5_reverse_num2,205.72000000000008,,,,
NDPK6_num1,78.6014212963055,,,,
NDPK6_num2,205.72000000000008,,,,
NDPK6_reverse_num1,78.6014212963055,,,,
NDPK6_reverse_num2,205.72000000000008,,,,
NDPK7_num1,78.6014212963055,,,,
NDPK7_num2,205.72000000000008,,,,
NDPK7_reverse_num1,78.6014212963055,,,,
NDPK7_reverse_num2,205.72000000000008,,,,
NDPK8_num1,78.6014212963055,,,,
NDPK8_num2,205.72000000000008,,,,
NDPK8_reverse_num1,78.6014212963055,,,,
NDPK8_reverse_num2,205.72000000000008,,,,
NH4tex_num1,33.2825,,,,
NH4tex_num2,96.29042090558659,,,,
NH4tex_num3,96.29042090558659,,,,
NH4tex_num4,94.81680000000001,,,,
NH4tex_reverse_num1,33.2825,,,,
NH4tex_reverse_num2,96.29042090558659,,,,
NH4tex_reverse_num3,96.29042090558659,,,,
NH4tex_reverse_num4,94.81680000000001,,,,
NH4tpp_num2,33.2825,,,,
NH4tpp_reverse_num2,33.2825,,,,
NHFRBO,149.80799644754114,,,,
NI2abcpp,75.41,3.0713,0.36784938,6.304703712463379,4.810772528691261
NI2t3pp_num1,75.41,2.1744,5.4758186,23.99738502502441,7.654378113303893
NI2t3pp_num2,75.41,,2.4044511,8.963858604431152,2.6182215851292328
NI2tex_num1,96.29042090558659,,,,
NI2tex_num2,33.2825,,,,
NI2tex_num3,94.81680000000001,,,,
NI2tex_num4,96.29042090558659,,,,
NI2tex_reverse_num1,96.29042090558659,,,,
NI2tex_reverse_num2,33.2825,,,,
NI2tex_reverse_num3,94.81680000000001,,,,
NI2tex_reverse_num4,96.29042090558659,,,,
NI2tpp,91.06287263702492,,,,
NI2uabcpp_num1,73.60691468498929,53.0493,0.44150907,5.412230491638184,10.285457757985752
NI2uabcpp_num2,74.95196722410472,,0.7765798,12.35707664489746,1.7950600977119433
NMNAT_num1,206.75125446366417,14.1949,2.4152632,7.850012302398682,2.2716358764902225
NMNAT_num2,151.18324760891227,9.3064,1.6199005,2.9845356941223145,6.6814027467266985
NMNDA,117.63095515668913,1186.9467,3.375824,11.898207664489746,7.118471773114599
NMNPtpp,97.46316781454354,,,,
NMNtex_num1,96.29042090558659,,,,
NMNtex_num2,33.2825,,,,
NMNtex_num3,94.81680000000001,,,,
NMNtex_num4,96.29042090558659,,,,
NMNtex_reverse_num1,96.29042090558659,,,,
NMNtex_reverse_num2,33.2825,,,,
NMNtex_reverse_num3,94.81680000000001,,,,
NMNtex_reverse_num4,96.29042090558659,,,,
NNAM,123.60963225270937,473.4013,35.699833,20.757328033447266,35.65562570088102
NNATr,151.18324760891227,3.1145,2.2922962,3.0747175216674805,2.698624239290672
NNATr_reverse,151.18324760891227,7.3415,1.0418351,5.790816783905029,16.859065873263667
NNDMBRT,143.25976446138526,1.2093,1.6710076,30.12346839904785,2.274071463604415
NNDPR,98.49306668197663,4.7317,15.791517,1.7294963598251345,7.910563010178816
NO2t2rpp_num1,23.0,,,,
NO2t2rpp_num2,33.2825,,,,
NO2t2rpp_reverse_num1,23.0,,,,
NO2t2rpp_reverse_num2,33.2825,,,,
NO2tex_num1,96.29042090558659,,,,
NO2tex_num2,33.2825,,,,
NO2tex_num3,94.81680000000001,,,,
NO2tex_num4,96.29042090558659,,,,
NO2tex_reverse_num1,96.29042090558659,,,,
NO2tex_reverse_num2,33.2825,,,,
NO2tex_reverse_num3,94.81680000000001,,,,
NO2tex_reverse_num4,96.29042090558659,,,,
NO3R1bpp,136.2454183611817,,,,
NO3R1pp_num1,123.60963225270937,,,,
NO3R1pp_num2,120.42138255624843,,,,
NO3R2bpp,149.80799644754114,12.9585,0.89335805,7.476403713226318,4.3269544586335424
NO3R2pp_num1,123.60963225270937,119.4937,5.528982,5.5262651443481445,4.3269544586335424
NO3R2pp_num2,120.42138255624843,,4.2448854,2.715149402618408,6.154294957250831
NO3t7pp_num1,23.0,,,,
NO3t7pp_num2,23.0,,,,
NO3tex_num1,94.81680000000001,,,,
NO3tex_num2,96.29042090558659,,,,
NO3tex_num3,33.2825,,,,
NO3tex_num4,96.29042090558659,,,,
NO3tex_reverse_num1,94.81680000000001,,,,
NO3tex_reverse_num2,96.29042090558659,,,,
NO3tex_reverse_num3,33.2825,,,,
NO3tex_reverse_num4,96.29042090558659,,,,
NODOx,136.7913520377337,,,,
NODOy,136.7913520377337,,,,
NOVBCNtpp_num1,149.80799644754114,4.2251,8.952862,42.18484115600586,4.926265147039378
NOVBCNtpp_num2,97.76404181117316,,5.9386296,42.18484115600586,3.0734277155319725
NOtex_num1,96.29042090558659,,,,
NOtex_num2,33.2825,,,,
NOtex_num3,94.81680000000001,,,,
NOtex_num4,96.29042090558659,,,,
NOtex_reverse_num1,96.29042090558659,,,,
NOtex_reverse_num2,33.2825,,,,
NOtex_reverse_num3,94.81680000000001,,,,
NOtex_reverse_num4,96.29042090558659,,,,
NTD10,117.63095515668913,,,,
NTD10pp_num1,222.8937010511005,,,,
NTD10pp_num2,169.22268505812133,,,,
NTD11_num1,117.63095515668913,,,,
NTD11_num2,160.70234805267864,,,,
NTD11pp_num1,169.22268505812133,,,,
NTD11pp_num2,222.8937010511005,,,,
NTD12_num1,160.70234805267864,,,,
NTD12_num2,117.63095515668913,,,,
NTD12_num3,206.75125446366417,,,,
NTD12_num4,206.75125446366417,,,,
NTD12pp_num1,169.22268505812133,,,,
NTD12pp_num2,222.8937010511005,,,,
NTD1_num1,206.75125446366417,,,,
NTD1_num2,117.63095515668913,,,,
NTD1_num3,173.42795360893282,,,,
NTD1_num4,206.75125446366417,,,,
NTD1pp_num1,169.22268505812133,,,,
NTD1pp_num2,222.8937010511005,,,,
NTD2_num1,173.42795360893282,,,,
NTD2_num2,117.63095515668913,,,,
NTD2_num3,120.62029370469925,,,,
NTD2pp_num1,169.22268505812133,,,,
NTD2pp_num2,222.8937010511005,,,,
NTD2pp_num3,205.72000000000008,,,,
NTD3_num1,206.75125446366417,,,,
NTD3_num2,117.63095515668913,,,,
NTD3_num3,206.75125446366417,,,,
NTD3pp_num1,169.22268505812133,,,,
NTD3pp_num2,222.8937010511005,,,,
NTD4_num1,117.63095515668913,,,,
NTD4_num2,120.62029370469925,,,,
NTD4pp_num1,222.8937010511005,,,,
NTD4pp_num2,169.22268505812133,,,,
NTD4pp_num3,205.72000000000008,,,,
NTD5_num1,206.75125446366417,,,,
NTD5_num2,117.63095515668913,,,,
NTD5_num3,173.42795360893282,,,,
NTD5_num4,206.75125446366417,,,,
NTD5pp_num1,222.8937010511005,,,,
NTD5pp_num2,169.22268505812133,,,,
NTD6_num1,206.75125446366417,,,,
NTD6_num2,117.63095515668913,,,,
NTD6_num3,206.75125446366417,,,,
NTD6pp_num1,169.22268505812133,,,,
NTD6pp_num2,222.8937010511005,,,,
NTD7_num1,160.70234805267864,,,,
NTD7_num2,117.63095515668913,,,,
NTD7_num3,206.75125446366417,,,,
NTD7_num4,120.62029370469925,,,,
NTD7pp_num1,222.8937010511005,,,,
NTD7pp_num2,169.22268505812133,,,,
NTD7pp_num3,205.72000000000008,,,,
NTD8_num1,160.70234805267864,,,,
NTD8_num2,117.63095515668913,,,,
NTD8_num3,206.75125446366417,,,,
NTD8_num4,206.75125446366417,,,,
NTD8pp_num1,222.8937010511005,,,,
NTD8pp_num2,169.22268505812133,,,,
NTD9_num1,206.75125446366417,,,,
NTD9_num2,117.63095515668913,,,,
NTD9_num3,160.70234805267864,,,,
NTD9_num4,120.62029370469925,,,,
NTD9pp_num1,222.8937010511005,,,,
NTD9pp_num2,169.22268505812133,,,,
NTD9pp_num3,205.72000000000008,,,,
NTP10_num1,97.46316781454354,,,,
NTP10_num2,136.70881435012527,,,,
NTP11,136.70881435012527,,,,
NTP12,136.70881435012527,,,,
NTP1_num1,120.42138255624843,,,,
NTP1_num2,97.46316781454354,,,,
NTP3_num1,101.48467694066687,,,,
NTP3_num2,108.46483596491184,,,,
NTP3_num3,108.46483596491184,,,,
NTP3_num4,97.46316781454354,,,,
NTP3_num5,103.47895132344424,,,,
NTP3_num6,121.175352563932,,,,
NTP3_num7,100.61535423891993,,,,
NTP3pp,205.72000000000008,,,,
NTP5,97.46316781454354,,,,
NTPP10,112.07886035173463,,,,
NTPP11,112.07886035173463,,,,
NTPP1_num1,121.175352563932,,,,
NTPP1_num2,123.60963225270937,,,,
NTPP2_num1,121.175352563932,,,,
NTPP2_num2,123.60963225270937,,,,
NTPP3_num1,123.60963225270937,,,,
NTPP3_num2,187.810552,,,,
NTPP3_num3,136.70881435012527,,,,
NTPP4_num1,136.70881435012527,,,,
NTPP4_num2,123.60963225270937,,,,
NTPP5_num1,152.5584987702834,,,,
NTPP5_num2,123.60963225270937,,,,
NTPP6_num1,123.60963225270937,,,,
NTPP6_num2,128.2406734749161,,,,
NTPP7_num1,187.810552,,,,
NTPP7_num2,123.60963225270937,,,,
NTPP7_num3,97.46316781454354,,,,
NTPP8_num1,123.60963225270937,,,,
NTPP8_num2,97.46316781454354,,,,
NTPP9,112.07886035173463,,,,
NTPTP1,125.53247203458906,,,,
NTPTP2,125.53247203458906,,,,
NTRIR2x,160.70234805267864,,,,
NTRIR3pp,153.43111111111108,,,,
NTRIR4pp,153.43111111111108,10.3427,1.0594691,7.611652851104736,4.3269544586335424
O16A4COLIPAabctex,101.0,224.2645,,7.871926307678223,9.490631515381825
O16A4Lpp,67.225,308.1723,0.62899244,2.084498405456543,10.400376497266745
O16AP1pp,96.13998390727178,,,,
O16AP2pp,96.13998390727178,33.9735,0.041147135,2.2860381603240967,2.524458863520932
O16AP3pp,96.13998390727178,27.0202,0.041147135,2.2860381603240967,2.462393481228785
O16AT,222.8937010511005,14.5918,6.1096478,7.957584857940674,5.396550906868846
O16AUNDtpp,97.61360481285834,,,,
O16GALFT,77.65641666666666,3.046,0.7949168,5.099403858184815,5.396550906868846
O16GLCT1,59.45096448020146,4.4855,0.354304,1.5312461853027344,3.2366721193974084
O2Stex_num1,33.2825,,,,
O2Stex_num2,96.29042090558659,,,,
O2Stex_num3,96.29042090558659,,,,
O2Stex_num4,94.81680000000001,,,,
O2Stex_reverse_num1,33.2825,,,,
O2Stex_reverse_num2,96.29042090558659,,,,
O2Stex_reverse_num3,96.29042090558659,,,,
O2Stex_reverse_num4,94.81680000000001,,,,
O2tex_num1,96.29042090558659,,,,
O2tex_num2,33.2825,,,,
O2tex_num3,94.81680000000001,,,,
O2tex_num4,96.29042090558659,,,,
O2tex_reverse_num1,96.29042090558659,,,,
O2tex_reverse_num2,33.2825,,,,
O2tex_reverse_num3,94.81680000000001,,,,
O2tex_reverse_num4,96.29042090558659,,,,
OAADC,137.37750142279987,1.402,0.89551616,89.97630310058594,229.50963769458312
OBTFL_num1,149.80799644754114,1.269,5.1442204,23.73177528381348,2.415529750740917
OBTFL_num2,137.33652202813053,,5.1442204,23.73177528381348,33.66240634310002
OBTFL_num3,149.80799644754114,,5.1442204,25.25441551208496,9.490631515381825
OCBT_num1,149.80799644754114,11.6414,9.271143,328.7315673828125,12.628470676953103
OCBT_num2,151.18324760891227,,7.5295424,150.40748596191406,4.3269544586335424
OCBT_reverse_num1,149.80799644754114,0.0349,2.2516043,283.2689514160156,3.924284482031708
OCBT_reverse_num2,151.18324760891227,,2.248029,141.7139129638672,2.419531547116704
OCDCAtexi,206.75125446366417,,,,
OCDCEAtexi,206.75125446366417,,,,
OCTAtex_num1,96.29042090558659,,,,
OCTAtex_num2,33.2825,,,,
OCTAtex_num3,94.81680000000001,,,,
OCTAtex_num4,96.29042090558659,,,,
OCTAtex_reverse_num1,96.29042090558659,,,,
OCTAtex_reverse_num2,33.2825,,,,
OCTAtex_reverse_num3,94.81680000000001,,,,
OCTAtex_reverse_num4,96.29042090558659,,,,
OCTDPS,197.70251011777788,11.7116,1.0416394,2.0930421352386475,0.1853472905278476
OCTNLL,120.79836756009021,1.7408,1.6308587,1.808124542236328,2.5983721343673905
OGMEACPD,118.43411865124475,,,,
OGMEACPR,136.71153247522938,1.6051,,48.10326766967773,2.6761024502934845
OGMEACPS,129.20025527297207,0.3846,0.23880827,7.297029972076416,8.727681694564989
OHPBAT,126.3166780801852,222.5692,5.513104,16.25790023803711,8.506686674713542
OHPBAT_reverse,126.3166780801852,10.1085,8.280956,20.024599075317383,6.334036791279153
OHPHM,118.43411865124475,3.1828,0.06796339,0.5300205945968628,1.122388381894457
OMBZLM,189.6850202355557,102.4192,0.0507809,1.8237892389297483,2.9633630070897
OMCDC,,2.4068,,,3.251854009824038
OMMBLHXy,160.70234805267864,5.1889,1.1320024,2.0087993144989014,3.6367702477551687
OMPDC,138.0434703703704,191.2055,4.2917957,19.700590133666992,4.354381965230433
OMPHHXy,122.42412220751703,2.3743,,6.286269664764404,1.596709471244132
OP4ENH,130.15983707102805,1.5675,4.795694,38.035152435302734,9.804766225838929
OPHBDC,137.33652202813053,78.4135,3.3061633,9.159306526184082,4.198116641281027
OPHHXy,149.80799644754114,1.179,1.1294305,1.2589285373687744,3.810720458960378
OPMEACPD,118.43411865124475,,,,
OPMEACPR,136.71153247522938,8.9912,,48.10326766967773,12.944373024364497
OPMEACPS,125.69922461667636,147.2453,,6.918361663818359,4.343292091571338
ORNDC_num1,121.20698236312833,112.144,28.60743,2.9794983863830566,3.808522672656756
ORNDC_num2,115.69288473855745,,27.95468,3.6697983741760254,5.511913782654467
ORNabcpp,68.51321211937051,42.137,15.231773,20.9307918548584,8.972912737382016
ORNtex_num1,96.29042090558659,,,,
ORNtex_num2,33.2825,,,,
ORNtex_num3,94.81680000000001,,,,
ORNtex_num4,96.29042090558659,,,,
ORNtex_reverse_num1,96.29042090558659,,,,
ORNtex_reverse_num2,33.2825,,,,
ORNtex_reverse_num3,94.81680000000001,,,,
ORNtex_reverse_num4,96.29042090558659,,,,
OROTt2_2pp,23.0,1.6189,17.899323,34.960540771484375,5.623491928170631
OROTtex_num1,96.29042090558659,,,,
OROTtex_num2,96.29042090558659,,,,
OROTtex_num3,94.81680000000001,,,,
OROTtex_num4,33.2825,,,,
OROTtex_reverse_num1,96.29042090558659,,,,
OROTtex_reverse_num2,96.29042090558659,,,,
OROTtex_reverse_num3,94.81680000000001,,,,
OROTtex_reverse_num4,33.2825,,,,
ORPT,81.6527647058823,5.8168,1.207358,47.47773361206055,4.354381965230433
ORPT_reverse,81.6527647058823,2.7493,1.6943656,7.4698357582092285,229.50963769458312
OXCDC,115.69288473855745,124.5113,16.896854,60.25201797485352,2.129537114934948
OXCOAHDH,129.20025527297207,1.8131,14.480932,8.0032377243042,3.194268354614871
OXDHCOAT,121.175352563932,31.5675,2.2877603,4.699695587158203,1.607791776275416
P5CD,133.28236464036155,49.7179,15.180542,6.077281475067139,10.400376497266745
P5CR,130.15983707102805,8.1982,16.209797,63.48037338256836,4.075808913109514
PA120abcpp,75.96272439544778,3.0803,,3.9198834896087646,2.561459863767772
PA140abcpp,75.96272439544778,4.3598,2.3334215,3.9198834896087646,3.808522672656756
PA141abcpp,75.96272439544778,6.9489,,3.9198834896087646,11.970200406779476
PA160abcpp,75.96272439544778,101.2327,2.0759263,3.9198834896087646,2.129537114934948
PA161abcpp,75.96272439544778,1.1243,,3.9198834896087646,3.0734277155319725
PA180abcpp,75.96272439544778,0.125,0.911281,3.9198834896087646,3.0734277155319725
PA181abcpp,75.96272439544778,2.5331,,3.9198834896087646,5.717953119838133
PACALDtex_num1,96.29042090558659,,,,
PACALDtex_num2,33.2825,,,,
PACALDtex_num3,94.81680000000001,,,,
PACALDtex_num4,96.29042090558659,,,,
PACALDtex_reverse_num1,96.29042090558659,,,,
PACALDtex_reverse_num2,33.2825,,,,
PACALDtex_reverse_num3,94.81680000000001,,,,
PACALDtex_reverse_num4,96.29042090558659,,,,
PACCOAE,149.80799644754114,6.7502,1.6924852,3.3458194732666016,1.607791776275416
PACCOAL,120.42138255624843,0.4526,6.398338,9.678257942199709,20.841183569207764
PACOAT,160.70234805267864,7.24,7.034244,33.52794647216797,20.83005914936328
PAI2I,197.70251011777788,,,,
PAI2T,104.82593778080927,0.3326,,40.80854797363281,23.230556749175783
PANTS,100.71311242628241,0.0178,1.6850239,2.8611631393432617,20.83005914936328
PAPA120,76.35248958333332,0.2781,,43.42146682739258,7.116102438930725
PAPA120pp,76.35248958333332,2.3979,,43.42146682739258,20.83005914936328
PAPA140,76.35248958333332,4.9723,19.89493,31.10386848449707,8.645785370246568
PAPA140pp,76.35248958333332,22.2652,19.89493,31.10386848449707,20.83005914936328
PAPA141,76.35248958333332,12.9585,,43.42146682739258,7.596548103944305
PAPA141pp,76.35248958333332,3.2987,,43.42146682739258,20.83005914936328
PAPA160,76.35248958333332,8.8038,21.795998,28.446508407592773,4.946131903388997
PAPA160pp,76.35248958333332,30.186,21.795998,28.446508407592773,20.83005914936328
PAPA161,76.35248958333332,13.5919,,43.42146682739258,7.596548103944305
PAPA161pp,76.35248958333332,2.4006,,43.42146682739258,20.83005914936328
PAPA180,76.35248958333332,4.2905,14.676525,27.61216735839844,16.283280145620715
PAPA180pp,76.35248958333332,8.7477,14.676525,27.61216735839844,7.8337863355112125
PAPA181,76.35248958333332,8.8038,,43.42146682739258,6.2570891518567215
PAPA181pp,76.35248958333332,13.2285,,43.42146682739258,1.873480710504212
PAPPT3,97.61360481285834,18.4411,0.41667697,0.695639431476593,57.063283581709584
PAPSR2_num1,154.8978386945808,36.6613,0.06639248,18.96841621398925,6.7859805272721
PAPSR2_num2,149.80799644754114,,24.832584,3.5716090202331543,6.7859805272721
PAPSR2_num3,151.18324760891227,,2.5256784,3.5716090202331543,6.7859805272721
PAPSR2_num4,136.6667,,0.06639248,4.600254058837891,6.7859805272721
PAPSR_num1,151.18324760891227,33.7978,0.060951978,3.905252933502197,8.645785370246568
PAPSR_num2,149.80799644754114,,0.06639248,3.346116781234741,7.228125235384933
PCNO_reverse,129.20025527297207,0.0793,8.458903,15.781052589416504,8.056529141938169
PDE1_num1,91.06287263702492,0.0308,0.26494777,6.602203369140625,5.604077151560538
PDE1_num2,152.62479040685164,,8.048594,15.154284477233888,6.029423425870919
PDE4,91.06287263702492,7.6054,0.24793908,4.618997573852539,3.719676592479508
PDH,108.46483596491184,56.5359,8.542469,5.618505954742432,21.4777863867725
PDX5POi,97.46316781454354,3.6531,0.2604162,9.756113052368164,6.2570891518567215
PDX5PS,123.60963225270937,87.6496,1.6794369,5.815330505371094,3.1593777329690544
PDXPP,154.8978386945808,0.0006,2.7536476,9.6710786819458,3.4669513238291216
PE120abcpp,75.96272439544778,0.2868,,3.9198834896087646,8.496721583609121
PE140abcpp,75.96272439544778,12.9585,,3.9198834896087646,2.410330339395014
PE141abcpp,75.96272439544778,4.1135,,3.9198834896087646,2.129537114934948
PE160abcpp,75.96272439544778,61.1707,2.2683146,3.9198834896087646,7.930539978052965
PE161abcpp,75.96272439544778,411.6864,,3.9198834896087646,3.095314723399571
PE180abcpp,75.96272439544778,0.13,1.4213109,3.9198834896087646,8.645785370246568
PE181abcpp,75.96272439544778,3.1622,,3.9198834896087646,5.029258652308406
PEAMNOpp,169.22268505812133,2.6951,44.08109,11.040637016296388,12.39078414720572
PEAMNtex_num1,96.29042090558659,,,,
PEAMNtex_num2,33.2825,,,,
PEAMNtex_num3,94.81680000000001,,,,
PEAMNtex_num4,96.29042090558659,,,,
PEAMNtex_reverse_num1,96.29042090558659,,,,
PEAMNtex_reverse_num2,33.2825,,,,
PEAMNtex_reverse_num3,94.81680000000001,,,,
PEAMNtex_reverse_num4,96.29042090558659,,,,
PERD,149.80799644754114,12.3609,9.378682,37.59552764892578,6.029423425870919
PERD_reverse,149.80799644754114,8.3295,11.010673,39.045936584472656,2.0469354936451434
PETNT161pp,67.225,1.4882,0.63837427,8.153915405273438,4.201952486334633
PETNT181pp,67.225,63.3854,0.63837427,8.153915405273438,11.757149837720146
PFK_2,120.42138255624843,1.031,0.28738415,6.485574722290039,6.3300297401597465
PFK_3,120.42138255624843,0.5628,0.33419493,11.762978553771973,7.008712984588747
PFK_num1,120.42138255624843,98.8085,0.28738415,6.485574722290039,6.029423425870919
PFK_num2,113.1896270358787,,12.115614,26.997573852539062,5.8218552443149
PFL_num1,133.28236464036155,317.5315,3.0912056,34.219730377197266,5.265135685472943
PFL_num2,149.80799644754114,59.1738,4.9146495,32.92634582519531,8.645785370246568
PFL_num3,149.80799644754114,4.5124,4.9146495,35.038917541503906,8.645785370246568
PFL_num4,137.33652202813053,4.477,4.9146495,32.92634582519531,2.30758992115931
PG120abcpp,75.96272439544778,7.1957,,3.9198834896087646,2.7304914725608933
PG140abcpp,75.96272439544778,15.1437,3.1426146,3.9198834896087646,1.122388381894457
PG141abcpp,75.96272439544778,0.3706,,3.9198834896087646,2.7304914725608933
PG160abcpp,75.96272439544778,10.4447,1.0214008,3.9198834896087646,8.36363692666625
PG161abcpp,75.96272439544778,26.2189,,3.9198834896087646,2.23349776356753
PG180abcpp,75.96272439544778,174.1055,1.9496586,3.9198834896087646,1.122388381894457
PG181abcpp,75.96272439544778,4.7005,,3.9198834896087646,1.943590361031116
PGAMT,136.14538184725743,,,,
PGAMT_reverse,136.14538184725743,,,,
PGCD,143.92573340895575,17.8988,4.166264,60.33788299560547,20.83005914936328
PGI,152.5584987702834,,,,
PGI_reverse,152.5584987702834,,,,
PGK,160.70234805267864,10.0168,26.573732,127.1556167602539,4.313722984290232
PGK_reverse,160.70234805267864,9.8253,22.683355,170.9440155029297,5.171331930782302
PGL,215.45741518387132,6.5557,21.629461,12.43678379058838,16.859065873263667
PGLYCP,138.63165413200494,2.139,15.29612,47.09542846679688,22.65815018584855
PGMT_num1,136.2454183611817,,,,
PGMT_num2,189.6850202355557,,,,
PGMT_num3,154.8978386945808,,,,
PGMT_reverse_num1,136.2454183611817,,,,
PGMT_reverse_num2,189.6850202355557,,,,
PGMT_reverse_num3,154.8978386945808,,,,
PGM_num1,90.65907860738318,,,,
PGM_num2,157.17088698230995,,,,
PGM_reverse_num1,90.65907860738318,,,,
PGM_reverse_num2,157.17088698230995,,,,
PGP120abcpp,75.96272439544778,26.7344,,3.9198834896087646,2.23349776356753
PGP140abcpp,75.96272439544778,2.0297,,3.9198834896087646,8.36363692666625
PGP141abcpp,75.96272439544778,13.6117,,3.9198834896087646,1.122388381894457
PGP160abcpp,75.96272439544778,28.5181,1.7936745,3.9198834896087646,1.8401094876681463
PGP161abcpp,75.96272439544778,104.9765,1.5502264,3.9198834896087646,6.481120339900238
PGP180abcpp,75.96272439544778,28.5181,1.645974,3.9198834896087646,2.471741951821536
PGP181abcpp,75.96272439544778,19.7853,,3.9198834896087646,4.2102808645197
PGPP120_num1,67.225,0.4055,,27.92367553710937,2.129537114934948
PGPP120_num2,76.35248958333332,,,43.42146682739258,10.475654966689731
PGPP120pp_num1,67.225,5.2681,,27.92367553710937,17.527193281992982
PGPP120pp_num2,76.35248958333332,,,43.42146682739258,7.930539978052965
PGPP140_num1,67.225,4.9684,,6.118159770965576,9.129954971721624
PGPP140_num2,76.35248958333332,,,12.43678379058838,7.930539978052965
PGPP140pp_num1,67.225,6.8604,,6.118159770965576,2.471741951821536
PGPP140pp_num2,76.35248958333332,,,12.43678379058838,10.475654966689731
PGPP141_num1,67.225,4.0607,,27.92367553710937,3.709008719383553
PGPP141_num2,76.35248958333332,,,43.42146682739258,7.930539978052965
PGPP141pp_num1,67.225,4.1247,,27.92367553710937,6.245464574809021
PGPP141pp_num2,76.35248958333332,,,43.42146682739258,10.475654966689731
PGPP160_num1,67.225,,0.45577753,10.771123886108398,1.8401094876681463
PGPP160_num2,76.35248958333332,,6.9388404,28.622377395629883,4.201952486334633
PGPP160pp_num1,67.225,7.0226,0.45577753,10.771123886108398,1.873480710504212
PGPP160pp_num2,76.35248958333332,,6.9388404,28.622377395629883,10.475654966689731
PGPP161_num1,67.225,15.7634,0.42184564,10.771123886108398,1.501060959466043
PGPP161_num2,76.35248958333332,,6.5188236,28.622377395629883,5.55587385987169
PGPP161pp_num1,67.225,2.8866,0.42184564,10.771123886108398,8.496721583609121
PGPP161pp_num2,76.35248958333332,,6.5188236,28.622377395629883,7.672849549603623
PGPP180_num1,67.225,8.2411,0.4022475,9.281512260437012,4.735065155694623
PGPP180_num2,76.35248958333332,,5.345898,27.78287696838379,4.201952486334633
PGPP180pp_num1,67.225,0.0048,0.4022475,9.281512260437012,5.7766222627594175
PGPP180pp_num2,76.35248958333332,,5.345898,27.78287696838379,1.7851135665555418
PGPP181_num1,76.35248958333332,6.426,,43.42146682739258,1.407557400154843
PGPP181_num2,67.225,,,27.92367553710937,3.709008719383553
PGPP181pp_num1,67.225,2.5037,,27.92367553710937,2.410330339395014
PGPP181pp_num2,76.35248958333332,,,43.42146682739258,7.930539978052965
PGSA120,149.80799644754114,43.8226,4.39481,8.642553329467773,6.480107934481085
PGSA140,149.80799644754114,1.8321,4.39481,3.2887840270996094,4.735065155694623
PGSA141,149.80799644754114,2.4441,4.39481,3.0986924171447754,7.497355702650688
PGSA160,149.80799644754114,0.538,4.39481,5.210255146026611,2.757886602159652
PGSA161,149.80799644754114,2.4441,4.39481,6.389145851135254,3.028813247277281
PGSA180,149.80799644754114,22.8777,4.39481,6.985991954803467,3.709008719383553
PGSA181,149.80799644754114,4.3812,4.39481,2.750835657119751,12.716534780945764
PHDA,178.0,6.1663,,40.91169738769531,3.318657465044924
PHEMEabcpp,95.09001137647181,21.1088,,,2.6014665750227497
PHETA1_num1,128.2406734749161,2.3745,8.513043,308.0410461425781,2.459055654015251
PHETA1_num2,128.2406734749161,,3.1452296,71.67434692382812,4.3269544586335424
PHETA1_num3,120.79836756009021,,37.56687,24.663986206054688,8.578554053307505
PHETA1_reverse_num1,128.2406734749161,1.1041,7.11733,369.3676452636719,2.193511043557145
PHETA1_reverse_num2,128.2406734749161,,2.3280623,80.97610473632812,6.334036791279153
PHETA1_reverse_num3,120.79836756009021,,12.652815,24.663986206054688,7.677819618581422
PHEt2rpp_num1,23.0,9.3825,8.629671,38.65018844604492,10.475654966689731
PHEt2rpp_num2,23.0,,5.1394577,43.46313095092773,1.7851135665555418
PHEt2rpp_reverse_num1,23.0,2.9083,8.629671,38.65018844604492,8.45796774937034
PHEt2rpp_reverse_num2,23.0,,5.1394577,43.46313095092773,6.510910736437578
PHEtex_num1,96.29042090558659,,,,
PHEtex_num2,33.2825,,,,
PHEtex_num3,94.81680000000001,,,,
PHEtex_num4,96.29042090558659,,,,
PHEtex_reverse_num1,96.29042090558659,,,,
PHEtex_reverse_num2,33.2825,,,,
PHEtex_reverse_num3,94.81680000000001,,,,
PHEtex_reverse_num4,96.29042090558659,,,,
PHEtipp,33.2825,,,,
PHYTSpp,205.72000000000008,2.0179,,1413.634765625,61.344739085041006
PIt2rpp_num1,30.14125,,,,
PIt2rpp_num2,33.2825,,,,
PItex_num1,96.29042090558659,,,,
PItex_num2,33.2825,,,,
PItex_num3,94.81680000000001,,,,
PItex_num4,96.29042090558659,,,,
PItex_reverse_num1,96.29042090558659,,,,
PItex_reverse_num2,33.2825,,,,
PItex_reverse_num3,94.81680000000001,,,,
PItex_reverse_num4,96.29042090558659,,,,
PItpp,54.34625,,,,
PIuabcpp,90.65907860738318,,,,
PLIPA1A120pp,114.44310926058014,0.6196,,76.44440460205078,3.0734277155319725
PLIPA1A140pp,114.44310926058014,10.5614,7.286067,17.25525665283203,3.0734277155319725
PLIPA1A141pp,114.44310926058014,1.4741,,76.44440460205078,3.0734277155319725
PLIPA1A160pp,114.44310926058014,2.5809,6.744749,19.437274932861328,3.0734277155319725
PLIPA1A161pp,114.44310926058014,2.4137,,76.44440460205078,3.0734277155319725
PLIPA1A180pp,114.44310926058014,4.8024,4.318058,20.024599075317383,3.0734277155319725
PLIPA1A181pp,114.44310926058014,14.1144,,58.47757339477539,6.2570891518567215
PLIPA1E120pp,114.44310926058014,0.838,,21.253028869628903,7.211659285404079
PLIPA1E140pp,114.44310926058014,3.5499,,18.86717414855957,10.400376497266745
PLIPA1E141pp,114.44310926058014,0.488,,76.44440460205078,2.177845051255175
PLIPA1E160pp,114.44310926058014,38.5124,5.542671,28.622377395629883,3.744908238513749
PLIPA1E161pp,114.44310926058014,0.7868,,76.44440460205078,3.744908238513749
PLIPA1E180pp,114.44310926058014,0.3552,4.8175235,27.78287696838379,8.36363692666625
PLIPA1E181pp,114.44310926058014,10.0832,,58.47757339477539,6.130754302507611
PLIPA1G120pp,114.44310926058014,13.0899,,76.44440460205078,3.095314723399571
PLIPA1G140pp,114.44310926058014,2.1894,5.780311,22.55681610107422,8.36363692666625
PLIPA1G141pp,114.44310926058014,1.761,,76.44440460205078,5.717953119838133
PLIPA1G160pp,114.44310926058014,0.4232,4.222907,26.967998504638672,2.129537114934948
PLIPA1G161pp,114.44310926058014,4.5075,,17.776649475097656,8.36363692666625
PLIPA1G180pp,114.44310926058014,8.6765,3.5549717,26.967998504638672,5.67086290135236
PLIPA1G181pp,114.44310926058014,0.0146,,58.47757339477539,5.67086290135236
PLIPA2A120pp,114.44310926058014,101.7548,,20.62967300415039,8.724466117339635
PLIPA2A140pp,114.44310926058014,9.2168,7.286067,37.41640472412109,21.499615372978354
PLIPA2A141pp,114.44310926058014,1.1009,,76.44440460205078,3.474394253158311
PLIPA2A160pp,114.44310926058014,7.7869,6.744749,19.437274932861328,3.646767652551578
PLIPA2A161pp,114.44310926058014,6.7266,,76.44440460205078,2.23349776356753
PLIPA2A180pp,114.44310926058014,5.5407,4.318058,32.241825103759766,21.01652074287752
PLIPA2A181pp,114.44310926058014,0.5799,,58.47757339477539,1.8401094876681463
PLIPA2E120pp,114.44310926058014,0.5396,,12.43678379058838,4.939211283970827
PLIPA2E140pp,114.44310926058014,9.267,,11.040637016296388,1.943590361031116
PLIPA2E141pp,114.44310926058014,15.2434,,76.44440460205078,8.913343525198545
PLIPA2E160pp,114.44310926058014,17758.2921,5.542671,27.78287696838379,1.1124517833873355
PLIPA2E161pp,114.44310926058014,8.0302,,76.44440460205078,19.07447150904677
PLIPA2E180pp,114.44310926058014,8.0888,4.8175235,25.40924453735352,1.3662674994995092
PLIPA2E181pp,114.44310926058014,0.3855,,58.47757339477539,10.475654966689731
PLIPA2G120pp,114.44310926058014,0.3187,,9.801222801208496,1.3662674994995092
PLIPA2G140pp,114.44310926058014,175.1943,5.780311,20.024599075317383,2.4261922017871043
PLIPA2G141pp,114.44310926058014,0.3043,,76.44440460205078,4.505918121530305
PLIPA2G160pp,114.44310926058014,4.8372,4.222907,25.40924453735352,3.737596363772756
PLIPA2G161pp,114.44310926058014,36.7086,,17.776649475097656,10.241854526086245
PLIPA2G180pp,114.44310926058014,8.0302,3.5549717,23.94058609008789,6.893062771666467
PLIPA2G181pp,114.44310926058014,45.3915,,8.19803237915039,6.960383956781024
PMANM,121.20698236312833,,,,
PMANM_reverse,121.20698236312833,,,,
PMDPHT_num1,158.9366175174943,0.6255,3.076749,13.349570274353027,3.743103432139716
PMDPHT_num2,127.45531181646874,41.3155,3.8809974,2.147484302520752,8.645785370246568
PMEACPE,129.92752530694554,2.6224,,6.6559600830078125,12.944373024364497
PMPK,128.2406734749161,1.4882,,3.170287847518921,7.759480633406317
PNSPA,215.88128544774256,303.9653,,8.202713012695312,2.3451833249692777
PNTK,116.89457360940393,0.5224,1.6366055,0.8003122806549072,5.7766222627594175
PNTOt4pp,23.0,3.8321,10.648635,15.781052589416504,2.3823735145285267
PNTOtex_num1,96.29042090558659,,,,
PNTOtex_num2,33.2825,,,,
PNTOtex_num3,94.81680000000001,,,,
PNTOtex_num4,96.29042090558659,,,,
PNTOtex_reverse_num1,96.29042090558659,,,,
PNTOtex_reverse_num2,33.2825,,,,
PNTOtex_reverse_num3,94.81680000000001,,,,
PNTOtex_reverse_num4,96.29042090558659,,,,
POAACR,149.80799644754114,6.6684,6.5874867,34.719215393066406,1.3088988302687683
POR5_num1,120.42138255624843,34.4823,5.268276,15.111824035644531,1.3800644610349209
POR5_num2,121.20698236312833,,27.52342,20.497108459472656,3.9123352524916633
POR5_reverse_num1,120.42138255624843,13.8166,5.895344,11.221012115478516,9.525367628761076
POR5_reverse_num2,121.20698236312833,,9.468074,12.378698348999023,
POX,109.93846339912258,0.1886,0.38517183,50.11541366577149,5.265135685472943
PPA2_num1,149.80799644754114,,,,
PPA2_num2,117.63095515668913,,,,
PPAKr,205.72000000000008,15.3721,128.21843,83.78691101074219,1.1142984775566231
PPAKr_reverse,205.72000000000008,14.6663,,97.23410034179688,6.114933958500958
PPALtex_num1,96.29042090558659,,,,
PPALtex_num2,33.2825,,,,
PPALtex_num3,94.81680000000001,,,,
PPALtex_num4,96.29042090558659,,,,
PPALtex_reverse_num1,96.29042090558659,,,,
PPALtex_reverse_num2,33.2825,,,,
PPALtex_reverse_num3,94.81680000000001,,,,
PPALtex_reverse_num4,96.29042090558659,,,,
PPA_num1,149.80799644754114,,,,
PPA_num2,117.63095515668913,,,,
PPA_num3,169.22268505812133,,,,
PPAt4pp,23.0,0.4807,,29.488563537597656,2.433073219097816
PPAtex_num1,94.81680000000001,,,,
PPAtex_num2,33.2825,,,,
PPAtex_num3,96.29042090558659,,,,
PPAtex_num4,96.29042090558659,,,,
PPAtex_reverse_num1,94.81680000000001,,,,
PPAtex_reverse_num2,33.2825,,,,
PPAtex_reverse_num3,96.29042090558659,,,,
PPAtex_reverse_num4,96.29042090558659,,,,
PPBNGS,115.69288473855748,,,,
PPC,152.5584987702834,0.4519,94.74958,273.7337341308594,20.83005914936328
PPCDC,103.47895132344424,0.0117,1.3223494,2.5288827419281006,2.302223131366209
PPCK,115.69288473855745,7.1253,6.9581585,33.10459518432617,229.50963769458312
PPCSCT,121.20698236312833,4.1723,30.855896,31.288265228271484,3.653492800559781
PPDOy,155.2551722501099,0.725,44.84183,63.59649658203125,15.283690266797445
PPGPPDP,169.7465083415484,1.9442,0.46219298,4.553455829620361,10.8282836744015
PPK,153.48944171492553,,,,
PPK2,153.48944171492553,,,,
PPM,149.80799644754114,,,,
PPM2,149.80799644754114,,,,
PPM2_reverse,149.80799644754114,,,,
PPM_reverse,149.80799644754114,,,,
PPNCL2,103.47895132344424,8310.6097,1.3105887,2.9794979095458984,4.588231538118686
PPND,136.71153247522938,4.9589,,13.837408065795898,2.3823957734715617
PPNDH,138.0434703703704,0.7335,,13.102502822875977,6.814832905594133
PPPGO,95.09001137647181,18.1437,0.2635443,1.406787395477295,5.8218552443149
PPPGO3,95.09001137647181,116.5111,0.2635443,1.7327171564102173,4.505918121530305
PPPNDO,136.71153247522938,330.9361,7.760808,14.974894523620604,2.48640249435364
PPPNt2rpp,33.2825,0.1201,1.8561687,10.87685489654541,8.645785370246568
PPPNt2rpp_reverse,33.2825,37.917,1.8561687,10.87685489654541,8.06523027060146
PPPNtex_num1,96.29042090558659,,,,
PPPNtex_num2,33.2825,,,,
PPPNtex_num3,94.81680000000001,,,,
PPPNtex_num4,96.29042090558659,,,,
PPPNtex_reverse_num1,96.29042090558659,,,,
PPPNtex_reverse_num2,33.2825,,,,
PPPNtex_reverse_num3,94.81680000000001,,,,
PPPNtex_reverse_num4,96.29042090558659,,,,
PPS,119.02616885646879,2.4517,3.8289595,3.168363571166992,5.265135685472943
PPTHpp,205.72000000000008,5.3681,30.983015,175.93133544921875,4.3269544586335424
PPTtex_num1,96.29042090558659,,,,
PPTtex_num2,33.2825,,,,
PPTtex_num3,94.81680000000001,,,,
PPTtex_num4,96.29042090558659,,,,
PPTtex_reverse_num1,96.29042090558659,,,,
PPTtex_reverse_num2,33.2825,,,,
PPTtex_reverse_num3,94.81680000000001,,,,
PPTtex_reverse_num4,96.29042090558659,,,,
PRAGSr,149.80799644754114,81.0768,7.2210307,10.139662742614746,5.613717464756171
PRAGSr_reverse,149.80799644754114,9.801,5.59391,6.297506809234619,6.334036791279153
PRAIS,101.46981508671729,20.4418,8.788,7.946943759918213,4.2102808645197
PRAIi,115.69288473855745,,,,
PRAMPC,197.70251011777788,8.8595,0.77304727,17.26673126220703,147.91502098856446
PRASCSi,97.61360481285834,11.8457,0.9823159,7.109346866607666,8.018026648275109
PRATPP,197.70251011777788,13.2252,0.49964088,5.949090003967285,10.400376497266745
PRCPD,127.45531181646874,6.5127,,1.4997607469558716,3.50353385821492
PRFGS,115.69288473855745,8310.6097,8.0059,38.23566055297852,7.616395908391146
PRMICI,157.17088698230995,,,,
PRMICI_reverse,157.17088698230995,,,,
PROD3,133.28236464036155,1.5701,5.7781615,9.13535213470459,10.715145331378668
PROGLYabcpp,104.73241798245593,17.1747,0.61416185,18.979406356811523,8.126022089600111
PROGLYtex_num1,96.29042090558659,,,,
PROGLYtex_num2,33.2825,,,,
PROGLYtex_num3,94.81680000000001,,,,
PROGLYtex_num4,96.29042090558659,,,,
PROGLYtex_reverse_num1,96.29042090558659,,,,
PROGLYtex_reverse_num2,33.2825,,,,
PROGLYtex_reverse_num3,94.81680000000001,,,,
PROGLYtex_reverse_num4,96.29042090558659,,,,
PROabcpp,90.65907860738318,137.3844,3.9042573,18.982484817504883,1.2556971297984412
PROt2rpp_num1,23.0,12.3237,3.4116294,15.8236083984375,6.9899481650584585
PROt2rpp_num2,91.46666666666665,,3.3020046,62.37808227539063,4.04186287809693
PROt2rpp_reverse_num1,23.0,12.9916,3.4116294,15.8236083984375,9.674936837183308
PROt2rpp_reverse_num2,91.46666666666665,,3.3020046,62.37808227539063,5.02416662235697
PROt4pp,23.0,0.351,8.456047,29.488563537597656,5.261815249267126
PROtex_num1,33.2825,,,,
PROtex_num2,96.29042090558659,,,,
PROtex_num3,96.29042090558659,,,,
PROtex_num4,94.81680000000001,,,,
PROtex_reverse_num1,33.2825,,,,
PROtex_reverse_num2,96.29042090558659,,,,
PROtex_reverse_num3,96.29042090558659,,,,
PROtex_reverse_num4,94.81680000000001,,,,
PRPPS,97.76404181117316,1.2095,5.658399,3.052802801132202,1.1026765165941916
PRPPS_reverse,97.76404181117316,0.1268,3.3470788,8.218894004821777,3.653492800559781
PSCLYSt2pp,27.0,11.2145,3.063361,24.233911514282227,5.265135685472943
PSCLYStex_num1,96.29042090558659,,,,
PSCLYStex_num2,94.81680000000001,,,,
PSCLYStex_num3,96.29042090558659,,,,
PSCLYStex_num4,33.2825,,,,
PSCLYStex_reverse_num1,96.29042090558659,,,,
PSCLYStex_reverse_num2,94.81680000000001,,,,
PSCLYStex_reverse_num3,96.29042090558659,,,,
PSCLYStex_reverse_num4,33.2825,,,,
PSCVT,119.40315386031057,3.4091,20.492191,30.13363075256348,20.83005914936328
PSCVT_reverse,119.40315386031057,4.1484,15.87725,23.747812271118164,4.969088056880007
PSD120,120.8797310457023,29.5004,,3.122020483016968,16.283280145620715
PSD140,120.8797310457023,112.6707,,3.122020483016968,2.4977012564002314
PSD141,120.8797310457023,0.0142,,3.122020483016968,2.834212185551012
PSD160,120.8797310457023,5.3743,0.5925816,2.6902551651000977,17.15109970648811
PSD161,120.8797310457023,6.1882,,3.122020483016968,5.755455404706444
PSD180,120.8797310457023,825.4142,0.49804077,2.5347583293914795,4.13935852908544
PSD181,120.8797310457023,74.4863,,3.122020483016968,9.129954971721624
PSERT,126.3166780801852,2910.8601,24.127329,17.776649475097656,4.810772528691261
PSERtex_num1,96.29042090558659,,,,
PSERtex_num2,33.2825,,,,
PSERtex_num3,94.81680000000001,,,,
PSERtex_num4,96.29042090558659,,,,
PSERtex_reverse_num1,96.29042090558659,,,,
PSERtex_reverse_num2,33.2825,,,,
PSERtex_reverse_num3,94.81680000000001,,,,
PSERtex_reverse_num4,96.29042090558659,,,,
PSP_L,121.20698236312833,4.2094,5.7962213,5.196021556854248,10.400376497266745
PSP_Lpp_num1,222.8937010511005,1.1312,13.39399,10.431448936462402,3.674685938072623
PSP_Lpp_num2,205.72000000000008,,26.256058,115.96966552734376,6.7859805272721
PSSA120,149.80799644754114,2.7062,2.198446,24.663986206054688,7.999008674875839
PSSA140,149.80799644754114,36.5893,2.198446,9.801222801208496,2.972966605482647
PSSA141,149.80799644754114,18.649,2.198446,8.19803237915039,3.653492800559781
PSSA160,149.80799644754114,10.7948,2.198446,11.374245643615724,5.55587385987169
PSSA161,149.80799644754114,172.5725,2.198446,9.513750076293944,3.653492800559781
PSSA180,149.80799644754114,10.9483,2.198446,14.4327974319458,3.017902273837988
PSSA181,149.80799644754114,16.7665,2.198446,8.96385669708252,3.709008719383553
PSURIK,121.23861216232467,1.3756,,12.611770629882812,0.7135666041154233
PSURItex_num1,96.29042090558659,,,,
PSURItex_num2,94.81680000000001,,,,
PSURItex_num3,96.29042090558659,,,,
PSURItex_num4,33.2825,,,,
PSURItex_reverse_num1,96.29042090558659,,,,
PSURItex_reverse_num2,94.81680000000001,,,,
PSURItex_reverse_num3,96.29042090558659,,,,
PSURItex_reverse_num4,33.2825,,,,
PSURItpp,23.0,,,,
PTA2,115.18074344452074,22.6838,20.105976,213.1200256347656,4.126232577709164
PTAr_num1,115.18074344452074,0.2016,20.899744,158.2484130859375,10.400376497266745
PTAr_num2,154.8978386945808,1.2876,48.387283,116.04679107666016,3.0734277155319725
PTAr_reverse_num1,115.18074344452074,119.4937,14.6354265,246.88796997070312,7.228125235384933
PTAr_reverse_num2,154.8978386945808,,96.693275,259.2401428222656,6.711328636657489
PTHRpp_num1,222.8937010511005,10.7023,14.050807,10.431448936462402,6.7859805272721
PTHRpp_num2,205.72000000000008,,22.725485,151.6005401611328,3.674685938072623
PTPATi,116.6619199476233,6.5612,2.5078003,1.300951361656189,7.9906924760004125
PTRCORNt7pp,23.0,0.4222,22.89931,20.237010955810547,8.645785370246568
PTRCORNt7pp_reverse,23.0,14.7491,22.89931,20.237010955810547,8.610882896083856
PTRCTA,126.3166780801852,3.1296,9.339182,9.457080841064451,7.228125235384933
PTRCabcpp_num1,93.14173333333333,119.4937,10.891661,4.916868209838867,8.375467515442104
PTRCabcpp_num2,97.76404181117316,,7.529646,5.9513325691223145,6.97192302574174
PTRCabcpp_num3,90.65907860738318,,4.606206,11.041131019592283,27.531334806221064
PTRCt2pp_num1,23.0,123.7416,24.139238,25.658424377441406,2.974090581850956
PTRCt2pp_num2,23.0,,22.89931,20.237010955810547,8.645785370246568
PTRCt2pp_num3,23.0,,33.606762,27.232465744018555,5.396894890846273
PTRCtex_num1,96.29042090558659,,,,
PTRCtex_num2,33.2825,,,,
PTRCtex_num3,94.81680000000001,,,,
PTRCtex_num4,96.29042090558659,,,,
PTRCtex_reverse_num1,96.29042090558659,,,,
PTRCtex_reverse_num2,33.2825,,,,
PTRCtex_reverse_num3,94.81680000000001,,,,
PTRCtex_reverse_num4,96.29042090558659,,,,
PUACGAMS,105.4775510204082,18.5919,,13.463050842285156,1811.657379070162
PUACGAMS_reverse,105.4775510204082,,,,
PUACGAMtr,105.4775510204082,,,,
PUNP1,97.76404181117316,6.4594,3.072087,141.03573608398438,2.660314976296722
PUNP1_reverse,97.76404181117316,13.5919,1.5522318,57.73972702026367,6.378024645696883
PUNP2,97.76404181117316,5.0962,2.9011936,136.8991241455078,2.7021429464568483
PUNP2_reverse,97.76404181117316,2.5788,3.1806672,54.40236282348633,33.66240634310002
PUNP3_num1,83.16430072028807,0.1408,3.3233228,37.41640472412109,7.8337863355112125
PUNP3_num2,97.76404181117316,9.2356,2.3527315,145.29734802246094,2.201029578882455
PUNP3_reverse_num1,83.16430072028807,42.8264,1.3715146,21.895219802856445,26.026414990924778
PUNP3_reverse_num2,97.76404181117316,,1.5522318,63.133544921875,4.810772528691261
PUNP4_num1,83.16430072028807,15.3734,2.308369,37.41640472412109,15.77574159368995
PUNP4_num2,97.76404181117316,,1.9905788,145.29734802246094,6.029423425870919
PUNP4_reverse_num1,83.16430072028807,10.6933,1.5758256,24.663986206054688,7.228125235384933
PUNP4_reverse_num2,97.76404181117316,,2.6072993,59.48441696166992,8.135649937618254
PUNP5_num1,83.16430072028807,0.2638,4.752773,39.71175003051758,3.318657465044924
PUNP5_num2,97.76404181117316,5.0741,3.4057207,141.03573608398438,6.154294957250831
PUNP5_reverse_num1,83.16430072028807,12.3237,1.3715146,21.253028869628903,4.588231538118686
PUNP5_reverse_num2,97.76404181117316,,1.5522318,59.48441696166992,10.020159711133427
PUNP6_num1,97.76404181117316,6.8297,2.7721481,141.03573608398438,6.6814027467266985
PUNP6_num2,83.16430072028807,72.0373,4.1961126,39.71175003051758,4.270573086341976
PUNP6_reverse_num1,97.76404181117316,21.366,4.368547,56.04621124267578,3.351415279341677
PUNP6_reverse_num2,83.16430072028807,,3.0459802,23.94058609008789,6.114933958500958
PUNP7,83.16430072028807,1.4882,3.5848384,32.241825103759766,3.1687689423658694
PUNP7_reverse,83.16430072028807,4.9723,6.6990204,21.895219802856445,8.939373321202341
PYAM5PO,97.46316781454354,21.8853,0.8903807,9.469964981079102,3.35373599481481
PYDAMK,136.71153247522938,21.9053,1.1767125,1.8407734632492063,2.117565282847367
PYDAMtex_num1,96.29042090558659,,,,
PYDAMtex_num2,96.29042090558659,,,,
PYDAMtex_num3,94.81680000000001,,,,
PYDAMtex_num4,33.2825,,,,
PYDAMtex_reverse_num1,96.29042090558659,,,,
PYDAMtex_reverse_num2,96.29042090558659,,,,
PYDAMtex_reverse_num3,94.81680000000001,,,,
PYDAMtex_reverse_num4,33.2825,,,,
PYDXK_num1,136.71153247522938,12.2652,0.2278971,1.953697204589844,2.201029578882455
PYDXK_num2,115.69288473855748,2.1324,0.837341,2.152754068374634,10.400376497266745
PYDXNK,136.71153247522938,1.617,0.26565844,2.012730836868286,2.879649395627371
PYDXNtex_num1,96.29042090558659,,,,
PYDXNtex_num2,96.29042090558659,,,,
PYDXNtex_num3,94.81680000000001,,,,
PYDXNtex_num4,33.2825,,,,
PYDXNtex_reverse_num1,96.29042090558659,,,,
PYDXNtex_reverse_num2,96.29042090558659,,,,
PYDXNtex_reverse_num3,94.81680000000001,,,,
PYDXNtex_reverse_num4,33.2825,,,,
PYDXPP_num1,154.8978386945808,7.8841,2.7061596,9.6710786819458,5.158064932037617
PYDXPP_num2,173.42795360893282,10.5965,1.436852,11.683470726013184,0.536723264075099
PYDXPP_num3,173.42795360893282,92.6543,4.839128,21.28558349609375,0.536723264075099
PYDXPP_num4,120.62029370469925,107.7368,2.3402522,3.0494744777679443,2.5334831685657355
PYDXtex_num1,96.29042090558659,,,,
PYDXtex_num2,96.29042090558659,,,,
PYDXtex_num3,94.81680000000001,,,,
PYDXtex_num4,33.2825,,,,
PYDXtex_reverse_num1,96.29042090558659,,,,
PYDXtex_reverse_num2,96.29042090558659,,,,
PYDXtex_reverse_num3,94.81680000000001,,,,
PYDXtex_reverse_num4,33.2825,,,,
PYK2,120.79836756009021,451.7255,7.8599076,23.87017250061035,20.83005914936328
PYK3,120.79836756009021,9.7519,7.8599076,24.59144401550293,20.83005914936328
PYK4,120.79836756009021,0.725,7.8599076,24.59144401550293,20.83005914936328
PYK6,120.79836756009021,1.4289,7.8599076,23.87017250061035,6.064563476980895
PYK_num1,120.79836756009021,2.1744,7.8599076,24.59144401550293,20.83005914936328
PYK_num2,115.69288473855748,35.4495,9.340549,24.663986206054688,0.361033711661598
PYNP2r,115.69288473855742,1.4882,7.1733427,83.71355438232422,9.661923757639329
PYNP2r_reverse,115.69288473855742,96.5404,19.89617,53.56345748901367,7.494230452223806
PYROX,189.6850202355557,14.8895,6.654676,2.304121494293213,1.436612173128217
PYRtex_num1,96.29042090558659,,,,
PYRtex_num2,33.2825,,,,
PYRtex_num3,94.81680000000001,,,,
PYRtex_num4,96.29042090558659,,,,
PYRtex_reverse_num1,96.29042090558659,,,,
PYRtex_reverse_num2,33.2825,,,,
PYRtex_reverse_num3,94.81680000000001,,,,
PYRtex_reverse_num4,96.29042090558659,,,,
QMO2,189.6850202355557,,,,
QMO3,189.6850202355557,10.3883,13.789258,3.669797897338867,2.834212185551012
QUIN2tex_num1,33.2825,,,,
QUIN2tex_num2,96.29042090558659,,,,
QUIN2tex_num3,96.29042090558659,,,,
QUIN2tex_num4,94.81680000000001,,,,
QUIN2tex_reverse_num1,33.2825,,,,
QUIN2tex_reverse_num2,96.29042090558659,,,,
QUIN2tex_reverse_num3,96.29042090558659,,,,
QUIN2tex_reverse_num4,94.81680000000001,,,,
QUINDH,128.2406734749161,1.1312,,130.94761657714844,6.114933958500958
QUINDHyi,128.2406734749161,40.7963,,119.76010131835938,3.2366721193974084
QULNS,121.20698236312833,25.7109,9.187003,8.421283721923828,6.046301810920078
R15BPK,121.20698236312833,13.628,0.93331945,8.356072425842285,4.126232577709164
R5PP_num1,157.17088698230995,28.5167,4.298714,9.645347595214844,1.6370547422050843
R5PP_num2,189.6850202355557,,6.61929,5.425070762634277,5.043759215479608
R5PP_num3,173.42795360893282,,3.683842,10.166394233703612,4.239897124043
R5PP_num4,120.62029370469925,,1.9810444,3.334343194961548,4.735065155694623
R5PP_num5,175.19368414411719,,3.9202871,37.47371673583984,1.501060959466043
R5PPpp_num1,222.8937010511005,3.6726,6.232594,11.07137680053711,2.448544700173242
R5PPpp_num2,205.72000000000008,,12.497522,123.0839385986328,5.160646713364276
R5Ptex_num1,96.29042090558659,,,,
R5Ptex_num2,33.2825,,,,
R5Ptex_num3,94.81680000000001,,,,
R5Ptex_num4,96.29042090558659,,,,
R5Ptex_reverse_num1,96.29042090558659,,,,
R5Ptex_reverse_num2,33.2825,,,,
R5Ptex_reverse_num3,94.81680000000001,,,,
R5Ptex_reverse_num4,96.29042090558659,,,,
RBFK,121.175352563932,1.2452,0.47017968,0.9122515320777892,3.4970581729433903
RBFSa,115.69288473855748,15.4867,0.33392838,1.5478078126907349,8.370743648977554
RBFSb,205.72000000000008,,,,
RBK,152.62479040685164,0.6998,1.4977802,30.40508079528809,12.39078414720572
RBK_L1,136.71153247522938,4.9726,49.882008,44.855865478515625,9.837338878182472
RBP4E_num1,136.2454183611817,,,,
RBP4E_num2,136.71153247522938,,,,
RBP4E_num3,149.80799644754114,,,,
RBP4E_reverse_num1,136.2454183611817,,,,
RBP4E_reverse_num2,136.71153247522938,,,,
RBP4E_reverse_num3,149.80799644754114,,,,
REPHACCOAI,121.175352563932,,,,
REPHACCOAI_reverse,121.175352563932,,,,
RFAMPtpp_num1,97.76404181117316,19.5807,5.0823913,42.18484115600586,3.470363952708512
RFAMPtpp_num2,149.80799644754114,,7.5286837,42.18484115600586,18.326856900230485
RHAT1,181.445443491155,833.0053,0.09647988,1.2198022603988647,3.3994228655129484
RHCCE,197.70251011777788,,,,
RHMND,160.70234805267864,,,,
RIBabcpp_num1,128.2406734749161,2.5255,8.614953,13.535992622375488,4.2102808645197
RIBabcpp_num2,149.80799644754114,,5.152231,4.520028591156006,51.78678409691066
RIBabcpp_num3,128.2406734749161,,10.938937,3.829425096511841,18.05149927356397
RIBtex_num1,96.29042090558659,,,,
RIBtex_num2,33.2825,,,,
RIBtex_num3,94.81680000000001,,,,
RIBtex_num4,96.29042090558659,,,,
RIBtex_reverse_num1,96.29042090558659,,,,
RIBtex_reverse_num2,33.2825,,,,
RIBtex_reverse_num3,94.81680000000001,,,,
RIBtex_reverse_num4,96.29042090558659,,,,
RMI,121.175352563932,,,,
RMI_reverse,121.175352563932,,,,
RMK,123.60963225270937,11.9618,16.804043,27.856550216674805,10.397610637812583
RMNtex_num1,94.81680000000001,,,,
RMNtex_num2,33.2825,,,,
RMNtex_num3,96.29042090558659,,,,
RMNtex_num4,96.29042090558659,,,,
RMNtex_reverse_num1,94.81680000000001,,,,
RMNtex_reverse_num2,33.2825,,,,
RMNtex_reverse_num3,96.29042090558659,,,,
RMNtex_reverse_num4,96.29042090558659,,,,
RMNtpp,28.14125,0.7399,7.0630193,18.21675491333008,20.83005914936328
RMPA,133.20262771610487,,,,
RMPA_reverse,133.20262771610487,9.8358,6.5610785,17.425840377807617,3.2312739247872395
RNDR1_num1,123.60963225270937,9.4181,,7.838069915771484,8.645785370246568
RNDR1_num2,128.2406734749161,9.6837,,7.838069915771484,7.228125235384933
RNDR1b_num1,128.2406734749161,10.7066,,33.568397521972656,5.655421551988771
RNDR1b_num2,149.80799644754114,,,33.568397521972656,4.878601442584304
RNDR1b_num3,128.2406734749161,,,33.568397521972656,6.334036791279153
RNDR1b_num4,123.60963225270937,,,33.568397521972656,6.334036791279153
RNDR2_num1,128.2406734749161,21.7829,,8.074908256530762,4.217195863384585
RNDR2_num2,123.60963225270937,,,8.074908256530762,2.458310668233155
RNDR2b_num1,123.60963225270937,8.653,,32.583831787109375,3.980374317137799
RNDR2b_num2,128.2406734749161,,,32.583831787109375,3.318657465044924
RNDR2b_num3,149.80799644754114,,,32.583831787109375,3.1506218067863307
RNDR2b_num4,128.2406734749161,,,32.583831787109375,19.07447150904677
RNDR3_num1,128.2406734749161,11.9585,,7.608179092407227,8.645785370246568
RNDR3_num2,123.60963225270937,11.2443,,7.608179092407227,5.158064932037617
RNDR3b_num1,149.80799644754114,37.2002,,33.568397521972656,6.7859805272721
RNDR3b_num2,128.2406734749161,,,33.568397521972656,11.334694813446427
RNDR3b_num3,128.2406734749161,,,33.568397521972656,11.334694813446427
RNDR3b_num4,123.60963225270937,,,33.568397521972656,11.334694813446427
RNDR4_num1,128.2406734749161,12.0468,,7.838069915771484,8.645785370246568
RNDR4_num2,123.60963225270937,2.8461,,7.838069915771484,5.158064932037617
RNDR4b_num1,123.60963225270937,18.6502,,32.583831787109375,65.00692792288358
RNDR4b_num2,128.2406734749161,,,32.583831787109375,11.334694813446427
RNDR4b_num3,128.2406734749161,,,32.583831787109375,4.111808695024229
RNDR4b_num4,149.80799644754114,,,32.583831787109375,49.198935661722246
RNTR1c2_num1,119.02616885646879,17.8625,,14.668590545654297,7.236975299888943
RNTR1c2_num2,122.42412220751703,,,12.43678379058838,3.5556925393700345
RNTR1c2_num3,123.60963225270937,,,12.43678379058838,3.5556925393700345
RNTR1c2_num4,120.42138255624843,,,37.78630065917969,3.5556925393700345
RNTR2c2_num1,122.42412220751703,305.5352,,12.43678379058838,10.266892479485463
RNTR2c2_num2,123.60963225270937,,,12.43678379058838,3.5556925393700345
RNTR2c2_num3,120.42138255624843,,,40.104339599609375,3.5556925393700345
RNTR2c2_num4,119.02616885646879,,,15.568449020385742,3.5556925393700345
RNTR3c2_num1,120.42138255624843,50.9722,,38.928070068359375,5.381202062938897
RNTR3c2_num2,122.42412220751703,,,12.07201099395752,12.944373024364497
RNTR3c2_num3,123.60963225270937,,,12.07201099395752,3.802692970292663
RNTR3c2_num4,119.02616885646879,,,14.668590545654297,6.473090752473372
RNTR4c2_num1,119.02616885646879,6.09,,14.668590545654297,8.724466117339635
RNTR4c2_num2,122.42412220751703,,,12.07201099395752,20.83005914936328
RNTR4c2_num3,123.60963225270937,,,12.07201099395752,20.83005914936328
RNTR4c2_num4,120.42138255624843,,,40.104339599609375,4.126232577709164
RPE,123.60963225270937,,,,
RPE_reverse,123.60963225270937,,,,
RPI_num1,151.18324760891227,,,,
RPI_num2,122.42412220751703,,,,
RPI_reverse_num1,151.18324760891227,,,,
RPI_reverse_num2,122.42412220751703,,,,
RPNTPH,143.57225923783585,0.2794,,13.955605506896973,3.50353385821492
RU5PP,157.17088698230995,2.3942,4.2342687,6.357991218566895,2.559577157096871
RZ5PP,169.35117402633932,6.4676,0.6442983,16.07955551147461,3.7163136564844064
S2FE2SR,123.60963225270937,58.4908,,3.257830142974853,10.397610637812583
S2FE2SS,123.60963225270937,11.9767,,1.9640144109725952,18.326856900230485
S2FE2SS2,123.60963225270937,20.1431,,1.9640144109725952,11.061833631804774
S2FE2ST,133.28236464036155,76.5352,,42.21501541137695,3.9123352524916633
S4FE4SR,121.23861216232467,9.0191,,3.0695273876190186,3.5556925393700345
S4FE4ST,133.28236464036155,12.8932,,42.21501541137695,1.6590992839566576
S7PI,154.8978386945808,,,,
SADH,136.71153247522938,8.6686,19.969425,17.903833389282227,83.54885239895054
SADT2,149.80799644754114,,,,
SARCOX,124.73964281862038,0.0271,1.5927167,27.74669075012207,5.688412376681967
SBTPD,143.25976446138526,21.4842,0.8903258,15.996607780456545,4.035358274468409
SBTPD_reverse,143.25976446138526,3.9614,0.742158,16.613746643066406,5.745817873811871
SBTptspp,154.8978386945808,12.9585,3.1151135,15.318191528320312,20.83005914936328
SBTtex_num1,96.29042090558659,,,,
SBTtex_num2,33.2825,,,,
SBTtex_num3,94.81680000000001,,,,
SBTtex_num4,96.29042090558659,,,,
SBTtex_reverse_num1,96.29042090558659,,,,
SBTtex_reverse_num2,33.2825,,,,
SBTtex_reverse_num3,94.81680000000001,,,,
SBTtex_reverse_num4,96.29042090558659,,,,
SCYSDS,124.96315516644728,18.1088,4.4812355,3.346548318862915,4.3269544586335424
SDPDS,123.60963225270937,115.9813,19.957869,18.819604873657227,3.246669946370696
SDPTA_num1,123.77764512125493,17.9994,4.9585176,11.205957412719728,3.246669946370696
SDPTA_num2,126.3166780801852,,4.8100896,7.959572792053223,8.645785370246568
SDPTA_num3,121.20698236312833,,6.712273,4.2665791511535645,8.645785370246568
SDPTA_num4,126.3166780801852,,10.581909,3.9445066452026367,4.074876182746937
SDPTA_num5,126.3166780801852,,4.6911917,17.776649475097656,4.075808913109514
SDPTA_reverse_num1,123.77764512125493,47.4251,6.580282,11.88641357421875,9.35149043574677
SDPTA_reverse_num2,126.3166780801852,,6.232253,9.223512649536133,4.810772528691261
SDPTA_reverse_num3,121.20698236312833,,8.972937,4.135383605957031,4.810772528691261
SDPTA_reverse_num4,126.3166780801852,,13.14158,4.180363178253174,8.708945742095699
SDPTA_reverse_num5,126.3166780801852,,5.989589,12.43678379058838,6.154294957250831
SELNPS,108.46483596491184,3.3412,1.7020957,7.969771385192871,2.3066280013287948
SELR,149.80799644754114,76.4192,18.942549,10.40248680114746,3.5556925393700345
SELabcpp_num1,96.13998390727178,257.068,3.249873,76.44440460205078,20.83005914936328
SELabcpp_num2,97.76404181117316,,6.2239532,32.29121017456055,21.468088153965304
SELtex_num1,96.29042090558659,,,,
SELtex_num2,96.29042090558659,,,,
SELtex_num3,94.81680000000001,,,,
SELtex_num4,33.2825,,,,
SELtex_reverse_num1,96.29042090558659,,,,
SELtex_reverse_num2,96.29042090558659,,,,
SELtex_reverse_num3,94.81680000000001,,,,
SELtex_reverse_num4,33.2825,,,,
SEPHCHCS,137.37750142279987,24.5746,0.338494,0.1030929014086723,1.966318786132856
SERASr,112.07886035173463,1.0862,0.013962088,2.811582326889038,3.842358408537775
SERASr_reverse,112.07886035173463,0.0025,0.15927088,6.280849456787109,3.520606330975931
SERAT,151.18324760891227,15.9496,5.2104254,10.167787551879885,49.030545655950206
SERAT_reverse,151.18324760891227,14.886,13.818002,4.68907642364502,1.4704365328180204
SERD_D,136.71153247522938,,,,
SERD_L_num1,121.23861216232467,,,,
SERD_L_num2,175.19368414411719,,,,
SERD_L_num3,160.70234805267864,,,,
SERD_L_num4,189.6850202355557,,,,
SERD_L_num5,136.04534533333316,,,,
SERt2rpp_num1,33.2825,0.3326,6.772727,31.513336181640625,229.50963769458312
SERt2rpp_num2,33.2825,,4.597467,10.71681308746338,5.171331930782302
SERt4pp,23.0,0.5123,43.878075,17.803878784179688,20.83005914936328
SERtex_num1,96.29042090558659,,,,
SERtex_num2,33.2825,,,,
SERtex_num3,94.81680000000001,,,,
SERtex_num4,96.29042090558659,,,,
SERtex_reverse_num1,96.29042090558659,,,,
SERtex_reverse_num2,33.2825,,,,
SERtex_reverse_num3,94.81680000000001,,,,
SERtex_reverse_num4,96.29042090558659,,,,
SERtpp,33.2825,,,,
SFGTHi_num1,122.42412220751703,0.9366,12.226227,6.087309837341309,3.4669513238291216
SFGTHi_num2,121.20698236312833,,17.069588,30.189746856689453,4.200352710379372
SGDS,149.80799644754114,1.2429,7.939175,43.34488677978516,4.811248420422673
SGSAD,136.71153247522938,5.3996,18.76975,10.493904113769531,7.249122480170781
SHCHCS3,153.48944171492553,,,,
SHCHD2,117.63095515668913,2.2127,0.6646094,8.13109302520752,4.285859720728288
SHCHF,117.63095515668913,3.7489,,,3.9460798979623735
SHGO,124.73964281862038,10.7053,12.855893,28.53819274902344,10.89681311733236
SHK3Dr,137.37750142279987,450.6271,9.512924,95.83139038085938,30.742360921274145
SHK3Dr_reverse_reverse,128.2406734749161,8.8346,0.14539415,130.94761657714844,6.814832905594133
SHKK_num1,121.175352563932,4.0356,29.851198,30.32638168334961,4.085972953373397
SHKK_num2,98.01796506366395,,4.3462057,12.66012477874756,20.83005914936328
SHSL1,136.04534533333316,0.894,40.786377,65.46762084960938,23.78049631666132
SKMt2pp,23.0,12.9585,2.8256643,25.3593692779541,2.448544700173242
SKMtex_num1,96.29042090558659,,,,
SKMtex_num2,33.2825,,,,
SKMtex_num3,94.81680000000001,,,,
SKMtex_num4,96.29042090558659,,,,
SKMtex_reverse_num1,96.29042090558659,,,,
SKMtex_reverse_num2,33.2825,,,,
SKMtex_reverse_num3,94.81680000000001,,,,
SKMtex_reverse_num4,96.29042090558659,,,,
SLNTabcpp_num1,96.13998390727178,35.9068,4.16462,76.44440460205078,10.400376497266745
SLNTabcpp_num2,97.76404181117316,,5.138756,32.29121017456055,11.424475857554716
SLNTtex_num1,96.29042090558659,,,,
SLNTtex_num2,96.29042090558659,,,,
SLNTtex_num3,94.81680000000001,,,,
SLNTtex_num4,33.2825,,,,
SLNTtex_reverse_num1,96.29042090558659,,,,
SLNTtex_reverse_num2,96.29042090558659,,,,
SLNTtex_reverse_num3,94.81680000000001,,,,
SLNTtex_reverse_num4,33.2825,,,,
SO2tex_num1,96.29042090558659,,,,
SO2tex_num2,33.2825,,,,
SO2tex_num3,94.81680000000001,,,,
SO2tex_num4,96.29042090558659,,,,
SO2tex_reverse_num1,96.29042090558659,,,,
SO2tex_reverse_num2,33.2825,,,,
SO2tex_reverse_num3,94.81680000000001,,,,
SO2tex_reverse_num4,96.29042090558659,,,,
SO3tex_num1,96.29042090558659,,,,
SO3tex_num2,33.2825,,,,
SO3tex_num3,94.81680000000001,,,,
SO3tex_num4,96.29042090558659,,,,
SO3tex_reverse_num1,96.29042090558659,,,,
SO3tex_reverse_num2,33.2825,,,,
SO3tex_reverse_num3,94.81680000000001,,,,
SO3tex_reverse_num4,96.29042090558659,,,,
SO4t2pp,123.78601912935716,,,,
SO4tex_num1,96.29042090558659,,,,
SO4tex_num2,33.2825,,,,
SO4tex_num3,94.81680000000001,,,,
SO4tex_num4,96.29042090558659,,,,
SO4tex_reverse_num1,96.29042090558659,,,,
SO4tex_reverse_num2,33.2825,,,,
SO4tex_reverse_num3,94.81680000000001,,,,
SO4tex_reverse_num4,96.29042090558659,,,,
SOTA,126.3166780801852,300.7927,10.678068,2.9289255142211914,3.502695552698916
SPMDAT1,149.80799644754114,19.9189,5.9173436,4.699695587158203,10.400376497266745
SPMDAT2,149.80799644754114,56.9605,5.9173436,5.138720512390137,10.400376497266745
SPMDabcpp_num1,90.65907860738318,5.4024,7.5586762,11.041131019592283,8.509523323516037
SPMDabcpp_num2,93.14173333333333,,11.052223,4.916868209838867,11.549273436294202
SPMDt3pp,33.2825,2.5759,1.9833477,29.56543731689453,12.166493689076262
SPMDtex_num1,94.81680000000001,,,,
SPMDtex_num2,96.29042090558659,,,,
SPMDtex_num3,33.2825,,,,
SPMDtex_num4,96.29042090558659,,,,
SPMDtex_reverse_num1,94.81680000000001,,,,
SPMDtex_reverse_num2,96.29042090558659,,,,
SPMDtex_reverse_num3,33.2825,,,,
SPMDtex_reverse_num4,96.29042090558659,,,,
SPMS,94.35095537652876,0.5907,1.4897397,0.8997303247451782,1.2556971297984412
SPODM_num1,169.22268505812133,,,,
SPODM_num2,211.40802692366418,,,,
SPODMpp,237.538568721655,,,,
SQGH,169.7465083415484,12.9585,,42.18484115600586,6.046301810920078
SQVOSI,197.70251011777788,,,,
SQtex,62.99967746920003,,,,
SQtex_reverse,62.99967746920003,,,,
SQtr,23.0,,,,
SSALx,133.20262771610487,53.2097,19.600132,13.730791091918944,5.216962663451387
SSALy_num1,133.20262771610487,1.4665,19.600132,11.679808616638184,12.544101452368947
SSALy_num2,160.70234805267864,,10.48038,15.446310997009276,2.974249578668444
SUCASPtpp_num1,23.0,7.5308,10.892956,10.387778282165527,20.83005914936328
SUCASPtpp_num2,23.0,,7.4851494,20.661272048950195,6.814832905594133
SUCASPtpp_num3,28.14125,,4.415816,8.977588653564453,6.814832905594133
SUCASPtpp_reverse_num1,23.0,1.7264,10.892956,10.387778282165527,7.020495826429408
SUCASPtpp_reverse_num2,23.0,,7.4851494,20.661272048950195,
SUCASPtpp_reverse_num3,28.14125,,4.415816,8.977588653564453,
SUCBZL,136.47847541820553,4.8484,7.29273,7.043212890625,6.47591517554057
SUCBZS,173.42795360893282,,,,
SUCCt1pp,33.2825,,,,
SUCCt1pp_reverse,33.2825,,,,
SUCCt2_2pp_num1,23.0,22.0794,38.577248,34.960540771484375,6.154294957250831
SUCCt2_2pp_num2,92.71685493840006,,84.79118,70.36267852783203,20.83005914936328
SUCCt2_3pp_num1,23.0,17.8217,10.892956,10.387778282165527,20.83005914936328
SUCCt2_3pp_num2,23.0,,7.4851494,20.661272048950195,1.2556971297984412
SUCCtex_num1,96.29042090558659,,,,
SUCCtex_num2,33.2825,,,,
SUCCtex_num3,94.81680000000001,,,,
SUCCtex_num4,96.29042090558659,,,,
SUCCtex_reverse_num1,96.29042090558659,,,,
SUCCtex_reverse_num2,33.2825,,,,
SUCCtex_reverse_num3,94.81680000000001,,,,
SUCCtex_reverse_num4,96.29042090558659,,,,
SUCDi,116.15819206211874,60.022,17.294817,28.56108283996582,6.245464574809021
SUCFUMtpp_num1,28.14125,14.8327,4.415816,8.977588653564453,20.83005914936328
SUCFUMtpp_num2,23.0,,10.892956,10.387778282165527,6.814832905594133
SUCFUMtpp_num3,23.0,,7.4851494,20.661272048950195,1.719566556138407
SUCFUMtpp_reverse_num1,28.14125,3.6878,4.415816,8.977588653564453,6.332120906841956
SUCFUMtpp_reverse_num2,23.0,,10.892956,10.387778282165527,9.685838815944882
SUCFUMtpp_reverse_num3,23.0,,7.4851494,20.661272048950195,6.23463125887155
SUCMALtpp_num1,23.0,14.4836,10.892956,10.387778282165527,20.83005914936328
SUCMALtpp_num2,23.0,,7.4851494,20.661272048950195,5.196277751012517
SUCMALtpp_num3,28.14125,,4.415816,8.977588653564453,21.468088153965304
SUCMALtpp_reverse_num1,23.0,4.3433,10.892956,10.387778282165527,7.759480633406317
SUCMALtpp_reverse_num2,23.0,,7.4851494,20.661272048950195,
SUCMALtpp_reverse_num3,28.14125,,4.415816,8.977588653564453,
SUCOAS,114.49559696909085,2.813,13.431093,41.14340591430664,19.340076933523704
SUCOAS_reverse,114.49559696909085,77.1918,4.245613,33.216060638427734,3.744908238513749
SUCRtex_num1,96.29042090558659,,,,
SUCRtex_num2,33.2825,,,,
SUCRtex_num3,94.81680000000001,,,,
SUCRtex_num4,96.29042090558659,,,,
SUCRtex_reverse_num1,96.29042090558659,,,,
SUCRtex_reverse_num2,33.2825,,,,
SUCRtex_reverse_num3,94.81680000000001,,,,
SUCRtex_reverse_num4,96.29042090558659,,,,
SUCTARTtpp,23.0,6.4097,13.386345,10.387778282165527,1.9562772055410185
SUCTARTtpp_reverse,23.0,9.7691,13.386345,10.387778282165527,7.228125235384933
SUCptspp,158.9366175174943,114.7526,4.1381164,5.943314552307129,20.83005914936328
SULFACabcpp,97.61360481285834,4.683,3.7256458,4.204555034637451,5.689178149808956
SULFACtex_num1,33.2825,,,,
SULFACtex_num2,96.29042090558659,,,,
SULFACtex_num3,96.29042090558659,,,,
SULFACtex_num4,94.81680000000001,,,,
SULFACtex_reverse_num1,33.2825,,,,
SULFACtex_reverse_num2,96.29042090558659,,,,
SULFACtex_reverse_num3,96.29042090558659,,,,
SULFACtex_reverse_num4,94.81680000000001,,,,
SULR,121.23861216232467,,,,
SULabcpp_num1,128.2406734749161,,,,
SULabcpp_num2,96.13998390727178,,,,
SULabcpp_num3,97.76404181117316,,,,
T2DECAI,126.88473466186872,,,,
T2DECAI_reverse,126.88473466186872,,,,
TAGURr,157.17088698230995,19.5807,0.16766788,22.06151390075684,3.527158759064631
TAGURr_reverse,157.17088698230995,1.0025,0.12612301,12.88769817352295,3.709008719383553
TALA_num1,136.71153247522938,4.8119,5.741958,40.29139709472656,7.008712984588747
TALA_num2,141.11392726591654,5.8496,9.12829,38.45966720581055,5.265135685472943
TALA_reverse_num1,136.71153247522938,12.3181,3.8513699,55.55830001831055,6.154294957250831
TALA_reverse_num2,141.11392726591654,,5.4177504,57.986595153808594,5.507208631745094
TARTD,115.69288473855745,,,,
TARTRDtex_num1,33.2825,,,,
TARTRDtex_num2,96.29042090558659,,,,
TARTRDtex_num3,96.29042090558659,,,,
TARTRDtex_num4,94.81680000000001,,,,
TARTRDtex_reverse_num1,33.2825,,,,
TARTRDtex_reverse_num2,96.29042090558659,,,,
TARTRDtex_reverse_num3,96.29042090558659,,,,
TARTRDtex_reverse_num4,94.81680000000001,,,,
TARTRt7pp,23.0,4.2673,8.178774,23.276975631713867,3.924284482031708
TARTRt7pp_reverse,23.0,153.1321,8.178774,23.276975631713867,4.674531227649103
TARTRtex_num1,96.29042090558659,,,,
TARTRtex_num2,33.2825,,,,
TARTRtex_num3,94.81680000000001,,,,
TARTRtex_num4,96.29042090558659,,,,
TARTRtex_reverse_num1,96.29042090558659,,,,
TARTRtex_reverse_num2,33.2825,,,,
TARTRtex_reverse_num3,94.81680000000001,,,,
TARTRtex_reverse_num4,96.29042090558659,,,,
TARTt2_3pp,23.0,8.1817,13.386345,10.387778282165527,5.218719976695953
TAUDO,121.23861216232467,2.6497,9.306257,4.203973770141602,12.39208454655868
TAURabcpp,92.7379393036916,12.9585,14.565533,2.984194755554199,12.39208454655868
TAURtex_num1,96.29042090558659,,,,
TAURtex_num2,33.2825,,,,
TAURtex_num3,94.81680000000001,,,,
TAURtex_num4,96.29042090558659,,,,
TAURtex_reverse_num1,96.29042090558659,,,,
TAURtex_reverse_num2,33.2825,,,,
TAURtex_reverse_num3,94.81680000000001,,,,
TAURtex_reverse_num4,96.29042090558659,,,,
TCYNTtex_num1,96.29042090558659,,,,
TCYNTtex_num2,33.2825,,,,
TCYNTtex_num3,94.81680000000001,,,,
TCYNTtex_num4,96.29042090558659,,,,
TCYNTtex_reverse_num1,96.29042090558659,,,,
TCYNTtex_reverse_num2,33.2825,,,,
TCYNTtex_reverse_num3,94.81680000000001,,,,
TCYNTtex_reverse_num4,96.29042090558659,,,,
TDP,157.17088698230995,30.6003,0.6141161,2.147484302520752,11.334694813446427
TDPADGAT,135.5233043049329,105.541,0.38175315,2.833132266998291,10.400376497266745
TDPAGTA,136.71153247522938,1.4882,2.1866062,0.3690507411956787,7.068315755536439
TDPDRE,205.72000000000008,,,,
TDPDRR,121.23861216232467,76.8241,6.998137,5.250051021575928,8.94130582927473
TDPGDH_num1,97.76404181117316,,,,
TDPGDH_num2,109.0927121837108,,,,
TDSK,152.62479040685164,2.2178,0.24354129,3.956751585006714,2.3010802590112336
TDSR1,205.72000000000008,172.7387,,3.508152961730957,2.9104181261561552
TDSR2,189.6850202355557,24.1773,,20.63231086730957,7.677154914011056
TEO2M,197.70251011777788,6.6421,0.14863928,0.2753384709358215,5.688412376681967
TGBPA_num1,121.23861216232467,,,,
TGBPA_num2,121.175352563932,,,,
TGBPA_reverse_num1,121.23861216232467,1068.0464,0.51540995,2.067713499069214,6.114933958500958
TGBPA_reverse_num2,121.175352563932,,0.2765431,6.220748901367188,32.40307959655166
THD2pp,108.46483596491184,,,,
THDPS,139.02433496122862,119.4937,10.076572,7.41774320602417,10.397610637812583
THFAT,121.23861216232467,0.9906,0.66939723,7.108636856079102,3.802692970292663
THIORDXi_num1,264.02260676912516,11.9399,,8.569024085998535,7.897718004824455
THIORDXi_num2,227.1271082857792,,,4.224477767944336,4.200352710379372
THIORDXi_num3,247.95002915753076,,,12.41003131866455,10.475654966689731
THMDt2pp_copy1_num1,23.0,6.057,4.9684196,18.34995651245117,7.228125235384933
THMDt2pp_copy1_num2,33.2825,,2.8434887,13.50819969177246,1.719566556138407
THMDt2pp_copy2,23.0,12.9585,2.8719335,16.7822265625,2.117565282847367
THMDt2pp_copy2_reverse,23.0,11.3531,2.8719335,16.7822265625,7.517877432595676
THMDtex_num1,96.29042090558659,,,,
THMDtex_num2,33.2825,,,,
THMDtex_num3,94.81680000000001,,,,
THMDtex_num4,96.29042090558659,,,,
THMDtex_reverse_num1,96.29042090558659,,,,
THMDtex_reverse_num2,33.2825,,,,
THMDtex_reverse_num3,94.81680000000001,,,,
THMDtex_reverse_num4,96.29042090558659,,,,
THMabcpp,97.76404181117316,4.9723,15.372946,,2.193511043557145
THMtex_num1,96.29042090558659,,,,
THMtex_num2,33.2825,,,,
THMtex_num3,94.81680000000001,,,,
THMtex_num4,96.29042090558659,,,,
THMtex_reverse_num1,96.29042090558659,,,,
THMtex_reverse_num2,33.2825,,,,
THMtex_reverse_num3,94.81680000000001,,,,
THMtex_reverse_num4,96.29042090558659,,,,
THRA2_num1,121.23861216232467,,,,
THRA2_num2,115.69288473855748,,,,
THRA_num1,121.23861216232467,,,,
THRA_num2,115.69288473855748,,,,
THRD_L_num1,126.3166780801852,,,,
THRD_L_num2,136.04534533333316,,,,
THRD_num1,135.62270918059085,3.3726,7.8181705,31.571197509765625,2.117565282847367
THRD_num2,143.25976446138526,11.1583,13.018975,91.8443603515625,0.55443644863912
THRPtex_num1,96.29042090558659,,,,
THRPtex_num2,33.2825,,,,
THRPtex_num3,94.81680000000001,,,,
THRPtex_num4,96.29042090558659,,,,
THRPtex_reverse_num1,96.29042090558659,,,,
THRPtex_reverse_num2,33.2825,,,,
THRPtex_reverse_num3,94.81680000000001,,,,
THRPtex_reverse_num4,96.29042090558659,,,,
THRS,123.60963225270937,0.3282,7.0452237,29.26873588562012,5.8218552443149
THRabcpp,97.76404181117316,13.5919,6.5617394,18.14558982849121,20.83005914936328
THRt2pp_num1,33.2825,6.2241,3.8428981,34.2525634765625,0.977063986649603
THRt2pp_num2,33.2825,,6.836773,36.318973541259766,4.69157887104192
THRt2rpp,33.2825,1.5355,3.0169044,10.71681308746338,4.810772528691261
THRt4pp,23.0,0.32,17.652739,17.803878784179688,1.10372881793359
THRtex_num1,96.29042090558659,,,,
THRtex_num2,33.2825,,,,
THRtex_num3,94.81680000000001,,,,
THRtex_num4,96.29042090558659,,,,
THRtex_reverse_num1,96.29042090558659,,,,
THRtex_reverse_num2,33.2825,,,,
THRtex_reverse_num3,94.81680000000001,,,,
THRtex_reverse_num4,96.29042090558659,,,,
THYMtex_num1,96.29042090558659,,,,
THYMtex_num2,33.2825,,,,
THYMtex_num3,96.29042090558659,,,,
THYMtex_num4,94.81680000000001,,,,
THYMtex_reverse_num1,96.29042090558659,,,,
THYMtex_reverse_num2,33.2825,,,,
THYMtex_reverse_num3,96.29042090558659,,,,
THYMtex_reverse_num4,94.81680000000001,,,,
THZPSN3,128.2406734749161,49.6459,2.650314,4.520028114318848,24.841068680942527
TKT1_num1,115.69288473855745,24.2942,10.412914,9.579538345336914,6.41530114666154
TKT1_num2,97.76404181117316,3.8722,8.462711,14.301926612854004,5.265135685472943
TKT1_reverse_num1,115.69288473855745,12.2154,6.713093,7.373360633850098,7.494230452223806
TKT1_reverse_num2,97.76404181117316,,5.134286,11.008164405822754,8.135649937618254
TKT2_num1,115.69288473855745,36.8571,10.412914,8.01261043548584,6.41530114666154
TKT2_num2,97.76404181117316,,8.462711,14.301926612854004,3.5613761147405705
TKT2_reverse_num1,115.69288473855745,1.4303,8.893918,9.930010795593262,8.014234522869614
TKT2_reverse_num2,97.76404181117316,,8.330298,15.273137092590332,4.810772528691261
TMAOR1_num1,143.25976446138526,3.8247,1165.4689,33.09517288208008,8.578554053307505
TMAOR1_num2,149.80799644754114,12.2147,849.9638,10.40248680114746,69.62689854059693
TMAOR1pp_num1,169.22268505812133,177.0219,51.66765,4.0126142501831055,8.578554053307505
TMAOR1pp_num2,155.2551722501099,,58.358,10.40248680114746,2.5818491326450226
TMAOR2,143.25976446138526,146.4919,1165.4689,34.095191955566406,11.925618662439843
TMAOR2pp_num1,169.22268505812133,17.4366,51.66765,3.89492392539978,8.578554053307505
TMAOR2pp_num2,155.2551722501099,,58.358,10.097379684448242,9.661923757639329
TMAOtex_num1,96.29042090558659,,,,
TMAOtex_num2,33.2825,,,,
TMAOtex_num3,94.81680000000001,,,,
TMAOtex_num4,96.29042090558659,,,,
TMAOtex_reverse_num1,96.29042090558659,,,,
TMAOtex_reverse_num2,33.2825,,,,
TMAOtex_reverse_num3,94.81680000000001,,,,
TMAOtex_reverse_num4,96.29042090558659,,,,
TMAtex_num1,96.29042090558659,,,,
TMAtex_num2,33.2825,,,,
TMAtex_num3,94.81680000000001,,,,
TMAtex_num4,96.29042090558659,,,,
TMAtex_reverse_num1,96.29042090558659,,,,
TMAtex_reverse_num2,33.2825,,,,
TMAtex_reverse_num3,94.81680000000001,,,,
TMAtex_reverse_num4,96.29042090558659,,,,
TMDK1,121.20698236312833,0.011,0.8393346,6.9107279777526855,2.193511043557145
TMDPP,117.63095515668913,6.028,0.5232555,129.58273315429688,2.193511043557145
TMDPP_reverse,117.63095515668913,1.5,2.4808748,77.98236083984375,7.008712984588747
TMDS,75.96272439544778,1.5677,2.023063,3.006903886795044,3.125381307066244
TMK,205.72000000000008,11.1439,0.6642889,,35.65562570088102
TMPK,115.69288473855742,4.5414,7.5139794,8.258074760437012,8.813277428077289
TMPPP,121.175352563932,83.1469,1.3573568,6.516668796539307,1.9351718123726127
TPI,121.20698236312833,,,,
TPI_reverse,121.20698236312833,,,,
TPRDCOAS,121.20698236312833,1.7732,1.0255916,1.9640145301818848,8.999702292651358
TRDR_num1,137.33728571428568,42.7731,,4.483631610870361,11.925618662439843
TRDR_num2,143.5726410809134,,,11.749009132385254,7.228125235384933
TRE6PH,159.765,8.3266,4.231647,60.24456024169922,3.307445376844476
TRE6PP,125.53247203458906,0.5323,1.5495775,11.844958305358888,2.6625568020389947
TRE6PS,157.17088698230995,8.3822,6.1310725,31.296167373657227,3.534094500819971
TREH,194.34251011777786,3.5905,5.7913575,91.3937530517578,14.9190410953546
TREHpp,159.51534075283124,52.9519,76.66545,204.1670379638672,4.3269544586335424
TREptspp,160.70234805267864,14.2726,6.5030847,6.122900009155273,20.83005914936328
TREtex_num1,96.29042090558659,,,,
TREtex_num2,33.2825,,,,
TREtex_num3,94.81680000000001,,,,
TREtex_num4,96.29042090558659,,,,
TREtex_reverse_num1,96.29042090558659,,,,
TREtex_reverse_num2,33.2825,,,,
TREtex_reverse_num3,94.81680000000001,,,,
TREtex_reverse_num4,96.29042090558659,,,,
TRPAS2,121.23861216232467,0.6924,4.061459,6.0234551429748535,2.119322673589061
TRPAS2_reverse,121.23861216232467,71.7696,11.383351,9.698410034179688,9.38360738254706
TRPS1,130.15983707102805,18.5636,2.9019737,8.11235523223877,3.842358408537775
TRPS2,130.15983707102805,1.4882,2.9019737,16.57410430908203,3.842358408537775
TRPS3,130.15983707102805,,,,
TRPt2rpp_num1,33.2825,35.5764,7.3730307,31.108959197998047,2.419531547116704
TRPt2rpp_num2,33.2825,,3.3174744,29.400514602661133,1.719566556138407
TRPt2rpp_num3,23.0,,2.7826943,43.46313095092773,4.074876182746937
TRPt2rpp_reverse_num1,33.2825,0.1204,7.3730307,31.108959197998047,2.698624239290672
TRPt2rpp_reverse_num2,33.2825,,3.3174744,29.400514602661133,13.4266919696335
TRPt2rpp_reverse_num3,23.0,,2.7826943,43.46313095092773,9.674936837183308
TRPtex_num1,96.29042090558659,,,,
TRPtex_num2,33.2825,,,,
TRPtex_num3,94.81680000000001,,,,
TRPtex_num4,96.29042090558659,,,,
TRPtex_reverse_num1,96.29042090558659,,,,
TRPtex_reverse_num2,33.2825,,,,
TRPtex_reverse_num3,94.81680000000001,,,,
TRPtex_reverse_num4,96.29042090558659,,,,
TRPtipp,33.2825,,,,
TRSARr_num1,136.2454183611817,0.2754,31.94628,33.89002990722656,4.423306762159818
TRSARr_num2,136.47847541820553,,10.164364,77.13313293457031,0.2977766421705213
TRSARr_reverse_num1,136.2454183611817,10.5364,21.58844,30.9946346282959,5.2469593410977335
TRSARr_reverse_num2,136.47847541820553,,9.459932,66.46585083007812,2.5334831685657355
TSULabcpp_num1,97.76404181117316,169.3232,12.170093,32.29121017456055,3.653492800559781
TSULabcpp_num2,96.13998390727178,,1.7850711,76.44440460205078,1.719566556138407
TSULtex_num1,96.29042090558659,,,,
TSULtex_num2,33.2825,,,,
TSULtex_num3,94.81680000000001,,,,
TSULtex_num4,96.29042090558659,,,,
TSULtex_reverse_num1,96.29042090558659,,,,
TSULtex_reverse_num2,33.2825,,,,
TSULtex_reverse_num3,94.81680000000001,,,,
TSULtex_reverse_num4,96.29042090558659,,,,
TTDCAtexi,206.75125446366417,,,,
TTDCEAtexi,206.75125446366417,,,,
TTRCYCtex_num1,96.29042090558659,,,,
TTRCYCtex_num2,94.81680000000001,,,,
TTRCYCtex_num3,33.2825,,,,
TTRCYCtex_num4,96.29042090558659,,,,
TTRCYCtex_reverse_num1,96.29042090558659,,,,
TTRCYCtex_reverse_num2,94.81680000000001,,,,
TTRCYCtex_reverse_num3,33.2825,,,,
TTRCYCtex_reverse_num4,96.29042090558659,,,,
TTRCYCtpp_num1,149.80799644754114,26.18,,42.18484115600586,28.47066530571922
TTRCYCtpp_num2,97.76404181117316,,,42.18484115600586,18.326856900230485
TUNGSabcpp,128.2406734749161,212.3867,3.3633182,,19.07447150904677
TUNGStex_num1,96.29042090558659,,,,
TUNGStex_num2,94.81680000000001,,,,
TUNGStex_num3,96.29042090558659,,,,
TUNGStex_num4,33.2825,,,,
TUNGStex_reverse_num1,96.29042090558659,,,,
TUNGStex_reverse_num2,94.81680000000001,,,,
TUNGStex_reverse_num3,96.29042090558659,,,,
TUNGStex_reverse_num4,33.2825,,,,
TYMtex_num1,96.29042090558659,,,,
TYMtex_num2,33.2825,,,,
TYMtex_num3,94.81680000000001,,,,
TYMtex_num4,96.29042090558659,,,,
TYMtex_reverse_num1,96.29042090558659,,,,
TYMtex_reverse_num2,33.2825,,,,
TYMtex_reverse_num3,94.81680000000001,,,,
TYMtex_reverse_num4,96.29042090558659,,,,
TYRL,126.88473466186872,74.5526,11.816563,3.014991044998169,2.6761024502934845
TYROXDApp,169.22268505812133,2.5839,19.06298,11.040637016296388,4.3269544586335424
TYRPpp,222.8937010511005,2.9201,4.312207,10.125492095947266,5.160646713364276
TYRPtex_num1,96.29042090558659,,,,
TYRPtex_num2,33.2825,,,,
TYRPtex_num3,94.81680000000001,,,,
TYRPtex_num4,96.29042090558659,,,,
TYRPtex_reverse_num1,96.29042090558659,,,,
TYRPtex_reverse_num2,33.2825,,,,
TYRPtex_reverse_num3,94.81680000000001,,,,
TYRPtex_reverse_num4,96.29042090558659,,,,
TYRTA_num1,128.2406734749161,100.6482,11.912126,346.9944763183594,5.265135685472943
TYRTA_num2,128.2406734749161,,3.003911,76.07127380371094,20.83005914936328
TYRTA_num3,120.79836756009021,,47.469963,26.177021026611328,20.83005914936328
TYRTA_reverse_num1,128.2406734749161,8.9937,49.018787,348.0181579589844,6.251791315671339
TYRTA_reverse_num2,128.2406734749161,,21.647558,88.54058074951172,8.999702292651358
TYRTA_reverse_num3,120.79836756009021,,44.211716,21.895219802856445,23.723115167208363
TYRt2rpp_num1,33.2825,2.295,9.675033,23.94058609008789,9.661923757639329
TYRt2rpp_num2,23.0,,13.006006,43.46313095092773,7.677819618581422
TYRt2rpp_reverse_num1,33.2825,1.93,9.675033,23.94058609008789,6.818044099604823
TYRt2rpp_reverse_num2,23.0,,13.006006,43.46313095092773,28.88367235458073
TYRtex_num1,96.29042090558659,,,,
TYRtex_num2,33.2825,,,,
TYRtex_num3,94.81680000000001,,,,
TYRtex_num4,96.29042090558659,,,,
TYRtex_reverse_num1,96.29042090558659,,,,
TYRtex_reverse_num2,33.2825,,,,
TYRtex_reverse_num3,94.81680000000001,,,,
TYRtex_reverse_num4,96.29042090558659,,,,
TYRtipp,33.2825,,,,
U23GAAT,149.80799644754114,25.5877,15.328601,26.779211044311523,6.176738921356694
UAAGDS,121.175352563932,10.2727,3.0902448,14.348093032836914,5.883657458713799
UACGALPpp,169.22268505812133,36.3731,38.68474,189.866928100586,4.961503606695668
UACGAMPpp,169.22268505812133,3.6005,38.68474,189.866928100586,4.961503606695668
UACGAMtex_num1,96.29042090558659,,,,
UACGAMtex_num2,33.2825,,,,
UACGAMtex_num3,94.81680000000001,,,,
UACGAMtex_num4,96.29042090558659,,,,
UACGAMtex_reverse_num1,96.29042090558659,,,,
UACGAMtex_reverse_num2,33.2825,,,,
UACGAMtex_reverse_num3,94.81680000000001,,,,
UACGAMtex_reverse_num4,96.29042090558659,,,,
UACMAMO,136.71153247522938,2.3207,1.1299614,5.22585391998291,1.4216185361682434
UAG2E,121.175352563932,,,,
UAG2E_reverse,121.175352563932,,,,
UAGAAT,97.76404181117316,2.5692,81.13263,4.022279739379883,57.063283581709584
UAGAAT_reverse,97.76404181117316,138.603,69.51193,5.104099273681641,28.88367235458073
UAGCVT,118.43411865124475,2.4301,3.8900247,3.991020917892456,57.063283581709584
UAGDP,98.49306668197663,14.4413,,12.104022979736328,52.91107539188916
UAGPT3,136.70881435012527,9.8994,0.13485642,4.115441799163818,5.013311171749852
UAMAGS,121.20698236312833,3.3444,8.4315605,4.861299991607666,24.21911561649679
UAMAS,115.09424085382415,20.1096,2.2184038,9.813005447387695,12.682926831067949
UAPGR,123.60963225270937,3.4714,4.28419,5.294199466705322,24.17830380611881
UDCPDPS,121.23861216232467,13.1371,0.16408876,1.2509979009628296,0.1853472905278476
UDCPDP_num1,76.35248958333332,4.4873,7.4198847,15.453694343566896,0.536723264075099
UDCPDP_num2,97.61360481285834,1.9392,0.5410332,5.394898891448975,2.30114731337025
UDCPDP_num3,23.0,4.6966,3.390664,24.94230842590332,9.874735015362448
UDCPDPpp_num1,23.0,15.9002,3.390664,24.94230842590332,1.3186232450344315
UDCPDPpp_num2,76.35248958333332,,7.4198847,15.453694343566896,5.396894890846273
UDCPDPpp_num3,97.61360481285834,,0.5410332,5.394898891448975,8.645785370246568
UDPACGALtex_num1,96.29042090558659,,,,
UDPACGALtex_num2,33.2825,,,,
UDPACGALtex_num3,94.81680000000001,,,,
UDPACGALtex_num4,96.29042090558659,,,,
UDPACGALtex_reverse_num1,96.29042090558659,,,,
UDPACGALtex_reverse_num2,33.2825,,,,
UDPACGALtex_reverse_num3,94.81680000000001,,,,
UDPACGALtex_reverse_num4,96.29042090558659,,,,
UDPG4E,151.18324760891227,,,,
UDPG4E_reverse,151.18324760891227,,,,
UDPGALM,128.2406734749161,,,,
UDPGALPpp,169.22268505812133,49.5466,46.95271,195.60403442382807,5.7364122304115925
UDPGALtex_num1,96.29042090558659,,,,
UDPGALtex_num2,94.81680000000001,,,,
UDPGALtex_num3,96.29042090558659,,,,
UDPGALtex_num4,33.2825,,,,
UDPGALtex_reverse_num1,96.29042090558659,,,,
UDPGALtex_reverse_num2,94.81680000000001,,,,
UDPGALtex_reverse_num3,96.29042090558659,,,,
UDPGALtex_reverse_num4,33.2825,,,,
UDPGD,152.5584987702834,1.1312,1.7073543,2.684621810913086,2.48640249435364
UDPGDC,151.18324760891227,8.62,11.115102,20.34912300109864,4.354976974083286
UDPGLCURtex_num1,96.29042090558659,,,,
UDPGLCURtex_num2,33.2825,,,,
UDPGLCURtex_num3,94.81680000000001,,,,
UDPGLCURtex_num4,96.29042090558659,,,,
UDPGLCURtex_reverse_num1,96.29042090558659,,,,
UDPGLCURtex_reverse_num2,33.2825,,,,
UDPGLCURtex_reverse_num3,94.81680000000001,,,,
UDPGLCURtex_reverse_num4,96.29042090558659,,,,
UDPGPT,152.5584987702834,15.5811,4.262493,4.25877046585083,7.228125235384933
UDPGPT_reverse,152.5584987702834,0.3187,,13.667494773864746,4.074876182746937
UDPGPpp,169.22268505812133,16.796,46.95271,195.60403442382807,4.954529607976452
UDPGtex_num1,96.29042090558659,,,,
UDPGtex_num2,33.2825,,,,
UDPGtex_num3,94.81680000000001,,,,
UDPGtex_num4,96.29042090558659,,,,
UDPGtex_reverse_num1,96.29042090558659,,,,
UDPGtex_reverse_num2,33.2825,,,,
UDPGtex_reverse_num3,94.81680000000001,,,,
UDPGtex_reverse_num4,96.29042090558659,,,,
UDPKAAT,149.80799644754114,28.3716,2.199389,2.714761257171631,32.94228372318428
UDPKAAT_reverse,149.80799644754114,2.5001,4.21683,5.714029788970947,8.999702292651358
UGCIAMH,136.47847541820553,0.6458,,52.070709228515625,5.160646713364276
UGLCURPpp,169.22268505812133,4.1191,34.457436,220.3391876220703,4.961503606695668
UGLT,169.35117402633932,312.5032,0.71185803,14.575479507446287,3.2366721193974084
UGLT_reverse,169.35117402633932,6.4299,0.71185803,14.575479507446287,10.020159711133427
UGLYCH,143.25976446138526,11.065,9.342045,31.12774085998535,96.06349232627436
UGMDDS,122.42412220751703,35.906,5.824305,17.666841506958008,8.385813489599439
UHGADA,136.70881435012527,8.6076,1.3846349,12.135621070861816,1.093068402983836
ULA4NFT,151.18324760891227,57.7965,22.029419,17.02059555053711,5.32062846472089
ULA4Ntppi,33.2825,,,,
UM3PL,120.42138255624843,54.4344,6.0596786,5.56724214553833,7.594271779263672
UM4PCP,136.2454183611817,3.2604,,5.245690822601318,7.381707492199664
UM4PL,120.42138255624843,3.7361,6.0596786,5.908768177032471,3.0734277155319725
UMPK_num1,97.61360481285834,,,,
UMPK_num2,115.69288473855748,,,,
UMPK_reverse_num1,97.61360481285834,,,,
UMPK_reverse_num2,115.69288473855748,,,,
UMPtex_num1,96.29042090558659,,,,
UMPtex_num2,94.81680000000001,,,,
UMPtex_num3,96.29042090558659,,,,
UMPtex_num4,33.2825,,,,
UMPtex_reverse_num1,96.29042090558659,,,,
UMPtex_reverse_num2,94.81680000000001,,,,
UMPtex_reverse_num3,96.29042090558659,,,,
UMPtex_reverse_num4,33.2825,,,,
UPLA4FNF,149.80799644754114,7.7682,0.26805454,12.1315279006958,1.1142984775566231
UPLA4FNT,75.04856249999999,25.0594,3.4008784,4.034725189208984,5.32062846472089
UPP3MT,117.63095515668913,99.5416,0.60897464,4.35162878036499,7.497355702650688
UPP3S,173.42795360893282,,,,
UPPDC1,138.0434703703704,13.6363,0.34633404,4.499661445617676,6.688917965078869
UPPRT,84.67583673469383,38.8371,8.904839,17.25525665283203,9.490631515381825
URACPAH,136.2454183611817,4.8635,2.7250183,28.622377395629883,4.7028383340504325
URATEtex_num1,94.81680000000001,,,,
URATEtex_num2,96.29042090558659,,,,
URATEtex_num3,33.2825,,,,
URATEtex_num4,96.29042090558659,,,,
URATEtex_reverse_num1,94.81680000000001,,,,
URATEtex_reverse_num2,96.29042090558659,,,,
URATEtex_reverse_num3,33.2825,,,,
URATEtex_reverse_num4,96.29042090558659,,,,
URATEtpp,23.0,5.0697,5.3459682,40.41080474853516,0.6837473668876851
URAt2pp_num1,23.0,2.6877,2.1118605,47.11788940429688,1.8401094876681463
URAt2pp_num2,23.0,,3.8060918,43.09236907958984,5.511913782654467
URAtex_num1,96.29042090558659,,,,
URAtex_num2,33.2825,,,,
URAtex_num3,94.81680000000001,,,,
URAtex_num4,96.29042090558659,,,,
URAtex_reverse_num1,96.29042090558659,,,,
URAtex_reverse_num2,33.2825,,,,
URAtex_reverse_num3,94.81680000000001,,,,
URAtex_reverse_num4,96.29042090558659,,,,
URDGLYCD,136.47847541820553,13.6233,14.900377,51.00733947753906,10.667159575446345
UREAtex_num1,96.29042090558659,,,,
UREAtex_num2,33.2825,,,,
UREAtex_num3,94.81680000000001,,,,
UREAtex_num4,96.29042090558659,,,,
UREAtex_reverse_num1,96.29042090558659,,,,
UREAtex_reverse_num2,33.2825,,,,
UREAtex_reverse_num3,94.81680000000001,,,,
UREAtex_reverse_num4,96.29042090558659,,,,
UREAtpp,33.2825,,,,
UREAtpp_reverse,33.2825,,,,
URIH_num1,118.05713364740296,0.1087,3.3061779,11.749534606933594,3.1687689423658694
URIH_num2,136.2454183611817,,2.4966195,18.918052673339844,0.2977766421705213
URIH_num3,121.23861216232467,,12.3869505,12.072550773620604,8.645785370246568
URIK1,97.46316781454354,150.7241,1.5567898,2.0909862518310547,9.661923757639329
URIK2,97.46316781454354,150.7241,1.5567898,2.0909862518310547,9.661923757639329
URIt2pp_copy1_num1,23.0,10.6977,6.308823,18.34995651245117,9.661923757639329
URIt2pp_copy1_num2,33.2825,,3.9025805,13.50819969177246,1.82702468603913
URIt2pp_copy2,23.0,14.142,3.998274,16.7822265625,3.50353385821492
URIt2pp_copy2_reverse,23.0,11.0609,3.998274,16.7822265625,6.97192302574174
URItex,179.45385264683853,,,,
URItex_reverse,179.45385264683853,,,,
USHD,127.45531181646874,11.7662,0.53164476,6.118159770965576,3.734128367817187
VALTA,120.79836756009021,7.4172,23.763206,25.40924453735352,7.228125235384933
VALTA_reverse,120.79836756009021,137.3844,44.211716,23.2384033203125,7.494230452223806
VALabcpp,97.76404181117316,11.5277,8.15115,18.14558982849121,3.50353385821492
VALt2rpp,33.2825,8.1616,2.7378,62.11932373046875,1811.657379070162
VALt3pp_num1,97.46316781454354,24.1225,6.1666274,28.53819274902344,11.549273436294202
VALt3pp_num2,23.0,,12.846824,20.84850311279297,5.171331930782302
VALtex_num1,96.29042090558659,,,,
VALtex_num2,33.2825,,,,
VALtex_num3,94.81680000000001,,,,
VALtex_num4,96.29042090558659,,,,
VALtex_reverse_num1,96.29042090558659,,,,
VALtex_reverse_num2,33.2825,,,,
VALtex_reverse_num3,94.81680000000001,,,,
VALtex_reverse_num4,96.29042090558659,,,,
VPAMTr,133.20262771610487,29.1053,2.986834,43.99202728271485,3.5932738645017825
VPAMTr_reverse,133.20262771610487,1.9078,3.9255602,46.69075775146485,4.810772528691261
WCOS,178.0,0.7037,6.6885242,,3.470363952708512
X5PL3E_num1,160.70234805267864,,,,
X5PL3E_num2,189.6850202355557,,,,
XAND,136.2454183611817,162.5276,5.7610617,35.57624435424805,6.9899481650584585
XANt2pp_num1,23.0,12.9585,5.23234,35.36833572387695,1.9562772055410185
XANt2pp_num2,23.0,,3.8238304,22.046640396118164,7.228125235384933
XANt2pp_num3,23.0,,6.2164764,40.41080474853516,2.419531547116704
XANtex_num1,96.29042090558659,,,,
XANtex_num2,33.2825,,,,
XANtex_num3,94.81680000000001,,,,
XANtex_num4,96.29042090558659,,,,
XANtex_reverse_num1,96.29042090558659,,,,
XANtex_reverse_num2,33.2825,,,,
XANtex_reverse_num3,94.81680000000001,,,,
XANtex_reverse_num4,96.29042090558659,,,,
XMPtex_num1,96.29042090558659,,,,
XMPtex_num2,33.2825,,,,
XMPtex_num3,94.81680000000001,,,,
XMPtex_num4,96.29042090558659,,,,
XMPtex_reverse_num1,96.29042090558659,,,,
XMPtex_reverse_num2,33.2825,,,,
XMPtex_reverse_num3,94.81680000000001,,,,
XMPtex_reverse_num4,96.29042090558659,,,,
XPPT,92.71685493840006,0.0025,116.999794,43.56171417236328,2.601245076718941
XTSNH,121.23861216232467,0.8362,8.151524,12.437339782714844,3.318657465044924
XTSNt2rpp,23.0,57.9568,1.8213558,16.7822265625,7.384226029220949
XTSNt2rpp_reverse,23.0,7.164,1.8213558,16.7822265625,12.628470676953103
XTSNtex_num1,96.29042090558659,,,,
XTSNtex_num2,33.2825,,,,
XTSNtex_num3,94.81680000000001,,,,
XTSNtex_num4,96.29042090558659,,,,
XTSNtex_reverse_num1,96.29042090558659,,,,
XTSNtex_reverse_num2,33.2825,,,,
XTSNtex_reverse_num3,94.81680000000001,,,,
XTSNtex_reverse_num4,96.29042090558659,,,,
XYHDL,135.5233043049329,33.9735,,43.45951843261719,5.911690437717237
XYLI1,215.03354492000008,,,,
XYLI1_reverse,215.03354492000008,,,,
XYLI2,215.03354492000008,,,,
XYLI2_reverse,215.03354492000008,,,,
XYLK2_num1,136.71153247522938,1.095,49.882008,44.855865478515625,3.709008719383553
XYLK2_num2,178.0,,23.706291,69.82032775878906,1.3104288975077028
XYLK_num1,136.71153247522938,5.2531,49.882008,44.855865478515625,545.537411727458
XYLK_num2,163.56417402633934,8.7103,238.7645,244.3948516845703,11.424475857554716
XYLUt2pp,97.76404181117316,64.1023,23.176899,28.391902923583984,6.893062771666467
XYLUtex_num1,96.29042090558659,,,,
XYLUtex_num2,33.2825,,,,
XYLUtex_num3,94.81680000000001,,,,
XYLUtex_num4,96.29042090558659,,,,
XYLUtex_reverse_num1,96.29042090558659,,,,
XYLUtex_reverse_num2,33.2825,,,,
XYLUtex_reverse_num3,94.81680000000001,,,,
XYLUtex_reverse_num4,96.29042090558659,,,,
XYLabcpp,99.38202090558659,32.5946,17.620256,8.797575950622559,7.384226029220949
XYLt2pp,23.0,12.8495,9.482221,14.009480476379396,1.3473436861442745
XYLtex_num1,96.29042090558659,,,,
XYLtex_num2,33.2825,,,,
XYLtex_num3,94.81680000000001,,,,
XYLtex_num4,96.29042090558659,,,,
XYLtex_reverse_num1,96.29042090558659,,,,
XYLtex_reverse_num2,33.2825,,,,
XYLtex_reverse_num3,94.81680000000001,,,,
XYLtex_reverse_num4,96.29042090558659,,,,
YUMPS,119.02616885646879,17.3924,20.544462,22.50571250915528,20.83005914936328
YUMPS_reverse,119.02616885646879,42.7562,,22.50571250915528,4.385833655294576
ZN2abcpp,75.41,,,,
ZN2t3pp_num1,75.41,,,,
ZN2t3pp_num2,75.41,,,,
ZN2tpp,33.2825,,,,
ZNabcpp,90.65907860738318,,,,
Zn2tex_num1,96.29042090558659,,,,
Zn2tex_num2,33.2825,,,,
Zn2tex_num3,94.81680000000001,,,,
Zn2tex_num4,96.29042090558659,,,,
Zn2tex_reverse_num1,96.29042090558659,,,,
Zn2tex_reverse_num2,33.2825,,,,
Zn2tex_reverse_num3,94.81680000000001,,,,
Zn2tex_reverse_num4,96.29042090558659,,,,
