scope,uniprot_id,status,source,target
benchmark,P00330,exists,external_methods/DEKP/structures/author_archive/protein structure datasets/Km/RCSB PDB/P00330.pdb,external_methods/DEKP/structures/benchmark/AlphaFold/P00330.pdb
benchmark,P00331,exists,external_methods/DEKP/structures/benchmark/AlphaFold/P00331.pdb,external_methods/DEKP/structures/benchmark/AlphaFold/P00331.pdb
benchmark,P00358,exists,external_methods/DEKP/structures/benchmark/AlphaFold/P00358.pdb,external_methods/DEKP/structures/benchmark/AlphaFold/P00358.pdb
benchmark,P00359,exists,external_methods/DEKP/structures/author_archive/protein structure datasets/kcat/RCSB PDB/P00359.pdb,external_methods/DEKP/structures/benchmark/AlphaFold/P00359.pdb
benchmark,P00360,exists,external_methods/DEKP/structures/benchmark/AlphaFold/P00360.pdb,external_methods/DEKP/structures/benchmark/AlphaFold/P00360.pdb
benchmark,P00370,exists,external_methods/DEKP/structures/author_archive/protein structure datasets/kcat/RCSB PDB/P00370.pdb,external_methods/DEKP/structures/benchmark/AlphaFold/P00370.pdb
benchmark,P00509,exists,external_methods/DEKP/structures/author_archive/protein structure datasets/kcat/RCSB PDB/P00509.pdb,external_methods/DEKP/structures/benchmark/AlphaFold/P00509.pdb
benchmark,P00547,exists,external_methods/DEKP/structures/author_archive/protein structure datasets/kcat/AlphaFold/P00547.pdb,external_methods/DEKP/structures/benchmark/AlphaFold/P00547.pdb
benchmark,P00549,exists,external_methods/DEKP/structures/author_archive/protein structure datasets/kcat/RCSB PDB/P00549.pdb,external_methods/DEKP/structures/benchmark/AlphaFold/P00549.pdb
benchmark,P00560,exists,external_methods/DEKP/structures/author_archive/protein structure datasets/kcat/RCSB PDB/P00560.pdb,external_methods/DEKP/structures/benchmark/AlphaFold/P00560.pdb
benchmark,P00561,exists,external_methods/DEKP/structures/author_archive/protein structure datasets/Km/AlphaFold/P00561.pdb,external_methods/DEKP/structures/benchmark/AlphaFold/P00561.pdb
benchmark,P00562,exists,external_methods/DEKP/structures/benchmark/AlphaFold/P00562.pdb,external_methods/DEKP/structures/benchmark/AlphaFold/P00562.pdb
benchmark,P00634,exists,external_methods/DEKP/structures/author_archive/protein structure datasets/kcat/RCSB PDB/P00634.pdb,external_methods/DEKP/structures/benchmark/AlphaFold/P00634.pdb
benchmark,P00724,exists,external_methods/DEKP/structures/benchmark/AlphaFold/P00724.pdb,external_methods/DEKP/structures/benchmark/AlphaFold/P00724.pdb
benchmark,P00805,exists,external_methods/DEKP/structures/author_archive/protein structure datasets/kcat/RCSB PDB/P00805.pdb,external_methods/DEKP/structures/benchmark/AlphaFold/P00805.pdb
benchmark,P00817,exists,external_methods/DEKP/structures/benchmark/AlphaFold/P00817.pdb,external_methods/DEKP/structures/benchmark/AlphaFold/P00817.pdb
benchmark,P00861,exists,external_methods/DEKP/structures/benchmark/AlphaFold/P00861.pdb,external_methods/DEKP/structures/benchmark/AlphaFold/P00861.pdb
benchmark,P00864,exists,external_methods/DEKP/structures/author_archive/protein structure datasets/kcat/RCSB PDB/P00864.pdb,external_methods/DEKP/structures/benchmark/AlphaFold/P00864.pdb
benchmark,P00887,exists,external_methods/DEKP/structures/benchmark/AlphaFold/P00887.pdb,external_methods/DEKP/structures/benchmark/AlphaFold/P00887.pdb
benchmark,P00888,exists,external_methods/DEKP/structures/benchmark/AlphaFold/P00888.pdb,external_methods/DEKP/structures/benchmark/AlphaFold/P00888.pdb
benchmark,P00890,exists,external_methods/DEKP/structures/author_archive/protein structure datasets/Km/RCSB PDB/P00890.pdb,external_methods/DEKP/structures/benchmark/AlphaFold/P00890.pdb
benchmark,P00904,exists,external_methods/DEKP/structures/benchmark/AlphaFold/P00904.pdb,external_methods/DEKP/structures/benchmark/AlphaFold/P00904.pdb
benchmark,P00909,exists,external_methods/DEKP/structures/author_archive/protein structure datasets/kcat/RCSB PDB/P00909.pdb,external_methods/DEKP/structures/benchmark/AlphaFold/P00909.pdb
benchmark,P00912,exists,external_methods/DEKP/structures/benchmark/AlphaFold/P00912.pdb,external_methods/DEKP/structures/benchmark/AlphaFold/P00912.pdb
benchmark,P00924,exists,external_methods/DEKP/structures/author_archive/protein structure datasets/Km/RCSB PDB/P00924.pdb,external_methods/DEKP/structures/benchmark/AlphaFold/P00924.pdb
benchmark,P00925,exists,external_methods/DEKP/structures/author_archive/protein structure datasets/kcat/AlphaFold/P00925.pdb,external_methods/DEKP/structures/benchmark/AlphaFold/P00925.pdb
benchmark,P00926,exists,external_methods/DEKP/structures/benchmark/AlphaFold/P00926.pdb,external_methods/DEKP/structures/benchmark/AlphaFold/P00926.pdb
benchmark,P00934,exists,external_methods/DEKP/structures/author_archive/protein structure datasets/kcat/RCSB PDB/P00934.pdb,external_methods/DEKP/structures/benchmark/AlphaFold/P00934.pdb
benchmark,P00935,exists,external_methods/DEKP/structures/author_archive/protein structure datasets/kcat/RCSB PDB/P00935.pdb,external_methods/DEKP/structures/benchmark/AlphaFold/P00935.pdb
benchmark,P00936,exists,external_methods/DEKP/structures/benchmark/AlphaFold/P00936.pdb,external_methods/DEKP/structures/benchmark/AlphaFold/P00936.pdb
benchmark,P00942,exists,external_methods/DEKP/structures/author_archive/protein structure datasets/kcat/RCSB PDB/P00942.pdb,external_methods/DEKP/structures/benchmark/AlphaFold/P00942.pdb
benchmark,P00950,exists,external_methods/DEKP/structures/author_archive/protein structure datasets/kcat/RCSB PDB/P00950.pdb,external_methods/DEKP/structures/benchmark/AlphaFold/P00950.pdb
benchmark,P00963,exists,external_methods/DEKP/structures/benchmark/AlphaFold/P00963.pdb,external_methods/DEKP/structures/benchmark/AlphaFold/P00963.pdb
benchmark,P03962,exists,external_methods/DEKP/structures/author_archive/protein structure datasets/kcat/RCSB PDB/P03962.pdb,external_methods/DEKP/structures/benchmark/AlphaFold/P03962.pdb
benchmark,P04079,exists,external_methods/DEKP/structures/benchmark/AlphaFold/P04079.pdb,external_methods/DEKP/structures/benchmark/AlphaFold/P04079.pdb
benchmark,P04385,exists,external_methods/DEKP/structures/benchmark/AlphaFold/P04385.pdb,external_methods/DEKP/structures/benchmark/AlphaFold/P04385.pdb
benchmark,P04391,exists,external_methods/DEKP/structures/author_archive/protein structure datasets/kcat/RCSB PDB/P04391.pdb,external_methods/DEKP/structures/benchmark/AlphaFold/P04391.pdb
benchmark,P04693,exists,external_methods/DEKP/structures/benchmark/AlphaFold/P04693.pdb,external_methods/DEKP/structures/benchmark/AlphaFold/P04693.pdb
benchmark,P04801,exists,external_methods/DEKP/structures/benchmark/AlphaFold/P04801.pdb,external_methods/DEKP/structures/benchmark/AlphaFold/P04801.pdb
benchmark,P04805,exists,external_methods/DEKP/structures/author_archive/protein structure datasets/kcat/AlphaFold/P04805.pdb,external_methods/DEKP/structures/benchmark/AlphaFold/P04805.pdb
benchmark,P04806,exists,external_methods/DEKP/structures/author_archive/protein structure datasets/Km/RCSB PDB/P04806.pdb,external_methods/DEKP/structures/benchmark/AlphaFold/P04806.pdb
benchmark,P04807,exists,external_methods/DEKP/structures/author_archive/protein structure datasets/kcat/RCSB PDB/P04807.pdb,external_methods/DEKP/structures/benchmark/AlphaFold/P04807.pdb
benchmark,P04825,exists,external_methods/DEKP/structures/benchmark/AlphaFold/P04825.pdb,external_methods/DEKP/structures/benchmark/AlphaFold/P04825.pdb
benchmark,P04968,exists,external_methods/DEKP/structures/benchmark/AlphaFold/P04968.pdb,external_methods/DEKP/structures/benchmark/AlphaFold/P04968.pdb
benchmark,P05042,exists,external_methods/DEKP/structures/author_archive/protein structure datasets/kcat/RCSB PDB/P05042.pdb,external_methods/DEKP/structures/benchmark/AlphaFold/P05042.pdb
benchmark,P05194,exists,external_methods/DEKP/structures/author_archive/protein structure datasets/Km/AlphaFold/P05194.pdb,external_methods/DEKP/structures/benchmark/AlphaFold/P05194.pdb
benchmark,P05459,exists,external_methods/DEKP/structures/benchmark/AlphaFold/P05459.pdb,external_methods/DEKP/structures/benchmark/AlphaFold/P05459.pdb
benchmark,P05637,exists,external_methods/DEKP/structures/benchmark/AlphaFold/P05637.pdb,external_methods/DEKP/structures/benchmark/AlphaFold/P05637.pdb
benchmark,P05694,exists,external_methods/DEKP/structures/benchmark/AlphaFold/P05694.pdb,external_methods/DEKP/structures/benchmark/AlphaFold/P05694.pdb
benchmark,P05793,exists,external_methods/DEKP/structures/author_archive/protein structure datasets/kcat/RCSB PDB/P05793.pdb,external_methods/DEKP/structures/benchmark/AlphaFold/P05793.pdb
benchmark,P06169,exists,external_methods/DEKP/structures/benchmark/AlphaFold/P06169.pdb,external_methods/DEKP/structures/benchmark/AlphaFold/P06169.pdb
benchmark,P06208,exists,external_methods/DEKP/structures/benchmark/AlphaFold/P06208.pdb,external_methods/DEKP/structures/benchmark/AlphaFold/P06208.pdb
benchmark,P06715,exists,external_methods/DEKP/structures/author_archive/protein structure datasets/kcat/RCSB PDB/P06715.pdb,external_methods/DEKP/structures/benchmark/AlphaFold/P06715.pdb
benchmark,P06960,exists,external_methods/DEKP/structures/author_archive/protein structure datasets/Km/AlphaFold/P06960.pdb,external_methods/DEKP/structures/benchmark/AlphaFold/P06960.pdb
benchmark,P06968,exists,external_methods/DEKP/structures/benchmark/AlphaFold/P06968.pdb,external_methods/DEKP/structures/benchmark/AlphaFold/P06968.pdb
benchmark,P06987,exists,external_methods/DEKP/structures/benchmark/AlphaFold/P06987.pdb,external_methods/DEKP/structures/benchmark/AlphaFold/P06987.pdb
benchmark,P06999,exists,external_methods/DEKP/structures/author_archive/protein structure datasets/kcat/RCSB PDB/P06999.pdb,external_methods/DEKP/structures/benchmark/AlphaFold/P06999.pdb
benchmark,P07023,exists,external_methods/DEKP/structures/author_archive/protein structure datasets/kcat/AlphaFold/P07023.pdb,external_methods/DEKP/structures/benchmark/AlphaFold/P07023.pdb
benchmark,P07024,exists,external_methods/DEKP/structures/benchmark/AlphaFold/P07024.pdb,external_methods/DEKP/structures/benchmark/AlphaFold/P07024.pdb
benchmark,P07102,exists,external_methods/DEKP/structures/benchmark/AlphaFold/P07102.pdb,external_methods/DEKP/structures/benchmark/AlphaFold/P07102.pdb
benchmark,P07236,exists,external_methods/DEKP/structures/benchmark/AlphaFold/P07236.pdb,external_methods/DEKP/structures/benchmark/AlphaFold/P07236.pdb
benchmark,P07246,exists,external_methods/DEKP/structures/benchmark/AlphaFold/P07246.pdb,external_methods/DEKP/structures/benchmark/AlphaFold/P07246.pdb
benchmark,P07262,exists,external_methods/DEKP/structures/benchmark/AlphaFold/P07262.pdb,external_methods/DEKP/structures/benchmark/AlphaFold/P07262.pdb
benchmark,P07263,exists,external_methods/DEKP/structures/benchmark/AlphaFold/P07263.pdb,external_methods/DEKP/structures/benchmark/AlphaFold/P07263.pdb
benchmark,P07275,exists,external_methods/DEKP/structures/benchmark/AlphaFold/P07275.pdb,external_methods/DEKP/structures/benchmark/AlphaFold/P07275.pdb
benchmark,P07284,exists,external_methods/DEKP/structures/benchmark/AlphaFold/P07284.pdb,external_methods/DEKP/structures/benchmark/AlphaFold/P07284.pdb
benchmark,P07285,exists,external_methods/DEKP/structures/author_archive/protein structure datasets/Km/RCSB PDB/P07285.pdb,external_methods/DEKP/structures/benchmark/AlphaFold/P07285.pdb
benchmark,P07623,exists,external_methods/DEKP/structures/author_archive/protein structure datasets/kcat/RCSB PDB/P07623.pdb,external_methods/DEKP/structures/benchmark/AlphaFold/P07623.pdb
benchmark,P07639,exists,external_methods/DEKP/structures/author_archive/protein structure datasets/kcat/AlphaFold/P07639.pdb,external_methods/DEKP/structures/benchmark/AlphaFold/P07639.pdb
benchmark,P07650,exists,external_methods/DEKP/structures/benchmark/AlphaFold/P07650.pdb,external_methods/DEKP/structures/benchmark/AlphaFold/P07650.pdb
benchmark,P07807,exists,external_methods/DEKP/structures/benchmark/AlphaFold/P07807.pdb,external_methods/DEKP/structures/benchmark/AlphaFold/P07807.pdb
benchmark,P07862,exists,external_methods/DEKP/structures/benchmark/AlphaFold/P07862.pdb,external_methods/DEKP/structures/benchmark/AlphaFold/P07862.pdb
benchmark,P07913,exists,external_methods/DEKP/structures/author_archive/protein structure datasets/kcat/AlphaFold/P07913.pdb,external_methods/DEKP/structures/benchmark/AlphaFold/P07913.pdb
benchmark,P08019,exists,external_methods/DEKP/structures/benchmark/AlphaFold/P08019.pdb,external_methods/DEKP/structures/benchmark/AlphaFold/P08019.pdb
benchmark,P08200,exists,external_methods/DEKP/structures/author_archive/protein structure datasets/kcat/RCSB PDB/P08200.pdb,external_methods/DEKP/structures/benchmark/AlphaFold/P08200.pdb
benchmark,P08203,exists,external_methods/DEKP/structures/author_archive/protein structure datasets/kcat/RCSB PDB/P08203.pdb,external_methods/DEKP/structures/benchmark/AlphaFold/P08203.pdb
benchmark,P08204,exists,external_methods/DEKP/structures/benchmark/AlphaFold/P08204.pdb,external_methods/DEKP/structures/benchmark/AlphaFold/P08204.pdb
benchmark,P08244,exists,external_methods/DEKP/structures/author_archive/protein structure datasets/kcat/RCSB PDB/P08244.pdb,external_methods/DEKP/structures/benchmark/AlphaFold/P08244.pdb
benchmark,P08331,exists,external_methods/DEKP/structures/benchmark/AlphaFold/P08331.pdb,external_methods/DEKP/structures/benchmark/AlphaFold/P08331.pdb
benchmark,P08337,exists,external_methods/DEKP/structures/author_archive/protein structure datasets/Km/RCSB PDB/P08337.pdb,external_methods/DEKP/structures/benchmark/AlphaFold/P08337.pdb
benchmark,P08425,exists,external_methods/DEKP/structures/benchmark/AlphaFold/P08425.pdb,external_methods/DEKP/structures/benchmark/AlphaFold/P08425.pdb
benchmark,P08431,exists,external_methods/DEKP/structures/benchmark/AlphaFold/P08431.pdb,external_methods/DEKP/structures/benchmark/AlphaFold/P08431.pdb
benchmark,P08432,exists,external_methods/DEKP/structures/benchmark/AlphaFold/P08432.pdb,external_methods/DEKP/structures/benchmark/AlphaFold/P08432.pdb
benchmark,P08660,exists,external_methods/DEKP/structures/author_archive/protein structure datasets/kcat/RCSB PDB/P08660.pdb,external_methods/DEKP/structures/benchmark/AlphaFold/P08660.pdb
benchmark,P08679,exists,external_methods/DEKP/structures/benchmark/AlphaFold/P08679.pdb,external_methods/DEKP/structures/benchmark/AlphaFold/P08679.pdb
benchmark,P08997,exists,external_methods/DEKP/structures/benchmark/AlphaFold/P08997.pdb,external_methods/DEKP/structures/benchmark/AlphaFold/P08997.pdb
benchmark,P09029,exists,external_methods/DEKP/structures/author_archive/protein structure datasets/kcat/RCSB PDB/P09029.pdb,external_methods/DEKP/structures/benchmark/AlphaFold/P09029.pdb
benchmark,P09099,exists,external_methods/DEKP/structures/benchmark/AlphaFold/P09099.pdb,external_methods/DEKP/structures/benchmark/AlphaFold/P09099.pdb
benchmark,P09126,exists,external_methods/DEKP/structures/author_archive/protein structure datasets/kcat/AlphaFold/P09126.pdb,external_methods/DEKP/structures/benchmark/AlphaFold/P09126.pdb
benchmark,P09147,exists,external_methods/DEKP/structures/benchmark/AlphaFold/P09147.pdb,external_methods/DEKP/structures/benchmark/AlphaFold/P09147.pdb
benchmark,P09148,exists,external_methods/DEKP/structures/author_archive/protein structure datasets/kcat/RCSB PDB/P09148.pdb,external_methods/DEKP/structures/benchmark/AlphaFold/P09148.pdb
benchmark,P09158,exists,external_methods/DEKP/structures/benchmark/AlphaFold/P09158.pdb,external_methods/DEKP/structures/benchmark/AlphaFold/P09158.pdb
benchmark,P09201,exists,external_methods/DEKP/structures/benchmark/AlphaFold/P09201.pdb,external_methods/DEKP/structures/benchmark/AlphaFold/P09201.pdb
benchmark,P09394,exists,external_methods/DEKP/structures/author_archive/protein structure datasets/Km/RCSB PDB/P09394.pdb,external_methods/DEKP/structures/benchmark/AlphaFold/P09394.pdb
benchmark,P09546,exists,external_methods/DEKP/structures/benchmark/AlphaFold/P09546.pdb,external_methods/DEKP/structures/benchmark/AlphaFold/P09546.pdb
benchmark,P0A6A3,exists,external_methods/DEKP/structures/author_archive/protein structure datasets/Km/AlphaFold/P0A6A3.pdb,external_methods/DEKP/structures/benchmark/AlphaFold/P0A6A3.pdb
benchmark,P0A6B4,exists,external_methods/DEKP/structures/author_archive/protein structure datasets/kcat/RCSB PDB/P0A6B4.pdb,external_methods/DEKP/structures/benchmark/AlphaFold/P0A6B4.pdb
benchmark,P0A6D3,exists,external_methods/DEKP/structures/author_archive/protein structure datasets/kcat/RCSB PDB/P0A6D3.pdb,external_methods/DEKP/structures/benchmark/AlphaFold/P0A6D3.pdb
benchmark,P0A6D5,exists,external_methods/DEKP/structures/author_archive/protein structure datasets/kcat/RCSB PDB/P0A6D5.pdb,external_methods/DEKP/structures/benchmark/AlphaFold/P0A6D5.pdb
benchmark,P0A6D7,exists,external_methods/DEKP/structures/benchmark/AlphaFold/P0A6D7.pdb,external_methods/DEKP/structures/benchmark/AlphaFold/P0A6D7.pdb
benchmark,P0A6E1,exists,external_methods/DEKP/structures/author_archive/protein structure datasets/Km/AlphaFold/P0A6E1.pdb,external_methods/DEKP/structures/benchmark/AlphaFold/P0A6E1.pdb
benchmark,P0A6G3,exists,external_methods/DEKP/structures/benchmark/AlphaFold/P0A6G3.pdb,external_methods/DEKP/structures/benchmark/AlphaFold/P0A6G3.pdb
benchmark,P0A6I0,exists,external_methods/DEKP/structures/author_archive/protein structure datasets/kcat/RCSB PDB/P0A6I0.pdb,external_methods/DEKP/structures/benchmark/AlphaFold/P0A6I0.pdb
benchmark,P0A6I3,exists,external_methods/DEKP/structures/author_archive/protein structure datasets/kcat/RCSB PDB/P0A6I3.pdb,external_methods/DEKP/structures/benchmark/AlphaFold/P0A6I3.pdb
benchmark,P0A6J1,exists,external_methods/DEKP/structures/benchmark/AlphaFold/P0A6J1.pdb,external_methods/DEKP/structures/benchmark/AlphaFold/P0A6J1.pdb
benchmark,P0A6J8,exists,external_methods/DEKP/structures/benchmark/AlphaFold/P0A6J8.pdb,external_methods/DEKP/structures/benchmark/AlphaFold/P0A6J8.pdb
benchmark,P0A6L0,exists,external_methods/DEKP/structures/author_archive/protein structure datasets/kcat/RCSB PDB/P0A6L0.pdb,external_methods/DEKP/structures/benchmark/AlphaFold/P0A6L0.pdb
benchmark,P0A6L4,exists,external_methods/DEKP/structures/author_archive/protein structure datasets/kcat/RCSB PDB/P0A6L4.pdb,external_methods/DEKP/structures/benchmark/AlphaFold/P0A6L4.pdb
benchmark,P0A6V1,exists,external_methods/DEKP/structures/benchmark/AlphaFold/P0A6V1.pdb,external_methods/DEKP/structures/benchmark/AlphaFold/P0A6V1.pdb
benchmark,P0A6V5,exists,external_methods/DEKP/structures/benchmark/AlphaFold/P0A6V5.pdb,external_methods/DEKP/structures/benchmark/AlphaFold/P0A6V5.pdb
benchmark,P0A6V8,exists,external_methods/DEKP/structures/author_archive/protein structure datasets/kcat/AlphaFold/P0A6V8.pdb,external_methods/DEKP/structures/benchmark/AlphaFold/P0A6V8.pdb
benchmark,P0A6W0,exists,external_methods/DEKP/structures/benchmark/AlphaFold/P0A6W0.pdb,external_methods/DEKP/structures/benchmark/AlphaFold/P0A6W0.pdb
benchmark,P0A6W9,exists,external_methods/DEKP/structures/benchmark/AlphaFold/P0A6W9.pdb,external_methods/DEKP/structures/benchmark/AlphaFold/P0A6W9.pdb
benchmark,P0A6X1,exists,external_methods/DEKP/structures/author_archive/protein structure datasets/kcat/AlphaFold/P0A6X1.pdb,external_methods/DEKP/structures/benchmark/AlphaFold/P0A6X1.pdb
benchmark,P0A715,exists,external_methods/DEKP/structures/author_archive/protein structure datasets/kcat/RCSB PDB/P0A715.pdb,external_methods/DEKP/structures/benchmark/AlphaFold/P0A715.pdb
benchmark,P0A731,exists,external_methods/DEKP/structures/author_archive/protein structure datasets/kcat/RCSB PDB/P0A731.pdb,external_methods/DEKP/structures/benchmark/AlphaFold/P0A731.pdb
benchmark,P0A749,exists,external_methods/DEKP/structures/author_archive/protein structure datasets/Km/RCSB PDB/P0A749.pdb,external_methods/DEKP/structures/benchmark/AlphaFold/P0A749.pdb
benchmark,P0A752,exists,external_methods/DEKP/structures/benchmark/AlphaFold/P0A752.pdb,external_methods/DEKP/structures/benchmark/AlphaFold/P0A752.pdb
benchmark,P0A759,exists,external_methods/DEKP/structures/author_archive/protein structure datasets/kcat/RCSB PDB/P0A759.pdb,external_methods/DEKP/structures/benchmark/AlphaFold/P0A759.pdb
benchmark,P0A786,exists,external_methods/DEKP/structures/author_archive/protein structure datasets/Km/RCSB PDB/P0A786.pdb,external_methods/DEKP/structures/benchmark/AlphaFold/P0A786.pdb
benchmark,P0A790,exists,external_methods/DEKP/structures/author_archive/protein structure datasets/kcat/RCSB PDB/P0A790.pdb,external_methods/DEKP/structures/benchmark/AlphaFold/P0A790.pdb
benchmark,P0A796,exists,external_methods/DEKP/structures/author_archive/protein structure datasets/Km/RCSB PDB/P0A796.pdb,external_methods/DEKP/structures/benchmark/AlphaFold/P0A796.pdb
benchmark,P0A799,exists,external_methods/DEKP/structures/author_archive/protein structure datasets/Km/RCSB PDB/P0A799.pdb,external_methods/DEKP/structures/benchmark/AlphaFold/P0A799.pdb
benchmark,P0A7A9,exists,external_methods/DEKP/structures/benchmark/AlphaFold/P0A7A9.pdb,external_methods/DEKP/structures/benchmark/AlphaFold/P0A7A9.pdb
benchmark,P0A7B3,exists,external_methods/DEKP/structures/author_archive/protein structure datasets/kcat/AlphaFold/P0A7B3.pdb,external_methods/DEKP/structures/benchmark/AlphaFold/P0A7B3.pdb
benchmark,P0A7D4,exists,external_methods/DEKP/structures/author_archive/protein structure datasets/kcat/RCSB PDB/P0A7D4.pdb,external_methods/DEKP/structures/benchmark/AlphaFold/P0A7D4.pdb
benchmark,P0A7E5,exists,external_methods/DEKP/structures/author_archive/protein structure datasets/kcat/RCSB PDB/P0A7E5.pdb,external_methods/DEKP/structures/benchmark/AlphaFold/P0A7E5.pdb
benchmark,P0A7I7,exists,external_methods/DEKP/structures/author_archive/protein structure datasets/Km/RCSB PDB/P0A7I7.pdb,external_methods/DEKP/structures/benchmark/AlphaFold/P0A7I7.pdb
benchmark,P0A817,exists,external_methods/DEKP/structures/author_archive/protein structure datasets/kcat/RCSB PDB/P0A817.pdb,external_methods/DEKP/structures/benchmark/AlphaFold/P0A817.pdb
benchmark,P0A825,exists,external_methods/DEKP/structures/author_archive/protein structure datasets/kcat/RCSB PDB/P0A825.pdb,external_methods/DEKP/structures/benchmark/AlphaFold/P0A825.pdb
benchmark,P0A840,exists,external_methods/DEKP/structures/author_archive/protein structure datasets/kcat/AlphaFold/P0A840.pdb,external_methods/DEKP/structures/benchmark/AlphaFold/P0A840.pdb
benchmark,P0A853,exists,external_methods/DEKP/structures/benchmark/AlphaFold/P0A853.pdb,external_methods/DEKP/structures/benchmark/AlphaFold/P0A853.pdb
benchmark,P0A867,exists,external_methods/DEKP/structures/benchmark/AlphaFold/P0A867.pdb,external_methods/DEKP/structures/benchmark/AlphaFold/P0A867.pdb
benchmark,P0A870,exists,external_methods/DEKP/structures/benchmark/AlphaFold/P0A870.pdb,external_methods/DEKP/structures/benchmark/AlphaFold/P0A870.pdb
benchmark,P0A8G3,exists,external_methods/DEKP/structures/benchmark/AlphaFold/P0A8G3.pdb,external_methods/DEKP/structures/benchmark/AlphaFold/P0A8G3.pdb
benchmark,P0A8Y1,exists,external_methods/DEKP/structures/author_archive/protein structure datasets/kcat/AlphaFold/P0A8Y1.pdb,external_methods/DEKP/structures/benchmark/AlphaFold/P0A8Y1.pdb
benchmark,P0A8Y3,exists,external_methods/DEKP/structures/benchmark/AlphaFold/P0A8Y3.pdb,external_methods/DEKP/structures/benchmark/AlphaFold/P0A8Y3.pdb
benchmark,P0A8Y5,exists,external_methods/DEKP/structures/benchmark/AlphaFold/P0A8Y5.pdb,external_methods/DEKP/structures/benchmark/AlphaFold/P0A8Y5.pdb
benchmark,P0A953,exists,external_methods/DEKP/structures/benchmark/AlphaFold/P0A953.pdb,external_methods/DEKP/structures/benchmark/AlphaFold/P0A953.pdb
benchmark,P0A955,exists,external_methods/DEKP/structures/benchmark/AlphaFold/P0A955.pdb,external_methods/DEKP/structures/benchmark/AlphaFold/P0A955.pdb
benchmark,P0A962,exists,external_methods/DEKP/structures/benchmark/AlphaFold/P0A962.pdb,external_methods/DEKP/structures/benchmark/AlphaFold/P0A962.pdb
benchmark,P0A991,exists,external_methods/DEKP/structures/author_archive/protein structure datasets/kcat/AlphaFold/P0A991.pdb,external_methods/DEKP/structures/benchmark/AlphaFold/P0A991.pdb
benchmark,P0A993,exists,external_methods/DEKP/structures/benchmark/AlphaFold/P0A993.pdb,external_methods/DEKP/structures/benchmark/AlphaFold/P0A993.pdb
benchmark,P0A9B2,exists,external_methods/DEKP/structures/author_archive/protein structure datasets/kcat/RCSB PDB/P0A9B2.pdb,external_methods/DEKP/structures/benchmark/AlphaFold/P0A9B2.pdb
benchmark,P0A9B6,exists,external_methods/DEKP/structures/author_archive/protein structure datasets/kcat/RCSB PDB/P0A9B6.pdb,external_methods/DEKP/structures/benchmark/AlphaFold/P0A9B6.pdb
benchmark,P0A9C5,exists,external_methods/DEKP/structures/author_archive/protein structure datasets/kcat/AlphaFold/P0A9C5.pdb,external_methods/DEKP/structures/benchmark/AlphaFold/P0A9C5.pdb
benchmark,P0A9C9,exists,external_methods/DEKP/structures/author_archive/protein structure datasets/Km/RCSB PDB/P0A9C9.pdb,external_methods/DEKP/structures/benchmark/AlphaFold/P0A9C9.pdb
benchmark,P0A9D4,exists,external_methods/DEKP/structures/author_archive/protein structure datasets/kcat/RCSB PDB/P0A9D4.pdb,external_methods/DEKP/structures/benchmark/AlphaFold/P0A9D4.pdb
benchmark,P0A9H3,exists,external_methods/DEKP/structures/benchmark/AlphaFold/P0A9H3.pdb,external_methods/DEKP/structures/benchmark/AlphaFold/P0A9H3.pdb
benchmark,P0A9H7,exists,external_methods/DEKP/structures/author_archive/protein structure datasets/kcat/AlphaFold/P0A9H7.pdb,external_methods/DEKP/structures/benchmark/AlphaFold/P0A9H7.pdb
benchmark,P0A9J4,exists,external_methods/DEKP/structures/author_archive/protein structure datasets/kcat/RCSB PDB/P0A9J4.pdb,external_methods/DEKP/structures/benchmark/AlphaFold/P0A9J4.pdb
benchmark,P0A9J8,exists,external_methods/DEKP/structures/author_archive/protein structure datasets/kcat/AlphaFold/P0A9J8.pdb,external_methods/DEKP/structures/benchmark/AlphaFold/P0A9J8.pdb
benchmark,P0A9M2,exists,external_methods/DEKP/structures/benchmark/AlphaFold/P0A9M2.pdb,external_methods/DEKP/structures/benchmark/AlphaFold/P0A9M2.pdb
benchmark,P0A9M5,exists,external_methods/DEKP/structures/author_archive/protein structure datasets/Km/RCSB PDB/P0A9M5.pdb,external_methods/DEKP/structures/benchmark/AlphaFold/P0A9M5.pdb
benchmark,P0A9M8,exists,external_methods/DEKP/structures/author_archive/protein structure datasets/Km/AlphaFold/P0A9M8.pdb,external_methods/DEKP/structures/benchmark/AlphaFold/P0A9M8.pdb
benchmark,P0A9Q7,exists,external_methods/DEKP/structures/benchmark/AlphaFold/P0A9Q7.pdb,external_methods/DEKP/structures/benchmark/AlphaFold/P0A9Q7.pdb
benchmark,P0A9Q9,exists,external_methods/DEKP/structures/author_archive/protein structure datasets/kcat/RCSB PDB/P0A9Q9.pdb,external_methods/DEKP/structures/benchmark/AlphaFold/P0A9Q9.pdb
benchmark,P0A9T0,exists,external_methods/DEKP/structures/author_archive/protein structure datasets/Km/RCSB PDB/P0A9T0.pdb,external_methods/DEKP/structures/benchmark/AlphaFold/P0A9T0.pdb
benchmark,P0AAI5,exists,external_methods/DEKP/structures/author_archive/protein structure datasets/Km/RCSB PDB/P0AAI5.pdb,external_methods/DEKP/structures/benchmark/AlphaFold/P0AAI5.pdb
benchmark,P0AAN3,exists,external_methods/DEKP/structures/benchmark/AlphaFold/P0AAN3.pdb,external_methods/DEKP/structures/benchmark/AlphaFold/P0AAN3.pdb
benchmark,P0AB71,exists,external_methods/DEKP/structures/author_archive/protein structure datasets/kcat/RCSB PDB/P0AB71.pdb,external_methods/DEKP/structures/benchmark/AlphaFold/P0AB71.pdb
benchmark,P0AB77,exists,external_methods/DEKP/structures/benchmark/AlphaFold/P0AB77.pdb,external_methods/DEKP/structures/benchmark/AlphaFold/P0AB77.pdb
benchmark,P0AB80,exists,external_methods/DEKP/structures/benchmark/AlphaFold/P0AB80.pdb,external_methods/DEKP/structures/benchmark/AlphaFold/P0AB80.pdb
benchmark,P0AB87,exists,external_methods/DEKP/structures/author_archive/protein structure datasets/kcat/RCSB PDB/P0AB87.pdb,external_methods/DEKP/structures/benchmark/AlphaFold/P0AB87.pdb
benchmark,P0AB91,exists,external_methods/DEKP/structures/benchmark/AlphaFold/P0AB91.pdb,external_methods/DEKP/structures/benchmark/AlphaFold/P0AB91.pdb
benchmark,P0ABD3,exists,external_methods/DEKP/structures/benchmark/AlphaFold/P0ABD3.pdb,external_methods/DEKP/structures/benchmark/AlphaFold/P0ABD3.pdb
benchmark,P0ABE9,exists,external_methods/DEKP/structures/benchmark/AlphaFold/P0ABE9.pdb,external_methods/DEKP/structures/benchmark/AlphaFold/P0ABE9.pdb
benchmark,P0ABH7,exists,external_methods/DEKP/structures/author_archive/protein structure datasets/kcat/RCSB PDB/P0ABH7.pdb,external_methods/DEKP/structures/benchmark/AlphaFold/P0ABH7.pdb
benchmark,P0ABK5,exists,external_methods/DEKP/structures/author_archive/protein structure datasets/kcat/RCSB PDB/P0ABK5.pdb,external_methods/DEKP/structures/benchmark/AlphaFold/P0ABK5.pdb
benchmark,P0ABP8,exists,external_methods/DEKP/structures/benchmark/AlphaFold/P0ABP8.pdb,external_methods/DEKP/structures/benchmark/AlphaFold/P0ABP8.pdb
benchmark,P0ABQ0,exists,external_methods/DEKP/structures/author_archive/protein structure datasets/Km/AlphaFold/P0ABQ0.pdb,external_methods/DEKP/structures/benchmark/AlphaFold/P0ABQ0.pdb
benchmark,P0ABQ2,exists,external_methods/DEKP/structures/benchmark/AlphaFold/P0ABQ2.pdb,external_methods/DEKP/structures/benchmark/AlphaFold/P0ABQ2.pdb
benchmark,P0ABQ4,exists,external_methods/DEKP/structures/benchmark/AlphaFold/P0ABQ4.pdb,external_methods/DEKP/structures/benchmark/AlphaFold/P0ABQ4.pdb
benchmark,P0ABR9,exists,external_methods/DEKP/structures/author_archive/protein structure datasets/kcat/AlphaFold/P0ABR9.pdb,external_methods/DEKP/structures/benchmark/AlphaFold/P0ABR9.pdb
benchmark,P0AC16,exists,external_methods/DEKP/structures/author_archive/protein structure datasets/Km/RCSB PDB/P0AC16.pdb,external_methods/DEKP/structures/benchmark/AlphaFold/P0AC16.pdb
benchmark,P0AC33,exists,external_methods/DEKP/structures/benchmark/AlphaFold/P0AC33.pdb,external_methods/DEKP/structures/benchmark/AlphaFold/P0AC33.pdb
benchmark,P0AC38,exists,external_methods/DEKP/structures/author_archive/protein structure datasets/kcat/RCSB PDB/P0AC38.pdb,external_methods/DEKP/structures/benchmark/AlphaFold/P0AC38.pdb
benchmark,P0AC53,exists,external_methods/DEKP/structures/author_archive/protein structure datasets/kcat/AlphaFold/P0AC53.pdb,external_methods/DEKP/structures/benchmark/AlphaFold/P0AC53.pdb
benchmark,P0AC88,exists,external_methods/DEKP/structures/author_archive/protein structure datasets/Km/RCSB PDB/P0AC88.pdb,external_methods/DEKP/structures/benchmark/AlphaFold/P0AC88.pdb
benchmark,P0ACC7,exists,external_methods/DEKP/structures/author_archive/protein structure datasets/kcat/RCSB PDB/P0ACC7.pdb,external_methods/DEKP/structures/benchmark/AlphaFold/P0ACC7.pdb
benchmark,P0AD57,exists,external_methods/DEKP/structures/author_archive/protein structure datasets/kcat/RCSB PDB/P0AD57.pdb,external_methods/DEKP/structures/benchmark/AlphaFold/P0AD57.pdb
benchmark,P0ADG4,exists,external_methods/DEKP/structures/author_archive/protein structure datasets/kcat/RCSB PDB/P0ADG4.pdb,external_methods/DEKP/structures/benchmark/AlphaFold/P0ADG4.pdb
benchmark,P0ADG7,exists,external_methods/DEKP/structures/author_archive/protein structure datasets/kcat/AlphaFold/P0ADG7.pdb,external_methods/DEKP/structures/benchmark/AlphaFold/P0ADG7.pdb
benchmark,P0ADI4,exists,external_methods/DEKP/structures/author_archive/protein structure datasets/kcat/RCSB PDB/P0ADI4.pdb,external_methods/DEKP/structures/benchmark/AlphaFold/P0ADI4.pdb
benchmark,P0ADP0,exists,external_methods/DEKP/structures/benchmark/AlphaFold/P0ADP0.pdb,external_methods/DEKP/structures/benchmark/AlphaFold/P0ADP0.pdb
benchmark,P0AE22,exists,external_methods/DEKP/structures/author_archive/protein structure datasets/Km/AlphaFold/P0AE22.pdb,external_methods/DEKP/structures/benchmark/AlphaFold/P0AE22.pdb
benchmark,P0AEJ2,exists,external_methods/DEKP/structures/author_archive/protein structure datasets/kcat/RCSB PDB/P0AEJ2.pdb,external_methods/DEKP/structures/benchmark/AlphaFold/P0AEJ2.pdb
benchmark,P0AEK2,exists,external_methods/DEKP/structures/benchmark/AlphaFold/P0AEK2.pdb,external_methods/DEKP/structures/benchmark/AlphaFold/P0AEK2.pdb
benchmark,P0AEN1,exists,external_methods/DEKP/structures/benchmark/AlphaFold/P0AEN1.pdb,external_methods/DEKP/structures/benchmark/AlphaFold/P0AEN1.pdb
benchmark,P0AEP7,exists,external_methods/DEKP/structures/author_archive/protein structure datasets/Km/RCSB PDB/P0AEP7.pdb,external_methods/DEKP/structures/benchmark/AlphaFold/P0AEP7.pdb
benchmark,P0AES0,exists,external_methods/DEKP/structures/benchmark/AlphaFold/P0AES0.pdb,external_methods/DEKP/structures/benchmark/AlphaFold/P0AES0.pdb
benchmark,P0AES2,exists,external_methods/DEKP/structures/benchmark/AlphaFold/P0AES2.pdb,external_methods/DEKP/structures/benchmark/AlphaFold/P0AES2.pdb
benchmark,P0AEY3,exists,external_methods/DEKP/structures/author_archive/protein structure datasets/kcat/RCSB PDB/P0AEY3.pdb,external_methods/DEKP/structures/benchmark/AlphaFold/P0AEY3.pdb
benchmark,P0AEZ1,exists,external_methods/DEKP/structures/author_archive/protein structure datasets/kcat/RCSB PDB/P0AEZ1.pdb,external_methods/DEKP/structures/benchmark/AlphaFold/P0AEZ1.pdb
benchmark,P0AF12,exists,external_methods/DEKP/structures/author_archive/protein structure datasets/kcat/RCSB PDB/P0AF12.pdb,external_methods/DEKP/structures/benchmark/AlphaFold/P0AF12.pdb
benchmark,P0AF18,exists,external_methods/DEKP/structures/benchmark/AlphaFold/P0AF18.pdb,external_methods/DEKP/structures/benchmark/AlphaFold/P0AF18.pdb
benchmark,P0AF24,exists,external_methods/DEKP/structures/benchmark/AlphaFold/P0AF24.pdb,external_methods/DEKP/structures/benchmark/AlphaFold/P0AF24.pdb
benchmark,P0AFC0,exists,external_methods/DEKP/structures/benchmark/AlphaFold/P0AFC0.pdb,external_methods/DEKP/structures/benchmark/AlphaFold/P0AFC0.pdb
benchmark,P0AFI0,exists,external_methods/DEKP/structures/benchmark/AlphaFold/P0AFI0.pdb,external_methods/DEKP/structures/benchmark/AlphaFold/P0AFI0.pdb
benchmark,P0AFI7,exists,external_methods/DEKP/structures/author_archive/protein structure datasets/kcat/RCSB PDB/P0AFI7.pdb,external_methods/DEKP/structures/benchmark/AlphaFold/P0AFI7.pdb
benchmark,P0AFL6,exists,external_methods/DEKP/structures/benchmark/AlphaFold/P0AFL6.pdb,external_methods/DEKP/structures/benchmark/AlphaFold/P0AFL6.pdb
benchmark,P0AFS3,exists,external_methods/DEKP/structures/benchmark/AlphaFold/P0AFS3.pdb,external_methods/DEKP/structures/benchmark/AlphaFold/P0AFS3.pdb
benchmark,P0AFU8,exists,external_methods/DEKP/structures/benchmark/AlphaFold/P0AFU8.pdb,external_methods/DEKP/structures/benchmark/AlphaFold/P0AFU8.pdb
benchmark,P0AG18,exists,external_methods/DEKP/structures/author_archive/protein structure datasets/kcat/RCSB PDB/P0AG18.pdb,external_methods/DEKP/structures/benchmark/AlphaFold/P0AG18.pdb
benchmark,P0AGF6,exists,external_methods/DEKP/structures/benchmark/AlphaFold/P0AGF6.pdb,external_methods/DEKP/structures/benchmark/AlphaFold/P0AGF6.pdb
benchmark,P0AGG2,exists,external_methods/DEKP/structures/benchmark/AlphaFold/P0AGG2.pdb,external_methods/DEKP/structures/benchmark/AlphaFold/P0AGG2.pdb
benchmark,P0C7L2,exists,external_methods/DEKP/structures/benchmark/AlphaFold/P0C7L2.pdb,external_methods/DEKP/structures/benchmark/AlphaFold/P0C7L2.pdb
benchmark,P0CX10,exists,external_methods/DEKP/structures/benchmark/AlphaFold/P0CX10.pdb,external_methods/DEKP/structures/benchmark/AlphaFold/P0CX10.pdb
benchmark,P0CX11,exists,external_methods/DEKP/structures/benchmark/AlphaFold/P0CX11.pdb,external_methods/DEKP/structures/benchmark/AlphaFold/P0CX11.pdb
benchmark,P0CX77,exists,external_methods/DEKP/structures/benchmark/AlphaFold/P0CX77.pdb,external_methods/DEKP/structures/benchmark/AlphaFold/P0CX77.pdb
benchmark,P0CX78,exists,external_methods/DEKP/structures/benchmark/AlphaFold/P0CX78.pdb,external_methods/DEKP/structures/benchmark/AlphaFold/P0CX78.pdb
benchmark,P0CX79,exists,external_methods/DEKP/structures/benchmark/AlphaFold/P0CX79.pdb,external_methods/DEKP/structures/benchmark/AlphaFold/P0CX79.pdb
benchmark,P0CZ17,exists,external_methods/DEKP/structures/benchmark/AlphaFold/P0CZ17.pdb,external_methods/DEKP/structures/benchmark/AlphaFold/P0CZ17.pdb
benchmark,P10127,exists,external_methods/DEKP/structures/author_archive/protein structure datasets/Km/AlphaFold/P10127.pdb,external_methods/DEKP/structures/benchmark/AlphaFold/P10127.pdb
benchmark,P10356,exists,external_methods/DEKP/structures/benchmark/AlphaFold/P10356.pdb,external_methods/DEKP/structures/benchmark/AlphaFold/P10356.pdb
benchmark,P10869,exists,external_methods/DEKP/structures/author_archive/protein structure datasets/kcat/AlphaFold/P10869.pdb,external_methods/DEKP/structures/benchmark/AlphaFold/P10869.pdb
benchmark,P10902,exists,external_methods/DEKP/structures/benchmark/AlphaFold/P10902.pdb,external_methods/DEKP/structures/benchmark/AlphaFold/P10902.pdb
benchmark,P10908,exists,external_methods/DEKP/structures/benchmark/AlphaFold/P10908.pdb,external_methods/DEKP/structures/benchmark/AlphaFold/P10908.pdb
benchmark,P10963,exists,external_methods/DEKP/structures/author_archive/protein structure datasets/kcat/AlphaFold/P10963.pdb,external_methods/DEKP/structures/benchmark/AlphaFold/P10963.pdb
benchmark,P11154,exists,external_methods/DEKP/structures/author_archive/protein structure datasets/kcat/AlphaFold/P11154.pdb,external_methods/DEKP/structures/benchmark/AlphaFold/P11154.pdb
benchmark,P11325,exists,external_methods/DEKP/structures/benchmark/AlphaFold/P11325.pdb,external_methods/DEKP/structures/benchmark/AlphaFold/P11325.pdb
benchmark,P11868,exists,external_methods/DEKP/structures/benchmark/AlphaFold/P11868.pdb,external_methods/DEKP/structures/benchmark/AlphaFold/P11868.pdb
benchmark,P11988,exists,external_methods/DEKP/structures/author_archive/protein structure datasets/kcat/AlphaFold/P11988.pdb,external_methods/DEKP/structures/benchmark/AlphaFold/P11988.pdb
benchmark,P12995,exists,external_methods/DEKP/structures/author_archive/protein structure datasets/kcat/RCSB PDB/P12995.pdb,external_methods/DEKP/structures/benchmark/AlphaFold/P12995.pdb
benchmark,P12998,exists,external_methods/DEKP/structures/author_archive/protein structure datasets/kcat/RCSB PDB/P12998.pdb,external_methods/DEKP/structures/benchmark/AlphaFold/P12998.pdb
benchmark,P13000,exists,external_methods/DEKP/structures/author_archive/protein structure datasets/kcat/RCSB PDB/P13000.pdb,external_methods/DEKP/structures/benchmark/AlphaFold/P13000.pdb
benchmark,P13029,exists,external_methods/DEKP/structures/author_archive/protein structure datasets/Km/AlphaFold/P13029.pdb,external_methods/DEKP/structures/benchmark/AlphaFold/P13029.pdb
benchmark,P13188,exists,external_methods/DEKP/structures/benchmark/AlphaFold/P13188.pdb,external_methods/DEKP/structures/benchmark/AlphaFold/P13188.pdb
benchmark,P13259,exists,external_methods/DEKP/structures/benchmark/AlphaFold/P13259.pdb,external_methods/DEKP/structures/benchmark/AlphaFold/P13259.pdb
benchmark,P13482,exists,external_methods/DEKP/structures/benchmark/AlphaFold/P13482.pdb,external_methods/DEKP/structures/benchmark/AlphaFold/P13482.pdb
benchmark,P14020,exists,external_methods/DEKP/structures/author_archive/protein structure datasets/kcat/AlphaFold/P14020.pdb,external_methods/DEKP/structures/benchmark/AlphaFold/P14020.pdb
benchmark,P14081,exists,external_methods/DEKP/structures/benchmark/AlphaFold/P14081.pdb,external_methods/DEKP/structures/benchmark/AlphaFold/P14081.pdb
benchmark,P14407,exists,external_methods/DEKP/structures/benchmark/AlphaFold/P14407.pdb,external_methods/DEKP/structures/benchmark/AlphaFold/P14407.pdb
benchmark,P14742,exists,external_methods/DEKP/structures/benchmark/AlphaFold/P14742.pdb,external_methods/DEKP/structures/benchmark/AlphaFold/P14742.pdb
benchmark,P15042,exists,external_methods/DEKP/structures/benchmark/AlphaFold/P15042.pdb,external_methods/DEKP/structures/benchmark/AlphaFold/P15042.pdb
benchmark,P15288,exists,external_methods/DEKP/structures/benchmark/AlphaFold/P15288.pdb,external_methods/DEKP/structures/benchmark/AlphaFold/P15288.pdb
benchmark,P15454,exists,external_methods/DEKP/structures/benchmark/AlphaFold/P15454.pdb,external_methods/DEKP/structures/benchmark/AlphaFold/P15454.pdb
benchmark,P15496,exists,external_methods/DEKP/structures/benchmark/AlphaFold/P15496.pdb,external_methods/DEKP/structures/benchmark/AlphaFold/P15496.pdb
benchmark,P15639,exists,external_methods/DEKP/structures/benchmark/AlphaFold/P15639.pdb,external_methods/DEKP/structures/benchmark/AlphaFold/P15639.pdb
benchmark,P15723,exists,external_methods/DEKP/structures/author_archive/protein structure datasets/kcat/RCSB PDB/P15723.pdb,external_methods/DEKP/structures/benchmark/AlphaFold/P15723.pdb
benchmark,P15770,exists,external_methods/DEKP/structures/author_archive/protein structure datasets/kcat/RCSB PDB/P15770.pdb,external_methods/DEKP/structures/benchmark/AlphaFold/P15770.pdb
benchmark,P16095,exists,external_methods/DEKP/structures/benchmark/AlphaFold/P16095.pdb,external_methods/DEKP/structures/benchmark/AlphaFold/P16095.pdb
benchmark,P16467,exists,external_methods/DEKP/structures/benchmark/AlphaFold/P16467.pdb,external_methods/DEKP/structures/benchmark/AlphaFold/P16467.pdb
benchmark,P16550,exists,external_methods/DEKP/structures/benchmark/AlphaFold/P16550.pdb,external_methods/DEKP/structures/benchmark/AlphaFold/P16550.pdb
benchmark,P16703,exists,external_methods/DEKP/structures/author_archive/protein structure datasets/kcat/AlphaFold/P16703.pdb,external_methods/DEKP/structures/benchmark/AlphaFold/P16703.pdb
benchmark,P17109,exists,external_methods/DEKP/structures/benchmark/AlphaFold/P17109.pdb,external_methods/DEKP/structures/benchmark/AlphaFold/P17109.pdb
benchmark,P17115,exists,external_methods/DEKP/structures/benchmark/AlphaFold/P17115.pdb,external_methods/DEKP/structures/benchmark/AlphaFold/P17115.pdb
benchmark,P17169,exists,external_methods/DEKP/structures/author_archive/protein structure datasets/kcat/RCSB PDB/P17169.pdb,external_methods/DEKP/structures/benchmark/AlphaFold/P17169.pdb
benchmark,P17443,exists,external_methods/DEKP/structures/author_archive/protein structure datasets/kcat/RCSB PDB/P17443.pdb,external_methods/DEKP/structures/benchmark/AlphaFold/P17443.pdb
benchmark,P17709,exists,external_methods/DEKP/structures/author_archive/protein structure datasets/kcat/RCSB PDB/P17709.pdb,external_methods/DEKP/structures/benchmark/AlphaFold/P17709.pdb
benchmark,P17952,exists,external_methods/DEKP/structures/author_archive/protein structure datasets/kcat/RCSB PDB/P17952.pdb,external_methods/DEKP/structures/benchmark/AlphaFold/P17952.pdb
benchmark,P19926,exists,external_methods/DEKP/structures/benchmark/AlphaFold/P19926.pdb,external_methods/DEKP/structures/benchmark/AlphaFold/P19926.pdb
benchmark,P20485,exists,external_methods/DEKP/structures/benchmark/AlphaFold/P20485.pdb,external_methods/DEKP/structures/benchmark/AlphaFold/P20485.pdb
benchmark,P21151,exists,external_methods/DEKP/structures/benchmark/AlphaFold/P21151.pdb,external_methods/DEKP/structures/benchmark/AlphaFold/P21151.pdb
benchmark,P21169,exists,external_methods/DEKP/structures/benchmark/AlphaFold/P21169.pdb,external_methods/DEKP/structures/benchmark/AlphaFold/P21169.pdb
benchmark,P21177,exists,external_methods/DEKP/structures/author_archive/protein structure datasets/kcat/AlphaFold/P21177.pdb,external_methods/DEKP/structures/benchmark/AlphaFold/P21177.pdb
benchmark,P21179,exists,external_methods/DEKP/structures/author_archive/protein structure datasets/kcat/RCSB PDB/P21179.pdb,external_methods/DEKP/structures/benchmark/AlphaFold/P21179.pdb
benchmark,P21373,exists,external_methods/DEKP/structures/benchmark/AlphaFold/P21373.pdb,external_methods/DEKP/structures/benchmark/AlphaFold/P21373.pdb
benchmark,P21437,exists,external_methods/DEKP/structures/benchmark/AlphaFold/P21437.pdb,external_methods/DEKP/structures/benchmark/AlphaFold/P21437.pdb
benchmark,P21645,exists,external_methods/DEKP/structures/author_archive/protein structure datasets/kcat/RCSB PDB/P21645.pdb,external_methods/DEKP/structures/benchmark/AlphaFold/P21645.pdb
benchmark,P22106,exists,external_methods/DEKP/structures/benchmark/AlphaFold/P22106.pdb,external_methods/DEKP/structures/benchmark/AlphaFold/P22106.pdb
benchmark,P22108,exists,external_methods/DEKP/structures/benchmark/AlphaFold/P22108.pdb,external_methods/DEKP/structures/benchmark/AlphaFold/P22108.pdb
benchmark,P22255,exists,external_methods/DEKP/structures/author_archive/protein structure datasets/kcat/AlphaFold/P22255.pdb,external_methods/DEKP/structures/benchmark/AlphaFold/P22255.pdb
benchmark,P22256,exists,external_methods/DEKP/structures/benchmark/AlphaFold/P22256.pdb,external_methods/DEKP/structures/benchmark/AlphaFold/P22256.pdb
benchmark,P22259,exists,external_methods/DEKP/structures/author_archive/protein structure datasets/Km/RCSB PDB/P22259.pdb,external_methods/DEKP/structures/benchmark/AlphaFold/P22259.pdb
benchmark,P22564,exists,external_methods/DEKP/structures/benchmark/AlphaFold/P22564.pdb,external_methods/DEKP/structures/benchmark/AlphaFold/P22564.pdb
benchmark,P22634,exists,external_methods/DEKP/structures/author_archive/protein structure datasets/kcat/RCSB PDB/P22634.pdb,external_methods/DEKP/structures/benchmark/AlphaFold/P22634.pdb
benchmark,P23254,exists,external_methods/DEKP/structures/author_archive/protein structure datasets/kcat/RCSB PDB/P23254.pdb,external_methods/DEKP/structures/benchmark/AlphaFold/P23254.pdb
benchmark,P23522,exists,external_methods/DEKP/structures/author_archive/protein structure datasets/kcat/RCSB PDB/P23522.pdb,external_methods/DEKP/structures/benchmark/AlphaFold/P23522.pdb
benchmark,P23524,exists,external_methods/DEKP/structures/author_archive/protein structure datasets/kcat/AlphaFold/P23524.pdb,external_methods/DEKP/structures/benchmark/AlphaFold/P23524.pdb
benchmark,P23721,exists,external_methods/DEKP/structures/author_archive/protein structure datasets/kcat/RCSB PDB/P23721.pdb,external_methods/DEKP/structures/benchmark/AlphaFold/P23721.pdb
benchmark,P23857,exists,external_methods/DEKP/structures/author_archive/protein structure datasets/Km/AlphaFold/P23857.pdb,external_methods/DEKP/structures/benchmark/AlphaFold/P23857.pdb
benchmark,P23908,exists,external_methods/DEKP/structures/author_archive/protein structure datasets/kcat/AlphaFold/P23908.pdb,external_methods/DEKP/structures/benchmark/AlphaFold/P23908.pdb
benchmark,P24169,exists,external_methods/DEKP/structures/benchmark/AlphaFold/P24169.pdb,external_methods/DEKP/structures/benchmark/AlphaFold/P24169.pdb
benchmark,P24186,exists,external_methods/DEKP/structures/author_archive/protein structure datasets/Km/RCSB PDB/P24186.pdb,external_methods/DEKP/structures/benchmark/AlphaFold/P24186.pdb
benchmark,P24203,exists,external_methods/DEKP/structures/benchmark/AlphaFold/P24203.pdb,external_methods/DEKP/structures/benchmark/AlphaFold/P24203.pdb
benchmark,P24215,exists,external_methods/DEKP/structures/benchmark/AlphaFold/P24215.pdb,external_methods/DEKP/structures/benchmark/AlphaFold/P24215.pdb
benchmark,P24224,exists,external_methods/DEKP/structures/benchmark/AlphaFold/P24224.pdb,external_methods/DEKP/structures/benchmark/AlphaFold/P24224.pdb
benchmark,P24232,exists,external_methods/DEKP/structures/author_archive/protein structure datasets/kcat/RCSB PDB/P24232.pdb,external_methods/DEKP/structures/benchmark/AlphaFold/P24232.pdb
benchmark,P24240,exists,external_methods/DEKP/structures/benchmark/AlphaFold/P24240.pdb,external_methods/DEKP/structures/benchmark/AlphaFold/P24240.pdb
benchmark,P25087,exists,external_methods/DEKP/structures/author_archive/protein structure datasets/kcat/AlphaFold/P25087.pdb,external_methods/DEKP/structures/benchmark/AlphaFold/P25087.pdb
benchmark,P25377,exists,external_methods/DEKP/structures/benchmark/AlphaFold/P25377.pdb,external_methods/DEKP/structures/benchmark/AlphaFold/P25377.pdb
benchmark,P25519,exists,external_methods/DEKP/structures/benchmark/AlphaFold/P25519.pdb,external_methods/DEKP/structures/benchmark/AlphaFold/P25519.pdb
benchmark,P25524,exists,external_methods/DEKP/structures/benchmark/AlphaFold/P25524.pdb,external_methods/DEKP/structures/benchmark/AlphaFold/P25524.pdb
benchmark,P25526,exists,external_methods/DEKP/structures/benchmark/AlphaFold/P25526.pdb,external_methods/DEKP/structures/benchmark/AlphaFold/P25526.pdb
benchmark,P25536,exists,external_methods/DEKP/structures/benchmark/AlphaFold/P25536.pdb,external_methods/DEKP/structures/benchmark/AlphaFold/P25536.pdb
benchmark,P25539,exists,external_methods/DEKP/structures/author_archive/protein structure datasets/kcat/RCSB PDB/P25539.pdb,external_methods/DEKP/structures/benchmark/AlphaFold/P25539.pdb
benchmark,P25552,exists,external_methods/DEKP/structures/benchmark/AlphaFold/P25552.pdb,external_methods/DEKP/structures/benchmark/AlphaFold/P25552.pdb
benchmark,P25553,exists,external_methods/DEKP/structures/author_archive/protein structure datasets/Km/RCSB PDB/P25553.pdb,external_methods/DEKP/structures/benchmark/AlphaFold/P25553.pdb
benchmark,P26263,exists,external_methods/DEKP/structures/author_archive/protein structure datasets/kcat/AlphaFold/P26263.pdb,external_methods/DEKP/structures/benchmark/AlphaFold/P26263.pdb
benchmark,P26602,exists,external_methods/DEKP/structures/author_archive/protein structure datasets/kcat/RCSB PDB/P26602.pdb,external_methods/DEKP/structures/benchmark/AlphaFold/P26602.pdb
benchmark,P26616,exists,external_methods/DEKP/structures/author_archive/protein structure datasets/kcat/RCSB PDB/P26616.pdb,external_methods/DEKP/structures/benchmark/AlphaFold/P26616.pdb
benchmark,P26637,exists,external_methods/DEKP/structures/benchmark/AlphaFold/P26637.pdb,external_methods/DEKP/structures/benchmark/AlphaFold/P26637.pdb
benchmark,P27254,exists,external_methods/DEKP/structures/benchmark/AlphaFold/P27254.pdb,external_methods/DEKP/structures/benchmark/AlphaFold/P27254.pdb
benchmark,P27306,exists,external_methods/DEKP/structures/benchmark/AlphaFold/P27306.pdb,external_methods/DEKP/structures/benchmark/AlphaFold/P27306.pdb
benchmark,P27550,exists,external_methods/DEKP/structures/author_archive/protein structure datasets/Km/AlphaFold/P27550.pdb,external_methods/DEKP/structures/benchmark/AlphaFold/P27550.pdb
benchmark,P27828,exists,external_methods/DEKP/structures/author_archive/protein structure datasets/Km/RCSB PDB/P27828.pdb,external_methods/DEKP/structures/benchmark/AlphaFold/P27828.pdb
benchmark,P27830,exists,external_methods/DEKP/structures/benchmark/AlphaFold/P27830.pdb,external_methods/DEKP/structures/benchmark/AlphaFold/P27830.pdb
benchmark,P27833,exists,external_methods/DEKP/structures/benchmark/AlphaFold/P27833.pdb,external_methods/DEKP/structures/benchmark/AlphaFold/P27833.pdb
benchmark,P28239,exists,external_methods/DEKP/structures/benchmark/AlphaFold/P28239.pdb,external_methods/DEKP/structures/benchmark/AlphaFold/P28239.pdb
benchmark,P28248,exists,external_methods/DEKP/structures/benchmark/AlphaFold/P28248.pdb,external_methods/DEKP/structures/benchmark/AlphaFold/P28248.pdb
benchmark,P28272,exists,external_methods/DEKP/structures/author_archive/protein structure datasets/kcat/AlphaFold/P28272.pdb,external_methods/DEKP/structures/benchmark/AlphaFold/P28272.pdb
benchmark,P28305,exists,external_methods/DEKP/structures/benchmark/AlphaFold/P28305.pdb,external_methods/DEKP/structures/benchmark/AlphaFold/P28305.pdb
benchmark,P29012,exists,external_methods/DEKP/structures/author_archive/protein structure datasets/Km/AlphaFold/P29012.pdb,external_methods/DEKP/structures/benchmark/AlphaFold/P29012.pdb
benchmark,P29509,exists,external_methods/DEKP/structures/benchmark/AlphaFold/P29509.pdb,external_methods/DEKP/structures/benchmark/AlphaFold/P29509.pdb
benchmark,P29704,exists,external_methods/DEKP/structures/benchmark/AlphaFold/P29704.pdb,external_methods/DEKP/structures/benchmark/AlphaFold/P29704.pdb
benchmark,P29952,exists,external_methods/DEKP/structures/author_archive/protein structure datasets/kcat/AlphaFold/P29952.pdb,external_methods/DEKP/structures/benchmark/AlphaFold/P29952.pdb
benchmark,P30125,exists,external_methods/DEKP/structures/author_archive/protein structure datasets/kcat/RCSB PDB/P30125.pdb,external_methods/DEKP/structures/benchmark/AlphaFold/P30125.pdb
benchmark,P30744,exists,external_methods/DEKP/structures/benchmark/AlphaFold/P30744.pdb,external_methods/DEKP/structures/benchmark/AlphaFold/P30744.pdb
benchmark,P31116,exists,external_methods/DEKP/structures/author_archive/protein structure datasets/kcat/RCSB PDB/P31116.pdb,external_methods/DEKP/structures/benchmark/AlphaFold/P31116.pdb
benchmark,P31142,exists,external_methods/DEKP/structures/benchmark/AlphaFold/P31142.pdb,external_methods/DEKP/structures/benchmark/AlphaFold/P31142.pdb
benchmark,P31373,exists,external_methods/DEKP/structures/benchmark/AlphaFold/P31373.pdb,external_methods/DEKP/structures/benchmark/AlphaFold/P31373.pdb
benchmark,P31441,exists,external_methods/DEKP/structures/benchmark/AlphaFold/P31441.pdb,external_methods/DEKP/structures/benchmark/AlphaFold/P31441.pdb
benchmark,P31658,exists,external_methods/DEKP/structures/benchmark/AlphaFold/P31658.pdb,external_methods/DEKP/structures/benchmark/AlphaFold/P31658.pdb
benchmark,P31663,exists,external_methods/DEKP/structures/author_archive/protein structure datasets/Km/RCSB PDB/P31663.pdb,external_methods/DEKP/structures/benchmark/AlphaFold/P31663.pdb
benchmark,P31677,exists,external_methods/DEKP/structures/benchmark/AlphaFold/P31677.pdb,external_methods/DEKP/structures/benchmark/AlphaFold/P31677.pdb
benchmark,P32099,exists,external_methods/DEKP/structures/benchmark/AlphaFold/P32099.pdb,external_methods/DEKP/structures/benchmark/AlphaFold/P32099.pdb
benchmark,P32169,exists,external_methods/DEKP/structures/author_archive/protein structure datasets/Km/RCSB PDB/P32169.pdb,external_methods/DEKP/structures/benchmark/AlphaFold/P32169.pdb
benchmark,P32178,exists,external_methods/DEKP/structures/benchmark/AlphaFold/P32178.pdb,external_methods/DEKP/structures/benchmark/AlphaFold/P32178.pdb
benchmark,P32327,exists,external_methods/DEKP/structures/benchmark/AlphaFold/P32327.pdb,external_methods/DEKP/structures/benchmark/AlphaFold/P32327.pdb
benchmark,P32340,exists,external_methods/DEKP/structures/benchmark/AlphaFold/P32340.pdb,external_methods/DEKP/structures/benchmark/AlphaFold/P32340.pdb
benchmark,P32377,exists,external_methods/DEKP/structures/author_archive/protein structure datasets/kcat/RCSB PDB/P32377.pdb,external_methods/DEKP/structures/benchmark/AlphaFold/P32377.pdb
benchmark,P32452,exists,external_methods/DEKP/structures/benchmark/AlphaFold/P32452.pdb,external_methods/DEKP/structures/benchmark/AlphaFold/P32452.pdb
benchmark,P32528,exists,external_methods/DEKP/structures/benchmark/AlphaFold/P32528.pdb,external_methods/DEKP/structures/benchmark/AlphaFold/P32528.pdb
benchmark,P32582,exists,external_methods/DEKP/structures/author_archive/protein structure datasets/kcat/AlphaFold/P32582.pdb,external_methods/DEKP/structures/benchmark/AlphaFold/P32582.pdb
benchmark,P32621,exists,external_methods/DEKP/structures/benchmark/AlphaFold/P32621.pdb,external_methods/DEKP/structures/benchmark/AlphaFold/P32621.pdb
benchmark,P32622,exists,external_methods/DEKP/structures/benchmark/AlphaFold/P32622.pdb,external_methods/DEKP/structures/benchmark/AlphaFold/P32622.pdb
benchmark,P32662,exists,external_methods/DEKP/structures/author_archive/protein structure datasets/kcat/AlphaFold/P32662.pdb,external_methods/DEKP/structures/benchmark/AlphaFold/P32662.pdb
benchmark,P32664,exists,external_methods/DEKP/structures/benchmark/AlphaFold/P32664.pdb,external_methods/DEKP/structures/benchmark/AlphaFold/P32664.pdb
benchmark,P32718,exists,external_methods/DEKP/structures/author_archive/protein structure datasets/kcat/RCSB PDB/P32718.pdb,external_methods/DEKP/structures/benchmark/AlphaFold/P32718.pdb
benchmark,P32771,exists,external_methods/DEKP/structures/benchmark/AlphaFold/P32771.pdb,external_methods/DEKP/structures/benchmark/AlphaFold/P32771.pdb
benchmark,P32874,exists,external_methods/DEKP/structures/benchmark/AlphaFold/P32874.pdb,external_methods/DEKP/structures/benchmark/AlphaFold/P32874.pdb
benchmark,P33018,exists,external_methods/DEKP/structures/author_archive/protein structure datasets/kcat/AlphaFold/P33018.pdb,external_methods/DEKP/structures/benchmark/AlphaFold/P33018.pdb
benchmark,P33022,exists,external_methods/DEKP/structures/benchmark/AlphaFold/P33022.pdb,external_methods/DEKP/structures/benchmark/AlphaFold/P33022.pdb
benchmark,P33030,exists,external_methods/DEKP/structures/benchmark/AlphaFold/P33030.pdb,external_methods/DEKP/structures/benchmark/AlphaFold/P33030.pdb
benchmark,P33221,exists,external_methods/DEKP/structures/benchmark/AlphaFold/P33221.pdb,external_methods/DEKP/structures/benchmark/AlphaFold/P33221.pdb
benchmark,P33315,exists,external_methods/DEKP/structures/benchmark/AlphaFold/P33315.pdb,external_methods/DEKP/structures/benchmark/AlphaFold/P33315.pdb
benchmark,P33317,exists,external_methods/DEKP/structures/benchmark/AlphaFold/P33317.pdb,external_methods/DEKP/structures/benchmark/AlphaFold/P33317.pdb
benchmark,P35731,exists,external_methods/DEKP/structures/benchmark/AlphaFold/P35731.pdb,external_methods/DEKP/structures/benchmark/AlphaFold/P35731.pdb
benchmark,P36010,exists,external_methods/DEKP/structures/author_archive/protein structure datasets/Km/RCSB PDB/P36010.pdb,external_methods/DEKP/structures/benchmark/AlphaFold/P36010.pdb
benchmark,P36421,exists,external_methods/DEKP/structures/benchmark/AlphaFold/P36421.pdb,external_methods/DEKP/structures/benchmark/AlphaFold/P36421.pdb
benchmark,P36553,exists,external_methods/DEKP/structures/benchmark/AlphaFold/P36553.pdb,external_methods/DEKP/structures/benchmark/AlphaFold/P36553.pdb
benchmark,P36649,exists,external_methods/DEKP/structures/author_archive/protein structure datasets/kcat/RCSB PDB/P36649.pdb,external_methods/DEKP/structures/benchmark/AlphaFold/P36649.pdb
benchmark,P37095,exists,external_methods/DEKP/structures/author_archive/protein structure datasets/kcat/RCSB PDB/P37095.pdb,external_methods/DEKP/structures/benchmark/AlphaFold/P37095.pdb
benchmark,P37297,exists,external_methods/DEKP/structures/benchmark/AlphaFold/P37297.pdb,external_methods/DEKP/structures/benchmark/AlphaFold/P37297.pdb
benchmark,P37303,exists,external_methods/DEKP/structures/benchmark/AlphaFold/P37303.pdb,external_methods/DEKP/structures/benchmark/AlphaFold/P37303.pdb
benchmark,P37330,exists,external_methods/DEKP/structures/benchmark/AlphaFold/P37330.pdb,external_methods/DEKP/structures/benchmark/AlphaFold/P37330.pdb
benchmark,P37595,exists,external_methods/DEKP/structures/author_archive/protein structure datasets/kcat/RCSB PDB/P37595.pdb,external_methods/DEKP/structures/benchmark/AlphaFold/P37595.pdb
benchmark,P37610,exists,external_methods/DEKP/structures/author_archive/protein structure datasets/kcat/RCSB PDB/P37610.pdb,external_methods/DEKP/structures/benchmark/AlphaFold/P37610.pdb
benchmark,P37623,exists,external_methods/DEKP/structures/benchmark/AlphaFold/P37623.pdb,external_methods/DEKP/structures/benchmark/AlphaFold/P37623.pdb
benchmark,P37666,exists,external_methods/DEKP/structures/author_archive/protein structure datasets/kcat/AlphaFold/P37666.pdb,external_methods/DEKP/structures/benchmark/AlphaFold/P37666.pdb
benchmark,P37678,exists,external_methods/DEKP/structures/benchmark/AlphaFold/P37678.pdb,external_methods/DEKP/structures/benchmark/AlphaFold/P37678.pdb
benchmark,P37680,exists,external_methods/DEKP/structures/benchmark/AlphaFold/P37680.pdb,external_methods/DEKP/structures/benchmark/AlphaFold/P37680.pdb
benchmark,P37686,exists,external_methods/DEKP/structures/benchmark/AlphaFold/P37686.pdb,external_methods/DEKP/structures/benchmark/AlphaFold/P37686.pdb
benchmark,P37759,exists,external_methods/DEKP/structures/benchmark/AlphaFold/P37759.pdb,external_methods/DEKP/structures/benchmark/AlphaFold/P37759.pdb
benchmark,P38038,exists,external_methods/DEKP/structures/benchmark/AlphaFold/P38038.pdb,external_methods/DEKP/structures/benchmark/AlphaFold/P38038.pdb
benchmark,P38051,exists,external_methods/DEKP/structures/benchmark/AlphaFold/P38051.pdb,external_methods/DEKP/structures/benchmark/AlphaFold/P38051.pdb
benchmark,P38075,exists,external_methods/DEKP/structures/benchmark/AlphaFold/P38075.pdb,external_methods/DEKP/structures/benchmark/AlphaFold/P38075.pdb
benchmark,P38113,exists,external_methods/DEKP/structures/author_archive/protein structure datasets/kcat/AlphaFold/P38113.pdb,external_methods/DEKP/structures/benchmark/AlphaFold/P38113.pdb
benchmark,P38218,exists,external_methods/DEKP/structures/benchmark/AlphaFold/P38218.pdb,external_methods/DEKP/structures/benchmark/AlphaFold/P38218.pdb
benchmark,P38221,exists,external_methods/DEKP/structures/benchmark/AlphaFold/P38221.pdb,external_methods/DEKP/structures/benchmark/AlphaFold/P38221.pdb
benchmark,P38698,exists,external_methods/DEKP/structures/benchmark/AlphaFold/P38698.pdb,external_methods/DEKP/structures/benchmark/AlphaFold/P38698.pdb
benchmark,P38705,exists,external_methods/DEKP/structures/benchmark/AlphaFold/P38705.pdb,external_methods/DEKP/structures/benchmark/AlphaFold/P38705.pdb
benchmark,P38708,exists,external_methods/DEKP/structures/benchmark/AlphaFold/P38708.pdb,external_methods/DEKP/structures/benchmark/AlphaFold/P38708.pdb
benchmark,P38714,exists,external_methods/DEKP/structures/benchmark/AlphaFold/P38714.pdb,external_methods/DEKP/structures/benchmark/AlphaFold/P38714.pdb
benchmark,P38720,exists,external_methods/DEKP/structures/author_archive/protein structure datasets/kcat/RCSB PDB/P38720.pdb,external_methods/DEKP/structures/benchmark/AlphaFold/P38720.pdb
benchmark,P38795,exists,external_methods/DEKP/structures/benchmark/AlphaFold/P38795.pdb,external_methods/DEKP/structures/benchmark/AlphaFold/P38795.pdb
benchmark,P38986,exists,external_methods/DEKP/structures/benchmark/AlphaFold/P38986.pdb,external_methods/DEKP/structures/benchmark/AlphaFold/P38986.pdb
benchmark,P39104,exists,external_methods/DEKP/structures/benchmark/AlphaFold/P39104.pdb,external_methods/DEKP/structures/benchmark/AlphaFold/P39104.pdb
benchmark,P39280,exists,external_methods/DEKP/structures/benchmark/AlphaFold/P39280.pdb,external_methods/DEKP/structures/benchmark/AlphaFold/P39280.pdb
benchmark,P39286,exists,external_methods/DEKP/structures/benchmark/AlphaFold/P39286.pdb,external_methods/DEKP/structures/benchmark/AlphaFold/P39286.pdb
benchmark,P39304,exists,external_methods/DEKP/structures/author_archive/protein structure datasets/kcat/RCSB PDB/P39304.pdb,external_methods/DEKP/structures/benchmark/AlphaFold/P39304.pdb
benchmark,P39306,exists,external_methods/DEKP/structures/benchmark/AlphaFold/P39306.pdb,external_methods/DEKP/structures/benchmark/AlphaFold/P39306.pdb
benchmark,P39708,exists,external_methods/DEKP/structures/benchmark/AlphaFold/P39708.pdb,external_methods/DEKP/structures/benchmark/AlphaFold/P39708.pdb
benchmark,P39829,exists,external_methods/DEKP/structures/author_archive/protein structure datasets/kcat/RCSB PDB/P39829.pdb,external_methods/DEKP/structures/benchmark/AlphaFold/P39829.pdb
benchmark,P39831,exists,external_methods/DEKP/structures/benchmark/AlphaFold/P39831.pdb,external_methods/DEKP/structures/benchmark/AlphaFold/P39831.pdb
benchmark,P39965,exists,external_methods/DEKP/structures/benchmark/AlphaFold/P39965.pdb,external_methods/DEKP/structures/benchmark/AlphaFold/P39965.pdb
benchmark,P39976,exists,external_methods/DEKP/structures/benchmark/AlphaFold/P39976.pdb,external_methods/DEKP/structures/benchmark/AlphaFold/P39976.pdb
benchmark,P39979,exists,external_methods/DEKP/structures/author_archive/protein structure datasets/Km/AlphaFold/P39979.pdb,external_methods/DEKP/structures/benchmark/AlphaFold/P39979.pdb
benchmark,P40011,exists,external_methods/DEKP/structures/benchmark/AlphaFold/P40011.pdb,external_methods/DEKP/structures/benchmark/AlphaFold/P40011.pdb
benchmark,P40191,exists,external_methods/DEKP/structures/benchmark/AlphaFold/P40191.pdb,external_methods/DEKP/structures/benchmark/AlphaFold/P40191.pdb
benchmark,P40215,exists,external_methods/DEKP/structures/benchmark/AlphaFold/P40215.pdb,external_methods/DEKP/structures/benchmark/AlphaFold/P40215.pdb
benchmark,P40495,exists,external_methods/DEKP/structures/benchmark/AlphaFold/P40495.pdb,external_methods/DEKP/structures/benchmark/AlphaFold/P40495.pdb
benchmark,P41409,exists,external_methods/DEKP/structures/benchmark/AlphaFold/P41409.pdb,external_methods/DEKP/structures/benchmark/AlphaFold/P41409.pdb
benchmark,P42222,exists,external_methods/DEKP/structures/author_archive/protein structure datasets/kcat/AlphaFold/P42222.pdb,external_methods/DEKP/structures/benchmark/AlphaFold/P42222.pdb
benchmark,P42630,exists,external_methods/DEKP/structures/benchmark/AlphaFold/P42630.pdb,external_methods/DEKP/structures/benchmark/AlphaFold/P42630.pdb
benchmark,P42826,exists,external_methods/DEKP/structures/benchmark/AlphaFold/P42826.pdb,external_methods/DEKP/structures/benchmark/AlphaFold/P42826.pdb
benchmark,P42951,exists,external_methods/DEKP/structures/benchmark/AlphaFold/P42951.pdb,external_methods/DEKP/structures/benchmark/AlphaFold/P42951.pdb
benchmark,P43577,exists,external_methods/DEKP/structures/author_archive/protein structure datasets/kcat/RCSB PDB/P43577.pdb,external_methods/DEKP/structures/benchmark/AlphaFold/P43577.pdb
benchmark,P43635,exists,external_methods/DEKP/structures/author_archive/protein structure datasets/kcat/AlphaFold/P43635.pdb,external_methods/DEKP/structures/benchmark/AlphaFold/P43635.pdb
benchmark,P45395,exists,external_methods/DEKP/structures/benchmark/AlphaFold/P45395.pdb,external_methods/DEKP/structures/benchmark/AlphaFold/P45395.pdb
benchmark,P45425,exists,external_methods/DEKP/structures/author_archive/protein structure datasets/kcat/RCSB PDB/P45425.pdb,external_methods/DEKP/structures/benchmark/AlphaFold/P45425.pdb
benchmark,P45563,exists,external_methods/DEKP/structures/benchmark/AlphaFold/P45563.pdb,external_methods/DEKP/structures/benchmark/AlphaFold/P45563.pdb
benchmark,P45568,exists,external_methods/DEKP/structures/author_archive/protein structure datasets/kcat/RCSB PDB/P45568.pdb,external_methods/DEKP/structures/benchmark/AlphaFold/P45568.pdb
benchmark,P45578,exists,external_methods/DEKP/structures/author_archive/protein structure datasets/kcat/AlphaFold/P45578.pdb,external_methods/DEKP/structures/benchmark/AlphaFold/P45578.pdb
benchmark,P45799,exists,external_methods/DEKP/structures/benchmark/AlphaFold/P45799.pdb,external_methods/DEKP/structures/benchmark/AlphaFold/P45799.pdb
benchmark,P46655,exists,external_methods/DEKP/structures/benchmark/AlphaFold/P46655.pdb,external_methods/DEKP/structures/benchmark/AlphaFold/P46655.pdb
benchmark,P46681,exists,external_methods/DEKP/structures/benchmark/AlphaFold/P46681.pdb,external_methods/DEKP/structures/benchmark/AlphaFold/P46681.pdb
benchmark,P46883,exists,external_methods/DEKP/structures/benchmark/AlphaFold/P46883.pdb,external_methods/DEKP/structures/benchmark/AlphaFold/P46883.pdb
benchmark,P46891,exists,external_methods/DEKP/structures/benchmark/AlphaFold/P46891.pdb,external_methods/DEKP/structures/benchmark/AlphaFold/P46891.pdb
benchmark,P46969,exists,external_methods/DEKP/structures/benchmark/AlphaFold/P46969.pdb,external_methods/DEKP/structures/benchmark/AlphaFold/P46969.pdb
benchmark,P47039,exists,external_methods/DEKP/structures/benchmark/AlphaFold/P47039.pdb,external_methods/DEKP/structures/benchmark/AlphaFold/P47039.pdb
benchmark,P47119,exists,external_methods/DEKP/structures/benchmark/AlphaFold/P47119.pdb,external_methods/DEKP/structures/benchmark/AlphaFold/P47119.pdb
benchmark,P47143,exists,external_methods/DEKP/structures/benchmark/AlphaFold/P47143.pdb,external_methods/DEKP/structures/benchmark/AlphaFold/P47143.pdb
benchmark,P48525,exists,external_methods/DEKP/structures/benchmark/AlphaFold/P48525.pdb,external_methods/DEKP/structures/benchmark/AlphaFold/P48525.pdb
benchmark,P48527,exists,external_methods/DEKP/structures/benchmark/AlphaFold/P48527.pdb,external_methods/DEKP/structures/benchmark/AlphaFold/P48527.pdb
benchmark,P48570,exists,external_methods/DEKP/structures/benchmark/AlphaFold/P48570.pdb,external_methods/DEKP/structures/benchmark/AlphaFold/P48570.pdb
benchmark,P50107,exists,external_methods/DEKP/structures/author_archive/protein structure datasets/kcat/AlphaFold/P50107.pdb,external_methods/DEKP/structures/benchmark/AlphaFold/P50107.pdb
benchmark,P50264,exists,external_methods/DEKP/structures/benchmark/AlphaFold/P50264.pdb,external_methods/DEKP/structures/benchmark/AlphaFold/P50264.pdb
benchmark,P50457,exists,external_methods/DEKP/structures/benchmark/AlphaFold/P50457.pdb,external_methods/DEKP/structures/benchmark/AlphaFold/P50457.pdb
benchmark,P51025,exists,external_methods/DEKP/structures/benchmark/AlphaFold/P51025.pdb,external_methods/DEKP/structures/benchmark/AlphaFold/P51025.pdb
benchmark,P51981,exists,external_methods/DEKP/structures/author_archive/protein structure datasets/kcat/RCSB PDB/P51981.pdb,external_methods/DEKP/structures/benchmark/AlphaFold/P51981.pdb
benchmark,P52006,exists,external_methods/DEKP/structures/benchmark/AlphaFold/P52006.pdb,external_methods/DEKP/structures/benchmark/AlphaFold/P52006.pdb
benchmark,P52061,exists,external_methods/DEKP/structures/benchmark/AlphaFold/P52061.pdb,external_methods/DEKP/structures/benchmark/AlphaFold/P52061.pdb
benchmark,P52095,exists,external_methods/DEKP/structures/benchmark/AlphaFold/P52095.pdb,external_methods/DEKP/structures/benchmark/AlphaFold/P52095.pdb
benchmark,P52489,exists,external_methods/DEKP/structures/author_archive/protein structure datasets/kcat/AlphaFold/P52489.pdb,external_methods/DEKP/structures/benchmark/AlphaFold/P52489.pdb
benchmark,P52892,exists,external_methods/DEKP/structures/benchmark/AlphaFold/P52892.pdb,external_methods/DEKP/structures/benchmark/AlphaFold/P52892.pdb
benchmark,P52893,exists,external_methods/DEKP/structures/benchmark/AlphaFold/P52893.pdb,external_methods/DEKP/structures/benchmark/AlphaFold/P52893.pdb
benchmark,P53090,exists,external_methods/DEKP/structures/benchmark/AlphaFold/P53090.pdb,external_methods/DEKP/structures/benchmark/AlphaFold/P53090.pdb
benchmark,P53095,exists,external_methods/DEKP/structures/author_archive/protein structure datasets/kcat/AlphaFold/P53095.pdb,external_methods/DEKP/structures/benchmark/AlphaFold/P53095.pdb
benchmark,P53164,exists,external_methods/DEKP/structures/benchmark/AlphaFold/P53164.pdb,external_methods/DEKP/structures/benchmark/AlphaFold/P53164.pdb
benchmark,P53184,exists,external_methods/DEKP/structures/benchmark/AlphaFold/P53184.pdb,external_methods/DEKP/structures/benchmark/AlphaFold/P53184.pdb
benchmark,P53230,exists,external_methods/DEKP/structures/benchmark/AlphaFold/P53230.pdb,external_methods/DEKP/structures/benchmark/AlphaFold/P53230.pdb
benchmark,P53319,exists,external_methods/DEKP/structures/benchmark/AlphaFold/P53319.pdb,external_methods/DEKP/structures/benchmark/AlphaFold/P53319.pdb
benchmark,P53909,exists,external_methods/DEKP/structures/benchmark/AlphaFold/P53909.pdb,external_methods/DEKP/structures/benchmark/AlphaFold/P53909.pdb
benchmark,P53934,exists,external_methods/DEKP/structures/author_archive/protein structure datasets/kcat/RCSB PDB/P53934.pdb,external_methods/DEKP/structures/benchmark/AlphaFold/P53934.pdb
benchmark,P54115,exists,external_methods/DEKP/structures/author_archive/protein structure datasets/kcat/AlphaFold/P54115.pdb,external_methods/DEKP/structures/benchmark/AlphaFold/P54115.pdb
benchmark,P55734,exists,external_methods/DEKP/structures/benchmark/AlphaFold/P55734.pdb,external_methods/DEKP/structures/benchmark/AlphaFold/P55734.pdb
benchmark,P60472,exists,external_methods/DEKP/structures/author_archive/protein structure datasets/kcat/RCSB PDB/P60472.pdb,external_methods/DEKP/structures/benchmark/AlphaFold/P60472.pdb
benchmark,P60546,exists,external_methods/DEKP/structures/benchmark/AlphaFold/P60546.pdb,external_methods/DEKP/structures/benchmark/AlphaFold/P60546.pdb
benchmark,P60560,exists,external_methods/DEKP/structures/benchmark/AlphaFold/P60560.pdb,external_methods/DEKP/structures/benchmark/AlphaFold/P60560.pdb
benchmark,P60651,exists,external_methods/DEKP/structures/benchmark/AlphaFold/P60651.pdb,external_methods/DEKP/structures/benchmark/AlphaFold/P60651.pdb
benchmark,P61517,exists,external_methods/DEKP/structures/benchmark/AlphaFold/P61517.pdb,external_methods/DEKP/structures/benchmark/AlphaFold/P61517.pdb
benchmark,P61714,exists,external_methods/DEKP/structures/author_archive/protein structure datasets/Km/AlphaFold/P61714.pdb,external_methods/DEKP/structures/benchmark/AlphaFold/P61714.pdb
benchmark,P62601,exists,external_methods/DEKP/structures/benchmark/AlphaFold/P62601.pdb,external_methods/DEKP/structures/benchmark/AlphaFold/P62601.pdb
benchmark,P62617,exists,external_methods/DEKP/structures/author_archive/protein structure datasets/kcat/RCSB PDB/P62617.pdb,external_methods/DEKP/structures/benchmark/AlphaFold/P62617.pdb
benchmark,P63224,exists,external_methods/DEKP/structures/author_archive/protein structure datasets/kcat/RCSB PDB/P63224.pdb,external_methods/DEKP/structures/benchmark/AlphaFold/P63224.pdb
benchmark,P64636,exists,external_methods/DEKP/structures/benchmark/AlphaFold/P64636.pdb,external_methods/DEKP/structures/benchmark/AlphaFold/P64636.pdb
benchmark,P66899,exists,external_methods/DEKP/structures/author_archive/protein structure datasets/kcat/RCSB PDB/P66899.pdb,external_methods/DEKP/structures/benchmark/AlphaFold/P66899.pdb
benchmark,P68767,exists,external_methods/DEKP/structures/benchmark/AlphaFold/P68767.pdb,external_methods/DEKP/structures/benchmark/AlphaFold/P68767.pdb
benchmark,P69503,exists,external_methods/DEKP/structures/author_archive/protein structure datasets/Km/RCSB PDB/P69503.pdb,external_methods/DEKP/structures/benchmark/AlphaFold/P69503.pdb
benchmark,P69908,exists,external_methods/DEKP/structures/benchmark/AlphaFold/P69908.pdb,external_methods/DEKP/structures/benchmark/AlphaFold/P69908.pdb
benchmark,P69910,exists,external_methods/DEKP/structures/benchmark/AlphaFold/P69910.pdb,external_methods/DEKP/structures/benchmark/AlphaFold/P69910.pdb
benchmark,P75809,exists,external_methods/DEKP/structures/benchmark/AlphaFold/P75809.pdb,external_methods/DEKP/structures/benchmark/AlphaFold/P75809.pdb
benchmark,P75823,exists,external_methods/DEKP/structures/benchmark/AlphaFold/P75823.pdb,external_methods/DEKP/structures/benchmark/AlphaFold/P75823.pdb
benchmark,P75838,exists,external_methods/DEKP/structures/benchmark/AlphaFold/P75838.pdb,external_methods/DEKP/structures/benchmark/AlphaFold/P75838.pdb
benchmark,P75959,exists,external_methods/DEKP/structures/author_archive/protein structure datasets/kcat/AlphaFold/P75959.pdb,external_methods/DEKP/structures/benchmark/AlphaFold/P75959.pdb
benchmark,P76083,exists,external_methods/DEKP/structures/benchmark/AlphaFold/P76083.pdb,external_methods/DEKP/structures/benchmark/AlphaFold/P76083.pdb
benchmark,P76149,exists,external_methods/DEKP/structures/benchmark/AlphaFold/P76149.pdb,external_methods/DEKP/structures/benchmark/AlphaFold/P76149.pdb
benchmark,P76251,exists,external_methods/DEKP/structures/benchmark/AlphaFold/P76251.pdb,external_methods/DEKP/structures/benchmark/AlphaFold/P76251.pdb
benchmark,P76316,exists,external_methods/DEKP/structures/benchmark/AlphaFold/P76316.pdb,external_methods/DEKP/structures/benchmark/AlphaFold/P76316.pdb
benchmark,P76373,exists,external_methods/DEKP/structures/author_archive/protein structure datasets/Km/AlphaFold/P76373.pdb,external_methods/DEKP/structures/benchmark/AlphaFold/P76373.pdb
benchmark,P76422,exists,external_methods/DEKP/structures/benchmark/AlphaFold/P76422.pdb,external_methods/DEKP/structures/benchmark/AlphaFold/P76422.pdb
benchmark,P76461,exists,external_methods/DEKP/structures/benchmark/AlphaFold/P76461.pdb,external_methods/DEKP/structures/benchmark/AlphaFold/P76461.pdb
benchmark,P76491,exists,external_methods/DEKP/structures/author_archive/protein structure datasets/kcat/RCSB PDB/P76491.pdb,external_methods/DEKP/structures/benchmark/AlphaFold/P76491.pdb
benchmark,P76503,exists,external_methods/DEKP/structures/benchmark/AlphaFold/P76503.pdb,external_methods/DEKP/structures/benchmark/AlphaFold/P76503.pdb
benchmark,P76514,exists,external_methods/DEKP/structures/benchmark/AlphaFold/P76514.pdb,external_methods/DEKP/structures/benchmark/AlphaFold/P76514.pdb
benchmark,P76535,exists,external_methods/DEKP/structures/benchmark/AlphaFold/P76535.pdb,external_methods/DEKP/structures/benchmark/AlphaFold/P76535.pdb
benchmark,P76558,exists,external_methods/DEKP/structures/author_archive/protein structure datasets/kcat/AlphaFold/P76558.pdb,external_methods/DEKP/structures/benchmark/AlphaFold/P76558.pdb
benchmark,P76641,exists,external_methods/DEKP/structures/benchmark/AlphaFold/P76641.pdb,external_methods/DEKP/structures/benchmark/AlphaFold/P76641.pdb
benchmark,P77150,exists,external_methods/DEKP/structures/benchmark/AlphaFold/P77150.pdb,external_methods/DEKP/structures/benchmark/AlphaFold/P77150.pdb
benchmark,P77161,exists,external_methods/DEKP/structures/author_archive/protein structure datasets/Km/AlphaFold/P77161.pdb,external_methods/DEKP/structures/benchmark/AlphaFold/P77161.pdb
benchmark,P77218,exists,external_methods/DEKP/structures/benchmark/AlphaFold/P77218.pdb,external_methods/DEKP/structures/benchmark/AlphaFold/P77218.pdb
benchmark,P77243,exists,external_methods/DEKP/structures/benchmark/AlphaFold/P77243.pdb,external_methods/DEKP/structures/benchmark/AlphaFold/P77243.pdb
benchmark,P77319,exists,external_methods/DEKP/structures/benchmark/AlphaFold/P77319.pdb,external_methods/DEKP/structures/benchmark/AlphaFold/P77319.pdb
benchmark,P77364,exists,external_methods/DEKP/structures/benchmark/AlphaFold/P77364.pdb,external_methods/DEKP/structures/benchmark/AlphaFold/P77364.pdb
benchmark,P77397,exists,external_methods/DEKP/structures/benchmark/AlphaFold/P77397.pdb,external_methods/DEKP/structures/benchmark/AlphaFold/P77397.pdb
benchmark,P77399,exists,external_methods/DEKP/structures/benchmark/AlphaFold/P77399.pdb,external_methods/DEKP/structures/benchmark/AlphaFold/P77399.pdb
benchmark,P77454,exists,external_methods/DEKP/structures/benchmark/AlphaFold/P77454.pdb,external_methods/DEKP/structures/benchmark/AlphaFold/P77454.pdb
benchmark,P77488,exists,external_methods/DEKP/structures/author_archive/protein structure datasets/kcat/RCSB PDB/P77488.pdb,external_methods/DEKP/structures/benchmark/AlphaFold/P77488.pdb
benchmark,P77541,exists,external_methods/DEKP/structures/author_archive/protein structure datasets/Km/RCSB PDB/P77541.pdb,external_methods/DEKP/structures/benchmark/AlphaFold/P77541.pdb
benchmark,P77555,exists,external_methods/DEKP/structures/benchmark/AlphaFold/P77555.pdb,external_methods/DEKP/structures/benchmark/AlphaFold/P77555.pdb
benchmark,P77580,exists,external_methods/DEKP/structures/benchmark/AlphaFold/P77580.pdb,external_methods/DEKP/structures/benchmark/AlphaFold/P77580.pdb
benchmark,P77581,exists,external_methods/DEKP/structures/benchmark/AlphaFold/P77581.pdb,external_methods/DEKP/structures/benchmark/AlphaFold/P77581.pdb
benchmark,P77625,exists,external_methods/DEKP/structures/benchmark/AlphaFold/P77625.pdb,external_methods/DEKP/structures/benchmark/AlphaFold/P77625.pdb
benchmark,P77671,exists,external_methods/DEKP/structures/author_archive/protein structure datasets/kcat/RCSB PDB/P77671.pdb,external_methods/DEKP/structures/benchmark/AlphaFold/P77671.pdb
benchmark,P77674,exists,external_methods/DEKP/structures/author_archive/protein structure datasets/kcat/RCSB PDB/P77674.pdb,external_methods/DEKP/structures/benchmark/AlphaFold/P77674.pdb
benchmark,P77788,exists,external_methods/DEKP/structures/author_archive/protein structure datasets/kcat/RCSB PDB/P77788.pdb,external_methods/DEKP/structures/benchmark/AlphaFold/P77788.pdb
benchmark,P78061,exists,external_methods/DEKP/structures/benchmark/AlphaFold/P78061.pdb,external_methods/DEKP/structures/benchmark/AlphaFold/P78061.pdb
benchmark,P80644,exists,external_methods/DEKP/structures/benchmark/AlphaFold/P80644.pdb,external_methods/DEKP/structures/benchmark/AlphaFold/P80644.pdb
benchmark,P80668,exists,external_methods/DEKP/structures/benchmark/AlphaFold/P80668.pdb,external_methods/DEKP/structures/benchmark/AlphaFold/P80668.pdb
benchmark,Q01217,exists,external_methods/DEKP/structures/benchmark/AlphaFold/Q01217.pdb,external_methods/DEKP/structures/benchmark/AlphaFold/Q01217.pdb
benchmark,Q01976,exists,external_methods/DEKP/structures/benchmark/AlphaFold/Q01976.pdb,external_methods/DEKP/structures/benchmark/AlphaFold/Q01976.pdb
benchmark,Q03161,exists,external_methods/DEKP/structures/benchmark/AlphaFold/Q03161.pdb,external_methods/DEKP/structures/benchmark/AlphaFold/Q03161.pdb
benchmark,Q04066,exists,external_methods/DEKP/structures/benchmark/AlphaFold/Q04066.pdb,external_methods/DEKP/structures/benchmark/AlphaFold/Q04066.pdb
benchmark,Q04119,exists,external_methods/DEKP/structures/benchmark/AlphaFold/Q04119.pdb,external_methods/DEKP/structures/benchmark/AlphaFold/Q04119.pdb
benchmark,Q04179,exists,external_methods/DEKP/structures/author_archive/protein structure datasets/Km/AlphaFold/Q04179.pdb,external_methods/DEKP/structures/benchmark/AlphaFold/Q04179.pdb
benchmark,Q04299,exists,external_methods/DEKP/structures/benchmark/AlphaFold/Q04299.pdb,external_methods/DEKP/structures/benchmark/AlphaFold/Q04299.pdb
benchmark,Q04409,exists,external_methods/DEKP/structures/benchmark/AlphaFold/Q04409.pdb,external_methods/DEKP/structures/benchmark/AlphaFold/Q04409.pdb
benchmark,Q04533,exists,external_methods/DEKP/structures/benchmark/AlphaFold/Q04533.pdb,external_methods/DEKP/structures/benchmark/AlphaFold/Q04533.pdb
benchmark,Q04792,exists,external_methods/DEKP/structures/benchmark/AlphaFold/Q04792.pdb,external_methods/DEKP/structures/benchmark/AlphaFold/Q04792.pdb
benchmark,Q04894,exists,external_methods/DEKP/structures/benchmark/AlphaFold/Q04894.pdb,external_methods/DEKP/structures/benchmark/AlphaFold/Q04894.pdb
benchmark,Q05016,exists,external_methods/DEKP/structures/benchmark/AlphaFold/Q05016.pdb,external_methods/DEKP/structures/benchmark/AlphaFold/Q05016.pdb
benchmark,Q05506,exists,external_methods/DEKP/structures/benchmark/AlphaFold/Q05506.pdb,external_methods/DEKP/structures/benchmark/AlphaFold/Q05506.pdb
benchmark,Q05584,exists,external_methods/DEKP/structures/author_archive/protein structure datasets/Km/AlphaFold/Q05584.pdb,external_methods/DEKP/structures/benchmark/AlphaFold/Q05584.pdb
benchmark,Q05788,exists,external_methods/DEKP/structures/benchmark/AlphaFold/Q05788.pdb,external_methods/DEKP/structures/benchmark/AlphaFold/Q05788.pdb
benchmark,Q06204,exists,external_methods/DEKP/structures/benchmark/AlphaFold/Q06204.pdb,external_methods/DEKP/structures/benchmark/AlphaFold/Q06204.pdb
benchmark,Q06408,exists,external_methods/DEKP/structures/benchmark/AlphaFold/Q06408.pdb,external_methods/DEKP/structures/benchmark/AlphaFold/Q06408.pdb
benchmark,Q06892,exists,external_methods/DEKP/structures/benchmark/AlphaFold/Q06892.pdb,external_methods/DEKP/structures/benchmark/AlphaFold/Q06892.pdb
benchmark,Q07500,exists,external_methods/DEKP/structures/benchmark/AlphaFold/Q07500.pdb,external_methods/DEKP/structures/benchmark/AlphaFold/Q07500.pdb
benchmark,Q07540,exists,external_methods/DEKP/structures/benchmark/AlphaFold/Q07540.pdb,external_methods/DEKP/structures/benchmark/AlphaFold/Q07540.pdb
benchmark,Q07729,exists,external_methods/DEKP/structures/author_archive/protein structure datasets/Km/RCSB PDB/Q07729.pdb,external_methods/DEKP/structures/benchmark/AlphaFold/Q07729.pdb
benchmark,Q08295,exists,external_methods/DEKP/structures/benchmark/AlphaFold/Q08295.pdb,external_methods/DEKP/structures/benchmark/AlphaFold/Q08295.pdb
benchmark,Q12040,exists,external_methods/DEKP/structures/benchmark/AlphaFold/Q12040.pdb,external_methods/DEKP/structures/benchmark/AlphaFold/Q12040.pdb
benchmark,Q12051,exists,external_methods/DEKP/structures/author_archive/protein structure datasets/kcat/RCSB PDB/Q12051.pdb,external_methods/DEKP/structures/benchmark/AlphaFold/Q12051.pdb
benchmark,Q12122,exists,external_methods/DEKP/structures/benchmark/AlphaFold/Q12122.pdb,external_methods/DEKP/structures/benchmark/AlphaFold/Q12122.pdb
benchmark,Q12166,exists,external_methods/DEKP/structures/benchmark/AlphaFold/Q12166.pdb,external_methods/DEKP/structures/benchmark/AlphaFold/Q12166.pdb
benchmark,Q12178,exists,external_methods/DEKP/structures/benchmark/AlphaFold/Q12178.pdb,external_methods/DEKP/structures/benchmark/AlphaFold/Q12178.pdb
benchmark,Q12198,exists,external_methods/DEKP/structures/benchmark/AlphaFold/Q12198.pdb,external_methods/DEKP/structures/benchmark/AlphaFold/Q12198.pdb
benchmark,Q12320,exists,external_methods/DEKP/structures/author_archive/protein structure datasets/kcat/AlphaFold/Q12320.pdb,external_methods/DEKP/structures/benchmark/AlphaFold/Q12320.pdb
benchmark,Q12458,exists,external_methods/DEKP/structures/benchmark/AlphaFold/Q12458.pdb,external_methods/DEKP/structures/benchmark/AlphaFold/Q12458.pdb
benchmark,Q46829,exists,external_methods/DEKP/structures/benchmark/AlphaFold/Q46829.pdb,external_methods/DEKP/structures/benchmark/AlphaFold/Q46829.pdb
benchmark,Q46890,exists,external_methods/DEKP/structures/benchmark/AlphaFold/Q46890.pdb,external_methods/DEKP/structures/benchmark/AlphaFold/Q46890.pdb
benchmark,Q46893,exists,external_methods/DEKP/structures/author_archive/protein structure datasets/Km/RCSB PDB/Q46893.pdb,external_methods/DEKP/structures/benchmark/AlphaFold/Q46893.pdb
benchmark,Q46915,exists,external_methods/DEKP/structures/author_archive/protein structure datasets/kcat/RCSB PDB/Q46915.pdb,external_methods/DEKP/structures/benchmark/AlphaFold/Q46915.pdb
benchmark,Q46920,exists,external_methods/DEKP/structures/benchmark/AlphaFold/Q46920.pdb,external_methods/DEKP/structures/benchmark/AlphaFold/Q46920.pdb
benchmark,Q47690,exists,external_methods/DEKP/structures/author_archive/protein structure datasets/kcat/RCSB PDB/Q47690.pdb,external_methods/DEKP/structures/benchmark/AlphaFold/Q47690.pdb
benchmark,Q93K97,exists,external_methods/DEKP/structures/benchmark/AlphaFold/Q93K97.pdb,external_methods/DEKP/structures/benchmark/AlphaFold/Q93K97.pdb
public_kcat_train,A0A024BTN9,exists,external_methods/DEKP/structures/author_archive/protein structure datasets/kcat/AlphaFold/A0A024BTN9.pdb,external_methods/DEKP/structures/public_kcat/AlphaFold/A0A024BTN9.pdb
public_kcat_train,A0A024SMV2,exists,external_methods/DEKP/structures/author_archive/protein structure datasets/kcat/AlphaFold/A0A024SMV2.pdb,external_methods/DEKP/structures/public_kcat/AlphaFold/A0A024SMV2.pdb
public_kcat_train,A0A0B0SEJ6,exists,external_methods/DEKP/structures/author_archive/protein structure datasets/kcat/AlphaFold/A0A0B0SEJ6.pdb,external_methods/DEKP/structures/public_kcat/AlphaFold/A0A0B0SEJ6.pdb
public_kcat_train,A0A0C5C523,exists,external_methods/DEKP/structures/author_archive/protein structure datasets/kcat/AlphaFold/A0A0C5C523.pdb,external_methods/DEKP/structures/public_kcat/AlphaFold/A0A0C5C523.pdb
public_kcat_train,A0A0D4CYE3,exists,external_methods/DEKP/structures/author_archive/protein structure datasets/kcat/AlphaFold/A0A0D4CYE3.pdb,external_methods/DEKP/structures/public_kcat/AlphaFold/A0A0D4CYE3.pdb
public_kcat_train,A0A0H3JT80,exists,external_methods/DEKP/structures/author_archive/protein structure datasets/kcat/RCSB PDB/A0A0H3JT80.pdb,external_methods/DEKP/structures/public_kcat/AlphaFold/A0A0H3JT80.pdb
public_kcat_train,A0A0H3LKL4,exists,external_methods/DEKP/structures/author_archive/protein structure datasets/kcat/AlphaFold/A0A0H3LKL4.pdb,external_methods/DEKP/structures/public_kcat/AlphaFold/A0A0H3LKL4.pdb
public_kcat_train,A0A0H3PBA4,exists,external_methods/DEKP/structures/author_archive/protein structure datasets/kcat/RCSB PDB/A0A0H3PBA4.pdb,external_methods/DEKP/structures/public_kcat/AlphaFold/A0A0H3PBA4.pdb
public_kcat_train,A0A0K1P839,exists,external_methods/DEKP/structures/author_archive/protein structure datasets/kcat/AlphaFold/A0A0K1P839.pdb,external_methods/DEKP/structures/public_kcat/AlphaFold/A0A0K1P839.pdb
public_kcat_train,A0A0K8P8E7,exists,external_methods/DEKP/structures/author_archive/protein structure datasets/kcat/RCSB PDB/A0A0K8P8E7.pdb,external_methods/DEKP/structures/public_kcat/AlphaFold/A0A0K8P8E7.pdb
public_kcat_train,A0A0M4FJ81,exists,external_methods/DEKP/structures/author_archive/protein structure datasets/kcat/RCSB PDB/A0A0M4FJ81.pdb,external_methods/DEKP/structures/public_kcat/AlphaFold/A0A0M4FJ81.pdb
public_kcat_train,A0A0R4J8C9,exists,external_methods/DEKP/structures/author_archive/protein structure datasets/kcat/AlphaFold/A0A0R4J8C9.pdb,external_methods/DEKP/structures/public_kcat/AlphaFold/A0A0R4J8C9.pdb
public_kcat_train,A0A0U4VTN7,exists,external_methods/DEKP/structures/author_archive/protein structure datasets/kcat/RCSB PDB/A0A0U4VTN7.pdb,external_methods/DEKP/structures/public_kcat/AlphaFold/A0A0U4VTN7.pdb
public_kcat_train,A0A140N5J7,exists,external_methods/DEKP/structures/author_archive/protein structure datasets/kcat/AlphaFold/A0A140N5J7.pdb,external_methods/DEKP/structures/public_kcat/AlphaFold/A0A140N5J7.pdb
public_kcat_train,A0A142CZ78,exists,external_methods/DEKP/structures/author_archive/protein structure datasets/kcat/AlphaFold/A0A142CZ78.pdb,external_methods/DEKP/structures/public_kcat/AlphaFold/A0A142CZ78.pdb
public_kcat_train,A0A165W3F6,exists,external_methods/DEKP/structures/author_archive/protein structure datasets/kcat/AlphaFold/A0A165W3F6.pdb,external_methods/DEKP/structures/public_kcat/AlphaFold/A0A165W3F6.pdb
public_kcat_train,A0A193DSS0,exists,external_methods/DEKP/structures/author_archive/protein structure datasets/kcat/AlphaFold/A0A193DSS0.pdb,external_methods/DEKP/structures/public_kcat/AlphaFold/A0A193DSS0.pdb
public_kcat_train,A0A1C9J6A7,exists,external_methods/DEKP/structures/author_archive/protein structure datasets/kcat/RCSB PDB/A0A1C9J6A7.pdb,external_methods/DEKP/structures/public_kcat/AlphaFold/A0A1C9J6A7.pdb
public_kcat_train,A0A1G6NPX3,exists,external_methods/DEKP/structures/author_archive/protein structure datasets/kcat/AlphaFold/A0A1G6NPX3.pdb,external_methods/DEKP/structures/public_kcat/AlphaFold/A0A1G6NPX3.pdb
public_kcat_train,A0A1W6S310,exists,external_methods/DEKP/structures/author_archive/protein structure datasets/kcat/AlphaFold/A0A1W6S310.pdb,external_methods/DEKP/structures/public_kcat/AlphaFold/A0A1W6S310.pdb
public_kcat_train,A0A222C745,exists,external_methods/DEKP/structures/author_archive/protein structure datasets/kcat/AlphaFold/A0A222C745.pdb,external_methods/DEKP/structures/public_kcat/AlphaFold/A0A222C745.pdb
public_kcat_train,A0A249JLA1,exists,external_methods/DEKP/structures/author_archive/protein structure datasets/kcat/AlphaFold/A0A249JLA1.pdb,external_methods/DEKP/structures/public_kcat/AlphaFold/A0A249JLA1.pdb
public_kcat_train,A0A290GAT0,exists,external_methods/DEKP/structures/author_archive/protein structure datasets/kcat/AlphaFold/A0A290GAT0.pdb,external_methods/DEKP/structures/public_kcat/AlphaFold/A0A290GAT0.pdb
public_kcat_train,A0A385MQ73,exists,external_methods/DEKP/structures/author_archive/protein structure datasets/kcat/AlphaFold/A0A385MQ73.pdb,external_methods/DEKP/structures/public_kcat/AlphaFold/A0A385MQ73.pdb
public_kcat_train,A0A3B3IEZ6,exists,external_methods/DEKP/structures/author_archive/protein structure datasets/kcat/AlphaFold/A0A3B3IEZ6.pdb,external_methods/DEKP/structures/public_kcat/AlphaFold/A0A3B3IEZ6.pdb
public_kcat_train,A0A3G5HLZ2,exists,external_methods/DEKP/structures/author_archive/protein structure datasets/kcat/AlphaFold/A0A3G5HLZ2.pdb,external_methods/DEKP/structures/public_kcat/AlphaFold/A0A3G5HLZ2.pdb
public_kcat_train,A0A3G8G7Z6,exists,external_methods/DEKP/structures/author_archive/protein structure datasets/kcat/AlphaFold/A0A3G8G7Z6.pdb,external_methods/DEKP/structures/public_kcat/AlphaFold/A0A3G8G7Z6.pdb
public_kcat_train,A0A3Q0KZG4,exists,external_methods/DEKP/structures/author_archive/protein structure datasets/kcat/AlphaFold/A0A3Q0KZG4.pdb,external_methods/DEKP/structures/public_kcat/AlphaFold/A0A3Q0KZG4.pdb
public_kcat_train,A0A3Q0L347,exists,external_methods/DEKP/structures/author_archive/protein structure datasets/kcat/AlphaFold/A0A3Q0L347.pdb,external_methods/DEKP/structures/public_kcat/AlphaFold/A0A3Q0L347.pdb
public_kcat_train,A0A481NV25,exists,external_methods/DEKP/structures/author_archive/protein structure datasets/kcat/AlphaFold/A0A481NV25.pdb,external_methods/DEKP/structures/public_kcat/AlphaFold/A0A481NV25.pdb
public_kcat_train,A0KYQ6,exists,external_methods/DEKP/structures/author_archive/protein structure datasets/kcat/AlphaFold/A0KYQ6.pdb,external_methods/DEKP/structures/public_kcat/AlphaFold/A0KYQ6.pdb
public_kcat_train,A0NXQ7,exists,external_methods/DEKP/structures/author_archive/protein structure datasets/kcat/AlphaFold/A0NXQ7.pdb,external_methods/DEKP/structures/public_kcat/AlphaFold/A0NXQ7.pdb
public_kcat_train,A0QZY0,exists,external_methods/DEKP/structures/author_archive/protein structure datasets/kcat/RCSB PDB/A0QZY0.pdb,external_methods/DEKP/structures/public_kcat/AlphaFold/A0QZY0.pdb
public_kcat_train,A0R1C2,exists,external_methods/DEKP/structures/author_archive/protein structure datasets/kcat/RCSB PDB/A0R1C2.pdb,external_methods/DEKP/structures/public_kcat/AlphaFold/A0R1C2.pdb
public_kcat_train,A0R2B1,exists,external_methods/DEKP/structures/author_archive/protein structure datasets/kcat/RCSB PDB/A0R2B1.pdb,external_methods/DEKP/structures/public_kcat/AlphaFold/A0R2B1.pdb
public_kcat_train,A0R2W9,exists,external_methods/DEKP/structures/author_archive/protein structure datasets/kcat/AlphaFold/A0R2W9.pdb,external_methods/DEKP/structures/public_kcat/AlphaFold/A0R2W9.pdb
public_kcat_train,A0R3C4,exists,external_methods/DEKP/structures/author_archive/protein structure datasets/kcat/AlphaFold/A0R3C4.pdb,external_methods/DEKP/structures/public_kcat/AlphaFold/A0R3C4.pdb
public_kcat_train,A1B196,exists,external_methods/DEKP/structures/author_archive/protein structure datasets/kcat/AlphaFold/A1B196.pdb,external_methods/DEKP/structures/public_kcat/AlphaFold/A1B196.pdb
public_kcat_train,A1BBM5,exists,external_methods/DEKP/structures/author_archive/protein structure datasets/kcat/AlphaFold/A1BBM5.pdb,external_methods/DEKP/structures/public_kcat/AlphaFold/A1BBM5.pdb
public_kcat_train,A2BD60,exists,external_methods/DEKP/structures/author_archive/protein structure datasets/kcat/AlphaFold/A2BD60.pdb,external_methods/DEKP/structures/public_kcat/AlphaFold/A2BD60.pdb
public_kcat_train,A2Q0R5,exists,external_methods/DEKP/structures/author_archive/protein structure datasets/kcat/AlphaFold/A2Q0R5.pdb,external_methods/DEKP/structures/public_kcat/AlphaFold/A2Q0R5.pdb
public_kcat_train,A2Z7C4,exists,external_methods/DEKP/structures/author_archive/protein structure datasets/kcat/AlphaFold/A2Z7C4.pdb,external_methods/DEKP/structures/public_kcat/AlphaFold/A2Z7C4.pdb
public_kcat_train,A3C4S4,exists,external_methods/DEKP/structures/author_archive/protein structure datasets/kcat/AlphaFold/A3C4S4.pdb,external_methods/DEKP/structures/public_kcat/AlphaFold/A3C4S4.pdb
public_kcat_train,A3DIJ8,exists,external_methods/DEKP/structures/author_archive/protein structure datasets/kcat/AlphaFold/A3DIJ8.pdb,external_methods/DEKP/structures/public_kcat/AlphaFold/A3DIJ8.pdb
public_kcat_train,A3E7Z6,exists,external_methods/DEKP/structures/author_archive/protein structure datasets/kcat/AlphaFold/A3E7Z6.pdb,external_methods/DEKP/structures/public_kcat/AlphaFold/A3E7Z6.pdb
public_kcat_train,A3QFI1,exists,external_methods/DEKP/structures/author_archive/protein structure datasets/kcat/AlphaFold/A3QFI1.pdb,external_methods/DEKP/structures/public_kcat/AlphaFold/A3QFI1.pdb
public_kcat_train,A3QH73,exists,external_methods/DEKP/structures/author_archive/protein structure datasets/kcat/AlphaFold/A3QH73.pdb,external_methods/DEKP/structures/public_kcat/AlphaFold/A3QH73.pdb
public_kcat_train,A3QVH2,exists,external_methods/DEKP/structures/author_archive/protein structure datasets/kcat/AlphaFold/A3QVH2.pdb,external_methods/DEKP/structures/public_kcat/AlphaFold/A3QVH2.pdb
public_kcat_train,A3RF67,exists,external_methods/DEKP/structures/author_archive/protein structure datasets/kcat/AlphaFold/A3RF67.pdb,external_methods/DEKP/structures/public_kcat/AlphaFold/A3RF67.pdb
public_kcat_train,A4HWK2,exists,external_methods/DEKP/structures/author_archive/protein structure datasets/kcat/AlphaFold/A4HWK2.pdb,external_methods/DEKP/structures/public_kcat/AlphaFold/A4HWK2.pdb
public_kcat_train,A4IET9,exists,external_methods/DEKP/structures/author_archive/protein structure datasets/kcat/AlphaFold/A4IET9.pdb,external_methods/DEKP/structures/public_kcat/AlphaFold/A4IET9.pdb
public_kcat_train,A4VVM9,exists,external_methods/DEKP/structures/author_archive/protein structure datasets/kcat/AlphaFold/A4VVM9.pdb,external_methods/DEKP/structures/public_kcat/AlphaFold/A4VVM9.pdb
public_kcat_train,A4Y189,exists,external_methods/DEKP/structures/author_archive/protein structure datasets/kcat/AlphaFold/A4Y189.pdb,external_methods/DEKP/structures/public_kcat/AlphaFold/A4Y189.pdb
public_kcat_train,A4YGR1,exists,external_methods/DEKP/structures/author_archive/protein structure datasets/kcat/AlphaFold/A4YGR1.pdb,external_methods/DEKP/structures/public_kcat/AlphaFold/A4YGR1.pdb
public_kcat_train,A5HZ59,exists,external_methods/DEKP/structures/author_archive/protein structure datasets/kcat/AlphaFold/A5HZ59.pdb,external_methods/DEKP/structures/public_kcat/AlphaFold/A5HZ59.pdb
public_kcat_train,A5JTM5,exists,external_methods/DEKP/structures/author_archive/protein structure datasets/kcat/RCSB PDB/A5JTM5.pdb,external_methods/DEKP/structures/public_kcat/AlphaFold/A5JTM5.pdb
public_kcat_train,A5JTM6,exists,external_methods/DEKP/structures/author_archive/protein structure datasets/kcat/AlphaFold/A5JTM6.pdb,external_methods/DEKP/structures/public_kcat/AlphaFold/A5JTM6.pdb
public_kcat_train,A5JTQ2,exists,external_methods/DEKP/structures/author_archive/protein structure datasets/kcat/AlphaFold/A5JTQ2.pdb,external_methods/DEKP/structures/public_kcat/AlphaFold/A5JTQ2.pdb
public_kcat_train,A5K8L9,exists,external_methods/DEKP/structures/author_archive/protein structure datasets/kcat/RCSB PDB/A5K8L9.pdb,external_methods/DEKP/structures/public_kcat/AlphaFold/A5K8L9.pdb
public_kcat_train,A5U654,exists,external_methods/DEKP/structures/author_archive/protein structure datasets/kcat/AlphaFold/A5U654.pdb,external_methods/DEKP/structures/public_kcat/AlphaFold/A5U654.pdb
public_kcat_train,A5VZY6,exists,external_methods/DEKP/structures/author_archive/protein structure datasets/kcat/RCSB PDB/A5VZY6.pdb,external_methods/DEKP/structures/public_kcat/AlphaFold/A5VZY6.pdb
public_kcat_train,A5W059,exists,external_methods/DEKP/structures/author_archive/protein structure datasets/kcat/RCSB PDB/A5W059.pdb,external_methods/DEKP/structures/public_kcat/AlphaFold/A5W059.pdb
public_kcat_train,A6BM07,exists,external_methods/DEKP/structures/author_archive/protein structure datasets/kcat/AlphaFold/A6BM07.pdb,external_methods/DEKP/structures/public_kcat/AlphaFold/A6BM07.pdb
public_kcat_train,A6WXX7,exists,external_methods/DEKP/structures/author_archive/protein structure datasets/kcat/AlphaFold/A6WXX7.pdb,external_methods/DEKP/structures/public_kcat/AlphaFold/A6WXX7.pdb
public_kcat_train,A6X5N0,exists,external_methods/DEKP/structures/author_archive/protein structure datasets/Km/AlphaFold/A6X5N0.pdb,external_methods/DEKP/structures/public_kcat/AlphaFold/A6X5N0.pdb
public_kcat_train,A6Y9S5,exists,external_methods/DEKP/structures/author_archive/protein structure datasets/kcat/AlphaFold/A6Y9S5.pdb,external_methods/DEKP/structures/public_kcat/AlphaFold/A6Y9S5.pdb
public_kcat_train,A7DY56,exists,external_methods/DEKP/structures/author_archive/protein structure datasets/kcat/AlphaFold/A7DY56.pdb,external_methods/DEKP/structures/public_kcat/AlphaFold/A7DY56.pdb
public_kcat_train,A7HD43,exists,external_methods/DEKP/structures/author_archive/protein structure datasets/kcat/AlphaFold/A7HD43.pdb,external_methods/DEKP/structures/public_kcat/AlphaFold/A7HD43.pdb
public_kcat_train,A7LXS9,exists,external_methods/DEKP/structures/author_archive/protein structure datasets/kcat/AlphaFold/A7LXS9.pdb,external_methods/DEKP/structures/public_kcat/AlphaFold/A7LXS9.pdb
public_kcat_train,A7LXT0,exists,external_methods/DEKP/structures/author_archive/protein structure datasets/kcat/RCSB PDB/A7LXT0.pdb,external_methods/DEKP/structures/public_kcat/AlphaFold/A7LXT0.pdb
public_kcat_train,A7LXT8,exists,external_methods/DEKP/structures/author_archive/protein structure datasets/kcat/RCSB PDB/A7LXT8.pdb,external_methods/DEKP/structures/public_kcat/AlphaFold/A7LXT8.pdb
public_kcat_train,A7LXU3,exists,external_methods/DEKP/structures/author_archive/protein structure datasets/kcat/RCSB PDB/A7LXU3.pdb,external_methods/DEKP/structures/public_kcat/AlphaFold/A7LXU3.pdb
public_kcat_train,A7SDW8,exists,external_methods/DEKP/structures/author_archive/protein structure datasets/kcat/AlphaFold/A7SDW8.pdb,external_methods/DEKP/structures/public_kcat/AlphaFold/A7SDW8.pdb
public_kcat_train,A7UX13,exists,external_methods/DEKP/structures/author_archive/protein structure datasets/kcat/RCSB PDB/A7UX13.pdb,external_methods/DEKP/structures/public_kcat/AlphaFold/A7UX13.pdb
public_kcat_train,A8BFD3,exists,external_methods/DEKP/structures/author_archive/protein structure datasets/kcat/AlphaFold/A8BFD3.pdb,external_methods/DEKP/structures/public_kcat/AlphaFold/A8BFD3.pdb
public_kcat_train,A8H392,exists,external_methods/DEKP/structures/author_archive/protein structure datasets/kcat/AlphaFold/A8H392.pdb,external_methods/DEKP/structures/public_kcat/AlphaFold/A8H392.pdb
public_kcat_train,A8NU13,exists,external_methods/DEKP/structures/author_archive/protein structure datasets/kcat/AlphaFold/A8NU13.pdb,external_methods/DEKP/structures/public_kcat/AlphaFold/A8NU13.pdb
public_kcat_train,A8QL52,exists,external_methods/DEKP/structures/author_archive/protein structure datasets/kcat/AlphaFold/A8QL52.pdb,external_methods/DEKP/structures/public_kcat/AlphaFold/A8QL52.pdb
public_kcat_train,A9ALD3,exists,external_methods/DEKP/structures/author_archive/protein structure datasets/kcat/AlphaFold/A9ALD3.pdb,external_methods/DEKP/structures/public_kcat/AlphaFold/A9ALD3.pdb
public_kcat_train,A9CH01,exists,external_methods/DEKP/structures/author_archive/protein structure datasets/kcat/AlphaFold/A9CH01.pdb,external_methods/DEKP/structures/public_kcat/AlphaFold/A9CH01.pdb
public_kcat_train,A9CKB4,exists,external_methods/DEKP/structures/author_archive/protein structure datasets/kcat/AlphaFold/A9CKB4.pdb,external_methods/DEKP/structures/public_kcat/AlphaFold/A9CKB4.pdb
public_kcat_train,A9J246,exists,external_methods/DEKP/structures/author_archive/protein structure datasets/kcat/AlphaFold/A9J246.pdb,external_methods/DEKP/structures/public_kcat/AlphaFold/A9J246.pdb
public_kcat_train,A9KM56,exists,external_methods/DEKP/structures/author_archive/protein structure datasets/kcat/AlphaFold/A9KM56.pdb,external_methods/DEKP/structures/public_kcat/AlphaFold/A9KM56.pdb
public_kcat_train,A9UVU0,exists,external_methods/DEKP/structures/author_archive/protein structure datasets/kcat/AlphaFold/A9UVU0.pdb,external_methods/DEKP/structures/public_kcat/AlphaFold/A9UVU0.pdb
public_kcat_train,A9V766,exists,external_methods/DEKP/structures/author_archive/protein structure datasets/kcat/AlphaFold/A9V766.pdb,external_methods/DEKP/structures/public_kcat/AlphaFold/A9V766.pdb
public_kcat_train,B1G894,exists,external_methods/DEKP/structures/author_archive/protein structure datasets/kcat/AlphaFold/B1G894.pdb,external_methods/DEKP/structures/public_kcat/AlphaFold/B1G894.pdb
public_kcat_train,B1KJ76,exists,external_methods/DEKP/structures/author_archive/protein structure datasets/kcat/AlphaFold/B1KJ76.pdb,external_methods/DEKP/structures/public_kcat/AlphaFold/B1KJ76.pdb
public_kcat_train,B1MK49,exists,external_methods/DEKP/structures/author_archive/protein structure datasets/kcat/RCSB PDB/B1MK49.pdb,external_methods/DEKP/structures/public_kcat/AlphaFold/B1MK49.pdb
public_kcat_train,B1P123,exists,external_methods/DEKP/structures/author_archive/protein structure datasets/kcat/AlphaFold/B1P123.pdb,external_methods/DEKP/structures/public_kcat/AlphaFold/B1P123.pdb
public_kcat_train,B1Q2B6,exists,external_methods/DEKP/structures/author_archive/protein structure datasets/kcat/RCSB PDB/B1Q2B6.pdb,external_methods/DEKP/structures/public_kcat/AlphaFold/B1Q2B6.pdb
public_kcat_train,B1VK31,exists,external_methods/DEKP/structures/author_archive/protein structure datasets/kcat/AlphaFold/B1VK31.pdb,external_methods/DEKP/structures/public_kcat/AlphaFold/B1VK31.pdb
public_kcat_train,B1Y2E4,exists,external_methods/DEKP/structures/author_archive/protein structure datasets/kcat/AlphaFold/B1Y2E4.pdb,external_methods/DEKP/structures/public_kcat/AlphaFold/B1Y2E4.pdb
public_kcat_train,B2DFG5,exists,external_methods/DEKP/structures/author_archive/protein structure datasets/kcat/RCSB PDB/B2DFG5.pdb,external_methods/DEKP/structures/public_kcat/AlphaFold/B2DFG5.pdb
public_kcat_train,B2FSW8,exists,external_methods/DEKP/structures/author_archive/protein structure datasets/kcat/AlphaFold/B2FSW8.pdb,external_methods/DEKP/structures/public_kcat/AlphaFold/B2FSW8.pdb
public_kcat_train,B2J528,exists,external_methods/DEKP/structures/author_archive/protein structure datasets/kcat/RCSB PDB/B2J528.pdb,external_methods/DEKP/structures/public_kcat/AlphaFold/B2J528.pdb
public_kcat_train,B2KPR3,exists,external_methods/DEKP/structures/author_archive/protein structure datasets/kcat/RCSB PDB/B2KPR3.pdb,external_methods/DEKP/structures/public_kcat/AlphaFold/B2KPR3.pdb
public_kcat_train,B2L9C1,exists,external_methods/DEKP/structures/author_archive/protein structure datasets/kcat/RCSB PDB/B2L9C1.pdb,external_methods/DEKP/structures/public_kcat/AlphaFold/B2L9C1.pdb
public_kcat_train,B2ZAA4,exists,external_methods/DEKP/structures/author_archive/protein structure datasets/kcat/AlphaFold/B2ZAA4.pdb,external_methods/DEKP/structures/public_kcat/AlphaFold/B2ZAA4.pdb
public_kcat_train,B3EY95,exists,external_methods/DEKP/structures/author_archive/protein structure datasets/kcat/RCSB PDB/B3EY95.pdb,external_methods/DEKP/structures/public_kcat/AlphaFold/B3EY95.pdb
public_kcat_train,B3Y9H7,exists,external_methods/DEKP/structures/author_archive/protein structure datasets/kcat/AlphaFold/B3Y9H7.pdb,external_methods/DEKP/structures/public_kcat/AlphaFold/B3Y9H7.pdb
public_kcat_train,B3Y9H9,exists,external_methods/DEKP/structures/author_archive/protein structure datasets/kcat/AlphaFold/B3Y9H9.pdb,external_methods/DEKP/structures/public_kcat/AlphaFold/B3Y9H9.pdb
public_kcat_train,B4G072,exists,external_methods/DEKP/structures/author_archive/protein structure datasets/kcat/AlphaFold/B4G072.pdb,external_methods/DEKP/structures/public_kcat/AlphaFold/B4G072.pdb
public_kcat_train,B5A496,exists,external_methods/DEKP/structures/author_archive/protein structure datasets/kcat/AlphaFold/B5A496.pdb,external_methods/DEKP/structures/public_kcat/AlphaFold/B5A496.pdb
public_kcat_train,B5AK91,exists,external_methods/DEKP/structures/author_archive/protein structure datasets/kcat/AlphaFold/B5AK91.pdb,external_methods/DEKP/structures/public_kcat/AlphaFold/B5AK91.pdb
public_kcat_train,B5HSR1,exists,external_methods/DEKP/structures/author_archive/protein structure datasets/kcat/RCSB PDB/B5HSR1.pdb,external_methods/DEKP/structures/public_kcat/AlphaFold/B5HSR1.pdb
public_kcat_train,B5XRB0,exists,external_methods/DEKP/structures/author_archive/protein structure datasets/kcat/AlphaFold/B5XRB0.pdb,external_methods/DEKP/structures/public_kcat/AlphaFold/B5XRB0.pdb
public_kcat_train,B6D5I7,exists,external_methods/DEKP/structures/author_archive/protein structure datasets/kcat/AlphaFold/B6D5I7.pdb,external_methods/DEKP/structures/public_kcat/AlphaFold/B6D5I7.pdb
public_kcat_train,B6SU46,exists,external_methods/DEKP/structures/author_archive/protein structure datasets/kcat/AlphaFold/B6SU46.pdb,external_methods/DEKP/structures/public_kcat/AlphaFold/B6SU46.pdb
public_kcat_train,B6VJS4,exists,external_methods/DEKP/structures/author_archive/protein structure datasets/kcat/AlphaFold/B6VJS4.pdb,external_methods/DEKP/structures/public_kcat/AlphaFold/B6VJS4.pdb
public_kcat_train,B7VF77,exists,external_methods/DEKP/structures/author_archive/protein structure datasets/kcat/AlphaFold/B7VF77.pdb,external_methods/DEKP/structures/public_kcat/AlphaFold/B7VF77.pdb
public_kcat_train,B8AU84,exists,external_methods/DEKP/structures/author_archive/protein structure datasets/kcat/AlphaFold/B8AU84.pdb,external_methods/DEKP/structures/public_kcat/AlphaFold/B8AU84.pdb
public_kcat_train,B9J8S0,exists,external_methods/DEKP/structures/author_archive/protein structure datasets/kcat/AlphaFold/B9J8S0.pdb,external_methods/DEKP/structures/public_kcat/AlphaFold/B9J8S0.pdb
public_kcat_train,B9JK75,exists,external_methods/DEKP/structures/author_archive/protein structure datasets/kcat/AlphaFold/B9JK75.pdb,external_methods/DEKP/structures/public_kcat/AlphaFold/B9JK75.pdb
public_kcat_train,B9JK80,exists,external_methods/DEKP/structures/author_archive/protein structure datasets/kcat/RCSB PDB/B9JK80.pdb,external_methods/DEKP/structures/public_kcat/AlphaFold/B9JK80.pdb
public_kcat_train,B9JQV3,exists,external_methods/DEKP/structures/author_archive/protein structure datasets/kcat/RCSB PDB/B9JQV3.pdb,external_methods/DEKP/structures/public_kcat/AlphaFold/B9JQV3.pdb
public_kcat_train,B9K7M5,exists,external_methods/DEKP/structures/author_archive/protein structure datasets/kcat/RCSB PDB/B9K7M5.pdb,external_methods/DEKP/structures/public_kcat/AlphaFold/B9K7M5.pdb
public_kcat_train,B9K7M6,exists,external_methods/DEKP/structures/author_archive/protein structure datasets/kcat/AlphaFold/B9K7M6.pdb,external_methods/DEKP/structures/public_kcat/AlphaFold/B9K7M6.pdb
public_kcat_train,B9R4E3,exists,external_methods/DEKP/structures/author_archive/protein structure datasets/kcat/AlphaFold/B9R4E3.pdb,external_methods/DEKP/structures/public_kcat/AlphaFold/B9R4E3.pdb
public_kcat_train,B9W4V6,exists,external_methods/DEKP/structures/author_archive/protein structure datasets/Km/AlphaFold/B9W4V6.pdb,external_methods/DEKP/structures/public_kcat/AlphaFold/B9W4V6.pdb
public_kcat_train,C0CMQ7,exists,external_methods/DEKP/structures/author_archive/protein structure datasets/kcat/AlphaFold/C0CMQ7.pdb,external_methods/DEKP/structures/public_kcat/AlphaFold/C0CMQ7.pdb
public_kcat_train,C0CMQ8,exists,external_methods/DEKP/structures/author_archive/protein structure datasets/kcat/AlphaFold/C0CMQ8.pdb,external_methods/DEKP/structures/public_kcat/AlphaFold/C0CMQ8.pdb
public_kcat_train,C0LA90,exists,external_methods/DEKP/structures/author_archive/protein structure datasets/kcat/AlphaFold/C0LA90.pdb,external_methods/DEKP/structures/public_kcat/AlphaFold/C0LA90.pdb
public_kcat_train,C0LL35,exists,external_methods/DEKP/structures/author_archive/protein structure datasets/kcat/AlphaFold/C0LL35.pdb,external_methods/DEKP/structures/public_kcat/AlphaFold/C0LL35.pdb
public_kcat_train,C3SBS8,exists,external_methods/DEKP/structures/author_archive/protein structure datasets/kcat/AlphaFold/C3SBS8.pdb,external_methods/DEKP/structures/public_kcat/AlphaFold/C3SBS8.pdb
public_kcat_train,C3SBU5,exists,external_methods/DEKP/structures/author_archive/protein structure datasets/kcat/AlphaFold/C3SBU5.pdb,external_methods/DEKP/structures/public_kcat/AlphaFold/C3SBU5.pdb
public_kcat_train,C3VEG4,exists,external_methods/DEKP/structures/author_archive/protein structure datasets/kcat/AlphaFold/C3VEG4.pdb,external_methods/DEKP/structures/public_kcat/AlphaFold/C3VEG4.pdb
public_kcat_train,C3Y9Y8,exists,external_methods/DEKP/structures/author_archive/protein structure datasets/kcat/AlphaFold/C3Y9Y8.pdb,external_methods/DEKP/structures/public_kcat/AlphaFold/C3Y9Y8.pdb
public_kcat_train,C4LVR9,exists,external_methods/DEKP/structures/author_archive/protein structure datasets/kcat/AlphaFold/C4LVR9.pdb,external_methods/DEKP/structures/public_kcat/AlphaFold/C4LVR9.pdb
public_kcat_train,C4LXD7,exists,external_methods/DEKP/structures/author_archive/protein structure datasets/kcat/AlphaFold/C4LXD7.pdb,external_methods/DEKP/structures/public_kcat/AlphaFold/C4LXD7.pdb
public_kcat_train,C4LZC2,exists,external_methods/DEKP/structures/author_archive/protein structure datasets/kcat/AlphaFold/C4LZC2.pdb,external_methods/DEKP/structures/public_kcat/AlphaFold/C4LZC2.pdb
public_kcat_train,C4M192,exists,external_methods/DEKP/structures/author_archive/protein structure datasets/kcat/AlphaFold/C4M192.pdb,external_methods/DEKP/structures/public_kcat/AlphaFold/C4M192.pdb
public_kcat_train,C4TGC2,exists,external_methods/DEKP/structures/author_archive/protein structure datasets/kcat/AlphaFold/C4TGC2.pdb,external_methods/DEKP/structures/public_kcat/AlphaFold/C4TGC2.pdb
public_kcat_train,C5G6D7,exists,external_methods/DEKP/structures/author_archive/protein structure datasets/kcat/RCSB PDB/C5G6D7.pdb,external_methods/DEKP/structures/public_kcat/AlphaFold/C5G6D7.pdb
public_kcat_train,C6KT68,exists,external_methods/DEKP/structures/author_archive/protein structure datasets/Km/AlphaFold/C6KT68.pdb,external_methods/DEKP/structures/public_kcat/AlphaFold/C6KT68.pdb
public_kcat_train,C7AE94,exists,external_methods/DEKP/structures/author_archive/protein structure datasets/kcat/AlphaFold/C7AE94.pdb,external_methods/DEKP/structures/public_kcat/AlphaFold/C7AE94.pdb
public_kcat_train,C7C422,exists,external_methods/DEKP/structures/author_archive/protein structure datasets/kcat/RCSB PDB/C7C422.pdb,external_methods/DEKP/structures/public_kcat/AlphaFold/C7C422.pdb
public_kcat_train,C7GTW8,exists,external_methods/DEKP/structures/author_archive/protein structure datasets/kcat/AlphaFold/C7GTW8.pdb,external_methods/DEKP/structures/public_kcat/AlphaFold/C7GTW8.pdb
public_kcat_train,C7ZKN4,exists,external_methods/DEKP/structures/author_archive/protein structure datasets/kcat/RCSB PDB/C7ZKN4.pdb,external_methods/DEKP/structures/public_kcat/AlphaFold/C7ZKN4.pdb
public_kcat_train,C9E886,exists,external_methods/DEKP/structures/author_archive/protein structure datasets/kcat/AlphaFold/C9E886.pdb,external_methods/DEKP/structures/public_kcat/AlphaFold/C9E886.pdb
public_kcat_train,D0C997,exists,external_methods/DEKP/structures/author_archive/protein structure datasets/kcat/AlphaFold/D0C997.pdb,external_methods/DEKP/structures/public_kcat/AlphaFold/D0C997.pdb
public_kcat_train,D0VWY5,exists,external_methods/DEKP/structures/author_archive/protein structure datasets/kcat/RCSB PDB/D0VWY5.pdb,external_methods/DEKP/structures/public_kcat/AlphaFold/D0VWY5.pdb
public_kcat_train,D1CEU4,exists,external_methods/DEKP/structures/author_archive/protein structure datasets/kcat/AlphaFold/D1CEU4.pdb,external_methods/DEKP/structures/public_kcat/AlphaFold/D1CEU4.pdb
public_kcat_train,D1MX73,exists,external_methods/DEKP/structures/author_archive/protein structure datasets/kcat/RCSB PDB/D1MX73.pdb,external_methods/DEKP/structures/public_kcat/AlphaFold/D1MX73.pdb
public_kcat_train,D2AV87,exists,external_methods/DEKP/structures/author_archive/protein structure datasets/kcat/AlphaFold/D2AV87.pdb,external_methods/DEKP/structures/public_kcat/AlphaFold/D2AV87.pdb
public_kcat_train,D2DRC5,exists,external_methods/DEKP/structures/author_archive/protein structure datasets/kcat/AlphaFold/D2DRC5.pdb,external_methods/DEKP/structures/public_kcat/AlphaFold/D2DRC5.pdb
public_kcat_train,D2KMW3,exists,external_methods/DEKP/structures/author_archive/protein structure datasets/kcat/AlphaFold/D2KMW3.pdb,external_methods/DEKP/structures/public_kcat/AlphaFold/D2KMW3.pdb
public_kcat_train,D3J0Z1,exists,external_methods/DEKP/structures/author_archive/protein structure datasets/kcat/AlphaFold/D3J0Z1.pdb,external_methods/DEKP/structures/public_kcat/AlphaFold/D3J0Z1.pdb
public_kcat_train,D3JV05,exists,external_methods/DEKP/structures/author_archive/protein structure datasets/kcat/AlphaFold/D3JV05.pdb,external_methods/DEKP/structures/public_kcat/AlphaFold/D3JV05.pdb
public_kcat_train,D3PLX1,exists,external_methods/DEKP/structures/author_archive/protein structure datasets/kcat/AlphaFold/D3PLX1.pdb,external_methods/DEKP/structures/public_kcat/AlphaFold/D3PLX1.pdb
public_kcat_train,D4GPK6,exists,external_methods/DEKP/structures/author_archive/protein structure datasets/kcat/AlphaFold/D4GPK6.pdb,external_methods/DEKP/structures/public_kcat/AlphaFold/D4GPK6.pdb
public_kcat_train,D4N500,exists,external_methods/DEKP/structures/author_archive/protein structure datasets/kcat/RCSB PDB/D4N500.pdb,external_methods/DEKP/structures/public_kcat/AlphaFold/D4N500.pdb
public_kcat_train,D4N502,exists,external_methods/DEKP/structures/author_archive/protein structure datasets/kcat/AlphaFold/D4N502.pdb,external_methods/DEKP/structures/public_kcat/AlphaFold/D4N502.pdb
public_kcat_train,D5FL31,exists,external_methods/DEKP/structures/author_archive/protein structure datasets/kcat/AlphaFold/D5FL31.pdb,external_methods/DEKP/structures/public_kcat/AlphaFold/D5FL31.pdb
public_kcat_train,D9J0Z7,exists,external_methods/DEKP/structures/author_archive/protein structure datasets/kcat/AlphaFold/D9J0Z7.pdb,external_methods/DEKP/structures/public_kcat/AlphaFold/D9J0Z7.pdb
public_kcat_train,D9TT09,exists,external_methods/DEKP/structures/author_archive/protein structure datasets/kcat/RCSB PDB/D9TT09.pdb,external_methods/DEKP/structures/public_kcat/AlphaFold/D9TT09.pdb
public_kcat_train,E0SRA9,exists,external_methods/DEKP/structures/author_archive/protein structure datasets/kcat/RCSB PDB/E0SRA9.pdb,external_methods/DEKP/structures/public_kcat/AlphaFold/E0SRA9.pdb
public_kcat_train,E1ACR6,exists,external_methods/DEKP/structures/author_archive/protein structure datasets/kcat/RCSB PDB/E1ACR6.pdb,external_methods/DEKP/structures/public_kcat/AlphaFold/E1ACR6.pdb
public_kcat_train,E2CWD2,exists,external_methods/DEKP/structures/author_archive/protein structure datasets/kcat/AlphaFold/E2CWD2.pdb,external_methods/DEKP/structures/public_kcat/AlphaFold/E2CWD2.pdb
public_kcat_train,E2RTZ4,exists,external_methods/DEKP/structures/author_archive/protein structure datasets/kcat/AlphaFold/E2RTZ4.pdb,external_methods/DEKP/structures/public_kcat/AlphaFold/E2RTZ4.pdb
public_kcat_train,E3I1D3,exists,external_methods/DEKP/structures/author_archive/protein structure datasets/kcat/AlphaFold/E3I1D3.pdb,external_methods/DEKP/structures/public_kcat/AlphaFold/E3I1D3.pdb
public_kcat_train,E3W9M2,exists,external_methods/DEKP/structures/author_archive/protein structure datasets/kcat/AlphaFold/E3W9M2.pdb,external_methods/DEKP/structures/public_kcat/AlphaFold/E3W9M2.pdb
public_kcat_train,E3W9M3,exists,external_methods/DEKP/structures/author_archive/protein structure datasets/kcat/AlphaFold/E3W9M3.pdb,external_methods/DEKP/structures/public_kcat/AlphaFold/E3W9M3.pdb
public_kcat_train,E4PMA5,exists,external_methods/DEKP/structures/author_archive/protein structure datasets/kcat/RCSB PDB/E4PMA5.pdb,external_methods/DEKP/structures/public_kcat/AlphaFold/E4PMA5.pdb
public_kcat_train,E5BBQ3,exists,external_methods/DEKP/structures/author_archive/protein structure datasets/kcat/RCSB PDB/E5BBQ3.pdb,external_methods/DEKP/structures/public_kcat/AlphaFold/E5BBQ3.pdb
public_kcat_train,E7C196,exists,external_methods/DEKP/structures/author_archive/protein structure datasets/kcat/AlphaFold/E7C196.pdb,external_methods/DEKP/structures/public_kcat/AlphaFold/E7C196.pdb
public_kcat_train,E9L7A5,exists,external_methods/DEKP/structures/author_archive/protein structure datasets/kcat/AlphaFold/E9L7A5.pdb,external_methods/DEKP/structures/public_kcat/AlphaFold/E9L7A5.pdb
public_kcat_train,E9LVH9,exists,external_methods/DEKP/structures/author_archive/protein structure datasets/kcat/RCSB PDB/E9LVH9.pdb,external_methods/DEKP/structures/public_kcat/AlphaFold/E9LVH9.pdb
public_kcat_train,F1CKI8,exists,external_methods/DEKP/structures/author_archive/protein structure datasets/kcat/AlphaFold/F1CKI8.pdb,external_methods/DEKP/structures/public_kcat/AlphaFold/F1CKI8.pdb
public_kcat_train,F1N5C8,exists,external_methods/DEKP/structures/author_archive/protein structure datasets/kcat/AlphaFold/F1N5C8.pdb,external_methods/DEKP/structures/public_kcat/AlphaFold/F1N5C8.pdb
public_kcat_train,F1N9S8,exists,external_methods/DEKP/structures/author_archive/protein structure datasets/kcat/AlphaFold/F1N9S8.pdb,external_methods/DEKP/structures/public_kcat/AlphaFold/F1N9S8.pdb
public_kcat_train,F4I907,exists,external_methods/DEKP/structures/author_archive/protein structure datasets/kcat/AlphaFold/F4I907.pdb,external_methods/DEKP/structures/public_kcat/AlphaFold/F4I907.pdb
public_kcat_train,F5HTD7,exists,external_methods/DEKP/structures/author_archive/protein structure datasets/kcat/AlphaFold/F5HTD7.pdb,external_methods/DEKP/structures/public_kcat/AlphaFold/F5HTD7.pdb
public_kcat_train,F5L3U7,exists,external_methods/DEKP/structures/author_archive/protein structure datasets/kcat/AlphaFold/F5L3U7.pdb,external_methods/DEKP/structures/public_kcat/AlphaFold/F5L3U7.pdb
public_kcat_train,F6L7B5,exists,external_methods/DEKP/structures/author_archive/protein structure datasets/kcat/AlphaFold/F6L7B5.pdb,external_methods/DEKP/structures/public_kcat/AlphaFold/F6L7B5.pdb
public_kcat_train,F7IX06,exists,external_methods/DEKP/structures/author_archive/protein structure datasets/kcat/RCSB PDB/F7IX06.pdb,external_methods/DEKP/structures/public_kcat/AlphaFold/F7IX06.pdb
public_kcat_train,F8GV06,exists,external_methods/DEKP/structures/author_archive/protein structure datasets/kcat/RCSB PDB/F8GV06.pdb,external_methods/DEKP/structures/public_kcat/AlphaFold/F8GV06.pdb
public_kcat_train,G0RH19,exists,external_methods/DEKP/structures/author_archive/protein structure datasets/kcat/AlphaFold/G0RH19.pdb,external_methods/DEKP/structures/public_kcat/AlphaFold/G0RH19.pdb
public_kcat_train,G0WXL9,exists,external_methods/DEKP/structures/author_archive/protein structure datasets/kcat/RCSB PDB/G0WXL9.pdb,external_methods/DEKP/structures/public_kcat/AlphaFold/G0WXL9.pdb
public_kcat_train,G2H480,exists,external_methods/DEKP/structures/author_archive/protein structure datasets/kcat/AlphaFold/G2H480.pdb,external_methods/DEKP/structures/public_kcat/AlphaFold/G2H480.pdb
public_kcat_train,G3KIM8,exists,external_methods/DEKP/structures/author_archive/protein structure datasets/kcat/AlphaFold/G3KIM8.pdb,external_methods/DEKP/structures/public_kcat/AlphaFold/G3KIM8.pdb
public_kcat_train,G4XJK9,exists,external_methods/DEKP/structures/author_archive/protein structure datasets/kcat/AlphaFold/G4XJK9.pdb,external_methods/DEKP/structures/public_kcat/AlphaFold/G4XJK9.pdb
public_kcat_train,G5EBI4,exists,external_methods/DEKP/structures/author_archive/protein structure datasets/kcat/AlphaFold/G5EBI4.pdb,external_methods/DEKP/structures/public_kcat/AlphaFold/G5EBI4.pdb
public_kcat_train,G5EDL5,exists,external_methods/DEKP/structures/author_archive/protein structure datasets/kcat/AlphaFold/G5EDL5.pdb,external_methods/DEKP/structures/public_kcat/AlphaFold/G5EDL5.pdb
public_kcat_train,G5EGA6,exists,external_methods/DEKP/structures/author_archive/protein structure datasets/kcat/RCSB PDB/G5EGA6.pdb,external_methods/DEKP/structures/public_kcat/AlphaFold/G5EGA6.pdb
public_kcat_train,G8IJH7,exists,external_methods/DEKP/structures/author_archive/protein structure datasets/kcat/AlphaFold/G8IJH7.pdb,external_methods/DEKP/structures/public_kcat/AlphaFold/G8IJH7.pdb
public_kcat_train,G8JZS4,exists,external_methods/DEKP/structures/author_archive/protein structure datasets/kcat/RCSB PDB/G8JZS4.pdb,external_methods/DEKP/structures/public_kcat/AlphaFold/G8JZS4.pdb
public_kcat_train,G8XUN7,exists,external_methods/DEKP/structures/author_archive/protein structure datasets/kcat/AlphaFold/G8XUN7.pdb,external_methods/DEKP/structures/public_kcat/AlphaFold/G8XUN7.pdb
public_kcat_train,H9GF95,exists,external_methods/DEKP/structures/author_archive/protein structure datasets/kcat/AlphaFold/H9GF95.pdb,external_methods/DEKP/structures/public_kcat/AlphaFold/H9GF95.pdb
public_kcat_train,I0AZ41,exists,external_methods/DEKP/structures/author_archive/protein structure datasets/kcat/RCSB PDB/I0AZ41.pdb,external_methods/DEKP/structures/public_kcat/AlphaFold/I0AZ41.pdb
public_kcat_train,I0DFJ0,exists,external_methods/DEKP/structures/author_archive/protein structure datasets/kcat/AlphaFold/I0DFJ0.pdb,external_methods/DEKP/structures/public_kcat/AlphaFold/I0DFJ0.pdb
public_kcat_train,I0JWN7,exists,external_methods/DEKP/structures/author_archive/protein structure datasets/kcat/RCSB PDB/I0JWN7.pdb,external_methods/DEKP/structures/public_kcat/AlphaFold/I0JWN7.pdb
public_kcat_train,I1L153,exists,external_methods/DEKP/structures/author_archive/protein structure datasets/kcat/AlphaFold/I1L153.pdb,external_methods/DEKP/structures/public_kcat/AlphaFold/I1L153.pdb
public_kcat_train,I3EBM6,exists,external_methods/DEKP/structures/author_archive/protein structure datasets/kcat/RCSB PDB/I3EBM6.pdb,external_methods/DEKP/structures/public_kcat/AlphaFold/I3EBM6.pdb
public_kcat_train,I6XHJ3,exists,external_methods/DEKP/structures/author_archive/protein structure datasets/kcat/AlphaFold/I6XHJ3.pdb,external_methods/DEKP/structures/public_kcat/AlphaFold/I6XHJ3.pdb
public_kcat_train,J9S5G3,exists,external_methods/DEKP/structures/author_archive/protein structure datasets/Km/AlphaFold/J9S5G3.pdb,external_methods/DEKP/structures/public_kcat/AlphaFold/J9S5G3.pdb
public_kcat_train,K7N5M8,exists,external_methods/DEKP/structures/author_archive/protein structure datasets/kcat/RCSB PDB/K7N5M8.pdb,external_methods/DEKP/structures/public_kcat/AlphaFold/K7N5M8.pdb
public_kcat_train,K7ZP76,exists,external_methods/DEKP/structures/author_archive/protein structure datasets/kcat/RCSB PDB/K7ZP76.pdb,external_methods/DEKP/structures/public_kcat/AlphaFold/K7ZP76.pdb
public_kcat_train,K9N7B7,exists,external_methods/DEKP/structures/author_archive/protein structure datasets/kcat/AlphaFold/K9N7B7.pdb,external_methods/DEKP/structures/public_kcat/AlphaFold/K9N7B7.pdb
public_kcat_train,L0N455,exists,external_methods/DEKP/structures/author_archive/protein structure datasets/kcat/AlphaFold/L0N455.pdb,external_methods/DEKP/structures/public_kcat/AlphaFold/L0N455.pdb
public_kcat_train,L7P6C5,exists,external_methods/DEKP/structures/author_archive/protein structure datasets/kcat/AlphaFold/L7P6C5.pdb,external_methods/DEKP/structures/public_kcat/AlphaFold/L7P6C5.pdb
public_kcat_train,L7SV51,exists,external_methods/DEKP/structures/author_archive/protein structure datasets/kcat/AlphaFold/L7SV51.pdb,external_methods/DEKP/structures/public_kcat/AlphaFold/L7SV51.pdb
public_kcat_train,O00187,exists,external_methods/DEKP/structures/author_archive/protein structure datasets/Km/AlphaFold/O00187.pdb,external_methods/DEKP/structures/public_kcat/AlphaFold/O00187.pdb
public_kcat_train,O00748,exists,external_methods/DEKP/structures/author_archive/protein structure datasets/kcat/AlphaFold/O00748.pdb,external_methods/DEKP/structures/public_kcat/AlphaFold/O00748.pdb
public_kcat_train,O01592,exists,external_methods/DEKP/structures/author_archive/protein structure datasets/kcat/AlphaFold/O01592.pdb,external_methods/DEKP/structures/public_kcat/AlphaFold/O01592.pdb
public_kcat_train,O01739,exists,external_methods/DEKP/structures/author_archive/protein structure datasets/kcat/AlphaFold/O01739.pdb,external_methods/DEKP/structures/public_kcat/AlphaFold/O01739.pdb
public_kcat_train,O02611,exists,external_methods/DEKP/structures/author_archive/protein structure datasets/kcat/RCSB PDB/O02611.pdb,external_methods/DEKP/structures/public_kcat/AlphaFold/O02611.pdb
public_kcat_train,O02854,exists,external_methods/DEKP/structures/author_archive/protein structure datasets/kcat/AlphaFold/O02854.pdb,external_methods/DEKP/structures/public_kcat/AlphaFold/O02854.pdb
public_kcat_train,O04385,exists,external_methods/DEKP/structures/author_archive/protein structure datasets/kcat/RCSB PDB/O04385.pdb,external_methods/DEKP/structures/public_kcat/AlphaFold/O04385.pdb
public_kcat_train,O05268,exists,external_methods/DEKP/structures/author_archive/protein structure datasets/kcat/RCSB PDB/O05268.pdb,external_methods/DEKP/structures/public_kcat/AlphaFold/O05268.pdb
public_kcat_train,O05783,exists,external_methods/DEKP/structures/author_archive/protein structure datasets/kcat/AlphaFold/O05783.pdb,external_methods/DEKP/structures/public_kcat/AlphaFold/O05783.pdb
public_kcat_train,O06961,exists,external_methods/DEKP/structures/author_archive/protein structure datasets/kcat/RCSB PDB/O06961.pdb,external_methods/DEKP/structures/public_kcat/AlphaFold/O06961.pdb
public_kcat_train,O08336,exists,external_methods/DEKP/structures/author_archive/protein structure datasets/kcat/AlphaFold/O08336.pdb,external_methods/DEKP/structures/public_kcat/AlphaFold/O08336.pdb
public_kcat_train,O08355,exists,external_methods/DEKP/structures/author_archive/protein structure datasets/kcat/RCSB PDB/O08355.pdb,external_methods/DEKP/structures/public_kcat/AlphaFold/O08355.pdb
public_kcat_train,O14295,exists,external_methods/DEKP/structures/author_archive/protein structure datasets/kcat/AlphaFold/O14295.pdb,external_methods/DEKP/structures/public_kcat/AlphaFold/O14295.pdb
public_kcat_train,O14684,exists,external_methods/DEKP/structures/author_archive/protein structure datasets/kcat/RCSB PDB/O14684.pdb,external_methods/DEKP/structures/public_kcat/AlphaFold/O14684.pdb
public_kcat_train,O14920,exists,external_methods/DEKP/structures/author_archive/protein structure datasets/Km/AlphaFold/O14920.pdb,external_methods/DEKP/structures/public_kcat/AlphaFold/O14920.pdb
public_kcat_train,O15229,exists,external_methods/DEKP/structures/author_archive/protein structure datasets/Km/AlphaFold/O15229.pdb,external_methods/DEKP/structures/public_kcat/AlphaFold/O15229.pdb
public_kcat_train,O15294,exists,external_methods/DEKP/structures/author_archive/protein structure datasets/kcat/AlphaFold/O15294.pdb,external_methods/DEKP/structures/public_kcat/AlphaFold/O15294.pdb
public_kcat_train,O15305,exists,external_methods/DEKP/structures/author_archive/protein structure datasets/kcat/RCSB PDB/O15305.pdb,external_methods/DEKP/structures/public_kcat/AlphaFold/O15305.pdb
public_kcat_train,O15382,exists,external_methods/DEKP/structures/author_archive/protein structure datasets/kcat/RCSB PDB/O15382.pdb,external_methods/DEKP/structures/public_kcat/AlphaFold/O15382.pdb
public_kcat_train,O15648,exists,external_methods/DEKP/structures/author_archive/protein structure datasets/kcat/RCSB PDB/O15648.pdb,external_methods/DEKP/structures/public_kcat/AlphaFold/O15648.pdb
public_kcat_train,O15826,exists,external_methods/DEKP/structures/author_archive/protein structure datasets/kcat/RCSB PDB/O15826.pdb,external_methods/DEKP/structures/public_kcat/AlphaFold/O15826.pdb
public_kcat_train,O20250,exists,external_methods/DEKP/structures/author_archive/protein structure datasets/kcat/AlphaFold/O20250.pdb,external_methods/DEKP/structures/public_kcat/AlphaFold/O20250.pdb
public_kcat_train,O20252,exists,external_methods/DEKP/structures/author_archive/protein structure datasets/kcat/AlphaFold/O20252.pdb,external_methods/DEKP/structures/public_kcat/AlphaFold/O20252.pdb
public_kcat_train,O22141,exists,external_methods/DEKP/structures/author_archive/protein structure datasets/kcat/AlphaFold/O22141.pdb,external_methods/DEKP/structures/public_kcat/AlphaFold/O22141.pdb
public_kcat_train,O23254,exists,external_methods/DEKP/structures/author_archive/protein structure datasets/kcat/RCSB PDB/O23254.pdb,external_methods/DEKP/structures/public_kcat/AlphaFold/O23254.pdb
public_kcat_train,O24496,exists,external_methods/DEKP/structures/author_archive/protein structure datasets/kcat/AlphaFold/O24496.pdb,external_methods/DEKP/structures/public_kcat/AlphaFold/O24496.pdb
public_kcat_train,O24578,exists,external_methods/DEKP/structures/author_archive/protein structure datasets/kcat/AlphaFold/O24578.pdb,external_methods/DEKP/structures/public_kcat/AlphaFold/O24578.pdb
public_kcat_train,O24766,exists,external_methods/DEKP/structures/author_archive/protein structure datasets/kcat/AlphaFold/O24766.pdb,external_methods/DEKP/structures/public_kcat/AlphaFold/O24766.pdb
public_kcat_train,O25046,exists,external_methods/DEKP/structures/author_archive/protein structure datasets/kcat/AlphaFold/O25046.pdb,external_methods/DEKP/structures/public_kcat/AlphaFold/O25046.pdb
public_kcat_train,O25080,exists,external_methods/DEKP/structures/author_archive/protein structure datasets/kcat/AlphaFold/O25080.pdb,external_methods/DEKP/structures/public_kcat/AlphaFold/O25080.pdb
public_kcat_train,O25176,exists,external_methods/DEKP/structures/author_archive/protein structure datasets/kcat/AlphaFold/O25176.pdb,external_methods/DEKP/structures/public_kcat/AlphaFold/O25176.pdb
public_kcat_train,O25511,exists,external_methods/DEKP/structures/author_archive/protein structure datasets/kcat/RCSB PDB/O25511.pdb,external_methods/DEKP/structures/public_kcat/AlphaFold/O25511.pdb
public_kcat_train,O25528,exists,external_methods/DEKP/structures/author_archive/protein structure datasets/kcat/AlphaFold/O25528.pdb,external_methods/DEKP/structures/public_kcat/AlphaFold/O25528.pdb
public_kcat_train,O25533,exists,external_methods/DEKP/structures/author_archive/protein structure datasets/kcat/AlphaFold/O25533.pdb,external_methods/DEKP/structures/public_kcat/AlphaFold/O25533.pdb
public_kcat_train,O25613,exists,external_methods/DEKP/structures/author_archive/protein structure datasets/kcat/AlphaFold/O25613.pdb,external_methods/DEKP/structures/public_kcat/AlphaFold/O25613.pdb
public_kcat_train,O25683,exists,external_methods/DEKP/structures/author_archive/protein structure datasets/kcat/AlphaFold/O25683.pdb,external_methods/DEKP/structures/public_kcat/AlphaFold/O25683.pdb
public_kcat_train,O25711,exists,external_methods/DEKP/structures/author_archive/protein structure datasets/kcat/AlphaFold/O25711.pdb,external_methods/DEKP/structures/public_kcat/AlphaFold/O25711.pdb
public_kcat_train,O26253,exists,external_methods/DEKP/structures/author_archive/protein structure datasets/kcat/RCSB PDB/O26253.pdb,external_methods/DEKP/structures/public_kcat/AlphaFold/O26253.pdb
public_kcat_train,O26708,exists,external_methods/DEKP/structures/author_archive/protein structure datasets/kcat/RCSB PDB/O26708.pdb,external_methods/DEKP/structures/public_kcat/AlphaFold/O26708.pdb
public_kcat_train,O28341,exists,external_methods/DEKP/structures/author_archive/protein structure datasets/kcat/AlphaFold/O28341.pdb,external_methods/DEKP/structures/public_kcat/AlphaFold/O28341.pdb
public_kcat_train,O28558,exists,external_methods/DEKP/structures/author_archive/protein structure datasets/kcat/RCSB PDB/O28558.pdb,external_methods/DEKP/structures/public_kcat/AlphaFold/O28558.pdb
public_kcat_train,O29057,exists,external_methods/DEKP/structures/author_archive/protein structure datasets/kcat/AlphaFold/O29057.pdb,external_methods/DEKP/structures/public_kcat/AlphaFold/O29057.pdb
public_kcat_train,O29610,exists,external_methods/DEKP/structures/author_archive/protein structure datasets/kcat/RCSB PDB/O29610.pdb,external_methods/DEKP/structures/public_kcat/AlphaFold/O29610.pdb
public_kcat_train,O29904,exists,external_methods/DEKP/structures/author_archive/protein structure datasets/kcat/AlphaFold/O29904.pdb,external_methods/DEKP/structures/public_kcat/AlphaFold/O29904.pdb
public_kcat_train,O30298,exists,external_methods/DEKP/structures/author_archive/protein structure datasets/kcat/RCSB PDB/O30298.pdb,external_methods/DEKP/structures/public_kcat/AlphaFold/O30298.pdb
public_kcat_train,O31156,exists,external_methods/DEKP/structures/author_archive/protein structure datasets/kcat/RCSB PDB/O31156.pdb,external_methods/DEKP/structures/public_kcat/AlphaFold/O31156.pdb
public_kcat_train,O31529,exists,external_methods/DEKP/structures/author_archive/protein structure datasets/kcat/AlphaFold/O31529.pdb,external_methods/DEKP/structures/public_kcat/AlphaFold/O31529.pdb
public_kcat_train,O31612,exists,external_methods/DEKP/structures/author_archive/protein structure datasets/kcat/AlphaFold/O31612.pdb,external_methods/DEKP/structures/public_kcat/AlphaFold/O31612.pdb
public_kcat_train,O31616,exists,external_methods/DEKP/structures/author_archive/protein structure datasets/kcat/RCSB PDB/O31616.pdb,external_methods/DEKP/structures/public_kcat/AlphaFold/O31616.pdb
public_kcat_train,O31678,exists,external_methods/DEKP/structures/author_archive/protein structure datasets/kcat/RCSB PDB/O31678.pdb,external_methods/DEKP/structures/public_kcat/AlphaFold/O31678.pdb
public_kcat_train,O32085,exists,external_methods/DEKP/structures/author_archive/protein structure datasets/kcat/RCSB PDB/O32085.pdb,external_methods/DEKP/structures/public_kcat/AlphaFold/O32085.pdb
public_kcat_train,O32129,exists,external_methods/DEKP/structures/author_archive/protein structure datasets/kcat/AlphaFold/O32129.pdb,external_methods/DEKP/structures/public_kcat/AlphaFold/O32129.pdb
public_kcat_train,O32141,exists,external_methods/DEKP/structures/author_archive/protein structure datasets/kcat/AlphaFold/O32141.pdb,external_methods/DEKP/structures/public_kcat/AlphaFold/O32141.pdb
public_kcat_train,O32765,exists,external_methods/DEKP/structures/author_archive/protein structure datasets/kcat/AlphaFold/O32765.pdb,external_methods/DEKP/structures/public_kcat/AlphaFold/O32765.pdb
public_kcat_train,O33289,exists,external_methods/DEKP/structures/author_archive/protein structure datasets/kcat/RCSB PDB/O33289.pdb,external_methods/DEKP/structures/public_kcat/AlphaFold/O33289.pdb
public_kcat_train,O33472,exists,external_methods/DEKP/structures/author_archive/protein structure datasets/kcat/RCSB PDB/O33472.pdb,external_methods/DEKP/structures/public_kcat/AlphaFold/O33472.pdb
public_kcat_train,O33830,exists,external_methods/DEKP/structures/author_archive/protein structure datasets/kcat/RCSB PDB/O33830.pdb,external_methods/DEKP/structures/public_kcat/AlphaFold/O33830.pdb
public_kcat_train,O33832,exists,external_methods/DEKP/structures/author_archive/protein structure datasets/kcat/RCSB PDB/O33832.pdb,external_methods/DEKP/structures/public_kcat/AlphaFold/O33832.pdb
public_kcat_train,O34002,exists,external_methods/DEKP/structures/author_archive/protein structure datasets/kcat/RCSB PDB/O34002.pdb,external_methods/DEKP/structures/public_kcat/AlphaFold/O34002.pdb
public_kcat_train,O34425,exists,external_methods/DEKP/structures/author_archive/protein structure datasets/kcat/AlphaFold/O34425.pdb,external_methods/DEKP/structures/public_kcat/AlphaFold/O34425.pdb
public_kcat_train,O34453,exists,external_methods/DEKP/structures/author_archive/protein structure datasets/kcat/RCSB PDB/O34453.pdb,external_methods/DEKP/structures/public_kcat/AlphaFold/O34453.pdb
public_kcat_train,O34508,exists,external_methods/DEKP/structures/author_archive/protein structure datasets/kcat/RCSB PDB/O34508.pdb,external_methods/DEKP/structures/public_kcat/AlphaFold/O34508.pdb
public_kcat_train,O34667,exists,external_methods/DEKP/structures/author_archive/protein structure datasets/kcat/RCSB PDB/O34667.pdb,external_methods/DEKP/structures/public_kcat/AlphaFold/O34667.pdb
public_kcat_train,O34714,exists,external_methods/DEKP/structures/author_archive/protein structure datasets/kcat/RCSB PDB/O34714.pdb,external_methods/DEKP/structures/public_kcat/AlphaFold/O34714.pdb
public_kcat_train,O35543,exists,external_methods/DEKP/structures/author_archive/protein structure datasets/kcat/RCSB PDB/O35543.pdb,external_methods/DEKP/structures/public_kcat/AlphaFold/O35543.pdb
public_kcat_train,O35826,exists,external_methods/DEKP/structures/author_archive/protein structure datasets/kcat/AlphaFold/O35826.pdb,external_methods/DEKP/structures/public_kcat/AlphaFold/O35826.pdb
public_kcat_train,O42713,exists,external_methods/DEKP/structures/author_archive/protein structure datasets/kcat/AlphaFold/O42713.pdb,external_methods/DEKP/structures/public_kcat/AlphaFold/O42713.pdb
public_kcat_train,O43001,exists,external_methods/DEKP/structures/author_archive/protein structure datasets/kcat/AlphaFold/O43001.pdb,external_methods/DEKP/structures/public_kcat/AlphaFold/O43001.pdb
public_kcat_train,O43175,exists,external_methods/DEKP/structures/author_archive/protein structure datasets/kcat/AlphaFold/O43175.pdb,external_methods/DEKP/structures/public_kcat/AlphaFold/O43175.pdb
public_kcat_train,O43488,exists,external_methods/DEKP/structures/author_archive/protein structure datasets/kcat/RCSB PDB/O43488.pdb,external_methods/DEKP/structures/public_kcat/AlphaFold/O43488.pdb
public_kcat_train,O43916,exists,external_methods/DEKP/structures/author_archive/protein structure datasets/kcat/AlphaFold/O43916.pdb,external_methods/DEKP/structures/public_kcat/AlphaFold/O43916.pdb
public_kcat_train,O45679,exists,external_methods/DEKP/structures/author_archive/protein structure datasets/kcat/AlphaFold/O45679.pdb,external_methods/DEKP/structures/public_kcat/AlphaFold/O45679.pdb
public_kcat_train,O50490,exists,external_methods/DEKP/structures/author_archive/protein structure datasets/kcat/AlphaFold/O50490.pdb,external_methods/DEKP/structures/public_kcat/AlphaFold/O50490.pdb
public_kcat_train,O50657,exists,external_methods/DEKP/structures/author_archive/protein structure datasets/kcat/RCSB PDB/O50657.pdb,external_methods/DEKP/structures/public_kcat/AlphaFold/O50657.pdb
public_kcat_train,O51363,exists,external_methods/DEKP/structures/author_archive/protein structure datasets/kcat/AlphaFold/O51363.pdb,external_methods/DEKP/structures/public_kcat/AlphaFold/O51363.pdb
public_kcat_train,O51933,exists,external_methods/DEKP/structures/author_archive/protein structure datasets/kcat/RCSB PDB/O51933.pdb,external_methods/DEKP/structures/public_kcat/AlphaFold/O51933.pdb
public_kcat_train,O52310,exists,external_methods/DEKP/structures/author_archive/protein structure datasets/kcat/AlphaFold/O52310.pdb,external_methods/DEKP/structures/public_kcat/AlphaFold/O52310.pdb
public_kcat_train,O52575,exists,external_methods/DEKP/structures/author_archive/protein structure datasets/kcat/RCSB PDB/O52575.pdb,external_methods/DEKP/structures/public_kcat/AlphaFold/O52575.pdb
public_kcat_train,O52582,exists,external_methods/DEKP/structures/author_archive/protein structure datasets/kcat/RCSB PDB/O52582.pdb,external_methods/DEKP/structures/public_kcat/AlphaFold/O52582.pdb
public_kcat_train,O53512,exists,external_methods/DEKP/structures/author_archive/protein structure datasets/kcat/RCSB PDB/O53512.pdb,external_methods/DEKP/structures/public_kcat/AlphaFold/O53512.pdb
public_kcat_train,O54288,exists,external_methods/DEKP/structures/author_archive/protein structure datasets/kcat/RCSB PDB/O54288.pdb,external_methods/DEKP/structures/public_kcat/AlphaFold/O54288.pdb
public_kcat_train,O58308,exists,external_methods/DEKP/structures/author_archive/protein structure datasets/kcat/RCSB PDB/O58308.pdb,external_methods/DEKP/structures/public_kcat/AlphaFold/O58308.pdb
public_kcat_train,O58389,exists,external_methods/DEKP/structures/author_archive/protein structure datasets/kcat/RCSB PDB/O58389.pdb,external_methods/DEKP/structures/public_kcat/AlphaFold/O58389.pdb
public_kcat_train,O58403,exists,external_methods/DEKP/structures/author_archive/protein structure datasets/kcat/RCSB PDB/O58403.pdb,external_methods/DEKP/structures/public_kcat/AlphaFold/O58403.pdb
public_kcat_train,O59650,exists,external_methods/DEKP/structures/author_archive/protein structure datasets/kcat/AlphaFold/O59650.pdb,external_methods/DEKP/structures/public_kcat/AlphaFold/O59650.pdb
public_kcat_train,O59952,exists,external_methods/DEKP/structures/author_archive/protein structure datasets/kcat/RCSB PDB/O59952.pdb,external_methods/DEKP/structures/public_kcat/AlphaFold/O59952.pdb
public_kcat_train,O60218,exists,external_methods/DEKP/structures/author_archive/protein structure datasets/kcat/RCSB PDB/O60218.pdb,external_methods/DEKP/structures/public_kcat/AlphaFold/O60218.pdb
public_kcat_train,O60344,exists,external_methods/DEKP/structures/author_archive/protein structure datasets/kcat/AlphaFold/O60344.pdb,external_methods/DEKP/structures/public_kcat/AlphaFold/O60344.pdb
public_kcat_train,O60701,exists,external_methods/DEKP/structures/author_archive/protein structure datasets/kcat/RCSB PDB/O60701.pdb,external_methods/DEKP/structures/public_kcat/AlphaFold/O60701.pdb
public_kcat_train,O60825,exists,external_methods/DEKP/structures/author_archive/protein structure datasets/kcat/RCSB PDB/O60825.pdb,external_methods/DEKP/structures/public_kcat/AlphaFold/O60825.pdb
public_kcat_train,O60993,exists,external_methods/DEKP/structures/author_archive/protein structure datasets/kcat/AlphaFold/O60993.pdb,external_methods/DEKP/structures/public_kcat/AlphaFold/O60993.pdb
public_kcat_train,O65782,exists,external_methods/DEKP/structures/author_archive/protein structure datasets/kcat/AlphaFold/O65782.pdb,external_methods/DEKP/structures/public_kcat/AlphaFold/O65782.pdb
public_kcat_train,O66690,exists,external_methods/DEKP/structures/author_archive/protein structure datasets/kcat/AlphaFold/O66690.pdb,external_methods/DEKP/structures/public_kcat/AlphaFold/O66690.pdb
public_kcat_train,O66940,exists,external_methods/DEKP/structures/author_archive/protein structure datasets/kcat/AlphaFold/O66940.pdb,external_methods/DEKP/structures/public_kcat/AlphaFold/O66940.pdb
public_kcat_train,O66990,exists,external_methods/DEKP/structures/author_archive/protein structure datasets/kcat/RCSB PDB/O66990.pdb,external_methods/DEKP/structures/public_kcat/AlphaFold/O66990.pdb
public_kcat_train,O67206,exists,external_methods/DEKP/structures/author_archive/protein structure datasets/kcat/RCSB PDB/O67206.pdb,external_methods/DEKP/structures/public_kcat/AlphaFold/O67206.pdb
public_kcat_train,O69054,exists,external_methods/DEKP/structures/author_archive/protein structure datasets/kcat/RCSB PDB/O69054.pdb,external_methods/DEKP/structures/public_kcat/AlphaFold/O69054.pdb
public_kcat_train,O69056,exists,external_methods/DEKP/structures/author_archive/protein structure datasets/kcat/AlphaFold/O69056.pdb,external_methods/DEKP/structures/public_kcat/AlphaFold/O69056.pdb
public_kcat_train,O74230,exists,external_methods/DEKP/structures/author_archive/protein structure datasets/kcat/AlphaFold/O74230.pdb,external_methods/DEKP/structures/public_kcat/AlphaFold/O74230.pdb
public_kcat_train,O74237,exists,external_methods/DEKP/structures/author_archive/protein structure datasets/kcat/RCSB PDB/O74237.pdb,external_methods/DEKP/structures/public_kcat/AlphaFold/O74237.pdb
public_kcat_train,O75452,exists,external_methods/DEKP/structures/author_archive/protein structure datasets/kcat/AlphaFold/O75452.pdb,external_methods/DEKP/structures/public_kcat/AlphaFold/O75452.pdb
public_kcat_train,O75828,exists,external_methods/DEKP/structures/author_archive/protein structure datasets/kcat/RCSB PDB/O75828.pdb,external_methods/DEKP/structures/public_kcat/AlphaFold/O75828.pdb
public_kcat_train,O75874,exists,external_methods/DEKP/structures/author_archive/protein structure datasets/kcat/RCSB PDB/O75874.pdb,external_methods/DEKP/structures/public_kcat/AlphaFold/O75874.pdb
public_kcat_train,O76083,exists,external_methods/DEKP/structures/author_archive/protein structure datasets/Km/AlphaFold/O76083.pdb,external_methods/DEKP/structures/public_kcat/AlphaFold/O76083.pdb
public_kcat_train,O76290,exists,external_methods/DEKP/structures/author_archive/protein structure datasets/kcat/RCSB PDB/O76290.pdb,external_methods/DEKP/structures/public_kcat/AlphaFold/O76290.pdb
public_kcat_train,O80852,exists,external_methods/DEKP/structures/author_archive/protein structure datasets/kcat/RCSB PDB/O80852.pdb,external_methods/DEKP/structures/public_kcat/AlphaFold/O80852.pdb
public_kcat_train,O81103,exists,external_methods/DEKP/structures/author_archive/protein structure datasets/kcat/AlphaFold/O81103.pdb,external_methods/DEKP/structures/public_kcat/AlphaFold/O81103.pdb
public_kcat_train,O81852,exists,external_methods/DEKP/structures/author_archive/protein structure datasets/kcat/AlphaFold/O81852.pdb,external_methods/DEKP/structures/public_kcat/AlphaFold/O81852.pdb
public_kcat_train,O82514,exists,external_methods/DEKP/structures/author_archive/protein structure datasets/kcat/AlphaFold/O82514.pdb,external_methods/DEKP/structures/public_kcat/AlphaFold/O82514.pdb
public_kcat_train,O86963,exists,external_methods/DEKP/structures/author_archive/protein structure datasets/kcat/AlphaFold/O86963.pdb,external_methods/DEKP/structures/public_kcat/AlphaFold/O86963.pdb
public_kcat_train,O87198,exists,external_methods/DEKP/structures/author_archive/protein structure datasets/kcat/RCSB PDB/O87198.pdb,external_methods/DEKP/structures/public_kcat/AlphaFold/O87198.pdb
public_kcat_train,O93715,exists,external_methods/DEKP/structures/author_archive/protein structure datasets/kcat/RCSB PDB/O93715.pdb,external_methods/DEKP/structures/public_kcat/AlphaFold/O93715.pdb
public_kcat_train,O94219,exists,external_methods/DEKP/structures/author_archive/protein structure datasets/kcat/RCSB PDB/O94219.pdb,external_methods/DEKP/structures/public_kcat/AlphaFold/O94219.pdb
public_kcat_train,O94753,exists,external_methods/DEKP/structures/author_archive/protein structure datasets/kcat/RCSB PDB/O94753.pdb,external_methods/DEKP/structures/public_kcat/AlphaFold/O94753.pdb
public_kcat_train,O94925,exists,external_methods/DEKP/structures/author_archive/protein structure datasets/kcat/RCSB PDB/O94925.pdb,external_methods/DEKP/structures/public_kcat/AlphaFold/O94925.pdb
public_kcat_train,O95340,exists,external_methods/DEKP/structures/author_archive/protein structure datasets/kcat/AlphaFold/O95340.pdb,external_methods/DEKP/structures/public_kcat/AlphaFold/O95340.pdb
public_kcat_train,O95394,exists,external_methods/DEKP/structures/author_archive/protein structure datasets/kcat/AlphaFold/O95394.pdb,external_methods/DEKP/structures/public_kcat/AlphaFold/O95394.pdb
public_kcat_train,O95571,exists,external_methods/DEKP/structures/author_archive/protein structure datasets/kcat/RCSB PDB/O95571.pdb,external_methods/DEKP/structures/public_kcat/AlphaFold/O95571.pdb
public_kcat_train,O95749,exists,external_methods/DEKP/structures/author_archive/protein structure datasets/kcat/RCSB PDB/O95749.pdb,external_methods/DEKP/structures/public_kcat/AlphaFold/O95749.pdb
public_kcat_train,O95822,exists,external_methods/DEKP/structures/author_archive/protein structure datasets/kcat/RCSB PDB/O95822.pdb,external_methods/DEKP/structures/public_kcat/AlphaFold/O95822.pdb
public_kcat_train,O95989,exists,external_methods/DEKP/structures/author_archive/protein structure datasets/kcat/RCSB PDB/O95989.pdb,external_methods/DEKP/structures/public_kcat/AlphaFold/O95989.pdb
public_kcat_train,O96439,exists,external_methods/DEKP/structures/author_archive/protein structure datasets/kcat/AlphaFold/O96439.pdb,external_methods/DEKP/structures/public_kcat/AlphaFold/O96439.pdb
public_kcat_train,O97972,exists,external_methods/DEKP/structures/author_archive/protein structure datasets/kcat/AlphaFold/O97972.pdb,external_methods/DEKP/structures/public_kcat/AlphaFold/O97972.pdb
public_kcat_train,P00175,exists,external_methods/DEKP/structures/author_archive/protein structure datasets/Km/AlphaFold/P00175.pdb,external_methods/DEKP/structures/public_kcat/AlphaFold/P00175.pdb
public_kcat_train,P00179,exists,external_methods/DEKP/structures/author_archive/protein structure datasets/kcat/RCSB PDB/P00179.pdb,external_methods/DEKP/structures/public_kcat/AlphaFold/P00179.pdb
public_kcat_train,P00189,exists,external_methods/DEKP/structures/author_archive/protein structure datasets/kcat/RCSB PDB/P00189.pdb,external_methods/DEKP/structures/public_kcat/AlphaFold/P00189.pdb
public_kcat_train,P00325,exists,external_methods/DEKP/structures/author_archive/protein structure datasets/kcat/RCSB PDB/P00325.pdb,external_methods/DEKP/structures/public_kcat/AlphaFold/P00325.pdb
public_kcat_train,P00326,exists,external_methods/DEKP/structures/author_archive/protein structure datasets/kcat/RCSB PDB/P00326.pdb,external_methods/DEKP/structures/public_kcat/AlphaFold/P00326.pdb
public_kcat_train,P00344,exists,external_methods/DEKP/structures/author_archive/protein structure datasets/kcat/RCSB PDB/P00344.pdb,external_methods/DEKP/structures/public_kcat/AlphaFold/P00344.pdb
public_kcat_train,P00349,exists,external_methods/DEKP/structures/author_archive/protein structure datasets/kcat/RCSB PDB/P00349.pdb,external_methods/DEKP/structures/public_kcat/AlphaFold/P00349.pdb
public_kcat_train,P00352,exists,external_methods/DEKP/structures/author_archive/protein structure datasets/kcat/RCSB PDB/P00352.pdb,external_methods/DEKP/structures/public_kcat/AlphaFold/P00352.pdb
public_kcat_train,P00359,exists,external_methods/DEKP/structures/author_archive/protein structure datasets/kcat/RCSB PDB/P00359.pdb,external_methods/DEKP/structures/public_kcat/AlphaFold/P00359.pdb
public_kcat_train,P00362,exists,external_methods/DEKP/structures/author_archive/protein structure datasets/kcat/RCSB PDB/P00362.pdb,external_methods/DEKP/structures/public_kcat/AlphaFold/P00362.pdb
public_kcat_train,P00363,exists,external_methods/DEKP/structures/author_archive/protein structure datasets/kcat/RCSB PDB/P00363.pdb,external_methods/DEKP/structures/public_kcat/AlphaFold/P00363.pdb
public_kcat_train,P00367,exists,external_methods/DEKP/structures/author_archive/protein structure datasets/kcat/RCSB PDB/P00367.pdb,external_methods/DEKP/structures/public_kcat/AlphaFold/P00367.pdb
public_kcat_train,P00370,exists,external_methods/DEKP/structures/author_archive/protein structure datasets/kcat/RCSB PDB/P00370.pdb,external_methods/DEKP/structures/public_kcat/AlphaFold/P00370.pdb
public_kcat_train,P00371,exists,external_methods/DEKP/structures/author_archive/protein structure datasets/kcat/RCSB PDB/P00371.pdb,external_methods/DEKP/structures/public_kcat/AlphaFold/P00371.pdb
public_kcat_train,P00376,exists,external_methods/DEKP/structures/author_archive/protein structure datasets/kcat/AlphaFold/P00376.pdb,external_methods/DEKP/structures/public_kcat/AlphaFold/P00376.pdb
public_kcat_train,P00381,exists,external_methods/DEKP/structures/author_archive/protein structure datasets/kcat/RCSB PDB/P00381.pdb,external_methods/DEKP/structures/public_kcat/AlphaFold/P00381.pdb
public_kcat_train,P00383,exists,external_methods/DEKP/structures/author_archive/protein structure datasets/Km/AlphaFold/P00383.pdb,external_methods/DEKP/structures/public_kcat/AlphaFold/P00383.pdb
public_kcat_train,P00431,exists,external_methods/DEKP/structures/author_archive/protein structure datasets/Km/AlphaFold/P00431.pdb,external_methods/DEKP/structures/public_kcat/AlphaFold/P00431.pdb
public_kcat_train,P00433,exists,external_methods/DEKP/structures/author_archive/protein structure datasets/kcat/RCSB PDB/P00433.pdb,external_methods/DEKP/structures/public_kcat/AlphaFold/P00433.pdb
public_kcat_train,P00455,exists,external_methods/DEKP/structures/author_archive/protein structure datasets/Km/AlphaFold/P00455.pdb,external_methods/DEKP/structures/public_kcat/AlphaFold/P00455.pdb
public_kcat_train,P00469,exists,external_methods/DEKP/structures/author_archive/protein structure datasets/kcat/RCSB PDB/P00469.pdb,external_methods/DEKP/structures/public_kcat/AlphaFold/P00469.pdb
public_kcat_train,P00471,exists,external_methods/DEKP/structures/author_archive/protein structure datasets/kcat/RCSB PDB/P00471.pdb,external_methods/DEKP/structures/public_kcat/AlphaFold/P00471.pdb
public_kcat_train,P00490,exists,external_methods/DEKP/structures/author_archive/protein structure datasets/kcat/RCSB PDB/P00490.pdb,external_methods/DEKP/structures/public_kcat/AlphaFold/P00490.pdb
public_kcat_train,P00491,exists,external_methods/DEKP/structures/author_archive/protein structure datasets/kcat/RCSB PDB/P00491.pdb,external_methods/DEKP/structures/public_kcat/AlphaFold/P00491.pdb
public_kcat_train,P00492,exists,external_methods/DEKP/structures/author_archive/protein structure datasets/kcat/RCSB PDB/P00492.pdb,external_methods/DEKP/structures/public_kcat/AlphaFold/P00492.pdb
public_kcat_train,P00509,exists,external_methods/DEKP/structures/author_archive/protein structure datasets/kcat/RCSB PDB/P00509.pdb,external_methods/DEKP/structures/public_kcat/AlphaFold/P00509.pdb
public_kcat_train,P00512,exists,external_methods/DEKP/structures/author_archive/protein structure datasets/kcat/RCSB PDB/P00512.pdb,external_methods/DEKP/structures/public_kcat/AlphaFold/P00512.pdb
public_kcat_train,P00547,exists,external_methods/DEKP/structures/author_archive/protein structure datasets/kcat/AlphaFold/P00547.pdb,external_methods/DEKP/structures/public_kcat/AlphaFold/P00547.pdb
public_kcat_train,P00549,exists,external_methods/DEKP/structures/author_archive/protein structure datasets/kcat/RCSB PDB/P00549.pdb,external_methods/DEKP/structures/public_kcat/AlphaFold/P00549.pdb
public_kcat_train,P00558,exists,external_methods/DEKP/structures/author_archive/protein structure datasets/kcat/RCSB PDB/P00558.pdb,external_methods/DEKP/structures/public_kcat/AlphaFold/P00558.pdb
public_kcat_train,P00560,exists,external_methods/DEKP/structures/author_archive/protein structure datasets/kcat/RCSB PDB/P00560.pdb,external_methods/DEKP/structures/public_kcat/AlphaFold/P00560.pdb
public_kcat_train,P00569,exists,external_methods/DEKP/structures/author_archive/protein structure datasets/kcat/AlphaFold/P00569.pdb,external_methods/DEKP/structures/public_kcat/AlphaFold/P00569.pdb
public_kcat_train,P00590,exists,external_methods/DEKP/structures/author_archive/protein structure datasets/kcat/RCSB PDB/P00590.pdb,external_methods/DEKP/structures/public_kcat/AlphaFold/P00590.pdb
public_kcat_train,P00634,exists,external_methods/DEKP/structures/author_archive/protein structure datasets/kcat/RCSB PDB/P00634.pdb,external_methods/DEKP/structures/public_kcat/AlphaFold/P00634.pdb
public_kcat_train,P00636,exists,external_methods/DEKP/structures/author_archive/protein structure datasets/kcat/RCSB PDB/P00636.pdb,external_methods/DEKP/structures/public_kcat/AlphaFold/P00636.pdb
public_kcat_train,P00722,exists,external_methods/DEKP/structures/author_archive/protein structure datasets/kcat/RCSB PDB/P00722.pdb,external_methods/DEKP/structures/public_kcat/AlphaFold/P00722.pdb
public_kcat_train,P00735,exists,external_methods/DEKP/structures/author_archive/protein structure datasets/Km/AlphaFold/P00735.pdb,external_methods/DEKP/structures/public_kcat/AlphaFold/P00735.pdb
public_kcat_train,P00780,exists,external_methods/DEKP/structures/author_archive/protein structure datasets/Km/AlphaFold/P00780.pdb,external_methods/DEKP/structures/public_kcat/AlphaFold/P00780.pdb
public_kcat_train,P00782,exists,external_methods/DEKP/structures/author_archive/protein structure datasets/Km/AlphaFold/P00782.pdb,external_methods/DEKP/structures/public_kcat/AlphaFold/P00782.pdb
public_kcat_train,P00794,exists,external_methods/DEKP/structures/author_archive/protein structure datasets/Km/AlphaFold/P00794.pdb,external_methods/DEKP/structures/public_kcat/AlphaFold/P00794.pdb
public_kcat_train,P00800,exists,external_methods/DEKP/structures/author_archive/protein structure datasets/kcat/RCSB PDB/P00800.pdb,external_methods/DEKP/structures/public_kcat/AlphaFold/P00800.pdb
public_kcat_train,P00805,exists,external_methods/DEKP/structures/author_archive/protein structure datasets/kcat/RCSB PDB/P00805.pdb,external_methods/DEKP/structures/public_kcat/AlphaFold/P00805.pdb
public_kcat_train,P00807,exists,external_methods/DEKP/structures/author_archive/protein structure datasets/kcat/RCSB PDB/P00807.pdb,external_methods/DEKP/structures/public_kcat/AlphaFold/P00807.pdb
public_kcat_train,P00808,exists,external_methods/DEKP/structures/author_archive/protein structure datasets/kcat/RCSB PDB/P00808.pdb,external_methods/DEKP/structures/public_kcat/AlphaFold/P00808.pdb
public_kcat_train,P00809,exists,external_methods/DEKP/structures/author_archive/protein structure datasets/kcat/AlphaFold/P00809.pdb,external_methods/DEKP/structures/public_kcat/AlphaFold/P00809.pdb
public_kcat_train,P00811,exists,external_methods/DEKP/structures/author_archive/protein structure datasets/kcat/RCSB PDB/P00811.pdb,external_methods/DEKP/structures/public_kcat/AlphaFold/P00811.pdb
public_kcat_train,P00813,exists,external_methods/DEKP/structures/author_archive/protein structure datasets/kcat/RCSB PDB/P00813.pdb,external_methods/DEKP/structures/public_kcat/AlphaFold/P00813.pdb
public_kcat_train,P00860,exists,external_methods/DEKP/structures/author_archive/protein structure datasets/kcat/RCSB PDB/P00860.pdb,external_methods/DEKP/structures/public_kcat/AlphaFold/P00860.pdb
public_kcat_train,P00862,exists,external_methods/DEKP/structures/author_archive/protein structure datasets/Km/AlphaFold/P00862.pdb,external_methods/DEKP/structures/public_kcat/AlphaFold/P00862.pdb
public_kcat_train,P00864,exists,external_methods/DEKP/structures/author_archive/protein structure datasets/kcat/RCSB PDB/P00864.pdb,external_methods/DEKP/structures/public_kcat/AlphaFold/P00864.pdb
public_kcat_train,P00883,exists,external_methods/DEKP/structures/author_archive/protein structure datasets/kcat/RCSB PDB/P00883.pdb,external_methods/DEKP/structures/public_kcat/AlphaFold/P00883.pdb
public_kcat_train,P00889,exists,external_methods/DEKP/structures/author_archive/protein structure datasets/kcat/RCSB PDB/P00889.pdb,external_methods/DEKP/structures/public_kcat/AlphaFold/P00889.pdb
public_kcat_train,P00903,exists,external_methods/DEKP/structures/author_archive/protein structure datasets/kcat/AlphaFold/P00903.pdb,external_methods/DEKP/structures/public_kcat/AlphaFold/P00903.pdb
public_kcat_train,P00905,exists,external_methods/DEKP/structures/author_archive/protein structure datasets/kcat/AlphaFold/P00905.pdb,external_methods/DEKP/structures/public_kcat/AlphaFold/P00905.pdb
public_kcat_train,P00909,exists,external_methods/DEKP/structures/author_archive/protein structure datasets/kcat/RCSB PDB/P00909.pdb,external_methods/DEKP/structures/public_kcat/AlphaFold/P00909.pdb
public_kcat_train,P00925,exists,external_methods/DEKP/structures/author_archive/protein structure datasets/kcat/AlphaFold/P00925.pdb,external_methods/DEKP/structures/public_kcat/AlphaFold/P00925.pdb
public_kcat_train,P00934,exists,external_methods/DEKP/structures/author_archive/protein structure datasets/kcat/RCSB PDB/P00934.pdb,external_methods/DEKP/structures/public_kcat/AlphaFold/P00934.pdb
public_kcat_train,P00935,exists,external_methods/DEKP/structures/author_archive/protein structure datasets/kcat/RCSB PDB/P00935.pdb,external_methods/DEKP/structures/public_kcat/AlphaFold/P00935.pdb
public_kcat_train,P00940,exists,external_methods/DEKP/structures/author_archive/protein structure datasets/kcat/RCSB PDB/P00940.pdb,external_methods/DEKP/structures/public_kcat/AlphaFold/P00940.pdb
public_kcat_train,P00942,exists,external_methods/DEKP/structures/author_archive/protein structure datasets/kcat/RCSB PDB/P00942.pdb,external_methods/DEKP/structures/public_kcat/AlphaFold/P00942.pdb
public_kcat_train,P00947,exists,external_methods/DEKP/structures/author_archive/protein structure datasets/kcat/RCSB PDB/P00947.pdb,external_methods/DEKP/structures/public_kcat/AlphaFold/P00947.pdb
public_kcat_train,P00950,exists,external_methods/DEKP/structures/author_archive/protein structure datasets/kcat/RCSB PDB/P00950.pdb,external_methods/DEKP/structures/public_kcat/AlphaFold/P00950.pdb
public_kcat_train,P00952,exists,external_methods/DEKP/structures/author_archive/protein structure datasets/kcat/RCSB PDB/P00952.pdb,external_methods/DEKP/structures/public_kcat/AlphaFold/P00952.pdb
public_kcat_train,P00954,exists,external_methods/DEKP/structures/author_archive/protein structure datasets/kcat/RCSB PDB/P00954.pdb,external_methods/DEKP/structures/public_kcat/AlphaFold/P00954.pdb
public_kcat_train,P00962,exists,external_methods/DEKP/structures/author_archive/protein structure datasets/kcat/RCSB PDB/P00962.pdb,external_methods/DEKP/structures/public_kcat/AlphaFold/P00962.pdb
public_kcat_train,P00968,exists,external_methods/DEKP/structures/author_archive/protein structure datasets/kcat/AlphaFold/P00968.pdb,external_methods/DEKP/structures/public_kcat/AlphaFold/P00968.pdb
public_kcat_train,P00973,exists,external_methods/DEKP/structures/author_archive/protein structure datasets/Km/AlphaFold/P00973.pdb,external_methods/DEKP/structures/public_kcat/AlphaFold/P00973.pdb
public_kcat_train,P02638,exists,external_methods/DEKP/structures/author_archive/protein structure datasets/kcat/RCSB PDB/P02638.pdb,external_methods/DEKP/structures/public_kcat/AlphaFold/P02638.pdb
public_kcat_train,P02829,exists,external_methods/DEKP/structures/author_archive/protein structure datasets/kcat/AlphaFold/P02829.pdb,external_methods/DEKP/structures/public_kcat/AlphaFold/P02829.pdb
public_kcat_train,P03177,exists,external_methods/DEKP/structures/author_archive/protein structure datasets/kcat/RCSB PDB/P03177.pdb,external_methods/DEKP/structures/public_kcat/AlphaFold/P03177.pdb
public_kcat_train,P03474,exists,external_methods/DEKP/structures/author_archive/protein structure datasets/kcat/RCSB PDB/P03474.pdb,external_methods/DEKP/structures/public_kcat/AlphaFold/P03474.pdb
public_kcat_train,P03958,exists,external_methods/DEKP/structures/author_archive/protein structure datasets/kcat/RCSB PDB/P03958.pdb,external_methods/DEKP/structures/public_kcat/AlphaFold/P03958.pdb
public_kcat_train,P03962,exists,external_methods/DEKP/structures/author_archive/protein structure datasets/kcat/RCSB PDB/P03962.pdb,external_methods/DEKP/structures/public_kcat/AlphaFold/P03962.pdb
public_kcat_train,P04053,exists,external_methods/DEKP/structures/author_archive/protein structure datasets/Km/AlphaFold/P04053.pdb,external_methods/DEKP/structures/public_kcat/AlphaFold/P04053.pdb
public_kcat_train,P04176,exists,external_methods/DEKP/structures/author_archive/protein structure datasets/kcat/RCSB PDB/P04176.pdb,external_methods/DEKP/structures/public_kcat/AlphaFold/P04176.pdb
public_kcat_train,P04177,exists,external_methods/DEKP/structures/author_archive/protein structure datasets/Km/AlphaFold/P04177.pdb,external_methods/DEKP/structures/public_kcat/AlphaFold/P04177.pdb
public_kcat_train,P04183,exists,external_methods/DEKP/structures/author_archive/protein structure datasets/kcat/RCSB PDB/P04183.pdb,external_methods/DEKP/structures/public_kcat/AlphaFold/P04183.pdb
public_kcat_train,P04189,exists,external_methods/DEKP/structures/author_archive/protein structure datasets/kcat/RCSB PDB/P04189.pdb,external_methods/DEKP/structures/public_kcat/AlphaFold/P04189.pdb
public_kcat_train,P04190,exists,external_methods/DEKP/structures/author_archive/protein structure datasets/Km/AlphaFold/P04190.pdb,external_methods/DEKP/structures/public_kcat/AlphaFold/P04190.pdb
public_kcat_train,P04391,exists,external_methods/DEKP/structures/author_archive/protein structure datasets/kcat/RCSB PDB/P04391.pdb,external_methods/DEKP/structures/public_kcat/AlphaFold/P04391.pdb
public_kcat_train,P04694,exists,external_methods/DEKP/structures/author_archive/protein structure datasets/kcat/AlphaFold/P04694.pdb,external_methods/DEKP/structures/public_kcat/AlphaFold/P04694.pdb
public_kcat_train,P04746,exists,external_methods/DEKP/structures/author_archive/protein structure datasets/kcat/RCSB PDB/P04746.pdb,external_methods/DEKP/structures/public_kcat/AlphaFold/P04746.pdb
public_kcat_train,P04789,exists,external_methods/DEKP/structures/author_archive/protein structure datasets/kcat/RCSB PDB/P04789.pdb,external_methods/DEKP/structures/public_kcat/AlphaFold/P04789.pdb
public_kcat_train,P04804,exists,external_methods/DEKP/structures/author_archive/protein structure datasets/kcat/RCSB PDB/P04804.pdb,external_methods/DEKP/structures/public_kcat/AlphaFold/P04804.pdb
public_kcat_train,P04805,exists,external_methods/DEKP/structures/author_archive/protein structure datasets/kcat/AlphaFold/P04805.pdb,external_methods/DEKP/structures/public_kcat/AlphaFold/P04805.pdb
public_kcat_train,P04807,exists,external_methods/DEKP/structures/author_archive/protein structure datasets/kcat/RCSB PDB/P04807.pdb,external_methods/DEKP/structures/public_kcat/AlphaFold/P04807.pdb
public_kcat_train,P04818,exists,external_methods/DEKP/structures/author_archive/protein structure datasets/kcat/RCSB PDB/P04818.pdb,external_methods/DEKP/structures/public_kcat/AlphaFold/P04818.pdb
public_kcat_train,P04951,exists,external_methods/DEKP/structures/author_archive/protein structure datasets/kcat/RCSB PDB/P04951.pdb,external_methods/DEKP/structures/public_kcat/AlphaFold/P04951.pdb
public_kcat_train,P05020,exists,external_methods/DEKP/structures/author_archive/protein structure datasets/kcat/RCSB PDB/P05020.pdb,external_methods/DEKP/structures/public_kcat/AlphaFold/P05020.pdb
public_kcat_train,P05041,exists,external_methods/DEKP/structures/author_archive/protein structure datasets/kcat/RCSB PDB/P05041.pdb,external_methods/DEKP/structures/public_kcat/AlphaFold/P05041.pdb
public_kcat_train,P05042,exists,external_methods/DEKP/structures/author_archive/protein structure datasets/kcat/RCSB PDB/P05042.pdb,external_methods/DEKP/structures/public_kcat/AlphaFold/P05042.pdb
public_kcat_train,P05062,exists,external_methods/DEKP/structures/author_archive/protein structure datasets/kcat/RCSB PDB/P05062.pdb,external_methods/DEKP/structures/public_kcat/AlphaFold/P05062.pdb
public_kcat_train,P05081,exists,external_methods/DEKP/structures/author_archive/protein structure datasets/kcat/AlphaFold/P05081.pdb,external_methods/DEKP/structures/public_kcat/AlphaFold/P05081.pdb
public_kcat_train,P05091,exists,external_methods/DEKP/structures/author_archive/protein structure datasets/kcat/RCSB PDB/P05091.pdb,external_methods/DEKP/structures/public_kcat/AlphaFold/P05091.pdb
public_kcat_train,P05093,exists,external_methods/DEKP/structures/author_archive/protein structure datasets/kcat/RCSB PDB/P05093.pdb,external_methods/DEKP/structures/public_kcat/AlphaFold/P05093.pdb
public_kcat_train,P05108,exists,external_methods/DEKP/structures/author_archive/protein structure datasets/kcat/RCSB PDB/P05108.pdb,external_methods/DEKP/structures/public_kcat/AlphaFold/P05108.pdb
public_kcat_train,P05177,exists,external_methods/DEKP/structures/author_archive/protein structure datasets/kcat/RCSB PDB/P05177.pdb,external_methods/DEKP/structures/public_kcat/AlphaFold/P05177.pdb
public_kcat_train,P05183,exists,external_methods/DEKP/structures/author_archive/protein structure datasets/kcat/AlphaFold/P05183.pdb,external_methods/DEKP/structures/public_kcat/AlphaFold/P05183.pdb
public_kcat_train,P05189,exists,external_methods/DEKP/structures/author_archive/protein structure datasets/kcat/AlphaFold/P05189.pdb,external_methods/DEKP/structures/public_kcat/AlphaFold/P05189.pdb
public_kcat_train,P05193,exists,external_methods/DEKP/structures/author_archive/protein structure datasets/kcat/AlphaFold/P05193.pdb,external_methods/DEKP/structures/public_kcat/AlphaFold/P05193.pdb
public_kcat_train,P05364,exists,external_methods/DEKP/structures/author_archive/protein structure datasets/kcat/RCSB PDB/P05364.pdb,external_methods/DEKP/structures/public_kcat/AlphaFold/P05364.pdb
public_kcat_train,P05655,exists,external_methods/DEKP/structures/author_archive/protein structure datasets/kcat/RCSB PDB/P05655.pdb,external_methods/DEKP/structures/public_kcat/AlphaFold/P05655.pdb
public_kcat_train,P05793,exists,external_methods/DEKP/structures/author_archive/protein structure datasets/kcat/RCSB PDB/P05793.pdb,external_methods/DEKP/structures/public_kcat/AlphaFold/P05793.pdb
public_kcat_train,P05804,exists,external_methods/DEKP/structures/author_archive/protein structure datasets/kcat/RCSB PDB/P05804.pdb,external_methods/DEKP/structures/public_kcat/AlphaFold/P05804.pdb
public_kcat_train,P05979,exists,external_methods/DEKP/structures/author_archive/protein structure datasets/kcat/RCSB PDB/P05979.pdb,external_methods/DEKP/structures/public_kcat/AlphaFold/P05979.pdb
public_kcat_train,P06276,exists,external_methods/DEKP/structures/author_archive/protein structure datasets/kcat/RCSB PDB/P06276.pdb,external_methods/DEKP/structures/public_kcat/AlphaFold/P06276.pdb
public_kcat_train,P06617,exists,external_methods/DEKP/structures/author_archive/protein structure datasets/kcat/RCSB PDB/P06617.pdb,external_methods/DEKP/structures/public_kcat/AlphaFold/P06617.pdb
public_kcat_train,P06632,exists,external_methods/DEKP/structures/author_archive/protein structure datasets/kcat/RCSB PDB/P06632.pdb,external_methods/DEKP/structures/public_kcat/AlphaFold/P06632.pdb
public_kcat_train,P06672,exists,external_methods/DEKP/structures/author_archive/protein structure datasets/kcat/RCSB PDB/P06672.pdb,external_methods/DEKP/structures/public_kcat/AlphaFold/P06672.pdb
public_kcat_train,P06715,exists,external_methods/DEKP/structures/author_archive/protein structure datasets/kcat/RCSB PDB/P06715.pdb,external_methods/DEKP/structures/public_kcat/AlphaFold/P06715.pdb
public_kcat_train,P06732,exists,external_methods/DEKP/structures/author_archive/protein structure datasets/kcat/RCSB PDB/P06732.pdb,external_methods/DEKP/structures/public_kcat/AlphaFold/P06732.pdb
public_kcat_train,P06744,exists,external_methods/DEKP/structures/author_archive/protein structure datasets/kcat/RCSB PDB/P06744.pdb,external_methods/DEKP/structures/public_kcat/AlphaFold/P06744.pdb
public_kcat_train,P06795,exists,external_methods/DEKP/structures/author_archive/protein structure datasets/kcat/AlphaFold/P06795.pdb,external_methods/DEKP/structures/public_kcat/AlphaFold/P06795.pdb
public_kcat_train,P06802,exists,external_methods/DEKP/structures/author_archive/protein structure datasets/kcat/RCSB PDB/P06802.pdb,external_methods/DEKP/structures/public_kcat/AlphaFold/P06802.pdb
public_kcat_train,P06875,exists,external_methods/DEKP/structures/author_archive/protein structure datasets/Km/AlphaFold/P06875.pdb,external_methods/DEKP/structures/public_kcat/AlphaFold/P06875.pdb
public_kcat_train,P06961,exists,external_methods/DEKP/structures/author_archive/protein structure datasets/kcat/AlphaFold/P06961.pdb,external_methods/DEKP/structures/public_kcat/AlphaFold/P06961.pdb
public_kcat_train,P06999,exists,external_methods/DEKP/structures/author_archive/protein structure datasets/kcat/RCSB PDB/P06999.pdb,external_methods/DEKP/structures/public_kcat/AlphaFold/P06999.pdb
public_kcat_train,P07023,exists,external_methods/DEKP/structures/author_archive/protein structure datasets/kcat/AlphaFold/P07023.pdb,external_methods/DEKP/structures/public_kcat/AlphaFold/P07023.pdb
public_kcat_train,P07097,exists,external_methods/DEKP/structures/author_archive/protein structure datasets/kcat/RCSB PDB/P07097.pdb,external_methods/DEKP/structures/public_kcat/AlphaFold/P07097.pdb
public_kcat_train,P07118,exists,external_methods/DEKP/structures/author_archive/protein structure datasets/kcat/AlphaFold/P07118.pdb,external_methods/DEKP/structures/public_kcat/AlphaFold/P07118.pdb
public_kcat_train,P07195,exists,external_methods/DEKP/structures/author_archive/protein structure datasets/kcat/RCSB PDB/P07195.pdb,external_methods/DEKP/structures/public_kcat/AlphaFold/P07195.pdb
public_kcat_train,P07382,exists,external_methods/DEKP/structures/author_archive/protein structure datasets/kcat/AlphaFold/P07382.pdb,external_methods/DEKP/structures/public_kcat/AlphaFold/P07382.pdb
public_kcat_train,P07511,exists,external_methods/DEKP/structures/author_archive/protein structure datasets/kcat/RCSB PDB/P07511.pdb,external_methods/DEKP/structures/public_kcat/AlphaFold/P07511.pdb
public_kcat_train,P07623,exists,external_methods/DEKP/structures/author_archive/protein structure datasets/kcat/RCSB PDB/P07623.pdb,external_methods/DEKP/structures/public_kcat/AlphaFold/P07623.pdb
public_kcat_train,P07702,exists,external_methods/DEKP/structures/author_archive/protein structure datasets/kcat/AlphaFold/P07702.pdb,external_methods/DEKP/structures/public_kcat/AlphaFold/P07702.pdb
public_kcat_train,P07805,exists,external_methods/DEKP/structures/author_archive/protein structure datasets/kcat/RCSB PDB/P07805.pdb,external_methods/DEKP/structures/public_kcat/AlphaFold/P07805.pdb
public_kcat_train,P07811,exists,external_methods/DEKP/structures/author_archive/protein structure datasets/kcat/RCSB PDB/P07811.pdb,external_methods/DEKP/structures/public_kcat/AlphaFold/P07811.pdb
public_kcat_train,P07813,exists,external_methods/DEKP/structures/author_archive/protein structure datasets/kcat/RCSB PDB/P07813.pdb,external_methods/DEKP/structures/public_kcat/AlphaFold/P07813.pdb
public_kcat_train,P07824,exists,external_methods/DEKP/structures/author_archive/protein structure datasets/kcat/RCSB PDB/P07824.pdb,external_methods/DEKP/structures/public_kcat/AlphaFold/P07824.pdb
public_kcat_train,P07846,exists,external_methods/DEKP/structures/author_archive/protein structure datasets/kcat/RCSB PDB/P07846.pdb,external_methods/DEKP/structures/public_kcat/AlphaFold/P07846.pdb
public_kcat_train,P07874,exists,external_methods/DEKP/structures/author_archive/protein structure datasets/kcat/AlphaFold/P07874.pdb,external_methods/DEKP/structures/public_kcat/AlphaFold/P07874.pdb
public_kcat_train,P07896,exists,external_methods/DEKP/structures/author_archive/protein structure datasets/kcat/RCSB PDB/P07896.pdb,external_methods/DEKP/structures/public_kcat/AlphaFold/P07896.pdb
public_kcat_train,P07913,exists,external_methods/DEKP/structures/author_archive/protein structure datasets/kcat/AlphaFold/P07913.pdb,external_methods/DEKP/structures/public_kcat/AlphaFold/P07913.pdb
public_kcat_train,P07941,exists,external_methods/DEKP/structures/author_archive/protein structure datasets/Km/AlphaFold/P07941.pdb,external_methods/DEKP/structures/public_kcat/AlphaFold/P07941.pdb
public_kcat_train,P07943,exists,external_methods/DEKP/structures/author_archive/protein structure datasets/kcat/AlphaFold/P07943.pdb,external_methods/DEKP/structures/public_kcat/AlphaFold/P07943.pdb
public_kcat_train,P07954,exists,external_methods/DEKP/structures/author_archive/protein structure datasets/kcat/RCSB PDB/P07954.pdb,external_methods/DEKP/structures/public_kcat/AlphaFold/P07954.pdb
public_kcat_train,P08037,exists,external_methods/DEKP/structures/author_archive/protein structure datasets/Km/AlphaFold/P08037.pdb,external_methods/DEKP/structures/public_kcat/AlphaFold/P08037.pdb
public_kcat_train,P08074,exists,external_methods/DEKP/structures/author_archive/protein structure datasets/kcat/RCSB PDB/P08074.pdb,external_methods/DEKP/structures/public_kcat/AlphaFold/P08074.pdb
public_kcat_train,P08170,exists,external_methods/DEKP/structures/author_archive/protein structure datasets/kcat/RCSB PDB/P08170.pdb,external_methods/DEKP/structures/public_kcat/AlphaFold/P08170.pdb
public_kcat_train,P08179,exists,external_methods/DEKP/structures/author_archive/protein structure datasets/kcat/RCSB PDB/P08179.pdb,external_methods/DEKP/structures/public_kcat/AlphaFold/P08179.pdb
public_kcat_train,P08200,exists,external_methods/DEKP/structures/author_archive/protein structure datasets/kcat/RCSB PDB/P08200.pdb,external_methods/DEKP/structures/public_kcat/AlphaFold/P08200.pdb
public_kcat_train,P08203,exists,external_methods/DEKP/structures/author_archive/protein structure datasets/kcat/RCSB PDB/P08203.pdb,external_methods/DEKP/structures/public_kcat/AlphaFold/P08203.pdb
public_kcat_train,P08244,exists,external_methods/DEKP/structures/author_archive/protein structure datasets/kcat/RCSB PDB/P08244.pdb,external_methods/DEKP/structures/public_kcat/AlphaFold/P08244.pdb
public_kcat_train,P08263,exists,external_methods/DEKP/structures/author_archive/protein structure datasets/kcat/RCSB PDB/P08263.pdb,external_methods/DEKP/structures/public_kcat/AlphaFold/P08263.pdb
public_kcat_train,P08310,exists,external_methods/DEKP/structures/author_archive/protein structure datasets/kcat/RCSB PDB/P08310.pdb,external_methods/DEKP/structures/public_kcat/AlphaFold/P08310.pdb
public_kcat_train,P08319,exists,external_methods/DEKP/structures/author_archive/protein structure datasets/kcat/RCSB PDB/P08319.pdb,external_methods/DEKP/structures/public_kcat/AlphaFold/P08319.pdb
public_kcat_train,P08373,exists,external_methods/DEKP/structures/author_archive/protein structure datasets/kcat/RCSB PDB/P08373.pdb,external_methods/DEKP/structures/public_kcat/AlphaFold/P08373.pdb
public_kcat_train,P08503,exists,external_methods/DEKP/structures/author_archive/protein structure datasets/kcat/AlphaFold/P08503.pdb,external_methods/DEKP/structures/public_kcat/AlphaFold/P08503.pdb
public_kcat_train,P08507,exists,external_methods/DEKP/structures/author_archive/protein structure datasets/kcat/AlphaFold/P08507.pdb,external_methods/DEKP/structures/public_kcat/AlphaFold/P08507.pdb
public_kcat_train,P08536,exists,external_methods/DEKP/structures/author_archive/protein structure datasets/kcat/RCSB PDB/P08536.pdb,external_methods/DEKP/structures/public_kcat/AlphaFold/P08536.pdb
public_kcat_train,P08659,exists,external_methods/DEKP/structures/author_archive/protein structure datasets/kcat/RCSB PDB/P08659.pdb,external_methods/DEKP/structures/public_kcat/AlphaFold/P08659.pdb
public_kcat_train,P08660,exists,external_methods/DEKP/structures/author_archive/protein structure datasets/kcat/RCSB PDB/P08660.pdb,external_methods/DEKP/structures/public_kcat/AlphaFold/P08660.pdb
public_kcat_train,P08684,exists,external_methods/DEKP/structures/author_archive/protein structure datasets/kcat/RCSB PDB/P08684.pdb,external_methods/DEKP/structures/public_kcat/AlphaFold/P08684.pdb
public_kcat_train,P08839,exists,external_methods/DEKP/structures/author_archive/protein structure datasets/kcat/AlphaFold/P08839.pdb,external_methods/DEKP/structures/public_kcat/AlphaFold/P08839.pdb
public_kcat_train,P08870,exists,external_methods/DEKP/structures/author_archive/protein structure datasets/kcat/RCSB PDB/P08870.pdb,external_methods/DEKP/structures/public_kcat/AlphaFold/P08870.pdb
public_kcat_train,P08955,exists,external_methods/DEKP/structures/author_archive/protein structure datasets/kcat/AlphaFold/P08955.pdb,external_methods/DEKP/structures/public_kcat/AlphaFold/P08955.pdb
public_kcat_train,P09029,exists,external_methods/DEKP/structures/author_archive/protein structure datasets/kcat/RCSB PDB/P09029.pdb,external_methods/DEKP/structures/public_kcat/AlphaFold/P09029.pdb
public_kcat_train,P09126,exists,external_methods/DEKP/structures/author_archive/protein structure datasets/kcat/AlphaFold/P09126.pdb,external_methods/DEKP/structures/public_kcat/AlphaFold/P09126.pdb
public_kcat_train,P09148,exists,external_methods/DEKP/structures/author_archive/protein structure datasets/kcat/RCSB PDB/P09148.pdb,external_methods/DEKP/structures/public_kcat/AlphaFold/P09148.pdb
public_kcat_train,P09404,exists,external_methods/DEKP/structures/author_archive/protein structure datasets/kcat/AlphaFold/P09404.pdb,external_methods/DEKP/structures/public_kcat/AlphaFold/P09404.pdb
public_kcat_train,P09417,exists,external_methods/DEKP/structures/author_archive/protein structure datasets/kcat/RCSB PDB/P09417.pdb,external_methods/DEKP/structures/public_kcat/AlphaFold/P09417.pdb
public_kcat_train,P09598,exists,external_methods/DEKP/structures/author_archive/protein structure datasets/Km/AlphaFold/P09598.pdb,external_methods/DEKP/structures/public_kcat/AlphaFold/P09598.pdb
public_kcat_train,P09622,exists,external_methods/DEKP/structures/author_archive/protein structure datasets/kcat/RCSB PDB/P09622.pdb,external_methods/DEKP/structures/public_kcat/AlphaFold/P09622.pdb
public_kcat_train,P09810,exists,external_methods/DEKP/structures/author_archive/protein structure datasets/kcat/AlphaFold/P09810.pdb,external_methods/DEKP/structures/public_kcat/AlphaFold/P09810.pdb
public_kcat_train,P09850,exists,external_methods/DEKP/structures/author_archive/protein structure datasets/Km/AlphaFold/P09850.pdb,external_methods/DEKP/structures/public_kcat/AlphaFold/P09850.pdb
public_kcat_train,P09871,exists,external_methods/DEKP/structures/author_archive/protein structure datasets/kcat/AlphaFold/P09871.pdb,external_methods/DEKP/structures/public_kcat/AlphaFold/P09871.pdb
public_kcat_train,P09960,exists,external_methods/DEKP/structures/author_archive/protein structure datasets/kcat/RCSB PDB/P09960.pdb,external_methods/DEKP/structures/public_kcat/AlphaFold/P09960.pdb
public_kcat_train,P09972,exists,external_methods/DEKP/structures/author_archive/protein structure datasets/kcat/RCSB PDB/P09972.pdb,external_methods/DEKP/structures/public_kcat/AlphaFold/P09972.pdb
public_kcat_train,P0A006,exists,external_methods/DEKP/structures/author_archive/protein structure datasets/kcat/RCSB PDB/P0A006.pdb,external_methods/DEKP/structures/public_kcat/AlphaFold/P0A006.pdb
public_kcat_train,P0A3C4,exists,external_methods/DEKP/structures/author_archive/protein structure datasets/kcat/AlphaFold/P0A3C4.pdb,external_methods/DEKP/structures/public_kcat/AlphaFold/P0A3C4.pdb
public_kcat_train,P0A3G2,exists,external_methods/DEKP/structures/author_archive/protein structure datasets/kcat/RCSB PDB/P0A3G2.pdb,external_methods/DEKP/structures/public_kcat/AlphaFold/P0A3G2.pdb
public_kcat_train,P0A3Y5,exists,external_methods/DEKP/structures/author_archive/protein structure datasets/kcat/RCSB PDB/P0A3Y5.pdb,external_methods/DEKP/structures/public_kcat/AlphaFold/P0A3Y5.pdb
public_kcat_train,P0A434,exists,external_methods/DEKP/structures/author_archive/protein structure datasets/kcat/RCSB PDB/P0A434.pdb,external_methods/DEKP/structures/public_kcat/AlphaFold/P0A434.pdb
public_kcat_train,P0A4X6,exists,external_methods/DEKP/structures/author_archive/protein structure datasets/kcat/RCSB PDB/P0A4X6.pdb,external_methods/DEKP/structures/public_kcat/AlphaFold/P0A4X6.pdb
public_kcat_train,P0A4Z2,exists,external_methods/DEKP/structures/author_archive/protein structure datasets/kcat/AlphaFold/P0A4Z2.pdb,external_methods/DEKP/structures/public_kcat/AlphaFold/P0A4Z2.pdb
public_kcat_train,P0A5R0,exists,external_methods/DEKP/structures/author_archive/protein structure datasets/kcat/AlphaFold/P0A5R0.pdb,external_methods/DEKP/structures/public_kcat/AlphaFold/P0A5R0.pdb
public_kcat_train,P0A6B4,exists,external_methods/DEKP/structures/author_archive/protein structure datasets/kcat/RCSB PDB/P0A6B4.pdb,external_methods/DEKP/structures/public_kcat/AlphaFold/P0A6B4.pdb
public_kcat_train,P0A6D3,exists,external_methods/DEKP/structures/author_archive/protein structure datasets/kcat/RCSB PDB/P0A6D3.pdb,external_methods/DEKP/structures/public_kcat/AlphaFold/P0A6D3.pdb
public_kcat_train,P0A6D5,exists,external_methods/DEKP/structures/author_archive/protein structure datasets/kcat/RCSB PDB/P0A6D5.pdb,external_methods/DEKP/structures/public_kcat/AlphaFold/P0A6D5.pdb
public_kcat_train,P0A6F5,exists,external_methods/DEKP/structures/author_archive/protein structure datasets/kcat/RCSB PDB/P0A6F5.pdb,external_methods/DEKP/structures/public_kcat/AlphaFold/P0A6F5.pdb
public_kcat_train,P0A6I0,exists,external_methods/DEKP/structures/author_archive/protein structure datasets/kcat/RCSB PDB/P0A6I0.pdb,external_methods/DEKP/structures/public_kcat/AlphaFold/P0A6I0.pdb
public_kcat_train,P0A6I3,exists,external_methods/DEKP/structures/author_archive/protein structure datasets/kcat/RCSB PDB/P0A6I3.pdb,external_methods/DEKP/structures/public_kcat/AlphaFold/P0A6I3.pdb
public_kcat_train,P0A6I6,exists,external_methods/DEKP/structures/author_archive/protein structure datasets/kcat/RCSB PDB/P0A6I6.pdb,external_methods/DEKP/structures/public_kcat/AlphaFold/P0A6I6.pdb
public_kcat_train,P0A6K1,exists,external_methods/DEKP/structures/author_archive/protein structure datasets/kcat/RCSB PDB/P0A6K1.pdb,external_methods/DEKP/structures/public_kcat/AlphaFold/P0A6K1.pdb
public_kcat_train,P0A6K3,exists,external_methods/DEKP/structures/author_archive/protein structure datasets/kcat/RCSB PDB/P0A6K3.pdb,external_methods/DEKP/structures/public_kcat/AlphaFold/P0A6K3.pdb
public_kcat_train,P0A6L0,exists,external_methods/DEKP/structures/author_archive/protein structure datasets/kcat/RCSB PDB/P0A6L0.pdb,external_methods/DEKP/structures/public_kcat/AlphaFold/P0A6L0.pdb
public_kcat_train,P0A6L2,exists,external_methods/DEKP/structures/author_archive/protein structure datasets/kcat/RCSB PDB/P0A6L2.pdb,external_methods/DEKP/structures/public_kcat/AlphaFold/P0A6L2.pdb
public_kcat_train,P0A6L4,exists,external_methods/DEKP/structures/author_archive/protein structure datasets/kcat/RCSB PDB/P0A6L4.pdb,external_methods/DEKP/structures/public_kcat/AlphaFold/P0A6L4.pdb
public_kcat_train,P0A6T3,exists,external_methods/DEKP/structures/author_archive/protein structure datasets/kcat/AlphaFold/P0A6T3.pdb,external_methods/DEKP/structures/public_kcat/AlphaFold/P0A6T3.pdb
public_kcat_train,P0A6V8,exists,external_methods/DEKP/structures/author_archive/protein structure datasets/kcat/AlphaFold/P0A6V8.pdb,external_methods/DEKP/structures/public_kcat/AlphaFold/P0A6V8.pdb
public_kcat_train,P0A6X1,exists,external_methods/DEKP/structures/author_archive/protein structure datasets/kcat/AlphaFold/P0A6X1.pdb,external_methods/DEKP/structures/public_kcat/AlphaFold/P0A6X1.pdb
public_kcat_train,P0A715,exists,external_methods/DEKP/structures/author_archive/protein structure datasets/kcat/RCSB PDB/P0A715.pdb,external_methods/DEKP/structures/public_kcat/AlphaFold/P0A715.pdb
public_kcat_train,P0A720,exists,external_methods/DEKP/structures/author_archive/protein structure datasets/kcat/RCSB PDB/P0A720.pdb,external_methods/DEKP/structures/public_kcat/AlphaFold/P0A720.pdb
public_kcat_train,P0A725,exists,external_methods/DEKP/structures/author_archive/protein structure datasets/kcat/RCSB PDB/P0A725.pdb,external_methods/DEKP/structures/public_kcat/AlphaFold/P0A725.pdb
public_kcat_train,P0A731,exists,external_methods/DEKP/structures/author_archive/protein structure datasets/kcat/RCSB PDB/P0A731.pdb,external_methods/DEKP/structures/public_kcat/AlphaFold/P0A731.pdb
public_kcat_train,P0A759,exists,external_methods/DEKP/structures/author_archive/protein structure datasets/kcat/RCSB PDB/P0A759.pdb,external_methods/DEKP/structures/public_kcat/AlphaFold/P0A759.pdb
public_kcat_train,P0A790,exists,external_methods/DEKP/structures/author_archive/protein structure datasets/kcat/RCSB PDB/P0A790.pdb,external_methods/DEKP/structures/public_kcat/AlphaFold/P0A790.pdb
public_kcat_train,P0A7B1,exists,external_methods/DEKP/structures/author_archive/protein structure datasets/kcat/RCSB PDB/P0A7B1.pdb,external_methods/DEKP/structures/public_kcat/AlphaFold/P0A7B1.pdb
public_kcat_train,P0A7B3,exists,external_methods/DEKP/structures/author_archive/protein structure datasets/kcat/AlphaFold/P0A7B3.pdb,external_methods/DEKP/structures/public_kcat/AlphaFold/P0A7B3.pdb
public_kcat_train,P0A7D4,exists,external_methods/DEKP/structures/author_archive/protein structure datasets/kcat/RCSB PDB/P0A7D4.pdb,external_methods/DEKP/structures/public_kcat/AlphaFold/P0A7D4.pdb
public_kcat_train,P0A7E5,exists,external_methods/DEKP/structures/author_archive/protein structure datasets/kcat/RCSB PDB/P0A7E5.pdb,external_methods/DEKP/structures/public_kcat/AlphaFold/P0A7E5.pdb
public_kcat_train,P0A817,exists,external_methods/DEKP/structures/author_archive/protein structure datasets/kcat/RCSB PDB/P0A817.pdb,external_methods/DEKP/structures/public_kcat/AlphaFold/P0A817.pdb
public_kcat_train,P0A825,exists,external_methods/DEKP/structures/author_archive/protein structure datasets/kcat/RCSB PDB/P0A825.pdb,external_methods/DEKP/structures/public_kcat/AlphaFold/P0A825.pdb
public_kcat_train,P0A840,exists,external_methods/DEKP/structures/author_archive/protein structure datasets/kcat/AlphaFold/P0A840.pdb,external_methods/DEKP/structures/public_kcat/AlphaFold/P0A840.pdb
public_kcat_train,P0A847,exists,external_methods/DEKP/structures/author_archive/protein structure datasets/kcat/AlphaFold/P0A847.pdb,external_methods/DEKP/structures/public_kcat/AlphaFold/P0A847.pdb
public_kcat_train,P0A886,exists,external_methods/DEKP/structures/author_archive/protein structure datasets/kcat/RCSB PDB/P0A886.pdb,external_methods/DEKP/structures/public_kcat/AlphaFold/P0A886.pdb
public_kcat_train,P0A8F0,exists,external_methods/DEKP/structures/author_archive/protein structure datasets/kcat/RCSB PDB/P0A8F0.pdb,external_methods/DEKP/structures/public_kcat/AlphaFold/P0A8F0.pdb
public_kcat_train,P0A8G6,exists,external_methods/DEKP/structures/author_archive/protein structure datasets/kcat/RCSB PDB/P0A8G6.pdb,external_methods/DEKP/structures/public_kcat/AlphaFold/P0A8G6.pdb
public_kcat_train,P0A8M4,exists,external_methods/DEKP/structures/author_archive/protein structure datasets/kcat/AlphaFold/P0A8M4.pdb,external_methods/DEKP/structures/public_kcat/AlphaFold/P0A8M4.pdb
public_kcat_train,P0A8Y1,exists,external_methods/DEKP/structures/author_archive/protein structure datasets/kcat/AlphaFold/P0A8Y1.pdb,external_methods/DEKP/structures/public_kcat/AlphaFold/P0A8Y1.pdb
public_kcat_train,P0A991,exists,external_methods/DEKP/structures/author_archive/protein structure datasets/kcat/AlphaFold/P0A991.pdb,external_methods/DEKP/structures/public_kcat/AlphaFold/P0A991.pdb
public_kcat_train,P0A9B2,exists,external_methods/DEKP/structures/author_archive/protein structure datasets/kcat/RCSB PDB/P0A9B2.pdb,external_methods/DEKP/structures/public_kcat/AlphaFold/P0A9B2.pdb
public_kcat_train,P0A9B6,exists,external_methods/DEKP/structures/author_archive/protein structure datasets/kcat/RCSB PDB/P0A9B6.pdb,external_methods/DEKP/structures/public_kcat/AlphaFold/P0A9B6.pdb
public_kcat_train,P0A9C5,exists,external_methods/DEKP/structures/author_archive/protein structure datasets/kcat/AlphaFold/P0A9C5.pdb,external_methods/DEKP/structures/public_kcat/AlphaFold/P0A9C5.pdb
public_kcat_train,P0A9D4,exists,external_methods/DEKP/structures/author_archive/protein structure datasets/kcat/RCSB PDB/P0A9D4.pdb,external_methods/DEKP/structures/public_kcat/AlphaFold/P0A9D4.pdb
public_kcat_train,P0A9D8,exists,external_methods/DEKP/structures/author_archive/protein structure datasets/kcat/AlphaFold/P0A9D8.pdb,external_methods/DEKP/structures/public_kcat/AlphaFold/P0A9D8.pdb
public_kcat_train,P0A9H7,exists,external_methods/DEKP/structures/author_archive/protein structure datasets/kcat/AlphaFold/P0A9H7.pdb,external_methods/DEKP/structures/public_kcat/AlphaFold/P0A9H7.pdb
public_kcat_train,P0A9J4,exists,external_methods/DEKP/structures/author_archive/protein structure datasets/kcat/RCSB PDB/P0A9J4.pdb,external_methods/DEKP/structures/public_kcat/AlphaFold/P0A9J4.pdb
public_kcat_train,P0A9J8,exists,external_methods/DEKP/structures/author_archive/protein structure datasets/kcat/AlphaFold/P0A9J8.pdb,external_methods/DEKP/structures/public_kcat/AlphaFold/P0A9J8.pdb
public_kcat_train,P0A9M8,exists,external_methods/DEKP/structures/author_archive/protein structure datasets/Km/AlphaFold/P0A9M8.pdb,external_methods/DEKP/structures/public_kcat/AlphaFold/P0A9M8.pdb
public_kcat_train,P0A9P0,exists,external_methods/DEKP/structures/author_archive/protein structure datasets/kcat/RCSB PDB/P0A9P0.pdb,external_methods/DEKP/structures/public_kcat/AlphaFold/P0A9P0.pdb
public_kcat_train,P0A9Q9,exists,external_methods/DEKP/structures/author_archive/protein structure datasets/kcat/RCSB PDB/P0A9Q9.pdb,external_methods/DEKP/structures/public_kcat/AlphaFold/P0A9Q9.pdb
public_kcat_train,P0A9S5,exists,external_methods/DEKP/structures/author_archive/protein structure datasets/kcat/RCSB PDB/P0A9S5.pdb,external_methods/DEKP/structures/public_kcat/AlphaFold/P0A9S5.pdb
public_kcat_train,P0A9T2,exists,external_methods/DEKP/structures/author_archive/protein structure datasets/kcat/AlphaFold/P0A9T2.pdb,external_methods/DEKP/structures/public_kcat/AlphaFold/P0A9T2.pdb
public_kcat_train,P0AB65,exists,external_methods/DEKP/structures/author_archive/protein structure datasets/kcat/RCSB PDB/P0AB65.pdb,external_methods/DEKP/structures/public_kcat/AlphaFold/P0AB65.pdb
public_kcat_train,P0AB71,exists,external_methods/DEKP/structures/author_archive/protein structure datasets/kcat/RCSB PDB/P0AB71.pdb,external_methods/DEKP/structures/public_kcat/AlphaFold/P0AB71.pdb
public_kcat_train,P0AB74,exists,external_methods/DEKP/structures/author_archive/protein structure datasets/kcat/RCSB PDB/P0AB74.pdb,external_methods/DEKP/structures/public_kcat/AlphaFold/P0AB74.pdb
public_kcat_train,P0AB87,exists,external_methods/DEKP/structures/author_archive/protein structure datasets/kcat/RCSB PDB/P0AB87.pdb,external_methods/DEKP/structures/public_kcat/AlphaFold/P0AB87.pdb
public_kcat_train,P0ABH7,exists,external_methods/DEKP/structures/author_archive/protein structure datasets/kcat/RCSB PDB/P0ABH7.pdb,external_methods/DEKP/structures/public_kcat/AlphaFold/P0ABH7.pdb
public_kcat_train,P0ABK9,exists,external_methods/DEKP/structures/author_archive/protein structure datasets/kcat/RCSB PDB/P0ABK9.pdb,external_methods/DEKP/structures/public_kcat/AlphaFold/P0ABK9.pdb
public_kcat_train,P0ABQ0,exists,external_methods/DEKP/structures/author_archive/protein structure datasets/Km/AlphaFold/P0ABQ0.pdb,external_methods/DEKP/structures/public_kcat/AlphaFold/P0ABQ0.pdb
public_kcat_train,P0ABR9,exists,external_methods/DEKP/structures/author_archive/protein structure datasets/kcat/AlphaFold/P0ABR9.pdb,external_methods/DEKP/structures/public_kcat/AlphaFold/P0ABR9.pdb
public_kcat_train,P0AC38,exists,external_methods/DEKP/structures/author_archive/protein structure datasets/kcat/RCSB PDB/P0AC38.pdb,external_methods/DEKP/structures/public_kcat/AlphaFold/P0AC38.pdb
public_kcat_train,P0AC53,exists,external_methods/DEKP/structures/author_archive/protein structure datasets/kcat/AlphaFold/P0AC53.pdb,external_methods/DEKP/structures/public_kcat/AlphaFold/P0AC53.pdb
public_kcat_train,P0AC84,exists,external_methods/DEKP/structures/author_archive/protein structure datasets/kcat/RCSB PDB/P0AC84.pdb,external_methods/DEKP/structures/public_kcat/AlphaFold/P0AC84.pdb
public_kcat_train,P0ACA7,exists,external_methods/DEKP/structures/author_archive/protein structure datasets/kcat/AlphaFold/P0ACA7.pdb,external_methods/DEKP/structures/public_kcat/AlphaFold/P0ACA7.pdb
public_kcat_train,P0ACB2,exists,external_methods/DEKP/structures/author_archive/protein structure datasets/kcat/RCSB PDB/P0ACB2.pdb,external_methods/DEKP/structures/public_kcat/AlphaFold/P0ACB2.pdb
public_kcat_train,P0ACB4,exists,external_methods/DEKP/structures/author_archive/protein structure datasets/kcat/AlphaFold/P0ACB4.pdb,external_methods/DEKP/structures/public_kcat/AlphaFold/P0ACB4.pdb
public_kcat_train,P0ACC7,exists,external_methods/DEKP/structures/author_archive/protein structure datasets/kcat/RCSB PDB/P0ACC7.pdb,external_methods/DEKP/structures/public_kcat/AlphaFold/P0ACC7.pdb
public_kcat_train,P0ACV0,exists,external_methods/DEKP/structures/author_archive/protein structure datasets/kcat/AlphaFold/P0ACV0.pdb,external_methods/DEKP/structures/public_kcat/AlphaFold/P0ACV0.pdb
public_kcat_train,P0AD57,exists,external_methods/DEKP/structures/author_archive/protein structure datasets/kcat/RCSB PDB/P0AD57.pdb,external_methods/DEKP/structures/public_kcat/AlphaFold/P0AD57.pdb
public_kcat_train,P0AD61,exists,external_methods/DEKP/structures/author_archive/protein structure datasets/kcat/RCSB PDB/P0AD61.pdb,external_methods/DEKP/structures/public_kcat/AlphaFold/P0AD61.pdb
public_kcat_train,P0AD64,exists,external_methods/DEKP/structures/author_archive/protein structure datasets/kcat/RCSB PDB/P0AD64.pdb,external_methods/DEKP/structures/public_kcat/AlphaFold/P0AD64.pdb
public_kcat_train,P0ADA1,exists,external_methods/DEKP/structures/author_archive/protein structure datasets/Km/AlphaFold/P0ADA1.pdb,external_methods/DEKP/structures/public_kcat/AlphaFold/P0ADA1.pdb
public_kcat_train,P0ADG1,exists,external_methods/DEKP/structures/author_archive/protein structure datasets/kcat/AlphaFold/P0ADG1.pdb,external_methods/DEKP/structures/public_kcat/AlphaFold/P0ADG1.pdb
public_kcat_train,P0ADG4,exists,external_methods/DEKP/structures/author_archive/protein structure datasets/kcat/RCSB PDB/P0ADG4.pdb,external_methods/DEKP/structures/public_kcat/AlphaFold/P0ADG4.pdb
public_kcat_train,P0ADG7,exists,external_methods/DEKP/structures/author_archive/protein structure datasets/kcat/AlphaFold/P0ADG7.pdb,external_methods/DEKP/structures/public_kcat/AlphaFold/P0ADG7.pdb
public_kcat_train,P0ADI4,exists,external_methods/DEKP/structures/author_archive/protein structure datasets/kcat/RCSB PDB/P0ADI4.pdb,external_methods/DEKP/structures/public_kcat/AlphaFold/P0ADI4.pdb
public_kcat_train,P0AE18,exists,external_methods/DEKP/structures/author_archive/protein structure datasets/kcat/RCSB PDB/P0AE18.pdb,external_methods/DEKP/structures/public_kcat/AlphaFold/P0AE18.pdb
public_kcat_train,P0AE22,exists,external_methods/DEKP/structures/author_archive/protein structure datasets/Km/AlphaFold/P0AE22.pdb,external_methods/DEKP/structures/public_kcat/AlphaFold/P0AE22.pdb
public_kcat_train,P0AEJ2,exists,external_methods/DEKP/structures/author_archive/protein structure datasets/kcat/RCSB PDB/P0AEJ2.pdb,external_methods/DEKP/structures/public_kcat/AlphaFold/P0AEJ2.pdb
public_kcat_train,P0AEK4,exists,external_methods/DEKP/structures/author_archive/protein structure datasets/kcat/RCSB PDB/P0AEK4.pdb,external_methods/DEKP/structures/public_kcat/AlphaFold/P0AEK4.pdb
public_kcat_train,P0AEY3,exists,external_methods/DEKP/structures/author_archive/protein structure datasets/kcat/RCSB PDB/P0AEY3.pdb,external_methods/DEKP/structures/public_kcat/AlphaFold/P0AEY3.pdb
public_kcat_train,P0AEZ1,exists,external_methods/DEKP/structures/author_archive/protein structure datasets/kcat/RCSB PDB/P0AEZ1.pdb,external_methods/DEKP/structures/public_kcat/AlphaFold/P0AEZ1.pdb
public_kcat_train,P0AF12,exists,external_methods/DEKP/structures/author_archive/protein structure datasets/kcat/RCSB PDB/P0AF12.pdb,external_methods/DEKP/structures/public_kcat/AlphaFold/P0AF12.pdb
public_kcat_train,P0AFG8,exists,external_methods/DEKP/structures/author_archive/protein structure datasets/kcat/AlphaFold/P0AFG8.pdb,external_methods/DEKP/structures/public_kcat/AlphaFold/P0AFG8.pdb
public_kcat_train,P0AFI7,exists,external_methods/DEKP/structures/author_archive/protein structure datasets/kcat/RCSB PDB/P0AFI7.pdb,external_methods/DEKP/structures/public_kcat/AlphaFold/P0AFI7.pdb
public_kcat_train,P0AG18,exists,external_methods/DEKP/structures/author_archive/protein structure datasets/kcat/RCSB PDB/P0AG18.pdb,external_methods/DEKP/structures/public_kcat/AlphaFold/P0AG18.pdb
public_kcat_train,P0AGB0,exists,external_methods/DEKP/structures/author_archive/protein structure datasets/kcat/AlphaFold/P0AGB0.pdb,external_methods/DEKP/structures/public_kcat/AlphaFold/P0AGB0.pdb
public_kcat_train,P0AGJ9,exists,external_methods/DEKP/structures/author_archive/protein structure datasets/kcat/RCSB PDB/P0AGJ9.pdb,external_methods/DEKP/structures/public_kcat/AlphaFold/P0AGJ9.pdb
public_kcat_train,P0C0F4,exists,external_methods/DEKP/structures/author_archive/protein structure datasets/kcat/RCSB PDB/P0C0F4.pdb,external_methods/DEKP/structures/public_kcat/AlphaFold/P0C0F4.pdb
public_kcat_train,P0C0H6,exists,external_methods/DEKP/structures/author_archive/protein structure datasets/kcat/RCSB PDB/P0C0H6.pdb,external_methods/DEKP/structures/public_kcat/AlphaFold/P0C0H6.pdb
public_kcat_train,P0C0R7,exists,external_methods/DEKP/structures/author_archive/protein structure datasets/Km/AlphaFold/P0C0R7.pdb,external_methods/DEKP/structures/public_kcat/AlphaFold/P0C0R7.pdb
public_kcat_train,P0C0X1,exists,external_methods/DEKP/structures/author_archive/protein structure datasets/kcat/AlphaFold/P0C0X1.pdb,external_methods/DEKP/structures/public_kcat/AlphaFold/P0C0X1.pdb
public_kcat_train,P0C1A8,exists,external_methods/DEKP/structures/author_archive/protein structure datasets/kcat/RCSB PDB/P0C1A8.pdb,external_methods/DEKP/structures/public_kcat/AlphaFold/P0C1A8.pdb
public_kcat_train,P0C2D7,exists,external_methods/DEKP/structures/author_archive/protein structure datasets/kcat/AlphaFold/P0C2D7.pdb,external_methods/DEKP/structures/public_kcat/AlphaFold/P0C2D7.pdb
public_kcat_train,P0C2T7,exists,external_methods/DEKP/structures/author_archive/protein structure datasets/kcat/AlphaFold/P0C2T7.pdb,external_methods/DEKP/structures/public_kcat/AlphaFold/P0C2T7.pdb
public_kcat_train,P0C5C1,exists,external_methods/DEKP/structures/author_archive/protein structure datasets/kcat/AlphaFold/P0C5C1.pdb,external_methods/DEKP/structures/public_kcat/AlphaFold/P0C5C1.pdb
public_kcat_train,P0C882,exists,external_methods/DEKP/structures/author_archive/protein structure datasets/kcat/AlphaFold/P0C882.pdb,external_methods/DEKP/structures/public_kcat/AlphaFold/P0C882.pdb
public_kcat_train,P0C8P4,exists,external_methods/DEKP/structures/author_archive/protein structure datasets/kcat/AlphaFold/P0C8P4.pdb,external_methods/DEKP/structures/public_kcat/AlphaFold/P0C8P4.pdb
public_kcat_train,P0CH36,exists,external_methods/DEKP/structures/author_archive/protein structure datasets/kcat/AlphaFold/P0CH36.pdb,external_methods/DEKP/structures/public_kcat/AlphaFold/P0CH36.pdb
public_kcat_train,P0CH63,exists,external_methods/DEKP/structures/author_archive/protein structure datasets/kcat/AlphaFold/P0CH63.pdb,external_methods/DEKP/structures/public_kcat/AlphaFold/P0CH63.pdb
public_kcat_train,P0DI77,exists,external_methods/DEKP/structures/author_archive/protein structure datasets/kcat/AlphaFold/P0DI77.pdb,external_methods/DEKP/structures/public_kcat/AlphaFold/P0DI77.pdb
public_kcat_train,P10341,exists,external_methods/DEKP/structures/author_archive/protein structure datasets/kcat/AlphaFold/P10341.pdb,external_methods/DEKP/structures/public_kcat/AlphaFold/P10341.pdb
public_kcat_train,P10370,exists,external_methods/DEKP/structures/author_archive/protein structure datasets/kcat/AlphaFold/P10370.pdb,external_methods/DEKP/structures/public_kcat/AlphaFold/P10370.pdb
public_kcat_train,P10371,exists,external_methods/DEKP/structures/author_archive/protein structure datasets/kcat/AlphaFold/P10371.pdb,external_methods/DEKP/structures/public_kcat/AlphaFold/P10371.pdb
public_kcat_train,P10584,exists,external_methods/DEKP/structures/author_archive/protein structure datasets/kcat/RCSB PDB/P10584.pdb,external_methods/DEKP/structures/public_kcat/AlphaFold/P10584.pdb
public_kcat_train,P10619,exists,external_methods/DEKP/structures/author_archive/protein structure datasets/kcat/RCSB PDB/P10619.pdb,external_methods/DEKP/structures/public_kcat/AlphaFold/P10619.pdb
public_kcat_train,P10691,exists,external_methods/DEKP/structures/author_archive/protein structure datasets/kcat/AlphaFold/P10691.pdb,external_methods/DEKP/structures/public_kcat/AlphaFold/P10691.pdb
public_kcat_train,P10724,exists,external_methods/DEKP/structures/author_archive/protein structure datasets/kcat/RCSB PDB/P10724.pdb,external_methods/DEKP/structures/public_kcat/AlphaFold/P10724.pdb
public_kcat_train,P10807,exists,external_methods/DEKP/structures/author_archive/protein structure datasets/kcat/RCSB PDB/P10807.pdb,external_methods/DEKP/structures/public_kcat/AlphaFold/P10807.pdb
public_kcat_train,P10868,exists,external_methods/DEKP/structures/author_archive/protein structure datasets/kcat/RCSB PDB/P10868.pdb,external_methods/DEKP/structures/public_kcat/AlphaFold/P10868.pdb
public_kcat_train,P10869,exists,external_methods/DEKP/structures/author_archive/protein structure datasets/kcat/AlphaFold/P10869.pdb,external_methods/DEKP/structures/public_kcat/AlphaFold/P10869.pdb
public_kcat_train,P10880,exists,external_methods/DEKP/structures/author_archive/protein structure datasets/kcat/RCSB PDB/P10880.pdb,external_methods/DEKP/structures/public_kcat/AlphaFold/P10880.pdb
public_kcat_train,P10933,exists,external_methods/DEKP/structures/author_archive/protein structure datasets/Km/AlphaFold/P10933.pdb,external_methods/DEKP/structures/public_kcat/AlphaFold/P10933.pdb
public_kcat_train,P10963,exists,external_methods/DEKP/structures/author_archive/protein structure datasets/kcat/AlphaFold/P10963.pdb,external_methods/DEKP/structures/public_kcat/AlphaFold/P10963.pdb
public_kcat_train,P11029,exists,external_methods/DEKP/structures/author_archive/protein structure datasets/kcat/AlphaFold/P11029.pdb,external_methods/DEKP/structures/public_kcat/AlphaFold/P11029.pdb
public_kcat_train,P11064,exists,external_methods/DEKP/structures/author_archive/protein structure datasets/kcat/RCSB PDB/P11064.pdb,external_methods/DEKP/structures/public_kcat/AlphaFold/P11064.pdb
public_kcat_train,P11086,exists,external_methods/DEKP/structures/author_archive/protein structure datasets/kcat/RCSB PDB/P11086.pdb,external_methods/DEKP/structures/public_kcat/AlphaFold/P11086.pdb
public_kcat_train,P11125,exists,external_methods/DEKP/structures/author_archive/protein structure datasets/kcat/RCSB PDB/P11125.pdb,external_methods/DEKP/structures/public_kcat/AlphaFold/P11125.pdb
public_kcat_train,P11154,exists,external_methods/DEKP/structures/author_archive/protein structure datasets/kcat/AlphaFold/P11154.pdb,external_methods/DEKP/structures/public_kcat/AlphaFold/P11154.pdb
public_kcat_train,P11155,exists,external_methods/DEKP/structures/author_archive/protein structure datasets/kcat/RCSB PDB/P11155.pdb,external_methods/DEKP/structures/public_kcat/AlphaFold/P11155.pdb
public_kcat_train,P11175,exists,external_methods/DEKP/structures/author_archive/protein structure datasets/kcat/AlphaFold/P11175.pdb,external_methods/DEKP/structures/public_kcat/AlphaFold/P11175.pdb
public_kcat_train,P11310,exists,external_methods/DEKP/structures/author_archive/protein structure datasets/Km/AlphaFold/P11310.pdb,external_methods/DEKP/structures/public_kcat/AlphaFold/P11310.pdb
public_kcat_train,P11348,exists,external_methods/DEKP/structures/author_archive/protein structure datasets/kcat/RCSB PDB/P11348.pdb,external_methods/DEKP/structures/public_kcat/AlphaFold/P11348.pdb
public_kcat_train,P11411,exists,external_methods/DEKP/structures/author_archive/protein structure datasets/kcat/RCSB PDB/P11411.pdb,external_methods/DEKP/structures/public_kcat/AlphaFold/P11411.pdb
public_kcat_train,P11412,exists,external_methods/DEKP/structures/author_archive/protein structure datasets/kcat/AlphaFold/P11412.pdb,external_methods/DEKP/structures/public_kcat/AlphaFold/P11412.pdb
public_kcat_train,P11436,exists,external_methods/DEKP/structures/author_archive/protein structure datasets/kcat/RCSB PDB/P11436.pdb,external_methods/DEKP/structures/public_kcat/AlphaFold/P11436.pdb
public_kcat_train,P11439,exists,external_methods/DEKP/structures/author_archive/protein structure datasets/kcat/RCSB PDB/P11439.pdb,external_methods/DEKP/structures/public_kcat/AlphaFold/P11439.pdb
public_kcat_train,P11509,exists,external_methods/DEKP/structures/author_archive/protein structure datasets/kcat/RCSB PDB/P11509.pdb,external_methods/DEKP/structures/public_kcat/AlphaFold/P11509.pdb
public_kcat_train,P11546,exists,external_methods/DEKP/structures/author_archive/protein structure datasets/kcat/RCSB PDB/P11546.pdb,external_methods/DEKP/structures/public_kcat/AlphaFold/P11546.pdb
public_kcat_train,P11708,exists,external_methods/DEKP/structures/author_archive/protein structure datasets/kcat/RCSB PDB/P11708.pdb,external_methods/DEKP/structures/public_kcat/AlphaFold/P11708.pdb
public_kcat_train,P11766,exists,external_methods/DEKP/structures/author_archive/protein structure datasets/kcat/RCSB PDB/P11766.pdb,external_methods/DEKP/structures/public_kcat/AlphaFold/P11766.pdb
public_kcat_train,P11797,exists,external_methods/DEKP/structures/author_archive/protein structure datasets/kcat/RCSB PDB/P11797.pdb,external_methods/DEKP/structures/public_kcat/AlphaFold/P11797.pdb
public_kcat_train,P11880,exists,external_methods/DEKP/structures/author_archive/protein structure datasets/kcat/RCSB PDB/P11880.pdb,external_methods/DEKP/structures/public_kcat/AlphaFold/P11880.pdb
public_kcat_train,P11889,exists,external_methods/DEKP/structures/author_archive/protein structure datasets/kcat/AlphaFold/P11889.pdb,external_methods/DEKP/structures/public_kcat/AlphaFold/P11889.pdb
public_kcat_train,P11931,exists,external_methods/DEKP/structures/author_archive/protein structure datasets/kcat/AlphaFold/P11931.pdb,external_methods/DEKP/structures/public_kcat/AlphaFold/P11931.pdb
public_kcat_train,P11935,exists,external_methods/DEKP/structures/author_archive/protein structure datasets/kcat/AlphaFold/P11935.pdb,external_methods/DEKP/structures/public_kcat/AlphaFold/P11935.pdb
public_kcat_train,P12047,exists,external_methods/DEKP/structures/author_archive/protein structure datasets/kcat/RCSB PDB/P12047.pdb,external_methods/DEKP/structures/public_kcat/AlphaFold/P12047.pdb
public_kcat_train,P12070,exists,external_methods/DEKP/structures/author_archive/protein structure datasets/kcat/RCSB PDB/P12070.pdb,external_methods/DEKP/structures/public_kcat/AlphaFold/P12070.pdb
public_kcat_train,P12268,exists,external_methods/DEKP/structures/author_archive/protein structure datasets/kcat/RCSB PDB/P12268.pdb,external_methods/DEKP/structures/public_kcat/AlphaFold/P12268.pdb
public_kcat_train,P12337,exists,external_methods/DEKP/structures/author_archive/protein structure datasets/kcat/RCSB PDB/P12337.pdb,external_methods/DEKP/structures/public_kcat/AlphaFold/P12337.pdb
public_kcat_train,P12762,exists,external_methods/DEKP/structures/author_archive/protein structure datasets/kcat/AlphaFold/P12762.pdb,external_methods/DEKP/structures/public_kcat/AlphaFold/P12762.pdb
public_kcat_train,P12821,exists,external_methods/DEKP/structures/author_archive/protein structure datasets/kcat/RCSB PDB/P12821.pdb,external_methods/DEKP/structures/public_kcat/AlphaFold/P12821.pdb
public_kcat_train,P12822,exists,external_methods/DEKP/structures/author_archive/protein structure datasets/kcat/AlphaFold/P12822.pdb,external_methods/DEKP/structures/public_kcat/AlphaFold/P12822.pdb
public_kcat_train,P12851,exists,external_methods/DEKP/structures/author_archive/protein structure datasets/kcat/RCSB PDB/P12851.pdb,external_methods/DEKP/structures/public_kcat/AlphaFold/P12851.pdb
public_kcat_train,P12995,exists,external_methods/DEKP/structures/author_archive/protein structure datasets/kcat/RCSB PDB/P12995.pdb,external_methods/DEKP/structures/public_kcat/AlphaFold/P12995.pdb
public_kcat_train,P12998,exists,external_methods/DEKP/structures/author_archive/protein structure datasets/kcat/RCSB PDB/P12998.pdb,external_methods/DEKP/structures/public_kcat/AlphaFold/P12998.pdb
public_kcat_train,P13000,exists,external_methods/DEKP/structures/author_archive/protein structure datasets/kcat/RCSB PDB/P13000.pdb,external_methods/DEKP/structures/public_kcat/AlphaFold/P13000.pdb
public_kcat_train,P13001,exists,external_methods/DEKP/structures/author_archive/protein structure datasets/kcat/RCSB PDB/P13001.pdb,external_methods/DEKP/structures/public_kcat/AlphaFold/P13001.pdb
public_kcat_train,P13006,exists,external_methods/DEKP/structures/author_archive/protein structure datasets/kcat/RCSB PDB/P13006.pdb,external_methods/DEKP/structures/public_kcat/AlphaFold/P13006.pdb
public_kcat_train,P13029,exists,external_methods/DEKP/structures/author_archive/protein structure datasets/Km/AlphaFold/P13029.pdb,external_methods/DEKP/structures/public_kcat/AlphaFold/P13029.pdb
public_kcat_train,P13108,exists,external_methods/DEKP/structures/author_archive/protein structure datasets/kcat/AlphaFold/P13108.pdb,external_methods/DEKP/structures/public_kcat/AlphaFold/P13108.pdb
public_kcat_train,P13110,exists,external_methods/DEKP/structures/author_archive/protein structure datasets/kcat/AlphaFold/P13110.pdb,external_methods/DEKP/structures/public_kcat/AlphaFold/P13110.pdb
public_kcat_train,P13375,exists,external_methods/DEKP/structures/author_archive/protein structure datasets/kcat/AlphaFold/P13375.pdb,external_methods/DEKP/structures/public_kcat/AlphaFold/P13375.pdb
public_kcat_train,P13485,exists,external_methods/DEKP/structures/author_archive/protein structure datasets/kcat/AlphaFold/P13485.pdb,external_methods/DEKP/structures/public_kcat/AlphaFold/P13485.pdb
public_kcat_train,P13490,exists,external_methods/DEKP/structures/author_archive/protein structure datasets/kcat/AlphaFold/P13490.pdb,external_methods/DEKP/structures/public_kcat/AlphaFold/P13490.pdb
public_kcat_train,P13601,exists,external_methods/DEKP/structures/author_archive/protein structure datasets/kcat/AlphaFold/P13601.pdb,external_methods/DEKP/structures/public_kcat/AlphaFold/P13601.pdb
public_kcat_train,P13686,exists,external_methods/DEKP/structures/author_archive/protein structure datasets/kcat/RCSB PDB/P13686.pdb,external_methods/DEKP/structures/public_kcat/AlphaFold/P13686.pdb
public_kcat_train,P13743,exists,external_methods/DEKP/structures/author_archive/protein structure datasets/kcat/AlphaFold/P13743.pdb,external_methods/DEKP/structures/public_kcat/AlphaFold/P13743.pdb
public_kcat_train,P13922,exists,external_methods/DEKP/structures/author_archive/protein structure datasets/kcat/RCSB PDB/P13922.pdb,external_methods/DEKP/structures/public_kcat/AlphaFold/P13922.pdb
public_kcat_train,P13981,exists,external_methods/DEKP/structures/author_archive/protein structure datasets/kcat/RCSB PDB/P13981.pdb,external_methods/DEKP/structures/public_kcat/AlphaFold/P13981.pdb
public_kcat_train,P14020,exists,external_methods/DEKP/structures/author_archive/protein structure datasets/kcat/AlphaFold/P14020.pdb,external_methods/DEKP/structures/public_kcat/AlphaFold/P14020.pdb
public_kcat_train,P14060,exists,external_methods/DEKP/structures/author_archive/protein structure datasets/kcat/AlphaFold/P14060.pdb,external_methods/DEKP/structures/public_kcat/AlphaFold/P14060.pdb
public_kcat_train,P14173,exists,external_methods/DEKP/structures/author_archive/protein structure datasets/kcat/AlphaFold/P14173.pdb,external_methods/DEKP/structures/public_kcat/AlphaFold/P14173.pdb
public_kcat_train,P14384,exists,external_methods/DEKP/structures/author_archive/protein structure datasets/kcat/RCSB PDB/P14384.pdb,external_methods/DEKP/structures/public_kcat/AlphaFold/P14384.pdb
public_kcat_train,P14385,exists,external_methods/DEKP/structures/author_archive/protein structure datasets/kcat/RCSB PDB/P14385.pdb,external_methods/DEKP/structures/public_kcat/AlphaFold/P14385.pdb
public_kcat_train,P14488,exists,external_methods/DEKP/structures/author_archive/protein structure datasets/Km/AlphaFold/P14488.pdb,external_methods/DEKP/structures/public_kcat/AlphaFold/P14488.pdb
public_kcat_train,P14540,exists,external_methods/DEKP/structures/author_archive/protein structure datasets/kcat/AlphaFold/P14540.pdb,external_methods/DEKP/structures/public_kcat/AlphaFold/P14540.pdb
public_kcat_train,P14550,exists,external_methods/DEKP/structures/author_archive/protein structure datasets/kcat/RCSB PDB/P14550.pdb,external_methods/DEKP/structures/public_kcat/AlphaFold/P14550.pdb
public_kcat_train,P14696,exists,external_methods/DEKP/structures/author_archive/protein structure datasets/kcat/AlphaFold/P14696.pdb,external_methods/DEKP/structures/public_kcat/AlphaFold/P14696.pdb
public_kcat_train,P14900,exists,external_methods/DEKP/structures/author_archive/protein structure datasets/kcat/RCSB PDB/P14900.pdb,external_methods/DEKP/structures/public_kcat/AlphaFold/P14900.pdb
public_kcat_train,P14902,exists,external_methods/DEKP/structures/author_archive/protein structure datasets/kcat/RCSB PDB/P14902.pdb,external_methods/DEKP/structures/public_kcat/AlphaFold/P14902.pdb
public_kcat_train,P14920,exists,external_methods/DEKP/structures/author_archive/protein structure datasets/kcat/RCSB PDB/P14920.pdb,external_methods/DEKP/structures/public_kcat/AlphaFold/P14920.pdb
public_kcat_train,P15121,exists,external_methods/DEKP/structures/author_archive/protein structure datasets/kcat/RCSB PDB/P15121.pdb,external_methods/DEKP/structures/public_kcat/AlphaFold/P15121.pdb
public_kcat_train,P15273,exists,external_methods/DEKP/structures/author_archive/protein structure datasets/Km/AlphaFold/P15273.pdb,external_methods/DEKP/structures/public_kcat/AlphaFold/P15273.pdb
public_kcat_train,P15428,exists,external_methods/DEKP/structures/author_archive/protein structure datasets/kcat/RCSB PDB/P15428.pdb,external_methods/DEKP/structures/public_kcat/AlphaFold/P15428.pdb
public_kcat_train,P15474,exists,external_methods/DEKP/structures/author_archive/protein structure datasets/kcat/RCSB PDB/P15474.pdb,external_methods/DEKP/structures/public_kcat/AlphaFold/P15474.pdb
public_kcat_train,P15559,exists,external_methods/DEKP/structures/author_archive/protein structure datasets/kcat/RCSB PDB/P15559.pdb,external_methods/DEKP/structures/public_kcat/AlphaFold/P15559.pdb
public_kcat_train,P15650,exists,external_methods/DEKP/structures/author_archive/protein structure datasets/kcat/AlphaFold/P15650.pdb,external_methods/DEKP/structures/public_kcat/AlphaFold/P15650.pdb
public_kcat_train,P15651,exists,external_methods/DEKP/structures/author_archive/protein structure datasets/kcat/RCSB PDB/P15651.pdb,external_methods/DEKP/structures/public_kcat/AlphaFold/P15651.pdb
public_kcat_train,P15719,exists,external_methods/DEKP/structures/author_archive/protein structure datasets/kcat/AlphaFold/P15719.pdb,external_methods/DEKP/structures/public_kcat/AlphaFold/P15719.pdb
public_kcat_train,P15770,exists,external_methods/DEKP/structures/author_archive/protein structure datasets/kcat/RCSB PDB/P15770.pdb,external_methods/DEKP/structures/public_kcat/AlphaFold/P15770.pdb
public_kcat_train,P15907,exists,external_methods/DEKP/structures/author_archive/protein structure datasets/Km/AlphaFold/P15907.pdb,external_methods/DEKP/structures/public_kcat/AlphaFold/P15907.pdb
public_kcat_train,P16050,exists,external_methods/DEKP/structures/author_archive/protein structure datasets/kcat/AlphaFold/P16050.pdb,external_methods/DEKP/structures/public_kcat/AlphaFold/P16050.pdb
public_kcat_train,P16083,exists,external_methods/DEKP/structures/author_archive/protein structure datasets/kcat/RCSB PDB/P16083.pdb,external_methods/DEKP/structures/public_kcat/AlphaFold/P16083.pdb
public_kcat_train,P16116,exists,external_methods/DEKP/structures/author_archive/protein structure datasets/kcat/AlphaFold/P16116.pdb,external_methods/DEKP/structures/public_kcat/AlphaFold/P16116.pdb
public_kcat_train,P16152,exists,external_methods/DEKP/structures/author_archive/protein structure datasets/kcat/RCSB PDB/P16152.pdb,external_methods/DEKP/structures/public_kcat/AlphaFold/P16152.pdb
public_kcat_train,P16184,exists,external_methods/DEKP/structures/author_archive/protein structure datasets/kcat/RCSB PDB/P16184.pdb,external_methods/DEKP/structures/public_kcat/AlphaFold/P16184.pdb
public_kcat_train,P16219,exists,external_methods/DEKP/structures/author_archive/protein structure datasets/kcat/RCSB PDB/P16219.pdb,external_methods/DEKP/structures/public_kcat/AlphaFold/P16219.pdb
public_kcat_train,P16243,exists,external_methods/DEKP/structures/author_archive/protein structure datasets/Km/AlphaFold/P16243.pdb,external_methods/DEKP/structures/public_kcat/AlphaFold/P16243.pdb
public_kcat_train,P16250,exists,external_methods/DEKP/structures/author_archive/protein structure datasets/kcat/RCSB PDB/P16250.pdb,external_methods/DEKP/structures/public_kcat/AlphaFold/P16250.pdb
public_kcat_train,P16304,exists,external_methods/DEKP/structures/author_archive/protein structure datasets/kcat/RCSB PDB/P16304.pdb,external_methods/DEKP/structures/public_kcat/AlphaFold/P16304.pdb
public_kcat_train,P16435,exists,external_methods/DEKP/structures/author_archive/protein structure datasets/kcat/RCSB PDB/P16435.pdb,external_methods/DEKP/structures/public_kcat/AlphaFold/P16435.pdb
public_kcat_train,P16453,exists,external_methods/DEKP/structures/author_archive/protein structure datasets/kcat/AlphaFold/P16453.pdb,external_methods/DEKP/structures/public_kcat/AlphaFold/P16453.pdb
public_kcat_train,P16549,exists,external_methods/DEKP/structures/author_archive/protein structure datasets/kcat/AlphaFold/P16549.pdb,external_methods/DEKP/structures/public_kcat/AlphaFold/P16549.pdb
public_kcat_train,P16603,exists,external_methods/DEKP/structures/author_archive/protein structure datasets/kcat/RCSB PDB/P16603.pdb,external_methods/DEKP/structures/public_kcat/AlphaFold/P16603.pdb
public_kcat_train,P16659,exists,external_methods/DEKP/structures/author_archive/protein structure datasets/kcat/AlphaFold/P16659.pdb,external_methods/DEKP/structures/public_kcat/AlphaFold/P16659.pdb
public_kcat_train,P16687,exists,external_methods/DEKP/structures/author_archive/protein structure datasets/kcat/RCSB PDB/P16687.pdb,external_methods/DEKP/structures/public_kcat/AlphaFold/P16687.pdb
public_kcat_train,P16689,exists,external_methods/DEKP/structures/author_archive/protein structure datasets/kcat/AlphaFold/P16689.pdb,external_methods/DEKP/structures/public_kcat/AlphaFold/P16689.pdb
public_kcat_train,P16703,exists,external_methods/DEKP/structures/author_archive/protein structure datasets/kcat/AlphaFold/P16703.pdb,external_methods/DEKP/structures/public_kcat/AlphaFold/P16703.pdb
public_kcat_train,P16932,exists,external_methods/DEKP/structures/author_archive/protein structure datasets/kcat/RCSB PDB/P16932.pdb,external_methods/DEKP/structures/public_kcat/AlphaFold/P16932.pdb
public_kcat_train,P17169,exists,external_methods/DEKP/structures/author_archive/protein structure datasets/kcat/RCSB PDB/P17169.pdb,external_methods/DEKP/structures/public_kcat/AlphaFold/P17169.pdb
public_kcat_train,P17178,exists,external_methods/DEKP/structures/author_archive/protein structure datasets/kcat/AlphaFold/P17178.pdb,external_methods/DEKP/structures/public_kcat/AlphaFold/P17178.pdb
public_kcat_train,P17179,exists,external_methods/DEKP/structures/author_archive/protein structure datasets/kcat/AlphaFold/P17179.pdb,external_methods/DEKP/structures/public_kcat/AlphaFold/P17179.pdb
public_kcat_train,P17443,exists,external_methods/DEKP/structures/author_archive/protein structure datasets/kcat/RCSB PDB/P17443.pdb,external_methods/DEKP/structures/public_kcat/AlphaFold/P17443.pdb
public_kcat_train,P17516,exists,external_methods/DEKP/structures/author_archive/protein structure datasets/kcat/RCSB PDB/P17516.pdb,external_methods/DEKP/structures/public_kcat/AlphaFold/P17516.pdb
public_kcat_train,P17695,exists,external_methods/DEKP/structures/author_archive/protein structure datasets/Km/AlphaFold/P17695.pdb,external_methods/DEKP/structures/public_kcat/AlphaFold/P17695.pdb
public_kcat_train,P17709,exists,external_methods/DEKP/structures/author_archive/protein structure datasets/kcat/RCSB PDB/P17709.pdb,external_methods/DEKP/structures/public_kcat/AlphaFold/P17709.pdb
public_kcat_train,P17952,exists,external_methods/DEKP/structures/author_archive/protein structure datasets/kcat/RCSB PDB/P17952.pdb,external_methods/DEKP/structures/public_kcat/AlphaFold/P17952.pdb
public_kcat_train,P18031,exists,external_methods/DEKP/structures/author_archive/protein structure datasets/Km/AlphaFold/P18031.pdb,external_methods/DEKP/structures/public_kcat/AlphaFold/P18031.pdb
public_kcat_train,P18054,exists,external_methods/DEKP/structures/author_archive/protein structure datasets/kcat/RCSB PDB/P18054.pdb,external_methods/DEKP/structures/public_kcat/AlphaFold/P18054.pdb
public_kcat_train,P18297,exists,external_methods/DEKP/structures/author_archive/protein structure datasets/kcat/AlphaFold/P18297.pdb,external_methods/DEKP/structures/public_kcat/AlphaFold/P18297.pdb
public_kcat_train,P18539,exists,external_methods/DEKP/structures/author_archive/protein structure datasets/kcat/AlphaFold/P18539.pdb,external_methods/DEKP/structures/public_kcat/AlphaFold/P18539.pdb
public_kcat_train,P18548,exists,external_methods/DEKP/structures/author_archive/protein structure datasets/kcat/RCSB PDB/P18548.pdb,external_methods/DEKP/structures/public_kcat/AlphaFold/P18548.pdb
public_kcat_train,P19080,exists,external_methods/DEKP/structures/author_archive/protein structure datasets/kcat/RCSB PDB/P19080.pdb,external_methods/DEKP/structures/public_kcat/AlphaFold/P19080.pdb
public_kcat_train,P19113,exists,external_methods/DEKP/structures/author_archive/protein structure datasets/Km/AlphaFold/P19113.pdb,external_methods/DEKP/structures/public_kcat/AlphaFold/P19113.pdb
public_kcat_train,P19464,exists,external_methods/DEKP/structures/author_archive/protein structure datasets/kcat/AlphaFold/P19464.pdb,external_methods/DEKP/structures/public_kcat/AlphaFold/P19464.pdb
public_kcat_train,P19515,exists,external_methods/DEKP/structures/author_archive/protein structure datasets/kcat/RCSB PDB/P19515.pdb,external_methods/DEKP/structures/public_kcat/AlphaFold/P19515.pdb
public_kcat_train,P19623,exists,external_methods/DEKP/structures/author_archive/protein structure datasets/kcat/RCSB PDB/P19623.pdb,external_methods/DEKP/structures/public_kcat/AlphaFold/P19623.pdb
public_kcat_train,P19631,exists,external_methods/DEKP/structures/author_archive/protein structure datasets/kcat/AlphaFold/P19631.pdb,external_methods/DEKP/structures/public_kcat/AlphaFold/P19631.pdb
public_kcat_train,P19866,exists,external_methods/DEKP/structures/author_archive/protein structure datasets/kcat/RCSB PDB/P19866.pdb,external_methods/DEKP/structures/public_kcat/AlphaFold/P19866.pdb
public_kcat_train,P19938,exists,external_methods/DEKP/structures/author_archive/protein structure datasets/kcat/RCSB PDB/P19938.pdb,external_methods/DEKP/structures/public_kcat/AlphaFold/P19938.pdb
public_kcat_train,P20099,exists,external_methods/DEKP/structures/author_archive/protein structure datasets/kcat/AlphaFold/P20099.pdb,external_methods/DEKP/structures/public_kcat/AlphaFold/P20099.pdb
public_kcat_train,P20425,exists,external_methods/DEKP/structures/author_archive/protein structure datasets/kcat/RCSB PDB/P20425.pdb,external_methods/DEKP/structures/public_kcat/AlphaFold/P20425.pdb
public_kcat_train,P20445,exists,external_methods/DEKP/structures/author_archive/protein structure datasets/kcat/AlphaFold/P20445.pdb,external_methods/DEKP/structures/public_kcat/AlphaFold/P20445.pdb
public_kcat_train,P20577,exists,external_methods/DEKP/structures/author_archive/protein structure datasets/kcat/AlphaFold/P20577.pdb,external_methods/DEKP/structures/public_kcat/AlphaFold/P20577.pdb
public_kcat_train,P20711,exists,external_methods/DEKP/structures/author_archive/protein structure datasets/kcat/RCSB PDB/P20711.pdb,external_methods/DEKP/structures/public_kcat/AlphaFold/P20711.pdb
public_kcat_train,P20813,exists,external_methods/DEKP/structures/author_archive/protein structure datasets/kcat/RCSB PDB/P20813.pdb,external_methods/DEKP/structures/public_kcat/AlphaFold/P20813.pdb
public_kcat_train,P20815,exists,external_methods/DEKP/structures/author_archive/protein structure datasets/kcat/RCSB PDB/P20815.pdb,external_methods/DEKP/structures/public_kcat/AlphaFold/P20815.pdb
public_kcat_train,P20839,exists,external_methods/DEKP/structures/author_archive/protein structure datasets/kcat/RCSB PDB/P20839.pdb,external_methods/DEKP/structures/public_kcat/AlphaFold/P20839.pdb
public_kcat_train,P20902,exists,external_methods/DEKP/structures/author_archive/protein structure datasets/kcat/AlphaFold/P20902.pdb,external_methods/DEKP/structures/public_kcat/AlphaFold/P20902.pdb
public_kcat_train,P20906,exists,external_methods/DEKP/structures/author_archive/protein structure datasets/kcat/RCSB PDB/P20906.pdb,external_methods/DEKP/structures/public_kcat/AlphaFold/P20906.pdb
public_kcat_train,P20932,exists,external_methods/DEKP/structures/author_archive/protein structure datasets/kcat/RCSB PDB/P20932.pdb,external_methods/DEKP/structures/public_kcat/AlphaFold/P20932.pdb
public_kcat_train,P20933,exists,external_methods/DEKP/structures/author_archive/protein structure datasets/Km/AlphaFold/P20933.pdb,external_methods/DEKP/structures/public_kcat/AlphaFold/P20933.pdb
public_kcat_train,P20971,exists,external_methods/DEKP/structures/author_archive/protein structure datasets/kcat/AlphaFold/P20971.pdb,external_methods/DEKP/structures/public_kcat/AlphaFold/P20971.pdb
public_kcat_train,P21177,exists,external_methods/DEKP/structures/author_archive/protein structure datasets/kcat/AlphaFold/P21177.pdb,external_methods/DEKP/structures/public_kcat/AlphaFold/P21177.pdb
public_kcat_train,P21266,exists,external_methods/DEKP/structures/author_archive/protein structure datasets/kcat/RCSB PDB/P21266.pdb,external_methods/DEKP/structures/public_kcat/AlphaFold/P21266.pdb
public_kcat_train,P21332,exists,external_methods/DEKP/structures/author_archive/protein structure datasets/kcat/RCSB PDB/P21332.pdb,external_methods/DEKP/structures/public_kcat/AlphaFold/P21332.pdb
public_kcat_train,P21396,exists,external_methods/DEKP/structures/author_archive/protein structure datasets/kcat/RCSB PDB/P21396.pdb,external_methods/DEKP/structures/public_kcat/AlphaFold/P21396.pdb
public_kcat_train,P21620,exists,external_methods/DEKP/structures/author_archive/protein structure datasets/kcat/AlphaFold/P21620.pdb,external_methods/DEKP/structures/public_kcat/AlphaFold/P21620.pdb
public_kcat_train,P21638,exists,external_methods/DEKP/structures/author_archive/protein structure datasets/kcat/RCSB PDB/P21638.pdb,external_methods/DEKP/structures/public_kcat/AlphaFold/P21638.pdb
public_kcat_train,P21642,exists,external_methods/DEKP/structures/author_archive/protein structure datasets/kcat/RCSB PDB/P21642.pdb,external_methods/DEKP/structures/public_kcat/AlphaFold/P21642.pdb
public_kcat_train,P21645,exists,external_methods/DEKP/structures/author_archive/protein structure datasets/kcat/RCSB PDB/P21645.pdb,external_methods/DEKP/structures/public_kcat/AlphaFold/P21645.pdb
public_kcat_train,P21816,exists,external_methods/DEKP/structures/author_archive/protein structure datasets/kcat/RCSB PDB/P21816.pdb,external_methods/DEKP/structures/public_kcat/AlphaFold/P21816.pdb
public_kcat_train,P21836,exists,external_methods/DEKP/structures/author_archive/protein structure datasets/kcat/RCSB PDB/P21836.pdb,external_methods/DEKP/structures/public_kcat/AlphaFold/P21836.pdb
public_kcat_train,P21889,exists,external_methods/DEKP/structures/author_archive/protein structure datasets/kcat/RCSB PDB/P21889.pdb,external_methods/DEKP/structures/public_kcat/AlphaFold/P21889.pdb
public_kcat_train,P21953,exists,external_methods/DEKP/structures/author_archive/protein structure datasets/Km/AlphaFold/P21953.pdb,external_methods/DEKP/structures/public_kcat/AlphaFold/P21953.pdb
public_kcat_train,P21954,exists,external_methods/DEKP/structures/author_archive/protein structure datasets/kcat/RCSB PDB/P21954.pdb,external_methods/DEKP/structures/public_kcat/AlphaFold/P21954.pdb
public_kcat_train,P22033,exists,external_methods/DEKP/structures/author_archive/protein structure datasets/kcat/RCSB PDB/P22033.pdb,external_methods/DEKP/structures/public_kcat/AlphaFold/P22033.pdb
public_kcat_train,P22057,exists,external_methods/DEKP/structures/author_archive/protein structure datasets/kcat/AlphaFold/P22057.pdb,external_methods/DEKP/structures/public_kcat/AlphaFold/P22057.pdb
public_kcat_train,P22143,exists,external_methods/DEKP/structures/author_archive/protein structure datasets/kcat/AlphaFold/P22143.pdb,external_methods/DEKP/structures/public_kcat/AlphaFold/P22143.pdb
public_kcat_train,P22220,exists,external_methods/DEKP/structures/author_archive/protein structure datasets/kcat/AlphaFold/P22220.pdb,external_methods/DEKP/structures/public_kcat/AlphaFold/P22220.pdb
public_kcat_train,P22255,exists,external_methods/DEKP/structures/author_archive/protein structure datasets/kcat/AlphaFold/P22255.pdb,external_methods/DEKP/structures/public_kcat/AlphaFold/P22255.pdb
public_kcat_train,P22303,exists,external_methods/DEKP/structures/author_archive/protein structure datasets/kcat/RCSB PDB/P22303.pdb,external_methods/DEKP/structures/public_kcat/AlphaFold/P22303.pdb
public_kcat_train,P22390,exists,external_methods/DEKP/structures/author_archive/protein structure datasets/kcat/AlphaFold/P22390.pdb,external_methods/DEKP/structures/public_kcat/AlphaFold/P22390.pdb
public_kcat_train,P22498,exists,external_methods/DEKP/structures/author_archive/protein structure datasets/kcat/RCSB PDB/P22498.pdb,external_methods/DEKP/structures/public_kcat/AlphaFold/P22498.pdb
public_kcat_train,P22634,exists,external_methods/DEKP/structures/author_archive/protein structure datasets/kcat/RCSB PDB/P22634.pdb,external_methods/DEKP/structures/public_kcat/AlphaFold/P22634.pdb
public_kcat_train,P22734,exists,external_methods/DEKP/structures/author_archive/protein structure datasets/Km/AlphaFold/P22734.pdb,external_methods/DEKP/structures/public_kcat/AlphaFold/P22734.pdb
public_kcat_train,P22806,exists,external_methods/DEKP/structures/author_archive/protein structure datasets/kcat/AlphaFold/P22806.pdb,external_methods/DEKP/structures/public_kcat/AlphaFold/P22806.pdb
public_kcat_train,P22823,exists,external_methods/DEKP/structures/author_archive/protein structure datasets/kcat/AlphaFold/P22823.pdb,external_methods/DEKP/structures/public_kcat/AlphaFold/P22823.pdb
public_kcat_train,P23141,exists,external_methods/DEKP/structures/author_archive/protein structure datasets/kcat/RCSB PDB/P23141.pdb,external_methods/DEKP/structures/public_kcat/AlphaFold/P23141.pdb
public_kcat_train,P23234,exists,external_methods/DEKP/structures/author_archive/protein structure datasets/kcat/RCSB PDB/P23234.pdb,external_methods/DEKP/structures/public_kcat/AlphaFold/P23234.pdb
public_kcat_train,P23247,exists,external_methods/DEKP/structures/author_archive/protein structure datasets/kcat/RCSB PDB/P23247.pdb,external_methods/DEKP/structures/public_kcat/AlphaFold/P23247.pdb
public_kcat_train,P23254,exists,external_methods/DEKP/structures/author_archive/protein structure datasets/kcat/RCSB PDB/P23254.pdb,external_methods/DEKP/structures/public_kcat/AlphaFold/P23254.pdb
public_kcat_train,P23307,exists,external_methods/DEKP/structures/author_archive/protein structure datasets/kcat/AlphaFold/P23307.pdb,external_methods/DEKP/structures/public_kcat/AlphaFold/P23307.pdb
public_kcat_train,P23368,exists,external_methods/DEKP/structures/author_archive/protein structure datasets/kcat/RCSB PDB/P23368.pdb,external_methods/DEKP/structures/public_kcat/AlphaFold/P23368.pdb
public_kcat_train,P23457,exists,external_methods/DEKP/structures/author_archive/protein structure datasets/kcat/RCSB PDB/P23457.pdb,external_methods/DEKP/structures/public_kcat/AlphaFold/P23457.pdb
public_kcat_train,P23522,exists,external_methods/DEKP/structures/author_archive/protein structure datasets/kcat/RCSB PDB/P23522.pdb,external_methods/DEKP/structures/public_kcat/AlphaFold/P23522.pdb
public_kcat_train,P23524,exists,external_methods/DEKP/structures/author_archive/protein structure datasets/kcat/AlphaFold/P23524.pdb,external_methods/DEKP/structures/public_kcat/AlphaFold/P23524.pdb
public_kcat_train,P23526,exists,external_methods/DEKP/structures/author_archive/protein structure datasets/kcat/RCSB PDB/P23526.pdb,external_methods/DEKP/structures/public_kcat/AlphaFold/P23526.pdb
public_kcat_train,P23721,exists,external_methods/DEKP/structures/author_archive/protein structure datasets/kcat/RCSB PDB/P23721.pdb,external_methods/DEKP/structures/public_kcat/AlphaFold/P23721.pdb
public_kcat_train,P23857,exists,external_methods/DEKP/structures/author_archive/protein structure datasets/Km/AlphaFold/P23857.pdb,external_methods/DEKP/structures/public_kcat/AlphaFold/P23857.pdb
public_kcat_train,P23908,exists,external_methods/DEKP/structures/author_archive/protein structure datasets/kcat/AlphaFold/P23908.pdb,external_methods/DEKP/structures/public_kcat/AlphaFold/P23908.pdb
public_kcat_train,P23917,exists,external_methods/DEKP/structures/author_archive/protein structure datasets/kcat/AlphaFold/P23917.pdb,external_methods/DEKP/structures/public_kcat/AlphaFold/P23917.pdb
public_kcat_train,P23946,exists,external_methods/DEKP/structures/author_archive/protein structure datasets/kcat/RCSB PDB/P23946.pdb,external_methods/DEKP/structures/public_kcat/AlphaFold/P23946.pdb
public_kcat_train,P23965,exists,external_methods/DEKP/structures/author_archive/protein structure datasets/Km/AlphaFold/P23965.pdb,external_methods/DEKP/structures/public_kcat/AlphaFold/P23965.pdb
public_kcat_train,P23970,exists,external_methods/DEKP/structures/author_archive/protein structure datasets/kcat/RCSB PDB/P23970.pdb,external_methods/DEKP/structures/public_kcat/AlphaFold/P23970.pdb
public_kcat_train,P24058,exists,external_methods/DEKP/structures/author_archive/protein structure datasets/kcat/RCSB PDB/P24058.pdb,external_methods/DEKP/structures/public_kcat/AlphaFold/P24058.pdb
public_kcat_train,P24182,exists,external_methods/DEKP/structures/author_archive/protein structure datasets/kcat/RCSB PDB/P24182.pdb,external_methods/DEKP/structures/public_kcat/AlphaFold/P24182.pdb
public_kcat_train,P24232,exists,external_methods/DEKP/structures/author_archive/protein structure datasets/kcat/RCSB PDB/P24232.pdb,external_methods/DEKP/structures/public_kcat/AlphaFold/P24232.pdb
public_kcat_train,P24295,exists,external_methods/DEKP/structures/author_archive/protein structure datasets/kcat/RCSB PDB/P24295.pdb,external_methods/DEKP/structures/public_kcat/AlphaFold/P24295.pdb
public_kcat_train,P24346,exists,external_methods/DEKP/structures/author_archive/protein structure datasets/kcat/AlphaFold/P24346.pdb,external_methods/DEKP/structures/public_kcat/AlphaFold/P24346.pdb
public_kcat_train,P24460,exists,external_methods/DEKP/structures/author_archive/protein structure datasets/kcat/AlphaFold/P24460.pdb,external_methods/DEKP/structures/public_kcat/AlphaFold/P24460.pdb
public_kcat_train,P24481,exists,external_methods/DEKP/structures/author_archive/protein structure datasets/kcat/RCSB PDB/P24481.pdb,external_methods/DEKP/structures/public_kcat/AlphaFold/P24481.pdb
public_kcat_train,P24518,exists,external_methods/DEKP/structures/author_archive/protein structure datasets/kcat/AlphaFold/P24518.pdb,external_methods/DEKP/structures/public_kcat/AlphaFold/P24518.pdb
public_kcat_train,P24670,exists,external_methods/DEKP/structures/author_archive/protein structure datasets/kcat/RCSB PDB/P24670.pdb,external_methods/DEKP/structures/public_kcat/AlphaFold/P24670.pdb
public_kcat_train,P24735,exists,external_methods/DEKP/structures/author_archive/protein structure datasets/kcat/RCSB PDB/P24735.pdb,external_methods/DEKP/structures/public_kcat/AlphaFold/P24735.pdb
public_kcat_train,P24752,exists,external_methods/DEKP/structures/author_archive/protein structure datasets/kcat/RCSB PDB/P24752.pdb,external_methods/DEKP/structures/public_kcat/AlphaFold/P24752.pdb
public_kcat_train,P24903,exists,external_methods/DEKP/structures/author_archive/protein structure datasets/kcat/AlphaFold/P24903.pdb,external_methods/DEKP/structures/public_kcat/AlphaFold/P24903.pdb
public_kcat_train,P25087,exists,external_methods/DEKP/structures/author_archive/protein structure datasets/kcat/AlphaFold/P25087.pdb,external_methods/DEKP/structures/public_kcat/AlphaFold/P25087.pdb
public_kcat_train,P25114,exists,external_methods/DEKP/structures/author_archive/protein structure datasets/kcat/RCSB PDB/P25114.pdb,external_methods/DEKP/structures/public_kcat/AlphaFold/P25114.pdb
public_kcat_train,P25152,exists,external_methods/DEKP/structures/author_archive/protein structure datasets/kcat/RCSB PDB/P25152.pdb,external_methods/DEKP/structures/public_kcat/AlphaFold/P25152.pdb
public_kcat_train,P25500,exists,external_methods/DEKP/structures/author_archive/protein structure datasets/Km/AlphaFold/P25500.pdb,external_methods/DEKP/structures/public_kcat/AlphaFold/P25500.pdb
public_kcat_train,P25539,exists,external_methods/DEKP/structures/author_archive/protein structure datasets/kcat/RCSB PDB/P25539.pdb,external_methods/DEKP/structures/public_kcat/AlphaFold/P25539.pdb
public_kcat_train,P25704,exists,external_methods/DEKP/structures/author_archive/protein structure datasets/kcat/AlphaFold/P25704.pdb,external_methods/DEKP/structures/public_kcat/AlphaFold/P25704.pdb
public_kcat_train,P25779,exists,external_methods/DEKP/structures/author_archive/protein structure datasets/Km/AlphaFold/P25779.pdb,external_methods/DEKP/structures/public_kcat/AlphaFold/P25779.pdb
public_kcat_train,P25910,exists,external_methods/DEKP/structures/author_archive/protein structure datasets/kcat/RCSB PDB/P25910.pdb,external_methods/DEKP/structures/public_kcat/AlphaFold/P25910.pdb
public_kcat_train,P26263,exists,external_methods/DEKP/structures/author_archive/protein structure datasets/kcat/AlphaFold/P26263.pdb,external_methods/DEKP/structures/public_kcat/AlphaFold/P26263.pdb
public_kcat_train,P26276,exists,external_methods/DEKP/structures/author_archive/protein structure datasets/kcat/RCSB PDB/P26276.pdb,external_methods/DEKP/structures/public_kcat/AlphaFold/P26276.pdb
public_kcat_train,P26297,exists,external_methods/DEKP/structures/author_archive/protein structure datasets/kcat/RCSB PDB/P26297.pdb,external_methods/DEKP/structures/public_kcat/AlphaFold/P26297.pdb
public_kcat_train,P26392,exists,external_methods/DEKP/structures/author_archive/protein structure datasets/kcat/RCSB PDB/P26392.pdb,external_methods/DEKP/structures/public_kcat/AlphaFold/P26392.pdb
public_kcat_train,P26394,exists,external_methods/DEKP/structures/author_archive/protein structure datasets/kcat/RCSB PDB/P26394.pdb,external_methods/DEKP/structures/public_kcat/AlphaFold/P26394.pdb
public_kcat_train,P26440,exists,external_methods/DEKP/structures/author_archive/protein structure datasets/kcat/RCSB PDB/P26440.pdb,external_methods/DEKP/structures/public_kcat/AlphaFold/P26440.pdb
public_kcat_train,P26602,exists,external_methods/DEKP/structures/author_archive/protein structure datasets/kcat/RCSB PDB/P26602.pdb,external_methods/DEKP/structures/public_kcat/AlphaFold/P26602.pdb
public_kcat_train,P26616,exists,external_methods/DEKP/structures/author_archive/protein structure datasets/kcat/RCSB PDB/P26616.pdb,external_methods/DEKP/structures/public_kcat/AlphaFold/P26616.pdb
public_kcat_train,P26827,exists,external_methods/DEKP/structures/author_archive/protein structure datasets/kcat/RCSB PDB/P26827.pdb,external_methods/DEKP/structures/public_kcat/AlphaFold/P26827.pdb
public_kcat_train,P26918,exists,external_methods/DEKP/structures/author_archive/protein structure datasets/Km/AlphaFold/P26918.pdb,external_methods/DEKP/structures/public_kcat/AlphaFold/P26918.pdb
public_kcat_train,P26935,exists,external_methods/DEKP/structures/author_archive/protein structure datasets/kcat/RCSB PDB/P26935.pdb,external_methods/DEKP/structures/public_kcat/AlphaFold/P26935.pdb
public_kcat_train,P26997,exists,external_methods/DEKP/structures/author_archive/protein structure datasets/kcat/RCSB PDB/P26997.pdb,external_methods/DEKP/structures/public_kcat/AlphaFold/P26997.pdb
public_kcat_train,P27116,exists,external_methods/DEKP/structures/author_archive/protein structure datasets/kcat/AlphaFold/P27116.pdb,external_methods/DEKP/structures/public_kcat/AlphaFold/P27116.pdb
public_kcat_train,P27169,exists,external_methods/DEKP/structures/author_archive/protein structure datasets/Km/AlphaFold/P27169.pdb,external_methods/DEKP/structures/public_kcat/AlphaFold/P27169.pdb
public_kcat_train,P27249,exists,external_methods/DEKP/structures/author_archive/protein structure datasets/kcat/AlphaFold/P27249.pdb,external_methods/DEKP/structures/public_kcat/AlphaFold/P27249.pdb
public_kcat_train,P27443,exists,external_methods/DEKP/structures/author_archive/protein structure datasets/kcat/RCSB PDB/P27443.pdb,external_methods/DEKP/structures/public_kcat/AlphaFold/P27443.pdb
public_kcat_train,P27620,exists,external_methods/DEKP/structures/author_archive/protein structure datasets/kcat/AlphaFold/P27620.pdb,external_methods/DEKP/structures/public_kcat/AlphaFold/P27620.pdb
public_kcat_train,P27707,exists,external_methods/DEKP/structures/author_archive/protein structure datasets/kcat/RCSB PDB/P27707.pdb,external_methods/DEKP/structures/public_kcat/AlphaFold/P27707.pdb
public_kcat_train,P28012,exists,external_methods/DEKP/structures/author_archive/protein structure datasets/kcat/RCSB PDB/P28012.pdb,external_methods/DEKP/structures/public_kcat/AlphaFold/P28012.pdb
public_kcat_train,P28227,exists,external_methods/DEKP/structures/author_archive/protein structure datasets/kcat/AlphaFold/P28227.pdb,external_methods/DEKP/structures/public_kcat/AlphaFold/P28227.pdb
public_kcat_train,P28272,exists,external_methods/DEKP/structures/author_archive/protein structure datasets/kcat/AlphaFold/P28272.pdb,external_methods/DEKP/structures/public_kcat/AlphaFold/P28272.pdb
public_kcat_train,P28329,exists,external_methods/DEKP/structures/author_archive/protein structure datasets/Km/AlphaFold/P28329.pdb,external_methods/DEKP/structures/public_kcat/AlphaFold/P28329.pdb
public_kcat_train,P28796,exists,external_methods/DEKP/structures/author_archive/protein structure datasets/kcat/RCSB PDB/P28796.pdb,external_methods/DEKP/structures/public_kcat/AlphaFold/P28796.pdb
public_kcat_train,P28825,exists,external_methods/DEKP/structures/author_archive/protein structure datasets/kcat/AlphaFold/P28825.pdb,external_methods/DEKP/structures/public_kcat/AlphaFold/P28825.pdb
public_kcat_train,P28839,exists,external_methods/DEKP/structures/author_archive/protein structure datasets/kcat/AlphaFold/P28839.pdb,external_methods/DEKP/structures/public_kcat/AlphaFold/P28839.pdb
public_kcat_train,P29019,exists,external_methods/DEKP/structures/author_archive/protein structure datasets/kcat/AlphaFold/P29019.pdb,external_methods/DEKP/structures/public_kcat/AlphaFold/P29019.pdb
public_kcat_train,P29218,exists,external_methods/DEKP/structures/author_archive/protein structure datasets/kcat/RCSB PDB/P29218.pdb,external_methods/DEKP/structures/public_kcat/AlphaFold/P29218.pdb
public_kcat_train,P29251,exists,external_methods/DEKP/structures/author_archive/protein structure datasets/kcat/AlphaFold/P29251.pdb,external_methods/DEKP/structures/public_kcat/AlphaFold/P29251.pdb
public_kcat_train,P29443,exists,external_methods/DEKP/structures/author_archive/protein structure datasets/kcat/AlphaFold/P29443.pdb,external_methods/DEKP/structures/public_kcat/AlphaFold/P29443.pdb
public_kcat_train,P29476,exists,external_methods/DEKP/structures/author_archive/protein structure datasets/kcat/AlphaFold/P29476.pdb,external_methods/DEKP/structures/public_kcat/AlphaFold/P29476.pdb
public_kcat_train,P29495,exists,external_methods/DEKP/structures/author_archive/protein structure datasets/kcat/AlphaFold/P29495.pdb,external_methods/DEKP/structures/public_kcat/AlphaFold/P29495.pdb
public_kcat_train,P29717,exists,external_methods/DEKP/structures/author_archive/protein structure datasets/kcat/RCSB PDB/P29717.pdb,external_methods/DEKP/structures/public_kcat/AlphaFold/P29717.pdb
public_kcat_train,P29723,exists,external_methods/DEKP/structures/author_archive/protein structure datasets/kcat/RCSB PDB/P29723.pdb,external_methods/DEKP/structures/public_kcat/AlphaFold/P29723.pdb
public_kcat_train,P29728,exists,external_methods/DEKP/structures/author_archive/protein structure datasets/kcat/AlphaFold/P29728.pdb,external_methods/DEKP/structures/public_kcat/AlphaFold/P29728.pdb
public_kcat_train,P29761,exists,external_methods/DEKP/structures/author_archive/protein structure datasets/kcat/AlphaFold/P29761.pdb,external_methods/DEKP/structures/public_kcat/AlphaFold/P29761.pdb
public_kcat_train,P29894,exists,external_methods/DEKP/structures/author_archive/protein structure datasets/kcat/AlphaFold/P29894.pdb,external_methods/DEKP/structures/public_kcat/AlphaFold/P29894.pdb
public_kcat_train,P29952,exists,external_methods/DEKP/structures/author_archive/protein structure datasets/kcat/AlphaFold/P29952.pdb,external_methods/DEKP/structures/public_kcat/AlphaFold/P29952.pdb
public_kcat_train,P30038,exists,external_methods/DEKP/structures/author_archive/protein structure datasets/kcat/RCSB PDB/P30038.pdb,external_methods/DEKP/structures/public_kcat/AlphaFold/P30038.pdb
public_kcat_train,P30043,exists,external_methods/DEKP/structures/author_archive/protein structure datasets/kcat/RCSB PDB/P30043.pdb,external_methods/DEKP/structures/public_kcat/AlphaFold/P30043.pdb
public_kcat_train,P30074,exists,external_methods/DEKP/structures/author_archive/protein structure datasets/kcat/RCSB PDB/P30074.pdb,external_methods/DEKP/structures/public_kcat/AlphaFold/P30074.pdb
public_kcat_train,P30085,exists,external_methods/DEKP/structures/author_archive/protein structure datasets/kcat/RCSB PDB/P30085.pdb,external_methods/DEKP/structures/public_kcat/AlphaFold/P30085.pdb
public_kcat_train,P30125,exists,external_methods/DEKP/structures/author_archive/protein structure datasets/kcat/RCSB PDB/P30125.pdb,external_methods/DEKP/structures/public_kcat/AlphaFold/P30125.pdb
public_kcat_train,P30184,exists,external_methods/DEKP/structures/author_archive/protein structure datasets/kcat/AlphaFold/P30184.pdb,external_methods/DEKP/structures/public_kcat/AlphaFold/P30184.pdb
public_kcat_train,P30613,exists,external_methods/DEKP/structures/author_archive/protein structure datasets/kcat/RCSB PDB/P30613.pdb,external_methods/DEKP/structures/public_kcat/AlphaFold/P30613.pdb
public_kcat_train,P30838,exists,external_methods/DEKP/structures/author_archive/protein structure datasets/kcat/RCSB PDB/P30838.pdb,external_methods/DEKP/structures/public_kcat/AlphaFold/P30838.pdb
public_kcat_train,P30901,exists,external_methods/DEKP/structures/author_archive/protein structure datasets/kcat/RCSB PDB/P30901.pdb,external_methods/DEKP/structures/public_kcat/AlphaFold/P30901.pdb
public_kcat_train,P31023,exists,external_methods/DEKP/structures/author_archive/protein structure datasets/kcat/RCSB PDB/P31023.pdb,external_methods/DEKP/structures/public_kcat/AlphaFold/P31023.pdb
public_kcat_train,P31072,exists,external_methods/DEKP/structures/author_archive/protein structure datasets/kcat/RCSB PDB/P31072.pdb,external_methods/DEKP/structures/public_kcat/AlphaFold/P31072.pdb
public_kcat_train,P31116,exists,external_methods/DEKP/structures/author_archive/protein structure datasets/kcat/RCSB PDB/P31116.pdb,external_methods/DEKP/structures/public_kcat/AlphaFold/P31116.pdb
public_kcat_train,P31120,exists,external_methods/DEKP/structures/author_archive/protein structure datasets/kcat/AlphaFold/P31120.pdb,external_methods/DEKP/structures/public_kcat/AlphaFold/P31120.pdb
public_kcat_train,P31210,exists,external_methods/DEKP/structures/author_archive/protein structure datasets/kcat/AlphaFold/P31210.pdb,external_methods/DEKP/structures/public_kcat/AlphaFold/P31210.pdb
public_kcat_train,P31327,exists,external_methods/DEKP/structures/author_archive/protein structure datasets/kcat/RCSB PDB/P31327.pdb,external_methods/DEKP/structures/public_kcat/AlphaFold/P31327.pdb
public_kcat_train,P31513,exists,external_methods/DEKP/structures/author_archive/protein structure datasets/kcat/AlphaFold/P31513.pdb,external_methods/DEKP/structures/public_kcat/AlphaFold/P31513.pdb
public_kcat_train,P31539,exists,external_methods/DEKP/structures/author_archive/protein structure datasets/kcat/RCSB PDB/P31539.pdb,external_methods/DEKP/structures/public_kcat/AlphaFold/P31539.pdb
public_kcat_train,P31939,exists,external_methods/DEKP/structures/author_archive/protein structure datasets/kcat/RCSB PDB/P31939.pdb,external_methods/DEKP/structures/public_kcat/AlphaFold/P31939.pdb
public_kcat_train,P32173,exists,external_methods/DEKP/structures/author_archive/protein structure datasets/kcat/RCSB PDB/P32173.pdb,external_methods/DEKP/structures/public_kcat/AlphaFold/P32173.pdb
public_kcat_train,P32321,exists,external_methods/DEKP/structures/author_archive/protein structure datasets/kcat/RCSB PDB/P32321.pdb,external_methods/DEKP/structures/public_kcat/AlphaFold/P32321.pdb
public_kcat_train,P32322,exists,external_methods/DEKP/structures/author_archive/protein structure datasets/kcat/RCSB PDB/P32322.pdb,external_methods/DEKP/structures/public_kcat/AlphaFold/P32322.pdb
public_kcat_train,P32329,exists,external_methods/DEKP/structures/author_archive/protein structure datasets/kcat/AlphaFold/P32329.pdb,external_methods/DEKP/structures/public_kcat/AlphaFold/P32329.pdb
public_kcat_train,P32377,exists,external_methods/DEKP/structures/author_archive/protein structure datasets/kcat/RCSB PDB/P32377.pdb,external_methods/DEKP/structures/public_kcat/AlphaFold/P32377.pdb
public_kcat_train,P32397,exists,external_methods/DEKP/structures/author_archive/protein structure datasets/kcat/RCSB PDB/P32397.pdb,external_methods/DEKP/structures/public_kcat/AlphaFold/P32397.pdb
public_kcat_train,P32427,exists,external_methods/DEKP/structures/author_archive/protein structure datasets/kcat/AlphaFold/P32427.pdb,external_methods/DEKP/structures/public_kcat/AlphaFold/P32427.pdb
public_kcat_train,P32582,exists,external_methods/DEKP/structures/author_archive/protein structure datasets/kcat/AlphaFold/P32582.pdb,external_methods/DEKP/structures/public_kcat/AlphaFold/P32582.pdb
public_kcat_train,P32662,exists,external_methods/DEKP/structures/author_archive/protein structure datasets/kcat/AlphaFold/P32662.pdb,external_methods/DEKP/structures/public_kcat/AlphaFold/P32662.pdb
public_kcat_train,P32718,exists,external_methods/DEKP/structures/author_archive/protein structure datasets/kcat/RCSB PDB/P32718.pdb,external_methods/DEKP/structures/public_kcat/AlphaFold/P32718.pdb
public_kcat_train,P32719,exists,external_methods/DEKP/structures/author_archive/protein structure datasets/kcat/RCSB PDB/P32719.pdb,external_methods/DEKP/structures/public_kcat/AlphaFold/P32719.pdb
public_kcat_train,P32747,exists,external_methods/DEKP/structures/author_archive/protein structure datasets/kcat/AlphaFold/P32747.pdb,external_methods/DEKP/structures/public_kcat/AlphaFold/P32747.pdb
public_kcat_train,P32929,exists,external_methods/DEKP/structures/author_archive/protein structure datasets/kcat/RCSB PDB/P32929.pdb,external_methods/DEKP/structures/public_kcat/AlphaFold/P32929.pdb
public_kcat_train,P33018,exists,external_methods/DEKP/structures/author_archive/protein structure datasets/kcat/AlphaFold/P33018.pdb,external_methods/DEKP/structures/public_kcat/AlphaFold/P33018.pdb
public_kcat_train,P33198,exists,external_methods/DEKP/structures/author_archive/protein structure datasets/kcat/RCSB PDB/P33198.pdb,external_methods/DEKP/structures/public_kcat/AlphaFold/P33198.pdb
public_kcat_train,P33247,exists,external_methods/DEKP/structures/author_archive/protein structure datasets/kcat/RCSB PDB/P33247.pdb,external_methods/DEKP/structures/public_kcat/AlphaFold/P33247.pdb
public_kcat_train,P33261,exists,external_methods/DEKP/structures/author_archive/protein structure datasets/kcat/RCSB PDB/P33261.pdb,external_methods/DEKP/structures/public_kcat/AlphaFold/P33261.pdb
public_kcat_train,P33447,exists,external_methods/DEKP/structures/author_archive/protein structure datasets/kcat/RCSB PDB/P33447.pdb,external_methods/DEKP/structures/public_kcat/AlphaFold/P33447.pdb
public_kcat_train,P33644,exists,external_methods/DEKP/structures/author_archive/protein structure datasets/kcat/RCSB PDB/P33644.pdb,external_methods/DEKP/structures/public_kcat/AlphaFold/P33644.pdb
public_kcat_train,P33665,exists,external_methods/DEKP/structures/author_archive/protein structure datasets/Km/AlphaFold/P33665.pdb,external_methods/DEKP/structures/public_kcat/AlphaFold/P33665.pdb
public_kcat_train,P34125,exists,external_methods/DEKP/structures/author_archive/protein structure datasets/kcat/AlphaFold/P34125.pdb,external_methods/DEKP/structures/public_kcat/AlphaFold/P34125.pdb
public_kcat_train,P34913,exists,external_methods/DEKP/structures/author_archive/protein structure datasets/kcat/RCSB PDB/P34913.pdb,external_methods/DEKP/structures/public_kcat/AlphaFold/P34913.pdb
public_kcat_train,P35270,exists,external_methods/DEKP/structures/author_archive/protein structure datasets/kcat/RCSB PDB/P35270.pdb,external_methods/DEKP/structures/public_kcat/AlphaFold/P35270.pdb
public_kcat_train,P35354,exists,external_methods/DEKP/structures/author_archive/protein structure datasets/kcat/RCSB PDB/P35354.pdb,external_methods/DEKP/structures/public_kcat/AlphaFold/P35354.pdb
public_kcat_train,P35510,exists,external_methods/DEKP/structures/author_archive/protein structure datasets/kcat/AlphaFold/P35510.pdb,external_methods/DEKP/structures/public_kcat/AlphaFold/P35510.pdb
public_kcat_train,P35520,exists,external_methods/DEKP/structures/author_archive/protein structure datasets/kcat/RCSB PDB/P35520.pdb,external_methods/DEKP/structures/public_kcat/AlphaFold/P35520.pdb
public_kcat_train,P35557,exists,external_methods/DEKP/structures/author_archive/protein structure datasets/kcat/RCSB PDB/P35557.pdb,external_methods/DEKP/structures/public_kcat/AlphaFold/P35557.pdb
public_kcat_train,P35790,exists,external_methods/DEKP/structures/author_archive/protein structure datasets/kcat/RCSB PDB/P35790.pdb,external_methods/DEKP/structures/public_kcat/AlphaFold/P35790.pdb
public_kcat_train,P35914,exists,external_methods/DEKP/structures/author_archive/protein structure datasets/kcat/RCSB PDB/P35914.pdb,external_methods/DEKP/structures/public_kcat/AlphaFold/P35914.pdb
public_kcat_train,P36639,exists,external_methods/DEKP/structures/author_archive/protein structure datasets/kcat/RCSB PDB/P36639.pdb,external_methods/DEKP/structures/public_kcat/AlphaFold/P36639.pdb
public_kcat_train,P36649,exists,external_methods/DEKP/structures/author_archive/protein structure datasets/kcat/RCSB PDB/P36649.pdb,external_methods/DEKP/structures/public_kcat/AlphaFold/P36649.pdb
public_kcat_train,P36683,exists,external_methods/DEKP/structures/author_archive/protein structure datasets/kcat/RCSB PDB/P36683.pdb,external_methods/DEKP/structures/public_kcat/AlphaFold/P36683.pdb
public_kcat_train,P36871,exists,external_methods/DEKP/structures/author_archive/protein structure datasets/kcat/RCSB PDB/P36871.pdb,external_methods/DEKP/structures/public_kcat/AlphaFold/P36871.pdb
public_kcat_train,P36906,exists,external_methods/DEKP/structures/author_archive/protein structure datasets/kcat/RCSB PDB/P36906.pdb,external_methods/DEKP/structures/public_kcat/AlphaFold/P36906.pdb
public_kcat_train,P37061,exists,external_methods/DEKP/structures/author_archive/protein structure datasets/kcat/AlphaFold/P37061.pdb,external_methods/DEKP/structures/public_kcat/AlphaFold/P37061.pdb
public_kcat_train,P37062,exists,external_methods/DEKP/structures/author_archive/protein structure datasets/kcat/RCSB PDB/P37062.pdb,external_methods/DEKP/structures/public_kcat/AlphaFold/P37062.pdb
public_kcat_train,P37063,exists,external_methods/DEKP/structures/author_archive/protein structure datasets/kcat/RCSB PDB/P37063.pdb,external_methods/DEKP/structures/public_kcat/AlphaFold/P37063.pdb
public_kcat_train,P37095,exists,external_methods/DEKP/structures/author_archive/protein structure datasets/kcat/RCSB PDB/P37095.pdb,external_methods/DEKP/structures/public_kcat/AlphaFold/P37095.pdb
public_kcat_train,P37213,exists,external_methods/DEKP/structures/author_archive/protein structure datasets/kcat/AlphaFold/P37213.pdb,external_methods/DEKP/structures/public_kcat/AlphaFold/P37213.pdb
public_kcat_train,P37339,exists,external_methods/DEKP/structures/author_archive/protein structure datasets/kcat/AlphaFold/P37339.pdb,external_methods/DEKP/structures/public_kcat/AlphaFold/P37339.pdb
public_kcat_train,P37351,exists,external_methods/DEKP/structures/author_archive/protein structure datasets/kcat/RCSB PDB/P37351.pdb,external_methods/DEKP/structures/public_kcat/AlphaFold/P37351.pdb
public_kcat_train,P37527,exists,external_methods/DEKP/structures/author_archive/protein structure datasets/kcat/AlphaFold/P37527.pdb,external_methods/DEKP/structures/public_kcat/AlphaFold/P37527.pdb
public_kcat_train,P37528,exists,external_methods/DEKP/structures/author_archive/protein structure datasets/kcat/AlphaFold/P37528.pdb,external_methods/DEKP/structures/public_kcat/AlphaFold/P37528.pdb
public_kcat_train,P37530,exists,external_methods/DEKP/structures/author_archive/protein structure datasets/kcat/AlphaFold/P37530.pdb,external_methods/DEKP/structures/public_kcat/AlphaFold/P37530.pdb
public_kcat_train,P37564,exists,external_methods/DEKP/structures/author_archive/protein structure datasets/kcat/AlphaFold/P37564.pdb,external_methods/DEKP/structures/public_kcat/AlphaFold/P37564.pdb
public_kcat_train,P37595,exists,external_methods/DEKP/structures/author_archive/protein structure datasets/kcat/RCSB PDB/P37595.pdb,external_methods/DEKP/structures/public_kcat/AlphaFold/P37595.pdb
public_kcat_train,P37610,exists,external_methods/DEKP/structures/author_archive/protein structure datasets/kcat/RCSB PDB/P37610.pdb,external_methods/DEKP/structures/public_kcat/AlphaFold/P37610.pdb
public_kcat_train,P37666,exists,external_methods/DEKP/structures/author_archive/protein structure datasets/kcat/AlphaFold/P37666.pdb,external_methods/DEKP/structures/public_kcat/AlphaFold/P37666.pdb
public_kcat_train,P37689,exists,external_methods/DEKP/structures/author_archive/protein structure datasets/kcat/AlphaFold/P37689.pdb,external_methods/DEKP/structures/public_kcat/AlphaFold/P37689.pdb
public_kcat_train,P37821,exists,external_methods/DEKP/structures/author_archive/protein structure datasets/kcat/RCSB PDB/P37821.pdb,external_methods/DEKP/structures/public_kcat/AlphaFold/P37821.pdb
public_kcat_train,P37869,exists,external_methods/DEKP/structures/author_archive/protein structure datasets/kcat/RCSB PDB/P37869.pdb,external_methods/DEKP/structures/public_kcat/AlphaFold/P37869.pdb
public_kcat_train,P37879,exists,external_methods/DEKP/structures/author_archive/protein structure datasets/kcat/AlphaFold/P37879.pdb,external_methods/DEKP/structures/public_kcat/AlphaFold/P37879.pdb
public_kcat_train,P37880,exists,external_methods/DEKP/structures/author_archive/protein structure datasets/kcat/AlphaFold/P37880.pdb,external_methods/DEKP/structures/public_kcat/AlphaFold/P37880.pdb
public_kcat_train,P38113,exists,external_methods/DEKP/structures/author_archive/protein structure datasets/kcat/AlphaFold/P38113.pdb,external_methods/DEKP/structures/public_kcat/AlphaFold/P38113.pdb
public_kcat_train,P38501,exists,external_methods/DEKP/structures/author_archive/protein structure datasets/kcat/RCSB PDB/P38501.pdb,external_methods/DEKP/structures/public_kcat/AlphaFold/P38501.pdb
public_kcat_train,P38502,exists,external_methods/DEKP/structures/author_archive/protein structure datasets/kcat/RCSB PDB/P38502.pdb,external_methods/DEKP/structures/public_kcat/AlphaFold/P38502.pdb
public_kcat_train,P38503,exists,external_methods/DEKP/structures/author_archive/protein structure datasets/kcat/RCSB PDB/P38503.pdb,external_methods/DEKP/structures/public_kcat/AlphaFold/P38503.pdb
public_kcat_train,P38569,exists,external_methods/DEKP/structures/author_archive/protein structure datasets/kcat/AlphaFold/P38569.pdb,external_methods/DEKP/structures/public_kcat/AlphaFold/P38569.pdb
public_kcat_train,P38697,exists,external_methods/DEKP/structures/author_archive/protein structure datasets/kcat/AlphaFold/P38697.pdb,external_methods/DEKP/structures/public_kcat/AlphaFold/P38697.pdb
public_kcat_train,P38720,exists,external_methods/DEKP/structures/author_archive/protein structure datasets/kcat/RCSB PDB/P38720.pdb,external_methods/DEKP/structures/public_kcat/AlphaFold/P38720.pdb
public_kcat_train,P38918,exists,external_methods/DEKP/structures/author_archive/protein structure datasets/kcat/RCSB PDB/P38918.pdb,external_methods/DEKP/structures/public_kcat/AlphaFold/P38918.pdb
public_kcat_train,P38993,exists,external_methods/DEKP/structures/author_archive/protein structure datasets/Km/AlphaFold/P38993.pdb,external_methods/DEKP/structures/public_kcat/AlphaFold/P38993.pdb
public_kcat_train,P38998,exists,external_methods/DEKP/structures/author_archive/protein structure datasets/kcat/RCSB PDB/P38998.pdb,external_methods/DEKP/structures/public_kcat/AlphaFold/P38998.pdb
public_kcat_train,P39120,exists,external_methods/DEKP/structures/author_archive/protein structure datasets/kcat/AlphaFold/P39120.pdb,external_methods/DEKP/structures/public_kcat/AlphaFold/P39120.pdb
public_kcat_train,P39304,exists,external_methods/DEKP/structures/author_archive/protein structure datasets/kcat/RCSB PDB/P39304.pdb,external_methods/DEKP/structures/public_kcat/AlphaFold/P39304.pdb
public_kcat_train,P39315,exists,external_methods/DEKP/structures/author_archive/protein structure datasets/kcat/RCSB PDB/P39315.pdb,external_methods/DEKP/structures/public_kcat/AlphaFold/P39315.pdb
public_kcat_train,P39462,exists,external_methods/DEKP/structures/author_archive/protein structure datasets/kcat/RCSB PDB/P39462.pdb,external_methods/DEKP/structures/public_kcat/AlphaFold/P39462.pdb
public_kcat_train,P39485,exists,external_methods/DEKP/structures/author_archive/protein structure datasets/kcat/RCSB PDB/P39485.pdb,external_methods/DEKP/structures/public_kcat/AlphaFold/P39485.pdb
public_kcat_train,P39610,exists,external_methods/DEKP/structures/author_archive/protein structure datasets/kcat/RCSB PDB/P39610.pdb,external_methods/DEKP/structures/public_kcat/AlphaFold/P39610.pdb
public_kcat_train,P39633,exists,external_methods/DEKP/structures/author_archive/protein structure datasets/kcat/RCSB PDB/P39633.pdb,external_methods/DEKP/structures/public_kcat/AlphaFold/P39633.pdb
public_kcat_train,P39662,exists,external_methods/DEKP/structures/author_archive/protein structure datasets/kcat/RCSB PDB/P39662.pdb,external_methods/DEKP/structures/public_kcat/AlphaFold/P39662.pdb
public_kcat_train,P39676,exists,external_methods/DEKP/structures/author_archive/protein structure datasets/kcat/AlphaFold/P39676.pdb,external_methods/DEKP/structures/public_kcat/AlphaFold/P39676.pdb
public_kcat_train,P39714,exists,external_methods/DEKP/structures/author_archive/protein structure datasets/kcat/AlphaFold/P39714.pdb,external_methods/DEKP/structures/public_kcat/AlphaFold/P39714.pdb
public_kcat_train,P39765,exists,external_methods/DEKP/structures/author_archive/protein structure datasets/kcat/RCSB PDB/P39765.pdb,external_methods/DEKP/structures/public_kcat/AlphaFold/P39765.pdb
public_kcat_train,P39829,exists,external_methods/DEKP/structures/author_archive/protein structure datasets/kcat/RCSB PDB/P39829.pdb,external_methods/DEKP/structures/public_kcat/AlphaFold/P39829.pdb
public_kcat_train,P40149,exists,external_methods/DEKP/structures/author_archive/protein structure datasets/kcat/RCSB PDB/P40149.pdb,external_methods/DEKP/structures/public_kcat/AlphaFold/P40149.pdb
public_kcat_train,P40732,exists,external_methods/DEKP/structures/author_archive/protein structure datasets/kcat/RCSB PDB/P40732.pdb,external_methods/DEKP/structures/public_kcat/AlphaFold/P40732.pdb
public_kcat_train,P40817,exists,external_methods/DEKP/structures/author_archive/protein structure datasets/kcat/RCSB PDB/P40817.pdb,external_methods/DEKP/structures/public_kcat/AlphaFold/P40817.pdb
public_kcat_train,P40943,exists,external_methods/DEKP/structures/author_archive/protein structure datasets/kcat/RCSB PDB/P40943.pdb,external_methods/DEKP/structures/public_kcat/AlphaFold/P40943.pdb
public_kcat_train,P41043,exists,external_methods/DEKP/structures/author_archive/protein structure datasets/kcat/RCSB PDB/P41043.pdb,external_methods/DEKP/structures/public_kcat/AlphaFold/P41043.pdb
public_kcat_train,P41148,exists,external_methods/DEKP/structures/author_archive/protein structure datasets/kcat/AlphaFold/P41148.pdb,external_methods/DEKP/structures/public_kcat/AlphaFold/P41148.pdb
public_kcat_train,P41250,exists,external_methods/DEKP/structures/author_archive/protein structure datasets/kcat/RCSB PDB/P41250.pdb,external_methods/DEKP/structures/public_kcat/AlphaFold/P41250.pdb
public_kcat_train,P41256,exists,external_methods/DEKP/structures/author_archive/protein structure datasets/kcat/AlphaFold/P41256.pdb,external_methods/DEKP/structures/public_kcat/AlphaFold/P41256.pdb
public_kcat_train,P41367,exists,external_methods/DEKP/structures/author_archive/protein structure datasets/kcat/RCSB PDB/P41367.pdb,external_methods/DEKP/structures/public_kcat/AlphaFold/P41367.pdb
public_kcat_train,P41500,exists,external_methods/DEKP/structures/author_archive/protein structure datasets/kcat/RCSB PDB/P41500.pdb,external_methods/DEKP/structures/public_kcat/AlphaFold/P41500.pdb
public_kcat_train,P42106,exists,external_methods/DEKP/structures/author_archive/protein structure datasets/kcat/RCSB PDB/P42106.pdb,external_methods/DEKP/structures/public_kcat/AlphaFold/P42106.pdb
public_kcat_train,P42206,exists,external_methods/DEKP/structures/author_archive/protein structure datasets/kcat/RCSB PDB/P42206.pdb,external_methods/DEKP/structures/public_kcat/AlphaFold/P42206.pdb
public_kcat_train,P42222,exists,external_methods/DEKP/structures/author_archive/protein structure datasets/kcat/AlphaFold/P42222.pdb,external_methods/DEKP/structures/public_kcat/AlphaFold/P42222.pdb
public_kcat_train,P42236,exists,external_methods/DEKP/structures/author_archive/protein structure datasets/kcat/AlphaFold/P42236.pdb,external_methods/DEKP/structures/public_kcat/AlphaFold/P42236.pdb
public_kcat_train,P42390,exists,external_methods/DEKP/structures/author_archive/protein structure datasets/Km/AlphaFold/P42390.pdb,external_methods/DEKP/structures/public_kcat/AlphaFold/P42390.pdb
public_kcat_train,P42412,exists,external_methods/DEKP/structures/author_archive/protein structure datasets/kcat/RCSB PDB/P42412.pdb,external_methods/DEKP/structures/public_kcat/AlphaFold/P42412.pdb
public_kcat_train,P42535,exists,external_methods/DEKP/structures/author_archive/protein structure datasets/kcat/AlphaFold/P42535.pdb,external_methods/DEKP/structures/public_kcat/AlphaFold/P42535.pdb
public_kcat_train,P42556,exists,external_methods/DEKP/structures/author_archive/protein structure datasets/kcat/RCSB PDB/P42556.pdb,external_methods/DEKP/structures/public_kcat/AlphaFold/P42556.pdb
public_kcat_train,P42850,exists,external_methods/DEKP/structures/author_archive/protein structure datasets/kcat/AlphaFold/P42850.pdb,external_methods/DEKP/structures/public_kcat/AlphaFold/P42850.pdb
public_kcat_train,P43123,exists,external_methods/DEKP/structures/author_archive/protein structure datasets/kcat/AlphaFold/P43123.pdb,external_methods/DEKP/structures/public_kcat/AlphaFold/P43123.pdb
public_kcat_train,P43577,exists,external_methods/DEKP/structures/author_archive/protein structure datasets/kcat/RCSB PDB/P43577.pdb,external_methods/DEKP/structures/public_kcat/AlphaFold/P43577.pdb
public_kcat_train,P43635,exists,external_methods/DEKP/structures/author_archive/protein structure datasets/kcat/AlphaFold/P43635.pdb,external_methods/DEKP/structures/public_kcat/AlphaFold/P43635.pdb
public_kcat_train,P43876,exists,external_methods/DEKP/structures/author_archive/protein structure datasets/kcat/RCSB PDB/P43876.pdb,external_methods/DEKP/structures/public_kcat/AlphaFold/P43876.pdb
public_kcat_train,P43886,exists,external_methods/DEKP/structures/author_archive/protein structure datasets/kcat/RCSB PDB/P43886.pdb,external_methods/DEKP/structures/public_kcat/AlphaFold/P43886.pdb
public_kcat_train,P44308,exists,external_methods/DEKP/structures/author_archive/protein structure datasets/Km/AlphaFold/P44308.pdb,external_methods/DEKP/structures/public_kcat/AlphaFold/P44308.pdb
public_kcat_train,P44801,exists,external_methods/DEKP/structures/author_archive/protein structure datasets/kcat/RCSB PDB/P44801.pdb,external_methods/DEKP/structures/public_kcat/AlphaFold/P44801.pdb
public_kcat_train,P45425,exists,external_methods/DEKP/structures/author_archive/protein structure datasets/kcat/RCSB PDB/P45425.pdb,external_methods/DEKP/structures/public_kcat/AlphaFold/P45425.pdb
public_kcat_train,P45510,exists,external_methods/DEKP/structures/author_archive/protein structure datasets/kcat/RCSB PDB/P45510.pdb,external_methods/DEKP/structures/public_kcat/AlphaFold/P45510.pdb
public_kcat_train,P45568,exists,external_methods/DEKP/structures/author_archive/protein structure datasets/kcat/RCSB PDB/P45568.pdb,external_methods/DEKP/structures/public_kcat/AlphaFold/P45568.pdb
public_kcat_train,P45578,exists,external_methods/DEKP/structures/author_archive/protein structure datasets/kcat/AlphaFold/P45578.pdb,external_methods/DEKP/structures/public_kcat/AlphaFold/P45578.pdb
public_kcat_train,P45850,exists,external_methods/DEKP/structures/author_archive/protein structure datasets/kcat/RCSB PDB/P45850.pdb,external_methods/DEKP/structures/public_kcat/AlphaFold/P45850.pdb
public_kcat_train,P45975,exists,external_methods/DEKP/structures/author_archive/protein structure datasets/kcat/AlphaFold/P45975.pdb,external_methods/DEKP/structures/public_kcat/AlphaFold/P45975.pdb
public_kcat_train,P46248,exists,external_methods/DEKP/structures/author_archive/protein structure datasets/kcat/AlphaFold/P46248.pdb,external_methods/DEKP/structures/public_kcat/AlphaFold/P46248.pdb
public_kcat_train,P46309,exists,external_methods/DEKP/structures/author_archive/protein structure datasets/kcat/AlphaFold/P46309.pdb,external_methods/DEKP/structures/public_kcat/AlphaFold/P46309.pdb
public_kcat_train,P46415,exists,external_methods/DEKP/structures/author_archive/protein structure datasets/kcat/AlphaFold/P46415.pdb,external_methods/DEKP/structures/public_kcat/AlphaFold/P46415.pdb
public_kcat_train,P47125,exists,external_methods/DEKP/structures/author_archive/protein structure datasets/kcat/AlphaFold/P47125.pdb,external_methods/DEKP/structures/public_kcat/AlphaFold/P47125.pdb
public_kcat_train,P47229,exists,external_methods/DEKP/structures/author_archive/protein structure datasets/kcat/RCSB PDB/P47229.pdb,external_methods/DEKP/structures/public_kcat/AlphaFold/P47229.pdb
public_kcat_train,P47811,exists,external_methods/DEKP/structures/author_archive/protein structure datasets/kcat/RCSB PDB/P47811.pdb,external_methods/DEKP/structures/public_kcat/AlphaFold/P47811.pdb
public_kcat_train,P47998,exists,external_methods/DEKP/structures/author_archive/protein structure datasets/kcat/RCSB PDB/P47998.pdb,external_methods/DEKP/structures/public_kcat/AlphaFold/P47998.pdb
public_kcat_train,P48421,exists,external_methods/DEKP/structures/author_archive/protein structure datasets/kcat/AlphaFold/P48421.pdb,external_methods/DEKP/structures/public_kcat/AlphaFold/P48421.pdb
public_kcat_train,P48534,exists,external_methods/DEKP/structures/author_archive/protein structure datasets/kcat/RCSB PDB/P48534.pdb,external_methods/DEKP/structures/public_kcat/AlphaFold/P48534.pdb
public_kcat_train,P48775,exists,external_methods/DEKP/structures/author_archive/protein structure datasets/kcat/RCSB PDB/P48775.pdb,external_methods/DEKP/structures/public_kcat/AlphaFold/P48775.pdb
public_kcat_train,P49053,exists,external_methods/DEKP/structures/author_archive/protein structure datasets/kcat/RCSB PDB/P49053.pdb,external_methods/DEKP/structures/public_kcat/AlphaFold/P49053.pdb
public_kcat_train,P49058,exists,external_methods/DEKP/structures/author_archive/protein structure datasets/kcat/RCSB PDB/P49058.pdb,external_methods/DEKP/structures/public_kcat/AlphaFold/P49058.pdb
public_kcat_train,P49189,exists,external_methods/DEKP/structures/author_archive/protein structure datasets/kcat/RCSB PDB/P49189.pdb,external_methods/DEKP/structures/public_kcat/AlphaFold/P49189.pdb
public_kcat_train,P49235,exists,external_methods/DEKP/structures/author_archive/protein structure datasets/kcat/RCSB PDB/P49235.pdb,external_methods/DEKP/structures/public_kcat/AlphaFold/P49235.pdb
public_kcat_train,P49327,exists,external_methods/DEKP/structures/author_archive/protein structure datasets/kcat/AlphaFold/P49327.pdb,external_methods/DEKP/structures/public_kcat/AlphaFold/P49327.pdb
public_kcat_train,P49384,exists,external_methods/DEKP/structures/author_archive/protein structure datasets/kcat/AlphaFold/P49384.pdb,external_methods/DEKP/structures/public_kcat/AlphaFold/P49384.pdb
public_kcat_train,P49789,exists,external_methods/DEKP/structures/author_archive/protein structure datasets/kcat/RCSB PDB/P49789.pdb,external_methods/DEKP/structures/public_kcat/AlphaFold/P49789.pdb
public_kcat_train,P49888,exists,external_methods/DEKP/structures/author_archive/protein structure datasets/kcat/RCSB PDB/P49888.pdb,external_methods/DEKP/structures/public_kcat/AlphaFold/P49888.pdb
public_kcat_train,P49891,exists,external_methods/DEKP/structures/author_archive/protein structure datasets/kcat/RCSB PDB/P49891.pdb,external_methods/DEKP/structures/public_kcat/AlphaFold/P49891.pdb
public_kcat_train,P49961,exists,external_methods/DEKP/structures/author_archive/protein structure datasets/kcat/AlphaFold/P49961.pdb,external_methods/DEKP/structures/public_kcat/AlphaFold/P49961.pdb
public_kcat_train,P50053,exists,external_methods/DEKP/structures/author_archive/protein structure datasets/kcat/RCSB PDB/P50053.pdb,external_methods/DEKP/structures/public_kcat/AlphaFold/P50053.pdb
public_kcat_train,P50097,exists,external_methods/DEKP/structures/author_archive/protein structure datasets/kcat/RCSB PDB/P50097.pdb,external_methods/DEKP/structures/public_kcat/AlphaFold/P50097.pdb
public_kcat_train,P50135,exists,external_methods/DEKP/structures/author_archive/protein structure datasets/kcat/RCSB PDB/P50135.pdb,external_methods/DEKP/structures/public_kcat/AlphaFold/P50135.pdb
public_kcat_train,P50162,exists,external_methods/DEKP/structures/author_archive/protein structure datasets/kcat/RCSB PDB/P50162.pdb,external_methods/DEKP/structures/public_kcat/AlphaFold/P50162.pdb
public_kcat_train,P50163,exists,external_methods/DEKP/structures/author_archive/protein structure datasets/kcat/RCSB PDB/P50163.pdb,external_methods/DEKP/structures/public_kcat/AlphaFold/P50163.pdb
public_kcat_train,P50213,exists,external_methods/DEKP/structures/author_archive/protein structure datasets/kcat/AlphaFold/P50213.pdb,external_methods/DEKP/structures/public_kcat/AlphaFold/P50213.pdb
public_kcat_train,P50287,exists,external_methods/DEKP/structures/author_archive/protein structure datasets/kcat/AlphaFold/P50287.pdb,external_methods/DEKP/structures/public_kcat/AlphaFold/P50287.pdb
public_kcat_train,P50384,exists,external_methods/DEKP/structures/author_archive/protein structure datasets/kcat/RCSB PDB/P50384.pdb,external_methods/DEKP/structures/public_kcat/AlphaFold/P50384.pdb
public_kcat_train,P50583,exists,external_methods/DEKP/structures/author_archive/protein structure datasets/kcat/RCSB PDB/P50583.pdb,external_methods/DEKP/structures/public_kcat/AlphaFold/P50583.pdb
public_kcat_train,P51015,exists,external_methods/DEKP/structures/author_archive/protein structure datasets/kcat/AlphaFold/P51015.pdb,external_methods/DEKP/structures/public_kcat/AlphaFold/P51015.pdb
public_kcat_train,P51541,exists,external_methods/DEKP/structures/author_archive/protein structure datasets/kcat/RCSB PDB/P51541.pdb,external_methods/DEKP/structures/public_kcat/AlphaFold/P51541.pdb
public_kcat_train,P51555,exists,external_methods/DEKP/structures/author_archive/protein structure datasets/kcat/RCSB PDB/P51555.pdb,external_methods/DEKP/structures/public_kcat/AlphaFold/P51555.pdb
public_kcat_train,P51570,exists,external_methods/DEKP/structures/author_archive/protein structure datasets/kcat/RCSB PDB/P51570.pdb,external_methods/DEKP/structures/public_kcat/AlphaFold/P51570.pdb
public_kcat_train,P51659,exists,external_methods/DEKP/structures/author_archive/protein structure datasets/kcat/AlphaFold/P51659.pdb,external_methods/DEKP/structures/public_kcat/AlphaFold/P51659.pdb
public_kcat_train,P51687,exists,external_methods/DEKP/structures/author_archive/protein structure datasets/Km/AlphaFold/P51687.pdb,external_methods/DEKP/structures/public_kcat/AlphaFold/P51687.pdb
public_kcat_train,P51696,exists,external_methods/DEKP/structures/author_archive/protein structure datasets/kcat/AlphaFold/P51696.pdb,external_methods/DEKP/structures/public_kcat/AlphaFold/P51696.pdb
public_kcat_train,P51698,exists,external_methods/DEKP/structures/author_archive/protein structure datasets/kcat/AlphaFold/P51698.pdb,external_methods/DEKP/structures/public_kcat/AlphaFold/P51698.pdb
public_kcat_train,P51811,exists,external_methods/DEKP/structures/author_archive/protein structure datasets/kcat/AlphaFold/P51811.pdb,external_methods/DEKP/structures/public_kcat/AlphaFold/P51811.pdb
public_kcat_train,P51853,exists,external_methods/DEKP/structures/author_archive/protein structure datasets/kcat/RCSB PDB/P51853.pdb,external_methods/DEKP/structures/public_kcat/AlphaFold/P51853.pdb
public_kcat_train,P51857,exists,external_methods/DEKP/structures/author_archive/protein structure datasets/kcat/RCSB PDB/P51857.pdb,external_methods/DEKP/structures/public_kcat/AlphaFold/P51857.pdb
public_kcat_train,P51981,exists,external_methods/DEKP/structures/author_archive/protein structure datasets/kcat/RCSB PDB/P51981.pdb,external_methods/DEKP/structures/public_kcat/AlphaFold/P51981.pdb
public_kcat_train,P52208,exists,external_methods/DEKP/structures/author_archive/protein structure datasets/kcat/AlphaFold/P52208.pdb,external_methods/DEKP/structures/public_kcat/AlphaFold/P52208.pdb
public_kcat_train,P52270,exists,external_methods/DEKP/structures/author_archive/protein structure datasets/kcat/RCSB PDB/P52270.pdb,external_methods/DEKP/structures/public_kcat/AlphaFold/P52270.pdb
public_kcat_train,P52426,exists,external_methods/DEKP/structures/author_archive/protein structure datasets/kcat/AlphaFold/P52426.pdb,external_methods/DEKP/structures/public_kcat/AlphaFold/P52426.pdb
public_kcat_train,P52489,exists,external_methods/DEKP/structures/author_archive/protein structure datasets/kcat/AlphaFold/P52489.pdb,external_methods/DEKP/structures/public_kcat/AlphaFold/P52489.pdb
public_kcat_train,P52663,exists,external_methods/DEKP/structures/author_archive/protein structure datasets/kcat/RCSB PDB/P52663.pdb,external_methods/DEKP/structures/public_kcat/AlphaFold/P52663.pdb
public_kcat_train,P52682,exists,external_methods/DEKP/structures/author_archive/protein structure datasets/kcat/AlphaFold/P52682.pdb,external_methods/DEKP/structures/public_kcat/AlphaFold/P52682.pdb
public_kcat_train,P52700,exists,external_methods/DEKP/structures/author_archive/protein structure datasets/kcat/RCSB PDB/P52700.pdb,external_methods/DEKP/structures/public_kcat/AlphaFold/P52700.pdb
public_kcat_train,P52704,exists,external_methods/DEKP/structures/author_archive/protein structure datasets/kcat/RCSB PDB/P52704.pdb,external_methods/DEKP/structures/public_kcat/AlphaFold/P52704.pdb
public_kcat_train,P52789,exists,external_methods/DEKP/structures/author_archive/protein structure datasets/kcat/RCSB PDB/P52789.pdb,external_methods/DEKP/structures/public_kcat/AlphaFold/P52789.pdb
public_kcat_train,P52836,exists,external_methods/DEKP/structures/author_archive/protein structure datasets/kcat/AlphaFold/P52836.pdb,external_methods/DEKP/structures/public_kcat/AlphaFold/P52836.pdb
public_kcat_train,P52897,exists,external_methods/DEKP/structures/author_archive/protein structure datasets/kcat/AlphaFold/P52897.pdb,external_methods/DEKP/structures/public_kcat/AlphaFold/P52897.pdb
public_kcat_train,P53095,exists,external_methods/DEKP/structures/author_archive/protein structure datasets/kcat/AlphaFold/P53095.pdb,external_methods/DEKP/structures/public_kcat/AlphaFold/P53095.pdb
public_kcat_train,P53144,exists,external_methods/DEKP/structures/author_archive/protein structure datasets/kcat/RCSB PDB/P53144.pdb,external_methods/DEKP/structures/public_kcat/AlphaFold/P53144.pdb
public_kcat_train,P53446,exists,external_methods/DEKP/structures/author_archive/protein structure datasets/kcat/AlphaFold/P53446.pdb,external_methods/DEKP/structures/public_kcat/AlphaFold/P53446.pdb
public_kcat_train,P53608,exists,external_methods/DEKP/structures/author_archive/protein structure datasets/kcat/RCSB PDB/P53608.pdb,external_methods/DEKP/structures/public_kcat/AlphaFold/P53608.pdb
public_kcat_train,P53934,exists,external_methods/DEKP/structures/author_archive/protein structure datasets/kcat/RCSB PDB/P53934.pdb,external_methods/DEKP/structures/public_kcat/AlphaFold/P53934.pdb
public_kcat_train,P53965,exists,external_methods/DEKP/structures/author_archive/protein structure datasets/Km/AlphaFold/P53965.pdb,external_methods/DEKP/structures/public_kcat/AlphaFold/P53965.pdb
public_kcat_train,P54115,exists,external_methods/DEKP/structures/author_archive/protein structure datasets/kcat/AlphaFold/P54115.pdb,external_methods/DEKP/structures/public_kcat/AlphaFold/P54115.pdb
public_kcat_train,P54136,exists,external_methods/DEKP/structures/author_archive/protein structure datasets/kcat/RCSB PDB/P54136.pdb,external_methods/DEKP/structures/public_kcat/AlphaFold/P54136.pdb
public_kcat_train,P54550,exists,external_methods/DEKP/structures/author_archive/protein structure datasets/kcat/RCSB PDB/P54550.pdb,external_methods/DEKP/structures/public_kcat/AlphaFold/P54550.pdb
public_kcat_train,P54716,exists,external_methods/DEKP/structures/author_archive/protein structure datasets/kcat/RCSB PDB/P54716.pdb,external_methods/DEKP/structures/public_kcat/AlphaFold/P54716.pdb
public_kcat_train,P55217,exists,external_methods/DEKP/structures/author_archive/protein structure datasets/kcat/AlphaFold/P55217.pdb,external_methods/DEKP/structures/public_kcat/AlphaFold/P55217.pdb
public_kcat_train,P55345,exists,external_methods/DEKP/structures/author_archive/protein structure datasets/Km/AlphaFold/P55345.pdb,external_methods/DEKP/structures/public_kcat/AlphaFold/P55345.pdb
public_kcat_train,P56068,exists,external_methods/DEKP/structures/author_archive/protein structure datasets/kcat/AlphaFold/P56068.pdb,external_methods/DEKP/structures/public_kcat/AlphaFold/P56068.pdb
public_kcat_train,P56216,exists,external_methods/DEKP/structures/author_archive/protein structure datasets/kcat/RCSB PDB/P56216.pdb,external_methods/DEKP/structures/public_kcat/AlphaFold/P56216.pdb
public_kcat_train,P56544,exists,external_methods/DEKP/structures/author_archive/protein structure datasets/kcat/AlphaFold/P56544.pdb,external_methods/DEKP/structures/public_kcat/AlphaFold/P56544.pdb
public_kcat_train,P56653,exists,external_methods/DEKP/structures/author_archive/protein structure datasets/kcat/RCSB PDB/P56653.pdb,external_methods/DEKP/structures/public_kcat/AlphaFold/P56653.pdb
public_kcat_train,P56868,exists,external_methods/DEKP/structures/author_archive/protein structure datasets/kcat/RCSB PDB/P56868.pdb,external_methods/DEKP/structures/public_kcat/AlphaFold/P56868.pdb
public_kcat_train,P56965,exists,external_methods/DEKP/structures/author_archive/protein structure datasets/kcat/RCSB PDB/P56965.pdb,external_methods/DEKP/structures/public_kcat/AlphaFold/P56965.pdb
public_kcat_train,P58052,exists,external_methods/DEKP/structures/author_archive/protein structure datasets/kcat/AlphaFold/P58052.pdb,external_methods/DEKP/structures/public_kcat/AlphaFold/P58052.pdb
public_kcat_train,P59626,exists,external_methods/DEKP/structures/author_archive/protein structure datasets/kcat/AlphaFold/P59626.pdb,external_methods/DEKP/structures/public_kcat/AlphaFold/P59626.pdb
public_kcat_train,P60472,exists,external_methods/DEKP/structures/author_archive/protein structure datasets/kcat/RCSB PDB/P60472.pdb,external_methods/DEKP/structures/public_kcat/AlphaFold/P60472.pdb
public_kcat_train,P61489,exists,external_methods/DEKP/structures/author_archive/protein structure datasets/kcat/AlphaFold/P61489.pdb,external_methods/DEKP/structures/public_kcat/AlphaFold/P61489.pdb
public_kcat_train,P61615,exists,external_methods/DEKP/structures/author_archive/protein structure datasets/kcat/RCSB PDB/P61615.pdb,external_methods/DEKP/structures/public_kcat/AlphaFold/P61615.pdb
public_kcat_train,P61872,exists,external_methods/DEKP/structures/author_archive/protein structure datasets/kcat/AlphaFold/P61872.pdb,external_methods/DEKP/structures/public_kcat/AlphaFold/P61872.pdb
public_kcat_train,P61884,exists,external_methods/DEKP/structures/author_archive/protein structure datasets/kcat/AlphaFold/P61884.pdb,external_methods/DEKP/structures/public_kcat/AlphaFold/P61884.pdb
public_kcat_train,P61891,exists,external_methods/DEKP/structures/author_archive/protein structure datasets/kcat/AlphaFold/P61891.pdb,external_methods/DEKP/structures/public_kcat/AlphaFold/P61891.pdb
public_kcat_train,P62593,exists,external_methods/DEKP/structures/author_archive/protein structure datasets/kcat/RCSB PDB/P62593.pdb,external_methods/DEKP/structures/public_kcat/AlphaFold/P62593.pdb
public_kcat_train,P62617,exists,external_methods/DEKP/structures/author_archive/protein structure datasets/kcat/RCSB PDB/P62617.pdb,external_methods/DEKP/structures/public_kcat/AlphaFold/P62617.pdb
public_kcat_train,P62707,exists,external_methods/DEKP/structures/author_archive/protein structure datasets/kcat/RCSB PDB/P62707.pdb,external_methods/DEKP/structures/public_kcat/AlphaFold/P62707.pdb
public_kcat_train,P63224,exists,external_methods/DEKP/structures/author_archive/protein structure datasets/kcat/RCSB PDB/P63224.pdb,external_methods/DEKP/structures/public_kcat/AlphaFold/P63224.pdb
public_kcat_train,P65456,exists,external_methods/DEKP/structures/author_archive/protein structure datasets/kcat/AlphaFold/P65456.pdb,external_methods/DEKP/structures/public_kcat/AlphaFold/P65456.pdb
public_kcat_train,P66899,exists,external_methods/DEKP/structures/author_archive/protein structure datasets/kcat/RCSB PDB/P66899.pdb,external_methods/DEKP/structures/public_kcat/AlphaFold/P66899.pdb
public_kcat_train,P69834,exists,external_methods/DEKP/structures/author_archive/protein structure datasets/Km/AlphaFold/P69834.pdb,external_methods/DEKP/structures/public_kcat/AlphaFold/P69834.pdb
public_kcat_train,P70826,exists,external_methods/DEKP/structures/author_archive/protein structure datasets/kcat/RCSB PDB/P70826.pdb,external_methods/DEKP/structures/public_kcat/AlphaFold/P70826.pdb
public_kcat_train,P70994,exists,external_methods/DEKP/structures/author_archive/protein structure datasets/kcat/RCSB PDB/P70994.pdb,external_methods/DEKP/structures/public_kcat/AlphaFold/P70994.pdb
public_kcat_train,P71447,exists,external_methods/DEKP/structures/author_archive/protein structure datasets/kcat/RCSB PDB/P71447.pdb,external_methods/DEKP/structures/public_kcat/AlphaFold/P71447.pdb
public_kcat_train,P71534,exists,external_methods/DEKP/structures/author_archive/protein structure datasets/kcat/RCSB PDB/P71534.pdb,external_methods/DEKP/structures/public_kcat/AlphaFold/P71534.pdb
public_kcat_train,P73735,exists,external_methods/DEKP/structures/author_archive/protein structure datasets/kcat/AlphaFold/P73735.pdb,external_methods/DEKP/structures/public_kcat/AlphaFold/P73735.pdb
public_kcat_train,P73911,exists,external_methods/DEKP/structures/author_archive/protein structure datasets/kcat/AlphaFold/P73911.pdb,external_methods/DEKP/structures/public_kcat/AlphaFold/P73911.pdb
public_kcat_train,P75144,exists,external_methods/DEKP/structures/author_archive/protein structure datasets/kcat/AlphaFold/P75144.pdb,external_methods/DEKP/structures/public_kcat/AlphaFold/P75144.pdb
public_kcat_train,P75430,exists,external_methods/DEKP/structures/author_archive/protein structure datasets/Km/AlphaFold/P75430.pdb,external_methods/DEKP/structures/public_kcat/AlphaFold/P75430.pdb
public_kcat_train,P75959,exists,external_methods/DEKP/structures/author_archive/protein structure datasets/kcat/AlphaFold/P75959.pdb,external_methods/DEKP/structures/public_kcat/AlphaFold/P75959.pdb
public_kcat_train,P76041,exists,external_methods/DEKP/structures/author_archive/protein structure datasets/kcat/AlphaFold/P76041.pdb,external_methods/DEKP/structures/public_kcat/AlphaFold/P76041.pdb
public_kcat_train,P76270,exists,external_methods/DEKP/structures/author_archive/protein structure datasets/Km/AlphaFold/P76270.pdb,external_methods/DEKP/structures/public_kcat/AlphaFold/P76270.pdb
public_kcat_train,P76491,exists,external_methods/DEKP/structures/author_archive/protein structure datasets/kcat/RCSB PDB/P76491.pdb,external_methods/DEKP/structures/public_kcat/AlphaFold/P76491.pdb
public_kcat_train,P76558,exists,external_methods/DEKP/structures/author_archive/protein structure datasets/kcat/AlphaFold/P76558.pdb,external_methods/DEKP/structures/public_kcat/AlphaFold/P76558.pdb
public_kcat_train,P76562,exists,external_methods/DEKP/structures/author_archive/protein structure datasets/kcat/RCSB PDB/P76562.pdb,external_methods/DEKP/structures/public_kcat/AlphaFold/P76562.pdb
public_kcat_train,P77154,exists,external_methods/DEKP/structures/author_archive/protein structure datasets/kcat/AlphaFold/P77154.pdb,external_methods/DEKP/structures/public_kcat/AlphaFold/P77154.pdb
public_kcat_train,P77366,exists,external_methods/DEKP/structures/author_archive/protein structure datasets/kcat/RCSB PDB/P77366.pdb,external_methods/DEKP/structures/public_kcat/AlphaFold/P77366.pdb
public_kcat_train,P77488,exists,external_methods/DEKP/structures/author_archive/protein structure datasets/kcat/RCSB PDB/P77488.pdb,external_methods/DEKP/structures/public_kcat/AlphaFold/P77488.pdb
public_kcat_train,P77570,exists,external_methods/DEKP/structures/author_archive/protein structure datasets/kcat/AlphaFold/P77570.pdb,external_methods/DEKP/structures/public_kcat/AlphaFold/P77570.pdb
public_kcat_train,P77608,exists,external_methods/DEKP/structures/author_archive/protein structure datasets/kcat/RCSB PDB/P77608.pdb,external_methods/DEKP/structures/public_kcat/AlphaFold/P77608.pdb
public_kcat_train,P77671,exists,external_methods/DEKP/structures/author_archive/protein structure datasets/kcat/RCSB PDB/P77671.pdb,external_methods/DEKP/structures/public_kcat/AlphaFold/P77671.pdb
public_kcat_train,P77674,exists,external_methods/DEKP/structures/author_archive/protein structure datasets/kcat/RCSB PDB/P77674.pdb,external_methods/DEKP/structures/public_kcat/AlphaFold/P77674.pdb
public_kcat_train,P77718,exists,external_methods/DEKP/structures/author_archive/protein structure datasets/kcat/AlphaFold/P77718.pdb,external_methods/DEKP/structures/public_kcat/AlphaFold/P77718.pdb
public_kcat_train,P77788,exists,external_methods/DEKP/structures/author_archive/protein structure datasets/kcat/RCSB PDB/P77788.pdb,external_methods/DEKP/structures/public_kcat/AlphaFold/P77788.pdb
public_kcat_train,P78540,exists,external_methods/DEKP/structures/author_archive/protein structure datasets/kcat/RCSB PDB/P78540.pdb,external_methods/DEKP/structures/public_kcat/AlphaFold/P78540.pdb
public_kcat_train,P80025,exists,external_methods/DEKP/structures/author_archive/protein structure datasets/Km/AlphaFold/P80025.pdb,external_methods/DEKP/structures/public_kcat/AlphaFold/P80025.pdb
public_kcat_train,P80276,exists,external_methods/DEKP/structures/author_archive/protein structure datasets/kcat/RCSB PDB/P80276.pdb,external_methods/DEKP/structures/public_kcat/AlphaFold/P80276.pdb
public_kcat_train,P80299,exists,external_methods/DEKP/structures/author_archive/protein structure datasets/kcat/AlphaFold/P80299.pdb,external_methods/DEKP/structures/public_kcat/AlphaFold/P80299.pdb
public_kcat_train,P80324,exists,external_methods/DEKP/structures/author_archive/protein structure datasets/kcat/RCSB PDB/P80324.pdb,external_methods/DEKP/structures/public_kcat/AlphaFold/P80324.pdb
public_kcat_train,P80366,exists,external_methods/DEKP/structures/author_archive/protein structure datasets/kcat/RCSB PDB/P80366.pdb,external_methods/DEKP/structures/public_kcat/AlphaFold/P80366.pdb
public_kcat_train,P80457,exists,external_methods/DEKP/structures/author_archive/protein structure datasets/kcat/RCSB PDB/P80457.pdb,external_methods/DEKP/structures/public_kcat/AlphaFold/P80457.pdb
public_kcat_train,P80468,exists,external_methods/DEKP/structures/author_archive/protein structure datasets/kcat/AlphaFold/P80468.pdb,external_methods/DEKP/structures/public_kcat/AlphaFold/P80468.pdb
public_kcat_train,P80545,exists,external_methods/DEKP/structures/author_archive/protein structure datasets/kcat/AlphaFold/P80545.pdb,external_methods/DEKP/structures/public_kcat/AlphaFold/P80545.pdb
public_kcat_train,P80561,exists,external_methods/DEKP/structures/author_archive/protein structure datasets/kcat/RCSB PDB/P80561.pdb,external_methods/DEKP/structures/public_kcat/AlphaFold/P80561.pdb
public_kcat_train,P80702,exists,external_methods/DEKP/structures/author_archive/protein structure datasets/kcat/RCSB PDB/P80702.pdb,external_methods/DEKP/structures/public_kcat/AlphaFold/P80702.pdb
public_kcat_train,P81065,exists,external_methods/DEKP/structures/author_archive/protein structure datasets/kcat/RCSB PDB/P81065.pdb,external_methods/DEKP/structures/public_kcat/AlphaFold/P81065.pdb
public_kcat_train,P81139,exists,external_methods/DEKP/structures/author_archive/protein structure datasets/Km/AlphaFold/P81139.pdb,external_methods/DEKP/structures/public_kcat/AlphaFold/P81139.pdb
public_kcat_train,P81140,exists,external_methods/DEKP/structures/author_archive/protein structure datasets/kcat/AlphaFold/P81140.pdb,external_methods/DEKP/structures/public_kcat/AlphaFold/P81140.pdb
public_kcat_train,P81156,exists,external_methods/DEKP/structures/author_archive/protein structure datasets/kcat/RCSB PDB/P81156.pdb,external_methods/DEKP/structures/public_kcat/AlphaFold/P81156.pdb
public_kcat_train,P81382,exists,external_methods/DEKP/structures/author_archive/protein structure datasets/kcat/RCSB PDB/P81382.pdb,external_methods/DEKP/structures/public_kcat/AlphaFold/P81382.pdb
public_kcat_train,P81383,exists,external_methods/DEKP/structures/author_archive/protein structure datasets/kcat/AlphaFold/P81383.pdb,external_methods/DEKP/structures/public_kcat/AlphaFold/P81383.pdb
public_kcat_train,P81786,exists,external_methods/DEKP/structures/author_archive/protein structure datasets/kcat/AlphaFold/P81786.pdb,external_methods/DEKP/structures/public_kcat/AlphaFold/P81786.pdb
public_kcat_train,P83194,exists,external_methods/DEKP/structures/author_archive/protein structure datasets/kcat/RCSB PDB/P83194.pdb,external_methods/DEKP/structures/public_kcat/AlphaFold/P83194.pdb
public_kcat_train,P83686,exists,external_methods/DEKP/structures/author_archive/protein structure datasets/kcat/RCSB PDB/P83686.pdb,external_methods/DEKP/structures/public_kcat/AlphaFold/P83686.pdb
public_kcat_train,P83788,exists,external_methods/DEKP/structures/author_archive/protein structure datasets/kcat/RCSB PDB/P83788.pdb,external_methods/DEKP/structures/public_kcat/AlphaFold/P83788.pdb
public_kcat_train,P84140,exists,external_methods/DEKP/structures/author_archive/protein structure datasets/kcat/RCSB PDB/P84140.pdb,external_methods/DEKP/structures/public_kcat/AlphaFold/P84140.pdb
public_kcat_train,P84142,exists,external_methods/DEKP/structures/author_archive/protein structure datasets/kcat/RCSB PDB/P84142.pdb,external_methods/DEKP/structures/public_kcat/AlphaFold/P84142.pdb
public_kcat_train,P84468,exists,external_methods/DEKP/structures/author_archive/protein structure datasets/kcat/AlphaFold/P84468.pdb,external_methods/DEKP/structures/public_kcat/AlphaFold/P84468.pdb
public_kcat_train,P85207,exists,external_methods/DEKP/structures/author_archive/protein structure datasets/kcat/AlphaFold/P85207.pdb,external_methods/DEKP/structures/public_kcat/AlphaFold/P85207.pdb
public_kcat_train,P86029,exists,external_methods/DEKP/structures/author_archive/protein structure datasets/kcat/AlphaFold/P86029.pdb,external_methods/DEKP/structures/public_kcat/AlphaFold/P86029.pdb
public_kcat_train,P86351,exists,external_methods/DEKP/structures/author_archive/protein structure datasets/kcat/AlphaFold/P86351.pdb,external_methods/DEKP/structures/public_kcat/AlphaFold/P86351.pdb
public_kcat_train,P90518,exists,external_methods/DEKP/structures/author_archive/protein structure datasets/kcat/AlphaFold/P90518.pdb,external_methods/DEKP/structures/public_kcat/AlphaFold/P90518.pdb
public_kcat_train,P91883,exists,external_methods/DEKP/structures/author_archive/protein structure datasets/kcat/AlphaFold/P91883.pdb,external_methods/DEKP/structures/public_kcat/AlphaFold/P91883.pdb
public_kcat_train,P92994,exists,external_methods/DEKP/structures/author_archive/protein structure datasets/kcat/AlphaFold/P92994.pdb,external_methods/DEKP/structures/public_kcat/AlphaFold/P92994.pdb
public_kcat_train,P93757,exists,external_methods/DEKP/structures/author_archive/protein structure datasets/kcat/AlphaFold/P93757.pdb,external_methods/DEKP/structures/public_kcat/AlphaFold/P93757.pdb
public_kcat_train,P94181,exists,external_methods/DEKP/structures/author_archive/protein structure datasets/kcat/AlphaFold/P94181.pdb,external_methods/DEKP/structures/public_kcat/AlphaFold/P94181.pdb
public_kcat_train,P94248,exists,external_methods/DEKP/structures/author_archive/protein structure datasets/kcat/AlphaFold/P94248.pdb,external_methods/DEKP/structures/public_kcat/AlphaFold/P94248.pdb
public_kcat_train,P94527,exists,external_methods/DEKP/structures/author_archive/protein structure datasets/kcat/AlphaFold/P94527.pdb,external_methods/DEKP/structures/public_kcat/AlphaFold/P94527.pdb
public_kcat_train,P94531,exists,external_methods/DEKP/structures/author_archive/protein structure datasets/kcat/AlphaFold/P94531.pdb,external_methods/DEKP/structures/public_kcat/AlphaFold/P94531.pdb
public_kcat_train,P94552,exists,external_methods/DEKP/structures/author_archive/protein structure datasets/kcat/AlphaFold/P94552.pdb,external_methods/DEKP/structures/public_kcat/AlphaFold/P94552.pdb
public_kcat_train,P95442,exists,external_methods/DEKP/structures/author_archive/protein structure datasets/kcat/AlphaFold/P95442.pdb,external_methods/DEKP/structures/public_kcat/AlphaFold/P95442.pdb
public_kcat_train,P96223,exists,external_methods/DEKP/structures/author_archive/protein structure datasets/kcat/AlphaFold/P96223.pdb,external_methods/DEKP/structures/public_kcat/AlphaFold/P96223.pdb
public_kcat_train,P96379,exists,external_methods/DEKP/structures/author_archive/protein structure datasets/kcat/AlphaFold/P96379.pdb,external_methods/DEKP/structures/public_kcat/AlphaFold/P96379.pdb
public_kcat_train,P96420,exists,external_methods/DEKP/structures/author_archive/protein structure datasets/kcat/AlphaFold/P96420.pdb,external_methods/DEKP/structures/public_kcat/AlphaFold/P96420.pdb
public_kcat_train,P96717,exists,external_methods/DEKP/structures/author_archive/protein structure datasets/kcat/RCSB PDB/P96717.pdb,external_methods/DEKP/structures/public_kcat/AlphaFold/P96717.pdb
public_kcat_train,P96741,exists,external_methods/DEKP/structures/author_archive/protein structure datasets/kcat/AlphaFold/P96741.pdb,external_methods/DEKP/structures/public_kcat/AlphaFold/P96741.pdb
public_kcat_train,P96807,exists,external_methods/DEKP/structures/author_archive/protein structure datasets/kcat/AlphaFold/P96807.pdb,external_methods/DEKP/structures/public_kcat/AlphaFold/P96807.pdb
public_kcat_train,P9WFX7,exists,external_methods/DEKP/structures/author_archive/protein structure datasets/kcat/RCSB PDB/P9WFX7.pdb,external_methods/DEKP/structures/public_kcat/AlphaFold/P9WFX7.pdb
public_kcat_train,P9WGD9,exists,external_methods/DEKP/structures/author_archive/protein structure datasets/kcat/AlphaFold/P9WGD9.pdb,external_methods/DEKP/structures/public_kcat/AlphaFold/P9WGD9.pdb
public_kcat_train,P9WGG1,exists,external_methods/DEKP/structures/author_archive/protein structure datasets/kcat/AlphaFold/P9WGG1.pdb,external_methods/DEKP/structures/public_kcat/AlphaFold/P9WGG1.pdb
public_kcat_train,P9WHG9,exists,external_methods/DEKP/structures/author_archive/protein structure datasets/kcat/AlphaFold/P9WHG9.pdb,external_methods/DEKP/structures/public_kcat/AlphaFold/P9WHG9.pdb
public_kcat_train,P9WHH7,exists,external_methods/DEKP/structures/author_archive/protein structure datasets/kcat/RCSB PDB/P9WHH7.pdb,external_methods/DEKP/structures/public_kcat/AlphaFold/P9WHH7.pdb
public_kcat_train,P9WHK7,exists,external_methods/DEKP/structures/author_archive/protein structure datasets/kcat/RCSB PDB/P9WHK7.pdb,external_methods/DEKP/structures/public_kcat/AlphaFold/P9WHK7.pdb
public_kcat_train,P9WIC1,exists,external_methods/DEKP/structures/author_archive/protein structure datasets/Km/AlphaFold/P9WIC1.pdb,external_methods/DEKP/structures/public_kcat/AlphaFold/P9WIC1.pdb
public_kcat_train,P9WIK7,exists,external_methods/DEKP/structures/author_archive/protein structure datasets/kcat/AlphaFold/P9WIK7.pdb,external_methods/DEKP/structures/public_kcat/AlphaFold/P9WIK7.pdb
public_kcat_train,P9WIS5,exists,external_methods/DEKP/structures/author_archive/protein structure datasets/kcat/AlphaFold/P9WIS5.pdb,external_methods/DEKP/structures/public_kcat/AlphaFold/P9WIS5.pdb
public_kcat_train,P9WK87,exists,external_methods/DEKP/structures/author_archive/protein structure datasets/kcat/AlphaFold/P9WK87.pdb,external_methods/DEKP/structures/public_kcat/AlphaFold/P9WK87.pdb
public_kcat_train,P9WKD7,exists,external_methods/DEKP/structures/author_archive/protein structure datasets/kcat/RCSB PDB/P9WKD7.pdb,external_methods/DEKP/structures/public_kcat/AlphaFold/P9WKD7.pdb
public_kcat_train,P9WKE1,exists,external_methods/DEKP/structures/author_archive/protein structure datasets/kcat/RCSB PDB/P9WKE1.pdb,external_methods/DEKP/structures/public_kcat/AlphaFold/P9WKE1.pdb
public_kcat_train,P9WKG5,exists,external_methods/DEKP/structures/author_archive/protein structure datasets/kcat/AlphaFold/P9WKG5.pdb,external_methods/DEKP/structures/public_kcat/AlphaFold/P9WKG5.pdb
public_kcat_train,P9WKL1,exists,external_methods/DEKP/structures/author_archive/protein structure datasets/kcat/RCSB PDB/P9WKL1.pdb,external_methods/DEKP/structures/public_kcat/AlphaFold/P9WKL1.pdb
public_kcat_train,P9WND1,exists,external_methods/DEKP/structures/author_archive/protein structure datasets/kcat/RCSB PDB/P9WND1.pdb,external_methods/DEKP/structures/public_kcat/AlphaFold/P9WND1.pdb
public_kcat_train,P9WNH5,exists,external_methods/DEKP/structures/author_archive/protein structure datasets/kcat/RCSB PDB/P9WNH5.pdb,external_methods/DEKP/structures/public_kcat/AlphaFold/P9WNH5.pdb
public_kcat_train,P9WNV1,exists,external_methods/DEKP/structures/author_archive/protein structure datasets/Km/AlphaFold/P9WNV1.pdb,external_methods/DEKP/structures/public_kcat/AlphaFold/P9WNV1.pdb
public_kcat_train,P9WNX5,exists,external_methods/DEKP/structures/author_archive/protein structure datasets/kcat/RCSB PDB/P9WNX5.pdb,external_methods/DEKP/structures/public_kcat/AlphaFold/P9WNX5.pdb
public_kcat_train,P9WPA7,exists,external_methods/DEKP/structures/author_archive/protein structure datasets/kcat/RCSB PDB/P9WPA7.pdb,external_methods/DEKP/structures/public_kcat/AlphaFold/P9WPA7.pdb
public_kcat_train,P9WPA9,exists,external_methods/DEKP/structures/author_archive/protein structure datasets/kcat/AlphaFold/P9WPA9.pdb,external_methods/DEKP/structures/public_kcat/AlphaFold/P9WPA9.pdb
public_kcat_train,Q00684,exists,external_methods/DEKP/structures/author_archive/protein structure datasets/Km/AlphaFold/Q00684.pdb,external_methods/DEKP/structures/public_kcat/AlphaFold/Q00684.pdb
public_kcat_train,Q01284,exists,external_methods/DEKP/structures/author_archive/protein structure datasets/kcat/AlphaFold/Q01284.pdb,external_methods/DEKP/structures/public_kcat/AlphaFold/Q01284.pdb
public_kcat_train,Q01390,exists,external_methods/DEKP/structures/author_archive/protein structure datasets/kcat/AlphaFold/Q01390.pdb,external_methods/DEKP/structures/public_kcat/AlphaFold/Q01390.pdb
public_kcat_train,Q01468,exists,external_methods/DEKP/structures/author_archive/protein structure datasets/kcat/RCSB PDB/Q01468.pdb,external_methods/DEKP/structures/public_kcat/AlphaFold/Q01468.pdb
public_kcat_train,Q01745,exists,external_methods/DEKP/structures/author_archive/protein structure datasets/kcat/AlphaFold/Q01745.pdb,external_methods/DEKP/structures/public_kcat/AlphaFold/Q01745.pdb
public_kcat_train,Q01782,exists,external_methods/DEKP/structures/author_archive/protein structure datasets/kcat/RCSB PDB/Q01782.pdb,external_methods/DEKP/structures/public_kcat/AlphaFold/Q01782.pdb
public_kcat_train,Q02126,exists,external_methods/DEKP/structures/author_archive/protein structure datasets/kcat/AlphaFold/Q02126.pdb,external_methods/DEKP/structures/public_kcat/AlphaFold/Q02126.pdb
public_kcat_train,Q02469,exists,external_methods/DEKP/structures/author_archive/protein structure datasets/kcat/RCSB PDB/Q02469.pdb,external_methods/DEKP/structures/public_kcat/AlphaFold/Q02469.pdb
public_kcat_train,Q02567,exists,external_methods/DEKP/structures/author_archive/protein structure datasets/kcat/RCSB PDB/Q02567.pdb,external_methods/DEKP/structures/public_kcat/AlphaFold/Q02567.pdb
public_kcat_train,Q02834,exists,external_methods/DEKP/structures/author_archive/protein structure datasets/kcat/RCSB PDB/Q02834.pdb,external_methods/DEKP/structures/public_kcat/AlphaFold/Q02834.pdb
public_kcat_train,Q02972,exists,external_methods/DEKP/structures/author_archive/protein structure datasets/kcat/AlphaFold/Q02972.pdb,external_methods/DEKP/structures/public_kcat/AlphaFold/Q02972.pdb
public_kcat_train,Q03013,exists,external_methods/DEKP/structures/author_archive/protein structure datasets/kcat/RCSB PDB/Q03013.pdb,external_methods/DEKP/structures/public_kcat/AlphaFold/Q03013.pdb
public_kcat_train,Q03311,exists,external_methods/DEKP/structures/author_archive/protein structure datasets/kcat/AlphaFold/Q03311.pdb,external_methods/DEKP/structures/public_kcat/AlphaFold/Q03311.pdb
public_kcat_train,Q03330,exists,external_methods/DEKP/structures/author_archive/protein structure datasets/Km/AlphaFold/Q03330.pdb,external_methods/DEKP/structures/public_kcat/AlphaFold/Q03330.pdb
public_kcat_train,Q03393,exists,external_methods/DEKP/structures/author_archive/protein structure datasets/kcat/RCSB PDB/Q03393.pdb,external_methods/DEKP/structures/public_kcat/AlphaFold/Q03393.pdb
public_kcat_train,Q03469,exists,external_methods/DEKP/structures/author_archive/protein structure datasets/kcat/AlphaFold/Q03469.pdb,external_methods/DEKP/structures/public_kcat/AlphaFold/Q03469.pdb
public_kcat_train,Q03521,exists,external_methods/DEKP/structures/author_archive/protein structure datasets/kcat/AlphaFold/Q03521.pdb,external_methods/DEKP/structures/public_kcat/AlphaFold/Q03521.pdb
public_kcat_train,Q04416,exists,external_methods/DEKP/structures/author_archive/protein structure datasets/kcat/RCSB PDB/Q04416.pdb,external_methods/DEKP/structures/public_kcat/AlphaFold/Q04416.pdb
public_kcat_train,Q04723,exists,external_methods/DEKP/structures/author_archive/protein structure datasets/kcat/AlphaFold/Q04723.pdb,external_methods/DEKP/structures/public_kcat/AlphaFold/Q04723.pdb
public_kcat_train,Q04760,exists,external_methods/DEKP/structures/author_archive/protein structure datasets/kcat/RCSB PDB/Q04760.pdb,external_methods/DEKP/structures/public_kcat/AlphaFold/Q04760.pdb
public_kcat_train,Q04828,exists,external_methods/DEKP/structures/author_archive/protein structure datasets/kcat/RCSB PDB/Q04828.pdb,external_methods/DEKP/structures/public_kcat/AlphaFold/Q04828.pdb
public_kcat_train,Q05469,exists,external_methods/DEKP/structures/author_archive/protein structure datasets/kcat/AlphaFold/Q05469.pdb,external_methods/DEKP/structures/public_kcat/AlphaFold/Q05469.pdb
public_kcat_train,Q05509,exists,external_methods/DEKP/structures/author_archive/protein structure datasets/kcat/AlphaFold/Q05509.pdb,external_methods/DEKP/structures/public_kcat/AlphaFold/Q05509.pdb
public_kcat_train,Q05756,exists,external_methods/DEKP/structures/author_archive/protein structure datasets/kcat/RCSB PDB/Q05756.pdb,external_methods/DEKP/structures/public_kcat/AlphaFold/Q05756.pdb
public_kcat_train,Q05819,exists,external_methods/DEKP/structures/author_archive/protein structure datasets/kcat/AlphaFold/Q05819.pdb,external_methods/DEKP/structures/public_kcat/AlphaFold/Q05819.pdb
public_kcat_train,Q05893,exists,external_methods/DEKP/structures/author_archive/protein structure datasets/kcat/AlphaFold/Q05893.pdb,external_methods/DEKP/structures/public_kcat/AlphaFold/Q05893.pdb
public_kcat_train,Q06121,exists,external_methods/DEKP/structures/author_archive/protein structure datasets/kcat/RCSB PDB/Q06121.pdb,external_methods/DEKP/structures/public_kcat/AlphaFold/Q06121.pdb
public_kcat_train,Q06278,exists,external_methods/DEKP/structures/author_archive/protein structure datasets/kcat/RCSB PDB/Q06278.pdb,external_methods/DEKP/structures/public_kcat/AlphaFold/Q06278.pdb
public_kcat_train,Q06520,exists,external_methods/DEKP/structures/author_archive/protein structure datasets/kcat/RCSB PDB/Q06520.pdb,external_methods/DEKP/structures/public_kcat/AlphaFold/Q06520.pdb
public_kcat_train,Q06893,exists,external_methods/DEKP/structures/author_archive/protein structure datasets/kcat/AlphaFold/Q06893.pdb,external_methods/DEKP/structures/public_kcat/AlphaFold/Q06893.pdb
public_kcat_train,Q07181,exists,external_methods/DEKP/structures/author_archive/protein structure datasets/kcat/RCSB PDB/Q07181.pdb,external_methods/DEKP/structures/public_kcat/AlphaFold/Q07181.pdb
public_kcat_train,Q08257,exists,external_methods/DEKP/structures/author_archive/protein structure datasets/kcat/RCSB PDB/Q08257.pdb,external_methods/DEKP/structures/public_kcat/AlphaFold/Q08257.pdb
public_kcat_train,Q08352,exists,external_methods/DEKP/structures/author_archive/protein structure datasets/kcat/AlphaFold/Q08352.pdb,external_methods/DEKP/structures/public_kcat/AlphaFold/Q08352.pdb
public_kcat_train,Q08392,exists,external_methods/DEKP/structures/author_archive/protein structure datasets/kcat/AlphaFold/Q08392.pdb,external_methods/DEKP/structures/public_kcat/AlphaFold/Q08392.pdb
public_kcat_train,Q08477,exists,external_methods/DEKP/structures/author_archive/protein structure datasets/kcat/AlphaFold/Q08477.pdb,external_methods/DEKP/structures/public_kcat/AlphaFold/Q08477.pdb
public_kcat_train,Q08623,exists,external_methods/DEKP/structures/author_archive/protein structure datasets/kcat/RCSB PDB/Q08623.pdb,external_methods/DEKP/structures/public_kcat/AlphaFold/Q08623.pdb
public_kcat_train,Q08IB7,exists,external_methods/DEKP/structures/author_archive/protein structure datasets/kcat/AlphaFold/Q08IB7.pdb,external_methods/DEKP/structures/public_kcat/AlphaFold/Q08IB7.pdb
public_kcat_train,Q09128,exists,external_methods/DEKP/structures/author_archive/protein structure datasets/kcat/RCSB PDB/Q09128.pdb,external_methods/DEKP/structures/public_kcat/AlphaFold/Q09128.pdb
public_kcat_train,Q09131,exists,external_methods/DEKP/structures/author_archive/protein structure datasets/kcat/AlphaFold/Q09131.pdb,external_methods/DEKP/structures/public_kcat/AlphaFold/Q09131.pdb
public_kcat_train,Q09751,exists,external_methods/DEKP/structures/author_archive/protein structure datasets/kcat/AlphaFold/Q09751.pdb,external_methods/DEKP/structures/public_kcat/AlphaFold/Q09751.pdb
public_kcat_train,Q09790,exists,external_methods/DEKP/structures/author_archive/protein structure datasets/kcat/AlphaFold/Q09790.pdb,external_methods/DEKP/structures/public_kcat/AlphaFold/Q09790.pdb
public_kcat_train,Q0B950,exists,external_methods/DEKP/structures/author_archive/protein structure datasets/kcat/AlphaFold/Q0B950.pdb,external_methods/DEKP/structures/public_kcat/AlphaFold/Q0B950.pdb
public_kcat_train,Q0B953,exists,external_methods/DEKP/structures/author_archive/protein structure datasets/kcat/AlphaFold/Q0B953.pdb,external_methods/DEKP/structures/public_kcat/AlphaFold/Q0B953.pdb
public_kcat_train,Q0DBF4,exists,external_methods/DEKP/structures/author_archive/protein structure datasets/kcat/AlphaFold/Q0DBF4.pdb,external_methods/DEKP/structures/public_kcat/AlphaFold/Q0DBF4.pdb
public_kcat_train,Q0GYU4,exists,external_methods/DEKP/structures/author_archive/protein structure datasets/kcat/AlphaFold/Q0GYU4.pdb,external_methods/DEKP/structures/public_kcat/AlphaFold/Q0GYU4.pdb
public_kcat_train,Q0GYU5,exists,external_methods/DEKP/structures/author_archive/protein structure datasets/kcat/AlphaFold/Q0GYU5.pdb,external_methods/DEKP/structures/public_kcat/AlphaFold/Q0GYU5.pdb
public_kcat_train,Q0H0G8,exists,external_methods/DEKP/structures/author_archive/protein structure datasets/kcat/AlphaFold/Q0H0G8.pdb,external_methods/DEKP/structures/public_kcat/AlphaFold/Q0H0G8.pdb
public_kcat_train,Q0H0G9,exists,external_methods/DEKP/structures/author_archive/protein structure datasets/kcat/RCSB PDB/Q0H0G9.pdb,external_methods/DEKP/structures/public_kcat/AlphaFold/Q0H0G9.pdb
public_kcat_train,Q0H0H0,exists,external_methods/DEKP/structures/author_archive/protein structure datasets/kcat/AlphaFold/Q0H0H0.pdb,external_methods/DEKP/structures/public_kcat/AlphaFold/Q0H0H0.pdb
public_kcat_train,Q0J8A4,exists,external_methods/DEKP/structures/author_archive/protein structure datasets/kcat/RCSB PDB/Q0J8A4.pdb,external_methods/DEKP/structures/public_kcat/AlphaFold/Q0J8A4.pdb
public_kcat_train,Q0JF01,exists,external_methods/DEKP/structures/author_archive/protein structure datasets/kcat/AlphaFold/Q0JF01.pdb,external_methods/DEKP/structures/public_kcat/AlphaFold/Q0JF01.pdb
public_kcat_train,Q0K080,exists,external_methods/DEKP/structures/author_archive/protein structure datasets/kcat/AlphaFold/Q0K080.pdb,external_methods/DEKP/structures/public_kcat/AlphaFold/Q0K080.pdb
public_kcat_train,Q0P8J6,exists,external_methods/DEKP/structures/author_archive/protein structure datasets/kcat/AlphaFold/Q0P8J6.pdb,external_methods/DEKP/structures/public_kcat/AlphaFold/Q0P8J6.pdb
public_kcat_train,Q0QLF5,exists,external_methods/DEKP/structures/author_archive/protein structure datasets/kcat/RCSB PDB/Q0QLF5.pdb,external_methods/DEKP/structures/public_kcat/AlphaFold/Q0QLF5.pdb
public_kcat_train,Q0ZPV7,exists,external_methods/DEKP/structures/author_archive/protein structure datasets/kcat/RCSB PDB/Q0ZPV7.pdb,external_methods/DEKP/structures/public_kcat/AlphaFold/Q0ZPV7.pdb
public_kcat_train,Q10712,exists,external_methods/DEKP/structures/author_archive/protein structure datasets/kcat/RCSB PDB/Q10712.pdb,external_methods/DEKP/structures/public_kcat/AlphaFold/Q10712.pdb
public_kcat_train,Q10714,exists,external_methods/DEKP/structures/author_archive/protein structure datasets/kcat/RCSB PDB/Q10714.pdb,external_methods/DEKP/structures/public_kcat/AlphaFold/Q10714.pdb
public_kcat_train,Q10SX6,exists,external_methods/DEKP/structures/author_archive/protein structure datasets/kcat/AlphaFold/Q10SX6.pdb,external_methods/DEKP/structures/public_kcat/AlphaFold/Q10SX6.pdb
public_kcat_train,Q11PP7,exists,external_methods/DEKP/structures/author_archive/protein structure datasets/kcat/AlphaFold/Q11PP7.pdb,external_methods/DEKP/structures/public_kcat/AlphaFold/Q11PP7.pdb
public_kcat_train,Q11Q45,exists,external_methods/DEKP/structures/author_archive/protein structure datasets/kcat/AlphaFold/Q11Q45.pdb,external_methods/DEKP/structures/public_kcat/AlphaFold/Q11Q45.pdb
public_kcat_train,Q12051,exists,external_methods/DEKP/structures/author_archive/protein structure datasets/kcat/RCSB PDB/Q12051.pdb,external_methods/DEKP/structures/public_kcat/AlphaFold/Q12051.pdb
public_kcat_train,Q12189,exists,external_methods/DEKP/structures/author_archive/protein structure datasets/kcat/RCSB PDB/Q12189.pdb,external_methods/DEKP/structures/public_kcat/AlphaFold/Q12189.pdb
public_kcat_train,Q12320,exists,external_methods/DEKP/structures/author_archive/protein structure datasets/kcat/AlphaFold/Q12320.pdb,external_methods/DEKP/structures/public_kcat/AlphaFold/Q12320.pdb
public_kcat_train,Q12524,exists,external_methods/DEKP/structures/author_archive/protein structure datasets/kcat/AlphaFold/Q12524.pdb,external_methods/DEKP/structures/public_kcat/AlphaFold/Q12524.pdb
public_kcat_train,Q12650,exists,external_methods/DEKP/structures/author_archive/protein structure datasets/kcat/RCSB PDB/Q12650.pdb,external_methods/DEKP/structures/public_kcat/AlphaFold/Q12650.pdb
public_kcat_train,Q12718,exists,external_methods/DEKP/structures/author_archive/protein structure datasets/kcat/RCSB PDB/Q12718.pdb,external_methods/DEKP/structures/public_kcat/AlphaFold/Q12718.pdb
public_kcat_train,Q12739,exists,external_methods/DEKP/structures/author_archive/protein structure datasets/kcat/AlphaFold/Q12739.pdb,external_methods/DEKP/structures/public_kcat/AlphaFold/Q12739.pdb
public_kcat_train,Q13057,exists,external_methods/DEKP/structures/author_archive/protein structure datasets/kcat/AlphaFold/Q13057.pdb,external_methods/DEKP/structures/public_kcat/AlphaFold/Q13057.pdb
public_kcat_train,Q13085,exists,external_methods/DEKP/structures/author_archive/protein structure datasets/kcat/RCSB PDB/Q13085.pdb,external_methods/DEKP/structures/public_kcat/AlphaFold/Q13085.pdb
public_kcat_train,Q13838,exists,external_methods/DEKP/structures/author_archive/protein structure datasets/kcat/RCSB PDB/Q13838.pdb,external_methods/DEKP/structures/public_kcat/AlphaFold/Q13838.pdb
public_kcat_train,Q13VU0,exists,external_methods/DEKP/structures/author_archive/protein structure datasets/kcat/AlphaFold/Q13VU0.pdb,external_methods/DEKP/structures/public_kcat/AlphaFold/Q13VU0.pdb
public_kcat_train,Q14376,exists,external_methods/DEKP/structures/author_archive/protein structure datasets/kcat/RCSB PDB/Q14376.pdb,external_methods/DEKP/structures/public_kcat/AlphaFold/Q14376.pdb
public_kcat_train,Q14534,exists,external_methods/DEKP/structures/author_archive/protein structure datasets/Km/AlphaFold/Q14534.pdb,external_methods/DEKP/structures/public_kcat/AlphaFold/Q14534.pdb
public_kcat_train,Q15125,exists,external_methods/DEKP/structures/author_archive/protein structure datasets/kcat/RCSB PDB/Q15125.pdb,external_methods/DEKP/structures/public_kcat/AlphaFold/Q15125.pdb
public_kcat_train,Q15835,exists,external_methods/DEKP/structures/author_archive/protein structure datasets/Km/AlphaFold/Q15835.pdb,external_methods/DEKP/structures/public_kcat/AlphaFold/Q15835.pdb
public_kcat_train,Q16678,exists,external_methods/DEKP/structures/author_archive/protein structure datasets/kcat/RCSB PDB/Q16678.pdb,external_methods/DEKP/structures/public_kcat/AlphaFold/Q16678.pdb
public_kcat_train,Q16775,exists,external_methods/DEKP/structures/author_archive/protein structure datasets/Km/AlphaFold/Q16775.pdb,external_methods/DEKP/structures/public_kcat/AlphaFold/Q16775.pdb
public_kcat_train,Q16D96,exists,external_methods/DEKP/structures/author_archive/protein structure datasets/kcat/AlphaFold/Q16D96.pdb,external_methods/DEKP/structures/public_kcat/AlphaFold/Q16D96.pdb
public_kcat_train,Q17058,exists,external_methods/DEKP/structures/author_archive/protein structure datasets/kcat/AlphaFold/Q17058.pdb,external_methods/DEKP/structures/public_kcat/AlphaFold/Q17058.pdb
public_kcat_train,Q1ET73,exists,external_methods/DEKP/structures/author_archive/protein structure datasets/kcat/AlphaFold/Q1ET73.pdb,external_methods/DEKP/structures/public_kcat/AlphaFold/Q1ET73.pdb
public_kcat_train,Q1LCS4,exists,external_methods/DEKP/structures/author_archive/protein structure datasets/kcat/RCSB PDB/Q1LCS4.pdb,external_methods/DEKP/structures/public_kcat/AlphaFold/Q1LCS4.pdb
public_kcat_train,Q1LK00,exists,external_methods/DEKP/structures/author_archive/protein structure datasets/kcat/RCSB PDB/Q1LK00.pdb,external_methods/DEKP/structures/public_kcat/AlphaFold/Q1LK00.pdb
public_kcat_train,Q1LRV9,exists,external_methods/DEKP/structures/author_archive/protein structure datasets/kcat/AlphaFold/Q1LRV9.pdb,external_methods/DEKP/structures/public_kcat/AlphaFold/Q1LRV9.pdb
public_kcat_train,Q1LRY0,exists,external_methods/DEKP/structures/author_archive/protein structure datasets/kcat/RCSB PDB/Q1LRY0.pdb,external_methods/DEKP/structures/public_kcat/AlphaFold/Q1LRY0.pdb
public_kcat_train,Q1M0P5,exists,external_methods/DEKP/structures/author_archive/protein structure datasets/kcat/AlphaFold/Q1M0P5.pdb,external_methods/DEKP/structures/public_kcat/AlphaFold/Q1M0P5.pdb
public_kcat_train,Q1QV19,exists,external_methods/DEKP/structures/author_archive/protein structure datasets/kcat/AlphaFold/Q1QV19.pdb,external_methods/DEKP/structures/public_kcat/AlphaFold/Q1QV19.pdb
public_kcat_train,Q21929,exists,external_methods/DEKP/structures/author_archive/protein structure datasets/kcat/AlphaFold/Q21929.pdb,external_methods/DEKP/structures/public_kcat/AlphaFold/Q21929.pdb
public_kcat_train,Q22993,exists,external_methods/DEKP/structures/author_archive/protein structure datasets/kcat/RCSB PDB/Q22993.pdb,external_methods/DEKP/structures/public_kcat/AlphaFold/Q22993.pdb
public_kcat_train,Q24451,exists,external_methods/DEKP/structures/author_archive/protein structure datasets/kcat/RCSB PDB/Q24451.pdb,external_methods/DEKP/structures/public_kcat/AlphaFold/Q24451.pdb
public_kcat_train,Q24JL3,exists,external_methods/DEKP/structures/author_archive/protein structure datasets/kcat/AlphaFold/Q24JL3.pdb,external_methods/DEKP/structures/public_kcat/AlphaFold/Q24JL3.pdb
public_kcat_train,Q25861,exists,external_methods/DEKP/structures/author_archive/protein structure datasets/kcat/AlphaFold/Q25861.pdb,external_methods/DEKP/structures/public_kcat/AlphaFold/Q25861.pdb
public_kcat_train,Q25BW4,exists,external_methods/DEKP/structures/author_archive/protein structure datasets/kcat/AlphaFold/Q25BW4.pdb,external_methods/DEKP/structures/public_kcat/AlphaFold/Q25BW4.pdb
public_kcat_train,Q27564,exists,external_methods/DEKP/structures/author_archive/protein structure datasets/kcat/AlphaFold/Q27564.pdb,external_methods/DEKP/structures/public_kcat/AlphaFold/Q27564.pdb
public_kcat_train,Q27647,exists,external_methods/DEKP/structures/author_archive/protein structure datasets/kcat/AlphaFold/Q27647.pdb,external_methods/DEKP/structures/public_kcat/AlphaFold/Q27647.pdb
public_kcat_train,Q27783,exists,external_methods/DEKP/structures/author_archive/protein structure datasets/kcat/AlphaFold/Q27783.pdb,external_methods/DEKP/structures/public_kcat/AlphaFold/Q27783.pdb
public_kcat_train,Q27793,exists,external_methods/DEKP/structures/author_archive/protein structure datasets/kcat/RCSB PDB/Q27793.pdb,external_methods/DEKP/structures/public_kcat/AlphaFold/Q27793.pdb
public_kcat_train,Q27796,exists,external_methods/DEKP/structures/author_archive/protein structure datasets/kcat/AlphaFold/Q27796.pdb,external_methods/DEKP/structures/public_kcat/AlphaFold/Q27796.pdb
public_kcat_train,Q27797,exists,external_methods/DEKP/structures/author_archive/protein structure datasets/kcat/RCSB PDB/Q27797.pdb,external_methods/DEKP/structures/public_kcat/AlphaFold/Q27797.pdb
public_kcat_train,Q27Z06,exists,external_methods/DEKP/structures/author_archive/protein structure datasets/kcat/AlphaFold/Q27Z06.pdb,external_methods/DEKP/structures/public_kcat/AlphaFold/Q27Z06.pdb
public_kcat_train,Q288X1,exists,external_methods/DEKP/structures/author_archive/protein structure datasets/kcat/RCSB PDB/Q288X1.pdb,external_methods/DEKP/structures/public_kcat/AlphaFold/Q288X1.pdb
public_kcat_train,Q29495,exists,external_methods/DEKP/structures/author_archive/protein structure datasets/kcat/RCSB PDB/Q29495.pdb,external_methods/DEKP/structures/public_kcat/AlphaFold/Q29495.pdb
public_kcat_train,Q29550,exists,external_methods/DEKP/structures/author_archive/protein structure datasets/kcat/RCSB PDB/Q29550.pdb,external_methods/DEKP/structures/public_kcat/AlphaFold/Q29550.pdb
public_kcat_train,Q2AAT6,exists,external_methods/DEKP/structures/author_archive/protein structure datasets/kcat/AlphaFold/Q2AAT6.pdb,external_methods/DEKP/structures/public_kcat/AlphaFold/Q2AAT6.pdb
public_kcat_train,Q2FWC7,exists,external_methods/DEKP/structures/author_archive/protein structure datasets/kcat/RCSB PDB/Q2FWC7.pdb,external_methods/DEKP/structures/public_kcat/AlphaFold/Q2FWC7.pdb
public_kcat_train,Q2FZ08,exists,external_methods/DEKP/structures/author_archive/protein structure datasets/kcat/AlphaFold/Q2FZ08.pdb,external_methods/DEKP/structures/public_kcat/AlphaFold/Q2FZ08.pdb
public_kcat_train,Q2FZQ3,exists,external_methods/DEKP/structures/author_archive/protein structure datasets/kcat/RCSB PDB/Q2FZQ3.pdb,external_methods/DEKP/structures/public_kcat/AlphaFold/Q2FZQ3.pdb
public_kcat_train,Q2G1M5,exists,external_methods/DEKP/structures/author_archive/protein structure datasets/kcat/RCSB PDB/Q2G1M5.pdb,external_methods/DEKP/structures/public_kcat/AlphaFold/Q2G1M5.pdb
public_kcat_train,Q2G6Y3,exists,external_methods/DEKP/structures/author_archive/protein structure datasets/kcat/AlphaFold/Q2G6Y3.pdb,external_methods/DEKP/structures/public_kcat/AlphaFold/Q2G6Y3.pdb
public_kcat_train,Q2HY42,exists,external_methods/DEKP/structures/author_archive/protein structure datasets/kcat/AlphaFold/Q2HY42.pdb,external_methods/DEKP/structures/public_kcat/AlphaFold/Q2HY42.pdb
public_kcat_train,Q2I011,exists,external_methods/DEKP/structures/author_archive/protein structure datasets/kcat/AlphaFold/Q2I011.pdb,external_methods/DEKP/structures/public_kcat/AlphaFold/Q2I011.pdb
public_kcat_train,Q2I8V6,exists,external_methods/DEKP/structures/author_archive/protein structure datasets/kcat/RCSB PDB/Q2I8V6.pdb,external_methods/DEKP/structures/public_kcat/AlphaFold/Q2I8V6.pdb
public_kcat_train,Q2KD13,exists,external_methods/DEKP/structures/author_archive/protein structure datasets/kcat/AlphaFold/Q2KD13.pdb,external_methods/DEKP/structures/public_kcat/AlphaFold/Q2KD13.pdb
public_kcat_train,Q2KNL5,exists,external_methods/DEKP/structures/author_archive/protein structure datasets/kcat/AlphaFold/Q2KNL5.pdb,external_methods/DEKP/structures/public_kcat/AlphaFold/Q2KNL5.pdb
public_kcat_train,Q2KNL6,exists,external_methods/DEKP/structures/author_archive/protein structure datasets/kcat/AlphaFold/Q2KNL6.pdb,external_methods/DEKP/structures/public_kcat/AlphaFold/Q2KNL6.pdb
public_kcat_train,Q2KTH3,exists,external_methods/DEKP/structures/author_archive/protein structure datasets/kcat/AlphaFold/Q2KTH3.pdb,external_methods/DEKP/structures/public_kcat/AlphaFold/Q2KTH3.pdb
public_kcat_train,Q2KTH4,exists,external_methods/DEKP/structures/author_archive/protein structure datasets/kcat/AlphaFold/Q2KTH4.pdb,external_methods/DEKP/structures/public_kcat/AlphaFold/Q2KTH4.pdb
public_kcat_train,Q2MHD9,exists,external_methods/DEKP/structures/author_archive/protein structure datasets/kcat/AlphaFold/Q2MHD9.pdb,external_methods/DEKP/structures/public_kcat/AlphaFold/Q2MHD9.pdb
public_kcat_train,Q2QMN7,exists,external_methods/DEKP/structures/author_archive/protein structure datasets/kcat/AlphaFold/Q2QMN7.pdb,external_methods/DEKP/structures/public_kcat/AlphaFold/Q2QMN7.pdb
public_kcat_train,Q2RQ36,exists,external_methods/DEKP/structures/author_archive/protein structure datasets/kcat/AlphaFold/Q2RQ36.pdb,external_methods/DEKP/structures/public_kcat/AlphaFold/Q2RQ36.pdb
public_kcat_train,Q2T3J4,exists,external_methods/DEKP/structures/author_archive/protein structure datasets/kcat/AlphaFold/Q2T3J4.pdb,external_methods/DEKP/structures/public_kcat/AlphaFold/Q2T3J4.pdb
public_kcat_train,Q2T596,exists,external_methods/DEKP/structures/author_archive/protein structure datasets/kcat/AlphaFold/Q2T596.pdb,external_methods/DEKP/structures/public_kcat/AlphaFold/Q2T596.pdb
public_kcat_train,Q2TBQ8,exists,external_methods/DEKP/structures/author_archive/protein structure datasets/kcat/AlphaFold/Q2TBQ8.pdb,external_methods/DEKP/structures/public_kcat/AlphaFold/Q2TBQ8.pdb
public_kcat_train,Q2UJE7,exists,external_methods/DEKP/structures/author_archive/protein structure datasets/kcat/AlphaFold/Q2UJE7.pdb,external_methods/DEKP/structures/public_kcat/AlphaFold/Q2UJE7.pdb
public_kcat_train,Q2VLB9,exists,external_methods/DEKP/structures/author_archive/protein structure datasets/kcat/AlphaFold/Q2VLB9.pdb,external_methods/DEKP/structures/public_kcat/AlphaFold/Q2VLB9.pdb
public_kcat_train,Q2VMT2,exists,external_methods/DEKP/structures/author_archive/protein structure datasets/Km/AlphaFold/Q2VMT2.pdb,external_methods/DEKP/structures/public_kcat/AlphaFold/Q2VMT2.pdb
public_kcat_train,Q2YIQ1,exists,external_methods/DEKP/structures/author_archive/protein structure datasets/kcat/AlphaFold/Q2YIQ1.pdb,external_methods/DEKP/structures/public_kcat/AlphaFold/Q2YIQ1.pdb
public_kcat_train,Q38087,exists,external_methods/DEKP/structures/author_archive/protein structure datasets/kcat/RCSB PDB/Q38087.pdb,external_methods/DEKP/structures/public_kcat/AlphaFold/Q38087.pdb
public_kcat_train,Q388H8,exists,external_methods/DEKP/structures/author_archive/protein structure datasets/kcat/AlphaFold/Q388H8.pdb,external_methods/DEKP/structures/public_kcat/AlphaFold/Q388H8.pdb
public_kcat_train,Q38B42,exists,external_methods/DEKP/structures/author_archive/protein structure datasets/kcat/AlphaFold/Q38B42.pdb,external_methods/DEKP/structures/public_kcat/AlphaFold/Q38B42.pdb
public_kcat_train,Q38C41,exists,external_methods/DEKP/structures/author_archive/protein structure datasets/kcat/AlphaFold/Q38C41.pdb,external_methods/DEKP/structures/public_kcat/AlphaFold/Q38C41.pdb
public_kcat_train,Q38HX3,exists,external_methods/DEKP/structures/author_archive/protein structure datasets/kcat/AlphaFold/Q38HX3.pdb,external_methods/DEKP/structures/public_kcat/AlphaFold/Q38HX3.pdb
public_kcat_train,Q38UH2,exists,external_methods/DEKP/structures/author_archive/protein structure datasets/kcat/AlphaFold/Q38UH2.pdb,external_methods/DEKP/structures/public_kcat/AlphaFold/Q38UH2.pdb
public_kcat_train,Q39172,exists,external_methods/DEKP/structures/author_archive/protein structure datasets/kcat/RCSB PDB/Q39172.pdb,external_methods/DEKP/structures/public_kcat/AlphaFold/Q39172.pdb
public_kcat_train,Q3ECS3,exists,external_methods/DEKP/structures/author_archive/protein structure datasets/kcat/AlphaFold/Q3ECS3.pdb,external_methods/DEKP/structures/public_kcat/AlphaFold/Q3ECS3.pdb
public_kcat_train,Q3IWB0,exists,external_methods/DEKP/structures/author_archive/protein structure datasets/kcat/RCSB PDB/Q3IWB0.pdb,external_methods/DEKP/structures/public_kcat/AlphaFold/Q3IWB0.pdb
public_kcat_train,Q3IZJ8,exists,external_methods/DEKP/structures/author_archive/protein structure datasets/kcat/AlphaFold/Q3IZJ8.pdb,external_methods/DEKP/structures/public_kcat/AlphaFold/Q3IZJ8.pdb
public_kcat_train,Q3J5L6,exists,external_methods/DEKP/structures/author_archive/protein structure datasets/kcat/RCSB PDB/Q3J5L6.pdb,external_methods/DEKP/structures/public_kcat/AlphaFold/Q3J5L6.pdb
public_kcat_train,Q3JFG0,exists,external_methods/DEKP/structures/author_archive/protein structure datasets/kcat/AlphaFold/Q3JFG0.pdb,external_methods/DEKP/structures/public_kcat/AlphaFold/Q3JFG0.pdb
public_kcat_train,Q3MHS3,exists,external_methods/DEKP/structures/author_archive/protein structure datasets/kcat/AlphaFold/Q3MHS3.pdb,external_methods/DEKP/structures/public_kcat/AlphaFold/Q3MHS3.pdb
public_kcat_train,Q3S2I3,exists,external_methods/DEKP/structures/author_archive/protein structure datasets/kcat/AlphaFold/Q3S2I3.pdb,external_methods/DEKP/structures/public_kcat/AlphaFold/Q3S2I3.pdb
public_kcat_train,Q3SAW3,exists,external_methods/DEKP/structures/author_archive/protein structure datasets/kcat/RCSB PDB/Q3SAW3.pdb,external_methods/DEKP/structures/public_kcat/AlphaFold/Q3SAW3.pdb
public_kcat_train,Q3ZBF6,exists,external_methods/DEKP/structures/author_archive/protein structure datasets/kcat/AlphaFold/Q3ZBF6.pdb,external_methods/DEKP/structures/public_kcat/AlphaFold/Q3ZBF6.pdb
public_kcat_train,Q3ZPN4,exists,external_methods/DEKP/structures/author_archive/protein structure datasets/kcat/AlphaFold/Q3ZPN4.pdb,external_methods/DEKP/structures/public_kcat/AlphaFold/Q3ZPN4.pdb
public_kcat_train,Q40322,exists,external_methods/DEKP/structures/author_archive/protein structure datasets/kcat/RCSB PDB/Q40322.pdb,external_methods/DEKP/structures/public_kcat/AlphaFold/Q40322.pdb
public_kcat_train,Q41290,exists,external_methods/DEKP/structures/author_archive/protein structure datasets/kcat/RCSB PDB/Q41290.pdb,external_methods/DEKP/structures/public_kcat/AlphaFold/Q41290.pdb
public_kcat_train,Q41736,exists,external_methods/DEKP/structures/author_archive/protein structure datasets/kcat/RCSB PDB/Q41736.pdb,external_methods/DEKP/structures/public_kcat/AlphaFold/Q41736.pdb
public_kcat_train,Q42835,exists,external_methods/DEKP/structures/author_archive/protein structure datasets/kcat/AlphaFold/Q42835.pdb,external_methods/DEKP/structures/public_kcat/AlphaFold/Q42835.pdb
public_kcat_train,Q43088,exists,external_methods/DEKP/structures/author_archive/protein structure datasets/Km/AlphaFold/Q43088.pdb,external_methods/DEKP/structures/public_kcat/AlphaFold/Q43088.pdb
public_kcat_train,Q43135,exists,external_methods/DEKP/structures/author_archive/protein structure datasets/kcat/AlphaFold/Q43135.pdb,external_methods/DEKP/structures/public_kcat/AlphaFold/Q43135.pdb
public_kcat_train,Q43445,exists,external_methods/DEKP/structures/author_archive/protein structure datasets/kcat/AlphaFold/Q43445.pdb,external_methods/DEKP/structures/public_kcat/AlphaFold/Q43445.pdb
public_kcat_train,Q43866,exists,external_methods/DEKP/structures/author_archive/protein structure datasets/kcat/RCSB PDB/Q43866.pdb,external_methods/DEKP/structures/public_kcat/AlphaFold/Q43866.pdb
public_kcat_train,Q43998,exists,external_methods/DEKP/structures/author_archive/protein structure datasets/Km/AlphaFold/Q43998.pdb,external_methods/DEKP/structures/public_kcat/AlphaFold/Q43998.pdb
public_kcat_train,Q45135,exists,external_methods/DEKP/structures/author_archive/protein structure datasets/kcat/RCSB PDB/Q45135.pdb,external_methods/DEKP/structures/public_kcat/AlphaFold/Q45135.pdb
public_kcat_train,Q46079,exists,external_methods/DEKP/structures/author_archive/protein structure datasets/kcat/RCSB PDB/Q46079.pdb,external_methods/DEKP/structures/public_kcat/AlphaFold/Q46079.pdb
public_kcat_train,Q46509,exists,external_methods/DEKP/structures/author_archive/protein structure datasets/kcat/RCSB PDB/Q46509.pdb,external_methods/DEKP/structures/public_kcat/AlphaFold/Q46509.pdb
public_kcat_train,Q46810,exists,external_methods/DEKP/structures/author_archive/protein structure datasets/kcat/AlphaFold/Q46810.pdb,external_methods/DEKP/structures/public_kcat/AlphaFold/Q46810.pdb
public_kcat_train,Q46856,exists,external_methods/DEKP/structures/author_archive/protein structure datasets/kcat/RCSB PDB/Q46856.pdb,external_methods/DEKP/structures/public_kcat/AlphaFold/Q46856.pdb
public_kcat_train,Q46915,exists,external_methods/DEKP/structures/author_archive/protein structure datasets/kcat/RCSB PDB/Q46915.pdb,external_methods/DEKP/structures/public_kcat/AlphaFold/Q46915.pdb
public_kcat_train,Q46FL0,exists,external_methods/DEKP/structures/author_archive/protein structure datasets/kcat/AlphaFold/Q46FL0.pdb,external_methods/DEKP/structures/public_kcat/AlphaFold/Q46FL0.pdb
public_kcat_train,Q47098,exists,external_methods/DEKP/structures/author_archive/protein structure datasets/kcat/RCSB PDB/Q47098.pdb,external_methods/DEKP/structures/public_kcat/AlphaFold/Q47098.pdb
public_kcat_train,Q47690,exists,external_methods/DEKP/structures/author_archive/protein structure datasets/kcat/RCSB PDB/Q47690.pdb,external_methods/DEKP/structures/public_kcat/AlphaFold/Q47690.pdb
public_kcat_train,Q47QW5,exists,external_methods/DEKP/structures/author_archive/protein structure datasets/kcat/AlphaFold/Q47QW5.pdb,external_methods/DEKP/structures/public_kcat/AlphaFold/Q47QW5.pdb
public_kcat_train,Q48230,exists,external_methods/DEKP/structures/author_archive/protein structure datasets/kcat/AlphaFold/Q48230.pdb,external_methods/DEKP/structures/public_kcat/AlphaFold/Q48230.pdb
public_kcat_train,Q48502,exists,external_methods/DEKP/structures/author_archive/protein structure datasets/kcat/AlphaFold/Q48502.pdb,external_methods/DEKP/structures/public_kcat/AlphaFold/Q48502.pdb
public_kcat_train,Q485R8,exists,external_methods/DEKP/structures/author_archive/protein structure datasets/kcat/AlphaFold/Q485R8.pdb,external_methods/DEKP/structures/public_kcat/AlphaFold/Q485R8.pdb
public_kcat_train,Q48676,exists,external_methods/DEKP/structures/author_archive/protein structure datasets/kcat/AlphaFold/Q48676.pdb,external_methods/DEKP/structures/public_kcat/AlphaFold/Q48676.pdb
public_kcat_train,Q49095,exists,external_methods/DEKP/structures/author_archive/protein structure datasets/kcat/AlphaFold/Q49095.pdb,external_methods/DEKP/structures/public_kcat/AlphaFold/Q49095.pdb
public_kcat_train,Q49HM9,exists,external_methods/DEKP/structures/author_archive/protein structure datasets/kcat/AlphaFold/Q49HM9.pdb,external_methods/DEKP/structures/public_kcat/AlphaFold/Q49HM9.pdb
public_kcat_train,Q4H436,exists,external_methods/DEKP/structures/author_archive/protein structure datasets/kcat/AlphaFold/Q4H436.pdb,external_methods/DEKP/structures/public_kcat/AlphaFold/Q4H436.pdb
public_kcat_train,Q4KCN4,exists,external_methods/DEKP/structures/author_archive/protein structure datasets/kcat/AlphaFold/Q4KCN4.pdb,external_methods/DEKP/structures/public_kcat/AlphaFold/Q4KCN4.pdb
public_kcat_train,Q4KGT8,exists,external_methods/DEKP/structures/author_archive/protein structure datasets/kcat/AlphaFold/Q4KGT8.pdb,external_methods/DEKP/structures/public_kcat/AlphaFold/Q4KGT8.pdb
public_kcat_train,Q4KPK2,exists,external_methods/DEKP/structures/author_archive/protein structure datasets/kcat/AlphaFold/Q4KPK2.pdb,external_methods/DEKP/structures/public_kcat/AlphaFold/Q4KPK2.pdb
public_kcat_train,Q4PRK9,exists,external_methods/DEKP/structures/author_archive/protein structure datasets/kcat/AlphaFold/Q4PRK9.pdb,external_methods/DEKP/structures/public_kcat/AlphaFold/Q4PRK9.pdb
public_kcat_train,Q4Q0B9,exists,external_methods/DEKP/structures/author_archive/protein structure datasets/kcat/AlphaFold/Q4Q0B9.pdb,external_methods/DEKP/structures/public_kcat/AlphaFold/Q4Q0B9.pdb
public_kcat_train,Q4Q5S8,exists,external_methods/DEKP/structures/author_archive/protein structure datasets/kcat/RCSB PDB/Q4Q5S8.pdb,external_methods/DEKP/structures/public_kcat/AlphaFold/Q4Q5S8.pdb
public_kcat_train,Q4Q735,exists,external_methods/DEKP/structures/author_archive/protein structure datasets/kcat/AlphaFold/Q4Q735.pdb,external_methods/DEKP/structures/public_kcat/AlphaFold/Q4Q735.pdb
public_kcat_train,Q4Q9F9,exists,external_methods/DEKP/structures/author_archive/protein structure datasets/kcat/RCSB PDB/Q4Q9F9.pdb,external_methods/DEKP/structures/public_kcat/AlphaFold/Q4Q9F9.pdb
public_kcat_train,Q4VRV8,exists,external_methods/DEKP/structures/author_archive/protein structure datasets/kcat/AlphaFold/Q4VRV8.pdb,external_methods/DEKP/structures/public_kcat/AlphaFold/Q4VRV8.pdb
public_kcat_train,Q4VWF8,exists,external_methods/DEKP/structures/author_archive/protein structure datasets/kcat/AlphaFold/Q4VWF8.pdb,external_methods/DEKP/structures/public_kcat/AlphaFold/Q4VWF8.pdb
public_kcat_train,Q4WCU5,exists,external_methods/DEKP/structures/author_archive/protein structure datasets/kcat/RCSB PDB/Q4WCU5.pdb,external_methods/DEKP/structures/public_kcat/AlphaFold/Q4WCU5.pdb
public_kcat_train,Q4WQY4,exists,external_methods/DEKP/structures/author_archive/protein structure datasets/kcat/RCSB PDB/Q4WQY4.pdb,external_methods/DEKP/structures/public_kcat/AlphaFold/Q4WQY4.pdb
public_kcat_train,Q4WZ64,exists,external_methods/DEKP/structures/author_archive/protein structure datasets/kcat/AlphaFold/Q4WZ64.pdb,external_methods/DEKP/structures/public_kcat/AlphaFold/Q4WZ64.pdb
public_kcat_train,Q4X1A4,exists,external_methods/DEKP/structures/author_archive/protein structure datasets/kcat/AlphaFold/Q4X1A4.pdb,external_methods/DEKP/structures/public_kcat/AlphaFold/Q4X1A4.pdb
public_kcat_train,Q50EJ2,exists,external_methods/DEKP/structures/author_archive/protein structure datasets/kcat/RCSB PDB/Q50EJ2.pdb,external_methods/DEKP/structures/public_kcat/AlphaFold/Q50EJ2.pdb
public_kcat_train,Q50EL0,exists,external_methods/DEKP/structures/author_archive/protein structure datasets/kcat/RCSB PDB/Q50EL0.pdb,external_methods/DEKP/structures/public_kcat/AlphaFold/Q50EL0.pdb
public_kcat_train,Q51344,exists,external_methods/DEKP/structures/author_archive/protein structure datasets/kcat/RCSB PDB/Q51344.pdb,external_methods/DEKP/structures/public_kcat/AlphaFold/Q51344.pdb
public_kcat_train,Q51507,exists,external_methods/DEKP/structures/author_archive/protein structure datasets/kcat/RCSB PDB/Q51507.pdb,external_methods/DEKP/structures/public_kcat/AlphaFold/Q51507.pdb
public_kcat_train,Q53586,exists,external_methods/DEKP/structures/author_archive/protein structure datasets/kcat/RCSB PDB/Q53586.pdb,external_methods/DEKP/structures/public_kcat/AlphaFold/Q53586.pdb
public_kcat_train,Q53TZ2,exists,external_methods/DEKP/structures/author_archive/protein structure datasets/kcat/RCSB PDB/Q53TZ2.pdb,external_methods/DEKP/structures/public_kcat/AlphaFold/Q53TZ2.pdb
public_kcat_train,Q53WH9,exists,external_methods/DEKP/structures/author_archive/protein structure datasets/kcat/AlphaFold/Q53WH9.pdb,external_methods/DEKP/structures/public_kcat/AlphaFold/Q53WH9.pdb
public_kcat_train,Q53WI0,exists,external_methods/DEKP/structures/author_archive/protein structure datasets/kcat/AlphaFold/Q53WI0.pdb,external_methods/DEKP/structures/public_kcat/AlphaFold/Q53WI0.pdb
public_kcat_train,Q540U1,exists,external_methods/DEKP/structures/author_archive/protein structure datasets/Km/AlphaFold/Q540U1.pdb,external_methods/DEKP/structures/public_kcat/AlphaFold/Q540U1.pdb
public_kcat_train,Q54UT2,exists,external_methods/DEKP/structures/author_archive/protein structure datasets/kcat/AlphaFold/Q54UT2.pdb,external_methods/DEKP/structures/public_kcat/AlphaFold/Q54UT2.pdb
public_kcat_train,Q54YL2,exists,external_methods/DEKP/structures/author_archive/protein structure datasets/kcat/AlphaFold/Q54YL2.pdb,external_methods/DEKP/structures/public_kcat/AlphaFold/Q54YL2.pdb
public_kcat_train,Q55242,exists,external_methods/DEKP/structures/author_archive/protein structure datasets/kcat/AlphaFold/Q55242.pdb,external_methods/DEKP/structures/public_kcat/AlphaFold/Q55242.pdb
public_kcat_train,Q55467,exists,external_methods/DEKP/structures/author_archive/protein structure datasets/kcat/RCSB PDB/Q55467.pdb,external_methods/DEKP/structures/public_kcat/AlphaFold/Q55467.pdb
public_kcat_train,Q56257,exists,external_methods/DEKP/structures/author_archive/protein structure datasets/kcat/RCSB PDB/Q56257.pdb,external_methods/DEKP/structures/public_kcat/AlphaFold/Q56257.pdb
public_kcat_train,Q56319,exists,external_methods/DEKP/structures/author_archive/protein structure datasets/kcat/RCSB PDB/Q56319.pdb,external_methods/DEKP/structures/public_kcat/AlphaFold/Q56319.pdb
public_kcat_train,Q56320,exists,external_methods/DEKP/structures/author_archive/protein structure datasets/kcat/RCSB PDB/Q56320.pdb,external_methods/DEKP/structures/public_kcat/AlphaFold/Q56320.pdb
public_kcat_train,Q56415,exists,external_methods/DEKP/structures/author_archive/protein structure datasets/kcat/RCSB PDB/Q56415.pdb,external_methods/DEKP/structures/public_kcat/AlphaFold/Q56415.pdb
public_kcat_train,Q56691,exists,external_methods/DEKP/structures/author_archive/protein structure datasets/kcat/RCSB PDB/Q56691.pdb,external_methods/DEKP/structures/public_kcat/AlphaFold/Q56691.pdb
public_kcat_train,Q56YA5,exists,external_methods/DEKP/structures/author_archive/protein structure datasets/kcat/RCSB PDB/Q56YA5.pdb,external_methods/DEKP/structures/public_kcat/AlphaFold/Q56YA5.pdb
public_kcat_train,Q57573,exists,external_methods/DEKP/structures/author_archive/protein structure datasets/kcat/RCSB PDB/Q57573.pdb,external_methods/DEKP/structures/public_kcat/AlphaFold/Q57573.pdb
public_kcat_train,Q57679,exists,external_methods/DEKP/structures/author_archive/protein structure datasets/kcat/RCSB PDB/Q57679.pdb,external_methods/DEKP/structures/public_kcat/AlphaFold/Q57679.pdb
public_kcat_train,Q57703,exists,external_methods/DEKP/structures/author_archive/protein structure datasets/kcat/RCSB PDB/Q57703.pdb,external_methods/DEKP/structures/public_kcat/AlphaFold/Q57703.pdb
public_kcat_train,Q57763,exists,external_methods/DEKP/structures/author_archive/protein structure datasets/kcat/AlphaFold/Q57763.pdb,external_methods/DEKP/structures/public_kcat/AlphaFold/Q57763.pdb
public_kcat_train,Q57764,exists,external_methods/DEKP/structures/author_archive/protein structure datasets/kcat/RCSB PDB/Q57764.pdb,external_methods/DEKP/structures/public_kcat/AlphaFold/Q57764.pdb
public_kcat_train,Q58054,exists,external_methods/DEKP/structures/author_archive/protein structure datasets/kcat/AlphaFold/Q58054.pdb,external_methods/DEKP/structures/public_kcat/AlphaFold/Q58054.pdb
public_kcat_train,Q58293,exists,external_methods/DEKP/structures/author_archive/protein structure datasets/kcat/RCSB PDB/Q58293.pdb,external_methods/DEKP/structures/public_kcat/AlphaFold/Q58293.pdb
public_kcat_train,Q58327,exists,external_methods/DEKP/structures/author_archive/protein structure datasets/kcat/AlphaFold/Q58327.pdb,external_methods/DEKP/structures/public_kcat/AlphaFold/Q58327.pdb
public_kcat_train,Q58346,exists,external_methods/DEKP/structures/author_archive/protein structure datasets/kcat/RCSB PDB/Q58346.pdb,external_methods/DEKP/structures/public_kcat/AlphaFold/Q58346.pdb
public_kcat_train,Q58409,exists,external_methods/DEKP/structures/author_archive/protein structure datasets/kcat/AlphaFold/Q58409.pdb,external_methods/DEKP/structures/public_kcat/AlphaFold/Q58409.pdb
public_kcat_train,Q58502,exists,external_methods/DEKP/structures/author_archive/protein structure datasets/kcat/AlphaFold/Q58502.pdb,external_methods/DEKP/structures/public_kcat/AlphaFold/Q58502.pdb
public_kcat_train,Q58504,exists,external_methods/DEKP/structures/author_archive/protein structure datasets/kcat/RCSB PDB/Q58504.pdb,external_methods/DEKP/structures/public_kcat/AlphaFold/Q58504.pdb
public_kcat_train,Q58517,exists,external_methods/DEKP/structures/author_archive/protein structure datasets/kcat/RCSB PDB/Q58517.pdb,external_methods/DEKP/structures/public_kcat/AlphaFold/Q58517.pdb
public_kcat_train,Q58635,exists,external_methods/DEKP/structures/author_archive/protein structure datasets/kcat/RCSB PDB/Q58635.pdb,external_methods/DEKP/structures/public_kcat/AlphaFold/Q58635.pdb
public_kcat_train,Q58806,exists,external_methods/DEKP/structures/author_archive/protein structure datasets/kcat/RCSB PDB/Q58806.pdb,external_methods/DEKP/structures/public_kcat/AlphaFold/Q58806.pdb
public_kcat_train,Q58835,exists,external_methods/DEKP/structures/author_archive/protein structure datasets/kcat/AlphaFold/Q58835.pdb,external_methods/DEKP/structures/public_kcat/AlphaFold/Q58835.pdb
public_kcat_train,Q58D31,exists,external_methods/DEKP/structures/author_archive/protein structure datasets/kcat/AlphaFold/Q58D31.pdb,external_methods/DEKP/structures/public_kcat/AlphaFold/Q58D31.pdb
public_kcat_train,Q58DM8,exists,external_methods/DEKP/structures/author_archive/protein structure datasets/kcat/AlphaFold/Q58DM8.pdb,external_methods/DEKP/structures/public_kcat/AlphaFold/Q58DM8.pdb
public_kcat_train,Q58IJ6,exists,external_methods/DEKP/structures/author_archive/protein structure datasets/kcat/AlphaFold/Q58IJ6.pdb,external_methods/DEKP/structures/public_kcat/AlphaFold/Q58IJ6.pdb
public_kcat_train,Q59224,exists,external_methods/DEKP/structures/author_archive/protein structure datasets/kcat/AlphaFold/Q59224.pdb,external_methods/DEKP/structures/public_kcat/AlphaFold/Q59224.pdb
public_kcat_train,Q59674,exists,external_methods/DEKP/structures/author_archive/protein structure datasets/kcat/AlphaFold/Q59674.pdb,external_methods/DEKP/structures/public_kcat/AlphaFold/Q59674.pdb
public_kcat_train,Q59702,exists,external_methods/DEKP/structures/author_archive/protein structure datasets/kcat/AlphaFold/Q59702.pdb,external_methods/DEKP/structures/public_kcat/AlphaFold/Q59702.pdb
public_kcat_train,Q59931,exists,external_methods/DEKP/structures/author_archive/protein structure datasets/kcat/RCSB PDB/Q59931.pdb,external_methods/DEKP/structures/public_kcat/AlphaFold/Q59931.pdb
public_kcat_train,Q599M3,exists,external_methods/DEKP/structures/author_archive/protein structure datasets/kcat/AlphaFold/Q599M3.pdb,external_methods/DEKP/structures/public_kcat/AlphaFold/Q599M3.pdb
public_kcat_train,Q59Q46,exists,external_methods/DEKP/structures/author_archive/protein structure datasets/kcat/AlphaFold/Q59Q46.pdb,external_methods/DEKP/structures/public_kcat/AlphaFold/Q59Q46.pdb
public_kcat_train,Q59RW5,exists,external_methods/DEKP/structures/author_archive/protein structure datasets/kcat/AlphaFold/Q59RW5.pdb,external_methods/DEKP/structures/public_kcat/AlphaFold/Q59RW5.pdb
public_kcat_train,Q5BJZ6,exists,external_methods/DEKP/structures/author_archive/protein structure datasets/kcat/AlphaFold/Q5BJZ6.pdb,external_methods/DEKP/structures/public_kcat/AlphaFold/Q5BJZ6.pdb
public_kcat_train,Q5C9L6,exists,external_methods/DEKP/structures/author_archive/protein structure datasets/kcat/AlphaFold/Q5C9L6.pdb,external_methods/DEKP/structures/public_kcat/AlphaFold/Q5C9L6.pdb
public_kcat_train,Q5CPU3,exists,external_methods/DEKP/structures/author_archive/protein structure datasets/kcat/RCSB PDB/Q5CPU3.pdb,external_methods/DEKP/structures/public_kcat/AlphaFold/Q5CPU3.pdb
public_kcat_train,Q5E9F2,exists,external_methods/DEKP/structures/author_archive/protein structure datasets/kcat/AlphaFold/Q5E9F2.pdb,external_methods/DEKP/structures/public_kcat/AlphaFold/Q5E9F2.pdb
public_kcat_train,Q5E9W3,exists,external_methods/DEKP/structures/author_archive/protein structure datasets/kcat/AlphaFold/Q5E9W3.pdb,external_methods/DEKP/structures/public_kcat/AlphaFold/Q5E9W3.pdb
public_kcat_train,Q5GHF7,exists,external_methods/DEKP/structures/author_archive/protein structure datasets/kcat/RCSB PDB/Q5GHF7.pdb,external_methods/DEKP/structures/public_kcat/AlphaFold/Q5GHF7.pdb
public_kcat_train,Q5J7B5,exists,external_methods/DEKP/structures/author_archive/protein structure datasets/kcat/AlphaFold/Q5J7B5.pdb,external_methods/DEKP/structures/public_kcat/AlphaFold/Q5J7B5.pdb
public_kcat_train,Q5JHF1,exists,external_methods/DEKP/structures/author_archive/protein structure datasets/kcat/RCSB PDB/Q5JHF1.pdb,external_methods/DEKP/structures/public_kcat/AlphaFold/Q5JHF1.pdb
public_kcat_train,Q5LGZ8,exists,external_methods/DEKP/structures/author_archive/protein structure datasets/kcat/AlphaFold/Q5LGZ8.pdb,external_methods/DEKP/structures/public_kcat/AlphaFold/Q5LGZ8.pdb
public_kcat_train,Q5LLV0,exists,external_methods/DEKP/structures/author_archive/protein structure datasets/kcat/AlphaFold/Q5LLV0.pdb,external_methods/DEKP/structures/public_kcat/AlphaFold/Q5LLV0.pdb
public_kcat_train,Q5M886,exists,external_methods/DEKP/structures/author_archive/protein structure datasets/kcat/AlphaFold/Q5M886.pdb,external_methods/DEKP/structures/public_kcat/AlphaFold/Q5M886.pdb
public_kcat_train,Q5NGP7,exists,external_methods/DEKP/structures/author_archive/protein structure datasets/kcat/AlphaFold/Q5NGP7.pdb,external_methods/DEKP/structures/public_kcat/AlphaFold/Q5NGP7.pdb
public_kcat_train,Q5NTH0,exists,external_methods/DEKP/structures/author_archive/protein structure datasets/kcat/AlphaFold/Q5NTH0.pdb,external_methods/DEKP/structures/public_kcat/AlphaFold/Q5NTH0.pdb
public_kcat_train,Q5NUF3,exists,external_methods/DEKP/structures/author_archive/protein structure datasets/kcat/AlphaFold/Q5NUF3.pdb,external_methods/DEKP/structures/public_kcat/AlphaFold/Q5NUF3.pdb
public_kcat_train,Q5NUF4,exists,external_methods/DEKP/structures/author_archive/protein structure datasets/kcat/AlphaFold/Q5NUF4.pdb,external_methods/DEKP/structures/public_kcat/AlphaFold/Q5NUF4.pdb
public_kcat_train,Q5P171,exists,external_methods/DEKP/structures/author_archive/protein structure datasets/kcat/AlphaFold/Q5P171.pdb,external_methods/DEKP/structures/public_kcat/AlphaFold/Q5P171.pdb
public_kcat_train,Q5P5I4,exists,external_methods/DEKP/structures/author_archive/protein structure datasets/kcat/RCSB PDB/Q5P5I4.pdb,external_methods/DEKP/structures/public_kcat/AlphaFold/Q5P5I4.pdb
public_kcat_train,Q5PSP8,exists,external_methods/DEKP/structures/author_archive/protein structure datasets/kcat/RCSB PDB/Q5PSP8.pdb,external_methods/DEKP/structures/public_kcat/AlphaFold/Q5PSP8.pdb
public_kcat_train,Q5PWZ8,exists,external_methods/DEKP/structures/author_archive/protein structure datasets/kcat/AlphaFold/Q5PWZ8.pdb,external_methods/DEKP/structures/public_kcat/AlphaFold/Q5PWZ8.pdb
public_kcat_train,Q5PXQ6,exists,external_methods/DEKP/structures/author_archive/protein structure datasets/kcat/RCSB PDB/Q5PXQ6.pdb,external_methods/DEKP/structures/public_kcat/AlphaFold/Q5PXQ6.pdb
public_kcat_train,Q5SIY4,exists,external_methods/DEKP/structures/author_archive/protein structure datasets/kcat/RCSB PDB/Q5SIY4.pdb,external_methods/DEKP/structures/public_kcat/AlphaFold/Q5SIY4.pdb
public_kcat_train,Q5SK28,exists,external_methods/DEKP/structures/author_archive/protein structure datasets/kcat/RCSB PDB/Q5SK28.pdb,external_methods/DEKP/structures/public_kcat/AlphaFold/Q5SK28.pdb
public_kcat_train,Q5SKW5,exists,external_methods/DEKP/structures/author_archive/protein structure datasets/kcat/RCSB PDB/Q5SKW5.pdb,external_methods/DEKP/structures/public_kcat/AlphaFold/Q5SKW5.pdb
public_kcat_train,Q5SM25,exists,external_methods/DEKP/structures/author_archive/protein structure datasets/kcat/AlphaFold/Q5SM25.pdb,external_methods/DEKP/structures/public_kcat/AlphaFold/Q5SM25.pdb
public_kcat_train,Q5SM28,exists,external_methods/DEKP/structures/author_archive/protein structure datasets/kcat/RCSB PDB/Q5SM28.pdb,external_methods/DEKP/structures/public_kcat/AlphaFold/Q5SM28.pdb
public_kcat_train,Q5T1C6,exists,external_methods/DEKP/structures/author_archive/protein structure datasets/Km/AlphaFold/Q5T1C6.pdb,external_methods/DEKP/structures/public_kcat/AlphaFold/Q5T1C6.pdb
public_kcat_train,Q5U3Z7,exists,external_methods/DEKP/structures/author_archive/protein structure datasets/kcat/AlphaFold/Q5U3Z7.pdb,external_methods/DEKP/structures/public_kcat/AlphaFold/Q5U3Z7.pdb
public_kcat_train,Q5UPJ7,exists,external_methods/DEKP/structures/author_archive/protein structure datasets/kcat/RCSB PDB/Q5UPJ7.pdb,external_methods/DEKP/structures/public_kcat/AlphaFold/Q5UPJ7.pdb
public_kcat_train,Q5W283,exists,external_methods/DEKP/structures/author_archive/protein structure datasets/kcat/AlphaFold/Q5W283.pdb,external_methods/DEKP/structures/public_kcat/AlphaFold/Q5W283.pdb
public_kcat_train,Q5WEM6,exists,external_methods/DEKP/structures/author_archive/protein structure datasets/kcat/AlphaFold/Q5WEM6.pdb,external_methods/DEKP/structures/public_kcat/AlphaFold/Q5WEM6.pdb
public_kcat_train,Q5XIE6,exists,external_methods/DEKP/structures/author_archive/protein structure datasets/kcat/AlphaFold/Q5XIE6.pdb,external_methods/DEKP/structures/public_kcat/AlphaFold/Q5XIE6.pdb
public_kcat_train,Q5YXD6,exists,external_methods/DEKP/structures/author_archive/protein structure datasets/kcat/AlphaFold/Q5YXD6.pdb,external_methods/DEKP/structures/public_kcat/AlphaFold/Q5YXD6.pdb
public_kcat_train,Q5ZLN1,exists,external_methods/DEKP/structures/author_archive/protein structure datasets/kcat/AlphaFold/Q5ZLN1.pdb,external_methods/DEKP/structures/public_kcat/AlphaFold/Q5ZLN1.pdb
public_kcat_train,Q63FA5,exists,external_methods/DEKP/structures/author_archive/protein structure datasets/kcat/AlphaFold/Q63FA5.pdb,external_methods/DEKP/structures/public_kcat/AlphaFold/Q63FA5.pdb
public_kcat_train,Q64429,exists,external_methods/DEKP/structures/author_archive/protein structure datasets/kcat/AlphaFold/Q64429.pdb,external_methods/DEKP/structures/public_kcat/AlphaFold/Q64429.pdb
public_kcat_train,Q655X8,exists,external_methods/DEKP/structures/author_archive/protein structure datasets/kcat/AlphaFold/Q655X8.pdb,external_methods/DEKP/structures/public_kcat/AlphaFold/Q655X8.pdb
public_kcat_train,Q65GU6,exists,external_methods/DEKP/structures/author_archive/protein structure datasets/kcat/AlphaFold/Q65GU6.pdb,external_methods/DEKP/structures/public_kcat/AlphaFold/Q65GU6.pdb
public_kcat_train,Q68EJ0,exists,external_methods/DEKP/structures/author_archive/protein structure datasets/kcat/AlphaFold/Q68EJ0.pdb,external_methods/DEKP/structures/public_kcat/AlphaFold/Q68EJ0.pdb
public_kcat_train,Q6C2Y4,exists,external_methods/DEKP/structures/author_archive/protein structure datasets/kcat/AlphaFold/Q6C2Y4.pdb,external_methods/DEKP/structures/public_kcat/AlphaFold/Q6C2Y4.pdb
public_kcat_train,Q6D8V3,exists,external_methods/DEKP/structures/author_archive/protein structure datasets/kcat/AlphaFold/Q6D8V3.pdb,external_methods/DEKP/structures/public_kcat/AlphaFold/Q6D8V3.pdb
public_kcat_train,Q6D8V6,exists,external_methods/DEKP/structures/author_archive/protein structure datasets/kcat/AlphaFold/Q6D8V6.pdb,external_methods/DEKP/structures/public_kcat/AlphaFold/Q6D8V6.pdb
public_kcat_train,Q6ED33,exists,external_methods/DEKP/structures/author_archive/protein structure datasets/kcat/RCSB PDB/Q6ED33.pdb,external_methods/DEKP/structures/public_kcat/AlphaFold/Q6ED33.pdb
public_kcat_train,Q6F3I3,exists,external_methods/DEKP/structures/author_archive/protein structure datasets/kcat/AlphaFold/Q6F3I3.pdb,external_methods/DEKP/structures/public_kcat/AlphaFold/Q6F3I3.pdb
public_kcat_train,Q6F9F5,exists,external_methods/DEKP/structures/author_archive/protein structure datasets/kcat/AlphaFold/Q6F9F5.pdb,external_methods/DEKP/structures/public_kcat/AlphaFold/Q6F9F5.pdb
public_kcat_train,Q6F9G0,exists,external_methods/DEKP/structures/author_archive/protein structure datasets/kcat/AlphaFold/Q6F9G0.pdb,external_methods/DEKP/structures/public_kcat/AlphaFold/Q6F9G0.pdb
public_kcat_train,Q6FFQ0,exists,external_methods/DEKP/structures/author_archive/protein structure datasets/kcat/AlphaFold/Q6FFQ0.pdb,external_methods/DEKP/structures/public_kcat/AlphaFold/Q6FFQ0.pdb
public_kcat_train,Q6FFQ1,exists,external_methods/DEKP/structures/author_archive/protein structure datasets/kcat/AlphaFold/Q6FFQ1.pdb,external_methods/DEKP/structures/public_kcat/AlphaFold/Q6FFQ1.pdb
public_kcat_train,Q6FFQ2,exists,external_methods/DEKP/structures/author_archive/protein structure datasets/kcat/AlphaFold/Q6FFQ2.pdb,external_methods/DEKP/structures/public_kcat/AlphaFold/Q6FFQ2.pdb
public_kcat_train,Q6HMS9,exists,external_methods/DEKP/structures/author_archive/protein structure datasets/kcat/AlphaFold/Q6HMS9.pdb,external_methods/DEKP/structures/public_kcat/AlphaFold/Q6HMS9.pdb
public_kcat_train,Q6JH32,exists,external_methods/DEKP/structures/author_archive/protein structure datasets/kcat/AlphaFold/Q6JH32.pdb,external_methods/DEKP/structures/public_kcat/AlphaFold/Q6JH32.pdb
public_kcat_train,Q6LZC3,exists,external_methods/DEKP/structures/author_archive/protein structure datasets/kcat/AlphaFold/Q6LZC3.pdb,external_methods/DEKP/structures/public_kcat/AlphaFold/Q6LZC3.pdb
public_kcat_train,Q6M6E7,exists,external_methods/DEKP/structures/author_archive/protein structure datasets/kcat/AlphaFold/Q6M6E7.pdb,external_methods/DEKP/structures/public_kcat/AlphaFold/Q6M6E7.pdb
public_kcat_train,Q6N5P6,exists,external_methods/DEKP/structures/author_archive/protein structure datasets/kcat/RCSB PDB/Q6N5P6.pdb,external_methods/DEKP/structures/public_kcat/AlphaFold/Q6N5P6.pdb
public_kcat_train,Q6NPD7,exists,external_methods/DEKP/structures/author_archive/protein structure datasets/kcat/AlphaFold/Q6NPD7.pdb,external_methods/DEKP/structures/public_kcat/AlphaFold/Q6NPD7.pdb
public_kcat_train,Q6PFW1,exists,external_methods/DEKP/structures/author_archive/protein structure datasets/kcat/AlphaFold/Q6PFW1.pdb,external_methods/DEKP/structures/public_kcat/AlphaFold/Q6PFW1.pdb
public_kcat_train,Q6QLL4,exists,external_methods/DEKP/structures/author_archive/protein structure datasets/kcat/RCSB PDB/Q6QLL4.pdb,external_methods/DEKP/structures/public_kcat/AlphaFold/Q6QLL4.pdb
public_kcat_train,Q6QWR1,exists,external_methods/DEKP/structures/author_archive/protein structure datasets/kcat/RCSB PDB/Q6QWR1.pdb,external_methods/DEKP/structures/public_kcat/AlphaFold/Q6QWR1.pdb
public_kcat_train,Q6RYA0,exists,external_methods/DEKP/structures/author_archive/protein structure datasets/kcat/RCSB PDB/Q6RYA0.pdb,external_methods/DEKP/structures/public_kcat/AlphaFold/Q6RYA0.pdb
public_kcat_train,Q6TGN2,exists,external_methods/DEKP/structures/author_archive/protein structure datasets/kcat/AlphaFold/Q6TGN2.pdb,external_methods/DEKP/structures/public_kcat/AlphaFold/Q6TGN2.pdb
public_kcat_train,Q6TXD2,exists,external_methods/DEKP/structures/author_archive/protein structure datasets/kcat/AlphaFold/Q6TXD2.pdb,external_methods/DEKP/structures/public_kcat/AlphaFold/Q6TXD2.pdb
public_kcat_train,Q6U1I3,exists,external_methods/DEKP/structures/author_archive/protein structure datasets/kcat/AlphaFold/Q6U1I3.pdb,external_methods/DEKP/structures/public_kcat/AlphaFold/Q6U1I3.pdb
public_kcat_train,Q6UDD8,exists,external_methods/DEKP/structures/author_archive/protein structure datasets/kcat/AlphaFold/Q6UDD8.pdb,external_methods/DEKP/structures/public_kcat/AlphaFold/Q6UDD8.pdb
public_kcat_train,Q6USK1,exists,external_methods/DEKP/structures/author_archive/protein structure datasets/kcat/AlphaFold/Q6USK1.pdb,external_methods/DEKP/structures/public_kcat/AlphaFold/Q6USK1.pdb
public_kcat_train,Q6UWW8,exists,external_methods/DEKP/structures/author_archive/protein structure datasets/kcat/AlphaFold/Q6UWW8.pdb,external_methods/DEKP/structures/public_kcat/AlphaFold/Q6UWW8.pdb
public_kcat_train,Q6V3W9,exists,external_methods/DEKP/structures/author_archive/protein structure datasets/kcat/AlphaFold/Q6V3W9.pdb,external_methods/DEKP/structures/public_kcat/AlphaFold/Q6V3W9.pdb
public_kcat_train,Q6VCW0,exists,external_methods/DEKP/structures/author_archive/protein structure datasets/kcat/AlphaFold/Q6VCW0.pdb,external_methods/DEKP/structures/public_kcat/AlphaFold/Q6VCW0.pdb
public_kcat_train,Q6VVP7,exists,external_methods/DEKP/structures/author_archive/protein structure datasets/kcat/RCSB PDB/Q6VVP7.pdb,external_methods/DEKP/structures/public_kcat/AlphaFold/Q6VVP7.pdb
public_kcat_train,Q6VVX0,exists,external_methods/DEKP/structures/author_archive/protein structure datasets/kcat/RCSB PDB/Q6VVX0.pdb,external_methods/DEKP/structures/public_kcat/AlphaFold/Q6VVX0.pdb
public_kcat_train,Q6WNQ9,exists,external_methods/DEKP/structures/author_archive/protein structure datasets/kcat/AlphaFold/Q6WNQ9.pdb,external_methods/DEKP/structures/public_kcat/AlphaFold/Q6WNQ9.pdb
public_kcat_train,Q6WNR0,exists,external_methods/DEKP/structures/author_archive/protein structure datasets/kcat/AlphaFold/Q6WNR0.pdb,external_methods/DEKP/structures/public_kcat/AlphaFold/Q6WNR0.pdb
public_kcat_train,Q6WP50,exists,external_methods/DEKP/structures/author_archive/protein structure datasets/kcat/AlphaFold/Q6WP50.pdb,external_methods/DEKP/structures/public_kcat/AlphaFold/Q6WP50.pdb
public_kcat_train,Q6WRH6,exists,external_methods/DEKP/structures/author_archive/protein structure datasets/kcat/AlphaFold/Q6WRH6.pdb,external_methods/DEKP/structures/public_kcat/AlphaFold/Q6WRH6.pdb
public_kcat_train,Q6WUC1,exists,external_methods/DEKP/structures/author_archive/protein structure datasets/kcat/AlphaFold/Q6WUC1.pdb,external_methods/DEKP/structures/public_kcat/AlphaFold/Q6WUC1.pdb
public_kcat_train,Q6XEB8,exists,external_methods/DEKP/structures/author_archive/protein structure datasets/kcat/AlphaFold/Q6XEB8.pdb,external_methods/DEKP/structures/public_kcat/AlphaFold/Q6XEB8.pdb
public_kcat_train,Q6XQN6,exists,external_methods/DEKP/structures/author_archive/protein structure datasets/kcat/RCSB PDB/Q6XQN6.pdb,external_methods/DEKP/structures/public_kcat/AlphaFold/Q6XQN6.pdb
public_kcat_train,Q6ZHS4,exists,external_methods/DEKP/structures/author_archive/protein structure datasets/kcat/AlphaFold/Q6ZHS4.pdb,external_methods/DEKP/structures/public_kcat/AlphaFold/Q6ZHS4.pdb
public_kcat_train,Q6ZQB6,exists,external_methods/DEKP/structures/author_archive/protein structure datasets/kcat/AlphaFold/Q6ZQB6.pdb,external_methods/DEKP/structures/public_kcat/AlphaFold/Q6ZQB6.pdb
public_kcat_train,Q6ZQW0,exists,external_methods/DEKP/structures/author_archive/protein structure datasets/kcat/AlphaFold/Q6ZQW0.pdb,external_methods/DEKP/structures/public_kcat/AlphaFold/Q6ZQW0.pdb
public_kcat_train,Q6ZQY3,exists,external_methods/DEKP/structures/author_archive/protein structure datasets/kcat/AlphaFold/Q6ZQY3.pdb,external_methods/DEKP/structures/public_kcat/AlphaFold/Q6ZQY3.pdb
public_kcat_train,Q6ZVD8,exists,external_methods/DEKP/structures/author_archive/protein structure datasets/kcat/AlphaFold/Q6ZVD8.pdb,external_methods/DEKP/structures/public_kcat/AlphaFold/Q6ZVD8.pdb
public_kcat_train,Q6ZZZ2,exists,external_methods/DEKP/structures/author_archive/protein structure datasets/kcat/AlphaFold/Q6ZZZ2.pdb,external_methods/DEKP/structures/public_kcat/AlphaFold/Q6ZZZ2.pdb
public_kcat_train,Q704Z0,exists,external_methods/DEKP/structures/author_archive/protein structure datasets/kcat/AlphaFold/Q704Z0.pdb,external_methods/DEKP/structures/public_kcat/AlphaFold/Q704Z0.pdb
public_kcat_train,Q70EW6,exists,external_methods/DEKP/structures/author_archive/protein structure datasets/kcat/AlphaFold/Q70EW6.pdb,external_methods/DEKP/structures/public_kcat/AlphaFold/Q70EW6.pdb
public_kcat_train,Q70SY0,exists,external_methods/DEKP/structures/author_archive/protein structure datasets/kcat/RCSB PDB/Q70SY0.pdb,external_methods/DEKP/structures/public_kcat/AlphaFold/Q70SY0.pdb
public_kcat_train,Q70Y21,exists,external_methods/DEKP/structures/author_archive/protein structure datasets/kcat/AlphaFold/Q70Y21.pdb,external_methods/DEKP/structures/public_kcat/AlphaFold/Q70Y21.pdb
public_kcat_train,Q71SQ4,exists,external_methods/DEKP/structures/author_archive/protein structure datasets/kcat/AlphaFold/Q71SQ4.pdb,external_methods/DEKP/structures/public_kcat/AlphaFold/Q71SQ4.pdb
public_kcat_train,Q72IW9,exists,external_methods/DEKP/structures/author_archive/protein structure datasets/kcat/RCSB PDB/Q72IW9.pdb,external_methods/DEKP/structures/public_kcat/AlphaFold/Q72IW9.pdb
public_kcat_train,Q72LF2,exists,external_methods/DEKP/structures/author_archive/protein structure datasets/kcat/AlphaFold/Q72LF2.pdb,external_methods/DEKP/structures/public_kcat/AlphaFold/Q72LF2.pdb
public_kcat_train,Q72LK2,exists,external_methods/DEKP/structures/author_archive/protein structure datasets/kcat/AlphaFold/Q72LK2.pdb,external_methods/DEKP/structures/public_kcat/AlphaFold/Q72LK2.pdb
public_kcat_train,Q72LL6,exists,external_methods/DEKP/structures/author_archive/protein structure datasets/kcat/RCSB PDB/Q72LL6.pdb,external_methods/DEKP/structures/public_kcat/AlphaFold/Q72LL6.pdb
public_kcat_train,Q73KL7,exists,external_methods/DEKP/structures/author_archive/protein structure datasets/kcat/AlphaFold/Q73KL7.pdb,external_methods/DEKP/structures/public_kcat/AlphaFold/Q73KL7.pdb
public_kcat_train,Q74K42,exists,external_methods/DEKP/structures/author_archive/protein structure datasets/Km/AlphaFold/Q74K42.pdb,external_methods/DEKP/structures/public_kcat/AlphaFold/Q74K42.pdb
public_kcat_train,Q75I93,exists,external_methods/DEKP/structures/author_archive/protein structure datasets/kcat/RCSB PDB/Q75I93.pdb,external_methods/DEKP/structures/public_kcat/AlphaFold/Q75I93.pdb
public_kcat_train,Q76KC2,exists,external_methods/DEKP/structures/author_archive/protein structure datasets/kcat/AlphaFold/Q76KC2.pdb,external_methods/DEKP/structures/public_kcat/AlphaFold/Q76KC2.pdb
public_kcat_train,Q76LM6,exists,external_methods/DEKP/structures/author_archive/protein structure datasets/kcat/AlphaFold/Q76LM6.pdb,external_methods/DEKP/structures/public_kcat/AlphaFold/Q76LM6.pdb
public_kcat_train,Q79AF6,exists,external_methods/DEKP/structures/author_archive/protein structure datasets/kcat/AlphaFold/Q79AF6.pdb,external_methods/DEKP/structures/public_kcat/AlphaFold/Q79AF6.pdb
public_kcat_train,Q79F59,exists,external_methods/DEKP/structures/author_archive/protein structure datasets/kcat/AlphaFold/Q79F59.pdb,external_methods/DEKP/structures/public_kcat/AlphaFold/Q79F59.pdb
public_kcat_train,Q7BC51,exists,external_methods/DEKP/structures/author_archive/protein structure datasets/kcat/AlphaFold/Q7BC51.pdb,external_methods/DEKP/structures/public_kcat/AlphaFold/Q7BC51.pdb
public_kcat_train,Q7CHH5,exists,external_methods/DEKP/structures/author_archive/protein structure datasets/Km/AlphaFold/Q7CHH5.pdb,external_methods/DEKP/structures/public_kcat/AlphaFold/Q7CHH5.pdb
public_kcat_train,Q7CVK1,exists,external_methods/DEKP/structures/author_archive/protein structure datasets/kcat/AlphaFold/Q7CVK1.pdb,external_methods/DEKP/structures/public_kcat/AlphaFold/Q7CVK1.pdb
public_kcat_train,Q7CWR3,exists,external_methods/DEKP/structures/author_archive/protein structure datasets/kcat/AlphaFold/Q7CWR3.pdb,external_methods/DEKP/structures/public_kcat/AlphaFold/Q7CWR3.pdb
public_kcat_train,Q7NU77,exists,external_methods/DEKP/structures/author_archive/protein structure datasets/kcat/AlphaFold/Q7NU77.pdb,external_methods/DEKP/structures/public_kcat/AlphaFold/Q7NU77.pdb
public_kcat_train,Q7NXD4,exists,external_methods/DEKP/structures/author_archive/protein structure datasets/kcat/RCSB PDB/Q7NXD4.pdb,external_methods/DEKP/structures/public_kcat/AlphaFold/Q7NXD4.pdb
public_kcat_train,Q7RX33,exists,external_methods/DEKP/structures/author_archive/protein structure datasets/kcat/AlphaFold/Q7RX33.pdb,external_methods/DEKP/structures/public_kcat/AlphaFold/Q7RX33.pdb
public_kcat_train,Q7S0S2,exists,external_methods/DEKP/structures/author_archive/protein structure datasets/kcat/AlphaFold/Q7S0S2.pdb,external_methods/DEKP/structures/public_kcat/AlphaFold/Q7S0S2.pdb
public_kcat_train,Q7SIB6,exists,external_methods/DEKP/structures/author_archive/protein structure datasets/kcat/RCSB PDB/Q7SIB6.pdb,external_methods/DEKP/structures/public_kcat/AlphaFold/Q7SIB6.pdb
public_kcat_train,Q7SIG1,exists,external_methods/DEKP/structures/author_archive/protein structure datasets/kcat/RCSB PDB/Q7SIG1.pdb,external_methods/DEKP/structures/public_kcat/AlphaFold/Q7SIG1.pdb
public_kcat_train,Q7SIG4,exists,external_methods/DEKP/structures/author_archive/protein structure datasets/kcat/RCSB PDB/Q7SIG4.pdb,external_methods/DEKP/structures/public_kcat/AlphaFold/Q7SIG4.pdb
public_kcat_train,Q7WSJ4,exists,external_methods/DEKP/structures/author_archive/protein structure datasets/kcat/RCSB PDB/Q7WSJ4.pdb,external_methods/DEKP/structures/public_kcat/AlphaFold/Q7WSJ4.pdb
public_kcat_train,Q7WTU5,exists,external_methods/DEKP/structures/author_archive/protein structure datasets/kcat/AlphaFold/Q7WTU5.pdb,external_methods/DEKP/structures/public_kcat/AlphaFold/Q7WTU5.pdb
public_kcat_train,Q7WUL4,exists,external_methods/DEKP/structures/author_archive/protein structure datasets/kcat/AlphaFold/Q7WUL4.pdb,external_methods/DEKP/structures/public_kcat/AlphaFold/Q7WUL4.pdb
public_kcat_train,Q7X2H8,exists,external_methods/DEKP/structures/author_archive/protein structure datasets/kcat/RCSB PDB/Q7X2H8.pdb,external_methods/DEKP/structures/public_kcat/AlphaFold/Q7X2H8.pdb
public_kcat_train,Q7X4Z5,exists,external_methods/DEKP/structures/author_archive/protein structure datasets/kcat/AlphaFold/Q7X4Z5.pdb,external_methods/DEKP/structures/public_kcat/AlphaFold/Q7X4Z5.pdb
public_kcat_train,Q7XJJ7,exists,external_methods/DEKP/structures/author_archive/protein structure datasets/kcat/RCSB PDB/Q7XJJ7.pdb,external_methods/DEKP/structures/public_kcat/AlphaFold/Q7XJJ7.pdb
public_kcat_train,Q7XYS9,exists,external_methods/DEKP/structures/author_archive/protein structure datasets/Km/AlphaFold/Q7XYS9.pdb,external_methods/DEKP/structures/public_kcat/AlphaFold/Q7XYS9.pdb
public_kcat_train,Q7XYT0,exists,external_methods/DEKP/structures/author_archive/protein structure datasets/kcat/AlphaFold/Q7XYT0.pdb,external_methods/DEKP/structures/public_kcat/AlphaFold/Q7XYT0.pdb
public_kcat_train,Q7YS70,exists,external_methods/DEKP/structures/author_archive/protein structure datasets/kcat/AlphaFold/Q7YS70.pdb,external_methods/DEKP/structures/public_kcat/AlphaFold/Q7YS70.pdb
public_kcat_train,Q7Z4W1,exists,external_methods/DEKP/structures/author_archive/protein structure datasets/kcat/RCSB PDB/Q7Z4W1.pdb,external_methods/DEKP/structures/public_kcat/AlphaFold/Q7Z4W1.pdb
public_kcat_train,Q7Z892,exists,external_methods/DEKP/structures/author_archive/protein structure datasets/kcat/AlphaFold/Q7Z892.pdb,external_methods/DEKP/structures/public_kcat/AlphaFold/Q7Z892.pdb
public_kcat_train,Q7ZA32,exists,external_methods/DEKP/structures/author_archive/protein structure datasets/kcat/RCSB PDB/Q7ZA32.pdb,external_methods/DEKP/structures/public_kcat/AlphaFold/Q7ZA32.pdb
public_kcat_train,Q81CX4,exists,external_methods/DEKP/structures/author_archive/protein structure datasets/kcat/AlphaFold/Q81CX4.pdb,external_methods/DEKP/structures/public_kcat/AlphaFold/Q81CX4.pdb
public_kcat_train,Q81LA8,exists,external_methods/DEKP/structures/author_archive/protein structure datasets/kcat/RCSB PDB/Q81LA8.pdb,external_methods/DEKP/structures/public_kcat/AlphaFold/Q81LA8.pdb
public_kcat_train,Q81RQ4,exists,external_methods/DEKP/structures/author_archive/protein structure datasets/kcat/RCSB PDB/Q81RQ4.pdb,external_methods/DEKP/structures/public_kcat/AlphaFold/Q81RQ4.pdb
public_kcat_train,Q81UT5,exists,external_methods/DEKP/structures/author_archive/protein structure datasets/kcat/RCSB PDB/Q81UT5.pdb,external_methods/DEKP/structures/public_kcat/AlphaFold/Q81UT5.pdb
public_kcat_train,Q82VZ0,exists,external_methods/DEKP/structures/author_archive/protein structure datasets/kcat/AlphaFold/Q82VZ0.pdb,external_methods/DEKP/structures/public_kcat/AlphaFold/Q82VZ0.pdb
public_kcat_train,Q836J0,exists,external_methods/DEKP/structures/author_archive/protein structure datasets/kcat/RCSB PDB/Q836J0.pdb,external_methods/DEKP/structures/public_kcat/AlphaFold/Q836J0.pdb
public_kcat_train,Q838D6,exists,external_methods/DEKP/structures/author_archive/protein structure datasets/kcat/RCSB PDB/Q838D6.pdb,external_methods/DEKP/structures/public_kcat/AlphaFold/Q838D6.pdb
public_kcat_train,Q84527,exists,external_methods/DEKP/structures/author_archive/protein structure datasets/kcat/RCSB PDB/Q84527.pdb,external_methods/DEKP/structures/public_kcat/AlphaFold/Q84527.pdb
public_kcat_train,Q84F15,exists,external_methods/DEKP/structures/author_archive/protein structure datasets/kcat/AlphaFold/Q84F15.pdb,external_methods/DEKP/structures/public_kcat/AlphaFold/Q84F15.pdb
public_kcat_train,Q84F88,exists,external_methods/DEKP/structures/author_archive/protein structure datasets/kcat/AlphaFold/Q84F88.pdb,external_methods/DEKP/structures/public_kcat/AlphaFold/Q84F88.pdb
public_kcat_train,Q84HF5,exists,external_methods/DEKP/structures/author_archive/protein structure datasets/kcat/RCSB PDB/Q84HF5.pdb,external_methods/DEKP/structures/public_kcat/AlphaFold/Q84HF5.pdb
public_kcat_train,Q84HH8,exists,external_methods/DEKP/structures/author_archive/protein structure datasets/kcat/AlphaFold/Q84HH8.pdb,external_methods/DEKP/structures/public_kcat/AlphaFold/Q84HH8.pdb
public_kcat_train,Q84MD8,exists,external_methods/DEKP/structures/author_archive/protein structure datasets/kcat/AlphaFold/Q84MD8.pdb,external_methods/DEKP/structures/public_kcat/AlphaFold/Q84MD8.pdb
public_kcat_train,Q84P23,exists,external_methods/DEKP/structures/author_archive/protein structure datasets/kcat/AlphaFold/Q84P23.pdb,external_methods/DEKP/structures/public_kcat/AlphaFold/Q84P23.pdb
public_kcat_train,Q84QC1,exists,external_methods/DEKP/structures/author_archive/protein structure datasets/kcat/AlphaFold/Q84QC1.pdb,external_methods/DEKP/structures/public_kcat/AlphaFold/Q84QC1.pdb
public_kcat_train,Q84TC2,exists,external_methods/DEKP/structures/author_archive/protein structure datasets/kcat/AlphaFold/Q84TC2.pdb,external_methods/DEKP/structures/public_kcat/AlphaFold/Q84TC2.pdb
public_kcat_train,Q84XT1,exists,external_methods/DEKP/structures/author_archive/protein structure datasets/kcat/AlphaFold/Q84XT1.pdb,external_methods/DEKP/structures/public_kcat/AlphaFold/Q84XT1.pdb
public_kcat_train,Q86WA6,exists,external_methods/DEKP/structures/author_archive/protein structure datasets/Km/AlphaFold/Q86WA6.pdb,external_methods/DEKP/structures/public_kcat/AlphaFold/Q86WA6.pdb
public_kcat_train,Q873Y0,exists,external_methods/DEKP/structures/author_archive/protein structure datasets/Km/AlphaFold/Q873Y0.pdb,external_methods/DEKP/structures/public_kcat/AlphaFold/Q873Y0.pdb
public_kcat_train,Q874I4,exists,external_methods/DEKP/structures/author_archive/protein structure datasets/kcat/AlphaFold/Q874I4.pdb,external_methods/DEKP/structures/public_kcat/AlphaFold/Q874I4.pdb
public_kcat_train,Q876Z7,exists,external_methods/DEKP/structures/author_archive/protein structure datasets/kcat/AlphaFold/Q876Z7.pdb,external_methods/DEKP/structures/public_kcat/AlphaFold/Q876Z7.pdb
public_kcat_train,Q88C03,exists,external_methods/DEKP/structures/author_archive/protein structure datasets/kcat/AlphaFold/Q88C03.pdb,external_methods/DEKP/structures/public_kcat/AlphaFold/Q88C03.pdb
public_kcat_train,Q88GW5,exists,external_methods/DEKP/structures/author_archive/protein structure datasets/kcat/AlphaFold/Q88GW5.pdb,external_methods/DEKP/structures/public_kcat/AlphaFold/Q88GW5.pdb
public_kcat_train,Q88M11,exists,external_methods/DEKP/structures/author_archive/protein structure datasets/kcat/AlphaFold/Q88M11.pdb,external_methods/DEKP/structures/public_kcat/AlphaFold/Q88M11.pdb
public_kcat_train,Q88QS0,exists,external_methods/DEKP/structures/author_archive/protein structure datasets/kcat/AlphaFold/Q88QS0.pdb,external_methods/DEKP/structures/public_kcat/AlphaFold/Q88QS0.pdb
public_kcat_train,Q88VJ2,exists,external_methods/DEKP/structures/author_archive/protein structure datasets/kcat/AlphaFold/Q88VJ2.pdb,external_methods/DEKP/structures/public_kcat/AlphaFold/Q88VJ2.pdb
public_kcat_train,Q89FH0,exists,external_methods/DEKP/structures/author_archive/protein structure datasets/kcat/RCSB PDB/Q89FH0.pdb,external_methods/DEKP/structures/public_kcat/AlphaFold/Q89FH0.pdb
public_kcat_train,Q89GR3,exists,external_methods/DEKP/structures/author_archive/protein structure datasets/kcat/AlphaFold/Q89GR3.pdb,external_methods/DEKP/structures/public_kcat/AlphaFold/Q89GR3.pdb
public_kcat_train,Q89ZI8,exists,external_methods/DEKP/structures/author_archive/protein structure datasets/kcat/AlphaFold/Q89ZI8.pdb,external_methods/DEKP/structures/public_kcat/AlphaFold/Q89ZI8.pdb
public_kcat_train,Q8A6L0,exists,external_methods/DEKP/structures/author_archive/protein structure datasets/kcat/RCSB PDB/Q8A6L0.pdb,external_methods/DEKP/structures/public_kcat/AlphaFold/Q8A6L0.pdb
public_kcat_train,Q8A8Y4,exists,external_methods/DEKP/structures/author_archive/protein structure datasets/kcat/AlphaFold/Q8A8Y4.pdb,external_methods/DEKP/structures/public_kcat/AlphaFold/Q8A8Y4.pdb
public_kcat_train,Q8C0L6,exists,external_methods/DEKP/structures/author_archive/protein structure datasets/kcat/RCSB PDB/Q8C0L6.pdb,external_methods/DEKP/structures/public_kcat/AlphaFold/Q8C0L6.pdb
public_kcat_train,Q8CG76,exists,external_methods/DEKP/structures/author_archive/protein structure datasets/kcat/RCSB PDB/Q8CG76.pdb,external_methods/DEKP/structures/public_kcat/AlphaFold/Q8CG76.pdb
public_kcat_train,Q8D8D2,exists,external_methods/DEKP/structures/author_archive/protein structure datasets/kcat/AlphaFold/Q8D8D2.pdb,external_methods/DEKP/structures/public_kcat/AlphaFold/Q8D8D2.pdb
public_kcat_train,Q8DA54,exists,external_methods/DEKP/structures/author_archive/protein structure datasets/kcat/AlphaFold/Q8DA54.pdb,external_methods/DEKP/structures/public_kcat/AlphaFold/Q8DA54.pdb
public_kcat_train,Q8DF91,exists,external_methods/DEKP/structures/author_archive/protein structure datasets/kcat/RCSB PDB/Q8DF91.pdb,external_methods/DEKP/structures/public_kcat/AlphaFold/Q8DF91.pdb
public_kcat_train,Q8DPV4,exists,external_methods/DEKP/structures/author_archive/protein structure datasets/kcat/AlphaFold/Q8DPV4.pdb,external_methods/DEKP/structures/public_kcat/AlphaFold/Q8DPV4.pdb
public_kcat_train,Q8EAC7,exists,external_methods/DEKP/structures/author_archive/protein structure datasets/kcat/RCSB PDB/Q8EAC7.pdb,external_methods/DEKP/structures/public_kcat/AlphaFold/Q8EAC7.pdb
public_kcat_train,Q8FDI4,exists,external_methods/DEKP/structures/author_archive/protein structure datasets/kcat/RCSB PDB/Q8FDI4.pdb,external_methods/DEKP/structures/public_kcat/AlphaFold/Q8FDI4.pdb
public_kcat_train,Q8G2I3,exists,external_methods/DEKP/structures/author_archive/protein structure datasets/kcat/AlphaFold/Q8G2I3.pdb,external_methods/DEKP/structures/public_kcat/AlphaFold/Q8G2I3.pdb
public_kcat_train,Q8G490,exists,external_methods/DEKP/structures/author_archive/protein structure datasets/kcat/AlphaFold/Q8G490.pdb,external_methods/DEKP/structures/public_kcat/AlphaFold/Q8G490.pdb
public_kcat_train,Q8GAK6,exists,external_methods/DEKP/structures/author_archive/protein structure datasets/kcat/AlphaFold/Q8GAK6.pdb,external_methods/DEKP/structures/public_kcat/AlphaFold/Q8GAK6.pdb
public_kcat_train,Q8GAK7,exists,external_methods/DEKP/structures/author_archive/protein structure datasets/kcat/AlphaFold/Q8GAK7.pdb,external_methods/DEKP/structures/public_kcat/AlphaFold/Q8GAK7.pdb
public_kcat_train,Q8GAT9,exists,external_methods/DEKP/structures/author_archive/protein structure datasets/kcat/AlphaFold/Q8GAT9.pdb,external_methods/DEKP/structures/public_kcat/AlphaFold/Q8GAT9.pdb
public_kcat_train,Q8GAX0,exists,external_methods/DEKP/structures/author_archive/protein structure datasets/kcat/RCSB PDB/Q8GAX0.pdb,external_methods/DEKP/structures/public_kcat/AlphaFold/Q8GAX0.pdb
public_kcat_train,Q8GB87,exists,external_methods/DEKP/structures/author_archive/protein structure datasets/kcat/AlphaFold/Q8GB87.pdb,external_methods/DEKP/structures/public_kcat/AlphaFold/Q8GB87.pdb
public_kcat_train,Q8GBB2,exists,external_methods/DEKP/structures/author_archive/protein structure datasets/kcat/RCSB PDB/Q8GBB2.pdb,external_methods/DEKP/structures/public_kcat/AlphaFold/Q8GBB2.pdb
public_kcat_train,Q8GCH2,exists,external_methods/DEKP/structures/author_archive/protein structure datasets/kcat/RCSB PDB/Q8GCH2.pdb,external_methods/DEKP/structures/public_kcat/AlphaFold/Q8GCH2.pdb
public_kcat_train,Q8GCU7,exists,external_methods/DEKP/structures/author_archive/protein structure datasets/kcat/AlphaFold/Q8GCU7.pdb,external_methods/DEKP/structures/public_kcat/AlphaFold/Q8GCU7.pdb
public_kcat_train,Q8GD10,exists,external_methods/DEKP/structures/author_archive/protein structure datasets/kcat/AlphaFold/Q8GD10.pdb,external_methods/DEKP/structures/public_kcat/AlphaFold/Q8GD10.pdb
public_kcat_train,Q8GIQ0,exists,external_methods/DEKP/structures/author_archive/protein structure datasets/kcat/RCSB PDB/Q8GIQ0.pdb,external_methods/DEKP/structures/public_kcat/AlphaFold/Q8GIQ0.pdb
public_kcat_train,Q8GLK7,exists,external_methods/DEKP/structures/author_archive/protein structure datasets/kcat/AlphaFold/Q8GLK7.pdb,external_methods/DEKP/structures/public_kcat/AlphaFold/Q8GLK7.pdb
public_kcat_train,Q8GMG0,exists,external_methods/DEKP/structures/author_archive/protein structure datasets/kcat/RCSB PDB/Q8GMG0.pdb,external_methods/DEKP/structures/public_kcat/AlphaFold/Q8GMG0.pdb
public_kcat_train,Q8GP32,exists,external_methods/DEKP/structures/author_archive/protein structure datasets/kcat/AlphaFold/Q8GP32.pdb,external_methods/DEKP/structures/public_kcat/AlphaFold/Q8GP32.pdb
public_kcat_train,Q8GT21,exists,external_methods/DEKP/structures/author_archive/protein structure datasets/kcat/AlphaFold/Q8GT21.pdb,external_methods/DEKP/structures/public_kcat/AlphaFold/Q8GT21.pdb
public_kcat_train,Q8GXG1,exists,external_methods/DEKP/structures/author_archive/protein structure datasets/kcat/AlphaFold/Q8GXG1.pdb,external_methods/DEKP/structures/public_kcat/AlphaFold/Q8GXG1.pdb
public_kcat_train,Q8GXR9,exists,external_methods/DEKP/structures/author_archive/protein structure datasets/kcat/AlphaFold/Q8GXR9.pdb,external_methods/DEKP/structures/public_kcat/AlphaFold/Q8GXR9.pdb
public_kcat_train,Q8GY31,exists,external_methods/DEKP/structures/author_archive/protein structure datasets/Km/AlphaFold/Q8GY31.pdb,external_methods/DEKP/structures/public_kcat/AlphaFold/Q8GY31.pdb
public_kcat_train,Q8GZ29,exists,external_methods/DEKP/structures/author_archive/protein structure datasets/kcat/RCSB PDB/Q8GZ29.pdb,external_methods/DEKP/structures/public_kcat/AlphaFold/Q8GZ29.pdb
public_kcat_train,Q8I3X4,exists,external_methods/DEKP/structures/author_archive/protein structure datasets/kcat/RCSB PDB/Q8I3X4.pdb,external_methods/DEKP/structures/public_kcat/AlphaFold/Q8I3X4.pdb
public_kcat_train,Q8I566,exists,external_methods/DEKP/structures/author_archive/protein structure datasets/kcat/RCSB PDB/Q8I566.pdb,external_methods/DEKP/structures/public_kcat/AlphaFold/Q8I566.pdb
public_kcat_train,Q8I6T2,exists,external_methods/DEKP/structures/author_archive/protein structure datasets/kcat/AlphaFold/Q8I6T2.pdb,external_methods/DEKP/structures/public_kcat/AlphaFold/Q8I6T2.pdb
public_kcat_train,Q8IEX1,exists,external_methods/DEKP/structures/author_archive/protein structure datasets/kcat/AlphaFold/Q8IEX1.pdb,external_methods/DEKP/structures/public_kcat/AlphaFold/Q8IEX1.pdb
public_kcat_train,Q8IJA9,exists,external_methods/DEKP/structures/author_archive/protein structure datasets/kcat/RCSB PDB/Q8IJA9.pdb,external_methods/DEKP/structures/public_kcat/AlphaFold/Q8IJA9.pdb
public_kcat_train,Q8IWU9,exists,external_methods/DEKP/structures/author_archive/protein structure datasets/kcat/RCSB PDB/Q8IWU9.pdb,external_methods/DEKP/structures/public_kcat/AlphaFold/Q8IWU9.pdb
public_kcat_train,Q8JZL3,exists,external_methods/DEKP/structures/author_archive/protein structure datasets/kcat/RCSB PDB/Q8JZL3.pdb,external_methods/DEKP/structures/public_kcat/AlphaFold/Q8JZL3.pdb
public_kcat_train,Q8KLV4,exists,external_methods/DEKP/structures/author_archive/protein structure datasets/kcat/AlphaFold/Q8KLV4.pdb,external_methods/DEKP/structures/public_kcat/AlphaFold/Q8KLV4.pdb
public_kcat_train,Q8KP10,exists,external_methods/DEKP/structures/author_archive/protein structure datasets/kcat/AlphaFold/Q8KP10.pdb,external_methods/DEKP/structures/public_kcat/AlphaFold/Q8KP10.pdb
public_kcat_train,Q8KQ56,exists,external_methods/DEKP/structures/author_archive/protein structure datasets/kcat/RCSB PDB/Q8KQ56.pdb,external_methods/DEKP/structures/public_kcat/AlphaFold/Q8KQ56.pdb
public_kcat_train,Q8KRU5,exists,external_methods/DEKP/structures/author_archive/protein structure datasets/kcat/AlphaFold/Q8KRU5.pdb,external_methods/DEKP/structures/public_kcat/AlphaFold/Q8KRU5.pdb
public_kcat_train,Q8KZT3,exists,external_methods/DEKP/structures/author_archive/protein structure datasets/kcat/AlphaFold/Q8KZT3.pdb,external_methods/DEKP/structures/public_kcat/AlphaFold/Q8KZT3.pdb
public_kcat_train,Q8L1B1,exists,external_methods/DEKP/structures/author_archive/protein structure datasets/kcat/AlphaFold/Q8L1B1.pdb,external_methods/DEKP/structures/public_kcat/AlphaFold/Q8L1B1.pdb
public_kcat_train,Q8LPN3,exists,external_methods/DEKP/structures/author_archive/protein structure datasets/kcat/AlphaFold/Q8LPN3.pdb,external_methods/DEKP/structures/public_kcat/AlphaFold/Q8LPN3.pdb
public_kcat_train,Q8MU52,exists,external_methods/DEKP/structures/author_archive/protein structure datasets/kcat/RCSB PDB/Q8MU52.pdb,external_methods/DEKP/structures/public_kcat/AlphaFold/Q8MU52.pdb
public_kcat_train,Q8N1Q8,exists,external_methods/DEKP/structures/author_archive/protein structure datasets/Km/AlphaFold/Q8N1Q8.pdb,external_methods/DEKP/structures/public_kcat/AlphaFold/Q8N1Q8.pdb
public_kcat_train,Q8N4J0,exists,external_methods/DEKP/structures/author_archive/protein structure datasets/Km/AlphaFold/Q8N4J0.pdb,external_methods/DEKP/structures/public_kcat/AlphaFold/Q8N4J0.pdb
public_kcat_train,Q8N5Z0,exists,external_methods/DEKP/structures/author_archive/protein structure datasets/kcat/RCSB PDB/Q8N5Z0.pdb,external_methods/DEKP/structures/public_kcat/AlphaFold/Q8N5Z0.pdb
public_kcat_train,Q8NFF5,exists,external_methods/DEKP/structures/author_archive/protein structure datasets/kcat/AlphaFold/Q8NFF5.pdb,external_methods/DEKP/structures/public_kcat/AlphaFold/Q8NFF5.pdb
public_kcat_train,Q8NFU5,exists,external_methods/DEKP/structures/author_archive/protein structure datasets/Km/AlphaFold/Q8NFU5.pdb,external_methods/DEKP/structures/public_kcat/AlphaFold/Q8NFU5.pdb
public_kcat_train,Q8NID5,exists,external_methods/DEKP/structures/author_archive/protein structure datasets/kcat/AlphaFold/Q8NID5.pdb,external_methods/DEKP/structures/public_kcat/AlphaFold/Q8NID5.pdb
public_kcat_train,Q8NJJ9,exists,external_methods/DEKP/structures/author_archive/protein structure datasets/kcat/AlphaFold/Q8NJJ9.pdb,external_methods/DEKP/structures/public_kcat/AlphaFold/Q8NJJ9.pdb
public_kcat_train,Q8NLH5,exists,external_methods/DEKP/structures/author_archive/protein structure datasets/kcat/AlphaFold/Q8NLH5.pdb,external_methods/DEKP/structures/public_kcat/AlphaFold/Q8NLH5.pdb
public_kcat_train,Q8NN33,exists,external_methods/DEKP/structures/author_archive/protein structure datasets/kcat/RCSB PDB/Q8NN33.pdb,external_methods/DEKP/structures/public_kcat/AlphaFold/Q8NN33.pdb
public_kcat_train,Q8NRN8,exists,external_methods/DEKP/structures/author_archive/protein structure datasets/kcat/AlphaFold/Q8NRN8.pdb,external_methods/DEKP/structures/public_kcat/AlphaFold/Q8NRN8.pdb
public_kcat_train,Q8P3J4,exists,external_methods/DEKP/structures/author_archive/protein structure datasets/kcat/AlphaFold/Q8P3J4.pdb,external_methods/DEKP/structures/public_kcat/AlphaFold/Q8P3J4.pdb
public_kcat_train,Q8P3K2,exists,external_methods/DEKP/structures/author_archive/protein structure datasets/kcat/RCSB PDB/Q8P3K2.pdb,external_methods/DEKP/structures/public_kcat/AlphaFold/Q8P3K2.pdb
public_kcat_train,Q8P833,exists,external_methods/DEKP/structures/author_archive/protein structure datasets/kcat/RCSB PDB/Q8P833.pdb,external_methods/DEKP/structures/public_kcat/AlphaFold/Q8P833.pdb
public_kcat_train,Q8PDA8,exists,external_methods/DEKP/structures/author_archive/protein structure datasets/kcat/RCSB PDB/Q8PDA8.pdb,external_methods/DEKP/structures/public_kcat/AlphaFold/Q8PDA8.pdb
public_kcat_train,Q8PS97,exists,external_methods/DEKP/structures/author_archive/protein structure datasets/kcat/AlphaFold/Q8PS97.pdb,external_methods/DEKP/structures/public_kcat/AlphaFold/Q8PS97.pdb
public_kcat_train,Q8R0V5,exists,external_methods/DEKP/structures/author_archive/protein structure datasets/kcat/AlphaFold/Q8R0V5.pdb,external_methods/DEKP/structures/public_kcat/AlphaFold/Q8R0V5.pdb
public_kcat_train,Q8R7L0,exists,external_methods/DEKP/structures/author_archive/protein structure datasets/kcat/RCSB PDB/Q8R7L0.pdb,external_methods/DEKP/structures/public_kcat/AlphaFold/Q8R7L0.pdb
public_kcat_train,Q8RR38,exists,external_methods/DEKP/structures/author_archive/protein structure datasets/kcat/AlphaFold/Q8RR38.pdb,external_methods/DEKP/structures/public_kcat/AlphaFold/Q8RR38.pdb
public_kcat_train,Q8RWE8,exists,external_methods/DEKP/structures/author_archive/protein structure datasets/kcat/AlphaFold/Q8RWE8.pdb,external_methods/DEKP/structures/public_kcat/AlphaFold/Q8RWE8.pdb
public_kcat_train,Q8S3J3,exists,external_methods/DEKP/structures/author_archive/protein structure datasets/kcat/AlphaFold/Q8S3J3.pdb,external_methods/DEKP/structures/public_kcat/AlphaFold/Q8S3J3.pdb
public_kcat_train,Q8T6T2,exists,external_methods/DEKP/structures/author_archive/protein structure datasets/kcat/RCSB PDB/Q8T6T2.pdb,external_methods/DEKP/structures/public_kcat/AlphaFold/Q8T6T2.pdb
public_kcat_train,Q8TC12,exists,external_methods/DEKP/structures/author_archive/protein structure datasets/kcat/AlphaFold/Q8TC12.pdb,external_methods/DEKP/structures/public_kcat/AlphaFold/Q8TC12.pdb
public_kcat_train,Q8TDZ2,exists,external_methods/DEKP/structures/author_archive/protein structure datasets/Km/AlphaFold/Q8TDZ2.pdb,external_methods/DEKP/structures/public_kcat/AlphaFold/Q8TDZ2.pdb
public_kcat_train,Q8TKU7,exists,external_methods/DEKP/structures/author_archive/protein structure datasets/kcat/AlphaFold/Q8TKU7.pdb,external_methods/DEKP/structures/public_kcat/AlphaFold/Q8TKU7.pdb
public_kcat_train,Q8TR16,exists,external_methods/DEKP/structures/author_archive/protein structure datasets/kcat/AlphaFold/Q8TR16.pdb,external_methods/DEKP/structures/public_kcat/AlphaFold/Q8TR16.pdb
public_kcat_train,Q8TXY4,exists,external_methods/DEKP/structures/author_archive/protein structure datasets/kcat/RCSB PDB/Q8TXY4.pdb,external_methods/DEKP/structures/public_kcat/AlphaFold/Q8TXY4.pdb
public_kcat_train,Q8U088,exists,external_methods/DEKP/structures/author_archive/protein structure datasets/kcat/AlphaFold/Q8U088.pdb,external_methods/DEKP/structures/public_kcat/AlphaFold/Q8U088.pdb
public_kcat_train,Q8U0A8,exists,external_methods/DEKP/structures/author_archive/protein structure datasets/kcat/AlphaFold/Q8U0A8.pdb,external_methods/DEKP/structures/public_kcat/AlphaFold/Q8U0A8.pdb
public_kcat_train,Q8U3D6,exists,external_methods/DEKP/structures/author_archive/protein structure datasets/kcat/AlphaFold/Q8U3D6.pdb,external_methods/DEKP/structures/public_kcat/AlphaFold/Q8U3D6.pdb
public_kcat_train,Q8U4G1,exists,external_methods/DEKP/structures/author_archive/protein structure datasets/kcat/RCSB PDB/Q8U4G1.pdb,external_methods/DEKP/structures/public_kcat/AlphaFold/Q8U4G1.pdb
public_kcat_train,Q8VDP3,exists,external_methods/DEKP/structures/author_archive/protein structure datasets/Km/AlphaFold/Q8VDP3.pdb,external_methods/DEKP/structures/public_kcat/AlphaFold/Q8VDP3.pdb
public_kcat_train,Q8VDQ1,exists,external_methods/DEKP/structures/author_archive/protein structure datasets/kcat/RCSB PDB/Q8VDQ1.pdb,external_methods/DEKP/structures/public_kcat/AlphaFold/Q8VDQ1.pdb
public_kcat_train,Q8VKT5,exists,external_methods/DEKP/structures/author_archive/protein structure datasets/kcat/AlphaFold/Q8VKT5.pdb,external_methods/DEKP/structures/public_kcat/AlphaFold/Q8VKT5.pdb
public_kcat_train,Q8VPF1,exists,external_methods/DEKP/structures/author_archive/protein structure datasets/kcat/AlphaFold/Q8VPF1.pdb,external_methods/DEKP/structures/public_kcat/AlphaFold/Q8VPF1.pdb
public_kcat_train,Q8VUS5,exists,external_methods/DEKP/structures/author_archive/protein structure datasets/kcat/RCSB PDB/Q8VUS5.pdb,external_methods/DEKP/structures/public_kcat/AlphaFold/Q8VUS5.pdb
public_kcat_train,Q8VXG7,exists,external_methods/DEKP/structures/author_archive/protein structure datasets/kcat/AlphaFold/Q8VXG7.pdb,external_methods/DEKP/structures/public_kcat/AlphaFold/Q8VXG7.pdb
public_kcat_train,Q8W1W9,exists,external_methods/DEKP/structures/author_archive/protein structure datasets/kcat/AlphaFold/Q8W1W9.pdb,external_methods/DEKP/structures/public_kcat/AlphaFold/Q8W1W9.pdb
public_kcat_train,Q8W3J0,exists,external_methods/DEKP/structures/author_archive/protein structure datasets/kcat/AlphaFold/Q8W3J0.pdb,external_methods/DEKP/structures/public_kcat/AlphaFold/Q8W3J0.pdb
public_kcat_train,Q8WN98,exists,external_methods/DEKP/structures/author_archive/protein structure datasets/kcat/AlphaFold/Q8WN98.pdb,external_methods/DEKP/structures/public_kcat/AlphaFold/Q8WN98.pdb
public_kcat_train,Q8WPZ7,exists,external_methods/DEKP/structures/author_archive/protein structure datasets/kcat/RCSB PDB/Q8WPZ7.pdb,external_methods/DEKP/structures/public_kcat/AlphaFold/Q8WPZ7.pdb
public_kcat_train,Q8WTS6,exists,external_methods/DEKP/structures/author_archive/protein structure datasets/Km/AlphaFold/Q8WTS6.pdb,external_methods/DEKP/structures/public_kcat/AlphaFold/Q8WTS6.pdb
public_kcat_train,Q8X150,exists,external_methods/DEKP/structures/author_archive/protein structure datasets/kcat/AlphaFold/Q8X150.pdb,external_methods/DEKP/structures/public_kcat/AlphaFold/Q8X150.pdb
public_kcat_train,Q8X1D8,exists,external_methods/DEKP/structures/author_archive/protein structure datasets/kcat/RCSB PDB/Q8X1D8.pdb,external_methods/DEKP/structures/public_kcat/AlphaFold/Q8X1D8.pdb
public_kcat_train,Q8X212,exists,external_methods/DEKP/structures/author_archive/protein structure datasets/kcat/AlphaFold/Q8X212.pdb,external_methods/DEKP/structures/public_kcat/AlphaFold/Q8X212.pdb
public_kcat_train,Q8XZ86,exists,external_methods/DEKP/structures/author_archive/protein structure datasets/kcat/AlphaFold/Q8XZ86.pdb,external_methods/DEKP/structures/public_kcat/AlphaFold/Q8XZ86.pdb
public_kcat_train,Q8ZKF6,exists,external_methods/DEKP/structures/author_archive/protein structure datasets/kcat/RCSB PDB/Q8ZKF6.pdb,external_methods/DEKP/structures/public_kcat/AlphaFold/Q8ZKF6.pdb
public_kcat_train,Q8ZN75,exists,external_methods/DEKP/structures/author_archive/protein structure datasets/kcat/AlphaFold/Q8ZN75.pdb,external_methods/DEKP/structures/public_kcat/AlphaFold/Q8ZN75.pdb
public_kcat_train,Q8ZRM2,exists,external_methods/DEKP/structures/author_archive/protein structure datasets/kcat/RCSB PDB/Q8ZRM2.pdb,external_methods/DEKP/structures/public_kcat/AlphaFold/Q8ZRM2.pdb
public_kcat_train,Q8ZRS2,exists,external_methods/DEKP/structures/author_archive/protein structure datasets/kcat/AlphaFold/Q8ZRS2.pdb,external_methods/DEKP/structures/public_kcat/AlphaFold/Q8ZRS2.pdb
public_kcat_train,Q8ZWA8,exists,external_methods/DEKP/structures/author_archive/protein structure datasets/kcat/RCSB PDB/Q8ZWA8.pdb,external_methods/DEKP/structures/public_kcat/AlphaFold/Q8ZWA8.pdb
public_kcat_train,Q8ZXM0,exists,external_methods/DEKP/structures/author_archive/protein structure datasets/kcat/AlphaFold/Q8ZXM0.pdb,external_methods/DEKP/structures/public_kcat/AlphaFold/Q8ZXM0.pdb
public_kcat_train,Q91WR5,exists,external_methods/DEKP/structures/author_archive/protein structure datasets/kcat/RCSB PDB/Q91WR5.pdb,external_methods/DEKP/structures/public_kcat/AlphaFold/Q91WR5.pdb
public_kcat_train,Q920N9,exists,external_methods/DEKP/structures/author_archive/protein structure datasets/kcat/AlphaFold/Q920N9.pdb,external_methods/DEKP/structures/public_kcat/AlphaFold/Q920N9.pdb
public_kcat_train,Q92458,exists,external_methods/DEKP/structures/author_archive/protein structure datasets/kcat/RCSB PDB/Q92458.pdb,external_methods/DEKP/structures/public_kcat/AlphaFold/Q92458.pdb
public_kcat_train,Q92626,exists,external_methods/DEKP/structures/author_archive/protein structure datasets/kcat/AlphaFold/Q92626.pdb,external_methods/DEKP/structures/public_kcat/AlphaFold/Q92626.pdb
public_kcat_train,Q92947,exists,external_methods/DEKP/structures/author_archive/protein structure datasets/Km/AlphaFold/Q92947.pdb,external_methods/DEKP/structures/public_kcat/AlphaFold/Q92947.pdb
public_kcat_train,Q93244,exists,external_methods/DEKP/structures/author_archive/protein structure datasets/kcat/AlphaFold/Q93244.pdb,external_methods/DEKP/structures/public_kcat/AlphaFold/Q93244.pdb
public_kcat_train,Q939D2,exists,external_methods/DEKP/structures/author_archive/protein structure datasets/kcat/RCSB PDB/Q939D2.pdb,external_methods/DEKP/structures/public_kcat/AlphaFold/Q939D2.pdb
public_kcat_train,Q93F84,exists,external_methods/DEKP/structures/author_archive/protein structure datasets/kcat/AlphaFold/Q93F84.pdb,external_methods/DEKP/structures/public_kcat/AlphaFold/Q93F84.pdb
public_kcat_train,Q93F85,exists,external_methods/DEKP/structures/author_archive/protein structure datasets/kcat/AlphaFold/Q93F85.pdb,external_methods/DEKP/structures/public_kcat/AlphaFold/Q93F85.pdb
public_kcat_train,Q93F86,exists,external_methods/DEKP/structures/author_archive/protein structure datasets/kcat/AlphaFold/Q93F86.pdb,external_methods/DEKP/structures/public_kcat/AlphaFold/Q93F86.pdb
public_kcat_train,Q93IG4,exists,external_methods/DEKP/structures/author_archive/protein structure datasets/kcat/RCSB PDB/Q93IG4.pdb,external_methods/DEKP/structures/public_kcat/AlphaFold/Q93IG4.pdb
public_kcat_train,Q93NG6,exists,external_methods/DEKP/structures/author_archive/protein structure datasets/kcat/RCSB PDB/Q93NG6.pdb,external_methods/DEKP/structures/public_kcat/AlphaFold/Q93NG6.pdb
public_kcat_train,Q93TJ5,exists,external_methods/DEKP/structures/author_archive/protein structure datasets/kcat/AlphaFold/Q93TJ5.pdb,external_methods/DEKP/structures/public_kcat/AlphaFold/Q93TJ5.pdb
public_kcat_train,Q93TU6,exists,external_methods/DEKP/structures/author_archive/protein structure datasets/kcat/RCSB PDB/Q93TU6.pdb,external_methods/DEKP/structures/public_kcat/AlphaFold/Q93TU6.pdb
public_kcat_train,Q93UJ2,exists,external_methods/DEKP/structures/author_archive/protein structure datasets/kcat/RCSB PDB/Q93UJ2.pdb,external_methods/DEKP/structures/public_kcat/AlphaFold/Q93UJ2.pdb
public_kcat_train,Q93VR3,exists,external_methods/DEKP/structures/author_archive/protein structure datasets/kcat/RCSB PDB/Q93VR3.pdb,external_methods/DEKP/structures/public_kcat/AlphaFold/Q93VR3.pdb
public_kcat_train,Q93WU2,exists,external_methods/DEKP/structures/author_archive/protein structure datasets/kcat/AlphaFold/Q93WU2.pdb,external_methods/DEKP/structures/public_kcat/AlphaFold/Q93WU2.pdb
public_kcat_train,Q93ZC9,exists,external_methods/DEKP/structures/author_archive/protein structure datasets/kcat/AlphaFold/Q93ZC9.pdb,external_methods/DEKP/structures/public_kcat/AlphaFold/Q93ZC9.pdb
public_kcat_train,Q93ZN9,exists,external_methods/DEKP/structures/author_archive/protein structure datasets/kcat/RCSB PDB/Q93ZN9.pdb,external_methods/DEKP/structures/public_kcat/AlphaFold/Q93ZN9.pdb
public_kcat_train,Q94AP0,exists,external_methods/DEKP/structures/author_archive/protein structure datasets/kcat/AlphaFold/Q94AP0.pdb,external_methods/DEKP/structures/public_kcat/AlphaFold/Q94AP0.pdb
public_kcat_train,Q94FM7,exists,external_methods/DEKP/structures/author_archive/protein structure datasets/kcat/AlphaFold/Q94FM7.pdb,external_methods/DEKP/structures/public_kcat/AlphaFold/Q94FM7.pdb
public_kcat_train,Q94G59,exists,external_methods/DEKP/structures/author_archive/protein structure datasets/kcat/RCSB PDB/Q94G59.pdb,external_methods/DEKP/structures/public_kcat/AlphaFold/Q94G59.pdb
public_kcat_train,Q94JQ3,exists,external_methods/DEKP/structures/author_archive/protein structure datasets/kcat/AlphaFold/Q94JQ3.pdb,external_methods/DEKP/structures/public_kcat/AlphaFold/Q94JQ3.pdb
public_kcat_train,Q95VY4,exists,external_methods/DEKP/structures/author_archive/protein structure datasets/kcat/RCSB PDB/Q95VY4.pdb,external_methods/DEKP/structures/public_kcat/AlphaFold/Q95VY4.pdb
public_kcat_train,Q95XG9,exists,external_methods/DEKP/structures/author_archive/protein structure datasets/kcat/AlphaFold/Q95XG9.pdb,external_methods/DEKP/structures/public_kcat/AlphaFold/Q95XG9.pdb
public_kcat_train,Q96242,exists,external_methods/DEKP/structures/author_archive/protein structure datasets/kcat/RCSB PDB/Q96242.pdb,external_methods/DEKP/structures/public_kcat/AlphaFold/Q96242.pdb
public_kcat_train,Q96286,exists,external_methods/DEKP/structures/author_archive/protein structure datasets/kcat/AlphaFold/Q96286.pdb,external_methods/DEKP/structures/public_kcat/AlphaFold/Q96286.pdb
public_kcat_train,Q96330,exists,external_methods/DEKP/structures/author_archive/protein structure datasets/kcat/AlphaFold/Q96330.pdb,external_methods/DEKP/structures/public_kcat/AlphaFold/Q96330.pdb
public_kcat_train,Q96533,exists,external_methods/DEKP/structures/author_archive/protein structure datasets/kcat/RCSB PDB/Q96533.pdb,external_methods/DEKP/structures/public_kcat/AlphaFold/Q96533.pdb
public_kcat_train,Q969A8,exists,external_methods/DEKP/structures/author_archive/protein structure datasets/kcat/AlphaFold/Q969A8.pdb,external_methods/DEKP/structures/public_kcat/AlphaFold/Q969A8.pdb
public_kcat_train,Q969T7,exists,external_methods/DEKP/structures/author_archive/protein structure datasets/kcat/RCSB PDB/Q969T7.pdb,external_methods/DEKP/structures/public_kcat/AlphaFold/Q969T7.pdb
public_kcat_train,Q96CD2,exists,external_methods/DEKP/structures/author_archive/protein structure datasets/kcat/RCSB PDB/Q96CD2.pdb,external_methods/DEKP/structures/public_kcat/AlphaFold/Q96CD2.pdb
public_kcat_train,Q96EK6,exists,external_methods/DEKP/structures/author_archive/protein structure datasets/kcat/RCSB PDB/Q96EK6.pdb,external_methods/DEKP/structures/public_kcat/AlphaFold/Q96EK6.pdb
public_kcat_train,Q96GA7,exists,external_methods/DEKP/structures/author_archive/protein structure datasets/kcat/RCSB PDB/Q96GA7.pdb,external_methods/DEKP/structures/public_kcat/AlphaFold/Q96GA7.pdb
public_kcat_train,Q96GD0,exists,external_methods/DEKP/structures/author_archive/protein structure datasets/kcat/RCSB PDB/Q96GD0.pdb,external_methods/DEKP/structures/public_kcat/AlphaFold/Q96GD0.pdb
public_kcat_train,Q96JD6,exists,external_methods/DEKP/structures/author_archive/protein structure datasets/kcat/AlphaFold/Q96JD6.pdb,external_methods/DEKP/structures/public_kcat/AlphaFold/Q96JD6.pdb
public_kcat_train,Q96KN2,exists,external_methods/DEKP/structures/author_archive/protein structure datasets/kcat/RCSB PDB/Q96KN2.pdb,external_methods/DEKP/structures/public_kcat/AlphaFold/Q96KN2.pdb
public_kcat_train,Q96KP4,exists,external_methods/DEKP/structures/author_archive/protein structure datasets/kcat/RCSB PDB/Q96KP4.pdb,external_methods/DEKP/structures/public_kcat/AlphaFold/Q96KP4.pdb
public_kcat_train,Q96T66,exists,external_methods/DEKP/structures/author_archive/protein structure datasets/kcat/RCSB PDB/Q96T66.pdb,external_methods/DEKP/structures/public_kcat/AlphaFold/Q96T66.pdb
public_kcat_train,Q96V44,exists,external_methods/DEKP/structures/author_archive/protein structure datasets/kcat/AlphaFold/Q96V44.pdb,external_methods/DEKP/structures/public_kcat/AlphaFold/Q96V44.pdb
public_kcat_train,Q973W5,exists,external_methods/DEKP/structures/author_archive/protein structure datasets/kcat/AlphaFold/Q973W5.pdb,external_methods/DEKP/structures/public_kcat/AlphaFold/Q973W5.pdb
public_kcat_train,Q975C8,exists,external_methods/DEKP/structures/author_archive/protein structure datasets/kcat/AlphaFold/Q975C8.pdb,external_methods/DEKP/structures/public_kcat/AlphaFold/Q975C8.pdb
public_kcat_train,Q97WJ5,exists,external_methods/DEKP/structures/author_archive/protein structure datasets/kcat/AlphaFold/Q97WJ5.pdb,external_methods/DEKP/structures/public_kcat/AlphaFold/Q97WJ5.pdb
public_kcat_train,Q97ZL0,exists,external_methods/DEKP/structures/author_archive/protein structure datasets/kcat/RCSB PDB/Q97ZL0.pdb,external_methods/DEKP/structures/public_kcat/AlphaFold/Q97ZL0.pdb
public_kcat_train,Q988B8,exists,external_methods/DEKP/structures/author_archive/protein structure datasets/kcat/RCSB PDB/Q988B8.pdb,external_methods/DEKP/structures/public_kcat/AlphaFold/Q988B8.pdb
public_kcat_train,Q99040,exists,external_methods/DEKP/structures/author_archive/protein structure datasets/kcat/RCSB PDB/Q99040.pdb,external_methods/DEKP/structures/public_kcat/AlphaFold/Q99040.pdb
public_kcat_train,Q99489,exists,external_methods/DEKP/structures/author_archive/protein structure datasets/kcat/RCSB PDB/Q99489.pdb,external_methods/DEKP/structures/public_kcat/AlphaFold/Q99489.pdb
public_kcat_train,Q99714,exists,external_methods/DEKP/structures/author_archive/protein structure datasets/kcat/RCSB PDB/Q99714.pdb,external_methods/DEKP/structures/public_kcat/AlphaFold/Q99714.pdb
public_kcat_train,Q99KB8,exists,external_methods/DEKP/structures/author_archive/protein structure datasets/kcat/AlphaFold/Q99KB8.pdb,external_methods/DEKP/structures/public_kcat/AlphaFold/Q99KB8.pdb
public_kcat_train,Q99KQ4,exists,external_methods/DEKP/structures/author_archive/protein structure datasets/kcat/RCSB PDB/Q99KQ4.pdb,external_methods/DEKP/structures/public_kcat/AlphaFold/Q99KQ4.pdb
public_kcat_train,Q99MD6,exists,external_methods/DEKP/structures/author_archive/protein structure datasets/kcat/RCSB PDB/Q99MD6.pdb,external_methods/DEKP/structures/public_kcat/AlphaFold/Q99MD6.pdb
public_kcat_train,Q9A196,exists,external_methods/DEKP/structures/author_archive/protein structure datasets/kcat/AlphaFold/Q9A196.pdb,external_methods/DEKP/structures/public_kcat/AlphaFold/Q9A196.pdb
public_kcat_train,Q9A1B7,exists,external_methods/DEKP/structures/author_archive/protein structure datasets/kcat/RCSB PDB/Q9A1B7.pdb,external_methods/DEKP/structures/public_kcat/AlphaFold/Q9A1B7.pdb
public_kcat_train,Q9AGP8,exists,external_methods/DEKP/structures/author_archive/protein structure datasets/kcat/RCSB PDB/Q9AGP8.pdb,external_methods/DEKP/structures/public_kcat/AlphaFold/Q9AGP8.pdb
public_kcat_train,Q9AGY4,exists,external_methods/DEKP/structures/author_archive/protein structure datasets/kcat/RCSB PDB/Q9AGY4.pdb,external_methods/DEKP/structures/public_kcat/AlphaFold/Q9AGY4.pdb
public_kcat_train,Q9AI65,exists,external_methods/DEKP/structures/author_archive/protein structure datasets/kcat/AlphaFold/Q9AI65.pdb,external_methods/DEKP/structures/public_kcat/AlphaFold/Q9AI65.pdb
public_kcat_train,Q9AR07,exists,external_methods/DEKP/structures/author_archive/protein structure datasets/kcat/AlphaFold/Q9AR07.pdb,external_methods/DEKP/structures/public_kcat/AlphaFold/Q9AR07.pdb
public_kcat_train,Q9ATV8,exists,external_methods/DEKP/structures/author_archive/protein structure datasets/kcat/AlphaFold/Q9ATV8.pdb,external_methods/DEKP/structures/public_kcat/AlphaFold/Q9ATV8.pdb
public_kcat_train,Q9BH77,exists,external_methods/DEKP/structures/author_archive/protein structure datasets/Km/AlphaFold/Q9BH77.pdb,external_methods/DEKP/structures/public_kcat/AlphaFold/Q9BH77.pdb
public_kcat_train,Q9BSD7,exists,external_methods/DEKP/structures/author_archive/protein structure datasets/kcat/RCSB PDB/Q9BSD7.pdb,external_methods/DEKP/structures/public_kcat/AlphaFold/Q9BSD7.pdb
public_kcat_train,Q9BUT1,exists,external_methods/DEKP/structures/author_archive/protein structure datasets/kcat/RCSB PDB/Q9BUT1.pdb,external_methods/DEKP/structures/public_kcat/AlphaFold/Q9BUT1.pdb
public_kcat_train,Q9BV79,exists,external_methods/DEKP/structures/author_archive/protein structure datasets/kcat/RCSB PDB/Q9BV79.pdb,external_methods/DEKP/structures/public_kcat/AlphaFold/Q9BV79.pdb
public_kcat_train,Q9BY32,exists,external_methods/DEKP/structures/author_archive/protein structure datasets/kcat/RCSB PDB/Q9BY32.pdb,external_methods/DEKP/structures/public_kcat/AlphaFold/Q9BY32.pdb
public_kcat_train,Q9BYF1,exists,external_methods/DEKP/structures/author_archive/protein structure datasets/kcat/RCSB PDB/Q9BYF1.pdb,external_methods/DEKP/structures/public_kcat/AlphaFold/Q9BYF1.pdb
public_kcat_train,Q9C1S7,exists,external_methods/DEKP/structures/author_archive/protein structure datasets/kcat/AlphaFold/Q9C1S7.pdb,external_methods/DEKP/structures/public_kcat/AlphaFold/Q9C1S7.pdb
public_kcat_train,Q9C5C8,exists,external_methods/DEKP/structures/author_archive/protein structure datasets/kcat/AlphaFold/Q9C5C8.pdb,external_methods/DEKP/structures/public_kcat/AlphaFold/Q9C5C8.pdb
public_kcat_train,Q9CA40,exists,external_methods/DEKP/structures/author_archive/protein structure datasets/kcat/RCSB PDB/Q9CA40.pdb,external_methods/DEKP/structures/public_kcat/AlphaFold/Q9CA40.pdb
public_kcat_train,Q9CAK8,exists,external_methods/DEKP/structures/author_archive/protein structure datasets/Km/AlphaFold/Q9CAK8.pdb,external_methods/DEKP/structures/public_kcat/AlphaFold/Q9CAK8.pdb
public_kcat_train,Q9CFG7,exists,external_methods/DEKP/structures/author_archive/protein structure datasets/kcat/AlphaFold/Q9CFG7.pdb,external_methods/DEKP/structures/public_kcat/AlphaFold/Q9CFG7.pdb
public_kcat_train,Q9CFW8,exists,external_methods/DEKP/structures/author_archive/protein structure datasets/kcat/AlphaFold/Q9CFW8.pdb,external_methods/DEKP/structures/public_kcat/AlphaFold/Q9CFW8.pdb
public_kcat_train,Q9CI75,exists,external_methods/DEKP/structures/author_archive/protein structure datasets/kcat/AlphaFold/Q9CI75.pdb,external_methods/DEKP/structures/public_kcat/AlphaFold/Q9CI75.pdb
public_kcat_train,Q9CM00,exists,external_methods/DEKP/structures/author_archive/protein structure datasets/kcat/RCSB PDB/Q9CM00.pdb,external_methods/DEKP/structures/public_kcat/AlphaFold/Q9CM00.pdb
public_kcat_train,Q9D5J6,exists,external_methods/DEKP/structures/author_archive/protein structure datasets/kcat/AlphaFold/Q9D5J6.pdb,external_methods/DEKP/structures/public_kcat/AlphaFold/Q9D5J6.pdb
public_kcat_train,Q9D9V3,exists,external_methods/DEKP/structures/author_archive/protein structure datasets/kcat/AlphaFold/Q9D9V3.pdb,external_methods/DEKP/structures/public_kcat/AlphaFold/Q9D9V3.pdb
public_kcat_train,Q9DB60,exists,external_methods/DEKP/structures/author_archive/protein structure datasets/kcat/AlphaFold/Q9DB60.pdb,external_methods/DEKP/structures/public_kcat/AlphaFold/Q9DB60.pdb
public_kcat_train,Q9DCT1,exists,external_methods/DEKP/structures/author_archive/protein structure datasets/kcat/AlphaFold/Q9DCT1.pdb,external_methods/DEKP/structures/public_kcat/AlphaFold/Q9DCT1.pdb
public_kcat_train,Q9DDJ5,exists,external_methods/DEKP/structures/author_archive/protein structure datasets/kcat/AlphaFold/Q9DDJ5.pdb,external_methods/DEKP/structures/public_kcat/AlphaFold/Q9DDJ5.pdb
public_kcat_train,Q9EPA7,exists,external_methods/DEKP/structures/author_archive/protein structure datasets/kcat/AlphaFold/Q9EPA7.pdb,external_methods/DEKP/structures/public_kcat/AlphaFold/Q9EPA7.pdb
public_kcat_train,Q9EY50,exists,external_methods/DEKP/structures/author_archive/protein structure datasets/kcat/RCSB PDB/Q9EY50.pdb,external_methods/DEKP/structures/public_kcat/AlphaFold/Q9EY50.pdb
public_kcat_train,Q9F1Y5,exists,external_methods/DEKP/structures/author_archive/protein structure datasets/kcat/RCSB PDB/Q9F1Y5.pdb,external_methods/DEKP/structures/public_kcat/AlphaFold/Q9F1Y5.pdb
public_kcat_train,Q9F1Y6,exists,external_methods/DEKP/structures/author_archive/protein structure datasets/kcat/RCSB PDB/Q9F1Y6.pdb,external_methods/DEKP/structures/public_kcat/AlphaFold/Q9F1Y6.pdb
public_kcat_train,Q9FAW5,exists,external_methods/DEKP/structures/author_archive/protein structure datasets/kcat/AlphaFold/Q9FAW5.pdb,external_methods/DEKP/structures/public_kcat/AlphaFold/Q9FAW5.pdb
public_kcat_train,Q9FGY1,exists,external_methods/DEKP/structures/author_archive/protein structure datasets/kcat/AlphaFold/Q9FGY1.pdb,external_methods/DEKP/structures/public_kcat/AlphaFold/Q9FGY1.pdb
public_kcat_train,Q9FH76,exists,external_methods/DEKP/structures/author_archive/protein structure datasets/kcat/AlphaFold/Q9FH76.pdb,external_methods/DEKP/structures/public_kcat/AlphaFold/Q9FH76.pdb
public_kcat_train,Q9FLC8,exists,external_methods/DEKP/structures/author_archive/protein structure datasets/kcat/AlphaFold/Q9FLC8.pdb,external_methods/DEKP/structures/public_kcat/AlphaFold/Q9FLC8.pdb
public_kcat_train,Q9FLG1,exists,external_methods/DEKP/structures/author_archive/protein structure datasets/kcat/AlphaFold/Q9FLG1.pdb,external_methods/DEKP/structures/public_kcat/AlphaFold/Q9FLG1.pdb
public_kcat_train,Q9FLN8,exists,external_methods/DEKP/structures/author_archive/protein structure datasets/kcat/RCSB PDB/Q9FLN8.pdb,external_methods/DEKP/structures/public_kcat/AlphaFold/Q9FLN8.pdb
public_kcat_train,Q9FLP9,exists,external_methods/DEKP/structures/author_archive/protein structure datasets/kcat/AlphaFold/Q9FLP9.pdb,external_methods/DEKP/structures/public_kcat/AlphaFold/Q9FLP9.pdb
public_kcat_train,Q9FM01,exists,external_methods/DEKP/structures/author_archive/protein structure datasets/kcat/AlphaFold/Q9FM01.pdb,external_methods/DEKP/structures/public_kcat/AlphaFold/Q9FM01.pdb
public_kcat_train,Q9FMD9,exists,external_methods/DEKP/structures/author_archive/protein structure datasets/kcat/AlphaFold/Q9FMD9.pdb,external_methods/DEKP/structures/public_kcat/AlphaFold/Q9FMD9.pdb
public_kcat_train,Q9FPK5,exists,external_methods/DEKP/structures/author_archive/protein structure datasets/kcat/AlphaFold/Q9FPK5.pdb,external_methods/DEKP/structures/public_kcat/AlphaFold/Q9FPK5.pdb
public_kcat_train,Q9FS87,exists,external_methods/DEKP/structures/author_archive/protein structure datasets/kcat/AlphaFold/Q9FS87.pdb,external_methods/DEKP/structures/public_kcat/AlphaFold/Q9FS87.pdb
public_kcat_train,Q9FS88,exists,external_methods/DEKP/structures/author_archive/protein structure datasets/kcat/AlphaFold/Q9FS88.pdb,external_methods/DEKP/structures/public_kcat/AlphaFold/Q9FS88.pdb
public_kcat_train,Q9FSC0,exists,external_methods/DEKP/structures/author_archive/protein structure datasets/kcat/AlphaFold/Q9FSC0.pdb,external_methods/DEKP/structures/public_kcat/AlphaFold/Q9FSC0.pdb
public_kcat_train,Q9FUZ0,exists,external_methods/DEKP/structures/author_archive/protein structure datasets/kcat/AlphaFold/Q9FUZ0.pdb,external_methods/DEKP/structures/public_kcat/AlphaFold/Q9FUZ0.pdb
public_kcat_train,Q9FUZ2,exists,external_methods/DEKP/structures/author_archive/protein structure datasets/Km/AlphaFold/Q9FUZ2.pdb,external_methods/DEKP/structures/public_kcat/AlphaFold/Q9FUZ2.pdb
public_kcat_train,Q9FV53,exists,external_methods/DEKP/structures/author_archive/protein structure datasets/Km/AlphaFold/Q9FV53.pdb,external_methods/DEKP/structures/public_kcat/AlphaFold/Q9FV53.pdb
public_kcat_train,Q9FVC4,exists,external_methods/DEKP/structures/author_archive/protein structure datasets/kcat/AlphaFold/Q9FVC4.pdb,external_methods/DEKP/structures/public_kcat/AlphaFold/Q9FVC4.pdb
public_kcat_train,Q9FYS3,exists,external_methods/DEKP/structures/author_archive/protein structure datasets/kcat/RCSB PDB/Q9FYS3.pdb,external_methods/DEKP/structures/public_kcat/AlphaFold/Q9FYS3.pdb
public_kcat_train,Q9GNE9,exists,external_methods/DEKP/structures/author_archive/protein structure datasets/kcat/AlphaFold/Q9GNE9.pdb,external_methods/DEKP/structures/public_kcat/AlphaFold/Q9GNE9.pdb
public_kcat_train,Q9GPQ4,exists,external_methods/DEKP/structures/author_archive/protein structure datasets/kcat/RCSB PDB/Q9GPQ4.pdb,external_methods/DEKP/structures/public_kcat/AlphaFold/Q9GPQ4.pdb
public_kcat_train,Q9GV41,exists,external_methods/DEKP/structures/author_archive/protein structure datasets/kcat/RCSB PDB/Q9GV41.pdb,external_methods/DEKP/structures/public_kcat/AlphaFold/Q9GV41.pdb
public_kcat_train,Q9H0P0,exists,external_methods/DEKP/structures/author_archive/protein structure datasets/Km/AlphaFold/Q9H0P0.pdb,external_methods/DEKP/structures/public_kcat/AlphaFold/Q9H0P0.pdb
public_kcat_train,Q9H227,exists,external_methods/DEKP/structures/author_archive/protein structure datasets/kcat/RCSB PDB/Q9H227.pdb,external_methods/DEKP/structures/public_kcat/AlphaFold/Q9H227.pdb
public_kcat_train,Q9HAN9,exists,external_methods/DEKP/structures/author_archive/protein structure datasets/kcat/RCSB PDB/Q9HAN9.pdb,external_methods/DEKP/structures/public_kcat/AlphaFold/Q9HAN9.pdb
public_kcat_train,Q9HAY6,exists,external_methods/DEKP/structures/author_archive/protein structure datasets/kcat/AlphaFold/Q9HAY6.pdb,external_methods/DEKP/structures/public_kcat/AlphaFold/Q9HAY6.pdb
public_kcat_train,Q9HBH1,exists,external_methods/DEKP/structures/author_archive/protein structure datasets/kcat/RCSB PDB/Q9HBH1.pdb,external_methods/DEKP/structures/public_kcat/AlphaFold/Q9HBH1.pdb
public_kcat_train,Q9HCG7,exists,external_methods/DEKP/structures/author_archive/protein structure datasets/kcat/AlphaFold/Q9HCG7.pdb,external_methods/DEKP/structures/public_kcat/AlphaFold/Q9HCG7.pdb
public_kcat_train,Q9HJH3,exists,external_methods/DEKP/structures/author_archive/protein structure datasets/kcat/RCSB PDB/Q9HJH3.pdb,external_methods/DEKP/structures/public_kcat/AlphaFold/Q9HJH3.pdb
public_kcat_train,Q9HLQ2,exists,external_methods/DEKP/structures/author_archive/protein structure datasets/kcat/RCSB PDB/Q9HLQ2.pdb,external_methods/DEKP/structures/public_kcat/AlphaFold/Q9HLQ2.pdb
public_kcat_train,Q9HU77,exists,external_methods/DEKP/structures/author_archive/protein structure datasets/kcat/RCSB PDB/Q9HU77.pdb,external_methods/DEKP/structures/public_kcat/AlphaFold/Q9HU77.pdb
public_kcat_train,Q9HVQ3,exists,external_methods/DEKP/structures/author_archive/protein structure datasets/kcat/AlphaFold/Q9HVQ3.pdb,external_methods/DEKP/structures/public_kcat/AlphaFold/Q9HVQ3.pdb
public_kcat_train,Q9I168,exists,external_methods/DEKP/structures/author_archive/protein structure datasets/kcat/AlphaFold/Q9I168.pdb,external_methods/DEKP/structures/public_kcat/AlphaFold/Q9I168.pdb
public_kcat_train,Q9I492,exists,external_methods/DEKP/structures/author_archive/protein structure datasets/kcat/AlphaFold/Q9I492.pdb,external_methods/DEKP/structures/public_kcat/AlphaFold/Q9I492.pdb
public_kcat_train,Q9I5I6,exists,external_methods/DEKP/structures/author_archive/protein structure datasets/kcat/RCSB PDB/Q9I5I6.pdb,external_methods/DEKP/structures/public_kcat/AlphaFold/Q9I5I6.pdb
public_kcat_train,Q9JHW9,exists,external_methods/DEKP/structures/author_archive/protein structure datasets/kcat/AlphaFold/Q9JHW9.pdb,external_methods/DEKP/structures/public_kcat/AlphaFold/Q9JHW9.pdb
public_kcat_train,Q9JLI6,exists,external_methods/DEKP/structures/author_archive/protein structure datasets/kcat/AlphaFold/Q9JLI6.pdb,external_methods/DEKP/structures/public_kcat/AlphaFold/Q9JLI6.pdb
public_kcat_train,Q9K499,exists,external_methods/DEKP/structures/author_archive/protein structure datasets/kcat/RCSB PDB/Q9K499.pdb,external_methods/DEKP/structures/public_kcat/AlphaFold/Q9K499.pdb
public_kcat_train,Q9K4Y9,exists,external_methods/DEKP/structures/author_archive/protein structure datasets/kcat/AlphaFold/Q9K4Y9.pdb,external_methods/DEKP/structures/public_kcat/AlphaFold/Q9K4Y9.pdb
public_kcat_train,Q9K578,exists,external_methods/DEKP/structures/author_archive/protein structure datasets/kcat/RCSB PDB/Q9K578.pdb,external_methods/DEKP/structures/public_kcat/AlphaFold/Q9K578.pdb
public_kcat_train,Q9KBC9,exists,external_methods/DEKP/structures/author_archive/protein structure datasets/kcat/RCSB PDB/Q9KBC9.pdb,external_methods/DEKP/structures/public_kcat/AlphaFold/Q9KBC9.pdb
public_kcat_train,Q9KBQ2,exists,external_methods/DEKP/structures/author_archive/protein structure datasets/kcat/AlphaFold/Q9KBQ2.pdb,external_methods/DEKP/structures/public_kcat/AlphaFold/Q9KBQ2.pdb
public_kcat_train,Q9KJB8,exists,external_methods/DEKP/structures/author_archive/protein structure datasets/kcat/AlphaFold/Q9KJB8.pdb,external_methods/DEKP/structures/public_kcat/AlphaFold/Q9KJB8.pdb
public_kcat_train,Q9KWG2,exists,external_methods/DEKP/structures/author_archive/protein structure datasets/kcat/AlphaFold/Q9KWG2.pdb,external_methods/DEKP/structures/public_kcat/AlphaFold/Q9KWG2.pdb
public_kcat_train,Q9L4Q8,exists,external_methods/DEKP/structures/author_archive/protein structure datasets/kcat/AlphaFold/Q9L4Q8.pdb,external_methods/DEKP/structures/public_kcat/AlphaFold/Q9L4Q8.pdb
public_kcat_train,Q9L4U6,exists,external_methods/DEKP/structures/author_archive/protein structure datasets/kcat/AlphaFold/Q9L4U6.pdb,external_methods/DEKP/structures/public_kcat/AlphaFold/Q9L4U6.pdb
public_kcat_train,Q9L555,exists,external_methods/DEKP/structures/author_archive/protein structure datasets/kcat/AlphaFold/Q9L555.pdb,external_methods/DEKP/structures/public_kcat/AlphaFold/Q9L555.pdb
public_kcat_train,Q9L5C7,exists,external_methods/DEKP/structures/author_archive/protein structure datasets/kcat/RCSB PDB/Q9L5C7.pdb,external_methods/DEKP/structures/public_kcat/AlphaFold/Q9L5C7.pdb
public_kcat_train,Q9L8R8,exists,external_methods/DEKP/structures/author_archive/protein structure datasets/kcat/AlphaFold/Q9L8R8.pdb,external_methods/DEKP/structures/public_kcat/AlphaFold/Q9L8R8.pdb
public_kcat_train,Q9L9C1,exists,external_methods/DEKP/structures/author_archive/protein structure datasets/kcat/AlphaFold/Q9L9C1.pdb,external_methods/DEKP/structures/public_kcat/AlphaFold/Q9L9C1.pdb
public_kcat_train,Q9L9F5,exists,external_methods/DEKP/structures/author_archive/protein structure datasets/kcat/AlphaFold/Q9L9F5.pdb,external_methods/DEKP/structures/public_kcat/AlphaFold/Q9L9F5.pdb
public_kcat_train,Q9L9F6,exists,external_methods/DEKP/structures/author_archive/protein structure datasets/kcat/AlphaFold/Q9L9F6.pdb,external_methods/DEKP/structures/public_kcat/AlphaFold/Q9L9F6.pdb
public_kcat_train,Q9LAG2,exists,external_methods/DEKP/structures/author_archive/protein structure datasets/kcat/RCSB PDB/Q9LAG2.pdb,external_methods/DEKP/structures/public_kcat/AlphaFold/Q9LAG2.pdb
public_kcat_train,Q9LEC9,exists,external_methods/DEKP/structures/author_archive/protein structure datasets/kcat/AlphaFold/Q9LEC9.pdb,external_methods/DEKP/structures/public_kcat/AlphaFold/Q9LEC9.pdb
public_kcat_train,Q9LMR3,exists,external_methods/DEKP/structures/author_archive/protein structure datasets/kcat/AlphaFold/Q9LMR3.pdb,external_methods/DEKP/structures/public_kcat/AlphaFold/Q9LMR3.pdb
public_kcat_train,Q9LSF8,exists,external_methods/DEKP/structures/author_archive/protein structure datasets/kcat/AlphaFold/Q9LSF8.pdb,external_methods/DEKP/structures/public_kcat/AlphaFold/Q9LSF8.pdb
public_kcat_train,Q9LT69,exists,external_methods/DEKP/structures/author_archive/protein structure datasets/kcat/AlphaFold/Q9LT69.pdb,external_methods/DEKP/structures/public_kcat/AlphaFold/Q9LT69.pdb
public_kcat_train,Q9LVR1,exists,external_methods/DEKP/structures/author_archive/protein structure datasets/kcat/AlphaFold/Q9LVR1.pdb,external_methods/DEKP/structures/public_kcat/AlphaFold/Q9LVR1.pdb
public_kcat_train,Q9LX12,exists,external_methods/DEKP/structures/author_archive/protein structure datasets/kcat/AlphaFold/Q9LX12.pdb,external_methods/DEKP/structures/public_kcat/AlphaFold/Q9LX12.pdb
public_kcat_train,Q9LXT4,exists,external_methods/DEKP/structures/author_archive/protein structure datasets/kcat/RCSB PDB/Q9LXT4.pdb,external_methods/DEKP/structures/public_kcat/AlphaFold/Q9LXT4.pdb
public_kcat_train,Q9LYG3,exists,external_methods/DEKP/structures/author_archive/protein structure datasets/kcat/AlphaFold/Q9LYG3.pdb,external_methods/DEKP/structures/public_kcat/AlphaFold/Q9LYG3.pdb
public_kcat_train,Q9M7B8,exists,external_methods/DEKP/structures/author_archive/protein structure datasets/kcat/AlphaFold/Q9M7B8.pdb,external_methods/DEKP/structures/public_kcat/AlphaFold/Q9M7B8.pdb
public_kcat_train,Q9MYZ4,exists,external_methods/DEKP/structures/author_archive/protein structure datasets/kcat/AlphaFold/Q9MYZ4.pdb,external_methods/DEKP/structures/public_kcat/AlphaFold/Q9MYZ4.pdb
public_kcat_train,Q9N1E2,exists,external_methods/DEKP/structures/author_archive/protein structure datasets/kcat/RCSB PDB/Q9N1E2.pdb,external_methods/DEKP/structures/public_kcat/AlphaFold/Q9N1E2.pdb
public_kcat_train,Q9N1U7,exists,external_methods/DEKP/structures/author_archive/protein structure datasets/kcat/AlphaFold/Q9N1U7.pdb,external_methods/DEKP/structures/public_kcat/AlphaFold/Q9N1U7.pdb
public_kcat_train,Q9NJC3,exists,external_methods/DEKP/structures/author_archive/protein structure datasets/kcat/AlphaFold/Q9NJC3.pdb,external_methods/DEKP/structures/public_kcat/AlphaFold/Q9NJC3.pdb
public_kcat_train,Q9NJT1,exists,external_methods/DEKP/structures/author_archive/protein structure datasets/kcat/AlphaFold/Q9NJT1.pdb,external_methods/DEKP/structures/public_kcat/AlphaFold/Q9NJT1.pdb
public_kcat_train,Q9NP58,exists,external_methods/DEKP/structures/author_archive/protein structure datasets/kcat/RCSB PDB/Q9NP58.pdb,external_methods/DEKP/structures/public_kcat/AlphaFold/Q9NP58.pdb
public_kcat_train,Q9NPJ3,exists,external_methods/DEKP/structures/author_archive/protein structure datasets/kcat/RCSB PDB/Q9NPJ3.pdb,external_methods/DEKP/structures/public_kcat/AlphaFold/Q9NPJ3.pdb
public_kcat_train,Q9NQW7,exists,external_methods/DEKP/structures/author_archive/protein structure datasets/kcat/RCSB PDB/Q9NQW7.pdb,external_methods/DEKP/structures/public_kcat/AlphaFold/Q9NQW7.pdb
public_kcat_train,Q9NRN7,exists,external_methods/DEKP/structures/author_archive/protein structure datasets/kcat/RCSB PDB/Q9NRN7.pdb,external_methods/DEKP/structures/public_kcat/AlphaFold/Q9NRN7.pdb
public_kcat_train,Q9NS18,exists,external_methods/DEKP/structures/author_archive/protein structure datasets/Km/AlphaFold/Q9NS18.pdb,external_methods/DEKP/structures/public_kcat/AlphaFold/Q9NS18.pdb
public_kcat_train,Q9NYA1,exists,external_methods/DEKP/structures/author_archive/protein structure datasets/kcat/RCSB PDB/Q9NYA1.pdb,external_methods/DEKP/structures/public_kcat/AlphaFold/Q9NYA1.pdb
public_kcat_train,Q9P2J5,exists,external_methods/DEKP/structures/author_archive/protein structure datasets/kcat/RCSB PDB/Q9P2J5.pdb,external_methods/DEKP/structures/public_kcat/AlphaFold/Q9P2J5.pdb
public_kcat_train,Q9P999,exists,external_methods/DEKP/structures/author_archive/protein structure datasets/kcat/AlphaFold/Q9P999.pdb,external_methods/DEKP/structures/public_kcat/AlphaFold/Q9P999.pdb
public_kcat_train,Q9P9M8,exists,external_methods/DEKP/structures/author_archive/protein structure datasets/kcat/RCSB PDB/Q9P9M8.pdb,external_methods/DEKP/structures/public_kcat/AlphaFold/Q9P9M8.pdb
public_kcat_train,Q9QYY9,exists,external_methods/DEKP/structures/author_archive/protein structure datasets/kcat/RCSB PDB/Q9QYY9.pdb,external_methods/DEKP/structures/public_kcat/AlphaFold/Q9QYY9.pdb
public_kcat_train,Q9RBS3,exists,external_methods/DEKP/structures/author_archive/protein structure datasets/kcat/RCSB PDB/Q9RBS3.pdb,external_methods/DEKP/structures/public_kcat/AlphaFold/Q9RBS3.pdb
public_kcat_train,Q9RGX8,exists,external_methods/DEKP/structures/author_archive/protein structure datasets/kcat/RCSB PDB/Q9RGX8.pdb,external_methods/DEKP/structures/public_kcat/AlphaFold/Q9RGX8.pdb
public_kcat_train,Q9RHZ1,exists,external_methods/DEKP/structures/author_archive/protein structure datasets/kcat/AlphaFold/Q9RHZ1.pdb,external_methods/DEKP/structures/public_kcat/AlphaFold/Q9RHZ1.pdb
public_kcat_train,Q9RND4,exists,external_methods/DEKP/structures/author_archive/protein structure datasets/kcat/AlphaFold/Q9RND4.pdb,external_methods/DEKP/structures/public_kcat/AlphaFold/Q9RND4.pdb
public_kcat_train,Q9RRX6,exists,external_methods/DEKP/structures/author_archive/protein structure datasets/kcat/AlphaFold/Q9RRX6.pdb,external_methods/DEKP/structures/public_kcat/AlphaFold/Q9RRX6.pdb
public_kcat_train,Q9RUW4,exists,external_methods/DEKP/structures/author_archive/protein structure datasets/kcat/AlphaFold/Q9RUW4.pdb,external_methods/DEKP/structures/public_kcat/AlphaFold/Q9RUW4.pdb
public_kcat_train,Q9S3U6,exists,external_methods/DEKP/structures/author_archive/protein structure datasets/kcat/AlphaFold/Q9S3U6.pdb,external_methods/DEKP/structures/public_kcat/AlphaFold/Q9S3U6.pdb
public_kcat_train,Q9S400,exists,external_methods/DEKP/structures/author_archive/protein structure datasets/kcat/RCSB PDB/Q9S400.pdb,external_methods/DEKP/structures/public_kcat/AlphaFold/Q9S400.pdb
public_kcat_train,Q9S467,exists,external_methods/DEKP/structures/author_archive/protein structure datasets/kcat/AlphaFold/Q9S467.pdb,external_methods/DEKP/structures/public_kcat/AlphaFold/Q9S467.pdb
public_kcat_train,Q9S5E2,exists,external_methods/DEKP/structures/author_archive/protein structure datasets/kcat/RCSB PDB/Q9S5E2.pdb,external_methods/DEKP/structures/public_kcat/AlphaFold/Q9S5E2.pdb
public_kcat_train,Q9S702,exists,external_methods/DEKP/structures/author_archive/protein structure datasets/kcat/AlphaFold/Q9S702.pdb,external_methods/DEKP/structures/public_kcat/AlphaFold/Q9S702.pdb
public_kcat_train,Q9S7B5,exists,external_methods/DEKP/structures/author_archive/protein structure datasets/kcat/RCSB PDB/Q9S7B5.pdb,external_methods/DEKP/structures/public_kcat/AlphaFold/Q9S7B5.pdb
public_kcat_train,Q9S7H8,exists,external_methods/DEKP/structures/author_archive/protein structure datasets/kcat/AlphaFold/Q9S7H8.pdb,external_methods/DEKP/structures/public_kcat/AlphaFold/Q9S7H8.pdb
public_kcat_train,Q9S9N9,exists,external_methods/DEKP/structures/author_archive/protein structure datasets/kcat/AlphaFold/Q9S9N9.pdb,external_methods/DEKP/structures/public_kcat/AlphaFold/Q9S9N9.pdb
public_kcat_train,Q9S9U6,exists,external_methods/DEKP/structures/author_archive/protein structure datasets/kcat/AlphaFold/Q9S9U6.pdb,external_methods/DEKP/structures/public_kcat/AlphaFold/Q9S9U6.pdb
public_kcat_train,Q9SB48,exists,external_methods/DEKP/structures/author_archive/protein structure datasets/kcat/AlphaFold/Q9SB48.pdb,external_methods/DEKP/structures/public_kcat/AlphaFold/Q9SB48.pdb
public_kcat_train,Q9SBL1,exists,external_methods/DEKP/structures/author_archive/protein structure datasets/kcat/RCSB PDB/Q9SBL1.pdb,external_methods/DEKP/structures/public_kcat/AlphaFold/Q9SBL1.pdb
public_kcat_train,Q9SBQ8,exists,external_methods/DEKP/structures/author_archive/protein structure datasets/kcat/AlphaFold/Q9SBQ8.pdb,external_methods/DEKP/structures/public_kcat/AlphaFold/Q9SBQ8.pdb
public_kcat_train,Q9SC14,exists,external_methods/DEKP/structures/author_archive/protein structure datasets/kcat/AlphaFold/Q9SC14.pdb,external_methods/DEKP/structures/public_kcat/AlphaFold/Q9SC14.pdb
public_kcat_train,Q9SCA0,exists,external_methods/DEKP/structures/author_archive/protein structure datasets/kcat/AlphaFold/Q9SCA0.pdb,external_methods/DEKP/structures/public_kcat/AlphaFold/Q9SCA0.pdb
public_kcat_train,Q9SCV8,exists,external_methods/DEKP/structures/author_archive/protein structure datasets/kcat/AlphaFold/Q9SCV8.pdb,external_methods/DEKP/structures/public_kcat/AlphaFold/Q9SCV8.pdb
public_kcat_train,Q9SE00,exists,external_methods/DEKP/structures/author_archive/protein structure datasets/Km/AlphaFold/Q9SE00.pdb,external_methods/DEKP/structures/public_kcat/AlphaFold/Q9SE00.pdb
public_kcat_train,Q9SEV0,exists,external_methods/DEKP/structures/author_archive/protein structure datasets/kcat/AlphaFold/Q9SEV0.pdb,external_methods/DEKP/structures/public_kcat/AlphaFold/Q9SEV0.pdb
public_kcat_train,Q9SG92,exists,external_methods/DEKP/structures/author_archive/protein structure datasets/kcat/AlphaFold/Q9SG92.pdb,external_methods/DEKP/structures/public_kcat/AlphaFold/Q9SG92.pdb
public_kcat_train,Q9SGD6,exists,external_methods/DEKP/structures/author_archive/protein structure datasets/kcat/AlphaFold/Q9SGD6.pdb,external_methods/DEKP/structures/public_kcat/AlphaFold/Q9SGD6.pdb
public_kcat_train,Q9SIE1,exists,external_methods/DEKP/structures/author_archive/protein structure datasets/kcat/RCSB PDB/Q9SIE1.pdb,external_methods/DEKP/structures/public_kcat/AlphaFold/Q9SIE1.pdb
public_kcat_train,Q9SN58,exists,external_methods/DEKP/structures/author_archive/protein structure datasets/kcat/AlphaFold/Q9SN58.pdb,external_methods/DEKP/structures/public_kcat/AlphaFold/Q9SN58.pdb
public_kcat_train,Q9SP13,exists,external_methods/DEKP/structures/author_archive/protein structure datasets/Km/AlphaFold/Q9SP13.pdb,external_methods/DEKP/structures/public_kcat/AlphaFold/Q9SP13.pdb
public_kcat_train,Q9SPB1,exists,external_methods/DEKP/structures/author_archive/protein structure datasets/kcat/AlphaFold/Q9SPB1.pdb,external_methods/DEKP/structures/public_kcat/AlphaFold/Q9SPB1.pdb
public_kcat_train,Q9SPV4,exists,external_methods/DEKP/structures/author_archive/protein structure datasets/kcat/RCSB PDB/Q9SPV4.pdb,external_methods/DEKP/structures/public_kcat/AlphaFold/Q9SPV4.pdb
public_kcat_train,Q9SQT8,exists,external_methods/DEKP/structures/author_archive/protein structure datasets/Km/AlphaFold/Q9SQT8.pdb,external_methods/DEKP/structures/public_kcat/AlphaFold/Q9SQT8.pdb
public_kcat_train,Q9SS45,exists,external_methods/DEKP/structures/author_archive/protein structure datasets/kcat/AlphaFold/Q9SS45.pdb,external_methods/DEKP/structures/public_kcat/AlphaFold/Q9SS45.pdb
public_kcat_train,Q9STX5,exists,external_methods/DEKP/structures/author_archive/protein structure datasets/kcat/AlphaFold/Q9STX5.pdb,external_methods/DEKP/structures/public_kcat/AlphaFold/Q9STX5.pdb
public_kcat_train,Q9SU56,exists,external_methods/DEKP/structures/author_archive/protein structure datasets/kcat/RCSB PDB/Q9SU56.pdb,external_methods/DEKP/structures/public_kcat/AlphaFold/Q9SU56.pdb
public_kcat_train,Q9T0N8,exists,external_methods/DEKP/structures/author_archive/protein structure datasets/kcat/RCSB PDB/Q9T0N8.pdb,external_methods/DEKP/structures/public_kcat/AlphaFold/Q9T0N8.pdb
public_kcat_train,Q9TV69,exists,external_methods/DEKP/structures/author_archive/protein structure datasets/kcat/AlphaFold/Q9TV69.pdb,external_methods/DEKP/structures/public_kcat/AlphaFold/Q9TV69.pdb
public_kcat_train,Q9U2M7,exists,external_methods/DEKP/structures/author_archive/protein structure datasets/kcat/RCSB PDB/Q9U2M7.pdb,external_methods/DEKP/structures/public_kcat/AlphaFold/Q9U2M7.pdb
public_kcat_train,Q9UBK8,exists,external_methods/DEKP/structures/author_archive/protein structure datasets/Km/AlphaFold/Q9UBK8.pdb,external_methods/DEKP/structures/public_kcat/AlphaFold/Q9UBK8.pdb
public_kcat_train,Q9UBP0,exists,external_methods/DEKP/structures/author_archive/protein structure datasets/Km/AlphaFold/Q9UBP0.pdb,external_methods/DEKP/structures/public_kcat/AlphaFold/Q9UBP0.pdb
public_kcat_train,Q9UBR1,exists,external_methods/DEKP/structures/author_archive/protein structure datasets/kcat/RCSB PDB/Q9UBR1.pdb,external_methods/DEKP/structures/public_kcat/AlphaFold/Q9UBR1.pdb
public_kcat_train,Q9UGP5,exists,external_methods/DEKP/structures/author_archive/protein structure datasets/Km/AlphaFold/Q9UGP5.pdb,external_methods/DEKP/structures/public_kcat/AlphaFold/Q9UGP5.pdb
public_kcat_train,Q9UHD2,exists,external_methods/DEKP/structures/author_archive/protein structure datasets/kcat/RCSB PDB/Q9UHD2.pdb,external_methods/DEKP/structures/public_kcat/AlphaFold/Q9UHD2.pdb
public_kcat_train,Q9UJ70,exists,external_methods/DEKP/structures/author_archive/protein structure datasets/kcat/RCSB PDB/Q9UJ70.pdb,external_methods/DEKP/structures/public_kcat/AlphaFold/Q9UJ70.pdb
public_kcat_train,Q9UJM8,exists,external_methods/DEKP/structures/author_archive/protein structure datasets/kcat/RCSB PDB/Q9UJM8.pdb,external_methods/DEKP/structures/public_kcat/AlphaFold/Q9UJM8.pdb
public_kcat_train,Q9UR08,exists,external_methods/DEKP/structures/author_archive/protein structure datasets/kcat/RCSB PDB/Q9UR08.pdb,external_methods/DEKP/structures/public_kcat/AlphaFold/Q9UR08.pdb
public_kcat_train,Q9UUP5,exists,external_methods/DEKP/structures/author_archive/protein structure datasets/kcat/AlphaFold/Q9UUP5.pdb,external_methods/DEKP/structures/public_kcat/AlphaFold/Q9UUP5.pdb
public_kcat_train,Q9UVP6,exists,external_methods/DEKP/structures/author_archive/protein structure datasets/kcat/AlphaFold/Q9UVP6.pdb,external_methods/DEKP/structures/public_kcat/AlphaFold/Q9UVP6.pdb
public_kcat_train,Q9UWU1,exists,external_methods/DEKP/structures/author_archive/protein structure datasets/kcat/AlphaFold/Q9UWU1.pdb,external_methods/DEKP/structures/public_kcat/AlphaFold/Q9UWU1.pdb
public_kcat_train,Q9W197,exists,external_methods/DEKP/structures/author_archive/protein structure datasets/kcat/RCSB PDB/Q9W197.pdb,external_methods/DEKP/structures/public_kcat/AlphaFold/Q9W197.pdb
public_kcat_train,Q9WX55,exists,external_methods/DEKP/structures/author_archive/protein structure datasets/kcat/AlphaFold/Q9WX55.pdb,external_methods/DEKP/structures/public_kcat/AlphaFold/Q9WX55.pdb
public_kcat_train,Q9WYN2,exists,external_methods/DEKP/structures/author_archive/protein structure datasets/kcat/RCSB PDB/Q9WYN2.pdb,external_methods/DEKP/structures/public_kcat/AlphaFold/Q9WYN2.pdb
public_kcat_train,Q9WYT0,exists,external_methods/DEKP/structures/author_archive/protein structure datasets/kcat/RCSB PDB/Q9WYT0.pdb,external_methods/DEKP/structures/public_kcat/AlphaFold/Q9WYT0.pdb
public_kcat_train,Q9WZ09,exists,external_methods/DEKP/structures/author_archive/protein structure datasets/kcat/AlphaFold/Q9WZ09.pdb,external_methods/DEKP/structures/public_kcat/AlphaFold/Q9WZ09.pdb
public_kcat_train,Q9WZC2,exists,external_methods/DEKP/structures/author_archive/protein structure datasets/kcat/RCSB PDB/Q9WZC2.pdb,external_methods/DEKP/structures/public_kcat/AlphaFold/Q9WZC2.pdb
public_kcat_train,Q9WZY5,exists,external_methods/DEKP/structures/author_archive/protein structure datasets/kcat/RCSB PDB/Q9WZY5.pdb,external_methods/DEKP/structures/public_kcat/AlphaFold/Q9WZY5.pdb
public_kcat_train,Q9X034,exists,external_methods/DEKP/structures/author_archive/protein structure datasets/kcat/RCSB PDB/Q9X034.pdb,external_methods/DEKP/structures/public_kcat/AlphaFold/Q9X034.pdb
public_kcat_train,Q9X0C7,exists,external_methods/DEKP/structures/author_archive/protein structure datasets/kcat/RCSB PDB/Q9X0C7.pdb,external_methods/DEKP/structures/public_kcat/AlphaFold/Q9X0C7.pdb
public_kcat_train,Q9X0D0,exists,external_methods/DEKP/structures/author_archive/protein structure datasets/kcat/RCSB PDB/Q9X0D0.pdb,external_methods/DEKP/structures/public_kcat/AlphaFold/Q9X0D0.pdb
public_kcat_train,Q9X1X6,exists,external_methods/DEKP/structures/author_archive/protein structure datasets/kcat/RCSB PDB/Q9X1X6.pdb,external_methods/DEKP/structures/public_kcat/AlphaFold/Q9X1X6.pdb
public_kcat_train,Q9X2I6,exists,external_methods/DEKP/structures/author_archive/protein structure datasets/kcat/AlphaFold/Q9X2I6.pdb,external_methods/DEKP/structures/public_kcat/AlphaFold/Q9X2I6.pdb
public_kcat_train,Q9X839,exists,external_methods/DEKP/structures/author_archive/protein structure datasets/kcat/AlphaFold/Q9X839.pdb,external_methods/DEKP/structures/public_kcat/AlphaFold/Q9X839.pdb
public_kcat_train,Q9XB60,exists,external_methods/DEKP/structures/author_archive/protein structure datasets/kcat/RCSB PDB/Q9XB60.pdb,external_methods/DEKP/structures/public_kcat/AlphaFold/Q9XB60.pdb
public_kcat_train,Q9XCW3,exists,external_methods/DEKP/structures/author_archive/protein structure datasets/kcat/AlphaFold/Q9XCW3.pdb,external_methods/DEKP/structures/public_kcat/AlphaFold/Q9XCW3.pdb
public_kcat_train,Q9XCW4,exists,external_methods/DEKP/structures/author_archive/protein structure datasets/kcat/AlphaFold/Q9XCW4.pdb,external_methods/DEKP/structures/public_kcat/AlphaFold/Q9XCW4.pdb
public_kcat_train,Q9XGW0,exists,external_methods/DEKP/structures/author_archive/protein structure datasets/kcat/AlphaFold/Q9XGW0.pdb,external_methods/DEKP/structures/public_kcat/AlphaFold/Q9XGW0.pdb
public_kcat_train,Q9XZT6,exists,external_methods/DEKP/structures/author_archive/protein structure datasets/kcat/RCSB PDB/Q9XZT6.pdb,external_methods/DEKP/structures/public_kcat/AlphaFold/Q9XZT6.pdb
public_kcat_train,Q9Y233,exists,external_methods/DEKP/structures/author_archive/protein structure datasets/kcat/AlphaFold/Q9Y233.pdb,external_methods/DEKP/structures/public_kcat/AlphaFold/Q9Y233.pdb
public_kcat_train,Q9Y243,exists,external_methods/DEKP/structures/author_archive/protein structure datasets/Km/AlphaFold/Q9Y243.pdb,external_methods/DEKP/structures/public_kcat/AlphaFold/Q9Y243.pdb
public_kcat_train,Q9Y2T3,exists,external_methods/DEKP/structures/author_archive/protein structure datasets/kcat/RCSB PDB/Q9Y2T3.pdb,external_methods/DEKP/structures/public_kcat/AlphaFold/Q9Y2T3.pdb
public_kcat_train,Q9Y3C6,exists,external_methods/DEKP/structures/author_archive/protein structure datasets/kcat/RCSB PDB/Q9Y3C6.pdb,external_methods/DEKP/structures/public_kcat/AlphaFold/Q9Y3C6.pdb
public_kcat_train,Q9Y3R4,exists,external_methods/DEKP/structures/author_archive/protein structure datasets/kcat/RCSB PDB/Q9Y3R4.pdb,external_methods/DEKP/structures/public_kcat/AlphaFold/Q9Y3R4.pdb
public_kcat_train,Q9Y6A2,exists,external_methods/DEKP/structures/author_archive/protein structure datasets/kcat/RCSB PDB/Q9Y6A2.pdb,external_methods/DEKP/structures/public_kcat/AlphaFold/Q9Y6A2.pdb
public_kcat_train,Q9YA47,exists,external_methods/DEKP/structures/author_archive/protein structure datasets/kcat/AlphaFold/Q9YA47.pdb,external_methods/DEKP/structures/public_kcat/AlphaFold/Q9YA47.pdb
public_kcat_train,Q9YBL2,exists,external_methods/DEKP/structures/author_archive/protein structure datasets/kcat/RCSB PDB/Q9YBL2.pdb,external_methods/DEKP/structures/public_kcat/AlphaFold/Q9YBL2.pdb
public_kcat_train,Q9YER2,exists,external_methods/DEKP/structures/author_archive/protein structure datasets/kcat/AlphaFold/Q9YER2.pdb,external_methods/DEKP/structures/public_kcat/AlphaFold/Q9YER2.pdb
public_kcat_train,Q9Z245,exists,external_methods/DEKP/structures/author_archive/protein structure datasets/kcat/AlphaFold/Q9Z245.pdb,external_methods/DEKP/structures/public_kcat/AlphaFold/Q9Z245.pdb
public_kcat_train,Q9Z2F2,exists,external_methods/DEKP/structures/author_archive/protein structure datasets/kcat/AlphaFold/Q9Z2F2.pdb,external_methods/DEKP/structures/public_kcat/AlphaFold/Q9Z2F2.pdb
public_kcat_train,Q9Z4Z5,exists,external_methods/DEKP/structures/author_archive/protein structure datasets/kcat/RCSB PDB/Q9Z4Z5.pdb,external_methods/DEKP/structures/public_kcat/AlphaFold/Q9Z4Z5.pdb
public_kcat_train,Q9Z6M7,exists,external_methods/DEKP/structures/author_archive/protein structure datasets/kcat/AlphaFold/Q9Z6M7.pdb,external_methods/DEKP/structures/public_kcat/AlphaFold/Q9Z6M7.pdb
public_kcat_train,Q9ZAG3,exists,external_methods/DEKP/structures/author_archive/protein structure datasets/kcat/RCSB PDB/Q9ZAG3.pdb,external_methods/DEKP/structures/public_kcat/AlphaFold/Q9ZAG3.pdb
public_kcat_train,Q9ZBA9,exists,external_methods/DEKP/structures/author_archive/protein structure datasets/kcat/RCSB PDB/Q9ZBA9.pdb,external_methods/DEKP/structures/public_kcat/AlphaFold/Q9ZBA9.pdb
public_kcat_train,Q9ZEU2,exists,external_methods/DEKP/structures/author_archive/protein structure datasets/kcat/RCSB PDB/Q9ZEU2.pdb,external_methods/DEKP/structures/public_kcat/AlphaFold/Q9ZEU2.pdb
public_kcat_train,Q9ZFE7,exists,external_methods/DEKP/structures/author_archive/protein structure datasets/kcat/RCSB PDB/Q9ZFE7.pdb,external_methods/DEKP/structures/public_kcat/AlphaFold/Q9ZFE7.pdb
public_kcat_train,Q9ZHG9,exists,external_methods/DEKP/structures/author_archive/protein structure datasets/kcat/RCSB PDB/Q9ZHG9.pdb,external_methods/DEKP/structures/public_kcat/AlphaFold/Q9ZHG9.pdb
public_kcat_train,Q9ZN55,exists,external_methods/DEKP/structures/author_archive/protein structure datasets/kcat/AlphaFold/Q9ZN55.pdb,external_methods/DEKP/structures/public_kcat/AlphaFold/Q9ZN55.pdb
public_kcat_train,Q9ZPV8,exists,external_methods/DEKP/structures/author_archive/protein structure datasets/kcat/AlphaFold/Q9ZPV8.pdb,external_methods/DEKP/structures/public_kcat/AlphaFold/Q9ZPV8.pdb
public_kcat_train,Q9ZQI7,exists,external_methods/DEKP/structures/author_archive/protein structure datasets/kcat/RCSB PDB/Q9ZQI7.pdb,external_methods/DEKP/structures/public_kcat/AlphaFold/Q9ZQI7.pdb
public_kcat_train,Q9ZSD6,exists,external_methods/DEKP/structures/author_archive/protein structure datasets/Km/AlphaFold/Q9ZSD6.pdb,external_methods/DEKP/structures/public_kcat/AlphaFold/Q9ZSD6.pdb
public_kcat_train,R4NNM3,exists,external_methods/DEKP/structures/author_archive/protein structure datasets/kcat/AlphaFold/R4NNM3.pdb,external_methods/DEKP/structures/public_kcat/AlphaFold/R4NNM3.pdb
public_kcat_train,U3KRF2,exists,external_methods/DEKP/structures/author_archive/protein structure datasets/Km/AlphaFold/U3KRF2.pdb,external_methods/DEKP/structures/public_kcat/AlphaFold/U3KRF2.pdb
public_kcat_train,V5N4G7,exists,external_methods/DEKP/structures/author_archive/protein structure datasets/kcat/AlphaFold/V5N4G7.pdb,external_methods/DEKP/structures/public_kcat/AlphaFold/V5N4G7.pdb
public_kcat_train,V5YW53,exists,external_methods/DEKP/structures/author_archive/protein structure datasets/kcat/AlphaFold/V5YW53.pdb,external_methods/DEKP/structures/public_kcat/AlphaFold/V5YW53.pdb
public_kcat_train,W0TJ64,exists,external_methods/DEKP/structures/author_archive/protein structure datasets/Km/AlphaFold/W0TJ64.pdb,external_methods/DEKP/structures/public_kcat/AlphaFold/W0TJ64.pdb
public_kcat_train,W6AYH3,exists,external_methods/DEKP/structures/author_archive/protein structure datasets/kcat/AlphaFold/W6AYH3.pdb,external_methods/DEKP/structures/public_kcat/AlphaFold/W6AYH3.pdb
public_kcat_train,W8VZ54,exists,external_methods/DEKP/structures/author_archive/protein structure datasets/kcat/AlphaFold/W8VZ54.pdb,external_methods/DEKP/structures/public_kcat/AlphaFold/W8VZ54.pdb
