entry_id,method,is_ready,reason
ecoli|ALATA_D2_num1|g1|ala__D_c,CatPred,True,
ecoli|ALATA_D2_num1|g1|pydx5p_c,CatPred,True,
ecoli|SHCHD2|g1|dscl_c,CatPred,True,
ecoli|SHCHD2|g1|nad_c,CatPred,True,
ecoli|CPPPGO|g1|cpppg3_c,CatPred,True,
ecoli|CPPPGO|g1|h_c,CatPred,True,
ecoli|CPPPGO|g1|o2_c,CatPred,True,
ecoli|GTHOr|g1|gthox_c,CatPred,True,
ecoli|GTHOr|g1|h_c,CatPred,True,
ecoli|GTHOr|g1|nadph_c,CatPred,True,
ecoli|DHORD5|g1|dhor__S_c,CatPred,True,
ecoli|DHORD5|g1|mqn8_c,CatPred,True,
ecoli|GLYCTO2|g1|glyclt_c,CatPred,False,missing_sequence;complex_not_supported_by_default
ecoli|GLYCTO2|g1|q8_c,CatPred,False,missing_sequence;complex_not_supported_by_default
ecoli|GLYCTO3|g1|glyclt_c,CatPred,False,missing_sequence;complex_not_supported_by_default
ecoli|GLYCTO3|g1|mqn8_c,CatPred,False,missing_sequence;complex_not_supported_by_default
ecoli|GLYCTO4|g1|2dmmq8_c,CatPred,False,missing_sequence;complex_not_supported_by_default
ecoli|GLYCTO4|g1|glyclt_c,CatPred,False,missing_sequence;complex_not_supported_by_default
ecoli|PFK_3|g1|atp_c,CatPred,True,
ecoli|PFK_3|g1|s7p_c,CatPred,True,
ecoli|TRPS2|g1|indole_c,CatPred,False,missing_sequence;complex_not_supported_by_default
ecoli|TRPS2|g1|ser__L_c,CatPred,False,missing_sequence;complex_not_supported_by_default
ecoli|G3PD5_num1|g1|glyc3p_c,CatPred,False,missing_sequence;complex_not_supported_by_default
ecoli|G3PD5_num1|g1|q8_c,CatPred,False,missing_sequence;complex_not_supported_by_default
ecoli|LEUTAi_num1|g1|4mop_c,CatPred,True,
ecoli|LEUTAi_num1|g1|glu__L_c,CatPred,True,
ecoli|SHK3Dr|g1|3dhsk_c,CatPred,True,
ecoli|SHK3Dr|g1|h_c,CatPred,True,
ecoli|SHK3Dr|g1|nadph_c,CatPred,True,
ecoli|G5SD|g1|glu5p_c,CatPred,True,
ecoli|G5SD|g1|h_c,CatPred,True,
ecoli|G5SD|g1|nadph_c,CatPred,True,
ecoli|ALATA_L2_num1|g1|ala__L_c,CatPred,True,
ecoli|ALATA_L2_num1|g1|pydx5p_c,CatPred,True,
ecoli|MAN6PI|g1|man6p_c,CatPred,True,
ecoli|APRAUR|g1|5apru_c,CatPred,True,
ecoli|APRAUR|g1|h_c,CatPred,True,
ecoli|APRAUR|g1|nadph_c,CatPred,True,
ecoli|DB4PS|g1|ru5p__D_c,CatPred,True,
ecoli|RBFK|g1|atp_c,CatPred,True,
ecoli|RBFK|g1|ribflv_c,CatPred,True,
ecoli|ACP1_FMN_num1|g1|fmn_c,CatPred,True,
ecoli|ACP1_FMN_num1|g1|h2o_c,CatPred,True,
ecoli|RBFSb|g1|dmlz_c,CatPred,True,
ecoli|DMATT|g1|dmpp_c,CatPred,True,
ecoli|DMATT|g1|ipdp_c,CatPred,True,
ecoli|GRTT|g1|grdp_c,CatPred,True,
ecoli|GRTT|g1|ipdp_c,CatPred,True,
ecoli|UPP3S|g1|hmbil_c,CatPred,True,
ecoli|UPPDC1|g1|h_c,CatPred,True,
ecoli|UPPDC1|g1|uppg3_c,CatPred,True,
ecoli|TMDPP|g1|pi_c,CatPred,True,
ecoli|TMDPP|g1|thymd_c,CatPred,True,
ecoli|HCO3E_num1|g1|co2_c,CatPred,True,
ecoli|HCO3E_num1|g1|h2o_c,CatPred,True,
ecoli|IMPC|g1|h2o_c,CatPred,True,
ecoli|IMPC|g1|imp_c,CatPred,True,
ecoli|IMPD|g1|h2o_c,CatPred,True,
ecoli|IMPD|g1|imp_c,CatPred,True,
ecoli|IMPD|g1|nad_c,CatPred,True,
ecoli|ECOAH4_num1|g1|3hdcoa_c,CatPred,True,
ecoli|GLUTRS|g1|atp_c,CatPred,True,
ecoli|GLUTRS|g1|glu__L_c,CatPred,True,
ecoli|GLUTRS|g1|trnaglu_c,CatPred,False,missing_smiles
ecoli|TMPPP|g1|2mahmp_c,CatPred,True,
ecoli|TMPPP|g1|4mpetz_c,CatPred,True,
ecoli|TMPPP|g1|h_c,CatPred,True,
ecoli|URIK1|g1|atp_c,CatPred,True,
ecoli|URIK1|g1|uri_c,CatPred,True,
ecoli|URIK2|g1|gtp_c,CatPred,True,
ecoli|URIK2|g1|uri_c,CatPred,True,
ecoli|CYTDK1|g1|atp_c,CatPred,True,
ecoli|CYTDK1|g1|cytd_c,CatPred,True,
ecoli|CYTDK2|g1|cytd_c,CatPred,True,
ecoli|CYTDK2|g1|gtp_c,CatPred,True,
ecoli|XPPT|g1|prpp_c,CatPred,True,
ecoli|XPPT|g1|xan_c,CatPred,True,
ecoli|HXPRT_num1|g1|hxan_c,CatPred,True,
ecoli|HXPRT_num1|g1|prpp_c,CatPred,True,
ecoli|NDPK5_num1|g1|atp_c,CatPred,True,
ecoli|NDPK5_num1|g1|dgdp_c,CatPred,True,
ecoli|DHORTS|g1|dhor__S_c,CatPred,True,
ecoli|DHORTS|g1|h2o_c,CatPred,True,
ecoli|OMPDC|g1|h_c,CatPred,True,
ecoli|OMPDC|g1|orot5p_c,CatPred,True,
ecoli|CS|g1|accoa_c,CatPred,True,
ecoli|CS|g1|h2o_c,CatPred,True,
ecoli|CS|g1|oaa_c,CatPred,True,
ecoli|ICDHyr|g1|icit_c,CatPred,True,
ecoli|ICDHyr|g1|nadp_c,CatPred,True,
ecoli|ACALD_num1|g1|acald_c,CatPred,True,
ecoli|ACALD_num1|g1|coa_c,CatPred,True,
ecoli|ACALD_num1|g1|nad_c,CatPred,True,
ecoli|ACS|g1|ac_c,CatPred,True,
ecoli|ACS|g1|atp_c,CatPred,True,
ecoli|ACS|g1|coa_c,CatPred,True,
ecoli|PPA_num1|g1|h2o_c,CatPred,True,
ecoli|PPA_num1|g1|ppi_c,CatPred,True,
ecoli|PPCK|g1|atp_c,CatPred,True,
ecoli|PPCK|g1|oaa_c,CatPred,True,
ecoli|ME1|g1|mal__L_c,CatPred,True,
ecoli|ME1|g1|nad_c,CatPred,True,
ecoli|ALAR_num1|g1|ala__L_c,CatPred,True,
ecoli|ALATA_L_num1|g1|akg_c,CatPred,True,
ecoli|ALATA_L_num1|g1|ala__L_c,CatPred,True,
ecoli|XYLK_num1|g1|atp_c,CatPred,True,
ecoli|XYLK_num1|g1|xylu__D_c,CatPred,True,
ecoli|RBK|g1|atp_c,CatPred,True,
ecoli|RBK|g1|rib__D_c,CatPred,True,
ecoli|GLYK|g1|atp_c,CatPred,True,
ecoli|GLYK|g1|glyc_c,CatPred,True,
ecoli|PPM|g1|r1p_c,CatPred,True,
ecoli|ASPTA_num1|g1|akg_c,CatPred,True,
ecoli|ASPTA_num1|g1|asp__L_c,CatPred,True,
ecoli|FBP_num1|g1|fdp_c,CatPred,True,
ecoli|FBP_num1|g1|h2o_c,CatPred,True,
ecoli|GLGC|g1|atp_c,CatPred,True,
ecoli|GLGC|g1|g1p_c,CatPred,True,
ecoli|GLGC|g1|h_c,CatPred,True,
ecoli|PYK_num1|g1|adp_c,CatPred,True,
ecoli|PYK_num1|g1|h_c,CatPred,True,
ecoli|PYK_num1|g1|pep_c,CatPred,True,
ecoli|A5PISO_num1|g1|ru5p__D_c,CatPred,True,
ecoli|IPPMIb|g1|2ippm_c,CatPred,False,missing_sequence;complex_not_supported_by_default
ecoli|IPPMIb|g1|h2o_c,CatPred,False,missing_sequence;complex_not_supported_by_default
ecoli|ACHBS_num1|g1|2obut_c,CatPred,False,missing_sequence;complex_not_supported_by_default
ecoli|ACHBS_num1|g1|h_c,CatPred,False,missing_sequence;complex_not_supported_by_default
ecoli|ACHBS_num1|g1|pyr_c,CatPred,False,missing_sequence;complex_not_supported_by_default
ecoli|ACLS_num1|g1|h_c,CatPred,False,missing_sequence;complex_not_supported_by_default
ecoli|ACLS_num1|g1|pyr_c,CatPred,False,missing_sequence;complex_not_supported_by_default
ecoli|PSCVT|g1|pep_c,CatPred,True,
ecoli|PSCVT|g1|skm5p_c,CatPred,True,
ecoli|ANS|g1|chor_c,CatPred,False,missing_sequence;complex_not_supported_by_default
ecoli|ANS|g1|gln__L_c,CatPred,False,missing_sequence;complex_not_supported_by_default
ecoli|ANPRT|g1|anth_c,CatPred,True,
ecoli|ANPRT|g1|prpp_c,CatPred,True,
ecoli|CHORM_num1|g1|chor_c,CatPred,True,
ecoli|CHORS|g1|3psme_c,CatPred,True,
ecoli|IGPS|g1|2cpr5p_c,CatPred,True,
ecoli|IGPS|g1|h_c,CatPred,True,
ecoli|ECOAH6_num1|g1|3htdcoa_c,CatPred,True,
ecoli|ENO|g1|2pg_c,CatPred,True,
ecoli|FBA_num1|g1|fdp_c,CatPred,True,
ecoli|MGSA|g1|dhap_c,CatPred,True,
ecoli|PPS|g1|atp_c,CatPred,True,
ecoli|PPS|g1|h2o_c,CatPred,True,
ecoli|PPS|g1|pyr_c,CatPred,True,
ecoli|PGI|g1|g6p_c,CatPred,True,
ecoli|PGK|g1|3pg_c,CatPred,True,
ecoli|PGK|g1|atp_c,CatPred,True,
ecoli|EDA|g1|2ddg6p_c,CatPred,True,
ecoli|PGL|g1|6pgl_c,CatPred,True,
ecoli|PGL|g1|h2o_c,CatPred,True,
ecoli|RPE|g1|ru5p__D_c,CatPred,True,
ecoli|TALA_num1|g1|g3p_c,CatPred,True,
ecoli|TALA_num1|g1|s7p_c,CatPred,True,
ecoli|TKT1_num1|g1|r5p_c,CatPred,True,
ecoli|TKT1_num1|g1|xu5p__D_c,CatPred,True,
ecoli|G6PDA|g1|gam6p_c,CatPred,True,
ecoli|G6PDA|g1|h2o_c,CatPred,True,
ecoli|ALCD2x_num1|g1|etoh_c,CatPred,True,
ecoli|ALCD2x_num1|g1|nad_c,CatPred,True,
ecoli|ALDD2y_num1|g1|acald_c,CatPred,True,
ecoli|ALDD2y_num1|g1|h2o_c,CatPred,True,
ecoli|ALDD2y_num1|g1|nadp_c,CatPred,True,
ecoli|RMI|g1|rmn_c,CatPred,True,
ecoli|FMNAT|g1|atp_c,CatPred,True,
ecoli|FMNAT|g1|fmn_c,CatPred,True,
ecoli|FMNAT|g1|h_c,CatPred,True,
ecoli|NADDP_num1|g1|h2o_c,CatPred,True,
ecoli|NADDP_num1|g1|nad_c,CatPred,True,
ecoli|NMNAT_num1|g1|atp_c,CatPred,True,
ecoli|NMNAT_num1|g1|h_c,CatPred,True,
ecoli|NMNAT_num1|g1|nmn_c,CatPred,True,
ecoli|HMPK1_num1|g1|4ahmmp_c,CatPred,True,
ecoli|HMPK1_num1|g1|atp_c,CatPred,True,
ecoli|NDPK6_num1|g1|atp_c,CatPred,True,
ecoli|NDPK6_num1|g1|dudp_c,CatPred,True,
ecoli|NDPK8_num1|g1|atp_c,CatPred,True,
ecoli|NDPK8_num1|g1|dadp_c,CatPred,True,
ecoli|PYNP2r|g1|pi_c,CatPred,True,
ecoli|PYNP2r|g1|uri_c,CatPred,True,
ecoli|DURIPP_num1|g1|duri_c,CatPred,True,
ecoli|DURIPP_num1|g1|pi_c,CatPred,True,
ecoli|PTRCTA|g1|akg_c,CatPred,True,
ecoli|PTRCTA|g1|ptrc_c,CatPred,True,
ecoli|CYSDS_num1|g1|cys__L_c,CatPred,True,
ecoli|CYSDS_num1|g1|h2o_c,CatPred,True,
ecoli|TRPAS2|g1|h2o_c,CatPred,True,
ecoli|TRPAS2|g1|trp__L_c,CatPred,True,
ecoli|NDP3_num1|g1|gdp_c,CatPred,True,
ecoli|NDP3_num1|g1|h2o_c,CatPred,True,
ecoli|CDPPH|g1|cdp_c,CatPred,True,
ecoli|CDPPH|g1|h2o_c,CatPred,True,
ecoli|NDP7|g1|h2o_c,CatPred,True,
ecoli|NDP7|g1|udp_c,CatPred,True,
ecoli|PMDPHT_num1|g1|5aprbu_c,CatPred,True,
ecoli|PMDPHT_num1|g1|h2o_c,CatPred,True,
ecoli|ILETA|g1|akg_c,CatPred,True,
ecoli|ILETA|g1|ile__L_c,CatPred,True,
ecoli|VALTA|g1|akg_c,CatPred,True,
ecoli|VALTA|g1|val__L_c,CatPred,True,
ecoli|ORPT|g1|orot5p_c,CatPred,True,
ecoli|ORPT|g1|ppi_c,CatPred,True,
ecoli|RBFSa|g1|4r5au_c,CatPred,True,
ecoli|RBFSa|g1|db4p_c,CatPred,True,
ecoli|DHAD2|g1|23dhmp_c,CatPred,True,
ecoli|G1PP_num1|g1|g1p_c,CatPred,True,
ecoli|G1PP_num1|g1|h2o_c,CatPred,True,
ecoli|PFL_num1|g1|coa_c,CatPred,False,missing_sequence;complex_not_supported_by_default
ecoli|PFL_num1|g1|pyr_c,CatPred,False,missing_sequence;complex_not_supported_by_default
ecoli|FRD2|g1|fum_c,CatPred,False,missing_sequence;complex_not_supported_by_default
ecoli|FRD2|g1|mql8_c,CatPred,False,missing_sequence;complex_not_supported_by_default
ecoli|FRD3|g1|2dmmql8_c,CatPred,False,missing_sequence;complex_not_supported_by_default
ecoli|FRD3|g1|fum_c,CatPred,False,missing_sequence;complex_not_supported_by_default
ecoli|POX|g1|h2o_c,CatPred,True,
ecoli|POX|g1|pyr_c,CatPred,True,
ecoli|POX|g1|q8_c,CatPred,True,
ecoli|PTAr_num1|g1|accoa_c,CatPred,True,
ecoli|PTAr_num1|g1|pi_c,CatPred,True,
ecoli|ACKr_num1|g1|ac_c,CatPred,True,
ecoli|ACKr_num1|g1|atp_c,CatPred,True,
ecoli|MOAT|g1|ckdo_c,CatPred,True,
ecoli|MOAT|g1|lipidA_c,CatPred,True,
ecoli|UDCPDPS|g1|frdp_c,CatPred,True,
ecoli|UDCPDPS|g1|ipdp_c,CatPred,True,
ecoli|USHD|g1|h2o_c,CatPred,True,
ecoli|USHD|g1|u23ga_c,CatPred,True,
ecoli|LPADSS|g1|lipidX_c,CatPred,True,
ecoli|LPADSS|g1|u23ga_c,CatPred,True,
ecoli|TDSK|g1|atp_c,CatPred,True,
ecoli|TDSK|g1|lipidAds_c,CatPred,True,
ecoli|NTPP1_num1|g1|dgtp_c,CatPred,True,
ecoli|NTPP1_num1|g1|h2o_c,CatPred,True,
ecoli|NTPP2_num1|g1|gtp_c,CatPred,True,
ecoli|NTPP2_num1|g1|h2o_c,CatPred,True,
ecoli|NTPTP1|g1|dgtp_c,CatPred,True,
ecoli|NTPTP1|g1|h2o_c,CatPred,True,
ecoli|NTPTP2|g1|gtp_c,CatPred,True,
ecoli|NTPTP2|g1|h2o_c,CatPred,True,
ecoli|IPMD_num1|g1|3c2hmp_c,CatPred,True,
ecoli|IPMD_num1|g1|nad_c,CatPred,True,
ecoli|AIRC3|g1|5aizc_c,CatPred,True,
ecoli|ADSL2r|g1|25aics_c,CatPred,True,
ecoli|PUNP5_num1|g1|ins_c,CatPred,True,
ecoli|PUNP5_num1|g1|pi_c,CatPred,True,
ecoli|PUNP6_num1|g1|din_c,CatPred,True,
ecoli|PUNP6_num1|g1|pi_c,CatPred,True,
ecoli|PUNP7|g1|pi_c,CatPred,True,
ecoli|PUNP7|g1|xtsn_c,CatPred,True,
ecoli|RNDR1_num1|g1|adp_c,CatPred,False,missing_sequence;complex_not_supported_by_default
ecoli|RNDR1_num1|g1|trdrd_c,CatPred,False,missing_sequence;complex_not_supported_by_default
ecoli|RNDR3_num1|g1|cdp_c,CatPred,False,missing_sequence;complex_not_supported_by_default
ecoli|RNDR3_num1|g1|trdrd_c,CatPred,False,missing_sequence;complex_not_supported_by_default
ecoli|RNDR4_num1|g1|trdrd_c,CatPred,False,missing_sequence;complex_not_supported_by_default
ecoli|RNDR4_num1|g1|udp_c,CatPred,False,missing_sequence;complex_not_supported_by_default
ecoli|TMDS|g1|dump_c,CatPred,True,
ecoli|TMDS|g1|mlthf_c,CatPred,True,
ecoli|TMDK1|g1|atp_c,CatPred,True,
ecoli|TMDK1|g1|thymd_c,CatPred,True,
ecoli|PPCDC|g1|4ppcys_c,CatPred,True,
ecoli|PPCDC|g1|h_c,CatPred,True,
ecoli|FTHFD|g1|10fthf_c,CatPred,True,
ecoli|FTHFD|g1|h2o_c,CatPred,True,
ecoli|EDD|g1|6pgc_c,CatPred,True,
ecoli|DHQTi|g1|3dhq_c,CatPred,True,
ecoli|PUNP1|g1|adn_c,CatPred,True,
ecoli|PUNP1|g1|pi_c,CatPred,True,
ecoli|PUNP2|g1|dad_2_c,CatPred,True,
ecoli|PUNP2|g1|pi_c,CatPred,True,
ecoli|PUNP3_num1|g1|gsn_c,CatPred,True,
ecoli|PUNP3_num1|g1|pi_c,CatPred,True,
ecoli|LYSAM|g1|lys__L_c,CatPred,True,
ecoli|DHAD1|g1|23dhmb_c,CatPred,True,
ecoli|IPPMIa|g1|3c2hmp_c,CatPred,False,missing_sequence;complex_not_supported_by_default
ecoli|G3PD7|g1|2dmmq8_c,CatPred,False,missing_sequence;complex_not_supported_by_default
ecoli|G3PD7|g1|glyc3p_c,CatPred,False,missing_sequence;complex_not_supported_by_default
ecoli|NADH9_num1|g1|2dmmq8_c,CatPred,True,
ecoli|NADH9_num1|g1|h_c,CatPred,True,
ecoli|NADH9_num1|g1|nadh_c,CatPred,True,
ecoli|NADH10_num1|g1|h_c,CatPred,True,
ecoli|NADH10_num1|g1|mqn8_c,CatPred,True,
ecoli|NADH10_num1|g1|nadh_c,CatPred,True,
ecoli|MDH|g1|mal__L_c,CatPred,True,
ecoli|MDH|g1|nad_c,CatPred,True,
ecoli|FUM_num1|g1|fum_c,CatPred,True,
ecoli|FUM_num1|g1|h2o_c,CatPred,True,
ecoli|PYDXNK|g1|atp_c,CatPred,True,
ecoli|PYDXNK|g1|pydxn_c,CatPred,True,
ecoli|PYAM5PO|g1|h2o_c,CatPred,True,
ecoli|PYAM5PO|g1|o2_c,CatPred,True,
ecoli|PYAM5PO|g1|pyam5p_c,CatPred,True,
ecoli|OHPBAT|g1|glu__L_c,CatPred,True,
ecoli|OHPBAT|g1|ohpb_c,CatPred,True,
ecoli|GLUTRR|g1|glutrna_c,CatPred,False,missing_smiles
ecoli|GLUTRR|g1|h_c,CatPred,True,
ecoli|GLUTRR|g1|nadph_c,CatPred,True,
ecoli|GLCS1|g1|adpglc_c,CatPred,True,
ecoli|GLCP_num1|g1|glycogen_c,CatPred,True,
ecoli|GLCP_num1|g1|pi_c,CatPred,True,
ecoli|HEMEOS|g1|frdp_c,CatPred,True,
ecoli|HEMEOS|g1|h2o_c,CatPred,True,
ecoli|HEMEOS|g1|pheme_c,CatPred,True,
ecoli|ADMDC|g1|amet_c,CatPred,True,
ecoli|ADMDC|g1|h_c,CatPred,True,
ecoli|AGMT|g1|agm_c,CatPred,True,
ecoli|AGMT|g1|h2o_c,CatPred,True,
ecoli|ARGDC|g1|arg__L_c,CatPred,True,
ecoli|ARGDC|g1|h_c,CatPred,True,
ecoli|ARGSS|g1|asp__L_c,CatPred,True,
ecoli|ARGSS|g1|atp_c,CatPred,True,
ecoli|ARGSS|g1|citr__L_c,CatPred,True,
ecoli|AGPR|g1|acg5sa_c,CatPred,True,
ecoli|AGPR|g1|nadp_c,CatPred,True,
ecoli|AGPR|g1|pi_c,CatPred,True,
ecoli|SPMS|g1|ametam_c,CatPred,True,
ecoli|SPMS|g1|ptrc_c,CatPred,True,
ecoli|G1SAT|g1|glu1sa_c,CatPred,True,
ecoli|KDOCT2|g1|ctp_c,CatPred,True,
ecoli|KDOCT2|g1|kdo_c,CatPred,True,
ecoli|OAADC|g1|h_c,CatPred,True,
ecoli|OAADC|g1|oaa_c,CatPred,True,
ecoli|MNNH|g1|mana_c,CatPred,True,
ecoli|ALTRH|g1|altrn_c,CatPred,True,
ecoli|GUI1|g1|glcur_c,CatPred,True,
ecoli|PGAMT|g1|gam1p_c,CatPred,True,
ecoli|UAGDP|g1|acgam1p_c,CatPred,True,
ecoli|UAGDP|g1|h_c,CatPred,True,
ecoli|UAGDP|g1|utp_c,CatPred,True,
ecoli|UAGCVT|g1|pep_c,CatPred,True,
ecoli|UAGCVT|g1|uacgam_c,CatPred,True,
ecoli|GLUR|g1|glu__D_c,CatPred,True,
ecoli|UAG2E|g1|uacgam_c,CatPred,True,
ecoli|MACPD|g1|h_c,CatPred,True,
ecoli|MACPD|g1|malACP_c,CatPred,True,
ecoli|DMQMT|g1|2omhmbl_c,CatPred,True,
ecoli|DMQMT|g1|amet_c,CatPred,True,
ecoli|ICHORS_copy1|g1|chor_c,CatPred,True,
ecoli|HACD5_num1|g1|3oddcoa_c,CatPred,True,
ecoli|HACD5_num1|g1|h_c,CatPred,True,
ecoli|HACD5_num1|g1|nadh_c,CatPred,True,
ecoli|HPPK2|g1|6hmhpt_c,CatPred,True,
ecoli|HPPK2|g1|atp_c,CatPred,True,
ecoli|PTPATi|g1|atp_c,CatPred,True,
ecoli|PTPATi|g1|h_c,CatPred,True,
ecoli|PTPATi|g1|pan4p_c,CatPred,True,
ecoli|HEX7|g1|atp_c,CatPred,True,
ecoli|HEX7|g1|fru_c,CatPred,True,
ecoli|DXPRIi|g1|dxyl5p_c,CatPred,True,
ecoli|DXPRIi|g1|h_c,CatPred,True,
ecoli|DXPRIi|g1|nadph_c,CatPred,True,
ecoli|OPHBDC|g1|3ophb_c,CatPred,True,
ecoli|OPHBDC|g1|h_c,CatPred,True,
ecoli|OHPHM|g1|2ohph_c,CatPred,True,
ecoli|OHPHM|g1|amet_c,CatPred,True,
ecoli|GHMT2r|g1|ser__L_c,CatPred,True,
ecoli|GHMT2r|g1|thf_c,CatPred,True,
ecoli|DHORD2|g1|dhor__S_c,CatPred,True,
ecoli|DHORD2|g1|q8_c,CatPred,True,
ecoli|ADK4|g1|amp_c,CatPred,True,
ecoli|ADK4|g1|itp_c,CatPred,True,
ecoli|INSK|g1|atp_c,CatPred,True,
ecoli|INSK|g1|ins_c,CatPred,True,
ecoli|ABTA_num1|g1|4abut_c,CatPred,True,
ecoli|ABTA_num1|g1|akg_c,CatPred,True,
ecoli|SSALx|g1|h2o_c,CatPred,True,
ecoli|SSALx|g1|nad_c,CatPred,True,
ecoli|SSALx|g1|sucsal_c,CatPred,True,
ecoli|ASPT|g1|asp__L_c,CatPred,True,
ecoli|SERD_L_num1|g1|ser__L_c,CatPred,True,
ecoli|THRD_num1|g1|nad_c,CatPred,True,
ecoli|THRD_num1|g1|thr__L_c,CatPred,True,
ecoli|KARA1|g1|23dhmb_c,CatPred,True,
ecoli|KARA1|g1|nadp_c,CatPred,True,
ecoli|KARA2|g1|2ahbut_c,CatPred,True,
ecoli|KARA2|g1|h_c,CatPred,True,
ecoli|KARA2|g1|nadph_c,CatPred,True,
ecoli|ACCOAC|g1|accoa_c,CatPred,False,missing_sequence;complex_not_supported_by_default
ecoli|ACCOAC|g1|atp_c,CatPred,False,missing_sequence;complex_not_supported_by_default
ecoli|ACCOAC|g1|hco3_c,CatPred,False,missing_sequence;complex_not_supported_by_default
ecoli|NADK|g1|atp_c,CatPred,True,
ecoli|NADK|g1|nad_c,CatPred,True,
ecoli|ICHORS_copy2|g1|chor_c,CatPred,True,
ecoli|SUCBZS|g1|2shchc_c,CatPred,True,
ecoli|DHBD|g1|23ddhb_c,CatPred,True,
ecoli|DHBD|g1|nad_c,CatPred,True,
ecoli|ICHORT|g1|h2o_c,CatPred,True,
ecoli|ICHORT|g1|ichor_c,CatPred,True,
ecoli|RBK_L1|g1|atp_c,CatPred,True,
ecoli|RBK_L1|g1|rbl__L_c,CatPred,True,
ecoli|RBP4E_num1|g1|ru5p__L_c,CatPred,True,
ecoli|NTD2_num1|g1|h2o_c,CatPred,True,
ecoli|NTD2_num1|g1|ump_c,CatPred,True,
ecoli|NTD4_num1|g1|cmp_c,CatPred,True,
ecoli|NTD4_num1|g1|h2o_c,CatPred,True,
ecoli|NTD5_num1|g1|dtmp_c,CatPred,True,
ecoli|NTD5_num1|g1|h2o_c,CatPred,True,
ecoli|NTD6_num1|g1|damp_c,CatPred,True,
ecoli|NTD6_num1|g1|h2o_c,CatPred,True,
ecoli|LGTHL|g1|gthrd_c,CatPred,True,
ecoli|LGTHL|g1|mthgxl_c,CatPred,True,
ecoli|PYDXPP_num1|g1|h2o_c,CatPred,True,
ecoli|PYDXPP_num1|g1|pydx5p_c,CatPred,True,
ecoli|PDXPP|g1|h2o_c,CatPred,True,
ecoli|PDXPP|g1|pdx5p_c,CatPred,True,
ecoli|HACD6_num1|g1|3otdcoa_c,CatPred,True,
ecoli|HACD6_num1|g1|h_c,CatPred,True,
ecoli|HACD6_num1|g1|nadh_c,CatPred,True,
ecoli|ECOAH1_num1|g1|3hbcoa_c,CatPred,True,
ecoli|ECOAH2_num1|g1|3hhcoa_c,CatPred,True,
ecoli|ECOAH3_num1|g1|3hocoa_c,CatPred,True,
ecoli|UGLT|g1|gal1p_c,CatPred,True,
ecoli|UGLT|g1|udpg_c,CatPred,True,
ecoli|DXPS|g1|g3p_c,CatPred,True,
ecoli|DXPS|g1|h_c,CatPred,True,
ecoli|DXPS|g1|pyr_c,CatPred,True,
ecoli|CDPMEK|g1|4c2me_c,CatPred,True,
ecoli|CDPMEK|g1|atp_c,CatPred,True,
ecoli|MECDPS|g1|2p4c2me_c,CatPred,True,
ecoli|DDGLK|g1|2ddglcn_c,CatPred,True,
ecoli|DDGLK|g1|atp_c,CatPred,True,
ecoli|XYLI2|g1|glc__D_c,CatPred,True,
ecoli|PMANM|g1|man1p_c,CatPred,True,
ecoli|ICL|g1|icit_c,CatPred,True,
ecoli|GLYCL|g1|gly_c,CatPred,False,missing_sequence;complex_not_supported_by_default
ecoli|GLYCL|g1|nad_c,CatPred,False,missing_sequence;complex_not_supported_by_default
ecoli|GLYCL|g1|thf_c,CatPred,False,missing_sequence;complex_not_supported_by_default
ecoli|HCYSMT|g1|amet_c,CatPred,True,
ecoli|HCYSMT|g1|hcys__L_c,CatPred,True,
ecoli|UDPG4E|g1|udpg_c,CatPred,True,
ecoli|LACZ|g1|h2o_c,CatPred,True,
ecoli|LACZ|g1|lcts_c,CatPred,True,
ecoli|TRE6PH|g1|h2o_c,CatPred,True,
ecoli|TRE6PH|g1|tre6p_c,CatPred,True,
ecoli|XYLI1|g1|xyl__D_c,CatPred,True,
ecoli|PPC|g1|co2_c,CatPred,True,
ecoli|PPC|g1|h2o_c,CatPred,True,
ecoli|PPC|g1|pep_c,CatPred,True,
ecoli|G3PT_num1|g1|glyc3p_c,CatPred,True,
ecoli|G3PT_num1|g1|h2o_c,CatPred,True,
ecoli|CINNDO|g1|cinnm_c,CatPred,False,missing_sequence;complex_not_supported_by_default
ecoli|CINNDO|g1|h_c,CatPred,False,missing_sequence;complex_not_supported_by_default
ecoli|CINNDO|g1|nadh_c,CatPred,False,missing_sequence;complex_not_supported_by_default
ecoli|CINNDO|g1|o2_c,CatPred,False,missing_sequence;complex_not_supported_by_default
ecoli|DHPPD|g1|cechddd_c,CatPred,True,
ecoli|DHPPD|g1|nad_c,CatPred,True,
ecoli|DHCIND|g1|cenchddd_c,CatPred,True,
ecoli|DHCIND|g1|nad_c,CatPred,True,
ecoli|CITL|g1|cit_c,CatPred,False,missing_sequence;complex_not_supported_by_default
ecoli|GOFUCR|g1|gdpofuc_c,CatPred,True,
ecoli|GOFUCR|g1|h_c,CatPred,True,
ecoli|GOFUCR|g1|nadph_c,CatPred,True,
ecoli|PYDXK_num1|g1|atp_c,CatPred,True,
ecoli|PYDXK_num1|g1|pydx_c,CatPred,True,
ecoli|GTPCII2|g1|gtp_c,CatPred,True,
ecoli|GTPCII2|g1|h2o_c,CatPred,True,
ecoli|SADT2|g1|atp_c,CatPred,False,missing_sequence;complex_not_supported_by_default
ecoli|SADT2|g1|gtp_c,CatPred,False,missing_sequence;complex_not_supported_by_default
ecoli|SADT2|g1|h2o_c,CatPred,False,missing_sequence;complex_not_supported_by_default
ecoli|SADT2|g1|so4_c,CatPred,False,missing_sequence;complex_not_supported_by_default
ecoli|LCARS|g1|h_c,CatPred,True,
ecoli|LCARS|g1|lald__L_c,CatPred,True,
ecoli|LCARS|g1|nadh_c,CatPred,True,
ecoli|ALCD19_num1|g1|glyald_c,CatPred,True,
ecoli|ALCD19_num1|g1|h_c,CatPred,True,
ecoli|ALCD19_num1|g1|nadh_c,CatPred,True,
ecoli|RMPA|g1|rml1p_c,CatPred,True,
ecoli|SBTPD|g1|nad_c,CatPred,True,
ecoli|SBTPD|g1|sbt6p_c,CatPred,True,
ecoli|PFK_2|g1|atp_c,CatPred,True,
ecoli|PFK_2|g1|tag6p__D_c,CatPred,True,
ecoli|GLTPD|g1|galt1p_c,CatPred,True,
ecoli|GLTPD|g1|nad_c,CatPred,True,
ecoli|TGBPA_num1|g1|tagdp__D_c,CatPred,False,missing_sequence;complex_not_supported_by_default
ecoli|MANAO|g1|mana_c,CatPred,True,
ecoli|MANAO|g1|nad_c,CatPred,True,
ecoli|TAGURr|g1|altrn_c,CatPred,True,
ecoli|TAGURr|g1|nad_c,CatPred,True,
ecoli|PGLYCP|g1|2pglyc_c,CatPred,True,
ecoli|PGLYCP|g1|h2o_c,CatPred,True,
ecoli|GLXCL|g1|glx_c,CatPred,True,
ecoli|GLXCL|g1|h_c,CatPred,True,
ecoli|TARTD|g1|tartr__L_c,CatPred,False,missing_sequence;complex_not_supported_by_default
ecoli|GLCRAL|g1|5dh4dglc_c,CatPred,True,
ecoli|KAS14_num1|g1|acACP_c,CatPred,True,
ecoli|KAS14_num1|g1|h_c,CatPred,True,
ecoli|KAS14_num1|g1|malACP_c,CatPred,True,
ecoli|EDTXS1|g1|ddcaACP_c,CatPred,False,missing_smiles
ecoli|EDTXS1|g1|kdo2lipid4_c,CatPred,True,
ecoli|EDTXS2|g1|kdo2lipid4L_c,CatPred,True,
ecoli|EDTXS2|g1|myrsACP_c,CatPred,True,
ecoli|EDTXS3|g1|hdeACP_c,CatPred,False,missing_smiles
ecoli|EDTXS3|g1|kdo2lipid4_c,CatPred,True,
ecoli|EDTXS4|g1|kdo2lipid4p_c,CatPred,True,
ecoli|EDTXS4|g1|myrsACP_c,CatPred,True,
ecoli|NNDPR|g1|h_c,CatPred,True,
ecoli|NNDPR|g1|prpp_c,CatPred,True,
ecoli|NNDPR|g1|quln_c,CatPred,True,
ecoli|HACD4_num1|g1|3odcoa_c,CatPred,True,
ecoli|HACD4_num1|g1|h_c,CatPred,True,
ecoli|HACD4_num1|g1|nadh_c,CatPred,True,
ecoli|HACD7_num1|g1|3ohdcoa_c,CatPred,True,
ecoli|HACD7_num1|g1|h_c,CatPred,True,
ecoli|HACD7_num1|g1|nadh_c,CatPred,True,
ecoli|AACPS1|g1|ACP_c,CatPred,False,missing_sequence;complex_not_supported_by_default
ecoli|AACPS1|g1|atp_c,CatPred,False,missing_sequence;complex_not_supported_by_default
ecoli|AACPS1|g1|ttdca_c,CatPred,False,missing_sequence;complex_not_supported_by_default
ecoli|SDPDS|g1|h2o_c,CatPred,True,
ecoli|SDPDS|g1|sl26da_c,CatPred,True,
ecoli|DMSOR1_num1|g1|dmso_c,CatPred,False,missing_sequence;complex_not_supported_by_default
ecoli|DMSOR1_num1|g1|mql8_c,CatPred,False,missing_sequence;complex_not_supported_by_default
ecoli|DKGLCNR2y|g1|25dkglcn_c,CatPred,True,
ecoli|DKGLCNR2y|g1|h_c,CatPred,True,
ecoli|DKGLCNR2y|g1|nadph_c,CatPred,True,
ecoli|2DGULRy|g1|2dhguln_c,CatPred,True,
ecoli|2DGULRy|g1|h_c,CatPred,True,
ecoli|2DGULRy|g1|nadph_c,CatPred,True,
ecoli|RZ5PP|g1|5prdmbz_c,CatPred,True,
ecoli|RZ5PP|g1|h2o_c,CatPred,True,
ecoli|NTD9_num1|g1|gmp_c,CatPred,True,
ecoli|NTD9_num1|g1|h2o_c,CatPred,True,
ecoli|NTD10|g1|h2o_c,CatPred,True,
ecoli|NTD10|g1|xmp_c,CatPred,True,
ecoli|ADPT|g1|ade_c,CatPred,True,
ecoli|ADPT|g1|prpp_c,CatPred,True,
ecoli|ADK1|g1|amp_c,CatPred,True,
ecoli|ADK1|g1|atp_c,CatPred,True,
ecoli|OCTDPS|g1|frdp_c,CatPred,True,
ecoli|OCTDPS|g1|ipdp_c,CatPred,True,
ecoli|AACPS2|g1|ACP_c,CatPred,False,missing_sequence;complex_not_supported_by_default
ecoli|AACPS2|g1|atp_c,CatPred,False,missing_sequence;complex_not_supported_by_default
ecoli|AACPS2|g1|ttdcea_c,CatPred,False,missing_sequence;complex_not_supported_by_default
ecoli|AACPS3|g1|ACP_c,CatPred,False,missing_sequence;complex_not_supported_by_default
ecoli|AACPS3|g1|atp_c,CatPred,False,missing_sequence;complex_not_supported_by_default
ecoli|AACPS3|g1|hdca_c,CatPred,False,missing_sequence;complex_not_supported_by_default
ecoli|AACPS4|g1|ACP_c,CatPred,False,missing_sequence;complex_not_supported_by_default
ecoli|AACPS4|g1|atp_c,CatPred,False,missing_sequence;complex_not_supported_by_default
ecoli|AACPS4|g1|hdcea_c,CatPred,False,missing_sequence;complex_not_supported_by_default
ecoli|AMANK|g1|acmana_c,CatPred,True,
ecoli|AMANK|g1|atp_c,CatPred,True,
ecoli|ACNML|g1|acnam_c,CatPred,True,
ecoli|CAT_num1|g1|h2o2_c,CatPred,True,
ecoli|SERASr|g1|atp_c,CatPred,True,
ecoli|SERASr|g1|h_c,CatPred,True,
ecoli|SERASr|g1|ser__L_c,CatPred,True,
ecoli|DMSOR2|g1|2dmmql8_c,CatPred,False,missing_sequence;complex_not_supported_by_default
ecoli|DMSOR2|g1|dmso_c,CatPred,False,missing_sequence;complex_not_supported_by_default
ecoli|ACMAMUT|g1|uacmamu_c,CatPred,True,
ecoli|ACMAMUT|g1|unaga_c,CatPred,True,
ecoli|DDGALK|g1|2dh3dgal_c,CatPred,True,
ecoli|DDGALK|g1|atp_c,CatPred,True,
ecoli|AB6PGH_num1|g1|arbt6p_c,CatPred,True,
ecoli|AB6PGH_num1|g1|h2o_c,CatPred,True,
ecoli|AMALT1|g1|malt_c,CatPred,True,
ecoli|AMALT1|g1|malttr_c,CatPred,True,
ecoli|MLTP2|g1|malthx_c,CatPred,True,
ecoli|MLTP2|g1|pi_c,CatPred,True,
ecoli|PACCOAL|g1|atp_c,CatPred,True,
ecoli|PACCOAL|g1|coa_c,CatPred,True,
ecoli|PACCOAL|g1|pac_c,CatPred,True,
ecoli|GP4GH|g1|gp4g_c,CatPred,True,
ecoli|GP4GH|g1|h2o_c,CatPred,True,
ecoli|ACGAMT|g1|uacgam_c,CatPred,True,
ecoli|ACGAMT|g1|udcpp_c,CatPred,True,
ecoli|AADDGT|g1|dtdp4aaddg_c,CatPred,True,
ecoli|AADDGT|g1|unagamu_c,CatPred,True,
ecoli|GMHEPK|g1|atp_c,CatPred,True,
ecoli|GMHEPK|g1|gmhep7p_c,CatPred,True,
ecoli|TRE6PS|g1|g6p_c,CatPred,True,
ecoli|TRE6PS|g1|udpg_c,CatPred,True,
ecoli|UDCPDP_num1|g1|h2o_c,CatPred,True,
ecoli|UDCPDP_num1|g1|udcpdp_c,CatPred,True,
ecoli|TREH|g1|h2o_c,CatPred,True,
ecoli|TREH|g1|tre_c,CatPred,True,
ecoli|CYTK1|g1|atp_c,CatPred,True,
ecoli|CYTK1|g1|cmp_c,CatPred,True,
ecoli|CYTK2|g1|atp_c,CatPred,True,
ecoli|CYTK2|g1|dcmp_c,CatPred,True,
ecoli|GK1|g1|atp_c,CatPred,True,
ecoli|GK1|g1|gmp_c,CatPred,True,
ecoli|HACD1_num1|g1|aacoa_c,CatPred,True,
ecoli|HACD1_num1|g1|h_c,CatPred,True,
ecoli|HACD1_num1|g1|nadh_c,CatPred,True,
ecoli|HACD2_num1|g1|3ohcoa_c,CatPred,True,
ecoli|HACD2_num1|g1|h_c,CatPred,True,
ecoli|HACD2_num1|g1|nadh_c,CatPred,True,
ecoli|ACACCT_num1|g1|acac_c,CatPred,False,missing_sequence;complex_not_supported_by_default
ecoli|ACACCT_num1|g1|accoa_c,CatPred,False,missing_sequence;complex_not_supported_by_default
ecoli|BUTCT|g1|accoa_c,CatPred,False,missing_sequence;complex_not_supported_by_default
ecoli|BUTCT|g1|but_c,CatPred,False,missing_sequence;complex_not_supported_by_default
ecoli|2DGULRx|g1|2dhguln_c,CatPred,True,
ecoli|2DGULRx|g1|h_c,CatPred,True,
ecoli|2DGULRx|g1|nadh_c,CatPred,True,
ecoli|G1PTT_num1|g1|dttp_c,CatPred,True,
ecoli|G1PTT_num1|g1|g1p_c,CatPred,True,
ecoli|G1PTT_num1|g1|h_c,CatPred,True,
ecoli|TDPGDH_num1|g1|dtdpglu_c,CatPred,True,
ecoli|UDPGALM|g1|udpgal_c,CatPred,True,
ecoli|TDPDRE|g1|dtdp4d6dg_c,CatPred,True,
ecoli|TDPDRR|g1|dtdp4d6dm_c,CatPred,True,
ecoli|TDPDRR|g1|h_c,CatPred,True,
ecoli|TDPDRR|g1|nadph_c,CatPred,True,
ecoli|G3PD6|g1|glyc3p_c,CatPred,False,missing_sequence;complex_not_supported_by_default
ecoli|G3PD6|g1|mqn8_c,CatPred,False,missing_sequence;complex_not_supported_by_default
ecoli|ALLTN|g1|alltn_c,CatPred,True,
ecoli|ALLTN|g1|h2o_c,CatPred,True,
ecoli|UAPGR|g1|h_c,CatPred,True,
ecoli|UAPGR|g1|nadph_c,CatPred,True,
ecoli|UAPGR|g1|uaccg_c,CatPred,True,
ecoli|NDPK7_num1|g1|atp_c,CatPred,True,
ecoli|NDPK7_num1|g1|dcdp_c,CatPred,True,
ecoli|AOBUTDs|g1|2aobut_c,CatPred,False,missing_sequence
ecoli|AOBUTDs|g1|h_c,CatPred,False,missing_sequence
ecoli|GLYAT|g1|accoa_c,CatPred,True,
ecoli|GLYAT|g1|gly_c,CatPred,True,
ecoli|ADNUC|g1|adn_c,CatPred,True,
ecoli|ADNUC|g1|h2o_c,CatPred,True,
ecoli|GMHEPPA|g1|gmhep17bp_c,CatPred,True,
ecoli|GMHEPPA|g1|h2o_c,CatPred,True,
ecoli|S7PI|g1|s7p_c,CatPred,True,
ecoli|TRPS3|g1|3ig3p_c,CatPred,False,missing_sequence;complex_not_supported_by_default
ecoli|CRNBTCT|g1|bbtcoa_c,CatPred,True,
ecoli|CRNBTCT|g1|crn_c,CatPred,True,
ecoli|CRNCBCT|g1|crn_c,CatPred,True,
ecoli|CRNCBCT|g1|ctbtcoa_c,CatPred,True,
ecoli|CRNCDH|g1|crncoa_c,CatPred,True,
ecoli|FADRx|g1|fad_c,CatPred,True,
ecoli|FADRx|g1|h_c,CatPred,True,
ecoli|FADRx|g1|nadh_c,CatPred,True,
ecoli|GTPDPK|g1|atp_c,CatPred,True,
ecoli|GTPDPK|g1|gtp_c,CatPred,True,
ecoli|NDPK2_num1|g1|atp_c,CatPred,True,
ecoli|NDPK2_num1|g1|udp_c,CatPred,True,
ecoli|NDPK3_num1|g1|atp_c,CatPred,True,
ecoli|NDPK3_num1|g1|cdp_c,CatPred,True,
ecoli|NDPK4_num1|g1|atp_c,CatPred,True,
ecoli|NDPK4_num1|g1|dtdp_c,CatPred,True,
ecoli|FCLT_num1|g1|fe2_c,CatPred,True,
ecoli|FCLT_num1|g1|ppp9_c,CatPred,True,
ecoli|HBZOPT|g1|4hbz_c,CatPred,True,
ecoli|HBZOPT|g1|octdp_c,CatPred,True,
ecoli|PNTK|g1|atp_c,CatPred,True,
ecoli|PNTK|g1|pnto__R_c,CatPred,True,
ecoli|DPCOAK|g1|atp_c,CatPred,True,
ecoli|DPCOAK|g1|dpcoa_c,CatPred,True,
ecoli|HETZK|g1|4mhetz_c,CatPred,True,
ecoli|HETZK|g1|atp_c,CatPred,True,
ecoli|KDOPS|g1|ara5p_c,CatPred,True,
ecoli|KDOPS|g1|h2o_c,CatPred,True,
ecoli|KDOPS|g1|pep_c,CatPred,True,
ecoli|KDOPP|g1|h2o_c,CatPred,True,
ecoli|KDOPP|g1|kdo8p_c,CatPred,True,
ecoli|AST|g1|arg__L_c,CatPred,True,
ecoli|AST|g1|succoa_c,CatPred,True,
ecoli|SGDS|g1|h2o_c,CatPred,True,
ecoli|SGDS|g1|sucglu_c,CatPred,True,
ecoli|CYNTAH|g1|cynt_c,CatPred,True,
ecoli|CYNTAH|g1|h_c,CatPred,True,
ecoli|CYNTAH|g1|hco3_c,CatPred,True,
ecoli|GSPMDA|g1|gtspmd_c,CatPred,True,
ecoli|GSPMDA|g1|h2o_c,CatPred,True,
ecoli|GSPMDS|g1|atp_c,CatPred,True,
ecoli|GSPMDS|g1|gthrd_c,CatPred,True,
ecoli|GSPMDS|g1|spmd_c,CatPred,True,
ecoli|GUAD|g1|gua_c,CatPred,True,
ecoli|GUAD|g1|h2o_c,CatPred,True,
ecoli|GUAD|g1|h_c,CatPred,True,
ecoli|TMAOR1_num1|g1|h_c,CatPred,False,missing_sequence;complex_not_supported_by_default
ecoli|TMAOR1_num1|g1|mql8_c,CatPred,False,missing_sequence;complex_not_supported_by_default
ecoli|TMAOR1_num1|g1|tmao_c,CatPred,False,missing_sequence;complex_not_supported_by_default
ecoli|TMAOR2|g1|2dmmql8_c,CatPred,False,missing_sequence;complex_not_supported_by_default
ecoli|TMAOR2|g1|h_c,CatPred,False,missing_sequence;complex_not_supported_by_default
ecoli|TMAOR2|g1|tmao_c,CatPred,False,missing_sequence;complex_not_supported_by_default
ecoli|DGK1|g1|atp_c,CatPred,True,
ecoli|DGK1|g1|dgmp_c,CatPred,True,
ecoli|DTMPK|g1|atp_c,CatPred,True,
ecoli|DTMPK|g1|dtmp_c,CatPred,True,
ecoli|NDPK1_num1|g1|atp_c,CatPred,True,
ecoli|NDPK1_num1|g1|gdp_c,CatPred,True,
ecoli|TRDR_num1|g1|h_c,CatPred,False,missing_sequence;complex_not_supported_by_default
ecoli|TRDR_num1|g1|nadph_c,CatPred,False,missing_sequence;complex_not_supported_by_default
ecoli|TRDR_num1|g1|trdox_c,CatPred,False,missing_sequence;complex_not_supported_by_default
ecoli|PGMT_num1|g1|g1p_c,CatPred,True,
ecoli|FRUK|g1|atp_c,CatPred,True,
ecoli|FRUK|g1|f1p_c,CatPred,True,
ecoli|RHCCE|g1|rhcys_c,CatPred,True,
ecoli|KG6PDC_num1|g1|3dhgulnp_c,CatPred,True,
ecoli|KG6PDC_num1|g1|h_c,CatPred,True,
ecoli|X5PL3E_num1|g1|xu5p__L_c,CatPred,True,
ecoli|DOGULNR|g1|23doguln_c,CatPred,True,
ecoli|DOGULNR|g1|h_c,CatPred,True,
ecoli|DOGULNR|g1|nadh_c,CatPred,True,
ecoli|BETALDHx|g1|betald_c,CatPred,True,
ecoli|BETALDHx|g1|h2o_c,CatPred,True,
ecoli|BETALDHx|g1|nad_c,CatPred,True,
ecoli|BETALDHy|g1|betald_c,CatPred,True,
ecoli|BETALDHy|g1|h2o_c,CatPred,True,
ecoli|BETALDHy|g1|nadp_c,CatPred,True,
ecoli|MLTG3|g1|h2o_c,CatPred,True,
ecoli|MLTG3|g1|maltpt_c,CatPred,True,
ecoli|DKGLCNR1_num1|g1|25dkglcn_c,CatPred,True,
ecoli|DKGLCNR1_num1|g1|h_c,CatPred,True,
ecoli|DKGLCNR1_num1|g1|nadph_c,CatPred,True,
ecoli|NADTRHD|g1|nad_c,CatPred,True,
ecoli|NADTRHD|g1|nadph_c,CatPred,True,
ecoli|FMNRx2_num1|g1|fmn_c,CatPred,True,
ecoli|FMNRx2_num1|g1|h_c,CatPred,True,
ecoli|FMNRx2_num1|g1|nadph_c,CatPred,True,
ecoli|ACPS1_num1|g1|apoACP_c,CatPred,False,missing_smiles
ecoli|ACPS1_num1|g1|coa_c,CatPred,True,
ecoli|GMPS2|g1|atp_c,CatPred,True,
ecoli|GMPS2|g1|gln__L_c,CatPred,True,
ecoli|GMPS2|g1|h2o_c,CatPred,True,
ecoli|GMPS2|g1|xmp_c,CatPred,True,
ecoli|AMPN|g1|amp_c,CatPred,True,
ecoli|AMPN|g1|h2o_c,CatPred,True,
ecoli|GSNK|g1|atp_c,CatPred,True,
ecoli|GSNK|g1|gsn_c,CatPred,True,
ecoli|ADCS|g1|chor_c,CatPred,False,missing_sequence;complex_not_supported_by_default
ecoli|ADCS|g1|gln__L_c,CatPred,False,missing_sequence;complex_not_supported_by_default
ecoli|ADCL_num1|g1|4adcho_c,CatPred,True,
ecoli|DHAPT|g1|dha_c,CatPred,False,missing_sequence;complex_not_supported_by_default
ecoli|DHAPT|g1|pep_c,CatPred,False,missing_sequence;complex_not_supported_by_default
ecoli|UMPK_num1|g1|atp_c,CatPred,True,
ecoli|UMPK_num1|g1|ump_c,CatPred,True,
ecoli|DDPGALA|g1|2dh3dgal6p_c,CatPred,True,
ecoli|DURIK1|g1|atp_c,CatPred,True,
ecoli|DURIK1|g1|duri_c,CatPred,True,
ecoli|UPPRT|g1|prpp_c,CatPred,True,
ecoli|UPPRT|g1|ura_c,CatPred,True,
ecoli|CTPS2|g1|atp_c,CatPred,True,
ecoli|CTPS2|g1|gln__L_c,CatPred,True,
ecoli|CTPS2|g1|h2o_c,CatPred,True,
ecoli|CTPS2|g1|utp_c,CatPred,True,
ecoli|NTD1_num1|g1|dump_c,CatPred,True,
ecoli|NTD1_num1|g1|h2o_c,CatPred,True,
ecoli|NTD7_num1|g1|amp_c,CatPred,True,
ecoli|NTD7_num1|g1|h2o_c,CatPred,True,
ecoli|PAPPT3|g1|udcpp_c,CatPred,True,
ecoli|PAPPT3|g1|ugmda_c,CatPred,True,
ecoli|UAGPT3|g1|uacgam_c,CatPred,True,
ecoli|UAGPT3|g1|uagmda_c,CatPred,True,
ecoli|F6PA_num1|g1|f6p_c,CatPred,True,
ecoli|AGMHE|g1|adphep_DD_c,CatPred,True,
ecoli|GMHEPAT|g1|atp_c,CatPred,True,
ecoli|GMHEPAT|g1|gmhep1p_c,CatPred,True,
ecoli|GMHEPAT|g1|h_c,CatPred,True,
ecoli|IDOND|g1|5dglcn_c,CatPred,True,
ecoli|IDOND|g1|h_c,CatPred,True,
ecoli|IDOND|g1|nadh_c,CatPred,True,
ecoli|IDOND2|g1|5dglcn_c,CatPred,True,
ecoli|IDOND2|g1|h_c,CatPred,True,
ecoli|IDOND2|g1|nadph_c,CatPred,True,
ecoli|GLYCLTDx_num1|g1|glx_c,CatPred,True,
ecoli|GLYCLTDx_num1|g1|h_c,CatPred,True,
ecoli|GLYCLTDx_num1|g1|nadh_c,CatPred,True,
ecoli|HPYRRy_num1|g1|h_c,CatPred,True,
ecoli|HPYRRy_num1|g1|hpyr_c,CatPred,True,
ecoli|HPYRRy_num1|g1|nadph_c,CatPred,True,
ecoli|ACODA|g1|acorn_c,CatPred,True,
ecoli|ACODA|g1|h2o_c,CatPred,True,
ecoli|ADA|g1|adn_c,CatPred,True,
ecoli|ADA|g1|h2o_c,CatPred,True,
ecoli|ADA|g1|h_c,CatPred,True,
ecoli|DADA|g1|dad_2_c,CatPred,True,
ecoli|DADA|g1|h2o_c,CatPred,True,
ecoli|DADA|g1|h_c,CatPred,True,
ecoli|ADD|g1|ade_c,CatPred,True,
ecoli|ADD|g1|h2o_c,CatPred,True,
ecoli|ADD|g1|h_c,CatPred,True,
ecoli|ADSS|g1|asp__L_c,CatPred,True,
ecoli|ADSS|g1|gtp_c,CatPred,True,
ecoli|ADSS|g1|imp_c,CatPred,True,
ecoli|AGDC|g1|acgam6p_c,CatPred,True,
ecoli|AGDC|g1|h2o_c,CatPred,True,
ecoli|ASNN_num1|g1|asn__L_c,CatPred,True,
ecoli|ASNN_num1|g1|h2o_c,CatPred,True,
ecoli|ASNS2_num1|g1|asp__L_c,CatPred,True,
ecoli|ASNS2_num1|g1|atp_c,CatPred,True,
ecoli|ASNS2_num1|g1|nh4_c,CatPred,True,
ecoli|ASPCT_num1|g1|asp__L_c,CatPred,False,missing_sequence;complex_not_supported_by_default
ecoli|ASPCT_num1|g1|cbp_c,CatPred,False,missing_sequence;complex_not_supported_by_default
ecoli|DMPPS|g1|h2mb4p_c,CatPred,True,
ecoli|DMPPS|g1|h_c,CatPred,True,
ecoli|DMPPS|g1|nadh_c,CatPred,True,
ecoli|MCOATA|g1|ACP_c,CatPred,False,missing_sequence;complex_not_supported_by_default
ecoli|MCOATA|g1|malcoa_c,CatPred,False,missing_sequence;complex_not_supported_by_default
ecoli|IPDPS|g1|h2mb4p_c,CatPred,True,
ecoli|IPDPS|g1|h_c,CatPred,True,
ecoli|IPDPS|g1|nadh_c,CatPred,True,
ecoli|DAPE|g1|26dap_LL_c,CatPred,True,
ecoli|DHDPRy|g1|23dhdp_c,CatPred,True,
ecoli|DHDPRy|g1|h_c,CatPred,True,
ecoli|DHDPRy|g1|nadph_c,CatPred,True,
ecoli|HSK|g1|atp_c,CatPred,True,
ecoli|HSK|g1|hom__L_c,CatPred,True,
ecoli|SDPTA_num1|g1|akg_c,CatPred,True,
ecoli|SDPTA_num1|g1|sl26da_c,CatPred,True,
ecoli|THRS|g1|h2o_c,CatPred,True,
ecoli|THRS|g1|phom_c,CatPred,True,
ecoli|HSST|g1|hom__L_c,CatPred,True,
ecoli|HSST|g1|succoa_c,CatPred,True,
ecoli|PPNDH|g1|h_c,CatPred,True,
ecoli|PPNDH|g1|pphn_c,CatPred,True,
ecoli|DDPA_num1|g1|e4p_c,CatPred,True,
ecoli|DDPA_num1|g1|h2o_c,CatPred,True,
ecoli|DDPA_num1|g1|pep_c,CatPred,True,
ecoli|NMNDA|g1|h2o_c,CatPred,True,
ecoli|NMNDA|g1|nmn_c,CatPred,True,
ecoli|NNAM|g1|h2o_c,CatPred,True,
ecoli|NNAM|g1|ncam_c,CatPred,True,
ecoli|P5CD|g1|1pyr5c_c,CatPred,True,
ecoli|P5CD|g1|h2o_c,CatPred,True,
ecoli|P5CD|g1|nad_c,CatPred,True,
ecoli|SPMDAT1|g1|accoa_c,CatPred,True,
ecoli|SPMDAT1|g1|spmd_c,CatPred,True,
ecoli|SPMDAT2|g1|accoa_c,CatPred,True,
ecoli|SPMDAT2|g1|spmd_c,CatPred,True,
ecoli|TDPADGAT|g1|accoa_c,CatPred,True,
ecoli|TDPADGAT|g1|dtdp4addg_c,CatPred,True,
ecoli|MALS_num1|g1|accoa_c,CatPred,True,
ecoli|MALS_num1|g1|glx_c,CatPred,True,
ecoli|MALS_num1|g1|h2o_c,CatPred,True,
ecoli|TRE6PP|g1|h2o_c,CatPred,True,
ecoli|TRE6PP|g1|tre6p_c,CatPred,True,
ecoli|ADPRDP_num1|g1|adprib_c,CatPred,True,
ecoli|ADPRDP_num1|g1|h2o_c,CatPred,True,
ecoli|ARAI|g1|arab__L_c,CatPred,True,
ecoli|M1PD|g1|mnl1p_c,CatPred,True,
ecoli|M1PD|g1|nad_c,CatPred,True,
ecoli|G3PD2|g1|glyc3p_c,CatPred,True,
ecoli|G3PD2|g1|nadp_c,CatPred,True,
ecoli|GALS3|g1|h2o_c,CatPred,True,
ecoli|GALS3|g1|melib_c,CatPred,True,
ecoli|FCI|g1|fuc__L_c,CatPred,True,
ecoli|FCLK|g1|atp_c,CatPred,True,
ecoli|FCLK|g1|fcl__L_c,CatPred,True,
ecoli|FCLPA_num1|g1|fc1p_c,CatPred,True,
ecoli|ACCOAL_num1|g1|atp_c,CatPred,True,
ecoli|ACCOAL_num1|g1|coa_c,CatPred,True,
ecoli|ACCOAL_num1|g1|ppa_c,CatPred,True,
ecoli|GALUi|g1|g1p_c,CatPred,True,
ecoli|GALUi|g1|h_c,CatPred,True,
ecoli|GALUi|g1|utp_c,CatPred,True,
ecoli|U23GAAT|g1|3hmrsACP_c,CatPred,False,missing_smiles
ecoli|U23GAAT|g1|u3hga_c,CatPred,True,
ecoli|UAAGDS|g1|26dap__M_c,CatPred,True,
ecoli|UAAGDS|g1|atp_c,CatPred,True,
ecoli|UAAGDS|g1|uamag_c,CatPred,True,
ecoli|UAMAS|g1|ala__L_c,CatPred,True,
ecoli|UAMAS|g1|atp_c,CatPred,True,
ecoli|UAMAS|g1|uamr_c,CatPred,True,
ecoli|UAMAGS|g1|atp_c,CatPred,True,
ecoli|UAMAGS|g1|glu__D_c,CatPred,True,
ecoli|UAMAGS|g1|uama_c,CatPred,True,
ecoli|UGLYCH|g1|h2o_c,CatPred,True,
ecoli|UGLYCH|g1|h_c,CatPred,True,
ecoli|UGLYCH|g1|urdglyc_c,CatPred,True,
ecoli|OP4ENH|g1|h2o_c,CatPred,True,
ecoli|OP4ENH|g1|op4en_c,CatPred,True,
ecoli|HOPNTAL|g1|4h2opntn_c,CatPred,True,
ecoli|3HPPPNH|g1|3hpppn_c,CatPred,True,
ecoli|3HPPPNH|g1|h_c,CatPred,True,
ecoli|3HPPPNH|g1|nadh_c,CatPred,True,
ecoli|3HPPPNH|g1|o2_c,CatPred,True,
ecoli|AKGDH|g1|akg_c,CatPred,False,missing_sequence;complex_not_supported_by_default
ecoli|AKGDH|g1|coa_c,CatPred,False,missing_sequence;complex_not_supported_by_default
ecoli|AKGDH|g1|nad_c,CatPred,False,missing_sequence;complex_not_supported_by_default
ecoli|HPYRRx_num1|g1|h_c,CatPred,True,
ecoli|HPYRRx_num1|g1|hpyr_c,CatPred,True,
ecoli|HPYRRx_num1|g1|nadh_c,CatPred,True,
ecoli|GLYCDx|g1|glyc_c,CatPred,True,
ecoli|GLYCDx|g1|nad_c,CatPred,True,
ecoli|ASP1DC|g1|asp__L_c,CatPred,True,
ecoli|ASP1DC|g1|h_c,CatPred,True,
ecoli|UGMDDS|g1|alaala_c,CatPred,True,
ecoli|UGMDDS|g1|atp_c,CatPred,True,
ecoli|UGMDDS|g1|ugmd_c,CatPred,True,
ecoli|UHGADA|g1|h2o_c,CatPred,True,
ecoli|UHGADA|g1|u3aga_c,CatPred,True,
ecoli|UAGAAT|g1|3hmrsACP_c,CatPred,False,missing_sequence;missing_smiles;complex_not_supported_by_default
ecoli|UAGAAT|g1|uacgam_c,CatPred,False,missing_sequence;complex_not_supported_by_default
ecoli|ATPPRT|g1|atp_c,CatPred,True,
ecoli|ATPPRT|g1|prpp_c,CatPred,True,
ecoli|HISTD|g1|h2o_c,CatPred,True,
ecoli|HISTD|g1|histd_c,CatPred,True,
ecoli|HISTD|g1|nad_c,CatPred,True,
ecoli|IGPDH|g1|eig3p_c,CatPred,True,
ecoli|PRPPS|g1|atp_c,CatPred,True,
ecoli|PRPPS|g1|r5p_c,CatPred,True,
ecoli|PRATPP|g1|h2o_c,CatPred,True,
ecoli|PRATPP|g1|prbatp_c,CatPred,True,
ecoli|PRMICI|g1|prfp_c,CatPred,True,
ecoli|SERAT|g1|accoa_c,CatPred,True,
ecoli|SERAT|g1|ser__L_c,CatPred,True,
ecoli|CYSS_num1|g1|acser_c,CatPred,True,
ecoli|CYSS_num1|g1|h2s_c,CatPred,True,
ecoli|BPNT|g1|h2o_c,CatPred,True,
ecoli|BPNT|g1|pap_c,CatPred,True,
ecoli|PAPSR_num1|g1|paps_c,CatPred,False,missing_sequence;complex_not_supported_by_default
ecoli|PAPSR_num1|g1|trdrd_c,CatPred,False,missing_sequence;complex_not_supported_by_default
ecoli|ASPK_num1|g1|asp__L_c,CatPred,True,
ecoli|ASPK_num1|g1|atp_c,CatPred,True,
ecoli|ASAD|g1|aspsa_c,CatPred,True,
ecoli|ASAD|g1|nadp_c,CatPred,True,
ecoli|ASAD|g1|pi_c,CatPred,True,
ecoli|DAPDC|g1|26dap__M_c,CatPred,True,
ecoli|DAPDC|g1|h_c,CatPred,True,
ecoli|METAT|g1|atp_c,CatPred,True,
ecoli|METAT|g1|h2o_c,CatPred,True,
ecoli|METAT|g1|met__L_c,CatPred,True,
ecoli|ASCBPL|g1|ascb6p_c,CatPred,True,
ecoli|ASCBPL|g1|h2o_c,CatPred,True,
ecoli|ACBIPGT|g1|adocbip_c,CatPred,True,
ecoli|ACBIPGT|g1|gtp_c,CatPred,True,
ecoli|ACBIPGT|g1|h_c,CatPred,True,
ecoli|ADOCBLS|g1|agdpcbi_c,CatPred,True,
ecoli|ADOCBLS|g1|rdmbzi_c,CatPred,True,
ecoli|ADOCBIK|g1|adocbi_c,CatPred,True,
ecoli|ADOCBIK|g1|atp_c,CatPred,True,
ecoli|TMPK|g1|atp_c,CatPred,True,
ecoli|TMPK|g1|thmmp_c,CatPred,True,
ecoli|HPPPNDO|g1|dhpppn_c,CatPred,True,
ecoli|HPPPNDO|g1|o2_c,CatPred,True,
ecoli|DHCINDO|g1|dhcinnm_c,CatPred,True,
ecoli|DHCINDO|g1|o2_c,CatPred,True,
ecoli|HKNDDH|g1|h2o_c,CatPred,True,
ecoli|HKNDDH|g1|hkndd_c,CatPred,True,
ecoli|HKNTDH|g1|h2o_c,CatPred,True,
ecoli|HKNTDH|g1|hkntd_c,CatPred,True,
ecoli|GLYCK2|g1|atp_c,CatPred,True,
ecoli|GLYCK2|g1|glyc__R_c,CatPred,True,
ecoli|ENTCS|g1|23dhba_c,CatPred,True,
ecoli|ENTCS|g1|seramp_c,CatPred,True,
ecoli|SULR|g1|h_c,CatPred,False,missing_sequence;complex_not_supported_by_default
ecoli|SULR|g1|nadph_c,CatPred,False,missing_sequence;complex_not_supported_by_default
ecoli|SULR|g1|so3_c,CatPred,False,missing_sequence;complex_not_supported_by_default
ecoli|MANPGH|g1|h2o_c,CatPred,True,
ecoli|MANPGH|g1|man6pglyc_c,CatPred,True,
ecoli|URDGLYCD|g1|nad_c,CatPred,True,
ecoli|URDGLYCD|g1|urdglyc_c,CatPred,True,
ecoli|CBMKr|g1|atp_c,CatPred,True,
ecoli|CBMKr|g1|co2_c,CatPred,True,
ecoli|CBMKr|g1|nh4_c,CatPred,True,
ecoli|AMANAPEr|g1|acmanap_c,CatPred,True,
ecoli|ACM6PH|g1|acmum6p_c,CatPred,True,
ecoli|ACM6PH|g1|h2o_c,CatPred,True,
ecoli|NNATr|g1|atp_c,CatPred,True,
ecoli|NNATr|g1|h_c,CatPred,True,
ecoli|NNATr|g1|nicrnt_c,CatPred,True,
ecoli|CYTDH_num1|g1|cytd_c,CatPred,True,
ecoli|CYTDH_num1|g1|h2o_c,CatPred,True,
ecoli|PSERT|g1|3php_c,CatPred,True,
ecoli|PSERT|g1|glu__L_c,CatPred,True,
ecoli|AIRC2|g1|air_c,CatPred,True,
ecoli|AIRC2|g1|atp_c,CatPred,True,
ecoli|AIRC2|g1|hco3_c,CatPred,True,
ecoli|GAPD|g1|g3p_c,CatPred,True,
ecoli|GAPD|g1|nad_c,CatPred,True,
ecoli|GAPD|g1|pi_c,CatPred,True,
ecoli|HEX1|g1|atp_c,CatPred,True,
ecoli|HEX1|g1|glc__D_c,CatPred,True,
ecoli|GND|g1|6pgc_c,CatPred,True,
ecoli|GND|g1|nadp_c,CatPred,True,
ecoli|TAUDO|g1|akg_c,CatPred,True,
ecoli|TAUDO|g1|o2_c,CatPred,True,
ecoli|TAUDO|g1|taur_c,CatPred,True,
ecoli|ME2|g1|mal__L_c,CatPred,True,
ecoli|ME2|g1|nadp_c,CatPred,True,
ecoli|ARGSL|g1|argsuc_c,CatPred,True,
ecoli|CBPS|g1|atp_c,CatPred,False,missing_sequence;complex_not_supported_by_default
ecoli|CBPS|g1|gln__L_c,CatPred,False,missing_sequence;complex_not_supported_by_default
ecoli|CBPS|g1|h2o_c,CatPred,False,missing_sequence;complex_not_supported_by_default
ecoli|CBPS|g1|hco3_c,CatPred,False,missing_sequence;complex_not_supported_by_default
ecoli|GLU5K|g1|atp_c,CatPred,True,
ecoli|GLU5K|g1|glu__L_c,CatPred,True,
ecoli|IPPS|g1|3mob_c,CatPred,True,
ecoli|IPPS|g1|accoa_c,CatPred,True,
ecoli|IPPS|g1|h2o_c,CatPred,True,
ecoli|ACOATA|g1|ACP_c,CatPred,False,missing_sequence;complex_not_supported_by_default
ecoli|ACOATA|g1|accoa_c,CatPred,False,missing_sequence;complex_not_supported_by_default
ecoli|MLTG2|g1|h2o_c,CatPred,True,
ecoli|MLTG2|g1|maltttr_c,CatPred,True,
ecoli|MLTG1|g1|h2o_c,CatPred,True,
ecoli|MLTG1|g1|malttr_c,CatPred,True,
ecoli|AMALT3|g1|malt_c,CatPred,True,
ecoli|AMALT3|g1|maltpt_c,CatPred,True,
ecoli|MLTP3|g1|malthp_c,CatPred,True,
ecoli|MLTP3|g1|pi_c,CatPred,True,
ecoli|SPODM_num1|g1|h_c,CatPred,True,
ecoli|SPODM_num1|g1|o2s_c,CatPred,True,
ecoli|AHCYSNS|g1|ahcys_c,CatPred,True,
ecoli|AHCYSNS|g1|h2o_c,CatPred,True,
ecoli|TMK|g1|atp_c,CatPred,True,
ecoli|TMK|g1|thm_c,CatPred,True,
ecoli|NTPP4_num1|g1|ctp_c,CatPred,True,
ecoli|NTPP4_num1|g1|h2o_c,CatPred,True,
ecoli|NTPP3_num1|g1|dctp_c,CatPred,True,
ecoli|NTPP3_num1|g1|h2o_c,CatPred,True,
ecoli|NTPP6_num1|g1|atp_c,CatPred,True,
ecoli|NTPP6_num1|g1|h2o_c,CatPred,True,
ecoli|NTPP7_num1|g1|dttp_c,CatPred,True,
ecoli|NTPP7_num1|g1|h2o_c,CatPred,True,
ecoli|NTPP8_num1|g1|h2o_c,CatPred,True,
ecoli|NTPP8_num1|g1|utp_c,CatPred,True,
ecoli|P5CR|g1|1pyr5c_c,CatPred,True,
ecoli|P5CR|g1|h_c,CatPred,True,
ecoli|P5CR|g1|nadph_c,CatPred,True,
ecoli|CYANST_num1|g1|cyan_c,CatPred,True,
ecoli|CYANST_num1|g1|tsul_c,CatPred,True,
ecoli|DHPPDA2|g1|25drapp_c,CatPred,True,
ecoli|DHPPDA2|g1|h2o_c,CatPred,True,
ecoli|DHPPDA2|g1|h_c,CatPred,True,
ecoli|G5SADs|g1|glu5sa_c,CatPred,False,missing_sequence
ecoli|GMAND|g1|gdpmann_c,CatPred,True,
ecoli|PPCSCT|g1|ppcoa_c,CatPred,True,
ecoli|PPCSCT|g1|succ_c,CatPred,True,
ecoli|CYTD|g1|cytd_c,CatPred,True,
ecoli|CYTD|g1|h2o_c,CatPred,True,
ecoli|CYTD|g1|h_c,CatPred,True,
ecoli|DCYTD|g1|dcyt_c,CatPred,True,
ecoli|DCYTD|g1|h2o_c,CatPred,True,
ecoli|DCYTD|g1|h_c,CatPred,True,
ecoli|DBTS|g1|atp_c,CatPred,True,
ecoli|DBTS|g1|co2_c,CatPred,True,
ecoli|DBTS|g1|dann_c,CatPred,True,
ecoli|DCTPD|g1|dctp_c,CatPred,True,
ecoli|DCTPD|g1|h2o_c,CatPred,True,
ecoli|DCTPD|g1|h_c,CatPred,True,
ecoli|DHDPS|g1|aspsa_c,CatPred,True,
ecoli|DHDPS|g1|pyr_c,CatPred,True,
ecoli|G1PACT|g1|accoa_c,CatPred,True,
ecoli|G1PACT|g1|gam1p_c,CatPred,True,
ecoli|GART|g1|atp_c,CatPred,True,
ecoli|GART|g1|for_c,CatPred,True,
ecoli|GART|g1|gar_c,CatPred,True,
ecoli|CSND|g1|csn_c,CatPred,True,
ecoli|CSND|g1|h2o_c,CatPred,True,
ecoli|CSND|g1|h_c,CatPred,True,
ecoli|GF6PTA|g1|f6p_c,CatPred,True,
ecoli|GF6PTA|g1|gln__L_c,CatPred,True,
ecoli|GLUCYS|g1|atp_c,CatPred,True,
ecoli|GLUCYS|g1|cys__L_c,CatPred,True,
ecoli|GLUCYS|g1|glu__L_c,CatPred,True,
ecoli|GLUN_num1|g1|gln__L_c,CatPred,True,
ecoli|GLUN_num1|g1|h2o_c,CatPred,True,
ecoli|GLUPRT|g1|gln__L_c,CatPred,True,
ecoli|GLUPRT|g1|h2o_c,CatPred,True,
ecoli|GLUPRT|g1|prpp_c,CatPred,True,
ecoli|GMPR|g1|gmp_c,CatPred,True,
ecoli|GMPR|g1|h_c,CatPred,True,
ecoli|GMPR|g1|nadph_c,CatPred,True,
ecoli|NADS1|g1|atp_c,CatPred,True,
ecoli|NADS1|g1|dnad_c,CatPred,True,
ecoli|NADS1|g1|nh4_c,CatPred,True,
ecoli|NTRIR2x|g1|h_c,CatPred,False,missing_sequence;complex_not_supported_by_default
ecoli|NTRIR2x|g1|nadh_c,CatPred,False,missing_sequence;complex_not_supported_by_default
ecoli|NTRIR2x|g1|no2_c,CatPred,False,missing_sequence;complex_not_supported_by_default
ecoli|OCBT_num1|g1|cbp_c,CatPred,True,
ecoli|OCBT_num1|g1|orn_c,CatPred,True,
ecoli|GARFT|g1|10fthf_c,CatPred,True,
ecoli|GARFT|g1|gar_c,CatPred,True,
ecoli|GPDDA1|g1|g3pc_c,CatPred,True,
ecoli|GPDDA1|g1|h2o_c,CatPred,True,
ecoli|GPDDA2|g1|g3pe_c,CatPred,True,
ecoli|GPDDA2|g1|h2o_c,CatPred,True,
ecoli|PHETA1_num1|g1|akg_c,CatPred,True,
ecoli|PHETA1_num1|g1|phe__L_c,CatPred,True,
ecoli|PPND|g1|nad_c,CatPred,True,
ecoli|PPND|g1|pphn_c,CatPred,True,
ecoli|TRPS1|g1|3ig3p_c,CatPred,False,missing_sequence;complex_not_supported_by_default
ecoli|TRPS1|g1|ser__L_c,CatPred,False,missing_sequence;complex_not_supported_by_default
ecoli|PRAMPC|g1|h2o_c,CatPred,True,
ecoli|PRAMPC|g1|prbamp_c,CatPred,True,
ecoli|MCITL2|g1|micit_c,CatPred,True,
ecoli|DXYLK|g1|atp_c,CatPred,True,
ecoli|DXYLK|g1|dxyl_c,CatPred,True,
ecoli|MDH3|g1|mal__L_c,CatPred,True,
ecoli|MDH3|g1|mqn8_c,CatPred,True,
ecoli|SOTA|g1|akg_c,CatPred,True,
ecoli|SOTA|g1|sucorn_c,CatPred,True,
ecoli|SGSAD|g1|h2o_c,CatPred,True,
ecoli|SGSAD|g1|nad_c,CatPred,True,
ecoli|SGSAD|g1|sucgsa_c,CatPred,True,
ecoli|PTA2|g1|pi_c,CatPred,True,
ecoli|PTA2|g1|ppcoa_c,CatPred,True,
ecoli|MDH2|g1|mal__L_c,CatPred,True,
ecoli|MDH2|g1|q8_c,CatPred,True,
ecoli|ACOTA_num1|g1|acorn_c,CatPred,True,
ecoli|ACOTA_num1|g1|akg_c,CatPred,True,
ecoli|GPDDA5|g1|g3pi_c,CatPred,True,
ecoli|GPDDA5|g1|h2o_c,CatPred,True,
ecoli|PDX5PS|g1|dxyl5p_c,CatPred,False,missing_sequence;complex_not_supported_by_default
ecoli|PDX5PS|g1|nad_c,CatPred,False,missing_sequence;complex_not_supported_by_default
ecoli|PDX5PS|g1|phthr_c,CatPred,False,missing_sequence;complex_not_supported_by_default
ecoli|PPBNGS|g1|5aop_c,CatPred,True,
ecoli|PPNCL2|g1|4ppan_c,CatPred,True,
ecoli|PPNCL2|g1|ctp_c,CatPred,True,
ecoli|PPNCL2|g1|cys__L_c,CatPred,True,
ecoli|PRAGSr|g1|atp_c,CatPred,True,
ecoli|PRAGSr|g1|gly_c,CatPred,True,
ecoli|PRAGSr|g1|pram_c,CatPred,True,
ecoli|PRFGS|g1|atp_c,CatPred,True,
ecoli|PRFGS|g1|fgam_c,CatPred,True,
ecoli|PRFGS|g1|gln__L_c,CatPred,True,
ecoli|PRFGS|g1|h2o_c,CatPred,True,
ecoli|ETHAAL|g1|etha_c,CatPred,False,missing_sequence;complex_not_supported_by_default
ecoli|MAN1PT2|g1|gdp_c,CatPred,True,
ecoli|MAN1PT2|g1|h_c,CatPred,True,
ecoli|MAN1PT2|g1|man1p_c,CatPred,True,
ecoli|AP4AH|g1|ap4a_c,CatPred,True,
ecoli|AP4AH|g1|h2o_c,CatPred,True,
ecoli|AP5AH|g1|ap5a_c,CatPred,True,
ecoli|AP5AH|g1|h2o_c,CatPred,True,
ecoli|ADNCYC|g1|atp_c,CatPred,True,
ecoli|MI1PP|g1|h2o_c,CatPred,True,
ecoli|MI1PP|g1|mi1p__D_c,CatPred,True,
ecoli|MCITS|g1|h2o_c,CatPred,True,
ecoli|MCITS|g1|oaa_c,CatPred,True,
ecoli|MCITS|g1|ppcoa_c,CatPred,True,
ecoli|PPAKr|g1|adp_c,CatPred,True,
ecoli|PPAKr|g1|ppap_c,CatPred,True,
ecoli|NTP3_num1|g1|gtp_c,CatPred,True,
ecoli|NTP3_num1|g1|h2o_c,CatPred,True,
ecoli|PPM2|g1|2dr1p_c,CatPred,True,
ecoli|MOAT2|g1|ckdo_c,CatPred,True,
ecoli|MOAT2|g1|kdolipid4_c,CatPred,True,
ecoli|G6PDH2r|g1|g6p_c,CatPred,True,
ecoli|G6PDH2r|g1|nadp_c,CatPred,True,
ecoli|NADH5_num1|g1|h_c,CatPred,True,
ecoli|NADH5_num1|g1|nadh_c,CatPred,True,
ecoli|NADH5_num1|g1|q8_c,CatPred,True,
ecoli|MOHMT|g1|3mob_c,CatPred,True,
ecoli|MOHMT|g1|h2o_c,CatPred,True,
ecoli|MOHMT|g1|mlthf_c,CatPred,True,
ecoli|GMPS|g1|atp_c,CatPred,True,
ecoli|GMPS|g1|nh4_c,CatPred,True,
ecoli|GMPS|g1|xmp_c,CatPred,True,
ecoli|UDPGD|g1|h2o_c,CatPred,True,
ecoli|UDPGD|g1|nad_c,CatPred,True,
ecoli|UDPGD|g1|udpg_c,CatPred,True,
ecoli|GLCRD_num1|g1|glcr_c,CatPred,True,
ecoli|PPPNDO|g1|h_c,CatPred,False,missing_sequence;complex_not_supported_by_default
ecoli|PPPNDO|g1|nadh_c,CatPred,False,missing_sequence;complex_not_supported_by_default
ecoli|PPPNDO|g1|o2_c,CatPred,False,missing_sequence;complex_not_supported_by_default
ecoli|PPPNDO|g1|pppn_c,CatPred,False,missing_sequence;complex_not_supported_by_default
ecoli|CHRPL_num1|g1|chor_c,CatPred,True,
ecoli|TDPAGTA|g1|dtdp4d6dg_c,CatPred,True,
ecoli|TDPAGTA|g1|glu__L_c,CatPred,True,
ecoli|UACMAMO|g1|h2o_c,CatPred,True,
ecoli|UACMAMO|g1|nad_c,CatPred,True,
ecoli|UACMAMO|g1|uacmam_c,CatPred,True,
ecoli|FBA3|g1|s17bp_c,CatPred,True,
ecoli|PMPK|g1|4ampm_c,CatPred,True,
ecoli|PMPK|g1|atp_c,CatPred,True,
ecoli|LCADi|g1|h2o_c,CatPred,True,
ecoli|LCADi|g1|lald__L_c,CatPred,True,
ecoli|LCADi|g1|nad_c,CatPred,True,
ecoli|ADK3|g1|amp_c,CatPred,True,
ecoli|ADK3|g1|gtp_c,CatPred,True,
ecoli|GLUDC_num1|g1|glu__L_c,CatPred,True,
ecoli|GLUDC_num1|g1|h_c,CatPred,True,
ecoli|BSORy|g1|btnso_c,CatPred,True,
ecoli|BSORy|g1|h_c,CatPred,True,
ecoli|BSORy|g1|nadph_c,CatPred,True,
ecoli|ADSK|g1|aps_c,CatPred,True,
ecoli|ADSK|g1|atp_c,CatPred,True,
ecoli|HSDy_num1|g1|hom__L_c,CatPred,True,
ecoli|HSDy_num1|g1|nadp_c,CatPred,True,
ecoli|CYSTL_num1|g1|cyst__L_c,CatPred,True,
ecoli|CYSTL_num1|g1|h2o_c,CatPred,True,
ecoli|SHSL1|g1|cys__L_c,CatPred,True,
ecoli|SHSL1|g1|suchms_c,CatPred,True,
ecoli|SSALy_num1|g1|h2o_c,CatPred,True,
ecoli|SSALy_num1|g1|nadp_c,CatPred,True,
ecoli|SSALy_num1|g1|sucsal_c,CatPred,True,
ecoli|3HCINNMH|g1|3hcinnm_c,CatPred,True,
ecoli|3HCINNMH|g1|h_c,CatPred,True,
ecoli|3HCINNMH|g1|nadh_c,CatPred,True,
ecoli|3HCINNMH|g1|o2_c,CatPred,True,
ecoli|BSORx|g1|btnso_c,CatPred,True,
ecoli|BSORx|g1|h_c,CatPred,True,
ecoli|BSORx|g1|nadh_c,CatPred,True,
ecoli|GLUtex_num1|g1|glu__L_e,CatPred,True,
ecoli|GLYtex_num1|g1|gly_e,CatPred,True,
ecoli|GLYALDtex_num1|g1|glyald_e,CatPred,True,
ecoli|GLYBtex_num1|g1|glyb_e,CatPred,True,
ecoli|GLYCtex_num1|g1|glyc_e,CatPred,True,
ecoli|GLYC3Ptex_num1|g1|glyc3p_e,CatPred,True,
ecoli|GLYCLTtex_num1|g1|glyclt_e,CatPred,True,
ecoli|GTPtex_num1|g1|gtp_e,CatPred,True,
ecoli|GUAtex|g1|gua_e,CatPred,True,
ecoli|Htex_num1|g1|h_e,CatPred,True,
ecoli|H2tex_num1|g1|h2_e,CatPred,True,
ecoli|H2Otex_num1|g1|h2o_e,CatPred,True,
ecoli|FACOAL160t2pp_num1|g1|atp_c,CatPred,True,
ecoli|FACOAL160t2pp_num1|g1|coa_c,CatPred,True,
ecoli|FACOAL160t2pp_num1|g1|h_p,CatPred,True,
ecoli|FACOAL160t2pp_num1|g1|hdca_p,CatPred,True,
ecoli|FACOAL180t2pp_num1|g1|atp_c,CatPred,True,
ecoli|FACOAL180t2pp_num1|g1|coa_c,CatPred,True,
ecoli|FACOAL180t2pp_num1|g1|h_p,CatPred,True,
ecoli|FACOAL180t2pp_num1|g1|ocdca_p,CatPred,True,
ecoli|SPODMpp|g1|h_p,CatPred,True,
ecoli|SPODMpp|g1|o2s_p,CatPred,True,
ecoli|NO3R1bpp|g1|no3_p,CatPred,False,missing_sequence;complex_not_supported_by_default
ecoli|NO3R1bpp|g1|q8h2_c,CatPred,False,missing_sequence;complex_not_supported_by_default
ecoli|O2tpp|g1|o2_p,CatPred,False,missing_sequence
ecoli|PHYTSpp|g1|h2o_p,CatPred,True,
ecoli|PHYTSpp|g1|minohp_p,CatPred,True,
ecoli|PPTHpp|g1|h2o_p,CatPred,True,
ecoli|PPTHpp|g1|ppt_p,CatPred,True,
ecoli|NO3R2pp_num1|g1|h_c,CatPred,False,missing_sequence;complex_not_supported_by_default
ecoli|NO3R2pp_num1|g1|mql8_c,CatPred,False,missing_sequence;complex_not_supported_by_default
ecoli|NO3R2pp_num1|g1|no3_c,CatPred,False,missing_sequence;complex_not_supported_by_default
ecoli|NTP3pp|g1|gtp_p,CatPred,True,
ecoli|NTP3pp|g1|h2o_p,CatPred,True,
ecoli|NO3R2bpp|g1|mql8_c,CatPred,False,missing_sequence;complex_not_supported_by_default
ecoli|NO3R2bpp|g1|no3_p,CatPred,False,missing_sequence;complex_not_supported_by_default
ecoli|THD2pp|g1|h_p,CatPred,False,missing_sequence;complex_not_supported_by_default
ecoli|THD2pp|g1|nadh_c,CatPred,False,missing_sequence;complex_not_supported_by_default
ecoli|THD2pp|g1|nadp_c,CatPred,False,missing_sequence;complex_not_supported_by_default
ecoli|TMAOR1pp_num1|g1|h_p,CatPred,False,missing_sequence;complex_not_supported_by_default
ecoli|TMAOR1pp_num1|g1|mql8_c,CatPred,False,missing_sequence;complex_not_supported_by_default
ecoli|TMAOR1pp_num1|g1|tmao_p,CatPred,False,missing_sequence;complex_not_supported_by_default
ecoli|TMAOR2pp_num1|g1|2dmmql8_c,CatPred,False,missing_sequence;complex_not_supported_by_default
ecoli|TMAOR2pp_num1|g1|h_p,CatPred,False,missing_sequence;complex_not_supported_by_default
ecoli|TMAOR2pp_num1|g1|tmao_p,CatPred,False,missing_sequence;complex_not_supported_by_default
ecoli|DAPtex_num1|g1|15dap_e,CatPred,True,
ecoli|12PPDStex_num1|g1|12ppd__S_e,CatPred,True,
ecoli|DDGLCNtex_num1|g1|2ddglcn_e,CatPred,True,
ecoli|26DAHtex_num1|g1|26dap__M_e,CatPred,True,
ecoli|HCINNMtex_num1|g1|3hcinnm_e,CatPred,True,
ecoli|HPPPNtex_num1|g1|3hpppn_e,CatPred,True,
ecoli|ACtex_num1|g1|ac_e,CatPred,True,
ecoli|ACALDtex_num1|g1|acald_e,CatPred,True,
ecoli|ACMANAtex_num1|g1|acmana_e,CatPred,True,
ecoli|ACMUMtex_num1|g1|acmum_e,CatPred,True,
ecoli|ACACT7r_num1|g1|accoa_c,CatPred,True,
ecoli|ACACT7r_num1|g1|tdcoa_c,CatPred,True,
ecoli|PSP_L|g1|h2o_c,CatPred,True,
ecoli|PSP_L|g1|pser__L_c,CatPred,True,
ecoli|ACACT2r_num1|g1|accoa_c,CatPred,True,
ecoli|ACACT2r_num1|g1|btcoa_c,CatPred,True,
ecoli|ACACT3r_num1|g1|accoa_c,CatPred,True,
ecoli|ACACT3r_num1|g1|hxcoa_c,CatPred,True,
ecoli|ACACT4r_num1|g1|accoa_c,CatPred,True,
ecoli|ACACT4r_num1|g1|occoa_c,CatPred,True,
ecoli|SUCCt2_2pp_num1|g1|h_p,CatPred,True,
ecoli|SUCCt2_2pp_num1|g1|succ_p,CatPred,True,
ecoli|SUCFUMtpp_num1|g1|fum_p,CatPred,True,
ecoli|SUCFUMtpp_num1|g1|succ_c,CatPred,True,
ecoli|SUCptspp|g1|pep_c,CatPred,False,missing_sequence;complex_not_supported_by_default
ecoli|SUCptspp|g1|sucr_p,CatPred,False,missing_sequence;complex_not_supported_by_default
ecoli|SULabcpp_num1|g1|atp_c,CatPred,False,missing_sequence;complex_not_supported_by_default
ecoli|SULabcpp_num1|g1|h2o_c,CatPred,False,missing_sequence;complex_not_supported_by_default
ecoli|SULabcpp_num1|g1|so4_p,CatPred,False,missing_sequence;complex_not_supported_by_default
ecoli|TSULabcpp_num1|g1|atp_c,CatPred,False,missing_sequence;complex_not_supported_by_default
ecoli|TSULabcpp_num1|g1|h2o_c,CatPred,False,missing_sequence;complex_not_supported_by_default
ecoli|TSULabcpp_num1|g1|tsul_p,CatPred,False,missing_sequence;complex_not_supported_by_default
ecoli|TARTRt7pp|g1|succ_c,CatPred,True,
ecoli|TARTRt7pp|g1|tartr__L_p,CatPred,True,
ecoli|AHGDx|g1|S2hglut_c,CatPred,True,
ecoli|AHGDx|g1|nad_c,CatPred,True,
ecoli|TAURabcpp|g1|atp_c,CatPred,False,missing_sequence;complex_not_supported_by_default
ecoli|TAURabcpp|g1|h2o_c,CatPred,False,missing_sequence;complex_not_supported_by_default
ecoli|TAURabcpp|g1|taur_p,CatPred,False,missing_sequence;complex_not_supported_by_default
ecoli|THMDt2pp_copy1_num1|g1|h_p,CatPred,True,
ecoli|THMDt2pp_copy1_num1|g1|thymd_p,CatPred,True,
ecoli|Kt2pp_num1|g1|h_p,CatPred,False,missing_sequence;complex_not_supported_by_default
ecoli|Kt2pp_num1|g1|k_p,CatPred,False,missing_sequence;complex_not_supported_by_default
ecoli|AKGt2rpp|g1|akg_p,CatPred,True,
ecoli|AKGt2rpp|g1|h_p,CatPred,True,
ecoli|XYLt2pp|g1|h_p,CatPred,True,
ecoli|XYLt2pp|g1|xyl__D_p,CatPred,True,
ecoli|THMabcpp|g1|atp_c,CatPred,False,missing_sequence;complex_not_supported_by_default
ecoli|THMabcpp|g1|h2o_c,CatPred,False,missing_sequence;complex_not_supported_by_default
ecoli|THMabcpp|g1|thm_p,CatPred,False,missing_sequence;complex_not_supported_by_default
ecoli|THMDt2pp_copy2|g1|h_p,CatPred,True,
ecoli|THMDt2pp_copy2|g1|thymd_p,CatPred,True,
ecoli|THRabcpp|g1|atp_c,CatPred,False,missing_sequence;complex_not_supported_by_default
ecoli|THRabcpp|g1|h2o_c,CatPred,False,missing_sequence;complex_not_supported_by_default
ecoli|THRabcpp|g1|thr__L_p,CatPred,False,missing_sequence;complex_not_supported_by_default
ecoli|TREptspp|g1|pep_c,CatPred,False,missing_sequence;complex_not_supported_by_default
ecoli|TREptspp|g1|tre_p,CatPred,False,missing_sequence;complex_not_supported_by_default
ecoli|TRPt2rpp_num1|g1|h_p,CatPred,True,
ecoli|TRPt2rpp_num1|g1|trp__L_p,CatPred,True,
ecoli|TYRt2rpp_num1|g1|h_p,CatPred,True,
ecoli|TYRt2rpp_num1|g1|tyr__L_p,CatPred,True,
ecoli|URIt2pp_copy1_num1|g1|h_p,CatPred,True,
ecoli|URIt2pp_copy1_num1|g1|uri_p,CatPred,True,
ecoli|URIt2pp_copy2|g1|h_p,CatPred,True,
ecoli|URIt2pp_copy2|g1|uri_p,CatPred,True,
ecoli|VALabcpp|g1|atp_c,CatPred,False,missing_sequence;complex_not_supported_by_default
ecoli|VALabcpp|g1|h2o_c,CatPred,False,missing_sequence;complex_not_supported_by_default
ecoli|VALabcpp|g1|val__L_p,CatPred,False,missing_sequence;complex_not_supported_by_default
ecoli|XTSNt2rpp|g1|h_p,CatPred,True,
ecoli|XTSNt2rpp|g1|xtsn_p,CatPred,True,
ecoli|XYLabcpp|g1|atp_c,CatPred,False,missing_sequence;complex_not_supported_by_default
ecoli|XYLabcpp|g1|h2o_c,CatPred,False,missing_sequence;complex_not_supported_by_default
ecoli|XYLabcpp|g1|xyl__D_p,CatPred,False,missing_sequence;complex_not_supported_by_default
ecoli|XYLUt2pp|g1|h_p,CatPred,False,missing_sequence;complex_not_supported_by_default
ecoli|XYLUt2pp|g1|xylu__L_p,CatPred,False,missing_sequence;complex_not_supported_by_default
ecoli|THRt4pp|g1|na1_p,CatPred,True,
ecoli|THRt4pp|g1|thr__L_p,CatPred,True,
ecoli|GALtex_num1|g1|gal_e,CatPred,True,
ecoli|GALCTtex_num1|g1|galct__D_e,CatPred,True,
ecoli|GALCTNtex_num1|g1|galctn__D_e,CatPred,True,
ecoli|GALTtex_num1|g1|galt_e,CatPred,True,
ecoli|GALURtex_num1|g1|galur_e,CatPred,True,
ecoli|GTPCI|g1|gtp_c,CatPred,True,
ecoli|GTPCI|g1|h2o_c,CatPred,True,
ecoli|FDMO|g1|fmnh2_c,CatPred,True,
ecoli|FDMO|g1|isetac_c,CatPred,True,
ecoli|FDMO|g1|o2_c,CatPred,True,
ecoli|FEOXAMabcpp|g1|atp_c,CatPred,False,missing_sequence;complex_not_supported_by_default
ecoli|FEOXAMabcpp|g1|feoxam_p,CatPred,False,missing_sequence;complex_not_supported_by_default
ecoli|FEOXAMabcpp|g1|h2o_c,CatPred,False,missing_sequence;complex_not_supported_by_default
ecoli|CBL1abcpp|g1|atp_c,CatPred,False,missing_sequence;complex_not_supported_by_default
ecoli|CBL1abcpp|g1|cbl1_p,CatPred,False,missing_sequence;complex_not_supported_by_default
ecoli|CBL1abcpp|g1|h2o_c,CatPred,False,missing_sequence;complex_not_supported_by_default
ecoli|ACACt2pp|g1|acac_p,CatPred,True,
ecoli|ACACt2pp|g1|h_p,CatPred,True,
ecoli|ACGAptspp_num1|g1|acgam_p,CatPred,False,missing_sequence;complex_not_supported_by_default
ecoli|ACGAptspp_num1|g1|pep_c,CatPred,False,missing_sequence;complex_not_supported_by_default
ecoli|ACMANAptspp|g1|acmana_p,CatPred,False,missing_sequence;complex_not_supported_by_default
ecoli|ACMANAptspp|g1|pep_c,CatPred,False,missing_sequence;complex_not_supported_by_default
ecoli|ACNAMt2pp|g1|acnam_p,CatPred,True,
ecoli|ACNAMt2pp|g1|h_p,CatPred,True,
ecoli|CHOLD|g1|chol_c,CatPred,True,
ecoli|CHOLD|g1|nad_c,CatPred,True,
ecoli|DRPA|g1|2dr5p_c,CatPred,True,
ecoli|TKT2_num1|g1|e4p_c,CatPred,True,
ecoli|TKT2_num1|g1|xu5p__D_c,CatPred,True,
ecoli|FEENTERabcpp|g1|atp_c,CatPred,False,missing_sequence;complex_not_supported_by_default
ecoli|FEENTERabcpp|g1|feenter_p,CatPred,False,missing_sequence;complex_not_supported_by_default
ecoli|FEENTERabcpp|g1|h2o_c,CatPred,False,missing_sequence;complex_not_supported_by_default
ecoli|FECRMabcpp|g1|atp_c,CatPred,False,missing_sequence;complex_not_supported_by_default
ecoli|FECRMabcpp|g1|fecrm_p,CatPred,False,missing_sequence;complex_not_supported_by_default
ecoli|FECRMabcpp|g1|h2o_c,CatPred,False,missing_sequence;complex_not_supported_by_default
ecoli|GAMtex_num1|g1|gam_e,CatPred,True,
ecoli|GBBTNtex_num1|g1|gbbtn_e,CatPred,True,
ecoli|ARBt2rpp|g1|arab__L_p,CatPred,True,
ecoli|ARBt2rpp|g1|h_p,CatPred,True,
ecoli|CO2tpp|g1|co2_p,CatPred,False,missing_sequence
ecoli|DMSOR1pp|g1|dmso_p,CatPred,False,missing_sequence;complex_not_supported_by_default
ecoli|DMSOR1pp|g1|mql8_c,CatPred,False,missing_sequence;complex_not_supported_by_default
ecoli|ARGabcpp_num1|g1|arg__L_p,CatPred,False,missing_sequence;complex_not_supported_by_default
ecoli|ARGabcpp_num1|g1|atp_c,CatPred,False,missing_sequence;complex_not_supported_by_default
ecoli|ARGabcpp_num1|g1|h2o_c,CatPred,False,missing_sequence;complex_not_supported_by_default
ecoli|ARGAGMt7pp|g1|agm_c,CatPred,True,
ecoli|ARGAGMt7pp|g1|arg__L_p,CatPred,True,
ecoli|ASCBptspp|g1|ascb__L_p,CatPred,False,missing_sequence;complex_not_supported_by_default
ecoli|ASCBptspp|g1|pep_c,CatPred,False,missing_sequence;complex_not_supported_by_default
ecoli|ASNt2rpp|g1|asn__L_p,CatPred,True,
ecoli|ASNt2rpp|g1|h_p,CatPred,True,
ecoli|ASPabcpp|g1|asp__L_p,CatPred,False,missing_sequence;complex_not_supported_by_default
ecoli|ASPabcpp|g1|atp_c,CatPred,False,missing_sequence;complex_not_supported_by_default
ecoli|ASPabcpp|g1|h2o_c,CatPred,False,missing_sequence;complex_not_supported_by_default
ecoli|ASPt2pp|g1|asp__L_p,CatPred,True,
ecoli|ASPt2pp|g1|h_p,CatPred,True,
ecoli|ASPt2_2pp|g1|asp__L_p,CatPred,True,
ecoli|ASPt2_2pp|g1|h_p,CatPred,True,
ecoli|ASPt2_3pp_num1|g1|asp__L_p,CatPred,True,
ecoli|ASPt2_3pp_num1|g1|h_p,CatPred,True,
ecoli|HIStex_num1|g1|his__L_e,CatPred,True,
ecoli|HXAtex_num1|g1|hxa_e,CatPred,True,
ecoli|HYXNtex_num1|g1|hxan_e,CatPred,True,
ecoli|IDONtex_num1|g1|idon__L_e,CatPred,True,
ecoli|ILEtex_num1|g1|ile__L_e,CatPred,True,
ecoli|INSTtex_num1|g1|inost_e,CatPred,True,
ecoli|INStex|g1|ins_e,CatPred,True,
ecoli|Ktex_num1|g1|k_e,CatPred,True,
ecoli|D_LACtex_num1|g1|lac__D_e,CatPred,True,
ecoli|NTD8pp_num1|g1|dgmp_p,CatPred,True,
ecoli|NTD8pp_num1|g1|h2o_p,CatPred,True,
ecoli|FRULYStex_num1|g1|frulys_e,CatPred,True,
ecoli|GALCTt2rpp_num1|g1|galct__D_p,CatPred,True,
ecoli|GALCTt2rpp_num1|g1|h_p,CatPred,True,
ecoli|GALt2pp|g1|gal_p,CatPred,True,
ecoli|GALt2pp|g1|h_p,CatPred,True,
ecoli|ASPtex_num1|g1|asp__L_e,CatPred,True,
ecoli|ABUTt2pp|g1|4abut_p,CatPred,True,
ecoli|ABUTt2pp|g1|h_p,CatPred,True,
ecoli|CYSabcpp|g1|atp_c,CatPred,False,missing_sequence;complex_not_supported_by_default
ecoli|CYSabcpp|g1|cys__L_p,CatPred,False,missing_sequence;complex_not_supported_by_default
ecoli|CYSabcpp|g1|h2o_c,CatPred,False,missing_sequence;complex_not_supported_by_default
ecoli|SBTptspp|g1|pep_c,CatPred,False,missing_sequence;complex_not_supported_by_default
ecoli|SBTptspp|g1|sbt__D_p,CatPred,False,missing_sequence;complex_not_supported_by_default
ecoli|TREHpp|g1|h2o_p,CatPred,True,
ecoli|TREHpp|g1|tre_p,CatPred,True,
ecoli|CYTBDpp_num1|g1|h_c,CatPred,False,missing_sequence;complex_not_supported_by_default
ecoli|CYTBDpp_num1|g1|o2_c,CatPred,False,missing_sequence;complex_not_supported_by_default
ecoli|CYTBDpp_num1|g1|q8h2_c,CatPred,False,missing_sequence;complex_not_supported_by_default
ecoli|CYTBD2pp|g1|h_c,CatPred,False,missing_sequence;complex_not_supported_by_default
ecoli|CYTBD2pp|g1|mql8_c,CatPred,False,missing_sequence;complex_not_supported_by_default
ecoli|CYTBD2pp|g1|o2_c,CatPred,False,missing_sequence;complex_not_supported_by_default
ecoli|ACALDtpp|g1|acald_p,CatPred,False,missing_sequence
ecoli|ACt2rpp|g1|ac_p,CatPred,True,
ecoli|ACt2rpp|g1|h_p,CatPred,True,
ecoli|ATPS4rpp_num1|g1|adp_c,CatPred,False,missing_sequence;complex_not_supported_by_default
ecoli|ATPS4rpp_num1|g1|h_p,CatPred,False,missing_sequence;complex_not_supported_by_default
ecoli|ATPS4rpp_num1|g1|pi_c,CatPred,False,missing_sequence;complex_not_supported_by_default
ecoli|INDOLEtex_num1|g1|indole_e,CatPred,True,
ecoli|L_LACtex_num1|g1|lac__L_e,CatPred,True,
ecoli|ACt4pp|g1|ac_p,CatPred,True,
ecoli|ACt4pp|g1|na1_p,CatPred,True,
ecoli|ADEt2rpp_num1|g1|ade_p,CatPred,True,
ecoli|ADEt2rpp_num1|g1|h_p,CatPred,True,
ecoli|ADNt2pp_copy1_num1|g1|adn_p,CatPred,True,
ecoli|ADNt2pp_copy1_num1|g1|h_p,CatPred,True,
ecoli|ADNt2pp_copy2|g1|adn_p,CatPred,True,
ecoli|ADNt2pp_copy2|g1|h_p,CatPred,True,
ecoli|ALAabcpp|g1|ala__L_p,CatPred,False,missing_sequence;complex_not_supported_by_default
ecoli|ALAabcpp|g1|atp_c,CatPred,False,missing_sequence;complex_not_supported_by_default
ecoli|ALAabcpp|g1|h2o_c,CatPred,False,missing_sequence;complex_not_supported_by_default
ecoli|ALLabcpp|g1|all__D_p,CatPred,False,missing_sequence;complex_not_supported_by_default
ecoli|ALLabcpp|g1|atp_c,CatPred,False,missing_sequence;complex_not_supported_by_default
ecoli|ALLabcpp|g1|h2o_c,CatPred,False,missing_sequence;complex_not_supported_by_default
ecoli|ALLTNt2rpp|g1|alltn_p,CatPred,True,
ecoli|ALLTNt2rpp|g1|h_p,CatPred,True,
ecoli|ARBabcpp|g1|arab__L_p,CatPred,False,missing_sequence;complex_not_supported_by_default
ecoli|ARBabcpp|g1|atp_c,CatPred,False,missing_sequence;complex_not_supported_by_default
ecoli|ARBabcpp|g1|h2o_c,CatPred,False,missing_sequence;complex_not_supported_by_default
ecoli|ECOAH8_num1|g1|3hodcoa_c,CatPred,True,
ecoli|GLCDpp_num1|g1|glc__D_p,CatPred,True,
ecoli|GLCDpp_num1|g1|h2o_p,CatPred,True,
ecoli|GLCDpp_num1|g1|q8_c,CatPred,True,
ecoli|GUAtpp_num1|g1|gua_p,CatPred,True,
ecoli|HYD2pp_num1|g1|h2_c,CatPred,False,missing_sequence;complex_not_supported_by_default
ecoli|HYD2pp_num1|g1|h_c,CatPred,False,missing_sequence;complex_not_supported_by_default
ecoli|HYD2pp_num1|g1|mqn8_c,CatPred,False,missing_sequence;complex_not_supported_by_default
ecoli|HYXNtpp_num1|g1|hxan_p,CatPred,True,
ecoli|FE3DCITabcpp|g1|atp_c,CatPred,False,missing_sequence;complex_not_supported_by_default
ecoli|FE3DCITabcpp|g1|fe3dcit_p,CatPred,False,missing_sequence;complex_not_supported_by_default
ecoli|FE3DCITabcpp|g1|h2o_c,CatPred,False,missing_sequence;complex_not_supported_by_default
ecoli|CPGNtonex|g1|cpgn_e,CatPred,False,missing_sequence;complex_not_supported_by_default
ecoli|CPGNtonex|g1|h_p,CatPred,False,missing_sequence;complex_not_supported_by_default
ecoli|GLCRtex_num1|g1|glcr_e,CatPred,True,
ecoli|GLCNtex_num1|g1|glcn_e,CatPred,True,
ecoli|GLCURtex_num1|g1|glcur_e,CatPred,True,
ecoli|GLNtex_num1|g1|gln__L_e,CatPred,True,
ecoli|O2tex_num1|g1|o2_e,CatPred,True,
ecoli|OCTAtex_num1|g1|octa_e,CatPred,True,
ecoli|ORNtex_num1|g1|orn_e,CatPred,True,
ecoli|ECOAH5_num1|g1|3hddcoa_c,CatPred,True,
ecoli|DHFS|g1|atp_c,CatPred,True,
ecoli|DHFS|g1|dhpt_c,CatPred,True,
ecoli|DHFS|g1|glu__L_c,CatPred,True,
ecoli|CITt7pp|g1|cit_p,CatPred,True,
ecoli|CITt7pp|g1|succ_c,CatPred,True,
ecoli|CRNt7pp|g1|crn_p,CatPred,True,
ecoli|CRNt7pp|g1|gbbtn_c,CatPred,True,
ecoli|CHLabcpp|g1|atp_c,CatPred,False,missing_sequence;complex_not_supported_by_default
ecoli|CHLabcpp|g1|chol_p,CatPred,False,missing_sequence;complex_not_supported_by_default
ecoli|CHLabcpp|g1|h2o_c,CatPred,False,missing_sequence;complex_not_supported_by_default
ecoli|DGSNt2pp|g1|dgsn_p,CatPred,True,
ecoli|DGSNt2pp|g1|h_p,CatPred,True,
ecoli|DINSt2pp|g1|din_p,CatPred,True,
ecoli|DINSt2pp|g1|h_p,CatPred,True,
ecoli|DURIt2pp_num1|g1|duri_p,CatPred,True,
ecoli|DURIt2pp_num1|g1|h_p,CatPred,True,
ecoli|FE2abcpp|g1|atp_c,CatPred,True,
ecoli|FE2abcpp|g1|fe2_p,CatPred,True,
ecoli|FE2abcpp|g1|h2o_c,CatPred,True,
ecoli|FRUptspp|g1|fru_p,CatPred,False,missing_sequence;complex_not_supported_by_default
ecoli|FRUptspp|g1|pep_c,CatPred,False,missing_sequence;complex_not_supported_by_default
ecoli|FUCtpp|g1|fuc__L_p,CatPred,True,
ecoli|FUCtpp|g1|h_p,CatPred,True,
ecoli|FUMt2_2pp|g1|fum_p,CatPred,True,
ecoli|FUMt2_2pp|g1|h_p,CatPred,True,
ecoli|FUMt2_3pp_num1|g1|fum_p,CatPred,True,
ecoli|FUMt2_3pp_num1|g1|h_p,CatPred,True,
ecoli|FEENTERtonex|g1|feenter_e,CatPred,False,missing_sequence;complex_not_supported_by_default
ecoli|FEENTERtonex|g1|h_p,CatPred,False,missing_sequence;complex_not_supported_by_default
ecoli|CSNt2pp|g1|csn_p,CatPred,True,
ecoli|CSNt2pp|g1|h_p,CatPred,True,
ecoli|CYNTt2pp|g1|cynt_p,CatPred,True,
ecoli|CYNTt2pp|g1|h_p,CatPred,True,
ecoli|CYTDt2pp_copy1_num1|g1|cytd_p,CatPred,True,
ecoli|CYTDt2pp_copy1_num1|g1|h_p,CatPred,True,
ecoli|CYTDt2pp_copy2|g1|cytd_p,CatPred,True,
ecoli|CYTDt2pp_copy2|g1|h_p,CatPred,True,
ecoli|DADNt2pp_num1|g1|dad_2_p,CatPred,True,
ecoli|DADNt2pp_num1|g1|h_p,CatPred,True,
ecoli|DCYTt2pp_num1|g1|dcyt_p,CatPred,True,
ecoli|DCYTt2pp_num1|g1|h_p,CatPred,True,
ecoli|DDGLCNt2rpp|g1|2ddglcn_p,CatPred,True,
ecoli|DDGLCNt2rpp|g1|h_p,CatPred,True,
ecoli|RMNtex_num1|g1|rmn_e,CatPred,True,
ecoli|MALTTRtexi|g1|malttr_e,CatPred,True,
ecoli|MALTTTRtexi|g1|maltttr_e,CatPred,True,
ecoli|MALTPTtexi|g1|maltpt_e,CatPred,True,
ecoli|MALTtexi|g1|malt_e,CatPred,True,
ecoli|GLCtex_copy1|g1|glc__D_e,CatPred,True,
ecoli|FE3DCITtonex|g1|fe3dcit_e,CatPred,False,missing_sequence;complex_not_supported_by_default
ecoli|FE3DCITtonex|g1|h_p,CatPred,False,missing_sequence;complex_not_supported_by_default
ecoli|PHEtex_num1|g1|phe__L_e,CatPred,True,
ecoli|PItex_num1|g1|pi_e,CatPred,True,
ecoli|ACGAMK|g1|acgam_c,CatPred,True,
ecoli|ACGAMK|g1|atp_c,CatPred,True,
ecoli|METS_num1|g1|5mthf_c,CatPred,True,
ecoli|METS_num1|g1|hcys__L_c,CatPred,True,
ecoli|CYSabc2pp|g1|atp_c,CatPred,False,missing_sequence;complex_not_supported_by_default
ecoli|CYSabc2pp|g1|cys__L_c,CatPred,False,missing_sequence;complex_not_supported_by_default
ecoli|CYSabc2pp|g1|h2o_c,CatPred,False,missing_sequence;complex_not_supported_by_default
ecoli|PRASCSi|g1|5aizc_c,CatPred,True,
ecoli|PRASCSi|g1|asp__L_c,CatPred,True,
ecoli|PRASCSi|g1|atp_c,CatPred,True,
ecoli|TRSARr_num1|g1|2h3oppan_c,CatPred,True,
ecoli|TRSARr_num1|g1|h_c,CatPred,True,
ecoli|TRSARr_num1|g1|nadh_c,CatPred,True,
ecoli|LYXI|g1|lyx__L_c,CatPred,True,
ecoli|PNTOtex_num1|g1|pnto__R_e,CatPred,True,
ecoli|PPPNtex_num1|g1|pppn_e,CatPred,True,
ecoli|PPTtex_num1|g1|ppt_e,CatPred,True,
ecoli|PTRCtex_num1|g1|ptrc_e,CatPred,True,
ecoli|PYRtex_num1|g1|pyr_e,CatPred,True,
ecoli|DSERtex_num1|g1|ser__D_e,CatPred,True,
ecoli|SERtex_num1|g1|ser__L_e,CatPred,True,
ecoli|SO4tex_num1|g1|so4_e,CatPred,True,
ecoli|SPMDtex_num1|g1|spmd_e,CatPred,True,
ecoli|SUCCtex_num1|g1|succ_e,CatPred,True,
ecoli|SUCRtex_num1|g1|sucr_e,CatPred,True,
ecoli|TARTRtex_num1|g1|tartr__L_e,CatPred,True,
ecoli|TAURtex_num1|g1|taur_e,CatPred,True,
ecoli|THRtex_num1|g1|thr__L_e,CatPred,True,
ecoli|THMDtex_num1|g1|thymd_e,CatPred,True,
ecoli|CBIuabcpp|g1|atp_c,CatPred,False,missing_sequence;complex_not_supported_by_default
ecoli|CBIuabcpp|g1|cbi_p,CatPred,False,missing_sequence;complex_not_supported_by_default
ecoli|CBIuabcpp|g1|h2o_c,CatPred,False,missing_sequence;complex_not_supported_by_default
ecoli|METDtex_num1|g1|met__D_e,CatPred,True,
ecoli|METtex_num1|g1|met__L_e,CatPred,True,
ecoli|MNLtex_num1|g1|mnl_e,CatPred,True,
ecoli|NAtex_num1|g1|na1_e,CatPred,True,
ecoli|NACtex_num1|g1|nac_e,CatPred,True,
ecoli|NH4tex_num1|g1|nh4_e,CatPred,True,
ecoli|URIH_num1|g1|h2o_c,CatPred,True,
ecoli|URIH_num1|g1|uri_c,CatPred,True,
ecoli|XTSNH|g1|h2o_c,CatPred,True,
ecoli|XTSNH|g1|xtsn_c,CatPred,True,
ecoli|INSH|g1|h2o_c,CatPred,True,
ecoli|INSH|g1|ins_c,CatPred,True,
ecoli|BUTtex_num1|g1|but_e,CatPred,True,
ecoli|CHLtex_num1|g1|chol_e,CatPred,True,
ecoli|CO2tex_num1|g1|co2_e,CatPred,True,
ecoli|CRNtex_num1|g1|crn_e,CatPred,True,
ecoli|PPK2|g1|atp_c,CatPred,True,
ecoli|PPK2|g1|ppi_c,CatPred,True,
ecoli|DINStex_num1|g1|din_e,CatPred,True,
ecoli|DMStex_num1|g1|dms_e,CatPred,True,
ecoli|CSNtex_num1|g1|csn_e,CatPred,True,
ecoli|CYNTtex_num1|g1|cynt_e,CatPred,True,
ecoli|CYStex_num1|g1|cys__L_e,CatPred,True,
ecoli|CYTDtex_num1|g1|cytd_e,CatPred,True,
ecoli|DCAtex_num1|g1|dca_e,CatPred,True,
ecoli|DCYTtex|g1|dcyt_e,CatPred,True,
ecoli|DGSNtex_num1|g1|dgsn_e,CatPred,True,
ecoli|MTHFR2|g1|h_c,CatPred,True,
ecoli|MTHFR2|g1|mlthf_c,CatPred,True,
ecoli|MTHFR2|g1|nadh_c,CatPred,True,
ecoli|ASPO3|g1|asp__L_c,CatPred,True,
ecoli|ASPO3|g1|q8_c,CatPred,True,
ecoli|ASPO5|g1|asp__L_c,CatPred,True,
ecoli|ASPO5|g1|fum_c,CatPred,True,
ecoli|ASPO4|g1|asp__L_c,CatPred,True,
ecoli|ASPO4|g1|mqn8_c,CatPred,True,
ecoli|ASPO6|g1|asp__L_c,CatPred,True,
ecoli|ASPO6|g1|o2_c,CatPred,True,
ecoli|LCTStex_num1|g1|lcts_e,CatPred,True,
ecoli|LEUtex_num1|g1|leu__L_e,CatPred,True,
ecoli|LYStex_num1|g1|lys__L_e,CatPred,True,
ecoli|LYXtex_num1|g1|lyx__L_e,CatPred,True,
ecoli|MANtex_num1|g1|man_e,CatPred,True,
ecoli|MAN6Ptex_num1|g1|man6p_e,CatPred,True,
ecoli|MELIBtex_num1|g1|melib_e,CatPred,True,
ecoli|DMSOtex_num1|g1|dmso_e,CatPred,True,
ecoli|DURItex|g1|duri_e,CatPred,True,
ecoli|FRUtex_num1|g1|fru_e,CatPred,True,
ecoli|FUCtex_num1|g1|fuc__L_e,CatPred,True,
ecoli|FUMtex_num1|g1|fum_e,CatPred,True,
ecoli|ACACT5r_num1|g1|accoa_c,CatPred,True,
ecoli|ACACT5r_num1|g1|dcacoa_c,CatPred,True,
ecoli|MALDDH|g1|mal__D_c,CatPred,True,
ecoli|MALDDH|g1|nad_c,CatPred,True,
ecoli|FE2tex_num1|g1|fe2_e,CatPred,True,
ecoli|NMNtex_num1|g1|nmn_e,CatPred,True,
ecoli|NO2tex_num1|g1|no2_e,CatPred,True,
ecoli|DHPS2|g1|4abz_c,CatPred,True,
ecoli|DHPS2|g1|6hmhptpp_c,CatPred,True,
ecoli|MTHFC|g1|h2o_c,CatPred,True,
ecoli|MTHFC|g1|methf_c,CatPred,True,
ecoli|MTHFD|g1|mlthf_c,CatPred,True,
ecoli|MTHFD|g1|nadp_c,CatPred,True,
ecoli|BUTt2rpp|g1|but_p,CatPred,True,
ecoli|BUTt2rpp|g1|h_p,CatPred,True,
ecoli|CADVtpp|g1|15dap_c,CatPred,True,
ecoli|CADVtpp|g1|h_p,CatPred,True,
ecoli|CADVtpp|g1|lys__L_p,CatPred,True,
ecoli|QULNS|g1|dhap_c,CatPred,True,
ecoli|QULNS|g1|iasp_c,CatPred,True,
ecoli|ALKP|g1|dhap_c,CatPred,True,
ecoli|ALKP|g1|h2o_c,CatPred,True,
ecoli|GDPtex_num1|g1|gdp_e,CatPred,True,
ecoli|TMAtex_num1|g1|tma_e,CatPred,True,
ecoli|TMAOtex_num1|g1|tmao_e,CatPred,True,
ecoli|TREtex_num1|g1|tre_e,CatPred,True,
ecoli|L_LACD3_num1|g1|lac__L_c,CatPred,False,missing_sequence;complex_not_supported_by_default
ecoli|L_LACD3_num1|g1|mqn8_c,CatPred,False,missing_sequence;complex_not_supported_by_default
ecoli|L_LACD2_num1|g1|lac__L_c,CatPred,False,missing_sequence;complex_not_supported_by_default
ecoli|L_LACD2_num1|g1|q8_c,CatPred,False,missing_sequence;complex_not_supported_by_default
ecoli|ACACT6r_num1|g1|accoa_c,CatPred,True,
ecoli|ACACT6r_num1|g1|ddcacoa_c,CatPred,True,
ecoli|TRPtex_num1|g1|trp__L_e,CatPred,True,
ecoli|TSULtex_num1|g1|tsul_e,CatPred,True,
ecoli|TYRtex_num1|g1|tyr__L_e,CatPred,True,
ecoli|URAtex_num1|g1|ura_e,CatPred,True,
ecoli|UREAtex_num1|g1|urea_e,CatPred,True,
ecoli|URItex|g1|uri_e,CatPred,True,
ecoli|VALtex_num1|g1|val__L_e,CatPred,True,
ecoli|XANtex_num1|g1|xan_e,CatPred,True,
ecoli|XYLtex_num1|g1|xyl__D_e,CatPred,True,
ecoli|ABUTtex_num1|g1|4abut_e,CatPred,True,
ecoli|FORtppi_num1|g1|for_c,CatPred,True,
ecoli|DATPHs|g1|datp_c,CatPred,False,missing_sequence
ecoli|DATPHs|g1|h2o_c,CatPred,False,missing_sequence
ecoli|DATPHs|g1|h_c,CatPred,False,missing_sequence
ecoli|GLCTR1|g1|icolipa_c,CatPred,True,
ecoli|GLCTR1|g1|udpg_c,CatPred,True,
ecoli|LIPAabcpp|g1|atp_c,CatPred,True,
ecoli|LIPAabcpp|g1|h2o_c,CatPred,True,
ecoli|LIPAabcpp|g1|lipa_c,CatPred,True,
ecoli|LIPACabcpp|g1|atp_c,CatPred,True,
ecoli|LIPACabcpp|g1|h2o_c,CatPred,True,
ecoli|LIPACabcpp|g1|lipa_cold_c,CatPred,True,
ecoli|GGGABADr|g1|ggbutal_c,CatPred,True,
ecoli|GGGABADr|g1|h2o_c,CatPred,True,
ecoli|GGGABADr|g1|nadp_c,CatPred,True,
ecoli|GLYOX3|g1|h2o_c,CatPred,True,
ecoli|GLYOX3|g1|mthgxl_c,CatPred,True,
ecoli|FDMO3|g1|ethso3_c,CatPred,True,
ecoli|FDMO3|g1|fmnh2_c,CatPred,True,
ecoli|FDMO3|g1|o2_c,CatPred,True,
ecoli|FDMO4|g1|butso3_c,CatPred,True,
ecoli|FDMO4|g1|fmnh2_c,CatPred,True,
ecoli|FDMO4|g1|o2_c,CatPred,True,
ecoli|BUTSO3abcpp_num1|g1|atp_c,CatPred,False,missing_sequence;complex_not_supported_by_default
ecoli|BUTSO3abcpp_num1|g1|butso3_p,CatPred,False,missing_sequence;complex_not_supported_by_default
ecoli|BUTSO3abcpp_num1|g1|h2o_c,CatPred,False,missing_sequence;complex_not_supported_by_default
ecoli|ETHSO3abcpp|g1|atp_c,CatPred,False,missing_sequence;complex_not_supported_by_default
ecoli|ETHSO3abcpp|g1|ethso3_p,CatPred,False,missing_sequence;complex_not_supported_by_default
ecoli|ETHSO3abcpp|g1|h2o_c,CatPred,False,missing_sequence;complex_not_supported_by_default
ecoli|O16GLCT1|g1|aragund_c,CatPred,True,
ecoli|O16GLCT1|g1|udpg_c,CatPred,True,
ecoli|O16AP2pp|g1|o16a2und_p,CatPred,False,missing_sequence;complex_not_supported_by_default
ecoli|O16AP2pp|g1|o16aund_p,CatPred,False,missing_sequence;complex_not_supported_by_default
ecoli|O16AP3pp|g1|o16a3und_p,CatPred,False,missing_sequence;complex_not_supported_by_default
ecoli|O16AP3pp|g1|o16aund_p,CatPred,False,missing_sequence;complex_not_supported_by_default
ecoli|O16A4Lpp|g1|colipa_p,CatPred,True,
ecoli|O16A4Lpp|g1|o16a4und_p,CatPred,True,
ecoli|MALTATr|g1|accoa_c,CatPred,True,
ecoli|MALTATr|g1|malt_c,CatPred,True,
ecoli|ENTERES|g1|enter_c,CatPred,True,
ecoli|ENTERES|g1|h2o_c,CatPred,True,
ecoli|23CAMPtex_num1|g1|23camp_e,CatPred,True,
ecoli|23CCMPtex_num1|g1|23ccmp_e,CatPred,True,
ecoli|23CUMPtex_num1|g1|23cump_e,CatPred,True,
ecoli|23CGMPtex_num1|g1|23cgmp_e,CatPred,True,
ecoli|3AMPtex_num1|g1|3amp_e,CatPred,True,
ecoli|3CMPtex_num1|g1|3cmp_e,CatPred,True,
ecoli|LADGMDH|g1|LalaDgluMdap_c,CatPred,False,missing_smiles
ecoli|LADGMDH|g1|h2o_c,CatPred,True,
ecoli|ALAGLUE|g1|LalaDglu_c,CatPred,True,
ecoli|FEENTERtpp|g1|enter_c,CatPred,True,
ecoli|FEENTERtpp|g1|h_p,CatPred,True,
ecoli|FEENTERtex|g1|enter_p,CatPred,True,
ecoli|FEENTERtex|g1|h_p,CatPred,True,
ecoli|PTRCt2pp_num1|g1|h_p,CatPred,True,
ecoli|PTRCt2pp_num1|g1|ptrc_p,CatPred,True,
ecoli|GGGABAH|g1|gg4abut_c,CatPred,True,
ecoli|GGGABAH|g1|h2o_c,CatPred,True,
ecoli|FRULYSK|g1|atp_c,CatPred,True,
ecoli|FRULYSK|g1|frulys_c,CatPred,True,
ecoli|FDMO6|g1|fmnh2_c,CatPred,True,
ecoli|FDMO6|g1|o2_c,CatPred,True,
ecoli|FDMO6|g1|sulfac_c,CatPred,True,
ecoli|SULFACabcpp|g1|atp_c,CatPred,False,missing_sequence;complex_not_supported_by_default
ecoli|SULFACabcpp|g1|h2o_c,CatPred,False,missing_sequence;complex_not_supported_by_default
ecoli|SULFACabcpp|g1|sulfac_p,CatPred,False,missing_sequence;complex_not_supported_by_default
ecoli|ETHSO3tex_num1|g1|ethso3_e,CatPred,True,
ecoli|BUTSO3tex_num1|g1|butso3_e,CatPred,True,
ecoli|LIPOtex_num1|g1|lipoate_e,CatPred,True,
ecoli|CYANSTpp|g1|cyan_p,CatPred,True,
ecoli|CYANSTpp|g1|tsul_p,CatPred,True,
ecoli|MCPST|g1|cyan_c,CatPred,True,
ecoli|MCPST|g1|mercppyr_c,CatPred,True,
ecoli|PHEMEabcpp|g1|atp_c,CatPred,False,missing_sequence;complex_not_supported_by_default
ecoli|PHEMEabcpp|g1|h2o_c,CatPred,False,missing_sequence;complex_not_supported_by_default
ecoli|PHEMEabcpp|g1|pheme_c,CatPred,False,missing_sequence;complex_not_supported_by_default
ecoli|GALBDtex_num1|g1|gal_bD_e,CatPred,True,
ecoli|LIPAHT2ex|g1|colipa_e,CatPred,True,
ecoli|LIPAHT2ex|g1|h_e,CatPred,True,
ecoli|LIPAHT2ex|g1|hdca_e,CatPred,True,
ecoli|LIPAHTex|g1|h_e,CatPred,True,
ecoli|LIPAHTex|g1|hdca_e,CatPred,True,
ecoli|LIPAHTex|g1|lipa_e,CatPred,True,
ecoli|ECAP1pp|g1|unagamuf_p,CatPred,False,missing_sequence;complex_not_supported_by_default
ecoli|UDCPDPpp_num1|g1|h2o_p,CatPred,True,
ecoli|UDCPDPpp_num1|g1|udcpdp_p,CatPred,True,
ecoli|ECAP2pp|g1|eca2und_p,CatPred,False,missing_sequence;complex_not_supported_by_default
ecoli|ECAP2pp|g1|unagamuf_p,CatPred,False,missing_sequence;complex_not_supported_by_default
ecoli|ECA4OALpp|g1|colipa_p,CatPred,True,
ecoli|ECA4OALpp|g1|eca4und_p,CatPred,True,
ecoli|FE3Ri|g1|fadh2_c,CatPred,True,
ecoli|FE3Ri|g1|fe3_c,CatPred,True,
ecoli|SULFACtex_num1|g1|sulfac_e,CatPred,True,
ecoli|NODOy|g1|nadph_c,CatPred,True,
ecoli|NODOy|g1|no_c,CatPred,True,
ecoli|NODOy|g1|o2_c,CatPred,True,
ecoli|GALM2pp|g1|gal_bD_p,CatPred,True,
ecoli|CU1abcpp|g1|atp_c,CatPred,True,
ecoli|CU1abcpp|g1|cu_c,CatPred,True,
ecoli|CU1abcpp|g1|h2o_c,CatPred,True,
ecoli|HG2abcpp|g1|atp_c,CatPred,True,
ecoli|HG2abcpp|g1|h2o_c,CatPred,True,
ecoli|HG2abcpp|g1|hg2_c,CatPred,True,
ecoli|GLCTR3|g1|ggagicolipa_c,CatPred,True,
ecoli|GLCTR3|g1|udpg_c,CatPred,True,
ecoli|HEPT4|g1|adphep_LD_c,CatPred,True,
ecoli|HEPT4|g1|gggagicolipa_c,CatPred,True,
ecoli|LA4NTpp|g1|colipa_p,CatPred,True,
ecoli|LA4NTpp|g1|uLa4n_p,CatPred,False,missing_smiles
ecoli|NODOx|g1|nadh_c,CatPred,True,
ecoli|NODOx|g1|no_c,CatPred,True,
ecoli|NODOx|g1|o2_c,CatPred,True,
ecoli|NOtex_num1|g1|no_e,CatPred,True,
ecoli|NOtpp|g1|no_p,CatPred,False,missing_sequence
ecoli|NHFRBO|g1|h_c,CatPred,False,missing_sequence;complex_not_supported_by_default
ecoli|NHFRBO|g1|nadh_c,CatPred,False,missing_sequence;complex_not_supported_by_default
ecoli|NHFRBO|g1|no_c,CatPred,False,missing_sequence;complex_not_supported_by_default
ecoli|N2Otpp|g1|n2o_p,CatPred,False,missing_sequence
ecoli|N2Otex_num1|g1|n2o_e,CatPred,True,
ecoli|CRNt8pp|g1|crn__D_c,CatPred,True,
ecoli|CRNt8pp|g1|crn_p,CatPred,True,
ecoli|CRNt2rpp|g1|crn_p,CatPred,True,
ecoli|CRNt2rpp|g1|h_p,CatPred,True,
ecoli|CRNDt2rpp|g1|crn__D_p,CatPred,True,
ecoli|CRNDt2rpp|g1|h_p,CatPred,True,
ecoli|CTBTt2rpp|g1|ctbt_p,CatPred,True,
ecoli|CTBTt2rpp|g1|h_p,CatPred,True,
ecoli|42A12BOOXpp|g1|dopa_p,CatPred,True,
ecoli|42A12BOOXpp|g1|h2o_p,CatPred,True,
ecoli|42A12BOOXpp|g1|o2_p,CatPred,True,
ecoli|TYROXDApp|g1|h2o_p,CatPred,True,
ecoli|TYROXDApp|g1|o2_p,CatPred,True,
ecoli|TYROXDApp|g1|tym_p,CatPred,True,
ecoli|PEAMNtex_num1|g1|peamn_e,CatPred,True,
ecoli|PACALDtex_num1|g1|pacald_e,CatPred,True,
ecoli|NTRIR4pp|g1|h_p,CatPred,False,missing_sequence;complex_not_supported_by_default
ecoli|NTRIR4pp|g1|mql8_c,CatPred,False,missing_sequence;complex_not_supported_by_default
ecoli|NTRIR4pp|g1|no2_p,CatPred,False,missing_sequence;complex_not_supported_by_default
ecoli|NTRIR3pp|g1|h_p,CatPred,False,missing_sequence;complex_not_supported_by_default
ecoli|NTRIR3pp|g1|no2_p,CatPred,False,missing_sequence;complex_not_supported_by_default
ecoli|NTRIR3pp|g1|q8h2_c,CatPred,False,missing_sequence;complex_not_supported_by_default
ecoli|INOSTt4pp|g1|inost_p,CatPred,True,
ecoli|INOSTt4pp|g1|na1_p,CatPred,True,
ecoli|AGM3PA|g1|anhgm3p_c,CatPred,True,
ecoli|AGM3PA|g1|h2o_c,CatPred,True,
ecoli|CYANtex_num1|g1|cyan_e,CatPred,True,
ecoli|SO3tex_num1|g1|so3_e,CatPred,True,
ecoli|TCYNTtex_num1|g1|tcynt_e,CatPred,True,
ecoli|ACANTHAT|g1|accoa_c,CatPred,True,
ecoli|ACANTHAT|g1|anth_c,CatPred,True,
ecoli|METSOX1tex_num1|g1|metsox_S__L_e,CatPred,True,
ecoli|METSOX2tex_num1|g1|metsox_R__L_e,CatPred,True,
ecoli|3UMPtex_num1|g1|3ump_e,CatPred,True,
ecoli|3GMPtex_num1|g1|3gmp_e,CatPred,True,
ecoli|FALDtpp|g1|fald_p,CatPred,False,missing_sequence
ecoli|METSOXR1_num1|g1|metsox_S__L_c,CatPred,False,missing_sequence;complex_not_supported_by_default
ecoli|METSOXR1_num1|g1|trdrd_c,CatPred,False,missing_sequence;complex_not_supported_by_default
ecoli|METSOXR2_num1|g1|metsox_R__L_c,CatPred,False,missing_sequence;complex_not_supported_by_default
ecoli|METSOXR2_num1|g1|trdrd_c,CatPred,False,missing_sequence;complex_not_supported_by_default
ecoli|DAPAL|g1|23dappa_c,CatPred,True,
ecoli|DAPAL|g1|h2o_c,CatPred,True,
ecoli|AMPTASECG_num1|g1|cgly_c,CatPred,True,
ecoli|AMPTASECG_num1|g1|h2o_c,CatPred,True,
ecoli|DOPAtex_num1|g1|dopa_e,CatPred,True,
ecoli|4HOXPACDtex_num1|g1|4hoxpacd_e,CatPred,True,
ecoli|LACZpp|g1|h2o_p,CatPred,True,
ecoli|LACZpp|g1|lcts_p,CatPred,True,
ecoli|GPDDA1pp|g1|g3pc_p,CatPred,True,
ecoli|GPDDA1pp|g1|h2o_p,CatPred,True,
ecoli|GPDDA5pp|g1|g3pi_p,CatPred,True,
ecoli|GPDDA5pp|g1|h2o_p,CatPred,True,
ecoli|ETHAtex_num1|g1|etha_e,CatPred,True,
ecoli|G3PStex_num1|g1|g3ps_e,CatPred,True,
ecoli|FLVR_num1|g1|h_c,CatPred,True,
ecoli|FLVR_num1|g1|nadph_c,CatPred,True,
ecoli|FLVR_num1|g1|ribflv_c,CatPred,True,
ecoli|FEENTERexs|g1|enter_e,CatPred,False,missing_sequence
ecoli|FEENTERexs|g1|fe3_e,CatPred,False,missing_sequence
ecoli|FE3HOXexs|g1|fe3_e,CatPred,False,missing_sequence
ecoli|FE3HOXexs|g1|fe3hox_un_e,CatPred,False,missing_sequence;missing_smiles
ecoli|FDMO2|g1|fmnh2_c,CatPred,True,
ecoli|FDMO2|g1|mso3_c,CatPred,True,
ecoli|FDMO2|g1|o2_c,CatPred,True,
ecoli|LALGP|g1|LalaLglu_c,CatPred,True,
ecoli|LALGP|g1|h2o_c,CatPred,True,
ecoli|AGM4PApp_num1|g1|anhgm4p_p,CatPred,True,
ecoli|AGM4PApp_num1|g1|h2o_p,CatPred,True,
ecoli|AGM4PA|g1|anhgm4p_c,CatPred,True,
ecoli|AGM4PA|g1|h2o_c,CatPred,True,
ecoli|RNDR3b_num1|g1|cdp_c,CatPred,False,missing_sequence;complex_not_supported_by_default
ecoli|RNDR3b_num1|g1|grxrd_c,CatPred,False,missing_sequence;missing_smiles;complex_not_supported_by_default
ecoli|RNDR4b_num1|g1|grxrd_c,CatPred,False,missing_sequence;missing_smiles;complex_not_supported_by_default
ecoli|RNDR4b_num1|g1|udp_c,CatPred,False,missing_sequence;complex_not_supported_by_default
ecoli|ACGAL1Ptex_num1|g1|acgal1p_e,CatPred,True,
ecoli|ACGALtex_num1|g1|acgal_e,CatPred,True,
ecoli|GLCUR1Ptex_num1|g1|glcur1p_e,CatPred,True,
ecoli|UDPGLCURtex_num1|g1|udpglcur_e,CatPred,True,
ecoli|UDPGALPpp|g1|h2o_p,CatPred,True,
ecoli|UDPGALPpp|g1|udpgal_p,CatPred,True,
ecoli|UACGAMPpp|g1|h2o_p,CatPred,True,
ecoli|UACGAMPpp|g1|uacgam_p,CatPred,True,
ecoli|UACGALPpp|g1|h2o_p,CatPred,True,
ecoli|UACGALPpp|g1|udpacgal_p,CatPred,True,
ecoli|UGLCURPpp|g1|h2o_p,CatPred,True,
ecoli|UGLCURPpp|g1|udpglcur_p,CatPred,True,
ecoli|FEROpp_num1|g1|fe2_p,CatPred,True,
ecoli|FEROpp_num1|g1|h_p,CatPred,True,
ecoli|FEROpp_num1|g1|o2_p,CatPred,True,
ecoli|ISETACabcpp_num1|g1|atp_c,CatPred,False,missing_sequence;complex_not_supported_by_default
ecoli|ISETACabcpp_num1|g1|h2o_c,CatPred,False,missing_sequence;complex_not_supported_by_default
ecoli|ISETACabcpp_num1|g1|isetac_p,CatPred,False,missing_sequence;complex_not_supported_by_default
ecoli|ISETACtex_num1|g1|isetac_e,CatPred,True,
ecoli|UDPGtex_num1|g1|udpg_e,CatPred,True,
ecoli|UDPGALtex_num1|g1|udpgal_e,CatPred,True,
ecoli|ACGAM1Ptex_num1|g1|acgam1p_e,CatPred,True,
ecoli|UACGAMtex_num1|g1|uacgam_e,CatPred,True,
ecoli|UDPACGALtex_num1|g1|udpacgal_e,CatPred,True,
ecoli|AM4PCP|g1|anhm4p_c,CatPred,True,
ecoli|AM4PCP|g1|h2o_c,CatPred,True,
ecoli|AM3PA|g1|anhm3p_c,CatPred,True,
ecoli|AM3PA|g1|h2o_c,CatPred,True,
ecoli|UM4PCP|g1|h2o_c,CatPred,True,
ecoli|UM4PCP|g1|um4p_c,CatPred,False,missing_smiles
ecoli|CBLAT|g1|atp_c,CatPred,True,
ecoli|CBLAT|g1|cbl1_c,CatPred,True,
ecoli|CBLAT|g1|h_c,CatPred,True,
ecoli|MSO3abcpp|g1|atp_c,CatPred,False,missing_sequence;complex_not_supported_by_default
ecoli|MSO3abcpp|g1|h2o_c,CatPred,False,missing_sequence;complex_not_supported_by_default
ecoli|MSO3abcpp|g1|mso3_p,CatPred,False,missing_sequence;complex_not_supported_by_default
ecoli|MSO3tex_num1|g1|mso3_e,CatPred,True,
ecoli|TDP|g1|h2o_c,CatPred,True,
ecoli|TDP|g1|thmpp_c,CatPred,True,
ecoli|3PEPTabcpp_num1|g1|LalaDgluMdap_p,CatPred,False,missing_sequence;missing_smiles;complex_not_supported_by_default
ecoli|3PEPTabcpp_num1|g1|atp_c,CatPred,False,missing_sequence;complex_not_supported_by_default
ecoli|3PEPTabcpp_num1|g1|h2o_c,CatPred,False,missing_sequence;complex_not_supported_by_default
ecoli|4PEPTabcpp_num1|g1|LalaDgluMdapDala_p,CatPred,False,missing_sequence;complex_not_supported_by_default
ecoli|4PEPTabcpp_num1|g1|atp_c,CatPred,False,missing_sequence;complex_not_supported_by_default
ecoli|4PEPTabcpp_num1|g1|h2o_c,CatPred,False,missing_sequence;complex_not_supported_by_default
ecoli|AGM3Pt2pp|g1|anhgm3p_p,CatPred,True,
ecoli|AGM3Pt2pp|g1|h_p,CatPred,True,
ecoli|AGM4Pt2pp|g1|anhgm4p_p,CatPred,True,
ecoli|AGM4Pt2pp|g1|h_p,CatPred,True,
ecoli|AGMt2pp|g1|anhgm_p,CatPred,False,missing_smiles
ecoli|AGMt2pp|g1|h_p,CatPred,True,
ecoli|FECRMexs|g1|fe3_e,CatPred,False,missing_sequence
ecoli|FECRMexs|g1|fecrm_un_e,CatPred,False,missing_sequence
ecoli|ARBTNexs|g1|arbtn_e,CatPred,False,missing_sequence
ecoli|ARBTNexs|g1|fe3_e,CatPred,False,missing_sequence
ecoli|FEOXAMexs|g1|fe3_e,CatPred,False,missing_sequence
ecoli|FEOXAMexs|g1|feoxam_un_e,CatPred,False,missing_sequence;missing_smiles
ecoli|FEOXAMR1|g1|fadh2_c,CatPred,True,
ecoli|FEOXAMR1|g1|feoxam_c,CatPred,True,
ecoli|FEOXAMR2|g1|feoxam_c,CatPred,True,
ecoli|FEOXAMR2|g1|fmnh2_c,CatPred,True,
ecoli|FEOXAMR3|g1|feoxam_c,CatPred,True,
ecoli|FEOXAMR3|g1|rbflvrd_c,CatPred,True,
ecoli|PTHRpp_num1|g1|h2o_p,CatPred,True,
ecoli|PTHRpp_num1|g1|thrp_p,CatPred,True,
ecoli|ARABDI|g1|arab__D_c,CatPred,True,
ecoli|AGt3|g1|ag_c,CatPred,False,missing_sequence;complex_not_supported_by_default
ecoli|AGt3|g1|h_e,CatPred,False,missing_sequence;complex_not_supported_by_default
ecoli|CD2t3pp_num1|g1|cd2_c,CatPred,True,
ecoli|CD2t3pp_num1|g1|h_p,CatPred,True,
ecoli|ZNabcpp|g1|atp_c,CatPred,False,missing_sequence;complex_not_supported_by_default
ecoli|ZNabcpp|g1|h2o_c,CatPred,False,missing_sequence;complex_not_supported_by_default
ecoli|ZNabcpp|g1|zn2_p,CatPred,False,missing_sequence;complex_not_supported_by_default
ecoli|SKMt2pp|g1|h_p,CatPred,True,
ecoli|SKMt2pp|g1|skm_p,CatPred,True,
ecoli|FE2t2pp|g1|fe2_p,CatPred,True,
ecoli|FE2t2pp|g1|h_p,CatPred,True,
ecoli|R5PPpp_num1|g1|h2o_p,CatPred,True,
ecoli|R5PPpp_num1|g1|r5p_p,CatPred,True,
ecoli|PSP_Lpp_num1|g1|h2o_p,CatPred,True,
ecoli|PSP_Lpp_num1|g1|pser__L_p,CatPred,True,
ecoli|TYRPpp|g1|h2o_p,CatPred,True,
ecoli|TYRPpp|g1|tyrp_p,CatPred,True,
ecoli|GLYC2Ptex_num1|g1|glyc2p_e,CatPred,True,
ecoli|PSERtex_num1|g1|pser__L_e,CatPred,True,
ecoli|R5Ptex_num1|g1|r5p_e,CatPred,True,
ecoli|THRPtex_num1|g1|thrp_e,CatPred,True,
ecoli|TYRPtex_num1|g1|tyrp_e,CatPred,True,
ecoli|PAPSR2_num1|g1|grxrd_c,CatPred,False,missing_sequence;missing_smiles;complex_not_supported_by_default
ecoli|PAPSR2_num1|g1|paps_c,CatPred,False,missing_sequence;complex_not_supported_by_default
ecoli|GRXR_num1|g1|grxox_c,CatPred,False,missing_smiles
ecoli|GRXR_num1|g1|gthrd_c,CatPred,True,
ecoli|RNDR1b_num1|g1|adp_c,CatPred,False,missing_sequence;complex_not_supported_by_default
ecoli|RNDR1b_num1|g1|grxrd_c,CatPred,False,missing_sequence;missing_smiles;complex_not_supported_by_default
ecoli|RNDR2b_num1|g1|gdp_c,CatPred,False,missing_sequence;complex_not_supported_by_default
ecoli|RNDR2b_num1|g1|grxrd_c,CatPred,False,missing_sequence;missing_smiles;complex_not_supported_by_default
ecoli|FACOAE181|g1|h2o_c,CatPred,True,
ecoli|FACOAE181|g1|odecoa_c,CatPred,True,
ecoli|FACOAE160|g1|h2o_c,CatPred,True,
ecoli|FACOAE160|g1|pmtcoa_c,CatPred,True,
ecoli|FACOAE140|g1|h2o_c,CatPred,True,
ecoli|FACOAE140|g1|tdcoa_c,CatPred,True,
ecoli|AAMYL|g1|14glucan_c,CatPred,True,
ecoli|AAMYLpp|g1|14glucan_p,CatPred,True,
ecoli|FACOAL80t2pp_num1|g1|atp_c,CatPred,True,
ecoli|FACOAL80t2pp_num1|g1|coa_c,CatPred,True,
ecoli|FACOAL80t2pp_num1|g1|h_p,CatPred,True,
ecoli|FACOAL80t2pp_num1|g1|octa_p,CatPred,True,
ecoli|PPGPPDP|g1|h2o_c,CatPred,True,
ecoli|PPGPPDP|g1|ppgpp_c,CatPred,True,
ecoli|CPGNabcpp|g1|atp_c,CatPred,False,missing_sequence;complex_not_supported_by_default
ecoli|CPGNabcpp|g1|cpgn_p,CatPred,False,missing_sequence;complex_not_supported_by_default
ecoli|CPGNabcpp|g1|h2o_c,CatPred,False,missing_sequence;complex_not_supported_by_default
ecoli|CPGNexs|g1|cpgn_un_e,CatPred,False,missing_sequence;missing_smiles
ecoli|CPGNexs|g1|fe3_e,CatPred,False,missing_sequence
ecoli|CITtex_num1|g1|cit_e,CatPred,True,
ecoli|ACGAtex_num1|g1|acgam_e,CatPred,True,
ecoli|DDCAtexi|g1|ddca_e,CatPred,True,
ecoli|TTDCAtexi|g1|ttdca_e,CatPred,True,
ecoli|HDCAtexi|g1|hdca_e,CatPred,True,
ecoli|23PDE2pp|g1|23cump_p,CatPred,True,
ecoli|23PDE2pp|g1|h2o_p,CatPred,True,
ecoli|23PDE4pp|g1|23ccmp_p,CatPred,True,
ecoli|23PDE4pp|g1|h2o_p,CatPred,True,
ecoli|23PDE9pp|g1|23cgmp_p,CatPred,True,
ecoli|23PDE9pp|g1|h2o_p,CatPred,True,
ecoli|ATPHs|g1|atp_c,CatPred,False,missing_sequence
ecoli|ATPHs|g1|h2o_c,CatPred,False,missing_sequence
ecoli|ATPHs|g1|h_c,CatPred,False,missing_sequence
ecoli|SARCOX|g1|h2o_c,CatPred,True,
ecoli|SARCOX|g1|o2_c,CatPred,True,
ecoli|SARCOX|g1|sarcs_c,CatPred,True,
ecoli|GTPHs|g1|gtp_c,CatPred,False,missing_sequence
ecoli|GTPHs|g1|h2o_c,CatPred,False,missing_sequence
ecoli|GTPHs|g1|h_c,CatPred,False,missing_sequence
ecoli|MN6PP_num1|g1|h2o_c,CatPred,True,
ecoli|MN6PP_num1|g1|man6p_c,CatPred,True,
ecoli|3KGK|g1|3dhguln_c,CatPred,True,
ecoli|3KGK|g1|atp_c,CatPred,True,
ecoli|F6PP_num1|g1|f6p_c,CatPred,True,
ecoli|F6PP_num1|g1|h2o_c,CatPred,True,
ecoli|GDPMNH|g1|gdpmann_c,CatPred,True,
ecoli|GDPMNH|g1|h2o_c,CatPred,True,
ecoli|FACOAL60t2pp_num1|g1|atp_c,CatPred,True,
ecoli|FACOAL60t2pp_num1|g1|coa_c,CatPred,True,
ecoli|FACOAL60t2pp_num1|g1|h_p,CatPred,True,
ecoli|FACOAL60t2pp_num1|g1|hxa_p,CatPred,True,
ecoli|IDONt2rpp|g1|h_p,CatPred,True,
ecoli|IDONt2rpp|g1|idon__L_p,CatPred,True,
ecoli|ILEabcpp|g1|atp_c,CatPred,False,missing_sequence;complex_not_supported_by_default
ecoli|ILEabcpp|g1|h2o_c,CatPred,False,missing_sequence;complex_not_supported_by_default
ecoli|ILEabcpp|g1|ile__L_p,CatPred,False,missing_sequence;complex_not_supported_by_default
ecoli|INDOLEt2pp|g1|h_c,CatPred,False,missing_sequence;complex_not_supported_by_default
ecoli|INDOLEt2pp|g1|indole_c,CatPred,False,missing_sequence;complex_not_supported_by_default
ecoli|INSt2pp_num1|g1|h_p,CatPred,True,
ecoli|INSt2pp_num1|g1|ins_p,CatPred,True,
ecoli|LYXt2pp|g1|h_p,CatPred,True,
ecoli|LYXt2pp|g1|lyx__L_p,CatPred,True,
ecoli|GDPDPK_num1|g1|atp_c,CatPred,True,
ecoli|GDPDPK_num1|g1|gdp_c,CatPred,True,
ecoli|OCDCAtexi|g1|ocdca_e,CatPred,True,
ecoli|OCDCEAtexi|g1|ocdcea_e,CatPred,True,
ecoli|G6Ptex_num1|g1|g6p_e,CatPred,True,
ecoli|TUNGSabcpp|g1|atp_c,CatPred,False,missing_sequence;complex_not_supported_by_default
ecoli|TUNGSabcpp|g1|h2o_c,CatPred,False,missing_sequence;complex_not_supported_by_default
ecoli|TUNGSabcpp|g1|tungs_p,CatPred,False,missing_sequence;complex_not_supported_by_default
ecoli|MOBDabcpp_num1|g1|atp_c,CatPred,False,missing_sequence;complex_not_supported_by_default
ecoli|MOBDabcpp_num1|g1|h2o_c,CatPred,False,missing_sequence;complex_not_supported_by_default
ecoli|MOBDabcpp_num1|g1|mobd_p,CatPred,False,missing_sequence;complex_not_supported_by_default
ecoli|MOBDtex_num1|g1|mobd_e,CatPred,True,
ecoli|NI2uabcpp_num1|g1|atp_c,CatPred,False,missing_sequence;complex_not_supported_by_default
ecoli|NI2uabcpp_num1|g1|h2o_c,CatPred,False,missing_sequence;complex_not_supported_by_default
ecoli|NI2uabcpp_num1|g1|ni2_p,CatPred,False,missing_sequence;complex_not_supported_by_default
ecoli|NI2tex_num1|g1|ni2_e,CatPred,True,
ecoli|R15BPK|g1|atp_c,CatPred,True,
ecoli|R15BPK|g1|r15bp_c,CatPred,True,
ecoli|Kabcpp_num1|g1|atp_c,CatPred,False,missing_sequence;complex_not_supported_by_default
ecoli|Kabcpp_num1|g1|h2o_c,CatPred,False,missing_sequence;complex_not_supported_by_default
ecoli|Kabcpp_num1|g1|k_p,CatPred,False,missing_sequence;complex_not_supported_by_default
ecoli|LEUabcpp_num1|g1|atp_c,CatPred,False,missing_sequence;complex_not_supported_by_default
ecoli|LEUabcpp_num1|g1|h2o_c,CatPred,False,missing_sequence;complex_not_supported_by_default
ecoli|LEUabcpp_num1|g1|leu__L_p,CatPred,False,missing_sequence;complex_not_supported_by_default
ecoli|L_LACt2rpp_num1|g1|h_p,CatPred,True,
ecoli|L_LACt2rpp_num1|g1|lac__L_p,CatPred,True,
ecoli|MALt2_2pp|g1|h_p,CatPred,True,
ecoli|MALt2_2pp|g1|mal__L_p,CatPred,True,
ecoli|MALt2_3pp_num1|g1|h_p,CatPred,True,
ecoli|MALt2_3pp_num1|g1|mal__L_p,CatPred,True,
ecoli|MALTabcpp|g1|atp_c,CatPred,False,missing_sequence;complex_not_supported_by_default
ecoli|MALTabcpp|g1|h2o_c,CatPred,False,missing_sequence;complex_not_supported_by_default
ecoli|MALTabcpp|g1|malt_p,CatPred,False,missing_sequence;complex_not_supported_by_default
ecoli|MALTHXabcpp|g1|atp_c,CatPred,False,missing_sequence;complex_not_supported_by_default
ecoli|MALTHXabcpp|g1|h2o_c,CatPred,False,missing_sequence;complex_not_supported_by_default
ecoli|MALTHXabcpp|g1|malthx_p,CatPred,False,missing_sequence;complex_not_supported_by_default
ecoli|MALTPTabcpp|g1|atp_c,CatPred,False,missing_sequence;complex_not_supported_by_default
ecoli|MALTPTabcpp|g1|h2o_c,CatPred,False,missing_sequence;complex_not_supported_by_default
ecoli|MALTPTabcpp|g1|maltpt_p,CatPred,False,missing_sequence;complex_not_supported_by_default
ecoli|MALTTRabcpp|g1|atp_c,CatPred,False,missing_sequence;complex_not_supported_by_default
ecoli|MALTTRabcpp|g1|h2o_c,CatPred,False,missing_sequence;complex_not_supported_by_default
ecoli|MALTTRabcpp|g1|malttr_p,CatPred,False,missing_sequence;complex_not_supported_by_default
ecoli|MALTTTRabcpp|g1|atp_c,CatPred,False,missing_sequence;complex_not_supported_by_default
ecoli|MALTTTRabcpp|g1|h2o_c,CatPred,False,missing_sequence;complex_not_supported_by_default
ecoli|MALTTTRabcpp|g1|maltttr_p,CatPred,False,missing_sequence;complex_not_supported_by_default
ecoli|MAN6Pt6_2pp|g1|man6p_p,CatPred,True,
ecoli|MAN6Pt6_2pp|g1|pi_c,CatPred,True,
ecoli|MANGLYCptspp|g1|manglyc_p,CatPred,False,missing_sequence;complex_not_supported_by_default
ecoli|MANGLYCptspp|g1|pep_c,CatPred,False,missing_sequence;complex_not_supported_by_default
ecoli|MELIBt2pp_num1|g1|h_p,CatPred,True,
ecoli|MELIBt2pp_num1|g1|melib_p,CatPred,True,
ecoli|METabcpp|g1|atp_c,CatPred,False,missing_sequence;complex_not_supported_by_default
ecoli|METabcpp|g1|h2o_c,CatPred,False,missing_sequence;complex_not_supported_by_default
ecoli|METabcpp|g1|met__L_p,CatPred,False,missing_sequence;complex_not_supported_by_default
ecoli|GGPTRCS|g1|atp_c,CatPred,True,
ecoli|GGPTRCS|g1|glu__L_c,CatPred,True,
ecoli|GGPTRCS|g1|ptrc_c,CatPred,True,
ecoli|RMNtpp|g1|h_p,CatPred,True,
ecoli|RMNtpp|g1|rmn_p,CatPred,True,
ecoli|SERt4pp|g1|na1_p,CatPred,True,
ecoli|SERt4pp|g1|ser__L_p,CatPred,True,
ecoli|SUCCt2_3pp_num1|g1|h_p,CatPred,True,
ecoli|SUCCt2_3pp_num1|g1|succ_p,CatPred,True,
ecoli|MNLptspp_num1|g1|mnl_p,CatPred,False,missing_sequence;complex_not_supported_by_default
ecoli|MNLptspp_num1|g1|pep_c,CatPred,False,missing_sequence;complex_not_supported_by_default
ecoli|NAt3_1p5pp|g1|h_p,CatPred,True,
ecoli|NAt3_1p5pp|g1|na1_c,CatPred,True,
ecoli|NAt3_2pp|g1|h_p,CatPred,True,
ecoli|NAt3_2pp|g1|na1_c,CatPred,True,
ecoli|NH4tpp_num1|g1|nh4_p,CatPred,False,missing_sequence
ecoli|NMNPtpp|g1|nmn_p,CatPred,True,
ecoli|NO2t2rpp_num1|g1|h_p,CatPred,True,
ecoli|NO2t2rpp_num1|g1|no2_p,CatPred,True,
ecoli|NO3t7pp_num1|g1|no2_c,CatPred,True,
ecoli|NO3t7pp_num1|g1|no3_p,CatPred,True,
ecoli|ORNabcpp|g1|atp_c,CatPred,False,missing_sequence;complex_not_supported_by_default
ecoli|ORNabcpp|g1|h2o_c,CatPred,False,missing_sequence;complex_not_supported_by_default
ecoli|ORNabcpp|g1|orn_p,CatPred,False,missing_sequence;complex_not_supported_by_default
ecoli|PIuabcpp|g1|atp_c,CatPred,False,missing_sequence;complex_not_supported_by_default
ecoli|PIuabcpp|g1|h2o_c,CatPred,False,missing_sequence;complex_not_supported_by_default
ecoli|PIuabcpp|g1|pi_p,CatPred,False,missing_sequence;complex_not_supported_by_default
ecoli|PNTOt4pp|g1|na1_p,CatPred,True,
ecoli|PNTOt4pp|g1|pnto__R_p,CatPred,True,
ecoli|FRULYSDG|g1|frulysp_c,CatPred,False,missing_smiles
ecoli|FRULYSDG|g1|h2o_c,CatPred,True,
ecoli|METDabcpp|g1|atp_c,CatPred,False,missing_sequence;complex_not_supported_by_default
ecoli|METDabcpp|g1|h2o_c,CatPred,False,missing_sequence;complex_not_supported_by_default
ecoli|METDabcpp|g1|met__D_p,CatPred,False,missing_sequence;complex_not_supported_by_default
ecoli|PROabcpp|g1|atp_c,CatPred,False,missing_sequence;complex_not_supported_by_default
ecoli|PROabcpp|g1|h2o_c,CatPred,False,missing_sequence;complex_not_supported_by_default
ecoli|PROabcpp|g1|pro__L_p,CatPred,False,missing_sequence;complex_not_supported_by_default
ecoli|PROt2rpp_num1|g1|h_p,CatPred,True,
ecoli|PROt2rpp_num1|g1|pro__L_p,CatPred,True,
ecoli|PROt4pp|g1|na1_p,CatPred,True,
ecoli|PROt4pp|g1|pro__L_p,CatPred,True,
ecoli|PTRCabcpp_num1|g1|atp_c,CatPred,False,missing_sequence;complex_not_supported_by_default
ecoli|PTRCabcpp_num1|g1|h2o_c,CatPred,False,missing_sequence;complex_not_supported_by_default
ecoli|PTRCabcpp_num1|g1|ptrc_p,CatPred,False,missing_sequence;complex_not_supported_by_default
ecoli|ASNNpp|g1|asn__L_p,CatPred,True,
ecoli|ASNNpp|g1|h2o_p,CatPred,True,
ecoli|GLUNpp|g1|gln__L_p,CatPred,True,
ecoli|GLUNpp|g1|h2o_p,CatPred,True,
ecoli|NTD12_num1|g1|dimp_c,CatPred,True,
ecoli|NTD12_num1|g1|h2o_c,CatPred,True,
ecoli|FECRMtonex|g1|fecrm_e,CatPred,False,missing_sequence;complex_not_supported_by_default
ecoli|FECRMtonex|g1|h_p,CatPred,False,missing_sequence;complex_not_supported_by_default
ecoli|ADOCBLabcpp|g1|adocbl_p,CatPred,False,missing_sequence;complex_not_supported_by_default
ecoli|ADOCBLabcpp|g1|atp_c,CatPred,False,missing_sequence;complex_not_supported_by_default
ecoli|ADOCBLabcpp|g1|h2o_c,CatPred,False,missing_sequence;complex_not_supported_by_default
ecoli|CRNabcpp|g1|atp_c,CatPred,False,missing_sequence;complex_not_supported_by_default
ecoli|CRNabcpp|g1|crn_p,CatPred,False,missing_sequence;complex_not_supported_by_default
ecoli|CRNabcpp|g1|h2o_c,CatPred,False,missing_sequence;complex_not_supported_by_default
ecoli|CRNDabcpp|g1|atp_c,CatPred,False,missing_sequence;complex_not_supported_by_default
ecoli|CRNDabcpp|g1|crn__D_p,CatPred,False,missing_sequence;complex_not_supported_by_default
ecoli|CRNDabcpp|g1|h2o_c,CatPred,False,missing_sequence;complex_not_supported_by_default
ecoli|DNTPPA_num1|g1|ahdt_c,CatPred,True,
ecoli|DNTPPA_num1|g1|h2o_c,CatPred,True,
ecoli|CTBTabcpp|g1|atp_c,CatPred,False,missing_sequence;complex_not_supported_by_default
ecoli|CTBTabcpp|g1|ctbt_p,CatPred,False,missing_sequence;complex_not_supported_by_default
ecoli|CTBTabcpp|g1|h2o_c,CatPred,False,missing_sequence;complex_not_supported_by_default
ecoli|NTPP9|g1|h2o_c,CatPred,True,
ecoli|NTPP9|g1|itp_c,CatPred,True,
ecoli|NTPP10|g1|ditp_c,CatPred,True,
ecoli|NTPP10|g1|h2o_c,CatPred,True,
ecoli|NTPP11|g1|h2o_c,CatPred,True,
ecoli|NTPP11|g1|xtp_c,CatPred,True,
ecoli|NTD10pp_num1|g1|h2o_p,CatPred,True,
ecoli|NTD10pp_num1|g1|xmp_p,CatPred,True,
ecoli|NTD1pp_num1|g1|dump_p,CatPred,True,
ecoli|NTD1pp_num1|g1|h2o_p,CatPred,True,
ecoli|NTD2pp_num1|g1|h2o_p,CatPred,True,
ecoli|NTD2pp_num1|g1|ump_p,CatPred,True,
ecoli|NTD3pp_num1|g1|dcmp_p,CatPred,True,
ecoli|NTD3pp_num1|g1|h2o_p,CatPred,True,
ecoli|NTD4pp_num1|g1|cmp_p,CatPred,True,
ecoli|NTD4pp_num1|g1|h2o_p,CatPred,True,
ecoli|NTD5pp_num1|g1|dtmp_p,CatPred,True,
ecoli|NTD5pp_num1|g1|h2o_p,CatPred,True,
ecoli|NTD6pp_num1|g1|damp_p,CatPred,True,
ecoli|NTD6pp_num1|g1|h2o_p,CatPred,True,
ecoli|NTD7pp_num1|g1|amp_p,CatPred,True,
ecoli|NTD7pp_num1|g1|h2o_p,CatPred,True,
ecoli|NTD9pp_num1|g1|gmp_p,CatPred,True,
ecoli|NTD9pp_num1|g1|h2o_p,CatPred,True,
ecoli|PEAMNOpp|g1|h2o_p,CatPred,True,
ecoli|PEAMNOpp|g1|o2_p,CatPred,True,
ecoli|PEAMNOpp|g1|peamn_p,CatPred,True,
ecoli|GAL1PPpp|g1|gal1p_p,CatPred,True,
ecoli|GAL1PPpp|g1|h2o_p,CatPred,True,
ecoli|H2O2tex_num1|g1|h2o2_e,CatPred,True,
ecoli|ARGDCpp|g1|arg__L_p,CatPred,True,
ecoli|ARGDCpp|g1|h_p,CatPred,True,
ecoli|ALLPI|g1|all6p_c,CatPred,True,
ecoli|ALLK|g1|all__D_c,CatPred,True,
ecoli|ALLK|g1|atp_c,CatPred,True,
ecoli|ALLULPE|g1|allul6p_c,CatPred,True,
ecoli|ADEtex_num1|g1|ade_e,CatPred,True,
ecoli|ADNtex|g1|adn_e,CatPred,True,
ecoli|AGMtex_num1|g1|agm_e,CatPred,True,
ecoli|ALAtex_num1|g1|ala__L_e,CatPred,True,
ecoli|BALAtex_num1|g1|ala_B_e,CatPred,True,
ecoli|DALAtex_num1|g1|ala__D_e,CatPred,True,
ecoli|AMPtex_num1|g1|amp_e,CatPred,True,
ecoli|ARBtex_num1|g1|arab__L_e,CatPred,True,
ecoli|ARGtex_num1|g1|arg__L_e,CatPred,True,
ecoli|ASCBtex_num1|g1|ascb__L_e,CatPred,True,
ecoli|FACOAL100t2pp_num1|g1|atp_c,CatPred,True,
ecoli|FACOAL100t2pp_num1|g1|coa_c,CatPred,True,
ecoli|FACOAL100t2pp_num1|g1|dca_p,CatPred,True,
ecoli|FACOAL100t2pp_num1|g1|h_p,CatPred,True,
ecoli|RIBabcpp_num1|g1|atp_c,CatPred,False,missing_sequence;complex_not_supported_by_default
ecoli|RIBabcpp_num1|g1|h2o_c,CatPred,False,missing_sequence;complex_not_supported_by_default
ecoli|RIBabcpp_num1|g1|rib__D_p,CatPred,False,missing_sequence;complex_not_supported_by_default
ecoli|GPDDA3pp|g1|g3ps_p,CatPred,True,
ecoli|GPDDA3pp|g1|h2o_p,CatPred,True,
ecoli|GPDDA4pp|g1|g3pg_p,CatPred,True,
ecoli|GPDDA4pp|g1|h2o_p,CatPred,True,
ecoli|GPDDA2pp|g1|g3pe_p,CatPred,True,
ecoli|GPDDA2pp|g1|h2o_p,CatPred,True,
ecoli|FACOAL120t2pp_num1|g1|atp_c,CatPred,True,
ecoli|FACOAL120t2pp_num1|g1|coa_c,CatPred,True,
ecoli|FACOAL120t2pp_num1|g1|ddca_p,CatPred,True,
ecoli|FACOAL120t2pp_num1|g1|h_p,CatPred,True,
ecoli|FACOAL140t2pp_num1|g1|atp_c,CatPred,True,
ecoli|FACOAL140t2pp_num1|g1|coa_c,CatPred,True,
ecoli|FACOAL140t2pp_num1|g1|h_p,CatPred,True,
ecoli|FACOAL140t2pp_num1|g1|ttdca_p,CatPred,True,
ecoli|FE3HOXtonex|g1|fe3hox_e,CatPred,False,missing_sequence;complex_not_supported_by_default
ecoli|FE3HOXtonex|g1|h_p,CatPred,False,missing_sequence;complex_not_supported_by_default
ecoli|CU2abcpp|g1|atp_c,CatPred,True,
ecoli|CU2abcpp|g1|cu2_c,CatPred,True,
ecoli|CU2abcpp|g1|h2o_c,CatPred,True,
ecoli|COBALT2abcpp|g1|atp_c,CatPred,True,
ecoli|COBALT2abcpp|g1|cobalt2_c,CatPred,True,
ecoli|COBALT2abcpp|g1|h2o_c,CatPred,True,
ecoli|NI2abcpp|g1|atp_c,CatPred,True,
ecoli|NI2abcpp|g1|h2o_c,CatPred,True,
ecoli|NI2abcpp|g1|ni2_c,CatPred,True,
ecoli|MG2uabcpp|g1|atp_c,CatPred,True,
ecoli|MG2uabcpp|g1|h2o_c,CatPred,True,
ecoli|MG2uabcpp|g1|mg2_p,CatPred,True,
ecoli|HCYSMT2|g1|hcys__L_c,CatPred,True,
ecoli|HCYSMT2|g1|mmet_c,CatPred,True,
ecoli|MMETtex_num1|g1|mmet_e,CatPred,True,
ecoli|FE3tex_num1|g1|fe3_e,CatPred,True,
ecoli|MG2tex_num1|g1|mg2_e,CatPred,True,
ecoli|Zn2tex_num1|g1|zn2_e,CatPred,True,
ecoli|MMETt2pp|g1|h_p,CatPred,True,
ecoli|MMETt2pp|g1|mmet_p,CatPred,True,
ecoli|CD2tex_num1|g1|cd2_e,CatPred,True,
ecoli|GLNabcpp|g1|atp_c,CatPred,False,missing_sequence;complex_not_supported_by_default
ecoli|GLNabcpp|g1|gln__L_p,CatPred,False,missing_sequence;complex_not_supported_by_default
ecoli|GLNabcpp|g1|h2o_c,CatPred,False,missing_sequence;complex_not_supported_by_default
ecoli|GLUabcpp|g1|atp_c,CatPred,False,missing_sequence;complex_not_supported_by_default
ecoli|GLUabcpp|g1|glu__L_p,CatPred,False,missing_sequence;complex_not_supported_by_default
ecoli|GLUabcpp|g1|h2o_c,CatPred,False,missing_sequence;complex_not_supported_by_default
ecoli|GLUABUTt7pp|g1|4abut_c,CatPred,True,
ecoli|GLUABUTt7pp|g1|glu__L_p,CatPred,True,
ecoli|GLUt2rpp|g1|glu__L_p,CatPred,True,
ecoli|GLUt2rpp|g1|h_p,CatPred,True,
ecoli|GLUt4pp|g1|glu__L_p,CatPred,True,
ecoli|GLUt4pp|g1|na1_p,CatPred,True,
ecoli|GLYALDtpp|g1|glyald_p,CatPred,True,
ecoli|ACGK|g1|acglu_c,CatPred,True,
ecoli|ACGK|g1|atp_c,CatPred,True,
ecoli|LCTSt3ipp_num1|g1|h_p,CatPred,True,
ecoli|LCTSt3ipp_num1|g1|lcts_c,CatPred,True,
ecoli|ARBt3ipp|g1|arab__L_c,CatPred,True,
ecoli|ARBt3ipp|g1|h_p,CatPred,True,
ecoli|14GLUCANabcpp|g1|14glucan_p,CatPred,False,missing_sequence;complex_not_supported_by_default
ecoli|14GLUCANabcpp|g1|atp_c,CatPred,False,missing_sequence;complex_not_supported_by_default
ecoli|14GLUCANabcpp|g1|h2o_c,CatPred,False,missing_sequence;complex_not_supported_by_default
ecoli|14GLUCANtexi|g1|14glucan_e,CatPred,True,
ecoli|DHPTPE|g1|ahdt_c,CatPred,True,
ecoli|NADPHQR2|g1|h_c,CatPred,True,
ecoli|NADPHQR2|g1|nadph_c,CatPred,True,
ecoli|NADPHQR2|g1|q8_c,CatPred,True,
ecoli|NADPHQR3|g1|h_c,CatPred,True,
ecoli|NADPHQR3|g1|mqn8_c,CatPred,True,
ecoli|NADPHQR3|g1|nadph_c,CatPred,True,
ecoli|NADPHQR4|g1|2dmmq8_c,CatPred,True,
ecoli|NADPHQR4|g1|h_c,CatPred,True,
ecoli|NADPHQR4|g1|nadph_c,CatPred,True,
ecoli|GLBRAN2|g1|glycogen_c,CatPred,True,
ecoli|ASR|g1|aso4_c,CatPred,False,missing_sequence;complex_not_supported_by_default
ecoli|ASR|g1|gthrd_c,CatPred,False,missing_sequence;complex_not_supported_by_default
ecoli|ASO3tex_num1|g1|aso3_e,CatPred,True,
ecoli|MANGLYCtex_num1|g1|manglyc_e,CatPred,True,
ecoli|METOX1s|g1|h2o2_c,CatPred,False,missing_sequence
ecoli|METOX1s|g1|met__L_c,CatPred,False,missing_sequence
ecoli|METOX2s|g1|h2o2_c,CatPred,False,missing_sequence
ecoli|METOX2s|g1|met__L_c,CatPred,False,missing_sequence
ecoli|FRUURt2rpp|g1|fruur_p,CatPred,True,
ecoli|FRUURt2rpp|g1|h_p,CatPred,True,
ecoli|FRUURtex_num1|g1|fruur_e,CatPred,True,
ecoli|ECAtpp|g1|unagamuf_c,CatPred,True,
ecoli|O16AT|g1|accoa_c,CatPred,True,
ecoli|O16AT|g1|ragund_c,CatPred,True,
ecoli|O16GALFT|g1|garagund_c,CatPred,True,
ecoli|O16GALFT|g1|udpgalfur_c,CatPred,True,
ecoli|O16AUNDtpp|g1|o16aund_c,CatPred,True,
ecoli|O16AP1pp|g1|o16aund_p,CatPred,False,missing_sequence;complex_not_supported_by_default
ecoli|GLYCAt2rpp_num1|g1|glyc__R_p,CatPred,True,
ecoli|GLYCAt2rpp_num1|g1|h_p,CatPred,True,
ecoli|GLYCAtex_num1|g1|glyc__R_e,CatPred,True,
ecoli|AGM4PCP|g1|anhgm4p_c,CatPred,True,
ecoli|AGM4PCP|g1|h2o_c,CatPred,True,
ecoli|4PCP|g1|LalaDgluMdapDala_c,CatPred,True,
ecoli|4PCP|g1|h2o_c,CatPred,True,
ecoli|4PCPpp|g1|LalaDgluMdapDala_p,CatPred,True,
ecoli|4PCPpp|g1|h2o_p,CatPred,True,
ecoli|FALDH2|g1|hmgth_c,CatPred,True,
ecoli|FALDH2|g1|nad_c,CatPred,True,
ecoli|GLYBabcpp_num1|g1|atp_c,CatPred,False,missing_sequence;complex_not_supported_by_default
ecoli|GLYBabcpp_num1|g1|glyb_p,CatPred,False,missing_sequence;complex_not_supported_by_default
ecoli|GLYBabcpp_num1|g1|h2o_c,CatPred,False,missing_sequence;complex_not_supported_by_default
ecoli|GLYC3Pt6pp|g1|glyc3p_p,CatPred,True,
ecoli|GLYC3Pt6pp|g1|pi_c,CatPred,True,
ecoli|GLYCLTt4pp|g1|glyclt_p,CatPred,True,
ecoli|GLYCLTt4pp|g1|na1_p,CatPred,True,
ecoli|GLYCtpp_num1|g1|glyc_c,CatPred,False,missing_sequence
ecoli|H2Otpp_num1|g1|h2o_p,CatPred,False,missing_sequence
ecoli|HCINNMt2rpp|g1|3hcinnm_p,CatPred,True,
ecoli|HCINNMt2rpp|g1|h_p,CatPred,True,
ecoli|HISabcpp|g1|atp_c,CatPred,False,missing_sequence;complex_not_supported_by_default
ecoli|HISabcpp|g1|h2o_c,CatPred,False,missing_sequence;complex_not_supported_by_default
ecoli|HISabcpp|g1|his__L_p,CatPred,False,missing_sequence;complex_not_supported_by_default
ecoli|HISt2rpp|g1|h_p,CatPred,True,
ecoli|HISt2rpp|g1|his__L_p,CatPred,True,
ecoli|CBIAT|g1|atp_c,CatPred,True,
ecoli|CBIAT|g1|cbi_c,CatPred,True,
ecoli|CBIAT|g1|h_c,CatPred,True,
ecoli|LYSabcpp|g1|atp_c,CatPred,False,missing_sequence;complex_not_supported_by_default
ecoli|LYSabcpp|g1|h2o_c,CatPred,False,missing_sequence;complex_not_supported_by_default
ecoli|LYSabcpp|g1|lys__L_p,CatPred,False,missing_sequence;complex_not_supported_by_default
ecoli|COBALT2tex_num1|g1|cobalt2_e,CatPred,True,
ecoli|PPDOy|g1|h_c,CatPred,True,
ecoli|PPDOy|g1|lald__D_c,CatPred,True,
ecoli|PPDOy|g1|nadph_c,CatPred,True,
ecoli|FALGTHLs|g1|fald_c,CatPred,False,missing_sequence
ecoli|FALGTHLs|g1|gthrd_c,CatPred,False,missing_sequence
ecoli|NTD12pp_num1|g1|dimp_p,CatPred,True,
ecoli|NTD12pp_num1|g1|h2o_p,CatPred,True,
ecoli|PPA2_num1|g1|h2o_c,CatPred,True,
ecoli|PPA2_num1|g1|pppi_c,CatPred,True,
ecoli|DIMPtex_num1|g1|dimp_e,CatPred,True,
ecoli|3NTD7pp_num1|g1|3amp_p,CatPred,True,
ecoli|3NTD7pp_num1|g1|h2o_p,CatPred,True,
ecoli|3NTD4pp_num1|g1|3cmp_p,CatPred,True,
ecoli|3NTD4pp_num1|g1|h2o_p,CatPred,True,
ecoli|3NTD2pp_num1|g1|3ump_p,CatPred,True,
ecoli|3NTD2pp_num1|g1|h2o_p,CatPred,True,
ecoli|3NTD9pp_num1|g1|3gmp_p,CatPred,True,
ecoli|3NTD9pp_num1|g1|h2o_p,CatPred,True,
ecoli|23PDE7pp|g1|23camp_p,CatPred,True,
ecoli|23PDE7pp|g1|h2o_p,CatPred,True,
ecoli|GALTptspp|g1|galt_p,CatPred,False,missing_sequence;complex_not_supported_by_default
ecoli|GALTptspp|g1|pep_c,CatPred,False,missing_sequence;complex_not_supported_by_default
ecoli|GALURt2rpp|g1|galur_p,CatPred,True,
ecoli|GALURt2rpp|g1|h_p,CatPred,True,
ecoli|GLCNt2rpp_num1|g1|glcn_p,CatPred,True,
ecoli|GLCNt2rpp_num1|g1|h_p,CatPred,True,
ecoli|GLCptspp_num1|g1|glc__D_p,CatPred,False,missing_sequence;complex_not_supported_by_default
ecoli|GLCptspp_num1|g1|pep_c,CatPred,False,missing_sequence;complex_not_supported_by_default
ecoli|GLCRt2rpp_num1|g1|glcr_p,CatPred,True,
ecoli|GLCRt2rpp_num1|g1|h_p,CatPred,True,
ecoli|GLCt2pp|g1|glc__D_p,CatPred,True,
ecoli|GLCt2pp|g1|h_p,CatPred,True,
ecoli|GLCURt2rpp_num1|g1|glcur_p,CatPred,True,
ecoli|GLCURt2rpp_num1|g1|h_p,CatPred,True,
ecoli|ACMUMptspp|g1|acmum_p,CatPred,False,missing_sequence;complex_not_supported_by_default
ecoli|ACMUMptspp|g1|pep_c,CatPred,False,missing_sequence;complex_not_supported_by_default
ecoli|HSTPT|g1|glu__L_c,CatPred,True,
ecoli|HSTPT|g1|imacp_c,CatPred,True,
ecoli|THDPS|g1|h2o_c,CatPred,True,
ecoli|THDPS|g1|succoa_c,CatPred,True,
ecoli|THDPS|g1|thdp_c,CatPred,True,
ecoli|ACONMT|g1|acon_T_c,CatPred,True,
ecoli|ACONMT|g1|amet_c,CatPred,True,
ecoli|XTSNtex_num1|g1|xtsn_e,CatPred,True,
ecoli|GNK_num1|g1|atp_c,CatPred,True,
ecoli|GNK_num1|g1|glcn_c,CatPred,True,
ecoli|HMBS|g1|h2o_c,CatPred,True,
ecoli|HMBS|g1|ppbng_c,CatPred,True,
ecoli|RMK|g1|atp_c,CatPred,True,
ecoli|RMK|g1|rml_c,CatPred,True,
ecoli|FHL_num1|g1|for_c,CatPred,False,missing_sequence;complex_not_supported_by_default
ecoli|FHL_num1|g1|h_c,CatPred,False,missing_sequence;complex_not_supported_by_default
ecoli|MEPCT|g1|2me4p_c,CatPred,True,
ecoli|MEPCT|g1|ctp_c,CatPred,True,
ecoli|MEPCT|g1|h_c,CatPred,True,
ecoli|GLUDy|g1|glu__L_c,CatPred,True,
ecoli|GLUDy|g1|h2o_c,CatPred,True,
ecoli|GLUDy|g1|nadp_c,CatPred,True,
ecoli|ZN2abcpp|g1|atp_c,CatPred,True,
ecoli|ZN2abcpp|g1|h2o_c,CatPred,True,
ecoli|ZN2abcpp|g1|zn2_c,CatPred,True,
ecoli|GLYCLTDy_num1|g1|glx_c,CatPred,True,
ecoli|GLYCLTDy_num1|g1|h_c,CatPred,True,
ecoli|GLYCLTDy_num1|g1|nadph_c,CatPred,True,
ecoli|LYSDC_num1|g1|h_c,CatPred,True,
ecoli|LYSDC_num1|g1|lys__L_c,CatPred,True,
ecoli|DAAD|g1|ala__D_c,CatPred,True,
ecoli|DAAD|g1|fad_c,CatPred,True,
ecoli|DAAD|g1|h2o_c,CatPred,True,
ecoli|UREAtpp|g1|urea_p,CatPred,True,
ecoli|XANt2pp_num1|g1|h_p,CatPred,True,
ecoli|XANt2pp_num1|g1|xan_p,CatPred,True,
ecoli|GLYC3Pabcpp|g1|atp_c,CatPred,False,missing_sequence;complex_not_supported_by_default
ecoli|GLYC3Pabcpp|g1|glyc3p_p,CatPred,False,missing_sequence;complex_not_supported_by_default
ecoli|GLYC3Pabcpp|g1|h2o_c,CatPred,False,missing_sequence;complex_not_supported_by_default
ecoli|PPPNt2rpp|g1|h_p,CatPred,True,
ecoli|PPPNt2rpp|g1|pppn_p,CatPred,True,
ecoli|PTRCORNt7pp|g1|orn_c,CatPred,True,
ecoli|PTRCORNt7pp|g1|ptrc_p,CatPred,True,
ecoli|SPMDabcpp_num1|g1|atp_c,CatPred,False,missing_sequence;complex_not_supported_by_default
ecoli|SPMDabcpp_num1|g1|h2o_c,CatPred,False,missing_sequence;complex_not_supported_by_default
ecoli|SPMDabcpp_num1|g1|spmd_p,CatPred,False,missing_sequence;complex_not_supported_by_default
ecoli|HG2tex_num1|g1|hg2_e,CatPred,True,
ecoli|NTPP5_num1|g1|datp_c,CatPred,True,
ecoli|NTPP5_num1|g1|h2o_c,CatPred,True,
ecoli|NTD3_num1|g1|dcmp_c,CatPred,True,
ecoli|NTD3_num1|g1|h2o_c,CatPred,True,
ecoli|GLYOX|g1|h2o_c,CatPred,True,
ecoli|GLYOX|g1|lgt__S_c,CatPred,True,
ecoli|DADNtex|g1|dad_2_e,CatPred,True,
ecoli|DHAtex_num1|g1|dha_e,CatPred,True,
ecoli|ETOHtex_num1|g1|etoh_e,CatPred,True,
ecoli|MTRPOX|g1|Nmtrp_c,CatPred,True,
ecoli|MTRPOX|g1|h2o_c,CatPred,True,
ecoli|MTRPOX|g1|o2_c,CatPred,True,
ecoli|AGM4PCPpp|g1|anhgm4p_p,CatPred,True,
ecoli|AGM4PCPpp|g1|h2o_p,CatPred,True,
ecoli|GTPDPDP|g1|gdptp_c,CatPred,True,
ecoli|GTPDPDP|g1|h2o_c,CatPred,True,
ecoli|RNDR2_num1|g1|gdp_c,CatPred,False,missing_sequence;complex_not_supported_by_default
ecoli|RNDR2_num1|g1|trdrd_c,CatPred,False,missing_sequence;complex_not_supported_by_default
ecoli|XAND|g1|h2o_c,CatPred,False,missing_sequence;complex_not_supported_by_default
ecoli|XAND|g1|nad_c,CatPred,False,missing_sequence;complex_not_supported_by_default
ecoli|XAND|g1|xan_c,CatPred,False,missing_sequence;complex_not_supported_by_default
ecoli|HACD3_num1|g1|3oocoa_c,CatPred,True,
ecoli|HACD3_num1|g1|h_c,CatPred,True,
ecoli|HACD3_num1|g1|nadh_c,CatPred,True,
ecoli|ACACtex_num1|g1|acac_e,CatPred,True,
ecoli|ACNAMtex_num1|g1|acnam_e,CatPred,True,
ecoli|ARBTNabcpp|g1|arbtn_fe3_p,CatPred,False,missing_sequence;complex_not_supported_by_default
ecoli|ARBTNabcpp|g1|atp_c,CatPred,False,missing_sequence;complex_not_supported_by_default
ecoli|ARBTNabcpp|g1|h2o_c,CatPred,False,missing_sequence;complex_not_supported_by_default
ecoli|NNDMBRT|g1|dmbzid_c,CatPred,True,
ecoli|NNDMBRT|g1|nicrnt_c,CatPred,True,
ecoli|THRA2_num1|g1|athr__L_c,CatPred,True,
ecoli|ASO3t8pp|g1|aso3_c,CatPred,True,
ecoli|ASO3t8pp|g1|atp_c,CatPred,True,
ecoli|ASO3t8pp|g1|h2o_c,CatPred,True,
ecoli|H2Stex_num1|g1|h2s_e,CatPred,True,
ecoli|PPK|g1|atp_c,CatPred,True,
ecoli|PPK|g1|pi_c,CatPred,True,
ecoli|OMCDC|g1|3c4mop_c,CatPred,False,missing_sequence
ecoli|OMCDC|g1|h_c,CatPred,False,missing_sequence
ecoli|ABUTD|g1|4abutn_c,CatPred,True,
ecoli|ABUTD|g1|h2o_c,CatPred,True,
ecoli|ABUTD|g1|nad_c,CatPred,True,
ecoli|E4PD_num1|g1|e4p_c,CatPred,True,
ecoli|E4PD_num1|g1|h2o_c,CatPred,True,
ecoli|E4PD_num1|g1|nad_c,CatPred,True,
ecoli|IG3PS|g1|gln__L_c,CatPred,False,missing_sequence;complex_not_supported_by_default
ecoli|IG3PS|g1|prlp_c,CatPred,False,missing_sequence;complex_not_supported_by_default
ecoli|DADK|g1|atp_c,CatPred,True,
ecoli|DADK|g1|damp_c,CatPred,True,
ecoli|DUTPDP_num1|g1|dutp_c,CatPred,True,
ecoli|DUTPDP_num1|g1|h2o_c,CatPred,True,
ecoli|NTP5|g1|ctp_c,CatPred,True,
ecoli|NTP5|g1|h2o_c,CatPred,True,
ecoli|FORt2pp_num1|g1|for_p,CatPred,True,
ecoli|FORt2pp_num1|g1|h_p,CatPred,True,
ecoli|MTAN|g1|5mta_c,CatPred,True,
ecoli|MTAN|g1|h2o_c,CatPred,True,
ecoli|DPR_num1|g1|2dhp_c,CatPred,True,
ecoli|DPR_num1|g1|h_c,CatPred,True,
ecoli|DPR_num1|g1|nadph_c,CatPred,True,
ecoli|THRD_L_num1|g1|thr__L_c,CatPred,True,
ecoli|4PEPTtex_num1|g1|LalaDgluMdapDala_e,CatPred,True,
ecoli|NAMNPP|g1|atp_c,CatPred,True,
ecoli|NAMNPP|g1|h2o_c,CatPred,True,
ecoli|NAMNPP|g1|nac_c,CatPred,True,
ecoli|NAMNPP|g1|prpp_c,CatPred,True,
ecoli|SELNPS|g1|atp_c,CatPred,True,
ecoli|SELNPS|g1|h2o_c,CatPred,True,
ecoli|SELNPS|g1|seln_c,CatPred,True,
ecoli|CRNCAR|g1|crncoa_c,CatPred,True,
ecoli|GALabcpp_num1|g1|atp_c,CatPred,False,missing_sequence;complex_not_supported_by_default
ecoli|GALabcpp_num1|g1|gal_p,CatPred,False,missing_sequence;complex_not_supported_by_default
ecoli|GALabcpp_num1|g1|h2o_c,CatPred,False,missing_sequence;complex_not_supported_by_default
ecoli|GLYCLTt2rpp_num1|g1|glyclt_p,CatPred,True,
ecoli|GLYCLTt2rpp_num1|g1|h_p,CatPred,True,
ecoli|GUAt2pp|g1|gua_p,CatPred,True,
ecoli|GUAt2pp|g1|h_p,CatPred,True,
ecoli|HPPPNt2rpp|g1|3hpppn_p,CatPred,True,
ecoli|HPPPNt2rpp|g1|h_p,CatPred,True,
ecoli|ANHMK|g1|anhm_c,CatPred,False,missing_smiles
ecoli|ANHMK|g1|atp_c,CatPred,True,
ecoli|ANHMK|g1|h2o_c,CatPred,True,
ecoli|DHFR_num1|g1|dhf_c,CatPred,True,
ecoli|DHFR_num1|g1|h_c,CatPred,True,
ecoli|DHFR_num1|g1|nadph_c,CatPred,True,
ecoli|PRAIi|g1|pran_c,CatPred,True,
ecoli|TYRTA_num1|g1|akg_c,CatPred,True,
ecoli|TYRTA_num1|g1|tyr__L_c,CatPred,True,
ecoli|SHKK_num1|g1|atp_c,CatPred,True,
ecoli|SHKK_num1|g1|skm_c,CatPred,True,
ecoli|SADH|g1|h2o_c,CatPred,True,
ecoli|SADH|g1|h_c,CatPred,True,
ecoli|SADH|g1|sucarg_c,CatPred,True,
ecoli|GLUSy|g1|akg_c,CatPred,False,missing_sequence;complex_not_supported_by_default
ecoli|GLUSy|g1|gln__L_c,CatPred,False,missing_sequence;complex_not_supported_by_default
ecoli|GLUSy|g1|h_c,CatPred,False,missing_sequence;complex_not_supported_by_default
ecoli|GLUSy|g1|nadph_c,CatPred,False,missing_sequence;complex_not_supported_by_default
ecoli|GUAPRT_num1|g1|gua_c,CatPred,True,
ecoli|GUAPRT_num1|g1|prpp_c,CatPred,True,
ecoli|PDH|g1|coa_c,CatPred,False,missing_sequence;complex_not_supported_by_default
ecoli|PDH|g1|nad_c,CatPred,False,missing_sequence;complex_not_supported_by_default
ecoli|PDH|g1|pyr_c,CatPred,False,missing_sequence;complex_not_supported_by_default
ecoli|DMSOR2pp|g1|2dmmql8_c,CatPred,False,missing_sequence;complex_not_supported_by_default
ecoli|DMSOR2pp|g1|dmso_p,CatPred,False,missing_sequence;complex_not_supported_by_default
ecoli|H2St1pp|g1|h2s_c,CatPred,False,missing_sequence
ecoli|HYD3pp_num1|g1|2dmmq8_c,CatPred,False,missing_sequence;complex_not_supported_by_default
ecoli|HYD3pp_num1|g1|h2_c,CatPred,False,missing_sequence;complex_not_supported_by_default
ecoli|HYD3pp_num1|g1|h_c,CatPred,False,missing_sequence;complex_not_supported_by_default
ecoli|NO3R1pp_num1|g1|h_c,CatPred,False,missing_sequence;complex_not_supported_by_default
ecoli|NO3R1pp_num1|g1|no3_c,CatPred,False,missing_sequence;complex_not_supported_by_default
ecoli|NO3R1pp_num1|g1|q8h2_c,CatPred,False,missing_sequence;complex_not_supported_by_default
ecoli|AACPS5|g1|ACP_c,CatPred,False,missing_sequence;complex_not_supported_by_default
ecoli|AACPS5|g1|atp_c,CatPred,False,missing_sequence;complex_not_supported_by_default
ecoli|AACPS5|g1|ocdcea_c,CatPred,False,missing_sequence;complex_not_supported_by_default
ecoli|MANptspp|g1|man_p,CatPred,False,missing_sequence;complex_not_supported_by_default
ecoli|MANptspp|g1|pep_c,CatPred,False,missing_sequence;complex_not_supported_by_default
ecoli|NTD8_num1|g1|dgmp_c,CatPred,True,
ecoli|NTD8_num1|g1|h2o_c,CatPred,True,
ecoli|GALCTD|g1|galct__D_c,CatPred,True,
ecoli|MLTG4|g1|h2o_c,CatPred,True,
ecoli|MLTG4|g1|malthx_c,CatPred,True,
ecoli|UDPGDC|g1|nad_c,CatPred,True,
ecoli|UDPGDC|g1|udpglcur_c,CatPred,True,
ecoli|PUNP4_num1|g1|dgsn_c,CatPred,True,
ecoli|PUNP4_num1|g1|pi_c,CatPred,True,
ecoli|AMAOTr|g1|8aonn_c,CatPred,True,
ecoli|AMAOTr|g1|amet_c,CatPred,True,
ecoli|ARGORNt7pp|g1|arg__L_p,CatPred,True,
ecoli|ARGORNt7pp|g1|orn_c,CatPred,True,
ecoli|NTD11pp_num1|g1|h2o_p,CatPred,True,
ecoli|NTD11pp_num1|g1|imp_p,CatPred,True,
ecoli|DKGLCNR2x|g1|25dkglcn_c,CatPred,True,
ecoli|DKGLCNR2x|g1|h_c,CatPred,True,
ecoli|DKGLCNR2x|g1|nadh_c,CatPred,True,
ecoli|ACGS|g1|accoa_c,CatPred,True,
ecoli|ACGS|g1|glu__L_c,CatPred,True,
ecoli|PDE1_num1|g1|camp_c,CatPred,True,
ecoli|PDE1_num1|g1|h2o_c,CatPred,True,
ecoli|MCITD|g1|2mcit_c,CatPred,True,
ecoli|CU2tex_num1|g1|cu2_e,CatPred,True,
ecoli|GLCATr|g1|accoa_c,CatPred,True,
ecoli|GLCATr|g1|glc__D_c,CatPred,True,
ecoli|ALAALAr_num1|g1|ala__D_c,CatPred,True,
ecoli|ALAALAr_num1|g1|atp_c,CatPred,True,
ecoli|CLtex_num1|g1|cl_e,CatPred,True,
ecoli|CELBpts_num1|g1|cellb_e,CatPred,False,missing_sequence;complex_not_supported_by_default
ecoli|CELBpts_num1|g1|pep_c,CatPred,False,missing_sequence;complex_not_supported_by_default
ecoli|ACACT1r_num1|g1|accoa_c,CatPred,True,
ecoli|MALTptspp|g1|malt_p,CatPred,False,missing_sequence;complex_not_supported_by_default
ecoli|MALTptspp|g1|pep_c,CatPred,False,missing_sequence;complex_not_supported_by_default
ecoli|CD2abcpp|g1|atp_c,CatPred,True,
ecoli|CD2abcpp|g1|cd2_c,CatPred,True,
ecoli|CD2abcpp|g1|h2o_c,CatPred,True,
ecoli|G2PPpp_num1|g1|glyc2p_p,CatPred,True,
ecoli|G2PPpp_num1|g1|h2o_p,CatPred,True,
ecoli|Kt3pp_num1|g1|h_p,CatPred,True,
ecoli|Kt3pp_num1|g1|k_c,CatPred,True,
ecoli|AGM3PApp_num1|g1|anhgm3p_p,CatPred,True,
ecoli|AGM3PApp_num1|g1|h2o_p,CatPred,True,
ecoli|SUCOAS|g1|atp_c,CatPred,False,missing_sequence;complex_not_supported_by_default
ecoli|SUCOAS|g1|coa_c,CatPred,False,missing_sequence;complex_not_supported_by_default
ecoli|SUCOAS|g1|succ_c,CatPred,False,missing_sequence;complex_not_supported_by_default
ecoli|NTP1_num1|g1|atp_c,CatPred,True,
ecoli|NTP1_num1|g1|h2o_c,CatPred,True,
ecoli|GALKr|g1|atp_c,CatPred,True,
ecoli|GALKr|g1|gal_c,CatPred,True,
ecoli|PANTS|g1|ala_B_c,CatPred,True,
ecoli|PANTS|g1|atp_c,CatPred,True,
ecoli|PANTS|g1|pant__R_c,CatPred,True,
ecoli|YUMPS|g1|r5p_c,CatPred,True,
ecoli|YUMPS|g1|ura_c,CatPred,True,
ecoli|DHQS|g1|2dda7p_c,CatPred,True,
ecoli|PGCD|g1|3pg_c,CatPred,True,
ecoli|PGCD|g1|nad_c,CatPred,True,
ecoli|ADSL1r|g1|dcamp_c,CatPred,True,
ecoli|SERD_D|g1|ser__D_c,CatPred,True,
ecoli|AICART|g1|10fthf_c,CatPred,True,
ecoli|AICART|g1|aicar_c,CatPred,True,
ecoli|FRUpts2pp|g1|fru_p,CatPred,False,missing_sequence;complex_not_supported_by_default
ecoli|FRUpts2pp|g1|pep_c,CatPred,False,missing_sequence;complex_not_supported_by_default
ecoli|G6Pt6_2pp|g1|g6p_p,CatPred,True,
ecoli|G6Pt6_2pp|g1|pi_c,CatPred,True,
ecoli|PROtex_num1|g1|pro__L_e,CatPred,True,
ecoli|SBTtex_num1|g1|sbt__D_e,CatPred,True,
ecoli|PFK_num1|g1|atp_c,CatPred,True,
ecoli|PFK_num1|g1|f6p_c,CatPred,True,
ecoli|PGM_num1|g1|2pg_c,CatPred,True,
ecoli|TPI|g1|dhap_c,CatPred,True,
ecoli|RPI_num1|g1|r5p_c,CatPred,True,
ecoli|PERD|g1|4per_c,CatPred,True,
ecoli|PERD|g1|nad_c,CatPred,True,
ecoli|PYDAMK|g1|atp_c,CatPred,True,
ecoli|PYDAMK|g1|pydam_c,CatPred,True,
ecoli|AKGtex_num1|g1|akg_e,CatPred,True,
ecoli|ALLTNtex_num1|g1|alltn_e,CatPred,True,
ecoli|ASNtex_num1|g1|asn__L_e,CatPred,True,
ecoli|FE3HOXabcpp|g1|atp_c,CatPred,False,missing_sequence;complex_not_supported_by_default
ecoli|FE3HOXabcpp|g1|fe3hox_p,CatPred,False,missing_sequence;complex_not_supported_by_default
ecoli|FE3HOXabcpp|g1|h2o_c,CatPred,False,missing_sequence;complex_not_supported_by_default
ecoli|FADRx2|g1|fad_c,CatPred,True,
ecoli|FADRx2|g1|h_c,CatPred,True,
ecoli|FADRx2|g1|nadph_c,CatPred,True,
ecoli|PDE4|g1|35cgmp_c,CatPred,True,
ecoli|PDE4|g1|h2o_c,CatPred,True,
ecoli|AGM4PH|g1|anhgm4p_c,CatPred,True,
ecoli|AGM4PH|g1|h2o_c,CatPred,True,
ecoli|AM4PA|g1|anhm4p_c,CatPred,True,
ecoli|AM4PA|g1|h2o_c,CatPred,True,
ecoli|ATHRDHr|g1|athr__L_c,CatPred,True,
ecoli|ATHRDHr|g1|nadp_c,CatPred,True,
ecoli|LSERDHr|g1|nadp_c,CatPred,True,
ecoli|LSERDHr|g1|ser__L_c,CatPred,True,
ecoli|DSERDHr|g1|nadp_c,CatPred,True,
ecoli|DSERDHr|g1|ser__D_c,CatPred,True,
ecoli|OBTFL_num1|g1|2obut_c,CatPred,False,missing_sequence;complex_not_supported_by_default
ecoli|OBTFL_num1|g1|coa_c,CatPred,False,missing_sequence;complex_not_supported_by_default
ecoli|THRt2pp_num1|g1|h_p,CatPred,True,
ecoli|THRt2pp_num1|g1|thr__L_c,CatPred,True,
ecoli|G6PP_num1|g1|g6p_c,CatPred,True,
ecoli|G6PP_num1|g1|h2o_c,CatPred,True,
ecoli|MMCD|g1|h_c,CatPred,True,
ecoli|MMCD|g1|mmcoa__S_c,CatPred,True,
ecoli|GLNS|g1|atp_c,CatPred,True,
ecoli|GLNS|g1|glu__L_c,CatPred,True,
ecoli|GLNS|g1|nh4_c,CatPred,True,
ecoli|TYMtex_num1|g1|tym_e,CatPred,True,
ecoli|GTHS|g1|atp_c,CatPred,True,
ecoli|GTHS|g1|glucys_c,CatPred,True,
ecoli|GTHS|g1|gly_c,CatPred,True,
ecoli|CMPtex_num1|g1|cmp_e,CatPred,True,
ecoli|DUMPtex_num1|g1|dump_e,CatPred,True,
ecoli|XMPtex_num1|g1|xmp_e,CatPred,True,
ecoli|3PEPTtex_num1|g1|LalaDgluMdap_e,CatPred,False,missing_smiles
ecoli|ANHGMtex_num1|g1|anhgm_e,CatPred,False,missing_smiles
ecoli|UDPKAAT|g1|glu__L_c,CatPred,True,
ecoli|UDPKAAT|g1|udpLa4o_c,CatPred,True,
ecoli|ULA4NFT|g1|10fthf_c,CatPred,True,
ecoli|ULA4NFT|g1|udpLa4n_c,CatPred,True,
ecoli|UPLA4FNT|g1|udcpp_c,CatPred,True,
ecoli|UPLA4FNT|g1|udpLa4fn_c,CatPred,True,
ecoli|UPLA4FNF|g1|h2o_c,CatPred,True,
ecoli|UPLA4FNF|g1|uLa4fn_c,CatPred,True,
ecoli|ULA4Ntppi|g1|uLa4n_c,CatPred,False,missing_sequence;missing_smiles;complex_not_supported_by_default
ecoli|HEPT1|g1|adphep_LD_c,CatPred,True,
ecoli|HEPT1|g1|lipa_c,CatPred,True,
ecoli|FALDtex_num1|g1|fald_e,CatPred,True,
ecoli|ALR2_num1|g1|h_c,CatPred,True,
ecoli|ALR2_num1|g1|mthgxl_c,CatPred,True,
ecoli|ALR2_num1|g1|nadph_c,CatPred,True,
ecoli|AMALT2|g1|malt_c,CatPred,True,
ecoli|AMALT2|g1|maltttr_c,CatPred,True,
ecoli|MLTP1|g1|maltpt_c,CatPred,True,
ecoli|MLTP1|g1|pi_c,CatPred,True,
ecoli|HEPT2|g1|adphep_LD_c,CatPred,True,
ecoli|HEPT2|g1|hlipa_c,CatPred,True,
ecoli|CYSDtex_num1|g1|cys__D_e,CatPred,True,
ecoli|HXAND|g1|h2o_c,CatPred,False,missing_sequence;complex_not_supported_by_default
ecoli|HXAND|g1|hxan_c,CatPred,False,missing_sequence;complex_not_supported_by_default
ecoli|HXAND|g1|nad_c,CatPred,False,missing_sequence;complex_not_supported_by_default
ecoli|G3PItex_num1|g1|g3pi_e,CatPred,True,
ecoli|G3PGtex_num1|g1|g3pg_e,CatPred,True,
ecoli|G3PEtex_num1|g1|g3pe_e,CatPred,True,
ecoli|G3PCtex_num1|g1|g3pc_e,CatPred,True,
ecoli|MOAT3C|g1|ckdo_c,CatPred,True,
ecoli|MOAT3C|g1|phphhlipa_c,CatPred,True,
ecoli|RHAT1|g1|dtdprmn_c,CatPred,True,
ecoli|RHAT1|g1|kphphhlipa_c,CatPred,True,
ecoli|GLCabcpp|g1|atp_c,CatPred,False,missing_sequence;complex_not_supported_by_default
ecoli|GLCabcpp|g1|glc__D_p,CatPred,False,missing_sequence;complex_not_supported_by_default
ecoli|GLCabcpp|g1|h2o_c,CatPred,False,missing_sequence;complex_not_supported_by_default
ecoli|GALT1|g1|gicolipa_c,CatPred,True,
ecoli|GALT1|g1|udpg_c,CatPred,True,
ecoli|GLCTR2|g1|gagicolipa_c,CatPred,True,
ecoli|GLCTR2|g1|udpg_c,CatPred,True,
ecoli|UDPGPpp|g1|h2o_p,CatPred,True,
ecoli|UDPGPpp|g1|udpg_p,CatPred,True,
ecoli|PPPGO|g1|o2_c,CatPred,True,
ecoli|PPPGO|g1|pppg9_c,CatPred,True,
ecoli|DAMPtex_num1|g1|damp_e,CatPred,True,
ecoli|DCMPtex_num1|g1|dcmp_e,CatPred,True,
ecoli|DGMPtex_num1|g1|dgmp_e,CatPred,True,
ecoli|DTMPtex_num1|g1|dtmp_e,CatPred,True,
ecoli|GMPtex_num1|g1|gmp_e,CatPred,True,
ecoli|IMPtex_num1|g1|imp_e,CatPred,True,
ecoli|UMPtex_num1|g1|ump_e,CatPred,True,
ecoli|G1Ptex_num1|g1|g1p_e,CatPred,True,
ecoli|ADNK1|g1|adn_c,CatPred,True,
ecoli|ADNK1|g1|atp_c,CatPred,True,
ecoli|CUt3|g1|cu_c,CatPred,False,missing_sequence;complex_not_supported_by_default
ecoli|CUt3|g1|h_e,CatPred,False,missing_sequence;complex_not_supported_by_default
ecoli|ZN2t3pp_num1|g1|h_p,CatPred,True,
ecoli|ZN2t3pp_num1|g1|zn2_c,CatPred,True,
ecoli|SKMtex_num1|g1|skm_e,CatPred,True,
ecoli|MNt2pp|g1|h_p,CatPred,True,
ecoli|MNt2pp|g1|mn2_p,CatPred,True,
ecoli|MNtex_num1|g1|mn2_e,CatPred,True,
ecoli|GAL1Ptex_num1|g1|gal1p_e,CatPred,True,
ecoli|O2Stex_num1|g1|o2s_e,CatPred,True,
ecoli|HEPK1|g1|atp_c,CatPred,True,
ecoli|HEPK1|g1|hhlipa_c,CatPred,True,
ecoli|HEPT3|g1|adphep_LD_c,CatPred,True,
ecoli|HEPT3|g1|phhlipa_c,CatPred,True,
ecoli|HEPK2|g1|atp_c,CatPred,True,
ecoli|HEPK2|g1|hphhlipa_c,CatPred,True,
ecoli|ALDD3y_num1|g1|h2o_c,CatPred,True,
ecoli|ALDD3y_num1|g1|nadp_c,CatPred,True,
ecoli|ALDD3y_num1|g1|ppal_c,CatPred,True,
ecoli|R5PP_num1|g1|h2o_c,CatPred,True,
ecoli|R5PP_num1|g1|r5p_c,CatPred,True,
ecoli|CYSSADS_num1|g1|3sala_c,CatPred,True,
ecoli|CYSSADS_num1|g1|h_c,CatPred,True,
ecoli|CPPPGO2|g1|amet_c,CatPred,True,
ecoli|CPPPGO2|g1|cpppg3_c,CatPred,True,
ecoli|AGM3PH|g1|anhgm3p_c,CatPred,True,
ecoli|AGM3PH|g1|h2o_c,CatPred,True,
ecoli|HOMt2pp_num1|g1|h_p,CatPred,True,
ecoli|HOMt2pp_num1|g1|hom__L_c,CatPred,True,
ecoli|HOMtex_num1|g1|hom__L_e,CatPred,True,
ecoli|SO2tex_num1|g1|so2_e,CatPred,True,
ecoli|SO2tpp|g1|so2_p,CatPred,False,missing_sequence
ecoli|LDH_D2|g1|lac__D_c,CatPred,True,
ecoli|LDH_D2|g1|q8_c,CatPred,True,
ecoli|SHCHF|g1|fe2_c,CatPred,True,
ecoli|SHCHF|g1|scl_c,CatPred,True,
ecoli|SUCBZL|g1|atp_c,CatPred,True,
ecoli|SUCBZL|g1|coa_c,CatPred,True,
ecoli|SUCBZL|g1|sucbz_c,CatPred,True,
ecoli|CYSDDS|g1|cys__D_c,CatPred,True,
ecoli|CYSDDS|g1|h2o_c,CatPred,True,
ecoli|CYStpp_num1|g1|cys__L_c,CatPred,True,
ecoli|ACSERtpp_num1|g1|acser_c,CatPred,True,
ecoli|ACSERtex_num1|g1|acser_e,CatPred,True,
ecoli|NTP10_num1|g1|h2o_c,CatPred,True,
ecoli|NTP10_num1|g1|itp_c,CatPred,True,
ecoli|PRAIS|g1|atp_c,CatPred,True,
ecoli|PRAIS|g1|fpram_c,CatPred,True,
ecoli|GDMANE|g1|gdpddman_c,CatPred,True,
ecoli|GPDDA4|g1|g3pg_c,CatPred,True,
ecoli|GPDDA4|g1|h2o_c,CatPred,True,
ecoli|LPLIPAL2E140|g1|2agpe140_c,CatPred,True,
ecoli|LPLIPAL2E140|g1|h2o_c,CatPred,True,
ecoli|LPLIPAL2E180|g1|2agpe180_c,CatPred,True,
ecoli|LPLIPAL2E180|g1|h2o_c,CatPred,True,
ecoli|LPLIPAL2G161|g1|2agpg161_c,CatPred,True,
ecoli|LPLIPAL2G161|g1|h2o_c,CatPred,True,
ecoli|LPLIPAL2G181|g1|2agpg181_c,CatPred,True,
ecoli|LPLIPAL2G181|g1|h2o_c,CatPred,True,
ecoli|2AGPE120tipp|g1|2agpe120_p,CatPred,True,
ecoli|AACPS6|g1|ACP_c,CatPred,False,missing_sequence;complex_not_supported_by_default
ecoli|AACPS6|g1|atp_c,CatPred,False,missing_sequence;complex_not_supported_by_default
ecoli|AACPS6|g1|ocdca_c,CatPred,False,missing_sequence;complex_not_supported_by_default
ecoli|AACPS7|g1|ACP_c,CatPred,False,missing_sequence;complex_not_supported_by_default
ecoli|AACPS7|g1|atp_c,CatPred,False,missing_sequence;complex_not_supported_by_default
ecoli|AACPS7|g1|ddca_c,CatPred,False,missing_sequence;complex_not_supported_by_default
ecoli|G3PGabcpp|g1|atp_c,CatPred,False,missing_sequence;complex_not_supported_by_default
ecoli|G3PGabcpp|g1|g3pg_p,CatPred,False,missing_sequence;complex_not_supported_by_default
ecoli|G3PGabcpp|g1|h2o_c,CatPred,False,missing_sequence;complex_not_supported_by_default
ecoli|G3PIabcpp|g1|atp_c,CatPred,False,missing_sequence;complex_not_supported_by_default
ecoli|G3PIabcpp|g1|g3pi_p,CatPred,False,missing_sequence;complex_not_supported_by_default
ecoli|G3PIabcpp|g1|h2o_c,CatPred,False,missing_sequence;complex_not_supported_by_default
ecoli|G3PSabcpp|g1|atp_c,CatPred,False,missing_sequence;complex_not_supported_by_default
ecoli|G3PSabcpp|g1|g3ps_p,CatPred,False,missing_sequence;complex_not_supported_by_default
ecoli|G3PSabcpp|g1|h2o_c,CatPred,False,missing_sequence;complex_not_supported_by_default
ecoli|QMO2|g1|o2_c,CatPred,True,
ecoli|QMO2|g1|q8h2_c,CatPred,True,
ecoli|QMO3|g1|mql8_c,CatPred,True,
ecoli|QMO3|g1|o2_c,CatPred,True,
ecoli|LPLIPAL2E141|g1|2agpe141_c,CatPred,True,
ecoli|LPLIPAL2E141|g1|h2o_c,CatPred,True,
ecoli|LPLIPAL2E161|g1|2agpe161_c,CatPred,True,
ecoli|LPLIPAL2E161|g1|h2o_c,CatPred,True,
ecoli|LPLIPAL2E181|g1|2agpe181_c,CatPred,True,
ecoli|LPLIPAL2E181|g1|h2o_c,CatPred,True,
ecoli|LPLIPAL2G180|g1|2agpg180_c,CatPred,True,
ecoli|LPLIPAL2G180|g1|h2o_c,CatPred,True,
ecoli|LPLIPAL2G141|g1|2agpg141_c,CatPred,True,
ecoli|LPLIPAL2G141|g1|h2o_c,CatPred,True,
ecoli|2AGPA120tipp|g1|2ddecg3p_p,CatPred,False,missing_smiles
ecoli|2AGPG180tipp|g1|2agpg180_p,CatPred,True,
ecoli|IPDDI|g1|ipdp_c,CatPred,True,
ecoli|2AGPGAT180|g1|2agpg180_c,CatPred,True,
ecoli|2AGPGAT180|g1|atp_c,CatPred,True,
ecoli|2AGPGAT180|g1|ocdca_c,CatPred,True,
ecoli|2AGPGAT181|g1|2agpg181_c,CatPred,True,
ecoli|2AGPGAT181|g1|atp_c,CatPred,True,
ecoli|2AGPGAT181|g1|ocdcea_c,CatPred,True,
ecoli|LPLIPAL2ATG120|g1|2agpg120_c,CatPred,True,
ecoli|LPLIPAL2ATG120|g1|pg120_c,CatPred,False,missing_smiles
ecoli|PLIPA1E140pp|g1|h2o_p,CatPred,True,
ecoli|PLIPA1E140pp|g1|pe140_p,CatPred,False,missing_smiles
ecoli|PLIPA1E160pp|g1|h2o_p,CatPred,True,
ecoli|PLIPA1E160pp|g1|pe160_p,CatPred,True,
ecoli|PLIPA1E161pp|g1|h2o_p,CatPred,True,
ecoli|PLIPA1E161pp|g1|pe161_p,CatPred,True,
ecoli|AACPS8|g1|ACP_c,CatPred,False,missing_sequence;complex_not_supported_by_default
ecoli|AACPS8|g1|atp_c,CatPred,False,missing_sequence;complex_not_supported_by_default
ecoli|AACPS8|g1|dca_c,CatPred,False,missing_sequence;complex_not_supported_by_default
ecoli|AACPS9|g1|ACP_c,CatPred,False,missing_sequence;complex_not_supported_by_default
ecoli|AACPS9|g1|atp_c,CatPred,False,missing_sequence;complex_not_supported_by_default
ecoli|AACPS9|g1|octa_c,CatPred,False,missing_sequence;complex_not_supported_by_default
ecoli|HXCT|g1|accoa_c,CatPred,False,missing_sequence;complex_not_supported_by_default
ecoli|HXCT|g1|hxa_c,CatPred,False,missing_sequence;complex_not_supported_by_default
ecoli|2AGPEAT160|g1|2agpe160_c,CatPred,True,
ecoli|2AGPEAT160|g1|atp_c,CatPred,True,
ecoli|2AGPEAT160|g1|hdca_c,CatPred,True,
ecoli|DURADx|g1|56dura_c,CatPred,False,missing_sequence;complex_not_supported_by_default
ecoli|DURADx|g1|nad_c,CatPred,False,missing_sequence;complex_not_supported_by_default
ecoli|ECOAH7_num1|g1|3hhdcoa_c,CatPred,True,
ecoli|G1PPpp_num1|g1|g1p_p,CatPred,True,
ecoli|G1PPpp_num1|g1|h2o_p,CatPred,True,
ecoli|GALCTND|g1|galctn__D_c,CatPred,True,
ecoli|GCALDD|g1|gcald_c,CatPred,True,
ecoli|GCALDD|g1|h2o_c,CatPred,True,
ecoli|GCALDD|g1|nad_c,CatPred,True,
ecoli|HISTP|g1|h2o_c,CatPred,True,
ecoli|HISTP|g1|hisp_c,CatPred,True,
ecoli|LDH_D|g1|lac__D_c,CatPred,True,
ecoli|LDH_D|g1|nad_c,CatPred,True,
ecoli|AMALT4|g1|malt_c,CatPred,True,
ecoli|AMALT4|g1|malthx_c,CatPred,True,
ecoli|NTD11_num1|g1|h2o_c,CatPred,True,
ecoli|NTD11_num1|g1|imp_c,CatPred,True,
ecoli|ORNDC_num1|g1|h_c,CatPred,True,
ecoli|ORNDC_num1|g1|orn_c,CatPred,True,
ecoli|UPP3MT|g1|amet_c,CatPred,True,
ecoli|UPP3MT|g1|uppg3_c,CatPred,True,
ecoli|KAS15|g1|accoa_c,CatPred,True,
ecoli|KAS15|g1|h_c,CatPred,True,
ecoli|KAS15|g1|malACP_c,CatPred,True,
ecoli|ALAALAtex_num1|g1|alaala_e,CatPred,True,
ecoli|FACOAL181t2pp_num1|g1|atp_c,CatPred,True,
ecoli|FACOAL181t2pp_num1|g1|coa_c,CatPred,True,
ecoli|FACOAL181t2pp_num1|g1|h_p,CatPred,True,
ecoli|FACOAL181t2pp_num1|g1|ocdcea_p,CatPred,True,
ecoli|T2DECAI|g1|tdec2eACP_c,CatPred,True,
ecoli|3OAS161|g1|h_c,CatPred,True,
ecoli|3OAS161|g1|malACP_c,CatPred,True,
ecoli|3OAS161|g1|tdeACP_c,CatPred,True,
ecoli|EAR141y|g1|h_c,CatPred,True,
ecoli|EAR141y|g1|nadph_c,CatPred,True,
ecoli|EAR141y|g1|t3c7mrseACP_c,CatPred,False,missing_smiles
ecoli|EAR161x|g1|h_c,CatPred,True,
ecoli|EAR161x|g1|nadh_c,CatPred,True,
ecoli|EAR161x|g1|t3c9palmeACP_c,CatPred,False,missing_smiles
ecoli|DASYN160|g1|ctp_c,CatPred,True,
ecoli|DASYN160|g1|h_c,CatPred,True,
ecoli|DASYN160|g1|pa160_c,CatPred,True,
ecoli|DASYN161|g1|ctp_c,CatPred,True,
ecoli|DASYN161|g1|h_c,CatPred,True,
ecoli|DASYN161|g1|pa161_c,CatPred,True,
ecoli|DASYN181|g1|ctp_c,CatPred,True,
ecoli|DASYN181|g1|h_c,CatPred,True,
ecoli|DASYN181|g1|pa181_c,CatPred,False,missing_smiles
ecoli|CDAPPA161|g1|cdpdhdec9eg_c,CatPred,True,
ecoli|CDAPPA161|g1|h2o_c,CatPred,True,
ecoli|PGSA180|g1|cdpdodecg_c,CatPred,True,
ecoli|PGSA180|g1|glyc3p_c,CatPred,True,
ecoli|PSSA140|g1|cdpdtdecg_c,CatPred,True,
ecoli|PSSA140|g1|ser__L_c,CatPred,True,
ecoli|2AGPGAT141|g1|2agpg141_c,CatPred,True,
ecoli|2AGPGAT141|g1|atp_c,CatPred,True,
ecoli|2AGPGAT141|g1|ttdcea_c,CatPred,True,
ecoli|FACOAE180|g1|h2o_c,CatPred,True,
ecoli|FACOAE180|g1|stcoa_c,CatPred,True,
ecoli|FACOAE100|g1|dcacoa_c,CatPred,True,
ecoli|FACOAE100|g1|h2o_c,CatPred,True,
ecoli|FACOAE80|g1|h2o_c,CatPred,True,
ecoli|FACOAE80|g1|occoa_c,CatPred,True,
ecoli|FACOAE60|g1|h2o_c,CatPred,True,
ecoli|FACOAE60|g1|hxcoa_c,CatPred,True,
ecoli|PLIPA1E120pp|g1|h2o_p,CatPred,True,
ecoli|PLIPA1E120pp|g1|pe120_p,CatPred,False,missing_smiles
ecoli|MALtex_num1|g1|mal__L_e,CatPred,True,
ecoli|NO3tex_num1|g1|no3_e,CatPred,True,
ecoli|3OAS141|g1|cddec5eACP_c,CatPred,False,missing_smiles
ecoli|3OAS141|g1|h_c,CatPred,True,
ecoli|3OAS141|g1|malACP_c,CatPred,True,
ecoli|3OAR121|g1|3ocddec5eACP_c,CatPred,False,missing_smiles
ecoli|3OAR121|g1|h_c,CatPred,True,
ecoli|3OAR121|g1|nadph_c,CatPred,True,
ecoli|CFAS160G|g1|amet_c,CatPred,True,
ecoli|CFAS160G|g1|pg161_c,CatPred,True,
ecoli|URAt2pp_num1|g1|h_p,CatPred,True,
ecoli|URAt2pp_num1|g1|ura_p,CatPred,True,
ecoli|FACOAE141|g1|h2o_c,CatPred,True,
ecoli|FACOAE141|g1|tdecoa_c,CatPred,False,missing_smiles
ecoli|FACOAE161|g1|h2o_c,CatPred,True,
ecoli|FACOAE161|g1|hdcoa_c,CatPred,True,
ecoli|TTDCEAtexi|g1|ttdcea_e,CatPred,True,
ecoli|HDCEAtexi|g1|hdcea_e,CatPred,True,
ecoli|ALAALAD|g1|alaala_c,CatPred,True,
ecoli|ALAALAD|g1|h2o_c,CatPred,True,
ecoli|2AGPEAT180|g1|2agpe180_c,CatPred,True,
ecoli|2AGPEAT180|g1|atp_c,CatPred,True,
ecoli|2AGPEAT180|g1|ocdca_c,CatPred,True,
ecoli|2AGPEAT181|g1|2agpe181_c,CatPred,True,
ecoli|2AGPEAT181|g1|atp_c,CatPred,True,
ecoli|2AGPEAT181|g1|ocdcea_c,CatPred,True,
ecoli|2AGPGAT140|g1|2agpg140_c,CatPred,True,
ecoli|2AGPGAT140|g1|atp_c,CatPred,True,
ecoli|2AGPGAT140|g1|ttdca_c,CatPred,True,
ecoli|PLIPA1E181pp|g1|h2o_p,CatPred,True,
ecoli|PLIPA1E181pp|g1|pe181_p,CatPred,True,
ecoli|PLIPA1G180pp|g1|h2o_p,CatPred,True,
ecoli|PLIPA1G180pp|g1|pg180_p,CatPred,True,
ecoli|PLIPA1G181pp|g1|h2o_p,CatPred,True,
ecoli|PLIPA1G181pp|g1|pg181_p,CatPred,False,missing_smiles
ecoli|ALAALAabcpp_num1|g1|alaala_p,CatPred,False,missing_sequence;complex_not_supported_by_default
ecoli|ALAALAabcpp_num1|g1|atp_c,CatPred,False,missing_sequence;complex_not_supported_by_default
ecoli|ALAALAabcpp_num1|g1|h2o_c,CatPred,False,missing_sequence;complex_not_supported_by_default
ecoli|HEXt2rpp|g1|h_p,CatPred,True,
ecoli|HEXt2rpp|g1|hxa_p,CatPred,True,
ecoli|G3PEabcpp|g1|atp_c,CatPred,False,missing_sequence;complex_not_supported_by_default
ecoli|G3PEabcpp|g1|g3pe_p,CatPred,False,missing_sequence;complex_not_supported_by_default
ecoli|G3PEabcpp|g1|h2o_c,CatPred,False,missing_sequence;complex_not_supported_by_default
ecoli|G3PCabcpp|g1|atp_c,CatPred,False,missing_sequence;complex_not_supported_by_default
ecoli|G3PCabcpp|g1|g3pc_p,CatPred,False,missing_sequence;complex_not_supported_by_default
ecoli|G3PCabcpp|g1|h2o_c,CatPred,False,missing_sequence;complex_not_supported_by_default
ecoli|2AGPGAT161|g1|2agpg161_c,CatPred,True,
ecoli|2AGPGAT161|g1|atp_c,CatPred,True,
ecoli|2AGPGAT161|g1|hdcea_c,CatPred,True,
ecoli|AMPTASEPG_num1|g1|h2o_c,CatPred,True,
ecoli|AMPTASEPG_num1|g1|progly_c,CatPred,True,
ecoli|PROGLYabcpp|g1|atp_c,CatPred,False,missing_sequence;complex_not_supported_by_default
ecoli|PROGLYabcpp|g1|h2o_c,CatPred,False,missing_sequence;complex_not_supported_by_default
ecoli|PROGLYabcpp|g1|progly_p,CatPred,False,missing_sequence;complex_not_supported_by_default
ecoli|GTHRDabcpp|g1|atp_c,CatPred,False,missing_sequence;complex_not_supported_by_default
ecoli|GTHRDabcpp|g1|gthrd_p,CatPred,False,missing_sequence;complex_not_supported_by_default
ecoli|GTHRDabcpp|g1|h2o_c,CatPred,False,missing_sequence;complex_not_supported_by_default
ecoli|2AGPG140tipp|g1|2agpg140_p,CatPred,True,
ecoli|2AGPG160tipp|g1|2agpg160_p,CatPred,True,
ecoli|2AGPG141tipp|g1|2agpg141_p,CatPred,True,
ecoli|2AGPG161tipp|g1|2agpg161_p,CatPred,True,
ecoli|2AGPG181tipp|g1|2agpg181_p,CatPred,True,
ecoli|2AGPEAT140|g1|2agpe140_c,CatPred,True,
ecoli|2AGPEAT140|g1|atp_c,CatPred,True,
ecoli|2AGPEAT140|g1|ttdca_c,CatPred,True,
ecoli|2AGPEAT120|g1|2agpe120_c,CatPred,True,
ecoli|2AGPEAT120|g1|atp_c,CatPred,True,
ecoli|2AGPEAT120|g1|ddca_c,CatPred,True,
ecoli|2AGPEAT161|g1|2agpe161_c,CatPred,True,
ecoli|2AGPEAT161|g1|atp_c,CatPred,True,
ecoli|2AGPEAT161|g1|hdcea_c,CatPred,True,
ecoli|2AGPEAT141|g1|2agpe141_c,CatPred,True,
ecoli|2AGPEAT141|g1|atp_c,CatPred,True,
ecoli|2AGPEAT141|g1|ttdcea_c,CatPred,True,
ecoli|2AGPGAT160|g1|2agpg160_c,CatPred,True,
ecoli|2AGPGAT160|g1|atp_c,CatPred,True,
ecoli|2AGPGAT160|g1|hdca_c,CatPred,True,
ecoli|LPLIPAL2ATG140|g1|2agpg140_c,CatPred,True,
ecoli|LPLIPAL2ATG140|g1|pg140_c,CatPred,True,
ecoli|LPLIPAL2ATG141|g1|2agpg141_c,CatPred,True,
ecoli|LPLIPAL2ATG141|g1|pg141_c,CatPred,False,missing_smiles
ecoli|LPLIPAL2ATG160|g1|2agpg160_c,CatPred,True,
ecoli|LPLIPAL2ATG160|g1|pg160_c,CatPred,True,
ecoli|LPLIPAL2ATG180|g1|2agpg180_c,CatPred,True,
ecoli|LPLIPAL2ATG180|g1|pg180_c,CatPred,True,
ecoli|LPLIPAL2ATG161|g1|2agpg161_c,CatPred,True,
ecoli|LPLIPAL2ATG161|g1|pg161_c,CatPred,True,
ecoli|LPLIPAL2ATG181|g1|2agpg181_c,CatPred,True,
ecoli|LPLIPAL2ATG181|g1|pg181_c,CatPred,False,missing_smiles
ecoli|CLPNS180pp_num1|g1|pg180_p,CatPred,True,
ecoli|CLPNS181pp_num1|g1|pg181_p,CatPred,False,missing_smiles
ecoli|PG161abcpp|g1|atp_c,CatPred,True,
ecoli|PG161abcpp|g1|h2o_c,CatPred,True,
ecoli|PG161abcpp|g1|pg161_c,CatPred,True,
ecoli|PGP120abcpp|g1|atp_c,CatPred,True,
ecoli|PGP120abcpp|g1|h2o_c,CatPred,True,
ecoli|PGP120abcpp|g1|pgp120_c,CatPred,False,missing_smiles
ecoli|PGP161abcpp|g1|atp_c,CatPred,True,
ecoli|PGP161abcpp|g1|h2o_c,CatPred,True,
ecoli|PGP161abcpp|g1|pgp161_c,CatPred,True,
ecoli|PGP181abcpp|g1|atp_c,CatPred,True,
ecoli|PGP181abcpp|g1|h2o_c,CatPred,True,
ecoli|PGP181abcpp|g1|pgp181_c,CatPred,False,missing_smiles
ecoli|PA120abcpp|g1|atp_c,CatPred,True,
ecoli|PA120abcpp|g1|h2o_c,CatPred,True,
ecoli|PA120abcpp|g1|pa120_c,CatPred,False,missing_smiles
ecoli|PLIPA1G120pp|g1|h2o_p,CatPred,True,
ecoli|PLIPA1G120pp|g1|pg120_p,CatPred,False,missing_smiles
ecoli|CLPNS120pp_num1|g1|pg120_p,CatPred,False,missing_smiles
ecoli|ALPATE160pp|g1|alpp_p,CatPred,False,missing_sequence;missing_smiles;complex_not_supported_by_default
ecoli|ALPATE160pp|g1|pe160_p,CatPred,False,missing_sequence;complex_not_supported_by_default
ecoli|ALPATG160pp|g1|alpp_p,CatPred,False,missing_sequence;missing_smiles;complex_not_supported_by_default
ecoli|ALPATG160pp|g1|pg160_p,CatPred,False,missing_sequence;complex_not_supported_by_default
ecoli|2AGPGAT120|g1|2agpg120_c,CatPred,True,
ecoli|2AGPGAT120|g1|atp_c,CatPred,True,
ecoli|2AGPGAT120|g1|ddca_c,CatPred,True,
ecoli|LPLIPAL2ATE120|g1|2agpe120_c,CatPred,True,
ecoli|LPLIPAL2ATE120|g1|pg120_c,CatPred,False,missing_smiles
ecoli|LPLIPAL2ATE140|g1|2agpe140_c,CatPred,True,
ecoli|LPLIPAL2ATE140|g1|pg140_c,CatPred,True,
ecoli|LPLIPAL2ATE160|g1|2agpe160_c,CatPred,True,
ecoli|LPLIPAL2ATE160|g1|pg160_c,CatPred,True,
ecoli|LPLIPAL2ATE180|g1|2agpe180_c,CatPred,True,
ecoli|LPLIPAL2ATE180|g1|pg180_c,CatPred,True,
ecoli|LPLIPAL2ATE141|g1|2agpe141_c,CatPred,True,
ecoli|LPLIPAL2ATE141|g1|pg141_c,CatPred,False,missing_smiles
ecoli|LPLIPAL2ATE161|g1|2agpe161_c,CatPred,True,
ecoli|LPLIPAL2ATE161|g1|pg161_c,CatPred,True,
ecoli|LPLIPAL2ATE181|g1|2agpe181_c,CatPred,True,
ecoli|LPLIPAL2ATE181|g1|pg181_c,CatPred,False,missing_smiles
ecoli|FACOAL141t2pp_num1|g1|atp_c,CatPred,True,
ecoli|FACOAL141t2pp_num1|g1|coa_c,CatPred,True,
ecoli|FACOAL141t2pp_num1|g1|h_p,CatPred,True,
ecoli|FACOAL141t2pp_num1|g1|ttdcea_p,CatPred,True,
ecoli|FACOAL161t2pp_num1|g1|atp_c,CatPred,True,
ecoli|FACOAL161t2pp_num1|g1|coa_c,CatPred,True,
ecoli|FACOAL161t2pp_num1|g1|h_p,CatPred,True,
ecoli|FACOAL161t2pp_num1|g1|hdcea_p,CatPred,True,
ecoli|PA160abcpp|g1|atp_c,CatPred,True,
ecoli|PA160abcpp|g1|h2o_c,CatPred,True,
ecoli|PA160abcpp|g1|pa160_c,CatPred,True,
ecoli|PA181abcpp|g1|atp_c,CatPred,True,
ecoli|PA181abcpp|g1|h2o_c,CatPred,True,
ecoli|PA181abcpp|g1|pa181_c,CatPred,False,missing_smiles
ecoli|PGPP140pp_num1|g1|h2o_p,CatPred,True,
ecoli|PGPP140pp_num1|g1|pgp140_p,CatPred,False,missing_smiles
ecoli|PGPP141pp_num1|g1|h2o_p,CatPred,True,
ecoli|PGPP141pp_num1|g1|pgp141_p,CatPred,False,missing_smiles
ecoli|PGPP160pp_num1|g1|h2o_p,CatPred,True,
ecoli|PGPP160pp_num1|g1|pgp160_p,CatPred,True,
ecoli|PGPP180pp_num1|g1|h2o_p,CatPred,True,
ecoli|PGPP180pp_num1|g1|pgp180_p,CatPred,True,
ecoli|PLIPA1E180pp|g1|h2o_p,CatPred,True,
ecoli|PLIPA1E180pp|g1|pe180_p,CatPred,True,
ecoli|PLIPA1G140pp|g1|h2o_p,CatPred,True,
ecoli|PLIPA1G140pp|g1|pg140_p,CatPred,True,
ecoli|PLIPA1G161pp|g1|h2o_p,CatPred,True,
ecoli|PLIPA1G161pp|g1|pg161_p,CatPred,True,
ecoli|CLPNS160pp_num1|g1|pg160_p,CatPred,True,
ecoli|CLPNS161pp_num1|g1|pg161_p,CatPred,True,
ecoli|PG160abcpp|g1|atp_c,CatPred,True,
ecoli|PG160abcpp|g1|h2o_c,CatPred,True,
ecoli|PG160abcpp|g1|pg160_c,CatPred,True,
ecoli|PGP140abcpp|g1|atp_c,CatPred,True,
ecoli|PGP140abcpp|g1|h2o_c,CatPred,True,
ecoli|PGP140abcpp|g1|pgp140_c,CatPred,False,missing_smiles
ecoli|PAPA120pp|g1|h2o_p,CatPred,True,
ecoli|PAPA120pp|g1|pa120_p,CatPred,False,missing_smiles
ecoli|PAPA140pp|g1|h2o_p,CatPred,True,
ecoli|PAPA140pp|g1|pa140_p,CatPred,True,
ecoli|PAPA141pp|g1|h2o_p,CatPred,True,
ecoli|PAPA141pp|g1|pa141_p,CatPred,False,missing_smiles
ecoli|PAPA160pp|g1|h2o_p,CatPred,True,
ecoli|PAPA160pp|g1|pa160_p,CatPred,True,
ecoli|PAPA161pp|g1|h2o_p,CatPred,True,
ecoli|PAPA161pp|g1|pa161_p,CatPred,True,
ecoli|PAPA180pp|g1|h2o_p,CatPred,True,
ecoli|PAPA180pp|g1|pa180_p,CatPred,True,
ecoli|HPYRI|g1|hpyr_c,CatPred,True,
ecoli|TPRDCOAS|g1|atp_c,CatPred,True,
ecoli|TPRDCOAS|g1|dpcoa_c,CatPred,True,
ecoli|GAMptspp|g1|gam_p,CatPred,False,missing_sequence;complex_not_supported_by_default
ecoli|GAMptspp|g1|pep_c,CatPred,False,missing_sequence;complex_not_supported_by_default
ecoli|GSNt2pp|g1|gsn_p,CatPred,True,
ecoli|GSNt2pp|g1|h_p,CatPred,True,
ecoli|GSNtex_num1|g1|gsn_e,CatPred,True,
ecoli|FORtex_num1|g1|for_e,CatPred,True,
ecoli|D_LACt2pp_num1|g1|h_p,CatPred,True,
ecoli|D_LACt2pp_num1|g1|lac__D_p,CatPred,True,
ecoli|RIBtex_num1|g1|rib__D_e,CatPred,True,
ecoli|FLVRx|g1|h_c,CatPred,True,
ecoli|FLVRx|g1|nadh_c,CatPred,True,
ecoli|FLVRx|g1|ribflv_c,CatPred,True,
ecoli|THMtex_num1|g1|thm_e,CatPred,True,
ecoli|XYLUtex_num1|g1|xylu__L_e,CatPred,True,
ecoli|ALLtex_num1|g1|all__D_e,CatPred,True,
ecoli|GGPTRCO|g1|ggptrc_c,CatPred,True,
ecoli|GGPTRCO|g1|h2o_c,CatPred,True,
ecoli|GGPTRCO|g1|o2_c,CatPred,True,
ecoli|34dhpactex_num1|g1|34dhpac_e,CatPred,True,
ecoli|MALTHXtexi|g1|malthx_e,CatPred,True,
ecoli|HYD1pp_num1|g1|h2_c,CatPred,False,missing_sequence;complex_not_supported_by_default
ecoli|HYD1pp_num1|g1|h_c,CatPred,False,missing_sequence;complex_not_supported_by_default
ecoli|HYD1pp_num1|g1|q8_c,CatPred,False,missing_sequence;complex_not_supported_by_default
ecoli|FE3DHBZStonex_num1|g1|fe3dhbzs_e,CatPred,False,missing_sequence;complex_not_supported_by_default
ecoli|FE3DHBZStonex_num1|g1|h_p,CatPred,False,missing_sequence;complex_not_supported_by_default
ecoli|H2tpp|g1|h2_p,CatPred,False,missing_sequence
ecoli|23DAPPAtex_num1|g1|23dappa_e,CatPred,True,
ecoli|ECAP3pp|g1|eca3und_p,CatPred,False,missing_sequence;complex_not_supported_by_default
ecoli|ECAP3pp|g1|unagamuf_p,CatPred,False,missing_sequence;complex_not_supported_by_default
ecoli|FEOXAMtonex|g1|feoxam_e,CatPred,False,missing_sequence;complex_not_supported_by_default
ecoli|FEOXAMtonex|g1|h_p,CatPred,False,missing_sequence;complex_not_supported_by_default
ecoli|FMNRx_num1|g1|fmn_c,CatPred,True,
ecoli|FMNRx_num1|g1|h_c,CatPred,True,
ecoli|FMNRx_num1|g1|nadh_c,CatPred,True,
ecoli|PHEt2rpp_num1|g1|h_p,CatPred,True,
ecoli|PHEt2rpp_num1|g1|phe__L_p,CatPred,True,
ecoli|DHBS|g1|23dhb_c,CatPred,True,
ecoli|DHBS|g1|atp_c,CatPred,True,
ecoli|DHBS|g1|h_c,CatPred,True,
ecoli|MDDCP1pp_num1|g1|h2o_p,CatPred,True,
ecoli|MDDCP1pp_num1|g1|murein5px4p_p,CatPred,True,
ecoli|GUI2|g1|galur_c,CatPred,True,
ecoli|OMBZLM|g1|2ombzl_c,CatPred,True,
ecoli|OMBZLM|g1|amet_c,CatPred,True,
ecoli|GLYCK|g1|atp_c,CatPred,True,
ecoli|GLYCK|g1|glyc__R_c,CatPred,True,
ecoli|MLTG5|g1|h2o_c,CatPred,True,
ecoli|MLTG5|g1|malthp_c,CatPred,True,
ecoli|GPDDA3|g1|g3ps_c,CatPred,True,
ecoli|GPDDA3|g1|h2o_c,CatPred,True,
ecoli|2DOXG6PP_num1|g1|2doxg6p_c,CatPred,True,
ecoli|2DOXG6PP_num1|g1|h2o_c,CatPred,True,
ecoli|AGMH|g1|anhgm_c,CatPred,False,missing_smiles
ecoli|AGMH|g1|h2o_c,CatPred,True,
ecoli|MPTG_num1|g1|uaagmda_c,CatPred,False,missing_sequence;complex_not_supported_by_default
ecoli|MPTG2_num1|g1|murein5p5p_p,CatPred,False,missing_sequence;complex_not_supported_by_default
ecoli|MPTG2_num1|g1|uaagmda_c,CatPred,False,missing_sequence;complex_not_supported_by_default
ecoli|MCTP1App_num1|g1|murein5p5p_p,CatPred,False,missing_sequence;complex_not_supported_by_default
ecoli|MCTP2App_num1|g1|murein5p5p5p_p,CatPred,False,missing_sequence;complex_not_supported_by_default
ecoli|MCTP1Bpp_num1|g1|murein5p5p_p,CatPred,True,
ecoli|MELIBt3ipp|g1|h_p,CatPred,True,
ecoli|MELIBt3ipp|g1|melib_c,CatPred,True,
ecoli|GLCtex_copy2_num1|g1|glc__D_e,CatPred,True,
ecoli|NAt3pp_num1|g1|h_p,CatPred,True,
ecoli|NAt3pp_num1|g1|na1_c,CatPred,True,
ecoli|SFGTHi_num1|g1|Sfglutth_c,CatPred,True,
ecoli|SFGTHi_num1|g1|h2o_c,CatPred,True,
ecoli|K2L4Aabcpp|g1|atp_c,CatPred,True,
ecoli|K2L4Aabcpp|g1|h2o_c,CatPred,True,
ecoli|K2L4Aabcpp|g1|kdo2lipid4_c,CatPred,True,
ecoli|DSBCGT|g1|dsbcox_p,CatPred,False,missing_smiles
ecoli|DSBCGT|g1|gthrd_p,CatPred,True,
ecoli|DSBGGT|g1|dsbgox_p,CatPred,False,missing_smiles
ecoli|DSBGGT|g1|gthrd_p,CatPred,True,
ecoli|DHNAOT4|g1|dhna_c,CatPred,True,
ecoli|DHNAOT4|g1|h_c,CatPred,True,
ecoli|DHNAOT4|g1|octdp_c,CatPred,True,
ecoli|AMPMS2|g1|air_c,CatPred,True,
ecoli|AMPMS2|g1|h2o_c,CatPred,True,
ecoli|AMPMS2|g1|nad_c,CatPred,True,
ecoli|THIORDXi_num1|g1|h2o2_c,CatPred,True,
ecoli|THIORDXi_num1|g1|trdrd_c,CatPred,True,
ecoli|PPPGO3|g1|fum_c,CatPred,True,
ecoli|PPPGO3|g1|pppg9_c,CatPred,True,
ecoli|PDX5POi|g1|o2_c,CatPred,True,
ecoli|PDX5POi|g1|pdx5p_c,CatPred,True,
ecoli|PLIPA1A181pp|g1|h2o_p,CatPred,True,
ecoli|PLIPA1A181pp|g1|pa181_p,CatPred,False,missing_smiles
ecoli|LPLIPAL2A141|g1|2tdec7eg3p_c,CatPred,True,
ecoli|LPLIPAL2A141|g1|h2o_c,CatPred,True,
ecoli|HG2t3pp|g1|h_p,CatPred,True,
ecoli|HG2t3pp|g1|hg2_c,CatPred,True,
ecoli|CYTBO3_4pp|g1|h_c,CatPred,False,missing_sequence;complex_not_supported_by_default
ecoli|CYTBO3_4pp|g1|o2_c,CatPred,False,missing_sequence;complex_not_supported_by_default
ecoli|CYTBO3_4pp|g1|q8h2_c,CatPred,False,missing_sequence;complex_not_supported_by_default
ecoli|EAR141x|g1|h_c,CatPred,True,
ecoli|EAR141x|g1|nadh_c,CatPred,True,
ecoli|EAR141x|g1|t3c7mrseACP_c,CatPred,False,missing_smiles
ecoli|EAR181x|g1|h_c,CatPred,True,
ecoli|EAR181x|g1|nadh_c,CatPred,True,
ecoli|EAR181x|g1|t3c11vaceACP_c,CatPred,False,missing_smiles
ecoli|EAR181y|g1|h_c,CatPred,True,
ecoli|EAR181y|g1|nadph_c,CatPred,True,
ecoli|EAR181y|g1|t3c11vaceACP_c,CatPred,False,missing_smiles
ecoli|G3PAT141|g1|glyc3p_c,CatPred,False,missing_sequence;complex_not_supported_by_default
ecoli|G3PAT141|g1|tdeACP_c,CatPred,False,missing_sequence;complex_not_supported_by_default
ecoli|G3PAT181|g1|glyc3p_c,CatPred,False,missing_sequence;complex_not_supported_by_default
ecoli|G3PAT181|g1|octeACP_c,CatPred,False,missing_sequence;missing_smiles;complex_not_supported_by_default
ecoli|DASYN140|g1|ctp_c,CatPred,True,
ecoli|DASYN140|g1|h_c,CatPred,True,
ecoli|DASYN140|g1|pa140_c,CatPred,True,
ecoli|DASYN180|g1|ctp_c,CatPred,True,
ecoli|DASYN180|g1|h_c,CatPred,True,
ecoli|DASYN180|g1|pa180_c,CatPred,True,
ecoli|DASYN141|g1|ctp_c,CatPred,True,
ecoli|DASYN141|g1|h_c,CatPred,True,
ecoli|DASYN141|g1|pa141_c,CatPred,False,missing_smiles
ecoli|CDAPPA160|g1|cdpdhdecg_c,CatPred,False,missing_smiles
ecoli|CDAPPA160|g1|h2o_c,CatPred,True,
ecoli|CDAPPA141|g1|cdpdtdec7eg_c,CatPred,True,
ecoli|CDAPPA141|g1|h2o_c,CatPred,True,
ecoli|PGSA141|g1|cdpdtdec7eg_c,CatPred,True,
ecoli|PGSA141|g1|glyc3p_c,CatPred,True,
ecoli|5DOAN|g1|dad_5_c,CatPred,True,
ecoli|5DOAN|g1|h2o_c,CatPred,True,
ecoli|FACOAE120|g1|ddcacoa_c,CatPred,True,
ecoli|FACOAE120|g1|h2o_c,CatPred,True,
ecoli|3OAR120|g1|3oddecACP_c,CatPred,True,
ecoli|3OAR120|g1|h_c,CatPred,True,
ecoli|3OAR120|g1|nadph_c,CatPred,True,
ecoli|3HAD80_num1|g1|3hoctACP_c,CatPred,False,missing_smiles
ecoli|3HAD120_num1|g1|3hddecACP_c,CatPred,True,
ecoli|EAR180x|g1|h_c,CatPred,True,
ecoli|EAR180x|g1|nadh_c,CatPred,True,
ecoli|EAR180x|g1|toctd2eACP_c,CatPred,True,
ecoli|SO4t2pp|g1|h_p,CatPred,True,
ecoli|SO4t2pp|g1|so4_p,CatPred,True,
ecoli|EAR180y|g1|h_c,CatPred,True,
ecoli|EAR180y|g1|nadph_c,CatPred,True,
ecoli|EAR180y|g1|toctd2eACP_c,CatPred,True,
ecoli|AGPAT120|g1|1ddecg3p_c,CatPred,True,
ecoli|AGPAT120|g1|ddcaACP_c,CatPred,False,missing_smiles
ecoli|PGPP120_num1|g1|h2o_c,CatPred,True,
ecoli|PGPP120_num1|g1|pgp120_c,CatPred,False,missing_smiles
ecoli|DAGK120|g1|12dgr120_c,CatPred,True,
ecoli|DAGK120|g1|atp_c,CatPred,True,
ecoli|PSSA180|g1|cdpdodecg_c,CatPred,True,
ecoli|PSSA180|g1|ser__L_c,CatPred,True,
ecoli|PSSA161|g1|cdpdhdec9eg_c,CatPred,True,
ecoli|PSSA161|g1|ser__L_c,CatPred,True,
ecoli|PSSA141|g1|cdpdtdec7eg_c,CatPred,True,
ecoli|PSSA141|g1|ser__L_c,CatPred,True,
ecoli|PSD160|g1|h_c,CatPred,True,
ecoli|PSD160|g1|ps160_c,CatPred,True,
ecoli|PSD161|g1|h_c,CatPred,True,
ecoli|PSD161|g1|ps161_c,CatPred,False,missing_smiles
ecoli|PSD180|g1|h_c,CatPred,True,
ecoli|PSD180|g1|ps180_c,CatPred,True,
ecoli|COLIPAabcpp|g1|atp_c,CatPred,True,
ecoli|COLIPAabcpp|g1|colipa_c,CatPred,True,
ecoli|COLIPAabcpp|g1|h2o_c,CatPred,True,
ecoli|PLIPA2A140pp|g1|h2o_p,CatPred,True,
ecoli|PLIPA2A140pp|g1|pa140_p,CatPred,True,
ecoli|PLIPA2A141pp|g1|h2o_p,CatPred,True,
ecoli|PLIPA2A141pp|g1|pa141_p,CatPred,False,missing_smiles
ecoli|PLIPA2A180pp|g1|h2o_p,CatPred,True,
ecoli|PLIPA2A180pp|g1|pa180_p,CatPred,True,
ecoli|GAM6Pt6_2pp|g1|gam6p_p,CatPred,True,
ecoli|GAM6Pt6_2pp|g1|pi_c,CatPred,True,
ecoli|PPALtex_num1|g1|ppal_e,CatPred,True,
ecoli|CA2tex_num1|g1|ca2_e,CatPred,True,
ecoli|CUtex_num1|g1|cu_e,CatPred,True,
ecoli|CU1Opp|g1|cu_p,CatPred,True,
ecoli|CU1Opp|g1|h_p,CatPred,True,
ecoli|CU1Opp|g1|o2_p,CatPred,True,
ecoli|SUCDi|g1|q8_c,CatPred,False,missing_sequence;complex_not_supported_by_default
ecoli|SUCDi|g1|succ_c,CatPred,False,missing_sequence;complex_not_supported_by_default
ecoli|LPLIPAL1E141pp|g1|1agpe141_p,CatPred,True,
ecoli|LPLIPAL1E141pp|g1|h2o_p,CatPred,True,
ecoli|LALDO2x|g1|h_c,CatPred,True,
ecoli|LALDO2x|g1|mthgxl_c,CatPred,True,
ecoli|LALDO2x|g1|nadh_c,CatPred,True,
ecoli|12PPDRtex_num1|g1|12ppd__R_e,CatPred,True,
ecoli|LPLIPAL1E160pp|g1|1agpe160_p,CatPred,True,
ecoli|LPLIPAL1E160pp|g1|h2o_p,CatPred,True,
ecoli|LPLIPAL1E180pp|g1|1agpe180_p,CatPred,True,
ecoli|LPLIPAL1E180pp|g1|h2o_p,CatPred,True,
ecoli|LPLIPAL1E181pp|g1|1agpe181_p,CatPred,True,
ecoli|LPLIPAL1E181pp|g1|h2o_p,CatPred,True,
ecoli|LPLIPAL1G160pp|g1|1agpg160_p,CatPred,True,
ecoli|LPLIPAL1G160pp|g1|h2o_p,CatPred,True,
ecoli|LPLIPAL1G161pp|g1|1agpg161_p,CatPred,True,
ecoli|LPLIPAL1G161pp|g1|h2o_p,CatPred,True,
ecoli|LPLIPAL1G120pp|g1|1agpg120_p,CatPred,True,
ecoli|LPLIPAL1G120pp|g1|h2o_p,CatPred,True,
ecoli|PLIPA2E140pp|g1|h2o_p,CatPred,True,
ecoli|PLIPA2E140pp|g1|pe140_p,CatPred,False,missing_smiles
ecoli|PLIPA2E160pp|g1|h2o_p,CatPred,True,
ecoli|PLIPA2E160pp|g1|pe160_p,CatPred,True,
ecoli|PLIPA2A161pp|g1|h2o_p,CatPred,True,
ecoli|PLIPA2A161pp|g1|pa161_p,CatPred,True,
ecoli|PLIPA2A181pp|g1|h2o_p,CatPred,True,
ecoli|PLIPA2A181pp|g1|pa181_p,CatPred,False,missing_smiles
ecoli|F6Ptex_num1|g1|f6p_e,CatPred,True,
ecoli|GAMAN6Ptex_num1|g1|gam6p_e,CatPred,True,
ecoli|ALR4x|g1|acetol_c,CatPred,True,
ecoli|ALR4x|g1|h_c,CatPred,True,
ecoli|ALR4x|g1|nadh_c,CatPred,True,
ecoli|LPLIPAL1G141pp|g1|1agpg141_p,CatPred,True,
ecoli|LPLIPAL1G141pp|g1|h2o_p,CatPred,True,
ecoli|LPLIPAL1G180pp|g1|1agpg180_p,CatPred,True,
ecoli|LPLIPAL1G180pp|g1|h2o_p,CatPred,True,
ecoli|LPLIPAL1G181pp|g1|1agpg181_p,CatPred,True,
ecoli|LPLIPAL1G181pp|g1|h2o_p,CatPred,True,
ecoli|ACONIs|g1|acon_T_c,CatPred,False,missing_sequence
ecoli|ACONTb_num1|g1|acon_C_c,CatPred,True,
ecoli|ACONTb_num1|g1|h2o_c,CatPred,True,
ecoli|GLCP2_num1|g1|bglycogen_c,CatPred,False,missing_smiles
ecoli|GLCP2_num1|g1|pi_c,CatPred,True,
ecoli|F6Pt6_2pp|g1|f6p_p,CatPred,True,
ecoli|F6Pt6_2pp|g1|pi_c,CatPred,True,
ecoli|PLIPA2E141pp|g1|h2o_p,CatPred,True,
ecoli|PLIPA2E141pp|g1|pe141_p,CatPred,False,missing_smiles
ecoli|PLIPA2E181pp|g1|h2o_p,CatPred,True,
ecoli|PLIPA2E181pp|g1|pe181_p,CatPred,True,
ecoli|PLIPA2G140pp|g1|h2o_p,CatPred,True,
ecoli|PLIPA2G140pp|g1|pg140_p,CatPred,True,
ecoli|3HAD161_num1|g1|3hcpalm9eACP_c,CatPred,False,missing_smiles
ecoli|PLIPA2G160pp|g1|h2o_p,CatPred,True,
ecoli|PLIPA2G160pp|g1|pg160_p,CatPred,True,
ecoli|PLIPA2G181pp|g1|h2o_p,CatPred,True,
ecoli|PLIPA2G181pp|g1|pg181_p,CatPred,False,missing_smiles
ecoli|ASNS1|g1|asp__L_c,CatPred,True,
ecoli|ASNS1|g1|atp_c,CatPred,True,
ecoli|ASNS1|g1|gln__L_c,CatPred,True,
ecoli|ASNS1|g1|h2o_c,CatPred,True,
ecoli|EAR80y|g1|h_c,CatPred,True,
ecoli|EAR80y|g1|nadph_c,CatPred,True,
ecoli|EAR80y|g1|toct2eACP_c,CatPred,False,missing_smiles
ecoli|EAR120y|g1|h_c,CatPred,True,
ecoli|EAR120y|g1|nadph_c,CatPred,True,
ecoli|EAR120y|g1|tddec2eACP_c,CatPred,True,
ecoli|3OAR181|g1|3ocvac11eACP_c,CatPred,False,missing_smiles
ecoli|3OAR181|g1|h_c,CatPred,True,
ecoli|3OAR181|g1|nadph_c,CatPred,True,
ecoli|3HAD121_num1|g1|3hcddec5eACP_c,CatPred,False,missing_smiles
ecoli|EAR121y|g1|h_c,CatPred,True,
ecoli|EAR121y|g1|nadph_c,CatPred,True,
ecoli|EAR121y|g1|t3c5ddeceACP_c,CatPred,False,missing_smiles
ecoli|GTHRDHpp|g1|gthrd_p,CatPred,True,
ecoli|GTHRDHpp|g1|h2o_p,CatPred,True,
ecoli|PROGLYtex_num1|g1|progly_e,CatPred,True,
ecoli|MDDCP2pp_num1|g1|h2o_p,CatPred,True,
ecoli|MDDCP2pp_num1|g1|murein5px4px4p_p,CatPred,True,
ecoli|MDDCP3pp_num1|g1|h2o_p,CatPred,True,
ecoli|MDDCP3pp_num1|g1|murein5p5p_p,CatPred,True,
ecoli|EAR140x|g1|h_c,CatPred,True,
ecoli|EAR140x|g1|nadh_c,CatPred,True,
ecoli|EAR140x|g1|tmrs2eACP_c,CatPred,True,
ecoli|EAR40y|g1|but2eACP_c,CatPred,True,
ecoli|EAR40y|g1|h_c,CatPred,True,
ecoli|EAR40y|g1|nadph_c,CatPred,True,
ecoli|3OAS181|g1|h_c,CatPred,True,
ecoli|3OAS181|g1|hdeACP_c,CatPred,False,missing_smiles
ecoli|3OAS181|g1|malACP_c,CatPred,True,
ecoli|EAR161y|g1|h_c,CatPred,True,
ecoli|EAR161y|g1|nadph_c,CatPred,True,
ecoli|EAR161y|g1|t3c9palmeACP_c,CatPred,False,missing_smiles
ecoli|G3PAT140|g1|glyc3p_c,CatPred,False,missing_sequence;complex_not_supported_by_default
ecoli|G3PAT140|g1|myrsACP_c,CatPred,False,missing_sequence;complex_not_supported_by_default
ecoli|G3PAT160|g1|glyc3p_c,CatPred,False,missing_sequence;complex_not_supported_by_default
ecoli|G3PAT160|g1|palmACP_c,CatPred,False,missing_sequence;missing_smiles;complex_not_supported_by_default
ecoli|G3PAT161|g1|glyc3p_c,CatPred,False,missing_sequence;complex_not_supported_by_default
ecoli|G3PAT161|g1|hdeACP_c,CatPred,False,missing_sequence;missing_smiles;complex_not_supported_by_default
ecoli|AGPAT160|g1|1hdecg3p_c,CatPred,True,
ecoli|AGPAT160|g1|palmACP_c,CatPred,False,missing_smiles
ecoli|CDAPPA140|g1|cdpdtdecg_c,CatPred,True,
ecoli|CDAPPA140|g1|h2o_c,CatPred,True,
ecoli|MLDCP1App_num1|g1|h2o_p,CatPred,True,
ecoli|MLDCP1App_num1|g1|murein5px4p_p,CatPred,True,
ecoli|EAR160y|g1|h_c,CatPred,True,
ecoli|EAR160y|g1|nadph_c,CatPred,True,
ecoli|EAR160y|g1|tpalm2eACP_c,CatPred,True,
ecoli|EAR100y|g1|h_c,CatPred,True,
ecoli|EAR100y|g1|nadph_c,CatPred,True,
ecoli|EAR100y|g1|tdec2eACP_c,CatPred,True,
ecoli|3OAR141|g1|3ocmrs7eACP_c,CatPred,False,missing_smiles
ecoli|3OAR141|g1|h_c,CatPred,True,
ecoli|3OAR141|g1|nadph_c,CatPred,True,
ecoli|3OAR161|g1|3ocpalm9eACP_c,CatPred,False,missing_smiles
ecoli|3OAR161|g1|h_c,CatPred,True,
ecoli|3OAR161|g1|nadph_c,CatPred,True,
ecoli|3HAD141_num1|g1|3hcmrs7eACP_c,CatPred,False,missing_smiles
ecoli|EAR121x|g1|h_c,CatPred,True,
ecoli|EAR121x|g1|nadh_c,CatPred,True,
ecoli|EAR121x|g1|t3c5ddeceACP_c,CatPred,False,missing_smiles
ecoli|PSD140|g1|h_c,CatPred,True,
ecoli|PSD140|g1|ps140_c,CatPred,False,missing_smiles
ecoli|MICITDr|g1|2mcacn_c,CatPred,True,
ecoli|MICITDr|g1|h2o_c,CatPred,True,
ecoli|CDAPPA181|g1|cdpdodec11eg_c,CatPred,True,
ecoli|CDAPPA181|g1|h2o_c,CatPred,True,
ecoli|PGSA140|g1|cdpdtdecg_c,CatPred,True,
ecoli|PGSA140|g1|glyc3p_c,CatPred,True,
ecoli|LPLIPAL1A141pp|g1|1tdec7eg3p_p,CatPred,True,
ecoli|LPLIPAL1A141pp|g1|h2o_p,CatPred,True,
ecoli|LPLIPAL1A180pp|g1|1odecg3p_p,CatPred,True,
ecoli|LPLIPAL1A180pp|g1|h2o_p,CatPred,True,
ecoli|LPLIPAL1E140pp|g1|1agpe140_p,CatPred,True,
ecoli|LPLIPAL1E140pp|g1|h2o_p,CatPred,True,
ecoli|LPLIPAL1E161pp|g1|1agpe161_p,CatPred,True,
ecoli|LPLIPAL1E161pp|g1|h2o_p,CatPred,True,
ecoli|LPLIPAL1G140pp|g1|1agpg140_p,CatPred,True,
ecoli|LPLIPAL1G140pp|g1|h2o_p,CatPred,True,
ecoli|ACONTa_num1|g1|cit_c,CatPred,True,
ecoli|MLDCP2App_num1|g1|h2o_p,CatPred,True,
ecoli|MLDCP2App_num1|g1|murein5p5p_p,CatPred,True,
ecoli|PGPP120pp_num1|g1|h2o_p,CatPred,True,
ecoli|PGPP120pp_num1|g1|pgp120_p,CatPred,False,missing_smiles
ecoli|PGPP181pp_num1|g1|h2o_p,CatPred,True,
ecoli|PGPP181pp_num1|g1|pgp181_p,CatPred,False,missing_smiles
ecoli|PGSA181|g1|cdpdodec11eg_c,CatPred,True,
ecoli|PGSA181|g1|glyc3p_c,CatPred,True,
ecoli|PGPP140_num1|g1|h2o_c,CatPred,True,
ecoli|PGPP140_num1|g1|pgp140_c,CatPred,False,missing_smiles
ecoli|PGPP141_num1|g1|h2o_c,CatPred,True,
ecoli|PGPP141_num1|g1|pgp141_c,CatPred,False,missing_smiles
ecoli|MDDCP5pp_num1|g1|h2o_p,CatPred,True,
ecoli|MDDCP5pp_num1|g1|murein5p3p_p,CatPred,True,
ecoli|MLTGY3pp_num1|g1|murein3p3p_p,CatPred,True,
ecoli|G3PAT180|g1|glyc3p_c,CatPred,False,missing_sequence;complex_not_supported_by_default
ecoli|G3PAT180|g1|ocdcaACP_c,CatPred,False,missing_sequence;missing_smiles;complex_not_supported_by_default
ecoli|AGPAT140|g1|1tdecg3p_c,CatPred,True,
ecoli|AGPAT140|g1|myrsACP_c,CatPred,True,
ecoli|PGSA160|g1|cdpdhdecg_c,CatPred,False,missing_smiles
ecoli|PGSA160|g1|glyc3p_c,CatPred,True,
ecoli|MLDCP2Bpp_num1|g1|h2o_p,CatPred,True,
ecoli|MLDCP2Bpp_num1|g1|murein4p3p_p,CatPred,True,
ecoli|3OAS140_num1|g1|ddcaACP_c,CatPred,False,missing_smiles
ecoli|3OAS140_num1|g1|h_c,CatPred,True,
ecoli|3OAS140_num1|g1|malACP_c,CatPred,True,
ecoli|3OAR140|g1|3omrsACP_c,CatPred,True,
ecoli|3OAR140|g1|h_c,CatPred,True,
ecoli|3OAR140|g1|nadph_c,CatPred,True,
ecoli|3OAR160|g1|3opalmACP_c,CatPred,True,
ecoli|3OAR160|g1|h_c,CatPred,True,
ecoli|3OAR160|g1|nadph_c,CatPred,True,
ecoli|PGSA161|g1|cdpdhdec9eg_c,CatPred,True,
ecoli|PGSA161|g1|glyc3p_c,CatPred,True,
ecoli|3HAD181_num1|g1|3hcvac11eACP_c,CatPred,False,missing_smiles
ecoli|PGPP160_num1|g1|h2o_c,CatPred,True,
ecoli|PGPP160_num1|g1|pgp160_c,CatPred,True,
ecoli|PGPP180_num1|g1|h2o_c,CatPred,True,
ecoli|PGPP180_num1|g1|pgp180_c,CatPred,True,
ecoli|PGPP161_num1|g1|h2o_c,CatPred,True,
ecoli|PGPP161_num1|g1|pgp161_c,CatPred,True,
ecoli|PGPP181_num1|g1|h2o_c,CatPred,True,
ecoli|PGPP181_num1|g1|pgp181_c,CatPred,False,missing_smiles
ecoli|CDAPPA180|g1|cdpdodecg_c,CatPred,True,
ecoli|CDAPPA180|g1|h2o_c,CatPred,True,
ecoli|NTP12|g1|h2o_c,CatPred,True,
ecoli|NTP12|g1|xtp_c,CatPred,True,
ecoli|PE141abcpp|g1|atp_c,CatPred,True,
ecoli|PE141abcpp|g1|h2o_c,CatPred,True,
ecoli|PE141abcpp|g1|pe141_c,CatPred,False,missing_smiles
ecoli|PE160abcpp|g1|atp_c,CatPred,True,
ecoli|PE160abcpp|g1|h2o_c,CatPred,True,
ecoli|PE160abcpp|g1|pe160_c,CatPred,True,
ecoli|PE161abcpp|g1|atp_c,CatPred,True,
ecoli|PE161abcpp|g1|h2o_c,CatPred,True,
ecoli|PE161abcpp|g1|pe161_c,CatPred,True,
ecoli|PSD141|g1|h_c,CatPred,True,
ecoli|PSD141|g1|ps141_c,CatPred,False,missing_smiles
ecoli|PG140abcpp|g1|atp_c,CatPred,True,
ecoli|PG140abcpp|g1|h2o_c,CatPred,True,
ecoli|PG140abcpp|g1|pg140_c,CatPred,True,
ecoli|PG141abcpp|g1|atp_c,CatPred,True,
ecoli|PG141abcpp|g1|h2o_c,CatPred,True,
ecoli|PG141abcpp|g1|pg141_c,CatPred,False,missing_smiles
ecoli|PG180abcpp|g1|atp_c,CatPred,True,
ecoli|PG180abcpp|g1|h2o_c,CatPred,True,
ecoli|PG180abcpp|g1|pg180_c,CatPred,True,
ecoli|PG181abcpp|g1|atp_c,CatPred,True,
ecoli|PG181abcpp|g1|h2o_c,CatPred,True,
ecoli|PG181abcpp|g1|pg181_c,CatPred,False,missing_smiles
ecoli|PGP141abcpp|g1|atp_c,CatPred,True,
ecoli|PGP141abcpp|g1|h2o_c,CatPred,True,
ecoli|PGP141abcpp|g1|pgp141_c,CatPred,False,missing_smiles
ecoli|PGP160abcpp|g1|atp_c,CatPred,True,
ecoli|PGP160abcpp|g1|h2o_c,CatPred,True,
ecoli|PGP160abcpp|g1|pgp160_c,CatPred,True,
ecoli|PGP180abcpp|g1|atp_c,CatPred,True,
ecoli|PGP180abcpp|g1|h2o_c,CatPred,True,
ecoli|PGP180abcpp|g1|pgp180_c,CatPred,True,
ecoli|PAPA181pp|g1|h2o_p,CatPred,True,
ecoli|PAPA181pp|g1|pa181_p,CatPred,False,missing_smiles
ecoli|PA140abcpp|g1|atp_c,CatPred,True,
ecoli|PA140abcpp|g1|h2o_c,CatPred,True,
ecoli|PA140abcpp|g1|pa140_c,CatPred,True,
ecoli|MDDCP4pp_num1|g1|h2o_p,CatPred,True,
ecoli|MDDCP4pp_num1|g1|murein5p4p_p,CatPred,True,
ecoli|CLPNS140pp_num1|g1|pg140_p,CatPred,True,
ecoli|CLPNS141pp_num1|g1|pg141_p,CatPred,False,missing_smiles
ecoli|PG120abcpp|g1|atp_c,CatPred,True,
ecoli|PG120abcpp|g1|h2o_c,CatPred,True,
ecoli|PG120abcpp|g1|pg120_c,CatPred,False,missing_smiles
ecoli|PE140abcpp|g1|atp_c,CatPred,True,
ecoli|PE140abcpp|g1|h2o_c,CatPred,True,
ecoli|PE140abcpp|g1|pe140_c,CatPred,False,missing_smiles
ecoli|CFAS160E|g1|amet_c,CatPred,True,
ecoli|CFAS160E|g1|pe161_c,CatPred,True,
ecoli|CFAS180E|g1|amet_c,CatPred,True,
ecoli|CFAS180E|g1|pe181_c,CatPred,True,
ecoli|CFAS180G|g1|amet_c,CatPred,True,
ecoli|CFAS180G|g1|pg181_c,CatPred,False,missing_smiles
ecoli|PAPA160|g1|h2o_c,CatPred,True,
ecoli|PAPA160|g1|pa160_c,CatPred,True,
ecoli|PAPA180|g1|h2o_c,CatPred,True,
ecoli|PAPA180|g1|pa180_c,CatPred,True,
ecoli|PAPA181|g1|h2o_c,CatPred,True,
ecoli|PAPA181|g1|pa181_c,CatPred,False,missing_smiles
ecoli|PETNT161pp|g1|lipa_p,CatPred,True,
ecoli|PETNT161pp|g1|pe161_p,CatPred,True,
ecoli|PSSA160|g1|cdpdhdecg_c,CatPred,False,missing_smiles
ecoli|PSSA160|g1|ser__L_c,CatPred,True,
ecoli|PSSA181|g1|cdpdodec11eg_c,CatPred,True,
ecoli|PSSA181|g1|ser__L_c,CatPred,True,
ecoli|DAGK140|g1|12dgr140_c,CatPred,False,missing_smiles
ecoli|DAGK140|g1|atp_c,CatPred,True,
ecoli|DAGK160|g1|12dgr160_c,CatPred,False,missing_smiles
ecoli|DAGK160|g1|atp_c,CatPred,True,
ecoli|DAGK141|g1|12dgr141_c,CatPred,False,missing_smiles
ecoli|DAGK141|g1|atp_c,CatPred,True,
ecoli|DAGK161|g1|12dgr161_c,CatPred,True,
ecoli|DAGK161|g1|atp_c,CatPred,True,
ecoli|AGPAT181|g1|1odec11eg3p_c,CatPred,False,missing_smiles
ecoli|AGPAT181|g1|octeACP_c,CatPred,False,missing_smiles
ecoli|MDDEP3pp_num1|g1|h2o_p,CatPred,True,
ecoli|MDDEP3pp_num1|g1|murein5px4p_p,CatPred,True,
ecoli|MDDEP4pp_num1|g1|h2o_p,CatPred,True,
ecoli|MDDEP4pp_num1|g1|murein4px4px4p_p,CatPred,False,missing_smiles
ecoli|MLTGY1pp_num1|g1|murein4p4p_p,CatPred,True,
ecoli|CGLYtex_num1|g1|cgly_e,CatPred,True,
ecoli|3HAD40_num1|g1|3haACP_c,CatPred,True,
ecoli|PLIPA1E141pp|g1|h2o_p,CatPred,True,
ecoli|PLIPA1E141pp|g1|pe141_p,CatPred,False,missing_smiles
ecoli|3OAS60_num1|g1|butACP_c,CatPred,True,
ecoli|3OAS60_num1|g1|h_c,CatPred,True,
ecoli|3OAS60_num1|g1|malACP_c,CatPred,True,
ecoli|3OAS160_num1|g1|h_c,CatPred,True,
ecoli|3OAS160_num1|g1|malACP_c,CatPred,True,
ecoli|3OAS160_num1|g1|myrsACP_c,CatPred,True,
ecoli|3OAR60|g1|3ohexACP_c,CatPred,True,
ecoli|3OAR60|g1|h_c,CatPred,True,
ecoli|3OAR60|g1|nadph_c,CatPred,True,
ecoli|3OAR80|g1|3ooctACP_c,CatPred,True,
ecoli|3OAR80|g1|h_c,CatPred,True,
ecoli|3OAR80|g1|nadph_c,CatPred,True,
ecoli|MLDCP3App_num1|g1|h2o_p,CatPred,True,
ecoli|MLDCP3App_num1|g1|murein5px3p_p,CatPred,False,missing_smiles
ecoli|MLDCP1Bpp_num1|g1|h2o_p,CatPred,True,
ecoli|MLDCP1Bpp_num1|g1|murein4p4p_p,CatPred,True,
ecoli|2AGPE181tipp|g1|2agpe181_p,CatPred,True,
ecoli|2AGPA140tipp|g1|2tdecg3p_p,CatPred,False,missing_smiles
ecoli|2AGPA160tipp|g1|2hdecg3p_p,CatPred,True,
ecoli|2AGPA180tipp|g1|2odecg3p_p,CatPred,True,
ecoli|2AGPA141tipp|g1|2tdec7eg3p_p,CatPred,True,
ecoli|PLIPA1G160pp|g1|h2o_p,CatPred,True,
ecoli|PLIPA1G160pp|g1|pg160_p,CatPred,True,
ecoli|PLIPA1G141pp|g1|h2o_p,CatPred,True,
ecoli|PLIPA1G141pp|g1|pg141_p,CatPred,False,missing_smiles
ecoli|LPLIPAL2E160|g1|2agpe160_c,CatPred,True,
ecoli|LPLIPAL2E160|g1|h2o_c,CatPred,True,
ecoli|LPLIPAL2G140|g1|2agpg140_c,CatPred,True,
ecoli|LPLIPAL2G140|g1|h2o_c,CatPred,True,
ecoli|LPLIPAL2G160|g1|2agpg160_c,CatPred,True,
ecoli|LPLIPAL2G160|g1|h2o_c,CatPred,True,
ecoli|2AGPE140tipp|g1|2agpe140_p,CatPred,True,
ecoli|2AGPE160tipp|g1|2agpe160_p,CatPred,True,
ecoli|2AGPE180tipp|g1|2agpe180_p,CatPred,True,
ecoli|2AGPE141tipp|g1|2agpe141_p,CatPred,True,
ecoli|2AGPE161tipp|g1|2agpe161_p,CatPred,True,
ecoli|2AGPA161tipp|g1|2hdec9eg3p_p,CatPred,False,missing_smiles
ecoli|2AGPA181tipp|g1|2odec11eg3p_p,CatPred,False,missing_smiles
ecoli|2AGPG120tipp|g1|2agpg120_p,CatPred,True,
ecoli|LPLIPAL2G120|g1|2agpg120_c,CatPred,True,
ecoli|LPLIPAL2G120|g1|h2o_c,CatPred,True,
ecoli|PA141abcpp|g1|atp_c,CatPred,True,
ecoli|PA141abcpp|g1|h2o_c,CatPred,True,
ecoli|PA141abcpp|g1|pa141_c,CatPred,False,missing_smiles
ecoli|PA161abcpp|g1|atp_c,CatPred,True,
ecoli|PA161abcpp|g1|h2o_c,CatPred,True,
ecoli|PA161abcpp|g1|pa161_c,CatPred,True,
ecoli|PA180abcpp|g1|atp_c,CatPred,True,
ecoli|PA180abcpp|g1|h2o_c,CatPred,True,
ecoli|PA180abcpp|g1|pa180_c,CatPred,True,
ecoli|PGPP161pp_num1|g1|h2o_p,CatPred,True,
ecoli|PGPP161pp_num1|g1|pgp161_p,CatPred,True,
ecoli|PE120abcpp|g1|atp_c,CatPred,True,
ecoli|PE120abcpp|g1|h2o_c,CatPred,True,
ecoli|PE120abcpp|g1|pe120_c,CatPred,False,missing_smiles
ecoli|PE180abcpp|g1|atp_c,CatPred,True,
ecoli|PE180abcpp|g1|h2o_c,CatPred,True,
ecoli|PE180abcpp|g1|pe180_c,CatPred,True,
ecoli|PAPA140|g1|h2o_c,CatPred,True,
ecoli|PAPA140|g1|pa140_c,CatPred,True,
ecoli|PAPA141|g1|h2o_c,CatPred,True,
ecoli|PAPA141|g1|pa141_c,CatPred,False,missing_smiles
ecoli|PAPA161|g1|h2o_c,CatPred,True,
ecoli|PAPA161|g1|pa161_c,CatPred,True,
ecoli|GTHOXtex_num1|g1|gthox_e,CatPred,True,
ecoli|DSBAO1|g1|dsbard_p,CatPred,False,missing_sequence;missing_smiles;complex_not_supported_by_default
ecoli|DSBAO1|g1|q8_c,CatPred,False,missing_sequence;complex_not_supported_by_default
ecoli|DSBAO2|g1|dsbard_p,CatPred,False,missing_sequence;missing_smiles;complex_not_supported_by_default
ecoli|DSBAO2|g1|mqn8_c,CatPred,False,missing_sequence;complex_not_supported_by_default
ecoli|DSBDR_num1|g1|dsbdox_c,CatPred,False,missing_sequence;missing_smiles;complex_not_supported_by_default
ecoli|DSBDR_num1|g1|trdrd_c,CatPred,False,missing_sequence;complex_not_supported_by_default
ecoli|TDSR1|g1|dsbcox_p,CatPred,False,missing_sequence;missing_smiles;complex_not_supported_by_default
ecoli|TDSR1|g1|dsbdrd_c,CatPred,False,missing_sequence;missing_smiles;complex_not_supported_by_default
ecoli|CGLYabcpp|g1|atp_c,CatPred,False,missing_sequence;complex_not_supported_by_default
ecoli|CGLYabcpp|g1|cgly_p,CatPred,False,missing_sequence;complex_not_supported_by_default
ecoli|CGLYabcpp|g1|h2o_c,CatPred,False,missing_sequence;complex_not_supported_by_default
ecoli|PLIPA2A120pp|g1|h2o_p,CatPred,True,
ecoli|PLIPA2A120pp|g1|pa120_p,CatPred,False,missing_smiles
ecoli|PLIPA2A160pp|g1|h2o_p,CatPred,True,
ecoli|PLIPA2A160pp|g1|pa160_p,CatPred,True,
ecoli|LPLIPAL2E120|g1|2agpe120_c,CatPred,True,
ecoli|LPLIPAL2E120|g1|h2o_c,CatPred,True,
ecoli|EAR100x|g1|h_c,CatPred,True,
ecoli|EAR100x|g1|nadh_c,CatPred,True,
ecoli|EAR100x|g1|tdec2eACP_c,CatPred,True,
ecoli|EAR120x|g1|h_c,CatPred,True,
ecoli|EAR120x|g1|nadh_c,CatPred,True,
ecoli|EAR120x|g1|tddec2eACP_c,CatPred,True,
ecoli|EAR160x|g1|h_c,CatPred,True,
ecoli|EAR160x|g1|nadh_c,CatPred,True,
ecoli|EAR160x|g1|tpalm2eACP_c,CatPred,True,
ecoli|EAR140y|g1|h_c,CatPred,True,
ecoli|EAR140y|g1|nadph_c,CatPred,True,
ecoli|EAR140y|g1|tmrs2eACP_c,CatPred,True,
ecoli|3OAS121|g1|cdec3eACP_c,CatPred,True,
ecoli|3OAS121|g1|h_c,CatPred,True,
ecoli|3OAS121|g1|malACP_c,CatPred,True,
ecoli|3OAS80_num1|g1|h_c,CatPred,True,
ecoli|3OAS80_num1|g1|hexACP_c,CatPred,True,
ecoli|3OAS80_num1|g1|malACP_c,CatPred,True,
ecoli|3OAS100_num1|g1|h_c,CatPred,True,
ecoli|3OAS100_num1|g1|malACP_c,CatPred,True,
ecoli|3OAS100_num1|g1|ocACP_c,CatPred,True,
ecoli|3OAS120_num1|g1|dcaACP_c,CatPred,True,
ecoli|3OAS120_num1|g1|h_c,CatPred,True,
ecoli|3OAS120_num1|g1|malACP_c,CatPred,True,
ecoli|3OAR40|g1|actACP_c,CatPred,True,
ecoli|3OAR40|g1|h_c,CatPred,True,
ecoli|3OAR40|g1|nadph_c,CatPred,True,
ecoli|3OAR100|g1|3odecACP_c,CatPred,True,
ecoli|3OAR100|g1|h_c,CatPred,True,
ecoli|3OAR100|g1|nadph_c,CatPred,True,
ecoli|3HAD60_num1|g1|3hhexACP_c,CatPred,True,
ecoli|3HAD100_num1|g1|3hdecACP_c,CatPred,False,missing_smiles
ecoli|3HAD140_num1|g1|3hmrsACP_c,CatPred,False,missing_smiles
ecoli|3HAD160_num1|g1|3hpalmACP_c,CatPred,False,missing_smiles
ecoli|AGPAT180|g1|1odecg3p_c,CatPred,True,
ecoli|AGPAT180|g1|ocdcaACP_c,CatPred,False,missing_smiles
ecoli|AGPAT141|g1|1tdec7eg3p_c,CatPred,True,
ecoli|AGPAT141|g1|tdeACP_c,CatPred,True,
ecoli|AGPAT161|g1|1hdec9eg3p_c,CatPred,False,missing_smiles
ecoli|AGPAT161|g1|hdeACP_c,CatPred,False,missing_smiles
ecoli|DASYN120|g1|ctp_c,CatPred,True,
ecoli|DASYN120|g1|h_c,CatPred,True,
ecoli|DASYN120|g1|pa120_c,CatPred,False,missing_smiles
ecoli|EAR40x|g1|but2eACP_c,CatPred,True,
ecoli|EAR40x|g1|h_c,CatPred,True,
ecoli|EAR40x|g1|nadh_c,CatPred,True,
ecoli|EAR60y|g1|h_c,CatPred,True,
ecoli|EAR60y|g1|nadph_c,CatPred,True,
ecoli|EAR60y|g1|thex2eACP_c,CatPred,True,
ecoli|MLDEP1pp|g1|h2o_p,CatPred,True,
ecoli|MLDEP1pp|g1|murein3px3p_p,CatPred,True,
ecoli|MLDEP2pp|g1|h2o_p,CatPred,True,
ecoli|MLDEP2pp|g1|murein5px3p_p,CatPred,False,missing_smiles
ecoli|MLTGY2pp_num1|g1|murein4p3p_p,CatPred,True,
ecoli|MLTGY4pp_num1|g1|murein4px4p4p_p,CatPred,True,
ecoli|EAR60x|g1|h_c,CatPred,True,
ecoli|EAR60x|g1|nadh_c,CatPred,True,
ecoli|EAR60x|g1|thex2eACP_c,CatPred,True,
ecoli|EAR80x|g1|h_c,CatPred,True,
ecoli|EAR80x|g1|nadh_c,CatPred,True,
ecoli|EAR80x|g1|toct2eACP_c,CatPred,False,missing_smiles
ecoli|PE181abcpp|g1|atp_c,CatPred,True,
ecoli|PE181abcpp|g1|h2o_c,CatPred,True,
ecoli|PE181abcpp|g1|pe181_c,CatPred,True,
ecoli|NTP11|g1|ditp_c,CatPred,True,
ecoli|NTP11|g1|h2o_c,CatPred,True,
ecoli|3OAS180_num1|g1|h_c,CatPred,True,
ecoli|3OAS180_num1|g1|malACP_c,CatPred,True,
ecoli|3OAS180_num1|g1|palmACP_c,CatPred,False,missing_smiles
ecoli|3HAD180_num1|g1|3hoctaACP_c,CatPred,True,
ecoli|CDAPPA120|g1|cdpdddecg_c,CatPred,True,
ecoli|CDAPPA120|g1|h2o_c,CatPred,True,
ecoli|PSSA120|g1|cdpdddecg_c,CatPred,True,
ecoli|PSSA120|g1|ser__L_c,CatPred,True,
ecoli|PSD120|g1|h_c,CatPred,True,
ecoli|PSD120|g1|ps120_c,CatPred,False,missing_smiles
ecoli|PAPA120|g1|h2o_c,CatPred,True,
ecoli|PAPA120|g1|pa120_c,CatPred,False,missing_smiles
ecoli|MDDEP1pp_num1|g1|h2o_p,CatPred,True,
ecoli|MDDEP1pp_num1|g1|murein4px4p_p,CatPred,False,missing_smiles
ecoli|MDDEP2pp_num1|g1|h2o_p,CatPred,True,
ecoli|MDDEP2pp_num1|g1|murein3px4p_p,CatPred,True,
ecoli|PSD181|g1|h_c,CatPred,True,
ecoli|PSD181|g1|ps181_c,CatPred,False,missing_smiles
ecoli|DAGK180|g1|12dgr180_c,CatPred,False,missing_smiles
ecoli|DAGK180|g1|atp_c,CatPred,True,
ecoli|DAGK181|g1|12dgr181_c,CatPred,True,
ecoli|DAGK181|g1|atp_c,CatPred,True,
ecoli|PLIPA2E120pp|g1|h2o_p,CatPred,True,
ecoli|PLIPA2E120pp|g1|pe120_p,CatPred,False,missing_smiles
ecoli|PLIPA2G141pp|g1|h2o_p,CatPred,True,
ecoli|PLIPA2G141pp|g1|pg141_p,CatPred,False,missing_smiles
ecoli|PLIPA2G161pp|g1|h2o_p,CatPred,True,
ecoli|PLIPA2G161pp|g1|pg161_p,CatPred,True,
ecoli|LPLIPAL1A120pp|g1|1ddecg3p_p,CatPred,True,
ecoli|LPLIPAL1A120pp|g1|h2o_p,CatPred,True,
ecoli|LPLIPAL1A140pp|g1|1tdecg3p_p,CatPred,True,
ecoli|LPLIPAL1A140pp|g1|h2o_p,CatPred,True,
ecoli|LPLIPAL1A181pp|g1|1odec11eg3p_p,CatPred,False,missing_smiles
ecoli|LPLIPAL1A181pp|g1|h2o_p,CatPred,True,
ecoli|LPLIPAL1E120pp|g1|1agpe120_p,CatPred,True,
ecoli|LPLIPAL1E120pp|g1|h2o_p,CatPred,True,
ecoli|3OAR180|g1|3ooctdACP_c,CatPred,False,missing_smiles
ecoli|3OAR180|g1|h_c,CatPred,True,
ecoli|3OAR180|g1|nadph_c,CatPred,True,
ecoli|G3PAT120|g1|ddcaACP_c,CatPred,False,missing_sequence;missing_smiles;complex_not_supported_by_default
ecoli|G3PAT120|g1|glyc3p_c,CatPred,False,missing_sequence;complex_not_supported_by_default
ecoli|PGSA120|g1|cdpdddecg_c,CatPred,True,
ecoli|PGSA120|g1|glyc3p_c,CatPred,True,
ecoli|TDSR2|g1|dsbdrd_c,CatPred,False,missing_sequence;missing_smiles;complex_not_supported_by_default
ecoli|TDSR2|g1|dsbgox_p,CatPred,False,missing_sequence;missing_smiles;complex_not_supported_by_default
ecoli|GTHRDtex_num1|g1|gthrd_e,CatPred,True,
ecoli|GTHRDabc2pp|g1|atp_c,CatPred,False,missing_sequence;complex_not_supported_by_default
ecoli|GTHRDabc2pp|g1|gthrd_c,CatPred,False,missing_sequence;complex_not_supported_by_default
ecoli|GTHRDabc2pp|g1|h2o_c,CatPred,False,missing_sequence;complex_not_supported_by_default
ecoli|NADHPO|g1|h2o2_c,CatPred,False,missing_sequence;complex_not_supported_by_default
ecoli|NADHPO|g1|h_c,CatPred,False,missing_sequence;complex_not_supported_by_default
ecoli|NADHPO|g1|nadh_c,CatPred,False,missing_sequence;complex_not_supported_by_default
ecoli|ACOAD7f|g1|fad_c,CatPred,True,
ecoli|ACOAD7f|g1|pmtcoa_c,CatPred,True,
ecoli|ACOAD8f|g1|fad_c,CatPred,True,
ecoli|ACOAD8f|g1|stcoa_c,CatPred,True,
ecoli|ACOAD5f|g1|ddcacoa_c,CatPred,True,
ecoli|ACOAD5f|g1|fad_c,CatPred,True,
ecoli|ACOAD3f|g1|fad_c,CatPred,True,
ecoli|ACOAD3f|g1|occoa_c,CatPred,True,
ecoli|ACOAD2f|g1|fad_c,CatPred,True,
ecoli|ACOAD2f|g1|hxcoa_c,CatPred,True,
ecoli|ACOAD4f|g1|dcacoa_c,CatPred,True,
ecoli|ACOAD4f|g1|fad_c,CatPred,True,
ecoli|ACOAD6f|g1|fad_c,CatPred,True,
ecoli|ACOAD6f|g1|tdcoa_c,CatPred,True,
ecoli|NADH16pp|g1|h_c,CatPred,False,missing_sequence;complex_not_supported_by_default
ecoli|NADH16pp|g1|nadh_c,CatPred,False,missing_sequence;complex_not_supported_by_default
ecoli|NADH16pp|g1|q8_c,CatPred,False,missing_sequence;complex_not_supported_by_default
ecoli|NADH18pp|g1|2dmmq8_c,CatPred,False,missing_sequence;complex_not_supported_by_default
ecoli|NADH18pp|g1|h_c,CatPred,False,missing_sequence;complex_not_supported_by_default
ecoli|NADH18pp|g1|nadh_c,CatPred,False,missing_sequence;complex_not_supported_by_default
ecoli|GLYBt2pp_num1|g1|glyb_p,CatPred,True,
ecoli|GLYBt2pp_num1|g1|h_p,CatPred,True,
ecoli|DSERt2pp|g1|h_p,CatPred,True,
ecoli|DSERt2pp|g1|ser__D_p,CatPred,True,
ecoli|ALAt4pp|g1|ala__L_p,CatPred,True,
ecoli|ALAt4pp|g1|na1_p,CatPred,True,
ecoli|LYSt3pp_num1|g1|h_p,CatPred,True,
ecoli|LYSt3pp_num1|g1|lys__L_c,CatPred,True,
ecoli|CTBTCAL2|g1|atp_c,CatPred,True,
ecoli|CTBTCAL2|g1|coa_c,CatPred,True,
ecoli|CTBTCAL2|g1|ctbt_c,CatPred,True,
ecoli|BGLA1_num1|g1|6pgg_c,CatPred,True,
ecoli|BGLA1_num1|g1|h2o_c,CatPred,True,
ecoli|GDPMNP|g1|gdpmann_c,CatPred,True,
ecoli|GDPMNP|g1|h2o_c,CatPred,True,
ecoli|AMMQLT8|g1|2dmmql8_c,CatPred,True,
ecoli|AMMQLT8|g1|amet_c,CatPred,True,
ecoli|FA120ACPHi|g1|ddcaACP_c,CatPred,False,missing_smiles
ecoli|FA120ACPHi|g1|h2o_c,CatPred,True,
ecoli|FA80ACPHi|g1|h2o_c,CatPred,True,
ecoli|FA80ACPHi|g1|ocACP_c,CatPred,True,
ecoli|FA140ACPHi|g1|h2o_c,CatPred,True,
ecoli|FA140ACPHi|g1|myrsACP_c,CatPred,True,
ecoli|FA100ACPHi|g1|dcaACP_c,CatPred,True,
ecoli|FA100ACPHi|g1|h2o_c,CatPred,True,
ecoli|CRNDCAL2|g1|atp_c,CatPred,True,
ecoli|CRNDCAL2|g1|coa_c,CatPred,True,
ecoli|CRNDCAL2|g1|crn__D_c,CatPred,True,
ecoli|CRNCAL2|g1|atp_c,CatPred,True,
ecoli|CRNCAL2|g1|coa_c,CatPred,True,
ecoli|CRNCAL2|g1|crn_c,CatPred,True,
ecoli|CHLt2pp_num1|g1|chol_p,CatPred,True,
ecoli|CHLt2pp_num1|g1|h_p,CatPred,True,
ecoli|GLYt4pp|g1|gly_p,CatPred,True,
ecoli|GLYt4pp|g1|na1_p,CatPred,True,
ecoli|FRULYSE|g1|psclys_c,CatPred,True,
ecoli|FRULYSt2pp|g1|frulys_p,CatPred,True,
ecoli|FRULYSt2pp|g1|h_p,CatPred,True,
ecoli|TUNGStex_num1|g1|tungs_e,CatPred,True,
ecoli|COBALT2tpp_num1|g1|cobalt2_p,CatPred,True,
ecoli|OXCDC|g1|h_c,CatPred,True,
ecoli|OXCDC|g1|oxalcoa_c,CatPred,True,
ecoli|LPLIPAL2A140|g1|2tdecg3p_c,CatPred,False,missing_smiles
ecoli|LPLIPAL2A140|g1|h2o_c,CatPred,True,
ecoli|LPLIPAL2A160|g1|2hdecg3p_c,CatPred,True,
ecoli|LPLIPAL2A160|g1|h2o_c,CatPred,True,
ecoli|LPLIPAL2A161|g1|2hdec9eg3p_c,CatPred,False,missing_smiles
ecoli|LPLIPAL2A161|g1|h2o_c,CatPred,True,
ecoli|LPLIPAL2A180|g1|2odecg3p_c,CatPred,True,
ecoli|LPLIPAL2A180|g1|h2o_c,CatPred,True,
ecoli|LPLIPAL2A181|g1|2odec11eg3p_c,CatPred,False,missing_smiles
ecoli|LPLIPAL2A181|g1|h2o_c,CatPred,True,
ecoli|UM3PL|g1|LalaDgluMdap_c,CatPred,False,missing_smiles
ecoli|UM3PL|g1|atp_c,CatPred,True,
ecoli|UM3PL|g1|uamr_c,CatPred,True,
ecoli|UM4PL|g1|LalaDgluMdapDala_c,CatPred,True,
ecoli|UM4PL|g1|atp_c,CatPred,True,
ecoli|UM4PL|g1|uamr_c,CatPred,True,
ecoli|2MAHMP_num1|g1|2mahmp_c,CatPred,True,
ecoli|2MAHMP_num1|g1|h2o_c,CatPred,True,
ecoli|ZN2tpp|g1|zn2_p,CatPred,True,
ecoli|NI2tpp|g1|ni2_p,CatPred,True,
ecoli|COBALT2t3pp_num1|g1|cobalt2_c,CatPred,True,
ecoli|COBALT2t3pp_num1|g1|h_p,CatPred,True,
ecoli|PLIPA1A120pp|g1|h2o_p,CatPred,True,
ecoli|PLIPA1A120pp|g1|pa120_p,CatPred,False,missing_smiles
ecoli|PLIPA1A140pp|g1|h2o_p,CatPred,True,
ecoli|PLIPA1A140pp|g1|pa140_p,CatPred,True,
ecoli|PLIPA1A141pp|g1|h2o_p,CatPred,True,
ecoli|PLIPA1A141pp|g1|pa141_p,CatPred,False,missing_smiles
ecoli|PLIPA1A160pp|g1|h2o_p,CatPred,True,
ecoli|PLIPA1A160pp|g1|pa160_p,CatPred,True,
ecoli|PLIPA1A161pp|g1|h2o_p,CatPred,True,
ecoli|PLIPA1A161pp|g1|pa161_p,CatPred,True,
ecoli|PLIPA1A180pp|g1|h2o_p,CatPred,True,
ecoli|PLIPA1A180pp|g1|pa180_p,CatPred,True,
ecoli|LPLIPAL2A120|g1|2ddecg3p_c,CatPred,False,missing_smiles
ecoli|LPLIPAL2A120|g1|h2o_c,CatPred,True,
ecoli|CAt6pp|g1|ca2_c,CatPred,True,
ecoli|CAt6pp|g1|na1_p,CatPred,True,
ecoli|5DGLCNt2rpp|g1|5dglcn_p,CatPred,True,
ecoli|5DGLCNt2rpp|g1|h_p,CatPred,True,
ecoli|GALCTNt2pp|g1|galctn__D_p,CatPred,True,
ecoli|GALCTNt2pp|g1|h_p,CatPred,True,
ecoli|GALCTNLtex_num1|g1|galctn__L_e,CatPred,True,
ecoli|KDUI|g1|dt5hsu_c,CatPred,True,
ecoli|CA2t3pp|g1|ca2_c,CatPred,True,
ecoli|CA2t3pp|g1|h_p,CatPred,True,
ecoli|NADH17pp|g1|h_c,CatPred,False,missing_sequence;complex_not_supported_by_default
ecoli|NADH17pp|g1|mqn8_c,CatPred,False,missing_sequence;complex_not_supported_by_default
ecoli|NADH17pp|g1|nadh_c,CatPred,False,missing_sequence;complex_not_supported_by_default
ecoli|FA161ACPHi|g1|h2o_c,CatPred,True,
ecoli|FA161ACPHi|g1|hdeACP_c,CatPred,False,missing_smiles
ecoli|FA141ACPHi|g1|h2o_c,CatPred,True,
ecoli|FA141ACPHi|g1|tdeACP_c,CatPred,True,
ecoli|ARGt3pp|g1|arg__L_c,CatPred,True,
ecoli|ARGt3pp|g1|h_p,CatPred,True,
ecoli|FA160ACPHi|g1|h2o_c,CatPred,True,
ecoli|FA160ACPHi|g1|palmACP_c,CatPred,False,missing_smiles
ecoli|MALDtex_num1|g1|mal__D_e,CatPred,True,
ecoli|OROTtex_num1|g1|orot_e,CatPred,True,
ecoli|PPAt4pp|g1|na1_p,CatPred,True,
ecoli|PPAt4pp|g1|ppa_p,CatPred,True,
ecoli|OROTt2_2pp|g1|h_p,CatPred,True,
ecoli|OROTt2_2pp|g1|orot_p,CatPred,True,
ecoli|MALDt2_2pp|g1|h_p,CatPred,True,
ecoli|MALDt2_2pp|g1|mal__D_p,CatPred,True,
ecoli|5DGLCNtex_num1|g1|5dglcn_e,CatPred,True,
ecoli|DTARTD|g1|tartr__D_c,CatPred,True,
ecoli|PLIPA2E161pp|g1|h2o_p,CatPred,True,
ecoli|PLIPA2E161pp|g1|pe161_p,CatPred,True,
ecoli|PLIPA2E180pp|g1|h2o_p,CatPred,True,
ecoli|PLIPA2E180pp|g1|pe180_p,CatPred,True,
ecoli|PLIPA2G120pp|g1|h2o_p,CatPred,True,
ecoli|PLIPA2G120pp|g1|pg120_p,CatPred,False,missing_smiles
ecoli|PLIPA2G180pp|g1|h2o_p,CatPred,True,
ecoli|PLIPA2G180pp|g1|pg180_p,CatPred,True,
ecoli|LPLIPAL1A161pp|g1|1hdec9eg3p_p,CatPred,False,missing_smiles
ecoli|LPLIPAL1A161pp|g1|h2o_p,CatPred,True,
ecoli|LPLIPAL1A160pp|g1|1hdecg3p_p,CatPred,True,
ecoli|LPLIPAL1A160pp|g1|h2o_p,CatPred,True,
ecoli|PSCLYSt2pp|g1|h_p,CatPred,True,
ecoli|PSCLYSt2pp|g1|psclys_p,CatPred,True,
ecoli|LYSt2pp|g1|h_p,CatPred,True,
ecoli|LYSt2pp|g1|lys__L_p,CatPred,True,
ecoli|GLYt2pp_num1|g1|gly_p,CatPred,True,
ecoli|GLYt2pp_num1|g1|h_p,CatPred,True,
ecoli|ALAt2pp_num1|g1|ala__L_p,CatPred,True,
ecoli|ALAt2pp_num1|g1|h_p,CatPred,True,
ecoli|BALAt2pp|g1|ala_B_p,CatPred,True,
ecoli|BALAt2pp|g1|h_p,CatPred,True,
ecoli|DALAt2pp|g1|ala__D_p,CatPred,True,
ecoli|DALAt2pp|g1|h_p,CatPred,True,
ecoli|FE2tpp|g1|fe2_p,CatPred,True,
ecoli|MN2tpp|g1|mn2_p,CatPred,True,
ecoli|MG2tpp|g1|mg2_p,CatPred,True,
ecoli|NI2t3pp_num1|g1|h_p,CatPred,True,
ecoli|NI2t3pp_num1|g1|ni2_c,CatPred,True,
ecoli|PPAtex_num1|g1|ppa_e,CatPred,True,
ecoli|GALCTNLt2pp|g1|galctn__L_p,CatPred,True,
ecoli|GALCTNLt2pp|g1|h_p,CatPred,True,
ecoli|GALCTLO|g1|galctn__L_c,CatPred,True,
ecoli|GALCTLO|g1|nad_c,CatPred,True,
ecoli|PSCLYStex_num1|g1|psclys_e,CatPred,True,
ecoli|THYMtex_num1|g1|thym_e,CatPred,True,
ecoli|CU2tpp|g1|cu2_p,CatPred,True,
ecoli|FE2t3pp|g1|fe2_c,CatPred,True,
ecoli|FE2t3pp|g1|h_p,CatPred,True,
ecoli|MN2t3pp_num1|g1|h_p,CatPred,True,
ecoli|MN2t3pp_num1|g1|mn2_c,CatPred,True,
ecoli|CD2tpp|g1|cd2_p,CatPred,True,
ecoli|THRA_num1|g1|thr__L_c,CatPred,True,
ecoli|XYLK2_num1|g1|atp_c,CatPred,True,
ecoli|XYLK2_num1|g1|xylu__L_c,CatPred,True,
ecoli|GLDBRAN2|g1|bglycogen_c,CatPred,False,missing_smiles
ecoli|CLt3_2pp|g1|cl_p,CatPred,True,
ecoli|CLt3_2pp|g1|h_c,CatPred,True,
ecoli|POR5_num1|g1|coa_c,CatPred,False,missing_sequence;complex_not_supported_by_default
ecoli|POR5_num1|g1|flxso_c,CatPred,False,missing_sequence;missing_smiles;complex_not_supported_by_default
ecoli|POR5_num1|g1|pyr_c,CatPred,False,missing_sequence;complex_not_supported_by_default
ecoli|HACD8_num1|g1|3ohodcoa_c,CatPred,True,
ecoli|HACD8_num1|g1|h_c,CatPred,True,
ecoli|HACD8_num1|g1|nadh_c,CatPred,True,
ecoli|CTECOAI8|g1|odecoa_c,CatPred,True,
ecoli|CTECOAI6|g1|tdecoa_c,CatPred,False,missing_smiles
ecoli|MTHTHFSs|g1|h2o_c,CatPred,False,missing_sequence
ecoli|MTHTHFSs|g1|mdhdhf_c,CatPred,False,missing_sequence
ecoli|MALCOAMT|g1|amet_c,CatPred,True,
ecoli|MALCOAMT|g1|malcoa_c,CatPred,True,
ecoli|OGMEACPS|g1|h_c,CatPred,True,
ecoli|OGMEACPS|g1|malACP_c,CatPred,True,
ecoli|OGMEACPS|g1|malcoame_c,CatPred,True,
ecoli|OGMEACPR|g1|h_c,CatPred,True,
ecoli|OGMEACPR|g1|nadph_c,CatPred,True,
ecoli|OGMEACPR|g1|ogmeACP_c,CatPred,False,missing_smiles
ecoli|OPMEACPS|g1|gmeACP_c,CatPred,False,missing_smiles
ecoli|OPMEACPS|g1|h_c,CatPred,True,
ecoli|OPMEACPS|g1|malACP_c,CatPred,True,
ecoli|LIPAabctex|g1|atp_c,CatPred,False,missing_sequence;complex_not_supported_by_default
ecoli|LIPAabctex|g1|h2o_c,CatPred,False,missing_sequence;complex_not_supported_by_default
ecoli|LIPAabctex|g1|lipa_p,CatPred,False,missing_sequence;complex_not_supported_by_default
ecoli|DGUNC_num1|g1|gtp_c,CatPred,True,
ecoli|CDGUNPD_num1|g1|cdigmp_c,CatPred,True,
ecoli|CDGUNPD_num1|g1|h2o_c,CatPred,True,
ecoli|LDGUNPD|g1|5pg35pg_c,CatPred,True,
ecoli|LDGUNPD|g1|h2o_c,CatPred,True,
ecoli|MPTAT|g1|atp_c,CatPred,True,
ecoli|MPTAT|g1|h_c,CatPred,True,
ecoli|MPTAT|g1|mpt_c,CatPred,True,
ecoli|MOADSUx|g1|iscssh_c,CatPred,False,missing_sequence;missing_smiles;complex_not_supported_by_default
ecoli|MOADSUx|g1|moadamp_c,CatPred,False,missing_sequence;missing_smiles;complex_not_supported_by_default
ecoli|MOADSUx|g1|nadh_c,CatPred,False,missing_sequence;complex_not_supported_by_default
ecoli|CMtpp_num1|g1|cm_p,CatPred,False,missing_sequence;complex_not_supported_by_default
ecoli|CMtpp_num1|g1|h_p,CatPred,False,missing_sequence;complex_not_supported_by_default
ecoli|FUSAtpp_num1|g1|fusa_p,CatPred,False,missing_sequence;complex_not_supported_by_default
ecoli|FUSAtpp_num1|g1|h_p,CatPred,False,missing_sequence;complex_not_supported_by_default
ecoli|RFAMPtex|g1|rfamp_e,CatPred,False,missing_sequence
ecoli|MINCYCtex_num1|g1|mincyc_e,CatPred,True,
ecoli|MINCYCtpp_num1|g1|h_p,CatPred,False,missing_sequence;complex_not_supported_by_default
ecoli|MINCYCtpp_num1|g1|mincyc_p,CatPred,False,missing_sequence;complex_not_supported_by_default
ecoli|DOXRBCNtex_num1|g1|doxrbcn_e,CatPred,True,
ecoli|DOXRBCNtpp_num1|g1|doxrbcn_p,CatPred,False,missing_sequence;complex_not_supported_by_default
ecoli|DOXRBCNtpp_num1|g1|h_p,CatPred,False,missing_sequence;complex_not_supported_by_default
ecoli|ETOHtrpp|g1|etoh_p,CatPred,False,missing_sequence
ecoli|REPHACCOAI|g1|rephaccoa_c,CatPred,False,missing_smiles
ecoli|ACPPAT141|g1|h_c,CatPred,False,missing_sequence;complex_not_supported_by_default
ecoli|ACPPAT141|g1|pi_c,CatPred,False,missing_sequence;complex_not_supported_by_default
ecoli|ACPPAT141|g1|tdeACP_c,CatPred,False,missing_sequence;complex_not_supported_by_default
ecoli|ACPPAT161|g1|h_c,CatPred,False,missing_sequence;complex_not_supported_by_default
ecoli|ACPPAT161|g1|hdeACP_c,CatPred,False,missing_sequence;missing_smiles;complex_not_supported_by_default
ecoli|ACPPAT161|g1|pi_c,CatPred,False,missing_sequence;complex_not_supported_by_default
ecoli|ACPPAT180|g1|h_c,CatPred,False,missing_sequence;complex_not_supported_by_default
ecoli|ACPPAT180|g1|ocdcaACP_c,CatPred,False,missing_sequence;missing_smiles;complex_not_supported_by_default
ecoli|ACPPAT180|g1|pi_c,CatPred,False,missing_sequence;complex_not_supported_by_default
ecoli|APG3PAT160|g1|glyc3p_c,CatPred,True,
ecoli|APG3PAT160|g1|hdcap_c,CatPred,False,missing_smiles
ecoli|APG3PAT161|g1|glyc3p_c,CatPred,True,
ecoli|APG3PAT161|g1|hdceap_c,CatPred,False,missing_smiles
ecoli|APG3PAT180|g1|glyc3p_c,CatPred,True,
ecoli|APG3PAT180|g1|ocdcap_c,CatPred,False,missing_smiles
ecoli|ICYSDS|g1|cys__L_c,CatPred,True,
ecoli|ICYSDS|g1|iscs_c,CatPred,False,missing_smiles
ecoli|I4FE4SR|g1|fadh2_c,CatPred,True,
ecoli|I4FE4SR|g1|h_c,CatPred,True,
ecoli|I4FE4SR|g1|iscu_2fe2s2_c,CatPred,False,missing_smiles
ecoli|S2FE2ST|g1|h_c,CatPred,False,missing_sequence;complex_not_supported_by_default
ecoli|S2FE2ST|g1|sufbcd_2fe2s_c,CatPred,False,missing_sequence;missing_smiles;complex_not_supported_by_default
ecoli|BMOCOS|g1|moco_c,CatPred,True,
ecoli|BMOCOS|g1|mptamp_c,CatPred,True,
ecoli|BWCOS|g1|mptamp_c,CatPred,True,
ecoli|BWCOS|g1|wco_c,CatPred,False,missing_smiles
ecoli|BWCOGDS1|g1|bwco_c,CatPred,False,missing_smiles
ecoli|BWCOGDS1|g1|gtp_c,CatPred,True,
ecoli|BWCOGDS1|g1|h_c,CatPred,True,
ecoli|BWCOGDS2|g1|bwco1gdp_c,CatPred,False,missing_smiles
ecoli|BWCOGDS2|g1|gtp_c,CatPred,True,
ecoli|BWCOGDS2|g1|h_c,CatPred,True,
ecoli|DHNPTE|g1|dhnpt_c,CatPred,True,
ecoli|DHMPTR|g1|dhmpt_c,CatPred,False,missing_smiles
ecoli|DHMPTR|g1|h_c,CatPred,True,
ecoli|DHMPTR|g1|nadph_c,CatPred,True,
ecoli|NOVBCNtpp_num1|g1|h_p,CatPred,False,missing_sequence;complex_not_supported_by_default
ecoli|NOVBCNtpp_num1|g1|novbcn_p,CatPred,False,missing_sequence;complex_not_supported_by_default
ecoli|CMtex_num1|g1|cm_e,CatPred,True,
ecoli|LALALGLUtex_num1|g1|LalaLglu_e,CatPred,True,
ecoli|LALADGLUtpp_num1|g1|LalaDglu_p,CatPred,True,
ecoli|LALADGLUtpp_num1|g1|h_p,CatPred,True,
ecoli|I2FE2SS|g1|fadh2_c,CatPred,False,missing_sequence;complex_not_supported_by_default
ecoli|I2FE2SS|g1|fe2_c,CatPred,False,missing_sequence;complex_not_supported_by_default
ecoli|I2FE2SS|g1|iscssh_c,CatPred,False,missing_sequence;missing_smiles;complex_not_supported_by_default
ecoli|I2FE2SS|g1|iscu_c,CatPred,False,missing_sequence;missing_smiles;complex_not_supported_by_default
ecoli|I2FE2ST|g1|h_c,CatPred,False,missing_sequence;complex_not_supported_by_default
ecoli|I2FE2ST|g1|iscu_2fe2s_c,CatPred,False,missing_sequence;missing_smiles;complex_not_supported_by_default
ecoli|I2FE2SS2|g1|fadh2_c,CatPred,False,missing_sequence;complex_not_supported_by_default
ecoli|I2FE2SS2|g1|fe2_c,CatPred,False,missing_sequence;complex_not_supported_by_default
ecoli|I2FE2SS2|g1|iscssh_c,CatPred,False,missing_sequence;missing_smiles;complex_not_supported_by_default
ecoli|I2FE2SS2|g1|iscu_2fe2s_c,CatPred,False,missing_sequence;missing_smiles;complex_not_supported_by_default
ecoli|I4FE4ST|g1|h_c,CatPred,False,missing_sequence;complex_not_supported_by_default
ecoli|I4FE4ST|g1|iscu_4fe4s_c,CatPred,False,missing_sequence;missing_smiles;complex_not_supported_by_default
ecoli|S4FE4ST|g1|h_c,CatPred,False,missing_sequence;complex_not_supported_by_default
ecoli|S4FE4ST|g1|sufbcd_4fe4s_c,CatPred,False,missing_sequence;missing_smiles;complex_not_supported_by_default
ecoli|S2FE2SS2|g1|atp_c,CatPred,False,missing_sequence;complex_not_supported_by_default
ecoli|S2FE2SS2|g1|fadh2_c,CatPred,False,missing_sequence;complex_not_supported_by_default
ecoli|S2FE2SS2|g1|fe2_c,CatPred,False,missing_sequence;complex_not_supported_by_default
ecoli|S2FE2SS2|g1|h2o_c,CatPred,False,missing_sequence;complex_not_supported_by_default
ecoli|S2FE2SS2|g1|sufbcd_2fe2s_c,CatPred,False,missing_sequence;missing_smiles;complex_not_supported_by_default
ecoli|S2FE2SS2|g1|sufsesh_c,CatPred,False,missing_sequence;missing_smiles;complex_not_supported_by_default
ecoli|BTS5|g1|2fe2s_c,CatPred,False,missing_smiles
ecoli|BTS5|g1|amet_c,CatPred,True,
ecoli|BTS5|g1|dtbt_c,CatPred,True,
ecoli|5MTRtex_num1|g1|5mtr_e,CatPred,True,
ecoli|LALADGLUtex_num1|g1|LalaDglu_e,CatPred,True,
ecoli|LALALGLUtpp_num1|g1|LalaLglu_p,CatPred,True,
ecoli|LALALGLUtpp_num1|g1|h_p,CatPred,True,
ecoli|3AMACHYD|g1|3amac_c,CatPred,True,
ecoli|3AMACHYD|g1|h2o_c,CatPred,True,
ecoli|3AMACHYD|g1|h_c,CatPred,True,
ecoli|3HPPtex_num1|g1|3hpp_e,CatPred,True,
ecoli|CCGS|g1|atp_c,CatPred,True,
ecoli|CCGS|g1|cdg_c,CatPred,True,
ecoli|CCGS|g1|nh4_c,CatPred,True,
ecoli|CDGR|g1|h_c,CatPred,True,
ecoli|CDGR|g1|nadph_c,CatPred,True,
ecoli|CDGR|g1|preq0_c,CatPred,True,
ecoli|CBMD|g1|cbm_c,CatPred,False,missing_sequence
ecoli|CBMD|g1|h_c,CatPred,False,missing_sequence
ecoli|MSAR_num1|g1|h_c,CatPred,True,
ecoli|MSAR_num1|g1|msa_c,CatPred,True,
ecoli|MSAR_num1|g1|nadph_c,CatPred,True,
ecoli|ACPPAT120|g1|ddcaACP_c,CatPred,False,missing_sequence;missing_smiles;complex_not_supported_by_default
ecoli|ACPPAT120|g1|h_c,CatPred,False,missing_sequence;complex_not_supported_by_default
ecoli|ACPPAT120|g1|pi_c,CatPred,False,missing_sequence;complex_not_supported_by_default
ecoli|CPH4S|g1|ahdt_c,CatPred,True,
ecoli|CPH4S|g1|h2o_c,CatPred,True,
ecoli|SHCHCS3|g1|2sephchc_c,CatPred,True,
ecoli|URACPAH|g1|h2o_c,CatPred,True,
ecoli|URACPAH|g1|uracp_c,CatPred,True,
ecoli|POAACR|g1|nadh_c,CatPred,True,
ecoli|POAACR|g1|poaac_c,CatPred,True,
ecoli|ACPPAT160|g1|h_c,CatPred,False,missing_sequence;complex_not_supported_by_default
ecoli|ACPPAT160|g1|palmACP_c,CatPred,False,missing_sequence;missing_smiles;complex_not_supported_by_default
ecoli|ACPPAT160|g1|pi_c,CatPred,False,missing_sequence;complex_not_supported_by_default
ecoli|ACPPAT181|g1|h_c,CatPred,False,missing_sequence;complex_not_supported_by_default
ecoli|ACPPAT181|g1|octeACP_c,CatPred,False,missing_sequence;missing_smiles;complex_not_supported_by_default
ecoli|ACPPAT181|g1|pi_c,CatPred,False,missing_sequence;complex_not_supported_by_default
ecoli|APH141|g1|h2o_c,CatPred,True,
ecoli|APH141|g1|ttdceap_c,CatPred,False,missing_smiles
ecoli|APH161|g1|h2o_c,CatPred,True,
ecoli|APH161|g1|hdceap_c,CatPred,False,missing_smiles
ecoli|APH180|g1|h2o_c,CatPred,True,
ecoli|APH180|g1|ocdcap_c,CatPred,False,missing_smiles
ecoli|APH181|g1|h2o_c,CatPred,True,
ecoli|APH181|g1|ocdceap_c,CatPred,False,missing_smiles
ecoli|GTHPi|g1|gthrd_c,CatPred,True,
ecoli|GTHPi|g1|h2o2_c,CatPred,True,
ecoli|SEPHCHCS|g1|akg_c,CatPred,True,
ecoli|SEPHCHCS|g1|h_c,CatPred,True,
ecoli|SEPHCHCS|g1|ichor_c,CatPred,True,
ecoli|DHNCOAS|g1|h_c,CatPred,True,
ecoli|DHNCOAS|g1|sbzcoa_c,CatPred,True,
ecoli|DHNCOAT|g1|14dhncoa_c,CatPred,False,missing_smiles
ecoli|DHNCOAT|g1|h2o_c,CatPred,True,
ecoli|FESD1s|g1|4fe4s_c,CatPred,False,missing_sequence
ecoli|FESD1s|g1|h2o2_c,CatPred,False,missing_sequence
ecoli|FESD1s|g1|h_c,CatPred,False,missing_sequence
ecoli|I2FE2SR|g1|2fe1s_c,CatPred,False,missing_sequence;missing_smiles;complex_not_supported_by_default
ecoli|I2FE2SR|g1|iscssh_c,CatPred,False,missing_sequence;missing_smiles;complex_not_supported_by_default
ecoli|I2FE2SR|g1|iscu_c,CatPred,False,missing_sequence;missing_smiles;complex_not_supported_by_default
ecoli|TYRL|g1|amet_c,CatPred,True,
ecoli|TYRL|g1|nadph_c,CatPred,True,
ecoli|TYRL|g1|tyr__L_c,CatPred,True,
ecoli|THZPSN3|g1|atp_c,CatPred,False,missing_sequence;complex_not_supported_by_default
ecoli|THZPSN3|g1|dhgly_c,CatPred,False,missing_sequence;complex_not_supported_by_default
ecoli|THZPSN3|g1|dxyl5p_c,CatPred,False,missing_sequence;complex_not_supported_by_default
ecoli|THZPSN3|g1|h_c,CatPred,False,missing_sequence;complex_not_supported_by_default
ecoli|THZPSN3|g1|iscssh_c,CatPred,False,missing_sequence;missing_smiles;complex_not_supported_by_default
ecoli|THZPSN3|g1|nadph_c,CatPred,False,missing_sequence;complex_not_supported_by_default
ecoli|APG3PAT120|g1|ddcap_c,CatPred,False,missing_smiles
ecoli|APG3PAT120|g1|glyc3p_c,CatPred,True,
ecoli|APH120|g1|ddcap_c,CatPred,False,missing_smiles
ecoli|APH120|g1|h2o_c,CatPred,True,
ecoli|MOCDS|g1|ctp_c,CatPred,True,
ecoli|MOCDS|g1|h_c,CatPred,True,
ecoli|MOCDS|g1|moco_c,CatPred,True,
ecoli|FUSAtex_num1|g1|fusa_e,CatPred,True,
ecoli|NOVBCNtex|g1|novbcn_e,CatPred,False,missing_sequence
ecoli|QUIN2tex_num1|g1|quin_e,CatPred,True,
ecoli|FORCT|g1|forcoa_c,CatPred,True,
ecoli|FORCT|g1|oxa_c,CatPred,True,
ecoli|DHPTDCs2|g1|dhptd_c,CatPred,False,missing_sequence
ecoli|PACCOAE|g1|h_c,CatPred,False,missing_sequence;complex_not_supported_by_default
ecoli|PACCOAE|g1|nadph_c,CatPred,False,missing_sequence;complex_not_supported_by_default
ecoli|PACCOAE|g1|o2_c,CatPred,False,missing_sequence;complex_not_supported_by_default
ecoli|PACCOAE|g1|phaccoa_c,CatPred,False,missing_sequence;complex_not_supported_by_default
ecoli|OXDHCOAT|g1|3oxdhscoa_c,CatPred,False,missing_sequence;complex_not_supported_by_default
ecoli|OXDHCOAT|g1|coa_c,CatPred,False,missing_sequence;complex_not_supported_by_default
ecoli|HADPCOADH3|g1|3hadpcoa_c,CatPred,True,
ecoli|HADPCOADH3|g1|nad_c,CatPred,True,
ecoli|O16A4COLIPAabctex|g1|atp_c,CatPred,False,missing_sequence;complex_not_supported_by_default
ecoli|O16A4COLIPAabctex|g1|h2o_c,CatPred,False,missing_sequence;complex_not_supported_by_default
ecoli|O16A4COLIPAabctex|g1|o16a4colipa_p,CatPred,False,missing_sequence;complex_not_supported_by_default
ecoli|COLIPAabctex|g1|atp_c,CatPred,False,missing_sequence;complex_not_supported_by_default
ecoli|COLIPAabctex|g1|colipa_p,CatPred,False,missing_sequence;complex_not_supported_by_default
ecoli|COLIPAabctex|g1|h2o_c,CatPred,False,missing_sequence;complex_not_supported_by_default
ecoli|ENLIPAabctex|g1|atp_c,CatPred,False,missing_sequence;complex_not_supported_by_default
ecoli|ENLIPAabctex|g1|enlipa_p,CatPred,False,missing_sequence;complex_not_supported_by_default
ecoli|ENLIPAabctex|g1|h2o_c,CatPred,False,missing_sequence;complex_not_supported_by_default
ecoli|PYROX|g1|h_c,CatPred,False,missing_sequence;complex_not_supported_by_default
ecoli|PYROX|g1|nadh_c,CatPred,False,missing_sequence;complex_not_supported_by_default
ecoli|PYROX|g1|o2_c,CatPred,False,missing_sequence;complex_not_supported_by_default
ecoli|PYROX|g1|ura_c,CatPred,False,missing_sequence;complex_not_supported_by_default
ecoli|BMOGDS1|g1|bmoco_c,CatPred,False,missing_smiles
ecoli|BMOGDS1|g1|gtp_c,CatPred,True,
ecoli|BMOGDS1|g1|h_c,CatPred,True,
ecoli|MPTS|g1|cpmp_c,CatPred,False,missing_sequence;complex_not_supported_by_default
ecoli|MPTS|g1|cu2_c,CatPred,False,missing_sequence;complex_not_supported_by_default
ecoli|MPTS|g1|moadcosh_c,CatPred,False,missing_sequence;missing_smiles;complex_not_supported_by_default
ecoli|MOCOS|g1|h_c,CatPred,True,
ecoli|MOCOS|g1|mobd_c,CatPred,True,
ecoli|MOCOS|g1|mptamp_c,CatPred,True,
ecoli|BMOGDS2|g1|bmoco1gdp_c,CatPred,False,missing_smiles
ecoli|BMOGDS2|g1|gtp_c,CatPred,True,
ecoli|BMOGDS2|g1|h_c,CatPred,True,
ecoli|FESD2s|g1|4fe4s_c,CatPred,False,missing_sequence
ecoli|FESD2s|g1|h_c,CatPred,False,missing_sequence
ecoli|FESD2s|g1|no_c,CatPred,False,missing_sequence
ecoli|S2FE2SR|g1|2fe1s_c,CatPred,False,missing_sequence;missing_smiles;complex_not_supported_by_default
ecoli|S2FE2SR|g1|atp_c,CatPred,False,missing_sequence;complex_not_supported_by_default
ecoli|S2FE2SR|g1|h2o_c,CatPred,False,missing_sequence;complex_not_supported_by_default
ecoli|S2FE2SR|g1|sufbcd_c,CatPred,False,missing_sequence;missing_smiles;complex_not_supported_by_default
ecoli|S2FE2SR|g1|sufsesh_c,CatPred,False,missing_sequence;missing_smiles;complex_not_supported_by_default
ecoli|ACACT8r_num1|g1|3ohodcoa_c,CatPred,True,
ecoli|ACACT8r_num1|g1|coa_c,CatPred,True,
ecoli|CTECOAI7|g1|hdcoa_c,CatPred,True,
ecoli|CLIPAabctex|g1|atp_c,CatPred,False,missing_sequence;complex_not_supported_by_default
ecoli|CLIPAabctex|g1|h2o_c,CatPred,False,missing_sequence;complex_not_supported_by_default
ecoli|CLIPAabctex|g1|lipa_cold_p,CatPred,False,missing_sequence;complex_not_supported_by_default
ecoli|K2L4Aabctex|g1|atp_c,CatPred,False,missing_sequence;complex_not_supported_by_default
ecoli|K2L4Aabctex|g1|h2o_c,CatPred,False,missing_sequence;complex_not_supported_by_default
ecoli|K2L4Aabctex|g1|kdo2lipid4_p,CatPred,False,missing_sequence;complex_not_supported_by_default
ecoli|FDH4pp_num1|g1|for_p,CatPred,False,missing_sequence;complex_not_supported_by_default
ecoli|FDH4pp_num1|g1|h_c,CatPred,False,missing_sequence;complex_not_supported_by_default
ecoli|FDH4pp_num1|g1|q8_c,CatPred,False,missing_sequence;complex_not_supported_by_default
ecoli|FDH5pp_num1|g1|for_p,CatPred,False,missing_sequence;complex_not_supported_by_default
ecoli|FDH5pp_num1|g1|h_c,CatPred,False,missing_sequence;complex_not_supported_by_default
ecoli|FDH5pp_num1|g1|mqn8_c,CatPred,False,missing_sequence;complex_not_supported_by_default
ecoli|ACPPAT140|g1|h_c,CatPred,False,missing_sequence;complex_not_supported_by_default
ecoli|ACPPAT140|g1|myrsACP_c,CatPred,False,missing_sequence;complex_not_supported_by_default
ecoli|ACPPAT140|g1|pi_c,CatPred,False,missing_sequence;complex_not_supported_by_default
ecoli|APG3PAT140|g1|glyc3p_c,CatPred,True,
ecoli|APG3PAT140|g1|ttdcap_c,CatPred,False,missing_smiles
ecoli|APG3PAT141|g1|glyc3p_c,CatPred,True,
ecoli|APG3PAT141|g1|ttdceap_c,CatPred,False,missing_smiles
ecoli|APG3PAT181|g1|glyc3p_c,CatPred,True,
ecoli|APG3PAT181|g1|ocdceap_c,CatPred,False,missing_smiles
ecoli|APH140|g1|h2o_c,CatPred,True,
ecoli|APH140|g1|ttdcap_c,CatPred,False,missing_smiles
ecoli|APH160|g1|h2o_c,CatPred,True,
ecoli|APH160|g1|hdcap_c,CatPred,False,missing_smiles
ecoli|OPMEACPD|g1|hpmeACP_c,CatPred,False,missing_smiles
ecoli|EPMEACPR|g1|epmeACP_c,CatPred,False,missing_smiles
ecoli|EPMEACPR|g1|h_c,CatPred,True,
ecoli|EPMEACPR|g1|nadph_c,CatPred,True,
ecoli|AOXSr2|g1|ala__L_c,CatPred,True,
ecoli|AOXSr2|g1|pimACP_c,CatPred,False,missing_smiles
ecoli|MEOHtrpp|g1|meoh_p,CatPred,False,missing_sequence
ecoli|SCYSDS|g1|cys__L_c,CatPred,False,missing_sequence;complex_not_supported_by_default
ecoli|SCYSDS|g1|sufse_c,CatPred,False,missing_sequence;missing_smiles;complex_not_supported_by_default
ecoli|S2FE2SS|g1|atp_c,CatPred,False,missing_sequence;complex_not_supported_by_default
ecoli|S2FE2SS|g1|fadh2_c,CatPred,False,missing_sequence;complex_not_supported_by_default
ecoli|S2FE2SS|g1|fe2_c,CatPred,False,missing_sequence;complex_not_supported_by_default
ecoli|S2FE2SS|g1|h2o_c,CatPred,False,missing_sequence;complex_not_supported_by_default
ecoli|S2FE2SS|g1|sufbcd_c,CatPred,False,missing_sequence;missing_smiles;complex_not_supported_by_default
ecoli|S2FE2SS|g1|sufsesh_c,CatPred,False,missing_sequence;missing_smiles;complex_not_supported_by_default
ecoli|S4FE4SR|g1|fadh2_c,CatPred,False,missing_sequence;complex_not_supported_by_default
ecoli|S4FE4SR|g1|h_c,CatPred,False,missing_sequence;complex_not_supported_by_default
ecoli|S4FE4SR|g1|sufbcd_2fe2s2_c,CatPred,False,missing_sequence;missing_smiles;complex_not_supported_by_default
ecoli|SELtex_num1|g1|sel_e,CatPred,True,
ecoli|SELR|g1|mql8_c,CatPred,False,missing_sequence;complex_not_supported_by_default
ecoli|SELR|g1|sel_c,CatPred,False,missing_sequence;complex_not_supported_by_default
ecoli|OGMEACPD|g1|hgmeACP_c,CatPred,False,missing_smiles
ecoli|EGMEACPR|g1|egmeACP_c,CatPred,False,missing_smiles
ecoli|EGMEACPR|g1|h_c,CatPred,True,
ecoli|EGMEACPR|g1|nadph_c,CatPred,True,
ecoli|OPMEACPR|g1|h_c,CatPred,True,
ecoli|OPMEACPR|g1|nadph_c,CatPred,True,
ecoli|OPMEACPR|g1|opmeACP_c,CatPred,False,missing_smiles
ecoli|PMEACPE|g1|h2o_c,CatPred,True,
ecoli|PMEACPE|g1|pmeACP_c,CatPred,False,missing_smiles
ecoli|MEOHtex_num1|g1|meoh_e,CatPred,True,
ecoli|MECDPDH5_num1|g1|2mecdp_c,CatPred,False,missing_sequence;complex_not_supported_by_default
ecoli|MECDPDH5_num1|g1|flxr_c,CatPred,False,missing_sequence;missing_smiles;complex_not_supported_by_default
ecoli|MECDPDH5_num1|g1|h_c,CatPred,False,missing_sequence;complex_not_supported_by_default
ecoli|RNTR1c2_num1|g1|atp_c,CatPred,False,missing_sequence;complex_not_supported_by_default
ecoli|RNTR1c2_num1|g1|flxr_c,CatPred,False,missing_sequence;missing_smiles;complex_not_supported_by_default
ecoli|RNTR1c2_num1|g1|h_c,CatPred,False,missing_sequence;complex_not_supported_by_default
ecoli|RNTR2c2_num1|g1|flxr_c,CatPred,False,missing_sequence;missing_smiles;complex_not_supported_by_default
ecoli|RNTR2c2_num1|g1|gtp_c,CatPred,False,missing_sequence;complex_not_supported_by_default
ecoli|RNTR2c2_num1|g1|h_c,CatPred,False,missing_sequence;complex_not_supported_by_default
ecoli|RNTR3c2_num1|g1|ctp_c,CatPred,False,missing_sequence;complex_not_supported_by_default
ecoli|RNTR3c2_num1|g1|flxr_c,CatPred,False,missing_sequence;missing_smiles;complex_not_supported_by_default
ecoli|RNTR3c2_num1|g1|h_c,CatPred,False,missing_sequence;complex_not_supported_by_default
ecoli|RNTR4c2_num1|g1|flxr_c,CatPred,False,missing_sequence;missing_smiles;complex_not_supported_by_default
ecoli|RNTR4c2_num1|g1|h_c,CatPred,False,missing_sequence;complex_not_supported_by_default
ecoli|RNTR4c2_num1|g1|utp_c,CatPred,False,missing_sequence;complex_not_supported_by_default
ecoli|FLDR2_num1|g1|flxso_c,CatPred,False,missing_sequence;missing_smiles;complex_not_supported_by_default
ecoli|FLDR2_num1|g1|nadph_c,CatPred,False,missing_sequence;complex_not_supported_by_default
ecoli|TTRCYCtex_num1|g1|ttrcyc_e,CatPred,True,
ecoli|TTRCYCtpp_num1|g1|h_p,CatPred,False,missing_sequence;complex_not_supported_by_default
ecoli|TTRCYCtpp_num1|g1|ttrcyc_p,CatPred,False,missing_sequence;complex_not_supported_by_default
ecoli|FESR|g1|3fe4s_c,CatPred,False,missing_smiles
ecoli|FESR|g1|fe2_c,CatPred,True,
ecoli|OXCOAHDH|g1|2oxpaccoa_c,CatPred,True,
ecoli|OXCOAHDH|g1|h2o_c,CatPred,True,
ecoli|OXCOAHDH|g1|nadp_c,CatPred,True,
ecoli|DHACOAH|g1|23dhacoa_c,CatPred,True,
ecoli|DHACOAH|g1|h2o_c,CatPred,True,
ecoli|THFAT|g1|h2o_c,CatPred,True,
ecoli|THFAT|g1|methf_c,CatPred,True,
ecoli|FOMETRi|g1|5fthf_c,CatPred,True,
ecoli|FOMETRi|g1|h_c,CatPred,True,
ecoli|SLNTtex_num1|g1|slnt_e,CatPred,True,
ecoli|GDPTPDP|g1|gdptp_c,CatPred,True,
ecoli|GDPTPDP|g1|h2o_c,CatPred,True,
ecoli|COLIPAKpp|g1|colipa_p,CatPred,True,
ecoli|COLIPAKpp|g1|udcpdp_p,CatPred,True,
ecoli|MPTSS|g1|atp_c,CatPred,True,
ecoli|MPTSS|g1|h_c,CatPred,True,
ecoli|MPTSS|g1|moadcoo_c,CatPred,False,missing_smiles
ecoli|CPMPS|g1|gtp_c,CatPred,False,missing_sequence;complex_not_supported_by_default
ecoli|CPMPS|g1|h2o_c,CatPred,False,missing_sequence;complex_not_supported_by_default
ecoli|LIPOCT|g1|h_c,CatPred,True,
ecoli|LIPOCT|g1|ocACP_c,CatPred,True,
ecoli|LIPOS|g1|4fe4s_c,CatPred,True,
ecoli|LIPOS|g1|amet_c,CatPred,True,
ecoli|LIPOS|g1|h_c,CatPred,True,
ecoli|LIPOS|g1|nad_c,CatPred,True,
ecoli|LIPOS|g1|octapb_c,CatPred,False,missing_smiles
ecoli|OCTNLL|g1|atp_c,CatPred,True,
ecoli|OCTNLL|g1|h_c,CatPred,True,
ecoli|OCTNLL|g1|octa_c,CatPred,True,
ecoli|LIPATPT|g1|atp_c,CatPred,True,
ecoli|LIPATPT|g1|lipoate_c,CatPred,True,
ecoli|LIPAMPL|g1|lipoamp_c,CatPred,True,
ecoli|ALDD19xr|g1|h2o_c,CatPred,True,
ecoli|ALDD19xr|g1|nad_c,CatPred,True,
ecoli|ALDD19xr|g1|pacald_c,CatPred,True,
ecoli|MMM|g1|succoa_c,CatPred,True,
ecoli|MOGDS|g1|gtp_c,CatPred,True,
ecoli|MOGDS|g1|h_c,CatPred,True,
ecoli|MOGDS|g1|moco_c,CatPred,True,
ecoli|WCOS|g1|h_c,CatPred,True,
ecoli|WCOS|g1|mptamp_c,CatPred,True,
ecoli|WCOS|g1|tungs_c,CatPred,True,
ecoli|RFAMPtpp_num1|g1|h_p,CatPred,False,missing_sequence;complex_not_supported_by_default
ecoli|RFAMPtpp_num1|g1|rfamp_p,CatPred,False,missing_sequence;complex_not_supported_by_default
ecoli|VPAMTr|g1|3mob_c,CatPred,True,
ecoli|VPAMTr|g1|ala__L_c,CatPred,True,
ecoli|ACOLIPAabctex|g1|acolipa_p,CatPred,False,missing_sequence;complex_not_supported_by_default
ecoli|ACOLIPAabctex|g1|atp_c,CatPred,False,missing_sequence;complex_not_supported_by_default
ecoli|ACOLIPAabctex|g1|h2o_c,CatPred,False,missing_sequence;complex_not_supported_by_default
ecoli|ECA4COLIPAabctex|g1|atp_c,CatPred,False,missing_sequence;complex_not_supported_by_default
ecoli|ECA4COLIPAabctex|g1|eca4colipa_p,CatPred,False,missing_sequence;complex_not_supported_by_default
ecoli|ECA4COLIPAabctex|g1|h2o_c,CatPred,False,missing_sequence;complex_not_supported_by_default
ecoli|COLIPAPabctex|g1|atp_c,CatPred,False,missing_sequence;complex_not_supported_by_default
ecoli|COLIPAPabctex|g1|colipap_p,CatPred,False,missing_sequence;missing_smiles;complex_not_supported_by_default
ecoli|COLIPAPabctex|g1|h2o_c,CatPred,False,missing_sequence;complex_not_supported_by_default
ecoli|TARTRDtex_num1|g1|tartr__D_e,CatPred,True,
ecoli|3OXCOAT|g1|coa_c,CatPred,True,
ecoli|3OXCOAT|g1|oxadpcoa_c,CatPred,True,
ecoli|BTNtex_num1|g1|btn_e,CatPred,True,
ecoli|2DGULRGx|g1|2dhguln_c,CatPred,True,
ecoli|2DGULRGx|g1|h_c,CatPred,True,
ecoli|2DGULRGx|g1|nadh_c,CatPred,True,
ecoli|2DGULRGy|g1|2dhguln_c,CatPred,True,
ecoli|2DGULRGy|g1|h_c,CatPred,True,
ecoli|2DGULRGy|g1|nadph_c,CatPred,True,
ecoli|AP4AS|g1|atp_c,CatPred,True,
ecoli|AP4AS|g1|h_c,CatPred,True,
ecoli|ARBTptspp_num1|g1|arbt_p,CatPred,False,missing_sequence;complex_not_supported_by_default
ecoli|ARBTptspp_num1|g1|pep_c,CatPred,False,missing_sequence;complex_not_supported_by_default
ecoli|ARBTtex_num1|g1|arbt_e,CatPred,True,
ecoli|DMSOtpp|g1|dmso_p,CatPred,False,missing_sequence
ecoli|PYDXtex_num1|g1|pydx_e,CatPred,True,
ecoli|SUCASPtpp_num1|g1|asp__L_p,CatPred,True,
ecoli|SUCASPtpp_num1|g1|succ_c,CatPred,True,
ecoli|SUCMALtpp_num1|g1|mal__L_p,CatPred,True,
ecoli|SUCMALtpp_num1|g1|succ_c,CatPred,True,
ecoli|PYDXNtex_num1|g1|pydxn_e,CatPred,True,
ecoli|PYDAMtex_num1|g1|pydam_e,CatPred,True,
ecoli|13PPDH2|g1|3hppnl_c,CatPred,True,
ecoli|13PPDH2|g1|h_c,CatPred,True,
ecoli|13PPDH2|g1|nadph_c,CatPred,True,
ecoli|TARTt2_3pp|g1|h_p,CatPred,True,
ecoli|TARTt2_3pp|g1|tartr__D_p,CatPred,True,
ecoli|SUCTARTtpp|g1|succ_c,CatPred,True,
ecoli|SUCTARTtpp|g1|tartr__D_p,CatPred,True,
ecoli|APCS|g1|15dap_c,CatPred,True,
ecoli|APCS|g1|ametam_c,CatPred,True,
ecoli|CHTBSptspp|g1|chtbs_p,CatPred,False,missing_sequence;complex_not_supported_by_default
ecoli|CHTBSptspp|g1|pep_c,CatPred,False,missing_sequence;complex_not_supported_by_default
ecoli|CHTBStex_num1|g1|chtbs_e,CatPred,True,
ecoli|TRPtipp|g1|trp__L_c,CatPred,True,
ecoli|TYRtipp|g1|tyr__L_c,CatPred,True,
ecoli|GHBDHx|g1|h_c,CatPred,True,
ecoli|GHBDHx|g1|nadh_c,CatPred,True,
ecoli|GHBDHx|g1|sucsal_c,CatPred,True,
ecoli|APPLDHr|g1|aact_c,CatPred,True,
ecoli|APPLDHr|g1|h_c,CatPred,True,
ecoli|APPLDHr|g1|nadh_c,CatPred,True,
ecoli|SPMDt3pp|g1|h_p,CatPred,False,missing_sequence;complex_not_supported_by_default
ecoli|SPMDt3pp|g1|spmd_c,CatPred,False,missing_sequence;complex_not_supported_by_default
ecoli|PHEtipp|g1|phe__L_c,CatPred,True,
ecoli|G2PP|g1|glyc2p_c,CatPred,True,
ecoli|G2PP|g1|h2o_c,CatPred,True,
ecoli|DHNPA2r|g1|dhnpt_c,CatPred,True,
ecoli|GLYC2Pabcpp|g1|atp_c,CatPred,False,missing_sequence;complex_not_supported_by_default
ecoli|GLYC2Pabcpp|g1|glyc2p_p,CatPred,False,missing_sequence;complex_not_supported_by_default
ecoli|GLYC2Pabcpp|g1|h2o_c,CatPred,False,missing_sequence;complex_not_supported_by_default
ecoli|CRNDtex_num1|g1|crn__D_e,CatPred,True,
ecoli|SHGO|g1|S2hglut_c,CatPred,True,
ecoli|SHGO|g1|o2_c,CatPred,True,
ecoli|NADHXD|g1|adp_c,CatPred,True,
ecoli|NADHXD|g1|nadhx__S_c,CatPred,False,missing_smiles
ecoli|NADPHHR_num1|g1|h2o_c,CatPred,False,missing_sequence
ecoli|NADPHHR_num1|g1|nadph_c,CatPred,False,missing_sequence
ecoli|NADPHHS_num1|g1|h2o_c,CatPred,True,
ecoli|NADPHHS_num1|g1|nadph_c,CatPred,True,
ecoli|NADHHS_num1|g1|h2o_c,CatPred,False,missing_sequence
ecoli|NADHHS_num1|g1|nadh_c,CatPred,False,missing_sequence
ecoli|NADHXE|g1|nadhx__S_c,CatPred,False,missing_smiles
ecoli|SELabcpp_num1|g1|atp_c,CatPred,False,missing_sequence;complex_not_supported_by_default
ecoli|SELabcpp_num1|g1|h2o_c,CatPred,False,missing_sequence;complex_not_supported_by_default
ecoli|SELabcpp_num1|g1|sel_p,CatPred,False,missing_sequence;complex_not_supported_by_default
ecoli|PYK2|g1|h_c,CatPred,True,
ecoli|PYK2|g1|pep_c,CatPred,True,
ecoli|PYK2|g1|udp_c,CatPred,True,
ecoli|PYK3|g1|gdp_c,CatPred,True,
ecoli|PYK3|g1|h_c,CatPred,True,
ecoli|PYK3|g1|pep_c,CatPred,True,
ecoli|PYK4|g1|cdp_c,CatPred,True,
ecoli|PYK4|g1|h_c,CatPred,True,
ecoli|PYK4|g1|pep_c,CatPred,True,
ecoli|NADPHXD|g1|adp_c,CatPred,True,
ecoli|NADPHXD|g1|nadphx__S_c,CatPred,True,
ecoli|NADHHR_num1|g1|h2o_c,CatPred,False,missing_sequence
ecoli|NADHHR_num1|g1|nadh_c,CatPred,False,missing_sequence
ecoli|NADPHXE|g1|nadphx__R_c,CatPred,True,
ecoli|ALAtpp|g1|ala__L_c,CatPred,True,
ecoli|DHBSZ3FEabcpp|g1|atp_c,CatPred,False,missing_sequence;complex_not_supported_by_default
ecoli|DHBSZ3FEabcpp|g1|fe3dhbzs3_p,CatPred,False,missing_sequence;missing_smiles;complex_not_supported_by_default
ecoli|DHBSZ3FEabcpp|g1|h2o_c,CatPred,False,missing_sequence;complex_not_supported_by_default
ecoli|FE3DHBZS3R|g1|fe3dhbzs3_c,CatPred,False,missing_smiles
ecoli|FE3DHBZS3R|g1|nadph_c,CatPred,True,
ecoli|DXYLTD_num1|g1|dxylnt_c,CatPred,True,
ecoli|2DDARAA_num1|g1|2ddara_c,CatPred,True,
ecoli|2DGLCptspp|g1|2dglc_p,CatPred,False,missing_sequence;complex_not_supported_by_default
ecoli|2DGLCptspp|g1|pep_c,CatPred,False,missing_sequence;complex_not_supported_by_default
ecoli|GNP_num1|g1|6pgc_c,CatPred,True,
ecoli|GNP_num1|g1|h2o_c,CatPred,True,
ecoli|ALLTAMH2|g1|alltt_c,CatPred,True,
ecoli|ALLTAMH2|g1|h2o_c,CatPred,True,
ecoli|ALLTAMH2|g1|h_c,CatPred,True,
ecoli|UGCIAMH|g1|h2o_c,CatPred,True,
ecoli|UGCIAMH|g1|urdgci_c,CatPred,True,
ecoli|METGLCUR|g1|h2o_c,CatPred,True,
ecoli|METGLCUR|g1|metglcur_c,CatPred,False,missing_smiles
ecoli|ACOAD1fr|g1|b2coa_c,CatPred,True,
ecoli|ACOAD1fr|g1|fadh2_c,CatPred,True,
ecoli|23DOGULNt4pp|g1|23doguln_p,CatPred,False,missing_sequence;complex_not_supported_by_default
ecoli|23DOGULNt4pp|g1|na1_p,CatPred,False,missing_sequence;complex_not_supported_by_default
ecoli|FE3DCITexs|g1|cit_e,CatPred,False,missing_sequence
ecoli|FE3DCITexs|g1|fe3_e,CatPred,False,missing_sequence
ecoli|FEENTERES|g1|feenter_c,CatPred,True,
ecoli|FEENTERES|g1|h2o_c,CatPred,True,
ecoli|FEENTERR4|g1|feenter_c,CatPred,True,
ecoli|FEENTERR4|g1|nadph_c,CatPred,True,
ecoli|DXYLONtex_num1|g1|dxylnt_e,CatPred,True,
ecoli|PSURItex_num1|g1|psuri_e,CatPred,True,
ecoli|ALR2x|g1|h_c,CatPred,True,
ecoli|ALR2x|g1|mthgxl_c,CatPred,True,
ecoli|ALR2x|g1|nadh_c,CatPred,True,
ecoli|OMPHHXy|g1|2omph_c,CatPred,True,
ecoli|OMPHHXy|g1|h_c,CatPred,True,
ecoli|OMPHHXy|g1|nadph_c,CatPred,True,
ecoli|OMPHHXy|g1|o2_c,CatPred,True,
ecoli|CHLt3pp|g1|chol_c,CatPred,True,
ecoli|CHLt3pp|g1|h_p,CatPred,True,
ecoli|GLYBt3pp|g1|glyb_c,CatPred,True,
ecoli|GLYBt3pp|g1|h_p,CatPred,True,
ecoli|AI2tpp|g1|mththf_c,CatPred,True,
ecoli|Ftpp|g1|f_c,CatPred,True,
ecoli|SQVOSI|g1|sq_c,CatPred,True,
ecoli|6D6SPA|g1|sfp_c,CatPred,True,
ecoli|DHPStr|g1|dhps_c,CatPred,True,
ecoli|SQtr|g1|sq_p,CatPred,True,
ecoli|DHPStex|g1|dhps_e,CatPred,True,
ecoli|FMNtex_num1|g1|fmn_p,CatPred,True,
ecoli|AI2K|g1|atp_c,CatPred,True,
ecoli|AI2K|g1|dhptd_c,CatPred,True,
ecoli|CLBtex_num1|g1|cellb_e,CatPred,True,
ecoli|ACOXT|g1|accoa_c,CatPred,True,
ecoli|ACOXT|g1|oxa_c,CatPred,True,
ecoli|2HESR_num1|g1|dtgcl_c,CatPred,True,
ecoli|2HESR_num1|g1|gthrd_c,CatPred,True,
ecoli|CHOLID|g1|cholate_c,CatPred,True,
ecoli|CHOLID|g1|nad_c,CatPred,True,
ecoli|CHOLATEtpp|g1|cholate_c,CatPred,True,
ecoli|CHOLATEtpp|g1|h_p,CatPred,True,
ecoli|4ABZGLUH|g1|4abzglu_c,CatPred,False,missing_sequence;complex_not_supported_by_default
ecoli|4ABZGLUH|g1|h2o_c,CatPred,False,missing_sequence;complex_not_supported_by_default
ecoli|4ABZGLUtr|g1|4abzglu_p,CatPred,True,
ecoli|4ABZGLUtr|g1|h_p,CatPred,True,
ecoli|PHDA|g1|5phdt_c,CatPred,True,
ecoli|PHDA|g1|h2o_c,CatPred,True,
ecoli|TEO2M|g1|amet_c,CatPred,True,
ecoli|TEO2M|g1|teo2_c,CatPred,True,
ecoli|PACOAT|g1|h2o_c,CatPred,True,
ecoli|PACOAT|g1|phaccoa_c,CatPred,True,
ecoli|CYSItpp|g1|cysi__L_c,CatPred,True,
ecoli|DHPTDNR|g1|dhptdn_c,CatPred,True,
ecoli|DHPTDNR|g1|h_c,CatPred,True,
ecoli|DHPTDNR|g1|nadph_c,CatPred,True,
ecoli|DHPTDNRN|g1|dhptdn_c,CatPred,True,
ecoli|DHPTDNRN|g1|h_c,CatPred,True,
ecoli|DHPTDNRN|g1|nadh_c,CatPred,True,
ecoli|PCNO|g1|nadp_c,CatPred,True,
ecoli|PCNO|g1|ppcoa_c,CatPred,True,
ecoli|HPACOAT|g1|34dphacoa_c,CatPred,True,
ecoli|HPACOAT|g1|h2o_c,CatPred,True,
ecoli|PUACGAMtr|g1|puacgam_c,CatPred,False,missing_sequence;missing_smiles;complex_not_supported_by_default
ecoli|DC6PDA|g1|chtbs6p_c,CatPred,True,
ecoli|DC6PDA|g1|h2o_c,CatPred,True,
ecoli|5DGLCNR|g1|5dglcn_c,CatPred,True,
ecoli|5DGLCNR|g1|h_c,CatPred,True,
ecoli|5DGLCNR|g1|nadph_c,CatPred,True,
ecoli|PIt2rpp_num1|g1|h_p,CatPred,True,
ecoli|PIt2rpp_num1|g1|pi_p,CatPred,True,
ecoli|LEUt2rpp|g1|h_p,CatPred,True,
ecoli|LEUt2rpp|g1|leu__L_p,CatPred,True,
ecoli|LCTStpp|g1|h_p,CatPred,True,
ecoli|LCTStpp|g1|lcts_p,CatPred,True,
ecoli|ILEt3pp|g1|h_p,CatPred,True,
ecoli|ILEt3pp|g1|ile__L_c,CatPred,True,
ecoli|METt3pp_num1|g1|h_p,CatPred,True,
ecoli|METt3pp_num1|g1|met__L_c,CatPred,True,
ecoli|GSNt3pp|g1|gsn_c,CatPred,True,
ecoli|GSNt3pp|g1|h_p,CatPred,True,
ecoli|CLtipp|g1|cl_p,CatPred,True,
ecoli|5DKGR_num1|g1|glcn_c,CatPred,True,
ecoli|5DKGR_num1|g1|nad_c,CatPred,True,
ecoli|PItpp|g1|pi_c,CatPred,True,
ecoli|LEUt3pp_num1|g1|h_p,CatPred,True,
ecoli|LEUt3pp_num1|g1|leu__L_c,CatPred,True,
ecoli|INSt3pp|g1|h_p,CatPred,True,
ecoli|INSt3pp|g1|ins_c,CatPred,True,
ecoli|INDOLEt2rpp|g1|h_p,CatPred,True,
ecoli|INDOLEt2rpp|g1|indole_p,CatPred,True,
ecoli|ILEt2rpp|g1|h_p,CatPred,True,
ecoli|ILEt2rpp|g1|ile__L_p,CatPred,True,
ecoli|GLYtpp|g1|gly_c,CatPred,True,
ecoli|PYK6|g1|dtdp_c,CatPred,True,
ecoli|PYK6|g1|h_c,CatPred,True,
ecoli|PYK6|g1|pep_c,CatPred,True,
ecoli|FADt|g1|fad_c,CatPred,True,
ecoli|FADtex_num1|g1|fad_p,CatPred,True,
ecoli|AI2abcpp|g1|atp_c,CatPred,False,missing_sequence;complex_not_supported_by_default
ecoli|AI2abcpp|g1|h2o_c,CatPred,False,missing_sequence;complex_not_supported_by_default
ecoli|AI2abcpp|g1|mththf_p,CatPred,False,missing_sequence;complex_not_supported_by_default
ecoli|PAI2I|g1|dhptdp_c,CatPred,True,
ecoli|4HBZt3pp|g1|4hbz_c,CatPred,False,missing_sequence;complex_not_supported_by_default
ecoli|4HBZt3pp|g1|h_p,CatPred,False,missing_sequence;complex_not_supported_by_default
ecoli|CURR|g1|cur_c,CatPred,True,
ecoli|CURR|g1|h_c,CatPred,True,
ecoli|CURR|g1|nadph_c,CatPred,True,
ecoli|LKDRA|g1|lkdr_c,CatPred,True,
ecoli|METNA|g1|accoa_c,CatPred,True,
ecoli|METNA|g1|met__L_c,CatPred,True,
ecoli|XYHDL|g1|h2o_c,CatPred,True,
ecoli|XYHDL|g1|iprimv_c,CatPred,True,
ecoli|2DGLCtex_num1|g1|2dglc_e,CatPred,True,
ecoli|E4PP_num1|g1|e4p_c,CatPred,True,
ecoli|E4PP_num1|g1|h2o_c,CatPred,True,
ecoli|PUACGAMS|g1|puacgam_c,CatPred,False,missing_sequence;missing_smiles;complex_not_supported_by_default
ecoli|PUACGAMS|g1|udp_c,CatPred,False,missing_sequence;complex_not_supported_by_default
ecoli|RU5PP|g1|h2o_c,CatPred,True,
ecoli|RU5PP|g1|ru5p__D_c,CatPred,True,
ecoli|6D6SFK|g1|atp_c,CatPred,True,
ecoli|6D6SFK|g1|sf_c,CatPred,True,
ecoli|3SLAR|g1|h_c,CatPred,True,
ecoli|3SLAR|g1|nadh_c,CatPred,True,
ecoli|3SLAR|g1|sla_c,CatPred,True,
ecoli|SQtex|g1|sq_e,CatPred,True,
ecoli|URATEtex_num1|g1|urate_e,CatPred,True,
ecoli|CBL1tonex|g1|cbl1_e,CatPred,False,missing_sequence;complex_not_supported_by_default
ecoli|CBL1tonex|g1|h_p,CatPred,False,missing_sequence;complex_not_supported_by_default
ecoli|CBItonex|g1|cbi_e,CatPred,False,missing_sequence;complex_not_supported_by_default
ecoli|CBItonex|g1|h_p,CatPred,False,missing_sequence;complex_not_supported_by_default
ecoli|ARHGDx|g1|nad_c,CatPred,True,
ecoli|ARHGDx|g1|r2hglut_c,CatPred,True,
ecoli|CPL|g1|prpmn_c,CatPred,False,missing_smiles
ecoli|INOSTO|g1|inost_c,CatPred,True,
ecoli|INOSTO|g1|o2_c,CatPred,True,
ecoli|HPYRP|g1|3php_c,CatPred,True,
ecoli|HPYRP|g1|h2o_c,CatPred,True,
ecoli|PSURIK|g1|atp_c,CatPred,True,
ecoli|PSURIK|g1|psuri_c,CatPred,True,
ecoli|Ftex_num1|g1|f_p,CatPred,True,
ecoli|CYSItex_num1|g1|cysi__L_e,CatPred,True,
ecoli|SERtpp|g1|ser__L_c,CatPred,True,
ecoli|QUINDHyi|g1|nadp_c,CatPred,True,
ecoli|QUINDHyi|g1|quin_c,CatPred,True,
ecoli|DHGLYH|g1|dhgly_c,CatPred,False,missing_sequence
ecoli|DHGLYH|g1|h2o_c,CatPred,False,missing_sequence
ecoli|DHGLYH|g1|h_c,CatPred,False,missing_sequence
ecoli|PNSPA|g1|gmplys_c,CatPred,False,missing_smiles
ecoli|PNSPA|g1|h2o_c,CatPred,True,
ecoli|4HTHRK|g1|4hthr_c,CatPred,True,
ecoli|4HTHRK|g1|atp_c,CatPred,True,
ecoli|URATEtpp|g1|h_p,CatPred,True,
ecoli|URATEtpp|g1|urate_p,CatPred,True,
ecoli|CS1tex_num1|g1|cs1_e,CatPred,True,
ecoli|ADOCBLtonex|g1|adocbl_e,CatPred,False,missing_sequence;complex_not_supported_by_default
ecoli|ADOCBLtonex|g1|h_p,CatPred,False,missing_sequence;complex_not_supported_by_default
ecoli|PETNT181pp|g1|lipa_p,CatPred,True,
ecoli|PETNT181pp|g1|pe181_p,CatPred,True,
ecoli|ARMEPNS|g1|atp_c,CatPred,False,missing_sequence;complex_not_supported_by_default
ecoli|ARMEPNS|g1|mepn_c,CatPred,False,missing_sequence;complex_not_supported_by_default
ecoli|RPNTPH|g1|h2o_c,CatPred,True,
ecoli|RPNTPH|g1|rpntp_c,CatPred,False,missing_smiles
ecoli|PRCPD|g1|h2o_c,CatPred,True,
ecoli|PRCPD|g1|prcp_c,CatPred,False,missing_smiles
ecoli|MEPNtex_num1|g1|mepn_e,CatPred,True,
ecoli|UDPGPT|g1|udcpp_c,CatPred,True,
ecoli|UDPGPT|g1|udpg_c,CatPred,True,
ecoli|MEPNabcpp|g1|atp_c,CatPred,False,missing_sequence;complex_not_supported_by_default
ecoli|MEPNabcpp|g1|h2o_c,CatPred,False,missing_sequence;complex_not_supported_by_default
ecoli|MEPNabcpp|g1|mepn_p,CatPred,False,missing_sequence;complex_not_supported_by_default
ecoli|OMMBLHXy|g1|2ommbl_c,CatPred,True,
ecoli|OMMBLHXy|g1|h_c,CatPred,True,
ecoli|OMMBLHXy|g1|nadph_c,CatPred,True,
ecoli|OMMBLHXy|g1|o2_c,CatPred,True,
ecoli|OPHHXy|g1|2oph_c,CatPred,True,
ecoli|OPHHXy|g1|h_c,CatPred,True,
ecoli|OPHHXy|g1|nadph_c,CatPred,True,
ecoli|OPHHXy|g1|o2_c,CatPred,True,
ecoli|PROD3|g1|pro__L_c,CatPred,True,
ecoli|PROD3|g1|q8_c,CatPred,True,
ecoli|F1PP_num1|g1|f1p_c,CatPred,True,
ecoli|F1PP_num1|g1|h2o_c,CatPred,True,
ecoli|ACP1p|g1|fmn_p,CatPred,True,
ecoli|ACP1p|g1|h2o_p,CatPred,True,
ecoli|3HPADHi|g1|3hppnl_c,CatPred,True,
ecoli|3HPADHi|g1|h2o_c,CatPred,True,
ecoli|3HPADHi|g1|nad_c,CatPred,True,
ecoli|4ABZGLUtex_num1|g1|4abzglu_e,CatPred,True,
ecoli|2HPTCOAT|g1|2hptcoa_c,CatPred,True,
ecoli|2HPTCOAT|g1|h2o_c,CatPred,True,
ecoli|MC6PH|g1|h2o_c,CatPred,True,
ecoli|MC6PH|g1|mchtbs6p_c,CatPred,True,
ecoli|SLNTabcpp_num1|g1|atp_c,CatPred,False,missing_sequence;complex_not_supported_by_default
ecoli|SLNTabcpp_num1|g1|h2o_c,CatPred,False,missing_sequence;complex_not_supported_by_default
ecoli|SLNTabcpp_num1|g1|slnt_p,CatPred,False,missing_sequence;complex_not_supported_by_default
ecoli|VALt2rpp|g1|h_p,CatPred,True,
ecoli|VALt2rpp|g1|val__L_p,CatPred,True,
ecoli|VALt3pp_num1|g1|h_p,CatPred,False,missing_sequence;complex_not_supported_by_default
ecoli|VALt3pp_num1|g1|val__L_c,CatPred,False,missing_sequence;complex_not_supported_by_default
ecoli|MN2tipp|g1|mn2_c,CatPred,True,
ecoli|PSURItpp|g1|psuri_p,CatPred,True,
ecoli|CYSTA|g1|akg_c,CatPred,True,
ecoli|CYSTA|g1|cys__L_c,CatPred,True,
ecoli|FE3DCITR5|g1|fe3dcit_c,CatPred,True,
ecoli|FE3DCITR5|g1|nadph_c,CatPred,True,
ecoli|4HTHRA|g1|4hthr_c,CatPred,True,
ecoli|GAPP|g1|g3p_c,CatPred,True,
ecoli|GAPP|g1|h2o_c,CatPred,True,
ecoli|METGLCURt2pp|g1|h_p,CatPred,True,
ecoli|METGLCURt2pp|g1|metglcur_p,CatPred,False,missing_smiles
ecoli|METGLCURtex_num1|g1|metglcur_e,CatPred,False,missing_smiles
ecoli|FMNt|g1|fmn_c,CatPred,True,
ecoli|AI2tex_num1|g1|mththf_e,CatPred,True,
ecoli|PAI2T|g1|coa_c,CatPred,True,
ecoli|PAI2T|g1|dhptdd_c,CatPred,True,
ecoli|CUt2pp_num1|g1|cu_c,CatPred,True,
ecoli|DHCURR|g1|dhcur_c,CatPred,True,
ecoli|DHCURR|g1|h_c,CatPred,True,
ecoli|DHCURR|g1|nadph_c,CatPred,True,
ecoli|RHMND|g1|rhmn_c,CatPred,True,
ecoli|3HBZCT|g1|3hbzcoa_c,CatPred,True,
ecoli|3HBZCT|g1|h2o_c,CatPred,True,
ecoli|CXSAMS|g1|amet_c,CatPred,True,
ecoli|CXSAMS|g1|pphn_c,CatPred,True,
ecoli|THRt2rpp|g1|h_p,CatPred,True,
ecoli|THRt2rpp|g1|thr__L_p,CatPred,True,
ecoli|SERt2rpp_num1|g1|h_p,CatPred,True,
ecoli|SERt2rpp_num1|g1|ser__L_p,CatPred,True,
ecoli|ACOAD1f|g1|btcoa_c,CatPred,True,
ecoli|ACOAD1f|g1|fad_c,CatPred,True,
ecoli|AMPNTAT|g1|accoa_c,CatPred,True,
ecoli|AMPNTAT|g1|ampnt_c,CatPred,True,
ecoli|SQGH|g1|h2o_c,CatPred,True,
ecoli|SQGH|g1|sqg_c,CatPred,False,missing_smiles
ecoli|ASPtpp|g1|asp__L_p,CatPred,True,
ecoli|FUMt1pp|g1|fum_p,CatPred,True,
ecoli|SUCCt1pp|g1|succ_p,CatPred,True,
ecoli|QUINDH|g1|nad_c,CatPred,True,
ecoli|QUINDH|g1|quin_c,CatPred,True,
ecoli|LCARSyi|g1|h_c,CatPred,True,
ecoli|LCARSyi|g1|lald__L_c,CatPred,True,
ecoli|LCARSyi|g1|nadph_c,CatPred,True,
ecoli|SHK3Dr_reverse|g1|3dhsk_c,CatPred,True,
ecoli|SHK3Dr_reverse|g1|h_c,CatPred,True,
ecoli|SHK3Dr_reverse|g1|nadph_c,CatPred,True,
ecoli|GTHOr_reverse|g1|gthrd_c,CatPred,True,
ecoli|GTHOr_reverse|g1|nadp_c,CatPred,True,
ecoli|MAN6PI_reverse|g1|f6p_c,CatPred,True,
ecoli|TMDPP_reverse|g1|2dr1p_c,CatPred,True,
ecoli|TMDPP_reverse|g1|thym_c,CatPred,True,
ecoli|HCO3E_reverse_num1|g1|h_c,CatPred,True,
ecoli|HCO3E_reverse_num1|g1|hco3_c,CatPred,True,
ecoli|IMPC_reverse|g1|fprica_c,CatPred,True,
ecoli|ECOAH4_reverse_num1|g1|dc2coa_c,CatPred,True,
ecoli|ECOAH4_reverse_num1|g1|h2o_c,CatPred,True,
ecoli|NDPK5_reverse_num1|g1|adp_c,CatPred,True,
ecoli|NDPK5_reverse_num1|g1|dgtp_c,CatPred,True,
ecoli|DHORTS_reverse|g1|cbasp_c,CatPred,True,
ecoli|DHORTS_reverse|g1|h_c,CatPred,True,
ecoli|ICDHyr_reverse|g1|akg_c,CatPred,True,
ecoli|ICDHyr_reverse|g1|co2_c,CatPred,True,
ecoli|ICDHyr_reverse|g1|nadph_c,CatPred,True,
ecoli|ACALD_reverse_num1|g1|accoa_c,CatPred,True,
ecoli|ACALD_reverse_num1|g1|h_c,CatPred,True,
ecoli|ACALD_reverse_num1|g1|nadh_c,CatPred,True,
ecoli|ALAR_reverse_num1|g1|ala__D_c,CatPred,True,
ecoli|ALATA_L_reverse_num1|g1|glu__L_c,CatPred,True,
ecoli|ALATA_L_reverse_num1|g1|pyr_c,CatPred,True,
ecoli|PPM_reverse|g1|r5p_c,CatPred,True,
ecoli|ASPTA_reverse_num1|g1|glu__L_c,CatPred,True,
ecoli|ASPTA_reverse_num1|g1|oaa_c,CatPred,True,
ecoli|A5PISO_reverse_num1|g1|ara5p_c,CatPred,True,
ecoli|IPPMIb_reverse|g1|3c3hmp_c,CatPred,False,missing_sequence;complex_not_supported_by_default
ecoli|PSCVT_reverse|g1|3psme_c,CatPred,True,
ecoli|PSCVT_reverse|g1|pi_c,CatPred,True,
ecoli|ECOAH6_reverse_num1|g1|h2o_c,CatPred,True,
ecoli|ECOAH6_reverse_num1|g1|td2coa_c,CatPred,True,
ecoli|ENO_reverse|g1|h2o_c,CatPred,True,
ecoli|ENO_reverse|g1|pep_c,CatPred,True,
ecoli|FBA_reverse_num1|g1|dhap_c,CatPred,True,
ecoli|FBA_reverse_num1|g1|g3p_c,CatPred,True,
ecoli|PGI_reverse|g1|f6p_c,CatPred,True,
ecoli|PGK_reverse|g1|13dpg_c,CatPred,True,
ecoli|PGK_reverse|g1|adp_c,CatPred,True,
ecoli|RPE_reverse|g1|xu5p__D_c,CatPred,True,
ecoli|TALA_reverse_num1|g1|e4p_c,CatPred,True,
ecoli|TALA_reverse_num1|g1|f6p_c,CatPred,True,
ecoli|TKT1_reverse_num1|g1|g3p_c,CatPred,True,
ecoli|TKT1_reverse_num1|g1|s7p_c,CatPred,True,
ecoli|ALCD2x_reverse_num1|g1|acald_c,CatPred,True,
ecoli|ALCD2x_reverse_num1|g1|h_c,CatPred,True,
ecoli|ALCD2x_reverse_num1|g1|nadh_c,CatPred,True,
ecoli|RMI_reverse|g1|rml_c,CatPred,True,
ecoli|NDPK6_reverse_num1|g1|adp_c,CatPred,True,
ecoli|NDPK6_reverse_num1|g1|dutp_c,CatPred,True,
ecoli|NDPK8_reverse_num1|g1|adp_c,CatPred,True,
ecoli|NDPK8_reverse_num1|g1|datp_c,CatPred,True,
ecoli|PYNP2r_reverse|g1|r1p_c,CatPred,True,
ecoli|PYNP2r_reverse|g1|ura_c,CatPred,True,
ecoli|DURIPP_reverse_num1|g1|2dr1p_c,CatPred,True,
ecoli|DURIPP_reverse_num1|g1|ura_c,CatPred,True,
ecoli|TRPAS2_reverse|g1|indole_c,CatPred,True,
ecoli|TRPAS2_reverse|g1|nh4_c,CatPred,True,
ecoli|TRPAS2_reverse|g1|pyr_c,CatPred,True,
ecoli|ILETA_reverse|g1|3mop_c,CatPred,True,
ecoli|ILETA_reverse|g1|glu__L_c,CatPred,True,
ecoli|VALTA_reverse|g1|3mob_c,CatPred,True,
ecoli|VALTA_reverse|g1|glu__L_c,CatPred,True,
ecoli|ORPT_reverse|g1|orot_c,CatPred,True,
ecoli|ORPT_reverse|g1|prpp_c,CatPred,True,
ecoli|PTAr_reverse_num1|g1|actp_c,CatPred,True,
ecoli|PTAr_reverse_num1|g1|coa_c,CatPred,True,
ecoli|ACKr_reverse_num1|g1|actp_c,CatPred,True,
ecoli|ACKr_reverse_num1|g1|adp_c,CatPred,True,
ecoli|AIRC3_reverse|g1|5caiz_c,CatPred,True,
ecoli|ADSL2r_reverse|g1|aicar_c,CatPred,True,
ecoli|ADSL2r_reverse|g1|fum_c,CatPred,True,
ecoli|PUNP5_reverse_num1|g1|hxan_c,CatPred,True,
ecoli|PUNP5_reverse_num1|g1|r1p_c,CatPred,True,
ecoli|PUNP6_reverse_num1|g1|2dr1p_c,CatPred,True,
ecoli|PUNP6_reverse_num1|g1|hxan_c,CatPred,True,
ecoli|PUNP7_reverse|g1|r1p_c,CatPred,True,
ecoli|PUNP7_reverse|g1|xan_c,CatPred,True,
ecoli|PUNP1_reverse|g1|ade_c,CatPred,True,
ecoli|PUNP1_reverse|g1|r1p_c,CatPred,True,
ecoli|PUNP2_reverse|g1|2dr1p_c,CatPred,True,
ecoli|PUNP2_reverse|g1|ade_c,CatPred,True,
ecoli|PUNP3_reverse_num1|g1|gua_c,CatPred,True,
ecoli|PUNP3_reverse_num1|g1|r1p_c,CatPred,True,
ecoli|LYSAM_reverse|g1|36dahx_c,CatPred,True,
ecoli|IPPMIa_reverse|g1|2ippm_c,CatPred,False,missing_sequence;complex_not_supported_by_default
ecoli|IPPMIa_reverse|g1|h2o_c,CatPred,False,missing_sequence;complex_not_supported_by_default
ecoli|MDH_reverse|g1|h_c,CatPred,True,
ecoli|MDH_reverse|g1|nadh_c,CatPred,True,
ecoli|MDH_reverse|g1|oaa_c,CatPred,True,
ecoli|FUM_reverse_num1|g1|mal__L_c,CatPred,True,
ecoli|OHPBAT_reverse|g1|akg_c,CatPred,True,
ecoli|OHPBAT_reverse|g1|phthr_c,CatPred,True,
ecoli|AGPR_reverse|g1|acg5p_c,CatPred,True,
ecoli|AGPR_reverse|g1|h_c,CatPred,True,
ecoli|AGPR_reverse|g1|nadph_c,CatPred,True,
ecoli|G1SAT_reverse|g1|5aop_c,CatPred,True,
ecoli|GUI1_reverse|g1|fruur_c,CatPred,True,
ecoli|PGAMT_reverse|g1|gam6p_c,CatPred,True,
ecoli|GLUR_reverse|g1|glu__L_c,CatPred,True,
ecoli|UAG2E_reverse|g1|uacmam_c,CatPred,True,
ecoli|HACD5_reverse_num1|g1|3hddcoa_c,CatPred,True,
ecoli|HACD5_reverse_num1|g1|nad_c,CatPred,True,
ecoli|GHMT2r_reverse|g1|gly_c,CatPred,True,
ecoli|GHMT2r_reverse|g1|h2o_c,CatPred,True,
ecoli|GHMT2r_reverse|g1|mlthf_c,CatPred,True,
ecoli|ADK4_reverse|g1|adp_c,CatPred,True,
ecoli|ADK4_reverse|g1|idp_c,CatPred,True,
ecoli|KARA1_reverse|g1|alac__S_c,CatPred,True,
ecoli|KARA1_reverse|g1|h_c,CatPred,True,
ecoli|KARA1_reverse|g1|nadph_c,CatPred,True,
ecoli|KARA2_reverse|g1|23dhmp_c,CatPred,True,
ecoli|KARA2_reverse|g1|nadp_c,CatPred,True,
ecoli|ICHORS_copy2_reverse|g1|ichor_c,CatPred,True,
ecoli|DHBD_reverse|g1|23dhb_c,CatPred,True,
ecoli|DHBD_reverse|g1|h_c,CatPred,True,
ecoli|DHBD_reverse|g1|nadh_c,CatPred,True,
ecoli|RBP4E_reverse_num1|g1|xu5p__D_c,CatPred,True,
ecoli|HACD6_reverse_num1|g1|3htdcoa_c,CatPred,True,
ecoli|HACD6_reverse_num1|g1|nad_c,CatPred,True,
ecoli|ECOAH1_reverse_num1|g1|b2coa_c,CatPred,True,
ecoli|ECOAH1_reverse_num1|g1|h2o_c,CatPred,True,
ecoli|ECOAH2_reverse_num1|g1|h2o_c,CatPred,True,
ecoli|ECOAH2_reverse_num1|g1|hx2coa_c,CatPred,True,
ecoli|ECOAH3_reverse_num1|g1|h2o_c,CatPred,True,
ecoli|ECOAH3_reverse_num1|g1|oc2coa_c,CatPred,True,
ecoli|UGLT_reverse|g1|g1p_c,CatPred,True,
ecoli|UGLT_reverse|g1|udpgal_c,CatPred,True,
ecoli|XYLI2_reverse|g1|fru_c,CatPred,True,
ecoli|PMANM_reverse|g1|man6p_c,CatPred,True,
ecoli|UDPG4E_reverse|g1|udpgal_c,CatPred,True,
ecoli|XYLI1_reverse|g1|xylu__D_c,CatPred,True,
ecoli|LCARS_reverse|g1|12ppd__S_c,CatPred,True,
ecoli|LCARS_reverse|g1|nad_c,CatPred,True,
ecoli|ALCD19_reverse_num1|g1|glyc_c,CatPred,True,
ecoli|ALCD19_reverse_num1|g1|nad_c,CatPred,True,
ecoli|RMPA_reverse|g1|dhap_c,CatPred,True,
ecoli|RMPA_reverse|g1|lald__L_c,CatPred,True,
ecoli|SBTPD_reverse|g1|f6p_c,CatPred,True,
ecoli|SBTPD_reverse|g1|h_c,CatPred,True,
ecoli|SBTPD_reverse|g1|nadh_c,CatPred,True,
ecoli|GLTPD_reverse|g1|h_c,CatPred,True,
ecoli|GLTPD_reverse|g1|nadh_c,CatPred,True,
ecoli|GLTPD_reverse|g1|tag6p__D_c,CatPred,True,
ecoli|TGBPA_reverse_num1|g1|dhap_c,CatPred,False,missing_sequence;complex_not_supported_by_default
ecoli|TGBPA_reverse_num1|g1|g3p_c,CatPred,False,missing_sequence;complex_not_supported_by_default
ecoli|MANAO_reverse|g1|fruur_c,CatPred,True,
ecoli|MANAO_reverse|g1|h_c,CatPred,True,
ecoli|MANAO_reverse|g1|nadh_c,CatPred,True,
ecoli|TAGURr_reverse|g1|h_c,CatPred,True,
ecoli|TAGURr_reverse|g1|nadh_c,CatPred,True,
ecoli|TAGURr_reverse|g1|tagur_c,CatPred,True,
ecoli|HACD4_reverse_num1|g1|3hdcoa_c,CatPred,True,
ecoli|HACD4_reverse_num1|g1|nad_c,CatPred,True,
ecoli|HACD7_reverse_num1|g1|3hhdcoa_c,CatPred,True,
ecoli|HACD7_reverse_num1|g1|nad_c,CatPred,True,
ecoli|ADK1_reverse|g1|adp_c,CatPred,True,
ecoli|SERASr_reverse|g1|ppi_c,CatPred,True,
ecoli|SERASr_reverse|g1|seramp_c,CatPred,True,
ecoli|MLTP2_reverse|g1|g1p_c,CatPred,True,
ecoli|MLTP2_reverse|g1|maltpt_c,CatPred,True,
ecoli|CYTK1_reverse|g1|adp_c,CatPred,True,
ecoli|CYTK1_reverse|g1|cdp_c,CatPred,True,
ecoli|CYTK2_reverse|g1|adp_c,CatPred,True,
ecoli|CYTK2_reverse|g1|dcdp_c,CatPred,True,
ecoli|GK1_reverse|g1|adp_c,CatPred,True,
ecoli|GK1_reverse|g1|gdp_c,CatPred,True,
ecoli|HACD1_reverse_num1|g1|3hbcoa_c,CatPred,True,
ecoli|HACD1_reverse_num1|g1|nad_c,CatPred,True,
ecoli|HACD2_reverse_num1|g1|3hhcoa_c,CatPred,True,
ecoli|HACD2_reverse_num1|g1|nad_c,CatPred,True,
ecoli|NDPK7_reverse_num1|g1|adp_c,CatPred,True,
ecoli|NDPK7_reverse_num1|g1|dctp_c,CatPred,True,
ecoli|GLYAT_reverse|g1|2aobut_c,CatPred,True,
ecoli|GLYAT_reverse|g1|coa_c,CatPred,True,
ecoli|CRNBTCT_reverse|g1|crncoa_c,CatPred,True,
ecoli|CRNBTCT_reverse|g1|gbbtn_c,CatPred,True,
ecoli|CRNCBCT_reverse|g1|crncoa_c,CatPred,True,
ecoli|CRNCBCT_reverse|g1|ctbt_c,CatPred,True,
ecoli|CRNCDH_reverse|g1|ctbtcoa_c,CatPred,True,
ecoli|CRNCDH_reverse|g1|h2o_c,CatPred,True,
ecoli|NDPK2_reverse_num1|g1|adp_c,CatPred,True,
ecoli|NDPK2_reverse_num1|g1|utp_c,CatPred,True,
ecoli|NDPK3_reverse_num1|g1|adp_c,CatPred,True,
ecoli|NDPK3_reverse_num1|g1|ctp_c,CatPred,True,
ecoli|NDPK4_reverse_num1|g1|adp_c,CatPred,True,
ecoli|NDPK4_reverse_num1|g1|dttp_c,CatPred,True,
ecoli|DGK1_reverse|g1|adp_c,CatPred,True,
ecoli|DGK1_reverse|g1|dgdp_c,CatPred,True,
ecoli|DTMPK_reverse|g1|adp_c,CatPred,True,
ecoli|DTMPK_reverse|g1|dtdp_c,CatPred,True,
ecoli|NDPK1_reverse_num1|g1|adp_c,CatPred,True,
ecoli|NDPK1_reverse_num1|g1|gtp_c,CatPred,True,
ecoli|PGMT_reverse_num1|g1|g6p_c,CatPred,True,
ecoli|UMPK_reverse_num1|g1|adp_c,CatPred,True,
ecoli|UMPK_reverse_num1|g1|udp_c,CatPred,True,
ecoli|DDPGALA_reverse|g1|g3p_c,CatPred,True,
ecoli|DDPGALA_reverse|g1|pyr_c,CatPred,True,
ecoli|F6PA_reverse_num1|g1|dha_c,CatPred,True,
ecoli|F6PA_reverse_num1|g1|g3p_c,CatPred,True,
ecoli|IDOND_reverse|g1|idon__L_c,CatPred,True,
ecoli|IDOND_reverse|g1|nad_c,CatPred,True,
ecoli|MCOATA_reverse|g1|coa_c,CatPred,False,missing_sequence;complex_not_supported_by_default
ecoli|MCOATA_reverse|g1|malACP_c,CatPred,False,missing_sequence;complex_not_supported_by_default
ecoli|DAPE_reverse|g1|26dap__M_c,CatPred,True,
ecoli|SDPTA_reverse_num1|g1|glu__L_c,CatPred,True,
ecoli|SDPTA_reverse_num1|g1|sl2a6o_c,CatPred,True,
ecoli|ARAI_reverse|g1|rbl__L_c,CatPred,True,
ecoli|M1PD_reverse|g1|f6p_c,CatPred,True,
ecoli|M1PD_reverse|g1|h_c,CatPred,True,
ecoli|M1PD_reverse|g1|nadh_c,CatPred,True,
ecoli|G3PD2_reverse|g1|dhap_c,CatPred,True,
ecoli|G3PD2_reverse|g1|h_c,CatPred,True,
ecoli|G3PD2_reverse|g1|nadph_c,CatPred,True,
ecoli|FCI_reverse|g1|fcl__L_c,CatPred,True,
ecoli|FCLPA_reverse_num1|g1|dhap_c,CatPred,True,
ecoli|FCLPA_reverse_num1|g1|lald__L_c,CatPred,True,
ecoli|UAGAAT_reverse|g1|ACP_c,CatPred,False,missing_sequence;complex_not_supported_by_default
ecoli|UAGAAT_reverse|g1|u3aga_c,CatPred,False,missing_sequence;complex_not_supported_by_default
ecoli|PRPPS_reverse|g1|amp_c,CatPred,True,
ecoli|PRPPS_reverse|g1|h_c,CatPred,True,
ecoli|PRPPS_reverse|g1|prpp_c,CatPred,True,
ecoli|PRMICI_reverse|g1|prlp_c,CatPred,True,
ecoli|SERAT_reverse|g1|acser_c,CatPred,True,
ecoli|SERAT_reverse|g1|coa_c,CatPred,True,
ecoli|ASPK_reverse_num1|g1|4pasp_c,CatPred,True,
ecoli|ASPK_reverse_num1|g1|adp_c,CatPred,True,
ecoli|ASAD_reverse|g1|4pasp_c,CatPred,True,
ecoli|ASAD_reverse|g1|h_c,CatPred,True,
ecoli|ASAD_reverse|g1|nadph_c,CatPred,True,
ecoli|CBMKr_reverse|g1|adp_c,CatPred,True,
ecoli|CBMKr_reverse|g1|cbp_c,CatPred,True,
ecoli|CBMKr_reverse|g1|h_c,CatPred,True,
ecoli|AMANAPEr_reverse|g1|acgam6p_c,CatPred,True,
ecoli|NNATr_reverse|g1|dnad_c,CatPred,True,
ecoli|NNATr_reverse|g1|ppi_c,CatPred,True,
ecoli|GAPD_reverse|g1|13dpg_c,CatPred,True,
ecoli|GAPD_reverse|g1|h_c,CatPred,True,
ecoli|GAPD_reverse|g1|nadh_c,CatPred,True,
ecoli|ARGSL_reverse|g1|arg__L_c,CatPred,True,
ecoli|ARGSL_reverse|g1|fum_c,CatPred,True,
ecoli|ACOATA_reverse|g1|acACP_c,CatPred,False,missing_sequence;complex_not_supported_by_default
ecoli|ACOATA_reverse|g1|coa_c,CatPred,False,missing_sequence;complex_not_supported_by_default
ecoli|MLTP3_reverse|g1|g1p_c,CatPred,True,
ecoli|MLTP3_reverse|g1|malthx_c,CatPred,True,
ecoli|OCBT_reverse_num1|g1|citr__L_c,CatPred,True,
ecoli|OCBT_reverse_num1|g1|h_c,CatPred,True,
ecoli|OCBT_reverse_num1|g1|pi_c,CatPred,True,
ecoli|GARFT_reverse|g1|fgam_c,CatPred,True,
ecoli|GARFT_reverse|g1|h_c,CatPred,True,
ecoli|GARFT_reverse|g1|thf_c,CatPred,True,
ecoli|PHETA1_reverse_num1|g1|glu__L_c,CatPred,True,
ecoli|PHETA1_reverse_num1|g1|phpyr_c,CatPred,True,
ecoli|MCITL2_reverse|g1|pyr_c,CatPred,True,
ecoli|MCITL2_reverse|g1|succ_c,CatPred,True,
ecoli|ACOTA_reverse_num1|g1|acg5sa_c,CatPred,True,
ecoli|ACOTA_reverse_num1|g1|glu__L_c,CatPred,True,
ecoli|PRAGSr_reverse|g1|adp_c,CatPred,True,
ecoli|PRAGSr_reverse|g1|gar_c,CatPred,True,
ecoli|PRAGSr_reverse|g1|h_c,CatPred,True,
ecoli|PRAGSr_reverse|g1|pi_c,CatPred,True,
ecoli|PPAKr_reverse|g1|atp_c,CatPred,True,
ecoli|PPAKr_reverse|g1|ppa_c,CatPred,True,
ecoli|PPM2_reverse|g1|2dr5p_c,CatPred,True,
ecoli|G6PDH2r_reverse|g1|6pgl_c,CatPred,True,
ecoli|G6PDH2r_reverse|g1|h_c,CatPred,True,
ecoli|G6PDH2r_reverse|g1|nadph_c,CatPred,True,
ecoli|FBA3_reverse|g1|dhap_c,CatPred,True,
ecoli|FBA3_reverse|g1|e4p_c,CatPred,True,
ecoli|ADK3_reverse|g1|adp_c,CatPred,True,
ecoli|ADK3_reverse|g1|gdp_c,CatPred,True,
ecoli|HSDy_reverse_num1|g1|aspsa_c,CatPred,True,
ecoli|HSDy_reverse_num1|g1|h_c,CatPred,True,
ecoli|HSDy_reverse_num1|g1|nadph_c,CatPred,True,
ecoli|GLUtex_reverse_num1|g1|glu__L_p,CatPred,True,
ecoli|GLYtex_reverse_num1|g1|gly_p,CatPred,True,
ecoli|GLYALDtex_reverse_num1|g1|glyald_p,CatPred,True,
ecoli|GLYBtex_reverse_num1|g1|glyb_p,CatPred,True,
ecoli|GLYCtex_reverse_num1|g1|glyc_p,CatPred,True,
ecoli|GLYC3Ptex_reverse_num1|g1|glyc3p_p,CatPred,True,
ecoli|GLYCLTtex_reverse_num1|g1|glyclt_p,CatPred,True,
ecoli|GTPtex_reverse_num1|g1|gtp_p,CatPred,True,
ecoli|GUAtex_reverse|g1|gua_p,CatPred,True,
ecoli|Htex_reverse_num1|g1|h_p,CatPred,True,
ecoli|H2tex_reverse_num1|g1|h2_p,CatPred,True,
ecoli|H2Otex_reverse_num1|g1|h2o_p,CatPred,True,
ecoli|O2tpp_reverse|g1|o2_c,CatPred,False,missing_sequence
ecoli|DAPtex_reverse_num1|g1|15dap_p,CatPred,True,
ecoli|12PPDStex_reverse_num1|g1|12ppd__S_p,CatPred,True,
ecoli|DDGLCNtex_reverse_num1|g1|2ddglcn_p,CatPred,True,
ecoli|26DAHtex_reverse_num1|g1|26dap__M_p,CatPred,True,
ecoli|HCINNMtex_reverse_num1|g1|3hcinnm_p,CatPred,True,
ecoli|HPPPNtex_reverse_num1|g1|3hpppn_p,CatPred,True,
ecoli|ACtex_reverse_num1|g1|ac_p,CatPred,True,
ecoli|ACALDtex_reverse_num1|g1|acald_p,CatPred,True,
ecoli|ACMANAtex_reverse_num1|g1|acmana_p,CatPred,True,
ecoli|ACACT2r_reverse_num1|g1|3ohcoa_c,CatPred,True,
ecoli|ACACT2r_reverse_num1|g1|coa_c,CatPred,True,
ecoli|SUCFUMtpp_reverse_num1|g1|fum_c,CatPred,True,
ecoli|SUCFUMtpp_reverse_num1|g1|succ_p,CatPred,True,
ecoli|TARTRt7pp_reverse|g1|succ_p,CatPred,True,
ecoli|TARTRt7pp_reverse|g1|tartr__L_c,CatPred,True,
ecoli|AHGDx_reverse|g1|akg_c,CatPred,True,
ecoli|AHGDx_reverse|g1|h_c,CatPred,True,
ecoli|AHGDx_reverse|g1|nadh_c,CatPred,True,
ecoli|AKGt2rpp_reverse|g1|akg_c,CatPred,True,
ecoli|AKGt2rpp_reverse|g1|h_c,CatPred,True,
ecoli|THMDt2pp_copy2_reverse|g1|h_c,CatPred,True,
ecoli|THMDt2pp_copy2_reverse|g1|thymd_c,CatPred,True,
ecoli|TRPt2rpp_reverse_num1|g1|h_c,CatPred,True,
ecoli|TRPt2rpp_reverse_num1|g1|trp__L_c,CatPred,True,
ecoli|TYRt2rpp_reverse_num1|g1|h_c,CatPred,True,
ecoli|TYRt2rpp_reverse_num1|g1|tyr__L_c,CatPred,True,
ecoli|URIt2pp_copy2_reverse|g1|h_c,CatPred,True,
ecoli|URIt2pp_copy2_reverse|g1|uri_c,CatPred,True,
ecoli|XTSNt2rpp_reverse|g1|h_c,CatPred,True,
ecoli|XTSNt2rpp_reverse|g1|xtsn_c,CatPred,True,
ecoli|GALtex_reverse_num1|g1|gal_p,CatPred,True,
ecoli|GALCTtex_reverse_num1|g1|galct__D_p,CatPred,True,
ecoli|GALCTNtex_reverse_num1|g1|galctn__D_p,CatPred,True,
ecoli|GALTtex_reverse_num1|g1|galt_p,CatPred,True,
ecoli|GALURtex_reverse_num1|g1|galur_p,CatPred,True,
ecoli|ACACt2pp_reverse|g1|acac_c,CatPred,True,
ecoli|ACACt2pp_reverse|g1|h_c,CatPred,True,
ecoli|TKT2_reverse_num1|g1|f6p_c,CatPred,True,
ecoli|TKT2_reverse_num1|g1|g3p_c,CatPred,True,
ecoli|GAMtex_reverse_num1|g1|gam_p,CatPred,True,
ecoli|GBBTNtex_reverse_num1|g1|gbbtn_p,CatPred,True,
ecoli|ARBt2rpp_reverse|g1|arab__L_c,CatPred,True,
ecoli|ARBt2rpp_reverse|g1|h_c,CatPred,True,
ecoli|CO2tpp_reverse|g1|co2_c,CatPred,False,missing_sequence
ecoli|ARGAGMt7pp_reverse|g1|agm_p,CatPred,True,
ecoli|ARGAGMt7pp_reverse|g1|arg__L_c,CatPred,True,
ecoli|ASNt2rpp_reverse|g1|asn__L_c,CatPred,True,
ecoli|ASNt2rpp_reverse|g1|h_c,CatPred,True,
ecoli|HIStex_reverse_num1|g1|his__L_p,CatPred,True,
ecoli|HXAtex_reverse_num1|g1|hxa_p,CatPred,True,
ecoli|HYXNtex_reverse_num1|g1|hxan_p,CatPred,True,
ecoli|IDONtex_reverse_num1|g1|idon__L_p,CatPred,True,
ecoli|ILEtex_reverse_num1|g1|ile__L_p,CatPred,True,
ecoli|INSTtex_reverse_num1|g1|inost_p,CatPred,True,
ecoli|INStex_reverse|g1|ins_p,CatPred,True,
ecoli|Ktex_reverse_num1|g1|k_p,CatPred,True,
ecoli|D_LACtex_reverse_num1|g1|lac__D_p,CatPred,True,
ecoli|FRULYStex_reverse_num1|g1|frulys_p,CatPred,True,
ecoli|GALCTt2rpp_reverse_num1|g1|galct__D_c,CatPred,True,
ecoli|GALCTt2rpp_reverse_num1|g1|h_c,CatPred,True,
ecoli|ASPtex_reverse_num1|g1|asp__L_p,CatPred,True,
ecoli|ACALDtpp_reverse|g1|acald_c,CatPred,False,missing_sequence
ecoli|ACt2rpp_reverse|g1|ac_c,CatPred,True,
ecoli|ACt2rpp_reverse|g1|h_c,CatPred,True,
ecoli|ATPS4rpp_reverse_num1|g1|atp_c,CatPred,False,missing_sequence;complex_not_supported_by_default
ecoli|ATPS4rpp_reverse_num1|g1|h2o_c,CatPred,False,missing_sequence;complex_not_supported_by_default
ecoli|ATPS4rpp_reverse_num1|g1|h_c,CatPred,False,missing_sequence;complex_not_supported_by_default
ecoli|INDOLEtex_reverse_num1|g1|indole_p,CatPred,True,
ecoli|L_LACtex_reverse_num1|g1|lac__L_p,CatPred,True,
ecoli|ADEt2rpp_reverse_num1|g1|ade_c,CatPred,True,
ecoli|ADEt2rpp_reverse_num1|g1|h_c,CatPred,True,
ecoli|ADNt2pp_copy2_reverse|g1|adn_c,CatPred,True,
ecoli|ADNt2pp_copy2_reverse|g1|h_c,CatPred,True,
ecoli|ALLTNt2rpp_reverse|g1|alltn_c,CatPred,True,
ecoli|ALLTNt2rpp_reverse|g1|h_c,CatPred,True,
ecoli|ECOAH8_reverse_num1|g1|h2o_c,CatPred,True,
ecoli|ECOAH8_reverse_num1|g1|od2coa_c,CatPred,True,
ecoli|GUAtpp_reverse_num1|g1|gua_c,CatPred,True,
ecoli|HYXNtpp_reverse_num1|g1|hxan_c,CatPred,True,
ecoli|GLCRtex_reverse_num1|g1|glcr_p,CatPred,True,
ecoli|GLCNtex_reverse_num1|g1|glcn_p,CatPred,True,
ecoli|GLCURtex_reverse_num1|g1|glcur_p,CatPred,True,
ecoli|GLNtex_reverse_num1|g1|gln__L_p,CatPred,True,
ecoli|O2tex_reverse_num1|g1|o2_p,CatPred,True,
ecoli|OCTAtex_reverse_num1|g1|octa_p,CatPred,True,
ecoli|ORNtex_reverse_num1|g1|orn_p,CatPred,True,
ecoli|ECOAH5_reverse_num1|g1|dd2coa_c,CatPred,True,
ecoli|ECOAH5_reverse_num1|g1|h2o_c,CatPred,True,
ecoli|FUCtpp_reverse|g1|fuc__L_c,CatPred,True,
ecoli|FUCtpp_reverse|g1|h_c,CatPred,True,
ecoli|CYTDt2pp_copy2_reverse|g1|cytd_c,CatPred,True,
ecoli|CYTDt2pp_copy2_reverse|g1|h_c,CatPred,True,
ecoli|DDGLCNt2rpp_reverse|g1|2ddglcn_c,CatPred,True,
ecoli|DDGLCNt2rpp_reverse|g1|h_c,CatPred,True,
ecoli|RMNtex_reverse_num1|g1|rmn_p,CatPred,True,
ecoli|PHEtex_reverse_num1|g1|phe__L_p,CatPred,True,
ecoli|PItex_reverse_num1|g1|pi_p,CatPred,True,
ecoli|TRSARr_reverse_num1|g1|glyc__R_c,CatPred,True,
ecoli|TRSARr_reverse_num1|g1|nad_c,CatPred,True,
ecoli|PNTOtex_reverse_num1|g1|pnto__R_p,CatPred,True,
ecoli|PPPNtex_reverse_num1|g1|pppn_p,CatPred,True,
ecoli|PPTtex_reverse_num1|g1|ppt_p,CatPred,True,
ecoli|PTRCtex_reverse_num1|g1|ptrc_p,CatPred,True,
ecoli|PYRtex_reverse_num1|g1|pyr_p,CatPred,True,
ecoli|DSERtex_reverse_num1|g1|ser__D_p,CatPred,True,
ecoli|SERtex_reverse_num1|g1|ser__L_p,CatPred,True,
ecoli|SO4tex_reverse_num1|g1|so4_p,CatPred,True,
ecoli|SPMDtex_reverse_num1|g1|spmd_p,CatPred,True,
ecoli|SUCCtex_reverse_num1|g1|succ_p,CatPred,True,
ecoli|SUCRtex_reverse_num1|g1|sucr_p,CatPred,True,
ecoli|TARTRtex_reverse_num1|g1|tartr__L_p,CatPred,True,
ecoli|TAURtex_reverse_num1|g1|taur_p,CatPred,True,
ecoli|THRtex_reverse_num1|g1|thr__L_p,CatPred,True,
ecoli|THMDtex_reverse_num1|g1|thymd_p,CatPred,True,
ecoli|METDtex_reverse_num1|g1|met__D_p,CatPred,True,
ecoli|METtex_reverse_num1|g1|met__L_p,CatPred,True,
ecoli|MNLtex_reverse_num1|g1|mnl_p,CatPred,True,
ecoli|NAtex_reverse_num1|g1|na1_p,CatPred,True,
ecoli|NACtex_reverse_num1|g1|nac_p,CatPred,True,
ecoli|NH4tex_reverse_num1|g1|nh4_p,CatPred,True,
ecoli|BUTtex_reverse_num1|g1|but_p,CatPred,True,
ecoli|CHLtex_reverse_num1|g1|chol_p,CatPred,True,
ecoli|CO2tex_reverse_num1|g1|co2_p,CatPred,True,
ecoli|CRNtex_reverse_num1|g1|crn_p,CatPred,True,
ecoli|DINStex_reverse_num1|g1|din_p,CatPred,True,
ecoli|DMStex_reverse_num1|g1|dms_p,CatPred,True,
ecoli|CSNtex_reverse_num1|g1|csn_p,CatPred,True,
ecoli|CYNTtex_reverse_num1|g1|cynt_p,CatPred,True,
ecoli|CYStex_reverse_num1|g1|cys__L_p,CatPred,True,
ecoli|CYTDtex_reverse_num1|g1|cytd_p,CatPred,True,
ecoli|DCAtex_reverse_num1|g1|dca_p,CatPred,True,
ecoli|DCYTtex_reverse|g1|dcyt_p,CatPred,True,
ecoli|DGSNtex_reverse_num1|g1|dgsn_p,CatPred,True,
ecoli|LCTStex_reverse_num1|g1|lcts_p,CatPred,True,
ecoli|LEUtex_reverse_num1|g1|leu__L_p,CatPred,True,
ecoli|LYStex_reverse_num1|g1|lys__L_p,CatPred,True,
ecoli|LYXtex_reverse_num1|g1|lyx__L_p,CatPred,True,
ecoli|MANtex_reverse_num1|g1|man_p,CatPred,True,
ecoli|MAN6Ptex_reverse_num1|g1|man6p_p,CatPred,True,
ecoli|MELIBtex_reverse_num1|g1|melib_p,CatPred,True,
ecoli|DMSOtex_reverse_num1|g1|dmso_p,CatPred,True,
ecoli|DURItex_reverse|g1|duri_p,CatPred,True,
ecoli|FRUtex_reverse_num1|g1|fru_p,CatPred,True,
ecoli|FUCtex_reverse_num1|g1|fuc__L_p,CatPred,True,
ecoli|FUMtex_reverse_num1|g1|fum_p,CatPred,True,
ecoli|FE2tex_reverse_num1|g1|fe2_p,CatPred,True,
ecoli|NMNtex_reverse_num1|g1|nmn_p,CatPred,True,
ecoli|NO2tex_reverse_num1|g1|no2_p,CatPred,True,
ecoli|MTHFC_reverse|g1|10fthf_c,CatPred,True,
ecoli|MTHFC_reverse|g1|h_c,CatPred,True,
ecoli|MTHFD_reverse|g1|methf_c,CatPred,True,
ecoli|MTHFD_reverse|g1|nadph_c,CatPred,True,
ecoli|BUTt2rpp_reverse|g1|but_c,CatPred,True,
ecoli|BUTt2rpp_reverse|g1|h_c,CatPred,True,
ecoli|GDPtex_reverse_num1|g1|gdp_p,CatPred,True,
ecoli|TMAtex_reverse_num1|g1|tma_p,CatPred,True,
ecoli|TMAOtex_reverse_num1|g1|tmao_p,CatPred,True,
ecoli|TREtex_reverse_num1|g1|tre_p,CatPred,True,
ecoli|TRPtex_reverse_num1|g1|trp__L_p,CatPred,True,
ecoli|TSULtex_reverse_num1|g1|tsul_p,CatPred,True,
ecoli|TYRtex_reverse_num1|g1|tyr__L_p,CatPred,True,
ecoli|URAtex_reverse_num1|g1|ura_p,CatPred,True,
ecoli|UREAtex_reverse_num1|g1|urea_p,CatPred,True,
ecoli|URItex_reverse|g1|uri_p,CatPred,True,
ecoli|VALtex_reverse_num1|g1|val__L_p,CatPred,True,
ecoli|XANtex_reverse_num1|g1|xan_p,CatPred,True,
ecoli|XYLtex_reverse_num1|g1|xyl__D_p,CatPred,True,
ecoli|ABUTtex_reverse_num1|g1|4abut_p,CatPred,True,
ecoli|MALTATr_reverse|g1|acmalt_c,CatPred,True,
ecoli|MALTATr_reverse|g1|coa_c,CatPred,True,
ecoli|23CAMPtex_reverse_num1|g1|23camp_p,CatPred,True,
ecoli|23CCMPtex_reverse_num1|g1|23ccmp_p,CatPred,True,
ecoli|23CUMPtex_reverse_num1|g1|23cump_p,CatPred,True,
ecoli|23CGMPtex_reverse_num1|g1|23cgmp_p,CatPred,True,
ecoli|3AMPtex_reverse_num1|g1|3amp_p,CatPred,True,
ecoli|3CMPtex_reverse_num1|g1|3cmp_p,CatPred,True,
ecoli|ALAGLUE_reverse|g1|LalaLglu_c,CatPred,True,
ecoli|ETHSO3tex_reverse_num1|g1|ethso3_p,CatPred,True,
ecoli|BUTSO3tex_reverse_num1|g1|butso3_p,CatPred,True,
ecoli|LIPOtex_reverse_num1|g1|lipoate_p,CatPred,True,
ecoli|GALBDtex_reverse_num1|g1|gal_bD_p,CatPred,True,
ecoli|SULFACtex_reverse_num1|g1|sulfac_p,CatPred,True,
ecoli|NOtex_reverse_num1|g1|no_p,CatPred,True,
ecoli|NOtpp_reverse|g1|no_c,CatPred,False,missing_sequence
ecoli|N2Otpp_reverse|g1|n2o_c,CatPred,False,missing_sequence
ecoli|N2Otex_reverse_num1|g1|n2o_p,CatPred,True,
ecoli|CRNt2rpp_reverse|g1|crn_c,CatPred,True,
ecoli|CRNt2rpp_reverse|g1|h_c,CatPred,True,
ecoli|CRNDt2rpp_reverse|g1|crn__D_c,CatPred,True,
ecoli|CRNDt2rpp_reverse|g1|h_c,CatPred,True,
ecoli|CTBTt2rpp_reverse|g1|ctbt_c,CatPred,True,
ecoli|CTBTt2rpp_reverse|g1|h_c,CatPred,True,
ecoli|PEAMNtex_reverse_num1|g1|peamn_p,CatPred,True,
ecoli|PACALDtex_reverse_num1|g1|pacald_p,CatPred,True,
ecoli|CYANtex_reverse_num1|g1|cyan_p,CatPred,True,
ecoli|SO3tex_reverse_num1|g1|so3_p,CatPred,True,
ecoli|TCYNTtex_reverse_num1|g1|tcynt_p,CatPred,True,
ecoli|METSOX1tex_reverse_num1|g1|metsox_S__L_p,CatPred,True,
ecoli|METSOX2tex_reverse_num1|g1|metsox_R__L_p,CatPred,True,
ecoli|3UMPtex_reverse_num1|g1|3ump_p,CatPred,True,
ecoli|3GMPtex_reverse_num1|g1|3gmp_p,CatPred,True,
ecoli|FALDtpp_reverse|g1|fald_c,CatPred,False,missing_sequence
ecoli|DOPAtex_reverse_num1|g1|dopa_p,CatPred,True,
ecoli|4HOXPACDtex_reverse_num1|g1|4hoxpacd_p,CatPred,True,
ecoli|ETHAtex_reverse_num1|g1|etha_p,CatPred,True,
ecoli|G3PStex_reverse_num1|g1|g3ps_p,CatPred,True,
ecoli|ACGAL1Ptex_reverse_num1|g1|acgal1p_p,CatPred,True,
ecoli|ACGALtex_reverse_num1|g1|acgal_p,CatPred,True,
ecoli|GLCUR1Ptex_reverse_num1|g1|glcur1p_p,CatPred,True,
ecoli|UDPGLCURtex_reverse_num1|g1|udpglcur_p,CatPred,True,
ecoli|ISETACtex_reverse_num1|g1|isetac_p,CatPred,True,
ecoli|UDPGtex_reverse_num1|g1|udpg_p,CatPred,True,
ecoli|UDPGALtex_reverse_num1|g1|udpgal_p,CatPred,True,
ecoli|ACGAM1Ptex_reverse_num1|g1|acgam1p_p,CatPred,True,
ecoli|UACGAMtex_reverse_num1|g1|uacgam_p,CatPred,True,
ecoli|UDPACGALtex_reverse_num1|g1|udpacgal_p,CatPred,True,
ecoli|CBLAT_reverse|g1|adocbl_c,CatPred,True,
ecoli|CBLAT_reverse|g1|pppi_c,CatPred,True,
ecoli|MSO3tex_reverse_num1|g1|mso3_p,CatPred,True,
ecoli|ARABDI_reverse|g1|rbl__D_c,CatPred,True,
ecoli|GLYC2Ptex_reverse_num1|g1|glyc2p_p,CatPred,True,
ecoli|PSERtex_reverse_num1|g1|pser__L_p,CatPred,True,
ecoli|R5Ptex_reverse_num1|g1|r5p_p,CatPred,True,
ecoli|THRPtex_reverse_num1|g1|thrp_p,CatPred,True,
ecoli|TYRPtex_reverse_num1|g1|tyrp_p,CatPred,True,
ecoli|CITtex_reverse_num1|g1|cit_p,CatPred,True,
ecoli|ACGAtex_reverse_num1|g1|acgam_p,CatPred,True,
ecoli|IDONt2rpp_reverse|g1|h_c,CatPred,True,
ecoli|IDONt2rpp_reverse|g1|idon__L_c,CatPred,True,
ecoli|G6Ptex_reverse_num1|g1|g6p_p,CatPred,True,
ecoli|MOBDtex_reverse_num1|g1|mobd_p,CatPred,True,
ecoli|NI2tex_reverse_num1|g1|ni2_p,CatPred,True,
ecoli|L_LACt2rpp_reverse_num1|g1|h_c,CatPred,True,
ecoli|L_LACt2rpp_reverse_num1|g1|lac__L_c,CatPred,True,
ecoli|NH4tpp_reverse_num1|g1|nh4_c,CatPred,False,missing_sequence
ecoli|NO2t2rpp_reverse_num1|g1|h_c,CatPred,True,
ecoli|NO2t2rpp_reverse_num1|g1|no2_c,CatPred,True,
ecoli|FRULYSDG_reverse|g1|g6p_c,CatPred,True,
ecoli|FRULYSDG_reverse|g1|lys__L_c,CatPred,True,
ecoli|PROt2rpp_reverse_num1|g1|h_c,CatPred,True,
ecoli|PROt2rpp_reverse_num1|g1|pro__L_c,CatPred,True,
ecoli|H2O2tex_reverse_num1|g1|h2o2_p,CatPred,True,
ecoli|ALLPI_reverse|g1|allul6p_c,CatPred,True,
ecoli|ALLULPE_reverse|g1|f6p_c,CatPred,True,
ecoli|ADEtex_reverse_num1|g1|ade_p,CatPred,True,
ecoli|ADNtex_reverse|g1|adn_p,CatPred,True,
ecoli|AGMtex_reverse_num1|g1|agm_p,CatPred,True,
ecoli|ALAtex_reverse_num1|g1|ala__L_p,CatPred,True,
ecoli|BALAtex_reverse_num1|g1|ala_B_p,CatPred,True,
ecoli|DALAtex_reverse_num1|g1|ala__D_p,CatPred,True,
ecoli|AMPtex_reverse_num1|g1|amp_p,CatPred,True,
ecoli|ARBtex_reverse_num1|g1|arab__L_p,CatPred,True,
ecoli|ARGtex_reverse_num1|g1|arg__L_p,CatPred,True,
ecoli|ASCBtex_reverse_num1|g1|ascb__L_p,CatPred,True,
ecoli|MMETtex_reverse_num1|g1|mmet_p,CatPred,True,
ecoli|FE3tex_reverse_num1|g1|fe3_p,CatPred,True,
ecoli|MG2tex_reverse_num1|g1|mg2_p,CatPred,True,
ecoli|Zn2tex_reverse_num1|g1|zn2_p,CatPred,True,
ecoli|CD2tex_reverse_num1|g1|cd2_p,CatPred,True,
ecoli|GLUABUTt7pp_reverse|g1|4abut_p,CatPred,True,
ecoli|GLUABUTt7pp_reverse|g1|glu__L_c,CatPred,True,
ecoli|GLUt2rpp_reverse|g1|glu__L_c,CatPred,True,
ecoli|GLUt2rpp_reverse|g1|h_c,CatPred,True,
ecoli|GLYALDtpp_reverse|g1|glyald_c,CatPred,True,
ecoli|DHPTPE_reverse|g1|dhmptp_c,CatPred,True,
ecoli|ASO3tex_reverse_num1|g1|aso3_p,CatPred,True,
ecoli|MANGLYCtex_reverse_num1|g1|manglyc_p,CatPred,True,
ecoli|FRUURt2rpp_reverse|g1|fruur_c,CatPred,True,
ecoli|FRUURt2rpp_reverse|g1|h_c,CatPred,True,
ecoli|FRUURtex_reverse_num1|g1|fruur_p,CatPred,True,
ecoli|GLYCAt2rpp_reverse_num1|g1|glyc__R_c,CatPred,True,
ecoli|GLYCAt2rpp_reverse_num1|g1|h_c,CatPred,True,
ecoli|GLYCAtex_reverse_num1|g1|glyc__R_p,CatPred,True,
ecoli|FALDH2_reverse|g1|Sfglutth_c,CatPred,True,
ecoli|FALDH2_reverse|g1|h_c,CatPred,True,
ecoli|FALDH2_reverse|g1|nadh_c,CatPred,True,
ecoli|GLYCtpp_reverse_num1|g1|glyc_p,CatPred,False,missing_sequence
ecoli|H2Otpp_reverse_num1|g1|h2o_c,CatPred,False,missing_sequence
ecoli|HCINNMt2rpp_reverse|g1|3hcinnm_c,CatPred,True,
ecoli|HCINNMt2rpp_reverse|g1|h_c,CatPred,True,
ecoli|HISt2rpp_reverse|g1|h_c,CatPred,True,
ecoli|HISt2rpp_reverse|g1|his__L_c,CatPred,True,
ecoli|CBIAT_reverse|g1|adocbi_c,CatPred,True,
ecoli|CBIAT_reverse|g1|pppi_c,CatPred,True,
ecoli|COBALT2tex_reverse_num1|g1|cobalt2_p,CatPred,True,
ecoli|FALGTHLs_reverse|g1|hmgth_c,CatPred,False,missing_sequence
ecoli|DIMPtex_reverse_num1|g1|dimp_p,CatPred,True,
ecoli|GALURt2rpp_reverse|g1|galur_c,CatPred,True,
ecoli|GALURt2rpp_reverse|g1|h_c,CatPred,True,
ecoli|GLCNt2rpp_reverse_num1|g1|glcn_c,CatPred,True,
ecoli|GLCNt2rpp_reverse_num1|g1|h_c,CatPred,True,
ecoli|GLCRt2rpp_reverse_num1|g1|glcr_c,CatPred,True,
ecoli|GLCRt2rpp_reverse_num1|g1|h_c,CatPred,True,
ecoli|GLCURt2rpp_reverse_num1|g1|glcur_c,CatPred,True,
ecoli|GLCURt2rpp_reverse_num1|g1|h_c,CatPred,True,
ecoli|XTSNtex_reverse_num1|g1|xtsn_p,CatPred,True,
ecoli|GLUDy_reverse|g1|akg_c,CatPred,True,
ecoli|GLUDy_reverse|g1|h_c,CatPred,True,
ecoli|GLUDy_reverse|g1|nadph_c,CatPred,True,
ecoli|GLUDy_reverse|g1|nh4_c,CatPred,True,
ecoli|UREAtpp_reverse|g1|urea_c,CatPred,True,
ecoli|PPPNt2rpp_reverse|g1|h_c,CatPred,True,
ecoli|PPPNt2rpp_reverse|g1|pppn_c,CatPred,True,
ecoli|PTRCORNt7pp_reverse|g1|orn_p,CatPred,True,
ecoli|PTRCORNt7pp_reverse|g1|ptrc_c,CatPred,True,
ecoli|HG2tex_reverse_num1|g1|hg2_p,CatPred,True,
ecoli|DADNtex_reverse|g1|dad_2_p,CatPred,True,
ecoli|DHAtex_reverse_num1|g1|dha_p,CatPred,True,
ecoli|ETOHtex_reverse_num1|g1|etoh_p,CatPred,True,
ecoli|HACD3_reverse_num1|g1|3hocoa_c,CatPred,True,
ecoli|HACD3_reverse_num1|g1|nad_c,CatPred,True,
ecoli|ACACtex_reverse_num1|g1|acac_p,CatPred,True,
ecoli|ACNAMtex_reverse_num1|g1|acnam_p,CatPred,True,
ecoli|H2Stex_reverse_num1|g1|h2s_p,CatPred,True,
ecoli|DADK_reverse|g1|adp_c,CatPred,True,
ecoli|DADK_reverse|g1|dadp_c,CatPred,True,
ecoli|4PEPTtex_reverse_num1|g1|LalaDgluMdapDala_p,CatPred,True,
ecoli|CRNCAR_reverse|g1|crnDcoa_c,CatPred,True,
ecoli|GLYCLTt2rpp_reverse_num1|g1|glyclt_c,CatPred,True,
ecoli|GLYCLTt2rpp_reverse_num1|g1|h_c,CatPred,True,
ecoli|HPPPNt2rpp_reverse|g1|3hpppn_c,CatPred,True,
ecoli|HPPPNt2rpp_reverse|g1|h_c,CatPred,True,
ecoli|DHFR_reverse_num1|g1|nadp_c,CatPred,True,
ecoli|DHFR_reverse_num1|g1|thf_c,CatPred,True,
ecoli|TYRTA_reverse_num1|g1|34hpp_c,CatPred,True,
ecoli|TYRTA_reverse_num1|g1|glu__L_c,CatPred,True,
ecoli|PUNP4_reverse_num1|g1|2dr1p_c,CatPred,True,
ecoli|PUNP4_reverse_num1|g1|gua_c,CatPred,True,
ecoli|AMAOTr_reverse|g1|amob_c,CatPred,True,
ecoli|AMAOTr_reverse|g1|dann_c,CatPred,True,
ecoli|ARGORNt7pp_reverse|g1|arg__L_c,CatPred,True,
ecoli|ARGORNt7pp_reverse|g1|orn_p,CatPred,True,
ecoli|CU2tex_reverse_num1|g1|cu2_p,CatPred,True,
ecoli|GLCATr_reverse|g1|acglc__D_c,CatPred,True,
ecoli|GLCATr_reverse|g1|coa_c,CatPred,True,
ecoli|ALAALAr_reverse_num1|g1|adp_c,CatPred,True,
ecoli|ALAALAr_reverse_num1|g1|alaala_c,CatPred,True,
ecoli|ALAALAr_reverse_num1|g1|h_c,CatPred,True,
ecoli|ALAALAr_reverse_num1|g1|pi_c,CatPred,True,
ecoli|CLtex_reverse_num1|g1|cl_p,CatPred,True,
ecoli|ACACT1r_reverse_num1|g1|aacoa_c,CatPred,True,
ecoli|ACACT1r_reverse_num1|g1|coa_c,CatPred,True,
ecoli|SUCOAS_reverse|g1|adp_c,CatPred,False,missing_sequence;complex_not_supported_by_default
ecoli|SUCOAS_reverse|g1|pi_c,CatPred,False,missing_sequence;complex_not_supported_by_default
ecoli|SUCOAS_reverse|g1|succoa_c,CatPred,False,missing_sequence;complex_not_supported_by_default
ecoli|GALKr_reverse|g1|adp_c,CatPred,True,
ecoli|GALKr_reverse|g1|gal1p_c,CatPred,True,
ecoli|GALKr_reverse|g1|h_c,CatPred,True,
ecoli|YUMPS_reverse|g1|h2o_c,CatPred,True,
ecoli|YUMPS_reverse|g1|psd5p_c,CatPred,False,missing_smiles
ecoli|ADSL1r_reverse|g1|amp_c,CatPred,True,
ecoli|ADSL1r_reverse|g1|fum_c,CatPred,True,
ecoli|AICART_reverse|g1|fprica_c,CatPred,True,
ecoli|AICART_reverse|g1|thf_c,CatPred,True,
ecoli|PROtex_reverse_num1|g1|pro__L_p,CatPred,True,
ecoli|SBTtex_reverse_num1|g1|sbt__D_p,CatPred,True,
ecoli|PGM_reverse_num1|g1|3pg_c,CatPred,True,
ecoli|TPI_reverse|g1|g3p_c,CatPred,True,
ecoli|RPI_reverse_num1|g1|ru5p__D_c,CatPred,True,
ecoli|PERD_reverse|g1|h_c,CatPred,True,
ecoli|PERD_reverse|g1|nadh_c,CatPred,True,
ecoli|PERD_reverse|g1|ohpb_c,CatPred,True,
ecoli|AKGtex_reverse_num1|g1|akg_p,CatPred,True,
ecoli|ALLTNtex_reverse_num1|g1|alltn_p,CatPred,True,
ecoli|ASNtex_reverse_num1|g1|asn__L_p,CatPred,True,
ecoli|ATHRDHr_reverse|g1|2aobut_c,CatPred,True,
ecoli|ATHRDHr_reverse|g1|h_c,CatPred,True,
ecoli|ATHRDHr_reverse|g1|nadph_c,CatPred,True,
ecoli|LSERDHr_reverse|g1|2amsa_c,CatPred,True,
ecoli|LSERDHr_reverse|g1|h_c,CatPred,True,
ecoli|LSERDHr_reverse|g1|nadph_c,CatPred,True,
ecoli|DSERDHr_reverse|g1|2amsa_c,CatPred,True,
ecoli|DSERDHr_reverse|g1|h_c,CatPred,True,
ecoli|DSERDHr_reverse|g1|nadph_c,CatPred,True,
ecoli|TYMtex_reverse_num1|g1|tym_p,CatPred,True,
ecoli|CMPtex_reverse_num1|g1|cmp_p,CatPred,True,
ecoli|DUMPtex_reverse_num1|g1|dump_p,CatPred,True,
ecoli|XMPtex_reverse_num1|g1|xmp_p,CatPred,True,
ecoli|3PEPTtex_reverse_num1|g1|LalaDgluMdap_p,CatPred,False,missing_smiles
ecoli|ANHGMtex_reverse_num1|g1|anhgm_p,CatPred,False,missing_smiles
ecoli|UDPKAAT_reverse|g1|akg_c,CatPred,True,
ecoli|UDPKAAT_reverse|g1|udpLa4n_c,CatPred,True,
ecoli|FALDtex_reverse_num1|g1|fald_p,CatPred,True,
ecoli|MLTP1_reverse|g1|g1p_c,CatPred,True,
ecoli|MLTP1_reverse|g1|maltttr_c,CatPred,True,
ecoli|CYSDtex_reverse_num1|g1|cys__D_p,CatPred,True,
ecoli|G3PItex_reverse_num1|g1|g3pi_p,CatPred,True,
ecoli|G3PGtex_reverse_num1|g1|g3pg_p,CatPred,True,
ecoli|G3PEtex_reverse_num1|g1|g3pe_p,CatPred,True,
ecoli|G3PCtex_reverse_num1|g1|g3pc_p,CatPred,True,
ecoli|DAMPtex_reverse_num1|g1|damp_p,CatPred,True,
ecoli|DCMPtex_reverse_num1|g1|dcmp_p,CatPred,True,
ecoli|DGMPtex_reverse_num1|g1|dgmp_p,CatPred,True,
ecoli|DTMPtex_reverse_num1|g1|dtmp_p,CatPred,True,
ecoli|GMPtex_reverse_num1|g1|gmp_p,CatPred,True,
ecoli|IMPtex_reverse_num1|g1|imp_p,CatPred,True,
ecoli|UMPtex_reverse_num1|g1|ump_p,CatPred,True,
ecoli|G1Ptex_reverse_num1|g1|g1p_p,CatPred,True,
ecoli|SKMtex_reverse_num1|g1|skm_p,CatPred,True,
ecoli|MNtex_reverse_num1|g1|mn2_p,CatPred,True,
ecoli|GAL1Ptex_reverse_num1|g1|gal1p_p,CatPred,True,
ecoli|O2Stex_reverse_num1|g1|o2s_p,CatPred,True,
ecoli|HOMtex_reverse_num1|g1|hom__L_p,CatPred,True,
ecoli|SO2tex_reverse_num1|g1|so2_p,CatPred,True,
ecoli|SO2tpp_reverse|g1|so2_c,CatPred,False,missing_sequence
ecoli|ACSERtex_reverse_num1|g1|acser_p,CatPred,True,
ecoli|IPDDI_reverse|g1|dmpp_c,CatPred,True,
ecoli|DURADx_reverse|g1|h_c,CatPred,False,missing_sequence;complex_not_supported_by_default
ecoli|DURADx_reverse|g1|nadh_c,CatPred,False,missing_sequence;complex_not_supported_by_default
ecoli|DURADx_reverse|g1|ura_c,CatPred,False,missing_sequence;complex_not_supported_by_default
ecoli|ECOAH7_reverse_num1|g1|h2o_c,CatPred,True,
ecoli|ECOAH7_reverse_num1|g1|hdd2coa_c,CatPred,True,
ecoli|LDH_D_reverse|g1|h_c,CatPred,True,
ecoli|LDH_D_reverse|g1|nadh_c,CatPred,True,
ecoli|LDH_D_reverse|g1|pyr_c,CatPred,True,
ecoli|ALAALAtex_reverse_num1|g1|alaala_p,CatPred,True,
ecoli|T2DECAI_reverse|g1|cdec3eACP_c,CatPred,True,
ecoli|MALtex_reverse_num1|g1|mal__L_p,CatPred,True,
ecoli|NO3tex_reverse_num1|g1|no3_p,CatPred,True,
ecoli|HEXt2rpp_reverse|g1|h_c,CatPred,True,
ecoli|HEXt2rpp_reverse|g1|hxa_c,CatPred,True,
ecoli|CLPNS180pp_reverse_num1|g1|clpn180_p,CatPred,False,missing_smiles
ecoli|CLPNS180pp_reverse_num1|g1|glyc_p,CatPred,True,
ecoli|CLPNS181pp_reverse_num1|g1|clpn181_p,CatPred,True,
ecoli|CLPNS181pp_reverse_num1|g1|glyc_p,CatPred,True,
ecoli|CLPNS120pp_reverse_num1|g1|clpn120_p,CatPred,False,missing_smiles
ecoli|CLPNS120pp_reverse_num1|g1|glyc_p,CatPred,True,
ecoli|CLPNS160pp_reverse_num1|g1|clpn160_p,CatPred,True,
ecoli|CLPNS160pp_reverse_num1|g1|glyc_p,CatPred,True,
ecoli|CLPNS161pp_reverse_num1|g1|clpn161_p,CatPred,True,
ecoli|CLPNS161pp_reverse_num1|g1|glyc_p,CatPred,True,
ecoli|HPYRI_reverse|g1|2h3oppan_c,CatPred,True,
ecoli|GSNtex_reverse_num1|g1|gsn_p,CatPred,True,
ecoli|FORtex_reverse_num1|g1|for_p,CatPred,True,
ecoli|D_LACt2pp_reverse_num1|g1|h_c,CatPred,True,
ecoli|D_LACt2pp_reverse_num1|g1|lac__D_c,CatPred,True,
ecoli|RIBtex_reverse_num1|g1|rib__D_p,CatPred,True,
ecoli|THMtex_reverse_num1|g1|thm_p,CatPred,True,
ecoli|XYLUtex_reverse_num1|g1|xylu__L_p,CatPred,True,
ecoli|ALLtex_reverse_num1|g1|all__D_p,CatPred,True,
ecoli|34dhpactex_reverse_num1|g1|34dhpac_p,CatPred,True,
ecoli|H2tpp_reverse|g1|h2_c,CatPred,False,missing_sequence
ecoli|23DAPPAtex_reverse_num1|g1|23dappa_p,CatPred,True,
ecoli|PHEt2rpp_reverse_num1|g1|h_c,CatPred,True,
ecoli|PHEt2rpp_reverse_num1|g1|phe__L_c,CatPred,True,
ecoli|GUI2_reverse|g1|tagur_c,CatPred,True,
ecoli|GLCtex_copy2_reverse_num1|g1|glc__D_p,CatPred,True,
ecoli|3OAR120_reverse|g1|3hddecACP_c,CatPred,True,
ecoli|3OAR120_reverse|g1|nadp_c,CatPred,True,
ecoli|PPALtex_reverse_num1|g1|ppal_p,CatPred,True,
ecoli|CA2tex_reverse_num1|g1|ca2_p,CatPred,True,
ecoli|CUtex_reverse_num1|g1|cu_p,CatPred,True,
ecoli|12PPDRtex_reverse_num1|g1|12ppd__R_p,CatPred,True,
ecoli|F6Ptex_reverse_num1|g1|f6p_p,CatPred,True,
ecoli|GAMAN6Ptex_reverse_num1|g1|gam6p_p,CatPred,True,
ecoli|ACONIs_reverse|g1|acon_C_c,CatPred,False,missing_sequence
ecoli|ACONTb_reverse_num1|g1|icit_c,CatPred,True,
ecoli|PROGLYtex_reverse_num1|g1|progly_p,CatPred,True,
ecoli|MICITDr_reverse|g1|micit_c,CatPred,True,
ecoli|ACONTa_reverse_num1|g1|acon_C_c,CatPred,True,
ecoli|ACONTa_reverse_num1|g1|h2o_c,CatPred,True,
ecoli|3OAR140_reverse|g1|3hmrsACP_c,CatPred,False,missing_smiles
ecoli|3OAR140_reverse|g1|nadp_c,CatPred,True,
ecoli|3OAR160_reverse|g1|3hpalmACP_c,CatPred,False,missing_smiles
ecoli|3OAR160_reverse|g1|nadp_c,CatPred,True,
ecoli|CLPNS140pp_reverse_num1|g1|clpn140_p,CatPred,True,
ecoli|CLPNS140pp_reverse_num1|g1|glyc_p,CatPred,True,
ecoli|CLPNS141pp_reverse_num1|g1|clpn141_p,CatPred,False,missing_smiles
ecoli|CLPNS141pp_reverse_num1|g1|glyc_p,CatPred,True,
ecoli|CGLYtex_reverse_num1|g1|cgly_p,CatPred,True,
ecoli|3OAR60_reverse|g1|3hhexACP_c,CatPred,True,
ecoli|3OAR60_reverse|g1|nadp_c,CatPred,True,
ecoli|3OAR80_reverse|g1|3hoctACP_c,CatPred,False,missing_smiles
ecoli|3OAR80_reverse|g1|nadp_c,CatPred,True,
ecoli|GTHOXtex_reverse_num1|g1|gthox_p,CatPred,True,
ecoli|3OAR40_reverse|g1|3haACP_c,CatPred,True,
ecoli|3OAR40_reverse|g1|nadp_c,CatPred,True,
ecoli|3OAR100_reverse|g1|3hdecACP_c,CatPred,False,missing_smiles
ecoli|3OAR100_reverse|g1|nadp_c,CatPred,True,
ecoli|3OAR180_reverse|g1|3hoctaACP_c,CatPred,True,
ecoli|3OAR180_reverse|g1|nadp_c,CatPred,True,
ecoli|GTHRDtex_reverse_num1|g1|gthrd_p,CatPred,True,
ecoli|FRULYSE_reverse|g1|frulys_c,CatPred,True,
ecoli|TUNGStex_reverse_num1|g1|tungs_p,CatPred,True,
ecoli|CAt6pp_reverse|g1|ca2_p,CatPred,True,
ecoli|CAt6pp_reverse|g1|na1_c,CatPred,True,
ecoli|5DGLCNt2rpp_reverse|g1|5dglcn_c,CatPred,True,
ecoli|5DGLCNt2rpp_reverse|g1|h_c,CatPred,True,
ecoli|GALCTNLtex_reverse_num1|g1|galctn__L_p,CatPred,True,
ecoli|MALDtex_reverse_num1|g1|mal__D_p,CatPred,True,
ecoli|OROTtex_reverse_num1|g1|orot_p,CatPred,True,
ecoli|5DGLCNtex_reverse_num1|g1|5dglcn_p,CatPred,True,
ecoli|PPAtex_reverse_num1|g1|ppa_p,CatPred,True,
ecoli|PSCLYStex_reverse_num1|g1|psclys_p,CatPred,True,
ecoli|THYMtex_reverse_num1|g1|thym_p,CatPred,True,
ecoli|POR5_reverse_num1|g1|accoa_c,CatPred,False,missing_sequence;complex_not_supported_by_default
ecoli|POR5_reverse_num1|g1|co2_c,CatPred,False,missing_sequence;complex_not_supported_by_default
ecoli|POR5_reverse_num1|g1|flxr_c,CatPred,False,missing_sequence;missing_smiles;complex_not_supported_by_default
ecoli|POR5_reverse_num1|g1|h_c,CatPred,False,missing_sequence;complex_not_supported_by_default
ecoli|HACD8_reverse_num1|g1|3hodcoa_c,CatPred,True,
ecoli|HACD8_reverse_num1|g1|nad_c,CatPred,True,
ecoli|CTECOAI8_reverse|g1|od2coa_c,CatPred,True,
ecoli|CTECOAI6_reverse|g1|td2coa_c,CatPred,True,
ecoli|RFAMPtex_reverse|g1|rfamp_p,CatPred,False,missing_sequence
ecoli|MINCYCtex_reverse_num1|g1|mincyc_p,CatPred,True,
ecoli|DOXRBCNtex_reverse_num1|g1|doxrbcn_p,CatPred,True,
ecoli|ETOHtrpp_reverse|g1|etoh_c,CatPred,False,missing_sequence
ecoli|REPHACCOAI_reverse|g1|2oxpaccoa_c,CatPred,True,
ecoli|DHNPTE_reverse|g1|dhmpt_c,CatPred,False,missing_smiles
ecoli|CMtex_reverse_num1|g1|cm_p,CatPred,True,
ecoli|LALALGLUtex_reverse_num1|g1|LalaLglu_p,CatPred,True,
ecoli|5MTRtex_reverse_num1|g1|5mtr_p,CatPred,True,
ecoli|LALADGLUtex_reverse_num1|g1|LalaDglu_p,CatPred,True,
ecoli|3HPPtex_reverse_num1|g1|3hpp_p,CatPred,True,
ecoli|FUSAtex_reverse_num1|g1|fusa_p,CatPred,True,
ecoli|NOVBCNtex_reverse|g1|novbcn_p,CatPred,False,missing_sequence
ecoli|QUIN2tex_reverse_num1|g1|quin_p,CatPred,True,
ecoli|FORCT_reverse|g1|for_c,CatPred,True,
ecoli|FORCT_reverse|g1|oxalcoa_c,CatPred,True,
ecoli|HADPCOADH3_reverse|g1|h_c,CatPred,True,
ecoli|HADPCOADH3_reverse|g1|nadh_c,CatPred,True,
ecoli|HADPCOADH3_reverse|g1|oxadpcoa_c,CatPred,True,
ecoli|CTECOAI7_reverse|g1|hdd2coa_c,CatPred,True,
ecoli|MEOHtrpp_reverse|g1|meoh_c,CatPred,False,missing_sequence
ecoli|SELtex_reverse_num1|g1|sel_p,CatPred,True,
ecoli|MEOHtex_reverse_num1|g1|meoh_p,CatPred,True,
ecoli|TTRCYCtex_reverse_num1|g1|ttrcyc_p,CatPred,True,
ecoli|DHACOAH_reverse|g1|3hadpcoa_c,CatPred,True,
ecoli|SLNTtex_reverse_num1|g1|slnt_p,CatPred,True,
ecoli|ALDD19xr_reverse|g1|h_c,CatPred,True,
ecoli|ALDD19xr_reverse|g1|nadh_c,CatPred,True,
ecoli|ALDD19xr_reverse|g1|pac_c,CatPred,True,
ecoli|VPAMTr_reverse|g1|pyr_c,CatPred,True,
ecoli|VPAMTr_reverse|g1|val__L_c,CatPred,True,
ecoli|TARTRDtex_reverse_num1|g1|tartr__D_p,CatPred,True,
ecoli|BTNtex_reverse_num1|g1|btn_p,CatPred,True,
ecoli|DMSOtpp_reverse|g1|dmso_c,CatPred,False,missing_sequence
ecoli|PYDXtex_reverse_num1|g1|pydx_p,CatPred,True,
ecoli|SUCASPtpp_reverse_num1|g1|asp__L_c,CatPred,True,
ecoli|SUCASPtpp_reverse_num1|g1|succ_p,CatPred,True,
ecoli|SUCMALtpp_reverse_num1|g1|mal__L_c,CatPred,True,
ecoli|SUCMALtpp_reverse_num1|g1|succ_p,CatPred,True,
ecoli|PYDXNtex_reverse_num1|g1|pydxn_p,CatPred,True,
ecoli|PYDAMtex_reverse_num1|g1|pydam_p,CatPred,True,
ecoli|13PPDH2_reverse|g1|13ppd_c,CatPred,True,
ecoli|13PPDH2_reverse|g1|nadp_c,CatPred,True,
ecoli|SUCTARTtpp_reverse|g1|succ_p,CatPred,True,
ecoli|SUCTARTtpp_reverse|g1|tartr__D_c,CatPred,True,
ecoli|CHTBStex_reverse_num1|g1|chtbs_p,CatPred,True,
ecoli|GHBDHx_reverse|g1|ghb_c,CatPred,True,
ecoli|GHBDHx_reverse|g1|nad_c,CatPred,True,
ecoli|APPLDHr_reverse|g1|appl_c,CatPred,True,
ecoli|APPLDHr_reverse|g1|nad_c,CatPred,True,
ecoli|DHNPA2r_reverse|g1|6hmhpt_c,CatPred,True,
ecoli|DHNPA2r_reverse|g1|gcald_c,CatPred,True,
ecoli|CRNDtex_reverse_num1|g1|crn__D_p,CatPred,True,
ecoli|NADHXE_reverse|g1|nadhx__R_c,CatPred,True,
ecoli|NADPHXE_reverse|g1|nadphx__S_c,CatPred,True,
ecoli|2DDARAA_reverse_num1|g1|gcald_c,CatPred,True,
ecoli|2DDARAA_reverse_num1|g1|pyr_c,CatPred,True,
ecoli|DXYLONtex_reverse_num1|g1|dxylnt_p,CatPred,True,
ecoli|PSURItex_reverse_num1|g1|psuri_p,CatPred,True,
ecoli|DHPStex_reverse|g1|dhps_p,CatPred,True,
ecoli|FMNtex_reverse_num1|g1|fmn_e,CatPred,True,
ecoli|CLBtex_reverse_num1|g1|cellb_p,CatPred,True,
ecoli|ACOXT_reverse|g1|ac_c,CatPred,True,
ecoli|ACOXT_reverse|g1|oxalcoa_c,CatPred,True,
ecoli|4ABZGLUH_reverse|g1|4abz_c,CatPred,False,missing_sequence;complex_not_supported_by_default
ecoli|4ABZGLUH_reverse|g1|glu__L_c,CatPred,False,missing_sequence;complex_not_supported_by_default
ecoli|4ABZGLUtr_reverse|g1|4abzglu_c,CatPred,True,
ecoli|4ABZGLUtr_reverse|g1|h_c,CatPred,True,
ecoli|5DKGR_reverse_num1|g1|5dglcn_c,CatPred,True,
ecoli|5DKGR_reverse_num1|g1|h_c,CatPred,True,
ecoli|5DKGR_reverse_num1|g1|nadh_c,CatPred,True,
ecoli|GLYtpp_reverse|g1|gly_p,CatPred,True,
ecoli|FADtex_reverse_num1|g1|fad_e,CatPred,True,
ecoli|LKDRA_reverse|g1|lald__L_c,CatPred,True,
ecoli|LKDRA_reverse|g1|pyr_c,CatPred,True,
ecoli|METNA_reverse|g1|acmet_c,CatPred,True,
ecoli|METNA_reverse|g1|coa_c,CatPred,True,
ecoli|METNA_reverse|g1|h_c,CatPred,True,
ecoli|2DGLCtex_reverse_num1|g1|2dglc_p,CatPred,True,
ecoli|PUACGAMS_reverse|g1|uacgam_c,CatPred,False,missing_sequence;complex_not_supported_by_default
ecoli|SQtex_reverse|g1|sq_p,CatPred,True,
ecoli|URATEtex_reverse_num1|g1|urate_p,CatPred,True,
ecoli|ARHGDx_reverse|g1|akg_c,CatPred,True,
ecoli|ARHGDx_reverse|g1|h_c,CatPred,True,
ecoli|ARHGDx_reverse|g1|nadh_c,CatPred,True,
ecoli|Ftex_reverse_num1|g1|f_e,CatPred,True,
ecoli|CYSItex_reverse_num1|g1|cysi__L_p,CatPred,True,
ecoli|CS1tex_reverse_num1|g1|cs1_p,CatPred,True,
ecoli|MEPNtex_reverse_num1|g1|mepn_p,CatPred,True,
ecoli|UDPGPT_reverse|g1|udcpgl_c,CatPred,True,
ecoli|UDPGPT_reverse|g1|ump_c,CatPred,True,
ecoli|4ABZGLUtex_reverse_num1|g1|4abzglu_p,CatPred,True,
ecoli|4HTHRA_reverse|g1|gcald_c,CatPred,True,
ecoli|4HTHRA_reverse|g1|gly_c,CatPred,True,
ecoli|METGLCURtex_reverse_num1|g1|metglcur_p,CatPred,False,missing_smiles
ecoli|AI2tex_reverse_num1|g1|mththf_p,CatPred,True,
ecoli|ASPtpp_reverse|g1|asp__L_c,CatPred,True,
ecoli|FUMt1pp_reverse|g1|fum_c,CatPred,True,
ecoli|SUCCt1pp_reverse|g1|succ_c,CatPred,True,
ecoli|ALATA_D2_num2|g1|ala__D_c,CatPred,True,
ecoli|ALATA_D2_num2|g1|pydx5p_c,CatPred,True,
ecoli|G3PD5_num2|g1|glyc3p_c,CatPred,True,
ecoli|G3PD5_num2|g1|q8_c,CatPred,True,
ecoli|LEUTAi_num2|g1|4mop_c,CatPred,True,
ecoli|LEUTAi_num2|g1|glu__L_c,CatPred,True,
ecoli|ALATA_L2_num2|g1|ala__L_c,CatPred,True,
ecoli|ALATA_L2_num2|g1|pydx5p_c,CatPred,True,
ecoli|ACP1_FMN_num2|g1|fmn_c,CatPred,True,
ecoli|ACP1_FMN_num2|g1|h2o_c,CatPred,True,
ecoli|ACP1_FMN_num3|g1|fmn_c,CatPred,True,
ecoli|ACP1_FMN_num3|g1|h2o_c,CatPred,True,
ecoli|HCO3E_num2|g1|co2_c,CatPred,True,
ecoli|HCO3E_num2|g1|h2o_c,CatPred,True,
ecoli|ECOAH4_num2|g1|3hdcoa_c,CatPred,True,
ecoli|HXPRT_num2|g1|hxan_c,CatPred,True,
ecoli|HXPRT_num2|g1|prpp_c,CatPred,True,
ecoli|NDPK5_num2|g1|atp_c,CatPred,True,
ecoli|NDPK5_num2|g1|dgdp_c,CatPred,True,
ecoli|ACALD_num2|g1|acald_c,CatPred,True,
ecoli|ACALD_num2|g1|coa_c,CatPred,True,
ecoli|ACALD_num2|g1|nad_c,CatPred,True,
ecoli|PPA_num2|g1|h2o_c,CatPred,True,
ecoli|PPA_num2|g1|ppi_c,CatPred,True,
ecoli|PPA_num3|g1|h2o_c,CatPred,True,
ecoli|PPA_num3|g1|ppi_c,CatPred,True,
ecoli|ALAR_num2|g1|ala__L_c,CatPred,True,
ecoli|ALATA_L_num2|g1|akg_c,CatPred,True,
ecoli|ALATA_L_num2|g1|ala__L_c,CatPred,True,
ecoli|XYLK_num2|g1|atp_c,CatPred,True,
ecoli|XYLK_num2|g1|xylu__D_c,CatPred,True,
ecoli|ASPTA_num2|g1|akg_c,CatPred,True,
ecoli|ASPTA_num2|g1|asp__L_c,CatPred,True,
ecoli|FBP_num2|g1|fdp_c,CatPred,True,
ecoli|FBP_num2|g1|h2o_c,CatPred,True,
ecoli|FBP_num3|g1|fdp_c,CatPred,True,
ecoli|FBP_num3|g1|h2o_c,CatPred,True,
ecoli|FBP_num4|g1|fdp_c,CatPred,True,
ecoli|FBP_num4|g1|h2o_c,CatPred,True,
ecoli|PYK_num2|g1|adp_c,CatPred,True,
ecoli|PYK_num2|g1|h_c,CatPred,True,
ecoli|PYK_num2|g1|pep_c,CatPred,True,
ecoli|A5PISO_num2|g1|ru5p__D_c,CatPred,True,
ecoli|ACHBS_num2|g1|2obut_c,CatPred,False,missing_sequence;complex_not_supported_by_default
ecoli|ACHBS_num2|g1|h_c,CatPred,False,missing_sequence;complex_not_supported_by_default
ecoli|ACHBS_num2|g1|pyr_c,CatPred,False,missing_sequence;complex_not_supported_by_default
ecoli|ACLS_num2|g1|h_c,CatPred,False,missing_sequence;complex_not_supported_by_default
ecoli|ACLS_num2|g1|pyr_c,CatPred,False,missing_sequence;complex_not_supported_by_default
ecoli|CHORM_num2|g1|chor_c,CatPred,True,
ecoli|ECOAH6_num2|g1|3htdcoa_c,CatPred,True,
ecoli|FBA_num2|g1|fdp_c,CatPred,True,
ecoli|TALA_num2|g1|g3p_c,CatPred,True,
ecoli|TALA_num2|g1|s7p_c,CatPred,True,
ecoli|TKT1_num2|g1|r5p_c,CatPred,True,
ecoli|TKT1_num2|g1|xu5p__D_c,CatPred,True,
ecoli|ALCD2x_num2|g1|etoh_c,CatPred,True,
ecoli|ALCD2x_num2|g1|nad_c,CatPred,True,
ecoli|ALDD2y_num2|g1|acald_c,CatPred,True,
ecoli|ALDD2y_num2|g1|h2o_c,CatPred,True,
ecoli|ALDD2y_num2|g1|nadp_c,CatPred,True,
ecoli|ALDD2y_num3|g1|acald_c,CatPred,True,
ecoli|ALDD2y_num3|g1|h2o_c,CatPred,True,
ecoli|ALDD2y_num3|g1|nadp_c,CatPred,True,
ecoli|ALDD2y_num4|g1|acald_c,CatPred,True,
ecoli|ALDD2y_num4|g1|h2o_c,CatPred,True,
ecoli|ALDD2y_num4|g1|nadp_c,CatPred,True,
ecoli|ALDD2y_num5|g1|acald_c,CatPred,True,
ecoli|ALDD2y_num5|g1|h2o_c,CatPred,True,
ecoli|ALDD2y_num5|g1|nadp_c,CatPred,True,
ecoli|NADDP_num2|g1|h2o_c,CatPred,True,
ecoli|NADDP_num2|g1|nad_c,CatPred,True,
ecoli|NMNAT_num2|g1|atp_c,CatPred,True,
ecoli|NMNAT_num2|g1|h_c,CatPred,True,
ecoli|NMNAT_num2|g1|nmn_c,CatPred,True,
ecoli|HMPK1_num2|g1|4ahmmp_c,CatPred,True,
ecoli|HMPK1_num2|g1|atp_c,CatPred,True,
ecoli|NDPK6_num2|g1|atp_c,CatPred,True,
ecoli|NDPK6_num2|g1|dudp_c,CatPred,True,
ecoli|NDPK8_num2|g1|atp_c,CatPred,True,
ecoli|NDPK8_num2|g1|dadp_c,CatPred,True,
ecoli|DURIPP_num2|g1|duri_c,CatPred,True,
ecoli|DURIPP_num2|g1|pi_c,CatPred,True,
ecoli|CYSDS_num2|g1|cys__L_c,CatPred,True,
ecoli|CYSDS_num2|g1|h2o_c,CatPred,True,
ecoli|NDP3_num2|g1|gdp_c,CatPred,True,
ecoli|NDP3_num2|g1|h2o_c,CatPred,True,
ecoli|PMDPHT_num2|g1|5aprbu_c,CatPred,True,
ecoli|PMDPHT_num2|g1|h2o_c,CatPred,True,
ecoli|G1PP_num2|g1|g1p_c,CatPred,True,
ecoli|G1PP_num2|g1|h2o_c,CatPred,True,
ecoli|G1PP_num3|g1|g1p_c,CatPred,True,
ecoli|G1PP_num3|g1|h2o_c,CatPred,True,
ecoli|PFL_num2|g1|coa_c,CatPred,False,missing_sequence;complex_not_supported_by_default
ecoli|PFL_num2|g1|pyr_c,CatPred,False,missing_sequence;complex_not_supported_by_default
ecoli|PFL_num3|g1|coa_c,CatPred,False,missing_sequence;complex_not_supported_by_default
ecoli|PFL_num3|g1|pyr_c,CatPred,False,missing_sequence;complex_not_supported_by_default
ecoli|PFL_num4|g1|coa_c,CatPred,False,missing_sequence;complex_not_supported_by_default
ecoli|PFL_num4|g1|pyr_c,CatPred,False,missing_sequence;complex_not_supported_by_default
ecoli|PTAr_num2|g1|accoa_c,CatPred,True,
ecoli|PTAr_num2|g1|pi_c,CatPred,True,
ecoli|ACKr_num2|g1|ac_c,CatPred,True,
ecoli|ACKr_num2|g1|atp_c,CatPred,True,
ecoli|ACKr_num3|g1|ac_c,CatPred,True,
ecoli|ACKr_num3|g1|atp_c,CatPred,True,
ecoli|NTPP1_num2|g1|dgtp_c,CatPred,True,
ecoli|NTPP1_num2|g1|h2o_c,CatPred,True,
ecoli|NTPP2_num2|g1|gtp_c,CatPred,True,
ecoli|NTPP2_num2|g1|h2o_c,CatPred,True,
ecoli|IPMD_num2|g1|3c2hmp_c,CatPred,True,
ecoli|IPMD_num2|g1|nad_c,CatPred,True,
ecoli|PUNP5_num2|g1|ins_c,CatPred,True,
ecoli|PUNP5_num2|g1|pi_c,CatPred,True,
ecoli|PUNP6_num2|g1|din_c,CatPred,True,
ecoli|PUNP6_num2|g1|pi_c,CatPred,True,
ecoli|RNDR1_num2|g1|adp_c,CatPred,False,missing_sequence;complex_not_supported_by_default
ecoli|RNDR1_num2|g1|trdrd_c,CatPred,False,missing_sequence;complex_not_supported_by_default
ecoli|RNDR3_num2|g1|cdp_c,CatPred,False,missing_sequence;complex_not_supported_by_default
ecoli|RNDR3_num2|g1|trdrd_c,CatPred,False,missing_sequence;complex_not_supported_by_default
ecoli|RNDR4_num2|g1|trdrd_c,CatPred,False,missing_sequence;complex_not_supported_by_default
ecoli|RNDR4_num2|g1|udp_c,CatPred,False,missing_sequence;complex_not_supported_by_default
ecoli|PUNP3_num2|g1|gsn_c,CatPred,True,
ecoli|PUNP3_num2|g1|pi_c,CatPred,True,
ecoli|NADH9_num2|g1|2dmmq8_c,CatPred,True,
ecoli|NADH9_num2|g1|h_c,CatPred,True,
ecoli|NADH9_num2|g1|nadh_c,CatPred,True,
ecoli|NADH9_num3|g1|2dmmq8_c,CatPred,True,
ecoli|NADH9_num3|g1|h_c,CatPred,True,
ecoli|NADH9_num3|g1|nadh_c,CatPred,True,
ecoli|NADH9_num4|g1|2dmmq8_c,CatPred,True,
ecoli|NADH9_num4|g1|h_c,CatPred,True,
ecoli|NADH9_num4|g1|nadh_c,CatPred,True,
ecoli|NADH10_num2|g1|h_c,CatPred,True,
ecoli|NADH10_num2|g1|mqn8_c,CatPred,True,
ecoli|NADH10_num2|g1|nadh_c,CatPred,True,
ecoli|NADH10_num3|g1|h_c,CatPred,True,
ecoli|NADH10_num3|g1|mqn8_c,CatPred,True,
ecoli|NADH10_num3|g1|nadh_c,CatPred,True,
ecoli|NADH10_num4|g1|h_c,CatPred,True,
ecoli|NADH10_num4|g1|mqn8_c,CatPred,True,
ecoli|NADH10_num4|g1|nadh_c,CatPred,True,
ecoli|FUM_num2|g1|fum_c,CatPred,True,
ecoli|FUM_num2|g1|h2o_c,CatPred,True,
ecoli|FUM_num3|g1|fum_c,CatPred,True,
ecoli|FUM_num3|g1|h2o_c,CatPred,True,
ecoli|GLCP_num2|g1|glycogen_c,CatPred,True,
ecoli|GLCP_num2|g1|pi_c,CatPred,True,
ecoli|HACD5_num2|g1|3oddcoa_c,CatPred,True,
ecoli|HACD5_num2|g1|h_c,CatPred,True,
ecoli|HACD5_num2|g1|nadh_c,CatPred,True,
ecoli|ABTA_num2|g1|4abut_c,CatPred,True,
ecoli|ABTA_num2|g1|akg_c,CatPred,True,
ecoli|SERD_L_num2|g1|ser__L_c,CatPred,True,
ecoli|SERD_L_num3|g1|ser__L_c,CatPred,True,
ecoli|SERD_L_num4|g1|ser__L_c,CatPred,True,
ecoli|SERD_L_num5|g1|ser__L_c,CatPred,True,
ecoli|THRD_num2|g1|nad_c,CatPred,True,
ecoli|THRD_num2|g1|thr__L_c,CatPred,True,
ecoli|RBP4E_num2|g1|ru5p__L_c,CatPred,True,
ecoli|RBP4E_num3|g1|ru5p__L_c,CatPred,True,
ecoli|NTD2_num2|g1|h2o_c,CatPred,True,
ecoli|NTD2_num2|g1|ump_c,CatPred,True,
ecoli|NTD2_num3|g1|h2o_c,CatPred,True,
ecoli|NTD2_num3|g1|ump_c,CatPred,True,
ecoli|NTD4_num2|g1|cmp_c,CatPred,True,
ecoli|NTD4_num2|g1|h2o_c,CatPred,True,
ecoli|NTD5_num2|g1|dtmp_c,CatPred,True,
ecoli|NTD5_num2|g1|h2o_c,CatPred,True,
ecoli|NTD5_num3|g1|dtmp_c,CatPred,True,
ecoli|NTD5_num3|g1|h2o_c,CatPred,True,
ecoli|NTD5_num4|g1|dtmp_c,CatPred,True,
ecoli|NTD5_num4|g1|h2o_c,CatPred,True,
ecoli|NTD6_num2|g1|damp_c,CatPred,True,
ecoli|NTD6_num2|g1|h2o_c,CatPred,True,
ecoli|NTD6_num3|g1|damp_c,CatPred,True,
ecoli|NTD6_num3|g1|h2o_c,CatPred,True,
ecoli|PYDXPP_num2|g1|h2o_c,CatPred,True,
ecoli|PYDXPP_num2|g1|pydx5p_c,CatPred,True,
ecoli|PYDXPP_num3|g1|h2o_c,CatPred,True,
ecoli|PYDXPP_num3|g1|pydx5p_c,CatPred,True,
ecoli|PYDXPP_num4|g1|h2o_c,CatPred,True,
ecoli|PYDXPP_num4|g1|pydx5p_c,CatPred,True,
ecoli|HACD6_num2|g1|3otdcoa_c,CatPred,True,
ecoli|HACD6_num2|g1|h_c,CatPred,True,
ecoli|HACD6_num2|g1|nadh_c,CatPred,True,
ecoli|ECOAH1_num2|g1|3hbcoa_c,CatPred,True,
ecoli|ECOAH2_num2|g1|3hhcoa_c,CatPred,True,
ecoli|ECOAH3_num2|g1|3hocoa_c,CatPred,True,
ecoli|G3PT_num2|g1|glyc3p_c,CatPred,True,
ecoli|G3PT_num2|g1|h2o_c,CatPred,True,
ecoli|PYDXK_num2|g1|atp_c,CatPred,True,
ecoli|PYDXK_num2|g1|pydx_c,CatPred,True,
ecoli|ALCD19_num2|g1|glyald_c,CatPred,True,
ecoli|ALCD19_num2|g1|h_c,CatPred,True,
ecoli|ALCD19_num2|g1|nadh_c,CatPred,True,
ecoli|TGBPA_num2|g1|tagdp__D_c,CatPred,False,missing_sequence;complex_not_supported_by_default
ecoli|KAS14_num2|g1|acACP_c,CatPred,True,
ecoli|KAS14_num2|g1|h_c,CatPred,True,
ecoli|KAS14_num2|g1|malACP_c,CatPred,True,
ecoli|HACD4_num2|g1|3odcoa_c,CatPred,True,
ecoli|HACD4_num2|g1|h_c,CatPred,True,
ecoli|HACD4_num2|g1|nadh_c,CatPred,True,
ecoli|HACD7_num2|g1|3ohdcoa_c,CatPred,True,
ecoli|HACD7_num2|g1|h_c,CatPred,True,
ecoli|HACD7_num2|g1|nadh_c,CatPred,True,
ecoli|DMSOR1_num2|g1|dmso_c,CatPred,False,missing_sequence;complex_not_supported_by_default
ecoli|DMSOR1_num2|g1|mql8_c,CatPred,False,missing_sequence;complex_not_supported_by_default
ecoli|NTD9_num2|g1|gmp_c,CatPred,True,
ecoli|NTD9_num2|g1|h2o_c,CatPred,True,
ecoli|NTD9_num3|g1|gmp_c,CatPred,True,
ecoli|NTD9_num3|g1|h2o_c,CatPred,True,
ecoli|NTD9_num4|g1|gmp_c,CatPred,True,
ecoli|NTD9_num4|g1|h2o_c,CatPred,True,
ecoli|CAT_num2|g1|h2o2_c,CatPred,True,
ecoli|AB6PGH_num2|g1|arbt6p_c,CatPred,True,
ecoli|AB6PGH_num2|g1|h2o_c,CatPred,True,
ecoli|AB6PGH_num3|g1|arbt6p_c,CatPred,True,
ecoli|AB6PGH_num3|g1|h2o_c,CatPred,True,
ecoli|UDCPDP_num2|g1|h2o_c,CatPred,True,
ecoli|UDCPDP_num2|g1|udcpdp_c,CatPred,True,
ecoli|UDCPDP_num3|g1|h2o_c,CatPred,True,
ecoli|UDCPDP_num3|g1|udcpdp_c,CatPred,True,
ecoli|HACD1_num2|g1|aacoa_c,CatPred,True,
ecoli|HACD1_num2|g1|h_c,CatPred,True,
ecoli|HACD1_num2|g1|nadh_c,CatPred,True,
ecoli|HACD2_num2|g1|3ohcoa_c,CatPred,True,
ecoli|HACD2_num2|g1|h_c,CatPred,True,
ecoli|HACD2_num2|g1|nadh_c,CatPred,True,
ecoli|ACACCT_num2|g1|acac_c,CatPred,True,
ecoli|ACACCT_num2|g1|accoa_c,CatPred,True,
ecoli|G1PTT_num2|g1|dttp_c,CatPred,True,
ecoli|G1PTT_num2|g1|g1p_c,CatPred,True,
ecoli|G1PTT_num2|g1|h_c,CatPred,True,
ecoli|TDPGDH_num2|g1|dtdpglu_c,CatPred,True,
ecoli|NDPK7_num2|g1|atp_c,CatPred,True,
ecoli|NDPK7_num2|g1|dcdp_c,CatPred,True,
ecoli|NDPK2_num2|g1|atp_c,CatPred,True,
ecoli|NDPK2_num2|g1|udp_c,CatPred,True,
ecoli|NDPK3_num2|g1|atp_c,CatPred,True,
ecoli|NDPK3_num2|g1|cdp_c,CatPred,True,
ecoli|NDPK4_num2|g1|atp_c,CatPred,True,
ecoli|NDPK4_num2|g1|dtdp_c,CatPred,True,
ecoli|FCLT_num2|g1|fe2_c,CatPred,True,
ecoli|FCLT_num2|g1|ppp9_c,CatPred,True,
ecoli|FCLT_num3|g1|fe2_c,CatPred,True,
ecoli|FCLT_num3|g1|ppp9_c,CatPred,True,
ecoli|TMAOR1_num2|g1|h_c,CatPred,False,missing_sequence;complex_not_supported_by_default
ecoli|TMAOR1_num2|g1|mql8_c,CatPred,False,missing_sequence;complex_not_supported_by_default
ecoli|TMAOR1_num2|g1|tmao_c,CatPred,False,missing_sequence;complex_not_supported_by_default
ecoli|NDPK1_num2|g1|atp_c,CatPred,True,
ecoli|NDPK1_num2|g1|gdp_c,CatPred,True,
ecoli|TRDR_num2|g1|h_c,CatPred,False,missing_sequence;complex_not_supported_by_default
ecoli|TRDR_num2|g1|nadph_c,CatPred,False,missing_sequence;complex_not_supported_by_default
ecoli|TRDR_num2|g1|trdox_c,CatPred,False,missing_sequence;complex_not_supported_by_default
ecoli|PGMT_num2|g1|g1p_c,CatPred,True,
ecoli|PGMT_num3|g1|g1p_c,CatPred,True,
ecoli|KG6PDC_num2|g1|3dhgulnp_c,CatPred,True,
ecoli|KG6PDC_num2|g1|h_c,CatPred,True,
ecoli|X5PL3E_num2|g1|xu5p__L_c,CatPred,True,
ecoli|DKGLCNR1_num2|g1|25dkglcn_c,CatPred,True,
ecoli|DKGLCNR1_num2|g1|h_c,CatPred,True,
ecoli|DKGLCNR1_num2|g1|nadph_c,CatPred,True,
ecoli|FMNRx2_num2|g1|fmn_c,CatPred,True,
ecoli|FMNRx2_num2|g1|h_c,CatPred,True,
ecoli|FMNRx2_num2|g1|nadph_c,CatPred,True,
ecoli|FMNRx2_num3|g1|fmn_c,CatPred,True,
ecoli|FMNRx2_num3|g1|h_c,CatPred,True,
ecoli|FMNRx2_num3|g1|nadph_c,CatPred,True,
ecoli|ACPS1_num2|g1|apoACP_c,CatPred,False,missing_smiles
ecoli|ACPS1_num2|g1|coa_c,CatPred,True,
ecoli|ADCL_num2|g1|4adcho_c,CatPred,True,
ecoli|UMPK_num2|g1|atp_c,CatPred,True,
ecoli|UMPK_num2|g1|ump_c,CatPred,True,
ecoli|NTD1_num2|g1|dump_c,CatPred,True,
ecoli|NTD1_num2|g1|h2o_c,CatPred,True,
ecoli|NTD1_num3|g1|dump_c,CatPred,True,
ecoli|NTD1_num3|g1|h2o_c,CatPred,True,
ecoli|NTD1_num4|g1|dump_c,CatPred,True,
ecoli|NTD1_num4|g1|h2o_c,CatPred,True,
ecoli|NTD7_num2|g1|amp_c,CatPred,True,
ecoli|NTD7_num2|g1|h2o_c,CatPred,True,
ecoli|NTD7_num3|g1|amp_c,CatPred,True,
ecoli|NTD7_num3|g1|h2o_c,CatPred,True,
ecoli|NTD7_num4|g1|amp_c,CatPred,True,
ecoli|NTD7_num4|g1|h2o_c,CatPred,True,
ecoli|F6PA_num2|g1|f6p_c,CatPred,True,
ecoli|GLYCLTDx_num2|g1|glx_c,CatPred,True,
ecoli|GLYCLTDx_num2|g1|h_c,CatPred,True,
ecoli|GLYCLTDx_num2|g1|nadh_c,CatPred,True,
ecoli|HPYRRy_num2|g1|h_c,CatPred,True,
ecoli|HPYRRy_num2|g1|hpyr_c,CatPred,True,
ecoli|HPYRRy_num2|g1|nadph_c,CatPred,True,
ecoli|ASNN_num2|g1|asn__L_c,CatPred,True,
ecoli|ASNN_num2|g1|h2o_c,CatPred,True,
ecoli|ASNS2_num2|g1|asp__L_c,CatPred,True,
ecoli|ASNS2_num2|g1|atp_c,CatPred,True,
ecoli|ASNS2_num2|g1|nh4_c,CatPred,True,
ecoli|ASPCT_num2|g1|asp__L_c,CatPred,True,
ecoli|ASPCT_num2|g1|cbp_c,CatPred,True,
ecoli|SDPTA_num2|g1|akg_c,CatPred,True,
ecoli|SDPTA_num2|g1|sl26da_c,CatPred,True,
ecoli|SDPTA_num3|g1|akg_c,CatPred,True,
ecoli|SDPTA_num3|g1|sl26da_c,CatPred,True,
ecoli|SDPTA_num4|g1|akg_c,CatPred,True,
ecoli|SDPTA_num4|g1|sl26da_c,CatPred,True,
ecoli|SDPTA_num5|g1|akg_c,CatPred,True,
ecoli|SDPTA_num5|g1|sl26da_c,CatPred,True,
ecoli|DDPA_num2|g1|e4p_c,CatPred,True,
ecoli|DDPA_num2|g1|h2o_c,CatPred,True,
ecoli|DDPA_num2|g1|pep_c,CatPred,True,
ecoli|DDPA_num3|g1|e4p_c,CatPred,True,
ecoli|DDPA_num3|g1|h2o_c,CatPred,True,
ecoli|DDPA_num3|g1|pep_c,CatPred,True,
ecoli|MALS_num2|g1|accoa_c,CatPred,True,
ecoli|MALS_num2|g1|glx_c,CatPred,True,
ecoli|MALS_num2|g1|h2o_c,CatPred,True,
ecoli|ADPRDP_num2|g1|adprib_c,CatPred,True,
ecoli|ADPRDP_num2|g1|h2o_c,CatPred,True,
ecoli|FCLPA_num2|g1|fc1p_c,CatPred,True,
ecoli|ACCOAL_num2|g1|atp_c,CatPred,True,
ecoli|ACCOAL_num2|g1|coa_c,CatPred,True,
ecoli|ACCOAL_num2|g1|ppa_c,CatPred,True,
ecoli|HPYRRx_num2|g1|h_c,CatPred,True,
ecoli|HPYRRx_num2|g1|hpyr_c,CatPred,True,
ecoli|HPYRRx_num2|g1|nadh_c,CatPred,True,
ecoli|CYSS_num2|g1|acser_c,CatPred,True,
ecoli|CYSS_num2|g1|h2s_c,CatPred,True,
ecoli|PAPSR_num2|g1|paps_c,CatPred,False,missing_sequence;complex_not_supported_by_default
ecoli|PAPSR_num2|g1|trdrd_c,CatPred,False,missing_sequence;complex_not_supported_by_default
ecoli|ASPK_num2|g1|asp__L_c,CatPred,True,
ecoli|ASPK_num2|g1|atp_c,CatPred,True,
ecoli|ASPK_num3|g1|asp__L_c,CatPred,True,
ecoli|ASPK_num3|g1|atp_c,CatPred,True,
ecoli|CYTDH_num2|g1|cytd_c,CatPred,True,
ecoli|CYTDH_num2|g1|h2o_c,CatPred,True,
ecoli|CYTDH_num3|g1|cytd_c,CatPred,True,
ecoli|CYTDH_num3|g1|h2o_c,CatPred,True,
ecoli|SPODM_num2|g1|h_c,CatPred,True,
ecoli|SPODM_num2|g1|o2s_c,CatPred,True,
ecoli|NTPP4_num2|g1|ctp_c,CatPred,True,
ecoli|NTPP4_num2|g1|h2o_c,CatPred,True,
ecoli|NTPP3_num2|g1|dctp_c,CatPred,True,
ecoli|NTPP3_num2|g1|h2o_c,CatPred,True,
ecoli|NTPP3_num3|g1|dctp_c,CatPred,True,
ecoli|NTPP3_num3|g1|h2o_c,CatPred,True,
ecoli|NTPP6_num2|g1|atp_c,CatPred,True,
ecoli|NTPP6_num2|g1|h2o_c,CatPred,True,
ecoli|NTPP7_num2|g1|dttp_c,CatPred,True,
ecoli|NTPP7_num2|g1|h2o_c,CatPred,True,
ecoli|NTPP7_num3|g1|dttp_c,CatPred,True,
ecoli|NTPP7_num3|g1|h2o_c,CatPred,True,
ecoli|NTPP8_num2|g1|h2o_c,CatPred,True,
ecoli|NTPP8_num2|g1|utp_c,CatPred,True,
ecoli|CYANST_num2|g1|cyan_c,CatPred,True,
ecoli|CYANST_num2|g1|tsul_c,CatPred,True,
ecoli|CYANST_num3|g1|cyan_c,CatPred,True,
ecoli|CYANST_num3|g1|tsul_c,CatPred,True,
ecoli|GLUN_num2|g1|gln__L_c,CatPred,True,
ecoli|GLUN_num2|g1|h2o_c,CatPred,True,
ecoli|OCBT_num2|g1|cbp_c,CatPred,True,
ecoli|OCBT_num2|g1|orn_c,CatPred,True,
ecoli|PHETA1_num2|g1|akg_c,CatPred,True,
ecoli|PHETA1_num2|g1|phe__L_c,CatPred,True,
ecoli|PHETA1_num3|g1|akg_c,CatPred,True,
ecoli|PHETA1_num3|g1|phe__L_c,CatPred,True,
ecoli|ACOTA_num2|g1|acorn_c,CatPred,True,
ecoli|ACOTA_num2|g1|akg_c,CatPred,True,
ecoli|ACOTA_num3|g1|acorn_c,CatPred,True,
ecoli|ACOTA_num3|g1|akg_c,CatPred,True,
ecoli|ACOTA_num4|g1|acorn_c,CatPred,True,
ecoli|ACOTA_num4|g1|akg_c,CatPred,True,
ecoli|NTP3_num2|g1|gtp_c,CatPred,True,
ecoli|NTP3_num2|g1|h2o_c,CatPred,True,
ecoli|NTP3_num3|g1|gtp_c,CatPred,True,
ecoli|NTP3_num3|g1|h2o_c,CatPred,True,
ecoli|NTP3_num4|g1|gtp_c,CatPred,True,
ecoli|NTP3_num4|g1|h2o_c,CatPred,True,
ecoli|NTP3_num5|g1|gtp_c,CatPred,True,
ecoli|NTP3_num5|g1|h2o_c,CatPred,True,
ecoli|NTP3_num6|g1|gtp_c,CatPred,True,
ecoli|NTP3_num6|g1|h2o_c,CatPred,True,
ecoli|NTP3_num7|g1|gtp_c,CatPred,True,
ecoli|NTP3_num7|g1|h2o_c,CatPred,True,
ecoli|NADH5_num2|g1|h_c,CatPred,True,
ecoli|NADH5_num2|g1|nadh_c,CatPred,True,
ecoli|NADH5_num2|g1|q8_c,CatPred,True,
ecoli|NADH5_num3|g1|h_c,CatPred,True,
ecoli|NADH5_num3|g1|nadh_c,CatPred,True,
ecoli|NADH5_num3|g1|q8_c,CatPred,True,
ecoli|NADH5_num4|g1|h_c,CatPred,True,
ecoli|NADH5_num4|g1|nadh_c,CatPred,True,
ecoli|NADH5_num4|g1|q8_c,CatPred,True,
ecoli|GLCRD_num2|g1|glcr_c,CatPred,True,
ecoli|CHRPL_num2|g1|chor_c,CatPred,True,
ecoli|GLUDC_num2|g1|glu__L_c,CatPred,True,
ecoli|GLUDC_num2|g1|h_c,CatPred,True,
ecoli|HSDy_num2|g1|hom__L_c,CatPred,True,
ecoli|HSDy_num2|g1|nadp_c,CatPred,True,
ecoli|CYSTL_num2|g1|cyst__L_c,CatPred,True,
ecoli|CYSTL_num2|g1|h2o_c,CatPred,True,
ecoli|SSALy_num2|g1|h2o_c,CatPred,True,
ecoli|SSALy_num2|g1|nadp_c,CatPred,True,
ecoli|SSALy_num2|g1|sucsal_c,CatPred,True,
ecoli|GLUtex_num2|g1|glu__L_e,CatPred,True,
ecoli|GLUtex_num3|g1|glu__L_e,CatPred,True,
ecoli|GLUtex_num4|g1|glu__L_e,CatPred,True,
ecoli|GLYtex_num2|g1|gly_e,CatPred,True,
ecoli|GLYtex_num3|g1|gly_e,CatPred,True,
ecoli|GLYtex_num4|g1|gly_e,CatPred,True,
ecoli|GLYALDtex_num2|g1|glyald_e,CatPred,True,
ecoli|GLYALDtex_num3|g1|glyald_e,CatPred,True,
ecoli|GLYALDtex_num4|g1|glyald_e,CatPred,True,
ecoli|GLYBtex_num2|g1|glyb_e,CatPred,True,
ecoli|GLYBtex_num3|g1|glyb_e,CatPred,True,
ecoli|GLYBtex_num4|g1|glyb_e,CatPred,True,
ecoli|GLYCtex_num2|g1|glyc_e,CatPred,True,
ecoli|GLYCtex_num3|g1|glyc_e,CatPred,True,
ecoli|GLYCtex_num4|g1|glyc_e,CatPred,True,
ecoli|GLYC3Ptex_num2|g1|glyc3p_e,CatPred,True,
ecoli|GLYC3Ptex_num3|g1|glyc3p_e,CatPred,True,
ecoli|GLYC3Ptex_num4|g1|glyc3p_e,CatPred,True,
ecoli|GLYCLTtex_num2|g1|glyclt_e,CatPred,True,
ecoli|GLYCLTtex_num3|g1|glyclt_e,CatPred,True,
ecoli|GLYCLTtex_num4|g1|glyclt_e,CatPred,True,
ecoli|GTPtex_num2|g1|gtp_e,CatPred,True,
ecoli|GTPtex_num3|g1|gtp_e,CatPred,True,
ecoli|GTPtex_num4|g1|gtp_e,CatPred,True,
ecoli|Htex_num2|g1|h_e,CatPred,True,
ecoli|Htex_num3|g1|h_e,CatPred,True,
ecoli|Htex_num4|g1|h_e,CatPred,True,
ecoli|H2tex_num2|g1|h2_e,CatPred,True,
ecoli|H2tex_num3|g1|h2_e,CatPred,True,
ecoli|H2tex_num4|g1|h2_e,CatPred,True,
ecoli|H2Otex_num2|g1|h2o_e,CatPred,True,
ecoli|H2Otex_num3|g1|h2o_e,CatPred,True,
ecoli|H2Otex_num4|g1|h2o_e,CatPred,True,
ecoli|H2Otex_num5|g1|h2o_e,CatPred,False,missing_sequence
ecoli|H2Otex_num6|g1|h2o_e,CatPred,True,
ecoli|H2Otex_num7|g1|h2o_e,CatPred,True,
ecoli|H2Otex_num8|g1|h2o_e,CatPred,True,
ecoli|FACOAL160t2pp_num2|g1|atp_c,CatPred,True,
ecoli|FACOAL160t2pp_num2|g1|coa_c,CatPred,True,
ecoli|FACOAL160t2pp_num2|g1|h_p,CatPred,True,
ecoli|FACOAL160t2pp_num2|g1|hdca_p,CatPred,True,
ecoli|FACOAL180t2pp_num2|g1|atp_c,CatPred,True,
ecoli|FACOAL180t2pp_num2|g1|coa_c,CatPred,True,
ecoli|FACOAL180t2pp_num2|g1|h_p,CatPred,True,
ecoli|FACOAL180t2pp_num2|g1|ocdca_p,CatPred,True,
ecoli|NO3R2pp_num2|g1|h_c,CatPred,False,missing_sequence;complex_not_supported_by_default
ecoli|NO3R2pp_num2|g1|mql8_c,CatPred,False,missing_sequence;complex_not_supported_by_default
ecoli|NO3R2pp_num2|g1|no3_c,CatPred,False,missing_sequence;complex_not_supported_by_default
ecoli|TMAOR1pp_num2|g1|h_p,CatPred,False,missing_sequence;complex_not_supported_by_default
ecoli|TMAOR1pp_num2|g1|mql8_c,CatPred,False,missing_sequence;complex_not_supported_by_default
ecoli|TMAOR1pp_num2|g1|tmao_p,CatPred,False,missing_sequence;complex_not_supported_by_default
ecoli|TMAOR2pp_num2|g1|2dmmql8_c,CatPred,False,missing_sequence;complex_not_supported_by_default
ecoli|TMAOR2pp_num2|g1|h_p,CatPred,False,missing_sequence;complex_not_supported_by_default
ecoli|TMAOR2pp_num2|g1|tmao_p,CatPred,False,missing_sequence;complex_not_supported_by_default
ecoli|DAPtex_num2|g1|15dap_e,CatPred,True,
ecoli|DAPtex_num3|g1|15dap_e,CatPred,True,
ecoli|DAPtex_num4|g1|15dap_e,CatPred,True,
ecoli|12PPDStex_num2|g1|12ppd__S_e,CatPred,True,
ecoli|12PPDStex_num3|g1|12ppd__S_e,CatPred,True,
ecoli|12PPDStex_num4|g1|12ppd__S_e,CatPred,True,
ecoli|DDGLCNtex_num2|g1|2ddglcn_e,CatPred,True,
ecoli|DDGLCNtex_num3|g1|2ddglcn_e,CatPred,True,
ecoli|DDGLCNtex_num4|g1|2ddglcn_e,CatPred,True,
ecoli|26DAHtex_num2|g1|26dap__M_e,CatPred,True,
ecoli|26DAHtex_num3|g1|26dap__M_e,CatPred,True,
ecoli|26DAHtex_num4|g1|26dap__M_e,CatPred,True,
ecoli|HCINNMtex_num2|g1|3hcinnm_e,CatPred,True,
ecoli|HCINNMtex_num3|g1|3hcinnm_e,CatPred,True,
ecoli|HCINNMtex_num4|g1|3hcinnm_e,CatPred,True,
ecoli|HPPPNtex_num2|g1|3hpppn_e,CatPred,True,
ecoli|HPPPNtex_num3|g1|3hpppn_e,CatPred,True,
ecoli|HPPPNtex_num4|g1|3hpppn_e,CatPred,True,
ecoli|ACtex_num2|g1|ac_e,CatPred,True,
ecoli|ACtex_num3|g1|ac_e,CatPred,True,
ecoli|ACtex_num4|g1|ac_e,CatPred,True,
ecoli|ACALDtex_num2|g1|acald_e,CatPred,True,
ecoli|ACALDtex_num3|g1|acald_e,CatPred,True,
ecoli|ACALDtex_num4|g1|acald_e,CatPred,True,
ecoli|ACMANAtex_num2|g1|acmana_e,CatPred,True,
ecoli|ACMANAtex_num3|g1|acmana_e,CatPred,True,
ecoli|ACMANAtex_num4|g1|acmana_e,CatPred,True,
ecoli|ACMUMtex_num2|g1|acmum_e,CatPred,True,
ecoli|ACMUMtex_num3|g1|acmum_e,CatPred,True,
ecoli|ACMUMtex_num4|g1|acmum_e,CatPred,True,
ecoli|ACACT7r_num2|g1|accoa_c,CatPred,True,
ecoli|ACACT7r_num2|g1|tdcoa_c,CatPred,True,
ecoli|ACACT2r_num2|g1|accoa_c,CatPred,True,
ecoli|ACACT2r_num2|g1|btcoa_c,CatPred,True,
ecoli|ACACT3r_num2|g1|accoa_c,CatPred,True,
ecoli|ACACT3r_num2|g1|hxcoa_c,CatPred,True,
ecoli|ACACT4r_num2|g1|accoa_c,CatPred,True,
ecoli|ACACT4r_num2|g1|occoa_c,CatPred,True,
ecoli|SUCCt2_2pp_num2|g1|h_p,CatPred,True,
ecoli|SUCCt2_2pp_num2|g1|succ_p,CatPred,True,
ecoli|SUCFUMtpp_num2|g1|fum_p,CatPred,True,
ecoli|SUCFUMtpp_num2|g1|succ_c,CatPred,True,
ecoli|SUCFUMtpp_num3|g1|fum_p,CatPred,True,
ecoli|SUCFUMtpp_num3|g1|succ_c,CatPred,True,
ecoli|SULabcpp_num2|g1|atp_c,CatPred,False,missing_sequence;complex_not_supported_by_default
ecoli|SULabcpp_num2|g1|h2o_c,CatPred,False,missing_sequence;complex_not_supported_by_default
ecoli|SULabcpp_num2|g1|so4_p,CatPred,False,missing_sequence;complex_not_supported_by_default
ecoli|SULabcpp_num3|g1|atp_c,CatPred,False,missing_sequence;complex_not_supported_by_default
ecoli|SULabcpp_num3|g1|h2o_c,CatPred,False,missing_sequence;complex_not_supported_by_default
ecoli|SULabcpp_num3|g1|so4_p,CatPred,False,missing_sequence;complex_not_supported_by_default
ecoli|TSULabcpp_num2|g1|atp_c,CatPred,False,missing_sequence;complex_not_supported_by_default
ecoli|TSULabcpp_num2|g1|h2o_c,CatPred,False,missing_sequence;complex_not_supported_by_default
ecoli|TSULabcpp_num2|g1|tsul_p,CatPred,False,missing_sequence;complex_not_supported_by_default
ecoli|THMDt2pp_copy1_num2|g1|h_p,CatPred,True,
ecoli|THMDt2pp_copy1_num2|g1|thymd_p,CatPred,True,
ecoli|Kt2pp_num2|g1|h_p,CatPred,False,missing_sequence;complex_not_supported_by_default
ecoli|Kt2pp_num2|g1|k_p,CatPred,False,missing_sequence;complex_not_supported_by_default
ecoli|Kt2pp_num3|g1|h_p,CatPred,True,
ecoli|Kt2pp_num3|g1|k_p,CatPred,True,
ecoli|Kt2pp_num4|g1|h_p,CatPred,True,
ecoli|Kt2pp_num4|g1|k_p,CatPred,True,
ecoli|TRPt2rpp_num2|g1|h_p,CatPred,True,
ecoli|TRPt2rpp_num2|g1|trp__L_p,CatPred,True,
ecoli|TRPt2rpp_num3|g1|h_p,CatPred,True,
ecoli|TRPt2rpp_num3|g1|trp__L_p,CatPred,True,
ecoli|TYRt2rpp_num2|g1|h_p,CatPred,True,
ecoli|TYRt2rpp_num2|g1|tyr__L_p,CatPred,True,
ecoli|URIt2pp_copy1_num2|g1|h_p,CatPred,True,
ecoli|URIt2pp_copy1_num2|g1|uri_p,CatPred,True,
ecoli|GALtex_num2|g1|gal_e,CatPred,True,
ecoli|GALtex_num3|g1|gal_e,CatPred,True,
ecoli|GALtex_num4|g1|gal_e,CatPred,True,
ecoli|GALCTtex_num2|g1|galct__D_e,CatPred,True,
ecoli|GALCTtex_num3|g1|galct__D_e,CatPred,True,
ecoli|GALCTtex_num4|g1|galct__D_e,CatPred,True,
ecoli|GALCTNtex_num2|g1|galctn__D_e,CatPred,True,
ecoli|GALCTNtex_num3|g1|galctn__D_e,CatPred,True,
ecoli|GALCTNtex_num4|g1|galctn__D_e,CatPred,True,
ecoli|GALTtex_num2|g1|galt_e,CatPred,True,
ecoli|GALTtex_num3|g1|galt_e,CatPred,True,
ecoli|GALTtex_num4|g1|galt_e,CatPred,True,
ecoli|GALURtex_num2|g1|galur_e,CatPred,True,
ecoli|GALURtex_num3|g1|galur_e,CatPred,True,
ecoli|GALURtex_num4|g1|galur_e,CatPred,True,
ecoli|ACGAptspp_num2|g1|acgam_p,CatPred,False,missing_sequence;complex_not_supported_by_default
ecoli|ACGAptspp_num2|g1|pep_c,CatPred,False,missing_sequence;complex_not_supported_by_default
ecoli|TKT2_num2|g1|e4p_c,CatPred,True,
ecoli|TKT2_num2|g1|xu5p__D_c,CatPred,True,
ecoli|GAMtex_num2|g1|gam_e,CatPred,True,
ecoli|GAMtex_num3|g1|gam_e,CatPred,True,
ecoli|GAMtex_num4|g1|gam_e,CatPred,True,
ecoli|GBBTNtex_num2|g1|gbbtn_e,CatPred,True,
ecoli|GBBTNtex_num3|g1|gbbtn_e,CatPred,True,
ecoli|GBBTNtex_num4|g1|gbbtn_e,CatPred,True,
ecoli|ARGabcpp_num2|g1|arg__L_p,CatPred,False,missing_sequence;complex_not_supported_by_default
ecoli|ARGabcpp_num2|g1|atp_c,CatPred,False,missing_sequence;complex_not_supported_by_default
ecoli|ARGabcpp_num2|g1|h2o_c,CatPred,False,missing_sequence;complex_not_supported_by_default
ecoli|ARGabcpp_num3|g1|arg__L_p,CatPred,False,missing_sequence;complex_not_supported_by_default
ecoli|ARGabcpp_num3|g1|atp_c,CatPred,False,missing_sequence;complex_not_supported_by_default
ecoli|ARGabcpp_num3|g1|h2o_c,CatPred,False,missing_sequence;complex_not_supported_by_default
ecoli|ASPt2_3pp_num2|g1|asp__L_p,CatPred,True,
ecoli|ASPt2_3pp_num2|g1|h_p,CatPred,True,
ecoli|HIStex_num2|g1|his__L_e,CatPred,True,
ecoli|HIStex_num3|g1|his__L_e,CatPred,True,
ecoli|HIStex_num4|g1|his__L_e,CatPred,True,
ecoli|HXAtex_num2|g1|hxa_e,CatPred,True,
ecoli|HXAtex_num3|g1|hxa_e,CatPred,True,
ecoli|HXAtex_num4|g1|hxa_e,CatPred,True,
ecoli|HYXNtex_num2|g1|hxan_e,CatPred,True,
ecoli|HYXNtex_num3|g1|hxan_e,CatPred,True,
ecoli|HYXNtex_num4|g1|hxan_e,CatPred,True,
ecoli|IDONtex_num2|g1|idon__L_e,CatPred,True,
ecoli|IDONtex_num3|g1|idon__L_e,CatPred,True,
ecoli|IDONtex_num4|g1|idon__L_e,CatPred,True,
ecoli|ILEtex_num2|g1|ile__L_e,CatPred,True,
ecoli|ILEtex_num3|g1|ile__L_e,CatPred,True,
ecoli|ILEtex_num4|g1|ile__L_e,CatPred,True,
ecoli|INSTtex_num2|g1|inost_e,CatPred,True,
ecoli|INSTtex_num3|g1|inost_e,CatPred,True,
ecoli|INSTtex_num4|g1|inost_e,CatPred,True,
ecoli|Ktex_num2|g1|k_e,CatPred,True,
ecoli|Ktex_num3|g1|k_e,CatPred,True,
ecoli|Ktex_num4|g1|k_e,CatPred,True,
ecoli|D_LACtex_num2|g1|lac__D_e,CatPred,True,
ecoli|D_LACtex_num3|g1|lac__D_e,CatPred,True,
ecoli|D_LACtex_num4|g1|lac__D_e,CatPred,True,
ecoli|NTD8pp_num2|g1|dgmp_p,CatPred,True,
ecoli|NTD8pp_num2|g1|h2o_p,CatPred,True,
ecoli|FRULYStex_num2|g1|frulys_e,CatPred,True,
ecoli|FRULYStex_num3|g1|frulys_e,CatPred,True,
ecoli|FRULYStex_num4|g1|frulys_e,CatPred,True,
ecoli|GALCTt2rpp_num2|g1|galct__D_p,CatPred,True,
ecoli|GALCTt2rpp_num2|g1|h_p,CatPred,True,
ecoli|ASPtex_num2|g1|asp__L_e,CatPred,True,
ecoli|ASPtex_num3|g1|asp__L_e,CatPred,True,
ecoli|ASPtex_num4|g1|asp__L_e,CatPred,True,
ecoli|CYTBDpp_num2|g1|h_c,CatPred,False,missing_sequence;complex_not_supported_by_default
ecoli|CYTBDpp_num2|g1|o2_c,CatPred,False,missing_sequence;complex_not_supported_by_default
ecoli|CYTBDpp_num2|g1|q8h2_c,CatPred,False,missing_sequence;complex_not_supported_by_default
ecoli|ATPS4rpp_num2|g1|adp_c,CatPred,False,missing_sequence;complex_not_supported_by_default
ecoli|ATPS4rpp_num2|g1|h_p,CatPred,False,missing_sequence;complex_not_supported_by_default
ecoli|ATPS4rpp_num2|g1|pi_c,CatPred,False,missing_sequence;complex_not_supported_by_default
ecoli|INDOLEtex_num2|g1|indole_e,CatPred,True,
ecoli|INDOLEtex_num3|g1|indole_e,CatPred,True,
ecoli|INDOLEtex_num4|g1|indole_e,CatPred,True,
ecoli|L_LACtex_num2|g1|lac__L_e,CatPred,True,
ecoli|L_LACtex_num3|g1|lac__L_e,CatPred,True,
ecoli|L_LACtex_num4|g1|lac__L_e,CatPred,True,
ecoli|ADEt2rpp_num2|g1|ade_p,CatPred,True,
ecoli|ADEt2rpp_num2|g1|h_p,CatPred,True,
ecoli|ADEt2rpp_num3|g1|ade_p,CatPred,True,
ecoli|ADEt2rpp_num3|g1|h_p,CatPred,True,
ecoli|ADNt2pp_copy1_num2|g1|adn_p,CatPred,True,
ecoli|ADNt2pp_copy1_num2|g1|h_p,CatPred,True,
ecoli|ECOAH8_num2|g1|3hodcoa_c,CatPred,True,
ecoli|GLCDpp_num2|g1|glc__D_p,CatPred,True,
ecoli|GLCDpp_num2|g1|h2o_p,CatPred,True,
ecoli|GLCDpp_num2|g1|q8_c,CatPred,True,
ecoli|GUAtpp_num2|g1|gua_p,CatPred,True,
ecoli|HYD2pp_num2|g1|h2_c,CatPred,False,missing_sequence;complex_not_supported_by_default
ecoli|HYD2pp_num2|g1|h_c,CatPred,False,missing_sequence;complex_not_supported_by_default
ecoli|HYD2pp_num2|g1|mqn8_c,CatPred,False,missing_sequence;complex_not_supported_by_default
ecoli|HYXNtpp_num2|g1|hxan_p,CatPred,True,
ecoli|GLCRtex_num2|g1|glcr_e,CatPred,True,
ecoli|GLCRtex_num3|g1|glcr_e,CatPred,True,
ecoli|GLCRtex_num4|g1|glcr_e,CatPred,True,
ecoli|GLCNtex_num2|g1|glcn_e,CatPred,True,
ecoli|GLCNtex_num3|g1|glcn_e,CatPred,True,
ecoli|GLCNtex_num4|g1|glcn_e,CatPred,True,
ecoli|GLCURtex_num2|g1|glcur_e,CatPred,True,
ecoli|GLCURtex_num3|g1|glcur_e,CatPred,True,
ecoli|GLCURtex_num4|g1|glcur_e,CatPred,True,
ecoli|GLNtex_num2|g1|gln__L_e,CatPred,True,
ecoli|GLNtex_num3|g1|gln__L_e,CatPred,True,
ecoli|GLNtex_num4|g1|gln__L_e,CatPred,True,
ecoli|O2tex_num2|g1|o2_e,CatPred,True,
ecoli|O2tex_num3|g1|o2_e,CatPred,True,
ecoli|O2tex_num4|g1|o2_e,CatPred,True,
ecoli|OCTAtex_num2|g1|octa_e,CatPred,True,
ecoli|OCTAtex_num3|g1|octa_e,CatPred,True,
ecoli|OCTAtex_num4|g1|octa_e,CatPred,True,
ecoli|ORNtex_num2|g1|orn_e,CatPred,True,
ecoli|ORNtex_num3|g1|orn_e,CatPred,True,
ecoli|ORNtex_num4|g1|orn_e,CatPred,True,
ecoli|ECOAH5_num2|g1|3hddcoa_c,CatPred,True,
ecoli|DURIt2pp_num2|g1|duri_p,CatPred,True,
ecoli|DURIt2pp_num2|g1|h_p,CatPred,True,
ecoli|FUMt2_3pp_num2|g1|fum_p,CatPred,True,
ecoli|FUMt2_3pp_num2|g1|h_p,CatPred,True,
ecoli|FUMt2_3pp_num3|g1|fum_p,CatPred,True,
ecoli|FUMt2_3pp_num3|g1|h_p,CatPred,True,
ecoli|CYTDt2pp_copy1_num2|g1|cytd_p,CatPred,True,
ecoli|CYTDt2pp_copy1_num2|g1|h_p,CatPred,True,
ecoli|DADNt2pp_num2|g1|dad_2_p,CatPred,True,
ecoli|DADNt2pp_num2|g1|h_p,CatPred,True,
ecoli|DCYTt2pp_num2|g1|dcyt_p,CatPred,True,
ecoli|DCYTt2pp_num2|g1|h_p,CatPred,True,
ecoli|RMNtex_num2|g1|rmn_e,CatPred,True,
ecoli|RMNtex_num3|g1|rmn_e,CatPred,True,
ecoli|RMNtex_num4|g1|rmn_e,CatPred,True,
ecoli|PHEtex_num2|g1|phe__L_e,CatPred,True,
ecoli|PHEtex_num3|g1|phe__L_e,CatPred,True,
ecoli|PHEtex_num4|g1|phe__L_e,CatPred,True,
ecoli|PItex_num2|g1|pi_e,CatPred,True,
ecoli|PItex_num3|g1|pi_e,CatPred,True,
ecoli|PItex_num4|g1|pi_e,CatPred,True,
ecoli|METS_num2|g1|5mthf_c,CatPred,True,
ecoli|METS_num2|g1|hcys__L_c,CatPred,True,
ecoli|TRSARr_num2|g1|2h3oppan_c,CatPred,True,
ecoli|TRSARr_num2|g1|h_c,CatPred,True,
ecoli|TRSARr_num2|g1|nadh_c,CatPred,True,
ecoli|PNTOtex_num2|g1|pnto__R_e,CatPred,True,
ecoli|PNTOtex_num3|g1|pnto__R_e,CatPred,True,
ecoli|PNTOtex_num4|g1|pnto__R_e,CatPred,True,
ecoli|PPPNtex_num2|g1|pppn_e,CatPred,True,
ecoli|PPPNtex_num3|g1|pppn_e,CatPred,True,
ecoli|PPPNtex_num4|g1|pppn_e,CatPred,True,
ecoli|PPTtex_num2|g1|ppt_e,CatPred,True,
ecoli|PPTtex_num3|g1|ppt_e,CatPred,True,
ecoli|PPTtex_num4|g1|ppt_e,CatPred,True,
ecoli|PTRCtex_num2|g1|ptrc_e,CatPred,True,
ecoli|PTRCtex_num3|g1|ptrc_e,CatPred,True,
ecoli|PTRCtex_num4|g1|ptrc_e,CatPred,True,
ecoli|PYRtex_num2|g1|pyr_e,CatPred,True,
ecoli|PYRtex_num3|g1|pyr_e,CatPred,True,
ecoli|PYRtex_num4|g1|pyr_e,CatPred,True,
ecoli|DSERtex_num2|g1|ser__D_e,CatPred,True,
ecoli|DSERtex_num3|g1|ser__D_e,CatPred,True,
ecoli|DSERtex_num4|g1|ser__D_e,CatPred,True,
ecoli|SERtex_num2|g1|ser__L_e,CatPred,True,
ecoli|SERtex_num3|g1|ser__L_e,CatPred,True,
ecoli|SERtex_num4|g1|ser__L_e,CatPred,True,
ecoli|SO4tex_num2|g1|so4_e,CatPred,True,
ecoli|SO4tex_num3|g1|so4_e,CatPred,True,
ecoli|SO4tex_num4|g1|so4_e,CatPred,True,
ecoli|SPMDtex_num2|g1|spmd_e,CatPred,True,
ecoli|SPMDtex_num3|g1|spmd_e,CatPred,True,
ecoli|SPMDtex_num4|g1|spmd_e,CatPred,True,
ecoli|SUCCtex_num2|g1|succ_e,CatPred,True,
ecoli|SUCCtex_num3|g1|succ_e,CatPred,True,
ecoli|SUCCtex_num4|g1|succ_e,CatPred,True,
ecoli|SUCRtex_num2|g1|sucr_e,CatPred,True,
ecoli|SUCRtex_num3|g1|sucr_e,CatPred,True,
ecoli|SUCRtex_num4|g1|sucr_e,CatPred,True,
ecoli|TARTRtex_num2|g1|tartr__L_e,CatPred,True,
ecoli|TARTRtex_num3|g1|tartr__L_e,CatPred,True,
ecoli|TARTRtex_num4|g1|tartr__L_e,CatPred,True,
ecoli|TAURtex_num2|g1|taur_e,CatPred,True,
ecoli|TAURtex_num3|g1|taur_e,CatPred,True,
ecoli|TAURtex_num4|g1|taur_e,CatPred,True,
ecoli|THRtex_num2|g1|thr__L_e,CatPred,True,
ecoli|THRtex_num3|g1|thr__L_e,CatPred,True,
ecoli|THRtex_num4|g1|thr__L_e,CatPred,True,
ecoli|THMDtex_num2|g1|thymd_e,CatPred,True,
ecoli|THMDtex_num3|g1|thymd_e,CatPred,True,
ecoli|THMDtex_num4|g1|thymd_e,CatPred,True,
ecoli|METDtex_num2|g1|met__D_e,CatPred,True,
ecoli|METDtex_num3|g1|met__D_e,CatPred,True,
ecoli|METDtex_num4|g1|met__D_e,CatPred,True,
ecoli|METtex_num2|g1|met__L_e,CatPred,True,
ecoli|METtex_num3|g1|met__L_e,CatPred,True,
ecoli|METtex_num4|g1|met__L_e,CatPred,True,
ecoli|MNLtex_num2|g1|mnl_e,CatPred,True,
ecoli|MNLtex_num3|g1|mnl_e,CatPred,True,
ecoli|MNLtex_num4|g1|mnl_e,CatPred,True,
ecoli|NAtex_num2|g1|na1_e,CatPred,True,
ecoli|NAtex_num3|g1|na1_e,CatPred,True,
ecoli|NAtex_num4|g1|na1_e,CatPred,True,
ecoli|NACtex_num2|g1|nac_e,CatPred,True,
ecoli|NACtex_num3|g1|nac_e,CatPred,True,
ecoli|NACtex_num4|g1|nac_e,CatPred,True,
ecoli|NH4tex_num2|g1|nh4_e,CatPred,True,
ecoli|NH4tex_num3|g1|nh4_e,CatPred,True,
ecoli|NH4tex_num4|g1|nh4_e,CatPred,True,
ecoli|URIH_num2|g1|h2o_c,CatPred,True,
ecoli|URIH_num2|g1|uri_c,CatPred,True,
ecoli|URIH_num3|g1|h2o_c,CatPred,True,
ecoli|URIH_num3|g1|uri_c,CatPred,True,
ecoli|BUTtex_num2|g1|but_e,CatPred,True,
ecoli|BUTtex_num3|g1|but_e,CatPred,True,
ecoli|BUTtex_num4|g1|but_e,CatPred,True,
ecoli|CHLtex_num2|g1|chol_e,CatPred,True,
ecoli|CHLtex_num3|g1|chol_e,CatPred,True,
ecoli|CHLtex_num4|g1|chol_e,CatPred,True,
ecoli|CO2tex_num2|g1|co2_e,CatPred,True,
ecoli|CO2tex_num3|g1|co2_e,CatPred,True,
ecoli|CO2tex_num4|g1|co2_e,CatPred,True,
ecoli|CRNtex_num2|g1|crn_e,CatPred,True,
ecoli|CRNtex_num3|g1|crn_e,CatPred,True,
ecoli|CRNtex_num4|g1|crn_e,CatPred,True,
ecoli|DINStex_num2|g1|din_e,CatPred,True,
ecoli|DINStex_num3|g1|din_e,CatPred,True,
ecoli|DINStex_num4|g1|din_e,CatPred,True,
ecoli|DMStex_num2|g1|dms_e,CatPred,True,
ecoli|DMStex_num3|g1|dms_e,CatPred,True,
ecoli|DMStex_num4|g1|dms_e,CatPred,True,
ecoli|CSNtex_num2|g1|csn_e,CatPred,True,
ecoli|CSNtex_num3|g1|csn_e,CatPred,True,
ecoli|CSNtex_num4|g1|csn_e,CatPred,True,
ecoli|CYNTtex_num2|g1|cynt_e,CatPred,True,
ecoli|CYNTtex_num3|g1|cynt_e,CatPred,True,
ecoli|CYNTtex_num4|g1|cynt_e,CatPred,True,
ecoli|CYStex_num2|g1|cys__L_e,CatPred,True,
ecoli|CYStex_num3|g1|cys__L_e,CatPred,True,
ecoli|CYStex_num4|g1|cys__L_e,CatPred,True,
ecoli|CYTDtex_num2|g1|cytd_e,CatPred,True,
ecoli|CYTDtex_num3|g1|cytd_e,CatPred,True,
ecoli|CYTDtex_num4|g1|cytd_e,CatPred,True,
ecoli|DCAtex_num2|g1|dca_e,CatPred,True,
ecoli|DCAtex_num3|g1|dca_e,CatPred,True,
ecoli|DCAtex_num4|g1|dca_e,CatPred,True,
ecoli|DGSNtex_num2|g1|dgsn_e,CatPred,True,
ecoli|DGSNtex_num3|g1|dgsn_e,CatPred,True,
ecoli|DGSNtex_num4|g1|dgsn_e,CatPred,True,
ecoli|LCTStex_num2|g1|lcts_e,CatPred,True,
ecoli|LCTStex_num3|g1|lcts_e,CatPred,True,
ecoli|LCTStex_num4|g1|lcts_e,CatPred,True,
ecoli|LEUtex_num2|g1|leu__L_e,CatPred,True,
ecoli|LEUtex_num3|g1|leu__L_e,CatPred,True,
ecoli|LEUtex_num4|g1|leu__L_e,CatPred,True,
ecoli|LYStex_num2|g1|lys__L_e,CatPred,True,
ecoli|LYStex_num3|g1|lys__L_e,CatPred,True,
ecoli|LYStex_num4|g1|lys__L_e,CatPred,True,
ecoli|LYXtex_num2|g1|lyx__L_e,CatPred,True,
ecoli|LYXtex_num3|g1|lyx__L_e,CatPred,True,
ecoli|LYXtex_num4|g1|lyx__L_e,CatPred,True,
ecoli|MANtex_num2|g1|man_e,CatPred,True,
ecoli|MANtex_num3|g1|man_e,CatPred,True,
ecoli|MANtex_num4|g1|man_e,CatPred,True,
ecoli|MAN6Ptex_num2|g1|man6p_e,CatPred,True,
ecoli|MAN6Ptex_num3|g1|man6p_e,CatPred,True,
ecoli|MAN6Ptex_num4|g1|man6p_e,CatPred,True,
ecoli|MELIBtex_num2|g1|melib_e,CatPred,True,
ecoli|MELIBtex_num3|g1|melib_e,CatPred,True,
ecoli|MELIBtex_num4|g1|melib_e,CatPred,True,
ecoli|DMSOtex_num2|g1|dmso_e,CatPred,True,
ecoli|DMSOtex_num3|g1|dmso_e,CatPred,True,
ecoli|DMSOtex_num4|g1|dmso_e,CatPred,True,
ecoli|FRUtex_num2|g1|fru_e,CatPred,True,
ecoli|FRUtex_num3|g1|fru_e,CatPred,True,
ecoli|FRUtex_num4|g1|fru_e,CatPred,True,
ecoli|FUCtex_num2|g1|fuc__L_e,CatPred,True,
ecoli|FUCtex_num3|g1|fuc__L_e,CatPred,True,
ecoli|FUCtex_num4|g1|fuc__L_e,CatPred,True,
ecoli|FUMtex_num2|g1|fum_e,CatPred,True,
ecoli|FUMtex_num3|g1|fum_e,CatPred,True,
ecoli|FUMtex_num4|g1|fum_e,CatPred,True,
ecoli|ACACT5r_num2|g1|accoa_c,CatPred,True,
ecoli|ACACT5r_num2|g1|dcacoa_c,CatPred,True,
ecoli|FE2tex_num2|g1|fe2_e,CatPred,True,
ecoli|FE2tex_num3|g1|fe2_e,CatPred,True,
ecoli|FE2tex_num4|g1|fe2_e,CatPred,True,
ecoli|NMNtex_num2|g1|nmn_e,CatPred,True,
ecoli|NMNtex_num3|g1|nmn_e,CatPred,True,
ecoli|NMNtex_num4|g1|nmn_e,CatPred,True,
ecoli|NO2tex_num2|g1|no2_e,CatPred,True,
ecoli|NO2tex_num3|g1|no2_e,CatPred,True,
ecoli|NO2tex_num4|g1|no2_e,CatPred,True,
ecoli|GDPtex_num2|g1|gdp_e,CatPred,True,
ecoli|GDPtex_num3|g1|gdp_e,CatPred,True,
ecoli|GDPtex_num4|g1|gdp_e,CatPred,True,
ecoli|TMAtex_num2|g1|tma_e,CatPred,True,
ecoli|TMAtex_num3|g1|tma_e,CatPred,True,
ecoli|TMAtex_num4|g1|tma_e,CatPred,True,
ecoli|TMAOtex_num2|g1|tmao_e,CatPred,True,
ecoli|TMAOtex_num3|g1|tmao_e,CatPred,True,
ecoli|TMAOtex_num4|g1|tmao_e,CatPred,True,
ecoli|TREtex_num2|g1|tre_e,CatPred,True,
ecoli|TREtex_num3|g1|tre_e,CatPred,True,
ecoli|TREtex_num4|g1|tre_e,CatPred,True,
ecoli|L_LACD3_num2|g1|lac__L_c,CatPred,True,
ecoli|L_LACD3_num2|g1|mqn8_c,CatPred,True,
ecoli|L_LACD2_num2|g1|lac__L_c,CatPred,True,
ecoli|L_LACD2_num2|g1|q8_c,CatPred,True,
ecoli|ACACT6r_num2|g1|accoa_c,CatPred,True,
ecoli|ACACT6r_num2|g1|ddcacoa_c,CatPred,True,
ecoli|TRPtex_num2|g1|trp__L_e,CatPred,True,
ecoli|TRPtex_num3|g1|trp__L_e,CatPred,True,
ecoli|TRPtex_num4|g1|trp__L_e,CatPred,True,
ecoli|TSULtex_num2|g1|tsul_e,CatPred,True,
ecoli|TSULtex_num3|g1|tsul_e,CatPred,True,
ecoli|TSULtex_num4|g1|tsul_e,CatPred,True,
ecoli|TYRtex_num2|g1|tyr__L_e,CatPred,True,
ecoli|TYRtex_num3|g1|tyr__L_e,CatPred,True,
ecoli|TYRtex_num4|g1|tyr__L_e,CatPred,True,
ecoli|URAtex_num2|g1|ura_e,CatPred,True,
ecoli|URAtex_num3|g1|ura_e,CatPred,True,
ecoli|URAtex_num4|g1|ura_e,CatPred,True,
ecoli|UREAtex_num2|g1|urea_e,CatPred,True,
ecoli|UREAtex_num3|g1|urea_e,CatPred,True,
ecoli|UREAtex_num4|g1|urea_e,CatPred,True,
ecoli|VALtex_num2|g1|val__L_e,CatPred,True,
ecoli|VALtex_num3|g1|val__L_e,CatPred,True,
ecoli|VALtex_num4|g1|val__L_e,CatPred,True,
ecoli|XANtex_num2|g1|xan_e,CatPred,True,
ecoli|XANtex_num3|g1|xan_e,CatPred,True,
ecoli|XANtex_num4|g1|xan_e,CatPred,True,
ecoli|XYLtex_num2|g1|xyl__D_e,CatPred,True,
ecoli|XYLtex_num3|g1|xyl__D_e,CatPred,True,
ecoli|XYLtex_num4|g1|xyl__D_e,CatPred,True,
ecoli|ABUTtex_num2|g1|4abut_e,CatPred,True,
ecoli|ABUTtex_num3|g1|4abut_e,CatPred,True,
ecoli|ABUTtex_num4|g1|4abut_e,CatPred,True,
ecoli|FORtppi_num2|g1|for_c,CatPred,True,
ecoli|BUTSO3abcpp_num2|g1|atp_c,CatPred,False,missing_sequence;complex_not_supported_by_default
ecoli|BUTSO3abcpp_num2|g1|butso3_p,CatPred,False,missing_sequence;complex_not_supported_by_default
ecoli|BUTSO3abcpp_num2|g1|h2o_c,CatPred,False,missing_sequence;complex_not_supported_by_default
ecoli|23CAMPtex_num2|g1|23camp_e,CatPred,True,
ecoli|23CAMPtex_num3|g1|23camp_e,CatPred,True,
ecoli|23CAMPtex_num4|g1|23camp_e,CatPred,True,
ecoli|23CCMPtex_num2|g1|23ccmp_e,CatPred,True,
ecoli|23CCMPtex_num3|g1|23ccmp_e,CatPred,True,
ecoli|23CCMPtex_num4|g1|23ccmp_e,CatPred,True,
ecoli|23CUMPtex_num2|g1|23cump_e,CatPred,True,
ecoli|23CUMPtex_num3|g1|23cump_e,CatPred,True,
ecoli|23CUMPtex_num4|g1|23cump_e,CatPred,True,
ecoli|23CGMPtex_num2|g1|23cgmp_e,CatPred,True,
ecoli|23CGMPtex_num3|g1|23cgmp_e,CatPred,True,
ecoli|23CGMPtex_num4|g1|23cgmp_e,CatPred,True,
ecoli|3AMPtex_num2|g1|3amp_e,CatPred,True,
ecoli|3AMPtex_num3|g1|3amp_e,CatPred,True,
ecoli|3AMPtex_num4|g1|3amp_e,CatPred,True,
ecoli|3CMPtex_num2|g1|3cmp_e,CatPred,True,
ecoli|3CMPtex_num3|g1|3cmp_e,CatPred,True,
ecoli|3CMPtex_num4|g1|3cmp_e,CatPred,True,
ecoli|PTRCt2pp_num2|g1|h_p,CatPred,True,
ecoli|PTRCt2pp_num2|g1|ptrc_p,CatPred,True,
ecoli|PTRCt2pp_num3|g1|h_p,CatPred,True,
ecoli|PTRCt2pp_num3|g1|ptrc_p,CatPred,True,
ecoli|ETHSO3tex_num2|g1|ethso3_e,CatPred,True,
ecoli|ETHSO3tex_num3|g1|ethso3_e,CatPred,True,
ecoli|ETHSO3tex_num4|g1|ethso3_e,CatPred,True,
ecoli|BUTSO3tex_num2|g1|butso3_e,CatPred,True,
ecoli|BUTSO3tex_num3|g1|butso3_e,CatPred,True,
ecoli|BUTSO3tex_num4|g1|butso3_e,CatPred,True,
ecoli|LIPOtex_num2|g1|lipoate_e,CatPred,True,
ecoli|LIPOtex_num3|g1|lipoate_e,CatPred,True,
ecoli|LIPOtex_num4|g1|lipoate_e,CatPred,True,
ecoli|GALBDtex_num2|g1|gal_bD_e,CatPred,True,
ecoli|GALBDtex_num3|g1|gal_bD_e,CatPred,True,
ecoli|GALBDtex_num4|g1|gal_bD_e,CatPred,True,
ecoli|UDCPDPpp_num2|g1|h2o_p,CatPred,True,
ecoli|UDCPDPpp_num2|g1|udcpdp_p,CatPred,True,
ecoli|UDCPDPpp_num3|g1|h2o_p,CatPred,True,
ecoli|UDCPDPpp_num3|g1|udcpdp_p,CatPred,True,
ecoli|SULFACtex_num2|g1|sulfac_e,CatPred,True,
ecoli|SULFACtex_num3|g1|sulfac_e,CatPred,True,
ecoli|SULFACtex_num4|g1|sulfac_e,CatPred,True,
ecoli|NOtex_num2|g1|no_e,CatPred,True,
ecoli|NOtex_num3|g1|no_e,CatPred,True,
ecoli|NOtex_num4|g1|no_e,CatPred,True,
ecoli|N2Otex_num2|g1|n2o_e,CatPred,True,
ecoli|N2Otex_num3|g1|n2o_e,CatPred,True,
ecoli|N2Otex_num4|g1|n2o_e,CatPred,True,
ecoli|PEAMNtex_num2|g1|peamn_e,CatPred,True,
ecoli|PEAMNtex_num3|g1|peamn_e,CatPred,True,
ecoli|PEAMNtex_num4|g1|peamn_e,CatPred,True,
ecoli|PACALDtex_num2|g1|pacald_e,CatPred,True,
ecoli|PACALDtex_num3|g1|pacald_e,CatPred,True,
ecoli|PACALDtex_num4|g1|pacald_e,CatPred,True,
ecoli|CYANtex_num2|g1|cyan_e,CatPred,True,
ecoli|CYANtex_num3|g1|cyan_e,CatPred,True,
ecoli|CYANtex_num4|g1|cyan_e,CatPred,True,
ecoli|SO3tex_num2|g1|so3_e,CatPred,True,
ecoli|SO3tex_num3|g1|so3_e,CatPred,True,
ecoli|SO3tex_num4|g1|so3_e,CatPred,True,
ecoli|TCYNTtex_num2|g1|tcynt_e,CatPred,True,
ecoli|TCYNTtex_num3|g1|tcynt_e,CatPred,True,
ecoli|TCYNTtex_num4|g1|tcynt_e,CatPred,True,
ecoli|METSOX1tex_num2|g1|metsox_S__L_e,CatPred,True,
ecoli|METSOX1tex_num3|g1|metsox_S__L_e,CatPred,True,
ecoli|METSOX1tex_num4|g1|metsox_S__L_e,CatPred,True,
ecoli|METSOX2tex_num2|g1|metsox_R__L_e,CatPred,True,
ecoli|METSOX2tex_num3|g1|metsox_R__L_e,CatPred,True,
ecoli|METSOX2tex_num4|g1|metsox_R__L_e,CatPred,True,
ecoli|3UMPtex_num2|g1|3ump_e,CatPred,True,
ecoli|3UMPtex_num3|g1|3ump_e,CatPred,True,
ecoli|3UMPtex_num4|g1|3ump_e,CatPred,True,
ecoli|3GMPtex_num2|g1|3gmp_e,CatPred,True,
ecoli|3GMPtex_num3|g1|3gmp_e,CatPred,True,
ecoli|3GMPtex_num4|g1|3gmp_e,CatPred,True,
ecoli|METSOXR1_num2|g1|metsox_S__L_c,CatPred,False,missing_sequence;complex_not_supported_by_default
ecoli|METSOXR1_num2|g1|trdrd_c,CatPred,False,missing_sequence;complex_not_supported_by_default
ecoli|METSOXR1_num3|g1|metsox_S__L_c,CatPred,False,missing_sequence;complex_not_supported_by_default
ecoli|METSOXR1_num3|g1|trdrd_c,CatPred,False,missing_sequence;complex_not_supported_by_default
ecoli|METSOXR1_num4|g1|metsox_S__L_c,CatPred,False,missing_sequence;complex_not_supported_by_default
ecoli|METSOXR1_num4|g1|trdrd_c,CatPred,False,missing_sequence;complex_not_supported_by_default
ecoli|METSOXR2_num2|g1|metsox_R__L_c,CatPred,False,missing_sequence;complex_not_supported_by_default
ecoli|METSOXR2_num2|g1|trdrd_c,CatPred,False,missing_sequence;complex_not_supported_by_default
ecoli|METSOXR2_num3|g1|metsox_R__L_c,CatPred,False,missing_sequence;complex_not_supported_by_default
ecoli|METSOXR2_num3|g1|trdrd_c,CatPred,False,missing_sequence;complex_not_supported_by_default
ecoli|METSOXR2_num4|g1|metsox_R__L_c,CatPred,False,missing_sequence;complex_not_supported_by_default
ecoli|METSOXR2_num4|g1|trdrd_c,CatPred,False,missing_sequence;complex_not_supported_by_default
ecoli|AMPTASECG_num2|g1|cgly_c,CatPred,True,
ecoli|AMPTASECG_num2|g1|h2o_c,CatPred,True,
ecoli|AMPTASECG_num3|g1|cgly_c,CatPred,True,
ecoli|AMPTASECG_num3|g1|h2o_c,CatPred,True,
ecoli|AMPTASECG_num4|g1|cgly_c,CatPred,True,
ecoli|AMPTASECG_num4|g1|h2o_c,CatPred,True,
ecoli|DOPAtex_num2|g1|dopa_e,CatPred,True,
ecoli|DOPAtex_num3|g1|dopa_e,CatPred,True,
ecoli|DOPAtex_num4|g1|dopa_e,CatPred,True,
ecoli|4HOXPACDtex_num2|g1|4hoxpacd_e,CatPred,True,
ecoli|4HOXPACDtex_num3|g1|4hoxpacd_e,CatPred,True,
ecoli|4HOXPACDtex_num4|g1|4hoxpacd_e,CatPred,True,
ecoli|ETHAtex_num2|g1|etha_e,CatPred,True,
ecoli|ETHAtex_num3|g1|etha_e,CatPred,True,
ecoli|ETHAtex_num4|g1|etha_e,CatPred,True,
ecoli|G3PStex_num2|g1|g3ps_e,CatPred,True,
ecoli|G3PStex_num3|g1|g3ps_e,CatPred,True,
ecoli|G3PStex_num4|g1|g3ps_e,CatPred,True,
ecoli|FLVR_num2|g1|h_c,CatPred,False,missing_sequence;complex_not_supported_by_default
ecoli|FLVR_num2|g1|nadph_c,CatPred,False,missing_sequence;complex_not_supported_by_default
ecoli|FLVR_num2|g1|ribflv_c,CatPred,False,missing_sequence;complex_not_supported_by_default
ecoli|AGM4PApp_num2|g1|anhgm4p_p,CatPred,True,
ecoli|AGM4PApp_num2|g1|h2o_p,CatPred,True,
ecoli|AGM4PApp_num3|g1|anhgm4p_p,CatPred,True,
ecoli|AGM4PApp_num3|g1|h2o_p,CatPred,True,
ecoli|AGM4PApp_num4|g1|anhgm4p_p,CatPred,True,
ecoli|AGM4PApp_num4|g1|h2o_p,CatPred,True,
ecoli|RNDR3b_num2|g1|cdp_c,CatPred,False,missing_sequence;complex_not_supported_by_default
ecoli|RNDR3b_num2|g1|grxrd_c,CatPred,False,missing_sequence;missing_smiles;complex_not_supported_by_default
ecoli|RNDR3b_num3|g1|cdp_c,CatPred,False,missing_sequence;complex_not_supported_by_default
ecoli|RNDR3b_num3|g1|grxrd_c,CatPred,False,missing_sequence;missing_smiles;complex_not_supported_by_default
ecoli|RNDR3b_num4|g1|cdp_c,CatPred,False,missing_sequence;complex_not_supported_by_default
ecoli|RNDR3b_num4|g1|grxrd_c,CatPred,False,missing_sequence;missing_smiles;complex_not_supported_by_default
ecoli|RNDR4b_num2|g1|grxrd_c,CatPred,False,missing_sequence;missing_smiles;complex_not_supported_by_default
ecoli|RNDR4b_num2|g1|udp_c,CatPred,False,missing_sequence;complex_not_supported_by_default
ecoli|RNDR4b_num3|g1|grxrd_c,CatPred,False,missing_sequence;missing_smiles;complex_not_supported_by_default
ecoli|RNDR4b_num3|g1|udp_c,CatPred,False,missing_sequence;complex_not_supported_by_default
ecoli|RNDR4b_num4|g1|grxrd_c,CatPred,False,missing_sequence;missing_smiles;complex_not_supported_by_default
ecoli|RNDR4b_num4|g1|udp_c,CatPred,False,missing_sequence;complex_not_supported_by_default
ecoli|ACGAL1Ptex_num2|g1|acgal1p_e,CatPred,True,
ecoli|ACGAL1Ptex_num3|g1|acgal1p_e,CatPred,True,
ecoli|ACGAL1Ptex_num4|g1|acgal1p_e,CatPred,True,
ecoli|ACGALtex_num2|g1|acgal_e,CatPred,True,
ecoli|ACGALtex_num3|g1|acgal_e,CatPred,True,
ecoli|ACGALtex_num4|g1|acgal_e,CatPred,True,
ecoli|GLCUR1Ptex_num2|g1|glcur1p_e,CatPred,True,
ecoli|GLCUR1Ptex_num3|g1|glcur1p_e,CatPred,True,
ecoli|GLCUR1Ptex_num4|g1|glcur1p_e,CatPred,True,
ecoli|UDPGLCURtex_num2|g1|udpglcur_e,CatPred,True,
ecoli|UDPGLCURtex_num3|g1|udpglcur_e,CatPred,True,
ecoli|UDPGLCURtex_num4|g1|udpglcur_e,CatPred,True,
ecoli|FEROpp_num2|g1|fe2_p,CatPred,True,
ecoli|FEROpp_num2|g1|h_p,CatPred,True,
ecoli|FEROpp_num2|g1|o2_p,CatPred,True,
ecoli|ISETACabcpp_num2|g1|atp_c,CatPred,False,missing_sequence;complex_not_supported_by_default
ecoli|ISETACabcpp_num2|g1|h2o_c,CatPred,False,missing_sequence;complex_not_supported_by_default
ecoli|ISETACabcpp_num2|g1|isetac_p,CatPred,False,missing_sequence;complex_not_supported_by_default
ecoli|ISETACtex_num2|g1|isetac_e,CatPred,True,
ecoli|ISETACtex_num3|g1|isetac_e,CatPred,True,
ecoli|ISETACtex_num4|g1|isetac_e,CatPred,True,
ecoli|UDPGtex_num2|g1|udpg_e,CatPred,True,
ecoli|UDPGtex_num3|g1|udpg_e,CatPred,True,
ecoli|UDPGtex_num4|g1|udpg_e,CatPred,True,
ecoli|UDPGALtex_num2|g1|udpgal_e,CatPred,True,
ecoli|UDPGALtex_num3|g1|udpgal_e,CatPred,True,
ecoli|UDPGALtex_num4|g1|udpgal_e,CatPred,True,
ecoli|ACGAM1Ptex_num2|g1|acgam1p_e,CatPred,True,
ecoli|ACGAM1Ptex_num3|g1|acgam1p_e,CatPred,True,
ecoli|ACGAM1Ptex_num4|g1|acgam1p_e,CatPred,True,
ecoli|UACGAMtex_num2|g1|uacgam_e,CatPred,True,
ecoli|UACGAMtex_num3|g1|uacgam_e,CatPred,True,
ecoli|UACGAMtex_num4|g1|uacgam_e,CatPred,True,
ecoli|UDPACGALtex_num2|g1|udpacgal_e,CatPred,True,
ecoli|UDPACGALtex_num3|g1|udpacgal_e,CatPred,True,
ecoli|UDPACGALtex_num4|g1|udpacgal_e,CatPred,True,
ecoli|MSO3tex_num2|g1|mso3_e,CatPred,True,
ecoli|MSO3tex_num3|g1|mso3_e,CatPred,True,
ecoli|MSO3tex_num4|g1|mso3_e,CatPred,True,
ecoli|3PEPTabcpp_num2|g1|LalaDgluMdap_p,CatPred,False,missing_sequence;missing_smiles;complex_not_supported_by_default
ecoli|3PEPTabcpp_num2|g1|atp_c,CatPred,False,missing_sequence;complex_not_supported_by_default
ecoli|3PEPTabcpp_num2|g1|h2o_c,CatPred,False,missing_sequence;complex_not_supported_by_default
ecoli|3PEPTabcpp_num3|g1|LalaDgluMdap_p,CatPred,False,missing_sequence;missing_smiles;complex_not_supported_by_default
ecoli|3PEPTabcpp_num3|g1|atp_c,CatPred,False,missing_sequence;complex_not_supported_by_default
ecoli|3PEPTabcpp_num3|g1|h2o_c,CatPred,False,missing_sequence;complex_not_supported_by_default
ecoli|4PEPTabcpp_num2|g1|LalaDgluMdapDala_p,CatPred,False,missing_sequence;complex_not_supported_by_default
ecoli|4PEPTabcpp_num2|g1|atp_c,CatPred,False,missing_sequence;complex_not_supported_by_default
ecoli|4PEPTabcpp_num2|g1|h2o_c,CatPred,False,missing_sequence;complex_not_supported_by_default
ecoli|PTHRpp_num2|g1|h2o_p,CatPred,True,
ecoli|PTHRpp_num2|g1|thrp_p,CatPred,True,
ecoli|CD2t3pp_num2|g1|cd2_c,CatPred,True,
ecoli|CD2t3pp_num2|g1|h_p,CatPred,True,
ecoli|R5PPpp_num2|g1|h2o_p,CatPred,True,
ecoli|R5PPpp_num2|g1|r5p_p,CatPred,True,
ecoli|PSP_Lpp_num2|g1|h2o_p,CatPred,True,
ecoli|PSP_Lpp_num2|g1|pser__L_p,CatPred,True,
ecoli|GLYC2Ptex_num2|g1|glyc2p_e,CatPred,True,
ecoli|GLYC2Ptex_num3|g1|glyc2p_e,CatPred,True,
ecoli|GLYC2Ptex_num4|g1|glyc2p_e,CatPred,True,
ecoli|PSERtex_num2|g1|pser__L_e,CatPred,True,
ecoli|PSERtex_num3|g1|pser__L_e,CatPred,True,
ecoli|PSERtex_num4|g1|pser__L_e,CatPred,True,
ecoli|R5Ptex_num2|g1|r5p_e,CatPred,True,
ecoli|R5Ptex_num3|g1|r5p_e,CatPred,True,
ecoli|R5Ptex_num4|g1|r5p_e,CatPred,True,
ecoli|THRPtex_num2|g1|thrp_e,CatPred,True,
ecoli|THRPtex_num3|g1|thrp_e,CatPred,True,
ecoli|THRPtex_num4|g1|thrp_e,CatPred,True,
ecoli|TYRPtex_num2|g1|tyrp_e,CatPred,True,
ecoli|TYRPtex_num3|g1|tyrp_e,CatPred,True,
ecoli|TYRPtex_num4|g1|tyrp_e,CatPred,True,
ecoli|PAPSR2_num2|g1|grxrd_c,CatPred,False,missing_sequence;missing_smiles;complex_not_supported_by_default
ecoli|PAPSR2_num2|g1|paps_c,CatPred,False,missing_sequence;complex_not_supported_by_default
ecoli|PAPSR2_num3|g1|grxrd_c,CatPred,False,missing_sequence;missing_smiles;complex_not_supported_by_default
ecoli|PAPSR2_num3|g1|paps_c,CatPred,False,missing_sequence;complex_not_supported_by_default
ecoli|PAPSR2_num4|g1|grxrd_c,CatPred,False,missing_sequence;missing_smiles;complex_not_supported_by_default
ecoli|PAPSR2_num4|g1|paps_c,CatPred,False,missing_sequence;complex_not_supported_by_default
ecoli|GRXR_num2|g1|grxox_c,CatPred,False,missing_smiles
ecoli|GRXR_num2|g1|gthrd_c,CatPred,True,
ecoli|GRXR_num3|g1|grxox_c,CatPred,False,missing_smiles
ecoli|GRXR_num3|g1|gthrd_c,CatPred,True,
ecoli|GRXR_num4|g1|grxox_c,CatPred,False,missing_smiles
ecoli|GRXR_num4|g1|gthrd_c,CatPred,True,
ecoli|RNDR1b_num2|g1|adp_c,CatPred,False,missing_sequence;complex_not_supported_by_default
ecoli|RNDR1b_num2|g1|grxrd_c,CatPred,False,missing_sequence;missing_smiles;complex_not_supported_by_default
ecoli|RNDR1b_num3|g1|adp_c,CatPred,False,missing_sequence;complex_not_supported_by_default
ecoli|RNDR1b_num3|g1|grxrd_c,CatPred,False,missing_sequence;missing_smiles;complex_not_supported_by_default
ecoli|RNDR1b_num4|g1|adp_c,CatPred,False,missing_sequence;complex_not_supported_by_default
ecoli|RNDR1b_num4|g1|grxrd_c,CatPred,False,missing_sequence;missing_smiles;complex_not_supported_by_default
ecoli|RNDR2b_num2|g1|gdp_c,CatPred,False,missing_sequence;complex_not_supported_by_default
ecoli|RNDR2b_num2|g1|grxrd_c,CatPred,False,missing_sequence;missing_smiles;complex_not_supported_by_default
ecoli|RNDR2b_num3|g1|gdp_c,CatPred,False,missing_sequence;complex_not_supported_by_default
ecoli|RNDR2b_num3|g1|grxrd_c,CatPred,False,missing_sequence;missing_smiles;complex_not_supported_by_default
ecoli|RNDR2b_num4|g1|gdp_c,CatPred,False,missing_sequence;complex_not_supported_by_default
ecoli|RNDR2b_num4|g1|grxrd_c,CatPred,False,missing_sequence;missing_smiles;complex_not_supported_by_default
ecoli|FACOAL80t2pp_num2|g1|atp_c,CatPred,True,
ecoli|FACOAL80t2pp_num2|g1|coa_c,CatPred,True,
ecoli|FACOAL80t2pp_num2|g1|h_p,CatPred,True,
ecoli|FACOAL80t2pp_num2|g1|octa_p,CatPred,True,
ecoli|CITtex_num2|g1|cit_e,CatPred,True,
ecoli|CITtex_num3|g1|cit_e,CatPred,True,
ecoli|CITtex_num4|g1|cit_e,CatPred,True,
ecoli|ACGAtex_num2|g1|acgam_e,CatPred,True,
ecoli|ACGAtex_num3|g1|acgam_e,CatPred,True,
ecoli|ACGAtex_num4|g1|acgam_e,CatPred,True,
ecoli|MN6PP_num2|g1|h2o_c,CatPred,True,
ecoli|MN6PP_num2|g1|man6p_c,CatPred,True,
ecoli|MN6PP_num3|g1|h2o_c,CatPred,True,
ecoli|MN6PP_num3|g1|man6p_c,CatPred,True,
ecoli|MN6PP_num4|g1|h2o_c,CatPred,True,
ecoli|MN6PP_num4|g1|man6p_c,CatPred,True,
ecoli|F6PP_num2|g1|f6p_c,CatPred,True,
ecoli|F6PP_num2|g1|h2o_c,CatPred,True,
ecoli|F6PP_num3|g1|f6p_c,CatPred,True,
ecoli|F6PP_num3|g1|h2o_c,CatPred,True,
ecoli|F6PP_num4|g1|f6p_c,CatPred,True,
ecoli|F6PP_num4|g1|h2o_c,CatPred,True,
ecoli|F6PP_num5|g1|f6p_c,CatPred,True,
ecoli|F6PP_num5|g1|h2o_c,CatPred,True,
ecoli|FACOAL60t2pp_num2|g1|atp_c,CatPred,True,
ecoli|FACOAL60t2pp_num2|g1|coa_c,CatPred,True,
ecoli|FACOAL60t2pp_num2|g1|h_p,CatPred,True,
ecoli|FACOAL60t2pp_num2|g1|hxa_p,CatPred,True,
ecoli|INSt2pp_num2|g1|h_p,CatPred,True,
ecoli|INSt2pp_num2|g1|ins_p,CatPred,True,
ecoli|INSt2pp_num3|g1|h_p,CatPred,True,
ecoli|INSt2pp_num3|g1|ins_p,CatPred,True,
ecoli|GDPDPK_num2|g1|atp_c,CatPred,True,
ecoli|GDPDPK_num2|g1|gdp_c,CatPred,True,
ecoli|G6Ptex_num2|g1|g6p_e,CatPred,True,
ecoli|G6Ptex_num3|g1|g6p_e,CatPred,True,
ecoli|G6Ptex_num4|g1|g6p_e,CatPred,True,
ecoli|MOBDabcpp_num2|g1|atp_c,CatPred,False,missing_sequence;complex_not_supported_by_default
ecoli|MOBDabcpp_num2|g1|h2o_c,CatPred,False,missing_sequence;complex_not_supported_by_default
ecoli|MOBDabcpp_num2|g1|mobd_p,CatPred,False,missing_sequence;complex_not_supported_by_default
ecoli|MOBDabcpp_num3|g1|atp_c,CatPred,False,missing_sequence;complex_not_supported_by_default
ecoli|MOBDabcpp_num3|g1|h2o_c,CatPred,False,missing_sequence;complex_not_supported_by_default
ecoli|MOBDabcpp_num3|g1|mobd_p,CatPred,False,missing_sequence;complex_not_supported_by_default
ecoli|MOBDtex_num2|g1|mobd_e,CatPred,True,
ecoli|MOBDtex_num3|g1|mobd_e,CatPred,True,
ecoli|MOBDtex_num4|g1|mobd_e,CatPred,True,
ecoli|NI2uabcpp_num2|g1|atp_c,CatPred,True,
ecoli|NI2uabcpp_num2|g1|h2o_c,CatPred,True,
ecoli|NI2uabcpp_num2|g1|ni2_p,CatPred,True,
ecoli|NI2tex_num2|g1|ni2_e,CatPred,True,
ecoli|NI2tex_num3|g1|ni2_e,CatPred,True,
ecoli|NI2tex_num4|g1|ni2_e,CatPred,True,
ecoli|Kabcpp_num2|g1|atp_c,CatPred,False,missing_sequence;complex_not_supported_by_default
ecoli|Kabcpp_num2|g1|h2o_c,CatPred,False,missing_sequence;complex_not_supported_by_default
ecoli|Kabcpp_num2|g1|k_p,CatPred,False,missing_sequence;complex_not_supported_by_default
ecoli|LEUabcpp_num2|g1|atp_c,CatPred,False,missing_sequence;complex_not_supported_by_default
ecoli|LEUabcpp_num2|g1|h2o_c,CatPred,False,missing_sequence;complex_not_supported_by_default
ecoli|LEUabcpp_num2|g1|leu__L_p,CatPred,False,missing_sequence;complex_not_supported_by_default
ecoli|L_LACt2rpp_num2|g1|h_p,CatPred,True,
ecoli|L_LACt2rpp_num2|g1|lac__L_p,CatPred,True,
ecoli|MALt2_3pp_num2|g1|h_p,CatPred,True,
ecoli|MALt2_3pp_num2|g1|mal__L_p,CatPred,True,
ecoli|MELIBt2pp_num2|g1|h_p,CatPred,True,
ecoli|MELIBt2pp_num2|g1|melib_p,CatPred,True,
ecoli|SUCCt2_3pp_num2|g1|h_p,CatPred,True,
ecoli|SUCCt2_3pp_num2|g1|succ_p,CatPred,True,
ecoli|MNLptspp_num2|g1|mnl_p,CatPred,False,missing_sequence;complex_not_supported_by_default
ecoli|MNLptspp_num2|g1|pep_c,CatPred,False,missing_sequence;complex_not_supported_by_default
ecoli|MNLptspp_num3|g1|mnl_p,CatPred,False,missing_sequence;complex_not_supported_by_default
ecoli|MNLptspp_num3|g1|pep_c,CatPred,False,missing_sequence;complex_not_supported_by_default
ecoli|NH4tpp_num2|g1|nh4_p,CatPred,True,
ecoli|NO2t2rpp_num2|g1|h_p,CatPred,True,
ecoli|NO2t2rpp_num2|g1|no2_p,CatPred,True,
ecoli|NO3t7pp_num2|g1|no2_c,CatPred,True,
ecoli|NO3t7pp_num2|g1|no3_p,CatPred,True,
ecoli|PROt2rpp_num2|g1|h_p,CatPred,True,
ecoli|PROt2rpp_num2|g1|pro__L_p,CatPred,True,
ecoli|PTRCabcpp_num2|g1|atp_c,CatPred,False,missing_sequence;complex_not_supported_by_default
ecoli|PTRCabcpp_num2|g1|h2o_c,CatPred,False,missing_sequence;complex_not_supported_by_default
ecoli|PTRCabcpp_num2|g1|ptrc_p,CatPred,False,missing_sequence;complex_not_supported_by_default
ecoli|PTRCabcpp_num3|g1|atp_c,CatPred,False,missing_sequence;complex_not_supported_by_default
ecoli|PTRCabcpp_num3|g1|h2o_c,CatPred,False,missing_sequence;complex_not_supported_by_default
ecoli|PTRCabcpp_num3|g1|ptrc_p,CatPred,False,missing_sequence;complex_not_supported_by_default
ecoli|NTD12_num2|g1|dimp_c,CatPred,True,
ecoli|NTD12_num2|g1|h2o_c,CatPred,True,
ecoli|NTD12_num3|g1|dimp_c,CatPred,True,
ecoli|NTD12_num3|g1|h2o_c,CatPred,True,
ecoli|NTD12_num4|g1|dimp_c,CatPred,True,
ecoli|NTD12_num4|g1|h2o_c,CatPred,True,
ecoli|DNTPPA_num2|g1|ahdt_c,CatPred,True,
ecoli|DNTPPA_num2|g1|h2o_c,CatPred,True,
ecoli|NTD10pp_num2|g1|h2o_p,CatPred,True,
ecoli|NTD10pp_num2|g1|xmp_p,CatPred,True,
ecoli|NTD1pp_num2|g1|dump_p,CatPred,True,
ecoli|NTD1pp_num2|g1|h2o_p,CatPred,True,
ecoli|NTD2pp_num2|g1|h2o_p,CatPred,True,
ecoli|NTD2pp_num2|g1|ump_p,CatPred,True,
ecoli|NTD2pp_num3|g1|h2o_p,CatPred,True,
ecoli|NTD2pp_num3|g1|ump_p,CatPred,True,
ecoli|NTD3pp_num2|g1|dcmp_p,CatPred,True,
ecoli|NTD3pp_num2|g1|h2o_p,CatPred,True,
ecoli|NTD4pp_num2|g1|cmp_p,CatPred,True,
ecoli|NTD4pp_num2|g1|h2o_p,CatPred,True,
ecoli|NTD4pp_num3|g1|cmp_p,CatPred,True,
ecoli|NTD4pp_num3|g1|h2o_p,CatPred,True,
ecoli|NTD5pp_num2|g1|dtmp_p,CatPred,True,
ecoli|NTD5pp_num2|g1|h2o_p,CatPred,True,
ecoli|NTD6pp_num2|g1|damp_p,CatPred,True,
ecoli|NTD6pp_num2|g1|h2o_p,CatPred,True,
ecoli|NTD7pp_num2|g1|amp_p,CatPred,True,
ecoli|NTD7pp_num2|g1|h2o_p,CatPred,True,
ecoli|NTD7pp_num3|g1|amp_p,CatPred,True,
ecoli|NTD7pp_num3|g1|h2o_p,CatPred,True,
ecoli|NTD9pp_num2|g1|gmp_p,CatPred,True,
ecoli|NTD9pp_num2|g1|h2o_p,CatPred,True,
ecoli|NTD9pp_num3|g1|gmp_p,CatPred,True,
ecoli|NTD9pp_num3|g1|h2o_p,CatPred,True,
ecoli|H2O2tex_num2|g1|h2o2_e,CatPred,True,
ecoli|H2O2tex_num3|g1|h2o2_e,CatPred,True,
ecoli|H2O2tex_num4|g1|h2o2_e,CatPred,True,
ecoli|ADEtex_num2|g1|ade_e,CatPred,True,
ecoli|ADEtex_num3|g1|ade_e,CatPred,True,
ecoli|ADEtex_num4|g1|ade_e,CatPred,True,
ecoli|AGMtex_num2|g1|agm_e,CatPred,True,
ecoli|AGMtex_num3|g1|agm_e,CatPred,True,
ecoli|AGMtex_num4|g1|agm_e,CatPred,True,
ecoli|ALAtex_num2|g1|ala__L_e,CatPred,True,
ecoli|ALAtex_num3|g1|ala__L_e,CatPred,True,
ecoli|ALAtex_num4|g1|ala__L_e,CatPred,True,
ecoli|BALAtex_num2|g1|ala_B_e,CatPred,True,
ecoli|BALAtex_num3|g1|ala_B_e,CatPred,True,
ecoli|BALAtex_num4|g1|ala_B_e,CatPred,True,
ecoli|DALAtex_num2|g1|ala__D_e,CatPred,True,
ecoli|DALAtex_num3|g1|ala__D_e,CatPred,True,
ecoli|DALAtex_num4|g1|ala__D_e,CatPred,True,
ecoli|AMPtex_num2|g1|amp_e,CatPred,True,
ecoli|AMPtex_num3|g1|amp_e,CatPred,True,
ecoli|AMPtex_num4|g1|amp_e,CatPred,True,
ecoli|ARBtex_num2|g1|arab__L_e,CatPred,True,
ecoli|ARBtex_num3|g1|arab__L_e,CatPred,True,
ecoli|ARBtex_num4|g1|arab__L_e,CatPred,True,
ecoli|ARGtex_num2|g1|arg__L_e,CatPred,True,
ecoli|ARGtex_num3|g1|arg__L_e,CatPred,True,
ecoli|ARGtex_num4|g1|arg__L_e,CatPred,True,
ecoli|ASCBtex_num2|g1|ascb__L_e,CatPred,True,
ecoli|ASCBtex_num3|g1|ascb__L_e,CatPred,True,
ecoli|ASCBtex_num4|g1|ascb__L_e,CatPred,True,
ecoli|FACOAL100t2pp_num2|g1|atp_c,CatPred,True,
ecoli|FACOAL100t2pp_num2|g1|coa_c,CatPred,True,
ecoli|FACOAL100t2pp_num2|g1|dca_p,CatPred,True,
ecoli|FACOAL100t2pp_num2|g1|h_p,CatPred,True,
ecoli|RIBabcpp_num2|g1|atp_c,CatPred,False,missing_sequence;complex_not_supported_by_default
ecoli|RIBabcpp_num2|g1|h2o_c,CatPred,False,missing_sequence;complex_not_supported_by_default
ecoli|RIBabcpp_num2|g1|rib__D_p,CatPred,False,missing_sequence;complex_not_supported_by_default
ecoli|RIBabcpp_num3|g1|atp_c,CatPred,False,missing_sequence;complex_not_supported_by_default
ecoli|RIBabcpp_num3|g1|h2o_c,CatPred,False,missing_sequence;complex_not_supported_by_default
ecoli|RIBabcpp_num3|g1|rib__D_p,CatPred,False,missing_sequence;complex_not_supported_by_default
ecoli|FACOAL120t2pp_num2|g1|atp_c,CatPred,True,
ecoli|FACOAL120t2pp_num2|g1|coa_c,CatPred,True,
ecoli|FACOAL120t2pp_num2|g1|ddca_p,CatPred,True,
ecoli|FACOAL120t2pp_num2|g1|h_p,CatPred,True,
ecoli|FACOAL140t2pp_num2|g1|atp_c,CatPred,True,
ecoli|FACOAL140t2pp_num2|g1|coa_c,CatPred,True,
ecoli|FACOAL140t2pp_num2|g1|h_p,CatPred,True,
ecoli|FACOAL140t2pp_num2|g1|ttdca_p,CatPred,True,
ecoli|MMETtex_num2|g1|mmet_e,CatPred,True,
ecoli|MMETtex_num3|g1|mmet_e,CatPred,True,
ecoli|MMETtex_num4|g1|mmet_e,CatPred,True,
ecoli|FE3tex_num2|g1|fe3_e,CatPred,True,
ecoli|FE3tex_num3|g1|fe3_e,CatPred,True,
ecoli|FE3tex_num4|g1|fe3_e,CatPred,True,
ecoli|MG2tex_num2|g1|mg2_e,CatPred,True,
ecoli|MG2tex_num3|g1|mg2_e,CatPred,True,
ecoli|MG2tex_num4|g1|mg2_e,CatPred,True,
ecoli|Zn2tex_num2|g1|zn2_e,CatPred,True,
ecoli|Zn2tex_num3|g1|zn2_e,CatPred,True,
ecoli|Zn2tex_num4|g1|zn2_e,CatPred,True,
ecoli|CD2tex_num2|g1|cd2_e,CatPred,True,
ecoli|CD2tex_num3|g1|cd2_e,CatPred,True,
ecoli|CD2tex_num4|g1|cd2_e,CatPred,True,
ecoli|LCTSt3ipp_num2|g1|h_p,CatPred,True,
ecoli|LCTSt3ipp_num2|g1|lcts_c,CatPred,True,
ecoli|LCTSt3ipp_num3|g1|h_p,CatPred,True,
ecoli|LCTSt3ipp_num3|g1|lcts_c,CatPred,True,
ecoli|ASO3tex_num2|g1|aso3_e,CatPred,True,
ecoli|ASO3tex_num3|g1|aso3_e,CatPred,True,
ecoli|ASO3tex_num4|g1|aso3_e,CatPred,True,
ecoli|MANGLYCtex_num2|g1|manglyc_e,CatPred,True,
ecoli|MANGLYCtex_num3|g1|manglyc_e,CatPred,True,
ecoli|MANGLYCtex_num4|g1|manglyc_e,CatPred,True,
ecoli|FRUURtex_num2|g1|fruur_e,CatPred,True,
ecoli|FRUURtex_num3|g1|fruur_e,CatPred,True,
ecoli|FRUURtex_num4|g1|fruur_e,CatPred,True,
ecoli|GLYCAt2rpp_num2|g1|glyc__R_p,CatPred,True,
ecoli|GLYCAt2rpp_num2|g1|h_p,CatPred,True,
ecoli|GLYCAtex_num2|g1|glyc__R_e,CatPred,True,
ecoli|GLYCAtex_num3|g1|glyc__R_e,CatPred,True,
ecoli|GLYCAtex_num4|g1|glyc__R_e,CatPred,True,
ecoli|GLYBabcpp_num2|g1|atp_c,CatPred,False,missing_sequence;complex_not_supported_by_default
ecoli|GLYBabcpp_num2|g1|glyb_p,CatPred,False,missing_sequence;complex_not_supported_by_default
ecoli|GLYBabcpp_num2|g1|h2o_c,CatPred,False,missing_sequence;complex_not_supported_by_default
ecoli|GLYCtpp_num2|g1|glyc_c,CatPred,True,
ecoli|H2Otpp_num2|g1|h2o_p,CatPred,True,
ecoli|COBALT2tex_num2|g1|cobalt2_e,CatPred,True,
ecoli|COBALT2tex_num3|g1|cobalt2_e,CatPred,True,
ecoli|COBALT2tex_num4|g1|cobalt2_e,CatPred,True,
ecoli|NTD12pp_num2|g1|dimp_p,CatPred,True,
ecoli|NTD12pp_num2|g1|h2o_p,CatPred,True,
ecoli|PPA2_num2|g1|h2o_c,CatPred,True,
ecoli|PPA2_num2|g1|pppi_c,CatPred,True,
ecoli|DIMPtex_num2|g1|dimp_e,CatPred,True,
ecoli|DIMPtex_num3|g1|dimp_e,CatPred,True,
ecoli|DIMPtex_num4|g1|dimp_e,CatPred,True,
ecoli|3NTD7pp_num2|g1|3amp_p,CatPred,True,
ecoli|3NTD7pp_num2|g1|h2o_p,CatPred,True,
ecoli|3NTD4pp_num2|g1|3cmp_p,CatPred,True,
ecoli|3NTD4pp_num2|g1|h2o_p,CatPred,True,
ecoli|3NTD4pp_num3|g1|3cmp_p,CatPred,True,
ecoli|3NTD4pp_num3|g1|h2o_p,CatPred,True,
ecoli|3NTD2pp_num2|g1|3ump_p,CatPred,True,
ecoli|3NTD2pp_num2|g1|h2o_p,CatPred,True,
ecoli|3NTD9pp_num2|g1|3gmp_p,CatPred,True,
ecoli|3NTD9pp_num2|g1|h2o_p,CatPred,True,
ecoli|GLCNt2rpp_num2|g1|glcn_p,CatPred,True,
ecoli|GLCNt2rpp_num2|g1|h_p,CatPred,True,
ecoli|GLCNt2rpp_num3|g1|glcn_p,CatPred,True,
ecoli|GLCNt2rpp_num3|g1|h_p,CatPred,True,
ecoli|GLCNt2rpp_num4|g1|glcn_p,CatPred,True,
ecoli|GLCNt2rpp_num4|g1|h_p,CatPred,True,
ecoli|GLCptspp_num2|g1|glc__D_p,CatPred,False,missing_sequence;complex_not_supported_by_default
ecoli|GLCptspp_num2|g1|pep_c,CatPred,False,missing_sequence;complex_not_supported_by_default
ecoli|GLCptspp_num3|g1|glc__D_p,CatPred,False,missing_sequence;complex_not_supported_by_default
ecoli|GLCptspp_num3|g1|pep_c,CatPred,False,missing_sequence;complex_not_supported_by_default
ecoli|GLCRt2rpp_num2|g1|glcr_p,CatPred,True,
ecoli|GLCRt2rpp_num2|g1|h_p,CatPred,True,
ecoli|GLCURt2rpp_num2|g1|glcur_p,CatPred,True,
ecoli|GLCURt2rpp_num2|g1|h_p,CatPred,True,
ecoli|XTSNtex_num2|g1|xtsn_e,CatPred,True,
ecoli|XTSNtex_num3|g1|xtsn_e,CatPred,True,
ecoli|XTSNtex_num4|g1|xtsn_e,CatPred,True,
ecoli|GNK_num2|g1|atp_c,CatPred,True,
ecoli|GNK_num2|g1|glcn_c,CatPred,True,
ecoli|FHL_num2|g1|for_c,CatPred,False,missing_sequence;complex_not_supported_by_default
ecoli|FHL_num2|g1|h_c,CatPred,False,missing_sequence;complex_not_supported_by_default
ecoli|GLYCLTDy_num2|g1|glx_c,CatPred,True,
ecoli|GLYCLTDy_num2|g1|h_c,CatPred,True,
ecoli|GLYCLTDy_num2|g1|nadph_c,CatPred,True,
ecoli|LYSDC_num2|g1|h_c,CatPred,True,
ecoli|LYSDC_num2|g1|lys__L_c,CatPred,True,
ecoli|XANt2pp_num2|g1|h_p,CatPred,True,
ecoli|XANt2pp_num2|g1|xan_p,CatPred,True,
ecoli|XANt2pp_num3|g1|h_p,CatPred,True,
ecoli|XANt2pp_num3|g1|xan_p,CatPred,True,
ecoli|SPMDabcpp_num2|g1|atp_c,CatPred,False,missing_sequence;complex_not_supported_by_default
ecoli|SPMDabcpp_num2|g1|h2o_c,CatPred,False,missing_sequence;complex_not_supported_by_default
ecoli|SPMDabcpp_num2|g1|spmd_p,CatPred,False,missing_sequence;complex_not_supported_by_default
ecoli|HG2tex_num2|g1|hg2_e,CatPred,True,
ecoli|HG2tex_num3|g1|hg2_e,CatPred,True,
ecoli|HG2tex_num4|g1|hg2_e,CatPred,True,
ecoli|NTPP5_num2|g1|datp_c,CatPred,True,
ecoli|NTPP5_num2|g1|h2o_c,CatPred,True,
ecoli|NTD3_num2|g1|dcmp_c,CatPred,True,
ecoli|NTD3_num2|g1|h2o_c,CatPred,True,
ecoli|NTD3_num3|g1|dcmp_c,CatPred,True,
ecoli|NTD3_num3|g1|h2o_c,CatPred,True,
ecoli|DHAtex_num2|g1|dha_e,CatPred,True,
ecoli|DHAtex_num3|g1|dha_e,CatPred,True,
ecoli|DHAtex_num4|g1|dha_e,CatPred,True,
ecoli|ETOHtex_num2|g1|etoh_e,CatPred,True,
ecoli|ETOHtex_num3|g1|etoh_e,CatPred,True,
ecoli|ETOHtex_num4|g1|etoh_e,CatPred,True,
ecoli|RNDR2_num2|g1|gdp_c,CatPred,False,missing_sequence;complex_not_supported_by_default
ecoli|RNDR2_num2|g1|trdrd_c,CatPred,False,missing_sequence;complex_not_supported_by_default
ecoli|HACD3_num2|g1|3oocoa_c,CatPred,True,
ecoli|HACD3_num2|g1|h_c,CatPred,True,
ecoli|HACD3_num2|g1|nadh_c,CatPred,True,
ecoli|ACACtex_num2|g1|acac_e,CatPred,True,
ecoli|ACACtex_num3|g1|acac_e,CatPred,True,
ecoli|ACACtex_num4|g1|acac_e,CatPred,True,
ecoli|ACNAMtex_num2|g1|acnam_e,CatPred,True,
ecoli|ACNAMtex_num3|g1|acnam_e,CatPred,True,
ecoli|THRA2_num2|g1|athr__L_c,CatPred,True,
ecoli|H2Stex_num2|g1|h2s_e,CatPred,True,
ecoli|H2Stex_num3|g1|h2s_e,CatPred,True,
ecoli|H2Stex_num4|g1|h2s_e,CatPred,True,
ecoli|E4PD_num2|g1|e4p_c,CatPred,True,
ecoli|E4PD_num2|g1|h2o_c,CatPred,True,
ecoli|E4PD_num2|g1|nad_c,CatPred,True,
ecoli|DUTPDP_num2|g1|dutp_c,CatPred,True,
ecoli|DUTPDP_num2|g1|h2o_c,CatPred,True,
ecoli|FORt2pp_num2|g1|for_p,CatPred,True,
ecoli|FORt2pp_num2|g1|h_p,CatPred,True,
ecoli|DPR_num2|g1|2dhp_c,CatPred,True,
ecoli|DPR_num2|g1|h_c,CatPred,True,
ecoli|DPR_num2|g1|nadph_c,CatPred,True,
ecoli|THRD_L_num2|g1|thr__L_c,CatPred,True,
ecoli|4PEPTtex_num2|g1|LalaDgluMdapDala_e,CatPred,True,
ecoli|4PEPTtex_num3|g1|LalaDgluMdapDala_e,CatPred,True,
ecoli|4PEPTtex_num4|g1|LalaDgluMdapDala_e,CatPred,True,
ecoli|GALabcpp_num2|g1|atp_c,CatPred,False,missing_sequence;complex_not_supported_by_default
ecoli|GALabcpp_num2|g1|gal_p,CatPred,False,missing_sequence;complex_not_supported_by_default
ecoli|GALabcpp_num2|g1|h2o_c,CatPred,False,missing_sequence;complex_not_supported_by_default
ecoli|GLYCLTt2rpp_num2|g1|glyclt_p,CatPred,True,
ecoli|GLYCLTt2rpp_num2|g1|h_p,CatPred,True,
ecoli|DHFR_num2|g1|dhf_c,CatPred,True,
ecoli|DHFR_num2|g1|h_c,CatPred,True,
ecoli|DHFR_num2|g1|nadph_c,CatPred,True,
ecoli|TYRTA_num2|g1|akg_c,CatPred,True,
ecoli|TYRTA_num2|g1|tyr__L_c,CatPred,True,
ecoli|TYRTA_num3|g1|akg_c,CatPred,True,
ecoli|TYRTA_num3|g1|tyr__L_c,CatPred,True,
ecoli|SHKK_num2|g1|atp_c,CatPred,True,
ecoli|SHKK_num2|g1|skm_c,CatPred,True,
ecoli|GUAPRT_num2|g1|gua_c,CatPred,True,
ecoli|GUAPRT_num2|g1|prpp_c,CatPred,True,
ecoli|HYD3pp_num2|g1|2dmmq8_c,CatPred,False,missing_sequence;complex_not_supported_by_default
ecoli|HYD3pp_num2|g1|h2_c,CatPred,False,missing_sequence;complex_not_supported_by_default
ecoli|HYD3pp_num2|g1|h_c,CatPred,False,missing_sequence;complex_not_supported_by_default
ecoli|NO3R1pp_num2|g1|h_c,CatPred,False,missing_sequence;complex_not_supported_by_default
ecoli|NO3R1pp_num2|g1|no3_c,CatPred,False,missing_sequence;complex_not_supported_by_default
ecoli|NO3R1pp_num2|g1|q8h2_c,CatPred,False,missing_sequence;complex_not_supported_by_default
ecoli|NTD8_num2|g1|dgmp_c,CatPred,True,
ecoli|NTD8_num2|g1|h2o_c,CatPred,True,
ecoli|NTD8_num3|g1|dgmp_c,CatPred,True,
ecoli|NTD8_num3|g1|h2o_c,CatPred,True,
ecoli|NTD8_num4|g1|dgmp_c,CatPred,True,
ecoli|NTD8_num4|g1|h2o_c,CatPred,True,
ecoli|PUNP4_num2|g1|dgsn_c,CatPred,True,
ecoli|PUNP4_num2|g1|pi_c,CatPred,True,
ecoli|NTD11pp_num2|g1|h2o_p,CatPred,True,
ecoli|NTD11pp_num2|g1|imp_p,CatPred,True,
ecoli|PDE1_num2|g1|camp_c,CatPred,True,
ecoli|PDE1_num2|g1|h2o_c,CatPred,True,
ecoli|CU2tex_num2|g1|cu2_e,CatPred,True,
ecoli|CU2tex_num3|g1|cu2_e,CatPred,True,
ecoli|CU2tex_num4|g1|cu2_e,CatPred,True,
ecoli|ALAALAr_num2|g1|ala__D_c,CatPred,True,
ecoli|ALAALAr_num2|g1|atp_c,CatPred,True,
ecoli|CLtex_num2|g1|cl_e,CatPred,True,
ecoli|CLtex_num3|g1|cl_e,CatPred,True,
ecoli|CLtex_num4|g1|cl_e,CatPred,True,
ecoli|CELBpts_num2|g1|cellb_e,CatPred,False,missing_sequence;complex_not_supported_by_default
ecoli|CELBpts_num2|g1|pep_c,CatPred,False,missing_sequence;complex_not_supported_by_default
ecoli|ACACT1r_num2|g1|accoa_c,CatPred,True,
ecoli|ACACT1r_num3|g1|accoa_c,CatPred,True,
ecoli|G2PPpp_num2|g1|glyc2p_p,CatPred,True,
ecoli|G2PPpp_num2|g1|h2o_p,CatPred,True,
ecoli|Kt3pp_num2|g1|h_p,CatPred,True,
ecoli|Kt3pp_num2|g1|k_c,CatPred,True,
ecoli|Kt3pp_num3|g1|h_p,CatPred,True,
ecoli|Kt3pp_num3|g1|k_c,CatPred,True,
ecoli|Kt3pp_num4|g1|h_p,CatPred,True,
ecoli|Kt3pp_num4|g1|k_c,CatPred,True,
ecoli|AGM3PApp_num2|g1|anhgm3p_p,CatPred,True,
ecoli|AGM3PApp_num2|g1|h2o_p,CatPred,True,
ecoli|AGM3PApp_num3|g1|anhgm3p_p,CatPred,True,
ecoli|AGM3PApp_num3|g1|h2o_p,CatPred,True,
ecoli|AGM3PApp_num4|g1|anhgm3p_p,CatPred,True,
ecoli|AGM3PApp_num4|g1|h2o_p,CatPred,True,
ecoli|NTP1_num2|g1|atp_c,CatPred,True,
ecoli|NTP1_num2|g1|h2o_c,CatPred,True,
ecoli|PROtex_num2|g1|pro__L_e,CatPred,True,
ecoli|PROtex_num3|g1|pro__L_e,CatPred,True,
ecoli|PROtex_num4|g1|pro__L_e,CatPred,True,
ecoli|SBTtex_num2|g1|sbt__D_e,CatPred,True,
ecoli|SBTtex_num3|g1|sbt__D_e,CatPred,True,
ecoli|SBTtex_num4|g1|sbt__D_e,CatPred,True,
ecoli|PFK_num2|g1|atp_c,CatPred,True,
ecoli|PFK_num2|g1|f6p_c,CatPred,True,
ecoli|PGM_num2|g1|2pg_c,CatPred,True,
ecoli|RPI_num2|g1|r5p_c,CatPred,True,
ecoli|AKGtex_num2|g1|akg_e,CatPred,True,
ecoli|AKGtex_num3|g1|akg_e,CatPred,True,
ecoli|AKGtex_num4|g1|akg_e,CatPred,True,
ecoli|ALLTNtex_num2|g1|alltn_e,CatPred,True,
ecoli|ALLTNtex_num3|g1|alltn_e,CatPred,True,
ecoli|ALLTNtex_num4|g1|alltn_e,CatPred,True,
ecoli|ASNtex_num2|g1|asn__L_e,CatPred,True,
ecoli|ASNtex_num3|g1|asn__L_e,CatPred,True,
ecoli|ASNtex_num4|g1|asn__L_e,CatPred,True,
ecoli|OBTFL_num2|g1|2obut_c,CatPred,False,missing_sequence;complex_not_supported_by_default
ecoli|OBTFL_num2|g1|coa_c,CatPred,False,missing_sequence;complex_not_supported_by_default
ecoli|OBTFL_num3|g1|2obut_c,CatPred,False,missing_sequence;complex_not_supported_by_default
ecoli|OBTFL_num3|g1|coa_c,CatPred,False,missing_sequence;complex_not_supported_by_default
ecoli|THRt2pp_num2|g1|h_p,CatPred,True,
ecoli|THRt2pp_num2|g1|thr__L_c,CatPred,True,
ecoli|G6PP_num2|g1|g6p_c,CatPred,True,
ecoli|G6PP_num2|g1|h2o_c,CatPred,True,
ecoli|G6PP_num3|g1|g6p_c,CatPred,True,
ecoli|G6PP_num3|g1|h2o_c,CatPred,True,
ecoli|TYMtex_num2|g1|tym_e,CatPred,True,
ecoli|TYMtex_num3|g1|tym_e,CatPred,True,
ecoli|TYMtex_num4|g1|tym_e,CatPred,True,
ecoli|CMPtex_num2|g1|cmp_e,CatPred,True,
ecoli|CMPtex_num3|g1|cmp_e,CatPred,True,
ecoli|CMPtex_num4|g1|cmp_e,CatPred,True,
ecoli|DUMPtex_num2|g1|dump_e,CatPred,True,
ecoli|DUMPtex_num3|g1|dump_e,CatPred,True,
ecoli|DUMPtex_num4|g1|dump_e,CatPred,True,
ecoli|XMPtex_num2|g1|xmp_e,CatPred,True,
ecoli|XMPtex_num3|g1|xmp_e,CatPred,True,
ecoli|XMPtex_num4|g1|xmp_e,CatPred,True,
ecoli|3PEPTtex_num2|g1|LalaDgluMdap_e,CatPred,False,missing_smiles
ecoli|3PEPTtex_num3|g1|LalaDgluMdap_e,CatPred,False,missing_smiles
ecoli|3PEPTtex_num4|g1|LalaDgluMdap_e,CatPred,False,missing_smiles
ecoli|ANHGMtex_num2|g1|anhgm_e,CatPred,False,missing_smiles
ecoli|ANHGMtex_num3|g1|anhgm_e,CatPred,False,missing_smiles
ecoli|ANHGMtex_num4|g1|anhgm_e,CatPred,False,missing_smiles
ecoli|FALDtex_num2|g1|fald_e,CatPred,True,
ecoli|FALDtex_num3|g1|fald_e,CatPred,True,
ecoli|FALDtex_num4|g1|fald_e,CatPred,True,
ecoli|ALR2_num2|g1|h_c,CatPred,True,
ecoli|ALR2_num2|g1|mthgxl_c,CatPred,True,
ecoli|ALR2_num2|g1|nadph_c,CatPred,True,
ecoli|ALR2_num3|g1|h_c,CatPred,True,
ecoli|ALR2_num3|g1|mthgxl_c,CatPred,True,
ecoli|ALR2_num3|g1|nadph_c,CatPred,True,
ecoli|ALR2_num4|g1|h_c,CatPred,True,
ecoli|ALR2_num4|g1|mthgxl_c,CatPred,True,
ecoli|ALR2_num4|g1|nadph_c,CatPred,True,
ecoli|CYSDtex_num2|g1|cys__D_e,CatPred,True,
ecoli|CYSDtex_num3|g1|cys__D_e,CatPred,True,
ecoli|CYSDtex_num4|g1|cys__D_e,CatPred,True,
ecoli|G3PItex_num2|g1|g3pi_e,CatPred,True,
ecoli|G3PItex_num3|g1|g3pi_e,CatPred,True,
ecoli|G3PItex_num4|g1|g3pi_e,CatPred,True,
ecoli|G3PGtex_num2|g1|g3pg_e,CatPred,True,
ecoli|G3PGtex_num3|g1|g3pg_e,CatPred,True,
ecoli|G3PGtex_num4|g1|g3pg_e,CatPred,True,
ecoli|G3PEtex_num2|g1|g3pe_e,CatPred,True,
ecoli|G3PEtex_num3|g1|g3pe_e,CatPred,True,
ecoli|G3PEtex_num4|g1|g3pe_e,CatPred,True,
ecoli|G3PCtex_num2|g1|g3pc_e,CatPred,True,
ecoli|G3PCtex_num3|g1|g3pc_e,CatPred,True,
ecoli|G3PCtex_num4|g1|g3pc_e,CatPred,True,
ecoli|DAMPtex_num2|g1|damp_e,CatPred,True,
ecoli|DAMPtex_num3|g1|damp_e,CatPred,True,
ecoli|DAMPtex_num4|g1|damp_e,CatPred,True,
ecoli|DCMPtex_num2|g1|dcmp_e,CatPred,True,
ecoli|DCMPtex_num3|g1|dcmp_e,CatPred,True,
ecoli|DCMPtex_num4|g1|dcmp_e,CatPred,True,
ecoli|DGMPtex_num2|g1|dgmp_e,CatPred,True,
ecoli|DGMPtex_num3|g1|dgmp_e,CatPred,True,
ecoli|DGMPtex_num4|g1|dgmp_e,CatPred,True,
ecoli|DTMPtex_num2|g1|dtmp_e,CatPred,True,
ecoli|DTMPtex_num3|g1|dtmp_e,CatPred,True,
ecoli|DTMPtex_num4|g1|dtmp_e,CatPred,True,
ecoli|GMPtex_num2|g1|gmp_e,CatPred,True,
ecoli|GMPtex_num3|g1|gmp_e,CatPred,True,
ecoli|GMPtex_num4|g1|gmp_e,CatPred,True,
ecoli|IMPtex_num2|g1|imp_e,CatPred,True,
ecoli|IMPtex_num3|g1|imp_e,CatPred,True,
ecoli|IMPtex_num4|g1|imp_e,CatPred,True,
ecoli|UMPtex_num2|g1|ump_e,CatPred,True,
ecoli|UMPtex_num3|g1|ump_e,CatPred,True,
ecoli|UMPtex_num4|g1|ump_e,CatPred,True,
ecoli|G1Ptex_num2|g1|g1p_e,CatPred,True,
ecoli|G1Ptex_num3|g1|g1p_e,CatPred,True,
ecoli|G1Ptex_num4|g1|g1p_e,CatPred,True,
ecoli|ZN2t3pp_num2|g1|h_p,CatPred,True,
ecoli|ZN2t3pp_num2|g1|zn2_c,CatPred,True,
ecoli|SKMtex_num2|g1|skm_e,CatPred,True,
ecoli|SKMtex_num3|g1|skm_e,CatPred,True,
ecoli|SKMtex_num4|g1|skm_e,CatPred,True,
ecoli|MNtex_num2|g1|mn2_e,CatPred,True,
ecoli|MNtex_num3|g1|mn2_e,CatPred,True,
ecoli|MNtex_num4|g1|mn2_e,CatPred,True,
ecoli|GAL1Ptex_num2|g1|gal1p_e,CatPred,True,
ecoli|GAL1Ptex_num3|g1|gal1p_e,CatPred,True,
ecoli|GAL1Ptex_num4|g1|gal1p_e,CatPred,True,
ecoli|O2Stex_num2|g1|o2s_e,CatPred,True,
ecoli|O2Stex_num3|g1|o2s_e,CatPred,True,
ecoli|O2Stex_num4|g1|o2s_e,CatPred,True,
ecoli|ALDD3y_num2|g1|h2o_c,CatPred,True,
ecoli|ALDD3y_num2|g1|nadp_c,CatPred,True,
ecoli|ALDD3y_num2|g1|ppal_c,CatPred,True,
ecoli|ALDD3y_num3|g1|h2o_c,CatPred,True,
ecoli|ALDD3y_num3|g1|nadp_c,CatPred,True,
ecoli|ALDD3y_num3|g1|ppal_c,CatPred,True,
ecoli|R5PP_num2|g1|h2o_c,CatPred,True,
ecoli|R5PP_num2|g1|r5p_c,CatPred,True,
ecoli|R5PP_num3|g1|h2o_c,CatPred,True,
ecoli|R5PP_num3|g1|r5p_c,CatPred,True,
ecoli|R5PP_num4|g1|h2o_c,CatPred,True,
ecoli|R5PP_num4|g1|r5p_c,CatPred,True,
ecoli|R5PP_num5|g1|h2o_c,CatPred,True,
ecoli|R5PP_num5|g1|r5p_c,CatPred,True,
ecoli|CYSSADS_num2|g1|3sala_c,CatPred,True,
ecoli|CYSSADS_num2|g1|h_c,CatPred,True,
ecoli|HOMt2pp_num2|g1|h_p,CatPred,True,
ecoli|HOMt2pp_num2|g1|hom__L_c,CatPred,True,
ecoli|HOMtex_num2|g1|hom__L_e,CatPred,True,
ecoli|HOMtex_num3|g1|hom__L_e,CatPred,True,
ecoli|HOMtex_num4|g1|hom__L_e,CatPred,True,
ecoli|SO2tex_num2|g1|so2_e,CatPred,True,
ecoli|SO2tex_num3|g1|so2_e,CatPred,True,
ecoli|SO2tex_num4|g1|so2_e,CatPred,True,
ecoli|CYStpp_num2|g1|cys__L_c,CatPred,True,
ecoli|ACSERtpp_num2|g1|acser_c,CatPred,True,
ecoli|ACSERtex_num2|g1|acser_e,CatPred,True,
ecoli|ACSERtex_num3|g1|acser_e,CatPred,True,
ecoli|ACSERtex_num4|g1|acser_e,CatPred,True,
ecoli|NTP10_num2|g1|h2o_c,CatPred,True,
ecoli|NTP10_num2|g1|itp_c,CatPred,True,
ecoli|ECOAH7_num2|g1|3hhdcoa_c,CatPred,True,
ecoli|G1PPpp_num2|g1|g1p_p,CatPred,True,
ecoli|G1PPpp_num2|g1|h2o_p,CatPred,True,
ecoli|NTD11_num2|g1|h2o_c,CatPred,True,
ecoli|NTD11_num2|g1|imp_c,CatPred,True,
ecoli|ORNDC_num2|g1|h_c,CatPred,True,
ecoli|ORNDC_num2|g1|orn_c,CatPred,True,
ecoli|ALAALAtex_num2|g1|alaala_e,CatPred,True,
ecoli|ALAALAtex_num3|g1|alaala_e,CatPred,True,
ecoli|ALAALAtex_num4|g1|alaala_e,CatPred,True,
ecoli|FACOAL181t2pp_num2|g1|atp_c,CatPred,True,
ecoli|FACOAL181t2pp_num2|g1|coa_c,CatPred,True,
ecoli|FACOAL181t2pp_num2|g1|h_p,CatPred,True,
ecoli|FACOAL181t2pp_num2|g1|ocdcea_p,CatPred,True,
ecoli|MALtex_num2|g1|mal__L_e,CatPred,True,
ecoli|MALtex_num3|g1|mal__L_e,CatPred,True,
ecoli|MALtex_num4|g1|mal__L_e,CatPred,True,
ecoli|NO3tex_num2|g1|no3_e,CatPred,True,
ecoli|NO3tex_num3|g1|no3_e,CatPred,True,
ecoli|NO3tex_num4|g1|no3_e,CatPred,True,
ecoli|URAt2pp_num2|g1|h_p,CatPred,True,
ecoli|URAt2pp_num2|g1|ura_p,CatPred,True,
ecoli|ALAALAabcpp_num2|g1|alaala_p,CatPred,False,missing_sequence;complex_not_supported_by_default
ecoli|ALAALAabcpp_num2|g1|atp_c,CatPred,False,missing_sequence;complex_not_supported_by_default
ecoli|ALAALAabcpp_num2|g1|h2o_c,CatPred,False,missing_sequence;complex_not_supported_by_default
ecoli|AMPTASEPG_num2|g1|h2o_c,CatPred,True,
ecoli|AMPTASEPG_num2|g1|progly_c,CatPred,True,
ecoli|AMPTASEPG_num3|g1|h2o_c,CatPred,True,
ecoli|AMPTASEPG_num3|g1|progly_c,CatPred,True,
ecoli|AMPTASEPG_num4|g1|h2o_c,CatPred,True,
ecoli|AMPTASEPG_num4|g1|progly_c,CatPred,True,
ecoli|CLPNS180pp_num2|g1|pg180_p,CatPred,True,
ecoli|CLPNS181pp_num2|g1|pg181_p,CatPred,False,missing_smiles
ecoli|CLPNS120pp_num2|g1|pg120_p,CatPred,False,missing_smiles
ecoli|FACOAL141t2pp_num2|g1|atp_c,CatPred,True,
ecoli|FACOAL141t2pp_num2|g1|coa_c,CatPred,True,
ecoli|FACOAL141t2pp_num2|g1|h_p,CatPred,True,
ecoli|FACOAL141t2pp_num2|g1|ttdcea_p,CatPred,True,
ecoli|FACOAL161t2pp_num2|g1|atp_c,CatPred,True,
ecoli|FACOAL161t2pp_num2|g1|coa_c,CatPred,True,
ecoli|FACOAL161t2pp_num2|g1|h_p,CatPred,True,
ecoli|FACOAL161t2pp_num2|g1|hdcea_p,CatPred,True,
ecoli|PGPP140pp_num2|g1|h2o_p,CatPred,True,
ecoli|PGPP140pp_num2|g1|pgp140_p,CatPred,False,missing_smiles
ecoli|PGPP141pp_num2|g1|h2o_p,CatPred,True,
ecoli|PGPP141pp_num2|g1|pgp141_p,CatPred,False,missing_smiles
ecoli|PGPP160pp_num2|g1|h2o_p,CatPred,True,
ecoli|PGPP160pp_num2|g1|pgp160_p,CatPred,True,
ecoli|PGPP180pp_num2|g1|h2o_p,CatPred,True,
ecoli|PGPP180pp_num2|g1|pgp180_p,CatPred,True,
ecoli|CLPNS160pp_num2|g1|pg160_p,CatPred,True,
ecoli|CLPNS161pp_num2|g1|pg161_p,CatPred,True,
ecoli|GSNtex_num2|g1|gsn_e,CatPred,True,
ecoli|GSNtex_num3|g1|gsn_e,CatPred,True,
ecoli|GSNtex_num4|g1|gsn_e,CatPred,True,
ecoli|FORtex_num2|g1|for_e,CatPred,True,
ecoli|FORtex_num3|g1|for_e,CatPred,True,
ecoli|FORtex_num4|g1|for_e,CatPred,True,
ecoli|D_LACt2pp_num2|g1|h_p,CatPred,True,
ecoli|D_LACt2pp_num2|g1|lac__D_p,CatPred,True,
ecoli|RIBtex_num2|g1|rib__D_e,CatPred,True,
ecoli|RIBtex_num3|g1|rib__D_e,CatPred,True,
ecoli|RIBtex_num4|g1|rib__D_e,CatPred,True,
ecoli|THMtex_num2|g1|thm_e,CatPred,True,
ecoli|THMtex_num3|g1|thm_e,CatPred,True,
ecoli|THMtex_num4|g1|thm_e,CatPred,True,
ecoli|XYLUtex_num2|g1|xylu__L_e,CatPred,True,
ecoli|XYLUtex_num3|g1|xylu__L_e,CatPred,True,
ecoli|XYLUtex_num4|g1|xylu__L_e,CatPred,True,
ecoli|ALLtex_num2|g1|all__D_e,CatPred,True,
ecoli|ALLtex_num3|g1|all__D_e,CatPred,True,
ecoli|ALLtex_num4|g1|all__D_e,CatPred,True,
ecoli|34dhpactex_num2|g1|34dhpac_e,CatPred,True,
ecoli|34dhpactex_num3|g1|34dhpac_e,CatPred,True,
ecoli|34dhpactex_num4|g1|34dhpac_e,CatPred,True,
ecoli|HYD1pp_num2|g1|h2_c,CatPred,False,missing_sequence;complex_not_supported_by_default
ecoli|HYD1pp_num2|g1|h_c,CatPred,False,missing_sequence;complex_not_supported_by_default
ecoli|HYD1pp_num2|g1|q8_c,CatPred,False,missing_sequence;complex_not_supported_by_default
ecoli|HYD1pp_num3|g1|h2_c,CatPred,False,missing_sequence;complex_not_supported_by_default
ecoli|HYD1pp_num3|g1|h_c,CatPred,False,missing_sequence;complex_not_supported_by_default
ecoli|HYD1pp_num3|g1|q8_c,CatPred,False,missing_sequence;complex_not_supported_by_default
ecoli|FE3DHBZStonex_num2|g1|fe3dhbzs_e,CatPred,False,missing_sequence;complex_not_supported_by_default
ecoli|FE3DHBZStonex_num2|g1|h_p,CatPred,False,missing_sequence;complex_not_supported_by_default
ecoli|23DAPPAtex_num2|g1|23dappa_e,CatPred,True,
ecoli|23DAPPAtex_num3|g1|23dappa_e,CatPred,True,
ecoli|23DAPPAtex_num4|g1|23dappa_e,CatPred,True,
ecoli|FMNRx_num2|g1|fmn_c,CatPred,True,
ecoli|FMNRx_num2|g1|h_c,CatPred,True,
ecoli|FMNRx_num2|g1|nadh_c,CatPred,True,
ecoli|PHEt2rpp_num2|g1|h_p,CatPred,True,
ecoli|PHEt2rpp_num2|g1|phe__L_p,CatPred,True,
ecoli|MDDCP1pp_num2|g1|h2o_p,CatPred,True,
ecoli|MDDCP1pp_num2|g1|murein5px4p_p,CatPred,True,
ecoli|MDDCP1pp_num3|g1|h2o_p,CatPred,True,
ecoli|MDDCP1pp_num3|g1|murein5px4p_p,CatPred,True,
ecoli|MDDCP1pp_num4|g1|h2o_p,CatPred,True,
ecoli|MDDCP1pp_num4|g1|murein5px4p_p,CatPred,True,
ecoli|MDDCP1pp_num5|g1|h2o_p,CatPred,True,
ecoli|MDDCP1pp_num5|g1|murein5px4p_p,CatPred,True,
ecoli|MDDCP1pp_num6|g1|h2o_p,CatPred,True,
ecoli|MDDCP1pp_num6|g1|murein5px4p_p,CatPred,True,
ecoli|2DOXG6PP_num2|g1|2doxg6p_c,CatPred,True,
ecoli|2DOXG6PP_num2|g1|h2o_c,CatPred,True,
ecoli|2DOXG6PP_num3|g1|2doxg6p_c,CatPred,True,
ecoli|2DOXG6PP_num3|g1|h2o_c,CatPred,True,
ecoli|2DOXG6PP_num4|g1|2doxg6p_c,CatPred,True,
ecoli|2DOXG6PP_num4|g1|h2o_c,CatPred,True,
ecoli|MPTG_num2|g1|uaagmda_c,CatPred,False,missing_sequence;complex_not_supported_by_default
ecoli|MPTG_num3|g1|uaagmda_c,CatPred,False,missing_sequence;complex_not_supported_by_default
ecoli|MPTG_num4|g1|uaagmda_c,CatPred,False,missing_sequence;complex_not_supported_by_default
ecoli|MPTG2_num2|g1|murein5p5p_p,CatPred,False,missing_sequence;complex_not_supported_by_default
ecoli|MPTG2_num2|g1|uaagmda_c,CatPred,False,missing_sequence;complex_not_supported_by_default
ecoli|MPTG2_num3|g1|murein5p5p_p,CatPred,False,missing_sequence;complex_not_supported_by_default
ecoli|MPTG2_num3|g1|uaagmda_c,CatPred,False,missing_sequence;complex_not_supported_by_default
ecoli|MPTG2_num4|g1|murein5p5p_p,CatPred,False,missing_sequence;complex_not_supported_by_default
ecoli|MPTG2_num4|g1|uaagmda_c,CatPred,False,missing_sequence;complex_not_supported_by_default
ecoli|MCTP1App_num2|g1|murein5p5p_p,CatPred,False,missing_sequence;complex_not_supported_by_default
ecoli|MCTP2App_num2|g1|murein5p5p5p_p,CatPred,False,missing_sequence;complex_not_supported_by_default
ecoli|MCTP1Bpp_num2|g1|murein5p5p_p,CatPred,True,
ecoli|GLCtex_copy2_num2|g1|glc__D_e,CatPred,True,
ecoli|GLCtex_copy2_num3|g1|glc__D_e,CatPred,True,
ecoli|GLCtex_copy2_num4|g1|glc__D_e,CatPred,True,
ecoli|NAt3pp_num2|g1|h_p,CatPred,True,
ecoli|NAt3pp_num2|g1|na1_c,CatPred,True,
ecoli|SFGTHi_num2|g1|Sfglutth_c,CatPred,True,
ecoli|SFGTHi_num2|g1|h2o_c,CatPred,True,
ecoli|THIORDXi_num2|g1|h2o2_c,CatPred,False,missing_sequence;complex_not_supported_by_default
ecoli|THIORDXi_num2|g1|trdrd_c,CatPred,False,missing_sequence;complex_not_supported_by_default
ecoli|THIORDXi_num3|g1|h2o2_c,CatPred,False,missing_sequence;complex_not_supported_by_default
ecoli|THIORDXi_num3|g1|trdrd_c,CatPred,False,missing_sequence;complex_not_supported_by_default
ecoli|3HAD80_num2|g1|3hoctACP_c,CatPred,False,missing_smiles
ecoli|3HAD120_num2|g1|3hddecACP_c,CatPred,True,
ecoli|PGPP120_num2|g1|h2o_c,CatPred,True,
ecoli|PGPP120_num2|g1|pgp120_c,CatPred,False,missing_smiles
ecoli|PPALtex_num2|g1|ppal_e,CatPred,True,
ecoli|PPALtex_num3|g1|ppal_e,CatPred,True,
ecoli|PPALtex_num4|g1|ppal_e,CatPred,True,
ecoli|CA2tex_num2|g1|ca2_e,CatPred,True,
ecoli|CA2tex_num3|g1|ca2_e,CatPred,True,
ecoli|CA2tex_num4|g1|ca2_e,CatPred,True,
ecoli|CUtex_num2|g1|cu_e,CatPred,True,
ecoli|CUtex_num3|g1|cu_e,CatPred,True,
ecoli|CUtex_num4|g1|cu_e,CatPred,True,
ecoli|12PPDRtex_num2|g1|12ppd__R_e,CatPred,True,
ecoli|12PPDRtex_num3|g1|12ppd__R_e,CatPred,True,
ecoli|12PPDRtex_num4|g1|12ppd__R_e,CatPred,True,
ecoli|F6Ptex_num2|g1|f6p_e,CatPred,True,
ecoli|F6Ptex_num3|g1|f6p_e,CatPred,True,
ecoli|F6Ptex_num4|g1|f6p_e,CatPred,True,
ecoli|GAMAN6Ptex_num2|g1|gam6p_e,CatPred,True,
ecoli|GAMAN6Ptex_num3|g1|gam6p_e,CatPred,True,
ecoli|GAMAN6Ptex_num4|g1|gam6p_e,CatPred,True,
ecoli|ACONTb_num2|g1|acon_C_c,CatPred,True,
ecoli|ACONTb_num2|g1|h2o_c,CatPred,True,
ecoli|GLCP2_num2|g1|bglycogen_c,CatPred,False,missing_smiles
ecoli|GLCP2_num2|g1|pi_c,CatPred,True,
ecoli|3HAD161_num2|g1|3hcpalm9eACP_c,CatPred,False,missing_smiles
ecoli|3HAD121_num2|g1|3hcddec5eACP_c,CatPred,False,missing_smiles
ecoli|PROGLYtex_num2|g1|progly_e,CatPred,True,
ecoli|PROGLYtex_num3|g1|progly_e,CatPred,True,
ecoli|PROGLYtex_num4|g1|progly_e,CatPred,True,
ecoli|MDDCP2pp_num2|g1|h2o_p,CatPred,True,
ecoli|MDDCP2pp_num2|g1|murein5px4px4p_p,CatPred,True,
ecoli|MDDCP2pp_num3|g1|h2o_p,CatPred,True,
ecoli|MDDCP2pp_num3|g1|murein5px4px4p_p,CatPred,True,
ecoli|MDDCP2pp_num4|g1|h2o_p,CatPred,True,
ecoli|MDDCP2pp_num4|g1|murein5px4px4p_p,CatPred,True,
ecoli|MDDCP2pp_num5|g1|h2o_p,CatPred,True,
ecoli|MDDCP2pp_num5|g1|murein5px4px4p_p,CatPred,True,
ecoli|MDDCP2pp_num6|g1|h2o_p,CatPred,True,
ecoli|MDDCP2pp_num6|g1|murein5px4px4p_p,CatPred,True,
ecoli|MDDCP3pp_num2|g1|h2o_p,CatPred,True,
ecoli|MDDCP3pp_num2|g1|murein5p5p_p,CatPred,True,
ecoli|MDDCP3pp_num3|g1|h2o_p,CatPred,True,
ecoli|MDDCP3pp_num3|g1|murein5p5p_p,CatPred,True,
ecoli|MDDCP3pp_num4|g1|h2o_p,CatPred,True,
ecoli|MDDCP3pp_num4|g1|murein5p5p_p,CatPred,True,
ecoli|MDDCP3pp_num5|g1|h2o_p,CatPred,True,
ecoli|MDDCP3pp_num5|g1|murein5p5p_p,CatPred,True,
ecoli|MDDCP3pp_num6|g1|h2o_p,CatPred,True,
ecoli|MDDCP3pp_num6|g1|murein5p5p_p,CatPred,True,
ecoli|MLDCP1App_num2|g1|h2o_p,CatPred,True,
ecoli|MLDCP1App_num2|g1|murein5px4p_p,CatPred,True,
ecoli|MLDCP1App_num3|g1|h2o_p,CatPred,True,
ecoli|MLDCP1App_num3|g1|murein5px4p_p,CatPred,True,
ecoli|MLDCP1App_num4|g1|h2o_p,CatPred,True,
ecoli|MLDCP1App_num4|g1|murein5px4p_p,CatPred,True,
ecoli|MLDCP1App_num5|g1|h2o_p,CatPred,True,
ecoli|MLDCP1App_num5|g1|murein5px4p_p,CatPred,True,
ecoli|3HAD141_num2|g1|3hcmrs7eACP_c,CatPred,False,missing_smiles
ecoli|ACONTa_num2|g1|cit_c,CatPred,True,
ecoli|MLDCP2App_num2|g1|h2o_p,CatPred,True,
ecoli|MLDCP2App_num2|g1|murein5p5p_p,CatPred,True,
ecoli|MLDCP2App_num3|g1|h2o_p,CatPred,True,
ecoli|MLDCP2App_num3|g1|murein5p5p_p,CatPred,True,
ecoli|MLDCP2App_num4|g1|h2o_p,CatPred,True,
ecoli|MLDCP2App_num4|g1|murein5p5p_p,CatPred,True,
ecoli|MLDCP2App_num5|g1|h2o_p,CatPred,True,
ecoli|MLDCP2App_num5|g1|murein5p5p_p,CatPred,True,
ecoli|PGPP120pp_num2|g1|h2o_p,CatPred,True,
ecoli|PGPP120pp_num2|g1|pgp120_p,CatPred,False,missing_smiles
ecoli|PGPP181pp_num2|g1|h2o_p,CatPred,True,
ecoli|PGPP181pp_num2|g1|pgp181_p,CatPred,False,missing_smiles
ecoli|PGPP140_num2|g1|h2o_c,CatPred,True,
ecoli|PGPP140_num2|g1|pgp140_c,CatPred,False,missing_smiles
ecoli|PGPP141_num2|g1|h2o_c,CatPred,True,
ecoli|PGPP141_num2|g1|pgp141_c,CatPred,False,missing_smiles
ecoli|MDDCP5pp_num2|g1|h2o_p,CatPred,True,
ecoli|MDDCP5pp_num2|g1|murein5p3p_p,CatPred,True,
ecoli|MDDCP5pp_num3|g1|h2o_p,CatPred,True,
ecoli|MDDCP5pp_num3|g1|murein5p3p_p,CatPred,True,
ecoli|MDDCP5pp_num4|g1|h2o_p,CatPred,True,
ecoli|MDDCP5pp_num4|g1|murein5p3p_p,CatPred,True,
ecoli|MDDCP5pp_num5|g1|h2o_p,CatPred,True,
ecoli|MDDCP5pp_num5|g1|murein5p3p_p,CatPred,True,
ecoli|MDDCP5pp_num6|g1|h2o_p,CatPred,True,
ecoli|MDDCP5pp_num6|g1|murein5p3p_p,CatPred,True,
ecoli|MLTGY3pp_num2|g1|murein3p3p_p,CatPred,True,
ecoli|MLTGY3pp_num3|g1|murein3p3p_p,CatPred,True,
ecoli|MLTGY3pp_num4|g1|murein3p3p_p,CatPred,True,
ecoli|MLTGY3pp_num5|g1|murein3p3p_p,CatPred,True,
ecoli|MLTGY3pp_num6|g1|murein3p3p_p,CatPred,True,
ecoli|MLTGY3pp_num7|g1|murein3p3p_p,CatPred,True,
ecoli|MLTGY3pp_num8|g1|murein3p3p_p,CatPred,True,
ecoli|MLDCP2Bpp_num2|g1|h2o_p,CatPred,True,
ecoli|MLDCP2Bpp_num2|g1|murein4p3p_p,CatPred,True,
ecoli|MLDCP2Bpp_num3|g1|h2o_p,CatPred,True,
ecoli|MLDCP2Bpp_num3|g1|murein4p3p_p,CatPred,True,
ecoli|MLDCP2Bpp_num4|g1|h2o_p,CatPred,True,
ecoli|MLDCP2Bpp_num4|g1|murein4p3p_p,CatPred,True,
ecoli|MLDCP2Bpp_num5|g1|h2o_p,CatPred,True,
ecoli|MLDCP2Bpp_num5|g1|murein4p3p_p,CatPred,True,
ecoli|3OAS140_num2|g1|ddcaACP_c,CatPred,False,missing_smiles
ecoli|3OAS140_num2|g1|h_c,CatPred,True,
ecoli|3OAS140_num2|g1|malACP_c,CatPred,True,
ecoli|3HAD181_num2|g1|3hcvac11eACP_c,CatPred,False,missing_smiles
ecoli|PGPP160_num2|g1|h2o_c,CatPred,True,
ecoli|PGPP160_num2|g1|pgp160_c,CatPred,True,
ecoli|PGPP180_num2|g1|h2o_c,CatPred,True,
ecoli|PGPP180_num2|g1|pgp180_c,CatPred,True,
ecoli|PGPP161_num2|g1|h2o_c,CatPred,True,
ecoli|PGPP161_num2|g1|pgp161_c,CatPred,True,
ecoli|PGPP181_num2|g1|h2o_c,CatPred,True,
ecoli|PGPP181_num2|g1|pgp181_c,CatPred,False,missing_smiles
ecoli|MDDCP4pp_num2|g1|h2o_p,CatPred,True,
ecoli|MDDCP4pp_num2|g1|murein5p4p_p,CatPred,True,
ecoli|MDDCP4pp_num3|g1|h2o_p,CatPred,True,
ecoli|MDDCP4pp_num3|g1|murein5p4p_p,CatPred,True,
ecoli|MDDCP4pp_num4|g1|h2o_p,CatPred,True,
ecoli|MDDCP4pp_num4|g1|murein5p4p_p,CatPred,True,
ecoli|MDDCP4pp_num5|g1|h2o_p,CatPred,True,
ecoli|MDDCP4pp_num5|g1|murein5p4p_p,CatPred,True,
ecoli|MDDCP4pp_num6|g1|h2o_p,CatPred,True,
ecoli|MDDCP4pp_num6|g1|murein5p4p_p,CatPred,True,
ecoli|CLPNS140pp_num2|g1|pg140_p,CatPred,True,
ecoli|CLPNS141pp_num2|g1|pg141_p,CatPred,False,missing_smiles
ecoli|MDDEP3pp_num2|g1|h2o_p,CatPred,True,
ecoli|MDDEP3pp_num2|g1|murein5px4p_p,CatPred,True,
ecoli|MDDEP3pp_num3|g1|h2o_p,CatPred,True,
ecoli|MDDEP3pp_num3|g1|murein5px4p_p,CatPred,True,
ecoli|MDDEP3pp_num4|g1|h2o_p,CatPred,True,
ecoli|MDDEP3pp_num4|g1|murein5px4p_p,CatPred,True,
ecoli|MDDEP3pp_num5|g1|h2o_p,CatPred,True,
ecoli|MDDEP3pp_num5|g1|murein5px4p_p,CatPred,True,
ecoli|MDDEP3pp_num6|g1|h2o_p,CatPred,True,
ecoli|MDDEP3pp_num6|g1|murein5px4p_p,CatPred,True,
ecoli|MDDEP3pp_num7|g1|h2o_p,CatPred,True,
ecoli|MDDEP3pp_num7|g1|murein5px4p_p,CatPred,True,
ecoli|MDDEP4pp_num2|g1|h2o_p,CatPred,True,
ecoli|MDDEP4pp_num2|g1|murein4px4px4p_p,CatPred,False,missing_smiles
ecoli|MDDEP4pp_num3|g1|h2o_p,CatPred,True,
ecoli|MDDEP4pp_num3|g1|murein4px4px4p_p,CatPred,False,missing_smiles
ecoli|MDDEP4pp_num4|g1|h2o_p,CatPred,True,
ecoli|MDDEP4pp_num4|g1|murein4px4px4p_p,CatPred,False,missing_smiles
ecoli|MDDEP4pp_num5|g1|h2o_p,CatPred,True,
ecoli|MDDEP4pp_num5|g1|murein4px4px4p_p,CatPred,False,missing_smiles
ecoli|MDDEP4pp_num6|g1|h2o_p,CatPred,True,
ecoli|MDDEP4pp_num6|g1|murein4px4px4p_p,CatPred,False,missing_smiles
ecoli|MDDEP4pp_num7|g1|h2o_p,CatPred,True,
ecoli|MDDEP4pp_num7|g1|murein4px4px4p_p,CatPred,False,missing_smiles
ecoli|MLTGY1pp_num2|g1|murein4p4p_p,CatPred,True,
ecoli|MLTGY1pp_num3|g1|murein4p4p_p,CatPred,True,
ecoli|MLTGY1pp_num4|g1|murein4p4p_p,CatPred,True,
ecoli|MLTGY1pp_num5|g1|murein4p4p_p,CatPred,True,
ecoli|MLTGY1pp_num6|g1|murein4p4p_p,CatPred,True,
ecoli|MLTGY1pp_num7|g1|murein4p4p_p,CatPred,True,
ecoli|MLTGY1pp_num8|g1|murein4p4p_p,CatPred,True,
ecoli|CGLYtex_num2|g1|cgly_e,CatPred,True,
ecoli|CGLYtex_num3|g1|cgly_e,CatPred,True,
ecoli|CGLYtex_num4|g1|cgly_e,CatPred,True,
ecoli|3HAD40_num2|g1|3haACP_c,CatPred,True,
ecoli|3OAS60_num2|g1|butACP_c,CatPred,True,
ecoli|3OAS60_num2|g1|h_c,CatPred,True,
ecoli|3OAS60_num2|g1|malACP_c,CatPred,True,
ecoli|3OAS160_num2|g1|h_c,CatPred,True,
ecoli|3OAS160_num2|g1|malACP_c,CatPred,True,
ecoli|3OAS160_num2|g1|myrsACP_c,CatPred,True,
ecoli|MLDCP3App_num2|g1|h2o_p,CatPred,True,
ecoli|MLDCP3App_num2|g1|murein5px3p_p,CatPred,False,missing_smiles
ecoli|MLDCP3App_num3|g1|h2o_p,CatPred,True,
ecoli|MLDCP3App_num3|g1|murein5px3p_p,CatPred,False,missing_smiles
ecoli|MLDCP3App_num4|g1|h2o_p,CatPred,True,
ecoli|MLDCP3App_num4|g1|murein5px3p_p,CatPred,False,missing_smiles
ecoli|MLDCP3App_num5|g1|h2o_p,CatPred,True,
ecoli|MLDCP3App_num5|g1|murein5px3p_p,CatPred,False,missing_smiles
ecoli|MLDCP1Bpp_num2|g1|h2o_p,CatPred,True,
ecoli|MLDCP1Bpp_num2|g1|murein4p4p_p,CatPred,True,
ecoli|MLDCP1Bpp_num3|g1|h2o_p,CatPred,True,
ecoli|MLDCP1Bpp_num3|g1|murein4p4p_p,CatPred,True,
ecoli|MLDCP1Bpp_num4|g1|h2o_p,CatPred,True,
ecoli|MLDCP1Bpp_num4|g1|murein4p4p_p,CatPred,True,
ecoli|MLDCP1Bpp_num5|g1|h2o_p,CatPred,True,
ecoli|MLDCP1Bpp_num5|g1|murein4p4p_p,CatPred,True,
ecoli|PGPP161pp_num2|g1|h2o_p,CatPred,True,
ecoli|PGPP161pp_num2|g1|pgp161_p,CatPred,True,
ecoli|GTHOXtex_num2|g1|gthox_e,CatPred,True,
ecoli|GTHOXtex_num3|g1|gthox_e,CatPred,True,
ecoli|GTHOXtex_num4|g1|gthox_e,CatPred,True,
ecoli|DSBDR_num2|g1|dsbdox_c,CatPred,False,missing_sequence;missing_smiles;complex_not_supported_by_default
ecoli|DSBDR_num2|g1|trdrd_c,CatPred,False,missing_sequence;complex_not_supported_by_default
ecoli|3OAS80_num2|g1|h_c,CatPred,True,
ecoli|3OAS80_num2|g1|hexACP_c,CatPred,True,
ecoli|3OAS80_num2|g1|malACP_c,CatPred,True,
ecoli|3OAS100_num2|g1|h_c,CatPred,True,
ecoli|3OAS100_num2|g1|malACP_c,CatPred,True,
ecoli|3OAS100_num2|g1|ocACP_c,CatPred,True,
ecoli|3OAS120_num2|g1|dcaACP_c,CatPred,True,
ecoli|3OAS120_num2|g1|h_c,CatPred,True,
ecoli|3OAS120_num2|g1|malACP_c,CatPred,True,
ecoli|3HAD60_num2|g1|3hhexACP_c,CatPred,True,
ecoli|3HAD100_num2|g1|3hdecACP_c,CatPred,False,missing_smiles
ecoli|3HAD140_num2|g1|3hmrsACP_c,CatPred,False,missing_smiles
ecoli|3HAD160_num2|g1|3hpalmACP_c,CatPred,False,missing_smiles
ecoli|MLTGY2pp_num2|g1|murein4p3p_p,CatPred,True,
ecoli|MLTGY2pp_num3|g1|murein4p3p_p,CatPred,True,
ecoli|MLTGY2pp_num4|g1|murein4p3p_p,CatPred,True,
ecoli|MLTGY2pp_num5|g1|murein4p3p_p,CatPred,True,
ecoli|MLTGY2pp_num6|g1|murein4p3p_p,CatPred,True,
ecoli|MLTGY2pp_num7|g1|murein4p3p_p,CatPred,True,
ecoli|MLTGY2pp_num8|g1|murein4p3p_p,CatPred,True,
ecoli|MLTGY4pp_num2|g1|murein4px4p4p_p,CatPred,True,
ecoli|MLTGY4pp_num3|g1|murein4px4p4p_p,CatPred,True,
ecoli|MLTGY4pp_num4|g1|murein4px4p4p_p,CatPred,True,
ecoli|MLTGY4pp_num5|g1|murein4px4p4p_p,CatPred,True,
ecoli|MLTGY4pp_num6|g1|murein4px4p4p_p,CatPred,True,
ecoli|MLTGY4pp_num7|g1|murein4px4p4p_p,CatPred,True,
ecoli|MLTGY4pp_num8|g1|murein4px4p4p_p,CatPred,True,
ecoli|3OAS180_num2|g1|h_c,CatPred,True,
ecoli|3OAS180_num2|g1|malACP_c,CatPred,True,
ecoli|3OAS180_num2|g1|palmACP_c,CatPred,False,missing_smiles
ecoli|3HAD180_num2|g1|3hoctaACP_c,CatPred,True,
ecoli|MDDEP1pp_num2|g1|h2o_p,CatPred,True,
ecoli|MDDEP1pp_num2|g1|murein4px4p_p,CatPred,False,missing_smiles
ecoli|MDDEP1pp_num3|g1|h2o_p,CatPred,True,
ecoli|MDDEP1pp_num3|g1|murein4px4p_p,CatPred,False,missing_smiles
ecoli|MDDEP1pp_num4|g1|h2o_p,CatPred,True,
ecoli|MDDEP1pp_num4|g1|murein4px4p_p,CatPred,False,missing_smiles
ecoli|MDDEP1pp_num5|g1|h2o_p,CatPred,True,
ecoli|MDDEP1pp_num5|g1|murein4px4p_p,CatPred,False,missing_smiles
ecoli|MDDEP1pp_num6|g1|h2o_p,CatPred,True,
ecoli|MDDEP1pp_num6|g1|murein4px4p_p,CatPred,False,missing_smiles
ecoli|MDDEP1pp_num7|g1|h2o_p,CatPred,True,
ecoli|MDDEP1pp_num7|g1|murein4px4p_p,CatPred,False,missing_smiles
ecoli|MDDEP2pp_num2|g1|h2o_p,CatPred,True,
ecoli|MDDEP2pp_num2|g1|murein3px4p_p,CatPred,True,
ecoli|MDDEP2pp_num3|g1|h2o_p,CatPred,True,
ecoli|MDDEP2pp_num3|g1|murein3px4p_p,CatPred,True,
ecoli|MDDEP2pp_num4|g1|h2o_p,CatPred,True,
ecoli|MDDEP2pp_num4|g1|murein3px4p_p,CatPred,True,
ecoli|MDDEP2pp_num5|g1|h2o_p,CatPred,True,
ecoli|MDDEP2pp_num5|g1|murein3px4p_p,CatPred,True,
ecoli|MDDEP2pp_num6|g1|h2o_p,CatPred,True,
ecoli|MDDEP2pp_num6|g1|murein3px4p_p,CatPred,True,
ecoli|MDDEP2pp_num7|g1|h2o_p,CatPred,True,
ecoli|MDDEP2pp_num7|g1|murein3px4p_p,CatPred,True,
ecoli|GTHRDtex_num2|g1|gthrd_e,CatPred,True,
ecoli|GTHRDtex_num3|g1|gthrd_e,CatPred,True,
ecoli|GTHRDtex_num4|g1|gthrd_e,CatPred,True,
ecoli|GLYBt2pp_num2|g1|glyb_p,CatPred,True,
ecoli|GLYBt2pp_num2|g1|h_p,CatPred,True,
ecoli|LYSt3pp_num2|g1|h_p,CatPred,True,
ecoli|LYSt3pp_num2|g1|lys__L_c,CatPred,True,
ecoli|BGLA1_num2|g1|6pgg_c,CatPred,True,
ecoli|BGLA1_num2|g1|h2o_c,CatPred,True,
ecoli|BGLA1_num3|g1|6pgg_c,CatPred,True,
ecoli|BGLA1_num3|g1|h2o_c,CatPred,True,
ecoli|CHLt2pp_num2|g1|chol_p,CatPred,True,
ecoli|CHLt2pp_num2|g1|h_p,CatPred,True,
ecoli|TUNGStex_num2|g1|tungs_e,CatPred,True,
ecoli|TUNGStex_num3|g1|tungs_e,CatPred,True,
ecoli|TUNGStex_num4|g1|tungs_e,CatPred,True,
ecoli|COBALT2tpp_num2|g1|cobalt2_p,CatPred,True,
ecoli|2MAHMP_num2|g1|2mahmp_c,CatPred,True,
ecoli|2MAHMP_num2|g1|h2o_c,CatPred,True,
ecoli|COBALT2t3pp_num2|g1|cobalt2_c,CatPred,True,
ecoli|COBALT2t3pp_num2|g1|h_p,CatPred,True,
ecoli|GALCTNLtex_num2|g1|galctn__L_e,CatPred,True,
ecoli|GALCTNLtex_num3|g1|galctn__L_e,CatPred,True,
ecoli|GALCTNLtex_num4|g1|galctn__L_e,CatPred,True,
ecoli|MALDtex_num2|g1|mal__D_e,CatPred,True,
ecoli|MALDtex_num3|g1|mal__D_e,CatPred,True,
ecoli|MALDtex_num4|g1|mal__D_e,CatPred,True,
ecoli|OROTtex_num2|g1|orot_e,CatPred,True,
ecoli|OROTtex_num3|g1|orot_e,CatPred,True,
ecoli|OROTtex_num4|g1|orot_e,CatPred,True,
ecoli|5DGLCNtex_num2|g1|5dglcn_e,CatPred,True,
ecoli|5DGLCNtex_num3|g1|5dglcn_e,CatPred,True,
ecoli|5DGLCNtex_num4|g1|5dglcn_e,CatPred,True,
ecoli|GLYt2pp_num2|g1|gly_p,CatPred,True,
ecoli|GLYt2pp_num2|g1|h_p,CatPred,True,
ecoli|ALAt2pp_num2|g1|ala__L_p,CatPred,True,
ecoli|ALAt2pp_num2|g1|h_p,CatPred,True,
ecoli|NI2t3pp_num2|g1|h_p,CatPred,True,
ecoli|NI2t3pp_num2|g1|ni2_c,CatPred,True,
ecoli|PPAtex_num2|g1|ppa_e,CatPred,True,
ecoli|PPAtex_num3|g1|ppa_e,CatPred,True,
ecoli|PPAtex_num4|g1|ppa_e,CatPred,True,
ecoli|PSCLYStex_num2|g1|psclys_e,CatPred,True,
ecoli|PSCLYStex_num3|g1|psclys_e,CatPred,True,
ecoli|PSCLYStex_num4|g1|psclys_e,CatPred,True,
ecoli|THYMtex_num2|g1|thym_e,CatPred,True,
ecoli|THYMtex_num3|g1|thym_e,CatPred,True,
ecoli|THYMtex_num4|g1|thym_e,CatPred,True,
ecoli|MN2t3pp_num2|g1|h_p,CatPred,True,
ecoli|MN2t3pp_num2|g1|mn2_c,CatPred,True,
ecoli|THRA_num2|g1|thr__L_c,CatPred,True,
ecoli|XYLK2_num2|g1|atp_c,CatPred,True,
ecoli|XYLK2_num2|g1|xylu__L_c,CatPred,True,
ecoli|POR5_num2|g1|coa_c,CatPred,False,missing_sequence;complex_not_supported_by_default
ecoli|POR5_num2|g1|flxso_c,CatPred,False,missing_sequence;missing_smiles;complex_not_supported_by_default
ecoli|POR5_num2|g1|pyr_c,CatPred,False,missing_sequence;complex_not_supported_by_default
ecoli|HACD8_num2|g1|3ohodcoa_c,CatPred,True,
ecoli|HACD8_num2|g1|h_c,CatPred,True,
ecoli|HACD8_num2|g1|nadh_c,CatPred,True,
ecoli|DGUNC_num2|g1|gtp_c,CatPred,True,
ecoli|DGUNC_num3|g1|gtp_c,CatPred,True,
ecoli|DGUNC_num4|g1|gtp_c,CatPred,True,
ecoli|DGUNC_num5|g1|gtp_c,CatPred,True,
ecoli|CDGUNPD_num2|g1|cdigmp_c,CatPred,True,
ecoli|CDGUNPD_num2|g1|h2o_c,CatPred,True,
ecoli|CDGUNPD_num3|g1|cdigmp_c,CatPred,True,
ecoli|CDGUNPD_num3|g1|h2o_c,CatPred,True,
ecoli|CDGUNPD_num4|g1|cdigmp_c,CatPred,True,
ecoli|CDGUNPD_num4|g1|h2o_c,CatPred,True,
ecoli|CDGUNPD_num5|g1|cdigmp_c,CatPred,True,
ecoli|CDGUNPD_num5|g1|h2o_c,CatPred,True,
ecoli|CMtpp_num2|g1|cm_p,CatPred,False,missing_sequence;complex_not_supported_by_default
ecoli|CMtpp_num2|g1|h_p,CatPred,False,missing_sequence;complex_not_supported_by_default
ecoli|FUSAtpp_num2|g1|fusa_p,CatPred,False,missing_sequence;complex_not_supported_by_default
ecoli|FUSAtpp_num2|g1|h_p,CatPred,False,missing_sequence;complex_not_supported_by_default
ecoli|MINCYCtex_num2|g1|mincyc_e,CatPred,True,
ecoli|MINCYCtex_num3|g1|mincyc_e,CatPred,True,
ecoli|MINCYCtex_num4|g1|mincyc_e,CatPred,True,
ecoli|MINCYCtpp_num2|g1|h_p,CatPred,False,missing_sequence;complex_not_supported_by_default
ecoli|MINCYCtpp_num2|g1|mincyc_p,CatPred,False,missing_sequence;complex_not_supported_by_default
ecoli|DOXRBCNtex_num2|g1|doxrbcn_e,CatPred,True,
ecoli|DOXRBCNtex_num3|g1|doxrbcn_e,CatPred,True,
ecoli|DOXRBCNtex_num4|g1|doxrbcn_e,CatPred,True,
ecoli|DOXRBCNtpp_num2|g1|doxrbcn_p,CatPred,False,missing_sequence;complex_not_supported_by_default
ecoli|DOXRBCNtpp_num2|g1|h_p,CatPred,False,missing_sequence;complex_not_supported_by_default
ecoli|NOVBCNtpp_num2|g1|h_p,CatPred,False,missing_sequence;complex_not_supported_by_default
ecoli|NOVBCNtpp_num2|g1|novbcn_p,CatPred,False,missing_sequence;complex_not_supported_by_default
ecoli|CMtex_num2|g1|cm_e,CatPred,True,
ecoli|CMtex_num3|g1|cm_e,CatPred,True,
ecoli|CMtex_num4|g1|cm_e,CatPred,True,
ecoli|LALALGLUtex_num2|g1|LalaLglu_e,CatPred,True,
ecoli|LALALGLUtex_num3|g1|LalaLglu_e,CatPred,True,
ecoli|LALALGLUtex_num4|g1|LalaLglu_e,CatPred,True,
ecoli|LALADGLUtpp_num2|g1|LalaDglu_p,CatPred,True,
ecoli|LALADGLUtpp_num2|g1|h_p,CatPred,True,
ecoli|LALADGLUtpp_num3|g1|LalaDglu_p,CatPred,True,
ecoli|LALADGLUtpp_num3|g1|h_p,CatPred,True,
ecoli|LALADGLUtpp_num4|g1|LalaDglu_p,CatPred,True,
ecoli|LALADGLUtpp_num4|g1|h_p,CatPred,True,
ecoli|5MTRtex_num2|g1|5mtr_e,CatPred,True,
ecoli|5MTRtex_num3|g1|5mtr_e,CatPred,True,
ecoli|5MTRtex_num4|g1|5mtr_e,CatPred,True,
ecoli|LALADGLUtex_num2|g1|LalaDglu_e,CatPred,True,
ecoli|LALADGLUtex_num3|g1|LalaDglu_e,CatPred,True,
ecoli|LALADGLUtex_num4|g1|LalaDglu_e,CatPred,True,
ecoli|LALALGLUtpp_num2|g1|LalaLglu_p,CatPred,True,
ecoli|LALALGLUtpp_num2|g1|h_p,CatPred,True,
ecoli|LALALGLUtpp_num3|g1|LalaLglu_p,CatPred,True,
ecoli|LALALGLUtpp_num3|g1|h_p,CatPred,True,
ecoli|LALALGLUtpp_num4|g1|LalaLglu_p,CatPred,True,
ecoli|LALALGLUtpp_num4|g1|h_p,CatPred,True,
ecoli|3HPPtex_num2|g1|3hpp_e,CatPred,True,
ecoli|3HPPtex_num3|g1|3hpp_e,CatPred,True,
ecoli|3HPPtex_num4|g1|3hpp_e,CatPred,True,
ecoli|MSAR_num2|g1|h_c,CatPred,True,
ecoli|MSAR_num2|g1|msa_c,CatPred,True,
ecoli|MSAR_num2|g1|nadph_c,CatPred,True,
ecoli|FUSAtex_num2|g1|fusa_e,CatPred,True,
ecoli|FUSAtex_num3|g1|fusa_e,CatPred,True,
ecoli|FUSAtex_num4|g1|fusa_e,CatPred,True,
ecoli|QUIN2tex_num2|g1|quin_e,CatPred,True,
ecoli|QUIN2tex_num3|g1|quin_e,CatPred,True,
ecoli|QUIN2tex_num4|g1|quin_e,CatPred,True,
ecoli|ACACT8r_num2|g1|3ohodcoa_c,CatPred,True,
ecoli|ACACT8r_num2|g1|coa_c,CatPred,True,
ecoli|FDH4pp_num2|g1|for_p,CatPred,False,missing_sequence;complex_not_supported_by_default
ecoli|FDH4pp_num2|g1|h_c,CatPred,False,missing_sequence;complex_not_supported_by_default
ecoli|FDH4pp_num2|g1|q8_c,CatPred,False,missing_sequence;complex_not_supported_by_default
ecoli|FDH5pp_num2|g1|for_p,CatPred,False,missing_sequence;complex_not_supported_by_default
ecoli|FDH5pp_num2|g1|h_c,CatPred,False,missing_sequence;complex_not_supported_by_default
ecoli|FDH5pp_num2|g1|mqn8_c,CatPred,False,missing_sequence;complex_not_supported_by_default
ecoli|SELtex_num2|g1|sel_e,CatPred,True,
ecoli|SELtex_num3|g1|sel_e,CatPred,True,
ecoli|SELtex_num4|g1|sel_e,CatPred,True,
ecoli|MEOHtex_num2|g1|meoh_e,CatPred,True,
ecoli|MEOHtex_num3|g1|meoh_e,CatPred,True,
ecoli|MEOHtex_num4|g1|meoh_e,CatPred,True,
ecoli|MECDPDH5_num2|g1|2mecdp_c,CatPred,False,missing_sequence;complex_not_supported_by_default
ecoli|MECDPDH5_num2|g1|flxr_c,CatPred,False,missing_sequence;missing_smiles;complex_not_supported_by_default
ecoli|MECDPDH5_num2|g1|h_c,CatPred,False,missing_sequence;complex_not_supported_by_default
ecoli|RNTR1c2_num2|g1|atp_c,CatPred,False,missing_sequence;complex_not_supported_by_default
ecoli|RNTR1c2_num2|g1|flxr_c,CatPred,False,missing_sequence;missing_smiles;complex_not_supported_by_default
ecoli|RNTR1c2_num2|g1|h_c,CatPred,False,missing_sequence;complex_not_supported_by_default
ecoli|RNTR1c2_num3|g1|atp_c,CatPred,False,missing_sequence;complex_not_supported_by_default
ecoli|RNTR1c2_num3|g1|flxr_c,CatPred,False,missing_sequence;missing_smiles;complex_not_supported_by_default
ecoli|RNTR1c2_num3|g1|h_c,CatPred,False,missing_sequence;complex_not_supported_by_default
ecoli|RNTR1c2_num4|g1|atp_c,CatPred,False,missing_sequence;complex_not_supported_by_default
ecoli|RNTR1c2_num4|g1|flxr_c,CatPred,False,missing_sequence;missing_smiles;complex_not_supported_by_default
ecoli|RNTR1c2_num4|g1|h_c,CatPred,False,missing_sequence;complex_not_supported_by_default
ecoli|RNTR2c2_num2|g1|flxr_c,CatPred,False,missing_sequence;missing_smiles;complex_not_supported_by_default
ecoli|RNTR2c2_num2|g1|gtp_c,CatPred,False,missing_sequence;complex_not_supported_by_default
ecoli|RNTR2c2_num2|g1|h_c,CatPred,False,missing_sequence;complex_not_supported_by_default
ecoli|RNTR2c2_num3|g1|flxr_c,CatPred,False,missing_sequence;missing_smiles;complex_not_supported_by_default
ecoli|RNTR2c2_num3|g1|gtp_c,CatPred,False,missing_sequence;complex_not_supported_by_default
ecoli|RNTR2c2_num3|g1|h_c,CatPred,False,missing_sequence;complex_not_supported_by_default
ecoli|RNTR2c2_num4|g1|flxr_c,CatPred,False,missing_sequence;missing_smiles;complex_not_supported_by_default
ecoli|RNTR2c2_num4|g1|gtp_c,CatPred,False,missing_sequence;complex_not_supported_by_default
ecoli|RNTR2c2_num4|g1|h_c,CatPred,False,missing_sequence;complex_not_supported_by_default
ecoli|RNTR3c2_num2|g1|ctp_c,CatPred,False,missing_sequence;complex_not_supported_by_default
ecoli|RNTR3c2_num2|g1|flxr_c,CatPred,False,missing_sequence;missing_smiles;complex_not_supported_by_default
ecoli|RNTR3c2_num2|g1|h_c,CatPred,False,missing_sequence;complex_not_supported_by_default
ecoli|RNTR3c2_num3|g1|ctp_c,CatPred,False,missing_sequence;complex_not_supported_by_default
ecoli|RNTR3c2_num3|g1|flxr_c,CatPred,False,missing_sequence;missing_smiles;complex_not_supported_by_default
ecoli|RNTR3c2_num3|g1|h_c,CatPred,False,missing_sequence;complex_not_supported_by_default
ecoli|RNTR3c2_num4|g1|ctp_c,CatPred,False,missing_sequence;complex_not_supported_by_default
ecoli|RNTR3c2_num4|g1|flxr_c,CatPred,False,missing_sequence;missing_smiles;complex_not_supported_by_default
ecoli|RNTR3c2_num4|g1|h_c,CatPred,False,missing_sequence;complex_not_supported_by_default
ecoli|RNTR4c2_num2|g1|flxr_c,CatPred,False,missing_sequence;missing_smiles;complex_not_supported_by_default
ecoli|RNTR4c2_num2|g1|h_c,CatPred,False,missing_sequence;complex_not_supported_by_default
ecoli|RNTR4c2_num2|g1|utp_c,CatPred,False,missing_sequence;complex_not_supported_by_default
ecoli|RNTR4c2_num3|g1|flxr_c,CatPred,False,missing_sequence;missing_smiles;complex_not_supported_by_default
ecoli|RNTR4c2_num3|g1|h_c,CatPred,False,missing_sequence;complex_not_supported_by_default
ecoli|RNTR4c2_num3|g1|utp_c,CatPred,False,missing_sequence;complex_not_supported_by_default
ecoli|RNTR4c2_num4|g1|flxr_c,CatPred,False,missing_sequence;missing_smiles;complex_not_supported_by_default
ecoli|RNTR4c2_num4|g1|h_c,CatPred,False,missing_sequence;complex_not_supported_by_default
ecoli|RNTR4c2_num4|g1|utp_c,CatPred,False,missing_sequence;complex_not_supported_by_default
ecoli|FLDR2_num2|g1|flxso_c,CatPred,False,missing_sequence;missing_smiles;complex_not_supported_by_default
ecoli|FLDR2_num2|g1|nadph_c,CatPred,False,missing_sequence;complex_not_supported_by_default
ecoli|TTRCYCtex_num2|g1|ttrcyc_e,CatPred,True,
ecoli|TTRCYCtex_num3|g1|ttrcyc_e,CatPred,True,
ecoli|TTRCYCtex_num4|g1|ttrcyc_e,CatPred,True,
ecoli|TTRCYCtpp_num2|g1|h_p,CatPred,False,missing_sequence;complex_not_supported_by_default
ecoli|TTRCYCtpp_num2|g1|ttrcyc_p,CatPred,False,missing_sequence;complex_not_supported_by_default
ecoli|SLNTtex_num2|g1|slnt_e,CatPred,True,
ecoli|SLNTtex_num3|g1|slnt_e,CatPred,True,
ecoli|SLNTtex_num4|g1|slnt_e,CatPred,True,
ecoli|RFAMPtpp_num2|g1|h_p,CatPred,False,missing_sequence;complex_not_supported_by_default
ecoli|RFAMPtpp_num2|g1|rfamp_p,CatPred,False,missing_sequence;complex_not_supported_by_default
ecoli|TARTRDtex_num2|g1|tartr__D_e,CatPred,True,
ecoli|TARTRDtex_num3|g1|tartr__D_e,CatPred,True,
ecoli|TARTRDtex_num4|g1|tartr__D_e,CatPred,True,
ecoli|BTNtex_num2|g1|btn_e,CatPred,True,
ecoli|BTNtex_num3|g1|btn_e,CatPred,True,
ecoli|BTNtex_num4|g1|btn_e,CatPred,True,
ecoli|ARBTptspp_num2|g1|arbt_p,CatPred,False,missing_sequence;complex_not_supported_by_default
ecoli|ARBTptspp_num2|g1|pep_c,CatPred,False,missing_sequence;complex_not_supported_by_default
ecoli|ARBTtex_num2|g1|arbt_e,CatPred,True,
ecoli|ARBTtex_num3|g1|arbt_e,CatPred,True,
ecoli|ARBTtex_num4|g1|arbt_e,CatPred,True,
ecoli|PYDXtex_num2|g1|pydx_e,CatPred,True,
ecoli|PYDXtex_num3|g1|pydx_e,CatPred,True,
ecoli|PYDXtex_num4|g1|pydx_e,CatPred,True,
ecoli|SUCASPtpp_num2|g1|asp__L_p,CatPred,True,
ecoli|SUCASPtpp_num2|g1|succ_c,CatPred,True,
ecoli|SUCASPtpp_num3|g1|asp__L_p,CatPred,True,
ecoli|SUCASPtpp_num3|g1|succ_c,CatPred,True,
ecoli|SUCMALtpp_num2|g1|mal__L_p,CatPred,True,
ecoli|SUCMALtpp_num2|g1|succ_c,CatPred,True,
ecoli|SUCMALtpp_num3|g1|mal__L_p,CatPred,True,
ecoli|SUCMALtpp_num3|g1|succ_c,CatPred,True,
ecoli|PYDXNtex_num2|g1|pydxn_e,CatPred,True,
ecoli|PYDXNtex_num3|g1|pydxn_e,CatPred,True,
ecoli|PYDXNtex_num4|g1|pydxn_e,CatPred,True,
ecoli|PYDAMtex_num2|g1|pydam_e,CatPred,True,
ecoli|PYDAMtex_num3|g1|pydam_e,CatPred,True,
ecoli|PYDAMtex_num4|g1|pydam_e,CatPred,True,
ecoli|CHTBStex_num2|g1|chtbs_e,CatPred,True,
ecoli|CHTBStex_num3|g1|chtbs_e,CatPred,True,
ecoli|CHTBStex_num4|g1|chtbs_e,CatPred,True,
ecoli|CHTBStex_num5|g1|chtbs_e,CatPred,True,
ecoli|CRNDtex_num2|g1|crn__D_e,CatPred,True,
ecoli|CRNDtex_num3|g1|crn__D_e,CatPred,True,
ecoli|CRNDtex_num4|g1|crn__D_e,CatPred,True,
ecoli|NADPHHR_num2|g1|h2o_c,CatPred,True,
ecoli|NADPHHR_num2|g1|nadph_c,CatPred,True,
ecoli|NADPHHS_num2|g1|h2o_c,CatPred,False,missing_sequence
ecoli|NADPHHS_num2|g1|nadph_c,CatPred,False,missing_sequence
ecoli|NADHHS_num2|g1|h2o_c,CatPred,True,
ecoli|NADHHS_num2|g1|nadh_c,CatPred,True,
ecoli|SELabcpp_num2|g1|atp_c,CatPred,False,missing_sequence;complex_not_supported_by_default
ecoli|SELabcpp_num2|g1|h2o_c,CatPred,False,missing_sequence;complex_not_supported_by_default
ecoli|SELabcpp_num2|g1|sel_p,CatPred,False,missing_sequence;complex_not_supported_by_default
ecoli|NADHHR_num2|g1|h2o_c,CatPred,True,
ecoli|NADHHR_num2|g1|nadh_c,CatPred,True,
ecoli|DXYLTD_num2|g1|dxylnt_c,CatPred,True,
ecoli|2DDARAA_num2|g1|2ddara_c,CatPred,True,
ecoli|GNP_num2|g1|6pgc_c,CatPred,True,
ecoli|GNP_num2|g1|h2o_c,CatPred,True,
ecoli|DXYLONtex_num2|g1|dxylnt_e,CatPred,True,
ecoli|DXYLONtex_num3|g1|dxylnt_e,CatPred,True,
ecoli|PSURItex_num2|g1|psuri_e,CatPred,True,
ecoli|PSURItex_num3|g1|psuri_e,CatPred,True,
ecoli|PSURItex_num4|g1|psuri_e,CatPred,True,
ecoli|FMNtex_num2|g1|fmn_p,CatPred,True,
ecoli|FMNtex_num3|g1|fmn_p,CatPred,True,
ecoli|FMNtex_num4|g1|fmn_p,CatPred,True,
ecoli|CLBtex_num2|g1|cellb_e,CatPred,True,
ecoli|CLBtex_num3|g1|cellb_e,CatPred,True,
ecoli|CLBtex_num4|g1|cellb_e,CatPred,True,
ecoli|2HESR_num2|g1|dtgcl_c,CatPred,True,
ecoli|2HESR_num2|g1|gthrd_c,CatPred,True,
ecoli|PIt2rpp_num2|g1|h_p,CatPred,True,
ecoli|PIt2rpp_num2|g1|pi_p,CatPred,True,
ecoli|METt3pp_num2|g1|h_p,CatPred,True,
ecoli|METt3pp_num2|g1|met__L_c,CatPred,True,
ecoli|5DKGR_num2|g1|glcn_c,CatPred,True,
ecoli|5DKGR_num2|g1|nad_c,CatPred,True,
ecoli|LEUt3pp_num2|g1|h_p,CatPred,True,
ecoli|LEUt3pp_num2|g1|leu__L_c,CatPred,True,
ecoli|FADtex_num2|g1|fad_p,CatPred,True,
ecoli|FADtex_num3|g1|fad_p,CatPred,True,
ecoli|FADtex_num4|g1|fad_p,CatPred,True,
ecoli|2DGLCtex_num2|g1|2dglc_e,CatPred,True,
ecoli|2DGLCtex_num3|g1|2dglc_e,CatPred,True,
ecoli|2DGLCtex_num4|g1|2dglc_e,CatPred,True,
ecoli|E4PP_num2|g1|e4p_c,CatPred,True,
ecoli|E4PP_num2|g1|h2o_c,CatPred,True,
ecoli|E4PP_num3|g1|e4p_c,CatPred,True,
ecoli|E4PP_num3|g1|h2o_c,CatPred,True,
ecoli|E4PP_num4|g1|e4p_c,CatPred,True,
ecoli|E4PP_num4|g1|h2o_c,CatPred,True,
ecoli|E4PP_num5|g1|e4p_c,CatPred,True,
ecoli|E4PP_num5|g1|h2o_c,CatPred,True,
ecoli|URATEtex_num2|g1|urate_e,CatPred,True,
ecoli|URATEtex_num3|g1|urate_e,CatPred,True,
ecoli|URATEtex_num4|g1|urate_e,CatPred,True,
ecoli|Ftex_num2|g1|f_p,CatPred,True,
ecoli|Ftex_num3|g1|f_p,CatPred,True,
ecoli|Ftex_num4|g1|f_p,CatPred,True,
ecoli|CYSItex_num2|g1|cysi__L_e,CatPred,True,
ecoli|CYSItex_num3|g1|cysi__L_e,CatPred,True,
ecoli|CYSItex_num4|g1|cysi__L_e,CatPred,True,
ecoli|CS1tex_num2|g1|cs1_e,CatPred,True,
ecoli|CS1tex_num3|g1|cs1_e,CatPred,True,
ecoli|CS1tex_num4|g1|cs1_e,CatPred,True,
ecoli|MEPNtex_num2|g1|mepn_e,CatPred,True,
ecoli|MEPNtex_num3|g1|mepn_e,CatPred,True,
ecoli|MEPNtex_num4|g1|mepn_e,CatPred,True,
ecoli|F1PP_num2|g1|f1p_c,CatPred,True,
ecoli|F1PP_num2|g1|h2o_c,CatPred,True,
ecoli|F1PP_num3|g1|f1p_c,CatPred,True,
ecoli|F1PP_num3|g1|h2o_c,CatPred,True,
ecoli|F1PP_num4|g1|f1p_c,CatPred,True,
ecoli|F1PP_num4|g1|h2o_c,CatPred,True,
ecoli|4ABZGLUtex_num2|g1|4abzglu_e,CatPred,True,
ecoli|4ABZGLUtex_num3|g1|4abzglu_e,CatPred,True,
ecoli|4ABZGLUtex_num4|g1|4abzglu_e,CatPred,True,
ecoli|SLNTabcpp_num2|g1|atp_c,CatPred,False,missing_sequence;complex_not_supported_by_default
ecoli|SLNTabcpp_num2|g1|h2o_c,CatPred,False,missing_sequence;complex_not_supported_by_default
ecoli|SLNTabcpp_num2|g1|slnt_p,CatPred,False,missing_sequence;complex_not_supported_by_default
ecoli|VALt3pp_num2|g1|h_p,CatPred,True,
ecoli|VALt3pp_num2|g1|val__L_c,CatPred,True,
ecoli|METGLCURtex_num2|g1|metglcur_e,CatPred,False,missing_smiles
ecoli|METGLCURtex_num3|g1|metglcur_e,CatPred,False,missing_smiles
ecoli|METGLCURtex_num4|g1|metglcur_e,CatPred,False,missing_smiles
ecoli|AI2tex_num2|g1|mththf_e,CatPred,True,
ecoli|AI2tex_num3|g1|mththf_e,CatPred,True,
ecoli|AI2tex_num4|g1|mththf_e,CatPred,True,
ecoli|CUt2pp_num2|g1|cu_c,CatPred,True,
ecoli|CUt2pp_num3|g1|cu_c,CatPred,True,
ecoli|CUt2pp_num4|g1|cu_c,CatPred,True,
ecoli|CUt2pp_num5|g1|cu_c,CatPred,True,
ecoli|CUt2pp_num6|g1|cu_c,CatPred,True,
ecoli|CUt2pp_num7|g1|cu_c,CatPred,True,
ecoli|SERt2rpp_num2|g1|h_p,CatPred,True,
ecoli|SERt2rpp_num2|g1|ser__L_p,CatPred,True,
ecoli|HCO3E_reverse_num2|g1|h_c,CatPred,True,
ecoli|HCO3E_reverse_num2|g1|hco3_c,CatPred,True,
ecoli|ECOAH4_reverse_num2|g1|dc2coa_c,CatPred,True,
ecoli|ECOAH4_reverse_num2|g1|h2o_c,CatPred,True,
ecoli|NDPK5_reverse_num2|g1|adp_c,CatPred,True,
ecoli|NDPK5_reverse_num2|g1|dgtp_c,CatPred,True,
ecoli|ACALD_reverse_num2|g1|accoa_c,CatPred,True,
ecoli|ACALD_reverse_num2|g1|h_c,CatPred,True,
ecoli|ACALD_reverse_num2|g1|nadh_c,CatPred,True,
ecoli|ALAR_reverse_num2|g1|ala__D_c,CatPred,True,
ecoli|ALATA_L_reverse_num2|g1|glu__L_c,CatPred,True,
ecoli|ALATA_L_reverse_num2|g1|pyr_c,CatPred,True,
ecoli|ASPTA_reverse_num2|g1|glu__L_c,CatPred,True,
ecoli|ASPTA_reverse_num2|g1|oaa_c,CatPred,True,
ecoli|A5PISO_reverse_num2|g1|ara5p_c,CatPred,True,
ecoli|ECOAH6_reverse_num2|g1|h2o_c,CatPred,True,
ecoli|ECOAH6_reverse_num2|g1|td2coa_c,CatPred,True,
ecoli|FBA_reverse_num2|g1|dhap_c,CatPred,True,
ecoli|FBA_reverse_num2|g1|g3p_c,CatPred,True,
ecoli|TALA_reverse_num2|g1|e4p_c,CatPred,True,
ecoli|TALA_reverse_num2|g1|f6p_c,CatPred,True,
ecoli|TKT1_reverse_num2|g1|g3p_c,CatPred,True,
ecoli|TKT1_reverse_num2|g1|s7p_c,CatPred,True,
ecoli|ALCD2x_reverse_num2|g1|acald_c,CatPred,True,
ecoli|ALCD2x_reverse_num2|g1|h_c,CatPred,True,
ecoli|ALCD2x_reverse_num2|g1|nadh_c,CatPred,True,
ecoli|NDPK6_reverse_num2|g1|adp_c,CatPred,True,
ecoli|NDPK6_reverse_num2|g1|dutp_c,CatPred,True,
ecoli|NDPK8_reverse_num2|g1|adp_c,CatPred,True,
ecoli|NDPK8_reverse_num2|g1|datp_c,CatPred,True,
ecoli|DURIPP_reverse_num2|g1|2dr1p_c,CatPred,True,
ecoli|DURIPP_reverse_num2|g1|ura_c,CatPred,True,
ecoli|PTAr_reverse_num2|g1|actp_c,CatPred,True,
ecoli|PTAr_reverse_num2|g1|coa_c,CatPred,True,
ecoli|ACKr_reverse_num2|g1|actp_c,CatPred,True,
ecoli|ACKr_reverse_num2|g1|adp_c,CatPred,True,
ecoli|ACKr_reverse_num3|g1|actp_c,CatPred,True,
ecoli|ACKr_reverse_num3|g1|adp_c,CatPred,True,
ecoli|PUNP5_reverse_num2|g1|hxan_c,CatPred,True,
ecoli|PUNP5_reverse_num2|g1|r1p_c,CatPred,True,
ecoli|PUNP6_reverse_num2|g1|2dr1p_c,CatPred,True,
ecoli|PUNP6_reverse_num2|g1|hxan_c,CatPred,True,
ecoli|PUNP3_reverse_num2|g1|gua_c,CatPred,True,
ecoli|PUNP3_reverse_num2|g1|r1p_c,CatPred,True,
ecoli|FUM_reverse_num2|g1|mal__L_c,CatPred,True,
ecoli|FUM_reverse_num3|g1|mal__L_c,CatPred,True,
ecoli|HACD5_reverse_num2|g1|3hddcoa_c,CatPred,True,
ecoli|HACD5_reverse_num2|g1|nad_c,CatPred,True,
ecoli|RBP4E_reverse_num2|g1|xu5p__D_c,CatPred,True,
ecoli|RBP4E_reverse_num3|g1|xu5p__D_c,CatPred,True,
ecoli|HACD6_reverse_num2|g1|3htdcoa_c,CatPred,True,
ecoli|HACD6_reverse_num2|g1|nad_c,CatPred,True,
ecoli|ECOAH1_reverse_num2|g1|b2coa_c,CatPred,True,
ecoli|ECOAH1_reverse_num2|g1|h2o_c,CatPred,True,
ecoli|ECOAH2_reverse_num2|g1|h2o_c,CatPred,True,
ecoli|ECOAH2_reverse_num2|g1|hx2coa_c,CatPred,True,
ecoli|ECOAH3_reverse_num2|g1|h2o_c,CatPred,True,
ecoli|ECOAH3_reverse_num2|g1|oc2coa_c,CatPred,True,
ecoli|ALCD19_reverse_num2|g1|glyc_c,CatPred,True,
ecoli|ALCD19_reverse_num2|g1|nad_c,CatPred,True,
ecoli|TGBPA_reverse_num2|g1|dhap_c,CatPred,False,missing_sequence;complex_not_supported_by_default
ecoli|TGBPA_reverse_num2|g1|g3p_c,CatPred,False,missing_sequence;complex_not_supported_by_default
ecoli|HACD4_reverse_num2|g1|3hdcoa_c,CatPred,True,
ecoli|HACD4_reverse_num2|g1|nad_c,CatPred,True,
ecoli|HACD7_reverse_num2|g1|3hhdcoa_c,CatPred,True,
ecoli|HACD7_reverse_num2|g1|nad_c,CatPred,True,
ecoli|HACD1_reverse_num2|g1|3hbcoa_c,CatPred,True,
ecoli|HACD1_reverse_num2|g1|nad_c,CatPred,True,
ecoli|HACD2_reverse_num2|g1|3hhcoa_c,CatPred,True,
ecoli|HACD2_reverse_num2|g1|nad_c,CatPred,True,
ecoli|NDPK7_reverse_num2|g1|adp_c,CatPred,True,
ecoli|NDPK7_reverse_num2|g1|dctp_c,CatPred,True,
ecoli|NDPK2_reverse_num2|g1|adp_c,CatPred,True,
ecoli|NDPK2_reverse_num2|g1|utp_c,CatPred,True,
ecoli|NDPK3_reverse_num2|g1|adp_c,CatPred,True,
ecoli|NDPK3_reverse_num2|g1|ctp_c,CatPred,True,
ecoli|NDPK4_reverse_num2|g1|adp_c,CatPred,True,
ecoli|NDPK4_reverse_num2|g1|dttp_c,CatPred,True,
ecoli|NDPK1_reverse_num2|g1|adp_c,CatPred,True,
ecoli|NDPK1_reverse_num2|g1|gtp_c,CatPred,True,
ecoli|PGMT_reverse_num2|g1|g6p_c,CatPred,True,
ecoli|PGMT_reverse_num3|g1|g6p_c,CatPred,True,
ecoli|UMPK_reverse_num2|g1|adp_c,CatPred,True,
ecoli|UMPK_reverse_num2|g1|udp_c,CatPred,True,
ecoli|F6PA_reverse_num2|g1|dha_c,CatPred,True,
ecoli|F6PA_reverse_num2|g1|g3p_c,CatPred,True,
ecoli|SDPTA_reverse_num2|g1|glu__L_c,CatPred,True,
ecoli|SDPTA_reverse_num2|g1|sl2a6o_c,CatPred,True,
ecoli|SDPTA_reverse_num3|g1|glu__L_c,CatPred,True,
ecoli|SDPTA_reverse_num3|g1|sl2a6o_c,CatPred,True,
ecoli|SDPTA_reverse_num4|g1|glu__L_c,CatPred,True,
ecoli|SDPTA_reverse_num4|g1|sl2a6o_c,CatPred,True,
ecoli|SDPTA_reverse_num5|g1|glu__L_c,CatPred,True,
ecoli|SDPTA_reverse_num5|g1|sl2a6o_c,CatPred,True,
ecoli|FCLPA_reverse_num2|g1|dhap_c,CatPred,True,
ecoli|FCLPA_reverse_num2|g1|lald__L_c,CatPred,True,
ecoli|ASPK_reverse_num2|g1|4pasp_c,CatPred,True,
ecoli|ASPK_reverse_num2|g1|adp_c,CatPred,True,
ecoli|ASPK_reverse_num3|g1|4pasp_c,CatPred,True,
ecoli|ASPK_reverse_num3|g1|adp_c,CatPred,True,
ecoli|OCBT_reverse_num2|g1|citr__L_c,CatPred,True,
ecoli|OCBT_reverse_num2|g1|h_c,CatPred,True,
ecoli|OCBT_reverse_num2|g1|pi_c,CatPred,True,
ecoli|PHETA1_reverse_num2|g1|glu__L_c,CatPred,True,
ecoli|PHETA1_reverse_num2|g1|phpyr_c,CatPred,True,
ecoli|PHETA1_reverse_num3|g1|glu__L_c,CatPred,True,
ecoli|PHETA1_reverse_num3|g1|phpyr_c,CatPred,True,
ecoli|ACOTA_reverse_num2|g1|acg5sa_c,CatPred,True,
ecoli|ACOTA_reverse_num2|g1|glu__L_c,CatPred,True,
ecoli|ACOTA_reverse_num3|g1|acg5sa_c,CatPred,True,
ecoli|ACOTA_reverse_num3|g1|glu__L_c,CatPred,True,
ecoli|ACOTA_reverse_num4|g1|acg5sa_c,CatPred,True,
ecoli|ACOTA_reverse_num4|g1|glu__L_c,CatPred,True,
ecoli|HSDy_reverse_num2|g1|aspsa_c,CatPred,True,
ecoli|HSDy_reverse_num2|g1|h_c,CatPred,True,
ecoli|HSDy_reverse_num2|g1|nadph_c,CatPred,True,
ecoli|GLUtex_reverse_num2|g1|glu__L_p,CatPred,True,
ecoli|GLUtex_reverse_num3|g1|glu__L_p,CatPred,True,
ecoli|GLUtex_reverse_num4|g1|glu__L_p,CatPred,True,
ecoli|GLYtex_reverse_num2|g1|gly_p,CatPred,True,
ecoli|GLYtex_reverse_num3|g1|gly_p,CatPred,True,
ecoli|GLYtex_reverse_num4|g1|gly_p,CatPred,True,
ecoli|GLYALDtex_reverse_num2|g1|glyald_p,CatPred,True,
ecoli|GLYALDtex_reverse_num3|g1|glyald_p,CatPred,True,
ecoli|GLYALDtex_reverse_num4|g1|glyald_p,CatPred,True,
ecoli|GLYBtex_reverse_num2|g1|glyb_p,CatPred,True,
ecoli|GLYBtex_reverse_num3|g1|glyb_p,CatPred,True,
ecoli|GLYBtex_reverse_num4|g1|glyb_p,CatPred,True,
ecoli|GLYCtex_reverse_num2|g1|glyc_p,CatPred,True,
ecoli|GLYCtex_reverse_num3|g1|glyc_p,CatPred,True,
ecoli|GLYCtex_reverse_num4|g1|glyc_p,CatPred,True,
ecoli|GLYC3Ptex_reverse_num2|g1|glyc3p_p,CatPred,True,
ecoli|GLYC3Ptex_reverse_num3|g1|glyc3p_p,CatPred,True,
ecoli|GLYC3Ptex_reverse_num4|g1|glyc3p_p,CatPred,True,
ecoli|GLYCLTtex_reverse_num2|g1|glyclt_p,CatPred,True,
ecoli|GLYCLTtex_reverse_num3|g1|glyclt_p,CatPred,True,
ecoli|GLYCLTtex_reverse_num4|g1|glyclt_p,CatPred,True,
ecoli|GTPtex_reverse_num2|g1|gtp_p,CatPred,True,
ecoli|GTPtex_reverse_num3|g1|gtp_p,CatPred,True,
ecoli|GTPtex_reverse_num4|g1|gtp_p,CatPred,True,
ecoli|Htex_reverse_num2|g1|h_p,CatPred,True,
ecoli|Htex_reverse_num3|g1|h_p,CatPred,True,
ecoli|Htex_reverse_num4|g1|h_p,CatPred,True,
ecoli|H2tex_reverse_num2|g1|h2_p,CatPred,True,
ecoli|H2tex_reverse_num3|g1|h2_p,CatPred,True,
ecoli|H2tex_reverse_num4|g1|h2_p,CatPred,True,
ecoli|H2Otex_reverse_num2|g1|h2o_p,CatPred,True,
ecoli|H2Otex_reverse_num3|g1|h2o_p,CatPred,True,
ecoli|H2Otex_reverse_num4|g1|h2o_p,CatPred,True,
ecoli|H2Otex_reverse_num5|g1|h2o_p,CatPred,False,missing_sequence
ecoli|H2Otex_reverse_num6|g1|h2o_p,CatPred,True,
ecoli|H2Otex_reverse_num7|g1|h2o_p,CatPred,True,
ecoli|H2Otex_reverse_num8|g1|h2o_p,CatPred,True,
ecoli|DAPtex_reverse_num2|g1|15dap_p,CatPred,True,
ecoli|DAPtex_reverse_num3|g1|15dap_p,CatPred,True,
ecoli|DAPtex_reverse_num4|g1|15dap_p,CatPred,True,
ecoli|12PPDStex_reverse_num2|g1|12ppd__S_p,CatPred,True,
ecoli|12PPDStex_reverse_num3|g1|12ppd__S_p,CatPred,True,
ecoli|12PPDStex_reverse_num4|g1|12ppd__S_p,CatPred,True,
ecoli|DDGLCNtex_reverse_num2|g1|2ddglcn_p,CatPred,True,
ecoli|DDGLCNtex_reverse_num3|g1|2ddglcn_p,CatPred,True,
ecoli|DDGLCNtex_reverse_num4|g1|2ddglcn_p,CatPred,True,
ecoli|26DAHtex_reverse_num2|g1|26dap__M_p,CatPred,True,
ecoli|26DAHtex_reverse_num3|g1|26dap__M_p,CatPred,True,
ecoli|26DAHtex_reverse_num4|g1|26dap__M_p,CatPred,True,
ecoli|HCINNMtex_reverse_num2|g1|3hcinnm_p,CatPred,True,
ecoli|HCINNMtex_reverse_num3|g1|3hcinnm_p,CatPred,True,
ecoli|HCINNMtex_reverse_num4|g1|3hcinnm_p,CatPred,True,
ecoli|HPPPNtex_reverse_num2|g1|3hpppn_p,CatPred,True,
ecoli|HPPPNtex_reverse_num3|g1|3hpppn_p,CatPred,True,
ecoli|HPPPNtex_reverse_num4|g1|3hpppn_p,CatPred,True,
ecoli|ACtex_reverse_num2|g1|ac_p,CatPred,True,
ecoli|ACtex_reverse_num3|g1|ac_p,CatPred,True,
ecoli|ACtex_reverse_num4|g1|ac_p,CatPred,True,
ecoli|ACALDtex_reverse_num2|g1|acald_p,CatPred,True,
ecoli|ACALDtex_reverse_num3|g1|acald_p,CatPred,True,
ecoli|ACALDtex_reverse_num4|g1|acald_p,CatPred,True,
ecoli|ACMANAtex_reverse_num2|g1|acmana_p,CatPred,True,
ecoli|ACMANAtex_reverse_num3|g1|acmana_p,CatPred,True,
ecoli|ACMANAtex_reverse_num4|g1|acmana_p,CatPred,True,
ecoli|ACACT2r_reverse_num2|g1|3ohcoa_c,CatPred,True,
ecoli|ACACT2r_reverse_num2|g1|coa_c,CatPred,True,
ecoli|SUCFUMtpp_reverse_num2|g1|fum_c,CatPred,True,
ecoli|SUCFUMtpp_reverse_num2|g1|succ_p,CatPred,True,
ecoli|SUCFUMtpp_reverse_num3|g1|fum_c,CatPred,True,
ecoli|SUCFUMtpp_reverse_num3|g1|succ_p,CatPred,True,
ecoli|TRPt2rpp_reverse_num2|g1|h_c,CatPred,True,
ecoli|TRPt2rpp_reverse_num2|g1|trp__L_c,CatPred,True,
ecoli|TRPt2rpp_reverse_num3|g1|h_c,CatPred,True,
ecoli|TRPt2rpp_reverse_num3|g1|trp__L_c,CatPred,True,
ecoli|TYRt2rpp_reverse_num2|g1|h_c,CatPred,True,
ecoli|TYRt2rpp_reverse_num2|g1|tyr__L_c,CatPred,True,
ecoli|GALtex_reverse_num2|g1|gal_p,CatPred,True,
ecoli|GALtex_reverse_num3|g1|gal_p,CatPred,True,
ecoli|GALtex_reverse_num4|g1|gal_p,CatPred,True,
ecoli|GALCTtex_reverse_num2|g1|galct__D_p,CatPred,True,
ecoli|GALCTtex_reverse_num3|g1|galct__D_p,CatPred,True,
ecoli|GALCTtex_reverse_num4|g1|galct__D_p,CatPred,True,
ecoli|GALCTNtex_reverse_num2|g1|galctn__D_p,CatPred,True,
ecoli|GALCTNtex_reverse_num3|g1|galctn__D_p,CatPred,True,
ecoli|GALCTNtex_reverse_num4|g1|galctn__D_p,CatPred,True,
ecoli|GALTtex_reverse_num2|g1|galt_p,CatPred,True,
ecoli|GALTtex_reverse_num3|g1|galt_p,CatPred,True,
ecoli|GALTtex_reverse_num4|g1|galt_p,CatPred,True,
ecoli|GALURtex_reverse_num2|g1|galur_p,CatPred,True,
ecoli|GALURtex_reverse_num3|g1|galur_p,CatPred,True,
ecoli|GALURtex_reverse_num4|g1|galur_p,CatPred,True,
ecoli|TKT2_reverse_num2|g1|f6p_c,CatPred,True,
ecoli|TKT2_reverse_num2|g1|g3p_c,CatPred,True,
ecoli|GAMtex_reverse_num2|g1|gam_p,CatPred,True,
ecoli|GAMtex_reverse_num3|g1|gam_p,CatPred,True,
ecoli|GAMtex_reverse_num4|g1|gam_p,CatPred,True,
ecoli|GBBTNtex_reverse_num2|g1|gbbtn_p,CatPred,True,
ecoli|GBBTNtex_reverse_num3|g1|gbbtn_p,CatPred,True,
ecoli|GBBTNtex_reverse_num4|g1|gbbtn_p,CatPred,True,
ecoli|HIStex_reverse_num2|g1|his__L_p,CatPred,True,
ecoli|HIStex_reverse_num3|g1|his__L_p,CatPred,True,
ecoli|HIStex_reverse_num4|g1|his__L_p,CatPred,True,
ecoli|HXAtex_reverse_num2|g1|hxa_p,CatPred,True,
ecoli|HXAtex_reverse_num3|g1|hxa_p,CatPred,True,
ecoli|HXAtex_reverse_num4|g1|hxa_p,CatPred,True,
ecoli|HYXNtex_reverse_num2|g1|hxan_p,CatPred,True,
ecoli|HYXNtex_reverse_num3|g1|hxan_p,CatPred,True,
ecoli|HYXNtex_reverse_num4|g1|hxan_p,CatPred,True,
ecoli|IDONtex_reverse_num2|g1|idon__L_p,CatPred,True,
ecoli|IDONtex_reverse_num3|g1|idon__L_p,CatPred,True,
ecoli|IDONtex_reverse_num4|g1|idon__L_p,CatPred,True,
ecoli|ILEtex_reverse_num2|g1|ile__L_p,CatPred,True,
ecoli|ILEtex_reverse_num3|g1|ile__L_p,CatPred,True,
ecoli|ILEtex_reverse_num4|g1|ile__L_p,CatPred,True,
ecoli|INSTtex_reverse_num2|g1|inost_p,CatPred,True,
ecoli|INSTtex_reverse_num3|g1|inost_p,CatPred,True,
ecoli|INSTtex_reverse_num4|g1|inost_p,CatPred,True,
ecoli|Ktex_reverse_num2|g1|k_p,CatPred,True,
ecoli|Ktex_reverse_num3|g1|k_p,CatPred,True,
ecoli|Ktex_reverse_num4|g1|k_p,CatPred,True,
ecoli|D_LACtex_reverse_num2|g1|lac__D_p,CatPred,True,
ecoli|D_LACtex_reverse_num3|g1|lac__D_p,CatPred,True,
ecoli|D_LACtex_reverse_num4|g1|lac__D_p,CatPred,True,
ecoli|FRULYStex_reverse_num2|g1|frulys_p,CatPred,True,
ecoli|FRULYStex_reverse_num3|g1|frulys_p,CatPred,True,
ecoli|FRULYStex_reverse_num4|g1|frulys_p,CatPred,True,
ecoli|GALCTt2rpp_reverse_num2|g1|galct__D_c,CatPred,True,
ecoli|GALCTt2rpp_reverse_num2|g1|h_c,CatPred,True,
ecoli|ASPtex_reverse_num2|g1|asp__L_p,CatPred,True,
ecoli|ASPtex_reverse_num3|g1|asp__L_p,CatPred,True,
ecoli|ASPtex_reverse_num4|g1|asp__L_p,CatPred,True,
ecoli|ATPS4rpp_reverse_num2|g1|atp_c,CatPred,False,missing_sequence;complex_not_supported_by_default
ecoli|ATPS4rpp_reverse_num2|g1|h2o_c,CatPred,False,missing_sequence;complex_not_supported_by_default
ecoli|ATPS4rpp_reverse_num2|g1|h_c,CatPred,False,missing_sequence;complex_not_supported_by_default
ecoli|INDOLEtex_reverse_num2|g1|indole_p,CatPred,True,
ecoli|INDOLEtex_reverse_num3|g1|indole_p,CatPred,True,
ecoli|INDOLEtex_reverse_num4|g1|indole_p,CatPred,True,
ecoli|L_LACtex_reverse_num2|g1|lac__L_p,CatPred,True,
ecoli|L_LACtex_reverse_num3|g1|lac__L_p,CatPred,True,
ecoli|L_LACtex_reverse_num4|g1|lac__L_p,CatPred,True,
ecoli|ADEt2rpp_reverse_num2|g1|ade_c,CatPred,True,
ecoli|ADEt2rpp_reverse_num2|g1|h_c,CatPred,True,
ecoli|ADEt2rpp_reverse_num3|g1|ade_c,CatPred,True,
ecoli|ADEt2rpp_reverse_num3|g1|h_c,CatPred,True,
ecoli|ECOAH8_reverse_num2|g1|h2o_c,CatPred,True,
ecoli|ECOAH8_reverse_num2|g1|od2coa_c,CatPred,True,
ecoli|GUAtpp_reverse_num2|g1|gua_c,CatPred,True,
ecoli|HYXNtpp_reverse_num2|g1|hxan_c,CatPred,True,
ecoli|GLCRtex_reverse_num2|g1|glcr_p,CatPred,True,
ecoli|GLCRtex_reverse_num3|g1|glcr_p,CatPred,True,
ecoli|GLCRtex_reverse_num4|g1|glcr_p,CatPred,True,
ecoli|GLCNtex_reverse_num2|g1|glcn_p,CatPred,True,
ecoli|GLCNtex_reverse_num3|g1|glcn_p,CatPred,True,
ecoli|GLCNtex_reverse_num4|g1|glcn_p,CatPred,True,
ecoli|GLCURtex_reverse_num2|g1|glcur_p,CatPred,True,
ecoli|GLCURtex_reverse_num3|g1|glcur_p,CatPred,True,
ecoli|GLCURtex_reverse_num4|g1|glcur_p,CatPred,True,
ecoli|GLNtex_reverse_num2|g1|gln__L_p,CatPred,True,
ecoli|GLNtex_reverse_num3|g1|gln__L_p,CatPred,True,
ecoli|GLNtex_reverse_num4|g1|gln__L_p,CatPred,True,
ecoli|O2tex_reverse_num2|g1|o2_p,CatPred,True,
ecoli|O2tex_reverse_num3|g1|o2_p,CatPred,True,
ecoli|O2tex_reverse_num4|g1|o2_p,CatPred,True,
ecoli|OCTAtex_reverse_num2|g1|octa_p,CatPred,True,
ecoli|OCTAtex_reverse_num3|g1|octa_p,CatPred,True,
ecoli|OCTAtex_reverse_num4|g1|octa_p,CatPred,True,
ecoli|ORNtex_reverse_num2|g1|orn_p,CatPred,True,
ecoli|ORNtex_reverse_num3|g1|orn_p,CatPred,True,
ecoli|ORNtex_reverse_num4|g1|orn_p,CatPred,True,
ecoli|ECOAH5_reverse_num2|g1|dd2coa_c,CatPred,True,
ecoli|ECOAH5_reverse_num2|g1|h2o_c,CatPred,True,
ecoli|RMNtex_reverse_num2|g1|rmn_p,CatPred,True,
ecoli|RMNtex_reverse_num3|g1|rmn_p,CatPred,True,
ecoli|RMNtex_reverse_num4|g1|rmn_p,CatPred,True,
ecoli|PHEtex_reverse_num2|g1|phe__L_p,CatPred,True,
ecoli|PHEtex_reverse_num3|g1|phe__L_p,CatPred,True,
ecoli|PHEtex_reverse_num4|g1|phe__L_p,CatPred,True,
ecoli|PItex_reverse_num2|g1|pi_p,CatPred,True,
ecoli|PItex_reverse_num3|g1|pi_p,CatPred,True,
ecoli|PItex_reverse_num4|g1|pi_p,CatPred,True,
ecoli|TRSARr_reverse_num2|g1|glyc__R_c,CatPred,True,
ecoli|TRSARr_reverse_num2|g1|nad_c,CatPred,True,
ecoli|PNTOtex_reverse_num2|g1|pnto__R_p,CatPred,True,
ecoli|PNTOtex_reverse_num3|g1|pnto__R_p,CatPred,True,
ecoli|PNTOtex_reverse_num4|g1|pnto__R_p,CatPred,True,
ecoli|PPPNtex_reverse_num2|g1|pppn_p,CatPred,True,
ecoli|PPPNtex_reverse_num3|g1|pppn_p,CatPred,True,
ecoli|PPPNtex_reverse_num4|g1|pppn_p,CatPred,True,
ecoli|PPTtex_reverse_num2|g1|ppt_p,CatPred,True,
ecoli|PPTtex_reverse_num3|g1|ppt_p,CatPred,True,
ecoli|PPTtex_reverse_num4|g1|ppt_p,CatPred,True,
ecoli|PTRCtex_reverse_num2|g1|ptrc_p,CatPred,True,
ecoli|PTRCtex_reverse_num3|g1|ptrc_p,CatPred,True,
ecoli|PTRCtex_reverse_num4|g1|ptrc_p,CatPred,True,
ecoli|PYRtex_reverse_num2|g1|pyr_p,CatPred,True,
ecoli|PYRtex_reverse_num3|g1|pyr_p,CatPred,True,
ecoli|PYRtex_reverse_num4|g1|pyr_p,CatPred,True,
ecoli|DSERtex_reverse_num2|g1|ser__D_p,CatPred,True,
ecoli|DSERtex_reverse_num3|g1|ser__D_p,CatPred,True,
ecoli|DSERtex_reverse_num4|g1|ser__D_p,CatPred,True,
ecoli|SERtex_reverse_num2|g1|ser__L_p,CatPred,True,
ecoli|SERtex_reverse_num3|g1|ser__L_p,CatPred,True,
ecoli|SERtex_reverse_num4|g1|ser__L_p,CatPred,True,
ecoli|SO4tex_reverse_num2|g1|so4_p,CatPred,True,
ecoli|SO4tex_reverse_num3|g1|so4_p,CatPred,True,
ecoli|SO4tex_reverse_num4|g1|so4_p,CatPred,True,
ecoli|SPMDtex_reverse_num2|g1|spmd_p,CatPred,True,
ecoli|SPMDtex_reverse_num3|g1|spmd_p,CatPred,True,
ecoli|SPMDtex_reverse_num4|g1|spmd_p,CatPred,True,
ecoli|SUCCtex_reverse_num2|g1|succ_p,CatPred,True,
ecoli|SUCCtex_reverse_num3|g1|succ_p,CatPred,True,
ecoli|SUCCtex_reverse_num4|g1|succ_p,CatPred,True,
ecoli|SUCRtex_reverse_num2|g1|sucr_p,CatPred,True,
ecoli|SUCRtex_reverse_num3|g1|sucr_p,CatPred,True,
ecoli|SUCRtex_reverse_num4|g1|sucr_p,CatPred,True,
ecoli|TARTRtex_reverse_num2|g1|tartr__L_p,CatPred,True,
ecoli|TARTRtex_reverse_num3|g1|tartr__L_p,CatPred,True,
ecoli|TARTRtex_reverse_num4|g1|tartr__L_p,CatPred,True,
ecoli|TAURtex_reverse_num2|g1|taur_p,CatPred,True,
ecoli|TAURtex_reverse_num3|g1|taur_p,CatPred,True,
ecoli|TAURtex_reverse_num4|g1|taur_p,CatPred,True,
ecoli|THRtex_reverse_num2|g1|thr__L_p,CatPred,True,
ecoli|THRtex_reverse_num3|g1|thr__L_p,CatPred,True,
ecoli|THRtex_reverse_num4|g1|thr__L_p,CatPred,True,
ecoli|THMDtex_reverse_num2|g1|thymd_p,CatPred,True,
ecoli|THMDtex_reverse_num3|g1|thymd_p,CatPred,True,
ecoli|THMDtex_reverse_num4|g1|thymd_p,CatPred,True,
ecoli|METDtex_reverse_num2|g1|met__D_p,CatPred,True,
ecoli|METDtex_reverse_num3|g1|met__D_p,CatPred,True,
ecoli|METDtex_reverse_num4|g1|met__D_p,CatPred,True,
ecoli|METtex_reverse_num2|g1|met__L_p,CatPred,True,
ecoli|METtex_reverse_num3|g1|met__L_p,CatPred,True,
ecoli|METtex_reverse_num4|g1|met__L_p,CatPred,True,
ecoli|MNLtex_reverse_num2|g1|mnl_p,CatPred,True,
ecoli|MNLtex_reverse_num3|g1|mnl_p,CatPred,True,
ecoli|MNLtex_reverse_num4|g1|mnl_p,CatPred,True,
ecoli|NAtex_reverse_num2|g1|na1_p,CatPred,True,
ecoli|NAtex_reverse_num3|g1|na1_p,CatPred,True,
ecoli|NAtex_reverse_num4|g1|na1_p,CatPred,True,
ecoli|NACtex_reverse_num2|g1|nac_p,CatPred,True,
ecoli|NACtex_reverse_num3|g1|nac_p,CatPred,True,
ecoli|NACtex_reverse_num4|g1|nac_p,CatPred,True,
ecoli|NH4tex_reverse_num2|g1|nh4_p,CatPred,True,
ecoli|NH4tex_reverse_num3|g1|nh4_p,CatPred,True,
ecoli|NH4tex_reverse_num4|g1|nh4_p,CatPred,True,
ecoli|BUTtex_reverse_num2|g1|but_p,CatPred,True,
ecoli|BUTtex_reverse_num3|g1|but_p,CatPred,True,
ecoli|BUTtex_reverse_num4|g1|but_p,CatPred,True,
ecoli|CHLtex_reverse_num2|g1|chol_p,CatPred,True,
ecoli|CHLtex_reverse_num3|g1|chol_p,CatPred,True,
ecoli|CHLtex_reverse_num4|g1|chol_p,CatPred,True,
ecoli|CO2tex_reverse_num2|g1|co2_p,CatPred,True,
ecoli|CO2tex_reverse_num3|g1|co2_p,CatPred,True,
ecoli|CO2tex_reverse_num4|g1|co2_p,CatPred,True,
ecoli|CRNtex_reverse_num2|g1|crn_p,CatPred,True,
ecoli|CRNtex_reverse_num3|g1|crn_p,CatPred,True,
ecoli|CRNtex_reverse_num4|g1|crn_p,CatPred,True,
ecoli|DINStex_reverse_num2|g1|din_p,CatPred,True,
ecoli|DINStex_reverse_num3|g1|din_p,CatPred,True,
ecoli|DINStex_reverse_num4|g1|din_p,CatPred,True,
ecoli|DMStex_reverse_num2|g1|dms_p,CatPred,True,
ecoli|DMStex_reverse_num3|g1|dms_p,CatPred,True,
ecoli|DMStex_reverse_num4|g1|dms_p,CatPred,True,
ecoli|CSNtex_reverse_num2|g1|csn_p,CatPred,True,
ecoli|CSNtex_reverse_num3|g1|csn_p,CatPred,True,
ecoli|CSNtex_reverse_num4|g1|csn_p,CatPred,True,
ecoli|CYNTtex_reverse_num2|g1|cynt_p,CatPred,True,
ecoli|CYNTtex_reverse_num3|g1|cynt_p,CatPred,True,
ecoli|CYNTtex_reverse_num4|g1|cynt_p,CatPred,True,
ecoli|CYStex_reverse_num2|g1|cys__L_p,CatPred,True,
ecoli|CYStex_reverse_num3|g1|cys__L_p,CatPred,True,
ecoli|CYStex_reverse_num4|g1|cys__L_p,CatPred,True,
ecoli|CYTDtex_reverse_num2|g1|cytd_p,CatPred,True,
ecoli|CYTDtex_reverse_num3|g1|cytd_p,CatPred,True,
ecoli|CYTDtex_reverse_num4|g1|cytd_p,CatPred,True,
ecoli|DCAtex_reverse_num2|g1|dca_p,CatPred,True,
ecoli|DCAtex_reverse_num3|g1|dca_p,CatPred,True,
ecoli|DCAtex_reverse_num4|g1|dca_p,CatPred,True,
ecoli|DGSNtex_reverse_num2|g1|dgsn_p,CatPred,True,
ecoli|DGSNtex_reverse_num3|g1|dgsn_p,CatPred,True,
ecoli|DGSNtex_reverse_num4|g1|dgsn_p,CatPred,True,
ecoli|LCTStex_reverse_num2|g1|lcts_p,CatPred,True,
ecoli|LCTStex_reverse_num3|g1|lcts_p,CatPred,True,
ecoli|LCTStex_reverse_num4|g1|lcts_p,CatPred,True,
ecoli|LEUtex_reverse_num2|g1|leu__L_p,CatPred,True,
ecoli|LEUtex_reverse_num3|g1|leu__L_p,CatPred,True,
ecoli|LEUtex_reverse_num4|g1|leu__L_p,CatPred,True,
ecoli|LYStex_reverse_num2|g1|lys__L_p,CatPred,True,
ecoli|LYStex_reverse_num3|g1|lys__L_p,CatPred,True,
ecoli|LYStex_reverse_num4|g1|lys__L_p,CatPred,True,
ecoli|LYXtex_reverse_num2|g1|lyx__L_p,CatPred,True,
ecoli|LYXtex_reverse_num3|g1|lyx__L_p,CatPred,True,
ecoli|LYXtex_reverse_num4|g1|lyx__L_p,CatPred,True,
ecoli|MANtex_reverse_num2|g1|man_p,CatPred,True,
ecoli|MANtex_reverse_num3|g1|man_p,CatPred,True,
ecoli|MANtex_reverse_num4|g1|man_p,CatPred,True,
ecoli|MAN6Ptex_reverse_num2|g1|man6p_p,CatPred,True,
ecoli|MAN6Ptex_reverse_num3|g1|man6p_p,CatPred,True,
ecoli|MAN6Ptex_reverse_num4|g1|man6p_p,CatPred,True,
ecoli|MELIBtex_reverse_num2|g1|melib_p,CatPred,True,
ecoli|MELIBtex_reverse_num3|g1|melib_p,CatPred,True,
ecoli|MELIBtex_reverse_num4|g1|melib_p,CatPred,True,
ecoli|DMSOtex_reverse_num2|g1|dmso_p,CatPred,True,
ecoli|DMSOtex_reverse_num3|g1|dmso_p,CatPred,True,
ecoli|DMSOtex_reverse_num4|g1|dmso_p,CatPred,True,
ecoli|FRUtex_reverse_num2|g1|fru_p,CatPred,True,
ecoli|FRUtex_reverse_num3|g1|fru_p,CatPred,True,
ecoli|FRUtex_reverse_num4|g1|fru_p,CatPred,True,
ecoli|FUCtex_reverse_num2|g1|fuc__L_p,CatPred,True,
ecoli|FUCtex_reverse_num3|g1|fuc__L_p,CatPred,True,
ecoli|FUCtex_reverse_num4|g1|fuc__L_p,CatPred,True,
ecoli|FUMtex_reverse_num2|g1|fum_p,CatPred,True,
ecoli|FUMtex_reverse_num3|g1|fum_p,CatPred,True,
ecoli|FUMtex_reverse_num4|g1|fum_p,CatPred,True,
ecoli|FE2tex_reverse_num2|g1|fe2_p,CatPred,True,
ecoli|FE2tex_reverse_num3|g1|fe2_p,CatPred,True,
ecoli|FE2tex_reverse_num4|g1|fe2_p,CatPred,True,
ecoli|NMNtex_reverse_num2|g1|nmn_p,CatPred,True,
ecoli|NMNtex_reverse_num3|g1|nmn_p,CatPred,True,
ecoli|NMNtex_reverse_num4|g1|nmn_p,CatPred,True,
ecoli|NO2tex_reverse_num2|g1|no2_p,CatPred,True,
ecoli|NO2tex_reverse_num3|g1|no2_p,CatPred,True,
ecoli|NO2tex_reverse_num4|g1|no2_p,CatPred,True,
ecoli|GDPtex_reverse_num2|g1|gdp_p,CatPred,True,
ecoli|GDPtex_reverse_num3|g1|gdp_p,CatPred,True,
ecoli|GDPtex_reverse_num4|g1|gdp_p,CatPred,True,
ecoli|TMAtex_reverse_num2|g1|tma_p,CatPred,True,
ecoli|TMAtex_reverse_num3|g1|tma_p,CatPred,True,
ecoli|TMAtex_reverse_num4|g1|tma_p,CatPred,True,
ecoli|TMAOtex_reverse_num2|g1|tmao_p,CatPred,True,
ecoli|TMAOtex_reverse_num3|g1|tmao_p,CatPred,True,
ecoli|TMAOtex_reverse_num4|g1|tmao_p,CatPred,True,
ecoli|TREtex_reverse_num2|g1|tre_p,CatPred,True,
ecoli|TREtex_reverse_num3|g1|tre_p,CatPred,True,
ecoli|TREtex_reverse_num4|g1|tre_p,CatPred,True,
ecoli|TRPtex_reverse_num2|g1|trp__L_p,CatPred,True,
ecoli|TRPtex_reverse_num3|g1|trp__L_p,CatPred,True,
ecoli|TRPtex_reverse_num4|g1|trp__L_p,CatPred,True,
ecoli|TSULtex_reverse_num2|g1|tsul_p,CatPred,True,
ecoli|TSULtex_reverse_num3|g1|tsul_p,CatPred,True,
ecoli|TSULtex_reverse_num4|g1|tsul_p,CatPred,True,
ecoli|TYRtex_reverse_num2|g1|tyr__L_p,CatPred,True,
ecoli|TYRtex_reverse_num3|g1|tyr__L_p,CatPred,True,
ecoli|TYRtex_reverse_num4|g1|tyr__L_p,CatPred,True,
ecoli|URAtex_reverse_num2|g1|ura_p,CatPred,True,
ecoli|URAtex_reverse_num3|g1|ura_p,CatPred,True,
ecoli|URAtex_reverse_num4|g1|ura_p,CatPred,True,
ecoli|UREAtex_reverse_num2|g1|urea_p,CatPred,True,
ecoli|UREAtex_reverse_num3|g1|urea_p,CatPred,True,
ecoli|UREAtex_reverse_num4|g1|urea_p,CatPred,True,
ecoli|VALtex_reverse_num2|g1|val__L_p,CatPred,True,
ecoli|VALtex_reverse_num3|g1|val__L_p,CatPred,True,
ecoli|VALtex_reverse_num4|g1|val__L_p,CatPred,True,
ecoli|XANtex_reverse_num2|g1|xan_p,CatPred,True,
ecoli|XANtex_reverse_num3|g1|xan_p,CatPred,True,
ecoli|XANtex_reverse_num4|g1|xan_p,CatPred,True,
ecoli|XYLtex_reverse_num2|g1|xyl__D_p,CatPred,True,
ecoli|XYLtex_reverse_num3|g1|xyl__D_p,CatPred,True,
ecoli|XYLtex_reverse_num4|g1|xyl__D_p,CatPred,True,
ecoli|ABUTtex_reverse_num2|g1|4abut_p,CatPred,True,
ecoli|ABUTtex_reverse_num3|g1|4abut_p,CatPred,True,
ecoli|ABUTtex_reverse_num4|g1|4abut_p,CatPred,True,
ecoli|23CAMPtex_reverse_num2|g1|23camp_p,CatPred,True,
ecoli|23CAMPtex_reverse_num3|g1|23camp_p,CatPred,True,
ecoli|23CAMPtex_reverse_num4|g1|23camp_p,CatPred,True,
ecoli|23CCMPtex_reverse_num2|g1|23ccmp_p,CatPred,True,
ecoli|23CCMPtex_reverse_num3|g1|23ccmp_p,CatPred,True,
ecoli|23CCMPtex_reverse_num4|g1|23ccmp_p,CatPred,True,
ecoli|23CUMPtex_reverse_num2|g1|23cump_p,CatPred,True,
ecoli|23CUMPtex_reverse_num3|g1|23cump_p,CatPred,True,
ecoli|23CUMPtex_reverse_num4|g1|23cump_p,CatPred,True,
ecoli|23CGMPtex_reverse_num2|g1|23cgmp_p,CatPred,True,
ecoli|23CGMPtex_reverse_num3|g1|23cgmp_p,CatPred,True,
ecoli|23CGMPtex_reverse_num4|g1|23cgmp_p,CatPred,True,
ecoli|3AMPtex_reverse_num2|g1|3amp_p,CatPred,True,
ecoli|3AMPtex_reverse_num3|g1|3amp_p,CatPred,True,
ecoli|3AMPtex_reverse_num4|g1|3amp_p,CatPred,True,
ecoli|3CMPtex_reverse_num2|g1|3cmp_p,CatPred,True,
ecoli|3CMPtex_reverse_num3|g1|3cmp_p,CatPred,True,
ecoli|3CMPtex_reverse_num4|g1|3cmp_p,CatPred,True,
ecoli|ETHSO3tex_reverse_num2|g1|ethso3_p,CatPred,True,
ecoli|ETHSO3tex_reverse_num3|g1|ethso3_p,CatPred,True,
ecoli|ETHSO3tex_reverse_num4|g1|ethso3_p,CatPred,True,
ecoli|BUTSO3tex_reverse_num2|g1|butso3_p,CatPred,True,
ecoli|BUTSO3tex_reverse_num3|g1|butso3_p,CatPred,True,
ecoli|BUTSO3tex_reverse_num4|g1|butso3_p,CatPred,True,
ecoli|LIPOtex_reverse_num2|g1|lipoate_p,CatPred,True,
ecoli|LIPOtex_reverse_num3|g1|lipoate_p,CatPred,True,
ecoli|LIPOtex_reverse_num4|g1|lipoate_p,CatPred,True,
ecoli|GALBDtex_reverse_num2|g1|gal_bD_p,CatPred,True,
ecoli|GALBDtex_reverse_num3|g1|gal_bD_p,CatPred,True,
ecoli|GALBDtex_reverse_num4|g1|gal_bD_p,CatPred,True,
ecoli|SULFACtex_reverse_num2|g1|sulfac_p,CatPred,True,
ecoli|SULFACtex_reverse_num3|g1|sulfac_p,CatPred,True,
ecoli|SULFACtex_reverse_num4|g1|sulfac_p,CatPred,True,
ecoli|NOtex_reverse_num2|g1|no_p,CatPred,True,
ecoli|NOtex_reverse_num3|g1|no_p,CatPred,True,
ecoli|NOtex_reverse_num4|g1|no_p,CatPred,True,
ecoli|N2Otex_reverse_num2|g1|n2o_p,CatPred,True,
ecoli|N2Otex_reverse_num3|g1|n2o_p,CatPred,True,
ecoli|N2Otex_reverse_num4|g1|n2o_p,CatPred,True,
ecoli|PEAMNtex_reverse_num2|g1|peamn_p,CatPred,True,
ecoli|PEAMNtex_reverse_num3|g1|peamn_p,CatPred,True,
ecoli|PEAMNtex_reverse_num4|g1|peamn_p,CatPred,True,
ecoli|PACALDtex_reverse_num2|g1|pacald_p,CatPred,True,
ecoli|PACALDtex_reverse_num3|g1|pacald_p,CatPred,True,
ecoli|PACALDtex_reverse_num4|g1|pacald_p,CatPred,True,
ecoli|CYANtex_reverse_num2|g1|cyan_p,CatPred,True,
ecoli|CYANtex_reverse_num3|g1|cyan_p,CatPred,True,
ecoli|CYANtex_reverse_num4|g1|cyan_p,CatPred,True,
ecoli|SO3tex_reverse_num2|g1|so3_p,CatPred,True,
ecoli|SO3tex_reverse_num3|g1|so3_p,CatPred,True,
ecoli|SO3tex_reverse_num4|g1|so3_p,CatPred,True,
ecoli|TCYNTtex_reverse_num2|g1|tcynt_p,CatPred,True,
ecoli|TCYNTtex_reverse_num3|g1|tcynt_p,CatPred,True,
ecoli|TCYNTtex_reverse_num4|g1|tcynt_p,CatPred,True,
ecoli|METSOX1tex_reverse_num2|g1|metsox_S__L_p,CatPred,True,
ecoli|METSOX1tex_reverse_num3|g1|metsox_S__L_p,CatPred,True,
ecoli|METSOX1tex_reverse_num4|g1|metsox_S__L_p,CatPred,True,
ecoli|METSOX2tex_reverse_num2|g1|metsox_R__L_p,CatPred,True,
ecoli|METSOX2tex_reverse_num3|g1|metsox_R__L_p,CatPred,True,
ecoli|METSOX2tex_reverse_num4|g1|metsox_R__L_p,CatPred,True,
ecoli|3UMPtex_reverse_num2|g1|3ump_p,CatPred,True,
ecoli|3UMPtex_reverse_num3|g1|3ump_p,CatPred,True,
ecoli|3UMPtex_reverse_num4|g1|3ump_p,CatPred,True,
ecoli|3GMPtex_reverse_num2|g1|3gmp_p,CatPred,True,
ecoli|3GMPtex_reverse_num3|g1|3gmp_p,CatPred,True,
ecoli|3GMPtex_reverse_num4|g1|3gmp_p,CatPred,True,
ecoli|DOPAtex_reverse_num2|g1|dopa_p,CatPred,True,
ecoli|DOPAtex_reverse_num3|g1|dopa_p,CatPred,True,
ecoli|DOPAtex_reverse_num4|g1|dopa_p,CatPred,True,
ecoli|4HOXPACDtex_reverse_num2|g1|4hoxpacd_p,CatPred,True,
ecoli|4HOXPACDtex_reverse_num3|g1|4hoxpacd_p,CatPred,True,
ecoli|4HOXPACDtex_reverse_num4|g1|4hoxpacd_p,CatPred,True,
ecoli|ETHAtex_reverse_num2|g1|etha_p,CatPred,True,
ecoli|ETHAtex_reverse_num3|g1|etha_p,CatPred,True,
ecoli|ETHAtex_reverse_num4|g1|etha_p,CatPred,True,
ecoli|G3PStex_reverse_num2|g1|g3ps_p,CatPred,True,
ecoli|G3PStex_reverse_num3|g1|g3ps_p,CatPred,True,
ecoli|G3PStex_reverse_num4|g1|g3ps_p,CatPred,True,
ecoli|ACGAL1Ptex_reverse_num2|g1|acgal1p_p,CatPred,True,
ecoli|ACGAL1Ptex_reverse_num3|g1|acgal1p_p,CatPred,True,
ecoli|ACGAL1Ptex_reverse_num4|g1|acgal1p_p,CatPred,True,
ecoli|ACGALtex_reverse_num2|g1|acgal_p,CatPred,True,
ecoli|ACGALtex_reverse_num3|g1|acgal_p,CatPred,True,
ecoli|ACGALtex_reverse_num4|g1|acgal_p,CatPred,True,
ecoli|GLCUR1Ptex_reverse_num2|g1|glcur1p_p,CatPred,True,
ecoli|GLCUR1Ptex_reverse_num3|g1|glcur1p_p,CatPred,True,
ecoli|GLCUR1Ptex_reverse_num4|g1|glcur1p_p,CatPred,True,
ecoli|UDPGLCURtex_reverse_num2|g1|udpglcur_p,CatPred,True,
ecoli|UDPGLCURtex_reverse_num3|g1|udpglcur_p,CatPred,True,
ecoli|UDPGLCURtex_reverse_num4|g1|udpglcur_p,CatPred,True,
ecoli|ISETACtex_reverse_num2|g1|isetac_p,CatPred,True,
ecoli|ISETACtex_reverse_num3|g1|isetac_p,CatPred,True,
ecoli|ISETACtex_reverse_num4|g1|isetac_p,CatPred,True,
ecoli|UDPGtex_reverse_num2|g1|udpg_p,CatPred,True,
ecoli|UDPGtex_reverse_num3|g1|udpg_p,CatPred,True,
ecoli|UDPGtex_reverse_num4|g1|udpg_p,CatPred,True,
ecoli|UDPGALtex_reverse_num2|g1|udpgal_p,CatPred,True,
ecoli|UDPGALtex_reverse_num3|g1|udpgal_p,CatPred,True,
ecoli|UDPGALtex_reverse_num4|g1|udpgal_p,CatPred,True,
ecoli|ACGAM1Ptex_reverse_num2|g1|acgam1p_p,CatPred,True,
ecoli|ACGAM1Ptex_reverse_num3|g1|acgam1p_p,CatPred,True,
ecoli|ACGAM1Ptex_reverse_num4|g1|acgam1p_p,CatPred,True,
ecoli|UACGAMtex_reverse_num2|g1|uacgam_p,CatPred,True,
ecoli|UACGAMtex_reverse_num3|g1|uacgam_p,CatPred,True,
ecoli|UACGAMtex_reverse_num4|g1|uacgam_p,CatPred,True,
ecoli|UDPACGALtex_reverse_num2|g1|udpacgal_p,CatPred,True,
ecoli|UDPACGALtex_reverse_num3|g1|udpacgal_p,CatPred,True,
ecoli|UDPACGALtex_reverse_num4|g1|udpacgal_p,CatPred,True,
ecoli|MSO3tex_reverse_num2|g1|mso3_p,CatPred,True,
ecoli|MSO3tex_reverse_num3|g1|mso3_p,CatPred,True,
ecoli|MSO3tex_reverse_num4|g1|mso3_p,CatPred,True,
ecoli|GLYC2Ptex_reverse_num2|g1|glyc2p_p,CatPred,True,
ecoli|GLYC2Ptex_reverse_num3|g1|glyc2p_p,CatPred,True,
ecoli|GLYC2Ptex_reverse_num4|g1|glyc2p_p,CatPred,True,
ecoli|PSERtex_reverse_num2|g1|pser__L_p,CatPred,True,
ecoli|PSERtex_reverse_num3|g1|pser__L_p,CatPred,True,
ecoli|PSERtex_reverse_num4|g1|pser__L_p,CatPred,True,
ecoli|R5Ptex_reverse_num2|g1|r5p_p,CatPred,True,
ecoli|R5Ptex_reverse_num3|g1|r5p_p,CatPred,True,
ecoli|R5Ptex_reverse_num4|g1|r5p_p,CatPred,True,
ecoli|THRPtex_reverse_num2|g1|thrp_p,CatPred,True,
ecoli|THRPtex_reverse_num3|g1|thrp_p,CatPred,True,
ecoli|THRPtex_reverse_num4|g1|thrp_p,CatPred,True,
ecoli|TYRPtex_reverse_num2|g1|tyrp_p,CatPred,True,
ecoli|TYRPtex_reverse_num3|g1|tyrp_p,CatPred,True,
ecoli|TYRPtex_reverse_num4|g1|tyrp_p,CatPred,True,
ecoli|CITtex_reverse_num2|g1|cit_p,CatPred,True,
ecoli|CITtex_reverse_num3|g1|cit_p,CatPred,True,
ecoli|CITtex_reverse_num4|g1|cit_p,CatPred,True,
ecoli|ACGAtex_reverse_num2|g1|acgam_p,CatPred,True,
ecoli|ACGAtex_reverse_num3|g1|acgam_p,CatPred,True,
ecoli|ACGAtex_reverse_num4|g1|acgam_p,CatPred,True,
ecoli|G6Ptex_reverse_num2|g1|g6p_p,CatPred,True,
ecoli|G6Ptex_reverse_num3|g1|g6p_p,CatPred,True,
ecoli|G6Ptex_reverse_num4|g1|g6p_p,CatPred,True,
ecoli|MOBDtex_reverse_num2|g1|mobd_p,CatPred,True,
ecoli|MOBDtex_reverse_num3|g1|mobd_p,CatPred,True,
ecoli|MOBDtex_reverse_num4|g1|mobd_p,CatPred,True,
ecoli|NI2tex_reverse_num2|g1|ni2_p,CatPred,True,
ecoli|NI2tex_reverse_num3|g1|ni2_p,CatPred,True,
ecoli|NI2tex_reverse_num4|g1|ni2_p,CatPred,True,
ecoli|L_LACt2rpp_reverse_num2|g1|h_c,CatPred,True,
ecoli|L_LACt2rpp_reverse_num2|g1|lac__L_c,CatPred,True,
ecoli|NH4tpp_reverse_num2|g1|nh4_c,CatPred,True,
ecoli|NO2t2rpp_reverse_num2|g1|h_c,CatPred,True,
ecoli|NO2t2rpp_reverse_num2|g1|no2_c,CatPred,True,
ecoli|PROt2rpp_reverse_num2|g1|h_c,CatPred,True,
ecoli|PROt2rpp_reverse_num2|g1|pro__L_c,CatPred,True,
ecoli|H2O2tex_reverse_num2|g1|h2o2_p,CatPred,True,
ecoli|H2O2tex_reverse_num3|g1|h2o2_p,CatPred,True,
ecoli|H2O2tex_reverse_num4|g1|h2o2_p,CatPred,True,
ecoli|ADEtex_reverse_num2|g1|ade_p,CatPred,True,
ecoli|ADEtex_reverse_num3|g1|ade_p,CatPred,True,
ecoli|ADEtex_reverse_num4|g1|ade_p,CatPred,True,
ecoli|AGMtex_reverse_num2|g1|agm_p,CatPred,True,
ecoli|AGMtex_reverse_num3|g1|agm_p,CatPred,True,
ecoli|AGMtex_reverse_num4|g1|agm_p,CatPred,True,
ecoli|ALAtex_reverse_num2|g1|ala__L_p,CatPred,True,
ecoli|ALAtex_reverse_num3|g1|ala__L_p,CatPred,True,
ecoli|ALAtex_reverse_num4|g1|ala__L_p,CatPred,True,
ecoli|BALAtex_reverse_num2|g1|ala_B_p,CatPred,True,
ecoli|BALAtex_reverse_num3|g1|ala_B_p,CatPred,True,
ecoli|BALAtex_reverse_num4|g1|ala_B_p,CatPred,True,
ecoli|DALAtex_reverse_num2|g1|ala__D_p,CatPred,True,
ecoli|DALAtex_reverse_num3|g1|ala__D_p,CatPred,True,
ecoli|DALAtex_reverse_num4|g1|ala__D_p,CatPred,True,
ecoli|AMPtex_reverse_num2|g1|amp_p,CatPred,True,
ecoli|AMPtex_reverse_num3|g1|amp_p,CatPred,True,
ecoli|AMPtex_reverse_num4|g1|amp_p,CatPred,True,
ecoli|ARBtex_reverse_num2|g1|arab__L_p,CatPred,True,
ecoli|ARBtex_reverse_num3|g1|arab__L_p,CatPred,True,
ecoli|ARBtex_reverse_num4|g1|arab__L_p,CatPred,True,
ecoli|ARGtex_reverse_num2|g1|arg__L_p,CatPred,True,
ecoli|ARGtex_reverse_num3|g1|arg__L_p,CatPred,True,
ecoli|ARGtex_reverse_num4|g1|arg__L_p,CatPred,True,
ecoli|ASCBtex_reverse_num2|g1|ascb__L_p,CatPred,True,
ecoli|ASCBtex_reverse_num3|g1|ascb__L_p,CatPred,True,
ecoli|ASCBtex_reverse_num4|g1|ascb__L_p,CatPred,True,
ecoli|MMETtex_reverse_num2|g1|mmet_p,CatPred,True,
ecoli|MMETtex_reverse_num3|g1|mmet_p,CatPred,True,
ecoli|MMETtex_reverse_num4|g1|mmet_p,CatPred,True,
ecoli|FE3tex_reverse_num2|g1|fe3_p,CatPred,True,
ecoli|FE3tex_reverse_num3|g1|fe3_p,CatPred,True,
ecoli|FE3tex_reverse_num4|g1|fe3_p,CatPred,True,
ecoli|MG2tex_reverse_num2|g1|mg2_p,CatPred,True,
ecoli|MG2tex_reverse_num3|g1|mg2_p,CatPred,True,
ecoli|MG2tex_reverse_num4|g1|mg2_p,CatPred,True,
ecoli|Zn2tex_reverse_num2|g1|zn2_p,CatPred,True,
ecoli|Zn2tex_reverse_num3|g1|zn2_p,CatPred,True,
ecoli|Zn2tex_reverse_num4|g1|zn2_p,CatPred,True,
ecoli|CD2tex_reverse_num2|g1|cd2_p,CatPred,True,
ecoli|CD2tex_reverse_num3|g1|cd2_p,CatPred,True,
ecoli|CD2tex_reverse_num4|g1|cd2_p,CatPred,True,
ecoli|ASO3tex_reverse_num2|g1|aso3_p,CatPred,True,
ecoli|ASO3tex_reverse_num3|g1|aso3_p,CatPred,True,
ecoli|ASO3tex_reverse_num4|g1|aso3_p,CatPred,True,
ecoli|MANGLYCtex_reverse_num2|g1|manglyc_p,CatPred,True,
ecoli|MANGLYCtex_reverse_num3|g1|manglyc_p,CatPred,True,
ecoli|MANGLYCtex_reverse_num4|g1|manglyc_p,CatPred,True,
ecoli|FRUURtex_reverse_num2|g1|fruur_p,CatPred,True,
ecoli|FRUURtex_reverse_num3|g1|fruur_p,CatPred,True,
ecoli|FRUURtex_reverse_num4|g1|fruur_p,CatPred,True,
ecoli|GLYCAt2rpp_reverse_num2|g1|glyc__R_c,CatPred,True,
ecoli|GLYCAt2rpp_reverse_num2|g1|h_c,CatPred,True,
ecoli|GLYCAtex_reverse_num2|g1|glyc__R_p,CatPred,True,
ecoli|GLYCAtex_reverse_num3|g1|glyc__R_p,CatPred,True,
ecoli|GLYCAtex_reverse_num4|g1|glyc__R_p,CatPred,True,
ecoli|GLYCtpp_reverse_num2|g1|glyc_p,CatPred,True,
ecoli|H2Otpp_reverse_num2|g1|h2o_c,CatPred,True,
ecoli|COBALT2tex_reverse_num2|g1|cobalt2_p,CatPred,True,
ecoli|COBALT2tex_reverse_num3|g1|cobalt2_p,CatPred,True,
ecoli|COBALT2tex_reverse_num4|g1|cobalt2_p,CatPred,True,
ecoli|DIMPtex_reverse_num2|g1|dimp_p,CatPred,True,
ecoli|DIMPtex_reverse_num3|g1|dimp_p,CatPred,True,
ecoli|DIMPtex_reverse_num4|g1|dimp_p,CatPred,True,
ecoli|GLCNt2rpp_reverse_num2|g1|glcn_c,CatPred,True,
ecoli|GLCNt2rpp_reverse_num2|g1|h_c,CatPred,True,
ecoli|GLCNt2rpp_reverse_num3|g1|glcn_c,CatPred,True,
ecoli|GLCNt2rpp_reverse_num3|g1|h_c,CatPred,True,
ecoli|GLCNt2rpp_reverse_num4|g1|glcn_c,CatPred,True,
ecoli|GLCNt2rpp_reverse_num4|g1|h_c,CatPred,True,
ecoli|GLCRt2rpp_reverse_num2|g1|glcr_c,CatPred,True,
ecoli|GLCRt2rpp_reverse_num2|g1|h_c,CatPred,True,
ecoli|GLCURt2rpp_reverse_num2|g1|glcur_c,CatPred,True,
ecoli|GLCURt2rpp_reverse_num2|g1|h_c,CatPred,True,
ecoli|XTSNtex_reverse_num2|g1|xtsn_p,CatPred,True,
ecoli|XTSNtex_reverse_num3|g1|xtsn_p,CatPred,True,
ecoli|XTSNtex_reverse_num4|g1|xtsn_p,CatPred,True,
ecoli|HG2tex_reverse_num2|g1|hg2_p,CatPred,True,
ecoli|HG2tex_reverse_num3|g1|hg2_p,CatPred,True,
ecoli|HG2tex_reverse_num4|g1|hg2_p,CatPred,True,
ecoli|DHAtex_reverse_num2|g1|dha_p,CatPred,True,
ecoli|DHAtex_reverse_num3|g1|dha_p,CatPred,True,
ecoli|DHAtex_reverse_num4|g1|dha_p,CatPred,True,
ecoli|ETOHtex_reverse_num2|g1|etoh_p,CatPred,True,
ecoli|ETOHtex_reverse_num3|g1|etoh_p,CatPred,True,
ecoli|ETOHtex_reverse_num4|g1|etoh_p,CatPred,True,
ecoli|HACD3_reverse_num2|g1|3hocoa_c,CatPred,True,
ecoli|HACD3_reverse_num2|g1|nad_c,CatPred,True,
ecoli|ACACtex_reverse_num2|g1|acac_p,CatPred,True,
ecoli|ACACtex_reverse_num3|g1|acac_p,CatPred,True,
ecoli|ACACtex_reverse_num4|g1|acac_p,CatPred,True,
ecoli|ACNAMtex_reverse_num2|g1|acnam_p,CatPred,True,
ecoli|ACNAMtex_reverse_num3|g1|acnam_p,CatPred,True,
ecoli|H2Stex_reverse_num2|g1|h2s_p,CatPred,True,
ecoli|H2Stex_reverse_num3|g1|h2s_p,CatPred,True,
ecoli|H2Stex_reverse_num4|g1|h2s_p,CatPred,True,
ecoli|4PEPTtex_reverse_num2|g1|LalaDgluMdapDala_p,CatPred,True,
ecoli|4PEPTtex_reverse_num3|g1|LalaDgluMdapDala_p,CatPred,True,
ecoli|4PEPTtex_reverse_num4|g1|LalaDgluMdapDala_p,CatPred,True,
ecoli|GLYCLTt2rpp_reverse_num2|g1|glyclt_c,CatPred,True,
ecoli|GLYCLTt2rpp_reverse_num2|g1|h_c,CatPred,True,
ecoli|DHFR_reverse_num2|g1|nadp_c,CatPred,True,
ecoli|DHFR_reverse_num2|g1|thf_c,CatPred,True,
ecoli|TYRTA_reverse_num2|g1|34hpp_c,CatPred,True,
ecoli|TYRTA_reverse_num2|g1|glu__L_c,CatPred,True,
ecoli|TYRTA_reverse_num3|g1|34hpp_c,CatPred,True,
ecoli|TYRTA_reverse_num3|g1|glu__L_c,CatPred,True,
ecoli|PUNP4_reverse_num2|g1|2dr1p_c,CatPred,True,
ecoli|PUNP4_reverse_num2|g1|gua_c,CatPred,True,
ecoli|CU2tex_reverse_num2|g1|cu2_p,CatPred,True,
ecoli|CU2tex_reverse_num3|g1|cu2_p,CatPred,True,
ecoli|CU2tex_reverse_num4|g1|cu2_p,CatPred,True,
ecoli|ALAALAr_reverse_num2|g1|adp_c,CatPred,True,
ecoli|ALAALAr_reverse_num2|g1|alaala_c,CatPred,True,
ecoli|ALAALAr_reverse_num2|g1|h_c,CatPred,True,
ecoli|ALAALAr_reverse_num2|g1|pi_c,CatPred,True,
ecoli|CLtex_reverse_num2|g1|cl_p,CatPred,True,
ecoli|CLtex_reverse_num3|g1|cl_p,CatPred,True,
ecoli|CLtex_reverse_num4|g1|cl_p,CatPred,True,
ecoli|ACACT1r_reverse_num2|g1|aacoa_c,CatPred,True,
ecoli|ACACT1r_reverse_num2|g1|coa_c,CatPred,True,
ecoli|ACACT1r_reverse_num3|g1|aacoa_c,CatPred,True,
ecoli|ACACT1r_reverse_num3|g1|coa_c,CatPred,True,
ecoli|PROtex_reverse_num2|g1|pro__L_p,CatPred,True,
ecoli|PROtex_reverse_num3|g1|pro__L_p,CatPred,True,
ecoli|PROtex_reverse_num4|g1|pro__L_p,CatPred,True,
ecoli|SBTtex_reverse_num2|g1|sbt__D_p,CatPred,True,
ecoli|SBTtex_reverse_num3|g1|sbt__D_p,CatPred,True,
ecoli|SBTtex_reverse_num4|g1|sbt__D_p,CatPred,True,
ecoli|PGM_reverse_num2|g1|3pg_c,CatPred,True,
ecoli|RPI_reverse_num2|g1|ru5p__D_c,CatPred,True,
ecoli|AKGtex_reverse_num2|g1|akg_p,CatPred,True,
ecoli|AKGtex_reverse_num3|g1|akg_p,CatPred,True,
ecoli|AKGtex_reverse_num4|g1|akg_p,CatPred,True,
ecoli|ALLTNtex_reverse_num2|g1|alltn_p,CatPred,True,
ecoli|ALLTNtex_reverse_num3|g1|alltn_p,CatPred,True,
ecoli|ALLTNtex_reverse_num4|g1|alltn_p,CatPred,True,
ecoli|ASNtex_reverse_num2|g1|asn__L_p,CatPred,True,
ecoli|ASNtex_reverse_num3|g1|asn__L_p,CatPred,True,
ecoli|ASNtex_reverse_num4|g1|asn__L_p,CatPred,True,
ecoli|TYMtex_reverse_num2|g1|tym_p,CatPred,True,
ecoli|TYMtex_reverse_num3|g1|tym_p,CatPred,True,
ecoli|TYMtex_reverse_num4|g1|tym_p,CatPred,True,
ecoli|CMPtex_reverse_num2|g1|cmp_p,CatPred,True,
ecoli|CMPtex_reverse_num3|g1|cmp_p,CatPred,True,
ecoli|CMPtex_reverse_num4|g1|cmp_p,CatPred,True,
ecoli|DUMPtex_reverse_num2|g1|dump_p,CatPred,True,
ecoli|DUMPtex_reverse_num3|g1|dump_p,CatPred,True,
ecoli|DUMPtex_reverse_num4|g1|dump_p,CatPred,True,
ecoli|XMPtex_reverse_num2|g1|xmp_p,CatPred,True,
ecoli|XMPtex_reverse_num3|g1|xmp_p,CatPred,True,
ecoli|XMPtex_reverse_num4|g1|xmp_p,CatPred,True,
ecoli|3PEPTtex_reverse_num2|g1|LalaDgluMdap_p,CatPred,False,missing_smiles
ecoli|3PEPTtex_reverse_num3|g1|LalaDgluMdap_p,CatPred,False,missing_smiles
ecoli|3PEPTtex_reverse_num4|g1|LalaDgluMdap_p,CatPred,False,missing_smiles
ecoli|ANHGMtex_reverse_num2|g1|anhgm_p,CatPred,False,missing_smiles
ecoli|ANHGMtex_reverse_num3|g1|anhgm_p,CatPred,False,missing_smiles
ecoli|ANHGMtex_reverse_num4|g1|anhgm_p,CatPred,False,missing_smiles
ecoli|FALDtex_reverse_num2|g1|fald_p,CatPred,True,
ecoli|FALDtex_reverse_num3|g1|fald_p,CatPred,True,
ecoli|FALDtex_reverse_num4|g1|fald_p,CatPred,True,
ecoli|CYSDtex_reverse_num2|g1|cys__D_p,CatPred,True,
ecoli|CYSDtex_reverse_num3|g1|cys__D_p,CatPred,True,
ecoli|CYSDtex_reverse_num4|g1|cys__D_p,CatPred,True,
ecoli|G3PItex_reverse_num2|g1|g3pi_p,CatPred,True,
ecoli|G3PItex_reverse_num3|g1|g3pi_p,CatPred,True,
ecoli|G3PItex_reverse_num4|g1|g3pi_p,CatPred,True,
ecoli|G3PGtex_reverse_num2|g1|g3pg_p,CatPred,True,
ecoli|G3PGtex_reverse_num3|g1|g3pg_p,CatPred,True,
ecoli|G3PGtex_reverse_num4|g1|g3pg_p,CatPred,True,
ecoli|G3PEtex_reverse_num2|g1|g3pe_p,CatPred,True,
ecoli|G3PEtex_reverse_num3|g1|g3pe_p,CatPred,True,
ecoli|G3PEtex_reverse_num4|g1|g3pe_p,CatPred,True,
ecoli|G3PCtex_reverse_num2|g1|g3pc_p,CatPred,True,
ecoli|G3PCtex_reverse_num3|g1|g3pc_p,CatPred,True,
ecoli|G3PCtex_reverse_num4|g1|g3pc_p,CatPred,True,
ecoli|DAMPtex_reverse_num2|g1|damp_p,CatPred,True,
ecoli|DAMPtex_reverse_num3|g1|damp_p,CatPred,True,
ecoli|DAMPtex_reverse_num4|g1|damp_p,CatPred,True,
ecoli|DCMPtex_reverse_num2|g1|dcmp_p,CatPred,True,
ecoli|DCMPtex_reverse_num3|g1|dcmp_p,CatPred,True,
ecoli|DCMPtex_reverse_num4|g1|dcmp_p,CatPred,True,
ecoli|DGMPtex_reverse_num2|g1|dgmp_p,CatPred,True,
ecoli|DGMPtex_reverse_num3|g1|dgmp_p,CatPred,True,
ecoli|DGMPtex_reverse_num4|g1|dgmp_p,CatPred,True,
ecoli|DTMPtex_reverse_num2|g1|dtmp_p,CatPred,True,
ecoli|DTMPtex_reverse_num3|g1|dtmp_p,CatPred,True,
ecoli|DTMPtex_reverse_num4|g1|dtmp_p,CatPred,True,
ecoli|GMPtex_reverse_num2|g1|gmp_p,CatPred,True,
ecoli|GMPtex_reverse_num3|g1|gmp_p,CatPred,True,
ecoli|GMPtex_reverse_num4|g1|gmp_p,CatPred,True,
ecoli|IMPtex_reverse_num2|g1|imp_p,CatPred,True,
ecoli|IMPtex_reverse_num3|g1|imp_p,CatPred,True,
ecoli|IMPtex_reverse_num4|g1|imp_p,CatPred,True,
ecoli|UMPtex_reverse_num2|g1|ump_p,CatPred,True,
ecoli|UMPtex_reverse_num3|g1|ump_p,CatPred,True,
ecoli|UMPtex_reverse_num4|g1|ump_p,CatPred,True,
ecoli|G1Ptex_reverse_num2|g1|g1p_p,CatPred,True,
ecoli|G1Ptex_reverse_num3|g1|g1p_p,CatPred,True,
ecoli|G1Ptex_reverse_num4|g1|g1p_p,CatPred,True,
ecoli|SKMtex_reverse_num2|g1|skm_p,CatPred,True,
ecoli|SKMtex_reverse_num3|g1|skm_p,CatPred,True,
ecoli|SKMtex_reverse_num4|g1|skm_p,CatPred,True,
ecoli|MNtex_reverse_num2|g1|mn2_p,CatPred,True,
ecoli|MNtex_reverse_num3|g1|mn2_p,CatPred,True,
ecoli|MNtex_reverse_num4|g1|mn2_p,CatPred,True,
ecoli|GAL1Ptex_reverse_num2|g1|gal1p_p,CatPred,True,
ecoli|GAL1Ptex_reverse_num3|g1|gal1p_p,CatPred,True,
ecoli|GAL1Ptex_reverse_num4|g1|gal1p_p,CatPred,True,
ecoli|O2Stex_reverse_num2|g1|o2s_p,CatPred,True,
ecoli|O2Stex_reverse_num3|g1|o2s_p,CatPred,True,
ecoli|O2Stex_reverse_num4|g1|o2s_p,CatPred,True,
ecoli|HOMtex_reverse_num2|g1|hom__L_p,CatPred,True,
ecoli|HOMtex_reverse_num3|g1|hom__L_p,CatPred,True,
ecoli|HOMtex_reverse_num4|g1|hom__L_p,CatPred,True,
ecoli|SO2tex_reverse_num2|g1|so2_p,CatPred,True,
ecoli|SO2tex_reverse_num3|g1|so2_p,CatPred,True,
ecoli|SO2tex_reverse_num4|g1|so2_p,CatPred,True,
ecoli|ACSERtex_reverse_num2|g1|acser_p,CatPred,True,
ecoli|ACSERtex_reverse_num3|g1|acser_p,CatPred,True,
ecoli|ACSERtex_reverse_num4|g1|acser_p,CatPred,True,
ecoli|ECOAH7_reverse_num2|g1|h2o_c,CatPred,True,
ecoli|ECOAH7_reverse_num2|g1|hdd2coa_c,CatPred,True,
ecoli|ALAALAtex_reverse_num2|g1|alaala_p,CatPred,True,
ecoli|ALAALAtex_reverse_num3|g1|alaala_p,CatPred,True,
ecoli|ALAALAtex_reverse_num4|g1|alaala_p,CatPred,True,
ecoli|MALtex_reverse_num2|g1|mal__L_p,CatPred,True,
ecoli|MALtex_reverse_num3|g1|mal__L_p,CatPred,True,
ecoli|MALtex_reverse_num4|g1|mal__L_p,CatPred,True,
ecoli|NO3tex_reverse_num2|g1|no3_p,CatPred,True,
ecoli|NO3tex_reverse_num3|g1|no3_p,CatPred,True,
ecoli|NO3tex_reverse_num4|g1|no3_p,CatPred,True,
ecoli|CLPNS180pp_reverse_num2|g1|clpn180_p,CatPred,False,missing_smiles
ecoli|CLPNS180pp_reverse_num2|g1|glyc_p,CatPred,True,
ecoli|CLPNS181pp_reverse_num2|g1|clpn181_p,CatPred,True,
ecoli|CLPNS181pp_reverse_num2|g1|glyc_p,CatPred,True,
ecoli|CLPNS120pp_reverse_num2|g1|clpn120_p,CatPred,False,missing_smiles
ecoli|CLPNS120pp_reverse_num2|g1|glyc_p,CatPred,True,
ecoli|CLPNS160pp_reverse_num2|g1|clpn160_p,CatPred,True,
ecoli|CLPNS160pp_reverse_num2|g1|glyc_p,CatPred,True,
ecoli|CLPNS161pp_reverse_num2|g1|clpn161_p,CatPred,True,
ecoli|CLPNS161pp_reverse_num2|g1|glyc_p,CatPred,True,
ecoli|GSNtex_reverse_num2|g1|gsn_p,CatPred,True,
ecoli|GSNtex_reverse_num3|g1|gsn_p,CatPred,True,
ecoli|GSNtex_reverse_num4|g1|gsn_p,CatPred,True,
ecoli|FORtex_reverse_num2|g1|for_p,CatPred,True,
ecoli|FORtex_reverse_num3|g1|for_p,CatPred,True,
ecoli|FORtex_reverse_num4|g1|for_p,CatPred,True,
ecoli|D_LACt2pp_reverse_num2|g1|h_c,CatPred,True,
ecoli|D_LACt2pp_reverse_num2|g1|lac__D_c,CatPred,True,
ecoli|RIBtex_reverse_num2|g1|rib__D_p,CatPred,True,
ecoli|RIBtex_reverse_num3|g1|rib__D_p,CatPred,True,
ecoli|RIBtex_reverse_num4|g1|rib__D_p,CatPred,True,
ecoli|THMtex_reverse_num2|g1|thm_p,CatPred,True,
ecoli|THMtex_reverse_num3|g1|thm_p,CatPred,True,
ecoli|THMtex_reverse_num4|g1|thm_p,CatPred,True,
ecoli|XYLUtex_reverse_num2|g1|xylu__L_p,CatPred,True,
ecoli|XYLUtex_reverse_num3|g1|xylu__L_p,CatPred,True,
ecoli|XYLUtex_reverse_num4|g1|xylu__L_p,CatPred,True,
ecoli|ALLtex_reverse_num2|g1|all__D_p,CatPred,True,
ecoli|ALLtex_reverse_num3|g1|all__D_p,CatPred,True,
ecoli|ALLtex_reverse_num4|g1|all__D_p,CatPred,True,
ecoli|34dhpactex_reverse_num2|g1|34dhpac_p,CatPred,True,
ecoli|34dhpactex_reverse_num3|g1|34dhpac_p,CatPred,True,
ecoli|34dhpactex_reverse_num4|g1|34dhpac_p,CatPred,True,
ecoli|23DAPPAtex_reverse_num2|g1|23dappa_p,CatPred,True,
ecoli|23DAPPAtex_reverse_num3|g1|23dappa_p,CatPred,True,
ecoli|23DAPPAtex_reverse_num4|g1|23dappa_p,CatPred,True,
ecoli|PHEt2rpp_reverse_num2|g1|h_c,CatPred,True,
ecoli|PHEt2rpp_reverse_num2|g1|phe__L_c,CatPred,True,
ecoli|GLCtex_copy2_reverse_num2|g1|glc__D_p,CatPred,True,
ecoli|GLCtex_copy2_reverse_num3|g1|glc__D_p,CatPred,True,
ecoli|GLCtex_copy2_reverse_num4|g1|glc__D_p,CatPred,True,
ecoli|PPALtex_reverse_num2|g1|ppal_p,CatPred,True,
ecoli|PPALtex_reverse_num3|g1|ppal_p,CatPred,True,
ecoli|PPALtex_reverse_num4|g1|ppal_p,CatPred,True,
ecoli|CA2tex_reverse_num2|g1|ca2_p,CatPred,True,
ecoli|CA2tex_reverse_num3|g1|ca2_p,CatPred,True,
ecoli|CA2tex_reverse_num4|g1|ca2_p,CatPred,True,
ecoli|CUtex_reverse_num2|g1|cu_p,CatPred,True,
ecoli|CUtex_reverse_num3|g1|cu_p,CatPred,True,
ecoli|CUtex_reverse_num4|g1|cu_p,CatPred,True,
ecoli|12PPDRtex_reverse_num2|g1|12ppd__R_p,CatPred,True,
ecoli|12PPDRtex_reverse_num3|g1|12ppd__R_p,CatPred,True,
ecoli|12PPDRtex_reverse_num4|g1|12ppd__R_p,CatPred,True,
ecoli|F6Ptex_reverse_num2|g1|f6p_p,CatPred,True,
ecoli|F6Ptex_reverse_num3|g1|f6p_p,CatPred,True,
ecoli|F6Ptex_reverse_num4|g1|f6p_p,CatPred,True,
ecoli|GAMAN6Ptex_reverse_num2|g1|gam6p_p,CatPred,True,
ecoli|GAMAN6Ptex_reverse_num3|g1|gam6p_p,CatPred,True,
ecoli|GAMAN6Ptex_reverse_num4|g1|gam6p_p,CatPred,True,
ecoli|ACONTb_reverse_num2|g1|icit_c,CatPred,True,
ecoli|PROGLYtex_reverse_num2|g1|progly_p,CatPred,True,
ecoli|PROGLYtex_reverse_num3|g1|progly_p,CatPred,True,
ecoli|PROGLYtex_reverse_num4|g1|progly_p,CatPred,True,
ecoli|ACONTa_reverse_num2|g1|acon_C_c,CatPred,True,
ecoli|ACONTa_reverse_num2|g1|h2o_c,CatPred,True,
ecoli|CLPNS140pp_reverse_num2|g1|clpn140_p,CatPred,True,
ecoli|CLPNS140pp_reverse_num2|g1|glyc_p,CatPred,True,
ecoli|CLPNS141pp_reverse_num2|g1|clpn141_p,CatPred,False,missing_smiles
ecoli|CLPNS141pp_reverse_num2|g1|glyc_p,CatPred,True,
ecoli|CGLYtex_reverse_num2|g1|cgly_p,CatPred,True,
ecoli|CGLYtex_reverse_num3|g1|cgly_p,CatPred,True,
ecoli|CGLYtex_reverse_num4|g1|cgly_p,CatPred,True,
ecoli|GTHOXtex_reverse_num2|g1|gthox_p,CatPred,True,
ecoli|GTHOXtex_reverse_num3|g1|gthox_p,CatPred,True,
ecoli|GTHOXtex_reverse_num4|g1|gthox_p,CatPred,True,
ecoli|GTHRDtex_reverse_num2|g1|gthrd_p,CatPred,True,
ecoli|GTHRDtex_reverse_num3|g1|gthrd_p,CatPred,True,
ecoli|GTHRDtex_reverse_num4|g1|gthrd_p,CatPred,True,
ecoli|TUNGStex_reverse_num2|g1|tungs_p,CatPred,True,
ecoli|TUNGStex_reverse_num3|g1|tungs_p,CatPred,True,
ecoli|TUNGStex_reverse_num4|g1|tungs_p,CatPred,True,
ecoli|GALCTNLtex_reverse_num2|g1|galctn__L_p,CatPred,True,
ecoli|GALCTNLtex_reverse_num3|g1|galctn__L_p,CatPred,True,
ecoli|GALCTNLtex_reverse_num4|g1|galctn__L_p,CatPred,True,
ecoli|MALDtex_reverse_num2|g1|mal__D_p,CatPred,True,
ecoli|MALDtex_reverse_num3|g1|mal__D_p,CatPred,True,
ecoli|MALDtex_reverse_num4|g1|mal__D_p,CatPred,True,
ecoli|OROTtex_reverse_num2|g1|orot_p,CatPred,True,
ecoli|OROTtex_reverse_num3|g1|orot_p,CatPred,True,
ecoli|OROTtex_reverse_num4|g1|orot_p,CatPred,True,
ecoli|5DGLCNtex_reverse_num2|g1|5dglcn_p,CatPred,True,
ecoli|5DGLCNtex_reverse_num3|g1|5dglcn_p,CatPred,True,
ecoli|5DGLCNtex_reverse_num4|g1|5dglcn_p,CatPred,True,
ecoli|PPAtex_reverse_num2|g1|ppa_p,CatPred,True,
ecoli|PPAtex_reverse_num3|g1|ppa_p,CatPred,True,
ecoli|PPAtex_reverse_num4|g1|ppa_p,CatPred,True,
ecoli|PSCLYStex_reverse_num2|g1|psclys_p,CatPred,True,
ecoli|PSCLYStex_reverse_num3|g1|psclys_p,CatPred,True,
ecoli|PSCLYStex_reverse_num4|g1|psclys_p,CatPred,True,
ecoli|THYMtex_reverse_num2|g1|thym_p,CatPred,True,
ecoli|THYMtex_reverse_num3|g1|thym_p,CatPred,True,
ecoli|THYMtex_reverse_num4|g1|thym_p,CatPred,True,
ecoli|POR5_reverse_num2|g1|accoa_c,CatPred,False,missing_sequence;complex_not_supported_by_default
ecoli|POR5_reverse_num2|g1|co2_c,CatPred,False,missing_sequence;complex_not_supported_by_default
ecoli|POR5_reverse_num2|g1|flxr_c,CatPred,False,missing_sequence;missing_smiles;complex_not_supported_by_default
ecoli|POR5_reverse_num2|g1|h_c,CatPred,False,missing_sequence;complex_not_supported_by_default
ecoli|HACD8_reverse_num2|g1|3hodcoa_c,CatPred,True,
ecoli|HACD8_reverse_num2|g1|nad_c,CatPred,True,
ecoli|MINCYCtex_reverse_num2|g1|mincyc_p,CatPred,True,
ecoli|MINCYCtex_reverse_num3|g1|mincyc_p,CatPred,True,
ecoli|MINCYCtex_reverse_num4|g1|mincyc_p,CatPred,True,
ecoli|DOXRBCNtex_reverse_num2|g1|doxrbcn_p,CatPred,True,
ecoli|DOXRBCNtex_reverse_num3|g1|doxrbcn_p,CatPred,True,
ecoli|DOXRBCNtex_reverse_num4|g1|doxrbcn_p,CatPred,True,
ecoli|CMtex_reverse_num2|g1|cm_p,CatPred,True,
ecoli|CMtex_reverse_num3|g1|cm_p,CatPred,True,
ecoli|CMtex_reverse_num4|g1|cm_p,CatPred,True,
ecoli|LALALGLUtex_reverse_num2|g1|LalaLglu_p,CatPred,True,
ecoli|LALALGLUtex_reverse_num3|g1|LalaLglu_p,CatPred,True,
ecoli|LALALGLUtex_reverse_num4|g1|LalaLglu_p,CatPred,True,
ecoli|5MTRtex_reverse_num2|g1|5mtr_p,CatPred,True,
ecoli|5MTRtex_reverse_num3|g1|5mtr_p,CatPred,True,
ecoli|5MTRtex_reverse_num4|g1|5mtr_p,CatPred,True,
ecoli|LALADGLUtex_reverse_num2|g1|LalaDglu_p,CatPred,True,
ecoli|LALADGLUtex_reverse_num3|g1|LalaDglu_p,CatPred,True,
ecoli|LALADGLUtex_reverse_num4|g1|LalaDglu_p,CatPred,True,
ecoli|3HPPtex_reverse_num2|g1|3hpp_p,CatPred,True,
ecoli|3HPPtex_reverse_num3|g1|3hpp_p,CatPred,True,
ecoli|3HPPtex_reverse_num4|g1|3hpp_p,CatPred,True,
ecoli|FUSAtex_reverse_num2|g1|fusa_p,CatPred,True,
ecoli|FUSAtex_reverse_num3|g1|fusa_p,CatPred,True,
ecoli|FUSAtex_reverse_num4|g1|fusa_p,CatPred,True,
ecoli|QUIN2tex_reverse_num2|g1|quin_p,CatPred,True,
ecoli|QUIN2tex_reverse_num3|g1|quin_p,CatPred,True,
ecoli|QUIN2tex_reverse_num4|g1|quin_p,CatPred,True,
ecoli|SELtex_reverse_num2|g1|sel_p,CatPred,True,
ecoli|SELtex_reverse_num3|g1|sel_p,CatPred,True,
ecoli|SELtex_reverse_num4|g1|sel_p,CatPred,True,
ecoli|MEOHtex_reverse_num2|g1|meoh_p,CatPred,True,
ecoli|MEOHtex_reverse_num3|g1|meoh_p,CatPred,True,
ecoli|MEOHtex_reverse_num4|g1|meoh_p,CatPred,True,
ecoli|TTRCYCtex_reverse_num2|g1|ttrcyc_p,CatPred,True,
ecoli|TTRCYCtex_reverse_num3|g1|ttrcyc_p,CatPred,True,
ecoli|TTRCYCtex_reverse_num4|g1|ttrcyc_p,CatPred,True,
ecoli|SLNTtex_reverse_num2|g1|slnt_p,CatPred,True,
ecoli|SLNTtex_reverse_num3|g1|slnt_p,CatPred,True,
ecoli|SLNTtex_reverse_num4|g1|slnt_p,CatPred,True,
ecoli|TARTRDtex_reverse_num2|g1|tartr__D_p,CatPred,True,
ecoli|TARTRDtex_reverse_num3|g1|tartr__D_p,CatPred,True,
ecoli|TARTRDtex_reverse_num4|g1|tartr__D_p,CatPred,True,
ecoli|BTNtex_reverse_num2|g1|btn_p,CatPred,True,
ecoli|BTNtex_reverse_num3|g1|btn_p,CatPred,True,
ecoli|BTNtex_reverse_num4|g1|btn_p,CatPred,True,
ecoli|PYDXtex_reverse_num2|g1|pydx_p,CatPred,True,
ecoli|PYDXtex_reverse_num3|g1|pydx_p,CatPred,True,
ecoli|PYDXtex_reverse_num4|g1|pydx_p,CatPred,True,
ecoli|SUCASPtpp_reverse_num2|g1|asp__L_c,CatPred,True,
ecoli|SUCASPtpp_reverse_num2|g1|succ_p,CatPred,True,
ecoli|SUCASPtpp_reverse_num3|g1|asp__L_c,CatPred,True,
ecoli|SUCASPtpp_reverse_num3|g1|succ_p,CatPred,True,
ecoli|SUCMALtpp_reverse_num2|g1|mal__L_c,CatPred,True,
ecoli|SUCMALtpp_reverse_num2|g1|succ_p,CatPred,True,
ecoli|SUCMALtpp_reverse_num3|g1|mal__L_c,CatPred,True,
ecoli|SUCMALtpp_reverse_num3|g1|succ_p,CatPred,True,
ecoli|PYDXNtex_reverse_num2|g1|pydxn_p,CatPred,True,
ecoli|PYDXNtex_reverse_num3|g1|pydxn_p,CatPred,True,
ecoli|PYDXNtex_reverse_num4|g1|pydxn_p,CatPred,True,
ecoli|PYDAMtex_reverse_num2|g1|pydam_p,CatPred,True,
ecoli|PYDAMtex_reverse_num3|g1|pydam_p,CatPred,True,
ecoli|PYDAMtex_reverse_num4|g1|pydam_p,CatPred,True,
ecoli|CHTBStex_reverse_num2|g1|chtbs_p,CatPred,True,
ecoli|CHTBStex_reverse_num3|g1|chtbs_p,CatPred,True,
ecoli|CHTBStex_reverse_num4|g1|chtbs_p,CatPred,True,
ecoli|CHTBStex_reverse_num5|g1|chtbs_p,CatPred,True,
ecoli|CRNDtex_reverse_num2|g1|crn__D_p,CatPred,True,
ecoli|CRNDtex_reverse_num3|g1|crn__D_p,CatPred,True,
ecoli|CRNDtex_reverse_num4|g1|crn__D_p,CatPred,True,
ecoli|2DDARAA_reverse_num2|g1|gcald_c,CatPred,True,
ecoli|2DDARAA_reverse_num2|g1|pyr_c,CatPred,True,
ecoli|DXYLONtex_reverse_num2|g1|dxylnt_p,CatPred,True,
ecoli|DXYLONtex_reverse_num3|g1|dxylnt_p,CatPred,True,
ecoli|PSURItex_reverse_num2|g1|psuri_p,CatPred,True,
ecoli|PSURItex_reverse_num3|g1|psuri_p,CatPred,True,
ecoli|PSURItex_reverse_num4|g1|psuri_p,CatPred,True,
ecoli|FMNtex_reverse_num2|g1|fmn_e,CatPred,True,
ecoli|FMNtex_reverse_num3|g1|fmn_e,CatPred,True,
ecoli|FMNtex_reverse_num4|g1|fmn_e,CatPred,True,
ecoli|CLBtex_reverse_num2|g1|cellb_p,CatPred,True,
ecoli|CLBtex_reverse_num3|g1|cellb_p,CatPred,True,
ecoli|CLBtex_reverse_num4|g1|cellb_p,CatPred,True,
ecoli|5DKGR_reverse_num2|g1|5dglcn_c,CatPred,True,
ecoli|5DKGR_reverse_num2|g1|h_c,CatPred,True,
ecoli|5DKGR_reverse_num2|g1|nadh_c,CatPred,True,
ecoli|FADtex_reverse_num2|g1|fad_e,CatPred,True,
ecoli|FADtex_reverse_num3|g1|fad_e,CatPred,True,
ecoli|FADtex_reverse_num4|g1|fad_e,CatPred,True,
ecoli|2DGLCtex_reverse_num2|g1|2dglc_p,CatPred,True,
ecoli|2DGLCtex_reverse_num3|g1|2dglc_p,CatPred,True,
ecoli|2DGLCtex_reverse_num4|g1|2dglc_p,CatPred,True,
ecoli|URATEtex_reverse_num2|g1|urate_p,CatPred,True,
ecoli|URATEtex_reverse_num3|g1|urate_p,CatPred,True,
ecoli|URATEtex_reverse_num4|g1|urate_p,CatPred,True,
ecoli|Ftex_reverse_num2|g1|f_e,CatPred,True,
ecoli|Ftex_reverse_num3|g1|f_e,CatPred,True,
ecoli|Ftex_reverse_num4|g1|f_e,CatPred,True,
ecoli|CYSItex_reverse_num2|g1|cysi__L_p,CatPred,True,
ecoli|CYSItex_reverse_num3|g1|cysi__L_p,CatPred,True,
ecoli|CYSItex_reverse_num4|g1|cysi__L_p,CatPred,True,
ecoli|CS1tex_reverse_num2|g1|cs1_p,CatPred,True,
ecoli|CS1tex_reverse_num3|g1|cs1_p,CatPred,True,
ecoli|CS1tex_reverse_num4|g1|cs1_p,CatPred,True,
ecoli|MEPNtex_reverse_num2|g1|mepn_p,CatPred,True,
ecoli|MEPNtex_reverse_num3|g1|mepn_p,CatPred,True,
ecoli|MEPNtex_reverse_num4|g1|mepn_p,CatPred,True,
ecoli|4ABZGLUtex_reverse_num2|g1|4abzglu_p,CatPred,True,
ecoli|4ABZGLUtex_reverse_num3|g1|4abzglu_p,CatPred,True,
ecoli|4ABZGLUtex_reverse_num4|g1|4abzglu_p,CatPred,True,
ecoli|METGLCURtex_reverse_num2|g1|metglcur_p,CatPred,False,missing_smiles
ecoli|METGLCURtex_reverse_num3|g1|metglcur_p,CatPred,False,missing_smiles
ecoli|METGLCURtex_reverse_num4|g1|metglcur_p,CatPred,False,missing_smiles
ecoli|AI2tex_reverse_num2|g1|mththf_p,CatPred,True,
ecoli|AI2tex_reverse_num3|g1|mththf_p,CatPred,True,
ecoli|AI2tex_reverse_num4|g1|mththf_p,CatPred,True,
yeast|r_0001|g1|s_0025,CatPred,False,missing_sequence;complex_not_supported_by_default
yeast|r_0001|g1|s_0709,CatPred,False,missing_sequence;missing_smiles;complex_not_supported_by_default
yeast|r_0001|g2|s_0025,CatPred,False,missing_sequence;complex_not_supported_by_default
yeast|r_0001|g2|s_0709,CatPred,False,missing_sequence;missing_smiles;complex_not_supported_by_default
yeast|r_0001|g3|s_0025,CatPred,False,missing_sequence;complex_not_supported_by_default
yeast|r_0001|g3|s_0709,CatPred,False,missing_sequence;missing_smiles;complex_not_supported_by_default
yeast|r_0001|g4|s_0025,CatPred,False,missing_sequence;complex_not_supported_by_default
yeast|r_0001|g4|s_0709,CatPred,False,missing_sequence;missing_smiles;complex_not_supported_by_default
yeast|r_0002|g1|s_0027,CatPred,False,missing_sequence;complex_not_supported_by_default
yeast|r_0002|g1|s_0709,CatPred,False,missing_sequence;missing_smiles;complex_not_supported_by_default
yeast|r_0002|g2|s_0027,CatPred,False,missing_sequence;complex_not_supported_by_default
yeast|r_0002|g2|s_0709,CatPred,False,missing_sequence;missing_smiles;complex_not_supported_by_default
yeast|r_0003|g1|s_0035,CatPred,True,
yeast|r_0003|g1|s_1198,CatPred,True,
yeast|r_0004|g1|s_0063,CatPred,False,missing_sequence;complex_not_supported_by_default
yeast|r_0004|g1|s_0709,CatPred,False,missing_sequence;missing_smiles;complex_not_supported_by_default
yeast|r_0004|g2|s_0063,CatPred,False,missing_sequence;complex_not_supported_by_default
yeast|r_0004|g2|s_0709,CatPred,False,missing_sequence;missing_smiles;complex_not_supported_by_default
yeast|r_0005|g1|s_1543,CatPred,False,missing_sequence;complex_not_supported_by_default
yeast|r_0005|g2|s_1543,CatPred,False,missing_sequence;complex_not_supported_by_default
yeast|r_0005|g3|s_1543,CatPred,False,missing_sequence;complex_not_supported_by_default
yeast|r_0006|g1|s_1543,CatPred,True,
yeast|r_0006|g2|s_1543,CatPred,True,
yeast|r_0007|g1|s_0077,CatPred,True,
yeast|r_0012|g1|s_0119,CatPred,True,
yeast|r_0012|g1|s_0807,CatPred,True,
yeast|r_0012|g1|s_1200,CatPred,True,
yeast|r_0013|g1|s_0311,CatPred,False,missing_sequence;complex_not_supported_by_default
yeast|r_0013|g1|s_0803,CatPred,False,missing_sequence;complex_not_supported_by_default
yeast|r_0014|g1|s_0142,CatPred,True,
yeast|r_0014|g1|s_0794,CatPred,True,
yeast|r_0014|g1|s_0803,CatPred,True,
yeast|r_0015|g1|s_0141,CatPred,True,
yeast|r_0015|g1|s_0794,CatPred,True,
yeast|r_0015|g1|s_1212,CatPred,True,
yeast|r_0016|g1|s_0179,CatPred,False,missing_sequence;complex_not_supported_by_default
yeast|r_0016|g1|s_0799,CatPred,False,missing_sequence;complex_not_supported_by_default
yeast|r_0016|g1|s_1401,CatPred,False,missing_sequence;complex_not_supported_by_default
yeast|r_0016|g2|s_0179,CatPred,True,
yeast|r_0016|g2|s_0799,CatPred,True,
yeast|r_0016|g2|s_1401,CatPred,True,
yeast|r_0017|g1|s_0148,CatPred,True,
yeast|r_0017|g1|s_0437,CatPred,True,
yeast|r_0018|g1|s_0176,CatPred,True,
yeast|r_0018|g1|s_0991,CatPred,True,
yeast|r_0018|g2|s_0176,CatPred,True,
yeast|r_0018|g2|s_0991,CatPred,True,
yeast|r_0018|g3|s_0176,CatPred,True,
yeast|r_0018|g3|s_0991,CatPred,True,
yeast|r_0019|g1|s_0149,CatPred,True,
yeast|r_0019|g1|s_0794,CatPred,True,
yeast|r_0019|g1|s_1212,CatPred,True,
yeast|r_0020|g1|s_0552,CatPred,True,
yeast|r_0020|g1|s_0807,CatPred,True,
yeast|r_0020|g1|s_1361,CatPred,True,
yeast|r_0020|g2|s_0552,CatPred,True,
yeast|r_0020|g2|s_0807,CatPred,True,
yeast|r_0020|g2|s_1361,CatPred,True,
yeast|r_0021|g1|s_0155,CatPred,False,missing_sequence;complex_not_supported_by_default
yeast|r_0021|g1|s_1419,CatPred,False,missing_sequence;complex_not_supported_by_default
yeast|r_0022|g1|s_0157,CatPred,False,missing_sequence;complex_not_supported_by_default
yeast|r_0022|g1|s_1278,CatPred,False,missing_sequence;complex_not_supported_by_default
yeast|r_0023|g1|s_0165,CatPred,True,
yeast|r_0023|g1|s_0803,CatPred,True,
yeast|r_0024|g1|s_0232,CatPred,True,
yeast|r_0024|g1|s_0373,CatPred,True,
yeast|r_0024|g1|s_0803,CatPred,True,
yeast|r_0024|g2|s_0232,CatPred,True,
yeast|r_0024|g2|s_0373,CatPred,True,
yeast|r_0024|g2|s_0803,CatPred,True,
yeast|r_0025|g1|s_0233,CatPred,True,
yeast|r_0025|g1|s_0376,CatPred,True,
yeast|r_0025|g1|s_0807,CatPred,True,
yeast|r_0026|g1|s_0294,CatPred,True,
yeast|r_0026|g1|s_0991,CatPred,True,
yeast|r_0026|g2|s_0294,CatPred,True,
yeast|r_0026|g2|s_0991,CatPred,True,
yeast|r_0026|g3|s_0294,CatPred,True,
yeast|r_0026|g3|s_0991,CatPred,True,
yeast|r_0026|g4|s_0294,CatPred,True,
yeast|r_0026|g4|s_0991,CatPred,True,
yeast|r_0027|g1|s_0834,CatPred,True,
yeast|r_0028|g1|s_0807,CatPred,True,
yeast|r_0028|g1|s_1273,CatPred,True,
yeast|r_0028|g1|s_1382,CatPred,True,
yeast|r_0032|g1|s_0390,CatPred,True,
yeast|r_0032|g1|s_0803,CatPred,True,
yeast|r_0033|g1|s_0192,CatPred,True,
yeast|r_0033|g1|s_0803,CatPred,True,
yeast|r_0033|g2|s_0192,CatPred,True,
yeast|r_0033|g2|s_0803,CatPred,True,
yeast|r_0034|g1|s_0194,CatPred,True,
yeast|r_0034|g1|s_0803,CatPred,True,
yeast|r_0035|g1|s_0196,CatPred,True,
yeast|r_0035|g1|s_0803,CatPred,True,
yeast|r_0036|g1|s_0195,CatPred,True,
yeast|r_0036|g1|s_0803,CatPred,True,
yeast|r_0037|g1|s_0193,CatPred,True,
yeast|r_0037|g1|s_0803,CatPred,True,
yeast|r_0038|g1|s_0577,CatPred,True,
yeast|r_0039|g1|s_0210,CatPred,True,
yeast|r_0040|g1|s_0349,CatPred,True,
yeast|r_0041|g1|s_0231,CatPred,True,
yeast|r_0041|g1|s_0795,CatPred,True,
yeast|r_0041|g1|s_1213,CatPred,True,
yeast|r_0042|g1|s_0551,CatPred,True,
yeast|r_0042|g1|s_0803,CatPred,True,
yeast|r_0042|g1|s_1360,CatPred,True,
yeast|r_0042|g2|s_0551,CatPred,True,
yeast|r_0042|g2|s_0803,CatPred,True,
yeast|r_0042|g2|s_1360,CatPred,True,
yeast|r_0043|g1|s_0215,CatPred,True,
yeast|r_0043|g1|s_1275,CatPred,True,
yeast|r_0043|g2|s_0215,CatPred,True,
yeast|r_0043|g2|s_1275,CatPred,True,
yeast|r_0044|g1|s_0214,CatPred,False,missing_sequence;complex_not_supported_by_default
yeast|r_0044|g1|s_0799,CatPred,False,missing_sequence;complex_not_supported_by_default
yeast|r_0045|g1|s_0222,CatPred,True,
yeast|r_0045|g1|s_0803,CatPred,True,
yeast|r_0057|g1|s_0054,CatPred,True,
yeast|r_0057|g1|s_1202,CatPred,True,
yeast|r_0058|g1|s_0224,CatPred,True,
yeast|r_0058|g1|s_1275,CatPred,True,
yeast|r_0059|g1|s_0009,CatPred,True,
yeast|r_0059|g1|s_1416,CatPred,True,
yeast|r_0060|g1|s_0009,CatPred,True,
yeast|r_0061|g1|s_0009,CatPred,True,
yeast|r_0061|g1|s_1198,CatPred,True,
yeast|r_0062|g1|s_0232,CatPred,True,
yeast|r_0062|g1|s_0794,CatPred,True,
yeast|r_0062|g2|s_0232,CatPred,True,
yeast|r_0062|g2|s_0794,CatPred,True,
yeast|r_0062|g3|s_0232,CatPred,True,
yeast|r_0062|g3|s_0794,CatPred,True,
yeast|r_0063|g1|s_0233,CatPred,True,
yeast|r_0063|g1|s_0307,CatPred,True,
yeast|r_0063|g1|s_0807,CatPred,True,
yeast|r_0064|g1|s_0056,CatPred,True,
yeast|r_0064|g1|s_0794,CatPred,True,
yeast|r_0064|g2|s_0056,CatPred,True,
yeast|r_0064|g2|s_0794,CatPred,True,
yeast|r_0064|g3|s_0056,CatPred,True,
yeast|r_0064|g3|s_0794,CatPred,True,
yeast|r_0064|g4|s_0056,CatPred,True,
yeast|r_0064|g4|s_0794,CatPred,True,
yeast|r_0065|g1|s_0261,CatPred,True,
yeast|r_0065|g1|s_1360,CatPred,True,
yeast|r_0066|g1|s_0515,CatPred,True,
yeast|r_0066|g1|s_0999,CatPred,True,
yeast|r_0067|g1|s_0269,CatPred,True,
yeast|r_0068|g1|s_0180,CatPred,True,
yeast|r_0068|g1|s_0734,CatPred,True,
yeast|r_0069|g1|s_0264,CatPred,True,
yeast|r_0069|g1|s_0803,CatPred,True,
yeast|r_0072|g1|s_0291,CatPred,True,
yeast|r_0072|g1|s_0794,CatPred,True,
yeast|r_0073|g1|s_0279,CatPred,True,
yeast|r_0073|g1|s_0803,CatPred,True,
yeast|r_0073|g2|s_0279,CatPred,True,
yeast|r_0073|g2|s_0803,CatPred,True,
yeast|r_0074|g1|s_0279,CatPred,True,
yeast|r_0074|g1|s_0434,CatPred,True,
yeast|r_0074|g1|s_0794,CatPred,True,
yeast|r_0075|g1|s_0303,CatPred,True,
yeast|r_0075|g1|s_1322,CatPred,True,
yeast|r_0076|g1|s_0526,CatPred,True,
yeast|r_0076|g1|s_0803,CatPred,True,
yeast|r_0076|g2|s_0526,CatPred,True,
yeast|r_0076|g2|s_0803,CatPred,True,
yeast|r_0077|g1|s_0803,CatPred,True,
yeast|r_0077|g1|s_0849,CatPred,True,
yeast|r_0078|g1|s_0803,CatPred,True,
yeast|r_0078|g1|s_1545,CatPred,True,
yeast|r_0078|g2|s_0803,CatPred,True,
yeast|r_0078|g2|s_1545,CatPred,True,
yeast|r_0079|g1|s_0301,CatPred,True,
yeast|r_0079|g1|s_0434,CatPred,True,
yeast|r_0079|g1|s_0803,CatPred,True,
yeast|r_0079|g1|s_0999,CatPred,True,
yeast|r_0080|g1|s_0306,CatPred,True,
yeast|r_0080|g1|s_0794,CatPred,True,
yeast|r_0080|g1|s_1212,CatPred,True,
yeast|r_0080|g2|s_0306,CatPred,False,missing_sequence;complex_not_supported_by_default
yeast|r_0080|g2|s_0794,CatPred,False,missing_sequence;complex_not_supported_by_default
yeast|r_0080|g2|s_1212,CatPred,False,missing_sequence;complex_not_supported_by_default
yeast|r_0081|g1|s_0799,CatPred,True,
yeast|r_0081|g1|s_1005,CatPred,True,
yeast|r_0081|g1|s_1464,CatPred,True,
yeast|r_0082|g1|s_0318,CatPred,True,
yeast|r_0082|g1|s_0803,CatPred,True,
yeast|r_0083|g1|s_0434,CatPred,True,
yeast|r_0083|g1|s_1158,CatPred,True,
yeast|r_0084|g1|s_0319,CatPred,True,
yeast|r_0084|g1|s_0434,CatPred,True,
yeast|r_0085|g1|s_0323,CatPred,True,
yeast|r_0085|g1|s_1012,CatPred,True,
yeast|r_0086|g1|s_1423,CatPred,True,
yeast|r_0087|g1|s_1422,CatPred,True,
yeast|r_0088|g1|s_0318,CatPred,True,
yeast|r_0088|g1|s_0794,CatPred,True,
yeast|r_0088|g1|s_1322,CatPred,True,
yeast|r_0089|g1|s_0318,CatPred,True,
yeast|r_0089|g1|s_0794,CatPred,True,
yeast|r_0089|g1|s_1322,CatPred,True,
yeast|r_0090|g1|s_0434,CatPred,True,
yeast|r_0090|g1|s_0557,CatPred,True,
yeast|r_0090|g2|s_0434,CatPred,True,
yeast|r_0090|g2|s_0557,CatPred,True,
yeast|r_0091|g1|s_0335,CatPred,True,
yeast|r_0091|g1|s_0803,CatPred,True,
yeast|r_0091|g2|s_0335,CatPred,True,
yeast|r_0091|g2|s_0803,CatPred,True,
yeast|r_0092|g1|s_0333,CatPred,True,
yeast|r_0092|g1|s_0803,CatPred,True,
yeast|r_0092|g2|s_0333,CatPred,True,
yeast|r_0092|g2|s_0803,CatPred,True,
yeast|r_0093|g1|s_0333,CatPred,True,
yeast|r_0093|g1|s_0434,CatPred,True,
yeast|r_0093|g1|s_0794,CatPred,True,
yeast|r_0095|g1|s_0359,CatPred,True,
yeast|r_0095|g2|s_0359,CatPred,True,
yeast|r_0095|g3|s_0359,CatPred,True,
yeast|r_0096|g1|s_0146,CatPred,True,
yeast|r_0096|g1|s_0799,CatPred,True,
yeast|r_0096|g1|s_1214,CatPred,True,
yeast|r_0097|g1|s_0799,CatPred,False,missing_sequence;complex_not_supported_by_default
yeast|r_0097|g1|s_1401,CatPred,False,missing_sequence;complex_not_supported_by_default
yeast|r_0097|g2|s_0799,CatPred,True,
yeast|r_0097|g2|s_1401,CatPred,True,
yeast|r_0099|g1|s_0376,CatPred,True,
yeast|r_0099|g1|s_1845,CatPred,True,
yeast|r_0100|g1|s_0250,CatPred,True,
yeast|r_0100|g1|s_0534,CatPred,True,
yeast|r_0101|g1|s_0243,CatPred,True,
yeast|r_0101|g1|s_0534,CatPred,True,
yeast|r_0102|g1|s_0253,CatPred,True,
yeast|r_0102|g1|s_0534,CatPred,True,
yeast|r_0103|g1|s_0373,CatPred,True,
yeast|r_0104|g1|s_0376,CatPred,True,
yeast|r_0105|g1|s_0257,CatPred,True,
yeast|r_0105|g1|s_0534,CatPred,True,
yeast|r_0106|g1|s_0239,CatPred,True,
yeast|r_0106|g1|s_0534,CatPred,True,
yeast|r_0107|g1|s_0247,CatPred,True,
yeast|r_0107|g1|s_0534,CatPred,True,
yeast|r_0108|g1|s_0376,CatPred,True,
yeast|r_0108|g1|s_0437,CatPred,True,
yeast|r_0108|g1|s_0447,CatPred,True,
yeast|r_0109|g1|s_0373,CatPred,False,missing_sequence;complex_not_supported_by_default
yeast|r_0109|g1|s_0434,CatPred,False,missing_sequence;complex_not_supported_by_default
yeast|r_0109|g1|s_0445,CatPred,False,missing_sequence;complex_not_supported_by_default
yeast|r_0111|g1|s_0376,CatPred,True,
yeast|r_0111|g1|s_0807,CatPred,True,
yeast|r_0112|g1|s_0362,CatPred,True,
yeast|r_0112|g1|s_0434,CatPred,True,
yeast|r_0112|g1|s_0529,CatPred,True,
yeast|r_0112|g2|s_0362,CatPred,True,
yeast|r_0112|g2|s_0434,CatPred,True,
yeast|r_0112|g2|s_0529,CatPred,True,
yeast|r_0113|g1|s_0365,CatPred,True,
yeast|r_0113|g1|s_0437,CatPred,True,
yeast|r_0113|g1|s_0532,CatPred,True,
yeast|r_0114|g1|s_0366,CatPred,True,
yeast|r_0114|g1|s_0438,CatPred,True,
yeast|r_0114|g1|s_0533,CatPred,True,
yeast|r_0115|g1|s_0437,CatPred,True,
yeast|r_0115|g1|s_1192,CatPred,True,
yeast|r_0116|g1|s_0715,CatPred,True,
yeast|r_0116|g1|s_0805,CatPred,True,
yeast|r_0116|g2|s_0715,CatPred,True,
yeast|r_0116|g2|s_0805,CatPred,True,
yeast|r_0116|g3|s_0715,CatPred,True,
yeast|r_0116|g3|s_0805,CatPred,True,
yeast|r_0116|g4|s_0715,CatPred,True,
yeast|r_0116|g4|s_0805,CatPred,True,
yeast|r_0117|g1|s_0174,CatPred,True,
yeast|r_0118|g1|s_0145,CatPred,True,
yeast|r_0118|g1|s_0993,CatPred,True,
yeast|r_0119|g1|s_0532,CatPred,True,
yeast|r_0119|g1|s_0807,CatPred,True,
yeast|r_0120|g1|s_0605,CatPred,True,
yeast|r_0120|g1|s_1279,CatPred,True,
yeast|r_0121|g1|s_1076,CatPred,True,
yeast|r_0121|g1|s_1279,CatPred,True,
yeast|r_0122|g1|s_0819,CatPred,True,
yeast|r_0122|g1|s_1279,CatPred,True,
yeast|r_0123|g1|s_1279,CatPred,True,
yeast|r_0123|g1|s_1305,CatPred,True,
yeast|r_0124|g1|s_1279,CatPred,True,
yeast|r_0124|g1|s_1457,CatPred,True,
yeast|r_0125|g1|s_1179,CatPred,True,
yeast|r_0125|g1|s_1279,CatPred,True,
yeast|r_0126|g1|s_2821,CatPred,True,
yeast|r_0126|g1|s_3432,CatPred,True,
yeast|r_0127|g1|s_2821,CatPred,True,
yeast|r_0127|g1|s_3441,CatPred,True,
yeast|r_0127|g2|s_2821,CatPred,True,
yeast|r_0127|g2|s_3441,CatPred,True,
yeast|r_0128|g1|s_2821,CatPred,True,
yeast|r_0128|g1|s_3435,CatPred,True,
yeast|r_0129|g1|s_2821,CatPred,True,
yeast|r_0129|g1|s_3438,CatPred,True,
yeast|r_0130|g1|s_2821,CatPred,True,
yeast|r_0130|g1|s_3444,CatPred,True,
yeast|r_0131|g1|s_2819,CatPred,True,
yeast|r_0131|g1|s_3432,CatPred,True,
yeast|r_0132|g1|s_2819,CatPred,True,
yeast|r_0132|g1|s_3441,CatPred,True,
yeast|r_0132|g2|s_2819,CatPred,True,
yeast|r_0132|g2|s_3441,CatPred,True,
yeast|r_0133|g1|s_2819,CatPred,True,
yeast|r_0133|g1|s_3435,CatPred,True,
yeast|r_0134|g1|s_2819,CatPred,True,
yeast|r_0134|g1|s_3438,CatPred,True,
yeast|r_0135|g1|s_2819,CatPred,True,
yeast|r_0135|g1|s_3444,CatPred,True,
yeast|r_0137|g1|s_0329,CatPred,True,
yeast|r_0137|g1|s_1303,CatPred,True,
yeast|r_0138|g1|s_0383,CatPred,True,
yeast|r_0138|g1|s_0794,CatPred,True,
yeast|r_0138|g1|s_0803,CatPred,True,
yeast|r_0139|g1|s_0383,CatPred,True,
yeast|r_0139|g1|s_1386,CatPred,True,
yeast|r_0139|g2|s_0383,CatPred,True,
yeast|r_0139|g2|s_1386,CatPred,True,
yeast|r_0140|g1|s_0386,CatPred,True,
yeast|r_0140|g1|s_0794,CatPred,True,
yeast|r_0140|g1|s_0803,CatPred,True,
yeast|r_0142|g1|s_0386,CatPred,True,
yeast|r_0142|g1|s_0434,CatPred,True,
yeast|r_0143|g1|s_0423,CatPred,True,
yeast|r_0143|g1|s_0794,CatPred,True,
yeast|r_0143|g1|s_0803,CatPred,True,
yeast|r_0144|g1|s_0803,CatPred,True,
yeast|r_0144|g1|s_1413,CatPred,True,
yeast|r_0145|g1|s_0794,CatPred,True,
yeast|r_0145|g1|s_1416,CatPred,True,
yeast|r_0146|g1|s_0352,CatPred,True,
yeast|r_0146|g1|s_1416,CatPred,True,
yeast|r_0147|g1|s_0434,CatPred,True,
yeast|r_0148|g1|s_0423,CatPred,True,
yeast|r_0148|g1|s_0434,CatPred,True,
yeast|r_0148|g2|s_0423,CatPred,True,
yeast|r_0148|g2|s_0434,CatPred,True,
yeast|r_0149|g1|s_0424,CatPred,True,
yeast|r_0149|g1|s_0437,CatPred,True,
yeast|r_0150|g1|s_0424,CatPred,True,
yeast|r_0150|g1|s_0786,CatPred,True,
yeast|r_0151|g1|s_0299,CatPred,True,
yeast|r_0152|g1|s_0393,CatPred,True,
yeast|r_0153|g1|s_0785,CatPred,True,
yeast|r_0153|g1|s_0849,CatPred,True,
yeast|r_0153|g1|s_0973,CatPred,True,
yeast|r_0154|g1|s_0298,CatPred,True,
yeast|r_0154|g1|s_0434,CatPred,True,
yeast|r_0155|g1|s_0131,CatPred,True,
yeast|r_0155|g1|s_0803,CatPred,True,
yeast|r_0156|g1|s_0779,CatPred,True,
yeast|r_0156|g1|s_0955,CatPred,True,
yeast|r_0157|g1|s_0434,CatPred,True,
yeast|r_0157|g1|s_0955,CatPred,True,
yeast|r_0157|g1|s_1582,CatPred,False,missing_smiles
yeast|r_0158|g1|s_0169,CatPred,True,
yeast|r_0158|g1|s_0373,CatPred,True,
yeast|r_0158|g2|s_0169,CatPred,True,
yeast|r_0158|g2|s_0373,CatPred,True,
yeast|r_0159|g1|s_0373,CatPred,True,
yeast|r_0159|g1|s_0680,CatPred,True,
yeast|r_0159|g2|s_0373,CatPred,True,
yeast|r_0159|g2|s_0680,CatPred,True,
yeast|r_0160|g1|s_0373,CatPred,True,
yeast|r_0160|g1|s_0929,CatPred,True,
yeast|r_0160|g2|s_0373,CatPred,True,
yeast|r_0160|g2|s_0929,CatPred,True,
yeast|r_0161|g1|s_0373,CatPred,True,
yeast|r_0161|g1|s_0932,CatPred,True,
yeast|r_0161|g2|s_0373,CatPred,True,
yeast|r_0161|g2|s_0932,CatPred,True,
yeast|r_0162|g1|s_0185,CatPred,True,
yeast|r_0162|g1|s_0373,CatPred,True,
yeast|r_0162|g2|s_0185,CatPred,True,
yeast|r_0162|g2|s_0373,CatPred,True,
yeast|r_0163|g1|s_0680,CatPred,True,
yeast|r_0163|g1|s_1198,CatPred,True,
yeast|r_0164|g1|s_0570,CatPred,True,
yeast|r_0164|g1|s_0794,CatPred,True,
yeast|r_0164|g1|s_1212,CatPred,True,
yeast|r_0164|g2|s_0570,CatPred,True,
yeast|r_0164|g2|s_0794,CatPred,True,
yeast|r_0164|g2|s_1212,CatPred,True,
yeast|r_0165|g1|s_0361,CatPred,True,
yeast|r_0165|g1|s_0799,CatPred,True,
yeast|r_0165|g1|s_1205,CatPred,True,
yeast|r_0165|g2|s_0361,CatPred,True,
yeast|r_0165|g2|s_0799,CatPred,True,
yeast|r_0165|g2|s_1205,CatPred,True,
yeast|r_0166|g1|s_0166,CatPred,True,
yeast|r_0166|g1|s_0794,CatPred,True,
yeast|r_0166|g1|s_1203,CatPred,True,
yeast|r_0166|g2|s_0166,CatPred,True,
yeast|r_0166|g2|s_0794,CatPred,True,
yeast|r_0166|g2|s_1203,CatPred,True,
yeast|r_0166|g3|s_0166,CatPred,True,
yeast|r_0166|g3|s_0794,CatPred,True,
yeast|r_0166|g3|s_1203,CatPred,True,
yeast|r_0167|g1|s_0168,CatPred,True,
yeast|r_0167|g1|s_0799,CatPred,True,
yeast|r_0167|g1|s_1205,CatPred,True,
yeast|r_0167|g2|s_0168,CatPred,True,
yeast|r_0167|g2|s_0799,CatPred,True,
yeast|r_0167|g2|s_1205,CatPred,True,
yeast|r_0168|g1|s_0166,CatPred,True,
yeast|r_0168|g1|s_0794,CatPred,True,
yeast|r_0168|g1|s_1212,CatPred,True,
yeast|r_0168|g2|s_0166,CatPred,True,
yeast|r_0168|g2|s_0794,CatPred,True,
yeast|r_0168|g2|s_1212,CatPred,True,
yeast|r_0168|g3|s_0166,CatPred,True,
yeast|r_0168|g3|s_0794,CatPred,True,
yeast|r_0168|g3|s_1212,CatPred,True,
yeast|r_0169|g1|s_0794,CatPred,True,
yeast|r_0169|g1|s_1203,CatPred,True,
yeast|r_0169|g1|s_1318,CatPred,True,
yeast|r_0169|g2|s_0794,CatPred,True,
yeast|r_0169|g2|s_1203,CatPred,True,
yeast|r_0169|g2|s_1318,CatPred,True,
yeast|r_0169|g3|s_0794,CatPred,True,
yeast|r_0169|g3|s_1203,CatPred,True,
yeast|r_0169|g3|s_1318,CatPred,True,
yeast|r_0170|g1|s_0799,CatPred,True,
yeast|r_0170|g1|s_1205,CatPred,True,
yeast|r_0170|g1|s_1320,CatPred,True,
yeast|r_0170|g2|s_0799,CatPred,True,
yeast|r_0170|g2|s_1205,CatPred,True,
yeast|r_0170|g2|s_1320,CatPred,True,
yeast|r_0171|g1|s_0794,CatPred,True,
yeast|r_0171|g1|s_1212,CatPred,True,
yeast|r_0171|g1|s_1318,CatPred,True,
yeast|r_0171|g2|s_0794,CatPred,True,
yeast|r_0171|g2|s_1212,CatPred,True,
yeast|r_0171|g2|s_1318,CatPred,True,
yeast|r_0172|g1|s_0208,CatPred,True,
yeast|r_0172|g1|s_0803,CatPred,True,
yeast|r_0172|g1|s_1198,CatPred,True,
yeast|r_0172|g2|s_0208,CatPred,True,
yeast|r_0172|g2|s_0803,CatPred,True,
yeast|r_0172|g2|s_1198,CatPred,True,
yeast|r_0173|g1|s_0359,CatPred,True,
yeast|r_0173|g1|s_0803,CatPred,True,
yeast|r_0173|g1|s_1207,CatPred,True,
yeast|r_0174|g1|s_0361,CatPred,True,
yeast|r_0174|g1|s_0807,CatPred,True,
yeast|r_0174|g1|s_1200,CatPred,True,
yeast|r_0175|g1|s_0361,CatPred,True,
yeast|r_0175|g1|s_0807,CatPred,True,
yeast|r_0175|g1|s_1210,CatPred,True,
yeast|r_0175|g2|s_0361,CatPred,True,
yeast|r_0175|g2|s_0807,CatPred,True,
yeast|r_0175|g2|s_1210,CatPred,True,
yeast|r_0176|g1|s_0807,CatPred,True,
yeast|r_0176|g1|s_0852,CatPred,True,
yeast|r_0176|g1|s_1200,CatPred,True,
yeast|r_0177|g1|s_0803,CatPred,True,
yeast|r_0177|g1|s_0850,CatPred,True,
yeast|r_0177|g1|s_1207,CatPred,True,
yeast|r_0178|g1|s_0807,CatPred,True,
yeast|r_0178|g1|s_0852,CatPred,True,
yeast|r_0178|g1|s_1210,CatPred,True,
yeast|r_0178|g2|s_0807,CatPred,True,
yeast|r_0178|g2|s_0852,CatPred,True,
yeast|r_0178|g2|s_1210,CatPred,True,
yeast|r_0179|g1|s_0234,CatPred,True,
yeast|r_0179|g1|s_0794,CatPred,True,
yeast|r_0179|g1|s_1203,CatPred,True,
yeast|r_0179|g2|s_0234,CatPred,True,
yeast|r_0179|g2|s_0794,CatPred,True,
yeast|r_0179|g2|s_1203,CatPred,True,
yeast|r_0179|g3|s_0234,CatPred,True,
yeast|r_0179|g3|s_0794,CatPred,True,
yeast|r_0179|g3|s_1203,CatPred,True,
yeast|r_0180|g1|s_0236,CatPred,True,
yeast|r_0180|g1|s_0799,CatPred,True,
yeast|r_0180|g1|s_1205,CatPred,True,
yeast|r_0180|g2|s_0236,CatPred,True,
yeast|r_0180|g2|s_0799,CatPred,True,
yeast|r_0180|g2|s_1205,CatPred,True,
yeast|r_0181|g1|s_0234,CatPred,True,
yeast|r_0181|g1|s_0794,CatPred,True,
yeast|r_0181|g1|s_1212,CatPred,True,
yeast|r_0181|g2|s_0234,CatPred,True,
yeast|r_0181|g2|s_0794,CatPred,True,
yeast|r_0181|g2|s_1212,CatPred,True,
yeast|r_0182|g1|s_0794,CatPred,True,
yeast|r_0182|g1|s_0937,CatPred,True,
yeast|r_0182|g1|s_1203,CatPred,True,
yeast|r_0182|g2|s_0794,CatPred,True,
yeast|r_0182|g2|s_0937,CatPred,True,
yeast|r_0182|g2|s_1203,CatPred,True,
yeast|r_0182|g3|s_0794,CatPred,True,
yeast|r_0182|g3|s_0937,CatPred,True,
yeast|r_0182|g3|s_1203,CatPred,True,
yeast|r_0183|g1|s_0799,CatPred,True,
yeast|r_0183|g1|s_0939,CatPred,True,
yeast|r_0183|g1|s_1205,CatPred,True,
yeast|r_0183|g2|s_0799,CatPred,True,
yeast|r_0183|g2|s_0939,CatPred,True,
yeast|r_0183|g2|s_1205,CatPred,True,
yeast|r_0184|g1|s_0794,CatPred,True,
yeast|r_0184|g1|s_0937,CatPred,True,
yeast|r_0184|g1|s_1212,CatPred,True,
yeast|r_0184|g2|s_0794,CatPred,True,
yeast|r_0184|g2|s_0937,CatPred,True,
yeast|r_0184|g2|s_1212,CatPred,True,
yeast|r_0185|g1|s_0803,CatPred,True,
yeast|r_0185|g1|s_1198,CatPred,True,
yeast|r_0185|g1|s_1318,CatPred,True,
yeast|r_0185|g2|s_0803,CatPred,True,
yeast|r_0185|g2|s_1198,CatPred,True,
yeast|r_0185|g2|s_1318,CatPred,True,
yeast|r_0186|g1|s_0794,CatPred,True,
yeast|r_0186|g1|s_0850,CatPred,True,
yeast|r_0186|g1|s_1203,CatPred,True,
yeast|r_0186|g2|s_0794,CatPred,True,
yeast|r_0186|g2|s_0850,CatPred,True,
yeast|r_0186|g2|s_1203,CatPred,True,
yeast|r_0186|g3|s_0794,CatPred,True,
yeast|r_0186|g3|s_0850,CatPred,True,
yeast|r_0186|g3|s_1203,CatPred,True,
yeast|r_0187|g1|s_0799,CatPred,True,
yeast|r_0187|g1|s_0852,CatPred,True,
yeast|r_0187|g1|s_1205,CatPred,True,
yeast|r_0187|g2|s_0799,CatPred,True,
yeast|r_0187|g2|s_0852,CatPred,True,
yeast|r_0187|g2|s_1205,CatPred,True,
yeast|r_0188|g1|s_0346,CatPred,True,
yeast|r_0188|g1|s_0803,CatPred,True,
yeast|r_0189|g1|s_0405,CatPred,True,
yeast|r_0189|g1|s_0803,CatPred,True,
yeast|r_0190|g1|s_0407,CatPred,True,
yeast|r_0190|g1|s_0803,CatPred,True,
yeast|r_0191|g1|s_0794,CatPred,True,
yeast|r_0191|g1|s_0803,CatPred,True,
yeast|r_0191|g1|s_1554,CatPred,True,
yeast|r_0192|g1|s_0444,CatPred,True,
yeast|r_0192|g1|s_0744,CatPred,True,
yeast|r_0192|g1|s_0797,CatPred,True,
yeast|r_0192|g2|s_0444,CatPred,True,
yeast|r_0192|g2|s_0744,CatPred,True,
yeast|r_0192|g2|s_0797,CatPred,True,
yeast|r_0192|g3|s_0444,CatPred,True,
yeast|r_0192|g3|s_0744,CatPred,True,
yeast|r_0192|g3|s_0797,CatPred,True,
yeast|r_0192|g4|s_0444,CatPred,True,
yeast|r_0192|g4|s_0744,CatPred,True,
yeast|r_0192|g4|s_0797,CatPred,True,
yeast|r_0192|g5|s_0444,CatPred,True,
yeast|r_0192|g5|s_0744,CatPred,True,
yeast|r_0192|g5|s_0797,CatPred,True,
yeast|r_0192|g6|s_0444,CatPred,True,
yeast|r_0192|g6|s_0744,CatPred,True,
yeast|r_0192|g6|s_0797,CatPred,True,
yeast|r_0192|g7|s_0444,CatPred,True,
yeast|r_0192|g7|s_0744,CatPred,True,
yeast|r_0192|g7|s_0797,CatPred,True,
yeast|r_0192|g8|s_0444,CatPred,True,
yeast|r_0192|g8|s_0744,CatPred,True,
yeast|r_0192|g8|s_0797,CatPred,True,
yeast|r_0193|g1|s_0810,CatPred,True,
yeast|r_0193|g1|s_1522,CatPred,True,
yeast|r_0193|g2|s_0810,CatPred,True,
yeast|r_0193|g2|s_1522,CatPred,True,
yeast|r_0194|g1|s_0803,CatPred,True,
yeast|r_0194|g1|s_1520,CatPred,True,
yeast|r_0195|g1|s_0568,CatPred,False,missing_sequence;complex_not_supported_by_default
yeast|r_0195|g1|s_1543,CatPred,False,missing_sequence;complex_not_supported_by_default
yeast|r_0195|g2|s_0568,CatPred,False,missing_sequence;complex_not_supported_by_default
yeast|r_0195|g2|s_1543,CatPred,False,missing_sequence;complex_not_supported_by_default
yeast|r_0198|g1|s_0803,CatPred,True,
yeast|r_0198|g1|s_1105,CatPred,True,
yeast|r_0198|g2|s_0803,CatPred,True,
yeast|r_0198|g2|s_1105,CatPred,True,
yeast|r_0198|g3|s_0803,CatPred,True,
yeast|r_0198|g3|s_1105,CatPred,True,
yeast|r_0198|g4|s_0803,CatPred,True,
yeast|r_0198|g4|s_1105,CatPred,True,
yeast|r_0198|g5|s_0803,CatPred,True,
yeast|r_0198|g5|s_1105,CatPred,True,
yeast|r_0198|g6|s_0803,CatPred,True,
yeast|r_0198|g6|s_1105,CatPred,True,
yeast|r_0199|g1|s_0280,CatPred,True,
yeast|r_0199|g1|s_0803,CatPred,True,
yeast|r_0199|g2|s_0280,CatPred,True,
yeast|r_0199|g2|s_0803,CatPred,True,
yeast|r_0201|g1|s_0275,CatPred,True,
yeast|r_0201|g1|s_0807,CatPred,True,
yeast|r_0201|g1|s_1200,CatPred,True,
yeast|r_0202|g1|s_0427,CatPred,True,
yeast|r_0202|g1|s_1386,CatPred,True,
yeast|r_0203|g1|s_0515,CatPred,False,missing_sequence;complex_not_supported_by_default
yeast|r_0203|g1|s_0999,CatPred,False,missing_sequence;complex_not_supported_by_default
yeast|r_0204|g1|s_0803,CatPred,True,
yeast|r_0204|g1|s_1282,CatPred,True,
yeast|r_0205|g1|s_0794,CatPred,True,
yeast|r_0205|g1|s_0963,CatPred,True,
yeast|r_0205|g1|s_1212,CatPred,True,
yeast|r_0206|g1|s_0803,CatPred,True,
yeast|r_0206|g1|s_0965,CatPred,True,
yeast|r_0207|g1|s_0015,CatPred,True,
yeast|r_0208|g1|s_0434,CatPred,True,
yeast|r_0208|g1|s_0973,CatPred,True,
yeast|r_0208|g1|s_0979,CatPred,True,
yeast|r_0209|g1|s_0434,CatPred,True,
yeast|r_0209|g1|s_0965,CatPred,True,
yeast|r_0209|g1|s_1583,CatPred,False,missing_smiles
yeast|r_0210|g1|s_0437,CatPred,True,
yeast|r_0210|g1|s_0967,CatPred,True,
yeast|r_0210|g1|s_1584,CatPred,False,missing_smiles
yeast|r_0211|g1|s_0434,CatPred,True,
yeast|r_0211|g1|s_0803,CatPred,True,
yeast|r_0211|g1|s_0973,CatPred,True,
yeast|r_0211|g1|s_0999,CatPred,True,
yeast|r_0211|g2|s_0434,CatPred,True,
yeast|r_0211|g2|s_0803,CatPred,True,
yeast|r_0211|g2|s_0973,CatPred,True,
yeast|r_0211|g2|s_0999,CatPred,True,
yeast|r_0212|g1|s_0434,CatPred,True,
yeast|r_0212|g1|s_0969,CatPred,True,
yeast|r_0212|g1|s_1585,CatPred,False,missing_smiles
yeast|r_0213|g1|s_0437,CatPred,True,
yeast|r_0213|g1|s_0971,CatPred,True,
yeast|r_0213|g1|s_1586,CatPred,False,missing_smiles
yeast|r_0214|g1|s_0455,CatPred,True,
yeast|r_0214|g1|s_0973,CatPred,True,
yeast|r_0215|g1|s_0434,CatPred,True,
yeast|r_0215|g1|s_0973,CatPred,True,
yeast|r_0216|g1|s_0180,CatPred,True,
yeast|r_0216|g1|s_0973,CatPred,True,
yeast|r_0217|g1|s_0993,CatPred,True,
yeast|r_0217|g1|s_1273,CatPred,True,
yeast|r_0218|g1|s_0184,CatPred,True,
yeast|r_0218|g1|s_0976,CatPred,True,
yeast|r_0219|g1|s_0295,CatPred,True,
yeast|r_0219|g1|s_0794,CatPred,True,
yeast|r_0219|g1|s_1212,CatPred,True,
yeast|r_0220|g1|s_0434,CatPred,True,
yeast|r_0220|g1|s_0973,CatPred,True,
yeast|r_0220|g1|s_1587,CatPred,False,missing_smiles
yeast|r_0221|g1|s_0437,CatPred,True,
yeast|r_0221|g1|s_0975,CatPred,True,
yeast|r_0221|g1|s_1588,CatPred,False,missing_smiles
yeast|r_0222|g1|s_0394,CatPred,True,
yeast|r_0222|g1|s_0434,CatPred,True,
yeast|r_0222|g1|s_0794,CatPred,True,
yeast|r_0223|g1|s_0394,CatPred,True,
yeast|r_0223|g1|s_0785,CatPred,True,
yeast|r_0223|g1|s_0794,CatPred,True,
yeast|r_0224|g1|s_0739,CatPred,True,
yeast|r_0224|g1|s_0785,CatPred,True,
yeast|r_0224|g1|s_0794,CatPred,True,
yeast|r_0225|g1|s_0434,CatPred,True,
yeast|r_0225|g1|s_1386,CatPred,True,
yeast|r_0226|g1|s_0397,CatPred,False,missing_sequence;complex_not_supported_by_default
yeast|r_0226|g1|s_0794,CatPred,False,missing_sequence;complex_not_supported_by_default
yeast|r_0226|g1|s_1326,CatPred,False,missing_sequence;complex_not_supported_by_default
yeast|r_0227|g1|s_0434,CatPred,False,missing_sequence;complex_not_supported_by_default
yeast|r_0227|g1|s_0803,CatPred,False,missing_sequence;complex_not_supported_by_default
yeast|r_0227|g2|s_0434,CatPred,False,missing_sequence;complex_not_supported_by_default
yeast|r_0227|g2|s_0803,CatPred,False,missing_sequence;complex_not_supported_by_default
yeast|r_0227|g3|s_0434,CatPred,True,
yeast|r_0227|g3|s_0803,CatPred,True,
yeast|r_0228|g1|s_0743,CatPred,True,
yeast|r_0228|g1|s_1184,CatPred,True,
yeast|r_0229|g1|s_0612,CatPred,True,
yeast|r_0229|g1|s_1371,CatPred,True,
yeast|r_0230|g1|s_0434,CatPred,True,
yeast|r_0230|g1|s_0451,CatPred,True,
yeast|r_0230|g1|s_0794,CatPred,True,
yeast|r_0231|g1|s_0262,CatPred,True,
yeast|r_0231|g1|s_0794,CatPred,True,
yeast|r_0231|g1|s_1212,CatPred,True,
yeast|r_0233|g1|s_0664,CatPred,True,
yeast|r_0233|g1|s_0794,CatPred,True,
yeast|r_0233|g1|s_1212,CatPred,True,
yeast|r_0233|g1|s_1275,CatPred,True,
yeast|r_0234|g1|s_1207,CatPred,True,
yeast|r_0234|g1|s_1578,CatPred,True,
yeast|r_0235|g1|s_0297,CatPred,True,
yeast|r_0235|g1|s_1198,CatPred,True,
yeast|r_0236|g1|s_0209,CatPred,True,
yeast|r_0236|g1|s_0794,CatPred,True,
yeast|r_0236|g1|s_1212,CatPred,True,
yeast|r_0237|g1|s_0794,CatPred,True,
yeast|r_0237|g1|s_1212,CatPred,True,
yeast|r_0237|g1|s_1579,CatPred,True,
yeast|r_0238|g1|s_0296,CatPred,True,
yeast|r_0238|g1|s_0794,CatPred,True,
yeast|r_0238|g1|s_1212,CatPred,True,
yeast|r_0238|g1|s_1275,CatPred,True,
yeast|r_0239|g1|s_0794,CatPred,True,
yeast|r_0239|g1|s_1212,CatPred,True,
yeast|r_0239|g1|s_1275,CatPred,True,
yeast|r_0239|g1|s_1576,CatPred,True,
yeast|r_0240|g1|s_1212,CatPred,True,
yeast|r_0240|g1|s_1275,CatPred,True,
yeast|r_0240|g1|s_1577,CatPred,True,
yeast|r_0241|g1|s_0122,CatPred,True,
yeast|r_0241|g1|s_0794,CatPred,True,
yeast|r_0241|g1|s_1275,CatPred,True,
yeast|r_0241|g1|s_4209,CatPred,False,missing_smiles
yeast|r_0242|g1|s_0657,CatPred,True,
yeast|r_0242|g1|s_0794,CatPred,True,
yeast|r_0242|g1|s_1212,CatPred,True,
yeast|r_0242|g1|s_1275,CatPred,True,
yeast|r_0243|g1|s_0700,CatPred,True,
yeast|r_0244|g1|s_0663,CatPred,True,
yeast|r_0244|g1|s_0795,CatPred,True,
yeast|r_0244|g1|s_1213,CatPred,True,
yeast|r_0249|g1|s_0286,CatPred,False,missing_sequence;complex_not_supported_by_default
yeast|r_0249|g1|s_1231,CatPred,False,missing_sequence;complex_not_supported_by_default
yeast|r_0250|g1|s_0434,CatPred,True,
yeast|r_0250|g1|s_0445,CatPred,True,
yeast|r_0250|g1|s_0803,CatPred,True,
yeast|r_0250|g1|s_0999,CatPred,True,
yeast|r_0250|g2|s_0434,CatPred,False,missing_sequence;complex_not_supported_by_default
yeast|r_0250|g2|s_0445,CatPred,False,missing_sequence;complex_not_supported_by_default
yeast|r_0250|g2|s_0803,CatPred,False,missing_sequence;complex_not_supported_by_default
yeast|r_0250|g2|s_0999,CatPred,False,missing_sequence;complex_not_supported_by_default
yeast|r_0252|g1|s_0021,CatPred,True,
yeast|r_0252|g1|s_0373,CatPred,True,
yeast|r_0252|g2|s_0021,CatPred,True,
yeast|r_0252|g2|s_0373,CatPred,True,
yeast|r_0253|g1|s_0024,CatPred,True,
yeast|r_0253|g1|s_0378,CatPred,True,
yeast|r_0254|g1|s_0532,CatPred,True,
yeast|r_0254|g1|s_1236,CatPred,True,
yeast|r_0255|g1|s_0837,CatPred,True,
yeast|r_0256|g1|s_0840,CatPred,True,
yeast|r_0259|g1|s_0475,CatPred,True,
yeast|r_0259|g1|s_0795,CatPred,True,
yeast|r_0259|g1|s_1213,CatPred,True,
yeast|r_0259|g1|s_1276,CatPred,True,
yeast|r_0260|g1|s_0475,CatPred,True,
yeast|r_0260|g1|s_0795,CatPred,True,
yeast|r_0260|g1|s_1213,CatPred,True,
yeast|r_0260|g1|s_1276,CatPred,True,
yeast|r_0261|g1|s_0478,CatPred,True,
yeast|r_0261|g1|s_0795,CatPred,True,
yeast|r_0261|g1|s_1213,CatPred,True,
yeast|r_0261|g1|s_1276,CatPred,True,
yeast|r_0262|g1|s_0478,CatPred,True,
yeast|r_0262|g1|s_0795,CatPred,True,
yeast|r_0262|g1|s_1213,CatPred,True,
yeast|r_0262|g1|s_1276,CatPred,True,
yeast|r_0263|g1|s_1445,CatPred,False,missing_sequence;complex_not_supported_by_default
yeast|r_0263|g1|s_1480,CatPred,False,missing_sequence;complex_not_supported_by_default
yeast|r_0264|g1|s_0817,CatPred,False,missing_sequence;complex_not_supported_by_default
yeast|r_0264|g1|s_1445,CatPred,False,missing_sequence;complex_not_supported_by_default
yeast|r_0265|g1|s_1366,CatPred,False,missing_sequence;complex_not_supported_by_default
yeast|r_0265|g1|s_1480,CatPred,False,missing_sequence;complex_not_supported_by_default
yeast|r_0266|g1|s_0817,CatPred,False,missing_sequence;complex_not_supported_by_default
yeast|r_0266|g1|s_1366,CatPred,False,missing_sequence;complex_not_supported_by_default
yeast|r_0267|g1|s_0481,CatPred,True,
yeast|r_0267|g1|s_0795,CatPred,True,
yeast|r_0267|g1|s_1213,CatPred,True,
yeast|r_0267|g1|s_1276,CatPred,True,
yeast|r_0268|g1|s_0484,CatPred,True,
yeast|r_0268|g1|s_0795,CatPred,True,
yeast|r_0268|g1|s_1213,CatPred,True,
yeast|r_0268|g1|s_1276,CatPred,True,
yeast|r_0269|g1|s_0493,CatPred,True,
yeast|r_0269|g1|s_0795,CatPred,True,
yeast|r_0269|g1|s_1213,CatPred,True,
yeast|r_0269|g1|s_1276,CatPred,True,
yeast|r_0270|g1|s_0496,CatPred,True,
yeast|r_0270|g1|s_0795,CatPred,True,
yeast|r_0270|g1|s_1213,CatPred,True,
yeast|r_0270|g1|s_1276,CatPred,True,
yeast|r_0271|g1|s_0509,CatPred,False,missing_smiles
yeast|r_0271|g1|s_0803,CatPred,True,
yeast|r_0271|g2|s_0509,CatPred,False,missing_smiles
yeast|r_0271|g2|s_0803,CatPred,True,
yeast|r_0272|g1|s_1544,CatPred,True,
yeast|r_0272|g2|s_1544,CatPred,True,
yeast|r_0272|g3|s_1544,CatPred,True,
yeast|r_0273|g1|s_0434,CatPred,True,
yeast|r_0273|g1|s_0512,CatPred,True,
yeast|r_0274|g1|s_0514,CatPred,True,
yeast|r_0274|g1|s_0539,CatPred,True,
yeast|r_0274|g1|s_0794,CatPred,True,
yeast|r_0278|g1|s_0515,CatPred,True,
yeast|r_0279|g1|s_0324,CatPred,True,
yeast|r_0280|g1|s_0517,CatPred,True,
yeast|r_0280|g1|s_0807,CatPred,True,
yeast|r_0281|g1|s_0692,CatPred,True,
yeast|r_0281|g1|s_0944,CatPred,True,
yeast|r_0281|g2|s_0692,CatPred,True,
yeast|r_0281|g2|s_0944,CatPred,True,
yeast|r_0282|g1|s_0746,CatPred,True,
yeast|r_0282|g1|s_0944,CatPred,True,
yeast|r_0282|g2|s_0746,CatPred,True,
yeast|r_0282|g2|s_0944,CatPred,True,
yeast|r_0283|g1|s_0944,CatPred,True,
yeast|r_0283|g1|s_1312,CatPred,True,
yeast|r_0283|g2|s_0944,CatPred,True,
yeast|r_0283|g2|s_1312,CatPred,True,
yeast|r_0284|g1|s_0830,CatPred,True,
yeast|r_0284|g1|s_0944,CatPred,True,
yeast|r_0284|g2|s_0830,CatPred,True,
yeast|r_0284|g2|s_0944,CatPred,True,
yeast|r_0285|g1|s_0815,CatPred,True,
yeast|r_0285|g1|s_0944,CatPred,True,
yeast|r_0285|g2|s_0815,CatPred,True,
yeast|r_0285|g2|s_0944,CatPred,True,
yeast|r_0286|g1|s_0944,CatPred,True,
yeast|r_0286|g1|s_1259,CatPred,True,
yeast|r_0286|g2|s_0944,CatPred,True,
yeast|r_0286|g2|s_1259,CatPred,True,
yeast|r_0287|g1|s_0944,CatPred,True,
yeast|r_0287|g1|s_1232,CatPred,True,
yeast|r_0287|g2|s_0944,CatPred,True,
yeast|r_0287|g2|s_1232,CatPred,True,
yeast|r_0288|g1|s_0606,CatPred,True,
yeast|r_0288|g1|s_0944,CatPred,True,
yeast|r_0288|g2|s_0606,CatPred,True,
yeast|r_0288|g2|s_0944,CatPred,True,
yeast|r_0289|g1|s_0944,CatPred,True,
yeast|r_0289|g1|s_1549,CatPred,True,
yeast|r_0289|g2|s_0944,CatPred,True,
yeast|r_0289|g2|s_1549,CatPred,True,
yeast|r_0290|g1|s_0641,CatPred,True,
yeast|r_0290|g1|s_0944,CatPred,True,
yeast|r_0290|g2|s_0641,CatPred,True,
yeast|r_0290|g2|s_0944,CatPred,True,
yeast|r_0291|g1|s_0944,CatPred,True,
yeast|r_0291|g1|s_1523,CatPred,True,
yeast|r_0291|g2|s_0944,CatPred,True,
yeast|r_0291|g2|s_1523,CatPred,True,
yeast|r_0292|g1|s_0944,CatPred,True,
yeast|r_0292|g1|s_1483,CatPred,True,
yeast|r_0292|g2|s_0944,CatPred,True,
yeast|r_0292|g2|s_1483,CatPred,True,
yeast|r_0293|g1|s_0944,CatPred,True,
yeast|r_0293|g1|s_1310,CatPred,True,
yeast|r_0293|g2|s_0944,CatPred,True,
yeast|r_0293|g2|s_1310,CatPred,True,
yeast|r_0294|g1|s_0829,CatPred,True,
yeast|r_0294|g1|s_0944,CatPred,True,
yeast|r_0294|g2|s_0829,CatPred,True,
yeast|r_0294|g2|s_0944,CatPred,True,
yeast|r_0295|g1|s_0814,CatPred,True,
yeast|r_0295|g1|s_0944,CatPred,True,
yeast|r_0295|g2|s_0814,CatPred,True,
yeast|r_0295|g2|s_0944,CatPred,True,
yeast|r_0296|g1|s_0944,CatPred,True,
yeast|r_0296|g1|s_1246,CatPred,True,
yeast|r_0296|g2|s_0944,CatPred,True,
yeast|r_0296|g2|s_1246,CatPred,True,
yeast|r_0297|g1|s_0944,CatPred,True,
yeast|r_0297|g1|s_1229,CatPred,True,
yeast|r_0297|g2|s_0944,CatPred,True,
yeast|r_0297|g2|s_1229,CatPred,True,
yeast|r_0298|g1|s_0845,CatPred,True,
yeast|r_0298|g1|s_0944,CatPred,True,
yeast|r_0298|g2|s_0845,CatPred,True,
yeast|r_0298|g2|s_0944,CatPred,True,
yeast|r_0299|g1|s_0813,CatPred,True,
yeast|r_0299|g1|s_0944,CatPred,True,
yeast|r_0299|g2|s_0813,CatPred,True,
yeast|r_0299|g2|s_0944,CatPred,True,
yeast|r_0300|g1|s_0376,CatPred,True,
yeast|r_0300|g1|s_0807,CatPred,True,
yeast|r_0300|g1|s_1273,CatPred,True,
yeast|r_0300|g2|s_0376,CatPred,True,
yeast|r_0300|g2|s_0807,CatPred,True,
yeast|r_0300|g2|s_1273,CatPred,True,
yeast|r_0301|g1|s_0378,CatPred,True,
yeast|r_0301|g1|s_0809,CatPred,True,
yeast|r_0301|g1|s_1274,CatPred,True,
yeast|r_0302|g1|s_0524,CatPred,True,
yeast|r_0303|g1|s_0522,CatPred,True,
yeast|r_0304|g1|s_0538,CatPred,True,
yeast|r_0304|g1|s_0794,CatPred,True,
yeast|r_0304|g1|s_1275,CatPred,True,
yeast|r_0306|g1|s_0434,CatPred,True,
yeast|r_0306|g1|s_0803,CatPred,True,
yeast|r_0306|g1|s_0999,CatPred,True,
yeast|r_0306|g1|s_1559,CatPred,True,
yeast|r_0306|g2|s_0434,CatPred,True,
yeast|r_0306|g2|s_0803,CatPred,True,
yeast|r_0306|g2|s_0999,CatPred,True,
yeast|r_0306|g2|s_1559,CatPred,True,
yeast|r_0307|g1|s_0419,CatPred,True,
yeast|r_0307|g1|s_0434,CatPred,True,
yeast|r_0307|g1|s_1559,CatPred,True,
yeast|r_0307|g2|s_0419,CatPred,True,
yeast|r_0307|g2|s_0434,CatPred,True,
yeast|r_0307|g2|s_1559,CatPred,True,
yeast|r_0308|g1|s_0803,CatPred,True,
yeast|r_0308|g1|s_0980,CatPred,True,
yeast|r_0308|g2|s_0803,CatPred,True,
yeast|r_0308|g2|s_0980,CatPred,True,
yeast|r_0309|g1|s_1012,CatPred,True,
yeast|r_0309|g1|s_1039,CatPred,True,
yeast|r_0310|g1|s_0803,CatPred,True,
yeast|r_0310|g1|s_0980,CatPred,True,
yeast|r_0311|g1|s_0981,CatPred,True,
yeast|r_0311|g1|s_1233,CatPred,True,
yeast|r_0312|g1|s_0841,CatPred,True,
yeast|r_0312|g1|s_1234,CatPred,True,
yeast|r_0313|g1|s_0434,CatPred,True,
yeast|r_0313|g1|s_0981,CatPred,True,
yeast|r_0313|g1|s_1589,CatPred,False,missing_smiles
yeast|r_0314|g1|s_0543,CatPred,True,
yeast|r_0314|g1|s_0794,CatPred,True,
yeast|r_0314|g1|s_0803,CatPred,True,
yeast|r_0315|g1|s_0543,CatPred,True,
yeast|r_0315|g1|s_0785,CatPred,True,
yeast|r_0317|g1|s_0794,CatPred,False,missing_sequence;complex_not_supported_by_default
yeast|r_0317|g1|s_1059,CatPred,False,missing_sequence;complex_not_supported_by_default
yeast|r_0317|g1|s_1212,CatPred,False,missing_sequence;complex_not_supported_by_default
yeast|r_0317|g1|s_1275,CatPred,False,missing_sequence;complex_not_supported_by_default
yeast|r_0318|g1|s_0545,CatPred,True,
yeast|r_0318|g1|s_0794,CatPred,True,
yeast|r_0318|g1|s_0803,CatPred,True,
yeast|r_0319|g1|s_0547,CatPred,True,
yeast|r_0319|g1|s_1275,CatPred,True,
yeast|r_0320|g1|s_0548,CatPred,True,
yeast|r_0320|g1|s_1198,CatPred,True,
yeast|r_0321|g1|s_0548,CatPred,True,
yeast|r_0321|g1|s_1207,CatPred,True,
yeast|r_0322|g1|s_0556,CatPred,True,
yeast|r_0323|g1|s_0561,CatPred,True,
yeast|r_0323|g1|s_1198,CatPred,True,
yeast|r_0323|g2|s_0561,CatPred,True,
yeast|r_0323|g2|s_1198,CatPred,True,
yeast|r_0326|g1|s_0589,CatPred,True,
yeast|r_0326|g1|s_0794,CatPred,True,
yeast|r_0326|g1|s_0803,CatPred,True,
yeast|r_0327|g1|s_0590,CatPred,True,
yeast|r_0327|g1|s_0794,CatPred,True,
yeast|r_0327|g1|s_0803,CatPred,True,
yeast|r_0328|g1|s_0132,CatPred,True,
yeast|r_0328|g1|s_0794,CatPred,True,
yeast|r_0328|g1|s_0803,CatPred,True,
yeast|r_0329|g1|s_0610,CatPred,True,
yeast|r_0329|g1|s_0794,CatPred,True,
yeast|r_0329|g1|s_0803,CatPred,True,
yeast|r_0330|g1|s_0434,CatPred,True,
yeast|r_0330|g1|s_0615,CatPred,True,
yeast|r_0331|g1|s_0803,CatPred,True,
yeast|r_0331|g1|s_1439,CatPred,True,
yeast|r_0331|g1|s_1537,CatPred,True,
yeast|r_0332|g1|s_0152,CatPred,True,
yeast|r_0332|g1|s_0434,CatPred,True,
yeast|r_0334|g1|s_0200,CatPred,True,
yeast|r_0334|g1|s_0437,CatPred,True,
yeast|r_0335|g1|s_0341,CatPred,True,
yeast|r_0335|g1|s_0434,CatPred,True,
yeast|r_0335|g1|s_0456,CatPred,True,
yeast|r_0340|g1|s_1085,CatPred,True,
yeast|r_0340|g1|s_1445,CatPred,True,
yeast|r_0341|g1|s_0507,CatPred,True,
yeast|r_0341|g1|s_1445,CatPred,True,
yeast|r_0342|g1|s_0481,CatPred,True,
yeast|r_0342|g1|s_0804,CatPred,True,
yeast|r_0343|g1|s_0484,CatPred,True,
yeast|r_0343|g1|s_0804,CatPred,True,
yeast|r_0344|g1|s_0625,CatPred,True,
yeast|r_0344|g1|s_0794,CatPred,True,
yeast|r_0344|g1|s_1212,CatPred,True,
yeast|r_0345|g1|s_0626,CatPred,True,
yeast|r_0345|g1|s_0799,CatPred,True,
yeast|r_0345|g1|s_1214,CatPred,True,
yeast|r_0346|g1|s_0347,CatPred,True,
yeast|r_0346|g1|s_0434,CatPred,True,
yeast|r_0346|g1|s_0991,CatPred,True,
yeast|r_0347|g1|s_0344,CatPred,True,
yeast|r_0348|g1|s_0345,CatPred,True,
yeast|r_0348|g1|s_0803,CatPred,True,
yeast|r_0349|g1|s_0061,CatPred,True,
yeast|r_0349|g1|s_0803,CatPred,True,
yeast|r_0350|g1|s_0148,CatPred,True,
yeast|r_0350|g1|s_0273,CatPred,True,
yeast|r_0351|g1|s_0006,CatPred,True,
yeast|r_0351|g1|s_0273,CatPred,True,
yeast|r_0352|g1|s_0016,CatPred,True,
yeast|r_0353|g1|s_0008,CatPred,True,
yeast|r_0354|g1|s_0434,CatPred,True,
yeast|r_0354|g1|s_0771,CatPred,True,
yeast|r_0354|g2|s_0434,CatPred,True,
yeast|r_0354|g2|s_0771,CatPred,True,
yeast|r_0355|g1|s_0943,CatPred,True,
yeast|r_0355|g1|s_1376,CatPred,True,
yeast|r_0356|g1|s_0075,CatPred,True,
yeast|r_0357|g1|s_0309,CatPred,True,
yeast|r_0357|g1|s_0803,CatPred,True,
yeast|r_0358|g1|s_0434,CatPred,True,
yeast|r_0358|g1|s_0794,CatPred,True,
yeast|r_0358|g1|s_1156,CatPred,True,
yeast|r_0358|g1|s_1322,CatPred,True,
yeast|r_0359|g1|s_0143,CatPred,True,
yeast|r_0359|g1|s_1416,CatPred,True,
yeast|r_0360|g1|s_0539,CatPred,True,
yeast|r_0360|g1|s_0642,CatPred,True,
yeast|r_0360|g1|s_0794,CatPred,True,
yeast|r_0361|g1|s_0645,CatPred,True,
yeast|r_0361|g1|s_0743,CatPred,True,
yeast|r_0362|g1|s_0644,CatPred,False,missing_sequence;complex_not_supported_by_default
yeast|r_0362|g2|s_0644,CatPred,True,
yeast|r_0362|g3|s_0644,CatPred,True,
yeast|r_0362|g4|s_0644,CatPred,True,
yeast|r_0363|g1|s_0434,CatPred,True,
yeast|r_0363|g1|s_0649,CatPred,True,
yeast|r_0364|g1|s_0656,CatPred,True,
yeast|r_0364|g1|s_0803,CatPred,True,
yeast|r_0364|g2|s_0656,CatPred,True,
yeast|r_0364|g2|s_0803,CatPred,True,
yeast|r_0365|g1|s_0805,CatPred,True,
yeast|r_0365|g1|s_1309,CatPred,False,missing_smiles
yeast|r_0366|g1|s_0188,CatPred,True,
yeast|r_0366|g2|s_0188,CatPred,True,
yeast|r_0366|g3|s_0188,CatPred,True,
yeast|r_0366|g4|s_0188,CatPred,True,
yeast|r_0366|g5|s_0188,CatPred,True,
yeast|r_0368|g1|s_0434,CatPred,True,
yeast|r_0368|g1|s_0683,CatPred,True,
yeast|r_0368|g2|s_0434,CatPred,True,
yeast|r_0368|g2|s_0683,CatPred,True,
yeast|r_0369|g1|s_0685,CatPred,True,
yeast|r_0369|g1|s_0803,CatPred,True,
yeast|r_0370|g1|s_0003,CatPred,False,missing_smiles
yeast|r_0370|g1|s_0805,CatPred,True,
yeast|r_0370|g2|s_0003,CatPred,False,missing_smiles
yeast|r_0370|g2|s_0805,CatPred,True,
yeast|r_0370|g3|s_0003,CatPred,False,missing_smiles
yeast|r_0370|g3|s_0805,CatPred,True,
yeast|r_0370|g4|s_0003,CatPred,False,missing_smiles
yeast|r_0370|g4|s_0805,CatPred,True,
yeast|r_0370|g5|s_0003,CatPred,False,missing_smiles
yeast|r_0370|g5|s_0805,CatPred,True,
yeast|r_0373|g1|s_0190,CatPred,True,
yeast|r_0373|g1|s_0943,CatPred,True,
yeast|r_0399|g1|s_0439,CatPred,True,
yeast|r_0399|g1|s_0534,CatPred,True,
yeast|r_0399|g1|s_0600,CatPred,True,
yeast|r_0400|g1|s_0439,CatPred,True,
yeast|r_0400|g1|s_0534,CatPred,True,
yeast|r_0400|g1|s_1070,CatPred,True,
yeast|r_0402|g1|s_0439,CatPred,True,
yeast|r_0402|g1|s_0534,CatPred,True,
yeast|r_0402|g1|s_1291,CatPred,True,
yeast|r_0410|g1|s_0439,CatPred,True,
yeast|r_0410|g1|s_0534,CatPred,True,
yeast|r_0410|g1|s_1253,CatPred,True,
yeast|r_0412|g1|s_0439,CatPred,True,
yeast|r_0412|g1|s_0534,CatPred,True,
yeast|r_0412|g1|s_1166,CatPred,True,
yeast|r_0436|g1|s_0926,CatPred,True,
yeast|r_0436|g1|s_1383,CatPred,True,
yeast|r_0437|g1|s_0710,CatPred,False,missing_sequence;missing_smiles;complex_not_supported_by_default
yeast|r_0437|g1|s_0838,CatPred,False,missing_sequence;complex_not_supported_by_default
yeast|r_0437|g2|s_0710,CatPred,False,missing_sequence;missing_smiles;complex_not_supported_by_default
yeast|r_0437|g2|s_0838,CatPred,False,missing_sequence;complex_not_supported_by_default
yeast|r_0438|g1|s_0710,CatPred,False,missing_sequence;missing_smiles;complex_not_supported_by_default
yeast|r_0438|g1|s_0799,CatPred,False,missing_sequence;complex_not_supported_by_default
yeast|r_0438|g1|s_1278,CatPred,False,missing_sequence;complex_not_supported_by_default
yeast|r_0438|g2|s_0710,CatPred,False,missing_sequence;missing_smiles;complex_not_supported_by_default
yeast|r_0438|g2|s_0799,CatPred,False,missing_sequence;complex_not_supported_by_default
yeast|r_0438|g2|s_1278,CatPred,False,missing_sequence;complex_not_supported_by_default
yeast|r_0438|g3|s_0710,CatPred,False,missing_sequence;missing_smiles;complex_not_supported_by_default
yeast|r_0438|g3|s_0799,CatPred,False,missing_sequence;complex_not_supported_by_default
yeast|r_0438|g3|s_1278,CatPred,False,missing_sequence;complex_not_supported_by_default
yeast|r_0438|g4|s_0710,CatPred,False,missing_sequence;missing_smiles;complex_not_supported_by_default
yeast|r_0438|g4|s_0799,CatPred,False,missing_sequence;complex_not_supported_by_default
yeast|r_0438|g4|s_1278,CatPred,False,missing_sequence;complex_not_supported_by_default
yeast|r_0438|g5|s_0710,CatPred,False,missing_sequence;missing_smiles;complex_not_supported_by_default
yeast|r_0438|g5|s_0799,CatPred,False,missing_sequence;complex_not_supported_by_default
yeast|r_0438|g5|s_1278,CatPred,False,missing_sequence;complex_not_supported_by_default
yeast|r_0439|g1|s_0709,CatPred,False,missing_sequence;missing_smiles;complex_not_supported_by_default
yeast|r_0439|g1|s_0799,CatPred,False,missing_sequence;complex_not_supported_by_default
yeast|r_0439|g1|s_1535,CatPred,False,missing_sequence;complex_not_supported_by_default
yeast|r_0439|g2|s_0709,CatPred,False,missing_sequence;missing_smiles;complex_not_supported_by_default
yeast|r_0439|g2|s_0799,CatPred,False,missing_sequence;complex_not_supported_by_default
yeast|r_0439|g2|s_1535,CatPred,False,missing_sequence;complex_not_supported_by_default
yeast|r_0440|g1|s_0434,CatPred,True,
yeast|r_0440|g1|s_0714,CatPred,True,
yeast|r_0440|g1|s_0794,CatPred,True,
yeast|r_0441|g1|s_0714,CatPred,True,
yeast|r_0441|g1|s_0794,CatPred,True,
yeast|r_0441|g1|s_1203,CatPred,True,
yeast|r_0442|g1|s_0714,CatPred,True,
yeast|r_0442|g1|s_0794,CatPred,True,
yeast|r_0442|g1|s_1212,CatPred,True,
yeast|r_0443|g1|s_0721,CatPred,True,
yeast|r_0443|g1|s_0750,CatPred,True,
yeast|r_0443|g1|s_1198,CatPred,True,
yeast|r_0445|g1|s_0722,CatPred,True,
yeast|r_0445|g1|s_1198,CatPred,True,
yeast|r_0446|g1|s_0434,CatPred,True,
yeast|r_0446|g1|s_0722,CatPred,True,
yeast|r_0446|g1|s_1487,CatPred,True,
yeast|r_0447|g1|s_0437,CatPred,True,
yeast|r_0447|g1|s_0724,CatPred,True,
yeast|r_0447|g1|s_1488,CatPred,True,
yeast|r_0448|g1|s_0442,CatPred,True,
yeast|r_0448|g1|s_0803,CatPred,True,
yeast|r_0448|g2|s_0442,CatPred,True,
yeast|r_0448|g2|s_0803,CatPred,True,
yeast|r_0449|g1|s_0555,CatPred,True,
yeast|r_0449|g1|s_0803,CatPred,True,
yeast|r_0450|g1|s_0555,CatPred,True,
yeast|r_0451|g1|s_0727,CatPred,True,
yeast|r_0451|g1|s_0807,CatPred,True,
yeast|r_0452|g1|s_0725,CatPred,True,
yeast|r_0452|g1|s_0803,CatPred,True,
yeast|r_0453|g1|s_0061,CatPred,True,
yeast|r_0453|g1|s_0725,CatPred,True,
yeast|r_0454|g1|s_0690,CatPred,True,
yeast|r_0454|g1|s_0727,CatPred,True,
yeast|r_0455|g1|s_0689,CatPred,True,
yeast|r_0455|g1|s_0725,CatPred,True,
yeast|r_0457|g1|s_0750,CatPred,True,
yeast|r_0457|g1|s_0955,CatPred,True,
yeast|r_0458|g1|s_0434,CatPred,True,
yeast|r_0458|g1|s_0558,CatPred,True,
yeast|r_0459|g1|s_0410,CatPred,True,
yeast|r_0459|g1|s_0794,CatPred,True,
yeast|r_0459|g1|s_1559,CatPred,True,
yeast|r_0460|g1|s_0434,CatPred,True,
yeast|r_0460|g1|s_0981,CatPred,True,
yeast|r_0460|g1|s_0991,CatPred,True,
yeast|r_0462|g1|s_0745,CatPred,True,
yeast|r_0462|g1|s_0943,CatPred,True,
yeast|r_0463|g1|s_0773,CatPred,True,
yeast|r_0463|g1|s_0803,CatPred,True,
yeast|r_0464|g1|s_0774,CatPred,True,
yeast|r_0464|g1|s_0810,CatPred,True,
yeast|r_0466|g1|s_0568,CatPred,True,
yeast|r_0466|g1|s_1207,CatPred,True,
yeast|r_0467|g1|s_0568,CatPred,True,
yeast|r_0468|g1|s_0434,CatPred,True,
yeast|r_0468|g1|s_0991,CatPred,True,
yeast|r_0469|g1|s_0794,CatPred,True,
yeast|r_0469|g1|s_0991,CatPred,True,
yeast|r_0470|g1|s_0803,CatPred,True,
yeast|r_0470|g1|s_0991,CatPred,True,
yeast|r_0470|g1|s_1198,CatPred,True,
yeast|r_0471|g1|s_0180,CatPred,True,
yeast|r_0471|g1|s_0419,CatPred,True,
yeast|r_0471|g1|s_0794,CatPred,True,
yeast|r_0471|g1|s_1212,CatPred,True,
yeast|r_0471|g2|s_0180,CatPred,True,
yeast|r_0471|g2|s_0419,CatPred,True,
yeast|r_0471|g2|s_0794,CatPred,True,
yeast|r_0471|g2|s_1212,CatPred,True,
yeast|r_0472|g1|s_0180,CatPred,True,
yeast|r_0472|g1|s_0794,CatPred,True,
yeast|r_0472|g1|s_0999,CatPred,True,
yeast|r_0472|g1|s_1203,CatPred,True,
yeast|r_0473|g1|s_0794,CatPred,True,
yeast|r_0473|g1|s_0986,CatPred,True,
yeast|r_0473|g1|s_1212,CatPred,True,
yeast|r_0475|g1|s_0803,CatPred,True,
yeast|r_0475|g1|s_0999,CatPred,True,
yeast|r_0475|g2|s_0803,CatPred,True,
yeast|r_0475|g2|s_0999,CatPred,True,
yeast|r_0476|g1|s_0419,CatPred,True,
yeast|r_0476|g1|s_0434,CatPred,True,
yeast|r_0476|g1|s_0991,CatPred,True,
yeast|r_0477|g1|s_0557,CatPred,True,
yeast|r_0477|g1|s_0999,CatPred,True,
yeast|r_0478|g1|s_0434,CatPred,True,
yeast|r_0478|g1|s_0999,CatPred,True,
yeast|r_0478|g1|s_1590,CatPred,False,missing_smiles
yeast|r_0479|g1|s_0434,CatPred,True,
yeast|r_0479|g1|s_0991,CatPred,True,
yeast|r_0479|g1|s_1591,CatPred,False,missing_smiles
yeast|r_0480|g1|s_0437,CatPred,True,
yeast|r_0480|g1|s_0993,CatPred,True,
yeast|r_0480|g1|s_1592,CatPred,False,missing_smiles
yeast|r_0481|g1|s_0754,CatPred,False,missing_sequence;complex_not_supported_by_default
yeast|r_0481|g1|s_0794,CatPred,False,missing_sequence;complex_not_supported_by_default
yeast|r_0481|g1|s_1212,CatPred,False,missing_sequence;complex_not_supported_by_default
yeast|r_0481|g2|s_0754,CatPred,False,missing_sequence;complex_not_supported_by_default
yeast|r_0481|g2|s_0794,CatPred,False,missing_sequence;complex_not_supported_by_default
yeast|r_0481|g2|s_1212,CatPred,False,missing_sequence;complex_not_supported_by_default
yeast|r_0481|g3|s_0754,CatPred,False,missing_sequence;complex_not_supported_by_default
yeast|r_0481|g3|s_0794,CatPred,False,missing_sequence;complex_not_supported_by_default
yeast|r_0481|g3|s_1212,CatPred,False,missing_sequence;complex_not_supported_by_default
yeast|r_0481|g4|s_0754,CatPred,False,missing_sequence;complex_not_supported_by_default
yeast|r_0481|g4|s_0794,CatPred,False,missing_sequence;complex_not_supported_by_default
yeast|r_0481|g4|s_1212,CatPred,False,missing_sequence;complex_not_supported_by_default
yeast|r_0482|g1|s_0756,CatPred,False,missing_sequence;complex_not_supported_by_default
yeast|r_0482|g1|s_0799,CatPred,False,missing_sequence;complex_not_supported_by_default
yeast|r_0482|g1|s_1214,CatPred,False,missing_sequence;complex_not_supported_by_default
yeast|r_0483|g1|s_0750,CatPred,True,
yeast|r_0483|g1|s_0837,CatPred,True,
yeast|r_0483|g2|s_0750,CatPred,True,
yeast|r_0483|g2|s_0837,CatPred,True,
yeast|r_0483|g3|s_0750,CatPred,True,
yeast|r_0483|g3|s_0837,CatPred,True,
yeast|r_0483|g4|s_0750,CatPred,True,
yeast|r_0483|g4|s_0837,CatPred,True,
yeast|r_0483|g5|s_0750,CatPred,True,
yeast|r_0483|g5|s_0837,CatPred,True,
yeast|r_0483|g6|s_0750,CatPred,True,
yeast|r_0483|g6|s_0837,CatPred,True,
yeast|r_0484|g1|s_0752,CatPred,True,
yeast|r_0484|g1|s_0838,CatPred,True,
yeast|r_0485|g1|s_0434,CatPred,True,
yeast|r_0485|g1|s_0988,CatPred,True,
yeast|r_0485|g1|s_1003,CatPred,True,
yeast|r_0486|g1|s_0764,CatPred,True,
yeast|r_0486|g1|s_1198,CatPred,True,
yeast|r_0486|g1|s_1322,CatPred,True,
yeast|r_0486|g2|s_0764,CatPred,True,
yeast|r_0486|g2|s_1198,CatPred,True,
yeast|r_0486|g2|s_1322,CatPred,True,
yeast|r_0486|g3|s_0764,CatPred,True,
yeast|r_0486|g3|s_1198,CatPred,True,
yeast|r_0486|g3|s_1322,CatPred,True,
yeast|r_0487|g1|s_0765,CatPred,True,
yeast|r_0487|g1|s_1207,CatPred,True,
yeast|r_0488|g1|s_0434,CatPred,True,
yeast|r_0488|g1|s_0765,CatPred,True,
yeast|r_0489|g1|s_0767,CatPred,True,
yeast|r_0489|g1|s_0803,CatPred,True,
yeast|r_0489|g2|s_0767,CatPred,True,
yeast|r_0489|g2|s_0803,CatPred,True,
yeast|r_0490|g1|s_0688,CatPred,True,
yeast|r_0490|g1|s_0770,CatPred,True,
yeast|r_0490|g1|s_0799,CatPred,True,
yeast|r_0491|g1|s_0629,CatPred,True,
yeast|r_0491|g1|s_0794,CatPred,True,
yeast|r_0491|g1|s_1203,CatPred,True,
yeast|r_0491|g2|s_0629,CatPred,True,
yeast|r_0491|g2|s_0794,CatPred,True,
yeast|r_0491|g2|s_1203,CatPred,True,
yeast|r_0492|g1|s_0632,CatPred,True,
yeast|r_0492|g1|s_0799,CatPred,True,
yeast|r_0492|g1|s_1205,CatPred,True,
yeast|r_0497|g1|s_0803,CatPred,True,
yeast|r_0497|g1|s_1433,CatPred,True,
yeast|r_0499|g1|s_0120,CatPred,True,
yeast|r_0499|g1|s_0325,CatPred,True,
yeast|r_0501|g1|s_1005,CatPred,False,missing_sequence;complex_not_supported_by_default
yeast|r_0501|g1|s_1200,CatPred,False,missing_sequence;complex_not_supported_by_default
yeast|r_0501|g1|s_1488,CatPred,False,missing_sequence;complex_not_supported_by_default
yeast|r_0502|g1|s_1039,CatPred,True,
yeast|r_0502|g1|s_1487,CatPred,True,
yeast|r_0503|g1|s_1042,CatPred,True,
yeast|r_0503|g1|s_1488,CatPred,True,
yeast|r_0504|g1|s_0799,CatPred,False,missing_sequence;complex_not_supported_by_default
yeast|r_0504|g1|s_1005,CatPred,False,missing_sequence;complex_not_supported_by_default
yeast|r_0504|g1|s_1097,CatPred,False,missing_sequence;complex_not_supported_by_default
yeast|r_0505|g1|s_0627,CatPred,False,missing_sequence;complex_not_supported_by_default
yeast|r_0505|g1|s_1200,CatPred,False,missing_sequence;complex_not_supported_by_default
yeast|r_0505|g2|s_0627,CatPred,False,missing_sequence;complex_not_supported_by_default
yeast|r_0505|g2|s_1200,CatPred,False,missing_sequence;complex_not_supported_by_default
yeast|r_0506|g1|s_1005,CatPred,False,missing_sequence;complex_not_supported_by_default
yeast|r_0506|g1|s_1098,CatPred,False,missing_sequence;missing_smiles;complex_not_supported_by_default
yeast|r_0507|g1|s_0799,CatPred,False,missing_sequence;complex_not_supported_by_default
yeast|r_0507|g1|s_1410,CatPred,False,missing_sequence;complex_not_supported_by_default
yeast|r_0507|g1|s_1488,CatPred,False,missing_sequence;complex_not_supported_by_default
yeast|r_0508|g1|s_0628,CatPred,False,missing_sequence;complex_not_supported_by_default
yeast|r_0508|g1|s_1200,CatPred,False,missing_sequence;complex_not_supported_by_default
yeast|r_0509|g1|s_1409,CatPred,False,missing_sequence;complex_not_supported_by_default
yeast|r_0509|g1|s_1488,CatPred,False,missing_sequence;complex_not_supported_by_default
yeast|r_0510|g1|s_1543,CatPred,False,missing_sequence;complex_not_supported_by_default
yeast|r_0510|g2|s_1543,CatPred,False,missing_sequence;complex_not_supported_by_default
yeast|r_0510|g3|s_1543,CatPred,False,missing_sequence;complex_not_supported_by_default
yeast|r_0510|g4|s_1543,CatPred,False,missing_sequence;complex_not_supported_by_default
yeast|r_0511|g1|s_0773,CatPred,True,
yeast|r_0511|g1|s_1322,CatPred,True,
yeast|r_0512|g1|s_0434,CatPred,True,
yeast|r_0512|g1|s_1003,CatPred,True,
yeast|r_0512|g1|s_1593,CatPred,False,missing_smiles
yeast|r_0512|g2|s_0434,CatPred,True,
yeast|r_0512|g2|s_1003,CatPred,True,
yeast|r_0512|g2|s_1593,CatPred,False,missing_smiles
yeast|r_0514|g1|s_0434,CatPred,True,
yeast|r_0514|g1|s_0803,CatPred,True,
yeast|r_0514|g1|s_0999,CatPred,True,
yeast|r_0514|g1|s_1565,CatPred,True,
yeast|r_0518|g1|s_0331,CatPred,True,
yeast|r_0518|g1|s_0804,CatPred,True,
yeast|r_0519|g1|s_0330,CatPred,False,missing_sequence;missing_smiles;complex_not_supported_by_default
yeast|r_0519|g1|s_0644,CatPred,False,missing_sequence;complex_not_supported_by_default
yeast|r_0520|g1|s_0334,CatPred,False,missing_smiles
yeast|r_0520|g1|s_1352,CatPred,True,
yeast|r_0521|g1|s_0337,CatPred,False,missing_smiles
yeast|r_0521|g1|s_0644,CatPred,True,
yeast|r_0522|g1|s_0339,CatPred,False,missing_smiles
yeast|r_0522|g1|s_0644,CatPred,True,
yeast|r_0523|g1|s_0338,CatPred,False,missing_smiles
yeast|r_0523|g1|s_1352,CatPred,True,
yeast|r_0523|g2|s_0338,CatPred,False,missing_smiles
yeast|r_0523|g2|s_1352,CatPred,True,
yeast|r_0524|g1|s_0785,CatPred,True,
yeast|r_0524|g1|s_0803,CatPred,True,
yeast|r_0525|g1|s_0785,CatPred,True,
yeast|r_0525|g1|s_0803,CatPred,True,
yeast|r_0526|g1|s_0787,CatPred,True,
yeast|r_0526|g1|s_0794,CatPred,True,
yeast|r_0526|g1|s_0803,CatPred,True,
yeast|r_0527|g1|s_0787,CatPred,True,
yeast|r_0527|g1|s_1386,CatPred,True,
yeast|r_0528|g1|s_0434,CatPred,True,
yeast|r_0528|g1|s_0782,CatPred,True,
yeast|r_0529|g1|s_0586,CatPred,True,
yeast|r_0529|g1|s_0782,CatPred,True,
yeast|r_0530|g1|s_0812,CatPred,False,missing_sequence;complex_not_supported_by_default
yeast|r_0530|g1|s_1205,CatPred,False,missing_sequence;complex_not_supported_by_default
yeast|r_0530|g1|s_1278,CatPred,False,missing_sequence;complex_not_supported_by_default
yeast|r_0530|g2|s_0812,CatPred,True,
yeast|r_0530|g2|s_1205,CatPred,True,
yeast|r_0530|g2|s_1278,CatPred,True,
yeast|r_0531|g1|s_0191,CatPred,True,
yeast|r_0531|g1|s_0712,CatPred,True,
yeast|r_0531|g1|s_0807,CatPred,True,
yeast|r_0532|g1|s_0154,CatPred,False,missing_sequence;complex_not_supported_by_default
yeast|r_0532|g1|s_0799,CatPred,False,missing_sequence;complex_not_supported_by_default
yeast|r_0532|g1|s_1419,CatPred,False,missing_sequence;complex_not_supported_by_default
yeast|r_0533|g1|s_0434,CatPred,True,
yeast|r_0533|g1|s_0553,CatPred,True,
yeast|r_0533|g2|s_0434,CatPred,True,
yeast|r_0533|g2|s_0553,CatPred,True,
yeast|r_0533|g3|s_0434,CatPred,True,
yeast|r_0533|g3|s_0553,CatPred,True,
yeast|r_0534|g1|s_0434,CatPred,True,
yeast|r_0534|g1|s_0563,CatPred,True,
yeast|r_0534|g2|s_0434,CatPred,True,
yeast|r_0534|g2|s_0563,CatPred,True,
yeast|r_0534|g3|s_0434,CatPred,True,
yeast|r_0534|g3|s_0563,CatPred,True,
yeast|r_0534|g4|s_0434,CatPred,True,
yeast|r_0534|g4|s_0563,CatPred,True,
yeast|r_0534|g5|s_0434,CatPred,True,
yeast|r_0534|g5|s_0563,CatPred,True,
yeast|r_0535|g1|s_0434,CatPred,True,
yeast|r_0535|g1|s_0571,CatPred,True,
yeast|r_0535|g2|s_0434,CatPred,True,
yeast|r_0535|g2|s_0571,CatPred,True,
yeast|r_0535|g3|s_0434,CatPred,True,
yeast|r_0535|g3|s_0571,CatPred,True,
yeast|r_0536|g1|s_0803,CatPred,True,
yeast|r_0536|g1|s_1010,CatPred,True,
yeast|r_0536|g1|s_1198,CatPred,True,
yeast|r_0537|g1|s_0803,CatPred,True,
yeast|r_0537|g1|s_1011,CatPred,True,
yeast|r_0538|g1|s_0207,CatPred,True,
yeast|r_0538|g1|s_0991,CatPred,True,
yeast|r_0539|g1|s_0434,CatPred,True,
yeast|r_0539|g1|s_1006,CatPred,True,
yeast|r_0539|g1|s_1594,CatPred,False,missing_smiles
yeast|r_0540|g1|s_0437,CatPred,True,
yeast|r_0540|g1|s_1008,CatPred,True,
yeast|r_0540|g1|s_1595,CatPred,False,missing_smiles
yeast|r_0541|g1|s_1006,CatPred,True,
yeast|r_0541|g1|s_1416,CatPred,True,
yeast|r_0542|g1|s_0454,CatPred,True,
yeast|r_0542|g1|s_0807,CatPred,True,
yeast|r_0542|g2|s_0454,CatPred,True,
yeast|r_0542|g2|s_0807,CatPred,True,
yeast|r_0543|g1|s_0183,CatPred,True,
yeast|r_0543|g1|s_0377,CatPred,True,
yeast|r_0543|g1|s_0808,CatPred,True,
yeast|r_0543|g2|s_0183,CatPred,True,
yeast|r_0543|g2|s_0377,CatPred,True,
yeast|r_0543|g2|s_0808,CatPred,True,
yeast|r_0544|g1|s_1012,CatPred,True,
yeast|r_0544|g1|s_1416,CatPred,True,
yeast|r_0544|g2|s_1012,CatPred,True,
yeast|r_0544|g2|s_1416,CatPred,True,
yeast|r_0545|g1|s_0836,CatPred,True,
yeast|r_0545|g1|s_1200,CatPred,True,
yeast|r_0546|g1|s_0794,CatPred,True,
yeast|r_0546|g1|s_0978,CatPred,True,
yeast|r_0546|g1|s_1203,CatPred,True,
yeast|r_0547|g1|s_0794,CatPred,True,
yeast|r_0547|g1|s_0978,CatPred,True,
yeast|r_0547|g1|s_1212,CatPred,True,
yeast|r_0548|g1|s_0434,CatPred,True,
yeast|r_0548|g1|s_1014,CatPred,True,
yeast|r_0549|g1|s_0373,CatPred,True,
yeast|r_0549|g1|s_1014,CatPred,True,
yeast|r_0550|g1|s_0794,CatPred,False,missing_sequence;complex_not_supported_by_default
yeast|r_0550|g1|s_0837,CatPred,False,missing_sequence;complex_not_supported_by_default
yeast|r_0550|g1|s_1616,CatPred,False,missing_sequence;complex_not_supported_by_default
yeast|r_0550|g2|s_0794,CatPred,False,missing_sequence;complex_not_supported_by_default
yeast|r_0550|g2|s_0837,CatPred,False,missing_sequence;complex_not_supported_by_default
yeast|r_0550|g2|s_1616,CatPred,False,missing_sequence;complex_not_supported_by_default
yeast|r_0551|g1|s_0799,CatPred,False,missing_sequence;complex_not_supported_by_default
yeast|r_0551|g1|s_0838,CatPred,False,missing_sequence;complex_not_supported_by_default
yeast|r_0551|g1|s_1617,CatPred,False,missing_sequence;complex_not_supported_by_default
yeast|r_0552|g1|s_0801,CatPred,False,missing_sequence;complex_not_supported_by_default
yeast|r_0552|g1|s_0840,CatPred,False,missing_sequence;complex_not_supported_by_default
yeast|r_0552|g1|s_1619,CatPred,False,missing_sequence;complex_not_supported_by_default
yeast|r_0552|g2|s_0801,CatPred,False,missing_sequence;complex_not_supported_by_default
yeast|r_0552|g2|s_0840,CatPred,False,missing_sequence;complex_not_supported_by_default
yeast|r_0552|g2|s_1619,CatPred,False,missing_sequence;complex_not_supported_by_default
yeast|r_0553|g1|s_0033,CatPred,True,
yeast|r_0553|g1|s_0803,CatPred,True,
yeast|r_0554|g1|s_0034,CatPred,True,
yeast|r_0554|g1|s_0807,CatPred,True,
yeast|r_0555|g1|s_0287,CatPred,True,
yeast|r_0555|g1|s_0831,CatPred,True,
yeast|r_0556|g1|s_0310,CatPred,True,
yeast|r_0556|g1|s_0434,CatPred,True,
yeast|r_0557|g1|s_0803,CatPred,True,
yeast|r_0557|g1|s_1372,CatPred,True,
yeast|r_0558|g1|s_0218,CatPred,True,
yeast|r_0558|g1|s_0794,CatPred,True,
yeast|r_0558|g1|s_1212,CatPred,True,
yeast|r_0558|g2|s_0218,CatPred,True,
yeast|r_0558|g2|s_0794,CatPred,True,
yeast|r_0558|g2|s_1212,CatPred,True,
yeast|r_0560|g1|s_0370,CatPred,True,
yeast|r_0560|g1|s_0376,CatPred,True,
yeast|r_0560|g1|s_0807,CatPred,True,
yeast|r_0561|g1|s_0270,CatPred,True,
yeast|r_0561|g1|s_0434,CatPred,True,
yeast|r_0561|g2|s_0270,CatPred,True,
yeast|r_0561|g2|s_0434,CatPred,True,
yeast|r_0561|g3|s_0270,CatPred,True,
yeast|r_0561|g3|s_0434,CatPred,True,
yeast|r_0562|g1|s_0843,CatPred,True,
yeast|r_0562|g1|s_1386,CatPred,True,
yeast|r_0563|g1|s_0312,CatPred,True,
yeast|r_0563|g1|s_0999,CatPred,True,
yeast|r_0564|g1|s_0550,CatPred,True,
yeast|r_0565|g1|s_0803,CatPred,True,
yeast|r_0565|g1|s_0849,CatPred,True,
yeast|r_0565|g1|s_1198,CatPred,True,
yeast|r_0565|g2|s_0803,CatPred,True,
yeast|r_0565|g2|s_0849,CatPred,True,
yeast|r_0565|g2|s_1198,CatPred,True,
yeast|r_0565|g3|s_0803,CatPred,True,
yeast|r_0565|g3|s_0849,CatPred,True,
yeast|r_0565|g3|s_1198,CatPred,True,
yeast|r_0566|g1|s_0076,CatPred,True,
yeast|r_0566|g1|s_0794,CatPred,True,
yeast|r_0567|g1|s_0794,CatPred,True,
yeast|r_0567|g1|s_0855,CatPred,True,
yeast|r_0567|g2|s_0794,CatPred,True,
yeast|r_0567|g2|s_0855,CatPred,True,
yeast|r_0567|g3|s_0794,CatPred,True,
yeast|r_0567|g3|s_0855,CatPred,True,
yeast|r_0568|g1|s_0633,CatPred,True,
yeast|r_0568|g1|s_0803,CatPred,True,
yeast|r_0569|g1|s_0636,CatPred,True,
yeast|r_0569|g1|s_0807,CatPred,True,
yeast|r_0570|g1|s_1365,CatPred,True,
yeast|r_0570|g2|s_1365,CatPred,True,
yeast|r_0571|g1|s_0438,CatPred,True,
yeast|r_0571|g1|s_1157,CatPred,True,
yeast|r_0572|g1|s_0123,CatPred,True,
yeast|r_0572|g1|s_0438,CatPred,True,
yeast|r_0573|g1|s_0124,CatPred,True,
yeast|r_0573|g1|s_0438,CatPred,True,
yeast|r_0574|g1|s_0125,CatPred,True,
yeast|r_0574|g1|s_0438,CatPred,True,
yeast|r_0575|g1|s_0125,CatPred,True,
yeast|r_0575|g1|s_0438,CatPred,True,
yeast|r_0596|g1|s_0804,CatPred,True,
yeast|r_0596|g1|s_1116,CatPred,True,
yeast|r_0597|g1|s_0804,CatPred,True,
yeast|r_0597|g1|s_1119,CatPred,True,
yeast|r_0598|g1|s_0804,CatPred,True,
yeast|r_0598|g1|s_1128,CatPred,True,
yeast|r_0599|g1|s_0804,CatPred,True,
yeast|r_0599|g1|s_1131,CatPred,True,
yeast|r_0600|g1|s_0804,CatPred,True,
yeast|r_0600|g1|s_1122,CatPred,True,
yeast|r_0601|g1|s_0804,CatPred,True,
yeast|r_0601|g1|s_1125,CatPred,True,
yeast|r_0602|g1|s_0804,CatPred,True,
yeast|r_0602|g1|s_1134,CatPred,True,
yeast|r_0603|g1|s_0804,CatPred,True,
yeast|r_0603|g1|s_1137,CatPred,True,
yeast|r_0604|g1|s_0804,CatPred,True,
yeast|r_0604|g1|s_1140,CatPred,True,
yeast|r_0605|g1|s_0804,CatPred,True,
yeast|r_0605|g1|s_1143,CatPred,True,
yeast|r_0606|g1|s_0804,CatPred,True,
yeast|r_0606|g1|s_0861,CatPred,True,
yeast|r_0607|g1|s_0804,CatPred,True,
yeast|r_0607|g1|s_0864,CatPred,True,
yeast|r_0608|g1|s_0804,CatPred,True,
yeast|r_0608|g1|s_0873,CatPred,True,
yeast|r_0609|g1|s_0804,CatPred,True,
yeast|r_0609|g1|s_0876,CatPred,True,
yeast|r_0610|g1|s_0804,CatPred,True,
yeast|r_0610|g1|s_0867,CatPred,True,
yeast|r_0611|g1|s_0804,CatPred,True,
yeast|r_0611|g1|s_0870,CatPred,True,
yeast|r_0612|g1|s_0804,CatPred,True,
yeast|r_0612|g1|s_0879,CatPred,True,
yeast|r_0613|g1|s_0804,CatPred,True,
yeast|r_0613|g1|s_0882,CatPred,True,
yeast|r_0614|g1|s_0804,CatPred,True,
yeast|r_0614|g1|s_0885,CatPred,True,
yeast|r_0615|g1|s_0804,CatPred,True,
yeast|r_0615|g1|s_0888,CatPred,True,
yeast|r_0616|g1|s_0807,CatPred,True,
yeast|r_0616|g1|s_0896,CatPred,True,
yeast|r_0617|g1|s_0807,CatPred,True,
yeast|r_0617|g1|s_0899,CatPred,True,
yeast|r_0618|g1|s_0807,CatPred,True,
yeast|r_0618|g1|s_0908,CatPred,True,
yeast|r_0619|g1|s_0807,CatPred,True,
yeast|r_0619|g1|s_0911,CatPred,True,
yeast|r_0620|g1|s_0807,CatPred,True,
yeast|r_0620|g1|s_0902,CatPred,True,
yeast|r_0621|g1|s_0807,CatPred,True,
yeast|r_0621|g1|s_0905,CatPred,True,
yeast|r_0622|g1|s_0807,CatPred,True,
yeast|r_0622|g1|s_0914,CatPred,True,
yeast|r_0623|g1|s_0807,CatPred,True,
yeast|r_0623|g1|s_0917,CatPred,True,
yeast|r_0624|g1|s_0807,CatPred,True,
yeast|r_0624|g1|s_0920,CatPred,True,
yeast|r_0625|g1|s_0807,CatPred,True,
yeast|r_0625|g1|s_0923,CatPred,True,
yeast|r_0626|g1|s_0807,CatPred,True,
yeast|r_0626|g1|s_1118,CatPred,True,
yeast|r_0627|g1|s_0807,CatPred,True,
yeast|r_0627|g1|s_1121,CatPred,True,
yeast|r_0628|g1|s_0807,CatPred,True,
yeast|r_0628|g1|s_1130,CatPred,True,
yeast|r_0629|g1|s_0807,CatPred,True,
yeast|r_0629|g1|s_1133,CatPred,True,
yeast|r_0630|g1|s_0807,CatPred,True,
yeast|r_0630|g1|s_1124,CatPred,True,
yeast|r_0631|g1|s_0807,CatPred,True,
yeast|r_0631|g1|s_1127,CatPred,True,
yeast|r_0632|g1|s_0807,CatPred,True,
yeast|r_0632|g1|s_1136,CatPred,True,
yeast|r_0633|g1|s_0807,CatPred,True,
yeast|r_0633|g1|s_1139,CatPred,True,
yeast|r_0634|g1|s_0807,CatPred,True,
yeast|r_0634|g1|s_1142,CatPred,True,
yeast|r_0635|g1|s_0807,CatPred,True,
yeast|r_0635|g1|s_1145,CatPred,True,
yeast|r_0636|g1|s_0807,CatPred,True,
yeast|r_0636|g1|s_0863,CatPred,True,
yeast|r_0637|g1|s_0807,CatPred,True,
yeast|r_0637|g1|s_0866,CatPred,True,
yeast|r_0638|g1|s_0807,CatPred,True,
yeast|r_0638|g1|s_0875,CatPred,True,
yeast|r_0639|g1|s_0807,CatPred,True,
yeast|r_0639|g1|s_0878,CatPred,True,
yeast|r_0640|g1|s_0807,CatPred,True,
yeast|r_0640|g1|s_0869,CatPred,True,
yeast|r_0641|g1|s_0807,CatPred,True,
yeast|r_0641|g1|s_0872,CatPred,True,
yeast|r_0642|g1|s_0807,CatPred,True,
yeast|r_0642|g1|s_0881,CatPred,True,
yeast|r_0643|g1|s_0807,CatPred,True,
yeast|r_0643|g1|s_0884,CatPred,True,
yeast|r_0644|g1|s_0807,CatPred,True,
yeast|r_0644|g1|s_0887,CatPred,True,
yeast|r_0645|g1|s_0807,CatPred,True,
yeast|r_0645|g1|s_0890,CatPred,True,
yeast|r_0646|g1|s_0804,CatPred,True,
yeast|r_0646|g1|s_0894,CatPred,True,
yeast|r_0647|g1|s_0804,CatPred,True,
yeast|r_0647|g1|s_0897,CatPred,True,
yeast|r_0648|g1|s_0804,CatPred,True,
yeast|r_0648|g1|s_0906,CatPred,True,
yeast|r_0649|g1|s_0804,CatPred,True,
yeast|r_0649|g1|s_0909,CatPred,True,
yeast|r_0650|g1|s_0804,CatPred,True,
yeast|r_0650|g1|s_0900,CatPred,True,
yeast|r_0651|g1|s_0804,CatPred,True,
yeast|r_0651|g1|s_0903,CatPred,True,
yeast|r_0652|g1|s_0804,CatPred,True,
yeast|r_0652|g1|s_0912,CatPred,True,
yeast|r_0653|g1|s_0804,CatPred,True,
yeast|r_0653|g1|s_0915,CatPred,True,
yeast|r_0654|g1|s_0804,CatPred,True,
yeast|r_0654|g1|s_0918,CatPred,True,
yeast|r_0655|g1|s_0804,CatPred,True,
yeast|r_0655|g1|s_0921,CatPred,True,
yeast|r_0656|g1|s_0803,CatPred,True,
yeast|r_0656|g1|s_0927,CatPred,True,
yeast|r_0657|g1|s_0803,CatPred,True,
yeast|r_0657|g1|s_0935,CatPred,True,
yeast|r_0658|g1|s_0941,CatPred,False,missing_sequence;complex_not_supported_by_default
yeast|r_0658|g1|s_1200,CatPred,False,missing_sequence;complex_not_supported_by_default
yeast|r_0659|g1|s_0940,CatPred,True,
yeast|r_0659|g1|s_1207,CatPred,True,
yeast|r_0661|g1|s_0942,CatPred,True,
yeast|r_0661|g1|s_1211,CatPred,True,
yeast|r_0662|g1|s_0940,CatPred,True,
yeast|r_0663|g1|s_0180,CatPred,True,
yeast|r_0663|g1|s_1016,CatPred,True,
yeast|r_0664|g1|s_0182,CatPred,True,
yeast|r_0664|g1|s_1018,CatPred,True,
yeast|r_0665|g1|s_0434,CatPred,True,
yeast|r_0665|g1|s_1016,CatPred,True,
yeast|r_0665|g1|s_1596,CatPred,False,missing_smiles
yeast|r_0666|g1|s_0437,CatPred,True,
yeast|r_0666|g1|s_1018,CatPred,True,
yeast|r_0666|g1|s_1597,CatPred,False,missing_smiles
yeast|r_0667|g1|s_0943,CatPred,True,
yeast|r_0668|g1|s_0437,CatPred,False,missing_sequence;complex_not_supported_by_default
yeast|r_0668|g1|s_0532,CatPred,False,missing_sequence;complex_not_supported_by_default
yeast|r_0668|g1|s_0946,CatPred,False,missing_sequence;complex_not_supported_by_default
yeast|r_0669|g1|s_0039,CatPred,True,
yeast|r_0669|g1|s_0799,CatPred,True,
yeast|r_0669|g1|s_1214,CatPred,True,
yeast|r_0670|g1|s_0803,CatPred,True,
yeast|r_0670|g1|s_1020,CatPred,True,
yeast|r_0671|g1|s_0794,CatPred,True,
yeast|r_0671|g1|s_1020,CatPred,True,
yeast|r_0671|g1|s_1212,CatPred,True,
yeast|r_0671|g1|s_1275,CatPred,True,
yeast|r_0672|g1|s_0117,CatPred,True,
yeast|r_0672|g1|s_0807,CatPred,True,
yeast|r_0672|g1|s_1200,CatPred,True,
yeast|r_0673|g1|s_0807,CatPred,True,
yeast|r_0673|g1|s_0954,CatPred,True,
yeast|r_0673|g1|s_1200,CatPred,True,
yeast|r_0674|g1|s_0182,CatPred,True,
yeast|r_0674|g1|s_0957,CatPred,True,
yeast|r_0675|g1|s_0958,CatPred,True,
yeast|r_0676|g1|s_0958,CatPred,True,
yeast|r_0676|g1|s_1207,CatPred,True,
yeast|r_0678|g1|s_0434,CatPred,False,missing_sequence;complex_not_supported_by_default
yeast|r_0678|g1|s_0794,CatPred,False,missing_sequence;complex_not_supported_by_default
yeast|r_0678|g1|s_0953,CatPred,False,missing_sequence;complex_not_supported_by_default
yeast|r_0678|g1|s_1212,CatPred,False,missing_sequence;complex_not_supported_by_default
yeast|r_0679|g1|s_0803,CatPred,True,
yeast|r_0679|g1|s_0969,CatPred,True,
yeast|r_0680|g1|s_0805,CatPred,True,
yeast|r_0680|g1|s_0970,CatPred,True,
yeast|r_0680|g2|s_0805,CatPred,True,
yeast|r_0680|g2|s_0970,CatPred,True,
yeast|r_0680|g3|s_0805,CatPred,True,
yeast|r_0680|g3|s_0970,CatPred,True,
yeast|r_0680|g4|s_0805,CatPred,True,
yeast|r_0680|g4|s_0970,CatPred,True,
yeast|r_0681|g1|s_0180,CatPred,True,
yeast|r_0681|g1|s_0677,CatPred,True,
yeast|r_0682|g1|s_0182,CatPred,True,
yeast|r_0682|g1|s_0678,CatPred,True,
yeast|r_0683|g1|s_0184,CatPred,True,
yeast|r_0683|g1|s_0679,CatPred,True,
yeast|r_0687|g1|s_0116,CatPred,True,
yeast|r_0687|g1|s_0794,CatPred,True,
yeast|r_0687|g1|s_1212,CatPred,True,
yeast|r_0688|g1|s_0794,CatPred,True,
yeast|r_0688|g1|s_1151,CatPred,True,
yeast|r_0688|g1|s_1212,CatPred,True,
yeast|r_0688|g2|s_0794,CatPred,True,
yeast|r_0688|g2|s_1151,CatPred,True,
yeast|r_0688|g2|s_1212,CatPred,True,
yeast|r_0689|g1|s_1039,CatPred,True,
yeast|r_0690|g1|s_1039,CatPred,True,
yeast|r_0690|g1|s_1207,CatPred,True,
yeast|r_0691|g1|s_0989,CatPred,True,
yeast|r_0691|g1|s_1198,CatPred,True,
yeast|r_0692|g1|s_1045,CatPred,True,
yeast|r_0693|g1|s_1047,CatPred,True,
yeast|r_0694|g1|s_1048,CatPred,True,
yeast|r_0694|g1|s_1275,CatPred,True,
yeast|r_0695|g1|s_0120,CatPred,True,
yeast|r_0695|g1|s_1051,CatPred,True,
yeast|r_0696|g1|s_0062,CatPred,True,
yeast|r_0696|g1|s_0803,CatPred,True,
yeast|r_0696|g1|s_1198,CatPred,True,
yeast|r_0697|g1|s_0750,CatPred,True,
yeast|r_0697|g1|s_1151,CatPred,True,
yeast|r_0698|g1|s_0037,CatPred,True,
yeast|r_0699|g1|s_0180,CatPred,True,
yeast|r_0699|g1|s_1021,CatPred,True,
yeast|r_0700|g1|s_0182,CatPred,True,
yeast|r_0700|g1|s_1023,CatPred,True,
yeast|r_0701|g1|s_0434,CatPred,True,
yeast|r_0701|g1|s_1021,CatPred,True,
yeast|r_0701|g1|s_1598,CatPred,False,missing_smiles
yeast|r_0702|g1|s_0437,CatPred,True,
yeast|r_0702|g1|s_1023,CatPred,True,
yeast|r_0702|g1|s_1599,CatPred,False,missing_smiles
yeast|r_0703|g1|s_0803,CatPred,True,
yeast|r_0703|g1|s_1079,CatPred,True,
yeast|r_0704|g1|s_0808,CatPred,True,
yeast|r_0704|g1|s_1080,CatPred,True,
yeast|r_0705|g1|s_0803,CatPred,True,
yeast|r_0705|g1|s_1079,CatPred,True,
yeast|r_0706|g1|s_0808,CatPred,True,
yeast|r_0706|g1|s_1080,CatPred,True,
yeast|r_0707|g1|s_0803,CatPred,True,
yeast|r_0707|g1|s_1079,CatPred,True,
yeast|r_0708|g1|s_0808,CatPred,True,
yeast|r_0708|g1|s_1080,CatPred,True,
yeast|r_0711|g1|s_0434,CatPred,True,
yeast|r_0711|g1|s_1025,CatPred,True,
yeast|r_0711|g1|s_1600,CatPred,False,missing_smiles
yeast|r_0712|g1|s_0437,CatPred,True,
yeast|r_0712|g1|s_1027,CatPred,True,
yeast|r_0712|g1|s_1601,CatPred,False,missing_smiles
yeast|r_0713|g1|s_0068,CatPred,True,
yeast|r_0713|g1|s_1200,CatPred,True,
yeast|r_0714|g1|s_0066,CatPred,True,
yeast|r_0714|g1|s_1198,CatPred,True,
yeast|r_0715|g1|s_0069,CatPred,True,
yeast|r_0715|g1|s_1202,CatPred,True,
yeast|r_0716|g1|s_0373,CatPred,True,
yeast|r_0716|g1|s_0779,CatPred,True,
yeast|r_0716|g1|s_0803,CatPred,True,
yeast|r_0716|g2|s_0373,CatPred,True,
yeast|r_0716|g2|s_0779,CatPred,True,
yeast|r_0716|g2|s_0803,CatPred,True,
yeast|r_0717|g1|s_0378,CatPred,True,
yeast|r_0717|g1|s_0781,CatPred,True,
yeast|r_0717|g1|s_0809,CatPred,True,
yeast|r_0718|g1|s_0068,CatPred,True,
yeast|r_0718|g1|s_1200,CatPred,True,
yeast|r_0719|g1|s_0068,CatPred,True,
yeast|r_0719|g1|s_1210,CatPred,True,
yeast|r_0721|g1|s_1104,CatPred,False,missing_sequence;complex_not_supported_by_default
yeast|r_0721|g1|s_1845,CatPred,False,missing_sequence;complex_not_supported_by_default
yeast|r_0722|g1|s_0573,CatPred,True,
yeast|r_0722|g1|s_0785,CatPred,True,
yeast|r_0722|g1|s_0794,CatPred,True,
yeast|r_0723|g1|s_0574,CatPred,True,
yeast|r_0724|g1|s_0305,CatPred,True,
yeast|r_0724|g1|s_0807,CatPred,True,
yeast|r_0725|g1|s_0304,CatPred,True,
yeast|r_0725|g1|s_0803,CatPred,True,
yeast|r_0726|g1|s_0434,CatPred,True,
yeast|r_0726|g1|s_0803,CatPred,True,
yeast|r_0726|g1|s_1029,CatPred,True,
yeast|r_0726|g2|s_0434,CatPred,True,
yeast|r_0726|g2|s_0803,CatPred,True,
yeast|r_0726|g2|s_1029,CatPred,True,
yeast|r_0727|g1|s_0322,CatPred,True,
yeast|r_0727|g1|s_1012,CatPred,True,
yeast|r_0728|g1|s_0121,CatPred,True,
yeast|r_0728|g1|s_1149,CatPred,False,missing_smiles
yeast|r_0729|g1|s_0434,CatPred,True,
yeast|r_0729|g1|s_1029,CatPred,True,
yeast|r_0729|g1|s_1602,CatPred,False,missing_smiles
yeast|r_0730|g1|s_0437,CatPred,True,
yeast|r_0730|g1|s_1031,CatPred,True,
yeast|r_0730|g1|s_1603,CatPred,False,missing_smiles
yeast|r_0731|g1|s_0306,CatPred,True,
yeast|r_0731|g1|s_1198,CatPred,True,
yeast|r_0732|g1|s_0306,CatPred,True,
yeast|r_0732|g1|s_1207,CatPred,True,
yeast|r_0733|g1|s_0307,CatPred,True,
yeast|r_0733|g1|s_1210,CatPred,True,
yeast|r_0734|g1|s_0012,CatPred,True,
yeast|r_0735|g1|s_0028,CatPred,True,
yeast|r_0735|g1|s_0434,CatPred,True,
yeast|r_0736|g1|s_0028,CatPred,True,
yeast|r_0736|g1|s_0539,CatPred,True,
yeast|r_0737|g1|s_0028,CatPred,True,
yeast|r_0737|g1|s_0785,CatPred,True,
yeast|r_0738|g1|s_0028,CatPred,True,
yeast|r_0738|g1|s_1559,CatPred,True,
yeast|r_0739|g1|s_0018,CatPred,True,
yeast|r_0739|g1|s_0434,CatPred,True,
yeast|r_0747|g1|s_0744,CatPred,False,missing_sequence;complex_not_supported_by_default
yeast|r_0747|g1|s_0895,CatPred,False,missing_sequence;complex_not_supported_by_default
yeast|r_0747|g2|s_0744,CatPred,False,missing_sequence;complex_not_supported_by_default
yeast|r_0747|g2|s_0895,CatPred,False,missing_sequence;complex_not_supported_by_default
yeast|r_0748|g1|s_0744,CatPred,False,missing_sequence;complex_not_supported_by_default
yeast|r_0748|g1|s_0898,CatPred,False,missing_sequence;complex_not_supported_by_default
yeast|r_0748|g2|s_0744,CatPred,False,missing_sequence;complex_not_supported_by_default
yeast|r_0748|g2|s_0898,CatPred,False,missing_sequence;complex_not_supported_by_default
yeast|r_0749|g1|s_0744,CatPred,False,missing_sequence;complex_not_supported_by_default
yeast|r_0749|g1|s_0907,CatPred,False,missing_sequence;complex_not_supported_by_default
yeast|r_0749|g2|s_0744,CatPred,False,missing_sequence;complex_not_supported_by_default
yeast|r_0749|g2|s_0907,CatPred,False,missing_sequence;complex_not_supported_by_default
yeast|r_0750|g1|s_0744,CatPred,False,missing_sequence;complex_not_supported_by_default
yeast|r_0750|g1|s_0910,CatPred,False,missing_sequence;complex_not_supported_by_default
yeast|r_0750|g2|s_0744,CatPred,False,missing_sequence;complex_not_supported_by_default
yeast|r_0750|g2|s_0910,CatPred,False,missing_sequence;complex_not_supported_by_default
yeast|r_0751|g1|s_0744,CatPred,False,missing_sequence;complex_not_supported_by_default
yeast|r_0751|g1|s_0901,CatPred,False,missing_sequence;complex_not_supported_by_default
yeast|r_0751|g2|s_0744,CatPred,False,missing_sequence;complex_not_supported_by_default
yeast|r_0751|g2|s_0901,CatPred,False,missing_sequence;complex_not_supported_by_default
yeast|r_0752|g1|s_0744,CatPred,False,missing_sequence;complex_not_supported_by_default
yeast|r_0752|g1|s_0904,CatPred,False,missing_sequence;complex_not_supported_by_default
yeast|r_0752|g2|s_0744,CatPred,False,missing_sequence;complex_not_supported_by_default
yeast|r_0752|g2|s_0904,CatPred,False,missing_sequence;complex_not_supported_by_default
yeast|r_0753|g1|s_0744,CatPred,False,missing_sequence;complex_not_supported_by_default
yeast|r_0753|g1|s_0913,CatPred,False,missing_sequence;complex_not_supported_by_default
yeast|r_0753|g2|s_0744,CatPred,False,missing_sequence;complex_not_supported_by_default
yeast|r_0753|g2|s_0913,CatPred,False,missing_sequence;complex_not_supported_by_default
yeast|r_0754|g1|s_0744,CatPred,False,missing_sequence;complex_not_supported_by_default
yeast|r_0754|g1|s_0916,CatPred,False,missing_sequence;complex_not_supported_by_default
yeast|r_0754|g2|s_0744,CatPred,False,missing_sequence;complex_not_supported_by_default
yeast|r_0754|g2|s_0916,CatPred,False,missing_sequence;complex_not_supported_by_default
yeast|r_0755|g1|s_0744,CatPred,False,missing_sequence;complex_not_supported_by_default
yeast|r_0755|g1|s_0919,CatPred,False,missing_sequence;complex_not_supported_by_default
yeast|r_0755|g2|s_0744,CatPred,False,missing_sequence;complex_not_supported_by_default
yeast|r_0755|g2|s_0919,CatPred,False,missing_sequence;complex_not_supported_by_default
yeast|r_0756|g1|s_0744,CatPred,False,missing_sequence;complex_not_supported_by_default
yeast|r_0756|g1|s_0922,CatPred,False,missing_sequence;complex_not_supported_by_default
yeast|r_0756|g2|s_0744,CatPred,False,missing_sequence;complex_not_supported_by_default
yeast|r_0756|g2|s_0922,CatPred,False,missing_sequence;complex_not_supported_by_default
yeast|r_0757|g1|s_0126,CatPred,True,
yeast|r_0757|g1|s_0803,CatPred,True,
yeast|r_0757|g2|s_0126,CatPred,True,
yeast|r_0757|g2|s_0803,CatPred,True,
yeast|r_0758|g1|s_0568,CatPred,True,
yeast|r_0759|g1|s_0799,CatPred,True,
yeast|r_0759|g1|s_1191,CatPred,True,
yeast|r_0759|g1|s_1214,CatPred,True,
yeast|r_0760|g1|s_0373,CatPred,True,
yeast|r_0760|g1|s_0412,CatPred,True,
yeast|r_0761|g1|s_0376,CatPred,True,
yeast|r_0761|g1|s_0993,CatPred,True,
yeast|r_0761|g2|s_0376,CatPred,True,
yeast|r_0761|g2|s_0993,CatPred,True,
yeast|r_0762|g1|s_0803,CatPred,True,
yeast|r_0762|g1|s_1195,CatPred,True,
yeast|r_0763|g1|s_0794,CatPred,False,missing_sequence;complex_not_supported_by_default
yeast|r_0763|g1|s_1196,CatPred,False,missing_sequence;complex_not_supported_by_default
yeast|r_0763|g1|s_1212,CatPred,False,missing_sequence;complex_not_supported_by_default
yeast|r_0764|g1|s_0809,CatPred,True,
yeast|r_0764|g1|s_1202,CatPred,True,
yeast|r_0765|g1|s_0434,CatPred,True,
yeast|r_0765|g1|s_1198,CatPred,True,
yeast|r_0765|g2|s_0434,CatPred,True,
yeast|r_0765|g2|s_1198,CatPred,True,
yeast|r_0766|g1|s_0437,CatPred,True,
yeast|r_0766|g1|s_1200,CatPred,True,
yeast|r_0766|g2|s_0437,CatPred,True,
yeast|r_0766|g2|s_1200,CatPred,True,
yeast|r_0766|g3|s_0437,CatPred,True,
yeast|r_0766|g3|s_1200,CatPred,True,
yeast|r_0767|g1|s_0808,CatPred,True,
yeast|r_0767|g1|s_1201,CatPred,True,
yeast|r_0767|g2|s_0808,CatPred,True,
yeast|r_0767|g2|s_1201,CatPred,True,
yeast|r_0767|g3|s_0808,CatPred,True,
yeast|r_0767|g3|s_1201,CatPred,True,
yeast|r_0767|g4|s_0808,CatPred,True,
yeast|r_0767|g4|s_1201,CatPred,True,
yeast|r_0767|g5|s_0808,CatPred,True,
yeast|r_0767|g5|s_1201,CatPred,True,
yeast|r_0768|g1|s_0434,CatPred,True,
yeast|r_0768|g1|s_0591,CatPred,True,
yeast|r_0768|g1|s_0803,CatPred,True,
yeast|r_0768|g1|s_0999,CatPred,True,
yeast|r_0769|g1|s_0438,CatPred,True,
yeast|r_0769|g1|s_0593,CatPred,True,
yeast|r_0769|g1|s_0808,CatPred,True,
yeast|r_0769|g1|s_1001,CatPred,True,
yeast|r_0770|g1|s_0794,CatPred,True,
yeast|r_0770|g1|s_1203,CatPred,True,
yeast|r_0770|g1|s_1537,CatPred,True,
yeast|r_0770|g2|s_0794,CatPred,True,
yeast|r_0770|g2|s_1203,CatPred,True,
yeast|r_0770|g2|s_1537,CatPred,True,
yeast|r_0771|g1|s_0434,CatPred,True,
yeast|r_0771|g1|s_1203,CatPred,True,
yeast|r_0771|g2|s_0434,CatPred,True,
yeast|r_0771|g2|s_1203,CatPred,True,
yeast|r_0772|g1|s_0437,CatPred,True,
yeast|r_0772|g1|s_1205,CatPred,True,
yeast|r_0772|g2|s_0437,CatPred,True,
yeast|r_0772|g2|s_1205,CatPred,True,
yeast|r_0772|g3|s_0437,CatPred,True,
yeast|r_0772|g3|s_1205,CatPred,True,
yeast|r_0773|g1|s_0799,CatPred,True,
yeast|r_0773|g1|s_1205,CatPred,True,
yeast|r_0773|g1|s_1537,CatPred,True,
yeast|r_0774|g1|s_0434,CatPred,True,
yeast|r_0774|g1|s_0794,CatPred,True,
yeast|r_0774|g1|s_1219,CatPred,True,
yeast|r_0774|g1|s_1386,CatPred,True,
yeast|r_0775|g1|s_0437,CatPred,True,
yeast|r_0775|g1|s_0799,CatPred,True,
yeast|r_0775|g1|s_1221,CatPred,True,
yeast|r_0775|g1|s_1387,CatPred,True,
yeast|r_0781|g1|s_0803,CatPred,True,
yeast|r_0781|g1|s_1216,CatPred,True,
yeast|r_0782|g1|s_1216,CatPred,True,
yeast|r_0782|g1|s_1416,CatPred,True,
yeast|r_0783|g1|s_0434,CatPred,True,
yeast|r_0783|g1|s_0794,CatPred,True,
yeast|r_0783|g1|s_1224,CatPred,True,
yeast|r_0783|g2|s_0434,CatPred,True,
yeast|r_0783|g2|s_0794,CatPred,True,
yeast|r_0783|g2|s_1224,CatPred,True,
yeast|r_0784|g1|s_0438,CatPred,True,
yeast|r_0784|g1|s_0800,CatPred,True,
yeast|r_0784|g1|s_1227,CatPred,True,
yeast|r_0784|g2|s_0438,CatPred,True,
yeast|r_0784|g2|s_0800,CatPred,True,
yeast|r_0784|g2|s_1227,CatPred,True,
yeast|r_0785|g1|s_0434,CatPred,True,
yeast|r_0785|g1|s_0794,CatPred,True,
yeast|r_0785|g1|s_1222,CatPred,True,
yeast|r_0785|g2|s_0434,CatPred,True,
yeast|r_0785|g2|s_0794,CatPred,True,
yeast|r_0785|g2|s_1222,CatPred,True,
yeast|r_0786|g1|s_0794,CatPred,True,
yeast|r_0786|g1|s_1386,CatPred,True,
yeast|r_0786|g1|s_1403,CatPred,True,
yeast|r_0787|g1|s_0799,CatPred,True,
yeast|r_0787|g1|s_1387,CatPred,True,
yeast|r_0787|g1|s_1404,CatPred,True,
yeast|r_0788|g1|s_0394,CatPred,True,
yeast|r_0788|g1|s_0803,CatPred,True,
yeast|r_0789|g1|s_0739,CatPred,True,
yeast|r_0789|g1|s_0803,CatPred,True,
yeast|r_0790|g1|s_0803,CatPred,True,
yeast|r_0790|g1|s_1538,CatPred,True,
yeast|r_0791|g1|s_0806,CatPred,True,
yeast|r_0791|g1|s_1539,CatPred,True,
yeast|r_0792|g1|s_0467,CatPred,True,
yeast|r_0792|g1|s_0803,CatPred,True,
yeast|r_0793|g1|s_0803,CatPred,True,
yeast|r_0793|g1|s_0846,CatPred,True,
yeast|r_0795|g1|s_0434,CatPred,True,
yeast|r_0795|g1|s_0467,CatPred,True,
yeast|r_0796|g1|s_0434,CatPred,True,
yeast|r_0796|g1|s_0582,CatPred,True,
yeast|r_0797|g1|s_0434,CatPred,True,
yeast|r_0797|g1|s_0587,CatPred,True,
yeast|r_0798|g1|s_0434,CatPred,True,
yeast|r_0798|g1|s_0613,CatPred,True,
yeast|r_0799|g1|s_0434,CatPred,True,
yeast|r_0799|g1|s_0647,CatPred,True,
yeast|r_0800|g1|s_0434,CatPred,True,
yeast|r_0800|g1|s_0739,CatPred,True,
yeast|r_0801|g1|s_0434,CatPred,True,
yeast|r_0801|g1|s_0846,CatPred,True,
yeast|r_0802|g1|s_0434,CatPred,True,
yeast|r_0802|g1|s_0618,CatPred,True,
yeast|r_0803|g1|s_0434,CatPred,True,
yeast|r_0803|g1|s_0652,CatPred,True,
yeast|r_0804|g1|s_0785,CatPred,True,
yeast|r_0804|g1|s_0803,CatPred,True,
yeast|r_0804|g2|s_0785,CatPred,True,
yeast|r_0804|g2|s_0803,CatPred,True,
yeast|r_0804|g3|s_0785,CatPred,True,
yeast|r_0804|g3|s_0803,CatPred,True,
yeast|r_0805|g1|s_0803,CatPred,True,
yeast|r_0805|g1|s_1559,CatPred,True,
yeast|r_0806|g1|s_0539,CatPred,True,
yeast|r_0806|g1|s_0803,CatPred,True,
yeast|r_0807|g1|s_0803,CatPred,True,
yeast|r_0807|g1|s_0950,CatPred,True,
yeast|r_0810|g1|s_0740,CatPred,True,
yeast|r_0810|g1|s_0806,CatPred,True,
yeast|r_0811|g1|s_0434,CatPred,True,
yeast|r_0811|g1|s_1538,CatPred,True,
yeast|r_0812|g1|s_1150,CatPred,True,
yeast|r_0812|g1|s_1233,CatPred,True,
yeast|r_0813|g1|s_0841,CatPred,True,
yeast|r_0813|g1|s_1233,CatPred,True,
yeast|r_0815|g1|s_0981,CatPred,True,
yeast|r_0815|g1|s_1241,CatPred,True,
yeast|r_0815|g2|s_0981,CatPred,True,
yeast|r_0815|g2|s_1241,CatPred,True,
yeast|r_0815|g3|s_0981,CatPred,True,
yeast|r_0815|g3|s_1241,CatPred,True,
yeast|r_0816|g1|s_0455,CatPred,True,
yeast|r_0816|g1|s_1266,CatPred,True,
yeast|r_0817|g1|s_0794,CatPred,True,
yeast|r_0817|g1|s_1266,CatPred,True,
yeast|r_0818|g1|s_0993,CatPred,True,
yeast|r_0818|g1|s_1182,CatPred,True,
yeast|r_0819|g1|s_0180,CatPred,True,
yeast|r_0819|g1|s_1266,CatPred,True,
yeast|r_0820|g1|s_0633,CatPred,True,
yeast|r_0820|g1|s_1270,CatPred,True,
yeast|r_0820|g2|s_0633,CatPred,True,
yeast|r_0820|g2|s_1270,CatPred,True,
yeast|r_0821|g1|s_0794,CatPred,True,
yeast|r_0821|g1|s_1270,CatPred,True,
yeast|r_0831|g1|s_0532,CatPred,False,missing_sequence;complex_not_supported_by_default
yeast|r_0831|g1|s_1411,CatPred,False,missing_sequence;complex_not_supported_by_default
yeast|r_0831|g2|s_0532,CatPred,False,missing_sequence;complex_not_supported_by_default
yeast|r_0831|g2|s_1411,CatPred,False,missing_sequence;complex_not_supported_by_default
yeast|r_0832|g1|s_0182,CatPred,False,missing_sequence;complex_not_supported_by_default
yeast|r_0832|g1|s_0799,CatPred,False,missing_sequence;complex_not_supported_by_default
yeast|r_0832|g1|s_1097,CatPred,False,missing_sequence;complex_not_supported_by_default
yeast|r_0832|g2|s_0182,CatPred,False,missing_sequence;complex_not_supported_by_default
yeast|r_0832|g2|s_0799,CatPred,False,missing_sequence;complex_not_supported_by_default
yeast|r_0832|g2|s_1097,CatPred,False,missing_sequence;complex_not_supported_by_default
yeast|r_0841|g1|s_0434,CatPred,True,
yeast|r_0841|g1|s_0794,CatPred,True,
yeast|r_0841|g1|s_1307,CatPred,True,
yeast|r_0842|g1|s_0031,CatPred,True,
yeast|r_0842|g1|s_0434,CatPred,True,
yeast|r_0843|g1|s_0030,CatPred,True,
yeast|r_0843|g1|s_0434,CatPred,True,
yeast|r_0843|g1|s_0441,CatPred,True,
yeast|r_0844|g1|s_0605,CatPred,True,
yeast|r_0844|g1|s_0809,CatPred,True,
yeast|r_0845|g1|s_0809,CatPred,True,
yeast|r_0845|g1|s_1076,CatPred,True,
yeast|r_0847|g1|s_0809,CatPred,True,
yeast|r_0847|g1|s_1305,CatPred,True,
yeast|r_0848|g1|s_0809,CatPred,True,
yeast|r_0848|g1|s_1179,CatPred,True,
yeast|r_0849|g1|s_0809,CatPred,True,
yeast|r_0849|g1|s_1457,CatPred,True,
yeast|r_0850|g1|s_0809,CatPred,True,
yeast|r_0850|g1|s_1258,CatPred,True,
yeast|r_0851|g1|s_0180,CatPred,True,
yeast|r_0851|g1|s_1032,CatPred,True,
yeast|r_0852|g1|s_0434,CatPred,False,missing_sequence;complex_not_supported_by_default
yeast|r_0852|g1|s_1032,CatPred,False,missing_sequence;complex_not_supported_by_default
yeast|r_0852|g1|s_1604,CatPred,False,missing_sequence;missing_smiles;complex_not_supported_by_default
yeast|r_0853|g1|s_0437,CatPred,True,
yeast|r_0853|g1|s_1034,CatPred,True,
yeast|r_0853|g1|s_1605,CatPred,False,missing_smiles
yeast|r_0854|g1|s_0794,CatPred,True,
yeast|r_0854|g1|s_0951,CatPred,True,
yeast|r_0855|g1|s_0302,CatPred,True,
yeast|r_0855|g1|s_0434,CatPred,True,
yeast|r_0882|g1|s_1190,CatPred,True,
yeast|r_0883|g1|s_0201,CatPred,False,missing_sequence;complex_not_supported_by_default
yeast|r_0883|g1|s_1616,CatPred,False,missing_sequence;complex_not_supported_by_default
yeast|r_0883|g2|s_0201,CatPred,False,missing_sequence;complex_not_supported_by_default
yeast|r_0883|g2|s_1616,CatPred,False,missing_sequence;complex_not_supported_by_default
yeast|r_0884|g1|s_0434,CatPred,True,
yeast|r_0884|g1|s_1271,CatPred,True,
yeast|r_0885|g1|s_0539,CatPred,True,
yeast|r_0885|g1|s_0794,CatPred,True,
yeast|r_0885|g1|s_1239,CatPred,True,
yeast|r_0886|g1|s_0434,CatPred,False,missing_sequence;complex_not_supported_by_default
yeast|r_0886|g1|s_0557,CatPred,False,missing_sequence;complex_not_supported_by_default
yeast|r_0887|g1|s_0434,CatPred,False,missing_sequence;complex_not_supported_by_default
yeast|r_0887|g1|s_1427,CatPred,False,missing_sequence;complex_not_supported_by_default
yeast|r_0888|g1|s_0568,CatPred,True,
yeast|r_0888|g2|s_0568,CatPred,True,
yeast|r_0889|g1|s_0340,CatPred,True,
yeast|r_0889|g1|s_1207,CatPred,True,
yeast|r_0889|g2|s_0340,CatPred,True,
yeast|r_0889|g2|s_1207,CatPred,True,
yeast|r_0890|g1|s_0411,CatPred,True,
yeast|r_0891|g1|s_0260,CatPred,True,
yeast|r_0891|g1|s_1198,CatPred,True,
yeast|r_0891|g2|s_0260,CatPred,True,
yeast|r_0891|g2|s_1198,CatPred,True,
yeast|r_0892|g1|s_0075,CatPred,True,
yeast|r_0892|g1|s_0394,CatPred,True,
yeast|r_0893|g1|s_0260,CatPred,True,
yeast|r_0893|g2|s_0260,CatPred,True,
yeast|r_0902|g1|s_0573,CatPred,True,
yeast|r_0903|g1|s_0268,CatPred,True,
yeast|r_0903|g1|s_0434,CatPred,True,
yeast|r_0903|g2|s_0268,CatPred,True,
yeast|r_0903|g2|s_0434,CatPred,True,
yeast|r_0903|g3|s_0268,CatPred,True,
yeast|r_0903|g3|s_0434,CatPred,True,
yeast|r_0904|g1|s_0019,CatPred,True,
yeast|r_0904|g1|s_0434,CatPred,True,
yeast|r_0905|g1|s_0017,CatPred,True,
yeast|r_0905|g1|s_0539,CatPred,True,
yeast|r_0905|g1|s_0981,CatPred,True,
yeast|r_0906|g1|s_0794,CatPred,False,missing_sequence;complex_not_supported_by_default
yeast|r_0906|g1|s_1188,CatPred,False,missing_sequence;complex_not_supported_by_default
yeast|r_0907|g1|s_0415,CatPred,True,
yeast|r_0907|g2|s_0415,CatPred,True,
yeast|r_0907|g3|s_0415,CatPred,True,
yeast|r_0908|g1|s_0434,CatPred,True,
yeast|r_0908|g1|s_0973,CatPred,True,
yeast|r_0908|g1|s_1364,CatPred,True,
yeast|r_0909|g1|s_0078,CatPred,True,
yeast|r_0909|g1|s_0803,CatPred,True,
yeast|r_0910|g1|s_0326,CatPred,True,
yeast|r_0910|g1|s_0803,CatPred,True,
yeast|r_0911|g1|s_0300,CatPred,True,
yeast|r_0911|g1|s_0456,CatPred,True,
yeast|r_0912|g1|s_0120,CatPred,True,
yeast|r_0912|g1|s_0403,CatPred,True,
yeast|r_0912|g2|s_0120,CatPred,True,
yeast|r_0912|g2|s_0403,CatPred,True,
yeast|r_0913|g1|s_1187,CatPred,True,
yeast|r_0914|g1|s_0327,CatPred,True,
yeast|r_0914|g1|s_0434,CatPred,True,
yeast|r_0914|g1|s_1003,CatPred,True,
yeast|r_0915|g1|s_0803,CatPred,True,
yeast|r_0915|g1|s_0999,CatPred,True,
yeast|r_0915|g1|s_1386,CatPred,True,
yeast|r_0916|g1|s_0434,CatPred,False,missing_sequence;complex_not_supported_by_default
yeast|r_0916|g1|s_1408,CatPred,False,missing_sequence;complex_not_supported_by_default
yeast|r_0916|g2|s_0434,CatPred,False,missing_sequence;complex_not_supported_by_default
yeast|r_0916|g2|s_1408,CatPred,False,missing_sequence;complex_not_supported_by_default
yeast|r_0916|g3|s_0434,CatPred,False,missing_sequence;complex_not_supported_by_default
yeast|r_0916|g3|s_1408,CatPred,False,missing_sequence;complex_not_supported_by_default
yeast|r_0916|g4|s_0434,CatPred,False,missing_sequence;complex_not_supported_by_default
yeast|r_0916|g4|s_1408,CatPred,False,missing_sequence;complex_not_supported_by_default
yeast|r_0916|g5|s_0434,CatPred,False,missing_sequence;complex_not_supported_by_default
yeast|r_0916|g5|s_1408,CatPred,False,missing_sequence;complex_not_supported_by_default
yeast|r_0917|g1|s_0259,CatPred,True,
yeast|r_0917|g1|s_0803,CatPred,True,
yeast|r_0918|g1|s_0258,CatPred,True,
yeast|r_0918|g1|s_0991,CatPred,True,
yeast|r_0919|g1|s_1085,CatPred,True,
yeast|r_0919|g1|s_1366,CatPred,True,
yeast|r_0920|g1|s_0507,CatPred,True,
yeast|r_0920|g1|s_1366,CatPred,True,
yeast|r_0921|g1|s_1367,CatPred,True,
yeast|r_0922|g1|s_0795,CatPred,True,
yeast|r_0922|g1|s_1213,CatPred,True,
yeast|r_0922|g1|s_1276,CatPred,True,
yeast|r_0922|g1|s_1445,CatPred,True,
yeast|r_0929|g1|s_0803,CatPred,True,
yeast|r_0929|g1|s_1180,CatPred,True,
yeast|r_0929|g1|s_1275,CatPred,True,
yeast|r_0935|g1|s_0315,CatPred,True,
yeast|r_0936|g1|s_0803,CatPred,True,
yeast|r_0936|g1|s_1181,CatPred,True,
yeast|r_0936|g1|s_1275,CatPred,True,
yeast|r_0937|g1|s_0803,CatPred,True,
yeast|r_0937|g1|s_1275,CatPred,True,
yeast|r_0937|g1|s_1442,CatPred,True,
yeast|r_0938|g1|s_0794,CatPred,True,
yeast|r_0938|g1|s_1377,CatPred,True,
yeast|r_0939|g1|s_1207,CatPred,True,
yeast|r_0939|g1|s_1377,CatPred,True,
yeast|r_0940|g1|s_0688,CatPred,True,
yeast|r_0940|g1|s_1037,CatPred,True,
yeast|r_0941|g1|s_0434,CatPred,True,
yeast|r_0941|g1|s_1035,CatPred,True,
yeast|r_0941|g1|s_1606,CatPred,False,missing_smiles
yeast|r_0942|g1|s_1278,CatPred,True,
yeast|r_0942|g1|s_1385,CatPred,True,
yeast|r_0943|g1|s_1218,CatPred,True,
yeast|r_0943|g1|s_1322,CatPred,True,
yeast|r_0949|g1|s_0790,CatPred,True,
yeast|r_0949|g1|s_1322,CatPred,True,
yeast|r_0950|g1|s_0792,CatPred,True,
yeast|r_0950|g1|s_1326,CatPred,True,
yeast|r_0951|g1|s_0856,CatPred,True,
yeast|r_0951|g1|s_1322,CatPred,True,
yeast|r_0953|g1|s_0419,CatPred,True,
yeast|r_0953|g1|s_0803,CatPred,True,
yeast|r_0953|g1|s_1275,CatPred,True,
yeast|r_0953|g1|s_1392,CatPred,True,
yeast|r_0954|g1|s_0803,CatPred,True,
yeast|r_0954|g1|s_1275,CatPred,True,
yeast|r_0954|g1|s_1395,CatPred,True,
yeast|r_0955|g1|s_1275,CatPred,True,
yeast|r_0955|g1|s_1398,CatPred,True,
yeast|r_0956|g1|s_1275,CatPred,True,
yeast|r_0956|g1|s_1396,CatPred,True,
yeast|r_0957|g1|s_0118,CatPred,True,
yeast|r_0957|g1|s_0794,CatPred,True,
yeast|r_0957|g1|s_1212,CatPred,True,
yeast|r_0958|g1|s_0434,CatPred,True,
yeast|r_0958|g1|s_0445,CatPred,True,
yeast|r_0958|g1|s_1399,CatPred,True,
yeast|r_0958|g2|s_0434,CatPred,True,
yeast|r_0958|g2|s_0445,CatPred,True,
yeast|r_0958|g2|s_1399,CatPred,True,
yeast|r_0959|g1|s_0794,CatPred,True,
yeast|r_0959|g1|s_1399,CatPred,True,
yeast|r_0959|g2|s_0794,CatPred,True,
yeast|r_0959|g2|s_1399,CatPred,True,
yeast|r_0959|g3|s_0794,CatPred,True,
yeast|r_0959|g3|s_1399,CatPred,True,
yeast|r_0960|g1|s_0359,CatPred,True,
yeast|r_0960|g1|s_0794,CatPred,True,
yeast|r_0960|g1|s_1399,CatPred,True,
yeast|r_0960|g2|s_0359,CatPred,True,
yeast|r_0960|g2|s_0794,CatPred,True,
yeast|r_0960|g2|s_1399,CatPred,True,
yeast|r_0960|g3|s_0359,CatPred,True,
yeast|r_0960|g3|s_0794,CatPred,True,
yeast|r_0960|g3|s_1399,CatPred,True,
yeast|r_0961|g1|s_0532,CatPred,False,missing_sequence;complex_not_supported_by_default
yeast|r_0961|g1|s_1200,CatPred,False,missing_sequence;complex_not_supported_by_default
yeast|r_0961|g1|s_1401,CatPred,False,missing_sequence;complex_not_supported_by_default
yeast|r_0962|g1|s_0394,CatPred,True,
yeast|r_0962|g1|s_0794,CatPred,True,
yeast|r_0962|g1|s_1360,CatPred,True,
yeast|r_0962|g2|s_0394,CatPred,True,
yeast|r_0962|g2|s_0794,CatPred,True,
yeast|r_0962|g2|s_1360,CatPred,True,
yeast|r_0963|g1|s_0156,CatPred,False,missing_sequence;complex_not_supported_by_default
yeast|r_0963|g1|s_0799,CatPred,False,missing_sequence;complex_not_supported_by_default
yeast|r_0963|g1|s_1205,CatPred,False,missing_sequence;complex_not_supported_by_default
yeast|r_0963|g1|s_1278,CatPred,False,missing_sequence;complex_not_supported_by_default
yeast|r_0964|g1|s_0434,CatPred,True,
yeast|r_0964|g1|s_0750,CatPred,True,
yeast|r_0964|g1|s_0803,CatPred,True,
yeast|r_0965|g1|s_0434,CatPred,True,
yeast|r_0965|g1|s_1405,CatPred,True,
yeast|r_0966|g1|s_0437,CatPred,True,
yeast|r_0966|g1|s_1407,CatPred,True,
yeast|r_0967|g1|s_0158,CatPred,True,
yeast|r_0967|g1|s_0314,CatPred,True,
yeast|r_0968|g1|s_0328,CatPred,True,
yeast|r_0968|g1|s_0794,CatPred,True,
yeast|r_0969|g1|s_0434,CatPred,True,
yeast|r_0969|g1|s_0575,CatPred,True,
yeast|r_0970|g1|s_0434,CatPred,True,
yeast|r_0970|g1|s_0794,CatPred,True,
yeast|r_0970|g1|s_1616,CatPred,True,
yeast|r_0971|g1|s_0539,CatPred,True,
yeast|r_0971|g1|s_0794,CatPred,True,
yeast|r_0971|g1|s_1616,CatPred,True,
yeast|r_0972|g1|s_0785,CatPred,True,
yeast|r_0972|g1|s_0794,CatPred,True,
yeast|r_0972|g1|s_1616,CatPred,True,
yeast|r_0973|g1|s_0794,CatPred,True,
yeast|r_0973|g1|s_1559,CatPred,True,
yeast|r_0973|g1|s_1616,CatPred,True,
yeast|r_0974|g1|s_0394,CatPred,True,
yeast|r_0974|g1|s_0794,CatPred,True,
yeast|r_0974|g1|s_1616,CatPred,True,
yeast|r_0974|g2|s_0394,CatPred,True,
yeast|r_0974|g2|s_0794,CatPred,True,
yeast|r_0974|g2|s_1616,CatPred,True,
yeast|r_0974|g3|s_0394,CatPred,True,
yeast|r_0974|g3|s_0794,CatPred,True,
yeast|r_0974|g3|s_1616,CatPred,True,
yeast|r_0974|g4|s_0394,CatPred,True,
yeast|r_0974|g4|s_0794,CatPred,True,
yeast|r_0974|g4|s_1616,CatPred,True,
yeast|r_0975|g1|s_0398,CatPred,True,
yeast|r_0975|g1|s_0800,CatPred,True,
yeast|r_0975|g1|s_1618,CatPred,True,
yeast|r_0975|g2|s_0398,CatPred,True,
yeast|r_0975|g2|s_0800,CatPred,True,
yeast|r_0975|g2|s_1618,CatPred,True,
yeast|r_0975|g3|s_0398,CatPred,True,
yeast|r_0975|g3|s_0800,CatPred,True,
yeast|r_0975|g3|s_1618,CatPred,True,
yeast|r_0975|g4|s_0398,CatPred,True,
yeast|r_0975|g4|s_0800,CatPred,True,
yeast|r_0975|g4|s_1618,CatPred,True,
yeast|r_0976|g1|s_0467,CatPred,True,
yeast|r_0976|g1|s_0794,CatPred,True,
yeast|r_0976|g1|s_1616,CatPred,True,
yeast|r_0976|g2|s_0467,CatPred,True,
yeast|r_0976|g2|s_0794,CatPred,True,
yeast|r_0976|g2|s_1616,CatPred,True,
yeast|r_0976|g3|s_0467,CatPred,True,
yeast|r_0976|g3|s_0794,CatPred,True,
yeast|r_0976|g3|s_1616,CatPred,True,
yeast|r_0976|g4|s_0467,CatPred,True,
yeast|r_0976|g4|s_0794,CatPred,True,
yeast|r_0976|g4|s_1616,CatPred,True,
yeast|r_0977|g1|s_0468,CatPred,True,
yeast|r_0977|g1|s_0800,CatPred,True,
yeast|r_0977|g1|s_1618,CatPred,True,
yeast|r_0977|g2|s_0468,CatPred,True,
yeast|r_0977|g2|s_0800,CatPred,True,
yeast|r_0977|g2|s_1618,CatPred,True,
yeast|r_0977|g3|s_0468,CatPred,True,
yeast|r_0977|g3|s_0800,CatPred,True,
yeast|r_0977|g3|s_1618,CatPred,True,
yeast|r_0977|g4|s_0468,CatPred,True,
yeast|r_0977|g4|s_0800,CatPred,True,
yeast|r_0977|g4|s_1618,CatPred,True,
yeast|r_0978|g1|s_0739,CatPred,True,
yeast|r_0978|g1|s_0794,CatPred,True,
yeast|r_0978|g1|s_1616,CatPred,True,
yeast|r_0978|g2|s_0739,CatPred,True,
yeast|r_0978|g2|s_0794,CatPred,True,
yeast|r_0978|g2|s_1616,CatPred,True,
yeast|r_0978|g3|s_0739,CatPred,True,
yeast|r_0978|g3|s_0794,CatPred,True,
yeast|r_0978|g3|s_1616,CatPred,True,
yeast|r_0978|g4|s_0739,CatPred,True,
yeast|r_0978|g4|s_0794,CatPred,True,
yeast|r_0978|g4|s_1616,CatPred,True,
yeast|r_0979|g1|s_0742,CatPred,True,
yeast|r_0979|g1|s_0800,CatPred,True,
yeast|r_0979|g1|s_1618,CatPred,True,
yeast|r_0979|g2|s_0742,CatPred,True,
yeast|r_0979|g2|s_0800,CatPred,True,
yeast|r_0979|g2|s_1618,CatPred,True,
yeast|r_0979|g3|s_0742,CatPred,True,
yeast|r_0979|g3|s_0800,CatPred,True,
yeast|r_0979|g3|s_1618,CatPred,True,
yeast|r_0979|g4|s_0742,CatPred,True,
yeast|r_0979|g4|s_0800,CatPred,True,
yeast|r_0979|g4|s_1618,CatPred,True,
yeast|r_0982|g1|s_0577,CatPred,True,
yeast|r_0983|g1|s_0434,CatPred,True,
yeast|r_0983|g1|s_1218,CatPred,True,
yeast|r_0984|g1|s_0577,CatPred,True,
yeast|r_0985|g1|s_0213,CatPred,False,missing_sequence;complex_not_supported_by_default
yeast|r_0985|g1|s_1419,CatPred,False,missing_sequence;complex_not_supported_by_default
yeast|r_0986|g1|s_1416,CatPred,True,
yeast|r_0986|g1|s_1569,CatPred,True,
yeast|r_0987|g1|s_0803,CatPred,True,
yeast|r_0987|g1|s_1421,CatPred,True,
yeast|r_0988|g1|s_0803,CatPred,True,
yeast|r_0988|g1|s_1038,CatPred,True,
yeast|r_0988|g1|s_1198,CatPred,True,
yeast|r_0989|g1|s_0794,CatPred,True,
yeast|r_0989|g1|s_0959,CatPred,True,
yeast|r_0989|g1|s_0991,CatPred,True,
yeast|r_0989|g1|s_1212,CatPred,True,
yeast|r_0990|g1|s_1426,CatPred,True,
yeast|r_0992|g1|s_0373,CatPred,False,missing_sequence;complex_not_supported_by_default
yeast|r_0992|g1|s_1039,CatPred,False,missing_sequence;complex_not_supported_by_default
yeast|r_0993|g1|s_0795,CatPred,False,missing_sequence;complex_not_supported_by_default
yeast|r_0993|g1|s_1040,CatPred,False,missing_sequence;complex_not_supported_by_default
yeast|r_0993|g1|s_1303,CatPred,False,missing_sequence;complex_not_supported_by_default
yeast|r_0995|g1|s_0434,CatPred,True,
yeast|r_0995|g1|s_1039,CatPred,True,
yeast|r_0995|g1|s_1607,CatPred,False,missing_smiles
yeast|r_0995|g2|s_0434,CatPred,True,
yeast|r_0995|g2|s_1039,CatPred,True,
yeast|r_0995|g2|s_1607,CatPred,False,missing_smiles
yeast|r_0996|g1|s_0211,CatPred,True,
yeast|r_0996|g1|s_0794,CatPred,True,
yeast|r_0996|g1|s_1212,CatPred,True,
yeast|r_0997|g1|s_0434,CatPred,True,
yeast|r_0997|g1|s_1429,CatPred,True,
yeast|r_0998|g1|s_1198,CatPred,True,
yeast|r_0998|g1|s_1375,CatPred,True,
yeast|r_0999|g1|s_0924,CatPred,True,
yeast|r_0999|g1|s_1431,CatPred,True,
yeast|r_1000|g1|s_0717,CatPred,True,
yeast|r_1000|g1|s_0725,CatPred,True,
yeast|r_1001|g1|s_1389,CatPred,True,
yeast|r_1001|g1|s_1420,CatPred,True,
yeast|r_1002|g1|s_1420,CatPred,True,
yeast|r_1002|g1|s_1439,CatPred,True,
yeast|r_1003|g1|s_1446,CatPred,True,
yeast|r_1004|g1|s_0804,CatPred,True,
yeast|r_1004|g1|s_1367,CatPred,True,
yeast|r_1004|g2|s_0804,CatPred,True,
yeast|r_1004|g2|s_1367,CatPred,True,
yeast|r_1005|g1|s_0804,CatPred,True,
yeast|r_1005|g1|s_1446,CatPred,True,
yeast|r_1005|g2|s_0804,CatPred,True,
yeast|r_1005|g2|s_1446,CatPred,True,
yeast|r_1006|g1|s_0435,CatPred,True,
yeast|r_1006|g1|s_1366,CatPred,True,
yeast|r_1006|g2|s_0435,CatPred,True,
yeast|r_1006|g2|s_1366,CatPred,True,
yeast|r_1007|g1|s_0435,CatPred,True,
yeast|r_1007|g1|s_1445,CatPred,True,
yeast|r_1007|g2|s_0435,CatPred,True,
yeast|r_1007|g2|s_1445,CatPred,True,
yeast|r_1010|g1|s_0795,CatPred,True,
yeast|r_1010|g1|s_1204,CatPred,True,
yeast|r_1010|g1|s_1276,CatPred,True,
yeast|r_1010|g1|s_1448,CatPred,True,
yeast|r_1011|g1|s_0795,CatPred,True,
yeast|r_1011|g1|s_1213,CatPred,True,
yeast|r_1011|g1|s_1276,CatPred,True,
yeast|r_1011|g1|s_1448,CatPred,True,
yeast|r_1012|g1|s_0190,CatPred,True,
yeast|r_1012|g1|s_0794,CatPred,True,
yeast|r_1012|g1|s_1212,CatPred,True,
yeast|r_1021|g1|s_1460,CatPred,False,missing_sequence;complex_not_supported_by_default
yeast|r_1021|g1|s_1537,CatPred,False,missing_sequence;complex_not_supported_by_default
yeast|r_1021|g2|s_1460,CatPred,False,missing_sequence;complex_not_supported_by_default
yeast|r_1021|g2|s_1537,CatPred,False,missing_sequence;complex_not_supported_by_default
yeast|r_1021|g3|s_1460,CatPred,False,missing_sequence;complex_not_supported_by_default
yeast|r_1021|g3|s_1537,CatPred,False,missing_sequence;complex_not_supported_by_default
yeast|r_1022|g1|s_0397,CatPred,False,missing_sequence;complex_not_supported_by_default
yeast|r_1022|g1|s_1326,CatPred,False,missing_sequence;complex_not_supported_by_default
yeast|r_1022|g1|s_1464,CatPred,False,missing_sequence;complex_not_supported_by_default
yeast|r_1023|g1|s_0803,CatPred,True,
yeast|r_1023|g1|s_1207,CatPred,True,
yeast|r_1023|g1|s_1461,CatPred,True,
yeast|r_1024|g1|s_0805,CatPred,True,
yeast|r_1024|g1|s_1466,CatPred,True,
yeast|r_1025|g1|s_0434,CatPred,True,
yeast|r_1025|g1|s_0794,CatPred,True,
yeast|r_1025|g1|s_1467,CatPred,True,
yeast|r_1026|g1|s_0298,CatPred,True,
yeast|r_1026|g1|s_1322,CatPred,True,
yeast|r_1027|g1|s_0794,CatPred,False,missing_sequence;complex_not_supported_by_default
yeast|r_1027|g1|s_1212,CatPred,False,missing_sequence;complex_not_supported_by_default
yeast|r_1027|g1|s_1469,CatPred,False,missing_sequence;complex_not_supported_by_default
yeast|r_1028|g1|s_0434,CatPred,True,
yeast|r_1028|g1|s_0803,CatPred,True,
yeast|r_1028|g1|s_1473,CatPred,True,
yeast|r_1029|g1|s_0180,CatPred,True,
yeast|r_1029|g1|s_1275,CatPred,True,
yeast|r_1029|g1|s_1471,CatPred,True,
yeast|r_1030|g1|s_0305,CatPred,False,missing_sequence;complex_not_supported_by_default
yeast|r_1030|g1|s_0807,CatPred,False,missing_sequence;complex_not_supported_by_default
yeast|r_1031|g1|s_0434,CatPred,True,
yeast|r_1031|g1|s_0991,CatPred,True,
yeast|r_1031|g1|s_1487,CatPred,True,
yeast|r_1031|g2|s_0434,CatPred,True,
yeast|r_1031|g2|s_0991,CatPred,True,
yeast|r_1031|g2|s_1487,CatPred,True,
yeast|r_1032|g1|s_0805,CatPred,True,
yeast|r_1032|g1|s_1476,CatPred,True,
yeast|r_1033|g1|s_0805,CatPred,True,
yeast|r_1033|g1|s_1498,CatPred,True,
yeast|r_1034|g1|s_0434,CatPred,True,
yeast|r_1034|g1|s_1489,CatPred,True,
yeast|r_1035|g1|s_0434,CatPred,True,
yeast|r_1035|g1|s_1475,CatPred,True,
yeast|r_1036|g1|s_0267,CatPred,True,
yeast|r_1036|g1|s_0293,CatPred,True,
yeast|r_1036|g1|s_0794,CatPred,True,
yeast|r_1037|g1|s_0800,CatPred,False,missing_sequence;complex_not_supported_by_default
yeast|r_1037|g1|s_0839,CatPred,False,missing_sequence;complex_not_supported_by_default
yeast|r_1037|g1|s_1618,CatPred,False,missing_sequence;complex_not_supported_by_default
yeast|r_1037|g2|s_0800,CatPred,False,missing_sequence;complex_not_supported_by_default
yeast|r_1037|g2|s_0839,CatPred,False,missing_sequence;complex_not_supported_by_default
yeast|r_1037|g2|s_1618,CatPred,False,missing_sequence;complex_not_supported_by_default
yeast|r_1038|g1|s_1212,CatPred,True,
yeast|r_1038|g1|s_1620,CatPred,True,
yeast|r_1038|g2|s_1212,CatPred,False,missing_sequence;complex_not_supported_by_default
yeast|r_1038|g2|s_1620,CatPred,False,missing_sequence;complex_not_supported_by_default
yeast|r_1038|g3|s_1212,CatPred,False,missing_sequence;complex_not_supported_by_default
yeast|r_1038|g3|s_1620,CatPred,False,missing_sequence;complex_not_supported_by_default
yeast|r_1039|g1|s_1214,CatPred,False,missing_sequence;complex_not_supported_by_default
yeast|r_1039|g1|s_1621,CatPred,False,missing_sequence;complex_not_supported_by_default
yeast|r_1039|g2|s_1214,CatPred,False,missing_sequence;complex_not_supported_by_default
yeast|r_1039|g2|s_1621,CatPred,False,missing_sequence;complex_not_supported_by_default
yeast|r_1040|g1|s_1045,CatPred,True,
yeast|r_1041|g1|s_0803,CatPred,True,
yeast|r_1041|g1|s_1238,CatPred,True,
yeast|r_1042|g1|s_0434,CatPred,True,
yeast|r_1042|g1|s_1045,CatPred,True,
yeast|r_1042|g1|s_1608,CatPred,False,missing_smiles
yeast|r_1043|g1|s_0437,CatPred,True,
yeast|r_1043|g1|s_1047,CatPred,True,
yeast|r_1043|g1|s_1609,CatPred,False,missing_smiles
yeast|r_1045|g1|s_0306,CatPred,True,
yeast|r_1045|g1|s_0654,CatPred,True,
yeast|r_1046|g1|s_1416,CatPred,True,
yeast|r_1046|g1|s_1503,CatPred,True,
yeast|r_1047|g1|s_0945,CatPred,True,
yeast|r_1047|g1|s_1313,CatPred,True,
yeast|r_1048|g1|s_0764,CatPred,True,
yeast|r_1048|g1|s_1427,CatPred,True,
yeast|r_1048|g2|s_0764,CatPred,True,
yeast|r_1048|g2|s_1427,CatPred,True,
yeast|r_1049|g1|s_0581,CatPred,True,
yeast|r_1049|g1|s_1408,CatPred,True,
yeast|r_1049|g2|s_0581,CatPred,True,
yeast|r_1049|g2|s_1408,CatPred,True,
yeast|r_1050|g1|s_0551,CatPred,True,
yeast|r_1050|g1|s_0581,CatPred,True,
yeast|r_1050|g2|s_0551,CatPred,True,
yeast|r_1050|g2|s_0581,CatPred,True,
yeast|r_1051|g1|s_0409,CatPred,False,missing_sequence;complex_not_supported_by_default
yeast|r_1051|g1|s_0803,CatPred,False,missing_sequence;complex_not_supported_by_default
yeast|r_1051|g2|s_0409,CatPred,False,missing_sequence;complex_not_supported_by_default
yeast|r_1051|g2|s_0803,CatPred,False,missing_sequence;complex_not_supported_by_default
yeast|r_1054|g1|s_0629,CatPred,True,
yeast|r_1055|g1|s_0086,CatPred,True,
yeast|r_1055|g1|s_1039,CatPred,True,
yeast|r_1056|g1|s_0180,CatPred,True,
yeast|r_1056|g1|s_1048,CatPred,True,
yeast|r_1057|g1|s_0434,CatPred,True,
yeast|r_1057|g1|s_1048,CatPred,True,
yeast|r_1057|g1|s_1610,CatPred,False,missing_smiles
yeast|r_1058|g1|s_0437,CatPred,True,
yeast|r_1058|g1|s_1050,CatPred,True,
yeast|r_1058|g1|s_1611,CatPred,False,missing_smiles
yeast|r_1063|g1|s_0204,CatPred,True,
yeast|r_1063|g1|s_0991,CatPred,True,
yeast|r_1065|g1|s_0206,CatPred,True,
yeast|r_1065|g1|s_0995,CatPred,True,
yeast|r_1066|g1|s_0434,CatPred,True,
yeast|r_1066|g1|s_1051,CatPred,True,
yeast|r_1066|g1|s_1612,CatPred,False,missing_smiles
yeast|r_1067|g1|s_0437,CatPred,True,
yeast|r_1067|g1|s_1053,CatPred,True,
yeast|r_1067|g1|s_1613,CatPred,False,missing_smiles
yeast|r_1068|g1|s_0666,CatPred,True,
yeast|r_1068|g1|s_1543,CatPred,True,
yeast|r_1069|g1|s_0794,CatPred,True,
yeast|r_1069|g1|s_1189,CatPred,True,
yeast|r_1069|g1|s_1559,CatPred,True,
yeast|r_1070|g1|s_1543,CatPred,True,
yeast|r_1071|g1|s_0410,CatPred,True,
yeast|r_1071|g1|s_1543,CatPred,True,
yeast|r_1072|g1|s_0434,CatPred,True,
yeast|r_1072|g1|s_1545,CatPred,True,
yeast|r_1073|g1|s_0438,CatPred,True,
yeast|r_1073|g1|s_1548,CatPred,True,
yeast|r_1074|g1|s_1386,CatPred,True,
yeast|r_1074|g1|s_1550,CatPred,True,
yeast|r_1075|g1|s_0434,CatPred,True,
yeast|r_1075|g1|s_0445,CatPred,True,
yeast|r_1075|g1|s_1552,CatPred,True,
yeast|r_1076|g1|s_0794,CatPred,True,
yeast|r_1076|g1|s_0803,CatPred,True,
yeast|r_1076|g1|s_1555,CatPred,True,
yeast|r_1077|g1|s_0434,CatPred,True,
yeast|r_1077|g1|s_1556,CatPred,True,
yeast|r_1077|g2|s_0434,CatPred,True,
yeast|r_1077|g2|s_1556,CatPred,True,
yeast|r_1078|g1|s_0785,CatPred,True,
yeast|r_1078|g1|s_1556,CatPred,True,
yeast|r_1078|g2|s_0785,CatPred,True,
yeast|r_1078|g2|s_1556,CatPred,True,
yeast|r_1079|g1|s_0434,CatPred,True,
yeast|r_1079|g1|s_0654,CatPred,True,
yeast|r_1080|g1|s_0438,CatPred,True,
yeast|r_1080|g1|s_0655,CatPred,True,
yeast|r_1081|g1|s_0794,CatPred,True,
yeast|r_1081|g1|s_1558,CatPred,True,
yeast|r_1082|g1|s_1416,CatPred,True,
yeast|r_1082|g1|s_1558,CatPred,True,
yeast|r_1083|g1|s_1378,CatPred,True,
yeast|r_1084|g1|s_0567,CatPred,True,
yeast|r_1084|g1|s_0794,CatPred,True,
yeast|r_1084|g1|s_1559,CatPred,True,
yeast|r_1084|g2|s_0567,CatPred,True,
yeast|r_1084|g2|s_0794,CatPred,True,
yeast|r_1084|g2|s_1559,CatPred,True,
yeast|r_1085|g1|s_0434,CatPred,False,missing_sequence;complex_not_supported_by_default
yeast|r_1085|g1|s_0794,CatPred,False,missing_sequence;complex_not_supported_by_default
yeast|r_1085|g1|s_0803,CatPred,False,missing_sequence;complex_not_supported_by_default
yeast|r_1085|g2|s_0434,CatPred,False,missing_sequence;complex_not_supported_by_default
yeast|r_1085|g2|s_0794,CatPred,False,missing_sequence;complex_not_supported_by_default
yeast|r_1085|g2|s_0803,CatPred,False,missing_sequence;complex_not_supported_by_default
yeast|r_1086|g1|s_0434,CatPred,False,missing_sequence;complex_not_supported_by_default
yeast|r_1086|g1|s_0794,CatPred,False,missing_sequence;complex_not_supported_by_default
yeast|r_1086|g1|s_0803,CatPred,False,missing_sequence;complex_not_supported_by_default
yeast|r_1086|g2|s_0434,CatPred,False,missing_sequence;complex_not_supported_by_default
yeast|r_1086|g2|s_0794,CatPred,False,missing_sequence;complex_not_supported_by_default
yeast|r_1086|g2|s_0803,CatPred,False,missing_sequence;complex_not_supported_by_default
yeast|r_1087|g1|s_0180,CatPred,True,
yeast|r_1087|g1|s_1056,CatPred,True,
yeast|r_1088|g1|s_0182,CatPred,True,
yeast|r_1088|g1|s_1058,CatPred,True,
yeast|r_1089|g1|s_0434,CatPred,True,
yeast|r_1089|g1|s_1056,CatPred,True,
yeast|r_1089|g1|s_1614,CatPred,False,missing_smiles
yeast|r_1090|g1|s_0437,CatPred,True,
yeast|r_1090|g1|s_1058,CatPred,True,
yeast|r_1090|g1|s_1615,CatPred,False,missing_smiles
yeast|r_1091|g1|s_0357,CatPred,True,
yeast|r_1091|g1|s_1386,CatPred,True,
yeast|r_1092|g1|s_1198,CatPred,True,
yeast|r_1092|g1|s_1566,CatPred,True,
yeast|r_1093|g1|s_0578,CatPred,True,
yeast|r_1093|g1|s_0794,CatPred,True,
yeast|r_1093|g1|s_1212,CatPred,True,
yeast|r_1094|g1|s_0434,CatPred,True,
yeast|r_1094|g1|s_0580,CatPred,True,
yeast|r_1095|g1|s_1408,CatPred,True,
yeast|r_1095|g1|s_1550,CatPred,True,
yeast|r_1095|g2|s_1408,CatPred,True,
yeast|r_1095|g2|s_1550,CatPred,True,
yeast|r_1095|g3|s_1408,CatPred,True,
yeast|r_1095|g3|s_1550,CatPred,True,
yeast|r_1095|g4|s_1408,CatPred,True,
yeast|r_1095|g4|s_1550,CatPred,True,
yeast|r_1096|g1|s_0029,CatPred,True,
yeast|r_1096|g2|s_0029,CatPred,True,
yeast|r_1099|g1|s_0177,CatPred,True,
yeast|r_1099|g1|s_0180,CatPred,True,
yeast|r_1099|g2|s_0177,CatPred,True,
yeast|r_1099|g2|s_0180,CatPred,True,
yeast|r_1101|g1|s_0736,CatPred,True,
yeast|r_1101|g1|s_0796,CatPred,True,
yeast|r_1101|g2|s_0736,CatPred,True,
yeast|r_1101|g2|s_0796,CatPred,True,
yeast|r_1102|g1|s_0316,CatPred,True,
yeast|r_1102|g1|s_0796,CatPred,True,
yeast|r_1104|g1|s_0354,CatPred,True,
yeast|r_1104|g1|s_0796,CatPred,True,
yeast|r_1106|g1|s_0362,CatPred,True,
yeast|r_1108|g1|s_0384,CatPred,True,
yeast|r_1108|g1|s_0796,CatPred,True,
yeast|r_1108|g2|s_0384,CatPred,True,
yeast|r_1108|g2|s_0796,CatPred,True,
yeast|r_1108|g3|s_0384,CatPred,True,
yeast|r_1108|g3|s_0796,CatPred,True,
yeast|r_1109|g1|s_0387,CatPred,True,
yeast|r_1109|g1|s_0796,CatPred,True,
yeast|r_1110|g1|s_0394,CatPred,True,
yeast|r_1110|g1|s_0437,CatPred,True,
yeast|r_1110|g2|s_0394,CatPred,True,
yeast|r_1110|g2|s_0437,CatPred,True,
yeast|r_1110|g3|s_0394,CatPred,True,
yeast|r_1110|g3|s_0437,CatPred,True,
yeast|r_1111|g1|s_0399,CatPred,True,
yeast|r_1111|g1|s_0434,CatPred,True,
yeast|r_1111|g1|s_0801,CatPred,True,
yeast|r_1112|g1|s_0180,CatPred,True,
yeast|r_1112|g1|s_0524,CatPred,True,
yeast|r_1113|g1|s_0406,CatPred,True,
yeast|r_1114|g1|s_0408,CatPred,True,
yeast|r_1115|g1|s_0420,CatPred,True,
yeast|r_1115|g2|s_0420,CatPred,True,
yeast|r_1115|g3|s_0420,CatPred,True,
yeast|r_1115|g4|s_0420,CatPred,True,
yeast|r_1116|g1|s_0426,CatPred,True,
yeast|r_1116|g1|s_0434,CatPred,True,
yeast|r_1116|g1|s_0801,CatPred,True,
yeast|r_1118|g1|s_0975,CatPred,True,
yeast|r_1118|g1|s_0991,CatPred,True,
yeast|r_1119|g1|s_0452,CatPred,True,
yeast|r_1119|g1|s_0796,CatPred,True,
yeast|r_1120|g1|s_0023,CatPred,True,
yeast|r_1120|g1|s_1235,CatPred,True,
yeast|r_1125|g1|s_0513,CatPred,True,
yeast|r_1125|g1|s_0796,CatPred,True,
yeast|r_1126|g1|s_0068,CatPred,True,
yeast|r_1126|g1|s_0522,CatPred,True,
yeast|r_1127|g1|s_0522,CatPred,True,
yeast|r_1127|g1|s_1361,CatPred,True,
yeast|r_1128|g1|s_0522,CatPred,True,
yeast|r_1128|g1|s_0941,CatPred,True,
yeast|r_1129|g1|s_0529,CatPred,True,
yeast|r_1130|g1|s_0528,CatPred,True,
yeast|r_1130|g1|s_0539,CatPred,True,
yeast|r_1130|g1|s_0794,CatPred,True,
yeast|r_1131|g1|s_0528,CatPred,True,
yeast|r_1131|g1|s_0539,CatPred,True,
yeast|r_1131|g1|s_0794,CatPred,True,
yeast|r_1132|g1|s_0544,CatPred,True,
yeast|r_1132|g1|s_0796,CatPred,True,
yeast|r_1133|g1|s_0546,CatPred,True,
yeast|r_1133|g1|s_0796,CatPred,True,
yeast|r_1133|g2|s_0546,CatPred,True,
yeast|r_1133|g2|s_0796,CatPred,True,
yeast|r_1133|g3|s_0546,CatPred,True,
yeast|r_1133|g3|s_0796,CatPred,True,
yeast|r_1133|g4|s_0546,CatPred,True,
yeast|r_1133|g4|s_0796,CatPred,True,
yeast|r_1134|g1|s_0554,CatPred,True,
yeast|r_1134|g2|s_0554,CatPred,True,
yeast|r_1134|g3|s_0554,CatPred,True,
yeast|r_1134|g4|s_0554,CatPred,True,
yeast|r_1134|g5|s_0554,CatPred,True,
yeast|r_1134|g6|s_0554,CatPred,True,
yeast|r_1134|g7|s_0554,CatPred,True,
yeast|r_1134|g8|s_0554,CatPred,True,
yeast|r_1134|g9|s_0554,CatPred,True,
yeast|r_1134|g10|s_0554,CatPred,True,
yeast|r_1134|g11|s_0554,CatPred,True,
yeast|r_1134|g12|s_0554,CatPred,True,
yeast|r_1134|g13|s_0554,CatPred,True,
yeast|r_1134|g14|s_0554,CatPred,True,
yeast|r_1134|g15|s_0554,CatPred,True,
yeast|r_1135|g1|s_0559,CatPred,True,
yeast|r_1135|g1|s_0796,CatPred,True,
yeast|r_1135|g2|s_0559,CatPred,True,
yeast|r_1135|g2|s_0796,CatPred,True,
yeast|r_1135|g3|s_0559,CatPred,True,
yeast|r_1135|g3|s_0796,CatPred,True,
yeast|r_1135|g4|s_0559,CatPred,True,
yeast|r_1135|g4|s_0796,CatPred,True,
yeast|r_1135|g5|s_0559,CatPred,True,
yeast|r_1135|g5|s_0796,CatPred,True,
yeast|r_1136|g1|s_0026,CatPred,True,
yeast|r_1136|g1|s_0796,CatPred,True,
yeast|r_1139|g1|s_0572,CatPred,True,
yeast|r_1139|g1|s_0796,CatPred,True,
yeast|r_1139|g2|s_0572,CatPred,True,
yeast|r_1139|g2|s_0796,CatPred,True,
yeast|r_1139|g3|s_0572,CatPred,True,
yeast|r_1139|g3|s_0796,CatPred,True,
yeast|r_1139|g4|s_0572,CatPred,True,
yeast|r_1139|g4|s_0796,CatPred,True,
yeast|r_1139|g5|s_0572,CatPred,True,
yeast|r_1139|g5|s_0796,CatPred,True,
yeast|r_1139|g6|s_0572,CatPred,True,
yeast|r_1139|g6|s_0796,CatPred,True,
yeast|r_1139|g7|s_0572,CatPred,True,
yeast|r_1139|g7|s_0796,CatPred,True,
yeast|r_1139|g8|s_0572,CatPred,True,
yeast|r_1139|g8|s_0796,CatPred,True,
yeast|r_1139|g9|s_0572,CatPred,True,
yeast|r_1139|g9|s_0796,CatPred,True,
yeast|r_1139|g10|s_0572,CatPred,True,
yeast|r_1139|g10|s_0796,CatPred,True,
yeast|r_1139|g11|s_0572,CatPred,True,
yeast|r_1139|g11|s_0796,CatPred,True,
yeast|r_1139|g12|s_0572,CatPred,True,
yeast|r_1139|g12|s_0796,CatPred,True,
yeast|r_1139|g13|s_0572,CatPred,True,
yeast|r_1139|g13|s_0796,CatPred,True,
yeast|r_1146|g1|s_0659,CatPred,True,
yeast|r_1146|g2|s_0659,CatPred,True,
yeast|r_1147|g1|s_0668,CatPred,True,
yeast|r_1147|g2|s_0668,CatPred,True,
yeast|r_1148|g1|s_0665,CatPred,True,
yeast|r_1148|g2|s_0665,CatPred,True,
yeast|r_1149|g1|s_0684,CatPred,True,
yeast|r_1151|g1|s_0690,CatPred,True,
yeast|r_1161|g1|s_0702,CatPred,True,
yeast|r_1161|g2|s_0702,CatPred,True,
yeast|r_1162|g1|s_0699,CatPred,True,
yeast|r_1162|g2|s_0699,CatPred,True,
yeast|r_1165|g1|s_0743,CatPred,True,
yeast|r_1165|g1|s_0783,CatPred,True,
yeast|r_1166|g1|s_0565,CatPred,True,
yeast|r_1166|g2|s_0565,CatPred,True,
yeast|r_1166|g3|s_0565,CatPred,True,
yeast|r_1166|g4|s_0565,CatPred,True,
yeast|r_1166|g5|s_0565,CatPred,True,
yeast|r_1166|g6|s_0565,CatPred,True,
yeast|r_1166|g7|s_0565,CatPred,True,
yeast|r_1166|g8|s_0565,CatPred,True,
yeast|r_1166|g9|s_0565,CatPred,True,
yeast|r_1166|g10|s_0565,CatPred,True,
yeast|r_1166|g11|s_0565,CatPred,True,
yeast|r_1166|g12|s_0565,CatPred,True,
yeast|r_1166|g13|s_0565,CatPred,True,
yeast|r_1166|g14|s_0565,CatPred,True,
yeast|r_1166|g15|s_0565,CatPred,True,
yeast|r_1166|g16|s_0565,CatPred,True,
yeast|r_1166|g17|s_0565,CatPred,True,
yeast|r_1166|g18|s_0565,CatPred,True,
yeast|r_1166|g19|s_0565,CatPred,True,
yeast|r_1166|g20|s_0565,CatPred,True,
yeast|r_1167|g1|s_0751,CatPred,True,
yeast|r_1168|g1|s_0750,CatPred,True,
yeast|r_1168|g2|s_0750,CatPred,True,
yeast|r_1169|g1|s_0080,CatPred,True,
yeast|r_1170|g1|s_1435,CatPred,True,
yeast|r_1171|g1|s_0766,CatPred,True,
yeast|r_1171|g1|s_0796,CatPred,True,
yeast|r_1171|g2|s_0766,CatPred,True,
yeast|r_1171|g2|s_0796,CatPred,True,
yeast|r_1171|g3|s_0766,CatPred,True,
yeast|r_1171|g3|s_0796,CatPred,True,
yeast|r_1172|g1|s_0765,CatPred,True,
yeast|r_1172|g2|s_0765,CatPred,True,
yeast|r_1173|g1|s_0796,CatPred,True,
yeast|r_1173|g1|s_1004,CatPred,True,
yeast|r_1173|g2|s_0796,CatPred,True,
yeast|r_1173|g2|s_1004,CatPred,True,
yeast|r_1173|g3|s_0796,CatPred,True,
yeast|r_1173|g3|s_1004,CatPred,True,
yeast|r_1173|g4|s_0796,CatPred,True,
yeast|r_1173|g4|s_1004,CatPred,True,
yeast|r_1173|g5|s_0796,CatPred,True,
yeast|r_1173|g5|s_1004,CatPred,True,
yeast|r_1175|g1|s_0741,CatPred,True,
yeast|r_1175|g1|s_0785,CatPred,True,
yeast|r_1175|g1|s_0794,CatPred,True,
yeast|r_1176|g1|s_0788,CatPred,True,
yeast|r_1176|g1|s_0796,CatPred,True,
yeast|r_1176|g2|s_0788,CatPred,True,
yeast|r_1176|g2|s_0796,CatPred,True,
yeast|r_1176|g3|s_0788,CatPred,True,
yeast|r_1176|g3|s_0796,CatPred,True,
yeast|r_1177|g1|s_0796,CatPred,True,
yeast|r_1177|g1|s_1154,CatPred,True,
yeast|r_1177|g2|s_0796,CatPred,True,
yeast|r_1177|g2|s_1154,CatPred,True,
yeast|r_1178|g1|s_0925,CatPred,True,
yeast|r_1178|g2|s_0925,CatPred,True,
yeast|r_1179|g1|s_0924,CatPred,True,
yeast|r_1179|g2|s_0924,CatPred,True,
yeast|r_1183|g1|s_0796,CatPred,True,
yeast|r_1183|g1|s_0956,CatPred,True,
yeast|r_1183|g2|s_0796,CatPred,True,
yeast|r_1183|g2|s_0956,CatPred,True,
yeast|r_1183|g3|s_0796,CatPred,True,
yeast|r_1183|g3|s_0956,CatPred,True,
yeast|r_1183|g4|s_0796,CatPred,True,
yeast|r_1183|g4|s_0956,CatPred,True,
yeast|r_1184|g1|s_0796,CatPred,True,
yeast|r_1184|g1|s_0966,CatPred,True,
yeast|r_1184|g2|s_0796,CatPred,True,
yeast|r_1184|g2|s_0966,CatPred,True,
yeast|r_1184|g3|s_0796,CatPred,True,
yeast|r_1184|g3|s_0966,CatPred,True,
yeast|r_1185|g1|s_0802,CatPred,True,
yeast|r_1185|g1|s_0965,CatPred,True,
yeast|r_1185|g2|s_0802,CatPred,True,
yeast|r_1185|g2|s_0965,CatPred,True,
yeast|r_1186|g1|s_0796,CatPred,True,
yeast|r_1186|g1|s_0970,CatPred,True,
yeast|r_1186|g2|s_0796,CatPred,True,
yeast|r_1186|g2|s_0970,CatPred,True,
yeast|r_1186|g3|s_0796,CatPred,True,
yeast|r_1186|g3|s_0970,CatPred,True,
yeast|r_1186|g4|s_0796,CatPred,True,
yeast|r_1186|g4|s_0970,CatPred,True,
yeast|r_1187|g1|s_0802,CatPred,True,
yeast|r_1187|g1|s_0969,CatPred,True,
yeast|r_1188|g1|s_0802,CatPred,True,
yeast|r_1188|g1|s_0972,CatPred,True,
yeast|r_1188|g2|s_0802,CatPred,True,
yeast|r_1188|g2|s_0972,CatPred,True,
yeast|r_1189|g1|s_0802,CatPred,True,
yeast|r_1189|g1|s_0977,CatPred,True,
yeast|r_1190|g1|s_0796,CatPred,True,
yeast|r_1190|g1|s_0974,CatPred,True,
yeast|r_1190|g2|s_0796,CatPred,True,
yeast|r_1190|g2|s_0974,CatPred,True,
yeast|r_1190|g3|s_0796,CatPred,True,
yeast|r_1190|g3|s_0974,CatPred,True,
yeast|r_1191|g1|s_0022,CatPred,True,
yeast|r_1192|g1|s_0796,CatPred,True,
yeast|r_1192|g1|s_0982,CatPred,True,
yeast|r_1192|g2|s_0796,CatPred,True,
yeast|r_1192|g2|s_0982,CatPred,True,
yeast|r_1192|g3|s_0796,CatPred,True,
yeast|r_1192|g3|s_0982,CatPred,True,
yeast|r_1192|g4|s_0796,CatPred,True,
yeast|r_1192|g4|s_0982,CatPred,True,
yeast|r_1192|g5|s_0796,CatPred,True,
yeast|r_1192|g5|s_0982,CatPred,True,
yeast|r_1192|g6|s_0796,CatPred,True,
yeast|r_1192|g6|s_0982,CatPred,True,
yeast|r_1192|g7|s_0796,CatPred,True,
yeast|r_1192|g7|s_0982,CatPred,True,
yeast|r_1193|g1|s_0802,CatPred,True,
yeast|r_1193|g1|s_0985,CatPred,True,
yeast|r_1194|g1|s_0991,CatPred,True,
yeast|r_1195|g1|s_0802,CatPred,True,
yeast|r_1195|g1|s_0996,CatPred,True,
yeast|r_1196|g1|s_0796,CatPred,True,
yeast|r_1196|g1|s_0992,CatPred,True,
yeast|r_1196|g2|s_0796,CatPred,True,
yeast|r_1196|g2|s_0992,CatPred,True,
yeast|r_1196|g3|s_0796,CatPred,True,
yeast|r_1196|g3|s_0992,CatPred,True,
yeast|r_1196|g4|s_0796,CatPred,True,
yeast|r_1196|g4|s_0992,CatPred,True,
yeast|r_1197|g1|s_0802,CatPred,True,
yeast|r_1197|g1|s_0999,CatPred,True,
yeast|r_1198|g1|s_0802,CatPred,True,
yeast|r_1198|g1|s_1002,CatPred,True,
yeast|r_1198|g2|s_0802,CatPred,True,
yeast|r_1198|g2|s_1002,CatPred,True,
yeast|r_1199|g1|s_0796,CatPred,True,
yeast|r_1199|g1|s_1000,CatPred,True,
yeast|r_1199|g2|s_0796,CatPred,True,
yeast|r_1199|g2|s_1000,CatPred,True,
yeast|r_1199|g3|s_0796,CatPred,True,
yeast|r_1199|g3|s_1000,CatPred,True,
yeast|r_1199|g4|s_0796,CatPred,True,
yeast|r_1199|g4|s_1000,CatPred,True,
yeast|r_1200|g1|s_0802,CatPred,True,
yeast|r_1200|g1|s_1006,CatPred,True,
yeast|r_1200|g2|s_0802,CatPred,True,
yeast|r_1200|g2|s_1006,CatPred,True,
yeast|r_1200|g3|s_0802,CatPred,True,
yeast|r_1200|g3|s_1006,CatPred,True,
yeast|r_1200|g4|s_0802,CatPred,True,
yeast|r_1200|g4|s_1006,CatPred,True,
yeast|r_1201|g1|s_0796,CatPred,True,
yeast|r_1201|g1|s_1007,CatPred,True,
yeast|r_1201|g2|s_0796,CatPred,True,
yeast|r_1201|g2|s_1007,CatPred,True,
yeast|r_1201|g3|s_0796,CatPred,True,
yeast|r_1201|g3|s_1007,CatPred,True,
yeast|r_1202|g1|s_1019,CatPred,True,
yeast|r_1203|g1|s_0802,CatPred,True,
yeast|r_1203|g1|s_1016,CatPred,True,
yeast|r_1204|g1|s_0802,CatPred,True,
yeast|r_1204|g1|s_1019,CatPred,True,
yeast|r_1204|g2|s_0802,CatPred,True,
yeast|r_1204|g2|s_1019,CatPred,True,
yeast|r_1205|g1|s_0796,CatPred,True,
yeast|r_1205|g1|s_1017,CatPred,True,
yeast|r_1205|g2|s_0796,CatPred,True,
yeast|r_1205|g2|s_1017,CatPred,True,
yeast|r_1205|g3|s_0796,CatPred,True,
yeast|r_1205|g3|s_1017,CatPred,True,
yeast|r_1205|g4|s_0796,CatPred,True,
yeast|r_1205|g4|s_1017,CatPred,True,
yeast|r_1205|g5|s_0796,CatPred,True,
yeast|r_1205|g5|s_1017,CatPred,True,
yeast|r_1206|g1|s_0063,CatPred,True,
yeast|r_1207|g1|s_0064,CatPred,True,
yeast|r_1207|g1|s_0796,CatPred,True,
yeast|r_1208|g1|s_1024,CatPred,True,
yeast|r_1209|g1|s_0802,CatPred,True,
yeast|r_1209|g1|s_1021,CatPred,True,
yeast|r_1210|g1|s_0802,CatPred,True,
yeast|r_1210|g1|s_1024,CatPred,True,
yeast|r_1210|g2|s_0802,CatPred,True,
yeast|r_1210|g2|s_1024,CatPred,True,
yeast|r_1211|g1|s_0796,CatPred,True,
yeast|r_1211|g1|s_1022,CatPred,True,
yeast|r_1211|g2|s_0796,CatPred,True,
yeast|r_1211|g2|s_1022,CatPred,True,
yeast|r_1211|g3|s_0796,CatPred,True,
yeast|r_1211|g3|s_1022,CatPred,True,
yeast|r_1211|g4|s_0796,CatPred,True,
yeast|r_1211|g4|s_1022,CatPred,True,
yeast|r_1211|g5|s_0796,CatPred,True,
yeast|r_1211|g5|s_1022,CatPred,True,
yeast|r_1211|g6|s_0796,CatPred,True,
yeast|r_1211|g6|s_1022,CatPred,True,
yeast|r_1212|g1|s_0802,CatPred,True,
yeast|r_1212|g1|s_1025,CatPred,True,
yeast|r_1212|g2|s_0802,CatPred,True,
yeast|r_1212|g2|s_1025,CatPred,True,
yeast|r_1212|g3|s_0802,CatPred,True,
yeast|r_1212|g3|s_1025,CatPred,True,
yeast|r_1212|g4|s_0802,CatPred,True,
yeast|r_1212|g4|s_1025,CatPred,True,
yeast|r_1213|g1|s_0796,CatPred,True,
yeast|r_1213|g1|s_1026,CatPred,True,
yeast|r_1213|g2|s_0796,CatPred,True,
yeast|r_1213|g2|s_1026,CatPred,True,
yeast|r_1214|g1|s_0796,CatPred,True,
yeast|r_1214|g1|s_1030,CatPred,True,
yeast|r_1214|g2|s_0796,CatPred,True,
yeast|r_1214|g2|s_1030,CatPred,True,
yeast|r_1214|g3|s_0796,CatPred,True,
yeast|r_1214|g3|s_1030,CatPred,True,
yeast|r_1214|g4|s_0796,CatPred,True,
yeast|r_1214|g4|s_1030,CatPred,True,
yeast|r_1214|g5|s_0796,CatPred,True,
yeast|r_1214|g5|s_1030,CatPred,True,
yeast|r_1214|g6|s_0796,CatPred,True,
yeast|r_1214|g6|s_1030,CatPred,True,
yeast|r_1214|g7|s_0796,CatPred,True,
yeast|r_1214|g7|s_1030,CatPred,True,
yeast|r_1215|g1|s_0796,CatPred,True,
yeast|r_1215|g1|s_1033,CatPred,True,
yeast|r_1215|g2|s_0796,CatPred,True,
yeast|r_1215|g2|s_1033,CatPred,True,
yeast|r_1215|g3|s_0796,CatPred,True,
yeast|r_1215|g3|s_1033,CatPred,True,
yeast|r_1215|g4|s_0796,CatPred,True,
yeast|r_1215|g4|s_1033,CatPred,True,
yeast|r_1215|g5|s_0796,CatPred,True,
yeast|r_1215|g5|s_1033,CatPred,True,
yeast|r_1216|g1|s_0796,CatPred,True,
yeast|r_1216|g1|s_1036,CatPred,True,
yeast|r_1216|g2|s_0796,CatPred,True,
yeast|r_1216|g2|s_1036,CatPred,True,
yeast|r_1217|g1|s_0796,CatPred,True,
yeast|r_1217|g1|s_1041,CatPred,True,
yeast|r_1217|g2|s_0796,CatPred,True,
yeast|r_1217|g2|s_1041,CatPred,True,
yeast|r_1217|g3|s_0796,CatPred,True,
yeast|r_1217|g3|s_1041,CatPred,True,
yeast|r_1217|g4|s_0796,CatPred,True,
yeast|r_1217|g4|s_1041,CatPred,True,
yeast|r_1217|g5|s_0796,CatPred,True,
yeast|r_1217|g5|s_1041,CatPred,True,
yeast|r_1217|g6|s_0796,CatPred,True,
yeast|r_1217|g6|s_1041,CatPred,True,
yeast|r_1218|g1|s_0796,CatPred,True,
yeast|r_1218|g1|s_1046,CatPred,True,
yeast|r_1218|g2|s_0796,CatPred,True,
yeast|r_1218|g2|s_1046,CatPred,True,
yeast|r_1218|g3|s_0796,CatPred,True,
yeast|r_1218|g3|s_1046,CatPred,True,
yeast|r_1219|g1|s_0796,CatPred,True,
yeast|r_1219|g1|s_1049,CatPred,True,
yeast|r_1219|g2|s_0796,CatPred,True,
yeast|r_1219|g2|s_1049,CatPred,True,
yeast|r_1219|g3|s_0796,CatPred,True,
yeast|r_1219|g3|s_1049,CatPred,True,
yeast|r_1219|g4|s_0796,CatPred,True,
yeast|r_1219|g4|s_1049,CatPred,True,
yeast|r_1219|g5|s_0796,CatPred,True,
yeast|r_1219|g5|s_1049,CatPred,True,
yeast|r_1220|g1|s_1055,CatPred,True,
yeast|r_1221|g1|s_0802,CatPred,True,
yeast|r_1221|g1|s_1051,CatPred,True,
yeast|r_1221|g2|s_0802,CatPred,True,
yeast|r_1221|g2|s_1051,CatPred,True,
yeast|r_1222|g1|s_0802,CatPred,True,
yeast|r_1222|g1|s_1055,CatPred,True,
yeast|r_1222|g2|s_0802,CatPred,True,
yeast|r_1222|g2|s_1055,CatPred,True,
yeast|r_1223|g1|s_0796,CatPred,True,
yeast|r_1223|g1|s_1052,CatPred,True,
yeast|r_1223|g2|s_0796,CatPred,True,
yeast|r_1223|g2|s_1052,CatPred,True,
yeast|r_1223|g3|s_0796,CatPred,True,
yeast|r_1223|g3|s_1052,CatPred,True,
yeast|r_1223|g4|s_0796,CatPred,True,
yeast|r_1223|g4|s_1052,CatPred,True,
yeast|r_1223|g5|s_0796,CatPred,True,
yeast|r_1223|g5|s_1052,CatPred,True,
yeast|r_1223|g6|s_0796,CatPred,True,
yeast|r_1223|g6|s_1052,CatPred,True,
yeast|r_1224|g1|s_0796,CatPred,True,
yeast|r_1224|g1|s_1057,CatPred,True,
yeast|r_1224|g2|s_0796,CatPred,True,
yeast|r_1224|g2|s_1057,CatPred,True,
yeast|r_1224|g3|s_0796,CatPred,True,
yeast|r_1224|g3|s_1057,CatPred,True,
yeast|r_1224|g4|s_0796,CatPred,True,
yeast|r_1224|g4|s_1057,CatPred,True,
yeast|r_1224|g5|s_0796,CatPred,True,
yeast|r_1224|g5|s_1057,CatPred,True,
yeast|r_1225|g1|s_1061,CatPred,True,
yeast|r_1225|g2|s_1061,CatPred,True,
yeast|r_1226|g1|s_0066,CatPred,True,
yeast|r_1226|g1|s_1326,CatPred,True,
yeast|r_1227|g1|s_0796,CatPred,True,
yeast|r_1227|g1|s_1106,CatPred,True,
yeast|r_1227|g2|s_0796,CatPred,True,
yeast|r_1227|g2|s_1106,CatPred,True,
yeast|r_1227|g3|s_0796,CatPred,True,
yeast|r_1227|g3|s_1106,CatPred,True,
yeast|r_1227|g4|s_0796,CatPred,True,
yeast|r_1227|g4|s_1106,CatPred,True,
yeast|r_1228|g1|s_1185,CatPred,True,
yeast|r_1229|g1|s_1198,CatPred,True,
yeast|r_1229|g2|s_1198,CatPred,True,
yeast|r_1230|g1|s_0585,CatPred,True,
yeast|r_1230|g1|s_1198,CatPred,True,
yeast|r_1231|g1|s_0424,CatPred,True,
yeast|r_1231|g1|s_1198,CatPred,True,
yeast|r_1232|g1|s_0616,CatPred,True,
yeast|r_1232|g1|s_1198,CatPred,True,
yeast|r_1235|g1|s_1220,CatPred,True,
yeast|r_1236|g1|s_1449,CatPred,False,missing_sequence;complex_not_supported_by_default
yeast|r_1237|g1|s_0794,CatPred,True,
yeast|r_1237|g1|s_1268,CatPred,True,
yeast|r_1238|g1|s_0796,CatPred,True,
yeast|r_1238|g1|s_1267,CatPred,True,
yeast|r_1239|g1|s_0794,CatPred,True,
yeast|r_1239|g1|s_1271,CatPred,True,
yeast|r_1241|g1|s_0032,CatPred,True,
yeast|r_1241|g1|s_0796,CatPred,True,
yeast|r_1244|g1|s_0796,CatPred,True,
yeast|r_1244|g1|s_1324,CatPred,True,
yeast|r_1244|g2|s_0796,CatPred,True,
yeast|r_1244|g2|s_1324,CatPred,True,
yeast|r_1244|g3|s_0796,CatPred,True,
yeast|r_1244|g3|s_1324,CatPred,True,
yeast|r_1244|g4|s_0796,CatPred,True,
yeast|r_1244|g4|s_1324,CatPred,True,
yeast|r_1244|g5|s_0796,CatPred,True,
yeast|r_1244|g5|s_1324,CatPred,True,
yeast|r_1245|g1|s_0794,CatPred,True,
yeast|r_1245|g1|s_1322,CatPred,True,
yeast|r_1245|g2|s_0794,CatPred,True,
yeast|r_1245|g2|s_1322,CatPred,True,
yeast|r_1249|g1|s_0796,CatPred,True,
yeast|r_1249|g1|s_1374,CatPred,True,
yeast|r_1249|g2|s_0796,CatPred,True,
yeast|r_1249|g2|s_1374,CatPred,True,
yeast|r_1250|g1|s_1389,CatPred,True,
yeast|r_1251|g1|s_0794,CatPred,True,
yeast|r_1251|g1|s_1390,CatPred,True,
yeast|r_1251|g2|s_0794,CatPred,True,
yeast|r_1251|g2|s_1390,CatPred,True,
yeast|r_1252|g1|s_0802,CatPred,True,
yeast|r_1252|g1|s_1389,CatPred,True,
yeast|r_1252|g2|s_0802,CatPred,True,
yeast|r_1252|g2|s_1389,CatPred,True,
yeast|r_1253|g1|s_0796,CatPred,True,
yeast|r_1253|g1|s_1397,CatPred,True,
yeast|r_1254|g1|s_0796,CatPred,True,
yeast|r_1254|g1|s_1400,CatPred,True,
yeast|r_1255|g1|s_0796,CatPred,True,
yeast|r_1255|g1|s_1418,CatPred,True,
yeast|r_1256|g1|s_1416,CatPred,True,
yeast|r_1257|g1|s_0796,CatPred,True,
yeast|r_1257|g1|s_1425,CatPred,True,
yeast|r_1258|g1|s_0796,CatPred,True,
yeast|r_1258|g1|s_1437,CatPred,True,
yeast|r_1258|g2|s_0796,CatPred,True,
yeast|r_1258|g2|s_1437,CatPred,True,
yeast|r_1259|g1|s_1439,CatPred,True,
yeast|r_1260|g1|s_0794,CatPred,True,
yeast|r_1260|g1|s_1440,CatPred,True,
yeast|r_1260|g2|s_0794,CatPred,True,
yeast|r_1260|g2|s_1440,CatPred,True,
yeast|r_1260|g3|s_0794,CatPred,True,
yeast|r_1260|g3|s_1440,CatPred,True,
yeast|r_1260|g4|s_0794,CatPred,True,
yeast|r_1260|g4|s_1440,CatPred,True,
yeast|r_1260|g5|s_0794,CatPred,True,
yeast|r_1260|g5|s_1440,CatPred,True,
yeast|r_1260|g6|s_0794,CatPred,True,
yeast|r_1260|g6|s_1440,CatPred,True,
yeast|r_1261|g1|s_0802,CatPred,True,
yeast|r_1261|g1|s_1439,CatPred,True,
yeast|r_1261|g2|s_0802,CatPred,True,
yeast|r_1261|g2|s_1439,CatPred,True,
yeast|r_1262|g1|s_0794,CatPred,True,
yeast|r_1262|g1|s_1443,CatPred,True,
yeast|r_1262|g2|s_0794,CatPred,True,
yeast|r_1262|g2|s_1443,CatPred,True,
yeast|r_1262|g3|s_0794,CatPred,True,
yeast|r_1262|g3|s_1443,CatPred,True,
yeast|r_1262|g4|s_0794,CatPred,True,
yeast|r_1262|g4|s_1443,CatPred,True,
yeast|r_1263|g1|s_0802,CatPred,True,
yeast|r_1263|g1|s_1442,CatPred,True,
yeast|r_1263|g2|s_0802,CatPred,True,
yeast|r_1263|g2|s_1442,CatPred,True,
yeast|r_1263|g3|s_0802,CatPred,True,
yeast|r_1263|g3|s_1442,CatPred,True,
yeast|r_1263|g4|s_0802,CatPred,True,
yeast|r_1263|g4|s_1442,CatPred,True,
yeast|r_1264|g1|s_1326,CatPred,True,
yeast|r_1264|g1|s_1458,CatPred,True,
yeast|r_1265|g1|s_0727,CatPred,True,
yeast|r_1265|g1|s_1458,CatPred,True,
yeast|r_1266|g1|s_1468,CatPred,True,
yeast|r_1266|g2|s_1468,CatPred,True,
yeast|r_1267|g1|s_1469,CatPred,True,
yeast|r_1269|g1|s_1475,CatPred,True,
yeast|r_1270|g1|s_0796,CatPred,True,
yeast|r_1270|g1|s_1490,CatPred,True,
yeast|r_1270|g2|s_0796,CatPred,True,
yeast|r_1270|g2|s_1490,CatPred,True,
yeast|r_1270|g3|s_0796,CatPred,True,
yeast|r_1270|g3|s_1490,CatPred,True,
yeast|r_1271|g1|s_1541,CatPred,True,
yeast|r_1272|g1|s_0796,CatPred,True,
yeast|r_1272|g1|s_1551,CatPred,True,
yeast|r_1273|g1|s_0796,CatPred,True,
yeast|r_1273|g1|s_1553,CatPred,True,
yeast|r_1274|g1|s_0796,CatPred,True,
yeast|r_1274|g1|s_1557,CatPred,True,
yeast|r_1275|g1|s_0716,CatPred,True,
yeast|r_1275|g1|s_0794,CatPred,True,
yeast|r_1275|g1|s_1547,CatPred,True,
yeast|r_1275|g1|s_1559,CatPred,True,
yeast|r_1276|g1|s_0794,CatPred,True,
yeast|r_1276|g1|s_1547,CatPred,True,
yeast|r_1276|g1|s_1559,CatPred,True,
yeast|r_1277|g1|s_0805,CatPred,True,
yeast|r_1277|g2|s_0805,CatPred,True,
yeast|r_1278|g1|s_1571,CatPred,True,
yeast|r_1278|g2|s_1571,CatPred,True,
yeast|r_1574|g1|s_0162,CatPred,True,
yeast|r_1585|g1|s_0178,CatPred,True,
yeast|r_1585|g2|s_0178,CatPred,True,
yeast|r_1603|g1|s_0300,CatPred,True,
yeast|r_1614|g1|s_0584,CatPred,True,
yeast|r_1614|g1|s_0803,CatPred,True,
yeast|r_1614|g2|s_0584,CatPred,True,
yeast|r_1614|g2|s_0803,CatPred,True,
yeast|r_1615|g1|s_0589,CatPred,True,
yeast|r_1615|g1|s_0803,CatPred,True,
yeast|r_1615|g2|s_0589,CatPred,True,
yeast|r_1615|g2|s_0803,CatPred,True,
yeast|r_1616|g1|s_0615,CatPred,True,
yeast|r_1616|g1|s_0803,CatPred,True,
yeast|r_1616|g2|s_0615,CatPred,True,
yeast|r_1616|g2|s_0803,CatPred,True,
yeast|r_1617|g1|s_0649,CatPred,True,
yeast|r_1617|g1|s_0803,CatPred,True,
yeast|r_1617|g2|s_0649,CatPred,True,
yeast|r_1617|g2|s_0803,CatPred,True,
yeast|r_1619|g1|s_0782,CatPred,True,
yeast|r_1619|g1|s_0803,CatPred,True,
yeast|r_1623|g1|s_0321,CatPred,True,
yeast|r_1623|g1|s_0437,CatPred,True,
yeast|r_1624|g1|s_0319,CatPred,True,
yeast|r_1624|g1|s_0434,CatPred,True,
yeast|r_1624|g1|s_0803,CatPred,True,
yeast|r_1642|g1|s_0390,CatPred,True,
yeast|r_1657|g1|s_0794,CatPred,True,
yeast|r_1657|g1|s_0965,CatPred,True,
yeast|r_1658|g1|s_0969,CatPred,True,
yeast|r_1667|g1|s_0456,CatPred,True,
yeast|r_1667|g1|s_0803,CatPred,True,
yeast|r_1684|g1|s_0511,CatPred,True,
yeast|r_1684|g2|s_0511,CatPred,True,
yeast|r_1703|g1|s_0434,CatPred,True,
yeast|r_1703|g1|s_0526,CatPred,True,
yeast|r_1704|g1|s_0434,CatPred,True,
yeast|r_1704|g1|s_0589,CatPred,True,
yeast|r_1707|g1|s_0549,CatPred,True,
yeast|r_1707|g2|s_0549,CatPred,True,
yeast|r_1717|g1|s_0562,CatPred,True,
yeast|r_1717|g2|s_0562,CatPred,True,
yeast|r_1717|g3|s_0562,CatPred,True,
yeast|r_1717|g4|s_0562,CatPred,True,
yeast|r_1719|g1|s_0579,CatPred,True,
yeast|r_1729|g1|s_0434,CatPred,True,
yeast|r_1729|g1|s_0584,CatPred,True,
yeast|r_1735|g1|s_0139,CatPred,True,
yeast|r_1736|g1|s_0197,CatPred,True,
yeast|r_1736|g1|s_0434,CatPred,True,
yeast|r_1739|g1|s_0373,CatPred,True,
yeast|r_1739|g1|s_1442,CatPred,True,
yeast|r_1770|g1|s_0595,CatPred,True,
yeast|r_1771|g1|s_1065,CatPred,False,missing_sequence;complex_not_supported_by_default
yeast|r_1772|g1|s_1161,CatPred,False,missing_sequence;complex_not_supported_by_default
yeast|r_1774|g1|s_1286,CatPred,False,missing_sequence;complex_not_supported_by_default
yeast|r_1775|g1|s_1293,CatPred,True,
yeast|r_1790|g1|s_0437,CatPred,True,
yeast|r_1790|g1|s_0716,CatPred,True,
yeast|r_1790|g1|s_0799,CatPred,True,
yeast|r_1795|g1|s_0723,CatPred,True,
yeast|r_1803|g1|s_0743,CatPred,True,
yeast|r_1805|g1|s_0563,CatPred,True,
yeast|r_1811|g1|s_1003,CatPred,True,
yeast|r_1816|g1|s_0779,CatPred,True,
yeast|r_1835|g1|s_1288,CatPred,True,
yeast|r_1836|g1|s_1295,CatPred,True,
yeast|r_1837|g1|s_1006,CatPred,True,
yeast|r_1838|g1|s_0182,CatPred,True,
yeast|r_1838|g1|s_0376,CatPred,True,
yeast|r_1838|g1|s_0807,CatPred,True,
yeast|r_1838|g2|s_0182,CatPred,True,
yeast|r_1838|g2|s_0376,CatPred,True,
yeast|r_1838|g2|s_0807,CatPred,True,
yeast|r_1877|g1|s_0964,CatPred,True,
yeast|r_1877|g2|s_0964,CatPred,True,
yeast|r_1882|g1|s_0023,CatPred,True,
yeast|r_1907|g1|s_1039,CatPred,True,
yeast|r_1908|g1|s_0990,CatPred,True,
yeast|r_1908|g2|s_0990,CatPred,True,
yeast|r_1908|g3|s_0990,CatPred,True,
yeast|r_1908|g4|s_0990,CatPred,True,
yeast|r_1910|g1|s_1044,CatPred,True,
yeast|r_1910|g2|s_1044,CatPred,True,
yeast|r_1910|g3|s_1044,CatPred,True,
yeast|r_1910|g4|s_1044,CatPred,True,
yeast|r_1910|g5|s_1044,CatPred,True,
yeast|r_1910|g6|s_1044,CatPred,True,
yeast|r_1910|g7|s_1044,CatPred,True,
yeast|r_1910|g8|s_1044,CatPred,True,
yeast|r_1910|g9|s_1044,CatPred,True,
yeast|r_1910|g10|s_1044,CatPred,True,
yeast|r_1910|g11|s_1044,CatPred,True,
yeast|r_1910|g12|s_1044,CatPred,True,
yeast|r_1910|g13|s_1044,CatPred,True,
yeast|r_1919|g1|s_1025,CatPred,True,
yeast|r_1935|g1|s_1031,CatPred,True,
yeast|r_1976|g1|s_1235,CatPred,True,
yeast|r_1981|g1|s_1450,CatPred,True,
yeast|r_1990|g1|s_0755,CatPred,True,
yeast|r_2008|g1|s_1322,CatPred,True,
yeast|r_2025|g1|s_0434,CatPred,True,
yeast|r_2025|g1|s_1392,CatPred,True,
yeast|r_2026|g1|s_0434,CatPred,True,
yeast|r_2026|g1|s_1394,CatPred,True,
yeast|r_2029|g1|s_0434,CatPred,True,
yeast|r_2029|g1|s_1396,CatPred,True,
yeast|r_2034|g1|s_0794,CatPred,False,missing_sequence;complex_not_supported_by_default
yeast|r_2034|g1|s_1399,CatPred,False,missing_sequence;complex_not_supported_by_default
yeast|r_2034|g2|s_0794,CatPred,False,missing_sequence;complex_not_supported_by_default
yeast|r_2034|g2|s_1399,CatPred,False,missing_sequence;complex_not_supported_by_default
yeast|r_2040|g1|s_1406,CatPred,True,
yeast|r_2041|g1|s_0576,CatPred,True,
yeast|r_2041|g2|s_0576,CatPred,True,
yeast|r_2045|g1|s_1039,CatPred,True,
yeast|r_2064|g1|s_0803,CatPred,True,
yeast|r_2064|g1|s_1497,CatPred,True,
yeast|r_2072|g1|s_1045,CatPred,True,
yeast|r_2079|g1|s_0794,CatPred,True,
yeast|r_2079|g1|s_1520,CatPred,True,
yeast|r_2094|g1|s_0803,CatPred,True,
yeast|r_2094|g2|s_0803,CatPred,True,
yeast|r_2105|g1|s_1567,CatPred,True,
yeast|r_2105|g2|s_1567,CatPred,True,
yeast|r_2107|g1|s_1568,CatPred,True,
yeast|r_2107|g2|s_1568,CatPred,True,
yeast|r_2112|g1|s_1020,CatPred,True,
yeast|r_2112|g1|s_1399,CatPred,True,
yeast|r_2115|g1|s_0359,CatPred,True,
yeast|r_2115|g1|s_0794,CatPred,True,
yeast|r_2115|g1|s_1203,CatPred,True,
yeast|r_2115|g2|s_0359,CatPred,True,
yeast|r_2115|g2|s_0794,CatPred,True,
yeast|r_2115|g2|s_1203,CatPred,True,
yeast|r_2116|g1|s_0359,CatPred,True,
yeast|r_2116|g1|s_0803,CatPred,True,
yeast|r_2116|g1|s_1198,CatPred,True,
yeast|r_2116|g2|s_0359,CatPred,True,
yeast|r_2116|g2|s_0803,CatPred,True,
yeast|r_2116|g2|s_1198,CatPred,True,
yeast|r_2116|g3|s_0359,CatPred,True,
yeast|r_2116|g3|s_0803,CatPred,True,
yeast|r_2116|g3|s_1198,CatPred,True,
yeast|r_2116|g4|s_0359,CatPred,True,
yeast|r_2116|g4|s_0803,CatPred,True,
yeast|r_2116|g4|s_1198,CatPred,True,
yeast|r_2117|g1|s_1032,CatPred,True,
yeast|r_2117|g1|s_1399,CatPred,True,
yeast|r_2118|g1|s_0951,CatPred,True,
yeast|r_2118|g1|s_1048,CatPred,True,
yeast|r_2119|g1|s_0204,CatPred,True,
yeast|r_2119|g1|s_0955,CatPred,True,
yeast|r_2126|g1|s_0803,CatPred,True,
yeast|r_2126|g1|s_1426,CatPred,True,
yeast|r_2131|g1|s_0941,CatPred,True,
yeast|r_2131|g1|s_1210,CatPred,True,
yeast|r_2132|g1|s_0066,CatPred,True,
yeast|r_2132|g1|s_0182,CatPred,True,
yeast|r_2132|g2|s_0066,CatPred,True,
yeast|r_2132|g2|s_0182,CatPred,True,
yeast|r_2140|g1|s_0373,CatPred,False,missing_sequence;complex_not_supported_by_default
yeast|r_2140|g1|s_0794,CatPred,False,missing_sequence;complex_not_supported_by_default
yeast|r_2140|g1|s_1101,CatPred,False,missing_sequence;complex_not_supported_by_default
yeast|r_2140|g1|s_1212,CatPred,False,missing_sequence;complex_not_supported_by_default
yeast|r_2141|g1|s_0373,CatPred,False,missing_sequence;complex_not_supported_by_default
yeast|r_2141|g1|s_0794,CatPred,False,missing_sequence;complex_not_supported_by_default
yeast|r_2141|g1|s_1101,CatPred,False,missing_sequence;complex_not_supported_by_default
yeast|r_2141|g1|s_1212,CatPred,False,missing_sequence;complex_not_supported_by_default
yeast|r_2142|g1|s_0372,CatPred,False,missing_sequence;complex_not_supported_by_default
yeast|r_2142|g1|s_0465,CatPred,False,missing_sequence;complex_not_supported_by_default
yeast|r_2142|g1|s_0799,CatPred,False,missing_sequence;complex_not_supported_by_default
yeast|r_2143|g1|s_0465,CatPred,False,missing_sequence;complex_not_supported_by_default
yeast|r_2143|g1|s_0799,CatPred,False,missing_sequence;complex_not_supported_by_default
yeast|r_2143|g1|s_2771,CatPred,False,missing_sequence;complex_not_supported_by_default
yeast|r_2144|g1|s_0465,CatPred,False,missing_sequence;complex_not_supported_by_default
yeast|r_2144|g1|s_0799,CatPred,False,missing_sequence;complex_not_supported_by_default
yeast|r_2144|g1|s_2773,CatPred,False,missing_sequence;complex_not_supported_by_default
yeast|r_2145|g1|s_0799,CatPred,True,
yeast|r_2145|g1|s_1214,CatPred,True,
yeast|r_2145|g1|s_2770,CatPred,True,
yeast|r_2146|g1|s_0799,CatPred,True,
yeast|r_2146|g1|s_1214,CatPred,True,
yeast|r_2146|g1|s_2772,CatPred,True,
yeast|r_2147|g1|s_0799,CatPred,True,
yeast|r_2147|g1|s_1214,CatPred,True,
yeast|r_2147|g1|s_2774,CatPred,True,
yeast|r_2148|g1|s_2775,CatPred,False,missing_smiles
yeast|r_2149|g1|s_2776,CatPred,True,
yeast|r_2150|g1|s_2777,CatPred,True,
yeast|r_2151|g1|s_0799,CatPred,True,
yeast|r_2151|g1|s_1214,CatPred,True,
yeast|r_2151|g1|s_2778,CatPred,True,
yeast|r_2152|g1|s_0799,CatPred,True,
yeast|r_2152|g1|s_1214,CatPred,True,
yeast|r_2152|g1|s_2779,CatPred,True,
yeast|r_2153|g1|s_0799,CatPred,True,
yeast|r_2153|g1|s_1214,CatPred,True,
yeast|r_2153|g1|s_2780,CatPred,False,missing_smiles
yeast|r_2154|g1|s_2781,CatPred,True,
yeast|r_2154|g1|s_2782,CatPred,True,
yeast|r_2154|g1|s_2783,CatPred,True,
yeast|r_2155|g1|s_2782,CatPred,True,
yeast|r_2155|g1|s_2783,CatPred,True,
yeast|r_2155|g1|s_2787,CatPred,True,
yeast|r_2156|g1|s_2782,CatPred,True,
yeast|r_2156|g1|s_2783,CatPred,True,
yeast|r_2156|g1|s_2789,CatPred,True,
yeast|r_2157|g1|s_2782,CatPred,True,
yeast|r_2157|g1|s_2783,CatPred,True,
yeast|r_2157|g1|s_2791,CatPred,True,
yeast|r_2157|g2|s_2782,CatPred,True,
yeast|r_2157|g2|s_2783,CatPred,True,
yeast|r_2157|g2|s_2791,CatPred,True,
yeast|r_2158|g1|s_2782,CatPred,True,
yeast|r_2158|g1|s_2783,CatPred,True,
yeast|r_2158|g1|s_2793,CatPred,True,
yeast|r_2158|g2|s_2782,CatPred,True,
yeast|r_2158|g2|s_2783,CatPred,True,
yeast|r_2158|g2|s_2793,CatPred,True,
yeast|r_2159|g1|s_2782,CatPred,True,
yeast|r_2159|g1|s_2783,CatPred,True,
yeast|r_2159|g1|s_2795,CatPred,True,
yeast|r_2159|g2|s_2782,CatPred,True,
yeast|r_2159|g2|s_2783,CatPred,True,
yeast|r_2159|g2|s_2795,CatPred,True,
yeast|r_2160|g1|s_2782,CatPred,True,
yeast|r_2160|g1|s_2783,CatPred,True,
yeast|r_2160|g1|s_2797,CatPred,True,
yeast|r_2161|g1|s_2783,CatPred,True,
yeast|r_2161|g1|s_2786,CatPred,True,
yeast|r_2161|g1|s_2799,CatPred,True,
yeast|r_2162|g1|s_2783,CatPred,True,
yeast|r_2162|g1|s_2788,CatPred,True,
yeast|r_2162|g1|s_2799,CatPred,True,
yeast|r_2163|g1|s_2783,CatPred,True,
yeast|r_2163|g1|s_2790,CatPred,True,
yeast|r_2163|g1|s_2799,CatPred,True,
yeast|r_2164|g1|s_2783,CatPred,True,
yeast|r_2164|g1|s_2792,CatPred,True,
yeast|r_2164|g1|s_2799,CatPred,True,
yeast|r_2165|g1|s_2783,CatPred,True,
yeast|r_2165|g1|s_2794,CatPred,True,
yeast|r_2165|g1|s_2799,CatPred,True,
yeast|r_2166|g1|s_2783,CatPred,True,
yeast|r_2166|g1|s_2796,CatPred,True,
yeast|r_2166|g1|s_2799,CatPred,True,
yeast|r_2167|g1|s_2783,CatPred,True,
yeast|r_2167|g1|s_2798,CatPred,True,
yeast|r_2167|g1|s_2799,CatPred,True,
yeast|r_2168|g1|s_2801,CatPred,True,
yeast|r_2169|g1|s_2802,CatPred,True,
yeast|r_2170|g1|s_2803,CatPred,True,
yeast|r_2171|g1|s_2804,CatPred,True,
yeast|r_2172|g1|s_2805,CatPred,True,
yeast|r_2173|g1|s_2806,CatPred,True,
yeast|r_2174|g1|s_2807,CatPred,True,
yeast|r_2175|g1|s_2783,CatPred,True,
yeast|r_2175|g1|s_2799,CatPred,True,
yeast|r_2175|g1|s_2809,CatPred,True,
yeast|r_2176|g1|s_2783,CatPred,True,
yeast|r_2176|g1|s_2799,CatPred,True,
yeast|r_2176|g1|s_2810,CatPred,True,
yeast|r_2177|g1|s_2783,CatPred,True,
yeast|r_2177|g1|s_2799,CatPred,True,
yeast|r_2177|g1|s_2811,CatPred,True,
yeast|r_2178|g1|s_2783,CatPred,True,
yeast|r_2178|g1|s_2799,CatPred,True,
yeast|r_2178|g1|s_2812,CatPred,True,
yeast|r_2179|g1|s_2783,CatPred,True,
yeast|r_2179|g1|s_2799,CatPred,True,
yeast|r_2179|g1|s_2813,CatPred,True,
yeast|r_2180|g1|s_2783,CatPred,True,
yeast|r_2180|g1|s_2799,CatPred,True,
yeast|r_2180|g1|s_2814,CatPred,True,
yeast|r_2181|g1|s_2783,CatPred,True,
yeast|r_2181|g1|s_2799,CatPred,True,
yeast|r_2181|g1|s_2815,CatPred,True,
yeast|r_2182|g1|s_2783,CatPred,True,
yeast|r_2182|g1|s_2789,CatPred,True,
yeast|r_2182|g1|s_2817,CatPred,True,
yeast|r_2182|g1|s_2818,CatPred,True,
yeast|r_2183|g1|s_2783,CatPred,True,
yeast|r_2183|g1|s_2791,CatPred,True,
yeast|r_2183|g1|s_2817,CatPred,True,
yeast|r_2183|g1|s_2818,CatPred,True,
yeast|r_2186|g1|s_1067,CatPred,True,
yeast|r_2190|g1|s_2822,CatPred,True,
yeast|r_2191|g1|s_2824,CatPred,True,
yeast|r_2192|g1|s_2826,CatPred,True,
yeast|r_2194|g1|s_2785,CatPred,True,
yeast|r_2194|g1|s_2831,CatPred,True,
yeast|r_2194|g1|s_2832,CatPred,True,
yeast|r_2195|g1|s_2785,CatPred,True,
yeast|r_2195|g1|s_2831,CatPred,True,
yeast|r_2195|g1|s_2835,CatPred,True,
yeast|r_2195|g2|s_2785,CatPred,True,
yeast|r_2195|g2|s_2831,CatPred,True,
yeast|r_2195|g2|s_2835,CatPred,True,
yeast|r_2196|g1|s_2785,CatPred,True,
yeast|r_2196|g1|s_2831,CatPred,True,
yeast|r_2196|g1|s_2836,CatPred,True,
yeast|r_2196|g2|s_2785,CatPred,True,
yeast|r_2196|g2|s_2831,CatPred,True,
yeast|r_2196|g2|s_2836,CatPred,True,
yeast|r_2197|g1|s_2785,CatPred,True,
yeast|r_2197|g1|s_2831,CatPred,True,
yeast|r_2197|g1|s_2837,CatPred,True,
yeast|r_2197|g2|s_2785,CatPred,True,
yeast|r_2197|g2|s_2831,CatPred,True,
yeast|r_2197|g2|s_2837,CatPred,True,
yeast|r_2198|g1|s_2785,CatPred,True,
yeast|r_2198|g1|s_2831,CatPred,True,
yeast|r_2198|g1|s_2838,CatPred,True,
yeast|r_2198|g2|s_2785,CatPred,True,
yeast|r_2198|g2|s_2831,CatPred,True,
yeast|r_2198|g2|s_2838,CatPred,True,
yeast|r_2199|g1|s_2785,CatPred,True,
yeast|r_2199|g1|s_2831,CatPred,True,
yeast|r_2199|g1|s_2839,CatPred,True,
yeast|r_2199|g2|s_2785,CatPred,True,
yeast|r_2199|g2|s_2831,CatPred,True,
yeast|r_2199|g2|s_2839,CatPred,True,
yeast|r_2200|g1|s_0531,CatPred,True,
yeast|r_2200|g1|s_2840,CatPred,True,
yeast|r_2200|g1|s_2841,CatPred,True,
yeast|r_2201|g1|s_0531,CatPred,True,
yeast|r_2201|g1|s_2840,CatPred,True,
yeast|r_2201|g1|s_2844,CatPred,True,
yeast|r_2201|g2|s_0531,CatPred,True,
yeast|r_2201|g2|s_2840,CatPred,True,
yeast|r_2201|g2|s_2844,CatPred,True,
yeast|r_2202|g1|s_0531,CatPred,True,
yeast|r_2202|g1|s_2840,CatPred,True,
yeast|r_2202|g1|s_2846,CatPred,True,
yeast|r_2202|g2|s_0531,CatPred,True,
yeast|r_2202|g2|s_2840,CatPred,True,
yeast|r_2202|g2|s_2846,CatPred,True,
yeast|r_2203|g1|s_0531,CatPred,True,
yeast|r_2203|g1|s_2840,CatPred,True,
yeast|r_2203|g1|s_2848,CatPred,True,
yeast|r_2203|g2|s_0531,CatPred,True,
yeast|r_2203|g2|s_2840,CatPred,True,
yeast|r_2203|g2|s_2848,CatPred,True,
yeast|r_2204|g1|s_0531,CatPred,True,
yeast|r_2204|g1|s_2840,CatPred,True,
yeast|r_2204|g1|s_2850,CatPred,True,
yeast|r_2204|g2|s_0531,CatPred,True,
yeast|r_2204|g2|s_2840,CatPred,True,
yeast|r_2204|g2|s_2850,CatPred,True,
yeast|r_2205|g1|s_0531,CatPred,True,
yeast|r_2205|g1|s_2840,CatPred,True,
yeast|r_2205|g1|s_2852,CatPred,True,
yeast|r_2205|g2|s_0531,CatPred,True,
yeast|r_2205|g2|s_2840,CatPred,True,
yeast|r_2205|g2|s_2852,CatPred,True,
yeast|r_2206|g1|s_0439,CatPred,True,
yeast|r_2206|g1|s_0534,CatPred,True,
yeast|r_2206|g1|s_1298,CatPred,True,
yeast|r_2207|g1|s_0439,CatPred,True,
yeast|r_2207|g1|s_0534,CatPred,True,
yeast|r_2207|g1|s_1451,CatPred,True,
yeast|r_2208|g1|s_0439,CatPred,True,
yeast|r_2208|g1|s_0534,CatPred,True,
yeast|r_2208|g1|s_2855,CatPred,True,
yeast|r_2209|g1|s_2856,CatPred,True,
yeast|r_2209|g1|s_2857,CatPred,True,
yeast|r_2209|g1|s_2858,CatPred,True,
yeast|r_2210|g1|s_2856,CatPred,True,
yeast|r_2210|g1|s_2857,CatPred,True,
yeast|r_2210|g1|s_2862,CatPred,True,
yeast|r_2211|g1|s_2856,CatPred,True,
yeast|r_2211|g1|s_2857,CatPred,True,
yeast|r_2211|g1|s_2864,CatPred,True,
yeast|r_2212|g1|s_2856,CatPred,True,
yeast|r_2212|g1|s_2857,CatPred,True,
yeast|r_2212|g1|s_2866,CatPred,True,
yeast|r_2213|g1|s_2785,CatPred,True,
yeast|r_2213|g1|s_2831,CatPred,True,
yeast|r_2213|g1|s_2868,CatPred,True,
yeast|r_2214|g1|s_2785,CatPred,True,
yeast|r_2214|g1|s_2831,CatPred,True,
yeast|r_2214|g1|s_2869,CatPred,True,
yeast|r_2215|g1|s_2785,CatPred,True,
yeast|r_2215|g1|s_2831,CatPred,True,
yeast|r_2215|g1|s_2870,CatPred,True,
yeast|r_2216|g1|s_0531,CatPred,True,
yeast|r_2216|g1|s_2840,CatPred,True,
yeast|r_2216|g1|s_2871,CatPred,True,
yeast|r_2217|g1|s_0531,CatPred,True,
yeast|r_2217|g1|s_2840,CatPred,True,
yeast|r_2217|g1|s_2873,CatPred,True,
yeast|r_2218|g1|s_0531,CatPred,True,
yeast|r_2218|g1|s_2840,CatPred,True,
yeast|r_2218|g1|s_2875,CatPred,True,
yeast|r_2219|g1|s_0434,CatPred,False,missing_sequence;complex_not_supported_by_default
yeast|r_2219|g1|s_0803,CatPred,False,missing_sequence;complex_not_supported_by_default
yeast|r_2219|g1|s_1073,CatPred,False,missing_sequence;complex_not_supported_by_default
yeast|r_2220|g1|s_0434,CatPred,False,missing_sequence;complex_not_supported_by_default
yeast|r_2220|g1|s_0803,CatPred,False,missing_sequence;complex_not_supported_by_default
yeast|r_2220|g1|s_1176,CatPred,False,missing_sequence;complex_not_supported_by_default
yeast|r_2221|g1|s_0434,CatPred,False,missing_sequence;complex_not_supported_by_default
yeast|r_2221|g1|s_0803,CatPred,False,missing_sequence;complex_not_supported_by_default
yeast|r_2221|g1|s_1302,CatPred,False,missing_sequence;complex_not_supported_by_default
yeast|r_2222|g1|s_0434,CatPred,False,missing_sequence;complex_not_supported_by_default
yeast|r_2222|g1|s_0803,CatPred,False,missing_sequence;complex_not_supported_by_default
yeast|r_2222|g1|s_2877,CatPred,False,missing_sequence;complex_not_supported_by_default
yeast|r_2223|g1|s_0434,CatPred,False,missing_sequence;complex_not_supported_by_default
yeast|r_2223|g1|s_0803,CatPred,False,missing_sequence;complex_not_supported_by_default
yeast|r_2223|g1|s_1454,CatPred,False,missing_sequence;complex_not_supported_by_default
yeast|r_2224|g1|s_0434,CatPred,False,missing_sequence;complex_not_supported_by_default
yeast|r_2224|g1|s_0803,CatPred,False,missing_sequence;complex_not_supported_by_default
yeast|r_2224|g1|s_1262,CatPred,False,missing_sequence;complex_not_supported_by_default
yeast|r_2225|g1|s_0434,CatPred,False,missing_sequence;complex_not_supported_by_default
yeast|r_2225|g1|s_0803,CatPred,False,missing_sequence;complex_not_supported_by_default
yeast|r_2225|g1|s_2878,CatPred,False,missing_sequence;complex_not_supported_by_default
yeast|r_2226|g1|s_0434,CatPred,False,missing_sequence;complex_not_supported_by_default
yeast|r_2226|g1|s_0803,CatPred,False,missing_sequence;complex_not_supported_by_default
yeast|r_2226|g1|s_2880,CatPred,False,missing_sequence;complex_not_supported_by_default
yeast|r_2227|g1|s_0434,CatPred,False,missing_sequence;complex_not_supported_by_default
yeast|r_2227|g1|s_0803,CatPred,False,missing_sequence;complex_not_supported_by_default
yeast|r_2227|g1|s_1479,CatPred,False,missing_sequence;complex_not_supported_by_default
yeast|r_2228|g1|s_0434,CatPred,False,missing_sequence;complex_not_supported_by_default
yeast|r_2228|g1|s_0803,CatPred,False,missing_sequence;complex_not_supported_by_default
yeast|r_2228|g1|s_0816,CatPred,False,missing_sequence;complex_not_supported_by_default
yeast|r_2231|g1|s_1260,CatPred,False,missing_sequence;complex_not_supported_by_default
yeast|r_2232|g1|s_0809,CatPred,True,
yeast|r_2232|g1|s_2884,CatPred,True,
yeast|r_2233|g1|s_0809,CatPred,True,
yeast|r_2233|g1|s_2885,CatPred,True,
yeast|r_2234|g1|s_0809,CatPred,True,
yeast|r_2234|g1|s_2854,CatPred,True,
yeast|r_2235|g1|s_0809,CatPred,True,
yeast|r_2235|g1|s_1265,CatPred,True,
yeast|r_2236|g1|s_1279,CatPred,True,
yeast|r_2236|g1|s_2884,CatPred,True,
yeast|r_2237|g1|s_1279,CatPred,True,
yeast|r_2237|g1|s_2885,CatPred,True,
yeast|r_2238|g1|s_1258,CatPred,True,
yeast|r_2238|g1|s_1279,CatPred,True,
yeast|r_2239|g1|s_1279,CatPred,True,
yeast|r_2239|g1|s_2879,CatPred,True,
yeast|r_2240|g1|s_1279,CatPred,True,
yeast|r_2240|g1|s_2881,CatPred,True,
yeast|r_2241|g1|s_1279,CatPred,True,
yeast|r_2241|g1|s_1482,CatPred,True,
yeast|r_2242|g1|s_0801,CatPred,True,
yeast|r_2242|g1|s_1279,CatPred,True,
yeast|r_2242|g1|s_2854,CatPred,True,
yeast|r_2243|g1|s_1279,CatPred,True,
yeast|r_2243|g1|s_2893,CatPred,False,missing_smiles
yeast|r_2244|g1|s_1279,CatPred,True,
yeast|r_2244|g1|s_2895,CatPred,False,missing_smiles
yeast|r_2245|g1|s_1265,CatPred,True,
yeast|r_2245|g1|s_1279,CatPred,True,
yeast|r_2246|g1|s_1279,CatPred,True,
yeast|r_2246|g1|s_2898,CatPred,True,
yeast|r_2247|g1|s_1279,CatPred,True,
yeast|r_2247|g1|s_2900,CatPred,True,
yeast|r_2248|g1|s_0809,CatPred,True,
yeast|r_2248|g1|s_1507,CatPred,True,
yeast|r_2249|g1|s_0809,CatPred,True,
yeast|r_2249|g1|s_1510,CatPred,True,
yeast|r_2250|g1|s_0809,CatPred,True,
yeast|r_2250|g1|s_1519,CatPred,True,
yeast|r_2251|g1|s_0809,CatPred,True,
yeast|r_2251|g1|s_0823,CatPred,True,
yeast|r_2252|g1|s_0809,CatPred,True,
yeast|r_2252|g1|s_1516,CatPred,True,
yeast|r_2253|g1|s_0809,CatPred,True,
yeast|r_2253|g1|s_1513,CatPred,True,
yeast|r_2254|g1|s_0809,CatPred,True,
yeast|r_2254|g1|s_2886,CatPred,True,
yeast|r_2255|g1|s_0809,CatPred,True,
yeast|r_2255|g1|s_2887,CatPred,True,
yeast|r_2256|g1|s_0801,CatPred,True,
yeast|r_2256|g1|s_0809,CatPred,True,
yeast|r_2256|g1|s_2888,CatPred,True,
yeast|r_2257|g1|s_0809,CatPred,True,
yeast|r_2257|g1|s_2889,CatPred,True,
yeast|r_2258|g1|s_0809,CatPred,True,
yeast|r_2258|g1|s_2890,CatPred,True,
yeast|r_2259|g1|s_0809,CatPred,True,
yeast|r_2259|g1|s_2891,CatPred,True,
yeast|r_2260|g1|s_0809,CatPred,True,
yeast|r_2260|g1|s_2892,CatPred,True,
yeast|r_2261|g1|s_0809,CatPred,True,
yeast|r_2261|g1|s_2894,CatPred,True,
yeast|r_2262|g1|s_0809,CatPred,True,
yeast|r_2262|g1|s_2896,CatPred,False,missing_smiles
yeast|r_2263|g1|s_0801,CatPred,True,
yeast|r_2263|g1|s_0809,CatPred,True,
yeast|r_2263|g1|s_2897,CatPred,True,
yeast|r_2264|g1|s_0809,CatPred,True,
yeast|r_2264|g1|s_2899,CatPred,True,
yeast|r_2265|g1|s_0809,CatPred,True,
yeast|r_2265|g1|s_2901,CatPred,False,missing_smiles
yeast|r_2266|g1|s_0042,CatPred,True,
yeast|r_2266|g1|s_1202,CatPred,True,
yeast|r_2267|g1|s_0048,CatPred,True,
yeast|r_2267|g1|s_1202,CatPred,True,
yeast|r_2268|g1|s_0051,CatPred,True,
yeast|r_2268|g1|s_1202,CatPred,True,
yeast|r_2269|g1|s_0229,CatPred,True,
yeast|r_2269|g1|s_1202,CatPred,True,
yeast|r_2270|g1|s_0045,CatPred,True,
yeast|r_2270|g1|s_1202,CatPred,True,
yeast|r_2271|g1|s_1202,CatPred,True,
yeast|r_2271|g1|s_2902,CatPred,True,
yeast|r_2272|g1|s_1202,CatPred,True,
yeast|r_2272|g1|s_2903,CatPred,True,
yeast|r_2273|g1|s_1202,CatPred,True,
yeast|r_2273|g1|s_2904,CatPred,True,
yeast|r_2274|g1|s_1202,CatPred,True,
yeast|r_2274|g1|s_2905,CatPred,True,
yeast|r_2275|g1|s_1202,CatPred,True,
yeast|r_2275|g1|s_2906,CatPred,True,
yeast|r_2276|g1|s_1202,CatPred,True,
yeast|r_2276|g1|s_2907,CatPred,True,
yeast|r_2277|g1|s_1202,CatPred,True,
yeast|r_2277|g1|s_2908,CatPred,False,missing_smiles
yeast|r_2278|g1|s_1202,CatPred,True,
yeast|r_2278|g1|s_2909,CatPred,False,missing_smiles
yeast|r_2279|g1|s_1202,CatPred,True,
yeast|r_2279|g1|s_2910,CatPred,False,missing_smiles
yeast|r_2280|g1|s_1202,CatPred,True,
yeast|r_2280|g1|s_2911,CatPred,True,
yeast|r_2281|g1|s_1202,CatPred,True,
yeast|r_2281|g1|s_2912,CatPred,True,
yeast|r_2282|g1|s_1202,CatPred,True,
yeast|r_2282|g1|s_2913,CatPred,True,
yeast|r_2283|g1|s_0534,CatPred,True,
yeast|r_2283|g1|s_2914,CatPred,True,
yeast|r_2284|g1|s_0534,CatPred,True,
yeast|r_2284|g1|s_2915,CatPred,True,
yeast|r_2285|g1|s_0534,CatPred,True,
yeast|r_2285|g1|s_2916,CatPred,True,
yeast|r_2286|g1|s_0534,CatPred,True,
yeast|r_2286|g1|s_2917,CatPred,True,
yeast|r_2287|g1|s_0534,CatPred,True,
yeast|r_2287|g1|s_2918,CatPred,True,
yeast|r_2288|g1|s_0534,CatPred,True,
yeast|r_2288|g1|s_2919,CatPred,True,
yeast|r_2289|g1|s_0534,CatPred,True,
yeast|r_2289|g1|s_2920,CatPred,True,
yeast|r_2290|g1|s_0534,CatPred,True,
yeast|r_2290|g1|s_2921,CatPred,False,missing_smiles
yeast|r_2291|g1|s_0534,CatPred,True,
yeast|r_2291|g1|s_2922,CatPred,False,missing_smiles
yeast|r_2292|g1|s_0534,CatPred,True,
yeast|r_2292|g1|s_2923,CatPred,True,
yeast|r_2293|g1|s_0534,CatPred,True,
yeast|r_2293|g1|s_2924,CatPred,True,
yeast|r_2294|g1|s_0534,CatPred,True,
yeast|r_2294|g1|s_2925,CatPred,True,
yeast|r_2295|g1|s_2926,CatPred,True,
yeast|r_2296|g1|s_2896,CatPred,False,missing_smiles
yeast|r_2297|g1|s_2929,CatPred,False,missing_smiles
yeast|r_2298|g1|s_2927,CatPred,True,
yeast|r_2299|g1|s_2901,CatPred,False,missing_smiles
yeast|r_2300|g1|s_2931,CatPred,True,
yeast|r_2301|g1|s_2928,CatPred,False,missing_smiles
yeast|r_2302|g1|s_2930,CatPred,True,
yeast|r_2303|g1|s_0801,CatPred,True,
yeast|r_2303|g1|s_1215,CatPred,True,
yeast|r_2303|g1|s_2932,CatPred,True,
yeast|r_2304|g1|s_0801,CatPred,True,
yeast|r_2304|g1|s_1215,CatPred,True,
yeast|r_2304|g1|s_2933,CatPred,True,
yeast|r_2305|g1|s_0516,CatPred,True,
yeast|r_2305|g1|s_0803,CatPred,True,
yeast|r_2308|g1|s_2783,CatPred,True,
yeast|r_2308|g1|s_2789,CatPred,True,
yeast|r_2308|g1|s_2934,CatPred,True,
yeast|r_2308|g2|s_2783,CatPred,True,
yeast|r_2308|g2|s_2789,CatPred,True,
yeast|r_2308|g2|s_2934,CatPred,True,
yeast|r_2309|g1|s_2783,CatPred,True,
yeast|r_2309|g1|s_2819,CatPred,True,
yeast|r_2309|g1|s_2934,CatPred,True,
yeast|r_2309|g2|s_2783,CatPred,True,
yeast|r_2309|g2|s_2819,CatPred,True,
yeast|r_2309|g2|s_2934,CatPred,True,
yeast|r_2310|g1|s_2783,CatPred,True,
yeast|r_2310|g1|s_2791,CatPred,True,
yeast|r_2310|g1|s_2934,CatPred,True,
yeast|r_2311|g1|s_2783,CatPred,True,
yeast|r_2311|g1|s_2821,CatPred,True,
yeast|r_2311|g1|s_2934,CatPred,True,
yeast|r_2312|g1|s_2783,CatPred,True,
yeast|r_2312|g1|s_2789,CatPred,True,
yeast|r_2312|g1|s_2939,CatPred,True,
yeast|r_2312|g2|s_2783,CatPred,True,
yeast|r_2312|g2|s_2789,CatPred,True,
yeast|r_2312|g2|s_2939,CatPred,True,
yeast|r_2313|g1|s_2783,CatPred,True,
yeast|r_2313|g1|s_2819,CatPred,True,
yeast|r_2313|g1|s_2939,CatPred,True,
yeast|r_2313|g2|s_2783,CatPred,True,
yeast|r_2313|g2|s_2819,CatPred,True,
yeast|r_2313|g2|s_2939,CatPred,True,
yeast|r_2314|g1|s_2783,CatPred,True,
yeast|r_2314|g1|s_2791,CatPred,True,
yeast|r_2314|g1|s_2939,CatPred,True,
yeast|r_2315|g1|s_2783,CatPred,True,
yeast|r_2315|g1|s_2821,CatPred,True,
yeast|r_2315|g1|s_2939,CatPred,True,
yeast|r_2316|g1|s_0769,CatPred,True,
yeast|r_2316|g1|s_2783,CatPred,True,
yeast|r_2316|g1|s_2847,CatPred,True,
yeast|r_2317|g1|s_0769,CatPred,True,
yeast|r_2317|g1|s_2783,CatPred,True,
yeast|r_2317|g1|s_2849,CatPred,True,
yeast|r_2318|g1|s_0769,CatPred,True,
yeast|r_2318|g1|s_2783,CatPred,True,
yeast|r_2318|g1|s_2851,CatPred,True,
yeast|r_2319|g1|s_0769,CatPred,True,
yeast|r_2319|g1|s_2783,CatPred,True,
yeast|r_2319|g1|s_2853,CatPred,True,
yeast|r_2320|g1|s_0631,CatPred,True,
yeast|r_2320|g1|s_0798,CatPred,True,
yeast|r_2320|g1|s_2847,CatPred,True,
yeast|r_2321|g1|s_0631,CatPred,True,
yeast|r_2321|g1|s_0798,CatPred,True,
yeast|r_2321|g1|s_2849,CatPred,True,
yeast|r_2322|g1|s_0631,CatPred,True,
yeast|r_2322|g1|s_0798,CatPred,True,
yeast|r_2322|g1|s_2851,CatPred,True,
yeast|r_2323|g1|s_0631,CatPred,True,
yeast|r_2323|g1|s_0798,CatPred,True,
yeast|r_2323|g1|s_2853,CatPred,True,
yeast|r_2324|g1|s_2783,CatPred,True,
yeast|r_2324|g1|s_2799,CatPred,True,
yeast|r_2324|g1|s_2940,CatPred,True,
yeast|r_2325|g1|s_2783,CatPred,True,
yeast|r_2325|g1|s_2799,CatPred,True,
yeast|r_2325|g1|s_2941,CatPred,False,missing_smiles
yeast|r_2326|g1|s_2783,CatPred,True,
yeast|r_2326|g1|s_2799,CatPred,True,
yeast|r_2326|g1|s_2942,CatPred,True,
yeast|r_2327|g1|s_2783,CatPred,True,
yeast|r_2327|g1|s_2799,CatPred,True,
yeast|r_2327|g1|s_2943,CatPred,True,
yeast|r_2328|g1|s_0798,CatPred,True,
yeast|r_2328|g1|s_2948,CatPred,True,
yeast|r_2328|g1|s_2952,CatPred,True,
yeast|r_2329|g1|s_0798,CatPred,True,
yeast|r_2329|g1|s_2949,CatPred,False,missing_smiles
yeast|r_2329|g1|s_2952,CatPred,True,
yeast|r_2330|g1|s_0798,CatPred,True,
yeast|r_2330|g1|s_2950,CatPred,True,
yeast|r_2330|g1|s_2952,CatPred,True,
yeast|r_2331|g1|s_0798,CatPred,True,
yeast|r_2331|g1|s_2951,CatPred,True,
yeast|r_2331|g1|s_2952,CatPred,True,
yeast|r_2332|g1|s_2819,CatPred,True,
yeast|r_2332|g1|s_2935,CatPred,True,
yeast|r_2333|g1|s_2821,CatPred,True,
yeast|r_2333|g1|s_2935,CatPred,True,
yeast|r_2333|g2|s_2821,CatPred,True,
yeast|r_2333|g2|s_2935,CatPred,True,
yeast|r_2334|g1|s_2819,CatPred,True,
yeast|r_2334|g1|s_2936,CatPred,True,
yeast|r_2335|g1|s_2821,CatPred,True,
yeast|r_2335|g1|s_2936,CatPred,True,
yeast|r_2335|g2|s_2821,CatPred,True,
yeast|r_2335|g2|s_2936,CatPred,True,
yeast|r_2336|g1|s_2819,CatPred,True,
yeast|r_2336|g1|s_2937,CatPred,True,
yeast|r_2337|g1|s_2821,CatPred,True,
yeast|r_2337|g1|s_2937,CatPred,True,
yeast|r_2337|g2|s_2821,CatPred,True,
yeast|r_2337|g2|s_2937,CatPred,True,
yeast|r_2338|g1|s_2819,CatPred,True,
yeast|r_2338|g1|s_2938,CatPred,True,
yeast|r_2339|g1|s_2821,CatPred,True,
yeast|r_2339|g1|s_2938,CatPred,True,
yeast|r_2339|g2|s_2821,CatPred,True,
yeast|r_2339|g2|s_2938,CatPred,True,
yeast|r_2340|g1|s_2853,CatPred,True,
yeast|r_2340|g1|s_2944,CatPred,True,
yeast|r_2340|g2|s_2853,CatPred,True,
yeast|r_2340|g2|s_2944,CatPred,True,
yeast|r_2340|g3|s_2853,CatPred,True,
yeast|r_2340|g3|s_2944,CatPred,True,
yeast|r_2341|g1|s_2853,CatPred,True,
yeast|r_2341|g1|s_2945,CatPred,True,
yeast|r_2341|g2|s_2853,CatPred,True,
yeast|r_2341|g2|s_2945,CatPred,True,
yeast|r_2341|g3|s_2853,CatPred,True,
yeast|r_2341|g3|s_2945,CatPred,True,
yeast|r_2342|g1|s_2853,CatPred,True,
yeast|r_2342|g1|s_2946,CatPred,True,
yeast|r_2342|g2|s_2853,CatPred,True,
yeast|r_2342|g2|s_2946,CatPred,True,
yeast|r_2342|g3|s_2853,CatPred,True,
yeast|r_2342|g3|s_2946,CatPred,True,
yeast|r_2343|g1|s_2853,CatPred,True,
yeast|r_2343|g1|s_2947,CatPred,True,
yeast|r_2343|g2|s_2853,CatPred,True,
yeast|r_2343|g2|s_2947,CatPred,True,
yeast|r_2343|g3|s_2853,CatPred,True,
yeast|r_2343|g3|s_2947,CatPred,True,
yeast|r_2344|g1|s_2808,CatPred,True,
yeast|r_2344|g1|s_2954,CatPred,True,
yeast|r_2345|g1|s_2808,CatPred,True,
yeast|r_2345|g1|s_2955,CatPred,True,
yeast|r_2346|g1|s_2808,CatPred,True,
yeast|r_2346|g1|s_2956,CatPred,True,
yeast|r_2347|g1|s_2808,CatPred,True,
yeast|r_2347|g1|s_2957,CatPred,True,
yeast|r_2348|g1|s_2808,CatPred,True,
yeast|r_2348|g1|s_2958,CatPred,True,
yeast|r_2349|g1|s_2808,CatPred,True,
yeast|r_2349|g1|s_2959,CatPred,True,
yeast|r_2350|g1|s_2808,CatPred,True,
yeast|r_2350|g1|s_2960,CatPred,True,
yeast|r_2351|g1|s_2808,CatPred,True,
yeast|r_2351|g1|s_2961,CatPred,True,
yeast|r_2352|g1|s_2975,CatPred,True,
yeast|r_2352|g1|s_2976,CatPred,True,
yeast|r_2353|g1|s_2976,CatPred,True,
yeast|r_2353|g1|s_2979,CatPred,True,
yeast|r_2354|g1|s_2976,CatPred,True,
yeast|r_2354|g1|s_2981,CatPred,True,
yeast|r_2355|g1|s_2976,CatPred,True,
yeast|r_2355|g1|s_2983,CatPred,True,
yeast|r_2356|g1|s_2976,CatPred,True,
yeast|r_2356|g1|s_2985,CatPred,True,
yeast|r_2357|g1|s_2976,CatPred,True,
yeast|r_2357|g1|s_2987,CatPred,True,
yeast|r_2358|g1|s_2976,CatPred,True,
yeast|r_2358|g1|s_2989,CatPred,True,
yeast|r_2359|g1|s_2976,CatPred,True,
yeast|r_2359|g1|s_2991,CatPred,True,
yeast|r_2360|g1|s_2993,CatPred,True,
yeast|r_2360|g1|s_2994,CatPred,True,
yeast|r_2361|g1|s_2994,CatPred,True,
yeast|r_2361|g1|s_2997,CatPred,True,
yeast|r_2362|g1|s_2994,CatPred,True,
yeast|r_2362|g1|s_2999,CatPred,True,
yeast|r_2363|g1|s_2994,CatPred,True,
yeast|r_2363|g1|s_3001,CatPred,True,
yeast|r_2364|g1|s_2994,CatPred,True,
yeast|r_2364|g1|s_3003,CatPred,True,
yeast|r_2365|g1|s_2994,CatPred,True,
yeast|r_2365|g1|s_3005,CatPred,True,
yeast|r_2366|g1|s_2994,CatPred,True,
yeast|r_2366|g1|s_3007,CatPred,True,
yeast|r_2367|g1|s_2994,CatPred,True,
yeast|r_2367|g1|s_3009,CatPred,True,
yeast|r_2368|g1|s_2789,CatPred,True,
yeast|r_2368|g1|s_2967,CatPred,True,
yeast|r_2368|g2|s_2789,CatPred,True,
yeast|r_2368|g2|s_2967,CatPred,True,
yeast|r_2368|g3|s_2789,CatPred,True,
yeast|r_2368|g3|s_2967,CatPred,True,
yeast|r_2369|g1|s_2789,CatPred,True,
yeast|r_2369|g1|s_2968,CatPred,True,
yeast|r_2369|g2|s_2789,CatPred,True,
yeast|r_2369|g2|s_2968,CatPred,True,
yeast|r_2369|g3|s_2789,CatPred,True,
yeast|r_2369|g3|s_2968,CatPred,True,
yeast|r_2370|g1|s_2789,CatPred,True,
yeast|r_2370|g1|s_2969,CatPred,True,
yeast|r_2370|g2|s_2789,CatPred,True,
yeast|r_2370|g2|s_2969,CatPred,True,
yeast|r_2370|g3|s_2789,CatPred,True,
yeast|r_2370|g3|s_2969,CatPred,True,
yeast|r_2371|g1|s_2789,CatPred,True,
yeast|r_2371|g1|s_2970,CatPred,True,
yeast|r_2371|g2|s_2789,CatPred,True,
yeast|r_2371|g2|s_2970,CatPred,True,
yeast|r_2371|g3|s_2789,CatPred,True,
yeast|r_2371|g3|s_2970,CatPred,True,
yeast|r_2372|g1|s_2789,CatPred,True,
yeast|r_2372|g1|s_2971,CatPred,True,
yeast|r_2372|g2|s_2789,CatPred,True,
yeast|r_2372|g2|s_2971,CatPred,True,
yeast|r_2372|g3|s_2789,CatPred,True,
yeast|r_2372|g3|s_2971,CatPred,True,
yeast|r_2373|g1|s_2789,CatPred,True,
yeast|r_2373|g1|s_2972,CatPred,True,
yeast|r_2373|g2|s_2789,CatPred,True,
yeast|r_2373|g2|s_2972,CatPred,True,
yeast|r_2373|g3|s_2789,CatPred,True,
yeast|r_2373|g3|s_2972,CatPred,True,
yeast|r_2374|g1|s_2789,CatPred,True,
yeast|r_2374|g1|s_2973,CatPred,True,
yeast|r_2374|g2|s_2789,CatPred,True,
yeast|r_2374|g2|s_2973,CatPred,True,
yeast|r_2374|g3|s_2789,CatPred,True,
yeast|r_2374|g3|s_2973,CatPred,True,
yeast|r_2375|g1|s_2789,CatPred,True,
yeast|r_2375|g1|s_2974,CatPred,True,
yeast|r_2375|g2|s_2789,CatPred,True,
yeast|r_2375|g2|s_2974,CatPred,True,
yeast|r_2375|g3|s_2789,CatPred,True,
yeast|r_2375|g3|s_2974,CatPred,True,
yeast|r_2376|g1|s_2819,CatPred,True,
yeast|r_2376|g1|s_2967,CatPred,True,
yeast|r_2376|g2|s_2819,CatPred,True,
yeast|r_2376|g2|s_2967,CatPred,True,
yeast|r_2376|g3|s_2819,CatPred,True,
yeast|r_2376|g3|s_2967,CatPred,True,
yeast|r_2377|g1|s_2819,CatPred,True,
yeast|r_2377|g1|s_2968,CatPred,True,
yeast|r_2377|g2|s_2819,CatPred,True,
yeast|r_2377|g2|s_2968,CatPred,True,
yeast|r_2377|g3|s_2819,CatPred,True,
yeast|r_2377|g3|s_2968,CatPred,True,
yeast|r_2378|g1|s_2819,CatPred,True,
yeast|r_2378|g1|s_2969,CatPred,True,
yeast|r_2378|g2|s_2819,CatPred,True,
yeast|r_2378|g2|s_2969,CatPred,True,
yeast|r_2378|g3|s_2819,CatPred,True,
yeast|r_2378|g3|s_2969,CatPred,True,
yeast|r_2379|g1|s_2819,CatPred,True,
yeast|r_2379|g1|s_2970,CatPred,True,
yeast|r_2379|g2|s_2819,CatPred,True,
yeast|r_2379|g2|s_2970,CatPred,True,
yeast|r_2379|g3|s_2819,CatPred,True,
yeast|r_2379|g3|s_2970,CatPred,True,
yeast|r_2380|g1|s_2819,CatPred,True,
yeast|r_2380|g1|s_2971,CatPred,True,
yeast|r_2380|g2|s_2819,CatPred,True,
yeast|r_2380|g2|s_2971,CatPred,True,
yeast|r_2380|g3|s_2819,CatPred,True,
yeast|r_2380|g3|s_2971,CatPred,True,
yeast|r_2381|g1|s_2819,CatPred,True,
yeast|r_2381|g1|s_2972,CatPred,True,
yeast|r_2381|g2|s_2819,CatPred,True,
yeast|r_2381|g2|s_2972,CatPred,True,
yeast|r_2381|g3|s_2819,CatPred,True,
yeast|r_2381|g3|s_2972,CatPred,True,
yeast|r_2382|g1|s_2819,CatPred,True,
yeast|r_2382|g1|s_2973,CatPred,True,
yeast|r_2382|g2|s_2819,CatPred,True,
yeast|r_2382|g2|s_2973,CatPred,True,
yeast|r_2382|g3|s_2819,CatPred,True,
yeast|r_2382|g3|s_2973,CatPred,True,
yeast|r_2383|g1|s_2819,CatPred,True,
yeast|r_2383|g1|s_2974,CatPred,True,
yeast|r_2383|g2|s_2819,CatPred,True,
yeast|r_2383|g2|s_2974,CatPred,True,
yeast|r_2383|g3|s_2819,CatPred,True,
yeast|r_2383|g3|s_2974,CatPred,True,
yeast|r_2384|g1|s_2791,CatPred,True,
yeast|r_2384|g1|s_2967,CatPred,True,
yeast|r_2384|g2|s_2791,CatPred,True,
yeast|r_2384|g2|s_2967,CatPred,True,
yeast|r_2384|g3|s_2791,CatPred,True,
yeast|r_2384|g3|s_2967,CatPred,True,
yeast|r_2385|g1|s_2791,CatPred,True,
yeast|r_2385|g1|s_2968,CatPred,True,
yeast|r_2385|g2|s_2791,CatPred,True,
yeast|r_2385|g2|s_2968,CatPred,True,
yeast|r_2385|g3|s_2791,CatPred,True,
yeast|r_2385|g3|s_2968,CatPred,True,
yeast|r_2386|g1|s_2791,CatPred,True,
yeast|r_2386|g1|s_2969,CatPred,True,
yeast|r_2386|g2|s_2791,CatPred,True,
yeast|r_2386|g2|s_2969,CatPred,True,
yeast|r_2386|g3|s_2791,CatPred,True,
yeast|r_2386|g3|s_2969,CatPred,True,
yeast|r_2387|g1|s_2791,CatPred,True,
yeast|r_2387|g1|s_2970,CatPred,True,
yeast|r_2387|g2|s_2791,CatPred,True,
yeast|r_2387|g2|s_2970,CatPred,True,
yeast|r_2387|g3|s_2791,CatPred,True,
yeast|r_2387|g3|s_2970,CatPred,True,
yeast|r_2388|g1|s_2791,CatPred,True,
yeast|r_2388|g1|s_2971,CatPred,True,
yeast|r_2388|g2|s_2791,CatPred,True,
yeast|r_2388|g2|s_2971,CatPred,True,
yeast|r_2388|g3|s_2791,CatPred,True,
yeast|r_2388|g3|s_2971,CatPred,True,
yeast|r_2389|g1|s_2791,CatPred,True,
yeast|r_2389|g1|s_2972,CatPred,True,
yeast|r_2389|g2|s_2791,CatPred,True,
yeast|r_2389|g2|s_2972,CatPred,True,
yeast|r_2389|g3|s_2791,CatPred,True,
yeast|r_2389|g3|s_2972,CatPred,True,
yeast|r_2390|g1|s_2791,CatPred,True,
yeast|r_2390|g1|s_2973,CatPred,True,
yeast|r_2390|g2|s_2791,CatPred,True,
yeast|r_2390|g2|s_2973,CatPred,True,
yeast|r_2390|g3|s_2791,CatPred,True,
yeast|r_2390|g3|s_2973,CatPred,True,
yeast|r_2391|g1|s_2791,CatPred,True,
yeast|r_2391|g1|s_2974,CatPred,True,
yeast|r_2391|g2|s_2791,CatPred,True,
yeast|r_2391|g2|s_2974,CatPred,True,
yeast|r_2391|g3|s_2791,CatPred,True,
yeast|r_2391|g3|s_2974,CatPred,True,
yeast|r_2392|g1|s_2821,CatPred,True,
yeast|r_2392|g1|s_2967,CatPred,True,
yeast|r_2392|g2|s_2821,CatPred,True,
yeast|r_2392|g2|s_2967,CatPred,True,
yeast|r_2392|g3|s_2821,CatPred,True,
yeast|r_2392|g3|s_2967,CatPred,True,
yeast|r_2393|g1|s_2821,CatPred,True,
yeast|r_2393|g1|s_2968,CatPred,True,
yeast|r_2393|g2|s_2821,CatPred,True,
yeast|r_2393|g2|s_2968,CatPred,True,
yeast|r_2393|g3|s_2821,CatPred,True,
yeast|r_2393|g3|s_2968,CatPred,True,
yeast|r_2394|g1|s_2821,CatPred,True,
yeast|r_2394|g1|s_2969,CatPred,True,
yeast|r_2394|g2|s_2821,CatPred,True,
yeast|r_2394|g2|s_2969,CatPred,True,
yeast|r_2394|g3|s_2821,CatPred,True,
yeast|r_2394|g3|s_2969,CatPred,True,
yeast|r_2395|g1|s_2821,CatPred,True,
yeast|r_2395|g1|s_2970,CatPred,True,
yeast|r_2395|g2|s_2821,CatPred,True,
yeast|r_2395|g2|s_2970,CatPred,True,
yeast|r_2395|g3|s_2821,CatPred,True,
yeast|r_2395|g3|s_2970,CatPred,True,
yeast|r_2396|g1|s_2821,CatPred,True,
yeast|r_2396|g1|s_2971,CatPred,True,
yeast|r_2396|g2|s_2821,CatPred,True,
yeast|r_2396|g2|s_2971,CatPred,True,
yeast|r_2396|g3|s_2821,CatPred,True,
yeast|r_2396|g3|s_2971,CatPred,True,
yeast|r_2397|g1|s_2821,CatPred,True,
yeast|r_2397|g1|s_2972,CatPred,True,
yeast|r_2397|g2|s_2821,CatPred,True,
yeast|r_2397|g2|s_2972,CatPred,True,
yeast|r_2397|g3|s_2821,CatPred,True,
yeast|r_2397|g3|s_2972,CatPred,True,
yeast|r_2398|g1|s_2821,CatPred,True,
yeast|r_2398|g1|s_2973,CatPred,True,
yeast|r_2398|g2|s_2821,CatPred,True,
yeast|r_2398|g2|s_2973,CatPred,True,
yeast|r_2398|g3|s_2821,CatPred,True,
yeast|r_2398|g3|s_2973,CatPred,True,
yeast|r_2399|g1|s_2821,CatPred,True,
yeast|r_2399|g1|s_2974,CatPred,True,
yeast|r_2399|g2|s_2821,CatPred,True,
yeast|r_2399|g2|s_2974,CatPred,True,
yeast|r_2399|g3|s_2821,CatPred,True,
yeast|r_2399|g3|s_2974,CatPred,True,
yeast|r_2400|g1|s_2847,CatPred,True,
yeast|r_2400|g1|s_3043,CatPred,True,
yeast|r_2401|g1|s_2847,CatPred,True,
yeast|r_2401|g1|s_3045,CatPred,True,
yeast|r_2402|g1|s_2847,CatPred,True,
yeast|r_2402|g1|s_3047,CatPred,True,
yeast|r_2403|g1|s_2847,CatPred,True,
yeast|r_2403|g1|s_3049,CatPred,True,
yeast|r_2404|g1|s_2847,CatPred,True,
yeast|r_2404|g1|s_3051,CatPred,True,
yeast|r_2405|g1|s_2847,CatPred,True,
yeast|r_2405|g1|s_3053,CatPred,True,
yeast|r_2406|g1|s_2847,CatPred,True,
yeast|r_2406|g1|s_3055,CatPred,True,
yeast|r_2407|g1|s_2847,CatPred,True,
yeast|r_2407|g1|s_3057,CatPred,True,
yeast|r_2408|g1|s_2849,CatPred,True,
yeast|r_2408|g1|s_3043,CatPred,True,
yeast|r_2409|g1|s_2849,CatPred,True,
yeast|r_2409|g1|s_3045,CatPred,True,
yeast|r_2410|g1|s_2849,CatPred,True,
yeast|r_2410|g1|s_3047,CatPred,True,
yeast|r_2411|g1|s_2849,CatPred,True,
yeast|r_2411|g1|s_3049,CatPred,True,
yeast|r_2412|g1|s_2849,CatPred,True,
yeast|r_2412|g1|s_3051,CatPred,True,
yeast|r_2413|g1|s_2849,CatPred,True,
yeast|r_2413|g1|s_3053,CatPred,True,
yeast|r_2414|g1|s_2849,CatPred,True,
yeast|r_2414|g1|s_3055,CatPred,True,
yeast|r_2415|g1|s_2849,CatPred,True,
yeast|r_2415|g1|s_3057,CatPred,True,
yeast|r_2416|g1|s_2851,CatPred,True,
yeast|r_2416|g1|s_3043,CatPred,True,
yeast|r_2417|g1|s_2851,CatPred,True,
yeast|r_2417|g1|s_3045,CatPred,True,
yeast|r_2418|g1|s_2851,CatPred,True,
yeast|r_2418|g1|s_3047,CatPred,True,
yeast|r_2419|g1|s_2851,CatPred,True,
yeast|r_2419|g1|s_3049,CatPred,True,
yeast|r_2420|g1|s_2851,CatPred,True,
yeast|r_2420|g1|s_3051,CatPred,True,
yeast|r_2421|g1|s_2851,CatPred,True,
yeast|r_2421|g1|s_3053,CatPred,True,
yeast|r_2422|g1|s_2851,CatPred,True,
yeast|r_2422|g1|s_3055,CatPred,True,
yeast|r_2423|g1|s_2851,CatPred,True,
yeast|r_2423|g1|s_3057,CatPred,True,
yeast|r_2424|g1|s_2853,CatPred,True,
yeast|r_2424|g1|s_3043,CatPred,True,
yeast|r_2425|g1|s_2853,CatPred,True,
yeast|r_2425|g1|s_3045,CatPred,True,
yeast|r_2426|g1|s_2853,CatPred,True,
yeast|r_2426|g1|s_3047,CatPred,True,
yeast|r_2427|g1|s_2853,CatPred,True,
yeast|r_2427|g1|s_3049,CatPred,True,
yeast|r_2428|g1|s_2853,CatPred,True,
yeast|r_2428|g1|s_3051,CatPred,True,
yeast|r_2429|g1|s_2853,CatPred,True,
yeast|r_2429|g1|s_3053,CatPred,True,
yeast|r_2430|g1|s_2853,CatPred,True,
yeast|r_2430|g1|s_3055,CatPred,True,
yeast|r_2431|g1|s_2853,CatPred,True,
yeast|r_2431|g1|s_3057,CatPred,True,
yeast|r_2432|g1|s_2783,CatPred,True,
yeast|r_2432|g1|s_2954,CatPred,True,
yeast|r_2432|g1|s_3083,CatPred,True,
yeast|r_2433|g1|s_2783,CatPred,True,
yeast|r_2433|g1|s_2956,CatPred,True,
yeast|r_2433|g1|s_3083,CatPred,True,
yeast|r_2434|g1|s_2783,CatPred,True,
yeast|r_2434|g1|s_2958,CatPred,True,
yeast|r_2434|g1|s_3083,CatPred,True,
yeast|r_2435|g1|s_2783,CatPred,True,
yeast|r_2435|g1|s_2960,CatPred,True,
yeast|r_2435|g1|s_3083,CatPred,True,
yeast|r_2436|g1|s_2783,CatPred,True,
yeast|r_2436|g1|s_2955,CatPred,True,
yeast|r_2436|g1|s_3083,CatPred,True,
yeast|r_2437|g1|s_2783,CatPred,True,
yeast|r_2437|g1|s_2957,CatPred,True,
yeast|r_2437|g1|s_3083,CatPred,True,
yeast|r_2438|g1|s_2783,CatPred,True,
yeast|r_2438|g1|s_2959,CatPred,True,
yeast|r_2438|g1|s_3083,CatPred,True,
yeast|r_2439|g1|s_2783,CatPred,True,
yeast|r_2439|g1|s_2961,CatPred,True,
yeast|r_2439|g1|s_3083,CatPred,True,
yeast|r_2440|g1|s_3092,CatPred,True,
yeast|r_2440|g1|s_3093,CatPred,True,
yeast|r_2440|g1|s_3094,CatPred,True,
yeast|r_2441|g1|s_3093,CatPred,True,
yeast|r_2441|g1|s_3094,CatPred,True,
yeast|r_2441|g1|s_3097,CatPred,True,
yeast|r_2442|g1|s_3093,CatPred,True,
yeast|r_2442|g1|s_3094,CatPred,True,
yeast|r_2442|g1|s_3099,CatPred,True,
yeast|r_2443|g1|s_3093,CatPred,True,
yeast|r_2443|g1|s_3094,CatPred,True,
yeast|r_2443|g1|s_3101,CatPred,True,
yeast|r_2444|g1|s_3093,CatPred,True,
yeast|r_2444|g1|s_3094,CatPred,True,
yeast|r_2444|g1|s_3103,CatPred,True,
yeast|r_2445|g1|s_3093,CatPred,True,
yeast|r_2445|g1|s_3094,CatPred,True,
yeast|r_2445|g1|s_3105,CatPred,True,
yeast|r_2446|g1|s_3084,CatPred,False,missing_smiles
yeast|r_2446|g1|s_3107,CatPred,True,
yeast|r_2447|g1|s_3085,CatPred,True,
yeast|r_2447|g1|s_3107,CatPred,True,
yeast|r_2448|g1|s_3086,CatPred,False,missing_smiles
yeast|r_2448|g1|s_3107,CatPred,True,
yeast|r_2449|g1|s_3087,CatPred,False,missing_smiles
yeast|r_2449|g1|s_3107,CatPred,True,
yeast|r_2450|g1|s_3088,CatPred,True,
yeast|r_2450|g1|s_3107,CatPred,True,
yeast|r_2451|g1|s_3089,CatPred,False,missing_smiles
yeast|r_2451|g1|s_3107,CatPred,True,
yeast|r_2452|g1|s_3090,CatPred,False,missing_smiles
yeast|r_2452|g1|s_3107,CatPred,True,
yeast|r_2453|g1|s_3091,CatPred,True,
yeast|r_2453|g1|s_3107,CatPred,True,
yeast|r_2454|g1|s_3084,CatPred,False,missing_smiles
yeast|r_2454|g1|s_3117,CatPred,True,
yeast|r_2455|g1|s_3085,CatPred,True,
yeast|r_2455|g1|s_3117,CatPred,True,
yeast|r_2456|g1|s_3086,CatPred,False,missing_smiles
yeast|r_2456|g1|s_3117,CatPred,True,
yeast|r_2457|g1|s_3087,CatPred,False,missing_smiles
yeast|r_2457|g1|s_3117,CatPred,True,
yeast|r_2458|g1|s_3088,CatPred,True,
yeast|r_2458|g1|s_3117,CatPred,True,
yeast|r_2459|g1|s_3089,CatPred,False,missing_smiles
yeast|r_2459|g1|s_3117,CatPred,True,
yeast|r_2460|g1|s_3090,CatPred,False,missing_smiles
yeast|r_2460|g1|s_3117,CatPred,True,
yeast|r_2461|g1|s_3091,CatPred,True,
yeast|r_2461|g1|s_3117,CatPred,True,
yeast|r_2462|g1|s_2791,CatPred,True,
yeast|r_2462|g1|s_3126,CatPred,False,missing_smiles
yeast|r_2463|g1|s_2791,CatPred,True,
yeast|r_2463|g1|s_3127,CatPred,False,missing_smiles
yeast|r_2464|g1|s_3128,CatPred,True,
yeast|r_2465|g1|s_3131,CatPred,True,
yeast|r_2466|g1|s_3133,CatPred,True,
yeast|r_2467|g1|s_3135,CatPred,True,
yeast|r_2468|g1|s_3137,CatPred,True,
yeast|r_2469|g1|s_3139,CatPred,True,
yeast|r_2470|g1|s_3141,CatPred,True,
yeast|r_2471|g1|s_3143,CatPred,True,
yeast|r_2472|g1|s_3145,CatPred,True,
yeast|r_2473|g1|s_3149,CatPred,True,
yeast|r_2474|g1|s_3151,CatPred,True,
yeast|r_2475|g1|s_3153,CatPred,True,
yeast|r_2476|g1|s_3155,CatPred,True,
yeast|r_2477|g1|s_3157,CatPred,True,
yeast|r_2478|g1|s_3159,CatPred,True,
yeast|r_2479|g1|s_3161,CatPred,True,
yeast|r_2480|g1|s_3163,CatPred,True,
yeast|r_2481|g1|s_3167,CatPred,True,
yeast|r_2482|g1|s_3169,CatPred,True,
yeast|r_2483|g1|s_3171,CatPred,True,
yeast|r_2484|g1|s_3173,CatPred,True,
yeast|r_2485|g1|s_3175,CatPred,True,
yeast|r_2486|g1|s_3177,CatPred,True,
yeast|r_2487|g1|s_3179,CatPred,True,
yeast|r_2488|g1|s_3181,CatPred,True,
yeast|r_2488|g1|s_3182,CatPred,True,
yeast|r_2489|g1|s_3182,CatPred,True,
yeast|r_2489|g1|s_3185,CatPred,True,
yeast|r_2490|g1|s_3182,CatPred,True,
yeast|r_2490|g1|s_3187,CatPred,True,
yeast|r_2491|g1|s_3182,CatPred,True,
yeast|r_2491|g1|s_3189,CatPred,True,
yeast|r_2492|g1|s_3182,CatPred,True,
yeast|r_2492|g1|s_3191,CatPred,True,
yeast|r_2493|g1|s_3182,CatPred,True,
yeast|r_2493|g1|s_3193,CatPred,True,
yeast|r_2494|g1|s_3182,CatPred,True,
yeast|r_2494|g1|s_3195,CatPred,True,
yeast|r_2495|g1|s_3182,CatPred,True,
yeast|r_2495|g1|s_3197,CatPred,True,
yeast|r_2496|g1|s_3182,CatPred,True,
yeast|r_2496|g1|s_3184,CatPred,False,missing_smiles
yeast|r_2497|g1|s_3182,CatPred,True,
yeast|r_2497|g1|s_3186,CatPred,False,missing_smiles
yeast|r_2498|g1|s_3182,CatPred,True,
yeast|r_2498|g1|s_3188,CatPred,False,missing_smiles
yeast|r_2499|g1|s_3182,CatPred,True,
yeast|r_2499|g1|s_3190,CatPred,False,missing_smiles
yeast|r_2500|g1|s_3182,CatPred,True,
yeast|r_2500|g1|s_3192,CatPred,False,missing_smiles
yeast|r_2501|g1|s_3182,CatPred,True,
yeast|r_2501|g1|s_3194,CatPred,False,missing_smiles
yeast|r_2502|g1|s_3182,CatPred,True,
yeast|r_2502|g1|s_3196,CatPred,False,missing_smiles
yeast|r_2503|g1|s_3182,CatPred,True,
yeast|r_2503|g1|s_3198,CatPred,True,
yeast|r_2504|g1|s_3182,CatPred,True,
yeast|r_2504|g1|s_3199,CatPred,False,missing_smiles
yeast|r_2505|g1|s_3182,CatPred,True,
yeast|r_2505|g1|s_3200,CatPred,False,missing_smiles
yeast|r_2506|g1|s_3182,CatPred,True,
yeast|r_2506|g1|s_3201,CatPred,False,missing_smiles
yeast|r_2507|g1|s_3182,CatPred,True,
yeast|r_2507|g1|s_3202,CatPred,False,missing_smiles
yeast|r_2508|g1|s_3182,CatPred,True,
yeast|r_2508|g1|s_3203,CatPred,False,missing_smiles
yeast|r_2509|g1|s_3182,CatPred,True,
yeast|r_2509|g1|s_3204,CatPred,False,missing_smiles
yeast|r_2510|g1|s_3182,CatPred,True,
yeast|r_2510|g1|s_3205,CatPred,False,missing_smiles
yeast|r_2511|g1|s_3182,CatPred,True,
yeast|r_2511|g1|s_3206,CatPred,True,
yeast|r_2512|g1|s_2783,CatPred,True,
yeast|r_2512|g1|s_2967,CatPred,True,
yeast|r_2512|g1|s_3083,CatPred,True,
yeast|r_2513|g1|s_2783,CatPred,True,
yeast|r_2513|g1|s_2969,CatPred,True,
yeast|r_2513|g1|s_3083,CatPred,True,
yeast|r_2514|g1|s_2783,CatPred,True,
yeast|r_2514|g1|s_2971,CatPred,True,
yeast|r_2514|g1|s_3083,CatPred,True,
yeast|r_2515|g1|s_2783,CatPred,True,
yeast|r_2515|g1|s_2973,CatPred,True,
yeast|r_2515|g1|s_3083,CatPred,True,
yeast|r_2516|g1|s_2783,CatPred,True,
yeast|r_2516|g1|s_2968,CatPred,True,
yeast|r_2516|g1|s_3083,CatPred,True,
yeast|r_2517|g1|s_2783,CatPred,True,
yeast|r_2517|g1|s_2970,CatPred,True,
yeast|r_2517|g1|s_3083,CatPred,True,
yeast|r_2518|g1|s_2783,CatPred,True,
yeast|r_2518|g1|s_2972,CatPred,True,
yeast|r_2518|g1|s_3083,CatPred,True,
yeast|r_2519|g1|s_2783,CatPred,True,
yeast|r_2519|g1|s_2974,CatPred,True,
yeast|r_2519|g1|s_3083,CatPred,True,
yeast|r_2520|g1|s_2967,CatPred,True,
yeast|r_2520|g1|s_3216,CatPred,True,
yeast|r_2521|g1|s_2969,CatPred,True,
yeast|r_2521|g1|s_3216,CatPred,True,
yeast|r_2522|g1|s_2971,CatPred,True,
yeast|r_2522|g1|s_3216,CatPred,True,
yeast|r_2523|g1|s_2973,CatPred,True,
yeast|r_2523|g1|s_3216,CatPred,True,
yeast|r_2524|g1|s_2968,CatPred,True,
yeast|r_2524|g1|s_3216,CatPred,True,
yeast|r_2525|g1|s_2970,CatPred,True,
yeast|r_2525|g1|s_3216,CatPred,True,
yeast|r_2526|g1|s_2972,CatPred,True,
yeast|r_2526|g1|s_3216,CatPred,True,
yeast|r_2527|g1|s_2974,CatPred,True,
yeast|r_2527|g1|s_3216,CatPred,True,
yeast|r_2528|g1|s_2967,CatPred,True,
yeast|r_2528|g1|s_3217,CatPred,True,
yeast|r_2528|g2|s_2967,CatPred,True,
yeast|r_2528|g2|s_3217,CatPred,True,
yeast|r_2529|g1|s_2969,CatPred,True,
yeast|r_2529|g1|s_3217,CatPred,True,
yeast|r_2529|g2|s_2969,CatPred,True,
yeast|r_2529|g2|s_3217,CatPred,True,
yeast|r_2530|g1|s_2971,CatPred,True,
yeast|r_2530|g1|s_3217,CatPred,True,
yeast|r_2530|g2|s_2971,CatPred,True,
yeast|r_2530|g2|s_3217,CatPred,True,
yeast|r_2531|g1|s_2973,CatPred,True,
yeast|r_2531|g1|s_3217,CatPred,True,
yeast|r_2531|g2|s_2973,CatPred,True,
yeast|r_2531|g2|s_3217,CatPred,True,
yeast|r_2532|g1|s_2968,CatPred,True,
yeast|r_2532|g1|s_3217,CatPred,True,
yeast|r_2532|g2|s_2968,CatPred,True,
yeast|r_2532|g2|s_3217,CatPred,True,
yeast|r_2533|g1|s_2970,CatPred,True,
yeast|r_2533|g1|s_3217,CatPred,True,
yeast|r_2533|g2|s_2970,CatPred,True,
yeast|r_2533|g2|s_3217,CatPred,True,
yeast|r_2534|g1|s_2972,CatPred,True,
yeast|r_2534|g1|s_3217,CatPred,True,
yeast|r_2534|g2|s_2972,CatPred,True,
yeast|r_2534|g2|s_3217,CatPred,True,
yeast|r_2535|g1|s_2974,CatPred,True,
yeast|r_2535|g1|s_3217,CatPred,True,
yeast|r_2535|g2|s_2974,CatPred,True,
yeast|r_2535|g2|s_3217,CatPred,True,
yeast|r_2536|g1|s_3096,CatPred,False,missing_smiles
yeast|r_2536|g1|s_3218,CatPred,True,
yeast|r_2537|g1|s_3098,CatPred,True,
yeast|r_2537|g1|s_3218,CatPred,True,
yeast|r_2538|g1|s_3100,CatPred,False,missing_smiles
yeast|r_2538|g1|s_3218,CatPred,True,
yeast|r_2539|g1|s_3102,CatPred,False,missing_smiles
yeast|r_2539|g1|s_3218,CatPred,True,
yeast|r_2540|g1|s_3104,CatPred,True,
yeast|r_2540|g1|s_3218,CatPred,True,
yeast|r_2541|g1|s_3106,CatPred,False,missing_smiles
yeast|r_2541|g1|s_3218,CatPred,True,
yeast|r_2542|g1|s_3220,CatPred,False,missing_smiles
yeast|r_2542|g1|s_3226,CatPred,True,
yeast|r_2543|g1|s_3221,CatPred,False,missing_smiles
yeast|r_2543|g1|s_3226,CatPred,True,
yeast|r_2544|g1|s_3222,CatPred,False,missing_smiles
yeast|r_2544|g1|s_3226,CatPred,True,
yeast|r_2545|g1|s_3223,CatPred,False,missing_smiles
yeast|r_2545|g1|s_3226,CatPred,True,
yeast|r_2546|g1|s_3224,CatPred,True,
yeast|r_2546|g1|s_3226,CatPred,True,
yeast|r_2547|g1|s_3225,CatPred,False,missing_smiles
yeast|r_2547|g1|s_3226,CatPred,True,
yeast|r_2548|g1|s_3096,CatPred,False,missing_smiles
yeast|r_2548|g1|s_3227,CatPred,True,
yeast|r_2549|g1|s_3096,CatPred,False,missing_smiles
yeast|r_2549|g1|s_3229,CatPred,False,missing_smiles
yeast|r_2550|g1|s_3096,CatPred,False,missing_smiles
yeast|r_2550|g1|s_3230,CatPred,True,
yeast|r_2551|g1|s_3096,CatPred,False,missing_smiles
yeast|r_2551|g1|s_3231,CatPred,True,
yeast|r_2552|g1|s_3096,CatPred,False,missing_smiles
yeast|r_2552|g1|s_3232,CatPred,True,
yeast|r_2553|g1|s_3096,CatPred,False,missing_smiles
yeast|r_2553|g1|s_3233,CatPred,True,
yeast|r_2554|g1|s_3098,CatPred,True,
yeast|r_2554|g1|s_3227,CatPred,True,
yeast|r_2555|g1|s_3098,CatPred,True,
yeast|r_2555|g1|s_3229,CatPred,False,missing_smiles
yeast|r_2556|g1|s_3098,CatPred,True,
yeast|r_2556|g1|s_3230,CatPred,True,
yeast|r_2557|g1|s_3098,CatPred,True,
yeast|r_2557|g1|s_3231,CatPred,True,
yeast|r_2558|g1|s_3098,CatPred,True,
yeast|r_2558|g1|s_3232,CatPred,True,
yeast|r_2559|g1|s_3098,CatPred,True,
yeast|r_2559|g1|s_3233,CatPred,True,
yeast|r_2560|g1|s_3100,CatPred,False,missing_smiles
yeast|r_2560|g1|s_3227,CatPred,True,
yeast|r_2561|g1|s_3100,CatPred,False,missing_smiles
yeast|r_2561|g1|s_3229,CatPred,False,missing_smiles
yeast|r_2562|g1|s_3100,CatPred,False,missing_smiles
yeast|r_2562|g1|s_3230,CatPred,True,
yeast|r_2563|g1|s_3100,CatPred,False,missing_smiles
yeast|r_2563|g1|s_3231,CatPred,True,
yeast|r_2564|g1|s_3100,CatPred,False,missing_smiles
yeast|r_2564|g1|s_3232,CatPred,True,
yeast|r_2565|g1|s_3100,CatPred,False,missing_smiles
yeast|r_2565|g1|s_3233,CatPred,True,
yeast|r_2566|g1|s_3102,CatPred,False,missing_smiles
yeast|r_2566|g1|s_3227,CatPred,True,
yeast|r_2567|g1|s_3102,CatPred,False,missing_smiles
yeast|r_2567|g1|s_3229,CatPred,False,missing_smiles
yeast|r_2568|g1|s_3102,CatPred,False,missing_smiles
yeast|r_2568|g1|s_3230,CatPred,True,
yeast|r_2569|g1|s_3102,CatPred,False,missing_smiles
yeast|r_2569|g1|s_3231,CatPred,True,
yeast|r_2570|g1|s_3102,CatPred,False,missing_smiles
yeast|r_2570|g1|s_3232,CatPred,True,
yeast|r_2571|g1|s_3102,CatPred,False,missing_smiles
yeast|r_2571|g1|s_3233,CatPred,True,
yeast|r_2572|g1|s_3104,CatPred,True,
yeast|r_2572|g1|s_3227,CatPred,True,
yeast|r_2573|g1|s_3104,CatPred,True,
yeast|r_2573|g1|s_3229,CatPred,False,missing_smiles
yeast|r_2574|g1|s_3104,CatPred,True,
yeast|r_2574|g1|s_3230,CatPred,True,
yeast|r_2575|g1|s_3104,CatPred,True,
yeast|r_2575|g1|s_3231,CatPred,True,
yeast|r_2576|g1|s_3104,CatPred,True,
yeast|r_2576|g1|s_3232,CatPred,True,
yeast|r_2577|g1|s_3104,CatPred,True,
yeast|r_2577|g1|s_3233,CatPred,True,
yeast|r_2578|g1|s_3106,CatPred,False,missing_smiles
yeast|r_2578|g1|s_3227,CatPred,True,
yeast|r_2579|g1|s_3106,CatPred,False,missing_smiles
yeast|r_2579|g1|s_3229,CatPred,False,missing_smiles
yeast|r_2580|g1|s_3106,CatPred,False,missing_smiles
yeast|r_2580|g1|s_3230,CatPred,True,
yeast|r_2581|g1|s_3106,CatPred,False,missing_smiles
yeast|r_2581|g1|s_3231,CatPred,True,
yeast|r_2582|g1|s_3106,CatPred,False,missing_smiles
yeast|r_2582|g1|s_3232,CatPred,True,
yeast|r_2583|g1|s_3106,CatPred,False,missing_smiles
yeast|r_2583|g1|s_3233,CatPred,True,
yeast|r_2584|g1|s_3226,CatPred,True,
yeast|r_2584|g1|s_3234,CatPred,True,
yeast|r_2585|g1|s_3226,CatPred,True,
yeast|r_2585|g1|s_3235,CatPred,True,
yeast|r_2586|g1|s_3226,CatPred,True,
yeast|r_2586|g1|s_3236,CatPred,True,
yeast|r_2587|g1|s_3226,CatPred,True,
yeast|r_2587|g1|s_3237,CatPred,True,
yeast|r_2588|g1|s_3226,CatPred,True,
yeast|r_2588|g1|s_3238,CatPred,True,
yeast|r_2589|g1|s_3226,CatPred,True,
yeast|r_2589|g1|s_3239,CatPred,True,
yeast|r_2590|g1|s_3226,CatPred,True,
yeast|r_2590|g1|s_3246,CatPred,False,missing_smiles
yeast|r_2591|g1|s_3226,CatPred,True,
yeast|r_2591|g1|s_3247,CatPred,False,missing_smiles
yeast|r_2592|g1|s_3226,CatPred,True,
yeast|r_2592|g1|s_3248,CatPred,False,missing_smiles
yeast|r_2593|g1|s_3226,CatPred,True,
yeast|r_2593|g1|s_3249,CatPred,False,missing_smiles
yeast|r_2594|g1|s_3226,CatPred,True,
yeast|r_2594|g1|s_3250,CatPred,False,missing_smiles
yeast|r_2595|g1|s_3226,CatPred,True,
yeast|r_2595|g1|s_3251,CatPred,False,missing_smiles
yeast|r_2596|g1|s_3226,CatPred,True,
yeast|r_2596|g1|s_3258,CatPred,False,missing_smiles
yeast|r_2597|g1|s_3226,CatPred,True,
yeast|r_2597|g1|s_3259,CatPred,True,
yeast|r_2598|g1|s_3226,CatPred,True,
yeast|r_2598|g1|s_3260,CatPred,False,missing_smiles
yeast|r_2599|g1|s_3226,CatPred,True,
yeast|r_2599|g1|s_3261,CatPred,True,
yeast|r_2600|g1|s_3226,CatPred,True,
yeast|r_2600|g1|s_3262,CatPred,False,missing_smiles
yeast|r_2601|g1|s_3226,CatPred,True,
yeast|r_2601|g1|s_3263,CatPred,True,
yeast|r_2602|g1|s_3226,CatPred,True,
yeast|r_2602|g1|s_3234,CatPred,True,
yeast|r_2603|g1|s_3226,CatPred,True,
yeast|r_2603|g1|s_3236,CatPred,True,
yeast|r_2604|g1|s_3226,CatPred,True,
yeast|r_2604|g1|s_3238,CatPred,True,
yeast|r_2605|g1|s_3226,CatPred,True,
yeast|r_2605|g1|s_3240,CatPred,False,missing_smiles
yeast|r_2606|g1|s_3226,CatPred,True,
yeast|r_2606|g1|s_3242,CatPred,False,missing_smiles
yeast|r_2607|g1|s_3226,CatPred,True,
yeast|r_2607|g1|s_3244,CatPred,False,missing_smiles
yeast|r_2608|g1|s_3226,CatPred,True,
yeast|r_2608|g1|s_3246,CatPred,False,missing_smiles
yeast|r_2609|g1|s_3226,CatPred,True,
yeast|r_2609|g1|s_3248,CatPred,False,missing_smiles
yeast|r_2610|g1|s_3226,CatPred,True,
yeast|r_2610|g1|s_3250,CatPred,False,missing_smiles
yeast|r_2611|g1|s_3226,CatPred,True,
yeast|r_2611|g1|s_3252,CatPred,False,missing_smiles
yeast|r_2612|g1|s_3226,CatPred,True,
yeast|r_2612|g1|s_3254,CatPred,False,missing_smiles
yeast|r_2613|g1|s_3226,CatPred,True,
yeast|r_2613|g1|s_3256,CatPred,False,missing_smiles
yeast|r_2614|g1|s_3226,CatPred,True,
yeast|r_2614|g1|s_3258,CatPred,False,missing_smiles
yeast|r_2615|g1|s_3226,CatPred,True,
yeast|r_2615|g1|s_3260,CatPred,False,missing_smiles
yeast|r_2616|g1|s_3226,CatPred,True,
yeast|r_2616|g1|s_3262,CatPred,False,missing_smiles
yeast|r_2617|g1|s_3226,CatPred,True,
yeast|r_2617|g1|s_3264,CatPred,False,missing_smiles
yeast|r_2618|g1|s_3226,CatPred,True,
yeast|r_2618|g1|s_3266,CatPred,False,missing_smiles
yeast|r_2619|g1|s_3226,CatPred,True,
yeast|r_2619|g1|s_3268,CatPred,False,missing_smiles
yeast|r_2620|g1|s_3270,CatPred,False,missing_smiles
yeast|r_2620|g1|s_3296,CatPred,True,
yeast|r_2621|g1|s_3270,CatPred,False,missing_smiles
yeast|r_2621|g1|s_3298,CatPred,True,
yeast|r_2622|g1|s_3270,CatPred,False,missing_smiles
yeast|r_2622|g1|s_3300,CatPred,True,
yeast|r_2623|g1|s_3270,CatPred,False,missing_smiles
yeast|r_2623|g1|s_3302,CatPred,True,
yeast|r_2624|g1|s_3270,CatPred,False,missing_smiles
yeast|r_2624|g1|s_3304,CatPred,True,
yeast|r_2625|g1|s_3270,CatPred,False,missing_smiles
yeast|r_2625|g1|s_3305,CatPred,True,
yeast|r_2626|g1|s_3270,CatPred,False,missing_smiles
yeast|r_2626|g1|s_3306,CatPred,True,
yeast|r_2627|g1|s_3270,CatPred,False,missing_smiles
yeast|r_2627|g1|s_3307,CatPred,True,
yeast|r_2628|g1|s_3272,CatPred,False,missing_smiles
yeast|r_2628|g1|s_3296,CatPred,True,
yeast|r_2629|g1|s_3272,CatPred,False,missing_smiles
yeast|r_2629|g1|s_3298,CatPred,True,
yeast|r_2630|g1|s_3272,CatPred,False,missing_smiles
yeast|r_2630|g1|s_3300,CatPred,True,
yeast|r_2631|g1|s_3272,CatPred,False,missing_smiles
yeast|r_2631|g1|s_3302,CatPred,True,
yeast|r_2632|g1|s_3272,CatPred,False,missing_smiles
yeast|r_2632|g1|s_3304,CatPred,True,
yeast|r_2633|g1|s_3272,CatPred,False,missing_smiles
yeast|r_2633|g1|s_3305,CatPred,True,
yeast|r_2634|g1|s_3272,CatPred,False,missing_smiles
yeast|r_2634|g1|s_3306,CatPred,True,
yeast|r_2635|g1|s_3272,CatPred,False,missing_smiles
yeast|r_2635|g1|s_3307,CatPred,True,
yeast|r_2636|g1|s_3273,CatPred,False,missing_smiles
yeast|r_2636|g1|s_3296,CatPred,True,
yeast|r_2637|g1|s_3273,CatPred,False,missing_smiles
yeast|r_2637|g1|s_3298,CatPred,True,
yeast|r_2638|g1|s_3273,CatPred,False,missing_smiles
yeast|r_2638|g1|s_3300,CatPred,True,
yeast|r_2639|g1|s_3273,CatPred,False,missing_smiles
yeast|r_2639|g1|s_3302,CatPred,True,
yeast|r_2640|g1|s_3273,CatPred,False,missing_smiles
yeast|r_2640|g1|s_3304,CatPred,True,
yeast|r_2641|g1|s_3273,CatPred,False,missing_smiles
yeast|r_2641|g1|s_3305,CatPred,True,
yeast|r_2642|g1|s_3273,CatPred,False,missing_smiles
yeast|r_2642|g1|s_3306,CatPred,True,
yeast|r_2643|g1|s_3273,CatPred,False,missing_smiles
yeast|r_2643|g1|s_3307,CatPred,True,
yeast|r_2644|g1|s_3274,CatPred,False,missing_smiles
yeast|r_2644|g1|s_3296,CatPred,True,
yeast|r_2645|g1|s_3274,CatPred,False,missing_smiles
yeast|r_2645|g1|s_3298,CatPred,True,
yeast|r_2646|g1|s_3274,CatPred,False,missing_smiles
yeast|r_2646|g1|s_3300,CatPred,True,
yeast|r_2647|g1|s_3274,CatPred,False,missing_smiles
yeast|r_2647|g1|s_3302,CatPred,True,
yeast|r_2648|g1|s_3274,CatPred,False,missing_smiles
yeast|r_2648|g1|s_3304,CatPred,True,
yeast|r_2649|g1|s_3274,CatPred,False,missing_smiles
yeast|r_2649|g1|s_3305,CatPred,True,
yeast|r_2650|g1|s_3274,CatPred,False,missing_smiles
yeast|r_2650|g1|s_3306,CatPred,True,
yeast|r_2651|g1|s_3274,CatPred,False,missing_smiles
yeast|r_2651|g1|s_3307,CatPred,True,
yeast|r_2652|g1|s_3275,CatPred,False,missing_smiles
yeast|r_2652|g1|s_3296,CatPred,True,
yeast|r_2653|g1|s_3275,CatPred,False,missing_smiles
yeast|r_2653|g1|s_3298,CatPred,True,
yeast|r_2654|g1|s_3275,CatPred,False,missing_smiles
yeast|r_2654|g1|s_3300,CatPred,True,
yeast|r_2655|g1|s_3275,CatPred,False,missing_smiles
yeast|r_2655|g1|s_3302,CatPred,True,
yeast|r_2656|g1|s_3275,CatPred,False,missing_smiles
yeast|r_2656|g1|s_3304,CatPred,True,
yeast|r_2657|g1|s_3275,CatPred,False,missing_smiles
yeast|r_2657|g1|s_3305,CatPred,True,
yeast|r_2658|g1|s_3275,CatPred,False,missing_smiles
yeast|r_2658|g1|s_3306,CatPred,True,
yeast|r_2659|g1|s_3275,CatPred,False,missing_smiles
yeast|r_2659|g1|s_3307,CatPred,True,
yeast|r_2660|g1|s_3276,CatPred,False,missing_smiles
yeast|r_2660|g1|s_3296,CatPred,True,
yeast|r_2661|g1|s_3276,CatPred,False,missing_smiles
yeast|r_2661|g1|s_3298,CatPred,True,
yeast|r_2662|g1|s_3276,CatPred,False,missing_smiles
yeast|r_2662|g1|s_3300,CatPred,True,
yeast|r_2663|g1|s_3276,CatPred,False,missing_smiles
yeast|r_2663|g1|s_3302,CatPred,True,
yeast|r_2664|g1|s_3276,CatPred,False,missing_smiles
yeast|r_2664|g1|s_3304,CatPred,True,
yeast|r_2665|g1|s_3276,CatPred,False,missing_smiles
yeast|r_2665|g1|s_3305,CatPred,True,
yeast|r_2666|g1|s_3276,CatPred,False,missing_smiles
yeast|r_2666|g1|s_3306,CatPred,True,
yeast|r_2667|g1|s_3276,CatPred,False,missing_smiles
yeast|r_2667|g1|s_3307,CatPred,True,
yeast|r_2668|g1|s_3278,CatPred,False,missing_smiles
yeast|r_2668|g1|s_3296,CatPred,True,
yeast|r_2669|g1|s_3278,CatPred,False,missing_smiles
yeast|r_2669|g1|s_3298,CatPred,True,
yeast|r_2670|g1|s_3278,CatPred,False,missing_smiles
yeast|r_2670|g1|s_3300,CatPred,True,
yeast|r_2671|g1|s_3278,CatPred,False,missing_smiles
yeast|r_2671|g1|s_3302,CatPred,True,
yeast|r_2672|g1|s_3278,CatPred,False,missing_smiles
yeast|r_2672|g1|s_3304,CatPred,True,
yeast|r_2673|g1|s_3278,CatPred,False,missing_smiles
yeast|r_2673|g1|s_3305,CatPred,True,
yeast|r_2674|g1|s_3278,CatPred,False,missing_smiles
yeast|r_2674|g1|s_3306,CatPred,True,
yeast|r_2675|g1|s_3278,CatPred,False,missing_smiles
yeast|r_2675|g1|s_3307,CatPred,True,
yeast|r_2676|g1|s_3279,CatPred,False,missing_smiles
yeast|r_2676|g1|s_3296,CatPred,True,
yeast|r_2677|g1|s_3279,CatPred,False,missing_smiles
yeast|r_2677|g1|s_3298,CatPred,True,
yeast|r_2678|g1|s_3279,CatPred,False,missing_smiles
yeast|r_2678|g1|s_3300,CatPred,True,
yeast|r_2679|g1|s_3279,CatPred,False,missing_smiles
yeast|r_2679|g1|s_3302,CatPred,True,
yeast|r_2680|g1|s_3279,CatPred,False,missing_smiles
yeast|r_2680|g1|s_3304,CatPred,True,
yeast|r_2681|g1|s_3279,CatPred,False,missing_smiles
yeast|r_2681|g1|s_3305,CatPred,True,
yeast|r_2682|g1|s_3279,CatPred,False,missing_smiles
yeast|r_2682|g1|s_3306,CatPred,True,
yeast|r_2683|g1|s_3279,CatPred,False,missing_smiles
yeast|r_2683|g1|s_3307,CatPred,True,
yeast|r_2684|g1|s_3280,CatPred,False,missing_smiles
yeast|r_2684|g1|s_3296,CatPred,True,
yeast|r_2685|g1|s_3280,CatPred,False,missing_smiles
yeast|r_2685|g1|s_3298,CatPred,True,
yeast|r_2686|g1|s_3280,CatPred,False,missing_smiles
yeast|r_2686|g1|s_3300,CatPred,True,
yeast|r_2687|g1|s_3280,CatPred,False,missing_smiles
yeast|r_2687|g1|s_3302,CatPred,True,
yeast|r_2688|g1|s_3280,CatPred,False,missing_smiles
yeast|r_2688|g1|s_3304,CatPred,True,
yeast|r_2689|g1|s_3280,CatPred,False,missing_smiles
yeast|r_2689|g1|s_3305,CatPred,True,
yeast|r_2690|g1|s_3280,CatPred,False,missing_smiles
yeast|r_2690|g1|s_3306,CatPred,True,
yeast|r_2691|g1|s_3280,CatPred,False,missing_smiles
yeast|r_2691|g1|s_3307,CatPred,True,
yeast|r_2692|g1|s_3281,CatPred,False,missing_smiles
yeast|r_2692|g1|s_3296,CatPred,True,
yeast|r_2693|g1|s_3281,CatPred,False,missing_smiles
yeast|r_2693|g1|s_3298,CatPred,True,
yeast|r_2694|g1|s_3281,CatPred,False,missing_smiles
yeast|r_2694|g1|s_3300,CatPred,True,
yeast|r_2695|g1|s_3281,CatPred,False,missing_smiles
yeast|r_2695|g1|s_3302,CatPred,True,
yeast|r_2696|g1|s_3281,CatPred,False,missing_smiles
yeast|r_2696|g1|s_3304,CatPred,True,
yeast|r_2697|g1|s_3281,CatPred,False,missing_smiles
yeast|r_2697|g1|s_3305,CatPred,True,
yeast|r_2698|g1|s_3281,CatPred,False,missing_smiles
yeast|r_2698|g1|s_3306,CatPred,True,
yeast|r_2699|g1|s_3281,CatPred,False,missing_smiles
yeast|r_2699|g1|s_3307,CatPred,True,
yeast|r_2700|g1|s_3282,CatPred,False,missing_smiles
yeast|r_2700|g1|s_3296,CatPred,True,
yeast|r_2701|g1|s_3282,CatPred,False,missing_smiles
yeast|r_2701|g1|s_3298,CatPred,True,
yeast|r_2702|g1|s_3282,CatPred,False,missing_smiles
yeast|r_2702|g1|s_3300,CatPred,True,
yeast|r_2703|g1|s_3282,CatPred,False,missing_smiles
yeast|r_2703|g1|s_3302,CatPred,True,
yeast|r_2704|g1|s_3282,CatPred,False,missing_smiles
yeast|r_2704|g1|s_3304,CatPred,True,
yeast|r_2705|g1|s_3282,CatPred,False,missing_smiles
yeast|r_2705|g1|s_3305,CatPred,True,
yeast|r_2706|g1|s_3282,CatPred,False,missing_smiles
yeast|r_2706|g1|s_3306,CatPred,True,
yeast|r_2707|g1|s_3282,CatPred,False,missing_smiles
yeast|r_2707|g1|s_3307,CatPred,True,
yeast|r_2708|g1|s_3283,CatPred,False,missing_smiles
yeast|r_2708|g1|s_3296,CatPred,True,
yeast|r_2709|g1|s_3283,CatPred,False,missing_smiles
yeast|r_2709|g1|s_3298,CatPred,True,
yeast|r_2710|g1|s_3283,CatPred,False,missing_smiles
yeast|r_2710|g1|s_3300,CatPred,True,
yeast|r_2711|g1|s_3283,CatPred,False,missing_smiles
yeast|r_2711|g1|s_3302,CatPred,True,
yeast|r_2712|g1|s_3283,CatPred,False,missing_smiles
yeast|r_2712|g1|s_3304,CatPred,True,
yeast|r_2713|g1|s_3283,CatPred,False,missing_smiles
yeast|r_2713|g1|s_3305,CatPred,True,
yeast|r_2714|g1|s_3283,CatPred,False,missing_smiles
yeast|r_2714|g1|s_3306,CatPred,True,
yeast|r_2715|g1|s_3283,CatPred,False,missing_smiles
yeast|r_2715|g1|s_3307,CatPred,True,
yeast|r_2716|g1|s_3284,CatPred,False,missing_smiles
yeast|r_2716|g1|s_3296,CatPred,True,
yeast|r_2717|g1|s_3284,CatPred,False,missing_smiles
yeast|r_2717|g1|s_3298,CatPred,True,
yeast|r_2718|g1|s_3284,CatPred,False,missing_smiles
yeast|r_2718|g1|s_3300,CatPred,True,
yeast|r_2719|g1|s_3284,CatPred,False,missing_smiles
yeast|r_2719|g1|s_3302,CatPred,True,
yeast|r_2720|g1|s_3284,CatPred,False,missing_smiles
yeast|r_2720|g1|s_3304,CatPred,True,
yeast|r_2721|g1|s_3284,CatPred,False,missing_smiles
yeast|r_2721|g1|s_3305,CatPred,True,
yeast|r_2722|g1|s_3284,CatPred,False,missing_smiles
yeast|r_2722|g1|s_3306,CatPred,True,
yeast|r_2723|g1|s_3284,CatPred,False,missing_smiles
yeast|r_2723|g1|s_3307,CatPred,True,
yeast|r_2724|g1|s_3285,CatPred,False,missing_smiles
yeast|r_2724|g1|s_3296,CatPred,True,
yeast|r_2725|g1|s_3285,CatPred,False,missing_smiles
yeast|r_2725|g1|s_3298,CatPred,True,
yeast|r_2726|g1|s_3285,CatPred,False,missing_smiles
yeast|r_2726|g1|s_3300,CatPred,True,
yeast|r_2727|g1|s_3285,CatPred,False,missing_smiles
yeast|r_2727|g1|s_3302,CatPred,True,
yeast|r_2728|g1|s_3285,CatPred,False,missing_smiles
yeast|r_2728|g1|s_3304,CatPred,True,
yeast|r_2729|g1|s_3285,CatPred,False,missing_smiles
yeast|r_2729|g1|s_3305,CatPred,True,
yeast|r_2730|g1|s_3285,CatPred,False,missing_smiles
yeast|r_2730|g1|s_3306,CatPred,True,
yeast|r_2731|g1|s_3285,CatPred,False,missing_smiles
yeast|r_2731|g1|s_3307,CatPred,True,
yeast|r_2732|g1|s_3286,CatPred,False,missing_smiles
yeast|r_2732|g1|s_3296,CatPred,True,
yeast|r_2733|g1|s_3286,CatPred,False,missing_smiles
yeast|r_2733|g1|s_3298,CatPred,True,
yeast|r_2734|g1|s_3286,CatPred,False,missing_smiles
yeast|r_2734|g1|s_3300,CatPred,True,
yeast|r_2735|g1|s_3286,CatPred,False,missing_smiles
yeast|r_2735|g1|s_3302,CatPred,True,
yeast|r_2736|g1|s_3286,CatPred,False,missing_smiles
yeast|r_2736|g1|s_3304,CatPred,True,
yeast|r_2737|g1|s_3286,CatPred,False,missing_smiles
yeast|r_2737|g1|s_3305,CatPred,True,
yeast|r_2738|g1|s_3286,CatPred,False,missing_smiles
yeast|r_2738|g1|s_3306,CatPred,True,
yeast|r_2739|g1|s_3286,CatPred,False,missing_smiles
yeast|r_2739|g1|s_3307,CatPred,True,
yeast|r_2740|g1|s_3287,CatPred,False,missing_smiles
yeast|r_2740|g1|s_3296,CatPred,True,
yeast|r_2741|g1|s_3287,CatPred,False,missing_smiles
yeast|r_2741|g1|s_3298,CatPred,True,
yeast|r_2742|g1|s_3287,CatPred,False,missing_smiles
yeast|r_2742|g1|s_3300,CatPred,True,
yeast|r_2743|g1|s_3287,CatPred,False,missing_smiles
yeast|r_2743|g1|s_3302,CatPred,True,
yeast|r_2744|g1|s_3287,CatPred,False,missing_smiles
yeast|r_2744|g1|s_3304,CatPred,True,
yeast|r_2745|g1|s_3287,CatPred,False,missing_smiles
yeast|r_2745|g1|s_3305,CatPred,True,
yeast|r_2746|g1|s_3287,CatPred,False,missing_smiles
yeast|r_2746|g1|s_3306,CatPred,True,
yeast|r_2747|g1|s_3287,CatPred,False,missing_smiles
yeast|r_2747|g1|s_3307,CatPred,True,
yeast|r_2748|g1|s_3288,CatPred,False,missing_smiles
yeast|r_2748|g1|s_3296,CatPred,True,
yeast|r_2749|g1|s_3288,CatPred,False,missing_smiles
yeast|r_2749|g1|s_3298,CatPred,True,
yeast|r_2750|g1|s_3288,CatPred,False,missing_smiles
yeast|r_2750|g1|s_3300,CatPred,True,
yeast|r_2751|g1|s_3288,CatPred,False,missing_smiles
yeast|r_2751|g1|s_3302,CatPred,True,
yeast|r_2752|g1|s_3288,CatPred,False,missing_smiles
yeast|r_2752|g1|s_3304,CatPred,True,
yeast|r_2753|g1|s_3288,CatPred,False,missing_smiles
yeast|r_2753|g1|s_3305,CatPred,True,
yeast|r_2754|g1|s_3288,CatPred,False,missing_smiles
yeast|r_2754|g1|s_3306,CatPred,True,
yeast|r_2755|g1|s_3288,CatPred,False,missing_smiles
yeast|r_2755|g1|s_3307,CatPred,True,
yeast|r_2756|g1|s_3289,CatPred,False,missing_smiles
yeast|r_2756|g1|s_3296,CatPred,True,
yeast|r_2757|g1|s_3289,CatPred,False,missing_smiles
yeast|r_2757|g1|s_3298,CatPred,True,
yeast|r_2758|g1|s_3289,CatPred,False,missing_smiles
yeast|r_2758|g1|s_3300,CatPred,True,
yeast|r_2759|g1|s_3289,CatPred,False,missing_smiles
yeast|r_2759|g1|s_3302,CatPred,True,
yeast|r_2760|g1|s_3289,CatPred,False,missing_smiles
yeast|r_2760|g1|s_3304,CatPred,True,
yeast|r_2761|g1|s_3289,CatPred,False,missing_smiles
yeast|r_2761|g1|s_3305,CatPred,True,
yeast|r_2762|g1|s_3289,CatPred,False,missing_smiles
yeast|r_2762|g1|s_3306,CatPred,True,
yeast|r_2763|g1|s_3289,CatPred,False,missing_smiles
yeast|r_2763|g1|s_3307,CatPred,True,
yeast|r_2764|g1|s_3290,CatPred,False,missing_smiles
yeast|r_2764|g1|s_3296,CatPred,True,
yeast|r_2765|g1|s_3290,CatPred,False,missing_smiles
yeast|r_2765|g1|s_3298,CatPred,True,
yeast|r_2766|g1|s_3290,CatPred,False,missing_smiles
yeast|r_2766|g1|s_3300,CatPred,True,
yeast|r_2767|g1|s_3290,CatPred,False,missing_smiles
yeast|r_2767|g1|s_3302,CatPred,True,
yeast|r_2768|g1|s_3290,CatPred,False,missing_smiles
yeast|r_2768|g1|s_3304,CatPred,True,
yeast|r_2769|g1|s_3290,CatPred,False,missing_smiles
yeast|r_2769|g1|s_3305,CatPred,True,
yeast|r_2770|g1|s_3290,CatPred,False,missing_smiles
yeast|r_2770|g1|s_3306,CatPred,True,
yeast|r_2771|g1|s_3290,CatPred,False,missing_smiles
yeast|r_2771|g1|s_3307,CatPred,True,
yeast|r_2772|g1|s_3291,CatPred,False,missing_smiles
yeast|r_2772|g1|s_3296,CatPred,True,
yeast|r_2773|g1|s_3291,CatPred,False,missing_smiles
yeast|r_2773|g1|s_3298,CatPred,True,
yeast|r_2774|g1|s_3291,CatPred,False,missing_smiles
yeast|r_2774|g1|s_3300,CatPred,True,
yeast|r_2775|g1|s_3291,CatPred,False,missing_smiles
yeast|r_2775|g1|s_3302,CatPred,True,
yeast|r_2776|g1|s_3291,CatPred,False,missing_smiles
yeast|r_2776|g1|s_3304,CatPred,True,
yeast|r_2777|g1|s_3291,CatPred,False,missing_smiles
yeast|r_2777|g1|s_3305,CatPred,True,
yeast|r_2778|g1|s_3291,CatPred,False,missing_smiles
yeast|r_2778|g1|s_3306,CatPred,True,
yeast|r_2779|g1|s_3291,CatPred,False,missing_smiles
yeast|r_2779|g1|s_3307,CatPred,True,
yeast|r_2780|g1|s_3292,CatPred,False,missing_smiles
yeast|r_2780|g1|s_3296,CatPred,True,
yeast|r_2781|g1|s_3292,CatPred,False,missing_smiles
yeast|r_2781|g1|s_3298,CatPred,True,
yeast|r_2782|g1|s_3292,CatPred,False,missing_smiles
yeast|r_2782|g1|s_3300,CatPred,True,
yeast|r_2783|g1|s_3292,CatPred,False,missing_smiles
yeast|r_2783|g1|s_3302,CatPred,True,
yeast|r_2784|g1|s_3292,CatPred,False,missing_smiles
yeast|r_2784|g1|s_3304,CatPred,True,
yeast|r_2785|g1|s_3292,CatPred,False,missing_smiles
yeast|r_2785|g1|s_3305,CatPred,True,
yeast|r_2786|g1|s_3292,CatPred,False,missing_smiles
yeast|r_2786|g1|s_3306,CatPred,True,
yeast|r_2787|g1|s_3292,CatPred,False,missing_smiles
yeast|r_2787|g1|s_3307,CatPred,True,
yeast|r_2788|g1|s_3293,CatPred,False,missing_smiles
yeast|r_2788|g1|s_3296,CatPred,True,
yeast|r_2789|g1|s_3293,CatPred,False,missing_smiles
yeast|r_2789|g1|s_3298,CatPred,True,
yeast|r_2790|g1|s_3293,CatPred,False,missing_smiles
yeast|r_2790|g1|s_3300,CatPred,True,
yeast|r_2791|g1|s_3293,CatPred,False,missing_smiles
yeast|r_2791|g1|s_3302,CatPred,True,
yeast|r_2792|g1|s_3293,CatPred,False,missing_smiles
yeast|r_2792|g1|s_3304,CatPred,True,
yeast|r_2793|g1|s_3293,CatPred,False,missing_smiles
yeast|r_2793|g1|s_3305,CatPred,True,
yeast|r_2794|g1|s_3293,CatPred,False,missing_smiles
yeast|r_2794|g1|s_3306,CatPred,True,
yeast|r_2795|g1|s_3293,CatPred,False,missing_smiles
yeast|r_2795|g1|s_3307,CatPred,True,
yeast|r_2796|g1|s_3294,CatPred,False,missing_smiles
yeast|r_2796|g1|s_3296,CatPred,True,
yeast|r_2797|g1|s_3294,CatPred,False,missing_smiles
yeast|r_2797|g1|s_3298,CatPred,True,
yeast|r_2798|g1|s_3294,CatPred,False,missing_smiles
yeast|r_2798|g1|s_3300,CatPred,True,
yeast|r_2799|g1|s_3294,CatPred,False,missing_smiles
yeast|r_2799|g1|s_3302,CatPred,True,
yeast|r_2800|g1|s_3294,CatPred,False,missing_smiles
yeast|r_2800|g1|s_3304,CatPred,True,
yeast|r_2801|g1|s_3294,CatPred,False,missing_smiles
yeast|r_2801|g1|s_3305,CatPred,True,
yeast|r_2802|g1|s_3294,CatPred,False,missing_smiles
yeast|r_2802|g1|s_3306,CatPred,True,
yeast|r_2803|g1|s_3294,CatPred,False,missing_smiles
yeast|r_2803|g1|s_3307,CatPred,True,
yeast|r_2804|g1|s_3295,CatPred,False,missing_smiles
yeast|r_2804|g1|s_3296,CatPred,True,
yeast|r_2805|g1|s_3295,CatPred,False,missing_smiles
yeast|r_2805|g1|s_3298,CatPred,True,
yeast|r_2806|g1|s_3295,CatPred,False,missing_smiles
yeast|r_2806|g1|s_3300,CatPred,True,
yeast|r_2807|g1|s_3295,CatPred,False,missing_smiles
yeast|r_2807|g1|s_3302,CatPred,True,
yeast|r_2808|g1|s_3295,CatPred,False,missing_smiles
yeast|r_2808|g1|s_3304,CatPred,True,
yeast|r_2809|g1|s_3295,CatPred,False,missing_smiles
yeast|r_2809|g1|s_3305,CatPred,True,
yeast|r_2810|g1|s_3295,CatPred,False,missing_smiles
yeast|r_2810|g1|s_3306,CatPred,True,
yeast|r_2811|g1|s_3295,CatPred,False,missing_smiles
yeast|r_2811|g1|s_3307,CatPred,True,
yeast|r_2820|g1|s_0793,CatPred,True,
yeast|r_2820|g1|s_2856,CatPred,True,
yeast|r_2820|g1|s_3323,CatPred,True,
yeast|r_2820|g2|s_0793,CatPred,True,
yeast|r_2820|g2|s_2856,CatPred,True,
yeast|r_2820|g2|s_3323,CatPred,True,
yeast|r_2821|g1|s_0793,CatPred,True,
yeast|r_2821|g1|s_2856,CatPred,True,
yeast|r_2821|g1|s_3326,CatPred,False,missing_smiles
yeast|r_2821|g2|s_0793,CatPred,True,
yeast|r_2821|g2|s_2856,CatPred,True,
yeast|r_2821|g2|s_3326,CatPred,False,missing_smiles
yeast|r_2822|g1|s_0793,CatPred,True,
yeast|r_2822|g1|s_2856,CatPred,True,
yeast|r_2822|g1|s_3328,CatPred,True,
yeast|r_2822|g2|s_0793,CatPred,True,
yeast|r_2822|g2|s_2856,CatPred,True,
yeast|r_2822|g2|s_3328,CatPred,True,
yeast|r_2823|g1|s_0793,CatPred,True,
yeast|r_2823|g1|s_2856,CatPred,True,
yeast|r_2823|g1|s_3330,CatPred,True,
yeast|r_2823|g2|s_0793,CatPred,True,
yeast|r_2823|g2|s_2856,CatPred,True,
yeast|r_2823|g2|s_3330,CatPred,True,
yeast|r_2824|g1|s_0793,CatPred,True,
yeast|r_2824|g1|s_2856,CatPred,True,
yeast|r_2824|g1|s_3332,CatPred,True,
yeast|r_2824|g2|s_0793,CatPred,True,
yeast|r_2824|g2|s_2856,CatPred,True,
yeast|r_2824|g2|s_3332,CatPred,True,
yeast|r_2825|g1|s_0793,CatPred,True,
yeast|r_2825|g1|s_2856,CatPred,True,
yeast|r_2825|g1|s_3334,CatPred,True,
yeast|r_2825|g2|s_0793,CatPred,True,
yeast|r_2825|g2|s_2856,CatPred,True,
yeast|r_2825|g2|s_3334,CatPred,True,
yeast|r_2826|g1|s_0793,CatPred,True,
yeast|r_2826|g1|s_2856,CatPred,True,
yeast|r_2826|g1|s_3336,CatPred,True,
yeast|r_2826|g2|s_0793,CatPred,True,
yeast|r_2826|g2|s_2856,CatPred,True,
yeast|r_2826|g2|s_3336,CatPred,True,
yeast|r_2827|g1|s_0793,CatPred,True,
yeast|r_2827|g1|s_2856,CatPred,True,
yeast|r_2827|g1|s_3338,CatPred,True,
yeast|r_2827|g2|s_0793,CatPred,True,
yeast|r_2827|g2|s_2856,CatPred,True,
yeast|r_2827|g2|s_3338,CatPred,True,
yeast|r_2828|g1|s_3164,CatPred,True,
yeast|r_2828|g1|s_3340,CatPred,True,
yeast|r_2828|g1|s_3341,CatPred,True,
yeast|r_2829|g1|s_3164,CatPred,True,
yeast|r_2829|g1|s_3341,CatPred,True,
yeast|r_2829|g1|s_3344,CatPred,False,missing_smiles
yeast|r_2830|g1|s_3164,CatPred,True,
yeast|r_2830|g1|s_3341,CatPred,True,
yeast|r_2830|g1|s_3346,CatPred,True,
yeast|r_2831|g1|s_3164,CatPred,True,
yeast|r_2831|g1|s_3341,CatPred,True,
yeast|r_2831|g1|s_3348,CatPred,True,
yeast|r_2832|g1|s_3164,CatPred,True,
yeast|r_2832|g1|s_3341,CatPred,True,
yeast|r_2832|g1|s_3350,CatPred,True,
yeast|r_2833|g1|s_3164,CatPred,True,
yeast|r_2833|g1|s_3341,CatPred,True,
yeast|r_2833|g1|s_3352,CatPred,True,
yeast|r_2834|g1|s_3164,CatPred,True,
yeast|r_2834|g1|s_3341,CatPred,True,
yeast|r_2834|g1|s_3354,CatPred,True,
yeast|r_2835|g1|s_3164,CatPred,True,
yeast|r_2835|g1|s_3341,CatPred,True,
yeast|r_2835|g1|s_3356,CatPred,True,
yeast|r_2836|g1|s_3146,CatPred,False,missing_sequence;complex_not_supported_by_default
yeast|r_2836|g1|s_3358,CatPred,False,missing_sequence;complex_not_supported_by_default
yeast|r_2836|g1|s_3359,CatPred,False,missing_sequence;complex_not_supported_by_default
yeast|r_2837|g1|s_3146,CatPred,False,missing_sequence;complex_not_supported_by_default
yeast|r_2837|g1|s_3359,CatPred,False,missing_sequence;complex_not_supported_by_default
yeast|r_2837|g1|s_3362,CatPred,False,missing_sequence;missing_smiles;complex_not_supported_by_default
yeast|r_2838|g1|s_3146,CatPred,False,missing_sequence;complex_not_supported_by_default
yeast|r_2838|g1|s_3359,CatPred,False,missing_sequence;complex_not_supported_by_default
yeast|r_2838|g1|s_3364,CatPred,False,missing_sequence;complex_not_supported_by_default
yeast|r_2839|g1|s_3146,CatPred,False,missing_sequence;complex_not_supported_by_default
yeast|r_2839|g1|s_3359,CatPred,False,missing_sequence;complex_not_supported_by_default
yeast|r_2839|g1|s_3366,CatPred,False,missing_sequence;complex_not_supported_by_default
yeast|r_2840|g1|s_3146,CatPred,False,missing_sequence;complex_not_supported_by_default
yeast|r_2840|g1|s_3359,CatPred,False,missing_sequence;complex_not_supported_by_default
yeast|r_2840|g1|s_3368,CatPred,False,missing_sequence;complex_not_supported_by_default
yeast|r_2841|g1|s_3146,CatPred,False,missing_sequence;complex_not_supported_by_default
yeast|r_2841|g1|s_3359,CatPred,False,missing_sequence;complex_not_supported_by_default
yeast|r_2841|g1|s_3370,CatPred,False,missing_sequence;complex_not_supported_by_default
yeast|r_2842|g1|s_3146,CatPred,False,missing_sequence;complex_not_supported_by_default
yeast|r_2842|g1|s_3359,CatPred,False,missing_sequence;complex_not_supported_by_default
yeast|r_2842|g1|s_3372,CatPred,False,missing_sequence;complex_not_supported_by_default
yeast|r_2843|g1|s_3146,CatPred,False,missing_sequence;complex_not_supported_by_default
yeast|r_2843|g1|s_3359,CatPred,False,missing_sequence;complex_not_supported_by_default
yeast|r_2843|g1|s_3374,CatPred,False,missing_sequence;complex_not_supported_by_default
yeast|r_2844|g1|s_0438,CatPred,True,
yeast|r_2844|g1|s_0800,CatPred,True,
yeast|r_2844|g1|s_3376,CatPred,True,
yeast|r_2845|g1|s_0438,CatPred,True,
yeast|r_2845|g1|s_0800,CatPred,True,
yeast|r_2845|g1|s_3378,CatPred,False,missing_smiles
yeast|r_2846|g1|s_0438,CatPred,True,
yeast|r_2846|g1|s_0800,CatPred,True,
yeast|r_2846|g1|s_3380,CatPred,True,
yeast|r_2847|g1|s_0438,CatPred,True,
yeast|r_2847|g1|s_0800,CatPred,True,
yeast|r_2847|g1|s_3382,CatPred,True,
yeast|r_2848|g1|s_0438,CatPred,True,
yeast|r_2848|g1|s_0800,CatPred,True,
yeast|r_2848|g1|s_3384,CatPred,True,
yeast|r_2849|g1|s_0438,CatPred,True,
yeast|r_2849|g1|s_0800,CatPred,True,
yeast|r_2849|g1|s_3386,CatPred,True,
yeast|r_2850|g1|s_0438,CatPred,True,
yeast|r_2850|g1|s_0800,CatPred,True,
yeast|r_2850|g1|s_3388,CatPred,True,
yeast|r_2851|g1|s_0438,CatPred,True,
yeast|r_2851|g1|s_0800,CatPred,True,
yeast|r_2851|g1|s_3390,CatPred,True,
yeast|r_2852|g1|s_3164,CatPred,False,missing_sequence;complex_not_supported_by_default
yeast|r_2852|g1|s_3340,CatPred,False,missing_sequence;complex_not_supported_by_default
yeast|r_2852|g1|s_3341,CatPred,False,missing_sequence;complex_not_supported_by_default
yeast|r_2852|g2|s_3164,CatPred,False,missing_sequence;complex_not_supported_by_default
yeast|r_2852|g2|s_3340,CatPred,False,missing_sequence;complex_not_supported_by_default
yeast|r_2852|g2|s_3341,CatPred,False,missing_sequence;complex_not_supported_by_default
yeast|r_2852|g3|s_3164,CatPred,False,missing_sequence;complex_not_supported_by_default
yeast|r_2852|g3|s_3340,CatPred,False,missing_sequence;complex_not_supported_by_default
yeast|r_2852|g3|s_3341,CatPred,False,missing_sequence;complex_not_supported_by_default
yeast|r_2853|g1|s_3164,CatPred,False,missing_sequence;complex_not_supported_by_default
yeast|r_2853|g1|s_3341,CatPred,False,missing_sequence;complex_not_supported_by_default
yeast|r_2853|g1|s_3344,CatPred,False,missing_sequence;missing_smiles;complex_not_supported_by_default
yeast|r_2853|g2|s_3164,CatPred,False,missing_sequence;complex_not_supported_by_default
yeast|r_2853|g2|s_3341,CatPred,False,missing_sequence;complex_not_supported_by_default
yeast|r_2853|g2|s_3344,CatPred,False,missing_sequence;missing_smiles;complex_not_supported_by_default
yeast|r_2853|g3|s_3164,CatPred,False,missing_sequence;complex_not_supported_by_default
yeast|r_2853|g3|s_3341,CatPred,False,missing_sequence;complex_not_supported_by_default
yeast|r_2853|g3|s_3344,CatPred,False,missing_sequence;missing_smiles;complex_not_supported_by_default
yeast|r_2854|g1|s_3164,CatPred,False,missing_sequence;complex_not_supported_by_default
yeast|r_2854|g1|s_3341,CatPred,False,missing_sequence;complex_not_supported_by_default
yeast|r_2854|g1|s_3346,CatPred,False,missing_sequence;complex_not_supported_by_default
yeast|r_2854|g2|s_3164,CatPred,False,missing_sequence;complex_not_supported_by_default
yeast|r_2854|g2|s_3341,CatPred,False,missing_sequence;complex_not_supported_by_default
yeast|r_2854|g2|s_3346,CatPred,False,missing_sequence;complex_not_supported_by_default
yeast|r_2854|g3|s_3164,CatPred,False,missing_sequence;complex_not_supported_by_default
yeast|r_2854|g3|s_3341,CatPred,False,missing_sequence;complex_not_supported_by_default
yeast|r_2854|g3|s_3346,CatPred,False,missing_sequence;complex_not_supported_by_default
yeast|r_2855|g1|s_3164,CatPred,False,missing_sequence;complex_not_supported_by_default
yeast|r_2855|g1|s_3341,CatPred,False,missing_sequence;complex_not_supported_by_default
yeast|r_2855|g1|s_3348,CatPred,False,missing_sequence;complex_not_supported_by_default
yeast|r_2855|g2|s_3164,CatPred,False,missing_sequence;complex_not_supported_by_default
yeast|r_2855|g2|s_3341,CatPred,False,missing_sequence;complex_not_supported_by_default
yeast|r_2855|g2|s_3348,CatPred,False,missing_sequence;complex_not_supported_by_default
yeast|r_2855|g3|s_3164,CatPred,False,missing_sequence;complex_not_supported_by_default
yeast|r_2855|g3|s_3341,CatPred,False,missing_sequence;complex_not_supported_by_default
yeast|r_2855|g3|s_3348,CatPred,False,missing_sequence;complex_not_supported_by_default
yeast|r_2856|g1|s_3164,CatPred,False,missing_sequence;complex_not_supported_by_default
yeast|r_2856|g1|s_3341,CatPred,False,missing_sequence;complex_not_supported_by_default
yeast|r_2856|g1|s_3350,CatPred,False,missing_sequence;complex_not_supported_by_default
yeast|r_2856|g2|s_3164,CatPred,False,missing_sequence;complex_not_supported_by_default
yeast|r_2856|g2|s_3341,CatPred,False,missing_sequence;complex_not_supported_by_default
yeast|r_2856|g2|s_3350,CatPred,False,missing_sequence;complex_not_supported_by_default
yeast|r_2856|g3|s_3164,CatPred,False,missing_sequence;complex_not_supported_by_default
yeast|r_2856|g3|s_3341,CatPred,False,missing_sequence;complex_not_supported_by_default
yeast|r_2856|g3|s_3350,CatPred,False,missing_sequence;complex_not_supported_by_default
yeast|r_2857|g1|s_3164,CatPred,False,missing_sequence;complex_not_supported_by_default
yeast|r_2857|g1|s_3341,CatPred,False,missing_sequence;complex_not_supported_by_default
yeast|r_2857|g1|s_3352,CatPred,False,missing_sequence;complex_not_supported_by_default
yeast|r_2857|g2|s_3164,CatPred,False,missing_sequence;complex_not_supported_by_default
yeast|r_2857|g2|s_3341,CatPred,False,missing_sequence;complex_not_supported_by_default
yeast|r_2857|g2|s_3352,CatPred,False,missing_sequence;complex_not_supported_by_default
yeast|r_2857|g3|s_3164,CatPred,False,missing_sequence;complex_not_supported_by_default
yeast|r_2857|g3|s_3341,CatPred,False,missing_sequence;complex_not_supported_by_default
yeast|r_2857|g3|s_3352,CatPred,False,missing_sequence;complex_not_supported_by_default
yeast|r_2858|g1|s_3164,CatPred,False,missing_sequence;complex_not_supported_by_default
yeast|r_2858|g1|s_3341,CatPred,False,missing_sequence;complex_not_supported_by_default
yeast|r_2858|g1|s_3354,CatPred,False,missing_sequence;complex_not_supported_by_default
yeast|r_2858|g2|s_3164,CatPred,False,missing_sequence;complex_not_supported_by_default
yeast|r_2858|g2|s_3341,CatPred,False,missing_sequence;complex_not_supported_by_default
yeast|r_2858|g2|s_3354,CatPred,False,missing_sequence;complex_not_supported_by_default
yeast|r_2858|g3|s_3164,CatPred,False,missing_sequence;complex_not_supported_by_default
yeast|r_2858|g3|s_3341,CatPred,False,missing_sequence;complex_not_supported_by_default
yeast|r_2858|g3|s_3354,CatPred,False,missing_sequence;complex_not_supported_by_default
yeast|r_2859|g1|s_3164,CatPred,False,missing_sequence;complex_not_supported_by_default
yeast|r_2859|g1|s_3341,CatPred,False,missing_sequence;complex_not_supported_by_default
yeast|r_2859|g1|s_3356,CatPred,False,missing_sequence;complex_not_supported_by_default
yeast|r_2859|g2|s_3164,CatPred,False,missing_sequence;complex_not_supported_by_default
yeast|r_2859|g2|s_3341,CatPred,False,missing_sequence;complex_not_supported_by_default
yeast|r_2859|g2|s_3356,CatPred,False,missing_sequence;complex_not_supported_by_default
yeast|r_2859|g3|s_3164,CatPred,False,missing_sequence;complex_not_supported_by_default
yeast|r_2859|g3|s_3341,CatPred,False,missing_sequence;complex_not_supported_by_default
yeast|r_2859|g3|s_3356,CatPred,False,missing_sequence;complex_not_supported_by_default
yeast|r_2860|g1|s_0438,CatPred,True,
yeast|r_2860|g1|s_0800,CatPred,True,
yeast|r_2860|g1|s_3377,CatPred,False,missing_smiles
yeast|r_2861|g1|s_0438,CatPred,True,
yeast|r_2861|g1|s_0800,CatPred,True,
yeast|r_2861|g1|s_3379,CatPred,False,missing_smiles
yeast|r_2862|g1|s_0438,CatPred,True,
yeast|r_2862|g1|s_0800,CatPred,True,
yeast|r_2862|g1|s_3381,CatPred,False,missing_smiles
yeast|r_2863|g1|s_0438,CatPred,True,
yeast|r_2863|g1|s_0800,CatPred,True,
yeast|r_2863|g1|s_3383,CatPred,False,missing_smiles
yeast|r_2864|g1|s_0438,CatPred,True,
yeast|r_2864|g1|s_0800,CatPred,True,
yeast|r_2864|g1|s_3385,CatPred,False,missing_smiles
yeast|r_2865|g1|s_0438,CatPred,True,
yeast|r_2865|g1|s_0800,CatPred,True,
yeast|r_2865|g1|s_3387,CatPred,False,missing_smiles
yeast|r_2866|g1|s_0438,CatPred,True,
yeast|r_2866|g1|s_0800,CatPred,True,
yeast|r_2866|g1|s_3389,CatPred,True,
yeast|r_2867|g1|s_0438,CatPred,True,
yeast|r_2867|g1|s_0800,CatPred,True,
yeast|r_2867|g1|s_3391,CatPred,False,missing_smiles
yeast|r_2868|g1|s_0793,CatPred,True,
yeast|r_2868|g1|s_2856,CatPred,True,
yeast|r_2868|g1|s_3325,CatPred,False,missing_smiles
yeast|r_2869|g1|s_0793,CatPred,True,
yeast|r_2869|g1|s_2856,CatPred,True,
yeast|r_2869|g1|s_3327,CatPred,False,missing_smiles
yeast|r_2870|g1|s_0793,CatPred,True,
yeast|r_2870|g1|s_2856,CatPred,True,
yeast|r_2870|g1|s_3329,CatPred,False,missing_smiles
yeast|r_2871|g1|s_0793,CatPred,True,
yeast|r_2871|g1|s_2856,CatPred,True,
yeast|r_2871|g1|s_3331,CatPred,False,missing_smiles
yeast|r_2872|g1|s_0793,CatPred,True,
yeast|r_2872|g1|s_2856,CatPred,True,
yeast|r_2872|g1|s_3333,CatPred,False,missing_smiles
yeast|r_2873|g1|s_0793,CatPred,True,
yeast|r_2873|g1|s_2856,CatPred,True,
yeast|r_2873|g1|s_3335,CatPred,False,missing_smiles
yeast|r_2874|g1|s_0793,CatPred,True,
yeast|r_2874|g1|s_2856,CatPred,True,
yeast|r_2874|g1|s_3337,CatPred,True,
yeast|r_2875|g1|s_0793,CatPred,True,
yeast|r_2875|g1|s_2856,CatPred,True,
yeast|r_2875|g1|s_3339,CatPred,False,missing_smiles
yeast|r_2876|g1|s_3164,CatPred,True,
yeast|r_2876|g1|s_3341,CatPred,True,
yeast|r_2876|g1|s_3392,CatPred,False,missing_smiles
yeast|r_2877|g1|s_3164,CatPred,True,
yeast|r_2877|g1|s_3341,CatPred,True,
yeast|r_2877|g1|s_3393,CatPred,False,missing_smiles
yeast|r_2878|g1|s_3164,CatPred,True,
yeast|r_2878|g1|s_3341,CatPred,True,
yeast|r_2878|g1|s_3394,CatPred,False,missing_smiles
yeast|r_2879|g1|s_3164,CatPred,True,
yeast|r_2879|g1|s_3341,CatPred,True,
yeast|r_2879|g1|s_3395,CatPred,False,missing_smiles
yeast|r_2880|g1|s_3164,CatPred,True,
yeast|r_2880|g1|s_3341,CatPred,True,
yeast|r_2880|g1|s_3396,CatPred,False,missing_smiles
yeast|r_2881|g1|s_3164,CatPred,True,
yeast|r_2881|g1|s_3341,CatPred,True,
yeast|r_2881|g1|s_3397,CatPred,False,missing_smiles
yeast|r_2882|g1|s_3164,CatPred,True,
yeast|r_2882|g1|s_3341,CatPred,True,
yeast|r_2882|g1|s_3398,CatPred,True,
yeast|r_2883|g1|s_3164,CatPred,True,
yeast|r_2883|g1|s_3341,CatPred,True,
yeast|r_2883|g1|s_3399,CatPred,True,
yeast|r_2884|g1|s_2967,CatPred,True,
yeast|r_2884|g1|s_3181,CatPred,True,
yeast|r_2885|g1|s_2967,CatPred,True,
yeast|r_2885|g1|s_3185,CatPred,True,
yeast|r_2886|g1|s_2967,CatPred,True,
yeast|r_2886|g1|s_3187,CatPred,True,
yeast|r_2887|g1|s_2967,CatPred,True,
yeast|r_2887|g1|s_3189,CatPred,True,
yeast|r_2888|g1|s_2967,CatPred,True,
yeast|r_2888|g1|s_3191,CatPred,True,
yeast|r_2889|g1|s_2967,CatPred,True,
yeast|r_2889|g1|s_3193,CatPred,True,
yeast|r_2890|g1|s_2967,CatPred,True,
yeast|r_2890|g1|s_3195,CatPred,True,
yeast|r_2891|g1|s_2967,CatPred,True,
yeast|r_2891|g1|s_3197,CatPred,True,
yeast|r_2892|g1|s_2969,CatPred,True,
yeast|r_2892|g1|s_3181,CatPred,True,
yeast|r_2893|g1|s_2969,CatPred,True,
yeast|r_2893|g1|s_3185,CatPred,True,
yeast|r_2894|g1|s_2969,CatPred,True,
yeast|r_2894|g1|s_3187,CatPred,True,
yeast|r_2895|g1|s_2969,CatPred,True,
yeast|r_2895|g1|s_3189,CatPred,True,
yeast|r_2896|g1|s_2969,CatPred,True,
yeast|r_2896|g1|s_3191,CatPred,True,
yeast|r_2897|g1|s_2969,CatPred,True,
yeast|r_2897|g1|s_3193,CatPred,True,
yeast|r_2898|g1|s_2969,CatPred,True,
yeast|r_2898|g1|s_3195,CatPred,True,
yeast|r_2899|g1|s_2969,CatPred,True,
yeast|r_2899|g1|s_3197,CatPred,True,
yeast|r_2900|g1|s_2971,CatPred,True,
yeast|r_2900|g1|s_3181,CatPred,True,
yeast|r_2901|g1|s_2971,CatPred,True,
yeast|r_2901|g1|s_3185,CatPred,True,
yeast|r_2902|g1|s_2971,CatPred,True,
yeast|r_2902|g1|s_3187,CatPred,True,
yeast|r_2903|g1|s_2971,CatPred,True,
yeast|r_2903|g1|s_3189,CatPred,True,
yeast|r_2904|g1|s_2971,CatPred,True,
yeast|r_2904|g1|s_3191,CatPred,True,
yeast|r_2905|g1|s_2971,CatPred,True,
yeast|r_2905|g1|s_3193,CatPred,True,
yeast|r_2906|g1|s_2971,CatPred,True,
yeast|r_2906|g1|s_3195,CatPred,True,
yeast|r_2907|g1|s_2971,CatPred,True,
yeast|r_2907|g1|s_3197,CatPred,True,
yeast|r_2908|g1|s_2973,CatPred,True,
yeast|r_2908|g1|s_3181,CatPred,True,
yeast|r_2909|g1|s_2973,CatPred,True,
yeast|r_2909|g1|s_3185,CatPred,True,
yeast|r_2910|g1|s_2973,CatPred,True,
yeast|r_2910|g1|s_3187,CatPred,True,
yeast|r_2911|g1|s_2973,CatPred,True,
yeast|r_2911|g1|s_3189,CatPred,True,
yeast|r_2912|g1|s_2973,CatPred,True,
yeast|r_2912|g1|s_3191,CatPred,True,
yeast|r_2913|g1|s_2973,CatPred,True,
yeast|r_2913|g1|s_3193,CatPred,True,
yeast|r_2914|g1|s_2973,CatPred,True,
yeast|r_2914|g1|s_3195,CatPred,True,
yeast|r_2915|g1|s_2973,CatPred,True,
yeast|r_2915|g1|s_3197,CatPred,True,
yeast|r_2916|g1|s_2968,CatPred,True,
yeast|r_2916|g1|s_3181,CatPred,True,
yeast|r_2917|g1|s_2968,CatPred,True,
yeast|r_2917|g1|s_3185,CatPred,True,
yeast|r_2918|g1|s_2968,CatPred,True,
yeast|r_2918|g1|s_3187,CatPred,True,
yeast|r_2919|g1|s_2968,CatPred,True,
yeast|r_2919|g1|s_3189,CatPred,True,
yeast|r_2920|g1|s_2968,CatPred,True,
yeast|r_2920|g1|s_3191,CatPred,True,
yeast|r_2921|g1|s_2968,CatPred,True,
yeast|r_2921|g1|s_3193,CatPred,True,
yeast|r_2922|g1|s_2968,CatPred,True,
yeast|r_2922|g1|s_3195,CatPred,True,
yeast|r_2923|g1|s_2968,CatPred,True,
yeast|r_2923|g1|s_3197,CatPred,True,
yeast|r_2924|g1|s_2970,CatPred,True,
yeast|r_2924|g1|s_3181,CatPred,True,
yeast|r_2925|g1|s_2970,CatPred,True,
yeast|r_2925|g1|s_3185,CatPred,True,
yeast|r_2926|g1|s_2970,CatPred,True,
yeast|r_2926|g1|s_3187,CatPred,True,
yeast|r_2927|g1|s_2970,CatPred,True,
yeast|r_2927|g1|s_3189,CatPred,True,
yeast|r_2928|g1|s_2970,CatPred,True,
yeast|r_2928|g1|s_3191,CatPred,True,
yeast|r_2929|g1|s_2970,CatPred,True,
yeast|r_2929|g1|s_3193,CatPred,True,
yeast|r_2930|g1|s_2970,CatPred,True,
yeast|r_2930|g1|s_3195,CatPred,True,
yeast|r_2931|g1|s_2970,CatPred,True,
yeast|r_2931|g1|s_3197,CatPred,True,
yeast|r_2932|g1|s_2972,CatPred,True,
yeast|r_2932|g1|s_3181,CatPred,True,
yeast|r_2933|g1|s_2972,CatPred,True,
yeast|r_2933|g1|s_3185,CatPred,True,
yeast|r_2934|g1|s_2972,CatPred,True,
yeast|r_2934|g1|s_3187,CatPred,True,
yeast|r_2935|g1|s_2972,CatPred,True,
yeast|r_2935|g1|s_3189,CatPred,True,
yeast|r_2936|g1|s_2972,CatPred,True,
yeast|r_2936|g1|s_3191,CatPred,True,
yeast|r_2937|g1|s_2972,CatPred,True,
yeast|r_2937|g1|s_3193,CatPred,True,
yeast|r_2938|g1|s_2972,CatPred,True,
yeast|r_2938|g1|s_3195,CatPred,True,
yeast|r_2939|g1|s_2972,CatPred,True,
yeast|r_2939|g1|s_3197,CatPred,True,
yeast|r_2940|g1|s_2974,CatPred,True,
yeast|r_2940|g1|s_3181,CatPred,True,
yeast|r_2941|g1|s_2974,CatPred,True,
yeast|r_2941|g1|s_3185,CatPred,True,
yeast|r_2942|g1|s_2974,CatPred,True,
yeast|r_2942|g1|s_3187,CatPred,True,
yeast|r_2943|g1|s_2974,CatPred,True,
yeast|r_2943|g1|s_3189,CatPred,True,
yeast|r_2944|g1|s_2974,CatPred,True,
yeast|r_2944|g1|s_3191,CatPred,True,
yeast|r_2945|g1|s_2974,CatPred,True,
yeast|r_2945|g1|s_3193,CatPred,True,
yeast|r_2946|g1|s_2974,CatPred,True,
yeast|r_2946|g1|s_3195,CatPred,True,
yeast|r_2947|g1|s_2974,CatPred,True,
yeast|r_2947|g1|s_3197,CatPred,True,
yeast|r_2948|g1|s_2967,CatPred,True,
yeast|r_2948|g1|s_3207,CatPred,True,
yeast|r_2949|g1|s_2967,CatPred,True,
yeast|r_2949|g1|s_3208,CatPred,True,
yeast|r_2950|g1|s_2967,CatPred,True,
yeast|r_2950|g1|s_3209,CatPred,True,
yeast|r_2951|g1|s_2967,CatPred,True,
yeast|r_2951|g1|s_3210,CatPred,True,
yeast|r_2952|g1|s_2967,CatPred,True,
yeast|r_2952|g1|s_3211,CatPred,True,
yeast|r_2953|g1|s_2967,CatPred,True,
yeast|r_2953|g1|s_3212,CatPred,True,
yeast|r_2954|g1|s_2967,CatPred,True,
yeast|r_2954|g1|s_3213,CatPred,True,
yeast|r_2955|g1|s_2967,CatPred,True,
yeast|r_2955|g1|s_3214,CatPred,True,
yeast|r_2956|g1|s_2969,CatPred,True,
yeast|r_2956|g1|s_3207,CatPred,True,
yeast|r_2957|g1|s_2969,CatPred,True,
yeast|r_2957|g1|s_3208,CatPred,True,
yeast|r_2958|g1|s_2969,CatPred,True,
yeast|r_2958|g1|s_3209,CatPred,True,
yeast|r_2959|g1|s_2969,CatPred,True,
yeast|r_2959|g1|s_3210,CatPred,True,
yeast|r_2960|g1|s_2969,CatPred,True,
yeast|r_2960|g1|s_3211,CatPred,True,
yeast|r_2961|g1|s_2969,CatPred,True,
yeast|r_2961|g1|s_3212,CatPred,True,
yeast|r_2962|g1|s_2969,CatPred,True,
yeast|r_2962|g1|s_3213,CatPred,True,
yeast|r_2963|g1|s_2969,CatPred,True,
yeast|r_2963|g1|s_3214,CatPred,True,
yeast|r_2964|g1|s_2971,CatPred,True,
yeast|r_2964|g1|s_3207,CatPred,True,
yeast|r_2965|g1|s_2971,CatPred,True,
yeast|r_2965|g1|s_3208,CatPred,True,
yeast|r_2966|g1|s_2971,CatPred,True,
yeast|r_2966|g1|s_3209,CatPred,True,
yeast|r_2967|g1|s_2971,CatPred,True,
yeast|r_2967|g1|s_3210,CatPred,True,
yeast|r_2968|g1|s_2971,CatPred,True,
yeast|r_2968|g1|s_3211,CatPred,True,
yeast|r_2969|g1|s_2971,CatPred,True,
yeast|r_2969|g1|s_3212,CatPred,True,
yeast|r_2970|g1|s_2971,CatPred,True,
yeast|r_2970|g1|s_3213,CatPred,True,
yeast|r_2971|g1|s_2971,CatPred,True,
yeast|r_2971|g1|s_3214,CatPred,True,
yeast|r_2972|g1|s_2973,CatPred,True,
yeast|r_2972|g1|s_3207,CatPred,True,
yeast|r_2973|g1|s_2973,CatPred,True,
yeast|r_2973|g1|s_3208,CatPred,True,
yeast|r_2974|g1|s_2973,CatPred,True,
yeast|r_2974|g1|s_3209,CatPred,True,
yeast|r_2975|g1|s_2973,CatPred,True,
yeast|r_2975|g1|s_3210,CatPred,True,
yeast|r_2976|g1|s_2973,CatPred,True,
yeast|r_2976|g1|s_3211,CatPred,True,
yeast|r_2977|g1|s_2973,CatPred,True,
yeast|r_2977|g1|s_3212,CatPred,True,
yeast|r_2978|g1|s_2973,CatPred,True,
yeast|r_2978|g1|s_3213,CatPred,True,
yeast|r_2979|g1|s_2973,CatPred,True,
yeast|r_2979|g1|s_3214,CatPred,True,
yeast|r_2980|g1|s_2968,CatPred,True,
yeast|r_2980|g1|s_3207,CatPred,True,
yeast|r_2981|g1|s_2968,CatPred,True,
yeast|r_2981|g1|s_3208,CatPred,True,
yeast|r_2982|g1|s_2968,CatPred,True,
yeast|r_2982|g1|s_3209,CatPred,True,
yeast|r_2983|g1|s_2968,CatPred,True,
yeast|r_2983|g1|s_3210,CatPred,True,
yeast|r_2984|g1|s_2968,CatPred,True,
yeast|r_2984|g1|s_3211,CatPred,True,
yeast|r_2985|g1|s_2968,CatPred,True,
yeast|r_2985|g1|s_3212,CatPred,True,
yeast|r_2986|g1|s_2968,CatPred,True,
yeast|r_2986|g1|s_3213,CatPred,True,
yeast|r_2987|g1|s_2968,CatPred,True,
yeast|r_2987|g1|s_3214,CatPred,True,
yeast|r_2988|g1|s_2970,CatPred,True,
yeast|r_2988|g1|s_3207,CatPred,True,
yeast|r_2989|g1|s_2970,CatPred,True,
yeast|r_2989|g1|s_3208,CatPred,True,
yeast|r_2990|g1|s_2970,CatPred,True,
yeast|r_2990|g1|s_3209,CatPred,True,
yeast|r_2991|g1|s_2970,CatPred,True,
yeast|r_2991|g1|s_3210,CatPred,True,
yeast|r_2992|g1|s_2970,CatPred,True,
yeast|r_2992|g1|s_3211,CatPred,True,
yeast|r_2993|g1|s_2970,CatPred,True,
yeast|r_2993|g1|s_3212,CatPred,True,
yeast|r_2994|g1|s_2970,CatPred,True,
yeast|r_2994|g1|s_3213,CatPred,True,
yeast|r_2995|g1|s_2970,CatPred,True,
yeast|r_2995|g1|s_3214,CatPred,True,
yeast|r_2996|g1|s_2972,CatPred,True,
yeast|r_2996|g1|s_3207,CatPred,True,
yeast|r_2997|g1|s_2972,CatPred,True,
yeast|r_2997|g1|s_3208,CatPred,True,
yeast|r_2998|g1|s_2972,CatPred,True,
yeast|r_2998|g1|s_3209,CatPred,True,
yeast|r_2999|g1|s_2972,CatPred,True,
yeast|r_2999|g1|s_3210,CatPred,True,
yeast|r_3000|g1|s_2972,CatPred,True,
yeast|r_3000|g1|s_3211,CatPred,True,
yeast|r_3001|g1|s_2972,CatPred,True,
yeast|r_3001|g1|s_3212,CatPred,True,
yeast|r_3002|g1|s_2972,CatPred,True,
yeast|r_3002|g1|s_3213,CatPred,True,
yeast|r_3003|g1|s_2972,CatPred,True,
yeast|r_3003|g1|s_3214,CatPred,True,
yeast|r_3004|g1|s_2974,CatPred,True,
yeast|r_3004|g1|s_3207,CatPred,True,
yeast|r_3005|g1|s_2974,CatPred,True,
yeast|r_3005|g1|s_3208,CatPred,True,
yeast|r_3006|g1|s_2974,CatPred,True,
yeast|r_3006|g1|s_3209,CatPred,True,
yeast|r_3007|g1|s_2974,CatPred,True,
yeast|r_3007|g1|s_3210,CatPred,True,
yeast|r_3008|g1|s_2974,CatPred,True,
yeast|r_3008|g1|s_3211,CatPred,True,
yeast|r_3009|g1|s_2974,CatPred,True,
yeast|r_3009|g1|s_3212,CatPred,True,
yeast|r_3010|g1|s_2974,CatPred,True,
yeast|r_3010|g1|s_3213,CatPred,True,
yeast|r_3011|g1|s_2974,CatPred,True,
yeast|r_3011|g1|s_3214,CatPred,True,
yeast|r_3022|g1|s_2808,CatPred,True,
yeast|r_3022|g1|s_3207,CatPred,True,
yeast|r_3023|g1|s_2808,CatPred,True,
yeast|r_3023|g1|s_3208,CatPred,True,
yeast|r_3024|g1|s_2808,CatPred,True,
yeast|r_3024|g1|s_3209,CatPred,True,
yeast|r_3025|g1|s_2808,CatPred,True,
yeast|r_3025|g1|s_3210,CatPred,True,
yeast|r_3026|g1|s_2808,CatPred,True,
yeast|r_3026|g1|s_3211,CatPred,True,
yeast|r_3027|g1|s_2808,CatPred,True,
yeast|r_3027|g1|s_3212,CatPred,True,
yeast|r_3028|g1|s_2808,CatPred,True,
yeast|r_3028|g1|s_3213,CatPred,True,
yeast|r_3029|g1|s_2808,CatPred,True,
yeast|r_3029|g1|s_3214,CatPred,True,
yeast|r_3030|g1|s_2808,CatPred,True,
yeast|r_3030|g1|s_3428,CatPred,True,
yeast|r_3031|g1|s_2808,CatPred,True,
yeast|r_3031|g1|s_3429,CatPred,True,
yeast|r_3032|g1|s_2808,CatPred,True,
yeast|r_3032|g1|s_3430,CatPred,True,
yeast|r_3033|g1|s_2808,CatPred,True,
yeast|r_3033|g1|s_3431,CatPred,True,
yeast|r_3034|g1|s_3448,CatPred,True,
yeast|r_3034|g1|s_3449,CatPred,True,
yeast|r_3035|g1|s_3449,CatPred,True,
yeast|r_3035|g1|s_3452,CatPred,True,
yeast|r_3036|g1|s_3449,CatPred,True,
yeast|r_3036|g1|s_3454,CatPred,True,
yeast|r_3037|g1|s_3449,CatPred,True,
yeast|r_3037|g1|s_3456,CatPred,True,
yeast|r_3038|g1|s_3449,CatPred,True,
yeast|r_3038|g1|s_3458,CatPred,True,
yeast|r_3039|g1|s_3449,CatPred,True,
yeast|r_3039|g1|s_3460,CatPred,True,
yeast|r_3040|g1|s_3449,CatPred,True,
yeast|r_3040|g1|s_3461,CatPred,True,
yeast|r_3041|g1|s_3449,CatPred,True,
yeast|r_3041|g1|s_3462,CatPred,True,
yeast|r_3042|g1|s_3449,CatPred,True,
yeast|r_3042|g1|s_3450,CatPred,True,
yeast|r_3043|g1|s_3449,CatPred,True,
yeast|r_3043|g1|s_3453,CatPred,True,
yeast|r_3044|g1|s_3449,CatPred,True,
yeast|r_3044|g1|s_3455,CatPred,True,
yeast|r_3045|g1|s_3449,CatPred,True,
yeast|r_3045|g1|s_3457,CatPred,True,
yeast|r_3046|g1|s_3449,CatPred,True,
yeast|r_3046|g1|s_3465,CatPred,True,
yeast|r_3046|g2|s_3449,CatPred,True,
yeast|r_3046|g2|s_3465,CatPred,True,
yeast|r_3047|g1|s_3449,CatPred,True,
yeast|r_3047|g1|s_3467,CatPred,True,
yeast|r_3047|g2|s_3449,CatPred,True,
yeast|r_3047|g2|s_3467,CatPred,True,
yeast|r_3048|g1|s_3449,CatPred,True,
yeast|r_3048|g1|s_3469,CatPred,True,
yeast|r_3048|g2|s_3449,CatPred,True,
yeast|r_3048|g2|s_3469,CatPred,True,
yeast|r_3049|g1|s_3449,CatPred,True,
yeast|r_3049|g1|s_3471,CatPred,True,
yeast|r_3049|g2|s_3449,CatPred,True,
yeast|r_3049|g2|s_3471,CatPred,True,
yeast|r_3050|g1|s_3449,CatPred,True,
yeast|r_3050|g1|s_3473,CatPred,True,
yeast|r_3050|g2|s_3449,CatPred,True,
yeast|r_3050|g2|s_3473,CatPred,True,
yeast|r_3051|g1|s_3449,CatPred,True,
yeast|r_3051|g1|s_3474,CatPred,True,
yeast|r_3051|g2|s_3449,CatPred,True,
yeast|r_3051|g2|s_3474,CatPred,True,
yeast|r_3052|g1|s_3449,CatPred,True,
yeast|r_3052|g1|s_3475,CatPred,True,
yeast|r_3052|g2|s_3449,CatPred,True,
yeast|r_3052|g2|s_3475,CatPred,True,
yeast|r_3053|g1|s_3449,CatPred,True,
yeast|r_3053|g1|s_3476,CatPred,True,
yeast|r_3053|g2|s_3449,CatPred,True,
yeast|r_3053|g2|s_3476,CatPred,True,
yeast|r_3054|g1|s_3449,CatPred,True,
yeast|r_3054|g1|s_3466,CatPred,True,
yeast|r_3054|g2|s_3449,CatPred,True,
yeast|r_3054|g2|s_3466,CatPred,True,
yeast|r_3055|g1|s_3449,CatPred,True,
yeast|r_3055|g1|s_3468,CatPred,True,
yeast|r_3055|g2|s_3449,CatPred,True,
yeast|r_3055|g2|s_3468,CatPred,True,
yeast|r_3056|g1|s_3449,CatPred,True,
yeast|r_3056|g1|s_3470,CatPred,True,
yeast|r_3056|g2|s_3449,CatPred,True,
yeast|r_3056|g2|s_3470,CatPred,True,
yeast|r_3057|g1|s_3449,CatPred,True,
yeast|r_3057|g1|s_3472,CatPred,True,
yeast|r_3057|g2|s_3449,CatPred,True,
yeast|r_3057|g2|s_3472,CatPred,True,
yeast|r_3058|g1|s_3449,CatPred,True,
yeast|r_3058|g1|s_3478,CatPred,True,
yeast|r_3058|g2|s_3449,CatPred,True,
yeast|r_3058|g2|s_3478,CatPred,True,
yeast|r_3059|g1|s_3449,CatPred,True,
yeast|r_3059|g1|s_3480,CatPred,True,
yeast|r_3059|g2|s_3449,CatPred,True,
yeast|r_3059|g2|s_3480,CatPred,True,
yeast|r_3060|g1|s_3449,CatPred,True,
yeast|r_3060|g1|s_3482,CatPred,True,
yeast|r_3060|g2|s_3449,CatPred,True,
yeast|r_3060|g2|s_3482,CatPred,True,
yeast|r_3061|g1|s_3449,CatPred,True,
yeast|r_3061|g1|s_3484,CatPred,True,
yeast|r_3061|g2|s_3449,CatPred,True,
yeast|r_3061|g2|s_3484,CatPred,True,
yeast|r_3062|g1|s_3449,CatPred,True,
yeast|r_3062|g1|s_3486,CatPred,True,
yeast|r_3062|g2|s_3449,CatPred,True,
yeast|r_3062|g2|s_3486,CatPred,True,
yeast|r_3063|g1|s_3449,CatPred,True,
yeast|r_3063|g1|s_3487,CatPred,True,
yeast|r_3063|g2|s_3449,CatPred,True,
yeast|r_3063|g2|s_3487,CatPred,True,
yeast|r_3064|g1|s_3449,CatPred,True,
yeast|r_3064|g1|s_3488,CatPred,True,
yeast|r_3064|g2|s_3449,CatPred,True,
yeast|r_3064|g2|s_3488,CatPred,True,
yeast|r_3065|g1|s_3449,CatPred,True,
yeast|r_3065|g1|s_3489,CatPred,True,
yeast|r_3065|g2|s_3449,CatPred,True,
yeast|r_3065|g2|s_3489,CatPred,True,
yeast|r_3066|g1|s_3449,CatPred,True,
yeast|r_3066|g1|s_3479,CatPred,True,
yeast|r_3066|g2|s_3449,CatPred,True,
yeast|r_3066|g2|s_3479,CatPred,True,
yeast|r_3067|g1|s_3449,CatPred,True,
yeast|r_3067|g1|s_3481,CatPred,True,
yeast|r_3067|g2|s_3449,CatPred,True,
yeast|r_3067|g2|s_3481,CatPred,True,
yeast|r_3068|g1|s_3449,CatPred,True,
yeast|r_3068|g1|s_3483,CatPred,True,
yeast|r_3068|g2|s_3449,CatPred,True,
yeast|r_3068|g2|s_3483,CatPred,True,
yeast|r_3069|g1|s_3449,CatPred,True,
yeast|r_3069|g1|s_3485,CatPred,True,
yeast|r_3069|g2|s_3449,CatPred,True,
yeast|r_3069|g2|s_3485,CatPred,True,
yeast|r_3070|g1|s_3323,CatPred,True,
yeast|r_3070|g1|s_3449,CatPred,True,
yeast|r_3071|g1|s_3326,CatPred,False,missing_smiles
yeast|r_3071|g1|s_3449,CatPred,True,
yeast|r_3072|g1|s_3328,CatPred,True,
yeast|r_3072|g1|s_3449,CatPred,True,
yeast|r_3073|g1|s_3330,CatPred,True,
yeast|r_3073|g1|s_3449,CatPred,True,
yeast|r_3074|g1|s_3332,CatPred,True,
yeast|r_3074|g1|s_3449,CatPred,True,
yeast|r_3075|g1|s_3334,CatPred,True,
yeast|r_3075|g1|s_3449,CatPred,True,
yeast|r_3076|g1|s_3336,CatPred,True,
yeast|r_3076|g1|s_3449,CatPred,True,
yeast|r_3077|g1|s_3338,CatPred,True,
yeast|r_3077|g1|s_3449,CatPred,True,
yeast|r_3078|g1|s_3449,CatPred,True,
yeast|r_3078|g1|s_3491,CatPred,True,
yeast|r_3079|g1|s_3449,CatPred,True,
yeast|r_3079|g1|s_3492,CatPred,False,missing_smiles
yeast|r_3080|g1|s_3449,CatPred,True,
yeast|r_3080|g1|s_3493,CatPred,True,
yeast|r_3081|g1|s_3449,CatPred,True,
yeast|r_3081|g1|s_3494,CatPred,True,
yeast|r_3082|g1|s_0803,CatPred,True,
yeast|r_3082|g1|s_3496,CatPred,False,missing_smiles
yeast|r_3083|g1|s_0803,CatPred,True,
yeast|r_3083|g1|s_3499,CatPred,False,missing_smiles
yeast|r_3084|g1|s_0803,CatPred,True,
yeast|r_3084|g1|s_3501,CatPred,False,missing_smiles
yeast|r_3085|g1|s_0803,CatPred,True,
yeast|r_3085|g1|s_3503,CatPred,False,missing_smiles
yeast|r_3086|g1|s_0803,CatPred,True,
yeast|r_3086|g1|s_3505,CatPred,False,missing_smiles
yeast|r_3087|g1|s_0803,CatPred,True,
yeast|r_3087|g1|s_3507,CatPred,False,missing_smiles
yeast|r_3088|g1|s_0803,CatPred,True,
yeast|r_3088|g1|s_3509,CatPred,True,
yeast|r_3089|g1|s_0803,CatPred,True,
yeast|r_3089|g1|s_3511,CatPred,False,missing_smiles
yeast|r_3090|g1|s_0808,CatPred,True,
yeast|r_3090|g1|s_3400,CatPred,False,missing_smiles
yeast|r_3091|g1|s_0808,CatPred,True,
yeast|r_3091|g1|s_3401,CatPred,False,missing_smiles
yeast|r_3092|g1|s_0808,CatPred,True,
yeast|r_3092|g1|s_3402,CatPred,False,missing_smiles
yeast|r_3093|g1|s_0808,CatPred,True,
yeast|r_3093|g1|s_3403,CatPred,False,missing_smiles
yeast|r_3094|g1|s_0808,CatPred,True,
yeast|r_3094|g1|s_3404,CatPred,False,missing_smiles
yeast|r_3095|g1|s_0808,CatPred,True,
yeast|r_3095|g1|s_3405,CatPred,False,missing_smiles
yeast|r_3096|g1|s_0808,CatPred,True,
yeast|r_3096|g1|s_3406,CatPred,True,
yeast|r_3097|g1|s_0808,CatPred,True,
yeast|r_3097|g1|s_3407,CatPred,False,missing_smiles
yeast|r_3098|g1|s_3226,CatPred,True,
yeast|r_3098|g1|s_3227,CatPred,True,
yeast|r_3099|g1|s_3226,CatPred,True,
yeast|r_3099|g1|s_3229,CatPred,False,missing_smiles
yeast|r_3100|g1|s_3226,CatPred,True,
yeast|r_3100|g1|s_3230,CatPred,True,
yeast|r_3101|g1|s_3226,CatPred,True,
yeast|r_3101|g1|s_3231,CatPred,True,
yeast|r_3102|g1|s_3226,CatPred,True,
yeast|r_3102|g1|s_3232,CatPred,True,
yeast|r_3103|g1|s_3226,CatPred,True,
yeast|r_3103|g1|s_3233,CatPred,True,
yeast|r_3104|g1|s_0793,CatPred,True,
yeast|r_3104|g1|s_3448,CatPred,True,
yeast|r_3104|g1|s_3449,CatPred,True,
yeast|r_3105|g1|s_0793,CatPred,True,
yeast|r_3105|g1|s_3449,CatPred,True,
yeast|r_3105|g1|s_3452,CatPred,True,
yeast|r_3106|g1|s_0793,CatPred,True,
yeast|r_3106|g1|s_3449,CatPred,True,
yeast|r_3106|g1|s_3454,CatPred,True,
yeast|r_3107|g1|s_0793,CatPred,True,
yeast|r_3107|g1|s_3449,CatPred,True,
yeast|r_3107|g1|s_3456,CatPred,True,
yeast|r_3108|g1|s_0793,CatPred,True,
yeast|r_3108|g1|s_3449,CatPred,True,
yeast|r_3108|g1|s_3458,CatPred,True,
yeast|r_3109|g1|s_0793,CatPred,True,
yeast|r_3109|g1|s_3449,CatPred,True,
yeast|r_3109|g1|s_3460,CatPred,True,
yeast|r_3110|g1|s_0793,CatPred,True,
yeast|r_3110|g1|s_3449,CatPred,True,
yeast|r_3110|g1|s_3461,CatPred,True,
yeast|r_3111|g1|s_0793,CatPred,True,
yeast|r_3111|g1|s_3449,CatPred,True,
yeast|r_3111|g1|s_3462,CatPred,True,
yeast|r_3112|g1|s_3449,CatPred,True,
yeast|r_3112|g1|s_3535,CatPred,False,missing_smiles
yeast|r_3112|g2|s_3449,CatPred,True,
yeast|r_3112|g2|s_3535,CatPred,False,missing_smiles
yeast|r_3113|g1|s_3449,CatPred,True,
yeast|r_3113|g1|s_3537,CatPred,False,missing_smiles
yeast|r_3113|g2|s_3449,CatPred,True,
yeast|r_3113|g2|s_3537,CatPred,False,missing_smiles
yeast|r_3114|g1|s_3449,CatPred,True,
yeast|r_3114|g1|s_3538,CatPred,False,missing_smiles
yeast|r_3114|g2|s_3449,CatPred,True,
yeast|r_3114|g2|s_3538,CatPred,False,missing_smiles
yeast|r_3115|g1|s_3449,CatPred,True,
yeast|r_3115|g1|s_3539,CatPred,False,missing_smiles
yeast|r_3115|g2|s_3449,CatPred,True,
yeast|r_3115|g2|s_3539,CatPred,False,missing_smiles
yeast|r_3116|g1|s_3449,CatPred,True,
yeast|r_3116|g1|s_3540,CatPred,False,missing_smiles
yeast|r_3116|g2|s_3449,CatPred,True,
yeast|r_3116|g2|s_3540,CatPred,False,missing_smiles
yeast|r_3117|g1|s_3449,CatPred,True,
yeast|r_3117|g1|s_3541,CatPred,False,missing_smiles
yeast|r_3117|g2|s_3449,CatPred,True,
yeast|r_3117|g2|s_3541,CatPred,False,missing_smiles
yeast|r_3118|g1|s_3449,CatPred,True,
yeast|r_3118|g1|s_3542,CatPred,True,
yeast|r_3118|g2|s_3449,CatPred,True,
yeast|r_3118|g2|s_3542,CatPred,True,
yeast|r_3119|g1|s_3449,CatPred,True,
yeast|r_3119|g1|s_3543,CatPred,True,
yeast|r_3119|g2|s_3449,CatPred,True,
yeast|r_3119|g2|s_3543,CatPred,True,
yeast|r_3120|g1|s_0803,CatPred,True,
yeast|r_3120|g1|s_3544,CatPred,False,missing_smiles
yeast|r_3120|g2|s_0803,CatPred,True,
yeast|r_3120|g2|s_3544,CatPred,False,missing_smiles
yeast|r_3120|g3|s_0803,CatPred,True,
yeast|r_3120|g3|s_3544,CatPred,False,missing_smiles
yeast|r_3121|g1|s_0803,CatPred,True,
yeast|r_3121|g1|s_3546,CatPred,False,missing_smiles
yeast|r_3121|g2|s_0803,CatPred,True,
yeast|r_3121|g2|s_3546,CatPred,False,missing_smiles
yeast|r_3121|g3|s_0803,CatPred,True,
yeast|r_3121|g3|s_3546,CatPred,False,missing_smiles
yeast|r_3122|g1|s_0803,CatPred,True,
yeast|r_3122|g1|s_3548,CatPred,False,missing_smiles
yeast|r_3122|g2|s_0803,CatPred,True,
yeast|r_3122|g2|s_3548,CatPred,False,missing_smiles
yeast|r_3122|g3|s_0803,CatPred,True,
yeast|r_3122|g3|s_3548,CatPred,False,missing_smiles
yeast|r_3123|g1|s_0803,CatPred,True,
yeast|r_3123|g1|s_3550,CatPred,False,missing_smiles
yeast|r_3123|g2|s_0803,CatPred,True,
yeast|r_3123|g2|s_3550,CatPred,False,missing_smiles
yeast|r_3123|g3|s_0803,CatPred,True,
yeast|r_3123|g3|s_3550,CatPred,False,missing_smiles
yeast|r_3124|g1|s_0803,CatPred,True,
yeast|r_3124|g1|s_3552,CatPred,False,missing_smiles
yeast|r_3124|g2|s_0803,CatPred,True,
yeast|r_3124|g2|s_3552,CatPred,False,missing_smiles
yeast|r_3124|g3|s_0803,CatPred,True,
yeast|r_3124|g3|s_3552,CatPred,False,missing_smiles
yeast|r_3125|g1|s_0803,CatPred,True,
yeast|r_3125|g1|s_3554,CatPred,False,missing_smiles
yeast|r_3125|g2|s_0803,CatPred,True,
yeast|r_3125|g2|s_3554,CatPred,False,missing_smiles
yeast|r_3125|g3|s_0803,CatPred,True,
yeast|r_3125|g3|s_3554,CatPred,False,missing_smiles
yeast|r_3126|g1|s_0803,CatPred,True,
yeast|r_3126|g1|s_3556,CatPred,True,
yeast|r_3126|g2|s_0803,CatPred,True,
yeast|r_3126|g2|s_3556,CatPred,True,
yeast|r_3126|g3|s_0803,CatPred,True,
yeast|r_3126|g3|s_3556,CatPred,True,
yeast|r_3127|g1|s_0803,CatPred,True,
yeast|r_3127|g1|s_3558,CatPred,True,
yeast|r_3127|g2|s_0803,CatPred,True,
yeast|r_3127|g2|s_3558,CatPred,True,
yeast|r_3127|g3|s_0803,CatPred,True,
yeast|r_3127|g3|s_3558,CatPred,True,
yeast|r_3128|g1|s_2808,CatPred,True,
yeast|r_3128|g1|s_3560,CatPred,False,missing_smiles
yeast|r_3129|g1|s_2808,CatPred,True,
yeast|r_3129|g1|s_3561,CatPred,False,missing_smiles
yeast|r_3130|g1|s_2808,CatPred,True,
yeast|r_3130|g1|s_3562,CatPred,False,missing_smiles
yeast|r_3131|g1|s_2808,CatPred,True,
yeast|r_3131|g1|s_3563,CatPred,False,missing_smiles
yeast|r_3132|g1|s_2808,CatPred,True,
yeast|r_3132|g1|s_3564,CatPred,False,missing_smiles
yeast|r_3133|g1|s_2808,CatPred,True,
yeast|r_3133|g1|s_3565,CatPred,False,missing_smiles
yeast|r_3134|g1|s_2808,CatPred,True,
yeast|r_3134|g1|s_3566,CatPred,True,
yeast|r_3135|g1|s_2808,CatPred,True,
yeast|r_3135|g1|s_3567,CatPred,True,
yeast|r_3136|g1|s_2994,CatPred,True,
yeast|r_3136|g1|s_3568,CatPred,False,missing_smiles
yeast|r_3137|g1|s_2994,CatPred,True,
yeast|r_3137|g1|s_3569,CatPred,False,missing_smiles
yeast|r_3138|g1|s_2994,CatPred,True,
yeast|r_3138|g1|s_3570,CatPred,False,missing_smiles
yeast|r_3139|g1|s_2994,CatPred,True,
yeast|r_3139|g1|s_3571,CatPred,False,missing_smiles
yeast|r_3140|g1|s_2994,CatPred,True,
yeast|r_3140|g1|s_3572,CatPred,False,missing_smiles
yeast|r_3141|g1|s_2994,CatPred,True,
yeast|r_3141|g1|s_3573,CatPred,False,missing_smiles
yeast|r_3142|g1|s_2994,CatPred,True,
yeast|r_3142|g1|s_3574,CatPred,True,
yeast|r_3143|g1|s_2994,CatPred,True,
yeast|r_3143|g1|s_3575,CatPred,True,
yeast|r_3144|g1|s_3325,CatPred,False,missing_smiles
yeast|r_3144|g1|s_3449,CatPred,True,
yeast|r_3144|g2|s_3325,CatPred,False,missing_smiles
yeast|r_3144|g2|s_3449,CatPred,True,
yeast|r_3145|g1|s_3327,CatPred,False,missing_smiles
yeast|r_3145|g1|s_3449,CatPred,True,
yeast|r_3145|g2|s_3327,CatPred,False,missing_smiles
yeast|r_3145|g2|s_3449,CatPred,True,
yeast|r_3146|g1|s_3329,CatPred,False,missing_smiles
yeast|r_3146|g1|s_3449,CatPred,True,
yeast|r_3146|g2|s_3329,CatPred,False,missing_smiles
yeast|r_3146|g2|s_3449,CatPred,True,
yeast|r_3147|g1|s_3331,CatPred,False,missing_smiles
yeast|r_3147|g1|s_3449,CatPred,True,
yeast|r_3147|g2|s_3331,CatPred,False,missing_smiles
yeast|r_3147|g2|s_3449,CatPred,True,
yeast|r_3148|g1|s_3333,CatPred,False,missing_smiles
yeast|r_3148|g1|s_3449,CatPred,True,
yeast|r_3148|g2|s_3333,CatPred,False,missing_smiles
yeast|r_3148|g2|s_3449,CatPred,True,
yeast|r_3149|g1|s_3335,CatPred,False,missing_smiles
yeast|r_3149|g1|s_3449,CatPred,True,
yeast|r_3149|g2|s_3335,CatPred,False,missing_smiles
yeast|r_3149|g2|s_3449,CatPred,True,
yeast|r_3150|g1|s_3337,CatPred,True,
yeast|r_3150|g1|s_3449,CatPred,True,
yeast|r_3150|g2|s_3337,CatPred,True,
yeast|r_3150|g2|s_3449,CatPred,True,
yeast|r_3151|g1|s_3339,CatPred,False,missing_smiles
yeast|r_3151|g1|s_3449,CatPred,True,
yeast|r_3151|g2|s_3339,CatPred,False,missing_smiles
yeast|r_3151|g2|s_3449,CatPred,True,
yeast|r_3152|g1|s_0803,CatPred,True,
yeast|r_3152|g1|s_3576,CatPred,False,missing_smiles
yeast|r_3152|g2|s_0803,CatPred,True,
yeast|r_3152|g2|s_3576,CatPred,False,missing_smiles
yeast|r_3153|g1|s_0803,CatPred,True,
yeast|r_3153|g1|s_3577,CatPred,False,missing_smiles
yeast|r_3153|g2|s_0803,CatPred,True,
yeast|r_3153|g2|s_3577,CatPred,False,missing_smiles
yeast|r_3154|g1|s_0803,CatPred,True,
yeast|r_3154|g1|s_3578,CatPred,False,missing_smiles
yeast|r_3154|g2|s_0803,CatPred,True,
yeast|r_3154|g2|s_3578,CatPred,False,missing_smiles
yeast|r_3155|g1|s_0803,CatPred,True,
yeast|r_3155|g1|s_3579,CatPred,False,missing_smiles
yeast|r_3155|g2|s_0803,CatPred,True,
yeast|r_3155|g2|s_3579,CatPred,False,missing_smiles
yeast|r_3156|g1|s_0803,CatPred,True,
yeast|r_3156|g1|s_3580,CatPred,False,missing_smiles
yeast|r_3156|g2|s_0803,CatPred,True,
yeast|r_3156|g2|s_3580,CatPred,False,missing_smiles
yeast|r_3157|g1|s_0803,CatPred,True,
yeast|r_3157|g1|s_3581,CatPred,False,missing_smiles
yeast|r_3157|g2|s_0803,CatPred,True,
yeast|r_3157|g2|s_3581,CatPred,False,missing_smiles
yeast|r_3158|g1|s_0803,CatPred,True,
yeast|r_3158|g1|s_3582,CatPred,True,
yeast|r_3158|g2|s_0803,CatPred,True,
yeast|r_3158|g2|s_3582,CatPred,True,
yeast|r_3159|g1|s_0803,CatPred,True,
yeast|r_3159|g1|s_3583,CatPred,False,missing_smiles
yeast|r_3159|g2|s_0803,CatPred,True,
yeast|r_3159|g2|s_3583,CatPred,False,missing_smiles
yeast|r_3160|g1|s_2808,CatPred,True,
yeast|r_3160|g1|s_3584,CatPred,False,missing_smiles
yeast|r_3161|g1|s_2808,CatPred,True,
yeast|r_3161|g1|s_3585,CatPred,False,missing_smiles
yeast|r_3162|g1|s_2808,CatPred,True,
yeast|r_3162|g1|s_3586,CatPred,False,missing_smiles
yeast|r_3163|g1|s_2808,CatPred,True,
yeast|r_3163|g1|s_3587,CatPred,False,missing_smiles
yeast|r_3164|g1|s_2808,CatPred,True,
yeast|r_3164|g1|s_3588,CatPred,False,missing_smiles
yeast|r_3165|g1|s_2808,CatPred,True,
yeast|r_3165|g1|s_3589,CatPred,False,missing_smiles
yeast|r_3166|g1|s_2808,CatPred,True,
yeast|r_3166|g1|s_3590,CatPred,True,
yeast|r_3167|g1|s_2808,CatPred,True,
yeast|r_3167|g1|s_3591,CatPred,False,missing_smiles
yeast|r_3168|g1|s_2994,CatPred,True,
yeast|r_3168|g1|s_3361,CatPred,False,missing_smiles
yeast|r_3169|g1|s_2994,CatPred,True,
yeast|r_3169|g1|s_3363,CatPred,False,missing_smiles
yeast|r_3170|g1|s_2994,CatPred,True,
yeast|r_3170|g1|s_3365,CatPred,False,missing_smiles
yeast|r_3171|g1|s_2994,CatPred,True,
yeast|r_3171|g1|s_3367,CatPred,False,missing_smiles
yeast|r_3172|g1|s_2994,CatPred,True,
yeast|r_3172|g1|s_3369,CatPred,False,missing_smiles
yeast|r_3173|g1|s_2994,CatPred,True,
yeast|r_3173|g1|s_3371,CatPred,False,missing_smiles
yeast|r_3174|g1|s_2994,CatPred,True,
yeast|r_3174|g1|s_3373,CatPred,True,
yeast|r_3175|g1|s_2994,CatPred,True,
yeast|r_3175|g1|s_3375,CatPred,False,missing_smiles
yeast|r_3176|g1|s_3449,CatPred,True,
yeast|r_3176|g1|s_3592,CatPred,False,missing_smiles
yeast|r_3176|g2|s_3449,CatPred,True,
yeast|r_3176|g2|s_3592,CatPred,False,missing_smiles
yeast|r_3177|g1|s_3449,CatPred,True,
yeast|r_3177|g1|s_3593,CatPred,False,missing_smiles
yeast|r_3177|g2|s_3449,CatPred,True,
yeast|r_3177|g2|s_3593,CatPred,False,missing_smiles
yeast|r_3178|g1|s_3449,CatPred,True,
yeast|r_3178|g1|s_3594,CatPred,False,missing_smiles
yeast|r_3178|g2|s_3449,CatPred,True,
yeast|r_3178|g2|s_3594,CatPred,False,missing_smiles
yeast|r_3179|g1|s_3449,CatPred,True,
yeast|r_3179|g1|s_3595,CatPred,False,missing_smiles
yeast|r_3179|g2|s_3449,CatPred,True,
yeast|r_3179|g2|s_3595,CatPred,False,missing_smiles
yeast|r_3180|g1|s_3449,CatPred,True,
yeast|r_3180|g1|s_3596,CatPred,False,missing_smiles
yeast|r_3180|g2|s_3449,CatPred,True,
yeast|r_3180|g2|s_3596,CatPred,False,missing_smiles
yeast|r_3181|g1|s_3449,CatPred,True,
yeast|r_3181|g1|s_3597,CatPred,False,missing_smiles
yeast|r_3181|g2|s_3449,CatPred,True,
yeast|r_3181|g2|s_3597,CatPred,False,missing_smiles
yeast|r_3182|g1|s_3449,CatPred,True,
yeast|r_3182|g1|s_3598,CatPred,False,missing_smiles
yeast|r_3182|g2|s_3449,CatPred,True,
yeast|r_3182|g2|s_3598,CatPred,False,missing_smiles
yeast|r_3183|g1|s_3449,CatPred,True,
yeast|r_3183|g1|s_3599,CatPred,False,missing_smiles
yeast|r_3183|g2|s_3449,CatPred,True,
yeast|r_3183|g2|s_3599,CatPred,False,missing_smiles
yeast|r_3184|g1|s_0803,CatPred,True,
yeast|r_3184|g1|s_3600,CatPred,False,missing_smiles
yeast|r_3184|g2|s_0803,CatPred,True,
yeast|r_3184|g2|s_3600,CatPred,False,missing_smiles
yeast|r_3185|g1|s_0803,CatPred,True,
yeast|r_3185|g1|s_3601,CatPred,False,missing_smiles
yeast|r_3185|g2|s_0803,CatPred,True,
yeast|r_3185|g2|s_3601,CatPred,False,missing_smiles
yeast|r_3186|g1|s_0803,CatPred,True,
yeast|r_3186|g1|s_3602,CatPred,False,missing_smiles
yeast|r_3186|g2|s_0803,CatPred,True,
yeast|r_3186|g2|s_3602,CatPred,False,missing_smiles
yeast|r_3187|g1|s_0803,CatPred,True,
yeast|r_3187|g1|s_3603,CatPred,False,missing_smiles
yeast|r_3187|g2|s_0803,CatPred,True,
yeast|r_3187|g2|s_3603,CatPred,False,missing_smiles
yeast|r_3188|g1|s_0803,CatPred,True,
yeast|r_3188|g1|s_3604,CatPred,False,missing_smiles
yeast|r_3188|g2|s_0803,CatPred,True,
yeast|r_3188|g2|s_3604,CatPred,False,missing_smiles
yeast|r_3189|g1|s_0803,CatPred,True,
yeast|r_3189|g1|s_3605,CatPred,False,missing_smiles
yeast|r_3189|g2|s_0803,CatPred,True,
yeast|r_3189|g2|s_3605,CatPred,False,missing_smiles
yeast|r_3190|g1|s_0803,CatPred,True,
yeast|r_3190|g1|s_3606,CatPred,False,missing_smiles
yeast|r_3190|g2|s_0803,CatPred,True,
yeast|r_3190|g2|s_3606,CatPred,False,missing_smiles
yeast|r_3191|g1|s_0803,CatPred,True,
yeast|r_3191|g1|s_3607,CatPred,False,missing_smiles
yeast|r_3191|g2|s_0803,CatPred,True,
yeast|r_3191|g2|s_3607,CatPred,False,missing_smiles
yeast|r_3192|g1|s_3408,CatPred,False,missing_smiles
yeast|r_3192|g1|s_3449,CatPred,True,
yeast|r_3192|g2|s_3408,CatPred,False,missing_smiles
yeast|r_3192|g2|s_3449,CatPred,True,
yeast|r_3192|g3|s_3408,CatPred,False,missing_smiles
yeast|r_3192|g3|s_3449,CatPred,True,
yeast|r_3193|g1|s_3409,CatPred,False,missing_smiles
yeast|r_3193|g1|s_3449,CatPred,True,
yeast|r_3193|g2|s_3409,CatPred,False,missing_smiles
yeast|r_3193|g2|s_3449,CatPred,True,
yeast|r_3193|g3|s_3409,CatPred,False,missing_smiles
yeast|r_3193|g3|s_3449,CatPred,True,
yeast|r_3194|g1|s_3410,CatPred,False,missing_smiles
yeast|r_3194|g1|s_3449,CatPred,True,
yeast|r_3194|g2|s_3410,CatPred,False,missing_smiles
yeast|r_3194|g2|s_3449,CatPred,True,
yeast|r_3194|g3|s_3410,CatPred,False,missing_smiles
yeast|r_3194|g3|s_3449,CatPred,True,
yeast|r_3195|g1|s_3411,CatPred,False,missing_smiles
yeast|r_3195|g1|s_3449,CatPred,True,
yeast|r_3195|g2|s_3411,CatPred,False,missing_smiles
yeast|r_3195|g2|s_3449,CatPred,True,
yeast|r_3195|g3|s_3411,CatPred,False,missing_smiles
yeast|r_3195|g3|s_3449,CatPred,True,
yeast|r_3196|g1|s_3412,CatPred,False,missing_smiles
yeast|r_3196|g1|s_3449,CatPred,True,
yeast|r_3196|g2|s_3412,CatPred,False,missing_smiles
yeast|r_3196|g2|s_3449,CatPred,True,
yeast|r_3196|g3|s_3412,CatPred,False,missing_smiles
yeast|r_3196|g3|s_3449,CatPred,True,
yeast|r_3197|g1|s_3413,CatPred,False,missing_smiles
yeast|r_3197|g1|s_3449,CatPred,True,
yeast|r_3197|g2|s_3413,CatPred,False,missing_smiles
yeast|r_3197|g2|s_3449,CatPred,True,
yeast|r_3197|g3|s_3413,CatPred,False,missing_smiles
yeast|r_3197|g3|s_3449,CatPred,True,
yeast|r_3198|g1|s_3414,CatPred,True,
yeast|r_3198|g1|s_3449,CatPred,True,
yeast|r_3198|g2|s_3414,CatPred,True,
yeast|r_3198|g2|s_3449,CatPred,True,
yeast|r_3198|g3|s_3414,CatPred,True,
yeast|r_3198|g3|s_3449,CatPred,True,
yeast|r_3199|g1|s_3415,CatPred,False,missing_smiles
yeast|r_3199|g1|s_3449,CatPred,True,
yeast|r_3199|g2|s_3415,CatPred,False,missing_smiles
yeast|r_3199|g2|s_3449,CatPred,True,
yeast|r_3199|g3|s_3415,CatPred,False,missing_smiles
yeast|r_3199|g3|s_3449,CatPred,True,
yeast|r_3200|g1|s_0803,CatPred,True,
yeast|r_3200|g1|s_3496,CatPred,False,missing_smiles
yeast|r_3200|g2|s_0803,CatPred,True,
yeast|r_3200|g2|s_3496,CatPred,False,missing_smiles
yeast|r_3200|g3|s_0803,CatPred,True,
yeast|r_3200|g3|s_3496,CatPred,False,missing_smiles
yeast|r_3201|g1|s_0803,CatPred,True,
yeast|r_3201|g1|s_3499,CatPred,False,missing_smiles
yeast|r_3201|g2|s_0803,CatPred,True,
yeast|r_3201|g2|s_3499,CatPred,False,missing_smiles
yeast|r_3201|g3|s_0803,CatPred,True,
yeast|r_3201|g3|s_3499,CatPred,False,missing_smiles
yeast|r_3202|g1|s_0803,CatPred,True,
yeast|r_3202|g1|s_3501,CatPred,False,missing_smiles
yeast|r_3202|g2|s_0803,CatPred,True,
yeast|r_3202|g2|s_3501,CatPred,False,missing_smiles
yeast|r_3202|g3|s_0803,CatPred,True,
yeast|r_3202|g3|s_3501,CatPred,False,missing_smiles
yeast|r_3203|g1|s_0803,CatPred,True,
yeast|r_3203|g1|s_3503,CatPred,False,missing_smiles
yeast|r_3203|g2|s_0803,CatPred,True,
yeast|r_3203|g2|s_3503,CatPred,False,missing_smiles
yeast|r_3203|g3|s_0803,CatPred,True,
yeast|r_3203|g3|s_3503,CatPred,False,missing_smiles
yeast|r_3204|g1|s_0803,CatPred,True,
yeast|r_3204|g1|s_3505,CatPred,False,missing_smiles
yeast|r_3204|g2|s_0803,CatPred,True,
yeast|r_3204|g2|s_3505,CatPred,False,missing_smiles
yeast|r_3204|g3|s_0803,CatPred,True,
yeast|r_3204|g3|s_3505,CatPred,False,missing_smiles
yeast|r_3205|g1|s_0803,CatPred,True,
yeast|r_3205|g1|s_3507,CatPred,False,missing_smiles
yeast|r_3205|g2|s_0803,CatPred,True,
yeast|r_3205|g2|s_3507,CatPred,False,missing_smiles
yeast|r_3205|g3|s_0803,CatPred,True,
yeast|r_3205|g3|s_3507,CatPred,False,missing_smiles
yeast|r_3206|g1|s_0803,CatPred,True,
yeast|r_3206|g1|s_3509,CatPred,True,
yeast|r_3206|g2|s_0803,CatPred,True,
yeast|r_3206|g2|s_3509,CatPred,True,
yeast|r_3206|g3|s_0803,CatPred,True,
yeast|r_3206|g3|s_3509,CatPred,True,
yeast|r_3207|g1|s_0803,CatPred,True,
yeast|r_3207|g1|s_3511,CatPred,False,missing_smiles
yeast|r_3207|g2|s_0803,CatPred,True,
yeast|r_3207|g2|s_3511,CatPred,False,missing_smiles
yeast|r_3207|g3|s_0803,CatPred,True,
yeast|r_3207|g3|s_3511,CatPred,False,missing_smiles
yeast|r_3208|g1|s_2808,CatPred,True,
yeast|r_3208|g1|s_3608,CatPred,False,missing_smiles
yeast|r_3209|g1|s_2808,CatPred,True,
yeast|r_3209|g1|s_3609,CatPred,False,missing_smiles
yeast|r_3210|g1|s_2808,CatPred,True,
yeast|r_3210|g1|s_3610,CatPred,False,missing_smiles
yeast|r_3211|g1|s_2808,CatPred,True,
yeast|r_3211|g1|s_3611,CatPred,False,missing_smiles
yeast|r_3212|g1|s_2808,CatPred,True,
yeast|r_3212|g1|s_3612,CatPred,False,missing_smiles
yeast|r_3213|g1|s_2808,CatPred,True,
yeast|r_3213|g1|s_3613,CatPred,False,missing_smiles
yeast|r_3214|g1|s_2808,CatPred,True,
yeast|r_3214|g1|s_3614,CatPred,True,
yeast|r_3215|g1|s_2808,CatPred,True,
yeast|r_3215|g1|s_3615,CatPred,False,missing_smiles
yeast|r_3216|g1|s_2976,CatPred,False,missing_sequence;complex_not_supported_by_default
yeast|r_3216|g1|s_3416,CatPred,False,missing_sequence;missing_smiles;complex_not_supported_by_default
yeast|r_3217|g1|s_2976,CatPred,False,missing_sequence;complex_not_supported_by_default
yeast|r_3217|g1|s_3417,CatPred,False,missing_sequence;missing_smiles;complex_not_supported_by_default
yeast|r_3218|g1|s_2976,CatPred,False,missing_sequence;complex_not_supported_by_default
yeast|r_3218|g1|s_3418,CatPred,False,missing_sequence;missing_smiles;complex_not_supported_by_default
yeast|r_3219|g1|s_2976,CatPred,False,missing_sequence;complex_not_supported_by_default
yeast|r_3219|g1|s_3419,CatPred,False,missing_sequence;missing_smiles;complex_not_supported_by_default
yeast|r_3220|g1|s_2976,CatPred,False,missing_sequence;complex_not_supported_by_default
yeast|r_3220|g1|s_3420,CatPred,False,missing_sequence;missing_smiles;complex_not_supported_by_default
yeast|r_3221|g1|s_2976,CatPred,False,missing_sequence;complex_not_supported_by_default
yeast|r_3221|g1|s_3421,CatPred,False,missing_sequence;missing_smiles;complex_not_supported_by_default
yeast|r_3222|g1|s_2976,CatPred,False,missing_sequence;complex_not_supported_by_default
yeast|r_3222|g1|s_3422,CatPred,False,missing_sequence;missing_smiles;complex_not_supported_by_default
yeast|r_3223|g1|s_2976,CatPred,False,missing_sequence;complex_not_supported_by_default
yeast|r_3223|g1|s_3423,CatPred,False,missing_sequence;missing_smiles;complex_not_supported_by_default
yeast|r_3224|g1|s_2976,CatPred,True,
yeast|r_3224|g1|s_3616,CatPred,False,missing_smiles
yeast|r_3225|g1|s_2976,CatPred,True,
yeast|r_3225|g1|s_3617,CatPred,False,missing_smiles
yeast|r_3226|g1|s_2976,CatPred,True,
yeast|r_3226|g1|s_3618,CatPred,False,missing_smiles
yeast|r_3227|g1|s_2976,CatPred,True,
yeast|r_3227|g1|s_3619,CatPred,False,missing_smiles
yeast|r_3228|g1|s_2976,CatPred,True,
yeast|r_3228|g1|s_3620,CatPred,True,
yeast|r_3229|g1|s_2976,CatPred,True,
yeast|r_3229|g1|s_3621,CatPred,False,missing_smiles
yeast|r_3230|g1|s_2976,CatPred,True,
yeast|r_3230|g1|s_3622,CatPred,False,missing_smiles
yeast|r_3231|g1|s_2976,CatPred,True,
yeast|r_3231|g1|s_3623,CatPred,False,missing_smiles
yeast|r_3232|g1|s_2994,CatPred,True,
yeast|r_3232|g1|s_3624,CatPred,False,missing_smiles
yeast|r_3233|g1|s_2994,CatPred,True,
yeast|r_3233|g1|s_3625,CatPred,False,missing_smiles
yeast|r_3234|g1|s_2994,CatPred,True,
yeast|r_3234|g1|s_3626,CatPred,False,missing_smiles
yeast|r_3235|g1|s_2994,CatPred,True,
yeast|r_3235|g1|s_3627,CatPred,False,missing_smiles
yeast|r_3236|g1|s_2994,CatPred,True,
yeast|r_3236|g1|s_3628,CatPred,True,
yeast|r_3237|g1|s_2994,CatPred,True,
yeast|r_3237|g1|s_3629,CatPred,False,missing_smiles
yeast|r_3238|g1|s_2994,CatPred,True,
yeast|r_3238|g1|s_3630,CatPred,False,missing_smiles
yeast|r_3239|g1|s_2994,CatPred,True,
yeast|r_3239|g1|s_3631,CatPred,False,missing_smiles
yeast|r_3240|g1|s_0803,CatPred,True,
yeast|r_3240|g1|s_3632,CatPred,True,
yeast|r_3241|g1|s_0803,CatPred,True,
yeast|r_3241|g1|s_3634,CatPred,True,
yeast|r_3242|g1|s_0803,CatPred,True,
yeast|r_3242|g1|s_3636,CatPred,True,
yeast|r_3243|g1|s_0803,CatPred,True,
yeast|r_3243|g1|s_3638,CatPred,True,
yeast|r_3244|g1|s_2976,CatPred,True,
yeast|r_3244|g1|s_3640,CatPred,True,
yeast|r_3245|g1|s_2976,CatPred,True,
yeast|r_3245|g1|s_3642,CatPred,True,
yeast|r_3246|g1|s_2976,CatPred,True,
yeast|r_3246|g1|s_3644,CatPred,True,
yeast|r_3247|g1|s_2976,CatPred,True,
yeast|r_3247|g1|s_3646,CatPred,True,
yeast|r_3248|g1|s_2994,CatPred,True,
yeast|r_3248|g1|s_3648,CatPred,True,
yeast|r_3249|g1|s_2994,CatPred,True,
yeast|r_3249|g1|s_3650,CatPred,True,
yeast|r_3250|g1|s_2994,CatPred,True,
yeast|r_3250|g1|s_3652,CatPred,True,
yeast|r_3251|g1|s_2994,CatPred,True,
yeast|r_3251|g1|s_3654,CatPred,True,
yeast|r_3252|g1|s_3656,CatPred,True,
yeast|r_3252|g1|s_3657,CatPred,True,
yeast|r_3252|g2|s_3656,CatPred,True,
yeast|r_3252|g2|s_3657,CatPred,True,
yeast|r_3253|g1|s_3657,CatPred,True,
yeast|r_3253|g1|s_3658,CatPred,True,
yeast|r_3253|g2|s_3657,CatPred,True,
yeast|r_3253|g2|s_3658,CatPred,True,
yeast|r_3254|g1|s_3657,CatPred,True,
yeast|r_3254|g1|s_3659,CatPred,True,
yeast|r_3255|g1|s_3657,CatPred,True,
yeast|r_3255|g1|s_3661,CatPred,True,
yeast|r_3256|g1|s_3657,CatPred,True,
yeast|r_3256|g1|s_3662,CatPred,True,
yeast|r_3257|g1|s_3657,CatPred,True,
yeast|r_3257|g1|s_3663,CatPred,True,
yeast|r_3258|g1|s_3657,CatPred,True,
yeast|r_3258|g1|s_3664,CatPred,True,
yeast|r_3259|g1|s_3657,CatPred,True,
yeast|r_3259|g1|s_3666,CatPred,True,
yeast|r_3260|g1|s_3657,CatPred,True,
yeast|r_3260|g1|s_3667,CatPred,True,
yeast|r_3261|g1|s_3657,CatPred,True,
yeast|r_3261|g1|s_3668,CatPred,True,
yeast|r_3262|g1|s_3449,CatPred,True,
yeast|r_3262|g1|s_3669,CatPred,True,
yeast|r_3263|g1|s_3449,CatPred,True,
yeast|r_3263|g1|s_3670,CatPred,True,
yeast|r_3264|g1|s_3044,CatPred,True,
yeast|r_3264|g1|s_3657,CatPred,True,
yeast|r_3264|g2|s_3044,CatPred,True,
yeast|r_3264|g2|s_3657,CatPred,True,
yeast|r_3264|g3|s_3044,CatPred,True,
yeast|r_3264|g3|s_3657,CatPred,True,
yeast|r_3264|g4|s_3044,CatPred,True,
yeast|r_3264|g4|s_3657,CatPred,True,
yeast|r_3264|g5|s_3044,CatPred,True,
yeast|r_3264|g5|s_3657,CatPred,True,
yeast|r_3265|g1|s_3059,CatPred,True,
yeast|r_3265|g1|s_3657,CatPred,True,
yeast|r_3265|g2|s_3059,CatPred,True,
yeast|r_3265|g2|s_3657,CatPred,True,
yeast|r_3265|g3|s_3059,CatPred,True,
yeast|r_3265|g3|s_3657,CatPred,True,
yeast|r_3265|g4|s_3059,CatPred,True,
yeast|r_3265|g4|s_3657,CatPred,True,
yeast|r_3266|g1|s_3067,CatPred,True,
yeast|r_3266|g1|s_3657,CatPred,True,
yeast|r_3266|g2|s_3067,CatPred,True,
yeast|r_3266|g2|s_3657,CatPred,True,
yeast|r_3266|g3|s_3067,CatPred,True,
yeast|r_3266|g3|s_3657,CatPred,True,
yeast|r_3266|g4|s_3067,CatPred,True,
yeast|r_3266|g4|s_3657,CatPred,True,
yeast|r_3267|g1|s_3075,CatPred,False,missing_smiles
yeast|r_3267|g1|s_3657,CatPred,True,
yeast|r_3267|g2|s_3075,CatPred,False,missing_smiles
yeast|r_3267|g2|s_3657,CatPred,True,
yeast|r_3267|g3|s_3075,CatPred,False,missing_smiles
yeast|r_3267|g3|s_3657,CatPred,True,
yeast|r_3267|g4|s_3075,CatPred,False,missing_smiles
yeast|r_3267|g4|s_3657,CatPred,True,
yeast|r_3268|g1|s_3048,CatPred,False,missing_smiles
yeast|r_3268|g1|s_3657,CatPred,True,
yeast|r_3268|g2|s_3048,CatPred,False,missing_smiles
yeast|r_3268|g2|s_3657,CatPred,True,
yeast|r_3268|g3|s_3048,CatPred,False,missing_smiles
yeast|r_3268|g3|s_3657,CatPred,True,
yeast|r_3268|g4|s_3048,CatPred,False,missing_smiles
yeast|r_3268|g4|s_3657,CatPred,True,
yeast|r_3269|g1|s_3061,CatPred,True,
yeast|r_3269|g1|s_3657,CatPred,True,
yeast|r_3269|g2|s_3061,CatPred,True,
yeast|r_3269|g2|s_3657,CatPred,True,
yeast|r_3269|g3|s_3061,CatPred,True,
yeast|r_3269|g3|s_3657,CatPred,True,
yeast|r_3269|g4|s_3061,CatPred,True,
yeast|r_3269|g4|s_3657,CatPred,True,
yeast|r_3270|g1|s_3069,CatPred,False,missing_smiles
yeast|r_3270|g1|s_3657,CatPred,True,
yeast|r_3270|g2|s_3069,CatPred,False,missing_smiles
yeast|r_3270|g2|s_3657,CatPred,True,
yeast|r_3270|g3|s_3069,CatPred,False,missing_smiles
yeast|r_3270|g3|s_3657,CatPred,True,
yeast|r_3270|g4|s_3069,CatPred,False,missing_smiles
yeast|r_3270|g4|s_3657,CatPred,True,
yeast|r_3271|g1|s_3077,CatPred,True,
yeast|r_3271|g1|s_3657,CatPred,True,
yeast|r_3271|g2|s_3077,CatPred,True,
yeast|r_3271|g2|s_3657,CatPred,True,
yeast|r_3271|g3|s_3077,CatPred,True,
yeast|r_3271|g3|s_3657,CatPred,True,
yeast|r_3271|g4|s_3077,CatPred,True,
yeast|r_3271|g4|s_3657,CatPred,True,
yeast|r_3272|g1|s_3052,CatPred,False,missing_smiles
yeast|r_3272|g1|s_3657,CatPred,True,
yeast|r_3272|g2|s_3052,CatPred,False,missing_smiles
yeast|r_3272|g2|s_3657,CatPred,True,
yeast|r_3272|g3|s_3052,CatPred,False,missing_smiles
yeast|r_3272|g3|s_3657,CatPred,True,
yeast|r_3272|g4|s_3052,CatPred,False,missing_smiles
yeast|r_3272|g4|s_3657,CatPred,True,
yeast|r_3273|g1|s_3063,CatPred,True,
yeast|r_3273|g1|s_3657,CatPred,True,
yeast|r_3273|g2|s_3063,CatPred,True,
yeast|r_3273|g2|s_3657,CatPred,True,
yeast|r_3273|g3|s_3063,CatPred,True,
yeast|r_3273|g3|s_3657,CatPred,True,
yeast|r_3273|g4|s_3063,CatPred,True,
yeast|r_3273|g4|s_3657,CatPred,True,
yeast|r_3274|g1|s_3071,CatPred,True,
yeast|r_3274|g1|s_3657,CatPred,True,
yeast|r_3274|g2|s_3071,CatPred,True,
yeast|r_3274|g2|s_3657,CatPred,True,
yeast|r_3274|g3|s_3071,CatPred,True,
yeast|r_3274|g3|s_3657,CatPred,True,
yeast|r_3274|g4|s_3071,CatPred,True,
yeast|r_3274|g4|s_3657,CatPred,True,
yeast|r_3275|g1|s_3079,CatPred,False,missing_smiles
yeast|r_3275|g1|s_3657,CatPred,True,
yeast|r_3275|g2|s_3079,CatPred,False,missing_smiles
yeast|r_3275|g2|s_3657,CatPred,True,
yeast|r_3275|g3|s_3079,CatPred,False,missing_smiles
yeast|r_3275|g3|s_3657,CatPred,True,
yeast|r_3275|g4|s_3079,CatPred,False,missing_smiles
yeast|r_3275|g4|s_3657,CatPred,True,
yeast|r_3276|g1|s_3056,CatPred,False,missing_smiles
yeast|r_3276|g1|s_3657,CatPred,True,
yeast|r_3276|g2|s_3056,CatPred,False,missing_smiles
yeast|r_3276|g2|s_3657,CatPred,True,
yeast|r_3276|g3|s_3056,CatPred,False,missing_smiles
yeast|r_3276|g3|s_3657,CatPred,True,
yeast|r_3276|g4|s_3056,CatPred,False,missing_smiles
yeast|r_3276|g4|s_3657,CatPred,True,
yeast|r_3277|g1|s_3065,CatPred,False,missing_smiles
yeast|r_3277|g1|s_3657,CatPred,True,
yeast|r_3277|g2|s_3065,CatPred,False,missing_smiles
yeast|r_3277|g2|s_3657,CatPred,True,
yeast|r_3277|g3|s_3065,CatPred,False,missing_smiles
yeast|r_3277|g3|s_3657,CatPred,True,
yeast|r_3277|g4|s_3065,CatPred,False,missing_smiles
yeast|r_3277|g4|s_3657,CatPred,True,
yeast|r_3278|g1|s_3073,CatPred,False,missing_smiles
yeast|r_3278|g1|s_3657,CatPred,True,
yeast|r_3278|g2|s_3073,CatPred,False,missing_smiles
yeast|r_3278|g2|s_3657,CatPred,True,
yeast|r_3278|g3|s_3073,CatPred,False,missing_smiles
yeast|r_3278|g3|s_3657,CatPred,True,
yeast|r_3278|g4|s_3073,CatPred,False,missing_smiles
yeast|r_3278|g4|s_3657,CatPred,True,
yeast|r_3279|g1|s_3081,CatPred,True,
yeast|r_3279|g1|s_3657,CatPred,True,
yeast|r_3279|g2|s_3081,CatPred,True,
yeast|r_3279|g2|s_3657,CatPred,True,
yeast|r_3279|g3|s_3081,CatPred,True,
yeast|r_3279|g3|s_3657,CatPred,True,
yeast|r_3279|g4|s_3081,CatPred,True,
yeast|r_3279|g4|s_3657,CatPred,True,
yeast|r_3280|g1|s_3046,CatPred,True,
yeast|r_3280|g1|s_3657,CatPred,True,
yeast|r_3280|g2|s_3046,CatPred,True,
yeast|r_3280|g2|s_3657,CatPred,True,
yeast|r_3280|g3|s_3046,CatPred,True,
yeast|r_3280|g3|s_3657,CatPred,True,
yeast|r_3280|g4|s_3046,CatPred,True,
yeast|r_3280|g4|s_3657,CatPred,True,
yeast|r_3281|g1|s_3060,CatPred,False,missing_smiles
yeast|r_3281|g1|s_3657,CatPred,True,
yeast|r_3281|g2|s_3060,CatPred,False,missing_smiles
yeast|r_3281|g2|s_3657,CatPred,True,
yeast|r_3281|g3|s_3060,CatPred,False,missing_smiles
yeast|r_3281|g3|s_3657,CatPred,True,
yeast|r_3281|g4|s_3060,CatPred,False,missing_smiles
yeast|r_3281|g4|s_3657,CatPred,True,
yeast|r_3282|g1|s_3068,CatPred,True,
yeast|r_3282|g1|s_3657,CatPred,True,
yeast|r_3282|g2|s_3068,CatPred,True,
yeast|r_3282|g2|s_3657,CatPred,True,
yeast|r_3282|g3|s_3068,CatPred,True,
yeast|r_3282|g3|s_3657,CatPred,True,
yeast|r_3282|g4|s_3068,CatPred,True,
yeast|r_3282|g4|s_3657,CatPred,True,
yeast|r_3283|g1|s_3076,CatPred,False,missing_smiles
yeast|r_3283|g1|s_3657,CatPred,True,
yeast|r_3283|g2|s_3076,CatPred,False,missing_smiles
yeast|r_3283|g2|s_3657,CatPred,True,
yeast|r_3283|g3|s_3076,CatPred,False,missing_smiles
yeast|r_3283|g3|s_3657,CatPred,True,
yeast|r_3283|g4|s_3076,CatPred,False,missing_smiles
yeast|r_3283|g4|s_3657,CatPred,True,
yeast|r_3284|g1|s_3050,CatPred,False,missing_smiles
yeast|r_3284|g1|s_3657,CatPred,True,
yeast|r_3284|g2|s_3050,CatPred,False,missing_smiles
yeast|r_3284|g2|s_3657,CatPred,True,
yeast|r_3284|g3|s_3050,CatPred,False,missing_smiles
yeast|r_3284|g3|s_3657,CatPred,True,
yeast|r_3284|g4|s_3050,CatPred,False,missing_smiles
yeast|r_3284|g4|s_3657,CatPred,True,
yeast|r_3285|g1|s_3062,CatPred,False,missing_smiles
yeast|r_3285|g1|s_3657,CatPred,True,
yeast|r_3285|g2|s_3062,CatPred,False,missing_smiles
yeast|r_3285|g2|s_3657,CatPred,True,
yeast|r_3285|g3|s_3062,CatPred,False,missing_smiles
yeast|r_3285|g3|s_3657,CatPred,True,
yeast|r_3285|g4|s_3062,CatPred,False,missing_smiles
yeast|r_3285|g4|s_3657,CatPred,True,
yeast|r_3286|g1|s_3070,CatPred,False,missing_smiles
yeast|r_3286|g1|s_3657,CatPred,True,
yeast|r_3286|g2|s_3070,CatPred,False,missing_smiles
yeast|r_3286|g2|s_3657,CatPred,True,
yeast|r_3286|g3|s_3070,CatPred,False,missing_smiles
yeast|r_3286|g3|s_3657,CatPred,True,
yeast|r_3286|g4|s_3070,CatPred,False,missing_smiles
yeast|r_3286|g4|s_3657,CatPred,True,
yeast|r_3287|g1|s_3078,CatPred,True,
yeast|r_3287|g1|s_3657,CatPred,True,
yeast|r_3287|g2|s_3078,CatPred,True,
yeast|r_3287|g2|s_3657,CatPred,True,
yeast|r_3287|g3|s_3078,CatPred,True,
yeast|r_3287|g3|s_3657,CatPred,True,
yeast|r_3287|g4|s_3078,CatPred,True,
yeast|r_3287|g4|s_3657,CatPred,True,
yeast|r_3288|g1|s_3054,CatPred,True,
yeast|r_3288|g1|s_3657,CatPred,True,
yeast|r_3288|g2|s_3054,CatPred,True,
yeast|r_3288|g2|s_3657,CatPred,True,
yeast|r_3288|g3|s_3054,CatPred,True,
yeast|r_3288|g3|s_3657,CatPred,True,
yeast|r_3288|g4|s_3054,CatPred,True,
yeast|r_3288|g4|s_3657,CatPred,True,
yeast|r_3289|g1|s_3064,CatPred,False,missing_smiles
yeast|r_3289|g1|s_3657,CatPred,True,
yeast|r_3289|g2|s_3064,CatPred,False,missing_smiles
yeast|r_3289|g2|s_3657,CatPred,True,
yeast|r_3289|g3|s_3064,CatPred,False,missing_smiles
yeast|r_3289|g3|s_3657,CatPred,True,
yeast|r_3289|g4|s_3064,CatPred,False,missing_smiles
yeast|r_3289|g4|s_3657,CatPred,True,
yeast|r_3290|g1|s_3072,CatPred,True,
yeast|r_3290|g1|s_3657,CatPred,True,
yeast|r_3290|g2|s_3072,CatPred,True,
yeast|r_3290|g2|s_3657,CatPred,True,
yeast|r_3290|g3|s_3072,CatPred,True,
yeast|r_3290|g3|s_3657,CatPred,True,
yeast|r_3290|g4|s_3072,CatPred,True,
yeast|r_3290|g4|s_3657,CatPred,True,
yeast|r_3291|g1|s_3080,CatPred,False,missing_smiles
yeast|r_3291|g1|s_3657,CatPred,True,
yeast|r_3291|g2|s_3080,CatPred,False,missing_smiles
yeast|r_3291|g2|s_3657,CatPred,True,
yeast|r_3291|g3|s_3080,CatPred,False,missing_smiles
yeast|r_3291|g3|s_3657,CatPred,True,
yeast|r_3291|g4|s_3080,CatPred,False,missing_smiles
yeast|r_3291|g4|s_3657,CatPred,True,
yeast|r_3292|g1|s_3058,CatPred,True,
yeast|r_3292|g1|s_3657,CatPred,True,
yeast|r_3292|g2|s_3058,CatPred,True,
yeast|r_3292|g2|s_3657,CatPred,True,
yeast|r_3292|g3|s_3058,CatPred,True,
yeast|r_3292|g3|s_3657,CatPred,True,
yeast|r_3292|g4|s_3058,CatPred,True,
yeast|r_3292|g4|s_3657,CatPred,True,
yeast|r_3293|g1|s_3066,CatPred,False,missing_smiles
yeast|r_3293|g1|s_3657,CatPred,True,
yeast|r_3293|g2|s_3066,CatPred,False,missing_smiles
yeast|r_3293|g2|s_3657,CatPred,True,
yeast|r_3293|g3|s_3066,CatPred,False,missing_smiles
yeast|r_3293|g3|s_3657,CatPred,True,
yeast|r_3293|g4|s_3066,CatPred,False,missing_smiles
yeast|r_3293|g4|s_3657,CatPred,True,
yeast|r_3294|g1|s_3074,CatPred,False,missing_smiles
yeast|r_3294|g1|s_3657,CatPred,True,
yeast|r_3294|g2|s_3074,CatPred,False,missing_smiles
yeast|r_3294|g2|s_3657,CatPred,True,
yeast|r_3294|g3|s_3074,CatPred,False,missing_smiles
yeast|r_3294|g3|s_3657,CatPred,True,
yeast|r_3294|g4|s_3074,CatPred,False,missing_smiles
yeast|r_3294|g4|s_3657,CatPred,True,
yeast|r_3295|g1|s_3082,CatPred,True,
yeast|r_3295|g1|s_3657,CatPred,True,
yeast|r_3295|g2|s_3082,CatPred,True,
yeast|r_3295|g2|s_3657,CatPred,True,
yeast|r_3295|g3|s_3082,CatPred,True,
yeast|r_3295|g3|s_3657,CatPred,True,
yeast|r_3295|g4|s_3082,CatPred,True,
yeast|r_3295|g4|s_3657,CatPred,True,
yeast|r_3296|g1|s_3043,CatPred,True,
yeast|r_3296|g1|s_3657,CatPred,True,
yeast|r_3297|g1|s_3047,CatPred,True,
yeast|r_3297|g1|s_3657,CatPred,True,
yeast|r_3297|g2|s_3047,CatPred,True,
yeast|r_3297|g2|s_3657,CatPred,True,
yeast|r_3298|g1|s_3051,CatPred,True,
yeast|r_3298|g1|s_3657,CatPred,True,
yeast|r_3299|g1|s_3055,CatPred,True,
yeast|r_3299|g1|s_3657,CatPred,True,
yeast|r_3300|g1|s_3045,CatPred,True,
yeast|r_3300|g1|s_3657,CatPred,True,
yeast|r_3301|g1|s_3049,CatPred,True,
yeast|r_3301|g1|s_3657,CatPred,True,
yeast|r_3302|g1|s_3053,CatPred,True,
yeast|r_3302|g1|s_3657,CatPred,True,
yeast|r_3303|g1|s_3057,CatPred,True,
yeast|r_3303|g1|s_3657,CatPred,True,
yeast|r_3304|g1|s_0807,CatPred,True,
yeast|r_3304|g1|s_3675,CatPred,True,
yeast|r_3305|g1|s_0807,CatPred,True,
yeast|r_3305|g1|s_3678,CatPred,True,
yeast|r_3306|g1|s_0807,CatPred,True,
yeast|r_3306|g1|s_3680,CatPred,True,
yeast|r_3307|g1|s_0807,CatPred,True,
yeast|r_3307|g1|s_3682,CatPred,True,
yeast|r_3308|g1|s_3657,CatPred,True,
yeast|r_3308|g1|s_3671,CatPred,True,
yeast|r_3309|g1|s_3657,CatPred,True,
yeast|r_3309|g1|s_3672,CatPred,True,
yeast|r_3310|g1|s_3657,CatPred,True,
yeast|r_3310|g1|s_3673,CatPred,True,
yeast|r_3311|g1|s_3657,CatPred,True,
yeast|r_3311|g1|s_3674,CatPred,True,
yeast|r_3312|g1|s_2853,CatPred,True,
yeast|r_3312|g1|s_3685,CatPred,True,
yeast|r_3313|g1|s_2853,CatPred,True,
yeast|r_3313|g1|s_3687,CatPred,True,
yeast|r_3314|g1|s_2853,CatPred,True,
yeast|r_3314|g1|s_3689,CatPred,True,
yeast|r_3315|g1|s_2853,CatPred,True,
yeast|r_3315|g1|s_3691,CatPred,True,
yeast|r_3316|g1|s_3657,CatPred,True,
yeast|r_3316|g1|s_3693,CatPred,True,
yeast|r_3317|g1|s_3657,CatPred,True,
yeast|r_3317|g1|s_3695,CatPred,True,
yeast|r_3318|g1|s_3657,CatPred,True,
yeast|r_3318|g1|s_3697,CatPred,True,
yeast|r_3319|g1|s_3657,CatPred,True,
yeast|r_3319|g1|s_3699,CatPred,True,
yeast|r_3320|g1|s_3657,CatPred,True,
yeast|r_3320|g1|s_3701,CatPred,True,
yeast|r_3321|g1|s_3657,CatPred,True,
yeast|r_3321|g1|s_3702,CatPred,True,
yeast|r_3322|g1|s_3657,CatPred,True,
yeast|r_3322|g1|s_3703,CatPred,True,
yeast|r_3323|g1|s_3657,CatPred,True,
yeast|r_3323|g1|s_3704,CatPred,True,
yeast|r_3324|g1|s_3657,CatPred,True,
yeast|r_3324|g1|s_3705,CatPred,True,
yeast|r_3325|g1|s_3657,CatPred,True,
yeast|r_3325|g1|s_3706,CatPred,True,
yeast|r_3326|g1|s_3657,CatPred,True,
yeast|r_3326|g1|s_3707,CatPred,True,
yeast|r_3327|g1|s_3657,CatPred,True,
yeast|r_3327|g1|s_3708,CatPred,True,
yeast|r_3328|g1|s_3657,CatPred,True,
yeast|r_3328|g1|s_3686,CatPred,True,
yeast|r_3329|g1|s_3657,CatPred,True,
yeast|r_3329|g1|s_3688,CatPred,True,
yeast|r_3330|g1|s_3657,CatPred,True,
yeast|r_3330|g1|s_3690,CatPred,True,
yeast|r_3331|g1|s_3657,CatPred,True,
yeast|r_3331|g1|s_3692,CatPred,True,
yeast|r_3348|g1|s_1117,CatPred,True,
yeast|r_3348|g1|s_3358,CatPred,True,
yeast|r_3349|g1|s_1117,CatPred,True,
yeast|r_3349|g1|s_3362,CatPred,False,missing_smiles
yeast|r_3350|g1|s_1117,CatPred,True,
yeast|r_3350|g1|s_3364,CatPred,True,
yeast|r_3351|g1|s_1117,CatPred,True,
yeast|r_3351|g1|s_3366,CatPred,True,
yeast|r_3352|g1|s_1117,CatPred,True,
yeast|r_3352|g1|s_3368,CatPred,True,
yeast|r_3353|g1|s_1117,CatPred,True,
yeast|r_3353|g1|s_3370,CatPred,True,
yeast|r_3354|g1|s_1117,CatPred,True,
yeast|r_3354|g1|s_3372,CatPred,True,
yeast|r_3355|g1|s_1117,CatPred,True,
yeast|r_3355|g1|s_3374,CatPred,True,
yeast|r_3356|g1|s_1120,CatPred,True,
yeast|r_3356|g1|s_3358,CatPred,True,
yeast|r_3357|g1|s_1120,CatPred,True,
yeast|r_3357|g1|s_3362,CatPred,False,missing_smiles
yeast|r_3358|g1|s_1120,CatPred,True,
yeast|r_3358|g1|s_3364,CatPred,True,
yeast|r_3359|g1|s_1120,CatPred,True,
yeast|r_3359|g1|s_3366,CatPred,True,
yeast|r_3360|g1|s_1120,CatPred,True,
yeast|r_3360|g1|s_3368,CatPred,True,
yeast|r_3361|g1|s_1120,CatPred,True,
yeast|r_3361|g1|s_3370,CatPred,True,
yeast|r_3362|g1|s_1120,CatPred,True,
yeast|r_3362|g1|s_3372,CatPred,True,
yeast|r_3363|g1|s_1120,CatPred,True,
yeast|r_3363|g1|s_3374,CatPred,True,
yeast|r_3364|g1|s_1129,CatPred,True,
yeast|r_3364|g1|s_3358,CatPred,True,
yeast|r_3365|g1|s_1129,CatPred,True,
yeast|r_3365|g1|s_3362,CatPred,False,missing_smiles
yeast|r_3366|g1|s_1129,CatPred,True,
yeast|r_3366|g1|s_3364,CatPred,True,
yeast|r_3367|g1|s_1129,CatPred,True,
yeast|r_3367|g1|s_3366,CatPred,True,
yeast|r_3368|g1|s_1129,CatPred,True,
yeast|r_3368|g1|s_3368,CatPred,True,
yeast|r_3369|g1|s_1129,CatPred,True,
yeast|r_3369|g1|s_3370,CatPred,True,
yeast|r_3370|g1|s_1129,CatPred,True,
yeast|r_3370|g1|s_3372,CatPred,True,
yeast|r_3371|g1|s_1129,CatPred,True,
yeast|r_3371|g1|s_3374,CatPred,True,
yeast|r_3372|g1|s_1132,CatPred,True,
yeast|r_3372|g1|s_3358,CatPred,True,
yeast|r_3373|g1|s_1132,CatPred,True,
yeast|r_3373|g1|s_3362,CatPred,False,missing_smiles
yeast|r_3374|g1|s_1132,CatPred,True,
yeast|r_3374|g1|s_3364,CatPred,True,
yeast|r_3375|g1|s_1132,CatPred,True,
yeast|r_3375|g1|s_3366,CatPred,True,
yeast|r_3376|g1|s_1132,CatPred,True,
yeast|r_3376|g1|s_3368,CatPred,True,
yeast|r_3377|g1|s_1132,CatPred,True,
yeast|r_3377|g1|s_3370,CatPred,True,
yeast|r_3378|g1|s_1132,CatPred,True,
yeast|r_3378|g1|s_3372,CatPred,True,
yeast|r_3379|g1|s_1132,CatPred,True,
yeast|r_3379|g1|s_3374,CatPred,True,
yeast|r_3380|g1|s_1123,CatPred,True,
yeast|r_3380|g1|s_3358,CatPred,True,
yeast|r_3381|g1|s_1123,CatPred,True,
yeast|r_3381|g1|s_3362,CatPred,False,missing_smiles
yeast|r_3382|g1|s_1123,CatPred,True,
yeast|r_3382|g1|s_3364,CatPred,True,
yeast|r_3383|g1|s_1123,CatPred,True,
yeast|r_3383|g1|s_3366,CatPred,True,
yeast|r_3384|g1|s_1123,CatPred,True,
yeast|r_3384|g1|s_3368,CatPred,True,
yeast|r_3385|g1|s_1123,CatPred,True,
yeast|r_3385|g1|s_3370,CatPred,True,
yeast|r_3386|g1|s_1123,CatPred,True,
yeast|r_3386|g1|s_3372,CatPred,True,
yeast|r_3387|g1|s_1123,CatPred,True,
yeast|r_3387|g1|s_3374,CatPred,True,
yeast|r_3388|g1|s_1126,CatPred,True,
yeast|r_3388|g1|s_3358,CatPred,True,
yeast|r_3389|g1|s_1126,CatPred,True,
yeast|r_3389|g1|s_3362,CatPred,False,missing_smiles
yeast|r_3390|g1|s_1126,CatPred,True,
yeast|r_3390|g1|s_3364,CatPred,True,
yeast|r_3391|g1|s_1126,CatPred,True,
yeast|r_3391|g1|s_3366,CatPred,True,
yeast|r_3392|g1|s_1126,CatPred,True,
yeast|r_3392|g1|s_3368,CatPred,True,
yeast|r_3393|g1|s_1126,CatPred,True,
yeast|r_3393|g1|s_3370,CatPred,True,
yeast|r_3394|g1|s_1126,CatPred,True,
yeast|r_3394|g1|s_3372,CatPred,True,
yeast|r_3395|g1|s_1126,CatPred,True,
yeast|r_3395|g1|s_3374,CatPred,True,
yeast|r_3396|g1|s_1135,CatPred,True,
yeast|r_3396|g1|s_3358,CatPred,True,
yeast|r_3397|g1|s_1135,CatPred,True,
yeast|r_3397|g1|s_3362,CatPred,False,missing_smiles
yeast|r_3398|g1|s_1135,CatPred,True,
yeast|r_3398|g1|s_3364,CatPred,True,
yeast|r_3399|g1|s_1135,CatPred,True,
yeast|r_3399|g1|s_3366,CatPred,True,
yeast|r_3400|g1|s_1135,CatPred,True,
yeast|r_3400|g1|s_3368,CatPred,True,
yeast|r_3401|g1|s_1135,CatPred,True,
yeast|r_3401|g1|s_3370,CatPred,True,
yeast|r_3402|g1|s_1135,CatPred,True,
yeast|r_3402|g1|s_3372,CatPred,True,
yeast|r_3403|g1|s_1135,CatPred,True,
yeast|r_3403|g1|s_3374,CatPred,True,
yeast|r_3404|g1|s_1138,CatPred,True,
yeast|r_3404|g1|s_3358,CatPred,True,
yeast|r_3405|g1|s_1138,CatPred,True,
yeast|r_3405|g1|s_3362,CatPred,False,missing_smiles
yeast|r_3406|g1|s_1138,CatPred,True,
yeast|r_3406|g1|s_3364,CatPred,True,
yeast|r_3407|g1|s_1138,CatPred,True,
yeast|r_3407|g1|s_3366,CatPred,True,
yeast|r_3408|g1|s_1138,CatPred,True,
yeast|r_3408|g1|s_3368,CatPred,True,
yeast|r_3409|g1|s_1138,CatPred,True,
yeast|r_3409|g1|s_3370,CatPred,True,
yeast|r_3410|g1|s_1138,CatPred,True,
yeast|r_3410|g1|s_3372,CatPred,True,
yeast|r_3411|g1|s_1138,CatPred,True,
yeast|r_3411|g1|s_3374,CatPred,True,
yeast|r_3412|g1|s_1141,CatPred,True,
yeast|r_3412|g1|s_3358,CatPred,True,
yeast|r_3413|g1|s_1141,CatPred,True,
yeast|r_3413|g1|s_3362,CatPred,False,missing_smiles
yeast|r_3414|g1|s_1141,CatPred,True,
yeast|r_3414|g1|s_3364,CatPred,True,
yeast|r_3415|g1|s_1141,CatPred,True,
yeast|r_3415|g1|s_3366,CatPred,True,
yeast|r_3416|g1|s_1141,CatPred,True,
yeast|r_3416|g1|s_3368,CatPred,True,
yeast|r_3417|g1|s_1141,CatPred,True,
yeast|r_3417|g1|s_3370,CatPred,True,
yeast|r_3418|g1|s_1141,CatPred,True,
yeast|r_3418|g1|s_3372,CatPred,True,
yeast|r_3419|g1|s_1141,CatPred,True,
yeast|r_3419|g1|s_3374,CatPred,True,
yeast|r_3420|g1|s_1144,CatPred,True,
yeast|r_3420|g1|s_3358,CatPred,True,
yeast|r_3421|g1|s_1144,CatPred,True,
yeast|r_3421|g1|s_3362,CatPred,False,missing_smiles
yeast|r_3422|g1|s_1144,CatPred,True,
yeast|r_3422|g1|s_3364,CatPred,True,
yeast|r_3423|g1|s_1144,CatPred,True,
yeast|r_3423|g1|s_3366,CatPred,True,
yeast|r_3424|g1|s_1144,CatPred,True,
yeast|r_3424|g1|s_3368,CatPred,True,
yeast|r_3425|g1|s_1144,CatPred,True,
yeast|r_3425|g1|s_3370,CatPred,True,
yeast|r_3426|g1|s_1144,CatPred,True,
yeast|r_3426|g1|s_3372,CatPred,True,
yeast|r_3427|g1|s_1144,CatPred,True,
yeast|r_3427|g1|s_3374,CatPred,True,
yeast|r_3428|g1|s_0476,CatPred,False,missing_sequence;complex_not_supported_by_default
yeast|r_3428|g1|s_3358,CatPred,False,missing_sequence;complex_not_supported_by_default
yeast|r_3429|g1|s_0476,CatPred,False,missing_sequence;complex_not_supported_by_default
yeast|r_3429|g1|s_3362,CatPred,False,missing_sequence;missing_smiles;complex_not_supported_by_default
yeast|r_3430|g1|s_0476,CatPred,False,missing_sequence;complex_not_supported_by_default
yeast|r_3430|g1|s_3364,CatPred,False,missing_sequence;complex_not_supported_by_default
yeast|r_3431|g1|s_0476,CatPred,False,missing_sequence;complex_not_supported_by_default
yeast|r_3431|g1|s_3366,CatPred,False,missing_sequence;complex_not_supported_by_default
yeast|r_3432|g1|s_0476,CatPred,False,missing_sequence;complex_not_supported_by_default
yeast|r_3432|g1|s_3368,CatPred,False,missing_sequence;complex_not_supported_by_default
yeast|r_3433|g1|s_0476,CatPred,False,missing_sequence;complex_not_supported_by_default
yeast|r_3433|g1|s_3370,CatPred,False,missing_sequence;complex_not_supported_by_default
yeast|r_3434|g1|s_0476,CatPred,False,missing_sequence;complex_not_supported_by_default
yeast|r_3434|g1|s_3372,CatPred,False,missing_sequence;complex_not_supported_by_default
yeast|r_3435|g1|s_0476,CatPred,False,missing_sequence;complex_not_supported_by_default
yeast|r_3435|g1|s_3374,CatPred,False,missing_sequence;complex_not_supported_by_default
yeast|r_3436|g1|s_0479,CatPred,False,missing_sequence;complex_not_supported_by_default
yeast|r_3436|g1|s_3358,CatPred,False,missing_sequence;complex_not_supported_by_default
yeast|r_3437|g1|s_0479,CatPred,False,missing_sequence;complex_not_supported_by_default
yeast|r_3437|g1|s_3362,CatPred,False,missing_sequence;missing_smiles;complex_not_supported_by_default
yeast|r_3438|g1|s_0479,CatPred,False,missing_sequence;complex_not_supported_by_default
yeast|r_3438|g1|s_3364,CatPred,False,missing_sequence;complex_not_supported_by_default
yeast|r_3439|g1|s_0479,CatPred,False,missing_sequence;complex_not_supported_by_default
yeast|r_3439|g1|s_3366,CatPred,False,missing_sequence;complex_not_supported_by_default
yeast|r_3440|g1|s_0479,CatPred,False,missing_sequence;complex_not_supported_by_default
yeast|r_3440|g1|s_3368,CatPred,False,missing_sequence;complex_not_supported_by_default
yeast|r_3441|g1|s_0479,CatPred,False,missing_sequence;complex_not_supported_by_default
yeast|r_3441|g1|s_3370,CatPred,False,missing_sequence;complex_not_supported_by_default
yeast|r_3442|g1|s_0479,CatPred,False,missing_sequence;complex_not_supported_by_default
yeast|r_3442|g1|s_3372,CatPred,False,missing_sequence;complex_not_supported_by_default
yeast|r_3443|g1|s_0479,CatPred,False,missing_sequence;complex_not_supported_by_default
yeast|r_3443|g1|s_3374,CatPred,False,missing_sequence;complex_not_supported_by_default
yeast|r_3444|g1|s_0488,CatPred,False,missing_sequence;complex_not_supported_by_default
yeast|r_3444|g1|s_3358,CatPred,False,missing_sequence;complex_not_supported_by_default
yeast|r_3445|g1|s_0488,CatPred,False,missing_sequence;complex_not_supported_by_default
yeast|r_3445|g1|s_3362,CatPred,False,missing_sequence;missing_smiles;complex_not_supported_by_default
yeast|r_3446|g1|s_0488,CatPred,False,missing_sequence;complex_not_supported_by_default
yeast|r_3446|g1|s_3364,CatPred,False,missing_sequence;complex_not_supported_by_default
yeast|r_3447|g1|s_0488,CatPred,False,missing_sequence;complex_not_supported_by_default
yeast|r_3447|g1|s_3366,CatPred,False,missing_sequence;complex_not_supported_by_default
yeast|r_3448|g1|s_0488,CatPred,False,missing_sequence;complex_not_supported_by_default
yeast|r_3448|g1|s_3368,CatPred,False,missing_sequence;complex_not_supported_by_default
yeast|r_3449|g1|s_0488,CatPred,False,missing_sequence;complex_not_supported_by_default
yeast|r_3449|g1|s_3370,CatPred,False,missing_sequence;complex_not_supported_by_default
yeast|r_3450|g1|s_0488,CatPred,False,missing_sequence;complex_not_supported_by_default
yeast|r_3450|g1|s_3372,CatPred,False,missing_sequence;complex_not_supported_by_default
yeast|r_3451|g1|s_0488,CatPred,False,missing_sequence;complex_not_supported_by_default
yeast|r_3451|g1|s_3374,CatPred,False,missing_sequence;complex_not_supported_by_default
yeast|r_3452|g1|s_0491,CatPred,False,missing_sequence;complex_not_supported_by_default
yeast|r_3452|g1|s_3358,CatPred,False,missing_sequence;complex_not_supported_by_default
yeast|r_3453|g1|s_0491,CatPred,False,missing_sequence;complex_not_supported_by_default
yeast|r_3453|g1|s_3362,CatPred,False,missing_sequence;missing_smiles;complex_not_supported_by_default
yeast|r_3454|g1|s_0491,CatPred,False,missing_sequence;complex_not_supported_by_default
yeast|r_3454|g1|s_3364,CatPred,False,missing_sequence;complex_not_supported_by_default
yeast|r_3455|g1|s_0491,CatPred,False,missing_sequence;complex_not_supported_by_default
yeast|r_3455|g1|s_3366,CatPred,False,missing_sequence;complex_not_supported_by_default
yeast|r_3456|g1|s_0491,CatPred,False,missing_sequence;complex_not_supported_by_default
yeast|r_3456|g1|s_3368,CatPred,False,missing_sequence;complex_not_supported_by_default
yeast|r_3457|g1|s_0491,CatPred,False,missing_sequence;complex_not_supported_by_default
yeast|r_3457|g1|s_3370,CatPred,False,missing_sequence;complex_not_supported_by_default
yeast|r_3458|g1|s_0491,CatPred,False,missing_sequence;complex_not_supported_by_default
yeast|r_3458|g1|s_3372,CatPred,False,missing_sequence;complex_not_supported_by_default
yeast|r_3459|g1|s_0491,CatPred,False,missing_sequence;complex_not_supported_by_default
yeast|r_3459|g1|s_3374,CatPred,False,missing_sequence;complex_not_supported_by_default
yeast|r_3460|g1|s_0482,CatPred,False,missing_sequence;complex_not_supported_by_default
yeast|r_3460|g1|s_3358,CatPred,False,missing_sequence;complex_not_supported_by_default
yeast|r_3461|g1|s_0482,CatPred,False,missing_sequence;complex_not_supported_by_default
yeast|r_3461|g1|s_3362,CatPred,False,missing_sequence;missing_smiles;complex_not_supported_by_default
yeast|r_3462|g1|s_0482,CatPred,False,missing_sequence;complex_not_supported_by_default
yeast|r_3462|g1|s_3364,CatPred,False,missing_sequence;complex_not_supported_by_default
yeast|r_3463|g1|s_0482,CatPred,False,missing_sequence;complex_not_supported_by_default
yeast|r_3463|g1|s_3366,CatPred,False,missing_sequence;complex_not_supported_by_default
yeast|r_3464|g1|s_0482,CatPred,False,missing_sequence;complex_not_supported_by_default
yeast|r_3464|g1|s_3368,CatPred,False,missing_sequence;complex_not_supported_by_default
yeast|r_3465|g1|s_0482,CatPred,False,missing_sequence;complex_not_supported_by_default
yeast|r_3465|g1|s_3370,CatPred,False,missing_sequence;complex_not_supported_by_default
yeast|r_3466|g1|s_0482,CatPred,False,missing_sequence;complex_not_supported_by_default
yeast|r_3466|g1|s_3372,CatPred,False,missing_sequence;complex_not_supported_by_default
yeast|r_3467|g1|s_0482,CatPred,False,missing_sequence;complex_not_supported_by_default
yeast|r_3467|g1|s_3374,CatPred,False,missing_sequence;complex_not_supported_by_default
yeast|r_3468|g1|s_0485,CatPred,False,missing_sequence;complex_not_supported_by_default
yeast|r_3468|g1|s_3358,CatPred,False,missing_sequence;complex_not_supported_by_default
yeast|r_3469|g1|s_0485,CatPred,False,missing_sequence;complex_not_supported_by_default
yeast|r_3469|g1|s_3362,CatPred,False,missing_sequence;missing_smiles;complex_not_supported_by_default
yeast|r_3470|g1|s_0485,CatPred,False,missing_sequence;complex_not_supported_by_default
yeast|r_3470|g1|s_3364,CatPred,False,missing_sequence;complex_not_supported_by_default
yeast|r_3471|g1|s_0485,CatPred,False,missing_sequence;complex_not_supported_by_default
yeast|r_3471|g1|s_3366,CatPred,False,missing_sequence;complex_not_supported_by_default
yeast|r_3472|g1|s_0485,CatPred,False,missing_sequence;complex_not_supported_by_default
yeast|r_3472|g1|s_3368,CatPred,False,missing_sequence;complex_not_supported_by_default
yeast|r_3473|g1|s_0485,CatPred,False,missing_sequence;complex_not_supported_by_default
yeast|r_3473|g1|s_3370,CatPred,False,missing_sequence;complex_not_supported_by_default
yeast|r_3474|g1|s_0485,CatPred,False,missing_sequence;complex_not_supported_by_default
yeast|r_3474|g1|s_3372,CatPred,False,missing_sequence;complex_not_supported_by_default
yeast|r_3475|g1|s_0485,CatPred,False,missing_sequence;complex_not_supported_by_default
yeast|r_3475|g1|s_3374,CatPred,False,missing_sequence;complex_not_supported_by_default
yeast|r_3476|g1|s_0494,CatPred,False,missing_sequence;complex_not_supported_by_default
yeast|r_3476|g1|s_3358,CatPred,False,missing_sequence;complex_not_supported_by_default
yeast|r_3477|g1|s_0494,CatPred,False,missing_sequence;complex_not_supported_by_default
yeast|r_3477|g1|s_3362,CatPred,False,missing_sequence;missing_smiles;complex_not_supported_by_default
yeast|r_3478|g1|s_0494,CatPred,False,missing_sequence;complex_not_supported_by_default
yeast|r_3478|g1|s_3364,CatPred,False,missing_sequence;complex_not_supported_by_default
yeast|r_3479|g1|s_0494,CatPred,False,missing_sequence;complex_not_supported_by_default
yeast|r_3479|g1|s_3366,CatPred,False,missing_sequence;complex_not_supported_by_default
yeast|r_3480|g1|s_0494,CatPred,False,missing_sequence;complex_not_supported_by_default
yeast|r_3480|g1|s_3368,CatPred,False,missing_sequence;complex_not_supported_by_default
yeast|r_3481|g1|s_0494,CatPred,False,missing_sequence;complex_not_supported_by_default
yeast|r_3481|g1|s_3370,CatPred,False,missing_sequence;complex_not_supported_by_default
yeast|r_3482|g1|s_0494,CatPred,False,missing_sequence;complex_not_supported_by_default
yeast|r_3482|g1|s_3372,CatPred,False,missing_sequence;complex_not_supported_by_default
yeast|r_3483|g1|s_0494,CatPred,False,missing_sequence;complex_not_supported_by_default
yeast|r_3483|g1|s_3374,CatPred,False,missing_sequence;complex_not_supported_by_default
yeast|r_3484|g1|s_0497,CatPred,False,missing_sequence;complex_not_supported_by_default
yeast|r_3484|g1|s_3358,CatPred,False,missing_sequence;complex_not_supported_by_default
yeast|r_3485|g1|s_0497,CatPred,False,missing_sequence;complex_not_supported_by_default
yeast|r_3485|g1|s_3362,CatPred,False,missing_sequence;missing_smiles;complex_not_supported_by_default
yeast|r_3486|g1|s_0497,CatPred,False,missing_sequence;complex_not_supported_by_default
yeast|r_3486|g1|s_3364,CatPred,False,missing_sequence;complex_not_supported_by_default
yeast|r_3487|g1|s_0497,CatPred,False,missing_sequence;complex_not_supported_by_default
yeast|r_3487|g1|s_3366,CatPred,False,missing_sequence;complex_not_supported_by_default
yeast|r_3488|g1|s_0497,CatPred,False,missing_sequence;complex_not_supported_by_default
yeast|r_3488|g1|s_3368,CatPred,False,missing_sequence;complex_not_supported_by_default
yeast|r_3489|g1|s_0497,CatPred,False,missing_sequence;complex_not_supported_by_default
yeast|r_3489|g1|s_3370,CatPred,False,missing_sequence;complex_not_supported_by_default
yeast|r_3490|g1|s_0497,CatPred,False,missing_sequence;complex_not_supported_by_default
yeast|r_3490|g1|s_3372,CatPred,False,missing_sequence;complex_not_supported_by_default
yeast|r_3491|g1|s_0497,CatPred,False,missing_sequence;complex_not_supported_by_default
yeast|r_3491|g1|s_3374,CatPred,False,missing_sequence;complex_not_supported_by_default
yeast|r_3492|g1|s_0500,CatPred,False,missing_sequence;complex_not_supported_by_default
yeast|r_3492|g1|s_3358,CatPred,False,missing_sequence;complex_not_supported_by_default
yeast|r_3493|g1|s_0500,CatPred,False,missing_sequence;complex_not_supported_by_default
yeast|r_3493|g1|s_3362,CatPred,False,missing_sequence;missing_smiles;complex_not_supported_by_default
yeast|r_3494|g1|s_0500,CatPred,False,missing_sequence;complex_not_supported_by_default
yeast|r_3494|g1|s_3364,CatPred,False,missing_sequence;complex_not_supported_by_default
yeast|r_3495|g1|s_0500,CatPred,False,missing_sequence;complex_not_supported_by_default
yeast|r_3495|g1|s_3366,CatPred,False,missing_sequence;complex_not_supported_by_default
yeast|r_3496|g1|s_0500,CatPred,False,missing_sequence;complex_not_supported_by_default
yeast|r_3496|g1|s_3368,CatPred,False,missing_sequence;complex_not_supported_by_default
yeast|r_3497|g1|s_0500,CatPred,False,missing_sequence;complex_not_supported_by_default
yeast|r_3497|g1|s_3370,CatPred,False,missing_sequence;complex_not_supported_by_default
yeast|r_3498|g1|s_0500,CatPred,False,missing_sequence;complex_not_supported_by_default
yeast|r_3498|g1|s_3372,CatPred,False,missing_sequence;complex_not_supported_by_default
yeast|r_3499|g1|s_0500,CatPred,False,missing_sequence;complex_not_supported_by_default
yeast|r_3499|g1|s_3374,CatPred,False,missing_sequence;complex_not_supported_by_default
yeast|r_3500|g1|s_0503,CatPred,False,missing_sequence;complex_not_supported_by_default
yeast|r_3500|g1|s_3358,CatPred,False,missing_sequence;complex_not_supported_by_default
yeast|r_3501|g1|s_0503,CatPred,False,missing_sequence;complex_not_supported_by_default
yeast|r_3501|g1|s_3362,CatPred,False,missing_sequence;missing_smiles;complex_not_supported_by_default
yeast|r_3502|g1|s_0503,CatPred,False,missing_sequence;complex_not_supported_by_default
yeast|r_3502|g1|s_3364,CatPred,False,missing_sequence;complex_not_supported_by_default
yeast|r_3503|g1|s_0503,CatPred,False,missing_sequence;complex_not_supported_by_default
yeast|r_3503|g1|s_3366,CatPred,False,missing_sequence;complex_not_supported_by_default
yeast|r_3504|g1|s_0503,CatPred,False,missing_sequence;complex_not_supported_by_default
yeast|r_3504|g1|s_3368,CatPred,False,missing_sequence;complex_not_supported_by_default
yeast|r_3505|g1|s_0503,CatPred,False,missing_sequence;complex_not_supported_by_default
yeast|r_3505|g1|s_3370,CatPred,False,missing_sequence;complex_not_supported_by_default
yeast|r_3506|g1|s_0503,CatPred,False,missing_sequence;complex_not_supported_by_default
yeast|r_3506|g1|s_3372,CatPred,False,missing_sequence;complex_not_supported_by_default
yeast|r_3507|g1|s_0503,CatPred,False,missing_sequence;complex_not_supported_by_default
yeast|r_3507|g1|s_3374,CatPred,False,missing_sequence;complex_not_supported_by_default
yeast|r_3526|g1|s_0803,CatPred,True,
yeast|r_3526|g2|s_0803,CatPred,True,
yeast|r_3545|g1|s_1039,CatPred,True,
yeast|r_3604|g1|s_0803,CatPred,True,
yeast|r_3604|g2|s_0803,CatPred,True,
yeast|r_3604|g3|s_0803,CatPred,True,
yeast|r_3605|g1|s_1322,CatPred,True,
yeast|r_3605|g2|s_1322,CatPred,True,
yeast|r_3605|g3|s_1322,CatPred,True,
yeast|r_3606|g1|s_1432,CatPred,True,
yeast|r_3607|g1|s_3495,CatPred,True,
yeast|r_3649|g1|s_1322,CatPred,True,
yeast|r_3680|g1|s_3321,CatPred,True,
yeast|r_3813|g1|s_3109,CatPred,True,
yeast|r_3813|g2|s_3109,CatPred,True,
yeast|r_3814|g1|s_3110,CatPred,True,
yeast|r_3814|g2|s_3110,CatPred,True,
yeast|r_3815|g1|s_3111,CatPred,True,
yeast|r_3815|g2|s_3111,CatPred,True,
yeast|r_3816|g1|s_3112,CatPred,True,
yeast|r_3816|g2|s_3112,CatPred,True,
yeast|r_3817|g1|s_3113,CatPred,True,
yeast|r_3817|g2|s_3113,CatPred,True,
yeast|r_3818|g1|s_3114,CatPred,True,
yeast|r_3818|g2|s_3114,CatPred,True,
yeast|r_3819|g1|s_3115,CatPred,True,
yeast|r_3819|g2|s_3115,CatPred,True,
yeast|r_3820|g1|s_3116,CatPred,True,
yeast|r_3820|g2|s_3116,CatPred,True,
yeast|r_3821|g1|s_3148,CatPred,True,
yeast|r_3822|g1|s_3150,CatPred,True,
yeast|r_3823|g1|s_3152,CatPred,True,
yeast|r_3824|g1|s_3154,CatPred,True,
yeast|r_3825|g1|s_3156,CatPred,True,
yeast|r_3826|g1|s_3158,CatPred,True,
yeast|r_3827|g1|s_3160,CatPred,True,
yeast|r_3828|g1|s_3162,CatPred,True,
yeast|r_3885|g1|s_3181,CatPred,True,
yeast|r_3886|g1|s_3185,CatPred,True,
yeast|r_3887|g1|s_3187,CatPred,True,
yeast|r_3888|g1|s_3189,CatPred,True,
yeast|r_3889|g1|s_3191,CatPred,True,
yeast|r_3890|g1|s_3193,CatPred,True,
yeast|r_3891|g1|s_3195,CatPred,True,
yeast|r_3892|g1|s_3197,CatPred,True,
yeast|r_3893|g1|s_3109,CatPred,True,
yeast|r_3894|g1|s_3110,CatPred,True,
yeast|r_3895|g1|s_3111,CatPred,True,
yeast|r_3896|g1|s_3112,CatPred,True,
yeast|r_3897|g1|s_3113,CatPred,True,
yeast|r_3898|g1|s_3114,CatPred,True,
yeast|r_3899|g1|s_3115,CatPred,True,
yeast|r_3900|g1|s_3116,CatPred,True,
yeast|r_3959|g1|s_0528,CatPred,True,
yeast|r_3960|g1|s_0541,CatPred,True,
yeast|r_3961|g1|s_1326,CatPred,True,
yeast|r_3961|g2|s_1326,CatPred,True,
yeast|r_4039|g1|s_0365,CatPred,True,
yeast|r_4039|g1|s_1464,CatPred,True,
yeast|r_4045|g1|s_0803,CatPred,True,
yeast|r_4045|g1|s_1556,CatPred,True,
yeast|r_4152|g1|s_3748,CatPred,True,
yeast|r_4152|g2|s_3748,CatPred,True,
yeast|r_4153|g1|s_0794,CatPred,True,
yeast|r_4153|g1|s_1203,CatPred,True,
yeast|r_4153|g1|s_3750,CatPred,True,
yeast|r_4154|g1|s_1201,CatPred,True,
yeast|r_4154|g1|s_3751,CatPred,True,
yeast|r_4155|g1|s_0437,CatPred,True,
yeast|r_4155|g1|s_0807,CatPred,True,
yeast|r_4155|g1|s_3754,CatPred,False,missing_smiles
yeast|r_4155|g1|s_3755,CatPred,True,
yeast|r_4156|g1|s_0810,CatPred,True,
yeast|r_4156|g1|s_3757,CatPred,True,
yeast|r_4156|g2|s_0810,CatPred,True,
yeast|r_4156|g2|s_3757,CatPred,True,
yeast|r_4157|g1|s_0803,CatPred,True,
yeast|r_4157|g1|s_3760,CatPred,True,
yeast|r_4157|g2|s_0803,CatPred,True,
yeast|r_4157|g2|s_3760,CatPred,True,
yeast|r_4158|g1|s_0794,CatPred,True,
yeast|r_4158|g1|s_1212,CatPred,True,
yeast|r_4158|g1|s_3762,CatPred,True,
yeast|r_4159|g1|s_3764,CatPred,False,missing_sequence;complex_not_supported_by_default
yeast|r_4159|g1|s_3765,CatPred,False,missing_sequence;complex_not_supported_by_default
yeast|r_4160|g1|s_0803,CatPred,True,
yeast|r_4160|g1|s_3761,CatPred,True,
yeast|r_4161|g1|s_0968,CatPred,True,
yeast|r_4161|g2|s_0968,CatPred,True,
yeast|r_4162|g1|s_1009,CatPred,True,
yeast|r_4162|g2|s_1009,CatPred,True,
yeast|r_4163|g1|s_1028,CatPred,True,
yeast|r_4163|g2|s_1028,CatPred,True,
yeast|r_4164|g1|s_0439,CatPred,True,
yeast|r_4164|g1|s_0534,CatPred,True,
yeast|r_4164|g1|s_3769,CatPred,True,
yeast|r_4165|g1|s_0804,CatPred,True,
yeast|r_4165|g1|s_3771,CatPred,False,missing_smiles
yeast|r_4166|g1|s_0804,CatPred,True,
yeast|r_4166|g1|s_3773,CatPred,False,missing_smiles
yeast|r_4167|g1|s_3775,CatPred,True,
yeast|r_4167|g1|s_3776,CatPred,True,
yeast|r_4167|g1|s_3777,CatPred,True,
yeast|r_4168|g1|s_0553,CatPred,True,
yeast|r_4169|g1|s_0558,CatPred,True,
yeast|r_4170|g1|s_0646,CatPred,True,
yeast|r_4170|g1|s_3764,CatPred,True,
yeast|r_4171|g1|s_0750,CatPred,False,missing_sequence;complex_not_supported_by_default
yeast|r_4171|g1|s_0803,CatPred,False,missing_sequence;complex_not_supported_by_default
yeast|r_4172|g1|s_0434,CatPred,True,
yeast|r_4172|g1|s_0803,CatPred,True,
yeast|r_4172|g1|s_3782,CatPred,True,
yeast|r_4173|g1|s_3784,CatPred,False,missing_smiles
yeast|r_4173|g1|s_3785,CatPred,True,
yeast|r_4174|g1|s_3787,CatPred,True,
yeast|r_4175|g1|s_1198,CatPred,True,
yeast|r_4175|g1|s_3789,CatPred,True,
yeast|r_4175|g2|s_1198,CatPred,True,
yeast|r_4175|g2|s_3789,CatPred,True,
yeast|r_4175|g3|s_1198,CatPred,True,
yeast|r_4175|g3|s_3789,CatPred,True,
yeast|r_4175|g4|s_1198,CatPred,True,
yeast|r_4175|g4|s_3789,CatPred,True,
yeast|r_4175|g5|s_1198,CatPred,True,
yeast|r_4175|g5|s_3789,CatPred,True,
yeast|r_4175|g6|s_1198,CatPred,True,
yeast|r_4175|g6|s_3789,CatPred,True,
yeast|r_4176|g1|s_1198,CatPred,True,
yeast|r_4176|g1|s_3791,CatPred,True,
yeast|r_4176|g2|s_1198,CatPred,True,
yeast|r_4176|g2|s_3791,CatPred,True,
yeast|r_4176|g3|s_1198,CatPred,True,
yeast|r_4176|g3|s_3791,CatPred,True,
yeast|r_4176|g4|s_1198,CatPred,True,
yeast|r_4176|g4|s_3791,CatPred,True,
yeast|r_4176|g5|s_1198,CatPred,True,
yeast|r_4176|g5|s_3791,CatPred,True,
yeast|r_4176|g6|s_1198,CatPred,True,
yeast|r_4176|g6|s_3791,CatPred,True,
yeast|r_4177|g1|s_1198,CatPred,True,
yeast|r_4177|g1|s_3793,CatPred,True,
yeast|r_4177|g2|s_1198,CatPred,True,
yeast|r_4177|g2|s_3793,CatPred,True,
yeast|r_4177|g3|s_1198,CatPred,True,
yeast|r_4177|g3|s_3793,CatPred,True,
yeast|r_4177|g4|s_1198,CatPred,True,
yeast|r_4177|g4|s_3793,CatPred,True,
yeast|r_4177|g5|s_1198,CatPred,True,
yeast|r_4177|g5|s_3793,CatPred,True,
yeast|r_4177|g6|s_1198,CatPred,True,
yeast|r_4177|g6|s_3793,CatPred,True,
yeast|r_4178|g1|s_1198,CatPred,True,
yeast|r_4178|g1|s_3795,CatPred,True,
yeast|r_4178|g2|s_1198,CatPred,True,
yeast|r_4178|g2|s_3795,CatPred,True,
yeast|r_4178|g3|s_1198,CatPred,True,
yeast|r_4178|g3|s_3795,CatPred,True,
yeast|r_4178|g4|s_1198,CatPred,True,
yeast|r_4178|g4|s_3795,CatPred,True,
yeast|r_4178|g5|s_1198,CatPred,True,
yeast|r_4178|g5|s_3795,CatPred,True,
yeast|r_4178|g6|s_1198,CatPred,True,
yeast|r_4178|g6|s_3795,CatPred,True,
yeast|r_4179|g1|s_1198,CatPred,True,
yeast|r_4179|g1|s_3797,CatPred,True,
yeast|r_4179|g2|s_1198,CatPred,True,
yeast|r_4179|g2|s_3797,CatPred,True,
yeast|r_4179|g3|s_1198,CatPred,True,
yeast|r_4179|g3|s_3797,CatPred,True,
yeast|r_4179|g4|s_1198,CatPred,True,
yeast|r_4179|g4|s_3797,CatPred,True,
yeast|r_4179|g5|s_1198,CatPred,True,
yeast|r_4179|g5|s_3797,CatPred,True,
yeast|r_4179|g6|s_1198,CatPred,True,
yeast|r_4179|g6|s_3797,CatPred,True,
yeast|r_4180|g1|s_1198,CatPred,True,
yeast|r_4180|g1|s_3799,CatPred,True,
yeast|r_4180|g2|s_1198,CatPred,True,
yeast|r_4180|g2|s_3799,CatPred,True,
yeast|r_4180|g3|s_1198,CatPred,True,
yeast|r_4180|g3|s_3799,CatPred,True,
yeast|r_4180|g4|s_1198,CatPred,True,
yeast|r_4180|g4|s_3799,CatPred,True,
yeast|r_4180|g5|s_1198,CatPred,True,
yeast|r_4180|g5|s_3799,CatPred,True,
yeast|r_4180|g6|s_1198,CatPred,True,
yeast|r_4180|g6|s_3799,CatPred,True,
yeast|r_4181|g1|s_0434,CatPred,True,
yeast|r_4181|g1|s_0803,CatPred,True,
yeast|r_4181|g1|s_3801,CatPred,True,
yeast|r_4183|g1|s_1198,CatPred,True,
yeast|r_4183|g1|s_3805,CatPred,True,
yeast|r_4183|g2|s_1198,CatPred,True,
yeast|r_4183|g2|s_3805,CatPred,True,
yeast|r_4184|g1|s_3806,CatPred,True,
yeast|r_4185|g1|s_0794,CatPred,True,
yeast|r_4185|g1|s_1271,CatPred,True,
yeast|r_4186|g1|s_0803,CatPred,True,
yeast|r_4186|g1|s_1029,CatPred,True,
yeast|r_4186|g1|s_1620,CatPred,True,
yeast|r_4187|g1|s_0437,CatPred,True,
yeast|r_4187|g1|s_1037,CatPred,True,
yeast|r_4187|g1|s_3808,CatPred,False,missing_smiles
yeast|r_4188|g1|s_0750,CatPred,True,
yeast|r_4189|g1|s_3811,CatPred,True,
yeast|r_4190|g1|s_0799,CatPred,True,
yeast|r_4190|g1|s_3813,CatPred,True,
yeast|r_4191|g1|s_0803,CatPred,True,
yeast|r_4191|g1|s_3814,CatPred,True,
yeast|r_4191|g2|s_0803,CatPred,True,
yeast|r_4191|g2|s_3814,CatPred,True,
yeast|r_4192|g1|s_1416,CatPred,True,
yeast|r_4192|g1|s_3816,CatPred,True,
yeast|r_4193|g1|s_3818,CatPred,True,
yeast|r_4193|g1|s_3819,CatPred,True,
yeast|r_4193|g2|s_3818,CatPred,True,
yeast|r_4193|g2|s_3819,CatPred,True,
yeast|r_4193|g3|s_3818,CatPred,True,
yeast|r_4193|g3|s_3819,CatPred,True,
yeast|r_4194|g1|s_3822,CatPred,True,
yeast|r_4195|g1|s_4026,CatPred,True,
yeast|r_4195|g2|s_4026,CatPred,True,
yeast|r_4196|g1|s_2818,CatPred,True,
yeast|r_4196|g1|s_4210,CatPred,False,missing_smiles
yeast|r_4196|g2|s_2818,CatPred,True,
yeast|r_4196|g2|s_4210,CatPred,False,missing_smiles
yeast|r_4197|g1|s_1205,CatPred,True,
yeast|r_4197|g1|s_3826,CatPred,False,missing_smiles
yeast|r_4197|g2|s_1205,CatPred,True,
yeast|r_4197|g2|s_3826,CatPred,False,missing_smiles
yeast|r_4197|g3|s_1205,CatPred,True,
yeast|r_4197|g3|s_3826,CatPred,False,missing_smiles
yeast|r_4198|g1|s_1207,CatPred,True,
yeast|r_4198|g1|s_3828,CatPred,True,
yeast|r_4199|g1|s_3830,CatPred,True,
yeast|r_4199|g1|s_3831,CatPred,True,
yeast|r_4200|g1|s_0750,CatPred,True,
yeast|r_4200|g1|s_3834,CatPred,True,
yeast|r_4200|g2|s_0750,CatPred,True,
yeast|r_4200|g2|s_3834,CatPred,True,
yeast|r_4201|g1|s_0752,CatPred,True,
yeast|r_4201|g1|s_4028,CatPred,True,
yeast|r_4202|g1|s_0803,CatPred,True,
yeast|r_4202|g1|s_1029,CatPred,True,
yeast|r_4202|g1|s_1620,CatPred,True,
yeast|r_4203|g1|s_0810,CatPred,True,
yeast|r_4203|g1|s_3838,CatPred,True,
yeast|r_4204|g1|s_0810,CatPred,True,
yeast|r_4204|g1|s_3840,CatPred,True,
yeast|r_4205|g1|s_0434,CatPred,True,
yeast|r_4205|g1|s_0803,CatPred,True,
yeast|r_4205|g1|s_3810,CatPred,True,
yeast|r_4206|g1|s_3841,CatPred,True,
yeast|r_4207|g1|s_3842,CatPred,True,
yeast|r_4207|g1|s_3843,CatPred,True,
yeast|r_4208|g1|s_0750,CatPred,True,
yeast|r_4208|g1|s_3846,CatPred,True,
yeast|r_4209|g1|s_3843,CatPred,True,
yeast|r_4209|g1|s_3848,CatPred,True,
yeast|r_4210|g1|s_1552,CatPred,True,
yeast|r_4210|g2|s_1552,CatPred,True,
yeast|r_4211|g1|s_0764,CatPred,True,
yeast|r_4211|g1|s_0999,CatPred,True,
yeast|r_4211|g1|s_3852,CatPred,True,
yeast|r_4211|g2|s_0764,CatPred,True,
yeast|r_4211|g2|s_0999,CatPred,True,
yeast|r_4211|g2|s_3852,CatPred,True,
yeast|r_4212|g1|s_0577,CatPred,True,
yeast|r_4212|g1|s_0764,CatPred,True,
yeast|r_4212|g1|s_0999,CatPred,True,
yeast|r_4212|g2|s_0577,CatPred,True,
yeast|r_4212|g2|s_0764,CatPred,True,
yeast|r_4212|g2|s_0999,CatPred,True,
yeast|r_4214|g1|s_0803,CatPred,True,
yeast|r_4214|g1|s_0983,CatPred,True,
yeast|r_4215|g1|s_0803,CatPred,True,
yeast|r_4215|g1|s_3853,CatPred,True,
yeast|r_4216|g1|s_0714,CatPred,True,
yeast|r_4216|g1|s_0803,CatPred,True,
yeast|r_4217|g1|s_0799,CatPred,True,
yeast|r_4217|g1|s_0926,CatPred,True,
yeast|r_4217|g1|s_1278,CatPred,True,
yeast|r_4218|g1|s_0803,CatPred,True,
yeast|r_4218|g1|s_3856,CatPred,False,missing_smiles
yeast|r_4219|g1|s_0803,CatPred,True,
yeast|r_4219|g1|s_3857,CatPred,False,missing_smiles
yeast|r_4220|g1|s_0803,CatPred,True,
yeast|r_4220|g1|s_3859,CatPred,True,
yeast|r_4221|g1|s_1198,CatPred,True,
yeast|r_4221|g1|s_3861,CatPred,True,
yeast|r_4222|g1|s_0434,CatPred,True,
yeast|r_4222|g1|s_3862,CatPred,True,
yeast|r_4223|g1|s_0807,CatPred,True,
yeast|r_4223|g1|s_3863,CatPred,True,
yeast|r_4224|g1|s_0434,CatPred,True,
yeast|r_4224|g1|s_0803,CatPred,True,
yeast|r_4224|g1|s_1437,CatPred,True,
yeast|r_4224|g2|s_0434,CatPred,True,
yeast|r_4224|g2|s_0803,CatPred,True,
yeast|r_4224|g2|s_1437,CatPred,True,
yeast|r_4224|g3|s_0434,CatPred,True,
yeast|r_4224|g3|s_0803,CatPred,True,
yeast|r_4224|g3|s_1437,CatPred,True,
yeast|r_4225|g1|s_0434,CatPred,True,
yeast|r_4225|g1|s_0803,CatPred,True,
yeast|r_4225|g1|s_3865,CatPred,True,
yeast|r_4225|g2|s_0434,CatPred,True,
yeast|r_4225|g2|s_0803,CatPred,True,
yeast|r_4225|g2|s_3865,CatPred,True,
yeast|r_4226|g1|s_0180,CatPred,True,
yeast|r_4226|g1|s_0955,CatPred,True,
yeast|r_4227|g1|s_0803,CatPred,True,
yeast|r_4227|g1|s_3867,CatPred,True,
yeast|r_4228|g1|s_0803,CatPred,True,
yeast|r_4228|g1|s_3868,CatPred,True,
yeast|r_4230|g1|s_0419,CatPred,True,
yeast|r_4230|g1|s_3871,CatPred,True,
yeast|r_4231|g1|s_0803,CatPred,True,
yeast|r_4231|g1|s_3873,CatPred,True,
yeast|r_4232|g1|s_0434,CatPred,True,
yeast|r_4232|g1|s_3875,CatPred,True,
yeast|r_4233|g1|s_1416,CatPred,True,
yeast|r_4233|g1|s_3876,CatPred,False,missing_smiles
yeast|r_4234|g1|s_3764,CatPred,False,missing_sequence;complex_not_supported_by_default
yeast|r_4234|g1|s_3878,CatPred,False,missing_sequence;complex_not_supported_by_default
yeast|r_4236|g1|s_0025,CatPred,True,
yeast|r_4236|g1|s_0794,CatPred,True,
yeast|r_4236|g2|s_0025,CatPred,True,
yeast|r_4236|g2|s_0794,CatPred,True,
yeast|r_4236|g3|s_0025,CatPred,True,
yeast|r_4236|g3|s_0794,CatPred,True,
yeast|r_4236|g4|s_0025,CatPred,True,
yeast|r_4236|g4|s_0794,CatPred,True,
yeast|r_4237|g1|s_0810,CatPred,True,
yeast|r_4237|g1|s_3880,CatPred,True,
yeast|r_4237|g1|s_3881,CatPred,True,
yeast|r_4238|g1|s_0806,CatPred,True,
yeast|r_4238|g1|s_3880,CatPred,True,
yeast|r_4238|g1|s_4196,CatPred,True,
yeast|r_4239|g1|s_0428,CatPred,False,missing_smiles
yeast|r_4239|g1|s_3884,CatPred,False,missing_smiles
yeast|r_4241|g1|s_0804,CatPred,True,
yeast|r_4241|g1|s_3889,CatPred,True,
yeast|r_4242|g1|s_3890,CatPred,True,
yeast|r_4242|g1|s_3891,CatPred,False,missing_smiles
yeast|r_4243|g1|s_3890,CatPred,True,
yeast|r_4243|g1|s_3894,CatPred,False,missing_smiles
yeast|r_4244|g1|s_3890,CatPred,True,
yeast|r_4244|g1|s_3895,CatPred,False,missing_smiles
yeast|r_4245|g1|s_0810,CatPred,True,
yeast|r_4245|g1|s_3897,CatPred,True,
yeast|r_4246|g1|s_0810,CatPred,True,
yeast|r_4246|g1|s_3900,CatPred,False,missing_smiles
yeast|r_4247|g1|s_0434,CatPred,True,
yeast|r_4247|g1|s_0445,CatPred,True,
yeast|r_4247|g1|s_1045,CatPred,True,
yeast|r_4248|g1|s_3904,CatPred,True,
yeast|r_4249|g1|s_3905,CatPred,True,
yeast|r_4249|g1|s_3906,CatPred,True,
yeast|r_4250|g1|s_0795,CatPred,True,
yeast|r_4250|g1|s_0804,CatPred,True,
yeast|r_4250|g1|s_3888,CatPred,True,
yeast|r_4251|g1|s_0541,CatPred,True,
yeast|r_4251|g1|s_0799,CatPred,True,
yeast|r_4251|g1|s_3907,CatPred,True,
yeast|r_4252|g1|s_1003,CatPred,True,
yeast|r_4252|g1|s_1198,CatPred,True,
yeast|r_4252|g1|s_3909,CatPred,False,missing_smiles
yeast|r_4253|g1|s_0795,CatPred,True,
yeast|r_4253|g1|s_3911,CatPred,True,
yeast|r_4253|g1|s_3912,CatPred,False,missing_smiles
yeast|r_4254|g1|s_1203,CatPred,True,
yeast|r_4254|g1|s_1275,CatPred,True,
yeast|r_4254|g1|s_3913,CatPred,True,
yeast|r_4255|g1|s_1212,CatPred,True,
yeast|r_4255|g1|s_1275,CatPred,True,
yeast|r_4255|g1|s_3913,CatPred,True,
yeast|r_4256|g1|s_0434,CatPred,True,
yeast|r_4256|g1|s_0794,CatPred,True,
yeast|r_4256|g1|s_3915,CatPred,True,
yeast|r_4258|g1|s_0434,CatPred,True,
yeast|r_4258|g1|s_3915,CatPred,True,
yeast|r_4258|g1|s_3917,CatPred,False,missing_smiles
yeast|r_4260|g1|s_0803,CatPred,True,
yeast|r_4260|g1|s_3923,CatPred,False,missing_smiles
yeast|r_4261|g1|s_0807,CatPred,True,
yeast|r_4261|g1|s_3924,CatPred,False,missing_smiles
yeast|r_4262|g1|s_0524,CatPred,True,
yeast|r_4263|g1|s_3926,CatPred,True,
yeast|r_4264|g1|s_0727,CatPred,True,
yeast|r_4264|g1|s_0799,CatPred,True,
yeast|r_4264|g1|s_1205,CatPred,True,
yeast|r_4265|g1|s_0803,CatPred,True,
yeast|r_4265|g1|s_3927,CatPred,True,
yeast|r_4266|g1|s_0586,CatPred,True,
yeast|r_4266|g1|s_0803,CatPred,True,
yeast|r_4267|g1|s_0617,CatPred,True,
yeast|r_4267|g1|s_0803,CatPred,True,
yeast|r_4268|g1|s_0650,CatPred,True,
yeast|r_4268|g1|s_0803,CatPred,True,
yeast|r_4269|g1|s_0803,CatPred,True,
yeast|r_4269|g1|s_3929,CatPred,True,
yeast|r_4270|g1|s_0794,CatPred,True,
yeast|r_4270|g1|s_3931,CatPred,True,
yeast|r_4271|g1|s_0804,CatPred,True,
yeast|r_4271|g1|s_3774,CatPred,False,missing_smiles
yeast|r_4271|g2|s_0804,CatPred,True,
yeast|r_4271|g2|s_3774,CatPred,False,missing_smiles
yeast|r_4272|g1|s_0804,CatPred,True,
yeast|r_4272|g1|s_3774,CatPred,False,missing_smiles
yeast|r_4272|g2|s_0804,CatPred,True,
yeast|r_4272|g2|s_3774,CatPred,False,missing_smiles
yeast|r_4273|g1|s_0717,CatPred,True,
yeast|r_4273|g1|s_1275,CatPred,True,
yeast|r_4273|g1|s_3934,CatPred,True,
yeast|r_4274|g1|s_0803,CatPred,True,
yeast|r_4274|g1|s_1241,CatPred,True,
yeast|r_4274|g2|s_0803,CatPred,True,
yeast|r_4274|g2|s_1241,CatPred,True,
yeast|r_4275|g1|s_1212,CatPred,True,
yeast|r_4275|g1|s_3936,CatPred,True,
yeast|r_4275|g2|s_1212,CatPred,True,
yeast|r_4275|g2|s_3936,CatPred,True,
yeast|r_4275|g3|s_1212,CatPred,True,
yeast|r_4275|g3|s_3936,CatPred,True,
yeast|r_4275|g4|s_1212,CatPred,True,
yeast|r_4275|g4|s_3936,CatPred,True,
yeast|r_4275|g5|s_1212,CatPred,True,
yeast|r_4275|g5|s_3936,CatPred,True,
yeast|r_4275|g6|s_1212,CatPred,True,
yeast|r_4275|g6|s_3936,CatPred,True,
yeast|r_4275|g7|s_1212,CatPred,True,
yeast|r_4275|g7|s_3936,CatPred,True,
yeast|r_4276|g1|s_1212,CatPred,True,
yeast|r_4276|g1|s_4031,CatPred,True,
yeast|r_4277|g1|s_3937,CatPred,True,
yeast|r_4277|g1|s_3938,CatPred,True,
yeast|r_4277|g2|s_3937,CatPred,True,
yeast|r_4277|g2|s_3938,CatPred,True,
yeast|r_4278|g1|s_0419,CatPred,True,
yeast|r_4278|g1|s_0434,CatPred,True,
yeast|r_4278|g1|s_3940,CatPred,True,
yeast|r_4279|g1|s_0809,CatPred,True,
yeast|r_4279|g1|s_3942,CatPred,True,
yeast|r_4280|g1|s_1254,CatPred,True,
yeast|r_4280|g1|s_3944,CatPred,False,missing_smiles
yeast|r_4281|g1|s_3944,CatPred,False,missing_smiles
yeast|r_4281|g1|s_3946,CatPred,True,
yeast|r_4282|g1|s_0434,CatPred,True,
yeast|r_4282|g1|s_3948,CatPred,True,
yeast|r_4283|g1|s_0434,CatPred,True,
yeast|r_4283|g1|s_0553,CatPred,True,
yeast|r_4284|g1|s_0434,CatPred,True,
yeast|r_4284|g1|s_3949,CatPred,True,
yeast|r_4285|g1|s_0434,CatPred,True,
yeast|r_4285|g1|s_3951,CatPred,True,
yeast|r_4286|g1|s_0434,CatPred,True,
yeast|r_4286|g1|s_3953,CatPred,True,
yeast|r_4287|g1|s_0434,CatPred,True,
yeast|r_4287|g1|s_3954,CatPred,True,
yeast|r_4288|g1|s_3952,CatPred,True,
yeast|r_4291|g1|s_0570,CatPred,True,
yeast|r_4291|g1|s_0803,CatPred,True,
yeast|r_4291|g1|s_1198,CatPred,True,
yeast|r_4292|g1|s_0274,CatPred,True,
yeast|r_4292|g1|s_0803,CatPred,True,
yeast|r_4292|g1|s_1207,CatPred,True,
yeast|r_4293|g1|s_0274,CatPred,True,
yeast|r_4293|g1|s_0803,CatPred,True,
yeast|r_4293|g1|s_1198,CatPred,True,
yeast|r_4294|g1|s_0803,CatPred,True,
yeast|r_4294|g1|s_0850,CatPred,True,
yeast|r_4294|g1|s_1198,CatPred,True,
yeast|r_4295|g1|s_0803,CatPred,True,
yeast|r_4295|g1|s_1198,CatPred,True,
yeast|r_4295|g1|s_3959,CatPred,True,
yeast|r_4296|g1|s_0803,CatPred,True,
yeast|r_4296|g1|s_1198,CatPred,True,
yeast|r_4296|g1|s_3961,CatPred,True,
yeast|r_4297|g1|s_0803,CatPred,True,
yeast|r_4297|g1|s_1198,CatPred,True,
yeast|r_4297|g1|s_3963,CatPred,True,
yeast|r_4298|g1|s_0803,CatPred,True,
yeast|r_4298|g1|s_1198,CatPred,True,
yeast|r_4298|g1|s_3965,CatPred,True,
yeast|r_4299|g1|s_0803,CatPred,True,
yeast|r_4299|g1|s_1198,CatPred,True,
yeast|r_4299|g1|s_3967,CatPred,True,
yeast|r_4300|g1|s_0803,CatPred,True,
yeast|r_4300|g1|s_1198,CatPred,True,
yeast|r_4300|g1|s_3969,CatPred,True,
yeast|r_4301|g1|s_0803,CatPred,True,
yeast|r_4301|g1|s_1198,CatPred,True,
yeast|r_4301|g1|s_3971,CatPred,True,
yeast|r_4302|g1|s_0803,CatPred,True,
yeast|r_4302|g1|s_1198,CatPred,True,
yeast|r_4302|g1|s_3973,CatPred,True,
yeast|r_4303|g1|s_0803,CatPred,True,
yeast|r_4303|g1|s_1198,CatPred,True,
yeast|r_4303|g1|s_3975,CatPred,True,
yeast|r_4304|g1|s_0803,CatPred,True,
yeast|r_4304|g1|s_1198,CatPred,True,
yeast|r_4304|g1|s_3977,CatPred,True,
yeast|r_4305|g1|s_0803,CatPred,True,
yeast|r_4305|g1|s_1198,CatPred,True,
yeast|r_4305|g1|s_3979,CatPred,True,
yeast|r_4306|g1|s_0803,CatPred,True,
yeast|r_4306|g1|s_1198,CatPred,True,
yeast|r_4306|g1|s_3981,CatPred,True,
yeast|r_4307|g1|s_0803,CatPred,True,
yeast|r_4307|g1|s_1198,CatPred,True,
yeast|r_4307|g1|s_3983,CatPred,True,
yeast|r_4308|g1|s_2808,CatPred,True,
yeast|r_4308|g1|s_2831,CatPred,True,
yeast|r_4308|g1|s_3985,CatPred,False,missing_smiles
yeast|r_4309|g1|s_0803,CatPred,True,
yeast|r_4309|g1|s_3988,CatPred,True,
yeast|r_4310|g1|s_3890,CatPred,True,
yeast|r_4310|g1|s_3896,CatPred,False,missing_smiles
yeast|r_4311|g1|s_3890,CatPred,True,
yeast|r_4311|g1|s_3989,CatPred,False,missing_smiles
yeast|r_4312|g1|s_1416,CatPred,True,
yeast|r_4312|g1|s_3991,CatPred,True,
yeast|r_4313|g1|s_0644,CatPred,True,
yeast|r_4313|g1|s_3993,CatPred,False,missing_smiles
yeast|r_4314|g1|s_0644,CatPred,True,
yeast|r_4314|g1|s_3995,CatPred,False,missing_smiles
yeast|r_4315|g1|s_1198,CatPred,True,
yeast|r_4315|g1|s_3997,CatPred,True,
yeast|r_4316|g1|s_0644,CatPred,True,
yeast|r_4316|g1|s_3994,CatPred,False,missing_smiles
yeast|r_4317|g1|s_0803,CatPred,True,
yeast|r_4317|g1|s_3998,CatPred,True,
yeast|r_4318|g1|s_0803,CatPred,True,
yeast|r_4318|g1|s_3999,CatPred,True,
yeast|r_4319|g1|s_0803,CatPred,True,
yeast|r_4319|g1|s_4000,CatPred,False,missing_smiles
yeast|r_4320|g1|s_0795,CatPred,True,
yeast|r_4320|g1|s_3911,CatPred,True,
yeast|r_4320|g1|s_3996,CatPred,True,
yeast|r_4321|g1|s_0795,CatPred,True,
yeast|r_4321|g1|s_3911,CatPred,True,
yeast|r_4321|g1|s_4001,CatPred,False,missing_smiles
yeast|r_4322|g1|s_0644,CatPred,True,
yeast|r_4322|g1|s_4002,CatPred,False,missing_smiles
yeast|r_4323|g1|s_1419,CatPred,True,
yeast|r_4323|g1|s_3945,CatPred,True,
yeast|r_4323|g1|s_4004,CatPred,False,missing_smiles
yeast|r_4324|g1|s_1254,CatPred,True,
yeast|r_4324|g1|s_1419,CatPred,True,
yeast|r_4324|g1|s_4004,CatPred,False,missing_smiles
yeast|r_4325|g1|s_4006,CatPred,False,missing_smiles
yeast|r_4325|g1|s_4007,CatPred,False,missing_smiles
yeast|r_4325|g2|s_4006,CatPred,False,missing_smiles
yeast|r_4325|g2|s_4007,CatPred,False,missing_smiles
yeast|r_4326|g1|s_4009,CatPred,True,
yeast|r_4326|g1|s_4010,CatPred,True,
yeast|r_4326|g2|s_4009,CatPred,True,
yeast|r_4326|g2|s_4010,CatPred,True,
yeast|r_4326|g3|s_4009,CatPred,True,
yeast|r_4326|g3|s_4010,CatPred,True,
yeast|r_4327|g1|s_4013,CatPred,True,
yeast|r_4327|g2|s_4013,CatPred,True,
yeast|r_4328|g1|s_0646,CatPred,True,
yeast|r_4328|g1|s_4015,CatPred,True,
yeast|r_4329|g1|s_1467,CatPred,True,
yeast|r_4330|g1|s_1207,CatPred,True,
yeast|r_4330|g1|s_1396,CatPred,True,
yeast|r_4331|g1|s_0509,CatPred,False,missing_smiles
yeast|r_4331|g1|s_0803,CatPred,True,
yeast|r_4331|g2|s_0509,CatPred,False,missing_smiles
yeast|r_4331|g2|s_0803,CatPred,True,
yeast|r_4332|g1|s_0512,CatPred,True,
yeast|r_4333|g1|s_0803,CatPred,True,
yeast|r_4333|g1|s_4018,CatPred,True,
yeast|r_4333|g2|s_0803,CatPred,True,
yeast|r_4333|g2|s_4018,CatPred,True,
yeast|r_4334|g1|s_0434,CatPred,True,
yeast|r_4334|g1|s_0803,CatPred,True,
yeast|r_4334|g1|s_4019,CatPred,True,
yeast|r_4335|g1|s_0586,CatPred,True,
yeast|r_4335|g1|s_0803,CatPred,True,
yeast|r_4336|g1|s_0803,CatPred,True,
yeast|r_4336|g1|s_4021,CatPred,True,
yeast|r_4337|g1|s_0437,CatPred,True,
yeast|r_4337|g1|s_0807,CatPred,True,
yeast|r_4337|g1|s_4022,CatPred,True,
yeast|r_4338|g1|s_0803,CatPred,True,
yeast|r_4338|g1|s_4024,CatPred,False,missing_smiles
yeast|r_4339|g1|s_3764,CatPred,True,
yeast|r_4340|g1|s_0373,CatPred,True,
yeast|r_4340|g1|s_4032,CatPred,True,
yeast|r_4361|g1|s_0796,CatPred,True,
yeast|r_4361|g1|s_4085,CatPred,True,
yeast|r_4361|g2|s_0796,CatPred,True,
yeast|r_4361|g2|s_4085,CatPred,True,
yeast|r_4372|g1|s_0803,CatPred,True,
yeast|r_4372|g1|s_4102,CatPred,True,
yeast|r_4387|g1|s_0796,CatPred,True,
yeast|r_4387|g1|s_4119,CatPred,True,
yeast|r_4387|g2|s_0796,CatPred,True,
yeast|r_4387|g2|s_4119,CatPred,True,
yeast|r_4388|g1|s_0803,CatPred,True,
yeast|r_4388|g1|s_4126,CatPred,True,
yeast|r_4395|g1|s_4130,CatPred,True,
yeast|r_4395|g2|s_4130,CatPred,True,
yeast|r_4395|g3|s_4130,CatPred,True,
yeast|r_4395|g4|s_4130,CatPred,True,
yeast|r_4395|g5|s_4130,CatPred,True,
yeast|r_4395|g6|s_4130,CatPred,True,
yeast|r_4395|g7|s_4130,CatPred,True,
yeast|r_4395|g8|s_4130,CatPred,True,
yeast|r_4395|g9|s_4130,CatPred,True,
yeast|r_4395|g10|s_4130,CatPred,True,
yeast|r_4395|g11|s_4130,CatPred,True,
yeast|r_4395|g12|s_4130,CatPred,True,
yeast|r_4395|g13|s_4130,CatPred,True,
yeast|r_4395|g14|s_4130,CatPred,True,
yeast|r_4395|g15|s_4130,CatPred,True,
yeast|r_4398|g1|s_0796,CatPred,True,
yeast|r_4398|g1|s_4034,CatPred,True,
yeast|r_4398|g2|s_0796,CatPred,True,
yeast|r_4398|g2|s_4034,CatPred,True,
yeast|r_4400|g1|s_0805,CatPred,True,
yeast|r_4400|g1|s_4140,CatPred,True,
yeast|r_4400|g2|s_0805,CatPred,True,
yeast|r_4400|g2|s_4140,CatPred,True,
yeast|r_4402|g1|s_0796,CatPred,True,
yeast|r_4402|g1|s_4040,CatPred,True,
yeast|r_4402|g2|s_0796,CatPred,True,
yeast|r_4402|g2|s_4040,CatPred,True,
yeast|r_4403|g1|s_0803,CatPred,True,
yeast|r_4403|g1|s_4098,CatPred,True,
yeast|r_4403|g2|s_0803,CatPred,True,
yeast|r_4403|g2|s_4098,CatPred,True,
yeast|r_4404|g1|s_0796,CatPred,True,
yeast|r_4404|g1|s_4053,CatPred,True,
yeast|r_4404|g2|s_0796,CatPred,True,
yeast|r_4404|g2|s_4053,CatPred,True,
yeast|r_4408|g1|s_0796,CatPred,True,
yeast|r_4408|g1|s_4037,CatPred,True,
yeast|r_4408|g2|s_0796,CatPred,True,
yeast|r_4408|g2|s_4037,CatPred,True,
yeast|r_4412|g1|s_0803,CatPred,True,
yeast|r_4412|g1|s_4094,CatPred,True,
yeast|r_4420|g1|s_0805,CatPred,True,
yeast|r_4420|g1|s_4131,CatPred,True,
yeast|r_4420|g2|s_0805,CatPred,True,
yeast|r_4420|g2|s_4131,CatPred,True,
yeast|r_4424|g1|s_0796,CatPred,True,
yeast|r_4424|g1|s_4056,CatPred,True,
yeast|r_4424|g2|s_0796,CatPred,True,
yeast|r_4424|g2|s_4056,CatPred,True,
yeast|r_4429|g1|s_0796,CatPred,True,
yeast|r_4429|g1|s_4050,CatPred,True,
yeast|r_4429|g2|s_0796,CatPred,True,
yeast|r_4429|g2|s_4050,CatPred,True,
yeast|r_4435|g1|s_0803,CatPred,True,
yeast|r_4435|g1|s_4048,CatPred,True,
yeast|r_4435|g2|s_0803,CatPred,True,
yeast|r_4435|g2|s_4048,CatPred,True,
yeast|r_4437|g1|s_0796,CatPred,True,
yeast|r_4437|g1|s_4059,CatPred,True,
yeast|r_4437|g2|s_0796,CatPred,True,
yeast|r_4437|g2|s_4059,CatPred,True,
yeast|r_4448|g1|s_0796,CatPred,True,
yeast|r_4448|g1|s_4143,CatPred,True,
yeast|r_4448|g2|s_0796,CatPred,True,
yeast|r_4448|g2|s_4143,CatPred,True,
yeast|r_4457|g1|s_0796,CatPred,True,
yeast|r_4457|g1|s_4154,CatPred,True,
yeast|r_4468|g1|s_4165,CatPred,True,
yeast|r_4468|g2|s_4165,CatPred,True,
yeast|r_4469|g1|s_0796,CatPred,True,
yeast|r_4469|g1|s_4166,CatPred,True,
yeast|r_4471|g1|s_0796,CatPred,True,
yeast|r_4471|g1|s_4168,CatPred,True,
yeast|r_4471|g2|s_0796,CatPred,True,
yeast|r_4471|g2|s_4168,CatPred,True,
yeast|r_4473|g1|s_0796,CatPred,True,
yeast|r_4473|g1|s_4170,CatPred,True,
yeast|r_4473|g2|s_0796,CatPred,True,
yeast|r_4473|g2|s_4170,CatPred,True,
yeast|r_4484|g1|s_0841,CatPred,True,
yeast|r_4484|g1|s_1241,CatPred,True,
yeast|r_4484|g2|s_0841,CatPred,True,
yeast|r_4484|g2|s_1241,CatPred,True,
yeast|r_4484|g3|s_0841,CatPred,True,
yeast|r_4484|g3|s_1241,CatPred,True,
yeast|r_4493|g1|s_4133,CatPred,True,
yeast|r_4570|g1|s_1198,CatPred,True,
yeast|r_4570|g1|s_4182,CatPred,True,
yeast|r_4570|g2|s_1198,CatPred,True,
yeast|r_4570|g2|s_4182,CatPred,True,
yeast|r_4584|g1|s_0434,CatPred,True,
yeast|r_4584|g1|s_0529,CatPred,True,
yeast|r_4584|g1|s_4191,CatPred,True,
yeast|r_4584|g2|s_0434,CatPred,True,
yeast|r_4584|g2|s_0529,CatPred,True,
yeast|r_4584|g2|s_4191,CatPred,True,
yeast|r_4584|g3|s_0434,CatPred,True,
yeast|r_4584|g3|s_0529,CatPred,True,
yeast|r_4584|g3|s_4191,CatPred,True,
yeast|r_4584|g4|s_0434,CatPred,True,
yeast|r_4584|g4|s_0529,CatPred,True,
yeast|r_4584|g4|s_4191,CatPred,True,
yeast|r_4587|g1|s_0796,CatPred,True,
yeast|r_4587|g1|s_4199,CatPred,True,
yeast|r_4588|g1|s_4200,CatPred,True,
yeast|r_4589|g1|s_0796,CatPred,True,
yeast|r_4589|g1|s_4201,CatPred,True,
yeast|r_4590|g1|s_0796,CatPred,True,
yeast|r_4590|g1|s_4202,CatPred,True,
yeast|r_4591|g1|s_0796,CatPred,True,
yeast|r_4591|g1|s_4203,CatPred,True,
yeast|r_4591|g2|s_0796,CatPred,True,
yeast|r_4591|g2|s_4203,CatPred,True,
yeast|r_4592|g1|s_0796,CatPred,True,
yeast|r_4592|g1|s_4204,CatPred,True,
yeast|r_4592|g2|s_0796,CatPred,True,
yeast|r_4592|g2|s_4204,CatPred,True,
yeast|r_4629|g1|s_0682,CatPred,True,
yeast|r_4629|g1|s_4211,CatPred,True,
yeast|r_4629|g2|s_0682,CatPred,True,
yeast|r_4629|g2|s_4211,CatPred,True,
yeast|r_4630|g1|s_0682,CatPred,True,
yeast|r_4630|g1|s_4213,CatPred,True,
yeast|r_4630|g2|s_0682,CatPred,True,
yeast|r_4630|g2|s_4213,CatPred,True,
yeast|r_4631|g1|s_0682,CatPred,True,
yeast|r_4631|g1|s_4215,CatPred,True,
yeast|r_4631|g2|s_0682,CatPred,True,
yeast|r_4631|g2|s_4215,CatPred,True,
yeast|r_4632|g1|s_0376,CatPred,True,
yeast|r_4632|g1|s_4217,CatPred,True,
yeast|r_4632|g2|s_0376,CatPred,True,
yeast|r_4632|g2|s_4217,CatPred,True,
yeast|r_4632|g3|s_0376,CatPred,True,
yeast|r_4632|g3|s_4217,CatPred,True,
yeast|r_4633|g1|s_0682,CatPred,True,
yeast|r_4633|g1|s_4219,CatPred,True,
yeast|r_4633|g2|s_0682,CatPred,True,
yeast|r_4633|g2|s_4219,CatPred,True,
yeast|r_4649|g1|s_0376,CatPred,True,
yeast|r_4649|g1|s_0682,CatPred,True,
yeast|r_4651|g1|s_0178,CatPred,True,
yeast|r_4651|g1|s_0794,CatPred,True,
yeast|r_4651|g2|s_0178,CatPred,True,
yeast|r_4651|g2|s_0794,CatPred,True,
yeast|r_4651|g3|s_0178,CatPred,True,
yeast|r_4651|g3|s_0794,CatPred,True,
yeast|r_4652|g1|s_0794,CatPred,True,
yeast|r_4652|g1|s_1203,CatPred,True,
yeast|r_4652|g1|s_4232,CatPred,True,
yeast|r_4652|g2|s_0794,CatPred,True,
yeast|r_4652|g2|s_1203,CatPred,True,
yeast|r_4652|g2|s_4232,CatPred,True,
yeast|r_4652|g3|s_0794,CatPred,True,
yeast|r_4652|g3|s_1203,CatPred,True,
yeast|r_4652|g3|s_4232,CatPred,True,
yeast|r_4653|g1|s_0799,CatPred,True,
yeast|r_4653|g1|s_1205,CatPred,True,
yeast|r_4653|g1|s_4234,CatPred,True,
yeast|r_4653|g2|s_0799,CatPred,True,
yeast|r_4653|g2|s_1205,CatPred,True,
yeast|r_4653|g2|s_4234,CatPred,True,
yeast|r_4654|g1|s_0794,CatPred,True,
yeast|r_4654|g1|s_1212,CatPred,True,
yeast|r_4654|g1|s_4232,CatPred,True,
yeast|r_4654|g2|s_0794,CatPred,True,
yeast|r_4654|g2|s_1212,CatPred,True,
yeast|r_4654|g2|s_4232,CatPred,True,
yeast|r_4654|g3|s_0794,CatPred,True,
yeast|r_4654|g3|s_1212,CatPred,True,
yeast|r_4654|g3|s_4232,CatPred,True,
yeast|r_4660|g1|s_0294,CatPred,True,
yeast|r_4660|g1|s_0794,CatPred,True,
yeast|r_4661|g1|s_0794,CatPred,True,
yeast|r_4661|g1|s_1203,CatPred,True,
yeast|r_4661|g1|s_4238,CatPred,True,
yeast|r_4661|g2|s_0794,CatPred,True,
yeast|r_4661|g2|s_1203,CatPred,True,
yeast|r_4661|g2|s_4238,CatPred,True,
yeast|r_4661|g3|s_0794,CatPred,True,
yeast|r_4661|g3|s_1203,CatPred,True,
yeast|r_4661|g3|s_4238,CatPred,True,
yeast|r_4662|g1|s_0799,CatPred,True,
yeast|r_4662|g1|s_1205,CatPred,True,
yeast|r_4662|g1|s_4240,CatPred,True,
yeast|r_4662|g2|s_0799,CatPred,True,
yeast|r_4662|g2|s_1205,CatPred,True,
yeast|r_4662|g2|s_4240,CatPred,True,
yeast|r_4663|g1|s_0794,CatPred,True,
yeast|r_4663|g1|s_1212,CatPred,True,
yeast|r_4663|g1|s_4238,CatPred,True,
yeast|r_4663|g2|s_0794,CatPred,True,
yeast|r_4663|g2|s_1212,CatPred,True,
yeast|r_4663|g2|s_4238,CatPred,True,
yeast|r_4663|g3|s_0794,CatPred,True,
yeast|r_4663|g3|s_1212,CatPred,True,
yeast|r_4663|g3|s_4238,CatPred,True,
yeast|r_4669|g1|s_0204,CatPred,True,
yeast|r_4669|g1|s_0794,CatPred,True,
yeast|r_4669|g2|s_0204,CatPred,True,
yeast|r_4669|g2|s_0794,CatPred,True,
yeast|r_4669|g3|s_0204,CatPred,True,
yeast|r_4669|g3|s_0794,CatPred,True,
yeast|r_4670|g1|s_0794,CatPred,True,
yeast|r_4670|g1|s_1203,CatPred,True,
yeast|r_4670|g1|s_4244,CatPred,True,
yeast|r_4670|g2|s_0794,CatPred,True,
yeast|r_4670|g2|s_1203,CatPred,True,
yeast|r_4670|g2|s_4244,CatPred,True,
yeast|r_4670|g3|s_0794,CatPred,True,
yeast|r_4670|g3|s_1203,CatPred,True,
yeast|r_4670|g3|s_4244,CatPred,True,
yeast|r_4671|g1|s_0799,CatPred,True,
yeast|r_4671|g1|s_1205,CatPred,True,
yeast|r_4671|g1|s_4246,CatPred,True,
yeast|r_4671|g2|s_0799,CatPred,True,
yeast|r_4671|g2|s_1205,CatPred,True,
yeast|r_4671|g2|s_4246,CatPred,True,
yeast|r_4672|g1|s_0794,CatPred,True,
yeast|r_4672|g1|s_1212,CatPred,True,
yeast|r_4672|g1|s_4244,CatPred,True,
yeast|r_4672|g2|s_0794,CatPred,True,
yeast|r_4672|g2|s_1212,CatPred,True,
yeast|r_4672|g2|s_4244,CatPred,True,
yeast|r_4672|g3|s_0794,CatPred,True,
yeast|r_4672|g3|s_1212,CatPred,True,
yeast|r_4672|g3|s_4244,CatPred,True,
yeast|r_4678|g1|s_0803,CatPred,True,
yeast|r_4678|g1|s_1198,CatPred,True,
yeast|r_4678|g1|s_4232,CatPred,True,
yeast|r_4678|g2|s_0803,CatPred,True,
yeast|r_4678|g2|s_1198,CatPred,True,
yeast|r_4678|g2|s_4232,CatPred,True,
yeast|r_4678|g3|s_0803,CatPred,True,
yeast|r_4678|g3|s_1198,CatPred,True,
yeast|r_4678|g3|s_4232,CatPred,True,
yeast|r_4679|g1|s_0439,CatPred,True,
yeast|r_4679|g1|s_0534,CatPred,True,
yeast|r_4679|g1|s_4251,CatPred,True,
yeast|r_4679|g2|s_0439,CatPred,True,
yeast|r_4679|g2|s_0534,CatPred,True,
yeast|r_4679|g2|s_4251,CatPred,True,
yeast|r_4679|g3|s_0439,CatPred,True,
yeast|r_4679|g3|s_0534,CatPred,True,
yeast|r_4679|g3|s_4251,CatPred,True,
yeast|r_4679|g4|s_0439,CatPred,True,
yeast|r_4679|g4|s_0534,CatPred,True,
yeast|r_4679|g4|s_4251,CatPred,True,
yeast|r_4680|g1|s_0682,CatPred,True,
yeast|r_4680|g1|s_1382,CatPred,True,
yeast|r_4680|g2|s_0682,CatPred,True,
yeast|r_4680|g2|s_1382,CatPred,True,
yeast|r_4687|g1|s_0373,CatPred,True,
yeast|r_4687|g1|s_4245,CatPred,True,
yeast|r_4687|g2|s_0373,CatPred,True,
yeast|r_4687|g2|s_4245,CatPred,True,
yeast|r_4687|g3|s_0373,CatPred,True,
yeast|r_4687|g3|s_4245,CatPred,True,
yeast|r_4690|g1|s_0373,CatPred,True,
yeast|r_4690|g1|s_4239,CatPred,True,
yeast|r_4690|g2|s_0373,CatPred,True,
yeast|r_4690|g2|s_4239,CatPred,True,
yeast|r_4690|g3|s_0373,CatPred,True,
yeast|r_4690|g3|s_4239,CatPred,True,
yeast|r_4693|g1|s_0373,CatPred,True,
yeast|r_4693|g1|s_4233,CatPred,True,
yeast|r_4693|g2|s_0373,CatPred,True,
yeast|r_4693|g2|s_4233,CatPred,True,
yeast|r_4693|g3|s_0373,CatPred,True,
yeast|r_4693|g3|s_4233,CatPred,True,
yeast|r_4698|g1|s_4261,CatPred,True,
yeast|r_4698|g2|s_4261,CatPred,True,
yeast|r_4700|g1|s_0841,CatPred,True,
yeast|r_4701|g1|s_0807,CatPred,True,
yeast|r_4701|g1|s_3785,CatPred,True,
yeast|r_4703|g1|s_1616,CatPred,True,
yeast|r_4703|g1|s_4264,CatPred,True,
yeast|r_4704|g1|s_4266,CatPred,True,
yeast|r_4705|g1|s_4268,CatPred,True,
yeast|r_4706|g1|s_0180,CatPred,True,
yeast|r_4706|g1|s_1275,CatPred,True,
yeast|r_4706|g1|s_4265,CatPred,True,
yeast|r_4711|g1|s_0063,CatPred,True,
yeast|r_4711|g1|s_0680,CatPred,True,
yeast|r_4711|g1|s_0794,CatPred,True,
yeast|r_4712|g1|s_0025,CatPred,True,
yeast|r_4712|g1|s_0680,CatPred,True,
yeast|r_4712|g1|s_0794,CatPred,True,
yeast|r_4713|g1|s_0680,CatPred,True,
yeast|r_4713|g1|s_0794,CatPred,True,
yeast|r_4713|g1|s_1458,CatPred,True,
yeast|r_4714|g1|s_0680,CatPred,True,
yeast|r_4714|g1|s_0794,CatPred,True,
yeast|r_4714|g1|s_1458,CatPred,True,
yeast|r_4715|g1|s_0680,CatPred,True,
yeast|r_4715|g1|s_0794,CatPred,True,
yeast|r_4715|g1|s_3874,CatPred,True,
yeast|r_4716|g1|s_0680,CatPred,True,
yeast|r_4716|g1|s_0794,CatPred,True,
yeast|r_4716|g1|s_1399,CatPred,True,
yeast|r_4717|g1|s_0362,CatPred,True,
yeast|r_4717|g1|s_0794,CatPred,True,
yeast|r_4717|g1|s_3799,CatPred,True,
yeast|r_4718|g1|s_0803,CatPred,True,
yeast|r_4718|g1|s_0937,CatPred,True,
yeast|r_4718|g1|s_1198,CatPred,True,
yeast|r_4718|g2|s_0803,CatPred,True,
yeast|r_4718|g2|s_0937,CatPred,True,
yeast|r_4718|g2|s_1198,CatPred,True,
yeast|r_4719|g1|s_0166,CatPred,True,
yeast|r_4719|g1|s_0803,CatPred,True,
yeast|r_4719|g1|s_1198,CatPred,True,
yeast|r_4719|g2|s_0166,CatPred,True,
yeast|r_4719|g2|s_0803,CatPred,True,
yeast|r_4719|g2|s_1198,CatPred,True,
yeast|r_4720|g1|s_0680,CatPred,True,
yeast|r_4720|g1|s_0794,CatPred,True,
yeast|r_4720|g1|s_4285,CatPred,True,
yeast|r_4721|g1|s_0680,CatPred,True,
yeast|r_4721|g1|s_0794,CatPred,True,
yeast|r_4721|g1|s_4282,CatPred,True,
yeast|r_4722|g1|s_0434,CatPred,True,
yeast|r_4722|g1|s_0803,CatPred,True,
yeast|r_4723|g1|s_0810,CatPred,True,
yeast|r_4723|g1|s_4290,CatPred,True,
yeast|r_4723|g2|s_0810,CatPred,True,
yeast|r_4723|g2|s_4290,CatPred,True,
yeast|r_4724|g1|s_0807,CatPred,True,
yeast|r_4724|g1|s_4291,CatPred,True,
yeast|r_4724|g2|s_0807,CatPred,True,
yeast|r_4724|g2|s_4291,CatPred,True,
yeast|r_4725|g1|s_0808,CatPred,True,
yeast|r_4725|g1|s_4292,CatPred,True,
yeast|r_4725|g2|s_0808,CatPred,True,
yeast|r_4725|g2|s_4292,CatPred,True,
yeast|r_4747|g1|s_0434,CatPred,True,
yeast|r_4747|g1|s_0543,CatPred,True,
yeast|r_4747|g2|s_0434,CatPred,True,
yeast|r_4747|g2|s_0543,CatPred,True,
yeast|r_4748|g1|s_0434,CatPred,True,
yeast|r_4748|g1|s_0570,CatPred,True,
yeast|r_4748|g2|s_0434,CatPred,True,
yeast|r_4748|g2|s_0570,CatPred,True,
yeast|r_4749|g1|s_0386,CatPred,True,
yeast|r_4749|g1|s_1322,CatPred,True,
yeast|r_4750|g1|s_3951,CatPred,True,
yeast|r_4751|g1|s_0373,CatPred,True,
yeast|r_4751|g1|s_4296,CatPred,True,
yeast|r_4751|g2|s_0373,CatPred,True,
yeast|r_4751|g2|s_4296,CatPred,True,
yeast|r_4752|g1|s_1420,CatPred,True,
yeast|r_4752|g1|s_4299,CatPred,True,
yeast|r_4752|g2|s_1420,CatPred,True,
yeast|r_4752|g2|s_4299,CatPred,True,
yeast|r_4753|g1|s_0267,CatPred,True,
yeast|r_4753|g1|s_0794,CatPred,True,
yeast|r_4753|g1|s_4301,CatPred,True,
yeast|r_4754|g1|s_4295,CatPred,True,
yeast|r_4754|g1|s_4298,CatPred,True,
yeast|r_4755|g1|s_1401,CatPred,True,
yeast|r_4755|g1|s_4302,CatPred,True,
yeast|r_4755|g2|s_1401,CatPred,True,
yeast|r_4755|g2|s_4302,CatPred,True,
yeast|r_4756|g1|s_0543,CatPred,True,
yeast|r_4756|g1|s_0803,CatPred,True,
yeast|r_4757|g1|s_0434,CatPred,True,
yeast|r_4757|g1|s_4304,CatPred,True,
yeast|r_4758|g1|s_0134,CatPred,True,
yeast|r_4758|g1|s_1322,CatPred,True,
yeast|r_4759|g1|s_0809,CatPred,True,
yeast|r_4759|g1|s_4315,CatPred,True,
yeast|r_4760|g1|s_1198,CatPred,True,
yeast|r_4760|g1|s_4207,CatPred,True,
yeast|r_4761|g1|s_0180,CatPred,True,
yeast|r_4761|g1|s_0222,CatPred,True,
yeast|r_4762|g1|s_0807,CatPred,True,
yeast|r_4762|g1|s_4306,CatPred,True,
yeast|r_4763|g1|s_1198,CatPred,True,
yeast|r_4763|g1|s_4308,CatPred,True,
yeast|r_4763|g2|s_1198,CatPred,True,
yeast|r_4763|g2|s_4308,CatPred,True,
yeast|r_4764|g1|s_0794,CatPred,True,
yeast|r_4764|g1|s_0803,CatPred,True,
yeast|r_4764|g1|s_4310,CatPred,True,
yeast|r_4765|g1|s_1555,CatPred,True,
yeast|r_4766|g1|s_0785,CatPred,True,
yeast|r_4767|g1|s_0180,CatPred,True,
yeast|r_4767|g1|s_1020,CatPred,True,
yeast|r_4768|g1|s_0190,CatPred,True,
yeast|r_4768|g1|s_0803,CatPred,True,
yeast|r_4769|g1|s_0803,CatPred,True,
yeast|r_4769|g1|s_4317,CatPred,True,
yeast|r_4770|g1|s_0437,CatPred,True,
yeast|r_4770|g1|s_4322,CatPred,True,
yeast|r_4771|g1|s_0437,CatPred,True,
yeast|r_4771|g1|s_4319,CatPred,True,
yeast|r_4772|g1|s_0437,CatPred,True,
yeast|r_4772|g1|s_4323,CatPred,True,
yeast|r_4773|g1|s_0437,CatPred,True,
yeast|r_4773|g1|s_4321,CatPred,True,
yeast|r_4774|g1|s_0437,CatPred,True,
yeast|r_4774|g1|s_4325,CatPred,True,
yeast|r_4775|g1|s_0437,CatPred,True,
yeast|r_4775|g1|s_0741,CatPred,True,
yeast|r_4776|g1|s_0437,CatPred,True,
yeast|r_4776|g1|s_4314,CatPred,True,
yeast|r_4777|g1|s_0437,CatPred,True,
yeast|r_4777|g1|s_4327,CatPred,True,
yeast|r_4778|g1|s_0437,CatPred,True,
yeast|r_4778|g1|s_4329,CatPred,True,
yeast|r_4781|g1|s_0803,CatPred,True,
yeast|r_4781|g1|s_3910,CatPred,True,
yeast|r_4782|g1|s_0841,CatPred,True,
yeast|r_4782|g1|s_1003,CatPred,True,
yeast|r_4782|g1|s_1198,CatPred,True,
