species,substrate_id,substrate_name,substrate_bigg_id,substrate_kegg_id,substrate_chebi_id,substrate_metanetx_id,substrate_pubchem_cid,substrate_parent_inchikey_connectivity,structure_standardization_status,prior_role_class,substrate_role_class,substrate_role_group,substrate_role_registry_name,substrate_role_evidence,substrate_role_evidence_types,substrate_role_confidence,registry_structure_consistency,role_class_changed,n_reactions,n_entries
ecoli,10fthf_c,10-Formyltetrahydrofolate,10fthf,C00234,CHEBI:11304;CHEBI:15637;CHEBI:19108;CHEBI:19109;CHEBI:57454;CHEBI:698,MNXM237,135398556,AUFGTPPARQZWDO,ok,one_carbon_cofactor,one_carbon_cofactor,currency_or_cofactor,10-formyltetrahydrofolate,normalized_name;bigg_ids:10fthf;kegg_ids:c00234;chebi_ids:chebi:15637;metanetx_ids:mnxm237;pubchem_cids:135398556,normalized_name;bigg_ids;kegg_ids;chebi_ids;metanetx_ids;pubchem_cids,multiple_evidence_types,not_assessable,False,5,5
ecoli,12dgr120_c,"1,2-Diacyl-sn-glycerol (didodecanoyl, n-C12:0)",12dgr120,,,MNXM4939,151838,OQQOAWVKVDAJOI,ok,other_reactant,other_reactant,other_reactant,,,,not_registry_matched,not_assessable,False,1,1
ecoli,12dgr140_c,"1,2-Diacyl-sn-glycerol (ditetradecanoyl, n-C14:0)",12dgr140,,,MNXM146479,,,missing_smiles,other_reactant,other_reactant,other_reactant,,,,not_registry_matched,not_assessable,False,1,1
ecoli,12dgr141_c,"1,2-Diacyl-sn-glycerol (ditetradec-7-enoyl, n-C14:1)",12dgr141,,,MNXM4940,,,missing_smiles,other_reactant,other_reactant,other_reactant,,,,not_registry_matched,not_assessable,False,1,1
ecoli,12dgr160_c,"1,2-Diacyl-sn-glycerol (dihexadecanoyl, n-C16:0)",12dgr160,,,MNXM3132,,,missing_smiles,other_reactant,other_reactant,other_reactant,,,,not_registry_matched,not_assessable,False,1,1
ecoli,12dgr161_c,"1,2-Diacyl-sn-glycerol (dihexadec-9-enoyl, n-C16:1)",12dgr161,,,MNXM3774,,HSQHRRHRYJNSOC,ok,other_reactant,other_reactant,other_reactant,,,,not_registry_matched,not_assessable,False,1,1
ecoli,12dgr180_c,"1,2-Diacyl-sn-glycerol (dioctadecanoyl, n-C18:0)",12dgr180,,,MNXM4217,,,missing_smiles,other_reactant,other_reactant,other_reactant,,,,not_registry_matched,not_assessable,False,1,1
ecoli,12dgr181_c,"1,2-Diacyl-sn-glycerol (dioctadec-11-enoyl, n-C18:1)",12dgr181,,,MNXM3775,53478063,JQTCHIYVEDEVBR,ok,other_reactant,other_reactant,other_reactant,,,,not_registry_matched,not_assessable,False,1,1
ecoli,12ppd__R_e,"(R)-Propane-1,2-diol",12ppd__R,C02912,CHEBI:18705;CHEBI:28972;CHEBI:352;CHEBI:44863,MNXM90191,259994,DNIAPMSPPWPWGF,ok,other_reactant,other_reactant,other_reactant,,,,not_registry_matched,not_assessable,False,4,4
ecoli,12ppd__R_p,"(R)-Propane-1,2-diol",12ppd__R,C02912,CHEBI:18705;CHEBI:28972;CHEBI:352;CHEBI:44863,MNXM90191,259994,DNIAPMSPPWPWGF,ok,other_reactant,other_reactant,other_reactant,,,,not_registry_matched,not_assessable,False,4,4
ecoli,12ppd__S_c,"(S)-Propane-1,2-diol",12ppd__S,C02917,CHEBI:18799;CHEBI:29002;CHEBI:440;CHEBI:45065,MNXM1255,439846,DNIAPMSPPWPWGF,ok,other_reactant,other_reactant,other_reactant,,,,not_registry_matched,not_assessable,False,1,1
ecoli,12ppd__S_e,"(S)-Propane-1,2-diol",12ppd__S,C02917,CHEBI:18799;CHEBI:29002;CHEBI:440;CHEBI:45065,MNXM1255,439846,DNIAPMSPPWPWGF,ok,other_reactant,other_reactant,other_reactant,,,,not_registry_matched,not_assessable,False,4,4
ecoli,12ppd__S_p,"(S)-Propane-1,2-diol",12ppd__S,C02917,CHEBI:18799;CHEBI:29002;CHEBI:440;CHEBI:45065,MNXM1255,439846,DNIAPMSPPWPWGF,ok,other_reactant,other_reactant,other_reactant,,,,not_registry_matched,not_assessable,False,4,4
ecoli,13dpg_c,3-Phospho-D-glyceroyl phosphate,13dpg,C00236,CHEBI:11881;CHEBI:16001;CHEBI:1658;CHEBI:20189;CHEBI:57604,MNXM261,439191,LJQLQCAXBUHEAZ,ok,other_reactant,other_reactant,other_reactant,,,,not_registry_matched,not_assessable,False,2,2
ecoli,13ppd_c,"1,3-Propanediol",13ppd,C02457,CHEBI:14902;CHEBI:16109;CHEBI:26286;CHEBI:44868;CHEBI:8471,MNXM2861,10442,YPFDHNVEDLHUCE,ok,other_reactant,other_reactant,other_reactant,,,,not_registry_matched,not_assessable,False,1,1
ecoli,14dhncoa_c,"1,4-dihydroxy-2-napthoyl-CoA",14dhncoa,,,MNXM147663,,,missing_smiles,carrier_linked_metabolite,carrier_linked_metabolite,carrier_linked_variable,,normalized_name:coa_linked,normalized_name,name_only,not_assessable,False,1,1
ecoli,14glucan_c,"1,4-alpha-D-glucan",14glucan,,,MNXM2905,79025,WQZGKKKJIJFFOK,ok,other_reactant,other_reactant,other_reactant,,,,not_registry_matched,not_assessable,False,1,1
ecoli,14glucan_e,"1,4-alpha-D-glucan",14glucan,,,MNXM2905,79025,WQZGKKKJIJFFOK,ok,other_reactant,other_reactant,other_reactant,,,,not_registry_matched,not_assessable,False,1,1
ecoli,14glucan_p,"1,4-alpha-D-glucan",14glucan,,,MNXM2905,79025,WQZGKKKJIJFFOK,ok,other_reactant,other_reactant,other_reactant,,,,not_registry_matched,not_assessable,False,2,2
ecoli,15dap_c,"1,5-Diaminopentane",15dap,C01672,CHEBI:13928;CHEBI:18127;CHEBI:22974;CHEBI:3288;CHEBI:44370;CHEBI:58384,MNXM943,273,VHRGRCVQAFMJIZ,ok,other_reactant,other_reactant,other_reactant,,,,not_registry_matched,not_assessable,False,2,2
ecoli,15dap_e,"1,5-Diaminopentane",15dap,C01672,CHEBI:13928;CHEBI:18127;CHEBI:22974;CHEBI:3288;CHEBI:44370;CHEBI:58384,MNXM943,273,VHRGRCVQAFMJIZ,ok,other_reactant,other_reactant,other_reactant,,,,not_registry_matched,not_assessable,False,4,4
ecoli,15dap_p,"1,5-Diaminopentane",15dap,C01672,CHEBI:13928;CHEBI:18127;CHEBI:22974;CHEBI:3288;CHEBI:44370;CHEBI:58384,MNXM943,273,VHRGRCVQAFMJIZ,ok,other_reactant,other_reactant,other_reactant,,,,not_registry_matched,not_assessable,False,4,4
ecoli,1agpe120_p,1-Acyl-sn-glycero-3-phosphoethanolamine (n-C12:0),1agpe120,,,MNXM32692,,IZDRGPDUDLWAGR,ok,other_reactant,other_reactant,other_reactant,,,,not_registry_matched,not_assessable,False,1,1
ecoli,1agpe140_p,1-Acyl-sn-glycero-3-phosphoethanolamine (n-C14:0),1agpe140,,CHEBI:84299;CHEBI:85215,MNXM32693,86583448,RPXHXZNGZBHSMJ,ok,other_reactant,other_reactant,other_reactant,,,,not_registry_matched,not_assessable,False,1,1
ecoli,1agpe141_p,1-Acyl-sn-glycero-3-phosphoethanolamine (n-C14:1),1agpe141,,,MNXM6599,,IZDRGPDUDLWAGR,ok,other_reactant,other_reactant,other_reactant,,,,not_registry_matched,not_assessable,False,1,1
ecoli,1agpe160_p,1-Acyl-sn-glycero-3-phosphoethanolamine (n-C16:0),1agpe160,,CHEBI:73004;CHEBI:73134,MNXM32511,58177710,YVYMBNSKXOXSKW,ok,other_reactant,other_reactant,other_reactant,,,,not_registry_matched,not_assessable,False,1,1
ecoli,1agpe161_p,1-Acyl-sn-glycero-3-phosphoethanolamine (n-C16:1),1agpe161,,,MNXM6601,,IZDRGPDUDLWAGR,ok,other_reactant,other_reactant,other_reactant,,,,not_registry_matched,not_assessable,False,1,1
ecoli,1agpe180_p,1-Acyl-sn-glycero-3-phosphoethanolamine (n-C18:0),1agpe180,C21484,CHEBI:75036;CHEBI:83047,MNXM32694,46891690,BBYWOYAFBUOUFP,ok,other_reactant,other_reactant,other_reactant,,,,not_registry_matched,not_assessable,False,1,1
ecoli,1agpe181_p,1-Acyl-sn-glycero-3-phosphoethanolamine (n-C18:1),1agpe181,,,MNXM9584,,,inchikey_unavailable,other_reactant,other_reactant,other_reactant,,,,not_registry_matched,not_assessable,False,1,1
ecoli,1agpg120_p,1-Acyl-sn-glycero-3-phosphoglycerol (n-C12:0),1agpg120,,,MNXM32695,90657520,IACXMECMZISNLR,ok,other_reactant,other_reactant,other_reactant,,,,not_registry_matched,not_assessable,False,1,1
ecoli,1agpg140_p,1-Acyl-sn-glycero-3-phosphoglycerol (n-C14:0),1agpg140,,CHEBI:72826;CHEBI:73092,MNXM6603,71296220,LUTDZDAPSDZVAL,ok,other_reactant,other_reactant,other_reactant,,,,not_registry_matched,not_assessable,False,1,1
ecoli,1agpg141_p,1-Acyl-sn-glycero-3-phosphoglycerol (n-C14:1),1agpg141,,,MNXM6604,176454253,JPZRBXGDTBKBHT,ok,other_reactant,other_reactant,other_reactant,,,,not_registry_matched,not_assessable,False,1,1
ecoli,1agpg160_p,1-Acyl-sn-glycero-3-phosphoglycerol (n-C16:0),1agpg160,,CHEBI:72825;CHEBI:73093;CHEBI:75158;CHEBI:75376,MNXM6605,71296200,BVJSKAUUFXBDOB,ok,other_reactant,other_reactant,other_reactant,,,,not_registry_matched,not_assessable,False,1,1
ecoli,1agpg161_p,1-Acyl-sn-glycero-3-phosphoglycerol (n-C16:1),1agpg161,,,MNXM6606,90657520,IACXMECMZISNLR,ok,other_reactant,other_reactant,other_reactant,,,,not_registry_matched,not_assessable,False,1,1
ecoli,1agpg180_p,1-Acyl-sn-glycero-3-phosphoglycerol (n-C18:0),1agpg180,,CHEBI:72827;CHEBI:73091,MNXM6607,71296221,HFJVKBVEKQHVTO,ok,other_reactant,other_reactant,other_reactant,,,,not_registry_matched,not_assessable,False,1,1
ecoli,1agpg181_p,1-Acyl-sn-glycero-3-phosphoglycerol (n-C18:1),1agpg181,,CHEBI:72828;CHEBI:72952,MNXM73868,71296157,FQQQKGAFQIIGLQ,ok,other_reactant,other_reactant,other_reactant,,,,not_registry_matched,not_assessable,False,1,1
ecoli,1ddecg3p_c,1-dodecanoyl-sn-glycerol 3-phosphate,1ddecg3p,,CHEBI:62840;CHEBI:72682,MNXM4232,52929750,STTKJLVEXMKLNA,ok,other_reactant,other_reactant,other_reactant,,,,not_registry_matched,not_assessable,False,1,1
ecoli,1ddecg3p_p,1-dodecanoyl-sn-glycerol 3-phosphate,1ddecg3p,,CHEBI:62840;CHEBI:72682,MNXM4232,52929750,STTKJLVEXMKLNA,ok,other_reactant,other_reactant,other_reactant,,,,not_registry_matched,not_assessable,False,1,1
ecoli,1hdec9eg3p_c,1-hexadec-9-enoyl-sn-glycerol 3-phosphate,1hdec9eg3p,,,MNXM91047,,,missing_smiles,other_reactant,other_reactant,other_reactant,,,,not_registry_matched,not_assessable,False,1,1
ecoli,1hdec9eg3p_p,1-hexadec-9-enoyl-sn-glycerol 3-phosphate,1hdec9eg3p,,,MNXM91047,,,missing_smiles,other_reactant,other_reactant,other_reactant,,,,not_registry_matched,not_assessable,False,1,1
ecoli,1hdecg3p_c,1-hexadecanoyl-sn-glycerol 3-phosphate,1hdecg3p,,,MNXM90586,,YNDYKPRNFWPPFU,ok,other_reactant,other_reactant,other_reactant,,,,not_registry_matched,not_assessable,False,1,1
ecoli,1hdecg3p_p,1-hexadecanoyl-sn-glycerol 3-phosphate,1hdecg3p,,,MNXM90586,,YNDYKPRNFWPPFU,ok,other_reactant,other_reactant,other_reactant,,,,not_registry_matched,not_assessable,False,1,1
ecoli,1odec11eg3p_c,1-octadec-11-enoyl-sn-glycerol 3-phosphate,1odec11eg3p,,,MNXM91049,,,missing_smiles,other_reactant,other_reactant,other_reactant,,,,not_registry_matched,not_assessable,False,1,1
ecoli,1odec11eg3p_p,1-octadec-11-enoyl-sn-glycerol 3-phosphate,1odec11eg3p,,,MNXM91049,,,missing_smiles,other_reactant,other_reactant,other_reactant,,,,not_registry_matched,not_assessable,False,1,1
ecoli,1odecg3p_c,1-octadecanoyl-sn-glycerol 3-phosphate,1odecg3p,,CHEBI:74565;CHEBI:74850,MNXM32950,49859619,LAYXSTYJRSVXIH,ok,other_reactant,other_reactant,other_reactant,,,,not_registry_matched,not_assessable,False,1,1
ecoli,1odecg3p_p,1-octadecanoyl-sn-glycerol 3-phosphate,1odecg3p,,CHEBI:74565;CHEBI:74850,MNXM32950,49859619,LAYXSTYJRSVXIH,ok,other_reactant,other_reactant,other_reactant,,,,not_registry_matched,not_assessable,False,1,1
ecoli,1pyr5c_c,1-Pyrroline-5-carboxylate,1pyr5c,C03912;C04322,CHEBI:11297;CHEBI:11689;CHEBI:12409;CHEBI:1372;CHEBI:15893;CHEBI:17388;CHEBI:18727;CHEBI:19095;CHEBI:19873;CHEBI:26458;CHEBI:29066;CHEBI:371,MNXM1617,1196,DWAKNKKXGALPNW,ok,other_reactant,other_reactant,other_reactant,,,,not_registry_matched,not_assessable,False,2,2
ecoli,1tdec7eg3p_c,1-tetradec-7-enoyl-sn-glycerol 3-phosphate,1tdec7eg3p,,,MNXM91053,146036925,ABWKYTQKHWCOFM,ok,other_reactant,other_reactant,other_reactant,,,,not_registry_matched,not_assessable,False,1,1
ecoli,1tdec7eg3p_p,1-tetradec-7-enoyl-sn-glycerol 3-phosphate,1tdec7eg3p,,,MNXM91053,146036925,ABWKYTQKHWCOFM,ok,other_reactant,other_reactant,other_reactant,,,,not_registry_matched,not_assessable,False,1,1
ecoli,1tdecg3p_c,1-tetradecanoyl-sn-glycerol 3-phosphate,1tdecg3p,,CHEBI:62833;CHEBI:72683,MNXM3426,9547180,FAZBDRGXCKPVJU,ok,other_reactant,other_reactant,other_reactant,,,,not_registry_matched,not_assessable,False,1,1
ecoli,1tdecg3p_p,1-tetradecanoyl-sn-glycerol 3-phosphate,1tdecg3p,,CHEBI:62833;CHEBI:72683,MNXM3426,9547180,FAZBDRGXCKPVJU,ok,other_reactant,other_reactant,other_reactant,,,,not_registry_matched,not_assessable,False,1,1
ecoli,23camp_e,"2',3'-Cyclic AMP",23camp,C02353,CHEBI:19212;CHEBI:27844;CHEBI:40469;CHEBI:60879;CHEBI:823,MNXM2598,101812,KMYWVDDIPVNLME,ok,other_reactant,other_reactant,other_reactant,,,,not_registry_matched,not_assessable,False,4,4
ecoli,23camp_p,"2',3'-Cyclic AMP",23camp,C02353,CHEBI:19212;CHEBI:27844;CHEBI:40469;CHEBI:60879;CHEBI:823,MNXM2598,101812,KMYWVDDIPVNLME,ok,other_reactant,other_reactant,other_reactant,,,,not_registry_matched,not_assessable,False,5,5
ecoli,23ccmp_e,"2',3'-Cyclic CMP",23ccmp,C02354,CHEBI:19213;CHEBI:27652;CHEBI:60877;CHEBI:824,MNXM3148,68934,NMPZCCZXCOMSDQ,ok,other_reactant,other_reactant,other_reactant,,,,not_registry_matched,not_assessable,False,4,4
ecoli,23ccmp_p,"2',3'-Cyclic CMP",23ccmp,C02354,CHEBI:19213;CHEBI:27652;CHEBI:60877;CHEBI:824,MNXM3148,68934,NMPZCCZXCOMSDQ,ok,other_reactant,other_reactant,other_reactant,,,,not_registry_matched,not_assessable,False,5,5
ecoli,23cgmp_e,"2',3'-Cyclic GMP",23cgmp,C06194,CHEBI:19214;CHEBI:28181;CHEBI:60837;CHEBI:825,MNXM3149,135398728,UASRYODFRYWBRC,ok,other_reactant,other_reactant,other_reactant,,,,not_registry_matched,not_assessable,False,4,4
ecoli,23cgmp_p,"2',3'-Cyclic GMP",23cgmp,C06194,CHEBI:19214;CHEBI:28181;CHEBI:60837;CHEBI:825,MNXM3149,135398728,UASRYODFRYWBRC,ok,other_reactant,other_reactant,other_reactant,,,,not_registry_matched,not_assessable,False,5,5
ecoli,23cump_e,"2',3'-Cyclic UMP",23cump,C02355,CHEBI:19215;CHEBI:28637;CHEBI:60873;CHEBI:826,MNXM3150,439715,HWDMHJDYMFRXOX,ok,other_reactant,other_reactant,other_reactant,,,,not_registry_matched,not_assessable,False,4,4
ecoli,23cump_p,"2',3'-Cyclic UMP",23cump,C02355,CHEBI:19215;CHEBI:28637;CHEBI:60873;CHEBI:826,MNXM3150,439715,HWDMHJDYMFRXOX,ok,other_reactant,other_reactant,other_reactant,,,,not_registry_matched,not_assessable,False,5,5
ecoli,23dappa_c,"2,3-diaminopropionate",23dappa,C03401;C06393,CHEBI:11419;CHEBI:13043;CHEBI:16303;CHEBI:18383;CHEBI:19309;CHEBI:21190;CHEBI:42159;CHEBI:42164;CHEBI:49983;CHEBI:57721;CHEBI:58468;CHEBI:6153;CHEBI:84374;CHEBI:876,MNXM91374,5459825,PECYZEOJVXMISF,ok,other_reactant,other_reactant,other_reactant,,,,not_registry_matched,not_assessable,False,1,1
ecoli,23dappa_e,"2,3-diaminopropionate",23dappa,C03401;C06393,CHEBI:11419;CHEBI:13043;CHEBI:16303;CHEBI:18383;CHEBI:19309;CHEBI:21190;CHEBI:42159;CHEBI:42164;CHEBI:49983;CHEBI:57721;CHEBI:58468;CHEBI:6153;CHEBI:84374;CHEBI:876,MNXM91374,5459825,PECYZEOJVXMISF,ok,other_reactant,other_reactant,other_reactant,,,,not_registry_matched,not_assessable,False,4,4
ecoli,23dappa_p,"2,3-diaminopropionate",23dappa,C03401;C06393,CHEBI:11419;CHEBI:13043;CHEBI:16303;CHEBI:18383;CHEBI:19309;CHEBI:21190;CHEBI:42159;CHEBI:42164;CHEBI:49983;CHEBI:57721;CHEBI:58468;CHEBI:6153;CHEBI:84374;CHEBI:876,MNXM91374,5459825,PECYZEOJVXMISF,ok,other_reactant,other_reactant,other_reactant,,,,not_registry_matched,not_assessable,False,4,4
ecoli,23ddhb_c,"2,3-Dihydro-2,3-dihydroxybenzoate",23ddhb,C04171,CHEBI:11420;CHEBI:11423;CHEBI:15941;CHEBI:19311;CHEBI:48968;CHEBI:57576;CHEBI:58764;CHEBI:877,MNXM114261,3,INCSWYKICIYAHB,ok,other_reactant,other_reactant,other_reactant,,,,not_registry_matched,not_assessable,False,1,1
ecoli,23dhacoa_c,"2,3-dehydroadipyl-CoA",23dhacoa,,CHEBI:67261;CHEBI:68471,MNXM9750,46926262,ZFXICKRXPZTFPB,ok,carrier_linked_metabolite,carrier_linked_metabolite,carrier_linked_variable,,normalized_name:coa_linked,normalized_name,name_only,not_assessable,False,1,1
ecoli,23dhb_c,"2,3-Dihydroxybenzoate",23dhb,C00196,CHEBI:11427;CHEBI:18026;CHEBI:19319;CHEBI:19320;CHEBI:36654;CHEBI:41901;CHEBI:885,MNXM455,19,GLDQAMYCGOIJDV,ok,other_reactant,other_reactant,other_reactant,,,,not_registry_matched,not_assessable,False,2,2
ecoli,23dhba_c,"(2,3-Dihydroxybenzoyl)adenylate",23dhba,C04030,CHEBI:10846;CHEBI:15572;CHEBI:170;CHEBI:18521;CHEBI:57417,MNXM1978,440201,ULPVJDOMCRTJSN,ok,other_reactant,other_reactant,other_reactant,,,,not_registry_matched,not_assessable,False,1,1
ecoli,23dhdp_c,"2,3-Dihydrodipicolinate",23dhdp,,CHEBI:11421;CHEBI:48052,MNXM163139,21864158,UWOCFOFVIBZJGH,ok,other_reactant,other_reactant,other_reactant,,,,not_registry_matched,not_assessable,False,1,1
ecoli,23dhmb_c,"(R)-2,3-Dihydroxy-3-methylbutanoate",23dhmb,C04272,CHEBI:10966;CHEBI:15684;CHEBI:18645;CHEBI:305;CHEBI:49072,MNXM114097,440279,JTEYKUFKXGDTEU,ok,other_reactant,other_reactant,other_reactant,,,,not_registry_matched,not_assessable,False,2,2
ecoli,23dhmp_c,"(R)-2,3-Dihydroxy-3-methylpentanoate",23dhmp,C06007,CHEBI:18646;CHEBI:27512;CHEBI:306;CHEBI:49258,MNXM1202,448154,PDGXJDXVGMHUIR,ok,other_reactant,other_reactant,other_reactant,,,,not_registry_matched,not_assessable,False,2,2
ecoli,23doguln_c,"2,3-Dioxo-L-gulonate",23doguln,C04575,CHEBI:10900;CHEBI:15622;CHEBI:18578;CHEBI:226;CHEBI:57441;CHEBI:60793,MNXM958,440390,GJQWCDSAOUMKSE,ok,other_reactant,other_reactant,other_reactant,,,,not_registry_matched,not_assessable,False,1,1
ecoli,23doguln_p,"2,3-Dioxo-L-gulonate",23doguln,C04575,CHEBI:10900;CHEBI:15622;CHEBI:18578;CHEBI:226;CHEBI:57441;CHEBI:60793,MNXM958,440390,GJQWCDSAOUMKSE,ok,other_reactant,other_reactant,other_reactant,,,,not_registry_matched,not_assessable,False,1,1
ecoli,25aics_c,(S)-2-[5-Amino-1-(5-phospho-D-ribosyl)imidazole-4-carboxamido]succinate,25aics,C04811,CHEBI:18971;CHEBI:28208;CHEBI:576,MNXM32478,440490,VDSCQGGPSPZSLA,ok,other_reactant,other_reactant,other_reactant,,,,not_registry_matched,not_assessable,False,1,1
ecoli,25dkglcn_c,"2,5-diketo-D-gluconate",25dkglcn,C02780,CHEBI:1070;CHEBI:11449;CHEBI:18281;CHEBI:19378;CHEBI:58428,MNXM936,9548631,RXMWXENJQAINCC,ok,other_reactant,other_reactant,other_reactant,,,,not_registry_matched,not_assessable,False,4,4
ecoli,25drapp_c,"2,5-Diamino-6-(ribosylamino)-4-(3H)-pyrimidinone 5'-phosphate",25drapp,C01304,CHEBI:11446;CHEBI:19368;CHEBI:29114;CHEBI:58614;CHEBI:59545;CHEBI:59546;CHEBI:927,MNXM648,135398601,OCLCLRXKNJCOJD,ok,other_reactant,other_reactant,other_reactant,,,,not_registry_matched,not_assessable,False,1,1
ecoli,26dap_LL_c,"LL-2,6-Diaminoheptanedioate",26dap_LL,C00666,CHEBI:13192;CHEBI:16026;CHEBI:21428;CHEBI:21429;CHEBI:47031;CHEBI:57609;CHEBI:6341,MNXM644,439283,GMKMEZVLHJARHF,ok,other_reactant,other_reactant,other_reactant,,,,not_registry_matched,not_assessable,False,1,1
ecoli,26dap__M_c,"Meso-2,6-Diaminoheptanedioate",26dap__M,C00680,CHEBI:10598;CHEBI:12822;CHEBI:12823;CHEBI:12825;CHEBI:16488;CHEBI:25203;CHEBI:25204;CHEBI:30308;CHEBI:40838;CHEBI:57791,MNXM529,99290,GMKMEZVLHJARHF,ok,other_reactant,other_reactant,other_reactant,,,,not_registry_matched,not_assessable,False,3,3
ecoli,26dap__M_e,"Meso-2,6-Diaminoheptanedioate",26dap__M,C00680,CHEBI:10598;CHEBI:12822;CHEBI:12823;CHEBI:12825;CHEBI:16488;CHEBI:25203;CHEBI:25204;CHEBI:30308;CHEBI:40838;CHEBI:57791,MNXM529,99290,GMKMEZVLHJARHF,ok,other_reactant,other_reactant,other_reactant,,,,not_registry_matched,not_assessable,False,4,4
ecoli,26dap__M_p,"Meso-2,6-Diaminoheptanedioate",26dap__M,C00680,CHEBI:10598;CHEBI:12822;CHEBI:12823;CHEBI:12825;CHEBI:16488;CHEBI:25203;CHEBI:25204;CHEBI:30308;CHEBI:40838;CHEBI:57791,MNXM529,99290,GMKMEZVLHJARHF,ok,other_reactant,other_reactant,other_reactant,,,,not_registry_matched,not_assessable,False,4,4
ecoli,2agpe120_c,2-Acyl-sn-glycero-3-phosphoethanolamine (n-C12:0),2agpe120,,,MNXM34808,90658660,NPAZKTOOMVQLIH,ok,other_reactant,other_reactant,other_reactant,,,,not_registry_matched,not_assessable,False,3,3
ecoli,2agpe120_p,2-Acyl-sn-glycero-3-phosphoethanolamine (n-C12:0),2agpe120,,,MNXM34808,90658660,NPAZKTOOMVQLIH,ok,other_reactant,other_reactant,other_reactant,,,,not_registry_matched,not_assessable,False,1,1
ecoli,2agpe140_c,2-Acyl-sn-glycero-3-phosphoethanolamine (n-C14:0),2agpe140,,,MNXM34809,45479410,DDUZNLUWXLYPCP,ok,other_reactant,other_reactant,other_reactant,,,,not_registry_matched,not_assessable,False,3,3
ecoli,2agpe140_p,2-Acyl-sn-glycero-3-phosphoethanolamine (n-C14:0),2agpe140,,,MNXM34809,45479410,DDUZNLUWXLYPCP,ok,other_reactant,other_reactant,other_reactant,,,,not_registry_matched,not_assessable,False,1,1
ecoli,2agpe141_c,2-Acyl-sn-glycero-3-phosphoethanolamine (n-C14:1),2agpe141,,,MNXM3447,176454251,VWUXRTRFECMEOO,ok,other_reactant,other_reactant,other_reactant,,,,not_registry_matched,not_assessable,False,3,3
ecoli,2agpe141_p,2-Acyl-sn-glycero-3-phosphoethanolamine (n-C14:1),2agpe141,,,MNXM3447,176454251,VWUXRTRFECMEOO,ok,other_reactant,other_reactant,other_reactant,,,,not_registry_matched,not_assessable,False,1,1
ecoli,2agpe160_c,2-Acyl-sn-glycero-3-phosphoethanolamine (n-C16:0),2agpe160,,CHEBI:131743;CHEBI:132926,MNXM34810,53480922,CKPBBEOJHAPPBT,ok,other_reactant,other_reactant,other_reactant,,,,not_registry_matched,not_assessable,False,3,3
ecoli,2agpe160_p,2-Acyl-sn-glycero-3-phosphoethanolamine (n-C16:0),2agpe160,,CHEBI:131743;CHEBI:132926,MNXM34810,53480922,CKPBBEOJHAPPBT,ok,other_reactant,other_reactant,other_reactant,,,,not_registry_matched,not_assessable,False,1,1
ecoli,2agpe161_c,2-Acyl-sn-glycero-3-phosphoethanolamine (n-C16:1),2agpe161,,,MNXM3448,90658660,NPAZKTOOMVQLIH,ok,other_reactant,other_reactant,other_reactant,,,,not_registry_matched,not_assessable,False,3,3
ecoli,2agpe161_p,2-Acyl-sn-glycero-3-phosphoethanolamine (n-C16:1),2agpe161,,,MNXM3448,90658660,NPAZKTOOMVQLIH,ok,other_reactant,other_reactant,other_reactant,,,,not_registry_matched,not_assessable,False,1,1
ecoli,2agpe180_c,2-Acyl-sn-glycero-3-phosphoethanolamine (n-C18:0),2agpe180,,CHEBI:133144;CHEBI:133145,MNXM34811,90658453,KIHAGWUUUHJRMS,ok,other_reactant,other_reactant,other_reactant,,,,not_registry_matched,not_assessable,False,3,3
ecoli,2agpe180_p,2-Acyl-sn-glycero-3-phosphoethanolamine (n-C18:0),2agpe180,,CHEBI:133144;CHEBI:133145,MNXM34811,90658453,KIHAGWUUUHJRMS,ok,other_reactant,other_reactant,other_reactant,,,,not_registry_matched,not_assessable,False,1,1
ecoli,2agpe181_c,2-Acyl-sn-glycero-3-phosphoethanolamine (n-C18:1),2agpe181,,,MNXM3449,90658660,NPAZKTOOMVQLIH,ok,other_reactant,other_reactant,other_reactant,,,,not_registry_matched,not_assessable,False,3,3
ecoli,2agpe181_p,2-Acyl-sn-glycero-3-phosphoethanolamine (n-C18:1),2agpe181,,,MNXM3449,90658660,NPAZKTOOMVQLIH,ok,other_reactant,other_reactant,other_reactant,,,,not_registry_matched,not_assessable,False,1,1
ecoli,2agpg120_c,2-Acyl-sn-glycero-3-phosphoglycerol (n-C12:0),2agpg120,,,MNXM3450,90659368,NHYJQQUDLXESED,ok,other_reactant,other_reactant,other_reactant,,,,not_registry_matched,not_assessable,False,3,3
ecoli,2agpg120_p,2-Acyl-sn-glycero-3-phosphoglycerol (n-C12:0),2agpg120,,,MNXM3450,90659368,NHYJQQUDLXESED,ok,other_reactant,other_reactant,other_reactant,,,,not_registry_matched,not_assessable,False,1,1
ecoli,2agpg140_c,2-Acyl-sn-glycero-3-phosphoglycerol (n-C14:0),2agpg140,,,MNXM34739,90659368,NHYJQQUDLXESED,ok,other_reactant,other_reactant,other_reactant,,,,not_registry_matched,not_assessable,False,3,3
ecoli,2agpg140_p,2-Acyl-sn-glycero-3-phosphoglycerol (n-C14:0),2agpg140,,,MNXM34739,90659368,NHYJQQUDLXESED,ok,other_reactant,other_reactant,other_reactant,,,,not_registry_matched,not_assessable,False,1,1
ecoli,2agpg141_c,2-Acyl-sn-glycero-3-phosphoglycerol (n-C14:1),2agpg141,,,MNXM3452,176454255,BHICCPXVDIQMCF,ok,other_reactant,other_reactant,other_reactant,,,,not_registry_matched,not_assessable,False,3,3
ecoli,2agpg141_p,2-Acyl-sn-glycero-3-phosphoglycerol (n-C14:1),2agpg141,,,MNXM3452,176454255,BHICCPXVDIQMCF,ok,other_reactant,other_reactant,other_reactant,,,,not_registry_matched,not_assessable,False,1,1
ecoli,2agpg160_c,2-Acyl-sn-glycero-3-phosphoglycerol (n-C16:0),2agpg160,,,MNXM34740,90657603,ODJYINYQGFIIRK,ok,other_reactant,other_reactant,other_reactant,,,,not_registry_matched,not_assessable,False,3,3
ecoli,2agpg160_p,2-Acyl-sn-glycero-3-phosphoglycerol (n-C16:0),2agpg160,,,MNXM34740,90657603,ODJYINYQGFIIRK,ok,other_reactant,other_reactant,other_reactant,,,,not_registry_matched,not_assessable,False,1,1
ecoli,2agpg161_c,2-Acyl-sn-glycero-3-phosphoglycerol (n-C16:1),2agpg161,,,MNXM3453,90659368,NHYJQQUDLXESED,ok,other_reactant,other_reactant,other_reactant,,,,not_registry_matched,not_assessable,False,3,3
ecoli,2agpg161_p,2-Acyl-sn-glycero-3-phosphoglycerol (n-C16:1),2agpg161,,,MNXM3453,90659368,NHYJQQUDLXESED,ok,other_reactant,other_reactant,other_reactant,,,,not_registry_matched,not_assessable,False,1,1
ecoli,2agpg180_c,2-Acyl-sn-glycero-3-phosphoglycerol (n-C18:0),2agpg180,,,MNXM150642,90658105,ZYKIFISVQNGKFE,ok,other_reactant,other_reactant,other_reactant,,,,not_registry_matched,not_assessable,False,3,3
ecoli,2agpg180_p,2-Acyl-sn-glycero-3-phosphoglycerol (n-C18:0),2agpg180,,,MNXM150642,90658105,ZYKIFISVQNGKFE,ok,other_reactant,other_reactant,other_reactant,,,,not_registry_matched,not_assessable,False,1,1
ecoli,2agpg181_c,2-Acyl-sn-glycero-3-phosphoglycerol (n-C18:1),2agpg181,,,MNXM3455,90659368,NHYJQQUDLXESED,ok,other_reactant,other_reactant,other_reactant,,,,not_registry_matched,not_assessable,False,3,3
ecoli,2agpg181_p,2-Acyl-sn-glycero-3-phosphoglycerol (n-C18:1),2agpg181,,,MNXM3455,90659368,NHYJQQUDLXESED,ok,other_reactant,other_reactant,other_reactant,,,,not_registry_matched,not_assessable,False,1,1
ecoli,2ahbut_c,(S)-2-Aceto-2-hydroxybutanoate,2ahbut,C06006,CHEBI:18730;CHEBI:27681;CHEBI:373;CHEBI:49256,MNXM114220,440875,VUQLHQFKACOHNZ,ok,other_reactant,other_reactant,other_reactant,,,,not_registry_matched,not_assessable,False,1,1
ecoli,2amsa_c,2-Aminomalonate semialdehyde,2amsa,C11822,CHEBI:1020;CHEBI:21210;CHEBI:37012;CHEBI:58671;CHEBI:77662,MNXM2124,443424,XMTCKNXTTXDPJX,ok,other_reactant,other_reactant,other_reactant,,,,not_registry_matched,not_assessable,False,2,2
ecoli,2aobut_c,L-2-Amino-3-oxobutanoate,2aobut,C03508,CHEBI:13048;CHEBI:16944;CHEBI:21195;CHEBI:35229;CHEBI:40668;CHEBI:40673;CHEBI:6156;CHEBI:78948,MNXM114087,5460100,SAUCHDKDCUROAO,ok,other_reactant,other_reactant,other_reactant,,,,not_registry_matched,not_assessable,False,3,3
ecoli,2cpr5p_c,1-(2-Carboxyphenylamino)-1-deoxy-D-ribulose 5-phosphate,2cpr5p,C01302,CHEBI:11186;CHEBI:18959;CHEBI:28625;CHEBI:29112;CHEBI:565;CHEBI:566;CHEBI:58613,MNXM1455,446894,QKMBYNRMPRKVTO,ok,other_reactant,other_reactant,other_reactant,,,,not_registry_matched,not_assessable,False,1,1
ecoli,2dda7p_c,2-Dehydro-3-deoxy-D-arabino-heptonate 7-phosphate,2dda7p,C04691,CHEBI:1053;CHEBI:11544;CHEBI:11785;CHEBI:11786;CHEBI:18150;CHEBI:19523;CHEBI:20003;CHEBI:29477;CHEBI:58394,MNXM1219,160647,PJWIPEXIFFQAQZ,ok,other_reactant,other_reactant,other_reactant,,,,not_registry_matched,not_assessable,False,1,1
ecoli,2ddara_c,2-dehydro-3-deoxy-D-arabinonate,2ddara,,,,6419711,UQIGQRSJIKIPKZ,ok,other_reactant,other_reactant,other_reactant,,,,not_registry_matched,not_assessable,False,2,2
ecoli,2ddecg3p_c,2-dodecanoyl-sn-glycerol 3-phosphate,2ddecg3p,,,MNXM5461,,,missing_smiles,other_reactant,other_reactant,other_reactant,,,,not_registry_matched,not_assessable,False,1,1
ecoli,2ddecg3p_p,2-dodecanoyl-sn-glycerol 3-phosphate,2ddecg3p,,,MNXM5461,,,missing_smiles,other_reactant,other_reactant,other_reactant,,,,not_registry_matched,not_assessable,False,1,1
ecoli,2ddg6p_c,2-Dehydro-3-deoxy-D-gluconate 6-phosphate,2ddg6p,C04442,CHEBI:1051;CHEBI:11543;CHEBI:11551;CHEBI:12227;CHEBI:15925;CHEBI:19522;CHEBI:57569,MNXM649,3080745,OVPRPPOVAXRCED,ok,other_reactant,other_reactant,other_reactant,,,,not_registry_matched,not_assessable,False,1,1
ecoli,2ddglcn_c,2-Dehydro-3-deoxy-D-gluconate,2ddglcn,C00204;C01216,CHEBI:1056;CHEBI:1059;CHEBI:11547;CHEBI:11550;CHEBI:17028;CHEBI:17032;CHEBI:19527;CHEBI:19530;CHEBI:57989;CHEBI:57990,MNXM1627,194024,WPAMZTWLKIDIOP,ok,other_reactant,other_reactant,other_reactant,,,,not_registry_matched,not_assessable,False,2,2
ecoli,2ddglcn_e,2-Dehydro-3-deoxy-D-gluconate,2ddglcn,C00204;C01216,CHEBI:1056;CHEBI:1059;CHEBI:11547;CHEBI:11550;CHEBI:17028;CHEBI:17032;CHEBI:19527;CHEBI:19530;CHEBI:57989;CHEBI:57990,MNXM1627,194024,WPAMZTWLKIDIOP,ok,other_reactant,other_reactant,other_reactant,,,,not_registry_matched,not_assessable,False,4,4
ecoli,2ddglcn_p,2-Dehydro-3-deoxy-D-gluconate,2ddglcn,C00204;C01216,CHEBI:1056;CHEBI:1059;CHEBI:11547;CHEBI:11550;CHEBI:17028;CHEBI:17032;CHEBI:19527;CHEBI:19530;CHEBI:57989;CHEBI:57990,MNXM1627,194024,WPAMZTWLKIDIOP,ok,other_reactant,other_reactant,other_reactant,,,,not_registry_matched,not_assessable,False,5,5
ecoli,2dglc_e,2 Deoxy D glucose C6H12O5,2dglc,C00586,CHEBI:1078;CHEBI:11565;CHEBI:11569;CHEBI:15866;CHEBI:19553;CHEBI:57546;CHEBI:84755;CHEBI:90760,MNXM2925,439268,PMMURAAUARKVCB,ok,other_reactant,other_reactant,other_reactant,,,,not_registry_matched,not_assessable,False,4,4
ecoli,2dglc_p,2 Deoxy D glucose C6H12O5,2dglc,C00586,CHEBI:1078;CHEBI:11565;CHEBI:11569;CHEBI:15866;CHEBI:19553;CHEBI:57546;CHEBI:84755;CHEBI:90760,MNXM2925,439268,PMMURAAUARKVCB,ok,other_reactant,other_reactant,other_reactant,,,,not_registry_matched,not_assessable,False,5,5
ecoli,2dh3dgal6p_c,2-Dehydro-3-deoxy-D-galactonate 6-phosphate,2dh3dgal6p,C01286,CHEBI:1057;CHEBI:11548;CHEBI:17860;CHEBI:19528;CHEBI:58298,MNXM90136,5459949,OVPRPPOVAXRCED,ok,other_reactant,other_reactant,other_reactant,,,,not_registry_matched,not_assessable,False,1,1
ecoli,2dh3dgal_c,2-Dehydro-3-deoxy-D-galactonate,2dh3dgal,C00204;C01216,CHEBI:1056;CHEBI:1059;CHEBI:11547;CHEBI:11550;CHEBI:17028;CHEBI:17032;CHEBI:19527;CHEBI:19530;CHEBI:57989;CHEBI:57990,MNXM1627,194024,WPAMZTWLKIDIOP,ok,other_reactant,other_reactant,other_reactant,,,,not_registry_matched,not_assessable,False,1,1
ecoli,2dhguln_c,2-Dehydro-L-gulonate,2dhguln,,,MNXM114283,7059386,VBUYCZFBVCCYFD,ok,other_reactant,other_reactant,other_reactant,,,,not_registry_matched,not_assessable,False,4,4
ecoli,2dhp_c,2-Dehydropantoate,2dhp,C00966,CHEBI:1071;CHEBI:11561;CHEBI:17094;CHEBI:19545,MNXM959,16755619,PKVVTUWHANFMQC,ok,other_reactant,other_reactant,other_reactant,,,,not_registry_matched,not_assessable,False,2,2
ecoli,2dmmq8_c,2-Demethylmenaquinone 8,2dmmq8,,CHEBI:48455,MNXM2178,5376004,GDUBPWSFXUAETN,ok,other_reactant,other_reactant,other_reactant,,,,not_registry_matched,not_assessable,False,10,10
ecoli,2dmmql8_c,2-Demethylmenaquinol 8,2dmmql8,,CHEBI:61873,MNXM558,45479277,FGYPGICSXJEKCG,ok,other_reactant,other_reactant,other_reactant,,,,not_registry_matched,not_assessable,False,7,7
ecoli,2doxg6p_c,2 Deoxy D glucose 6 phosphate C6H11O8P,2doxg6p,C06369,CHEBI:1079;CHEBI:11570;CHEBI:16043;CHEBI:19554;CHEBI:57615;CHEBI:84756;CHEBI:84760,MNXM3809,108108,MBPFNOMGYSRGQZ,ok,other_reactant,other_reactant,other_reactant,,,,not_registry_matched,not_assessable,False,4,4
ecoli,2dr1p_c,2-Deoxy-D-ribose 1-phosphate,2dr1p,C00672,CHEBI:1081;CHEBI:11563;CHEBI:19558;CHEBI:28542;CHEBI:57259;CHEBI:58576,MNXM789,5460448,KBDKAJNTYKVSEK,ok,other_reactant,other_reactant,other_reactant,,,,not_registry_matched,not_assessable,False,9,9
ecoli,2dr5p_c,2-Deoxy-D-ribose 5-phosphate,2dr5p,C00673,CHEBI:1082;CHEBI:11566;CHEBI:16132;CHEBI:19559;CHEBI:42055;CHEBI:55513;CHEBI:57651;CHEBI:62877,MNXM2179,150629,ALQNUOMIEBHXQG,ok,other_reactant,other_reactant,other_reactant,,,,not_registry_matched,not_assessable,False,2,2
ecoli,2fe1s_c,[2Fe-1S] desulfurated iron-sulfur cluster,2fe1s,,,MNXM147395,,,missing_smiles,other_reactant,other_reactant,other_reactant,,,,not_registry_matched,not_assessable,False,2,2
ecoli,2fe2s_c,[2Fe-2S] iron-sulfur cluster,2fe2s,,CHEBI:21134;CHEBI:49600;CHEBI:49601;CHEBI:64605,MNXM151647,,,missing_smiles,other_reactant,other_reactant,other_reactant,,,,not_registry_matched,not_assessable,False,1,1
ecoli,2h3oppan_c,2-Hydroxy-3-oxopropanoate,2h3oppan,C01146,CHEBI:1123;CHEBI:11583;CHEBI:131382;CHEBI:15194;CHEBI:16992;CHEBI:19605;CHEBI:57978,MNXM475,6420115,XHDBNNIXWWTOFN,ok,other_reactant,other_reactant,other_reactant,,,,not_registry_matched,not_assessable,False,3,3
ecoli,2hdec9eg3p_c,2-hexadec-9-enoyl-sn-glycerol 3-phosphate,2hdec9eg3p,,,MNXM5464,,,missing_smiles,other_reactant,other_reactant,other_reactant,,,,not_registry_matched,not_assessable,False,1,1
ecoli,2hdec9eg3p_p,2-hexadec-9-enoyl-sn-glycerol 3-phosphate,2hdec9eg3p,,,MNXM5464,,,missing_smiles,other_reactant,other_reactant,other_reactant,,,,not_registry_matched,not_assessable,False,1,1
ecoli,2hdecg3p_c,2-hexadecanoyl-sn-glycerol 3-phosphate,2hdecg3p,,,MNXM5465,56960317,LPQBQFLKBCPNAV,ok,other_reactant,other_reactant,other_reactant,,,,not_registry_matched,not_assessable,False,1,1
ecoli,2hdecg3p_p,2-hexadecanoyl-sn-glycerol 3-phosphate,2hdecg3p,,,MNXM5465,56960317,LPQBQFLKBCPNAV,ok,other_reactant,other_reactant,other_reactant,,,,not_registry_matched,not_assessable,False,1,1
ecoli,2hptcoa_c,"2-hydroxycyclohepta-1,4,6-triene-1-carboxyl-CoA",2hptcoa,,,,136630926,YDSDSXNAKPLRMX,ok,carrier_linked_metabolite,carrier_linked_metabolite,carrier_linked_variable,,normalized_name:coa_linked,normalized_name,name_only,not_assessable,False,1,1
ecoli,2ippm_c,2-Isopropylmaleate,2ippm,C02631,CHEBI:11604;CHEBI:1179;CHEBI:17275;CHEBI:19668;CHEBI:58085,MNXM1706,5280533,NJMGRJLQRLFQQX,ok,other_reactant,other_reactant,other_reactant,,,,not_registry_matched,not_assessable,False,2,2
ecoli,2mahmp_c,2-Methyl-4-amino-5-hydroxymethylpyrimidine diphosphate,2mahmp,C04752,CHEBI:11612;CHEBI:1194;CHEBI:11953;CHEBI:16629;CHEBI:19684;CHEBI:20308;CHEBI:29079;CHEBI:57841,MNXM1135,217,AGQJQCFEPUVXNK,ok,other_reactant,other_reactant,other_reactant,,,,not_registry_matched,not_assessable,False,3,3
ecoli,2mcacn_c,Cis-2-Methylaconitate,2mcacn,C04225,CHEBI:11084;CHEBI:16717;CHEBI:18819;CHEBI:456;CHEBI:57872,MNXM1792,3080625,NUZLRKBHOBPTQV,ok,other_reactant,other_reactant,other_reactant,,,,not_registry_matched,not_assessable,False,1,1
ecoli,2mcit_c,2-Methylcitrate,2mcit,C02225,CHEBI:10860;CHEBI:11592;CHEBI:11618;CHEBI:1203;CHEBI:15598;CHEBI:19630;CHEBI:19695;CHEBI:19696;CHEBI:30835;CHEBI:30836;CHEBI:50948;CHEBI:58853,MNXM90279,5461152,YNOXCRMFGMSKIJ,ok,other_reactant,other_reactant,other_reactant,,,,not_registry_matched,not_assessable,False,1,1
ecoli,2me4p_c,2-C-methyl-D-erythritol 4-phosphate,2me4p,C11434,CHEBI:1030;CHEBI:11483;CHEBI:17764;CHEBI:58262,MNXM1626,443198,XMWHRVNVKDKBRG,ok,other_reactant,other_reactant,other_reactant,,,,not_registry_matched,not_assessable,False,1,1
ecoli,2mecdp_c,"2-C-methyl-D-erythritol 2,4-cyclodiphosphate",2mecdp,C11453,CHEBI:1029;CHEBI:11481;CHEBI:11482;CHEBI:18425;CHEBI:58483,MNXM1168,126747,SFRQRNJMIIUYDI,ok,other_reactant,other_reactant,other_reactant,,,,not_registry_matched,not_assessable,False,2,2
ecoli,2obut_c,2-Oxobutanoate,2obut,C00109,CHEBI:11636;CHEBI:1250;CHEBI:16763;CHEBI:19741;CHEBI:19743;CHEBI:30831;CHEBI:39748,MNXM159,3593277,TYEYBOSBBBHJIV,ok,other_reactant,other_reactant,other_reactant,,,,not_registry_matched,not_assessable,False,5,5
ecoli,2odec11eg3p_c,2-octadec-11-enoyl-sn-glycerol 3-phosphate,2odec11eg3p,,,MNXM5480,,,missing_smiles,other_reactant,other_reactant,other_reactant,,,,not_registry_matched,not_assessable,False,1,1
ecoli,2odec11eg3p_p,2-octadec-11-enoyl-sn-glycerol 3-phosphate,2odec11eg3p,,,MNXM5480,,,missing_smiles,other_reactant,other_reactant,other_reactant,,,,not_registry_matched,not_assessable,False,1,1
ecoli,2odecg3p_c,2-octadecanoyl-sn-glycerol 3-phosphate,2odecg3p,,,MNXM5481,91820127,RPAOEHFOGLEBTJ,ok,other_reactant,other_reactant,other_reactant,,,,not_registry_matched,not_assessable,False,1,1
ecoli,2odecg3p_p,2-octadecanoyl-sn-glycerol 3-phosphate,2odecg3p,,,MNXM5481,91820127,RPAOEHFOGLEBTJ,ok,other_reactant,other_reactant,other_reactant,,,,not_registry_matched,not_assessable,False,1,1
ecoli,2ohph_c,2-Octaprenyl-6-hydroxyphenol,2ohph,C05811,CHEBI:1233;CHEBI:62730,MNXM1635,5280833,YNPGYMZVNLIZLD,ok,other_reactant,other_reactant,other_reactant,,,,not_registry_matched,not_assessable,False,1,1
ecoli,2ombzl_c,"2-Octaprenyl-6-methoxy-1,4-benzoquinol",2ombzl,,,MNXM162799,49852329,CZFRMASEEPTBAQ,ok,other_reactant,other_reactant,other_reactant,,,,not_registry_matched,not_assessable,False,1,1
ecoli,2omhmbl_c,"2-Octaprenyl-3-methyl-5-hydroxy-6-methoxy-1,4-benzoquinol",2omhmbl,,CHEBI:1231;CHEBI:19728;CHEBI:27688;CHEBI:61705,MNXM2187,135398718,JCTZZCUQMAEFJG,ok,other_reactant,other_reactant,other_reactant,,,,not_registry_matched,not_assessable,False,1,1
ecoli,2ommbl_c,"2-Octaprenyl-3-methyl-6-methoxy- 1,4-benzoquinol",2ommbl,,,MNXM35383,,HDSGDGSLNMIMKU,ok,other_reactant,other_reactant,other_reactant,,,,not_registry_matched,not_assessable,False,1,1
ecoli,2omph_c,2-Octaprenyl-6-methoxyphenol,2omph,C05812,CHEBI:1235,MNXM1707,5280834,MARGKPIMNMASKJ,ok,other_reactant,other_reactant,other_reactant,,,,not_registry_matched,not_assessable,False,1,1
ecoli,2oph_c,2-Octaprenylphenol,2oph,C05810,CHEBI:1236;CHEBI:40398;CHEBI:40407,MNXM1886,5280832,VUNQJPPPTJIREN,ok,other_reactant,other_reactant,other_reactant,,,,not_registry_matched,not_assessable,False,1,1
ecoli,2oxpaccoa_c,2-oxepin-2(3H)-ylideneacetyl-CoA,2oxpaccoa,C19975,CHEBI:63251;CHEBI:63252,MNXM2851,46926227,ZQZCWPBSHHYCMM,ok,carrier_linked_metabolite,carrier_linked_metabolite,carrier_linked_variable,,normalized_name:coa_linked,normalized_name,name_only,not_assessable,False,2,2
ecoli,2p4c2me_c,2-phospho-4-(cytidine 5'-diphospho)-2-C-methyl-D-erythritol,2p4c2me,C11436,CHEBI:11649;CHEBI:11650;CHEBI:1266;CHEBI:16840;CHEBI:57919,MNXM1641,443200,HTJXTKBIUVFUAR,ok,other_reactant,other_reactant,other_reactant,,,,not_registry_matched,not_assessable,False,1,1
ecoli,2pg_c,D-Glycerate 2-phosphate,2pg,C00631,CHEBI:11651;CHEBI:1267;CHEBI:12986;CHEBI:17835;CHEBI:21028;CHEBI:24344;CHEBI:39868;CHEBI:58289;CHEBI:88350,MNXM275,439278,GXIURPTVHJPJLF,ok,other_reactant,other_reactant,other_reactant,,,,not_registry_matched,not_assessable,False,3,3
ecoli,2pglyc_c,2-Phosphoglycolate,2pglyc,C00988,CHEBI:11652;CHEBI:1268;CHEBI:17150;CHEBI:19763;CHEBI:19764;CHEBI:44849;CHEBI:58033,MNXM2074,529,ASCFNMCAHFUBCO,ok,other_reactant,other_reactant,other_reactant,,,,not_registry_matched,not_assessable,False,1,1
ecoli,2sephchc_c,2-succinyl-5-enolpyruvyl-6-hydroxy-3-cyclohexene-1-carboxylate,2sephchc,C16519,CHEBI:50271;CHEBI:58818,MNXM1861,24883454,XYCATPIYKOARSZ,ok,other_reactant,other_reactant,other_reactant,,,,not_registry_matched,not_assessable,False,1,1
ecoli,2shchc_c,"2-Succinyl-6-hydroxy-2,4-cyclohexadiene-1-carboxylate",2shchc,,CHEBI:1277;CHEBI:57272,MNXM162721,5460447,QJYRAJSESKVEAE,ok,other_reactant,other_reactant,other_reactant,,,,not_registry_matched,not_assessable,False,1,1
ecoli,2tdec7eg3p_c,2-tetradec-7-enoyl-sn-glycerol 3-phosphate,2tdec7eg3p,,,MNXM5490,176454267,KKNDQWWVDATMLV,ok,other_reactant,other_reactant,other_reactant,,,,not_registry_matched,not_assessable,False,1,1
ecoli,2tdec7eg3p_p,2-tetradec-7-enoyl-sn-glycerol 3-phosphate,2tdec7eg3p,,,MNXM5490,176454267,KKNDQWWVDATMLV,ok,other_reactant,other_reactant,other_reactant,,,,not_registry_matched,not_assessable,False,1,1
ecoli,2tdecg3p_c,2-tetradecanoyl-sn-glycerol 3-phosphate,2tdecg3p,,,MNXM5491,,,missing_smiles,other_reactant,other_reactant,other_reactant,,,,not_registry_matched,not_assessable,False,1,1
ecoli,2tdecg3p_p,2-tetradecanoyl-sn-glycerol 3-phosphate,2tdecg3p,,,MNXM5491,,,missing_smiles,other_reactant,other_reactant,other_reactant,,,,not_registry_matched,not_assessable,False,1,1
ecoli,34dhpac_e,"3,4-Dihydroxyphenylacetaldehyde",34dhpac,C04043,CHEBI:1385;CHEBI:19888;CHEBI:27978,MNXM1401,119219,IADQVXRMSNIUEL,ok,other_reactant,other_reactant,other_reactant,,,,not_registry_matched,not_assessable,False,4,4
ecoli,34dhpac_p,"3,4-Dihydroxyphenylacetaldehyde",34dhpac,C04043,CHEBI:1385;CHEBI:19888;CHEBI:27978,MNXM1401,119219,IADQVXRMSNIUEL,ok,other_reactant,other_reactant,other_reactant,,,,not_registry_matched,not_assessable,False,4,4
ecoli,34dphacoa_c,"3,4-dihydroxyphenylacetyl-CoA",34dphacoa,,,,25203531,BWFUCVJSCADRJW,ok,carrier_linked_metabolite,carrier_linked_metabolite,carrier_linked_variable,,normalized_name:coa_linked,normalized_name,name_only,not_assessable,False,1,1
ecoli,34hpp_c,3-(4-Hydroxyphenyl)pyruvate,34hpp,C01179;C05350,CHEBI:1118;CHEBI:11725;CHEBI:11727;CHEBI:12016;CHEBI:1431;CHEBI:15999;CHEBI:19599;CHEBI:20425;CHEBI:20426;CHEBI:27683;CHEBI:36242;CHEBI:42422;CHEBI:594665,MNXM153,979,KKADPXVIOXHVKN,ok,other_reactant,other_reactant,other_reactant,,,,not_registry_matched,not_assessable,False,3,3
ecoli,35cgmp_c,"3',5'-Cyclic GMP",35cgmp,C00942,CHEBI:11675;CHEBI:1327;CHEBI:14377;CHEBI:16356;CHEBI:19829;CHEBI:39915;CHEBI:44955;CHEBI:44957;CHEBI:57746,MNXM665,135398570,ZOOGRGPOEVQQDX,ok,other_reactant,other_reactant,other_reactant,,,,not_registry_matched,not_assessable,False,1,1
ecoli,36dahx_c,"(3S)-3,6-Diaminohexanoate",36dahx,C01142,CHEBI:10885;CHEBI:15613;CHEBI:18564;CHEBI:206;CHEBI:57434,MNXM1865,439417,QKEWQOJCHPFEAF,ok,other_reactant,other_reactant,other_reactant,,,,not_registry_matched,not_assessable,False,1,1
ecoli,3amac_c,3-Aminoacrylate,3amac,C20253,CHEBI:59893;CHEBI:59894,MNXM162288,46173136,YTLYLLTVENPWFT,ok,other_reactant,other_reactant,other_reactant,,,,not_registry_matched,not_assessable,False,1,1
ecoli,3amp_e,3  AMP C10H12N5O7P,3amp,C01367,CHEBI:1333;CHEBI:22241;CHEBI:28931;CHEBI:40872;CHEBI:60880,MNXM1985,41211,LNQVTSROQXJCDD,ok,other_reactant,other_reactant,other_reactant,,,,not_registry_matched,not_assessable,False,4,4
ecoli,3amp_p,3  AMP C10H12N5O7P,3amp,C01367,CHEBI:1333;CHEBI:22241;CHEBI:28931;CHEBI:40872;CHEBI:60880,MNXM1985,41211,LNQVTSROQXJCDD,ok,other_reactant,other_reactant,other_reactant,,,,not_registry_matched,not_assessable,False,6,6
ecoli,3c2hmp_c,3-Carboxy-2-hydroxy-4-methylpentanoate,3c2hmp,C04411,CHEBI:11760;CHEBI:11843;CHEBI:15592;CHEBI:1565;CHEBI:20094;CHEBI:35114;CHEBI:35120;CHEBI:35121;CHEBI:35122;CHEBI:43465;CHEBI:43468,MNXM891,6419714,RNQHMTFBUSSBJQ,ok,other_reactant,other_reactant,other_reactant,,,,not_registry_matched,not_assessable,False,3,3
ecoli,3c3hmp_c,3-Carboxy-3-hydroxy-4-methylpentanoate,3c3hmp,C02504,CHEBI:1178;CHEBI:35128,MNXM985,6419727,BITYXLXUCSKTJS,ok,other_reactant,other_reactant,other_reactant,,,,not_registry_matched,not_assessable,False,1,1
ecoli,3c4mop_c,3-Carboxy-4-methyl-2-oxopentanoate,3c4mop,C04236,CHEBI:11765;CHEBI:1467;CHEBI:17214;CHEBI:19975,MNXM1602,5462259,HIIZAGQWABAMRR,ok,other_reactant,other_reactant,other_reactant,,,,not_registry_matched,not_assessable,False,1,1
ecoli,3cmp_e,3  CMP C9H12N3O8P,3cmp,C05822,CHEBI:1335;CHEBI:23517;CHEBI:28929;CHEBI:41345;CHEBI:41615;CHEBI:53013;CHEBI:60875,MNXM2182,66535,UOOOPKANIPLQPU,ok,other_reactant,other_reactant,other_reactant,,,,not_registry_matched,not_assessable,False,4,4
ecoli,3cmp_p,3  CMP C9H12N3O8P,3cmp,C05822,CHEBI:1335;CHEBI:23517;CHEBI:28929;CHEBI:41345;CHEBI:41615;CHEBI:53013;CHEBI:60875,MNXM2182,66535,UOOOPKANIPLQPU,ok,other_reactant,other_reactant,other_reactant,,,,not_registry_matched,not_assessable,False,7,7
ecoli,3dhguln_c,3-Dehydro-L-gulonate,3dhguln,C00618,CHEBI:11777;CHEBI:1482;CHEBI:16142;CHEBI:19992;CHEBI:57655,MNXM736,439273,WTAHRPBPWHCMHW,ok,other_reactant,other_reactant,other_reactant,,,,not_registry_matched,not_assessable,False,1,1
ecoli,3dhgulnp_c,3-keto-L-gulonate-6-phosphate,3dhgulnp,C14899,CHEBI:49039;CHEBI:58774,MNXM1170,11954078,BDUIIKXSXFDPEC,ok,other_reactant,other_reactant,other_reactant,,,,not_registry_matched,not_assessable,False,2,2
ecoli,3dhq_c,3-Dehydroquinate,3dhq,C00944,CHEBI:11781;CHEBI:12122;CHEBI:1487;CHEBI:17947;CHEBI:19997;CHEBI:32364;CHEBI:42078,MNXM478,439351,WVMWZWGZRAXUBK,ok,other_reactant,other_reactant,other_reactant,,,,not_registry_matched,not_assessable,False,1,1
ecoli,3dhsk_c,3-Dehydroshikimate,3dhsk,C02637,CHEBI:11782;CHEBI:12123;CHEBI:1488;CHEBI:16630;CHEBI:17841;CHEBI:19998;CHEBI:19999;CHEBI:2052;CHEBI:20566;CHEBI:30918;CHEBI:42005,MNXM611,5460360,SLWWJZMPHJJOPH,ok,other_reactant,other_reactant,other_reactant,,,,not_registry_matched,not_assessable,False,2,2
ecoli,3fe4s_c,[3Fe-4S] damaged iron-sulfur cluster,3fe4s,,,MNXM147396,,,missing_smiles,other_reactant,other_reactant,other_reactant,,,,not_registry_matched,not_assessable,False,1,1
ecoli,3gmp_e,Guanosine 3  phosphate C10H12N5O8P,3gmp,C06193,CHEBI:24447;CHEBI:28072;CHEBI:39948;CHEBI:42888;CHEBI:5567;CHEBI:60732,MNXM2183,135398727,ZDPUTNZENXVHJC,ok,other_reactant,other_reactant,other_reactant,,,,not_registry_matched,not_assessable,False,4,4
ecoli,3gmp_p,Guanosine 3  phosphate C10H12N5O8P,3gmp,C06193,CHEBI:24447;CHEBI:28072;CHEBI:39948;CHEBI:42888;CHEBI:5567;CHEBI:60732,MNXM2183,135398727,ZDPUTNZENXVHJC,ok,other_reactant,other_reactant,other_reactant,,,,not_registry_matched,not_assessable,False,6,6
ecoli,3haACP_c,(3R)-3-Hydroxyacyl-[acyl-carrier protein],3haACP,C01271,CHEBI:84648,MNXM5861,13548436,DUZIARBDEISQDQ,ok,other_reactant,other_reactant,other_reactant,,,,not_registry_matched,not_assessable,False,3,3
ecoli,3hadpcoa_c,(3S)-3-Hydroxyadipyl-CoA,3hadpcoa,C14145,CHEBI:132183;CHEBI:34002;CHEBI:70990;CHEBI:71038,MNXM2784,121225556,OTEACGAEDCIMBS,ok,carrier_linked_metabolite,carrier_linked_metabolite,carrier_linked_variable,,normalized_name:coa_linked,normalized_name,name_only,not_assessable,False,2,2
ecoli,3hbcoa_c,(S)-3-Hydroxybutanoyl-CoA,3hbcoa,C01144;C06000,CHEBI:11048;CHEBI:15453;CHEBI:18749;CHEBI:18753;CHEBI:28259;CHEBI:394;CHEBI:399;CHEBI:39978;CHEBI:57316;CHEBI:62611,MNXM446,9543037,QHHKKMYHDBRONY,ok,carrier_linked_metabolite,carrier_linked_metabolite,carrier_linked_variable,,normalized_name:coa_linked,normalized_name,name_only,not_assessable,False,4,4
ecoli,3hbzcoa_c,3-hydroxybenzoyl-CoA,3hbzcoa,,,,11966118,JTBCMZVWWNFUFR,ok,carrier_linked_metabolite,carrier_linked_metabolite,carrier_linked_variable,,normalized_name:coa_linked,normalized_name,name_only,not_assessable,False,1,1
ecoli,3hcddec5eACP_c,(R)-3-hydroxy-cis-dodec-5-enoyl-[acyl-carrier protein],3hcddec5eACP,,,MNXM5389,,,missing_smiles,other_reactant,other_reactant,other_reactant,,,,not_registry_matched,not_assessable,False,2,2
ecoli,3hcinnm_c,3-hydroxycinnamic acid,3hcinnm,C12621,CHEBI:32357;CHEBI:47925;CHEBI:47927;CHEBI:47928,MNXM1799,637541,KKSDGJDHHZEWEP,ok,other_reactant,other_reactant,other_reactant,,,,not_registry_matched,not_assessable,False,2,2
ecoli,3hcinnm_e,3-hydroxycinnamic acid,3hcinnm,C12621,CHEBI:32357;CHEBI:47925;CHEBI:47927;CHEBI:47928,MNXM1799,637541,KKSDGJDHHZEWEP,ok,other_reactant,other_reactant,other_reactant,,,,not_registry_matched,not_assessable,False,4,4
ecoli,3hcinnm_p,3-hydroxycinnamic acid,3hcinnm,C12621,CHEBI:32357;CHEBI:47925;CHEBI:47927;CHEBI:47928,MNXM1799,637541,KKSDGJDHHZEWEP,ok,other_reactant,other_reactant,other_reactant,,,,not_registry_matched,not_assessable,False,5,5
ecoli,3hcmrs7eACP_c,(R)-3-hydroxy-cis-myristol-7-eoyl-[acyl-carrier protein],3hcmrs7eACP,,,MNXM5390,,,missing_smiles,other_reactant,other_reactant,other_reactant,,,,not_registry_matched,not_assessable,False,2,2
ecoli,3hcpalm9eACP_c,(R)-3-hydroxy-cis-palm-9-eoyl-[acyl-carrier protein],3hcpalm9eACP,,,MNXM6556,,,missing_smiles,other_reactant,other_reactant,other_reactant,,,,not_registry_matched,not_assessable,False,2,2
ecoli,3hcvac11eACP_c,(R)-3-hydroxy-cis-vacc-11-enoyl-[acyl-carrier protein],3hcvac11eACP,,,MNXM6557,,,missing_smiles,other_reactant,other_reactant,other_reactant,,,,not_registry_matched,not_assessable,False,2,2
ecoli,3hdcoa_c,(S)-3-Hydroxydecanoyl-CoA,3hdcoa,C05264,CHEBI:18779;CHEBI:28325;CHEBI:418;CHEBI:62616,MNXM674,11966158,HIVSMYZAMUNFKZ,ok,carrier_linked_metabolite,carrier_linked_metabolite,carrier_linked_variable,,normalized_name:coa_linked,normalized_name,name_only,not_assessable,False,4,4
ecoli,3hddcoa_c,(S)-3-Hydroxydodecanoyl-CoA,3hddcoa,C05262,CHEBI:18751;CHEBI:27668;CHEBI:396;CHEBI:62558,MNXM733,11966173,IJFLXRCJWPKGKJ,ok,carrier_linked_metabolite,carrier_linked_metabolite,carrier_linked_variable,,normalized_name:coa_linked,normalized_name,name_only,not_assessable,False,4,4
ecoli,3hddecACP_c,(R)-3-Hydroxydodecanoyl-[acyl-carrier protein],3hddecACP,C05757,CHEBI:325,MNXM27066,171904439,QQRNVRGOJRHYNH,ok,other_reactant,other_reactant,other_reactant,,,,not_registry_matched,not_assessable,False,3,3
ecoli,3hdecACP_c,(R)-3-Hydroxydecanoyl-[acyl-carrier protein],3hdecACP,C04619,,MNXM7127,,,missing_smiles,other_reactant,other_reactant,other_reactant,,,,not_registry_matched,not_assessable,False,3,3
ecoli,3hhcoa_c,(S)-3-Hydroxyhexanoyl-CoA,3hhcoa,C05268,CHEBI:18780;CHEBI:28276;CHEBI:419;CHEBI:62075,MNXM757,11966160,VAAHKRMGOFIORX,ok,carrier_linked_metabolite,carrier_linked_metabolite,carrier_linked_variable,,normalized_name:coa_linked,normalized_name,name_only,not_assessable,False,4,4
ecoli,3hhdcoa_c,(S)-3-Hydroxyhexadecanoyl-CoA,3hhdcoa,C05258,CHEBI:18752;CHEBI:27402;CHEBI:397;CHEBI:62613,MNXM825,11966179,DEHLMTDDPWDRDR,ok,carrier_linked_metabolite,carrier_linked_metabolite,carrier_linked_variable,,normalized_name:coa_linked,normalized_name,name_only,not_assessable,False,4,4
ecoli,3hhexACP_c,(R)-3-Hydroxyhexanoyl-[acyl-carrier protein],3hhexACP,C05747,CHEBI:326,MNXM25370,139212383,SQSDFFHXRYEMNS,ok,other_reactant,other_reactant,other_reactant,,,,not_registry_matched,not_assessable,False,3,3
ecoli,3hmrsACP_c,(R)-3-Hydroxytetradecanoyl-[acyl-carrier protein],3hmrsACP,C04688,,MNXM7733,,,missing_smiles,other_reactant,other_reactant,other_reactant,,,,not_registry_matched,not_assessable,False,5,5
ecoli,3hocoa_c,(S)-3-Hydroxyoctanoyl-CoA,3hocoa,C05266,CHEBI:18750;CHEBI:18781;CHEBI:27800;CHEBI:28632;CHEBI:395;CHEBI:420;CHEBI:62617,MNXM766,11966216,ATVGTMKWKDUCMS,ok,carrier_linked_metabolite,carrier_linked_metabolite,carrier_linked_variable,,normalized_name:coa_linked,normalized_name,name_only,not_assessable,False,4,4
ecoli,3hoctACP_c,(R)-3-Hydroxyoctanoyl-[acyl-carrier protein],3hoctACP,C04620,,MNXM10019,,,missing_smiles,other_reactant,other_reactant,other_reactant,,,,not_registry_matched,not_assessable,False,3,3
ecoli,3hoctaACP_c,(R)-3-Hydroxyoctadecanoyl-[acyl-carrier protein],3hoctaACP,C16220,,MNXM6417,45588463,QKRVOGZPQVCVPZ,ok,other_reactant,other_reactant,other_reactant,,,,not_registry_matched,not_assessable,False,3,3
ecoli,3hodcoa_c,(S)-3-Hydroxyoctadecanoyl-CoA,3hodcoa,,CHEBI:50577;CHEBI:87561,MNXM31746,24906334,WZMAIEGYXCOYSH,ok,carrier_linked_metabolite,carrier_linked_metabolite,carrier_linked_variable,,normalized_name:coa_linked,normalized_name,name_only,not_assessable,False,4,4
ecoli,3hpalmACP_c,R-3-hydroxypalmitoyl-[acyl-carrier protein],3hpalmACP,C04633,,MNXM2576,,,missing_smiles,other_reactant,other_reactant,other_reactant,,,,not_registry_matched,not_assessable,False,3,3
ecoli,3hpp_e,3-Hydroxypropanoate,3hpp,C01013,CHEBI:11836;CHEBI:1553;CHEBI:16510;CHEBI:20071;CHEBI:20079;CHEBI:33404;CHEBI:40000,MNXM872,5459847,ALRHLSYJTWAHJZ,ok,other_reactant,other_reactant,other_reactant,,,,not_registry_matched,not_assessable,False,4,4
ecoli,3hpp_p,3-Hydroxypropanoate,3hpp,C01013,CHEBI:11836;CHEBI:1553;CHEBI:16510;CHEBI:20071;CHEBI:20079;CHEBI:33404;CHEBI:40000,MNXM872,5459847,ALRHLSYJTWAHJZ,ok,other_reactant,other_reactant,other_reactant,,,,not_registry_matched,not_assessable,False,4,4
ecoli,3hppnl_c,3-Hydroxypropanal,3hppnl,C00969,CHEBI:11835;CHEBI:1552;CHEBI:17871;CHEBI:20078,MNXM1526,75049,AKXKFZDCRYJKTF,ok,other_reactant,other_reactant,other_reactant,,,,not_registry_matched,not_assessable,False,2,2
ecoli,3hpppn_c,3-(3-hydroxy-phenyl)propionate,3hpppn,C11457,CHEBI:1427;CHEBI:57277,MNXM1634,91,QVWAEZJXDYOKEH,ok,other_reactant,other_reactant,other_reactant,,,,not_registry_matched,not_assessable,False,2,2
ecoli,3hpppn_e,3-(3-hydroxy-phenyl)propionate,3hpppn,C11457,CHEBI:1427;CHEBI:57277,MNXM1634,91,QVWAEZJXDYOKEH,ok,other_reactant,other_reactant,other_reactant,,,,not_registry_matched,not_assessable,False,4,4
ecoli,3hpppn_p,3-(3-hydroxy-phenyl)propionate,3hpppn,C11457,CHEBI:1427;CHEBI:57277,MNXM1634,91,QVWAEZJXDYOKEH,ok,other_reactant,other_reactant,other_reactant,,,,not_registry_matched,not_assessable,False,5,5
ecoli,3htdcoa_c,(S)-3-Hydroxytetradecanoyl-CoA,3htdcoa,C05260,CHEBI:18754;CHEBI:27466;CHEBI:400;CHEBI:62614,MNXM767,11966177,OXBHKMHNDGRDCZ,ok,carrier_linked_metabolite,carrier_linked_metabolite,carrier_linked_variable,,normalized_name:coa_linked,normalized_name,name_only,not_assessable,False,4,4
ecoli,3ig3p_c,C'-(3-Indolyl)-glycerol 3-phosphate,3ig3p,C03506,CHEBI:51793;CHEBI:58866,MNXM866,444150,NQEQTYPJSIEPHW,ok,other_reactant,other_reactant,other_reactant,,,,not_registry_matched,not_assessable,False,2,2
ecoli,3mob_c,3-Methyl-2-oxobutanoate,3mob,C00141,CHEBI:11851;CHEBI:132177;CHEBI:1584;CHEBI:16530;CHEBI:20115;CHEBI:43714,MNXM238,5204641,QHKABHOOEWYVLI,ok,other_reactant,other_reactant,other_reactant,,,,not_registry_matched,not_assessable,False,4,4
ecoli,3mop_c,(S)-3-Methyl-2-oxopentanoate,3mop,C00671,CHEBI:10888;CHEBI:11049;CHEBI:15614;CHEBI:18567;CHEBI:18568;CHEBI:18755;CHEBI:213;CHEBI:35146;CHEBI:401,MNXM439,439286,JVQYSWDUAOAHFM,ok,other_reactant,other_reactant,other_reactant,,,,not_registry_matched,not_assessable,False,1,1
ecoli,3ocddec5eACP_c,3-oxo-cis-dodec-5-enoyl-[acyl-carrier protein],3ocddec5eACP,,,MNXM6837,,,missing_smiles,other_reactant,other_reactant,other_reactant,,,,not_registry_matched,not_assessable,False,1,1
ecoli,3ocmrs7eACP_c,3-oxo-cis-myristol-7-eoyl-[acyl-carrier protein],3ocmrs7eACP,,,MNXM6838,,,missing_smiles,other_reactant,other_reactant,other_reactant,,,,not_registry_matched,not_assessable,False,1,1
ecoli,3ocpalm9eACP_c,3-oxo-cis-palm-9-eoyl-[acyl-carrier protein],3ocpalm9eACP,,,MNXM6839,,,missing_smiles,other_reactant,other_reactant,other_reactant,,,,not_registry_matched,not_assessable,False,1,1
ecoli,3ocvac11eACP_c,3-oxo-cis-vacc-11-enoyl-[acyl-carrier protein],3ocvac11eACP,,,MNXM6840,,,missing_smiles,other_reactant,other_reactant,other_reactant,,,,not_registry_matched,not_assessable,False,1,1
ecoli,3odcoa_c,3-Oxodecanoyl-CoA,3odcoa,C05265,CHEBI:1633;CHEBI:20166;CHEBI:28528;CHEBI:62548,MNXM677,11966155,AZCVXMAPLHSIKY,ok,carrier_linked_metabolite,carrier_linked_metabolite,carrier_linked_variable,,normalized_name:coa_linked,normalized_name,name_only,not_assessable,False,2,2
ecoli,3oddcoa_c,3-Oxododecanoyl-CoA,3oddcoa,C05263,CHEBI:1636;CHEBI:20169;CHEBI:27868;CHEBI:62615,MNXM705,11966169,HQANBZHVWIDNQZ,ok,carrier_linked_metabolite,carrier_linked_metabolite,carrier_linked_variable,,normalized_name:coa_linked,normalized_name,name_only,not_assessable,False,2,2
ecoli,3oddecACP_c,3-Oxododecanoyl-[acyl-carrier protein],3oddecACP,C05756,CHEBI:1637,MNXM28933,,,inchikey_unavailable,other_reactant,other_reactant,other_reactant,,,,not_registry_matched,not_assessable,False,1,1
ecoli,3odecACP_c,3-Oxodecanoyl-[acyl-carrier protein],3odecACP,C05753,CHEBI:1634,MNXM26616,,,inchikey_unavailable,other_reactant,other_reactant,other_reactant,,,,not_registry_matched,not_assessable,False,1,1
ecoli,3ohcoa_c,3-Oxohexanoyl-CoA,3ohcoa,C05269,CHEBI:1641;CHEBI:20172;CHEBI:27648;CHEBI:62418,MNXM717,3082152,NFOYYXQAVVYWKV,ok,carrier_linked_metabolite,carrier_linked_metabolite,carrier_linked_variable,,normalized_name:coa_linked,normalized_name,name_only,not_assessable,False,4,4
ecoli,3ohdcoa_c,3-Oxohexadecanoyl-CoA,3ohdcoa,C05259,CHEBI:11875;CHEBI:15491;CHEBI:1647;CHEBI:20176;CHEBI:57349,MNXM738,169621,NQMPLXPCRJOSHL,ok,carrier_linked_metabolite,carrier_linked_metabolite,carrier_linked_variable,,normalized_name:coa_linked,normalized_name,name_only,not_assessable,False,2,2
ecoli,3ohexACP_c,3-Oxohexanoyl-[acyl-carrier protein],3ohexACP,C05746,CHEBI:1642,MNXM25602,,,inchikey_unavailable,other_reactant,other_reactant,other_reactant,,,,not_registry_matched,not_assessable,False,1,1
ecoli,3ohodcoa_c,3-Oxooctadecanoyl-CoA,3ohodcoa,C16216,CHEBI:50571;CHEBI:71407,MNXM513,22833664,LGOGWHDPDVAUNY,ok,carrier_linked_metabolite,carrier_linked_metabolite,carrier_linked_variable,,normalized_name:coa_linked,normalized_name,name_only,not_assessable,False,4,4
ecoli,3omrsACP_c,3-Oxotetradecanoyl-[acyl-carrier protein],3omrsACP,C05759,CHEBI:1655,MNXM26095,,,inchikey_unavailable,other_reactant,other_reactant,other_reactant,,,,not_registry_matched,not_assessable,False,1,1
ecoli,3oocoa_c,3-Oxooctanoyl-CoA,3oocoa,C05267,CHEBI:1645;CHEBI:20175;CHEBI:28264;CHEBI:62619,MNXM706,11966162,WPIVBCGRGVNDDT,ok,carrier_linked_metabolite,carrier_linked_metabolite,carrier_linked_variable,,normalized_name:coa_linked,normalized_name,name_only,not_assessable,False,2,2
ecoli,3ooctACP_c,3-Oxooctanoyl-[acyl-carrier protein],3ooctACP,C05750,CHEBI:1646,MNXM28031,,,inchikey_unavailable,other_reactant,other_reactant,other_reactant,,,,not_registry_matched,not_assessable,False,1,1
ecoli,3ooctdACP_c,3-Oxooctadecanoyl-[acyl-carrier protein],3ooctdACP,,,MNXM3491,,,missing_smiles,other_reactant,other_reactant,other_reactant,,,,not_registry_matched,not_assessable,False,1,1
ecoli,3opalmACP_c,3-Oxohexadecanoyl-[acyl-carrier protein],3opalmACP,C05762,CHEBI:1639,MNXM4345,,,inchikey_unavailable,other_reactant,other_reactant,other_reactant,,,,not_registry_matched,not_assessable,False,1,1
ecoli,3ophb_c,3-Octaprenyl-4-hydroxybenzoate,3ophb,C05809,CHEBI:1617;CHEBI:50116,MNXM2195,54685638,UTIBHEBNILDQKX,ok,other_reactant,other_reactant,other_reactant,,,,not_registry_matched,not_assessable,False,1,1
ecoli,3otdcoa_c,3-Oxotetradecanoyl-CoA,3otdcoa,C05261,CHEBI:1654;CHEBI:20183;CHEBI:28726;CHEBI:62543,MNXM707,11966197,IQNFBGHLIVBNOU,ok,carrier_linked_metabolite,carrier_linked_metabolite,carrier_linked_variable,,normalized_name:coa_linked,normalized_name,name_only,not_assessable,False,2,2
ecoli,3oxdhscoa_c,"3-oxo-5,6-dehydrosuberyl-CoA",3oxdhscoa,C19945,CHEBI:63253;CHEBI:63255,MNXM3852,56927757,IFFFDKYRRUVOFP,ok,carrier_linked_metabolite,carrier_linked_metabolite,carrier_linked_variable,,normalized_name:coa_linked,normalized_name,name_only,not_assessable,False,1,1
ecoli,3pg_c,3-Phospho-D-glycerate,3pg,C00197,CHEBI:11879;CHEBI:11880;CHEBI:12987;CHEBI:1657;CHEBI:17794;CHEBI:21029;CHEBI:58272,MNXM126,439183,OSJPPGNTCRNQQC,ok,other_reactant,other_reactant,other_reactant,,,,not_registry_matched,not_assessable,False,4,4
ecoli,3php_c,3-Phosphohydroxypyruvate,3php,C03232,CHEBI:11883;CHEBI:11884;CHEBI:1661;CHEBI:18110;CHEBI:20191;CHEBI:20192;CHEBI:30933,MNXM541,5460375,LFLUCDOSQPJJBE,ok,other_reactant,other_reactant,other_reactant,,,,not_registry_matched,not_assessable,False,2,2
ecoli,3psme_c,5-O-(1-Carboxyvinyl)-3-phosphoshikimate,3psme,C01269,CHEBI:12094;CHEBI:12097;CHEBI:16257;CHEBI:20533;CHEBI:2104;CHEBI:57701,MNXM1365,439463,QUTYKIXIUDQOLK,ok,other_reactant,other_reactant,other_reactant,,,,not_registry_matched,not_assessable,False,2,2
ecoli,3sala_c,3-Sulfino-L-alanine,3sala,C00606,CHEBI:11888;CHEBI:11889;CHEBI:16345;CHEBI:1664;CHEBI:21271;CHEBI:224037;CHEBI:41618;CHEBI:41721;CHEBI:61085;CHEBI:8973,MNXM498,1549098,ADVPTQAUNPRNPO,ok,other_reactant,other_reactant,other_reactant,,,,not_registry_matched,not_assessable,False,2,2
ecoli,3ump_e,3  UMP C9H11N2O9P,3ump,C01368,CHEBI:1361;CHEBI:27229;CHEBI:28895;CHEBI:46259;CHEBI:556513;CHEBI:60784,MNXM2184,101543,FOGRQMPFHUHIGU,ok,other_reactant,other_reactant,other_reactant,,,,not_registry_matched,not_assessable,False,4,4
ecoli,3ump_p,3  UMP C9H11N2O9P,3ump,C01368,CHEBI:1361;CHEBI:27229;CHEBI:28895;CHEBI:46259;CHEBI:556513;CHEBI:60784,MNXM2184,101543,FOGRQMPFHUHIGU,ok,other_reactant,other_reactant,other_reactant,,,,not_registry_matched,not_assessable,False,6,6
ecoli,4abut_c,4-Aminobutanoate,4abut,C00334,CHEBI:11961;CHEBI:16865;CHEBI:1786;CHEBI:193777;CHEBI:20317;CHEBI:20318;CHEBI:30566;CHEBI:40483;CHEBI:59888,MNXM192,119,BTCSSZJGUNDROE,ok,other_reactant,other_reactant,other_reactant,,,,not_registry_matched,not_assessable,False,3,3
ecoli,4abut_e,4-Aminobutanoate,4abut,C00334,CHEBI:11961;CHEBI:16865;CHEBI:1786;CHEBI:193777;CHEBI:20317;CHEBI:20318;CHEBI:30566;CHEBI:40483;CHEBI:59888,MNXM192,119,BTCSSZJGUNDROE,ok,other_reactant,other_reactant,other_reactant,,,,not_registry_matched,not_assessable,False,4,4
ecoli,4abut_p,4-Aminobutanoate,4abut,C00334,CHEBI:11961;CHEBI:16865;CHEBI:1786;CHEBI:193777;CHEBI:20317;CHEBI:20318;CHEBI:30566;CHEBI:40483;CHEBI:59888,MNXM192,119,BTCSSZJGUNDROE,ok,other_reactant,other_reactant,other_reactant,,,,not_registry_matched,not_assessable,False,6,6
ecoli,4abutn_c,4-Aminobutanal,4abutn,C00555,CHEBI:11960;CHEBI:17769;CHEBI:1785;CHEBI:20316;CHEBI:58264,MNXM422,118,DZQLQEYLEYWJIB,ok,other_reactant,other_reactant,other_reactant,,,,not_registry_matched,not_assessable,False,1,1
ecoli,4abz_c,4-Aminobenzoate,4abz,C00568,CHEBI:113372;CHEBI:11959;CHEBI:1783;CHEBI:17836;CHEBI:20314;CHEBI:20315;CHEBI:30753;CHEBI:44778,MNXM421,4876,ALYNCZNDIQEVRV,ok,other_reactant,other_reactant,other_reactant,,,,not_registry_matched,not_assessable,False,2,2
ecoli,4abzglu_c,4-aminobenzoyl-glutamate,4abzglu,,,,25202539,GADGMZDHLQLZRI,ok,other_reactant,other_reactant,other_reactant,,,,not_registry_matched,not_assessable,False,2,2
ecoli,4abzglu_e,4-aminobenzoyl-glutamate,4abzglu,,,,25202539,GADGMZDHLQLZRI,ok,other_reactant,other_reactant,other_reactant,,,,not_registry_matched,not_assessable,False,4,4
ecoli,4abzglu_p,4-aminobenzoyl-glutamate,4abzglu,,,,25202539,GADGMZDHLQLZRI,ok,other_reactant,other_reactant,other_reactant,,,,not_registry_matched,not_assessable,False,5,5
ecoli,4adcho_c,4-amino-4-deoxychorismate,4adcho,C11355,CHEBI:11956;CHEBI:18198;CHEBI:1943;CHEBI:35180;CHEBI:35181;CHEBI:58406,MNXM1458,443142,OIUJHGOLFKDBSU,ok,other_reactant,other_reactant,other_reactant,,,,not_registry_matched,not_assessable,False,2,2
ecoli,4ahmmp_c,4-Amino-5-hydroxymethyl-2-methylpyrimidine,4ahmmp,C01279,CHEBI:11957;CHEBI:16892;CHEBI:1781;CHEBI:20312;CHEBI:43206,MNXM874,777,VUTBELPREDJDDH,ok,other_reactant,other_reactant,other_reactant,,,,not_registry_matched,not_assessable,False,2,2
ecoli,4ampm_c,4-Amino-2-methyl-5-phosphomethylpyrimidine,4ampm,C04556,CHEBI:11954;CHEBI:11958;CHEBI:1779;CHEBI:18032;CHEBI:20309;CHEBI:44219;CHEBI:58354,MNXM790,216,PKYFHKIYHBRTPI,ok,other_reactant,other_reactant,other_reactant,,,,not_registry_matched,not_assessable,False,1,1
ecoli,4c2me_c,4-(cytidine 5'-diphospho)-2-C-methyl-D-erythritol,4c2me,C11435,CHEBI:11938;CHEBI:16578;CHEBI:1770;CHEBI:57823,MNXM1642,443199,YFAUKWZNPVBCFF,ok,other_reactant,other_reactant,other_reactant,,,,not_registry_matched,not_assessable,False,1,1
ecoli,4fe4s_c,[4Fe-4S] iron-sulfur cluster,4fe4s,,CHEBI:33725,MNXM37766,6398953,RWSOTUBLDIXVET,ok,other_reactant,other_reactant,other_reactant,,,,not_registry_matched,not_assessable,False,3,3
ecoli,4h2opntn_c,4-Hydroxy-2-oxopentanoate,4h2opntn,C03589,CHEBI:11994;CHEBI:17655;CHEBI:1840;CHEBI:20377;CHEBI:58222,MNXM1176,124,HFKQINMYQUXOCH,ok,other_reactant,other_reactant,other_reactant,,,,not_registry_matched,not_assessable,False,1,1
ecoli,4hbz_c,4-Hydroxybenzoate,4hbz,C00156,CHEBI:12003;CHEBI:17879;CHEBI:1858;CHEBI:20397;CHEBI:20398;CHEBI:30763;CHEBI:44949,MNXM164,54675830,FJKROLUGYXJWQN,ok,other_reactant,other_reactant,other_reactant,,,,not_registry_matched,not_assessable,False,2,2
ecoli,4hoxpacd_e,4-Hydroxyphenylacetaldehyde,4hoxpacd,C03765,CHEBI:10899;CHEBI:12012;CHEBI:15621;CHEBI:1872;CHEBI:20417,MNXM479,440113,IPRPPFIAVHPVJH,ok,other_reactant,other_reactant,other_reactant,,,,not_registry_matched,not_assessable,False,4,4
ecoli,4hoxpacd_p,4-Hydroxyphenylacetaldehyde,4hoxpacd,C03765,CHEBI:10899;CHEBI:12012;CHEBI:15621;CHEBI:1872;CHEBI:20417,MNXM479,440113,IPRPPFIAVHPVJH,ok,other_reactant,other_reactant,other_reactant,,,,not_registry_matched,not_assessable,False,4,4
ecoli,4hthr_c,4-Hydroxy-L-threonine,4hthr,C06056,CHEBI:1853;CHEBI:20393;CHEBI:28330;CHEBI:60904,MNXM1802,193577,JBNUARFQOCGDRK,ok,other_reactant,other_reactant,other_reactant,,,,not_registry_matched,not_assessable,False,2,2
ecoli,4mhetz_c,4-Methyl-5-(2-hydroxyethyl)-thiazole,4mhetz,C04294,CHEBI:12021;CHEBI:12022;CHEBI:12086;CHEBI:17957;CHEBI:2011;CHEBI:20522;CHEBI:46320,MNXM962,1136,BKAWJIRCKVUVED,ok,other_reactant,other_reactant,other_reactant,,,,not_registry_matched,not_assessable,False,1,1
ecoli,4mop_c,4-Methyl-2-oxopentanoate,4mop,C00233,CHEBI:12020;CHEBI:17865;CHEBI:1891;CHEBI:20438;CHEBI:41619;CHEBI:48430,MNXM404,3527278,BKAJNAXTPSGJCU,ok,other_reactant,other_reactant,other_reactant,,,,not_registry_matched,not_assessable,False,2,2
ecoli,4mpetz_c,4-Methyl-5-(2-phosphoethyl)-thiazole,4mpetz,C04327,CHEBI:12023;CHEBI:12024;CHEBI:17857;CHEBI:1892;CHEBI:20439;CHEBI:30638;CHEBI:46182;CHEBI:58296,MNXM960,1137,OCYMERZCMYJQQO,ok,other_reactant,other_reactant,other_reactant,,,,not_registry_matched,not_assessable,False,1,1
ecoli,4pasp_c,4-Phospho-L-aspartate,4pasp,C03082,CHEBI:12042;CHEBI:13062;CHEBI:15836;CHEBI:1925;CHEBI:20471;CHEBI:20472;CHEBI:21246;CHEBI:30407;CHEBI:57535,MNXM1177,152441,IXZNKTPIYKDIGG,ok,other_reactant,other_reactant,other_reactant,,,,not_registry_matched,not_assessable,False,4,4
ecoli,4per_c,4-Phospho-D-erythronate,4per,C03393,CHEBI:1924;CHEBI:41926;CHEBI:49003;CHEBI:49055;CHEBI:58766,MNXM1407,449304,ZCZXOHUILRHRQJ,ok,other_reactant,other_reactant,other_reactant,,,,not_registry_matched,not_assessable,False,1,1
ecoli,4ppan_c,D-4'-Phosphopantothenate,4ppan,C03492,CHEBI:10986;CHEBI:12886;CHEBI:15905;CHEBI:18702;CHEBI:20891;CHEBI:4082,MNXM415,16755653,XHFVGHPGDLDEQO,ok,other_reactant,other_reactant,other_reactant,,,,not_registry_matched,not_assessable,False,1,1
ecoli,4ppcys_c,N-((R)-4-Phosphopantothenoyl)-L-cysteine,4ppcys,C04352,CHEBI:10987;CHEBI:12438;CHEBI:15769;CHEBI:21461;CHEBI:328;CHEBI:57507;CHEBI:59458,MNXM483,440304,XQYALQVLCNHCFT,ok,other_reactant,other_reactant,other_reactant,,,,not_registry_matched,not_assessable,False,1,1
ecoli,4r5au_c,4-(1-D-Ribitylamino)-5-aminouracil,4r5au,C04732,CHEBI:11929;CHEBI:15934;CHEBI:1761;CHEBI:20283;CHEBI:52403;CHEBI:57573,MNXM791,193516,XKQZIXVJVUPORE,ok,other_reactant,other_reactant,other_reactant,,,,not_registry_matched,not_assessable,False,1,1
ecoli,56dura_c,"5,6-dihydrouracil",56dura,C00429,CHEBI:12078;CHEBI:15901;CHEBI:19360;CHEBI:1999;CHEBI:20511;CHEBI:28622;CHEBI:42107;CHEBI:921,MNXM506,649,OIVLITBTBDPEFK,ok,other_reactant,other_reactant,other_reactant,,,,not_registry_matched,not_assessable,False,1,1
ecoli,5aizc_c,5-amino-1-(5-phospho-D-ribosyl)imidazole-4-carboxylate,5aizc,C04751,CHEBI:12103;CHEBI:18968;CHEBI:28413;CHEBI:41336;CHEBI:43272;CHEBI:575;CHEBI:58564;CHEBI:77657,MNXM507,165388,XFVULMDJZXYMSG,ok,other_reactant,other_reactant,other_reactant,,,,not_registry_matched,not_assessable,False,2,2
ecoli,5aop_c,5-Amino-4-oxopentanoate,5aop,C00430,CHEBI:12109;CHEBI:132970;CHEBI:17549;CHEBI:2034;CHEBI:20547;CHEBI:356416,MNXM405,16722119,ZGXJTSGNIOSYLO,ok,other_reactant,other_reactant,other_reactant,,,,not_registry_matched,not_assessable,False,2,2
ecoli,5aprbu_c,5-Amino-6-(5'-phosphoribitylamino)uracil,5aprbu,C04454,CHEBI:12107;CHEBI:18247;CHEBI:2031;CHEBI:58421,MNXM1178,18666812,RQRINYISXYAZKL,ok,other_reactant,other_reactant,other_reactant,,,,not_registry_matched,not_assessable,False,2,2
ecoli,5apru_c,5-Amino-6-(5'-phosphoribosylamino)uracil,5apru,C01268,CHEBI:12108;CHEBI:18337;CHEBI:2032;CHEBI:20546;CHEBI:58453;CHEBI:59550;CHEBI:59551,MNXM1532,439462,LZEXYCAGPMYXLX,ok,other_reactant,other_reactant,other_reactant,,,,not_registry_matched,not_assessable,False,1,1
ecoli,5caiz_c,5-phosphoribosyl-5-carboxyaminoimidazole,5caiz,C15667,CHEBI:48000;CHEBI:58730,MNXM1409,23657851,JHLXDWGVSYMXPL,ok,other_reactant,other_reactant,other_reactant,,,,not_registry_matched,not_assessable,False,1,1
ecoli,5dglcn_c,5-Dehydro-D-gluconate,5dglcn,C01062,CHEBI:12120;CHEBI:12121;CHEBI:17426;CHEBI:2051;CHEBI:20564;CHEBI:58143,MNXM963,5460352,IZSRJDGCGRAUAR,ok,other_reactant,other_reactant,other_reactant,,,,not_registry_matched,not_assessable,False,6,6
ecoli,5dglcn_e,5-Dehydro-D-gluconate,5dglcn,C01062,CHEBI:12120;CHEBI:12121;CHEBI:17426;CHEBI:2051;CHEBI:20564;CHEBI:58143,MNXM963,5460352,IZSRJDGCGRAUAR,ok,other_reactant,other_reactant,other_reactant,,,,not_registry_matched,not_assessable,False,4,4
ecoli,5dglcn_p,5-Dehydro-D-gluconate,5dglcn,C01062,CHEBI:12120;CHEBI:12121;CHEBI:17426;CHEBI:2051;CHEBI:20564;CHEBI:58143,MNXM963,5460352,IZSRJDGCGRAUAR,ok,other_reactant,other_reactant,other_reactant,,,,not_registry_matched,not_assessable,False,5,5
ecoli,5dh4dglc_c,5-Dehydro-4-deoxy-D-glucarate,5dh4dglc,C00679,CHEBI:12117;CHEBI:16369;CHEBI:2048;CHEBI:20561;CHEBI:35453;CHEBI:35454;CHEBI:42815;CHEBI:42819;CHEBI:43704,MNXM854,439290,QUURPCHWPQNNGL,ok,other_reactant,other_reactant,other_reactant,,,,not_registry_matched,not_assessable,False,1,1
ecoli,5fthf_c,5-Formyltetrahydrofolate,5fthf,C03479,CHEBI:12127;CHEBI:15640;CHEBI:18607;CHEBI:2057;CHEBI:57457;CHEBI:63606;CHEBI:65340,MNXM1392,135403648,VVIAGPKUTFNRDU,ok,other_reactant,other_reactant,other_reactant,,,,not_registry_matched,not_assessable,False,1,1
ecoli,5mta_c,5-Methylthioadenosine,5mta,C00170,CHEBI:12055;CHEBI:12064;CHEBI:12771;CHEBI:14605;CHEBI:17509;CHEBI:18175;CHEBI:1966;CHEBI:1986;CHEBI:20491;CHEBI:20494;CHEBI:44181,MNXM150,439176,WUUGFSXJNOTRMR,ok,other_reactant,other_reactant,other_reactant,,,,not_registry_matched,not_assessable,False,1,1
ecoli,5mthf_c,5-Methyltetrahydrofolate,5mthf,C00440,CHEBI:12146;CHEBI:136009;CHEBI:15641;CHEBI:18608;CHEBI:20612;CHEBI:2097,MNXM318,,ZNOVTXRBGFNYRX,ok,other_reactant,other_reactant,other_reactant,,,,not_registry_matched,not_assessable,False,2,2
ecoli,5mtr_e,5-Methylthio-D-ribose,5mtr,C03089,CHEBI:12148;CHEBI:16895;CHEBI:2101;CHEBI:22007;CHEBI:57941;CHEBI:78440,MNXM1592,6419710,ACWASDPGAVYCNI,ok,other_reactant,other_reactant,other_reactant,,,,not_registry_matched,not_assessable,False,4,4
ecoli,5mtr_p,5-Methylthio-D-ribose,5mtr,C03089,CHEBI:12148;CHEBI:16895;CHEBI:2101;CHEBI:22007;CHEBI:57941;CHEBI:78440,MNXM1592,6419710,ACWASDPGAVYCNI,ok,other_reactant,other_reactant,other_reactant,,,,not_registry_matched,not_assessable,False,4,4
ecoli,5pg35pg_c,5-Phosphoguanylyl(3->5)guanosine,5pg35pg,C18076,CHEBI:48622;CHEBI:58754,MNXM4772,135566597,ZEHOHLFQOXAZHX,ok,other_reactant,other_reactant,other_reactant,,,,not_registry_matched,not_assessable,False,1,1
ecoli,5phdt_c,Phenylhydantoin,5phdt,,,,1002,NXQJDVBMMRCKQG,ok,other_reactant,other_reactant,other_reactant,,,,not_registry_matched,not_assessable,False,1,1
ecoli,5prdmbz_c,"N1-(5-Phospho-alpha-D-ribosyl)-5,6-dimethylbenzimidazole",5prdmbz,C04778,CHEBI:12622;CHEBI:16837;CHEBI:21797;CHEBI:30599;CHEBI:45218;CHEBI:45255;CHEBI:45256;CHEBI:57918;CHEBI:7355,MNXM1224,444941,ZMRGXEJKZPRBPJ,ok,other_reactant,other_reactant,other_reactant,,,,not_registry_matched,not_assessable,False,1,1
ecoli,6hmhpt_c,6-hydroxymethyl dihydropterin,6hmhpt,C01300,CHEBI:1003;CHEBI:11511;CHEBI:17083;CHEBI:19456;CHEBI:44841,MNXM937,135398568,CQQNNQTXUGLUEV,ok,other_reactant,other_reactant,other_reactant,,,,not_registry_matched,not_assessable,False,2,2
ecoli,6hmhptpp_c,6-hydroxymethyl-dihydropterin pyrophosphate,6hmhptpp,C04807,CHEBI:1011;CHEBI:11512;CHEBI:11517;CHEBI:15998;CHEBI:19465;CHEBI:57602;CHEBI:72950;CHEBI:73083,MNXM1160,135398612,FCQGJGLSOWZZON,ok,other_reactant,other_reactant,other_reactant,,,,not_registry_matched,not_assessable,False,1,1
ecoli,6pgc_c,6-Phospho-D-gluconate,6pgc,C00345,CHEBI:12232;CHEBI:16863;CHEBI:2231;CHEBI:33851;CHEBI:40282;CHEBI:48928;CHEBI:58759,MNXM325,5459869,BIRSGZKFKXLSJQ,ok,other_reactant,other_reactant,other_reactant,,,,not_registry_matched,not_assessable,False,4,4
ecoli,6pgg_c,"6-Phospho-beta-D-glucosyl-(1,4)-D-glucose",6pgg,,,MNXM147389,5459947,ITPHOIFCAFNCLL,ok,other_reactant,other_reactant,other_reactant,,,,not_registry_matched,not_assessable,False,3,3
ecoli,6pgl_c,"6-phospho-D-glucono-1,5-lactone",6pgl,C01236,CHEBI:12233;CHEBI:12958;CHEBI:16938;CHEBI:20989;CHEBI:4160;CHEBI:57955,MNXM429,439452,IJOJIVNDFQSGAB,ok,other_reactant,other_reactant,other_reactant,,,,not_registry_matched,not_assessable,False,2,2
ecoli,8aonn_c,8-Amino-7-oxononanoate,8aonn,C01092,CHEBI:12266;CHEBI:15830;CHEBI:20808;CHEBI:2308;CHEBI:57532,MNXM1141,5460197,GUAHPAJOXVYFON,ok,other_reactant,other_reactant,other_reactant,,,,not_registry_matched,not_assessable,False,1,1
ecoli,ACP_c,Acyl carrier protein,ACP,C00229,CHEBI:14405;CHEBI:18359;CHEBI:2458,MNXM925,,,inchikey_unavailable,other_reactant,other_reactant,other_reactant,,,,not_registry_matched,not_assessable,False,12,12
ecoli,LalaDgluMdapDala_c,"L-alanine-D-glutamate-meso-2,6-diaminoheptanedioate-D-alanine",LalaDgluMdapDala,,,MNXM59271,,BAPAFFOXTCMVCC,ok,other_reactant,other_reactant,other_reactant,,,,not_registry_matched,not_assessable,False,2,2
ecoli,LalaDgluMdapDala_e,"L-alanine-D-glutamate-meso-2,6-diaminoheptanedioate-D-alanine",LalaDgluMdapDala,,,MNXM59271,,BAPAFFOXTCMVCC,ok,other_reactant,other_reactant,other_reactant,,,,not_registry_matched,not_assessable,False,4,4
ecoli,LalaDgluMdapDala_p,"L-alanine-D-glutamate-meso-2,6-diaminoheptanedioate-D-alanine",LalaDgluMdapDala,,,MNXM59271,,BAPAFFOXTCMVCC,ok,other_reactant,other_reactant,other_reactant,,,,not_registry_matched,not_assessable,False,7,7
ecoli,LalaDgluMdap_c,"L-alanine-D-glutamate-meso-2,6-diaminoheptanedioate",LalaDgluMdap,,,MNXM90242,,,missing_smiles,other_reactant,other_reactant,other_reactant,,,,not_registry_matched,not_assessable,False,2,2
ecoli,LalaDgluMdap_e,"L-alanine-D-glutamate-meso-2,6-diaminoheptanedioate",LalaDgluMdap,,,MNXM90242,,,missing_smiles,other_reactant,other_reactant,other_reactant,,,,not_registry_matched,not_assessable,False,4,4
ecoli,LalaDgluMdap_p,"L-alanine-D-glutamate-meso-2,6-diaminoheptanedioate",LalaDgluMdap,,,MNXM90242,,,missing_smiles,other_reactant,other_reactant,other_reactant,,,,not_registry_matched,not_assessable,False,7,7
ecoli,LalaDglu_c,L-alanine-D-glutamate,LalaDglu,C20957,CHEBI:61395;CHEBI:61566,MNXM3630,25203551,VYZAGTDAHUIRQA,ok,other_reactant,other_reactant,other_reactant,,,,not_registry_matched,not_assessable,False,1,1
ecoli,LalaDglu_e,L-alanine-D-glutamate,LalaDglu,C20957,CHEBI:61395;CHEBI:61566,MNXM3630,25203551,VYZAGTDAHUIRQA,ok,other_reactant,other_reactant,other_reactant,,,,not_registry_matched,not_assessable,False,4,4
ecoli,LalaDglu_p,L-alanine-D-glutamate,LalaDglu,C20957,CHEBI:61395;CHEBI:61566,MNXM3630,25203551,VYZAGTDAHUIRQA,ok,other_reactant,other_reactant,other_reactant,,,,not_registry_matched,not_assessable,False,8,8
ecoli,LalaLglu_c,L-alanine-L-glutamate,LalaLglu,C20958,CHEBI:61396;CHEBI:61565,MNXM4026,7006474,VYZAGTDAHUIRQA,ok,other_reactant,other_reactant,other_reactant,,,,not_registry_matched,not_assessable,False,2,2
ecoli,LalaLglu_e,L-alanine-L-glutamate,LalaLglu,C20958,CHEBI:61396;CHEBI:61565,MNXM4026,7006474,VYZAGTDAHUIRQA,ok,other_reactant,other_reactant,other_reactant,,,,not_registry_matched,not_assessable,False,4,4
ecoli,LalaLglu_p,L-alanine-L-glutamate,LalaLglu,C20958,CHEBI:61396;CHEBI:61565,MNXM4026,7006474,VYZAGTDAHUIRQA,ok,other_reactant,other_reactant,other_reactant,,,,not_registry_matched,not_assessable,False,8,8
ecoli,Nmtrp_c,N-Methyltryptophan,Nmtrp,C02983;C16831,CHEBI:13058;CHEBI:15334;CHEBI:21207;CHEBI:57283;CHEBI:6166;CHEBI:85908;CHEBI:86128,MNXM3055,160511,CZCIKBSVHDNIDH,ok,other_reactant,other_reactant,other_reactant,,,,not_registry_matched,not_assessable,False,1,1
ecoli,S2hglut_c,(S)-2-Hydroxyglutarate,S2hglut,C03196,CHEBI:11036;CHEBI:16782;CHEBI:18738;CHEBI:18739;CHEBI:32797;CHEBI:380,MNXM90068,5460355,HWXBTNAVRSUOJR,ok,other_reactant,other_reactant,other_reactant,,,,not_registry_matched,not_assessable,False,2,2
ecoli,Sfglutth_c,S-Formylglutathione,Sfglutth,C01031,CHEBI:12746;CHEBI:12764;CHEBI:16225;CHEBI:22044;CHEBI:57688;CHEBI:8956,MNXM952,189122,FHXAGOICBFGEBF,ok,other_reactant,other_reactant,other_reactant,,,,not_registry_matched,not_assessable,False,3,3
ecoli,aacoa_c,Acetoacetyl-CoA,aacoa,C00332,CHEBI:11756;CHEBI:13706;CHEBI:15345;CHEBI:22173;CHEBI:2392;CHEBI:41333;CHEBI:57286,MNXM133,92153,OJFDKHTZOUZBOS,ok,carrier_linked_metabolite,carrier_linked_metabolite,carrier_linked_variable,acetoacetyl-CoA,normalized_name;bigg_ids:aacoa;kegg_ids:c00332;chebi_ids:chebi:57286;metanetx_ids:mnxm133;pubchem_cids:92153,normalized_name;bigg_ids;kegg_ids;chebi_ids;metanetx_ids;pubchem_cids,multiple_evidence_types,not_assessable,False,5,5
ecoli,aact_c,Aminoacetone,aact,C01888,CHEBI:13767;CHEBI:17906;CHEBI:19025;CHEBI:2648;CHEBI:42749;CHEBI:42849;CHEBI:58320,MNXM1106,215,BCDGQXUMWHRQCB,ok,other_reactant,other_reactant,other_reactant,,,,not_registry_matched,not_assessable,False,1,1
ecoli,acACP_c,Acetyl-ACP,acACP,C03939,CHEBI:13713;CHEBI:17093;CHEBI:2409,MNXM1269,10484,DUYAAUVXQSMXQP,ok,other_reactant,other_reactant,other_reactant,,,,not_registry_matched,not_assessable,False,3,3
ecoli,ac_c,Acetate,ac,C00033,CHEBI:13704;CHEBI:15366;CHEBI:22165;CHEBI:22169;CHEBI:2387;CHEBI:30089;CHEBI:40480;CHEBI:40486,MNXM26,176,QTBSBXVTEAMEQO,ok,other_reactant,other_reactant,other_reactant,,,,not_registry_matched,not_assessable,False,6,6
ecoli,ac_e,Acetate,ac,C00033,CHEBI:13704;CHEBI:15366;CHEBI:22165;CHEBI:22169;CHEBI:2387;CHEBI:30089;CHEBI:40480;CHEBI:40486,MNXM26,176,QTBSBXVTEAMEQO,ok,other_reactant,other_reactant,other_reactant,,,,not_registry_matched,not_assessable,False,4,4
ecoli,ac_p,Acetate,ac,C00033,CHEBI:13704;CHEBI:15366;CHEBI:22165;CHEBI:22169;CHEBI:2387;CHEBI:30089;CHEBI:40480;CHEBI:40486,MNXM26,176,QTBSBXVTEAMEQO,ok,other_reactant,other_reactant,other_reactant,,,,not_registry_matched,not_assessable,False,6,6
ecoli,acac_c,Acetoacetate,acac,C00164,CHEBI:131367;CHEBI:13705;CHEBI:15344;CHEBI:22172;CHEBI:2391;CHEBI:38871;CHEBI:40507,MNXM154,10462221,YMXHTKKMLXGXDC,ok,other_reactant,other_reactant,other_reactant,,,,not_registry_matched,not_assessable,False,3,3
ecoli,acac_e,Acetoacetate,acac,C00164,CHEBI:131367;CHEBI:13705;CHEBI:15344;CHEBI:22172;CHEBI:2391;CHEBI:38871;CHEBI:40507,MNXM154,10462221,YMXHTKKMLXGXDC,ok,other_reactant,other_reactant,other_reactant,,,,not_registry_matched,not_assessable,False,4,4
ecoli,acac_p,Acetoacetate,acac,C00164,CHEBI:131367;CHEBI:13705;CHEBI:15344;CHEBI:22172;CHEBI:2391;CHEBI:38871;CHEBI:40507,MNXM154,10462221,YMXHTKKMLXGXDC,ok,other_reactant,other_reactant,other_reactant,,,,not_registry_matched,not_assessable,False,5,5
ecoli,acald_c,Acetaldehyde,acald,C00084,CHEBI:13703;CHEBI:15343;CHEBI:22158;CHEBI:2383;CHEBI:40533,MNXM75,177,IKHGUXGNUITLKF,ok,other_reactant,other_reactant,other_reactant,,,,not_registry_matched,not_assessable,False,10,10
ecoli,acald_e,Acetaldehyde,acald,C00084,CHEBI:13703;CHEBI:15343;CHEBI:22158;CHEBI:2383;CHEBI:40533,MNXM75,177,IKHGUXGNUITLKF,ok,other_reactant,other_reactant,other_reactant,,,,not_registry_matched,not_assessable,False,4,4
ecoli,acald_p,Acetaldehyde,acald,C00084,CHEBI:13703;CHEBI:15343;CHEBI:22158;CHEBI:2383;CHEBI:40533,MNXM75,177,IKHGUXGNUITLKF,ok,other_reactant,other_reactant,other_reactant,,,,not_registry_matched,not_assessable,False,5,5
ecoli,accoa_c,Acetyl-CoA,accoa,C00024,CHEBI:13712;CHEBI:15351;CHEBI:22192;CHEBI:2408;CHEBI:40470;CHEBI:57288,MNXM21,444493,ZSLZBFCDCINBPY,ok,carrier_linked_metabolite,carrier_linked_metabolite,carrier_linked_variable,acetyl-CoA,normalized_name;bigg_ids:accoa;kegg_ids:c00024;chebi_ids:chebi:57288;metanetx_ids:mnxm21;pubchem_cids:444493;inchikey_connectivity:zslzbfcdcinbpy,normalized_name;bigg_ids;kegg_ids;chebi_ids;metanetx_ids;pubchem_cids;inchikey_connectivity,multiple_evidence_types,consistent,False,46,46
ecoli,acetol_c,Acetol cytosol,acetol,C05235,CHEBI:24666;CHEBI:27957;CHEBI:5796,MNXM1744,8299,XLSMFKSTNGKWQX,ok,other_reactant,other_reactant,other_reactant,,,,not_registry_matched,not_assessable,False,1,1
ecoli,acg5p_c,N-Acetyl-L-glutamyl 5-phosphate,acg5p,C04133,CHEBI:12441;CHEBI:12576;CHEBI:16878;CHEBI:21550;CHEBI:57936;CHEBI:7151,MNXM1384,440236,FCVIHFVSXHOPSW,ok,other_reactant,other_reactant,other_reactant,,,,not_registry_matched,not_assessable,False,1,1
ecoli,acg5sa_c,N-Acetyl-L-glutamate 5-semialdehyde,acg5sa,C01250,CHEBI:11493;CHEBI:12461;CHEBI:12577;CHEBI:16319;CHEBI:21551;CHEBI:29123;CHEBI:7152,MNXM1062,192878,BCPSFKBPHHBDAI,ok,other_reactant,other_reactant,other_reactant,,,,not_registry_matched,not_assessable,False,5,5
ecoli,acgal1p_e,N-Acetyl-D-galactosamine 1-phosphate,acgal1p,C18060,CHEBI:44313;CHEBI:55404;CHEBI:61970,MNXM2401,4369589,FZLJPEPAYPUMMR,ok,other_reactant,other_reactant,other_reactant,,,,not_registry_matched,not_assessable,False,4,4
ecoli,acgal1p_p,N-Acetyl-D-galactosamine 1-phosphate,acgal1p,C18060,CHEBI:44313;CHEBI:55404;CHEBI:61970,MNXM2401,4369589,FZLJPEPAYPUMMR,ok,other_reactant,other_reactant,other_reactant,,,,not_registry_matched,not_assessable,False,4,4
ecoli,acgal_e,N-Acetyl-D-galactosamine,acgal,C01132,CHEBI:21502;CHEBI:21600;CHEBI:28037;CHEBI:28800;CHEBI:546804;CHEBI:7110;CHEBI:7201,MNXM395,35717,OVRNDRQMDRJTHS,ok,other_reactant,other_reactant,other_reactant,,,,not_registry_matched,not_assessable,False,4,4
ecoli,acgal_p,N-Acetyl-D-galactosamine,acgal,C01132,CHEBI:21502;CHEBI:21600;CHEBI:28037;CHEBI:28800;CHEBI:546804;CHEBI:7110;CHEBI:7201,MNXM395,35717,OVRNDRQMDRJTHS,ok,other_reactant,other_reactant,other_reactant,,,,not_registry_matched,not_assessable,False,4,4
ecoli,acgam1p_c,N-Acetyl-D-glucosamine 1-phosphate,acgam1p,C04256,CHEBI:7125,MNXM91871,440272,FZLJPEPAYPUMMR,ok,other_reactant,other_reactant,other_reactant,,,,not_registry_matched,not_assessable,False,1,1
ecoli,acgam1p_e,N-Acetyl-D-glucosamine 1-phosphate,acgam1p,C04256,CHEBI:7125,MNXM91871,440272,FZLJPEPAYPUMMR,ok,other_reactant,other_reactant,other_reactant,,,,not_registry_matched,not_assessable,False,4,4
ecoli,acgam1p_p,N-Acetyl-D-glucosamine 1-phosphate,acgam1p,C04256,CHEBI:7125,MNXM91871,440272,FZLJPEPAYPUMMR,ok,other_reactant,other_reactant,other_reactant,,,,not_registry_matched,not_assessable,False,4,4
ecoli,acgam6p_c,N-Acetyl-D-glucosamine 6-phosphate,acgam6p,C00357,CHEBI:12456;CHEBI:12564;CHEBI:15784;CHEBI:21521;CHEBI:39577;CHEBI:49353;CHEBI:49359;CHEBI:57513;CHEBI:7127,MNXM63556,440996,BRGMHAYQAZFZDJ,ok,other_reactant,other_reactant,other_reactant,,,,not_registry_matched,not_assessable,False,2,2
ecoli,acgam_c,N-Acetyl-D-glucosamine,acgam,C00140,CHEBI:12455;CHEBI:12563;CHEBI:17411;CHEBI:21517;CHEBI:506227;CHEBI:58134;CHEBI:7123,MNXM143,1738118,MBLBDJOUHNCFQT,ok,other_reactant,other_reactant,other_reactant,,,,not_registry_matched,not_assessable,False,1,1
ecoli,acgam_e,N-Acetyl-D-glucosamine,acgam,C00140,CHEBI:12455;CHEBI:12563;CHEBI:17411;CHEBI:21517;CHEBI:506227;CHEBI:58134;CHEBI:7123,MNXM143,1738118,MBLBDJOUHNCFQT,ok,other_reactant,other_reactant,other_reactant,,,,not_registry_matched,not_assessable,False,4,4
ecoli,acgam_p,N-Acetyl-D-glucosamine,acgam,C00140,CHEBI:12455;CHEBI:12563;CHEBI:17411;CHEBI:21517;CHEBI:506227;CHEBI:58134;CHEBI:7123,MNXM143,1738118,MBLBDJOUHNCFQT,ok,other_reactant,other_reactant,other_reactant,,,,not_registry_matched,not_assessable,False,6,6
ecoli,acglc__D_c,6-Acetyl-D-glucose,acglc__D,C02655,CHEBI:12204;CHEBI:17901;CHEBI:20693;CHEBI:2166;CHEBI:62111,MNXM90521,5459944,ILLOJQCWUBEHBA,ok,other_reactant,other_reactant,other_reactant,,,,not_registry_matched,not_assessable,False,1,1
ecoli,acglu_c,N-Acetyl-L-glutamate,acglu,C00624,CHEBI:12575;CHEBI:17533;CHEBI:21549;CHEBI:21552;CHEBI:44335;CHEBI:44337;CHEBI:64040;CHEBI:7150;CHEBI:87274,MNXM730,70914,RFMMMVDNIPUKGG,ok,other_reactant,other_reactant,other_reactant,,,,not_registry_matched,not_assessable,False,1,1
ecoli,acmalt_c,Acetyl-maltose,acmalt,C02130,,MNXM3135,11349616,IJVLHLCOMOKFHH,ok,other_reactant,other_reactant,other_reactant,,,,not_registry_matched,not_assessable,False,1,1
ecoli,acmana_c,N-Acetyl-D-mannosamine,acmana,C00645,CHEBI:12459;CHEBI:12573;CHEBI:17122;CHEBI:21538;CHEBI:58019;CHEBI:63153;CHEBI:7141,MNXM2403,65150,MBLBDJOUHNCFQT,ok,other_reactant,other_reactant,other_reactant,,,,not_registry_matched,not_assessable,False,1,1
ecoli,acmana_e,N-Acetyl-D-mannosamine,acmana,C00645,CHEBI:12459;CHEBI:12573;CHEBI:17122;CHEBI:21538;CHEBI:58019;CHEBI:63153;CHEBI:7141,MNXM2403,65150,MBLBDJOUHNCFQT,ok,other_reactant,other_reactant,other_reactant,,,,not_registry_matched,not_assessable,False,4,4
ecoli,acmana_p,N-Acetyl-D-mannosamine,acmana,C00645,CHEBI:12459;CHEBI:12573;CHEBI:17122;CHEBI:21538;CHEBI:58019;CHEBI:63153;CHEBI:7141,MNXM2403,65150,MBLBDJOUHNCFQT,ok,other_reactant,other_reactant,other_reactant,,,,not_registry_matched,not_assessable,False,5,5
ecoli,acmanap_c,N-Acetyl-D-mannosamine 6-phosphate,acmanap,C04257,CHEBI:21539;CHEBI:28273;CHEBI:58557;CHEBI:62168;CHEBI:7142,MNXM4708,16069986,QDSLHWJDSQGPEE,ok,other_reactant,other_reactant,other_reactant,,,,not_registry_matched,not_assessable,False,1,1
ecoli,acmet_c,N-Acetylmethionine,acmet,,,,448580,XUYPXLNMDZIRQH,ok,other_reactant,other_reactant,other_reactant,,,,not_registry_matched,not_assessable,False,1,1
ecoli,acmum6p_c,N-acetylmuramate 6-phosphate,acmum6p,C16698,CHEBI:47968;CHEBI:58722,MNXM90332,24798720,NMEMTQKUEVNSPV,ok,other_reactant,other_reactant,other_reactant,,,,not_registry_matched,not_assessable,False,1,1
ecoli,acmum_e,N-Acetylmuramate,acmum,C02713,CHEBI:21615;CHEBI:28881;CHEBI:47965;CHEBI:47978;CHEBI:7212,MNXM2263,5462244,MNLRQHMNZILYPY,ok,other_reactant,other_reactant,other_reactant,,,,not_registry_matched,not_assessable,False,4,4
ecoli,acmum_p,N-Acetylmuramate,acmum,C02713,CHEBI:21615;CHEBI:28881;CHEBI:47965;CHEBI:47978;CHEBI:7212,MNXM2263,5462244,MNLRQHMNZILYPY,ok,other_reactant,other_reactant,other_reactant,,,,not_registry_matched,not_assessable,False,1,1
ecoli,acnam_c,N-Acetylneuraminate,acnam,C00270,CHEBI:12471;CHEBI:12579;CHEBI:17012;CHEBI:21617;CHEBI:21620;CHEBI:29087;CHEBI:33987;CHEBI:35418;CHEBI:7214,MNXM227,439197,SQVRNKJHWKZAKO,ok,other_reactant,other_reactant,other_reactant,,,,not_registry_matched,not_assessable,False,1,1
ecoli,acnam_e,N-Acetylneuraminate,acnam,C00270,CHEBI:12471;CHEBI:12579;CHEBI:17012;CHEBI:21617;CHEBI:21620;CHEBI:29087;CHEBI:33987;CHEBI:35418;CHEBI:7214,MNXM227,439197,SQVRNKJHWKZAKO,ok,other_reactant,other_reactant,other_reactant,,,,not_registry_matched,not_assessable,False,3,3
ecoli,acnam_p,N-Acetylneuraminate,acnam,C00270,CHEBI:12471;CHEBI:12579;CHEBI:17012;CHEBI:21617;CHEBI:21620;CHEBI:29087;CHEBI:33987;CHEBI:35418;CHEBI:7214,MNXM227,439197,SQVRNKJHWKZAKO,ok,other_reactant,other_reactant,other_reactant,,,,not_registry_matched,not_assessable,False,4,4
ecoli,acolipa_p,4-Amino-4-deoxy-L-arabinose modified core oligosaccharide lipid A,acolipa,,,MNXM37330,,IOAOXSQGQQYOQU,ok,other_reactant,other_reactant,other_reactant,,,,not_registry_matched,not_assessable,False,1,1
ecoli,acon_C_c,Cis-Aconitate,acon_C,C00417,CHEBI:10482;CHEBI:12798;CHEBI:16383;CHEBI:23306;CHEBI:23308;CHEBI:32805,MNXM813,5459816,GTZCVFVGUGFEME,ok,other_reactant,other_reactant,other_reactant,,,,not_registry_matched,not_assessable,False,5,5
ecoli,acon_T_c,Trans-Aconitate,acon_T,C02341,CHEBI:10719;CHEBI:12869;CHEBI:12878;CHEBI:15708;CHEBI:22210;CHEBI:22211;CHEBI:27069;CHEBI:27070;CHEBI:32806;CHEBI:46108,MNXM1388,5289496,GTZCVFVGUGFEME,ok,other_reactant,other_reactant,other_reactant,,,,not_registry_matched,not_assessable,False,2,2
ecoli,acorn_c,N2-Acetyl-L-ornithine,acorn,C00437,CHEBI:12634;CHEBI:16543;CHEBI:21814;CHEBI:40771;CHEBI:57805;CHEBI:7368,MNXM817,439232,JRLGPAXAGHMNOL,ok,other_reactant,other_reactant,other_reactant,,,,not_registry_matched,not_assessable,False,5,5
ecoli,acser_c,O-Acetyl-L-serine,acser,C00979,CHEBI:12685;CHEBI:12710;CHEBI:12724;CHEBI:17981;CHEBI:21938;CHEBI:44568;CHEBI:58340;CHEBI:7668,MNXM418,99478,VZXPDPZARILFQX,ok,other_reactant,other_reactant,other_reactant,,,,not_registry_matched,not_assessable,False,5,5
ecoli,acser_e,O-Acetyl-L-serine,acser,C00979,CHEBI:12685;CHEBI:12710;CHEBI:12724;CHEBI:17981;CHEBI:21938;CHEBI:44568;CHEBI:58340;CHEBI:7668,MNXM418,99478,VZXPDPZARILFQX,ok,other_reactant,other_reactant,other_reactant,,,,not_registry_matched,not_assessable,False,4,4
ecoli,acser_p,O-Acetyl-L-serine,acser,C00979,CHEBI:12685;CHEBI:12710;CHEBI:12724;CHEBI:17981;CHEBI:21938;CHEBI:44568;CHEBI:58340;CHEBI:7668,MNXM418,99478,VZXPDPZARILFQX,ok,other_reactant,other_reactant,other_reactant,,,,not_registry_matched,not_assessable,False,4,4
ecoli,actACP_c,Acetoacetyl-ACP,actACP,C05744,CHEBI:2393,MNXM1223,,,inchikey_unavailable,other_reactant,other_reactant,other_reactant,,,,not_registry_matched,not_assessable,False,1,1
ecoli,actp_c,Acetyl phosphate,actp,C00227,CHEBI:13711;CHEBI:15350;CHEBI:22191;CHEBI:2407;CHEBI:46262,MNXM280,6518188,LIPOUNRJVLNBCD,ok,other_reactant,other_reactant,other_reactant,,,,not_registry_matched,not_assessable,False,5,5
ecoli,ade_c,Adenine,ade,C00147,CHEBI:13733;CHEBI:16708;CHEBI:22236;CHEBI:2470;CHEBI:40579,MNXM168,190,GFFGJBXGBJISGV,ok,other_reactant,other_reactant,other_reactant,,,,not_registry_matched,not_assessable,False,7,7
ecoli,ade_e,Adenine,ade,C00147,CHEBI:13733;CHEBI:16708;CHEBI:22236;CHEBI:2470;CHEBI:40579,MNXM168,190,GFFGJBXGBJISGV,ok,other_reactant,other_reactant,other_reactant,,,,not_registry_matched,not_assessable,False,4,4
ecoli,ade_p,Adenine,ade,C00147,CHEBI:13733;CHEBI:16708;CHEBI:22236;CHEBI:2470;CHEBI:40579,MNXM168,190,GFFGJBXGBJISGV,ok,other_reactant,other_reactant,other_reactant,,,,not_registry_matched,not_assessable,False,7,7
ecoli,adn_c,Adenosine,adn,C00212,CHEBI:13734;CHEBI:16335;CHEBI:22237;CHEBI:2472;CHEBI:40558;CHEBI:40825;CHEBI:40906;CHEBI:40911,MNXM212,60961,OIRDTQYFTABQOQ,ok,other_reactant,other_reactant,other_reactant,,,,not_registry_matched,not_assessable,False,5,5
ecoli,adn_e,Adenosine,adn,C00212,CHEBI:13734;CHEBI:16335;CHEBI:22237;CHEBI:2472;CHEBI:40558;CHEBI:40825;CHEBI:40906;CHEBI:40911,MNXM212,60961,OIRDTQYFTABQOQ,ok,other_reactant,other_reactant,other_reactant,,,,not_registry_matched,not_assessable,False,1,1
ecoli,adn_p,Adenosine,adn,C00212,CHEBI:13734;CHEBI:16335;CHEBI:22237;CHEBI:2472;CHEBI:40558;CHEBI:40825;CHEBI:40906;CHEBI:40911,MNXM212,60961,OIRDTQYFTABQOQ,ok,other_reactant,other_reactant,other_reactant,,,,not_registry_matched,not_assessable,False,4,4
ecoli,adocbi_c,Adenosyl cobinamide,adocbi,C06508,,MNXM90790,46173757,KDSOOGFGGWWVLM,ok,other_reactant,other_reactant,other_reactant,,,,not_registry_matched,not_assessable,False,2,2
ecoli,adocbip_c,Adenosyl cobinamide phosphate,adocbip,C06509,CHEBI:2481;CHEBI:58502,MNXM856,70678549,VAJGTWFDEOSFDO,ok,other_reactant,other_reactant,other_reactant,,,,not_registry_matched,not_assessable,False,1,1
ecoli,adocbl_c,Adenosylcobalamin,adocbl,C00194,,MNXM90703,24892716,XIMXJQOPHNZJDD,ok,other_reactant,other_reactant,other_reactant,,,,not_registry_matched,not_assessable,False,1,1
ecoli,adocbl_e,Adenosylcobalamin,adocbl,C00194,,MNXM90703,24892716,XIMXJQOPHNZJDD,ok,other_reactant,other_reactant,other_reactant,,,,not_registry_matched,not_assessable,False,1,1
ecoli,adocbl_p,Adenosylcobalamin,adocbl,C00194,,MNXM90703,24892716,XIMXJQOPHNZJDD,ok,other_reactant,other_reactant,other_reactant,,,,not_registry_matched,not_assessable,False,1,1
ecoli,adp_c,ADP C10H12N5O10P2,adp,C00008,CHEBI:13222;CHEBI:16761;CHEBI:22244;CHEBI:2342;CHEBI:40553;CHEBI:456216;CHEBI:87518,MNXM7,6022,XTWYTFMLZFPYCI,ok,energy_nucleotide,energy_nucleotide,currency_or_cofactor,ADP,normalized_name;bigg_ids:adp;kegg_ids:c00008;chebi_ids:chebi:456216;metanetx_ids:mnxm7;pubchem_cids:6022;inchikey_connectivity:xtwytfmlzfpyci,normalized_name;bigg_ids;kegg_ids;chebi_ids;metanetx_ids;pubchem_cids;inchikey_connectivity,multiple_evidence_types,consistent,False,53,53
ecoli,adpglc_c,ADPglucose C16H23N5O15P2,adpglc,C00498,CHEBI:13230;CHEBI:15751;CHEBI:20846;CHEBI:2349;CHEBI:40615;CHEBI:57498,MNXM561,16500,WFPZSXYXPSUOPY,ok,other_reactant,other_reactant,other_reactant,,,,not_registry_matched,not_assessable,False,1,1
ecoli,adphep_DD_c,ADP-D-glycero-D-manno-heptose,adphep_DD,C06397,CHEBI:13223;CHEBI:16693;CHEBI:20842;CHEBI:2343;CHEBI:57863;CHEBI:59966;CHEBI:59967,MNXM1648,441006,KMSFWBYFWSKGGR,ok,other_reactant,other_reactant,other_reactant,,,,not_registry_matched,not_assessable,False,1,1
ecoli,adphep_LD_c,ADP-L-glycero-D-manno-heptose,adphep_LD,C06398,CHEBI:13226;CHEBI:15915;CHEBI:20844;CHEBI:2347;CHEBI:57564;CHEBI:61506;CHEBI:61530,MNXM857,441007,KMSFWBYFWSKGGR,ok,other_reactant,other_reactant,other_reactant,,,,not_registry_matched,not_assessable,False,4,4
ecoli,adprib_c,ADPribose C15H21N5O14P2,adprib,C00301;C01882,CHEBI:13231;CHEBI:16960;CHEBI:20850;CHEBI:2351;CHEBI:32889;CHEBI:40752;CHEBI:57967,MNXM48596,33576,SRNWOUGRCWSEMX,ok,other_reactant,other_reactant,other_reactant,,,,not_registry_matched,not_assessable,False,2,2
ecoli,ag_c,Silver,ag,C06710,CHEBI:30051;CHEBI:49467;CHEBI:49468,MNXM5928,104755,FOIXSVOLVBLSDH,ok,other_reactant,other_reactant,other_reactant,,,,not_registry_matched,not_assessable,False,1,1
ecoli,agdpcbi_c,Adenosine-GDP-cobinamide,agdpcbi,C06510,CHEBI:2479;CHEBI:60487,MNXM1105,135922733,FQERGSPCYDUMRQ,ok,other_reactant,other_reactant,other_reactant,,,,not_registry_matched,not_assessable,False,1,1
ecoli,agm_c,Agmatine,agm,C00179,CHEBI:13747;CHEBI:17431;CHEBI:18576;CHEBI:2514;CHEBI:40556;CHEBI:58145,MNXM328,199,QYPPJABKJHAVHS,ok,other_reactant,other_reactant,other_reactant,,,,not_registry_matched,not_assessable,False,2,2
ecoli,agm_e,Agmatine,agm,C00179,CHEBI:13747;CHEBI:17431;CHEBI:18576;CHEBI:2514;CHEBI:40556;CHEBI:58145,MNXM328,199,QYPPJABKJHAVHS,ok,other_reactant,other_reactant,other_reactant,,,,not_registry_matched,not_assessable,False,4,4
ecoli,agm_p,Agmatine,agm,C00179,CHEBI:13747;CHEBI:17431;CHEBI:18576;CHEBI:2514;CHEBI:40556;CHEBI:58145,MNXM328,199,QYPPJABKJHAVHS,ok,other_reactant,other_reactant,other_reactant,,,,not_registry_matched,not_assessable,False,5,5
ecoli,ahcys_c,S-Adenosyl-L-homocysteine,ahcys,C00021,CHEBI:12741;CHEBI:12759;CHEBI:12761;CHEBI:16680;CHEBI:22034;CHEBI:45495;CHEBI:57856;CHEBI:67009;CHEBI:8945,MNXM19,439155,ZJUKTBDSGOFHSH,ok,one_carbon_cofactor,one_carbon_cofactor,currency_or_cofactor,S-adenosyl-L-homocysteine,normalized_name;bigg_ids:ahcys;kegg_ids:c00021;chebi_ids:chebi:16680;metanetx_ids:mnxm19;pubchem_cids:439155;inchikey_connectivity:zjuktbdsgofhsh,normalized_name;bigg_ids;kegg_ids;chebi_ids;metanetx_ids;pubchem_cids;inchikey_connectivity,multiple_evidence_types,consistent,False,1,1
ecoli,ahdt_c,"2-Amino-4-hydroxy-6-(erythro-1,2,3-trihydroxypropyl)dihydropteridine triphosphate",ahdt,C04895,CHEBI:1002;CHEBI:11509;CHEBI:12201;CHEBI:18372;CHEBI:19455;CHEBI:20684;CHEBI:28069;CHEBI:58462,MNXM397,135398610,DGGUVLXVLHAAGT,ok,other_reactant,other_reactant,other_reactant,,,,not_registry_matched,not_assessable,False,4,4
ecoli,aicar_c,5-Amino-1-(5-Phospho-D-ribosyl)imidazole-4-carboxamide,aicar,C04677,CHEBI:12102;CHEBI:18406;CHEBI:18966;CHEBI:40739;CHEBI:573;CHEBI:58475,MNXM365,65110,NOTGFIUVDGNKRI,ok,other_reactant,other_reactant,other_reactant,,,,not_registry_matched,not_assessable,False,2,2
ecoli,air_c,5-amino-1-(5-phospho-D-ribosyl)imidazole,air,,CHEBI:12101;CHEBI:18969;CHEBI:2655;CHEBI:28843;CHEBI:58592,MNXM162266,16048619,PDACUKOKVHBVHJ,ok,other_reactant,other_reactant,other_reactant,,,,not_registry_matched,not_assessable,False,2,2
ecoli,akg_c,2-Oxoglutarate,akg,C00026,CHEBI:11638;CHEBI:1253;CHEBI:16810;CHEBI:19748;CHEBI:19749;CHEBI:30915;CHEBI:30916;CHEBI:40661,MNXM20,164533,KPGXRSRHYNQIFN,ok,other_reactant,other_reactant,other_reactant,,,,not_registry_matched,not_assessable,False,37,37
ecoli,akg_e,2-Oxoglutarate,akg,C00026,CHEBI:11638;CHEBI:1253;CHEBI:16810;CHEBI:19748;CHEBI:19749;CHEBI:30915;CHEBI:30916;CHEBI:40661,MNXM20,164533,KPGXRSRHYNQIFN,ok,other_reactant,other_reactant,other_reactant,,,,not_registry_matched,not_assessable,False,4,4
ecoli,akg_p,2-Oxoglutarate,akg,C00026,CHEBI:11638;CHEBI:1253;CHEBI:16810;CHEBI:19748;CHEBI:19749;CHEBI:30915;CHEBI:30916;CHEBI:40661,MNXM20,164533,KPGXRSRHYNQIFN,ok,other_reactant,other_reactant,other_reactant,,,,not_registry_matched,not_assessable,False,5,5
ecoli,ala_B_c,Beta-Alanine,ala_B,C00099,CHEBI:10343;CHEBI:12389;CHEBI:16958;CHEBI:22821;CHEBI:41050;CHEBI:57966;CHEBI:63070,MNXM144,239,UCMIRNVEIXFBKS,ok,other_reactant,other_reactant,other_reactant,,,,not_registry_matched,not_assessable,False,1,1
ecoli,ala_B_e,Beta-Alanine,ala_B,C00099,CHEBI:10343;CHEBI:12389;CHEBI:16958;CHEBI:22821;CHEBI:41050;CHEBI:57966;CHEBI:63070,MNXM144,239,UCMIRNVEIXFBKS,ok,other_reactant,other_reactant,other_reactant,,,,not_registry_matched,not_assessable,False,4,4
ecoli,ala_B_p,Beta-Alanine,ala_B,C00099,CHEBI:10343;CHEBI:12389;CHEBI:16958;CHEBI:22821;CHEBI:41050;CHEBI:57966;CHEBI:63070,MNXM144,239,UCMIRNVEIXFBKS,ok,other_reactant,other_reactant,other_reactant,,,,not_registry_matched,not_assessable,False,5,5
ecoli,ala__D_c,D-Alanine,ala__D,C00133,CHEBI:10840;CHEBI:12899;CHEBI:15570;CHEBI:20893;CHEBI:32435;CHEBI:32436;CHEBI:4087;CHEBI:41756;CHEBI:41798;CHEBI:41848;CHEBI:41877;CHEBI:57416,MNXM156,71080,QNAYBMKLOCPYGJ,ok,other_reactant,other_reactant,other_reactant,,,,not_registry_matched,not_assessable,False,7,7
ecoli,ala__D_e,D-Alanine,ala__D,C00133,CHEBI:10840;CHEBI:12899;CHEBI:15570;CHEBI:20893;CHEBI:32435;CHEBI:32436;CHEBI:4087;CHEBI:41756;CHEBI:41798;CHEBI:41848;CHEBI:41877;CHEBI:57416,MNXM156,71080,QNAYBMKLOCPYGJ,ok,other_reactant,other_reactant,other_reactant,,,,not_registry_matched,not_assessable,False,4,4
ecoli,ala__D_p,D-Alanine,ala__D,C00133,CHEBI:10840;CHEBI:12899;CHEBI:15570;CHEBI:20893;CHEBI:32435;CHEBI:32436;CHEBI:4087;CHEBI:41756;CHEBI:41798;CHEBI:41848;CHEBI:41877;CHEBI:57416,MNXM156,71080,QNAYBMKLOCPYGJ,ok,other_reactant,other_reactant,other_reactant,,,,not_registry_matched,not_assessable,False,5,5
ecoli,ala__L_c,L-Alanine,ala__L,C00041;C01401,CHEBI:13069;CHEBI:132498;CHEBI:13748;CHEBI:16449;CHEBI:16977;CHEBI:21216;CHEBI:22277;CHEBI:2539;CHEBI:32431;CHEBI:32432;CHEBI:32439;CHEBI:32440;CHEBI:40734;CHEBI:40735;CHEBI:46308;CHEBI:57972;CHEBI:6171;CHEBI:66916;CHEBI:76050,MNXM32,124079389,QNAYBMKLOCPYGJ,ok,other_reactant,other_reactant,other_reactant,,,,not_registry_matched,not_assessable,False,10,10
ecoli,ala__L_e,L-Alanine,ala__L,C00041;C01401,CHEBI:13069;CHEBI:132498;CHEBI:13748;CHEBI:16449;CHEBI:16977;CHEBI:21216;CHEBI:22277;CHEBI:2539;CHEBI:32431;CHEBI:32432;CHEBI:32439;CHEBI:32440;CHEBI:40734;CHEBI:40735;CHEBI:46308;CHEBI:57972;CHEBI:6171;CHEBI:66916;CHEBI:76050,MNXM32,124079389,QNAYBMKLOCPYGJ,ok,other_reactant,other_reactant,other_reactant,,,,not_registry_matched,not_assessable,False,4,4
ecoli,ala__L_p,L-Alanine,ala__L,C00041;C01401,CHEBI:13069;CHEBI:132498;CHEBI:13748;CHEBI:16449;CHEBI:16977;CHEBI:21216;CHEBI:22277;CHEBI:2539;CHEBI:32431;CHEBI:32432;CHEBI:32439;CHEBI:32440;CHEBI:40734;CHEBI:40735;CHEBI:46308;CHEBI:57972;CHEBI:6171;CHEBI:66916;CHEBI:76050,MNXM32,124079389,QNAYBMKLOCPYGJ,ok,other_reactant,other_reactant,other_reactant,,,,not_registry_matched,not_assessable,False,8,8
ecoli,alaala_c,D-Alanyl-D-alanine,alaala,C00993,CHEBI:12900;CHEBI:13749;CHEBI:16576;CHEBI:20894;CHEBI:4088;CHEBI:57822,MNXM669,5460362,DEFJQIDDEAULHB,ok,other_reactant,other_reactant,other_reactant,,,,not_registry_matched,not_assessable,False,4,4
ecoli,alaala_e,D-Alanyl-D-alanine,alaala,C00993,CHEBI:12900;CHEBI:13749;CHEBI:16576;CHEBI:20894;CHEBI:4088;CHEBI:57822,MNXM669,5460362,DEFJQIDDEAULHB,ok,other_reactant,other_reactant,other_reactant,,,,not_registry_matched,not_assessable,False,4,4
ecoli,alaala_p,D-Alanyl-D-alanine,alaala,C00993,CHEBI:12900;CHEBI:13749;CHEBI:16576;CHEBI:20894;CHEBI:4088;CHEBI:57822,MNXM669,5460362,DEFJQIDDEAULHB,ok,other_reactant,other_reactant,other_reactant,,,,not_registry_matched,not_assessable,False,6,6
ecoli,alac__S_c,(S)-2-Acetolactate,alac__S,C06010,CHEBI:11033;CHEBI:18409;CHEBI:18731;CHEBI:374;CHEBI:58476,MNXM114079,440878,NMDWGEGFJUBKLB,ok,other_reactant,other_reactant,other_reactant,,,,not_registry_matched,not_assessable,False,1,1
ecoli,all6p_c,D-Allose 6-phosphate,all6p,C02962,CHEBI:12907;CHEBI:17942;CHEBI:20901;CHEBI:4094;CHEBI:58328,MNXM4545,5459942,VFRROHXSMXFLSN,ok,other_reactant,other_reactant,other_reactant,,,,not_registry_matched,not_assessable,False,1,1
ecoli,all__D_c,D-Allose,all__D,C01487,CHEBI:4093,MNXM1919,439507,WQZGKKKJIJFFOK,ok,other_reactant,other_reactant,other_reactant,,,,not_registry_matched,not_assessable,False,1,1
ecoli,all__D_e,D-Allose,all__D,C01487,CHEBI:4093,MNXM1919,439507,WQZGKKKJIJFFOK,ok,other_reactant,other_reactant,other_reactant,,,,not_registry_matched,not_assessable,False,4,4
ecoli,all__D_p,D-Allose,all__D,C01487,CHEBI:4093,MNXM1919,439507,WQZGKKKJIJFFOK,ok,other_reactant,other_reactant,other_reactant,,,,not_registry_matched,not_assessable,False,5,5
ecoli,alltn_c,Allantoin,alltn,C01551,CHEBI:13761;CHEBI:15676;CHEBI:22354;CHEBI:2594;CHEBI:74345,MNXM612,204,POJWUDADGALRAB,ok,other_reactant,other_reactant,other_reactant,,,,not_registry_matched,not_assessable,False,2,2
ecoli,alltn_e,Allantoin,alltn,C01551,CHEBI:13761;CHEBI:15676;CHEBI:22354;CHEBI:2594;CHEBI:74345,MNXM612,204,POJWUDADGALRAB,ok,other_reactant,other_reactant,other_reactant,,,,not_registry_matched,not_assessable,False,4,4
ecoli,alltn_p,Allantoin,alltn,C01551,CHEBI:13761;CHEBI:15676;CHEBI:22354;CHEBI:2594;CHEBI:74345,MNXM612,204,POJWUDADGALRAB,ok,other_reactant,other_reactant,other_reactant,,,,not_registry_matched,not_assessable,False,5,5
ecoli,alltt_c,Allantoate,alltt,C00499,CHEBI:13760;CHEBI:17536;CHEBI:22352;CHEBI:22353;CHEBI:2593;CHEBI:30837,MNXM584,5287444,NUCLJNSWZCHRKL,ok,other_reactant,other_reactant,other_reactant,,,,not_registry_matched,not_assessable,False,1,1
ecoli,allul6p_c,Allulose 6-phosphate,allul6p,C18096,CHEBI:61519;CHEBI:61559;CHEBI:81499,MNXM4546,50909805,GSXOAOHZAIYLCY,ok,other_reactant,other_reactant,other_reactant,,,,not_registry_matched,not_assessable,False,2,2
ecoli,alpp_p,Applipoprotein,alpp,,,MNXM92124,,,missing_smiles,other_reactant,other_reactant,other_reactant,,,,not_registry_matched,not_assessable,False,2,2
ecoli,altrn_c,D-Altronate,altrn,C00817,CHEBI:12908;CHEBI:17360;CHEBI:20904;CHEBI:4095;CHEBI:46644;CHEBI:58707,MNXM2011,5459986,RGHNJXZEOKUKBD,ok,other_reactant,other_reactant,other_reactant,,,,not_registry_matched,not_assessable,False,2,2
ecoli,amet_c,S-Adenosyl-L-methionine,amet,C00019,CHEBI:10786;CHEBI:10833;CHEBI:12742;CHEBI:12757;CHEBI:12760;CHEBI:15414;CHEBI:22036;CHEBI:33440;CHEBI:33442;CHEBI:45607;CHEBI:527887;CHEBI:59789;CHEBI:67040;CHEBI:8946,MNXM16,34756,MEFKEPWMEQBLKI,ok,one_carbon_cofactor,one_carbon_cofactor,currency_or_cofactor,S-adenosyl-L-methionine,normalized_name;bigg_ids:amet;kegg_ids:c00019;chebi_ids:chebi:59789;metanetx_ids:mnxm16;pubchem_cids:34756;inchikey_connectivity:mefkepwmeqblki,normalized_name;bigg_ids;kegg_ids;chebi_ids;metanetx_ids;pubchem_cids;inchikey_connectivity,multiple_evidence_types,consistent,False,20,20
ecoli,ametam_c,S-Adenosylmethioninamine,ametam,C01137,CHEBI:10906;CHEBI:12743;CHEBI:12762;CHEBI:15625;CHEBI:22035;CHEBI:57443;CHEBI:8947,MNXM321,439415,ZUNBITIXDCPNSD,ok,other_reactant,other_reactant,other_reactant,,,,not_registry_matched,not_assessable,False,2,2
ecoli,amob_c,S-Adenosyl-4-methylthio-2-oxobutanoate,amob,C04425,CHEBI:12758;CHEBI:16490;CHEBI:22033;CHEBI:8944,MNXM3090,5459852,UOKVQQMBGVMXPU,ok,other_reactant,other_reactant,other_reactant,,,,not_registry_matched,not_assessable,False,1,1
ecoli,amp_c,AMP C10H12N5O7P,amp,C00020,CHEBI:12056;CHEBI:13234;CHEBI:13235;CHEBI:13736;CHEBI:13740;CHEBI:16027;CHEBI:22242;CHEBI:22245;CHEBI:2356;CHEBI:40510;CHEBI:40721;CHEBI:40726;CHEBI:40786;CHEBI:40826;CHEBI:456215;CHEBI:47222,MNXM14,6083,UDMBCSSLTHHNCD,ok,energy_nucleotide,energy_nucleotide,currency_or_cofactor,AMP,normalized_name;bigg_ids:amp;kegg_ids:c00020;chebi_ids:chebi:456215;metanetx_ids:mnxm14;pubchem_cids:6083;inchikey_connectivity:udmbcsslthhncd,normalized_name;bigg_ids;kegg_ids;chebi_ids;metanetx_ids;pubchem_cids;inchikey_connectivity,multiple_evidence_types,consistent,False,10,10
ecoli,amp_e,AMP C10H12N5O7P,amp,C00020,CHEBI:12056;CHEBI:13234;CHEBI:13235;CHEBI:13736;CHEBI:13740;CHEBI:16027;CHEBI:22242;CHEBI:22245;CHEBI:2356;CHEBI:40510;CHEBI:40721;CHEBI:40726;CHEBI:40786;CHEBI:40826;CHEBI:456215;CHEBI:47222,MNXM14,6083,UDMBCSSLTHHNCD,ok,energy_nucleotide,energy_nucleotide,currency_or_cofactor,AMP,normalized_name;bigg_ids:amp;kegg_ids:c00020;chebi_ids:chebi:456215;metanetx_ids:mnxm14;pubchem_cids:6083;inchikey_connectivity:udmbcsslthhncd,normalized_name;bigg_ids;kegg_ids;chebi_ids;metanetx_ids;pubchem_cids;inchikey_connectivity,multiple_evidence_types,consistent,False,4,4
ecoli,amp_p,AMP C10H12N5O7P,amp,C00020,CHEBI:12056;CHEBI:13234;CHEBI:13235;CHEBI:13736;CHEBI:13740;CHEBI:16027;CHEBI:22242;CHEBI:22245;CHEBI:2356;CHEBI:40510;CHEBI:40721;CHEBI:40726;CHEBI:40786;CHEBI:40826;CHEBI:456215;CHEBI:47222,MNXM14,6083,UDMBCSSLTHHNCD,ok,energy_nucleotide,energy_nucleotide,currency_or_cofactor,AMP,normalized_name;bigg_ids:amp;kegg_ids:c00020;chebi_ids:chebi:456215;metanetx_ids:mnxm14;pubchem_cids:6083;inchikey_connectivity:udmbcsslthhncd,normalized_name;bigg_ids;kegg_ids;chebi_ids;metanetx_ids;pubchem_cids;inchikey_connectivity,multiple_evidence_types,consistent,False,7,7
ecoli,ampnt_c,Aminomethylphosphonate,ampnt,,,,25203092,MGRVRXRGTBOSHW,ok,other_reactant,other_reactant,other_reactant,,,,not_registry_matched,not_assessable,False,1,1
ecoli,anhgm3p_c,N-Acetyl-D-glucosamine(anhydrous)N-Acetylmuramyl-tripeptide,anhgm3p,,,MNXM63489,45479614,ZWZMFRJKRXDGBE,ok,other_reactant,other_reactant,other_reactant,,,,not_registry_matched,not_assessable,False,2,2
ecoli,anhgm3p_p,N-Acetyl-D-glucosamine(anhydrous)N-Acetylmuramyl-tripeptide,anhgm3p,,,MNXM63489,45479614,ZWZMFRJKRXDGBE,ok,other_reactant,other_reactant,other_reactant,,,,not_registry_matched,not_assessable,False,5,5
ecoli,anhgm4p_c,N-Acetyl-D-glucosamine(anhydrous)N-Acetylmuramyl-tetrapeptide,anhgm4p,,,MNXM63488,,ZTOWCORYLXDAAW,ok,other_reactant,other_reactant,other_reactant,,,,not_registry_matched,not_assessable,False,3,3
ecoli,anhgm4p_p,N-Acetyl-D-glucosamine(anhydrous)N-Acetylmuramyl-tetrapeptide,anhgm4p,,,MNXM63488,,ZTOWCORYLXDAAW,ok,other_reactant,other_reactant,other_reactant,,,,not_registry_matched,not_assessable,False,6,6
ecoli,anhgm_c,N-Acetyl-D-glucosamine(anhydrous)N-Acetylmuramic acid,anhgm,,,MNXM3060,,,missing_smiles,other_reactant,other_reactant,other_reactant,,,,not_registry_matched,not_assessable,False,1,1
ecoli,anhgm_e,N-Acetyl-D-glucosamine(anhydrous)N-Acetylmuramic acid,anhgm,,,MNXM3060,,,missing_smiles,other_reactant,other_reactant,other_reactant,,,,not_registry_matched,not_assessable,False,4,4
ecoli,anhgm_p,N-Acetyl-D-glucosamine(anhydrous)N-Acetylmuramic acid,anhgm,,,MNXM3060,,,missing_smiles,other_reactant,other_reactant,other_reactant,,,,not_registry_matched,not_assessable,False,5,5
ecoli,anhm3p_c,"1,6-anhydrous-N-Acetylmuramyl-tripeptide",anhm3p,,,MNXM32389,45479254,KGVLFEPQSVUIRC,ok,other_reactant,other_reactant,other_reactant,,,,not_registry_matched,not_assessable,False,1,1
ecoli,anhm4p_c,"1,6-anhydrous-N-Acetylmuramyl-tetrapeptide",anhm4p,,,MNXM5405,45479476,OUWAMZWZTFUVMV,ok,other_reactant,other_reactant,other_reactant,,,,not_registry_matched,not_assessable,False,2,2
ecoli,anhm_c,"1,6-anhydrous-N-Acetylmuramate",anhm,,,MNXM90585,,,missing_smiles,other_reactant,other_reactant,other_reactant,,,,not_registry_matched,not_assessable,False,1,1
ecoli,anth_c,Anthranilate,anth,C00108,CHEBI:13841;CHEBI:16567;CHEBI:22575;CHEBI:22577;CHEBI:22578;CHEBI:2757;CHEBI:30754;CHEBI:40980,MNXM188,5459842,RWZYAGGXGHYGMB,ok,other_reactant,other_reactant,other_reactant,,,,not_registry_matched,not_assessable,False,2,2
ecoli,ap4a_c,"P1,P4-Bis(5'-adenosyl) tetraphosphate",ap4a,C01260,CHEBI:12726;CHEBI:12729;CHEBI:17422;CHEBI:21998;CHEBI:58141;CHEBI:7875,MNXM1089,21706,YOAHKNVSNCMZGQ,ok,other_reactant,other_reactant,other_reactant,,,,not_registry_matched,not_assessable,False,1,1
ecoli,ap5a_c,"P1,P5-Bis(5'-adenosyl) pentaphosphate",ap5a,C04058,CHEBI:22002;CHEBI:28898;CHEBI:3120;CHEBI:62041,MNXM2412,440210,OIMACDRJUANHTJ,ok,other_reactant,other_reactant,other_reactant,,,,not_registry_matched,not_assessable,False,1,1
ecoli,apoACP_c,Apoprotein [acyl carrier protein],apoACP,,,MNXM2214,,,missing_smiles,other_reactant,other_reactant,other_reactant,,,,not_registry_matched,not_assessable,False,2,2
ecoli,appl_c,1-Aminopropan-2-ol,appl,C03194;C05771,CHEBI:10963;CHEBI:15675;CHEBI:18642;CHEBI:19030;CHEBI:303;CHEBI:42677;CHEBI:610,MNXM1029,439938,HXKKHQJGJAFBHI,ok,other_reactant,other_reactant,other_reactant,,,,not_registry_matched,not_assessable,False,1,1
ecoli,aps_c,Adenosine 5'-phosphosulfate,aps,C00224,CHEBI:12059;CHEBI:13741;CHEBI:13743;CHEBI:17709;CHEBI:22247;CHEBI:2486;CHEBI:40562;CHEBI:58243,MNXM287,10238,IRLPACMLTUPBCL,ok,other_reactant,other_reactant,other_reactant,,,,not_registry_matched,not_assessable,False,1,1
ecoli,ara5p_c,D-Arabinose 5-phosphate,ara5p,C01112,CHEBI:12916;CHEBI:16241;CHEBI:20915;CHEBI:4104;CHEBI:57693;CHEBI:79058,MNXM1184,188324,PPQRONHOSHZGFQ,ok,other_reactant,other_reactant,other_reactant,,,,not_registry_matched,not_assessable,False,3,3
ecoli,arab__D_c,D Arabinose C5H10O5,arab__D,C00216,CHEBI:46994,MNXM544,6902,SRBFZHDQGSBBOR,ok,other_reactant,other_reactant,other_reactant,,,,not_registry_matched,not_assessable,False,1,1
ecoli,arab__L_c,L-Arabinose,arab__L,C11476,CHEBI:6182,MNXM91126,5460291,PYMYPHUHKUWMLA,ok,other_reactant,other_reactant,other_reactant,,,,not_registry_matched,not_assessable,False,3,3
ecoli,arab__L_e,L-Arabinose,arab__L,C11476,CHEBI:6182,MNXM91126,5460291,PYMYPHUHKUWMLA,ok,other_reactant,other_reactant,other_reactant,,,,not_registry_matched,not_assessable,False,4,4
ecoli,arab__L_p,L-Arabinose,arab__L,C11476,CHEBI:6182,MNXM91126,5460291,PYMYPHUHKUWMLA,ok,other_reactant,other_reactant,other_reactant,,,,not_registry_matched,not_assessable,False,6,6
ecoli,aragund_c,O-acetyl-rhamanosyl-N-acetylglucosamyl-undecaprenyl diphosphate,aragund,,,MNXM65126,46173140,WYHMIVUCEAXZMZ,ok,other_reactant,other_reactant,other_reactant,,,,not_registry_matched,not_assessable,False,1,1
ecoli,arbt6p_c,Arbutin 6-phosphate,arbt6p,C06187,CHEBI:2807;CHEBI:60929,MNXM2806,440937,FBHYCDOVYMVLEN,ok,other_reactant,other_reactant,other_reactant,,,,not_registry_matched,not_assessable,False,3,3
ecoli,arbt_e,Arbutin C12H16O7,arbt,C06186,CHEBI:14417;CHEBI:18305;CHEBI:2806,MNXM2683,440936,BJRNKVDFDLYUGJ,ok,other_reactant,other_reactant,other_reactant,,,,not_registry_matched,not_assessable,False,4,4
ecoli,arbt_p,Arbutin C12H16O7,arbt,C06186,CHEBI:14417;CHEBI:18305;CHEBI:2806,MNXM2683,440936,BJRNKVDFDLYUGJ,ok,other_reactant,other_reactant,other_reactant,,,,not_registry_matched,not_assessable,False,2,2
ecoli,arbtn_e,Aerobactin minus Fe3,arbtn,,,MNXM96506,25244827,KDHHWXGBNUCREU,ok,other_reactant,other_reactant,other_reactant,,,,not_registry_matched,not_assessable,False,1,1
ecoli,arbtn_fe3_p,Aerobactin,arbtn_fe3,C05554,CHEBI:13745;CHEBI:18157;CHEBI:2499;CHEBI:58396,MNXM1464,123762,KDHHWXGBNUCREU,ok,other_reactant,other_reactant,other_reactant,,,,not_registry_matched,not_assessable,False,1,1
ecoli,arg__L_c,L-Arginine,arg__L,C00062;C02385,CHEBI:13077;CHEBI:133495;CHEBI:16467;CHEBI:21235;CHEBI:22616;CHEBI:2643;CHEBI:29016;CHEBI:32681;CHEBI:32682;CHEBI:32683;CHEBI:32695;CHEBI:32696;CHEBI:32697;CHEBI:42927;CHEBI:6185,MNXM70,6322,ODKSFYDXXFIFQN,ok,other_reactant,other_reactant,other_reactant,,,,not_registry_matched,not_assessable,False,6,6
ecoli,arg__L_e,L-Arginine,arg__L,C00062;C02385,CHEBI:13077;CHEBI:133495;CHEBI:16467;CHEBI:21235;CHEBI:22616;CHEBI:2643;CHEBI:29016;CHEBI:32681;CHEBI:32682;CHEBI:32683;CHEBI:32695;CHEBI:32696;CHEBI:32697;CHEBI:42927;CHEBI:6185,MNXM70,6322,ODKSFYDXXFIFQN,ok,other_reactant,other_reactant,other_reactant,,,,not_registry_matched,not_assessable,False,4,4
ecoli,arg__L_p,L-Arginine,arg__L,C00062;C02385,CHEBI:13077;CHEBI:133495;CHEBI:16467;CHEBI:21235;CHEBI:22616;CHEBI:2643;CHEBI:29016;CHEBI:32681;CHEBI:32682;CHEBI:32683;CHEBI:32695;CHEBI:32696;CHEBI:32697;CHEBI:42927;CHEBI:6185,MNXM70,6322,ODKSFYDXXFIFQN,ok,other_reactant,other_reactant,other_reactant,,,,not_registry_matched,not_assessable,False,10,10
ecoli,argsuc_c,N(omega)-(L-Arginino)succinate,argsuc,C03406,CHEBI:10960;CHEBI:15682;CHEBI:21475;CHEBI:57472;CHEBI:7098,MNXM550,439998,KDZOASGQNOPSCU,ok,other_reactant,other_reactant,other_reactant,,,,not_registry_matched,not_assessable,False,1,1
ecoli,ascb6p_c,L-ascorbate-6-phosphate,ascb6p,C16186,CHEBI:61698;CHEBI:61701;CHEBI:80368,MNXM2689,54735473,KIENGQUGHPTFGC,ok,other_reactant,other_reactant,other_reactant,,,,not_registry_matched,not_assessable,False,1,1
ecoli,ascb__L_e,L-Ascorbate,ascb__L,C00072;C20364,CHEBI:13082;CHEBI:13861;CHEBI:17208;CHEBI:21240;CHEBI:2868;CHEBI:29073;CHEBI:38290;CHEBI:40892;CHEBI:43473,MNXM89592,54670067,CIWBSHSKHKDKBQ,ok,other_reactant,other_reactant,other_reactant,,,,not_registry_matched,not_assessable,False,4,4
ecoli,ascb__L_p,L-Ascorbate,ascb__L,C00072;C20364,CHEBI:13082;CHEBI:13861;CHEBI:17208;CHEBI:21240;CHEBI:2868;CHEBI:29073;CHEBI:38290;CHEBI:40892;CHEBI:43473,MNXM89592,54670067,CIWBSHSKHKDKBQ,ok,other_reactant,other_reactant,other_reactant,,,,not_registry_matched,not_assessable,False,5,5
ecoli,asn__L_c,L-Asparagine,asn__L,C00152;C16438,CHEBI:13083;CHEBI:17196;CHEBI:21242;CHEBI:22653;CHEBI:32650;CHEBI:32651;CHEBI:32660;CHEBI:32661;CHEBI:40902;CHEBI:58048;CHEBI:6191,MNXM147,6267,DCXYFEDJOCDNAF,ok,other_reactant,other_reactant,other_reactant,,,,not_registry_matched,not_assessable,False,3,3
ecoli,asn__L_e,L-Asparagine,asn__L,C00152;C16438,CHEBI:13083;CHEBI:17196;CHEBI:21242;CHEBI:22653;CHEBI:32650;CHEBI:32651;CHEBI:32660;CHEBI:32661;CHEBI:40902;CHEBI:58048;CHEBI:6191,MNXM147,6267,DCXYFEDJOCDNAF,ok,other_reactant,other_reactant,other_reactant,,,,not_registry_matched,not_assessable,False,4,4
ecoli,asn__L_p,L-Asparagine,asn__L,C00152;C16438,CHEBI:13083;CHEBI:17196;CHEBI:21242;CHEBI:22653;CHEBI:32650;CHEBI:32651;CHEBI:32660;CHEBI:32661;CHEBI:40902;CHEBI:58048;CHEBI:6191,MNXM147,6267,DCXYFEDJOCDNAF,ok,other_reactant,other_reactant,other_reactant,,,,not_registry_matched,not_assessable,False,6,6
ecoli,aso3_c,Arsenite,aso3,C06697,CHEBI:13857;CHEBI:22635;CHEBI:2846;CHEBI:29242;CHEBI:29243;CHEBI:29866;CHEBI:49899;CHEBI:49900,MNXM658,6857431,GCPXMJHSNVMWNM,ok,other_reactant,other_reactant,other_reactant,,,,not_registry_matched,not_assessable,False,1,1
ecoli,aso3_e,Arsenite,aso3,C06697,CHEBI:13857;CHEBI:22635;CHEBI:2846;CHEBI:29242;CHEBI:29243;CHEBI:29866;CHEBI:49899;CHEBI:49900,MNXM658,6857431,GCPXMJHSNVMWNM,ok,other_reactant,other_reactant,other_reactant,,,,not_registry_matched,not_assessable,False,4,4
ecoli,aso3_p,Arsenite,aso3,C06697,CHEBI:13857;CHEBI:22635;CHEBI:2846;CHEBI:29242;CHEBI:29243;CHEBI:29866;CHEBI:49899;CHEBI:49900,MNXM658,6857431,GCPXMJHSNVMWNM,ok,other_reactant,other_reactant,other_reactant,,,,not_registry_matched,not_assessable,False,4,4
ecoli,aso4_c,Arsenate,aso4,C01478;C11215;C18647;C18648,CHEBI:13856;CHEBI:18231;CHEBI:22629;CHEBI:22631;CHEBI:2843;CHEBI:2844;CHEBI:29125;CHEBI:48597;CHEBI:48600;CHEBI:81880,MNXM970,234,DJHGAFSJWGLOIV,ok,other_reactant,other_reactant,other_reactant,,,,not_registry_matched,not_assessable,False,1,1
ecoli,asp__L_c,L-Aspartate,asp__L,C00049;C16433,CHEBI:13085;CHEBI:132943;CHEBI:17053;CHEBI:21244;CHEBI:21247;CHEBI:22659;CHEBI:22660;CHEBI:29991;CHEBI:29992;CHEBI:29993;CHEBI:29995;CHEBI:35391;CHEBI:40853;CHEBI:40900;CHEBI:40913;CHEBI:40942;CHEBI:6193,MNXM42,5960,CKLJMWTZIZZHCS,ok,other_reactant,other_reactant,other_reactant,,,,not_registry_matched,not_assessable,False,23,23
ecoli,asp__L_e,L-Aspartate,asp__L,C00049;C16433,CHEBI:13085;CHEBI:132943;CHEBI:17053;CHEBI:21244;CHEBI:21247;CHEBI:22659;CHEBI:22660;CHEBI:29991;CHEBI:29992;CHEBI:29993;CHEBI:29995;CHEBI:35391;CHEBI:40853;CHEBI:40900;CHEBI:40913;CHEBI:40942;CHEBI:6193,MNXM42,5960,CKLJMWTZIZZHCS,ok,other_reactant,other_reactant,other_reactant,,,,not_registry_matched,not_assessable,False,4,4
ecoli,asp__L_p,L-Aspartate,asp__L,C00049;C16433,CHEBI:13085;CHEBI:132943;CHEBI:17053;CHEBI:21244;CHEBI:21247;CHEBI:22659;CHEBI:22660;CHEBI:29991;CHEBI:29992;CHEBI:29993;CHEBI:29995;CHEBI:35391;CHEBI:40853;CHEBI:40900;CHEBI:40913;CHEBI:40942;CHEBI:6193,MNXM42,5960,CKLJMWTZIZZHCS,ok,other_reactant,other_reactant,other_reactant,,,,not_registry_matched,not_assessable,False,13,13
ecoli,aspsa_c,L-Aspartate 4-semialdehyde,aspsa,C00441,CHEBI:13086;CHEBI:13087;CHEBI:18051;CHEBI:21245;CHEBI:40847;CHEBI:537519;CHEBI:6194,MNXM361,5461143,HOSWPDPVFBCLSY,ok,other_reactant,other_reactant,other_reactant,,,,not_registry_matched,not_assessable,False,4,4
ecoli,athr__L_c,L-Allo-threonine,athr__L,C05519,CHEBI:21221;CHEBI:28718;CHEBI:38262;CHEBI:40698;CHEBI:58585;CHEBI:6174,MNXM2125,99289,AYFVYJQAPQTCCC,ok,other_reactant,other_reactant,other_reactant,,,,not_registry_matched,not_assessable,False,3,3
ecoli,atp_c,ATP C10H12N5O13P3,atp,C00002,CHEBI:10789;CHEBI:10841;CHEBI:13236;CHEBI:15422;CHEBI:22249;CHEBI:2359;CHEBI:237958;CHEBI:30616;CHEBI:40938;CHEBI:57299,MNXM3,5957,ZKHQWZAMYRWXGA,ok,energy_nucleotide,energy_nucleotide,currency_or_cofactor,ATP,normalized_name;bigg_ids:atp;kegg_ids:c00002;chebi_ids:chebi:30616;metanetx_ids:mnxm3;pubchem_cids:5957;inchikey_connectivity:zkhqwzamyrwxga,normalized_name;bigg_ids;kegg_ids;chebi_ids;metanetx_ids;pubchem_cids;inchikey_connectivity,multiple_evidence_types,consistent,False,400,400
ecoli,b2coa_c,Crotonoyl-CoA,b2coa,C00877,CHEBI:11531;CHEBI:13921;CHEBI:14031;CHEBI:14032;CHEBI:15473;CHEBI:23408;CHEBI:36926;CHEBI:3928;CHEBI:41612;CHEBI:57332;CHEBI:58669,MNXM214,5497143,KFWWCMJSYSSPSK,ok,carrier_linked_metabolite,carrier_linked_metabolite,carrier_linked_variable,,normalized_name:coa_linked,normalized_name,name_only,not_assessable,False,3,3
ecoli,bbtcoa_c,Gamma-butyrobetainyl-CoA,bbtcoa,C20749,CHEBI:61513;CHEBI:61517,MNXM5762,50909885,QAMRRBGWSPTAEJ,ok,carrier_linked_metabolite,carrier_linked_metabolite,carrier_linked_variable,,normalized_name:coa_linked,normalized_name,name_only,not_assessable,False,1,1
ecoli,betald_c,Betaine aldehyde,betald,C00576,CHEBI:13896;CHEBI:15710;CHEBI:22859;CHEBI:3074;CHEBI:41256,MNXM457,249,SXKNCCSPZDCRFD,ok,other_reactant,other_reactant,other_reactant,,,,not_registry_matched,not_assessable,False,2,2
ecoli,bglycogen_c,Branching glycogen,bglycogen,,,MNXM8348,,,missing_smiles,other_reactant,other_reactant,other_reactant,,,,not_registry_matched,not_assessable,False,3,3
ecoli,bmoco1gdp_c,Bis-molybdopterin mono-guanine dinucleotide,bmoco1gdp,,,MNXM148110,,,missing_smiles,other_reactant,other_reactant,other_reactant,,,,not_registry_matched,not_assessable,False,1,1
ecoli,bmoco_c,Bis-molybdenum cofactor,bmoco,,,MNXM147053,,,missing_smiles,other_reactant,other_reactant,other_reactant,,,,not_registry_matched,not_assessable,False,1,1
ecoli,btcoa_c,Butanoyl-CoA,btcoa,C00136,CHEBI:13926;CHEBI:15517;CHEBI:22953;CHEBI:22973;CHEBI:3235;CHEBI:57371,MNXM233,122283,CRFNGMNYKDXRTN,ok,carrier_linked_metabolite,carrier_linked_metabolite,carrier_linked_variable,,normalized_name:coa_linked,normalized_name,name_only,not_assessable,False,3,3
ecoli,btn_e,Biotin,btn,C00120,CHEBI:13905;CHEBI:15956;CHEBI:22882;CHEBI:22884;CHEBI:3108;CHEBI:41236;CHEBI:57586,MNXM304,171548,YBJHBAHKTGYVGT,ok,other_reactant,other_reactant,other_reactant,,,,not_registry_matched,not_assessable,False,4,4
ecoli,btn_p,Biotin,btn,C00120,CHEBI:13905;CHEBI:15956;CHEBI:22882;CHEBI:22884;CHEBI:3108;CHEBI:41236;CHEBI:57586,MNXM304,171548,YBJHBAHKTGYVGT,ok,other_reactant,other_reactant,other_reactant,,,,not_registry_matched,not_assessable,False,4,4
ecoli,btnso_c,D-biotin d-sulfoxide,btnso,C20386,CHEBI:62046;CHEBI:62193,MNXM3932,25244087,KCSKCIQYNAOBNQ,ok,other_reactant,other_reactant,other_reactant,,,,not_registry_matched,not_assessable,False,2,2
ecoli,but2eACP_c,But-2-enoyl-[acyl-carrier protein],but2eACP,C04246,,MNXM3229,6197972,YTTALSLGBLXCOB,ok,other_reactant,other_reactant,other_reactant,,,,not_registry_matched,not_assessable,False,2,2
ecoli,butACP_c,Butyryl-ACP (n-C4:0ACP),butACP,,,MNXM90458,,,inchikey_unavailable,other_reactant,other_reactant,other_reactant,,,,not_registry_matched,not_assessable,False,2,2
ecoli,but_c,Butyrate (n-C4:0),but,,,MNXM162281,,FERIUCNNQQJTOY,ok,other_reactant,other_reactant,other_reactant,,,,not_registry_matched,not_assessable,False,2,2
ecoli,but_e,Butyrate (n-C4:0),but,,,MNXM162281,,FERIUCNNQQJTOY,ok,other_reactant,other_reactant,other_reactant,,,,not_registry_matched,not_assessable,False,4,4
ecoli,but_p,Butyrate (n-C4:0),but,,,MNXM162281,,FERIUCNNQQJTOY,ok,other_reactant,other_reactant,other_reactant,,,,not_registry_matched,not_assessable,False,5,5
ecoli,butso3_c,Butanesulfonate,butso3,,,MNXM7138,3704751,QDHFHIQKOVNCNC,ok,other_reactant,other_reactant,other_reactant,,,,not_registry_matched,not_assessable,False,1,1
ecoli,butso3_e,Butanesulfonate,butso3,,,MNXM7138,3704751,QDHFHIQKOVNCNC,ok,other_reactant,other_reactant,other_reactant,,,,not_registry_matched,not_assessable,False,4,4
ecoli,butso3_p,Butanesulfonate,butso3,,,MNXM7138,3704751,QDHFHIQKOVNCNC,ok,other_reactant,other_reactant,other_reactant,,,,not_registry_matched,not_assessable,False,6,6
ecoli,bwco1gdp_c,Tungsten bispterin cofactor mono-guanine dinucleotide,bwco1gdp,,,MNXM148530,,,missing_smiles,other_reactant,other_reactant,other_reactant,,,,not_registry_matched,not_assessable,False,1,1
ecoli,bwco_c,Tungsten bispterin cofactor,bwco,,,MNXM148529,,,missing_smiles,other_reactant,other_reactant,other_reactant,,,,not_registry_matched,not_assessable,False,1,1
ecoli,ca2_c,Calcium,ca2,C00076;C08130;C12277;C13140;C13189;C17392;C18381,CHEBI:22988;CHEBI:29108;CHEBI:3308;CHEBI:39123;CHEBI:48760,MNXM128,271,BHPQYMZQTOCNFJ,ok,other_reactant,other_reactant,other_reactant,,,,not_registry_matched,not_assessable,False,2,2
ecoli,ca2_e,Calcium,ca2,C00076;C08130;C12277;C13140;C13189;C17392;C18381,CHEBI:22988;CHEBI:29108;CHEBI:3308;CHEBI:39123;CHEBI:48760,MNXM128,271,BHPQYMZQTOCNFJ,ok,other_reactant,other_reactant,other_reactant,,,,not_registry_matched,not_assessable,False,4,4
ecoli,ca2_p,Calcium,ca2,C00076;C08130;C12277;C13140;C13189;C17392;C18381,CHEBI:22988;CHEBI:29108;CHEBI:3308;CHEBI:39123;CHEBI:48760,MNXM128,271,BHPQYMZQTOCNFJ,ok,other_reactant,other_reactant,other_reactant,,,,not_registry_matched,not_assessable,False,5,5
ecoli,camp_c,CAMP C10H11N5O6P,camp,C00575,CHEBI:11673;CHEBI:1325;CHEBI:17489;CHEBI:19827;CHEBI:41588;CHEBI:58165,MNXM243,6076,IVOMOUWHDPKRLL,ok,other_reactant,other_reactant,other_reactant,,,,not_registry_matched,not_assessable,False,2,2
ecoli,cbasp_c,N-Carbamoyl-L-aspartate,cbasp,C00438,CHEBI:12496;CHEBI:12593;CHEBI:15859;CHEBI:21687;CHEBI:21688;CHEBI:32814;CHEBI:44316;CHEBI:7257,MNXM465,93072,HLKXYZVTANABHZ,ok,other_reactant,other_reactant,other_reactant,,,,not_registry_matched,not_assessable,False,1,1
ecoli,cbi_c,Cobinamide,cbi,,CHEBI:48529,MNXM1549,91820010,WBSQUSZTMQSUEW,ok,other_reactant,other_reactant,other_reactant,,,,not_registry_matched,not_assessable,False,1,1
ecoli,cbi_e,Cobinamide,cbi,,CHEBI:48529,MNXM1549,91820010,WBSQUSZTMQSUEW,ok,other_reactant,other_reactant,other_reactant,,,,not_registry_matched,not_assessable,False,1,1
ecoli,cbi_p,Cobinamide,cbi,,CHEBI:48529,MNXM1549,91820010,WBSQUSZTMQSUEW,ok,other_reactant,other_reactant,other_reactant,,,,not_registry_matched,not_assessable,False,1,1
ecoli,cbl1_c,Cob(I)alamin,cbl1,C00853,CHEBI:14004;CHEBI:15982;CHEBI:23328;CHEBI:3784;CHEBI:60488,MNXM91519,25195380,XIMXJQOPHNZJDD,ok,other_reactant,other_reactant,other_reactant,,,,not_registry_matched,not_assessable,False,1,1
ecoli,cbl1_e,Cob(I)alamin,cbl1,C00853,CHEBI:14004;CHEBI:15982;CHEBI:23328;CHEBI:3784;CHEBI:60488,MNXM91519,25195380,XIMXJQOPHNZJDD,ok,other_reactant,other_reactant,other_reactant,,,,not_registry_matched,not_assessable,False,1,1
ecoli,cbl1_p,Cob(I)alamin,cbl1,C00853,CHEBI:14004;CHEBI:15982;CHEBI:23328;CHEBI:3784;CHEBI:60488,MNXM91519,25195380,XIMXJQOPHNZJDD,ok,other_reactant,other_reactant,other_reactant,,,,not_registry_matched,not_assessable,False,1,1
ecoli,cbm_c,Carbamate,cbm,C01563,CHEBI:13941;CHEBI:22504;CHEBI:23002;CHEBI:28616;CHEBI:3386;CHEBI:44573,MNXM742,276,KXDHJXZQYSOELW,ok,other_reactant,other_reactant,other_reactant,,,,not_registry_matched,not_assessable,False,1,1
ecoli,cbp_c,Carbamoyl phosphate,cbp,C00169,CHEBI:13942;CHEBI:17672;CHEBI:23005;CHEBI:3389;CHEBI:41567;CHEBI:58228,MNXM138,278,FFQKYPRQEYGKAF,ok,other_reactant,other_reactant,other_reactant,,,,not_registry_matched,not_assessable,False,5,5
ecoli,cd2_c,Cadmium,cd2,C15233,CHEBI:3290;CHEBI:48773;CHEBI:48775,MNXM4505,31193,WLZRMCYVCSSEQC,ok,other_reactant,other_reactant,other_reactant,,,,not_registry_matched,not_assessable,False,3,3
ecoli,cd2_e,Cadmium,cd2,C15233,CHEBI:3290;CHEBI:48773;CHEBI:48775,MNXM4505,31193,WLZRMCYVCSSEQC,ok,other_reactant,other_reactant,other_reactant,,,,not_registry_matched,not_assessable,False,4,4
ecoli,cd2_p,Cadmium,cd2,C15233,CHEBI:3290;CHEBI:48773;CHEBI:48775,MNXM4505,31193,WLZRMCYVCSSEQC,ok,other_reactant,other_reactant,other_reactant,,,,not_registry_matched,not_assessable,False,5,5
ecoli,cddec5eACP_c,Cis-dodec-5-enoyl-[acyl-carrier protein] (n-C12:1),cddec5eACP,,,MNXM163784,,,missing_smiles,other_reactant,other_reactant,other_reactant,,,,not_registry_matched,not_assessable,False,1,1
ecoli,cdec3eACP_c,Cis-dec-3-enoyl-[acyl-carrier protein] (n-C10:1),cdec3eACP,,,MNXM7186,,,inchikey_unavailable,other_reactant,other_reactant,other_reactant,,,,not_registry_matched,not_assessable,False,2,2
ecoli,cdg_c,7-deaza-7-carboxyguanine,cdg,C20248,CHEBI:61036;CHEBI:61125,MNXM5026,136041714,XIUIRSLBMMTDSK,ok,other_reactant,other_reactant,other_reactant,,,,not_registry_matched,not_assessable,False,1,1
ecoli,cdigmp_c,Cyclic diguanosine monophosphate,cdigmp,,,MNXM148172,135440063,PKFDLKSEZWEFGL,ok,other_reactant,other_reactant,other_reactant,,,,not_registry_matched,not_assessable,False,5,5
ecoli,cdp_c,CDP C9H12N3O11P2,cdp,C00112,CHEBI:13254;CHEBI:17239;CHEBI:23519;CHEBI:3260;CHEBI:41451;CHEBI:58069,MNXM220,6132,ZWIADYZPOWUWEW,ok,energy_nucleotide,energy_nucleotide,currency_or_cofactor,CDP,normalized_name;bigg_ids:cdp;kegg_ids:c00112;chebi_ids:chebi:58069;metanetx_ids:mnxm220;pubchem_cids:6132;inchikey_connectivity:zwiadyzpowuwew,normalized_name;bigg_ids;kegg_ids;chebi_ids;metanetx_ids;pubchem_cids;inchikey_connectivity,multiple_evidence_types,consistent,False,11,11
ecoli,cdpdddecg_c,"CDP-1,2-didodecanoylglycerol",cdpdddecg,,,MNXM4507,118987286,PTPPKXVNJJIECF,ok,other_reactant,other_reactant,other_reactant,,,,not_registry_matched,not_assessable,False,3,3
ecoli,cdpdhdec9eg_c,"CDP-1,2-dihexadec-9-enoylglycerol",cdpdhdec9eg,,CHEBI:104012,MNXM4508,118987295,LBKBJHVQQNUXGQ,ok,other_reactant,other_reactant,other_reactant,,,,not_registry_matched,not_assessable,False,3,3
ecoli,cdpdhdecg_c,"CDP-1,2-dihexadecanoylglycerol",cdpdhdecg,,,MNXM3232,,,missing_smiles,other_reactant,other_reactant,other_reactant,,,,not_registry_matched,not_assessable,False,3,3
ecoli,cdpdodec11eg_c,"CDP-1,2-dioctadec-11-enoylglycerol",cdpdodec11eg,,CHEBI:104362,MNXM4509,118987296,KISJWPWNABZPGN,ok,other_reactant,other_reactant,other_reactant,,,,not_registry_matched,not_assessable,False,3,3
ecoli,cdpdodecg_c,"CDP-1,2-dioctadecanoylglycerol",cdpdodecg,,CHEBI:104121,MNXM45856,49859560,PDCWLWQTNQCGRI,ok,other_reactant,other_reactant,other_reactant,,,,not_registry_matched,not_assessable,False,3,3
ecoli,cdpdtdec7eg_c,"CDP-1,2-ditetradec-7-enoylglycerol",cdpdtdec7eg,,CHEBI:103990,MNXM4511,118987294,VDJIEKQUDMPHPA,ok,other_reactant,other_reactant,other_reactant,,,,not_registry_matched,not_assessable,False,3,3
ecoli,cdpdtdecg_c,"CDP-1,2-ditetradecanoylglycerol",cdpdtdecg,,CHEBI:103211,MNXM4512,102515033,ICFWXMWHAMIZGF,ok,other_reactant,other_reactant,other_reactant,,,,not_registry_matched,not_assessable,False,3,3
ecoli,cechddd_c,"Cis-3-(3-carboxyethyl)-3,5-cyclohexadiene-1,2-diol",cechddd,,CHEBI:48690;CHEBI:48691;CHEBI:60087;CHEBI:60088,MNXM1636,9543128,RKDFGWAXBBGKMR,ok,other_reactant,other_reactant,other_reactant,,,,not_registry_matched,not_assessable,False,1,1
ecoli,cellb_e,Cellobiose,cellb,C00185;C06421;C06422,CHEBI:10358;CHEBI:22836;CHEBI:35462;CHEBI:36217;CHEBI:41353,MNXM1142,10712,GUBGYTABKSRVRQ,ok,other_reactant,other_reactant,other_reactant,,,,not_registry_matched,not_assessable,False,6,6
ecoli,cellb_p,Cellobiose,cellb,C00185;C06421;C06422,CHEBI:10358;CHEBI:22836;CHEBI:35462;CHEBI:36217;CHEBI:41353,MNXM1142,10712,GUBGYTABKSRVRQ,ok,other_reactant,other_reactant,other_reactant,,,,not_registry_matched,not_assessable,False,4,4
ecoli,cenchddd_c,"Cis-3-(3-carboxyethenyl)-3,5-cyclohexadiene-1,2-diol",cenchddd,C12622,CHEBI:49071;CHEBI:60108;CHEBI:61451;CHEBI:61462,MNXM2161,5282145,AEUBLTTWYCDTGM,ok,other_reactant,other_reactant,other_reactant,,,,not_registry_matched,not_assessable,False,1,1
ecoli,cgly_c,Cys Gly C5H10N2O3S,cgly,C01419,CHEBI:4047;CHEBI:61694,MNXM683,439498,ZUKPVRWZDMRIEO,ok,other_reactant,other_reactant,other_reactant,,,,not_registry_matched,not_assessable,False,4,4
ecoli,cgly_e,Cys Gly C5H10N2O3S,cgly,C01419,CHEBI:4047;CHEBI:61694,MNXM683,439498,ZUKPVRWZDMRIEO,ok,other_reactant,other_reactant,other_reactant,,,,not_registry_matched,not_assessable,False,4,4
ecoli,cgly_p,Cys Gly C5H10N2O3S,cgly,C01419,CHEBI:4047;CHEBI:61694,MNXM683,439498,ZUKPVRWZDMRIEO,ok,other_reactant,other_reactant,other_reactant,,,,not_registry_matched,not_assessable,False,5,5
ecoli,chol_c,Choline C5H14NO,chol,C00114,CHEBI:13985;CHEBI:15354;CHEBI:23212;CHEBI:3665;CHEBI:41524;CHEBI:72322,MNXM90,305,OEYIOHPDSNJKLS,ok,other_reactant,other_reactant,other_reactant,,,,not_registry_matched,not_assessable,False,2,2
ecoli,chol_e,Choline C5H14NO,chol,C00114,CHEBI:13985;CHEBI:15354;CHEBI:23212;CHEBI:3665;CHEBI:41524;CHEBI:72322,MNXM90,305,OEYIOHPDSNJKLS,ok,other_reactant,other_reactant,other_reactant,,,,not_registry_matched,not_assessable,False,4,4
ecoli,chol_p,Choline C5H14NO,chol,C00114,CHEBI:13985;CHEBI:15354;CHEBI:23212;CHEBI:3665;CHEBI:41524;CHEBI:72322,MNXM90,305,OEYIOHPDSNJKLS,ok,other_reactant,other_reactant,other_reactant,,,,not_registry_matched,not_assessable,False,7,7
ecoli,cholate_c,Cholate c,cholate,C00695,CHEBI:11895;CHEBI:13978;CHEBI:16359;CHEBI:1694;CHEBI:20216;CHEBI:20223;CHEBI:23168;CHEBI:23210;CHEBI:29077;CHEBI:29747;CHEBI:41494;CHEBI:57748,MNXM450,221493,BHQCQFFYRZLCQQ,ok,other_reactant,other_reactant,other_reactant,,,,not_registry_matched,not_assessable,False,2,2
ecoli,chor_c,Chorismate,chor,C00251,CHEBI:13993;CHEBI:17333;CHEBI:23225;CHEBI:23227;CHEBI:29748;CHEBI:3677,MNXM337,12039,WTFXTQVDAKGDEY,ok,other_reactant,other_reactant,other_reactant,,,,not_registry_matched,not_assessable,False,8,8
ecoli,chtbs6p_c,Diacetylchitobiose-6-phosphate,chtbs6p,C21152,CHEBI:64883;CHEBI:64897,MNXM11353,46926222,KYKNQNQCPWDNAK,ok,other_reactant,other_reactant,other_reactant,,,,not_registry_matched,not_assessable,False,1,1
ecoli,chtbs_e,"N,N'-diacetylchitobiose",chtbs,C01674,CHEBI:28681;CHEBI:3597;CHEBI:701011,MNXM1680,439544,CDOJPCSDOXYJJF,ok,other_reactant,other_reactant,other_reactant,,,,not_registry_matched,not_assessable,False,5,5
ecoli,chtbs_p,"N,N'-diacetylchitobiose",chtbs,C01674,CHEBI:28681;CHEBI:3597;CHEBI:701011,MNXM1680,439544,CDOJPCSDOXYJJF,ok,other_reactant,other_reactant,other_reactant,,,,not_registry_matched,not_assessable,False,6,6
ecoli,cinnm_c,Trans-Cinnamate,cinnm,C00423;C10438,CHEBI:10720;CHEBI:10955;CHEBI:12871;CHEBI:12879;CHEBI:15669;CHEBI:23248;CHEBI:23250;CHEBI:27072;CHEBI:27073;CHEBI:27386;CHEBI:35697;CHEBI:3710;CHEBI:45845,MNXM438,5957728,WBYWAXJHAXSJNI,ok,other_reactant,other_reactant,other_reactant,,,,not_registry_matched,not_assessable,False,1,1
ecoli,cit_c,Citrate,cit,C00158;C13660,CHEBI:132362;CHEBI:133748;CHEBI:13999;CHEBI:16947;CHEBI:23321;CHEBI:23322;CHEBI:30769;CHEBI:35802;CHEBI:35804;CHEBI:35806;CHEBI:35808;CHEBI:35809;CHEBI:35810;CHEBI:3727;CHEBI:41523;CHEBI:42563;CHEBI:76049;CHEBI:79399,MNXM131,15012407,KRKNYBCHXYNGOX,ok,other_reactant,other_reactant,other_reactant,,,,not_registry_matched,not_assessable,False,3,3
ecoli,cit_e,Citrate,cit,C00158;C13660,CHEBI:132362;CHEBI:133748;CHEBI:13999;CHEBI:16947;CHEBI:23321;CHEBI:23322;CHEBI:30769;CHEBI:35802;CHEBI:35804;CHEBI:35806;CHEBI:35808;CHEBI:35809;CHEBI:35810;CHEBI:3727;CHEBI:41523;CHEBI:42563;CHEBI:76049;CHEBI:79399,MNXM131,15012407,KRKNYBCHXYNGOX,ok,other_reactant,other_reactant,other_reactant,,,,not_registry_matched,not_assessable,False,5,5
ecoli,cit_p,Citrate,cit,C00158;C13660,CHEBI:132362;CHEBI:133748;CHEBI:13999;CHEBI:16947;CHEBI:23321;CHEBI:23322;CHEBI:30769;CHEBI:35802;CHEBI:35804;CHEBI:35806;CHEBI:35808;CHEBI:35809;CHEBI:35810;CHEBI:3727;CHEBI:41523;CHEBI:42563;CHEBI:76049;CHEBI:79399,MNXM131,15012407,KRKNYBCHXYNGOX,ok,other_reactant,other_reactant,other_reactant,,,,not_registry_matched,not_assessable,False,5,5
ecoli,citr__L_c,L-Citrulline,citr__L,C00327,CHEBI:13092;CHEBI:14002;CHEBI:16349;CHEBI:18211;CHEBI:21257;CHEBI:3730;CHEBI:41489;CHEBI:57743;CHEBI:6203;CHEBI:66922,MNXM211,9750,RHGKLRLOHDJJDR,ok,other_reactant,other_reactant,other_reactant,,,,not_registry_matched,not_assessable,False,3,3
ecoli,ckdo_c,CMP-3-deoxy-D-manno-octulosonate,ckdo,C04121,CHEBI:13275;CHEBI:18014;CHEBI:20874;CHEBI:3277;CHEBI:41566;CHEBI:59825;CHEBI:85987;CHEBI:86284,MNXM535,46873830,YWWJKULNWGRYAS,ok,other_reactant,other_reactant,other_reactant,,,,not_registry_matched,not_assessable,False,3,3
ecoli,cl_e,Chloride,cl,C00698;C01327,CHEBI:13291;CHEBI:13364;CHEBI:13970;CHEBI:17883;CHEBI:17996;CHEBI:24635;CHEBI:3616;CHEBI:3731;CHEBI:48804;CHEBI:50315;CHEBI:5590,MNXM43,313,VEXZGXHMUGYJMC,ok,other_reactant,other_reactant,other_reactant,,,,not_registry_matched,not_assessable,False,4,4
ecoli,cl_p,Chloride,cl,C00698;C01327,CHEBI:13291;CHEBI:13364;CHEBI:13970;CHEBI:17883;CHEBI:17996;CHEBI:24635;CHEBI:3616;CHEBI:3731;CHEBI:48804;CHEBI:50315;CHEBI:5590,MNXM43,313,VEXZGXHMUGYJMC,ok,other_reactant,other_reactant,other_reactant,,,,not_registry_matched,not_assessable,False,6,6
ecoli,clpn120_p,"Cardiolipin (tetradodecanoyl, n-C12:0)",clpn120,,,MNXM5078,,,missing_smiles,other_reactant,other_reactant,other_reactant,,,,not_registry_matched,not_assessable,False,2,2
ecoli,clpn140_p,"Cardiolipin (tetratetradecanoyl, n-C14:0)",clpn140,,CHEBI:62862,MNXM83974,11159192,SDCJNZZAOLRVCP,ok,other_reactant,other_reactant,other_reactant,,,,not_registry_matched,not_assessable,False,2,2
ecoli,clpn141_p,"Cardiolipin (tetratetradec-7-enoyl, n-C14:1)",clpn141,,,MNXM7149,,,missing_smiles,other_reactant,other_reactant,other_reactant,,,,not_registry_matched,not_assessable,False,2,2
ecoli,clpn160_p,"Cardiolipin (tetrahexadecanoyl, n-C16:0)",clpn160,,CHEBI:104586,MNXM45654,49859692,GRTNLBQYBYZCCM,ok,other_reactant,other_reactant,other_reactant,,,,not_registry_matched,not_assessable,False,2,2
ecoli,clpn161_p,"Cardiolipin (tetrahexadec-9-enoyl, n-C16:1)",clpn161,,CHEBI:104873,MNXM4501,118987297,UYSHBKYVDAZLKJ,ok,other_reactant,other_reactant,other_reactant,,,,not_registry_matched,not_assessable,False,2,2
ecoli,clpn180_p,"Cardiolipin (tetraoctadecanoyl, n-C18:0)",clpn180,,,MNXM5079,,,missing_smiles,other_reactant,other_reactant,other_reactant,,,,not_registry_matched,not_assessable,False,2,2
ecoli,clpn181_p,"Cardiolipin (tetraoctadec-11-enoyl, n-C18:1)",clpn181,,CHEBI:105685,MNXM4503,118987298,HSSSADMXQPKIEB,ok,other_reactant,other_reactant,other_reactant,,,,not_registry_matched,not_assessable,False,2,2
ecoli,cm_e,Chloramphenicol,cm,C00918,CHEBI:13965;CHEBI:17698;CHEBI:23106;CHEBI:23108;CHEBI:3603;CHEBI:47327;CHEBI:94390,MNXM4519,5959,WIIZWVCIJKGZOK,ok,other_reactant,other_reactant,other_reactant,,,,not_registry_matched,not_assessable,False,4,4
ecoli,cm_p,Chloramphenicol,cm,C00918,CHEBI:13965;CHEBI:17698;CHEBI:23106;CHEBI:23108;CHEBI:3603;CHEBI:47327;CHEBI:94390,MNXM4519,5959,WIIZWVCIJKGZOK,ok,other_reactant,other_reactant,other_reactant,,,,not_registry_matched,not_assessable,False,6,6
ecoli,cmp_c,CMP C9H12N3O8P,cmp,C00055,CHEBI:13274;CHEBI:17361;CHEBI:23520;CHEBI:3275;CHEBI:41312;CHEBI:41319;CHEBI:41666;CHEBI:41691;CHEBI:47362;CHEBI:48799;CHEBI:58120;CHEBI:60377,MNXM31,6131,IERHLVCPSMICTF,ok,nucleotide_currency,nucleotide_currency,currency_or_cofactor,CMP,normalized_name;bigg_ids:cmp;kegg_ids:c00055;chebi_ids:chebi:60377;metanetx_ids:mnxm31;pubchem_cids:6131;inchikey_connectivity:ierhlvcpsmictf,normalized_name;bigg_ids;kegg_ids;chebi_ids;metanetx_ids;pubchem_cids;inchikey_connectivity,multiple_evidence_types,consistent,False,3,3
ecoli,cmp_e,CMP C9H12N3O8P,cmp,C00055,CHEBI:13274;CHEBI:17361;CHEBI:23520;CHEBI:3275;CHEBI:41312;CHEBI:41319;CHEBI:41666;CHEBI:41691;CHEBI:47362;CHEBI:48799;CHEBI:58120;CHEBI:60377,MNXM31,6131,IERHLVCPSMICTF,ok,nucleotide_currency,nucleotide_currency,currency_or_cofactor,CMP,normalized_name;bigg_ids:cmp;kegg_ids:c00055;chebi_ids:chebi:60377;metanetx_ids:mnxm31;pubchem_cids:6131;inchikey_connectivity:ierhlvcpsmictf,normalized_name;bigg_ids;kegg_ids;chebi_ids;metanetx_ids;pubchem_cids;inchikey_connectivity,multiple_evidence_types,consistent,False,4,4
ecoli,cmp_p,CMP C9H12N3O8P,cmp,C00055,CHEBI:13274;CHEBI:17361;CHEBI:23520;CHEBI:3275;CHEBI:41312;CHEBI:41319;CHEBI:41666;CHEBI:41691;CHEBI:47362;CHEBI:48799;CHEBI:58120;CHEBI:60377,MNXM31,6131,IERHLVCPSMICTF,ok,nucleotide_currency,nucleotide_currency,currency_or_cofactor,CMP,normalized_name;bigg_ids:cmp;kegg_ids:c00055;chebi_ids:chebi:60377;metanetx_ids:mnxm31;pubchem_cids:6131;inchikey_connectivity:ierhlvcpsmictf,normalized_name;bigg_ids;kegg_ids;chebi_ids;metanetx_ids;pubchem_cids;inchikey_connectivity,multiple_evidence_types,consistent,False,7,7
ecoli,co2_c,CO2 CO2,co2,C00011,CHEBI:13282;CHEBI:13283;CHEBI:13284;CHEBI:13285;CHEBI:16526;CHEBI:23011;CHEBI:3283;CHEBI:48829,MNXM13,280,CURLTUGMZLYLDI,ok,gas_currency,gas_currency,currency_or_cofactor,carbon dioxide,normalized_name;bigg_ids:co2;kegg_ids:c00011;chebi_ids:chebi:16526;metanetx_ids:mnxm13;pubchem_cids:280;inchikey_connectivity:curltugmzlyldi,normalized_name;bigg_ids;kegg_ids;chebi_ids;metanetx_ids;pubchem_cids;inchikey_connectivity,multiple_evidence_types,consistent,False,9,9
ecoli,co2_e,CO2 CO2,co2,C00011,CHEBI:13282;CHEBI:13283;CHEBI:13284;CHEBI:13285;CHEBI:16526;CHEBI:23011;CHEBI:3283;CHEBI:48829,MNXM13,280,CURLTUGMZLYLDI,ok,gas_currency,gas_currency,currency_or_cofactor,carbon dioxide,normalized_name;bigg_ids:co2;kegg_ids:c00011;chebi_ids:chebi:16526;metanetx_ids:mnxm13;pubchem_cids:280;inchikey_connectivity:curltugmzlyldi,normalized_name;bigg_ids;kegg_ids;chebi_ids;metanetx_ids;pubchem_cids;inchikey_connectivity,multiple_evidence_types,consistent,False,4,4
ecoli,co2_p,CO2 CO2,co2,C00011,CHEBI:13282;CHEBI:13283;CHEBI:13284;CHEBI:13285;CHEBI:16526;CHEBI:23011;CHEBI:3283;CHEBI:48829,MNXM13,280,CURLTUGMZLYLDI,ok,gas_currency,gas_currency,currency_or_cofactor,carbon dioxide,normalized_name;bigg_ids:co2;kegg_ids:c00011;chebi_ids:chebi:16526;metanetx_ids:mnxm13;pubchem_cids:280;inchikey_connectivity:curltugmzlyldi,normalized_name;bigg_ids;kegg_ids;chebi_ids;metanetx_ids;pubchem_cids;inchikey_connectivity,multiple_evidence_types,consistent,False,5,5
ecoli,coa_c,Coenzyme A,coa,C00010,CHEBI:13294;CHEBI:13295;CHEBI:13298;CHEBI:15346;CHEBI:23355;CHEBI:3771;CHEBI:41597;CHEBI:41631;CHEBI:57287;CHEBI:741566,MNXM12,,RGJOEKWQDUBAIZ,ok,carrier_cofactor,carrier_cofactor,currency_or_cofactor,coenzyme A,normalized_name;bigg_ids:coa;kegg_ids:c00010;chebi_ids:chebi:57287;metanetx_ids:mnxm12;inchikey_connectivity:rgjoekwqdubaiz,normalized_name;bigg_ids;kegg_ids;chebi_ids;metanetx_ids;inchikey_connectivity,multiple_evidence_types,consistent,False,63,63
ecoli,cobalt2_c,Co2+,cobalt2,C00175,CHEBI:23337;CHEBI:48827;CHEBI:48828,MNXM90960,104729,XLJKHNWPARRRJB,ok,other_reactant,other_reactant,other_reactant,,,,not_registry_matched,not_assessable,False,3,3
ecoli,cobalt2_e,Co2+,cobalt2,C00175,CHEBI:23337;CHEBI:48827;CHEBI:48828,MNXM90960,104729,XLJKHNWPARRRJB,ok,other_reactant,other_reactant,other_reactant,,,,not_registry_matched,not_assessable,False,4,4
ecoli,cobalt2_p,Co2+,cobalt2,C00175,CHEBI:23337;CHEBI:48827;CHEBI:48828,MNXM90960,104729,XLJKHNWPARRRJB,ok,other_reactant,other_reactant,other_reactant,,,,not_registry_matched,not_assessable,False,6,6
ecoli,colipa_c,Core oligosaccharide lipid A,colipa,,,MNXM47647,,SFVRSCGTAWOHDB,ok,other_reactant,other_reactant,other_reactant,,,,not_registry_matched,not_assessable,False,1,1
ecoli,colipa_e,Core oligosaccharide lipid A,colipa,,,MNXM47647,,SFVRSCGTAWOHDB,ok,other_reactant,other_reactant,other_reactant,,,,not_registry_matched,not_assessable,False,1,1
ecoli,colipa_p,Core oligosaccharide lipid A,colipa,,,MNXM47647,,SFVRSCGTAWOHDB,ok,other_reactant,other_reactant,other_reactant,,,,not_registry_matched,not_assessable,False,5,5
ecoli,colipap_p,Core oligosaccharide lipid A diphosphate,colipap,,,MNXM147454,,,missing_smiles,other_reactant,other_reactant,other_reactant,,,,not_registry_matched,not_assessable,False,1,1
ecoli,cpgn_e,Coprogen,cpgn,,CHEBI:83101,MNXM114191,76957149,AKLLFACZGZTMGS,ok,other_reactant,other_reactant,other_reactant,,,,not_registry_matched,not_assessable,False,1,1
ecoli,cpgn_p,Coprogen,cpgn,,CHEBI:83101,MNXM114191,76957149,AKLLFACZGZTMGS,ok,other_reactant,other_reactant,other_reactant,,,,not_registry_matched,not_assessable,False,1,1
ecoli,cpgn_un_e,Coprogen unloaded (no Fe(III)),cpgn_un,,,MNXM2999,,,missing_smiles,other_reactant,other_reactant,other_reactant,,,,not_registry_matched,not_assessable,False,1,1
ecoli,cpmp_c,Cyclic pyranopterin monophosphate,cpmp,C18239,CHEBI:60210,MNXM12735,135463437,CZAKJJUNKNPTTO,ok,other_reactant,other_reactant,other_reactant,,,,not_registry_matched,not_assessable,False,1,1
ecoli,cpppg3_c,Coproporphyrinogen III,cpppg3,C03263,CHEBI:14020;CHEBI:15439;CHEBI:23386;CHEBI:3880;CHEBI:41560;CHEBI:57309,MNXM410,321,NIUVHXTXUXOFEB,ok,other_reactant,other_reactant,other_reactant,,,,not_registry_matched,not_assessable,False,2,2
ecoli,crnDcoa_c,D-carnitinyl-CoA,crnDcoa,,CHEBI:62047;CHEBI:62194,MNXM3411,52921607,BBRISSLDTUHWKG,ok,carrier_linked_metabolite,carrier_linked_metabolite,carrier_linked_variable,,normalized_name:coa_linked,normalized_name,name_only,not_assessable,False,1,1
ecoli,crn__D_c,D-Carnitine,crn__D,C15025,CHEBI:11060;CHEBI:51453,MNXM246,2724480,PHIQHXFUZVPYII,ok,other_reactant,other_reactant,other_reactant,,,,not_registry_matched,not_assessable,False,3,3
ecoli,crn__D_e,D-Carnitine,crn__D,C15025,CHEBI:11060;CHEBI:51453,MNXM246,2724480,PHIQHXFUZVPYII,ok,other_reactant,other_reactant,other_reactant,,,,not_registry_matched,not_assessable,False,4,4
ecoli,crn__D_p,D-Carnitine,crn__D,C15025,CHEBI:11060;CHEBI:51453,MNXM246,2724480,PHIQHXFUZVPYII,ok,other_reactant,other_reactant,other_reactant,,,,not_registry_matched,not_assessable,False,6,6
ecoli,crn_c,L-Carnitine,crn,C00318;C00487,CHEBI:11817;CHEBI:13091;CHEBI:13947;CHEBI:16347;CHEBI:17126;CHEBI:20047;CHEBI:21256;CHEBI:23038;CHEBI:29085;CHEBI:3424;CHEBI:39547;CHEBI:6202,MNXM173,10917,PHIQHXFUZVPYII,ok,other_reactant,other_reactant,other_reactant,,,,not_registry_matched,not_assessable,False,4,4
ecoli,crn_e,L-Carnitine,crn,C00318;C00487,CHEBI:11817;CHEBI:13091;CHEBI:13947;CHEBI:16347;CHEBI:17126;CHEBI:20047;CHEBI:21256;CHEBI:23038;CHEBI:29085;CHEBI:3424;CHEBI:39547;CHEBI:6202,MNXM173,10917,PHIQHXFUZVPYII,ok,other_reactant,other_reactant,other_reactant,,,,not_registry_matched,not_assessable,False,4,4
ecoli,crn_p,L-Carnitine,crn,C00318;C00487,CHEBI:11817;CHEBI:13091;CHEBI:13947;CHEBI:16347;CHEBI:17126;CHEBI:20047;CHEBI:21256;CHEBI:23038;CHEBI:29085;CHEBI:3424;CHEBI:39547;CHEBI:6202,MNXM173,10917,PHIQHXFUZVPYII,ok,other_reactant,other_reactant,other_reactant,,,,not_registry_matched,not_assessable,False,8,8
ecoli,crncoa_c,L-Carnitinyl-CoA,crncoa,C20750,CHEBI:41482;CHEBI:60932,MNXM1451,5287894,BBRISSLDTUHWKG,ok,carrier_linked_metabolite,carrier_linked_metabolite,carrier_linked_variable,,normalized_name:coa_linked,normalized_name,name_only,not_assessable,False,4,4
ecoli,cs1_e,Cesium ion,cs1,,,,104967,NCMHKCKGHRPLCM,ok,other_reactant,other_reactant,other_reactant,,,,not_registry_matched,not_assessable,False,4,4
ecoli,cs1_p,Cesium ion,cs1,,,,104967,NCMHKCKGHRPLCM,ok,other_reactant,other_reactant,other_reactant,,,,not_registry_matched,not_assessable,False,4,4
ecoli,csn_c,Cytosine,csn,C00380,CHEBI:14066;CHEBI:16040;CHEBI:23531;CHEBI:4072;CHEBI:41732,MNXM761,597,OPTASPLRGRRNAP,ok,other_reactant,other_reactant,other_reactant,,,,not_registry_matched,not_assessable,False,1,1
ecoli,csn_e,Cytosine,csn,C00380,CHEBI:14066;CHEBI:16040;CHEBI:23531;CHEBI:4072;CHEBI:41732,MNXM761,597,OPTASPLRGRRNAP,ok,other_reactant,other_reactant,other_reactant,,,,not_registry_matched,not_assessable,False,4,4
ecoli,csn_p,Cytosine,csn,C00380,CHEBI:14066;CHEBI:16040;CHEBI:23531;CHEBI:4072;CHEBI:41732,MNXM761,597,OPTASPLRGRRNAP,ok,other_reactant,other_reactant,other_reactant,,,,not_registry_matched,not_assessable,False,5,5
ecoli,ctbt_c,Crotonobetaine,ctbt,C04114,CHEBI:11946;CHEBI:17237;CHEBI:1774;CHEBI:20299;CHEBI:48867,MNXM1607,5462194,GUYHPGUANSLONG,ok,other_reactant,other_reactant,other_reactant,,,,not_registry_matched,not_assessable,False,3,3
ecoli,ctbt_p,Crotonobetaine,ctbt,C04114,CHEBI:11946;CHEBI:17237;CHEBI:1774;CHEBI:20299;CHEBI:48867,MNXM1607,5462194,GUYHPGUANSLONG,ok,other_reactant,other_reactant,other_reactant,,,,not_registry_matched,not_assessable,False,2,2
ecoli,ctbtcoa_c,Crotonobetainyl-CoA,ctbtcoa,C20748,CHEBI:60933;CHEBI:61123,MNXM2363,49852356,WAUPBDVHJXXZGW,ok,carrier_linked_metabolite,carrier_linked_metabolite,carrier_linked_variable,,normalized_name:coa_linked,normalized_name,name_only,not_assessable,False,2,2
ecoli,ctp_c,CTP C9H12N3O14P3,ctp,C00063,CHEBI:13286;CHEBI:17677;CHEBI:23522;CHEBI:3285;CHEBI:37563;CHEBI:41675;CHEBI:58231,MNXM63,6176,PCDQPRRSZKQHHS,ok,energy_nucleotide,energy_nucleotide,currency_or_cofactor,CTP,normalized_name;bigg_ids:ctp;kegg_ids:c00063;chebi_ids:chebi:37563;metanetx_ids:mnxm63;pubchem_cids:6176;inchikey_connectivity:pcdqprrszkqhhs,normalized_name;bigg_ids;kegg_ids;chebi_ids;metanetx_ids;pubchem_cids;inchikey_connectivity,multiple_evidence_types,consistent,False,20,20
ecoli,cu2_c,Copper,cu2,C00070,CHEBI:20882;CHEBI:23380;CHEBI:29036;CHEBI:49550,MNXM632,27099,JPVYNHNXODAKFH,ok,other_reactant,other_reactant,other_reactant,,,,not_registry_matched,not_assessable,False,2,2
ecoli,cu2_e,Copper,cu2,C00070,CHEBI:20882;CHEBI:23380;CHEBI:29036;CHEBI:49550,MNXM632,27099,JPVYNHNXODAKFH,ok,other_reactant,other_reactant,other_reactant,,,,not_registry_matched,not_assessable,False,4,4
ecoli,cu2_p,Copper,cu2,C00070,CHEBI:20882;CHEBI:23380;CHEBI:29036;CHEBI:49550,MNXM632,27099,JPVYNHNXODAKFH,ok,other_reactant,other_reactant,other_reactant,,,,not_registry_matched,not_assessable,False,5,5
ecoli,cu_c,Cu+,cu,,CHEBI:23379;CHEBI:49551;CHEBI:49552,MNXM3568,104815,VMQMZMRVKUZKQL,ok,other_reactant,other_reactant,other_reactant,,,,not_registry_matched,not_assessable,False,9,9
ecoli,cu_e,Cu+,cu,,CHEBI:23379;CHEBI:49551;CHEBI:49552,MNXM3568,104815,VMQMZMRVKUZKQL,ok,other_reactant,other_reactant,other_reactant,,,,not_registry_matched,not_assessable,False,4,4
ecoli,cu_p,Cu+,cu,,CHEBI:23379;CHEBI:49551;CHEBI:49552,MNXM3568,104815,VMQMZMRVKUZKQL,ok,other_reactant,other_reactant,other_reactant,,,,not_registry_matched,not_assessable,False,5,5
ecoli,cur_c,Curcumin,cur,,,,969516,VFLDPWHFBUODDF,ok,other_reactant,other_reactant,other_reactant,,,,not_registry_matched,not_assessable,False,1,1
ecoli,cyan_c,Hydrogen cyanide,cyan,C00177;C01326;C18673,CHEBI:13362;CHEBI:14038;CHEBI:17514;CHEBI:18407;CHEBI:36856;CHEBI:3969;CHEBI:41780;CHEBI:5786,MNXM254,5975,LELOWRISYMNNSU,ok,other_reactant,other_reactant,other_reactant,,,,not_registry_matched,not_assessable,False,4,4
ecoli,cyan_e,Hydrogen cyanide,cyan,C00177;C01326;C18673,CHEBI:13362;CHEBI:14038;CHEBI:17514;CHEBI:18407;CHEBI:36856;CHEBI:3969;CHEBI:41780;CHEBI:5786,MNXM254,5975,LELOWRISYMNNSU,ok,other_reactant,other_reactant,other_reactant,,,,not_registry_matched,not_assessable,False,4,4
ecoli,cyan_p,Hydrogen cyanide,cyan,C00177;C01326;C18673,CHEBI:13362;CHEBI:14038;CHEBI:17514;CHEBI:18407;CHEBI:36856;CHEBI:3969;CHEBI:41780;CHEBI:5786,MNXM254,5975,LELOWRISYMNNSU,ok,other_reactant,other_reactant,other_reactant,,,,not_registry_matched,not_assessable,False,5,5
ecoli,cynt_c,Cyanate,cynt,C01417;C19067,CHEBI:14037;CHEBI:23419;CHEBI:23422;CHEBI:28024;CHEBI:29195;CHEBI:29202;CHEBI:3968,MNXM1191,540,XLJMAIOERFSOGZ,ok,other_reactant,other_reactant,other_reactant,,,,not_registry_matched,not_assessable,False,1,1
ecoli,cynt_e,Cyanate,cynt,C01417;C19067,CHEBI:14037;CHEBI:23419;CHEBI:23422;CHEBI:28024;CHEBI:29195;CHEBI:29202;CHEBI:3968,MNXM1191,540,XLJMAIOERFSOGZ,ok,other_reactant,other_reactant,other_reactant,,,,not_registry_matched,not_assessable,False,4,4
ecoli,cynt_p,Cyanate,cynt,C01417;C19067,CHEBI:14037;CHEBI:23419;CHEBI:23422;CHEBI:28024;CHEBI:29195;CHEBI:29202;CHEBI:3968,MNXM1191,540,XLJMAIOERFSOGZ,ok,other_reactant,other_reactant,other_reactant,,,,not_registry_matched,not_assessable,False,5,5
ecoli,cys__D_c,D-Cysteine,cys__D,C00793,CHEBI:12919;CHEBI:16375;CHEBI:20921;CHEBI:32449;CHEBI:32450;CHEBI:32451;CHEBI:35236;CHEBI:4111;CHEBI:41887,MNXM2112,92851,XUJNEKJLAYXESH,ok,other_reactant,other_reactant,other_reactant,,,,not_registry_matched,not_assessable,False,1,1
ecoli,cys__D_e,D-Cysteine,cys__D,C00793,CHEBI:12919;CHEBI:16375;CHEBI:20921;CHEBI:32449;CHEBI:32450;CHEBI:32451;CHEBI:35236;CHEBI:4111;CHEBI:41887,MNXM2112,92851,XUJNEKJLAYXESH,ok,other_reactant,other_reactant,other_reactant,,,,not_registry_matched,not_assessable,False,4,4
ecoli,cys__D_p,D-Cysteine,cys__D,C00793,CHEBI:12919;CHEBI:16375;CHEBI:20921;CHEBI:32449;CHEBI:32450;CHEBI:32451;CHEBI:35236;CHEBI:4111;CHEBI:41887,MNXM2112,92851,XUJNEKJLAYXESH,ok,other_reactant,other_reactant,other_reactant,,,,not_registry_matched,not_assessable,False,4,4
ecoli,cys__L_c,L-Cysteine,cys__L,C00097;C00736,CHEBI:13095;CHEBI:14061;CHEBI:15356;CHEBI:17561;CHEBI:21261;CHEBI:23508;CHEBI:32442;CHEBI:32443;CHEBI:32445;CHEBI:32456;CHEBI:32457;CHEBI:32458;CHEBI:35235;CHEBI:35237;CHEBI:4050;CHEBI:41227;CHEBI:41700;CHEBI:41768;CHEBI:41781;CHEBI:41811;CHEBI:6207,MNXM55,594,XUJNEKJLAYXESH,ok,other_reactant,other_reactant,other_reactant,,,,not_registry_matched,not_assessable,False,11,11
ecoli,cys__L_e,L-Cysteine,cys__L,C00097;C00736,CHEBI:13095;CHEBI:14061;CHEBI:15356;CHEBI:17561;CHEBI:21261;CHEBI:23508;CHEBI:32442;CHEBI:32443;CHEBI:32445;CHEBI:32456;CHEBI:32457;CHEBI:32458;CHEBI:35235;CHEBI:35237;CHEBI:4050;CHEBI:41227;CHEBI:41700;CHEBI:41768;CHEBI:41781;CHEBI:41811;CHEBI:6207,MNXM55,594,XUJNEKJLAYXESH,ok,other_reactant,other_reactant,other_reactant,,,,not_registry_matched,not_assessable,False,4,4
ecoli,cys__L_p,L-Cysteine,cys__L,C00097;C00736,CHEBI:13095;CHEBI:14061;CHEBI:15356;CHEBI:17561;CHEBI:21261;CHEBI:23508;CHEBI:32442;CHEBI:32443;CHEBI:32445;CHEBI:32456;CHEBI:32457;CHEBI:32458;CHEBI:35235;CHEBI:35237;CHEBI:4050;CHEBI:41227;CHEBI:41700;CHEBI:41768;CHEBI:41781;CHEBI:41811;CHEBI:6207,MNXM55,594,XUJNEKJLAYXESH,ok,other_reactant,other_reactant,other_reactant,,,,not_registry_matched,not_assessable,False,5,5
ecoli,cysi__L_c,L Cystine C6H12N2O4S2,cysi__L,C00491,CHEBI:13097;CHEBI:16283;CHEBI:21278;CHEBI:35491;CHEBI:6209;CHEBI:63163,MNXM927,67678,LEVWYRKDKASIDU,ok,other_reactant,other_reactant,other_reactant,,,,not_registry_matched,not_assessable,False,1,1
ecoli,cysi__L_e,L Cystine C6H12N2O4S2,cysi__L,C00491,CHEBI:13097;CHEBI:16283;CHEBI:21278;CHEBI:35491;CHEBI:6209;CHEBI:63163,MNXM927,67678,LEVWYRKDKASIDU,ok,other_reactant,other_reactant,other_reactant,,,,not_registry_matched,not_assessable,False,4,4
ecoli,cysi__L_p,L Cystine C6H12N2O4S2,cysi__L,C00491,CHEBI:13097;CHEBI:16283;CHEBI:21278;CHEBI:35491;CHEBI:6209;CHEBI:63163,MNXM927,67678,LEVWYRKDKASIDU,ok,other_reactant,other_reactant,other_reactant,,,,not_registry_matched,not_assessable,False,4,4
ecoli,cyst__L_c,L-Cystathionine,cyst__L,C02291,CHEBI:13093;CHEBI:17482;CHEBI:21259;CHEBI:58161;CHEBI:6205,MNXM319,439258,ILRYLPWNYFXEMH,ok,other_reactant,other_reactant,other_reactant,,,,not_registry_matched,not_assessable,False,2,2
ecoli,cytd_c,Cytidine,cytd,C00475,CHEBI:14063;CHEBI:17562;CHEBI:23515;CHEBI:4053;CHEBI:41649;CHEBI:41686;CHEBI:41704;CHEBI:41709,MNXM338,6175,UHDGCWIWMRVCDJ,ok,other_reactant,other_reactant,other_reactant,,,,not_registry_matched,not_assessable,False,7,7
ecoli,cytd_e,Cytidine,cytd,C00475,CHEBI:14063;CHEBI:17562;CHEBI:23515;CHEBI:4053;CHEBI:41649;CHEBI:41686;CHEBI:41704;CHEBI:41709,MNXM338,6175,UHDGCWIWMRVCDJ,ok,other_reactant,other_reactant,other_reactant,,,,not_registry_matched,not_assessable,False,4,4
ecoli,cytd_p,Cytidine,cytd,C00475,CHEBI:14063;CHEBI:17562;CHEBI:23515;CHEBI:4053;CHEBI:41649;CHEBI:41686;CHEBI:41704;CHEBI:41709,MNXM338,6175,UHDGCWIWMRVCDJ,ok,other_reactant,other_reactant,other_reactant,,,,not_registry_matched,not_assessable,False,7,7
ecoli,dad_2_c,Deoxyadenosine,dad_2,C00559,CHEBI:14112;CHEBI:17256;CHEBI:19234;CHEBI:39863;CHEBI:40535;CHEBI:40560;CHEBI:40565;CHEBI:4405,MNXM625,13730,OLXZPDWKRNYJJZ,ok,other_reactant,other_reactant,other_reactant,,,,not_registry_matched,not_assessable,False,2,2
ecoli,dad_2_e,Deoxyadenosine,dad_2,C00559,CHEBI:14112;CHEBI:17256;CHEBI:19234;CHEBI:39863;CHEBI:40535;CHEBI:40560;CHEBI:40565;CHEBI:4405,MNXM625,13730,OLXZPDWKRNYJJZ,ok,other_reactant,other_reactant,other_reactant,,,,not_registry_matched,not_assessable,False,1,1
ecoli,dad_2_p,Deoxyadenosine,dad_2,C00559,CHEBI:14112;CHEBI:17256;CHEBI:19234;CHEBI:39863;CHEBI:40535;CHEBI:40560;CHEBI:40565;CHEBI:4405,MNXM625,13730,OLXZPDWKRNYJJZ,ok,other_reactant,other_reactant,other_reactant,,,,not_registry_matched,not_assessable,False,3,3
ecoli,dad_5_c,5'-Deoxyadenosine,dad_5,C05198,CHEBI:12061;CHEBI:17319;CHEBI:1960;CHEBI:20493;CHEBI:40099,MNXM316,439182,XGYIMTFOTBMPFP,ok,other_reactant,other_reactant,other_reactant,,,,not_registry_matched,not_assessable,False,1,1
ecoli,dadp_c,DADP C10H12N5O9P2,dadp,C00206,CHEBI:10489;CHEBI:14067;CHEBI:16174;CHEBI:19235;CHEBI:41890;CHEBI:57667,MNXM374,188966,DAEAPNUQQAICNR,ok,other_reactant,other_reactant,other_reactant,,,,not_registry_matched,not_assessable,False,3,3
ecoli,damp_c,DAMP C10H12N5O6P,damp,C00360,CHEBI:10490;CHEBI:14068;CHEBI:17713;CHEBI:19236;CHEBI:40419;CHEBI:40499;CHEBI:40505;CHEBI:40544;CHEBI:40607;CHEBI:40614;CHEBI:41815;CHEBI:41864;CHEBI:41870;CHEBI:58245,MNXM432,12599,KHWCHTKSEGGWEX,ok,other_reactant,other_reactant,other_reactant,,,,not_registry_matched,not_assessable,False,4,4
ecoli,damp_e,DAMP C10H12N5O6P,damp,C00360,CHEBI:10490;CHEBI:14068;CHEBI:17713;CHEBI:19236;CHEBI:40419;CHEBI:40499;CHEBI:40505;CHEBI:40544;CHEBI:40607;CHEBI:40614;CHEBI:41815;CHEBI:41864;CHEBI:41870;CHEBI:58245,MNXM432,12599,KHWCHTKSEGGWEX,ok,other_reactant,other_reactant,other_reactant,,,,not_registry_matched,not_assessable,False,4,4
ecoli,damp_p,DAMP C10H12N5O6P,damp,C00360,CHEBI:10490;CHEBI:14068;CHEBI:17713;CHEBI:19236;CHEBI:40419;CHEBI:40499;CHEBI:40505;CHEBI:40544;CHEBI:40607;CHEBI:40614;CHEBI:41815;CHEBI:41864;CHEBI:41870;CHEBI:58245,MNXM432,12599,KHWCHTKSEGGWEX,ok,other_reactant,other_reactant,other_reactant,,,,not_registry_matched,not_assessable,False,6,6
ecoli,dann_c,"7,8-Diaminononanoate",dann,C01037,CHEBI:12242;CHEBI:17830;CHEBI:20765;CHEBI:2247;CHEBI:58500,MNXM1140,5460128,KCEGBPIYGIWCDH,ok,other_reactant,other_reactant,other_reactant,,,,not_registry_matched,not_assessable,False,2,2
ecoli,datp_c,DATP C10H12N5O12P3,datp,C00131,CHEBI:10491;CHEBI:14069;CHEBI:16284;CHEBI:19238;CHEBI:42290;CHEBI:495505;CHEBI:61404,MNXM286,15993,SUYVUBYJARFZHO,ok,other_reactant,other_reactant,other_reactant,,,,not_registry_matched,not_assessable,False,5,5
ecoli,db4p_c,"3,4-dihydroxy-2-butanone 4-phosphate",db4p,C15556,CHEBI:50606,MNXM2323,669,OKYHYXLCTGGOLM,ok,other_reactant,other_reactant,other_reactant,,,,not_registry_matched,not_assessable,False,1,1
ecoli,dc2coa_c,Trans-Dec-2-enoyl-CoA,dc2coa,C05275,CHEBI:10723;CHEBI:61406,MNXM580,24883423,MGNBGCRQQFMNBM,ok,carrier_linked_metabolite,carrier_linked_metabolite,carrier_linked_variable,,normalized_name:coa_linked,normalized_name,name_only,not_assessable,False,2,2
ecoli,dcaACP_c,Decanoyl-ACP (n-C10:0ACP),dcaACP,,,MNXM90236,,,inchikey_unavailable,other_reactant,other_reactant,other_reactant,,,,not_registry_matched,not_assessable,False,3,3
ecoli,dca_c,Decanoate (n-C10:0),dca,,,MNXM162295,,GHVNFZFCNZKVNT,ok,other_reactant,other_reactant,other_reactant,,,,not_registry_matched,not_assessable,False,1,1
ecoli,dca_e,Decanoate (n-C10:0),dca,,,MNXM162295,,GHVNFZFCNZKVNT,ok,other_reactant,other_reactant,other_reactant,,,,not_registry_matched,not_assessable,False,4,4
ecoli,dca_p,Decanoate (n-C10:0),dca,,,MNXM162295,,GHVNFZFCNZKVNT,ok,other_reactant,other_reactant,other_reactant,,,,not_registry_matched,not_assessable,False,6,6
ecoli,dcacoa_c,Decanoyl-CoA (n-C10:0CoA),dcacoa,,,MNXM162283,440615,CNKJPHSEFDPYDB,ok,carrier_linked_metabolite,carrier_linked_metabolite,carrier_linked_variable,,normalized_name:coa_linked,normalized_name,name_only,not_assessable,False,4,4
ecoli,dcamp_c,"N6-(1,2-Dicarboxyethyl)-AMP",dcamp,C03794,CHEBI:12656;CHEBI:12657;CHEBI:15919;CHEBI:21857;CHEBI:22262;CHEBI:39869;CHEBI:57567;CHEBI:7405,MNXM565,440122,OFBHPPMPBOJXRT,ok,other_reactant,other_reactant,other_reactant,,,,not_registry_matched,not_assessable,False,1,1
ecoli,dcdp_c,DCDP C9H12N3O10P2,dcdp,C00705,CHEBI:10492;CHEBI:19241;CHEBI:28846;CHEBI:49966;CHEBI:58593,MNXM411,150855,FTDHDKPUHBLBTL,ok,other_reactant,other_reactant,other_reactant,,,,not_registry_matched,not_assessable,False,3,3
ecoli,dcmp_c,DCMP C9H12N3O7P,dcmp,C00239,CHEBI:10493;CHEBI:14070;CHEBI:14071;CHEBI:14115;CHEBI:15918;CHEBI:19242;CHEBI:41838;CHEBI:41875;CHEBI:41881;CHEBI:57566,MNXM266,13945,NCMVOABPESMRCP,ok,other_reactant,other_reactant,other_reactant,,,,not_registry_matched,not_assessable,False,4,4
ecoli,dcmp_e,DCMP C9H12N3O7P,dcmp,C00239,CHEBI:10493;CHEBI:14070;CHEBI:14071;CHEBI:14115;CHEBI:15918;CHEBI:19242;CHEBI:41838;CHEBI:41875;CHEBI:41881;CHEBI:57566,MNXM266,13945,NCMVOABPESMRCP,ok,other_reactant,other_reactant,other_reactant,,,,not_registry_matched,not_assessable,False,4,4
ecoli,dcmp_p,DCMP C9H12N3O7P,dcmp,C00239,CHEBI:10493;CHEBI:14070;CHEBI:14071;CHEBI:14115;CHEBI:15918;CHEBI:19242;CHEBI:41838;CHEBI:41875;CHEBI:41881;CHEBI:57566,MNXM266,13945,NCMVOABPESMRCP,ok,other_reactant,other_reactant,other_reactant,,,,not_registry_matched,not_assessable,False,6,6
ecoli,dctp_c,DCTP C9H12N3O13P3,dctp,C00458,CHEBI:10494;CHEBI:14072;CHEBI:16311;CHEBI:19243;CHEBI:57724;CHEBI:61481,MNXM360,65091,RGWHQCVHVJXOKC,ok,other_reactant,other_reactant,other_reactant,,,,not_registry_matched,not_assessable,False,6,6
ecoli,dcyt_c,Deoxycytidine,dcyt,C00881,CHEBI:15698;CHEBI:19240;CHEBI:41417;CHEBI:41430;CHEBI:41434;CHEBI:41806;CHEBI:4407,MNXM704,13711,CKTSBUTUHBMZGZ,ok,other_reactant,other_reactant,other_reactant,,,,not_registry_matched,not_assessable,False,1,1
ecoli,dcyt_e,Deoxycytidine,dcyt,C00881,CHEBI:15698;CHEBI:19240;CHEBI:41417;CHEBI:41430;CHEBI:41434;CHEBI:41806;CHEBI:4407,MNXM704,13711,CKTSBUTUHBMZGZ,ok,other_reactant,other_reactant,other_reactant,,,,not_registry_matched,not_assessable,False,1,1
ecoli,dcyt_p,Deoxycytidine,dcyt,C00881,CHEBI:15698;CHEBI:19240;CHEBI:41417;CHEBI:41430;CHEBI:41434;CHEBI:41806;CHEBI:4407,MNXM704,13711,CKTSBUTUHBMZGZ,ok,other_reactant,other_reactant,other_reactant,,,,not_registry_matched,not_assessable,False,3,3
ecoli,dd2coa_c,Trans-Dodec-2-enoyl-CoA,dd2coa,C03221,CHEBI:11489;CHEBI:1287;CHEBI:15471;CHEBI:19790;CHEBI:57330,MNXM642,11966110,IRFYVBULXZMEDE,ok,carrier_linked_metabolite,carrier_linked_metabolite,carrier_linked_variable,,normalized_name:coa_linked,normalized_name,name_only,not_assessable,False,2,2
ecoli,ddcaACP_c,Dodecanoyl-ACP (n-C12:0ACP),ddcaACP,,,MNXM89851,,,missing_smiles,other_reactant,other_reactant,other_reactant,,,,not_registry_matched,not_assessable,False,7,7
ecoli,ddca_c,Dodecanoate (n-C12:0),ddca,,,MNXM162258,,POULHZVOKOAJMA,ok,other_reactant,other_reactant,other_reactant,,,,not_registry_matched,not_assessable,False,3,3
ecoli,ddca_e,Dodecanoate (n-C12:0),ddca,,,MNXM162258,,POULHZVOKOAJMA,ok,other_reactant,other_reactant,other_reactant,,,,not_registry_matched,not_assessable,False,1,1
ecoli,ddca_p,Dodecanoate (n-C12:0),ddca,,,MNXM162258,,POULHZVOKOAJMA,ok,other_reactant,other_reactant,other_reactant,,,,not_registry_matched,not_assessable,False,2,2
ecoli,ddcacoa_c,Dodecanoyl-CoA (n-C12:0CoA),ddcacoa,C01832,CHEBI:14188;CHEBI:14501;CHEBI:15521;CHEBI:25014;CHEBI:41874;CHEBI:57375;CHEBI:6392,MNXM363,,YMCXGHLSVALICC,ok,carrier_linked_metabolite,carrier_linked_metabolite,carrier_linked_variable,dodecanoyl-CoA,bigg_ids:ddcacoa;kegg_ids:c01832;chebi_ids:chebi:57375;metanetx_ids:mnxm363,bigg_ids;kegg_ids;chebi_ids;metanetx_ids,multiple_evidence_types,not_assessable,False,4,4
ecoli,ddcap_c,Dodecanoly-phosphate (n-C12:0),ddcap,,,MNXM147470,,,missing_smiles,other_reactant,other_reactant,other_reactant,,,,not_registry_matched,not_assessable,False,2,2
ecoli,dgdp_c,DGDP C10H12N5O10P2,dgdp,C00361,CHEBI:10495;CHEBI:19245;CHEBI:28862;CHEBI:41949;CHEBI:58595,MNXM436,,CIKGWCTVFSRMJU,ok,other_reactant,other_reactant,other_reactant,,,,not_registry_matched,not_assessable,False,3,3
ecoli,dgmp_c,DGMP C10H12N5O7P,dgmp,C00362,CHEBI:10496;CHEBI:14074;CHEBI:16192;CHEBI:19246;CHEBI:41902;CHEBI:41939;CHEBI:41944;CHEBI:42676;CHEBI:42726;CHEBI:42733;CHEBI:45049;CHEBI:47449;CHEBI:57673,MNXM546,,LTFMZDNNPPEQNG,ok,other_reactant,other_reactant,other_reactant,,,,not_registry_matched,not_assessable,False,5,5
ecoli,dgmp_e,DGMP C10H12N5O7P,dgmp,C00362,CHEBI:10496;CHEBI:14074;CHEBI:16192;CHEBI:19246;CHEBI:41902;CHEBI:41939;CHEBI:41944;CHEBI:42676;CHEBI:42726;CHEBI:42733;CHEBI:45049;CHEBI:47449;CHEBI:57673,MNXM546,,LTFMZDNNPPEQNG,ok,other_reactant,other_reactant,other_reactant,,,,not_registry_matched,not_assessable,False,4,4
ecoli,dgmp_p,DGMP C10H12N5O7P,dgmp,C00362,CHEBI:10496;CHEBI:14074;CHEBI:16192;CHEBI:19246;CHEBI:41902;CHEBI:41939;CHEBI:41944;CHEBI:42676;CHEBI:42726;CHEBI:42733;CHEBI:45049;CHEBI:47449;CHEBI:57673,MNXM546,,LTFMZDNNPPEQNG,ok,other_reactant,other_reactant,other_reactant,,,,not_registry_matched,not_assessable,False,6,6
ecoli,dgsn_c,Deoxyguanosine,dgsn,C00330,CHEBI:14116;CHEBI:17172;CHEBI:19244;CHEBI:23624;CHEBI:42667;CHEBI:42867;CHEBI:42874;CHEBI:42987;CHEBI:4412,MNXM647,,YKBGVTZYEHREMT,ok,other_reactant,other_reactant,other_reactant,,,,not_registry_matched,not_assessable,False,2,2
ecoli,dgsn_e,Deoxyguanosine,dgsn,C00330,CHEBI:14116;CHEBI:17172;CHEBI:19244;CHEBI:23624;CHEBI:42667;CHEBI:42867;CHEBI:42874;CHEBI:42987;CHEBI:4412,MNXM647,,YKBGVTZYEHREMT,ok,other_reactant,other_reactant,other_reactant,,,,not_registry_matched,not_assessable,False,4,4
ecoli,dgsn_p,Deoxyguanosine,dgsn,C00330,CHEBI:14116;CHEBI:17172;CHEBI:19244;CHEBI:23624;CHEBI:42667;CHEBI:42867;CHEBI:42874;CHEBI:42987;CHEBI:4412,MNXM647,,YKBGVTZYEHREMT,ok,other_reactant,other_reactant,other_reactant,,,,not_registry_matched,not_assessable,False,5,5
ecoli,dgtp_c,DGTP C10H12N5O13P3,dgtp,C00286,CHEBI:10497;CHEBI:14076;CHEBI:16497;CHEBI:19247;CHEBI:57794;CHEBI:61429,MNXM344,,HAAZLUGHYHWQIW,ok,other_reactant,other_reactant,other_reactant,,,,not_registry_matched,not_assessable,False,5,5
ecoli,dha_c,Dihydroxyacetone,dha,C00184,CHEBI:14340;CHEBI:16016;CHEBI:24354;CHEBI:39809;CHEBI:5453,MNXM460,,RXKJFZQQPQGTFL,ok,other_reactant,other_reactant,other_reactant,,,,not_registry_matched,not_assessable,False,3,3
ecoli,dha_e,Dihydroxyacetone,dha,C00184,CHEBI:14340;CHEBI:16016;CHEBI:24354;CHEBI:39809;CHEBI:5453,MNXM460,,RXKJFZQQPQGTFL,ok,other_reactant,other_reactant,other_reactant,,,,not_registry_matched,not_assessable,False,4,4
ecoli,dha_p,Dihydroxyacetone,dha,C00184,CHEBI:14340;CHEBI:16016;CHEBI:24354;CHEBI:39809;CHEBI:5453,MNXM460,,RXKJFZQQPQGTFL,ok,other_reactant,other_reactant,other_reactant,,,,not_registry_matched,not_assessable,False,4,4
ecoli,dhap_c,Dihydroxyacetone phosphate,dhap,C00111,CHEBI:14341;CHEBI:14342;CHEBI:16108;CHEBI:24355;CHEBI:39571;CHEBI:5454;CHEBI:57642,MNXM77,,GNGACRATGGDKBX,ok,other_reactant,other_reactant,other_reactant,,,,not_registry_matched,not_assessable,False,13,13
ecoli,dhcinnm_c,"2,3-dihydroxicinnamic acid",dhcinnm,C12623,CHEBI:32356;CHEBI:48681;CHEBI:58642,MNXM1130,,SIUKXCMDYPYCLH,ok,other_reactant,other_reactant,other_reactant,,,,not_registry_matched,not_assessable,False,1,1
ecoli,dhcur_c,Dihydrocurcumin,dhcur,,,,,MUYJSOCNDLUHPJ,ok,other_reactant,other_reactant,other_reactant,,,,not_registry_matched,not_assessable,False,1,1
ecoli,dhf_c,"7,8-Dihydrofolate",dhf,C00415,CHEBI:12245;CHEBI:14150;CHEBI:15633;CHEBI:20768;CHEBI:42000;CHEBI:4564;CHEBI:57451,MNXM281,,OZRNSSUDZOLUSN,ok,one_carbon_cofactor,one_carbon_cofactor,currency_or_cofactor,dihydrofolate,normalized_name;bigg_ids:dhf;kegg_ids:c00415;chebi_ids:chebi:15633,normalized_name;bigg_ids;kegg_ids;chebi_ids,multiple_evidence_types,not_assessable,False,2,2
ecoli,dhgly_c,Dehydroglycine,dhgly,C15809,CHEBI:53647;CHEBI:53664;CHEBI:77846,MNXM1984,,TVMUHOAONWHJBV,ok,other_reactant,other_reactant,other_reactant,,,,not_registry_matched,not_assessable,False,2,2
ecoli,dhmpt_c,Dihydromonapterin,dhmpt,,,MNXM148224,,,missing_smiles,other_reactant,other_reactant,other_reactant,,,,not_registry_matched,not_assessable,False,2,2
ecoli,dhmptp_c,Dihydromonapterin-triphosphate,dhmptp,C21094,CHEBI:61186;CHEBI:61191,MNXM5576,,DGGUVLXVLHAAGT,ok,other_reactant,other_reactant,other_reactant,,,,not_registry_matched,not_assessable,False,1,1
ecoli,dhna_c,"1,4-Dihydroxy-2-naphthoate",dhna,C03657,CHEBI:11173;CHEBI:18094;CHEBI:18933;CHEBI:539,MNXM552,,VOJUXHHACRXLTD,ok,other_reactant,other_reactant,other_reactant,,,,not_registry_matched,not_assessable,False,1,1
ecoli,dhnpt_c,Dihydroneopterin,dhnpt,C04874;C21008,CHEBI:71175,MNXM993,,YQIFAMYNGGOTFB,ok,other_reactant,other_reactant,other_reactant,,,,not_registry_matched,not_assessable,False,2,2
ecoli,dhor__S_c,(S)-Dihydroorotate,dhor__S,C00337,CHEBI:11063;CHEBI:17025;CHEBI:18777;CHEBI:18778;CHEBI:30864;CHEBI:417;CHEBI:42132,MNXM252,,UFIVEPVSAGBUSI,ok,other_reactant,other_reactant,other_reactant,,,,not_registry_matched,not_assessable,False,3,3
ecoli,dhpppn_c,"3-(2,3-Dihydroxyphenyl)propanoate",dhpppn,C04044,CHEBI:11713;CHEBI:11718;CHEBI:1419;CHEBI:18136;CHEBI:19918;CHEBI:19919;CHEBI:46951,MNXM826,,QZDSXQJWBGMRLU,ok,other_reactant,other_reactant,other_reactant,,,,not_registry_matched,not_assessable,False,1,1
ecoli,dhps_c,"2,3-Dihydroxypropane-1-sulfonate",dhps,,,,,YPFUJZAAZJXMIP,ok,other_reactant,other_reactant,other_reactant,,,,not_registry_matched,not_assessable,False,1,1
ecoli,dhps_e,"2,3-Dihydroxypropane-1-sulfonate",dhps,,,,,YPFUJZAAZJXMIP,ok,other_reactant,other_reactant,other_reactant,,,,not_registry_matched,not_assessable,False,1,1
ecoli,dhps_p,"2,3-Dihydroxypropane-1-sulfonate",dhps,,,,,YPFUJZAAZJXMIP,ok,other_reactant,other_reactant,other_reactant,,,,not_registry_matched,not_assessable,False,1,1
ecoli,dhpt_c,Dihydropteroate,dhpt,C00921,CHEBI:14160;CHEBI:17839;CHEBI:23762;CHEBI:4581,MNXM965,,WBFYVDCHGVNRBH,ok,other_reactant,other_reactant,other_reactant,,,,not_registry_matched,not_assessable,False,1,1
ecoli,dhptd_c,"4,5-dihydroxy-2,3-pentanedione",dhptd,C11838,CHEBI:29484,MNXM2449,,UYTRITJAZOPLCZ,ok,other_reactant,other_reactant,other_reactant,,,,not_registry_matched,not_assessable,False,2,2
ecoli,dhptdd_c,"3-hydroxy-5-phosphonooxypentane-2,4-dione",dhptdd,,,,,AKHNGSPNHAFBII,ok,other_reactant,other_reactant,other_reactant,,,,not_registry_matched,not_assessable,False,1,1
ecoli,dhptdn_c,"6,7-Dihydropteridine",dhptdn,C05649,CHEBI:12184;CHEBI:30156;CHEBI:4580,MNXM2952,,KVDQMARGGBLIJM,ok,other_reactant,other_reactant,other_reactant,,,,not_registry_matched,not_assessable,False,2,2
ecoli,dhptdp_c,"(4S)-4-hydroxy-5-phosphonooxypentane-2,3-dione",dhptdp,,,,,DTZHMTDUIGHESZ,ok,other_reactant,other_reactant,other_reactant,,,,not_registry_matched,not_assessable,False,1,1
ecoli,dimp_c,DIMP C10H12N4O7P,dimp,C06196,CHEBI:19250;CHEBI:28806;CHEBI:41998;CHEBI:43315;CHEBI:43377;CHEBI:43384;CHEBI:43389;CHEBI:44500;CHEBI:61194;CHEBI:837,MNXM1922,,PHNGFPPXDJJADG,ok,other_reactant,other_reactant,other_reactant,,,,not_registry_matched,not_assessable,False,4,4
ecoli,dimp_e,DIMP C10H12N4O7P,dimp,C06196,CHEBI:19250;CHEBI:28806;CHEBI:41998;CHEBI:43315;CHEBI:43377;CHEBI:43384;CHEBI:43389;CHEBI:44500;CHEBI:61194;CHEBI:837,MNXM1922,,PHNGFPPXDJJADG,ok,other_reactant,other_reactant,other_reactant,,,,not_registry_matched,not_assessable,False,4,4
ecoli,dimp_p,DIMP C10H12N4O7P,dimp,C06196,CHEBI:19250;CHEBI:28806;CHEBI:41998;CHEBI:43315;CHEBI:43377;CHEBI:43384;CHEBI:43389;CHEBI:44500;CHEBI:61194;CHEBI:837,MNXM1922,,PHNGFPPXDJJADG,ok,other_reactant,other_reactant,other_reactant,,,,not_registry_matched,not_assessable,False,6,6
ecoli,din_c,Deoxyinosine,din,C05512,CHEBI:19248;CHEBI:23629;CHEBI:28997;CHEBI:39841;CHEBI:43293;CHEBI:43436;CHEBI:43437;CHEBI:4413,MNXM935,,VGONTNSXDCQUGY,ok,other_reactant,other_reactant,other_reactant,,,,not_registry_matched,not_assessable,False,2,2
ecoli,din_e,Deoxyinosine,din,C05512,CHEBI:19248;CHEBI:23629;CHEBI:28997;CHEBI:39841;CHEBI:43293;CHEBI:43436;CHEBI:43437;CHEBI:4413,MNXM935,,VGONTNSXDCQUGY,ok,other_reactant,other_reactant,other_reactant,,,,not_registry_matched,not_assessable,False,4,4
ecoli,din_p,Deoxyinosine,din,C05512,CHEBI:19248;CHEBI:23629;CHEBI:28997;CHEBI:39841;CHEBI:43293;CHEBI:43436;CHEBI:43437;CHEBI:4413,MNXM935,,VGONTNSXDCQUGY,ok,other_reactant,other_reactant,other_reactant,,,,not_registry_matched,not_assessable,False,5,5
ecoli,ditp_c,DITP(4-),ditp,C01345,CHEBI:10499;CHEBI:19251;CHEBI:28807;CHEBI:61382,MNXM1325,,UFJPAQSLHAGEBL,ok,other_reactant,other_reactant,other_reactant,,,,not_registry_matched,not_assessable,False,2,2
ecoli,dmbzid_c,"5,6-Dimethylbenzimidazole",dmbzid,C03114,CHEBI:14172;CHEBI:15890;CHEBI:20516;CHEBI:42126;CHEBI:4620,MNXM1531,,LJUQGASMPRMWIW,ok,other_reactant,other_reactant,other_reactant,,,,not_registry_matched,not_assessable,False,1,1
ecoli,dmlz_c,"6,7-Dimethyl-8-(1-D-ribityl)lumazine",dmlz,C04332,CHEBI:12185;CHEBI:17601;CHEBI:20682;CHEBI:2154;CHEBI:58201,MNXM1313,,SXDXRJZUAJBNFL,ok,other_reactant,other_reactant,other_reactant,,,,not_registry_matched,not_assessable,False,1,1
ecoli,dmpp_c,Dimethylallyl diphosphate,dmpp,C00235,CHEBI:12280;CHEBI:14169;CHEBI:14883;CHEBI:16057;CHEBI:18108;CHEBI:23803;CHEBI:26245;CHEBI:341937;CHEBI:42074;CHEBI:4616;CHEBI:57623;CHEBI:8394,MNXM132,,CBIDRCWHNCKSTO,ok,other_reactant,other_reactant,other_reactant,,,,not_registry_matched,not_assessable,False,2,2
ecoli,dms_e,Dimethyl sulfide,dms,C00580,CHEBI:14168;CHEBI:14175;CHEBI:17437;CHEBI:23800;CHEBI:44169;CHEBI:4611,MNXM444,,QMMFVYPAHWMCMS,ok,other_reactant,other_reactant,other_reactant,,,,not_registry_matched,not_assessable,False,4,4
ecoli,dms_p,Dimethyl sulfide,dms,C00580,CHEBI:14168;CHEBI:14175;CHEBI:17437;CHEBI:23800;CHEBI:44169;CHEBI:4611,MNXM444,,QMMFVYPAHWMCMS,ok,other_reactant,other_reactant,other_reactant,,,,not_registry_matched,not_assessable,False,4,4
ecoli,dmso_c,Dimethyl sulfoxide,dmso,C11143,CHEBI:23801;CHEBI:28262;CHEBI:42138;CHEBI:4612,MNXM745,,IAZDPXIOMUYVGZ,ok,other_reactant,other_reactant,other_reactant,,,,not_registry_matched,not_assessable,False,4,4
ecoli,dmso_e,Dimethyl sulfoxide,dmso,C11143,CHEBI:23801;CHEBI:28262;CHEBI:42138;CHEBI:4612,MNXM745,,IAZDPXIOMUYVGZ,ok,other_reactant,other_reactant,other_reactant,,,,not_registry_matched,not_assessable,False,4,4
ecoli,dmso_p,Dimethyl sulfoxide,dmso,C11143,CHEBI:23801;CHEBI:28262;CHEBI:42138;CHEBI:4612,MNXM745,,IAZDPXIOMUYVGZ,ok,other_reactant,other_reactant,other_reactant,,,,not_registry_matched,not_assessable,False,7,7
ecoli,dnad_c,Deamino-NAD+,dnad,C00857,CHEBI:14103;CHEBI:14104;CHEBI:14105;CHEBI:18304;CHEBI:23567;CHEBI:4340;CHEBI:58437,MNXM309,,SENPVEZBRZQVST,ok,other_reactant,other_reactant,other_reactant,,,,not_registry_matched,not_assessable,False,2,2
ecoli,dopa_e,Dopamine,dopa,C03758,CHEBI:11695;CHEBI:11930;CHEBI:14203;CHEBI:1764;CHEBI:18243;CHEBI:23886;CHEBI:43686;CHEBI:59905,MNXM205,,VYFYYTLLBUKUHU,ok,other_reactant,other_reactant,other_reactant,,,,not_registry_matched,not_assessable,False,4,4
ecoli,dopa_p,Dopamine,dopa,C03758,CHEBI:11695;CHEBI:11930;CHEBI:14203;CHEBI:1764;CHEBI:18243;CHEBI:23886;CHEBI:43686;CHEBI:59905,MNXM205,,VYFYYTLLBUKUHU,ok,other_reactant,other_reactant,other_reactant,,,,not_registry_matched,not_assessable,False,5,5
ecoli,doxrbcn_e,Doxorubicin,doxrbcn,C01661,CHEBI:22270;CHEBI:2496;CHEBI:28748;CHEBI:42031;CHEBI:64816,MNXM37015,,AOJJSUZBOXZQNB,ok,other_reactant,other_reactant,other_reactant,,,,not_registry_matched,not_assessable,False,4,4
ecoli,doxrbcn_p,Doxorubicin,doxrbcn,C01661,CHEBI:22270;CHEBI:2496;CHEBI:28748;CHEBI:42031;CHEBI:64816,MNXM37015,,AOJJSUZBOXZQNB,ok,other_reactant,other_reactant,other_reactant,,,,not_registry_matched,not_assessable,False,6,6
ecoli,dpcoa_c,Dephospho-CoA,dpcoa,C00882,CHEBI:11793;CHEBI:14124;CHEBI:15468;CHEBI:23642;CHEBI:41614;CHEBI:4436;CHEBI:57328,MNXM481,,KDTSHFARGAKYJN,ok,carrier_linked_metabolite,carrier_linked_metabolite,carrier_linked_variable,,normalized_name:coa_linked,normalized_name,name_only,not_assessable,False,2,2
ecoli,dsbard_p,Periplasmic protein disulfide isomerase I (reduced),dsbard,,,MNXM12618,,,missing_smiles,other_reactant,other_reactant,other_reactant,,,,not_registry_matched,not_assessable,False,2,2
ecoli,dsbcox_p,Protein disulfide isomerase II (oxidized),dsbcox,,,MNXM97006,,,missing_smiles,other_reactant,other_reactant,other_reactant,,,,not_registry_matched,not_assessable,False,2,2
ecoli,dsbdox_c,Fused thiol:disulfide interchange protein (oxidized),dsbdox,,,MNXM97001,,,missing_smiles,other_reactant,other_reactant,other_reactant,,,,not_registry_matched,not_assessable,False,2,2
ecoli,dsbdrd_c,Fused thiol:disulfide interchange protein (reduced),dsbdrd,,,MNXM8620,,,missing_smiles,other_reactant,other_reactant,other_reactant,,,,not_registry_matched,not_assessable,False,2,2
ecoli,dsbgox_p,Periplasmic disulfide isomerase/thiol-disulphide oxidase (oxidized),dsbgox,,,MNXM97003,,,missing_smiles,other_reactant,other_reactant,other_reactant,,,,not_registry_matched,not_assessable,False,2,2
ecoli,dscl_c,Dihydrosirohydrochlorin,dscl,C02463,CHEBI:14870;CHEBI:50602;CHEBI:58827;CHEBI:8370,MNXM672,,OQIIYZQTTMKFAU,ok,other_reactant,other_reactant,other_reactant,,,,not_registry_matched,not_assessable,False,1,1
ecoli,dt5hsu_c,4-Deoxy-L-threo-5-hexosulose uronate,dt5hsu,,,,,IMUGYKFHMJLTOU,ok,other_reactant,other_reactant,other_reactant,,,,not_registry_matched,not_assessable,False,1,1
ecoli,dtbt_c,Dethiobiotin,dtbt,C01909,CHEBI:14132;CHEBI:16691;CHEBI:23649;CHEBI:36990;CHEBI:42279;CHEBI:42280;CHEBI:4457;CHEBI:57861,MNXM1020,,AUTOLBMXDDTRRT,ok,other_reactant,other_reactant,other_reactant,,,,not_registry_matched,not_assessable,False,1,1
ecoli,dtdp4aaddg_c,"DTDP-4-acetamido-4,6-dideoxy-D-galactose",dtdp4aaddg,C20415,CHEBI:61562;CHEBI:61661;CHEBI:68493;CHEBI:68518,MNXM3015,,YHXQWYBLXUELDA,ok,other_reactant,other_reactant,other_reactant,,,,not_registry_matched,not_assessable,False,1,1
ecoli,dtdp4addg_c,"DTDP-4-amino-4,6-dideoxy-D-galactose",dtdp4addg,C04346,CHEBI:10507;CHEBI:14078;CHEBI:15972;CHEBI:23539;CHEBI:57596;CHEBI:68492;CHEBI:68516,MNXM114295,,UIVJXHWSIFBBCY,ok,other_reactant,other_reactant,other_reactant,,,,not_registry_matched,not_assessable,False,1,1
ecoli,dtdp4d6dg_c,DTDP-4-dehydro-6-deoxy-D-glucose,dtdp4d6dg,C11907,CHEBI:10510;CHEBI:14081;CHEBI:16128;CHEBI:23542;CHEBI:57649;CHEBI:62829,MNXM451,,PSXWNITXWWECNY,ok,other_reactant,other_reactant,other_reactant,,,,not_registry_matched,not_assessable,False,2,2
ecoli,dtdp4d6dm_c,DTDP-4-dehydro-6-deoxy-L-mannose,dtdp4d6dm,C00688,CHEBI:10511;CHEBI:14082;CHEBI:15744;CHEBI:23543;CHEBI:45868;CHEBI:57494;CHEBI:62830,MNXM2371,,PSXWNITXWWECNY,ok,other_reactant,other_reactant,other_reactant,,,,not_registry_matched,not_assessable,False,1,1
ecoli,dtdp_c,DTDP C10H13N2O11P2,dtdp,C00363,CHEBI:10500;CHEBI:14077;CHEBI:18075;CHEBI:26998;CHEBI:46061;CHEBI:58369,MNXM152,,UJLXYODCHAELLY,ok,other_reactant,other_reactant,other_reactant,,,,not_registry_matched,not_assessable,False,4,4
ecoli,dtdpglu_c,DTDPglucose,dtdpglu,C00842,CHEBI:10526;CHEBI:10528;CHEBI:14089;CHEBI:14091;CHEBI:15700;CHEBI:23556;CHEBI:57477,MNXM1376,,YSYKRGRSMLTJNL,ok,other_reactant,other_reactant,other_reactant,,,,not_registry_matched,not_assessable,False,2,2
ecoli,dtdprmn_c,DTDP-L-rhamnose,dtdprmn,C03319,CHEBI:10518;CHEBI:14083;CHEBI:15774;CHEBI:23547;CHEBI:35452;CHEBI:46114;CHEBI:57510;CHEBI:61119,MNXM899,,ZOSQFDVXNQFKBY,ok,other_reactant,other_reactant,other_reactant,,,,not_registry_matched,not_assessable,False,1,1
ecoli,dtgcl_c,2-hydroxyethyldisulfide,dtgcl,,,,,KYNFOMQIXZUKRK,ok,other_reactant,other_reactant,other_reactant,,,,not_registry_matched,not_assessable,False,2,2
ecoli,dtmp_c,DTMP C10H13N2O8P,dtmp,C00364,CHEBI:10529;CHEBI:14092;CHEBI:15246;CHEBI:17013;CHEBI:26999;CHEBI:45759;CHEBI:45762;CHEBI:45772;CHEBI:45926;CHEBI:46013;CHEBI:46036;CHEBI:46960;CHEBI:47711;CHEBI:63528;CHEBI:63549,MNXM257,,GYOZYWVXFNDGLU,ok,other_reactant,other_reactant,other_reactant,,,,not_registry_matched,not_assessable,False,5,5
ecoli,dtmp_e,DTMP C10H13N2O8P,dtmp,C00364,CHEBI:10529;CHEBI:14092;CHEBI:15246;CHEBI:17013;CHEBI:26999;CHEBI:45759;CHEBI:45762;CHEBI:45772;CHEBI:45926;CHEBI:46013;CHEBI:46036;CHEBI:46960;CHEBI:47711;CHEBI:63528;CHEBI:63549,MNXM257,,GYOZYWVXFNDGLU,ok,other_reactant,other_reactant,other_reactant,,,,not_registry_matched,not_assessable,False,4,4
ecoli,dtmp_p,DTMP C10H13N2O8P,dtmp,C00364,CHEBI:10529;CHEBI:14092;CHEBI:15246;CHEBI:17013;CHEBI:26999;CHEBI:45759;CHEBI:45762;CHEBI:45772;CHEBI:45926;CHEBI:46013;CHEBI:46036;CHEBI:46960;CHEBI:47711;CHEBI:63528;CHEBI:63549,MNXM257,,GYOZYWVXFNDGLU,ok,other_reactant,other_reactant,other_reactant,,,,not_registry_matched,not_assessable,False,6,6
ecoli,dttp_c,DTTP C10H13N2O14P3,dttp,C00459,CHEBI:10530;CHEBI:14093;CHEBI:18077;CHEBI:27000;CHEBI:37568;CHEBI:46175;CHEBI:58370,MNXM394,,NHVNXKFIZYSCEB,ok,other_reactant,other_reactant,other_reactant,,,,not_registry_matched,not_assessable,False,7,7
ecoli,dudp_c,DUDP C9H11N2O11P2,dudp,C01346,CHEBI:10531;CHEBI:19262;CHEBI:28850;CHEBI:60471,MNXM572,,QHWZTVCCBMIIKE,ok,other_reactant,other_reactant,other_reactant,,,,not_registry_matched,not_assessable,False,2,2
ecoli,dump_c,DUMP C9H11N2O8P,dump,C00365,CHEBI:10532;CHEBI:14094;CHEBI:17622;CHEBI:19263;CHEBI:246422;CHEBI:42245;CHEBI:46286;CHEBI:46288;CHEBI:47722,MNXM234,,JSRLJPSBLDHEIO,ok,other_reactant,other_reactant,other_reactant,,,,not_registry_matched,not_assessable,False,5,5
ecoli,dump_e,DUMP C9H11N2O8P,dump,C00365,CHEBI:10532;CHEBI:14094;CHEBI:17622;CHEBI:19263;CHEBI:246422;CHEBI:42245;CHEBI:46286;CHEBI:46288;CHEBI:47722,MNXM234,,JSRLJPSBLDHEIO,ok,other_reactant,other_reactant,other_reactant,,,,not_registry_matched,not_assessable,False,4,4
ecoli,dump_p,DUMP C9H11N2O8P,dump,C00365,CHEBI:10532;CHEBI:14094;CHEBI:17622;CHEBI:19263;CHEBI:246422;CHEBI:42245;CHEBI:46286;CHEBI:46288;CHEBI:47722,MNXM234,,JSRLJPSBLDHEIO,ok,other_reactant,other_reactant,other_reactant,,,,not_registry_matched,not_assessable,False,6,6
ecoli,duri_c,Deoxyuridine,duri,C00526,CHEBI:11398;CHEBI:11572;CHEBI:14123;CHEBI:16450;CHEBI:19261;CHEBI:23640;CHEBI:29113;CHEBI:42178;CHEBI:4434;CHEBI:46165;CHEBI:46289;CHEBI:46293,MNXM492,,MXHRCPNRJAMMIM,ok,other_reactant,other_reactant,other_reactant,,,,not_registry_matched,not_assessable,False,3,3
ecoli,duri_e,Deoxyuridine,duri,C00526,CHEBI:11398;CHEBI:11572;CHEBI:14123;CHEBI:16450;CHEBI:19261;CHEBI:23640;CHEBI:29113;CHEBI:42178;CHEBI:4434;CHEBI:46165;CHEBI:46289;CHEBI:46293,MNXM492,,MXHRCPNRJAMMIM,ok,other_reactant,other_reactant,other_reactant,,,,not_registry_matched,not_assessable,False,1,1
ecoli,duri_p,Deoxyuridine,duri,C00526,CHEBI:11398;CHEBI:11572;CHEBI:14123;CHEBI:16450;CHEBI:19261;CHEBI:23640;CHEBI:29113;CHEBI:42178;CHEBI:4434;CHEBI:46165;CHEBI:46289;CHEBI:46293,MNXM492,,MXHRCPNRJAMMIM,ok,other_reactant,other_reactant,other_reactant,,,,not_registry_matched,not_assessable,False,3,3
ecoli,dutp_c,DUTP C9H11N2O14P3,dutp,C00460,CHEBI:10533;CHEBI:14095;CHEBI:17625;CHEBI:19264;CHEBI:58212;CHEBI:61555,MNXM452,,AHCYMLUZIRLXAA,ok,other_reactant,other_reactant,other_reactant,,,,not_registry_matched,not_assessable,False,4,4
ecoli,dxyl5p_c,1-deoxy-D-xylulose 5-phosphate,dxyl5p,C11437,CHEBI:11254;CHEBI:16493;CHEBI:57792;CHEBI:622,MNXM622,,AJPADPZSRRUGHI,ok,other_reactant,other_reactant,other_reactant,,,,not_registry_matched,not_assessable,False,3,3
ecoli,dxyl_c,1-deoxy-D-xylulose,dxyl,C06257,CHEBI:19038;CHEBI:28354;CHEBI:621,MNXM2454,,IGUZJYCAXLYZEE,ok,other_reactant,other_reactant,other_reactant,,,,not_registry_matched,not_assessable,False,1,1
ecoli,dxylnt_c,D-Xylonate,dxylnt,,,,,QXKAIJAYHKCRRA,ok,other_reactant,other_reactant,other_reactant,,,,not_registry_matched,not_assessable,False,2,2
ecoli,dxylnt_e,D-Xylonate,dxylnt,,,,,QXKAIJAYHKCRRA,ok,other_reactant,other_reactant,other_reactant,,,,not_registry_matched,not_assessable,False,3,3
ecoli,dxylnt_p,D-Xylonate,dxylnt,,,,,QXKAIJAYHKCRRA,ok,other_reactant,other_reactant,other_reactant,,,,not_registry_matched,not_assessable,False,3,3
ecoli,e4p_c,D-Erythrose 4-phosphate,e4p,C00279,CHEBI:12921;CHEBI:16897;CHEBI:20927;CHEBI:4114;CHEBI:42349;CHEBI:48153,MNXM258,,NGHMDNPXVRFFGS,ok,other_reactant,other_reactant,other_reactant,,,,not_registry_matched,not_assessable,False,15,15
ecoli,eca2und_p,(enterobacterial common antigen)x2 undecaprenyl-diphosphate,eca2und,,,MNXM31479,,QGEVVARZDHTYSR,ok,other_reactant,other_reactant,other_reactant,,,,not_registry_matched,not_assessable,False,1,1
ecoli,eca3und_p,(enterobacterial common antigen)x3 undecaprenyl-diphosphate,eca3und,,,MNXM6543,,AEBNALYOCQHPHC,ok,other_reactant,other_reactant,other_reactant,,,,not_registry_matched,not_assessable,False,1,1
ecoli,eca4colipa_p,(enterobacterial common antigen)x4 core oligosaccharide lipid A,eca4colipa,,,MNXM91786,,DZEXDGYTOKBZIY,ok,other_reactant,other_reactant,other_reactant,,,,not_registry_matched,not_assessable,False,1,1
ecoli,eca4und_p,(enterobacterial common antigen)x4 undecaprenyl-diphosphate,eca4und,,,MNXM6545,,CVYQIROAIKSYLV,ok,other_reactant,other_reactant,other_reactant,,,,not_registry_matched,not_assessable,False,1,1
ecoli,egmeACP_c,Enoylglutaryl-[acyl-carrier protein] methyl ester,egmeACP,C20374,,MNXM11489,,,missing_smiles,other_reactant,other_reactant,other_reactant,,,,not_registry_matched,not_assessable,False,1,1
ecoli,eig3p_c,D-erythro-1-(Imidazol-4-yl)glycerol 3-phosphate,eig3p,C04666,CHEBI:12888;CHEBI:17805;CHEBI:20923;CHEBI:4270;CHEBI:58278,MNXM1422,,HFYBTHCYPKEDQQ,ok,other_reactant,other_reactant,other_reactant,,,,not_registry_matched,not_assessable,False,1,1
ecoli,enlipa_p,Phosphoethanolamine KDO(2)-lipid (A),enlipa,C21173,CHEBI:47762;CHEBI:60085,MNXM7670,,GSHAAWZSAOJXLM,ok,other_reactant,other_reactant,other_reactant,,,,not_registry_matched,not_assessable,False,1,1
ecoli,enter_c,Enterochelin,enter,C05821,CHEBI:23923;CHEBI:28855;CHEBI:38150;CHEBI:4799;CHEBI:77805,MNXM883,,SERBHKJMVBATSJ,ok,other_reactant,other_reactant,other_reactant,,,,not_registry_matched,not_assessable,False,2,2
ecoli,enter_e,Enterochelin,enter,C05821,CHEBI:23923;CHEBI:28855;CHEBI:38150;CHEBI:4799;CHEBI:77805,MNXM883,,SERBHKJMVBATSJ,ok,other_reactant,other_reactant,other_reactant,,,,not_registry_matched,not_assessable,False,1,1
ecoli,enter_p,Enterochelin,enter,C05821,CHEBI:23923;CHEBI:28855;CHEBI:38150;CHEBI:4799;CHEBI:77805,MNXM883,,SERBHKJMVBATSJ,ok,other_reactant,other_reactant,other_reactant,,,,not_registry_matched,not_assessable,False,1,1
ecoli,epmeACP_c,Enoylpimeloyl-[acyl-carrier protein] methyl ester,epmeACP,C20378,,MNXM11490,,,missing_smiles,other_reactant,other_reactant,other_reactant,,,,not_registry_matched,not_assessable,False,1,1
ecoli,etha_c,Ethanolamine,etha,C00189,CHEBI:14223;CHEBI:16000;CHEBI:23979;CHEBI:272066;CHEBI:42323;CHEBI:4880;CHEBI:57603,MNXM218,,HZAXFHJVJLSVMW,ok,other_reactant,other_reactant,other_reactant,,,,not_registry_matched,not_assessable,False,1,1
ecoli,etha_e,Ethanolamine,etha,C00189,CHEBI:14223;CHEBI:16000;CHEBI:23979;CHEBI:272066;CHEBI:42323;CHEBI:4880;CHEBI:57603,MNXM218,,HZAXFHJVJLSVMW,ok,other_reactant,other_reactant,other_reactant,,,,not_registry_matched,not_assessable,False,4,4
ecoli,etha_p,Ethanolamine,etha,C00189,CHEBI:14223;CHEBI:16000;CHEBI:23979;CHEBI:272066;CHEBI:42323;CHEBI:4880;CHEBI:57603,MNXM218,,HZAXFHJVJLSVMW,ok,other_reactant,other_reactant,other_reactant,,,,not_registry_matched,not_assessable,False,4,4
ecoli,ethso3_c,Ethanesulfonate,ethso3,,CHEBI:42465;CHEBI:61909,MNXM7343,,CCIVGXIOQKPBKL,ok,other_reactant,other_reactant,other_reactant,,,,not_registry_matched,not_assessable,False,1,1
ecoli,ethso3_e,Ethanesulfonate,ethso3,,CHEBI:42465;CHEBI:61909,MNXM7343,,CCIVGXIOQKPBKL,ok,other_reactant,other_reactant,other_reactant,,,,not_registry_matched,not_assessable,False,4,4
ecoli,ethso3_p,Ethanesulfonate,ethso3,,CHEBI:42465;CHEBI:61909,MNXM7343,,CCIVGXIOQKPBKL,ok,other_reactant,other_reactant,other_reactant,,,,not_registry_matched,not_assessable,False,5,5
ecoli,etoh_c,Ethanol,etoh,C00469,CHEBI:14222;CHEBI:16236;CHEBI:23978;CHEBI:30878;CHEBI:30880;CHEBI:42377;CHEBI:44594;CHEBI:4879;CHEBI:52092,MNXM303,,LFQSCWFLJHTTHZ,ok,other_reactant,other_reactant,other_reactant,,,,not_registry_matched,not_assessable,False,3,3
ecoli,etoh_e,Ethanol,etoh,C00469,CHEBI:14222;CHEBI:16236;CHEBI:23978;CHEBI:30878;CHEBI:30880;CHEBI:42377;CHEBI:44594;CHEBI:4879;CHEBI:52092,MNXM303,,LFQSCWFLJHTTHZ,ok,other_reactant,other_reactant,other_reactant,,,,not_registry_matched,not_assessable,False,4,4
ecoli,etoh_p,Ethanol,etoh,C00469,CHEBI:14222;CHEBI:16236;CHEBI:23978;CHEBI:30878;CHEBI:30880;CHEBI:42377;CHEBI:44594;CHEBI:4879;CHEBI:52092,MNXM303,,LFQSCWFLJHTTHZ,ok,other_reactant,other_reactant,other_reactant,,,,not_registry_matched,not_assessable,False,5,5
ecoli,f1p_c,D-Fructose 1-phosphate,f1p,C01094,CHEBI:20930;CHEBI:37515;CHEBI:5174;CHEBI:58674,MNXM145568,,RHKKZBWRNHGJEZ,ok,other_reactant,other_reactant,other_reactant,,,,not_registry_matched,not_assessable,False,5,5
ecoli,f6p_c,D-Fructose 6-phosphate,f6p,C05345,CHEBI:10375;CHEBI:12352;CHEBI:16084;CHEBI:22768;CHEBI:42378;CHEBI:57634,MNXM89621,,BGWGXPAPYGQALX,ok,other_reactant,other_reactant,other_reactant,,,,not_registry_matched,not_assessable,False,19,19
ecoli,f6p_e,D-Fructose 6-phosphate,f6p,C05345,CHEBI:10375;CHEBI:12352;CHEBI:16084;CHEBI:22768;CHEBI:42378;CHEBI:57634,MNXM89621,,BGWGXPAPYGQALX,ok,other_reactant,other_reactant,other_reactant,,,,not_registry_matched,not_assessable,False,4,4
ecoli,f6p_p,D-Fructose 6-phosphate,f6p,C05345,CHEBI:10375;CHEBI:12352;CHEBI:16084;CHEBI:22768;CHEBI:42378;CHEBI:57634,MNXM89621,,BGWGXPAPYGQALX,ok,other_reactant,other_reactant,other_reactant,,,,not_registry_matched,not_assessable,False,5,5
ecoli,f_c,Fluoride,f,,,,,KRHYYFGTRYWZRS,ok,other_reactant,other_reactant,other_reactant,,,,not_registry_matched,not_assessable,False,1,1
ecoli,f_e,Fluoride,f,,,,,KRHYYFGTRYWZRS,ok,other_reactant,other_reactant,other_reactant,,,,not_registry_matched,not_assessable,False,4,4
ecoli,f_p,Fluoride,f,,,,,KRHYYFGTRYWZRS,ok,other_reactant,other_reactant,other_reactant,,,,not_registry_matched,not_assessable,False,4,4
ecoli,fad_c,Flavin adenine dinucleotide oxidized,fad,C00016,CHEBI:13315;CHEBI:16238;CHEBI:21125;CHEBI:42388;CHEBI:4956;CHEBI:57692,MNXM33,,VWWQXMAJTJZDQX,ok,redox_cofactor,redox_cofactor,currency_or_cofactor,FAD,normalized_name;bigg_ids:fad;kegg_ids:c00016;chebi_ids:chebi:57692;metanetx_ids:mnxm33;inchikey_connectivity:vwwqxmajtjzdqx,normalized_name;bigg_ids;kegg_ids;chebi_ids;metanetx_ids;inchikey_connectivity,multiple_evidence_types,consistent,False,12,12
ecoli,fad_e,Flavin adenine dinucleotide oxidized,fad,C00016,CHEBI:13315;CHEBI:16238;CHEBI:21125;CHEBI:42388;CHEBI:4956;CHEBI:57692,MNXM33,,VWWQXMAJTJZDQX,ok,redox_cofactor,redox_cofactor,currency_or_cofactor,FAD,normalized_name;bigg_ids:fad;kegg_ids:c00016;chebi_ids:chebi:57692;metanetx_ids:mnxm33;inchikey_connectivity:vwwqxmajtjzdqx,normalized_name;bigg_ids;kegg_ids;chebi_ids;metanetx_ids;inchikey_connectivity,multiple_evidence_types,consistent,False,4,4
ecoli,fad_p,Flavin adenine dinucleotide oxidized,fad,C00016,CHEBI:13315;CHEBI:16238;CHEBI:21125;CHEBI:42388;CHEBI:4956;CHEBI:57692,MNXM33,,VWWQXMAJTJZDQX,ok,redox_cofactor,redox_cofactor,currency_or_cofactor,FAD,normalized_name;bigg_ids:fad;kegg_ids:c00016;chebi_ids:chebi:57692;metanetx_ids:mnxm33;inchikey_connectivity:vwwqxmajtjzdqx,normalized_name;bigg_ids;kegg_ids;chebi_ids;metanetx_ids;inchikey_connectivity,multiple_evidence_types,consistent,False,4,4
ecoli,fadh2_c,Flavin adenine dinucleotide reduced,fadh2,C01352,CHEBI:13316;CHEBI:17877;CHEBI:21126;CHEBI:42427;CHEBI:4957;CHEBI:58307,MNXM38,,YPZRHBJKEMOYQH,ok,redox_cofactor,redox_cofactor,currency_or_cofactor,FADH2,bigg_ids:fadh2;kegg_ids:c01352;chebi_ids:chebi:58307;metanetx_ids:mnxm38,bigg_ids;kegg_ids;chebi_ids;metanetx_ids,multiple_evidence_types,not_assessable,False,9,9
ecoli,fald_c,Formaldehyde,fald,C00067,CHEBI:14274;CHEBI:16842;CHEBI:24077;CHEBI:337763;CHEBI:5142,MNXM56,,WSFSSNUMVMOOMR,ok,other_reactant,other_reactant,other_reactant,,,,not_registry_matched,not_assessable,False,2,2
ecoli,fald_e,Formaldehyde,fald,C00067,CHEBI:14274;CHEBI:16842;CHEBI:24077;CHEBI:337763;CHEBI:5142,MNXM56,,WSFSSNUMVMOOMR,ok,other_reactant,other_reactant,other_reactant,,,,not_registry_matched,not_assessable,False,4,4
ecoli,fald_p,Formaldehyde,fald,C00067,CHEBI:14274;CHEBI:16842;CHEBI:24077;CHEBI:337763;CHEBI:5142,MNXM56,,WSFSSNUMVMOOMR,ok,other_reactant,other_reactant,other_reactant,,,,not_registry_matched,not_assessable,False,5,5
ecoli,fc1p_c,L-Fuculose 1-phosphate,fc1p,C01099,CHEBI:13104;CHEBI:13105;CHEBI:16647;CHEBI:21296;CHEBI:57846;CHEBI:6220,MNXM1749,,KNYGWWDTPGSEPD,ok,other_reactant,other_reactant,other_reactant,,,,not_registry_matched,not_assessable,False,2,2
ecoli,fcl__L_c,L-fuculose,fcl__L,C01721,CHEBI:13103;CHEBI:17617;CHEBI:21295;CHEBI:58208;CHEBI:6219,MNXM1748,,QZNPNKJXABGCRC,ok,other_reactant,other_reactant,other_reactant,,,,not_registry_matched,not_assessable,False,2,2
ecoli,fdp_c,"D-Fructose 1,6-bisphosphate",fdp,C00354,CHEBI:37736;CHEBI:49299,MNXM417,,RNBGYGVWRKECFJ,ok,other_reactant,other_reactant,other_reactant,,,,not_registry_matched,not_assessable,False,6,6
ecoli,fe2_c,Fe2+ mitochondria,fe2,C14818,CHEBI:13319;CHEBI:13321;CHEBI:21129;CHEBI:24876;CHEBI:29033;CHEBI:34754;CHEBI:49599,MNXM111,,CWYNVVGOOAEACU,ok,other_reactant,other_reactant,other_reactant,,,,not_registry_matched,not_assessable,False,10,10
ecoli,fe2_e,Fe2+ mitochondria,fe2,C14818,CHEBI:13319;CHEBI:13321;CHEBI:21129;CHEBI:24876;CHEBI:29033;CHEBI:34754;CHEBI:49599,MNXM111,,CWYNVVGOOAEACU,ok,other_reactant,other_reactant,other_reactant,,,,not_registry_matched,not_assessable,False,4,4
ecoli,fe2_p,Fe2+ mitochondria,fe2,C14818,CHEBI:13319;CHEBI:13321;CHEBI:21129;CHEBI:24876;CHEBI:29033;CHEBI:34754;CHEBI:49599,MNXM111,,CWYNVVGOOAEACU,ok,other_reactant,other_reactant,other_reactant,,,,not_registry_matched,not_assessable,False,9,9
ecoli,fe3_c,Iron (Fe3+),fe3,C14819,CHEBI:13320;CHEBI:21130;CHEBI:24877;CHEBI:29034;CHEBI:34755;CHEBI:49595,MNXM196,,VTLYFUHAOXGGBS,ok,other_reactant,other_reactant,other_reactant,,,,not_registry_matched,not_assessable,False,1,1
ecoli,fe3_e,Iron (Fe3+),fe3,C14819,CHEBI:13320;CHEBI:21130;CHEBI:24877;CHEBI:29034;CHEBI:34755;CHEBI:49595,MNXM196,,VTLYFUHAOXGGBS,ok,other_reactant,other_reactant,other_reactant,,,,not_registry_matched,not_assessable,False,11,11
ecoli,fe3_p,Iron (Fe3+),fe3,C14819,CHEBI:13320;CHEBI:21130;CHEBI:24877;CHEBI:29034;CHEBI:34755;CHEBI:49595,MNXM196,,VTLYFUHAOXGGBS,ok,other_reactant,other_reactant,other_reactant,,,,not_registry_matched,not_assessable,False,4,4
ecoli,fe3dcit_c,Fe(III)dicitrate,fe3dcit,C06229,,MNXM146388,,SQKCGPGTPCENAH,ok,other_reactant,other_reactant,other_reactant,,,,not_registry_matched,not_assessable,False,1,1
ecoli,fe3dcit_e,Fe(III)dicitrate,fe3dcit,C06229,,MNXM146388,,SQKCGPGTPCENAH,ok,other_reactant,other_reactant,other_reactant,,,,not_registry_matched,not_assessable,False,1,1
ecoli,fe3dcit_p,Fe(III)dicitrate,fe3dcit,C06229,,MNXM146388,,SQKCGPGTPCENAH,ok,other_reactant,other_reactant,other_reactant,,,,not_registry_matched,not_assessable,False,1,1
ecoli,fe3dhbzs3_c,2-3-dihydroxybenzoylserine trimer-Fe-III,fe3dhbzs3,,,MNXM146250,,,missing_smiles,other_reactant,other_reactant,other_reactant,,,,not_registry_matched,not_assessable,False,1,1
ecoli,fe3dhbzs3_p,2-3-dihydroxybenzoylserine trimer-Fe-III,fe3dhbzs3,,,MNXM146250,,,missing_smiles,other_reactant,other_reactant,other_reactant,,,,not_registry_matched,not_assessable,False,1,1
ecoli,fe3dhbzs_e,"Ferric 2,3-dihydroxybenzoylserine",fe3dhbzs,,,MNXM5748,,NTWRWGRCGVKQNS,ok,other_reactant,other_reactant,other_reactant,,,,not_registry_matched,not_assessable,False,2,2
ecoli,fe3hox_e,Fe(III)hydroxamate,fe3hox,C06227,CHEBI:21131;CHEBI:28163;CHEBI:4992,MNXM57764,,,inchikey_unavailable,other_reactant,other_reactant,other_reactant,,,,not_registry_matched,not_assessable,False,1,1
ecoli,fe3hox_p,Fe(III)hydroxamate,fe3hox,C06227,CHEBI:21131;CHEBI:28163;CHEBI:4992,MNXM57764,,,inchikey_unavailable,other_reactant,other_reactant,other_reactant,,,,not_registry_matched,not_assessable,False,1,1
ecoli,fe3hox_un_e,"Fe(III)hydoxamate, unloaded",fe3hox_un,,,MNXM90823,,,missing_smiles,other_reactant,other_reactant,other_reactant,,,,not_registry_matched,not_assessable,False,1,1
ecoli,fecrm_e,Ferrichrome,fecrm,C06228,CHEBI:5019,MNXM2825,,ZFDAUYPBCXMSBF,ok,other_reactant,other_reactant,other_reactant,,,,not_registry_matched,not_assessable,False,1,1
ecoli,fecrm_p,Ferrichrome,fecrm,C06228,CHEBI:5019,MNXM2825,,ZFDAUYPBCXMSBF,ok,other_reactant,other_reactant,other_reactant,,,,not_registry_matched,not_assessable,False,1,1
ecoli,fecrm_un_e,Ferrichrome minus Fe(III),fecrm_un,,,MNXM53290,,ZZDYFKJSJLUQON,ok,other_reactant,other_reactant,other_reactant,,,,not_registry_matched,not_assessable,False,1,1
ecoli,feenter_c,Fe-enterobactin,feenter,C06230,CHEBI:21133;CHEBI:28199;CHEBI:38151;CHEBI:4993;CHEBI:70745,MNXM7354,,SERBHKJMVBATSJ,ok,other_reactant,other_reactant,other_reactant,,,,not_registry_matched,not_assessable,False,2,2
ecoli,feenter_e,Fe-enterobactin,feenter,C06230,CHEBI:21133;CHEBI:28199;CHEBI:38151;CHEBI:4993;CHEBI:70745,MNXM7354,,SERBHKJMVBATSJ,ok,other_reactant,other_reactant,other_reactant,,,,not_registry_matched,not_assessable,False,1,1
ecoli,feenter_p,Fe-enterobactin,feenter,C06230,CHEBI:21133;CHEBI:28199;CHEBI:38151;CHEBI:4993;CHEBI:70745,MNXM7354,,SERBHKJMVBATSJ,ok,other_reactant,other_reactant,other_reactant,,,,not_registry_matched,not_assessable,False,1,1
ecoli,feoxam_c,Generic ferrioxamine-Fe-III,feoxam,C06940,CHEBI:4356;CHEBI:84700,MNXM94790,,UBQYURCVBFRUQT,ok,other_reactant,other_reactant,other_reactant,,,,not_registry_matched,not_assessable,False,3,3
ecoli,feoxam_e,Generic ferrioxamine-Fe-III,feoxam,C06940,CHEBI:4356;CHEBI:84700,MNXM94790,,UBQYURCVBFRUQT,ok,other_reactant,other_reactant,other_reactant,,,,not_registry_matched,not_assessable,False,1,1
ecoli,feoxam_p,Generic ferrioxamine-Fe-III,feoxam,C06940,CHEBI:4356;CHEBI:84700,MNXM94790,,UBQYURCVBFRUQT,ok,other_reactant,other_reactant,other_reactant,,,,not_registry_matched,not_assessable,False,1,1
ecoli,feoxam_un_e,Ferroxamine minus Fe(3),feoxam_un,,,MNXM90827,,,missing_smiles,other_reactant,other_reactant,other_reactant,,,,not_registry_matched,not_assessable,False,1,1
ecoli,fgam_c,N2-Formyl-N1-(5-phospho-D-ribosyl)glycinamide,fgam,C04376,CHEBI:12635;CHEBI:18272;CHEBI:1982;CHEBI:20498;CHEBI:42411;CHEBI:58426,MNXM453,,VDXLUNDMVKSKHO,ok,other_reactant,other_reactant,other_reactant,,,,not_registry_matched,not_assessable,False,2,2
ecoli,flxr_c,Flavodoxin reduced,flxr,,,MNXM6271,,,missing_smiles,other_reactant,other_reactant,other_reactant,,,,not_registry_matched,not_assessable,False,20,20
ecoli,flxso_c,Flavodoxin semi oxidized,flxso,,,MNXM145809,,,missing_smiles,other_reactant,other_reactant,other_reactant,,,,not_registry_matched,not_assessable,False,4,4
ecoli,fmn_c,FMN C17H19N4O9P,fmn,C00061,CHEBI:13317;CHEBI:17621;CHEBI:21127;CHEBI:42587;CHEBI:4960;CHEBI:58210,MNXM119,,FVTCRASFADXXNN,ok,redox_cofactor,redox_cofactor,currency_or_cofactor,FMN,normalized_name;bigg_ids:fmn;kegg_ids:c00061;chebi_ids:chebi:58210;metanetx_ids:mnxm119;inchikey_connectivity:fvtcrasfadxxnn,normalized_name;bigg_ids;kegg_ids;chebi_ids;metanetx_ids;inchikey_connectivity,multiple_evidence_types,consistent,False,10,10
ecoli,fmn_e,FMN C17H19N4O9P,fmn,C00061,CHEBI:13317;CHEBI:17621;CHEBI:21127;CHEBI:42587;CHEBI:4960;CHEBI:58210,MNXM119,,FVTCRASFADXXNN,ok,redox_cofactor,redox_cofactor,currency_or_cofactor,FMN,normalized_name;bigg_ids:fmn;kegg_ids:c00061;chebi_ids:chebi:58210;metanetx_ids:mnxm119;inchikey_connectivity:fvtcrasfadxxnn,normalized_name;bigg_ids;kegg_ids;chebi_ids;metanetx_ids;inchikey_connectivity,multiple_evidence_types,consistent,False,4,4
ecoli,fmn_p,FMN C17H19N4O9P,fmn,C00061,CHEBI:13317;CHEBI:17621;CHEBI:21127;CHEBI:42587;CHEBI:4960;CHEBI:58210,MNXM119,,FVTCRASFADXXNN,ok,redox_cofactor,redox_cofactor,currency_or_cofactor,FMN,normalized_name;bigg_ids:fmn;kegg_ids:c00061;chebi_ids:chebi:58210;metanetx_ids:mnxm119;inchikey_connectivity:fvtcrasfadxxnn,normalized_name;bigg_ids;kegg_ids;chebi_ids;metanetx_ids;inchikey_connectivity,multiple_evidence_types,consistent,False,5,5
ecoli,fmnh2_c,Reduced FMN,fmnh2,C01847,CHEBI:13318;CHEBI:133886;CHEBI:15017;CHEBI:16048;CHEBI:21128;CHEBI:42517;CHEBI:57618;CHEBI:8782,MNXM208,,YTNIXZGTHTVJBW,ok,other_reactant,other_reactant,other_reactant,,,,not_registry_matched,not_assessable,False,6,6
ecoli,for_c,Formate,for,C00058,CHEBI:14276;CHEBI:15740;CHEBI:24081;CHEBI:24082;CHEBI:30751;CHEBI:42460;CHEBI:5145,MNXM39,,BDAGIHXWWSANSR,ok,other_reactant,other_reactant,other_reactant,,,,not_registry_matched,not_assessable,False,6,6
ecoli,for_e,Formate,for,C00058,CHEBI:14276;CHEBI:15740;CHEBI:24081;CHEBI:24082;CHEBI:30751;CHEBI:42460;CHEBI:5145,MNXM39,,BDAGIHXWWSANSR,ok,other_reactant,other_reactant,other_reactant,,,,not_registry_matched,not_assessable,False,4,4
ecoli,for_p,Formate,for,C00058,CHEBI:14276;CHEBI:15740;CHEBI:24081;CHEBI:24082;CHEBI:30751;CHEBI:42460;CHEBI:5145,MNXM39,,BDAGIHXWWSANSR,ok,other_reactant,other_reactant,other_reactant,,,,not_registry_matched,not_assessable,False,10,10
ecoli,forcoa_c,Formyl-CoA(4-),forcoa,C00798,CHEBI:14282;CHEBI:15522;CHEBI:24092;CHEBI:49609;CHEBI:5150;CHEBI:57376,MNXM563,,SXMOKYXNAPLNCW,ok,carrier_linked_metabolite,carrier_linked_metabolite,carrier_linked_variable,,normalized_name:coa_linked,normalized_name,name_only,not_assessable,False,1,1
ecoli,fpram_c,2-(Formamido)-N1-(5-phospho-D-ribosyl)acetamidine,fpram,,CHEBI:11474;CHEBI:18413;CHEBI:58478;CHEBI:971,MNXM568,,PMCOGCVKOAOZQM,ok,other_reactant,other_reactant,other_reactant,,,,not_registry_matched,not_assessable,False,1,1
ecoli,fprica_c,5-Formamido-1-(5-phospho-D-ribosyl)imidazole-4-carboxamide,fprica,C04734,CHEBI:12125;CHEBI:18381;CHEBI:18967;CHEBI:574;CHEBI:58467,MNXM456,,ABCOOORLYAOBOZ,ok,other_reactant,other_reactant,other_reactant,,,,not_registry_matched,not_assessable,False,2,2
ecoli,frdp_c,Farnesyl diphosphate,frdp,C00448,CHEBI:10700;CHEBI:11488;CHEBI:11491;CHEBI:12854;CHEBI:12874;CHEBI:14231;CHEBI:17407;CHEBI:175763;CHEBI:19789;CHEBI:24016;CHEBI:42496;CHEBI:50277,MNXM34,,VWFJDQUYCIWHTN,ok,other_reactant,other_reactant,other_reactant,,,,not_registry_matched,not_assessable,False,3,3
ecoli,fru_c,D-Fructose,fru,C00095;C01496;C05003;C10906,CHEBI:12923;CHEBI:15824;CHEBI:20929;CHEBI:24104;CHEBI:24110;CHEBI:28757;CHEBI:37714;CHEBI:37721;CHEBI:4118;CHEBI:4119;CHEBI:47424;CHEBI:48095;CHEBI:5172,MNXM175,,BJHIKXHVCXFQLS,ok,other_reactant,other_reactant,other_reactant,,,,not_registry_matched,not_assessable,False,2,2
ecoli,fru_e,D-Fructose,fru,C00095;C01496;C05003;C10906,CHEBI:12923;CHEBI:15824;CHEBI:20929;CHEBI:24104;CHEBI:24110;CHEBI:28757;CHEBI:37714;CHEBI:37721;CHEBI:4118;CHEBI:4119;CHEBI:47424;CHEBI:48095;CHEBI:5172,MNXM175,,BJHIKXHVCXFQLS,ok,other_reactant,other_reactant,other_reactant,,,,not_registry_matched,not_assessable,False,4,4
ecoli,fru_p,D-Fructose,fru,C00095;C01496;C05003;C10906,CHEBI:12923;CHEBI:15824;CHEBI:20929;CHEBI:24104;CHEBI:24110;CHEBI:28757;CHEBI:37714;CHEBI:37721;CHEBI:4118;CHEBI:4119;CHEBI:47424;CHEBI:48095;CHEBI:5172,MNXM175,,BJHIKXHVCXFQLS,ok,other_reactant,other_reactant,other_reactant,,,,not_registry_matched,not_assessable,False,6,6
ecoli,frulys_c,Fructoselysine,frulys,C16488,CHEBI:24109;CHEBI:61393;CHEBI:63523,MNXM1742,,BFSYFTQDGRDJNV,ok,other_reactant,other_reactant,other_reactant,,,,not_registry_matched,not_assessable,False,2,2
ecoli,frulys_e,Fructoselysine,frulys,C16488,CHEBI:24109;CHEBI:61393;CHEBI:63523,MNXM1742,,BFSYFTQDGRDJNV,ok,other_reactant,other_reactant,other_reactant,,,,not_registry_matched,not_assessable,False,4,4
ecoli,frulys_p,Fructoselysine,frulys,C16488,CHEBI:24109;CHEBI:61393;CHEBI:63523,MNXM1742,,BFSYFTQDGRDJNV,ok,other_reactant,other_reactant,other_reactant,,,,not_registry_matched,not_assessable,False,5,5
ecoli,frulysp_c,Fructoselysine Phosphate,frulysp,,,MNXM11605,,,missing_smiles,other_reactant,other_reactant,other_reactant,,,,not_registry_matched,not_assessable,False,1,1
ecoli,fruur_c,D-Fructuronate,fruur,C00905,CHEBI:12927;CHEBI:16849;CHEBI:20936;CHEBI:20937;CHEBI:24112;CHEBI:24113;CHEBI:4126;CHEBI:47950;CHEBI:59863;CHEBI:59881,MNXM1660,,PTCIWUZVDIQTOW,ok,other_reactant,other_reactant,other_reactant,,,,not_registry_matched,not_assessable,False,3,3
ecoli,fruur_e,D-Fructuronate,fruur,C00905,CHEBI:12927;CHEBI:16849;CHEBI:20936;CHEBI:20937;CHEBI:24112;CHEBI:24113;CHEBI:4126;CHEBI:47950;CHEBI:59863;CHEBI:59881,MNXM1660,,PTCIWUZVDIQTOW,ok,other_reactant,other_reactant,other_reactant,,,,not_registry_matched,not_assessable,False,4,4
ecoli,fruur_p,D-Fructuronate,fruur,C00905,CHEBI:12927;CHEBI:16849;CHEBI:20936;CHEBI:20937;CHEBI:24112;CHEBI:24113;CHEBI:4126;CHEBI:47950;CHEBI:59863;CHEBI:59881,MNXM1660,,PTCIWUZVDIQTOW,ok,other_reactant,other_reactant,other_reactant,,,,not_registry_matched,not_assessable,False,5,5
ecoli,fuc__L_c,L-Fucose,fuc__L,,CHEBI:48204,MNXM40586,,SHZGCJCMOBCMKK,ok,other_reactant,other_reactant,other_reactant,,,,not_registry_matched,not_assessable,False,2,2
ecoli,fuc__L_e,L-Fucose,fuc__L,,CHEBI:48204,MNXM40586,,SHZGCJCMOBCMKK,ok,other_reactant,other_reactant,other_reactant,,,,not_registry_matched,not_assessable,False,4,4
ecoli,fuc__L_p,L-Fucose,fuc__L,,CHEBI:48204,MNXM40586,,SHZGCJCMOBCMKK,ok,other_reactant,other_reactant,other_reactant,,,,not_registry_matched,not_assessable,False,5,5
ecoli,fum_c,Fumarate,fum,C00122,CHEBI:14284;CHEBI:18012;CHEBI:22956;CHEBI:22957;CHEBI:22958;CHEBI:24122;CHEBI:24124;CHEBI:29806;CHEBI:36180;CHEBI:37154;CHEBI:37155;CHEBI:42511;CHEBI:42743;CHEBI:5190,MNXM93,,VZCYOOQTPOCHFL,ok,other_reactant,other_reactant,other_reactant,,,,not_registry_matched,not_assessable,False,14,14
ecoli,fum_e,Fumarate,fum,C00122,CHEBI:14284;CHEBI:18012;CHEBI:22956;CHEBI:22957;CHEBI:22958;CHEBI:24122;CHEBI:24124;CHEBI:29806;CHEBI:36180;CHEBI:37154;CHEBI:37155;CHEBI:42511;CHEBI:42743;CHEBI:5190,MNXM93,,VZCYOOQTPOCHFL,ok,other_reactant,other_reactant,other_reactant,,,,not_registry_matched,not_assessable,False,4,4
ecoli,fum_p,Fumarate,fum,C00122,CHEBI:14284;CHEBI:18012;CHEBI:22956;CHEBI:22957;CHEBI:22958;CHEBI:24122;CHEBI:24124;CHEBI:29806;CHEBI:36180;CHEBI:37154;CHEBI:37155;CHEBI:42511;CHEBI:42743;CHEBI:5190,MNXM93,,VZCYOOQTPOCHFL,ok,other_reactant,other_reactant,other_reactant,,,,not_registry_matched,not_assessable,False,12,12
ecoli,fusa_e,Fusidic acid,fusa,C06694,CHEBI:24133;CHEBI:29013;CHEBI:42742;CHEBI:5201;CHEBI:71321,MNXM125818,,IECPWNUMDGFDKC,ok,other_reactant,other_reactant,other_reactant,,,,not_registry_matched,not_assessable,False,4,4
ecoli,fusa_p,Fusidic acid,fusa,C06694,CHEBI:24133;CHEBI:29013;CHEBI:42742;CHEBI:5201;CHEBI:71321,MNXM125818,,IECPWNUMDGFDKC,ok,other_reactant,other_reactant,other_reactant,,,,not_registry_matched,not_assessable,False,6,6
ecoli,g1p_c,D-Glucose 1-phosphate,g1p,C00103,CHEBI:10246;CHEBI:12320;CHEBI:12967;CHEBI:12970;CHEBI:16077;CHEBI:21001;CHEBI:21004;CHEBI:29042;CHEBI:4169;CHEBI:42623;CHEBI:57629;CHEBI:58601,MNXM89588,,HXXFSFRBOHSIMQ,ok,other_reactant,other_reactant,other_reactant,,,,not_registry_matched,not_assessable,False,14,14
ecoli,g1p_e,D-Glucose 1-phosphate,g1p,C00103,CHEBI:10246;CHEBI:12320;CHEBI:12967;CHEBI:12970;CHEBI:16077;CHEBI:21001;CHEBI:21004;CHEBI:29042;CHEBI:4169;CHEBI:42623;CHEBI:57629;CHEBI:58601,MNXM89588,,HXXFSFRBOHSIMQ,ok,other_reactant,other_reactant,other_reactant,,,,not_registry_matched,not_assessable,False,4,4
ecoli,g1p_p,D-Glucose 1-phosphate,g1p,C00103,CHEBI:10246;CHEBI:12320;CHEBI:12967;CHEBI:12970;CHEBI:16077;CHEBI:21001;CHEBI:21004;CHEBI:29042;CHEBI:4169;CHEBI:42623;CHEBI:57629;CHEBI:58601,MNXM89588,,HXXFSFRBOHSIMQ,ok,other_reactant,other_reactant,other_reactant,,,,not_registry_matched,not_assessable,False,6,6
ecoli,g3p_c,Glyceraldehyde 3-phosphate,g3p,C00118;C00661,CHEBI:12983;CHEBI:12984;CHEBI:14333;CHEBI:17138;CHEBI:181;CHEBI:18324;CHEBI:21026;CHEBI:29052;CHEBI:5446;CHEBI:58027;CHEBI:59776,MNXM74,,LXJXRIRHZLFYRP,ok,other_reactant,other_reactant,other_reactant,,,,not_registry_matched,not_assessable,False,17,17
ecoli,g3pc_c,Sn-Glycero-3-phosphocholine,g3pc,C00670,CHEBI:10646;CHEBI:12841;CHEBI:12847;CHEBI:14343;CHEBI:16870;CHEBI:26697;CHEBI:41458;CHEBI:55397;CHEBI:76433,MNXM367,,SUHOQUVVVLNYQR,ok,other_reactant,other_reactant,other_reactant,,,,not_registry_matched,not_assessable,False,1,1
ecoli,g3pc_e,Sn-Glycero-3-phosphocholine,g3pc,C00670,CHEBI:10646;CHEBI:12841;CHEBI:12847;CHEBI:14343;CHEBI:16870;CHEBI:26697;CHEBI:41458;CHEBI:55397;CHEBI:76433,MNXM367,,SUHOQUVVVLNYQR,ok,other_reactant,other_reactant,other_reactant,,,,not_registry_matched,not_assessable,False,4,4
ecoli,g3pc_p,Sn-Glycero-3-phosphocholine,g3pc,C00670,CHEBI:10646;CHEBI:12841;CHEBI:12847;CHEBI:14343;CHEBI:16870;CHEBI:26697;CHEBI:41458;CHEBI:55397;CHEBI:76433,MNXM367,,SUHOQUVVVLNYQR,ok,other_reactant,other_reactant,other_reactant,,,,not_registry_matched,not_assessable,False,6,6
ecoli,g3pe_c,Sn-Glycero-3-phosphoethanolamine,g3pe,C01233,CHEBI:10647;CHEBI:12842;CHEBI:16929;CHEBI:26699;CHEBI:57952,MNXM368,,JZNWSCPGTDBMEW,ok,other_reactant,other_reactant,other_reactant,,,,not_registry_matched,not_assessable,False,1,1
ecoli,g3pe_e,Sn-Glycero-3-phosphoethanolamine,g3pe,C01233,CHEBI:10647;CHEBI:12842;CHEBI:16929;CHEBI:26699;CHEBI:57952,MNXM368,,JZNWSCPGTDBMEW,ok,other_reactant,other_reactant,other_reactant,,,,not_registry_matched,not_assessable,False,4,4
ecoli,g3pe_p,Sn-Glycero-3-phosphoethanolamine,g3pe,C01233,CHEBI:10647;CHEBI:12842;CHEBI:16929;CHEBI:26699;CHEBI:57952,MNXM368,,JZNWSCPGTDBMEW,ok,other_reactant,other_reactant,other_reactant,,,,not_registry_matched,not_assessable,False,6,6
ecoli,g3pg_c,Glycerophosphoglycerol,g3pg,C03274,CHEBI:5457;CHEBI:61933,MNXM598,,LLCSXHMJULHSJN,ok,other_reactant,other_reactant,other_reactant,,,,not_registry_matched,not_assessable,False,1,1
ecoli,g3pg_e,Glycerophosphoglycerol,g3pg,C03274,CHEBI:5457;CHEBI:61933,MNXM598,,LLCSXHMJULHSJN,ok,other_reactant,other_reactant,other_reactant,,,,not_registry_matched,not_assessable,False,4,4
ecoli,g3pg_p,Glycerophosphoglycerol,g3pg,C03274,CHEBI:5457;CHEBI:61933,MNXM598,,LLCSXHMJULHSJN,ok,other_reactant,other_reactant,other_reactant,,,,not_registry_matched,not_assessable,False,6,6
ecoli,g3pi_c,Sn-Glycero-3-phospho-1-inositol,g3pi,C01225,CHEBI:10645;CHEBI:11200;CHEBI:18321;CHEBI:26695;CHEBI:58444;CHEBI:64715,MNXM1517,,BMVUIWJCUQSHLZ,ok,other_reactant,other_reactant,other_reactant,,,,not_registry_matched,not_assessable,False,1,1
ecoli,g3pi_e,Sn-Glycero-3-phospho-1-inositol,g3pi,C01225,CHEBI:10645;CHEBI:11200;CHEBI:18321;CHEBI:26695;CHEBI:58444;CHEBI:64715,MNXM1517,,BMVUIWJCUQSHLZ,ok,other_reactant,other_reactant,other_reactant,,,,not_registry_matched,not_assessable,False,4,4
ecoli,g3pi_p,Sn-Glycero-3-phospho-1-inositol,g3pi,C01225,CHEBI:10645;CHEBI:11200;CHEBI:18321;CHEBI:26695;CHEBI:58444;CHEBI:64715,MNXM1517,,BMVUIWJCUQSHLZ,ok,other_reactant,other_reactant,other_reactant,,,,not_registry_matched,not_assessable,False,6,6
ecoli,g3ps_c,Glycerophosphoserine,g3ps,,CHEBI:61931;CHEBI:62013;CHEBI:64765;CHEBI:64945,MNXM97117,,ZWZWYGMENQVNFU,ok,other_reactant,other_reactant,other_reactant,,,,not_registry_matched,not_assessable,False,1,1
ecoli,g3ps_e,Glycerophosphoserine,g3ps,,CHEBI:61931;CHEBI:62013;CHEBI:64765;CHEBI:64945,MNXM97117,,ZWZWYGMENQVNFU,ok,other_reactant,other_reactant,other_reactant,,,,not_registry_matched,not_assessable,False,4,4
ecoli,g3ps_p,Glycerophosphoserine,g3ps,,CHEBI:61931;CHEBI:62013;CHEBI:64765;CHEBI:64945,MNXM97117,,ZWZWYGMENQVNFU,ok,other_reactant,other_reactant,other_reactant,,,,not_registry_matched,not_assessable,False,6,6
ecoli,g6p_c,D-Glucose 6-phosphate,g6p,C00092,CHEBI:14314;CHEBI:4170;CHEBI:61548,MNXM160,,NBSCHQHZLSJFNQ,ok,other_reactant,other_reactant,other_reactant,,,,not_registry_matched,not_assessable,False,10,10
ecoli,g6p_e,D-Glucose 6-phosphate,g6p,C00092,CHEBI:14314;CHEBI:4170;CHEBI:61548,MNXM160,,NBSCHQHZLSJFNQ,ok,other_reactant,other_reactant,other_reactant,,,,not_registry_matched,not_assessable,False,4,4
ecoli,g6p_p,D-Glucose 6-phosphate,g6p,C00092,CHEBI:14314;CHEBI:4170;CHEBI:61548,MNXM160,,NBSCHQHZLSJFNQ,ok,other_reactant,other_reactant,other_reactant,,,,not_registry_matched,not_assessable,False,5,5
ecoli,gagicolipa_c,Galactosyl-glucosyl-inner core oligosaccharide lipid A,gagicolipa,,,MNXM54163,,XCYFJKYUDKZCQY,ok,other_reactant,other_reactant,other_reactant,,,,not_registry_matched,not_assessable,False,1,1
ecoli,gal1p_c,Alpha-D-Galactose 1-phosphate,gal1p,C00446,CHEBI:10232;CHEBI:12305;CHEBI:12306;CHEBI:17973;CHEBI:22374;CHEBI:42878;CHEBI:58336,MNXM336,,HXXFSFRBOHSIMQ,ok,other_reactant,other_reactant,other_reactant,,,,not_registry_matched,not_assessable,False,2,2
ecoli,gal1p_e,Alpha-D-Galactose 1-phosphate,gal1p,C00446,CHEBI:10232;CHEBI:12305;CHEBI:12306;CHEBI:17973;CHEBI:22374;CHEBI:42878;CHEBI:58336,MNXM336,,HXXFSFRBOHSIMQ,ok,other_reactant,other_reactant,other_reactant,,,,not_registry_matched,not_assessable,False,4,4
ecoli,gal1p_p,Alpha-D-Galactose 1-phosphate,gal1p,C00446,CHEBI:10232;CHEBI:12305;CHEBI:12306;CHEBI:17973;CHEBI:22374;CHEBI:42878;CHEBI:58336,MNXM336,,HXXFSFRBOHSIMQ,ok,other_reactant,other_reactant,other_reactant,,,,not_registry_matched,not_assessable,False,5,5
ecoli,gal_bD_e,Beta D-Galactose,gal_bD,C00962,CHEBI:10383;CHEBI:22774;CHEBI:27667;CHEBI:42776;CHEBI:42889,MNXM112,,WQZGKKKJIJFFOK,ok,other_reactant,other_reactant,other_reactant,,,,not_registry_matched,not_assessable,False,4,4
ecoli,gal_bD_p,Beta D-Galactose,gal_bD,C00962,CHEBI:10383;CHEBI:22774;CHEBI:27667;CHEBI:42776;CHEBI:42889,MNXM112,,WQZGKKKJIJFFOK,ok,other_reactant,other_reactant,other_reactant,,,,not_registry_matched,not_assessable,False,5,5
ecoli,gal_c,D-Galactose,gal,C00124;C00984,CHEBI:10231;CHEBI:12936;CHEBI:22373;CHEBI:28061;CHEBI:4139;CHEBI:42741,MNXM390,,WQZGKKKJIJFFOK,ok,other_reactant,other_reactant,other_reactant,,,,not_registry_matched,not_assessable,False,1,1
ecoli,gal_e,D-Galactose,gal,C00124;C00984,CHEBI:10231;CHEBI:12936;CHEBI:22373;CHEBI:28061;CHEBI:4139;CHEBI:42741,MNXM390,,WQZGKKKJIJFFOK,ok,other_reactant,other_reactant,other_reactant,,,,not_registry_matched,not_assessable,False,4,4
ecoli,gal_p,D-Galactose,gal,C00124;C00984,CHEBI:10231;CHEBI:12936;CHEBI:22373;CHEBI:28061;CHEBI:4139;CHEBI:42741,MNXM390,,WQZGKKKJIJFFOK,ok,other_reactant,other_reactant,other_reactant,,,,not_registry_matched,not_assessable,False,7,7
ecoli,galct__D_c,D-Galactarate,galct__D,C00879,CHEBI:12929;CHEBI:14285;CHEBI:16537;CHEBI:17444;CHEBI:20944;CHEBI:24135;CHEBI:24136;CHEBI:24137;CHEBI:30852;CHEBI:33799;CHEBI:35390;CHEBI:4130;CHEBI:48871;CHEBI:5250,MNXM1080,,DSLZVSRJTYRBFB,ok,other_reactant,other_reactant,other_reactant,,,,not_registry_matched,not_assessable,False,3,3
ecoli,galct__D_e,D-Galactarate,galct__D,C00879,CHEBI:12929;CHEBI:14285;CHEBI:16537;CHEBI:17444;CHEBI:20944;CHEBI:24135;CHEBI:24136;CHEBI:24137;CHEBI:30852;CHEBI:33799;CHEBI:35390;CHEBI:4130;CHEBI:48871;CHEBI:5250,MNXM1080,,DSLZVSRJTYRBFB,ok,other_reactant,other_reactant,other_reactant,,,,not_registry_matched,not_assessable,False,4,4
ecoli,galct__D_p,D-Galactarate,galct__D,C00879,CHEBI:12929;CHEBI:14285;CHEBI:16537;CHEBI:17444;CHEBI:20944;CHEBI:24135;CHEBI:24136;CHEBI:24137;CHEBI:30852;CHEBI:33799;CHEBI:35390;CHEBI:4130;CHEBI:48871;CHEBI:5250,MNXM1080,,DSLZVSRJTYRBFB,ok,other_reactant,other_reactant,other_reactant,,,,not_registry_matched,not_assessable,False,6,6
ecoli,galctn__D_c,D-Galactonate,galctn__D,C00880,CHEBI:12931;CHEBI:16534;CHEBI:24148;CHEBI:24149;CHEBI:4132,MNXM1734,,RGHNJXZEOKUKBD,ok,other_reactant,other_reactant,other_reactant,,,,not_registry_matched,not_assessable,False,1,1
ecoli,galctn__D_e,D-Galactonate,galctn__D,C00880,CHEBI:12931;CHEBI:16534;CHEBI:24148;CHEBI:24149;CHEBI:4132,MNXM1734,,RGHNJXZEOKUKBD,ok,other_reactant,other_reactant,other_reactant,,,,not_registry_matched,not_assessable,False,4,4
ecoli,galctn__D_p,D-Galactonate,galctn__D,C00880,CHEBI:12931;CHEBI:16534;CHEBI:24148;CHEBI:24149;CHEBI:4132,MNXM1734,,RGHNJXZEOKUKBD,ok,other_reactant,other_reactant,other_reactant,,,,not_registry_matched,not_assessable,False,5,5
ecoli,galctn__L_c,L-Galactonate,galctn__L,C15930,CHEBI:37425;CHEBI:53071,MNXM636,,RGHNJXZEOKUKBD,ok,other_reactant,other_reactant,other_reactant,,,,not_registry_matched,not_assessable,False,1,1
ecoli,galctn__L_e,L-Galactonate,galctn__L,C15930,CHEBI:37425;CHEBI:53071,MNXM636,,RGHNJXZEOKUKBD,ok,other_reactant,other_reactant,other_reactant,,,,not_registry_matched,not_assessable,False,4,4
ecoli,galctn__L_p,L-Galactonate,galctn__L,C15930,CHEBI:37425;CHEBI:53071,MNXM636,,RGHNJXZEOKUKBD,ok,other_reactant,other_reactant,other_reactant,,,,not_registry_matched,not_assessable,False,5,5
ecoli,galt1p_c,Galactitol 1-phosphate,galt1p,C06311,CHEBI:14287;CHEBI:24140;CHEBI:28663;CHEBI:5252;CHEBI:60083,MNXM1667,,GACTWZZMVMUKNG,ok,other_reactant,other_reactant,other_reactant,,,,not_registry_matched,not_assessable,False,1,1
ecoli,galt_e,Galactitol,galt,C01697,CHEBI:14286;CHEBI:16813;CHEBI:24139;CHEBI:5251;CHEBI:53575,MNXM1233,,FBPFZTCFMRRESA,ok,other_reactant,other_reactant,other_reactant,,,,not_registry_matched,not_assessable,False,4,4
ecoli,galt_p,Galactitol,galt,C01697,CHEBI:14286;CHEBI:16813;CHEBI:24139;CHEBI:5251;CHEBI:53575,MNXM1233,,FBPFZTCFMRRESA,ok,other_reactant,other_reactant,other_reactant,,,,not_registry_matched,not_assessable,False,5,5
ecoli,galur_c,D-Galacturonate,galur,C00333,CHEBI:18024;CHEBI:20976;CHEBI:20978;CHEBI:4153;CHEBI:75525,MNXM48464,,AEMOLEFTQBMNLQ,ok,other_reactant,other_reactant,other_reactant,,,,not_registry_matched,not_assessable,False,2,2
ecoli,galur_e,D-Galacturonate,galur,C00333,CHEBI:18024;CHEBI:20976;CHEBI:20978;CHEBI:4153;CHEBI:75525,MNXM48464,,AEMOLEFTQBMNLQ,ok,other_reactant,other_reactant,other_reactant,,,,not_registry_matched,not_assessable,False,4,4
ecoli,galur_p,D-Galacturonate,galur,C00333,CHEBI:18024;CHEBI:20976;CHEBI:20978;CHEBI:4153;CHEBI:75525,MNXM48464,,AEMOLEFTQBMNLQ,ok,other_reactant,other_reactant,other_reactant,,,,not_registry_matched,not_assessable,False,5,5
ecoli,gam1p_c,D-Glucosamine 1-phosphate,gam1p,C06156,CHEBI:12316;CHEBI:20994;CHEBI:27625;CHEBI:4163;CHEBI:42868;CHEBI:58516,MNXM969,,YMJBYRVFGYXULK,ok,other_reactant,other_reactant,other_reactant,,,,not_registry_matched,not_assessable,False,2,2
ecoli,gam6p_c,D-Glucosamine 6-phosphate,gam6p,C00352,CHEBI:12962;CHEBI:47987;CHEBI:58725,MNXM370,,XHMJOUIAFHJHBW,ok,other_reactant,other_reactant,other_reactant,,,,not_registry_matched,not_assessable,False,2,2
ecoli,gam6p_e,D-Glucosamine 6-phosphate,gam6p,C00352,CHEBI:12962;CHEBI:47987;CHEBI:58725,MNXM370,,XHMJOUIAFHJHBW,ok,other_reactant,other_reactant,other_reactant,,,,not_registry_matched,not_assessable,False,4,4
ecoli,gam6p_p,D-Glucosamine 6-phosphate,gam6p,C00352,CHEBI:12962;CHEBI:47987;CHEBI:58725,MNXM370,,XHMJOUIAFHJHBW,ok,other_reactant,other_reactant,other_reactant,,,,not_registry_matched,not_assessable,False,5,5
ecoli,gam_e,D-Glucosamine,gam,C00329,CHEBI:12961;CHEBI:17315;CHEBI:4162;CHEBI:47972;CHEBI:47977;CHEBI:5417;CHEBI:58723,MNXM533,,MSWZFWKMSRAUBD,ok,other_reactant,other_reactant,other_reactant,,,,not_registry_matched,not_assessable,False,4,4
ecoli,gam_p,D-Glucosamine,gam,C00329,CHEBI:12961;CHEBI:17315;CHEBI:4162;CHEBI:47972;CHEBI:47977;CHEBI:5417;CHEBI:58723,MNXM533,,MSWZFWKMSRAUBD,ok,other_reactant,other_reactant,other_reactant,,,,not_registry_matched,not_assessable,False,5,5
ecoli,gar_c,N1-(5-Phospho-D-ribosyl)glycinamide,gar,C03838,CHEBI:12623;CHEBI:18349;CHEBI:1983;CHEBI:20499;CHEBI:58457,MNXM463,,OBQMLSFOUZUIOB,ok,other_reactant,other_reactant,other_reactant,,,,not_registry_matched,not_assessable,False,3,3
ecoli,garagund_c,Glucosyl-O-acetyl-rhamanosyl-N-acetylglucosamyl-undecaprenyl diphosphate,garagund,,,MNXM55196,,QZKSQRMITRSRFM,ok,other_reactant,other_reactant,other_reactant,,,,not_registry_matched,not_assessable,False,1,1
ecoli,gbbtn_c,Gamma-butyrobetaine,gbbtn,C01181,CHEBI:12047;CHEBI:16244;CHEBI:1941;CHEBI:20484,MNXM626,,JHPNVNIEXXLNTR,ok,other_reactant,other_reactant,other_reactant,,,,not_registry_matched,not_assessable,False,2,2
ecoli,gbbtn_e,Gamma-butyrobetaine,gbbtn,C01181,CHEBI:12047;CHEBI:16244;CHEBI:1941;CHEBI:20484,MNXM626,,JHPNVNIEXXLNTR,ok,other_reactant,other_reactant,other_reactant,,,,not_registry_matched,not_assessable,False,4,4
ecoli,gbbtn_p,Gamma-butyrobetaine,gbbtn,C01181,CHEBI:12047;CHEBI:16244;CHEBI:1941;CHEBI:20484,MNXM626,,JHPNVNIEXXLNTR,ok,other_reactant,other_reactant,other_reactant,,,,not_registry_matched,not_assessable,False,4,4
ecoli,gcald_c,Glycolaldehyde,gcald,C00266,CHEBI:131198;CHEBI:14347;CHEBI:17071;CHEBI:24386;CHEBI:5474,MNXM349,,WGCNASOHLSPBMP,ok,other_reactant,other_reactant,other_reactant,,,,not_registry_matched,not_assessable,False,5,5
ecoli,gdp_c,GDP C10H12N5O11P2,gdp,C00035,CHEBI:13327;CHEBI:14379;CHEBI:17552;CHEBI:24448;CHEBI:42738;CHEBI:5212;CHEBI:58189;CHEBI:65180,MNXM30,,QGWNDRXFNXRZMB,ok,energy_nucleotide,energy_nucleotide,currency_or_cofactor,GDP,normalized_name;bigg_ids:gdp;kegg_ids:c00035;chebi_ids:chebi:58189;metanetx_ids:mnxm30;inchikey_connectivity:qgwndrxfnxrzmb,normalized_name;bigg_ids;kegg_ids;chebi_ids;metanetx_ids;inchikey_connectivity,multiple_evidence_types,consistent,False,16,16
ecoli,gdp_e,GDP C10H12N5O11P2,gdp,C00035,CHEBI:13327;CHEBI:14379;CHEBI:17552;CHEBI:24448;CHEBI:42738;CHEBI:5212;CHEBI:58189;CHEBI:65180,MNXM30,,QGWNDRXFNXRZMB,ok,energy_nucleotide,energy_nucleotide,currency_or_cofactor,GDP,normalized_name;bigg_ids:gdp;kegg_ids:c00035;chebi_ids:chebi:58189;metanetx_ids:mnxm30;inchikey_connectivity:qgwndrxfnxrzmb,normalized_name;bigg_ids;kegg_ids;chebi_ids;metanetx_ids;inchikey_connectivity,multiple_evidence_types,consistent,False,4,4
ecoli,gdp_p,GDP C10H12N5O11P2,gdp,C00035,CHEBI:13327;CHEBI:14379;CHEBI:17552;CHEBI:24448;CHEBI:42738;CHEBI:5212;CHEBI:58189;CHEBI:65180,MNXM30,,QGWNDRXFNXRZMB,ok,energy_nucleotide,energy_nucleotide,currency_or_cofactor,GDP,normalized_name;bigg_ids:gdp;kegg_ids:c00035;chebi_ids:chebi:58189;metanetx_ids:mnxm30;inchikey_connectivity:qgwndrxfnxrzmb,normalized_name;bigg_ids;kegg_ids;chebi_ids;metanetx_ids;inchikey_connectivity,multiple_evidence_types,consistent,False,4,4
ecoli,gdpddman_c,GDP-4-dehydro-6-deoxy-D-mannose,gdpddman,C01222,CHEBI:13329;CHEBI:16955;CHEBI:21153;CHEBI:5214;CHEBI:57964,MNXM516,,PNHLMHWWFOPQLK,ok,other_reactant,other_reactant,other_reactant,,,,not_registry_matched,not_assessable,False,1,1
ecoli,gdpmann_c,GDP-D-mannose,gdpmann,C00096,CHEBI:13328;CHEBI:13333;CHEBI:13340;CHEBI:15820;CHEBI:21159;CHEBI:42729;CHEBI:5225;CHEBI:57527;CHEBI:84880;CHEBI:84881,MNXM82,,MVMSCBBUIHUTGJ,ok,other_reactant,other_reactant,other_reactant,,,,not_registry_matched,not_assessable,False,3,3
ecoli,gdpofuc_c,GDP-4-oxo-L-fucose,gdpofuc,,CHEBI:21155;CHEBI:28530;CHEBI:5216,MNXM54801,,PNHLMHWWFOPQLK,ok,other_reactant,other_reactant,other_reactant,,,,not_registry_matched,not_assessable,False,1,1
ecoli,gdptp_c,Guanosine 3'-diphosphate 5'-triphosphate,gdptp,C04494,CHEBI:14378;CHEBI:14382;CHEBI:16690;CHEBI:24446;CHEBI:5566;CHEBI:60028;CHEBI:71477,MNXM1561,,KCPMACXZAITQAX,ok,other_reactant,other_reactant,other_reactant,,,,not_registry_matched,not_assessable,False,2,2
ecoli,gg4abut_c,Gamma-glutamyl-gamma aminobutyric acid,gg4abut,C15767,CHEBI:49260;CHEBI:58800,MNXM1406,,MKYPKZSGLSOGLL,ok,other_reactant,other_reactant,other_reactant,,,,not_registry_matched,not_assessable,False,1,1
ecoli,ggagicolipa_c,Glucosyl-galactosyl-glucosyl-inner core oligosaccharide lipid A,ggagicolipa,,,MNXM55192,,WLEFLXRCTUWFSD,ok,other_reactant,other_reactant,other_reactant,,,,not_registry_matched,not_assessable,False,1,1
ecoli,ggbutal_c,Gamma-glutamyl-gamma-butyraldehyde,ggbutal,C15700,CHEBI:61508;CHEBI:61521,MNXM1378,,JZNLEPLZUABCSQ,ok,other_reactant,other_reactant,other_reactant,,,,not_registry_matched,not_assessable,False,1,1
ecoli,gggagicolipa_c,Glucosyl-glucosyl-galactosyl-glucosyl-inner core oligosaccharide lipid A,gggagicolipa,,,MNXM55193,,DJHBKVISRABJNG,ok,other_reactant,other_reactant,other_reactant,,,,not_registry_matched,not_assessable,False,1,1
ecoli,ggptrc_c,Gamma-glutamyl-putrescine,ggptrc,,CHEBI:48006,MNXM54308,,WKGTVHGVLRCTCF,ok,other_reactant,other_reactant,other_reactant,,,,not_registry_matched,not_assessable,False,1,1
ecoli,ghb_c,Gamma-hydroxybutyrate,ghb,C00989;C01991,CHEBI:12006;CHEBI:16724;CHEBI:1860;CHEBI:20401;CHEBI:20402;CHEBI:30830;CHEBI:386065,MNXM514,,SJZRECIVHVDYJC,ok,other_reactant,other_reactant,other_reactant,,,,not_registry_matched,not_assessable,False,1,1
ecoli,gicolipa_c,Glucosyl-inner core oligosaccharide lipid A,gicolipa,,,MNXM55194,,JIYBFSMTJJSDHN,ok,other_reactant,other_reactant,other_reactant,,,,not_registry_matched,not_assessable,False,1,1
ecoli,glc__D_c,D-Glucose,glc__D,C00031,CHEBI:12965;CHEBI:17634;CHEBI:20999;CHEBI:4167,MNXM41,,WQZGKKKJIJFFOK,ok,other_reactant,other_reactant,other_reactant,,,,not_registry_matched,not_assessable,False,3,3
ecoli,glc__D_e,D-Glucose,glc__D,C00031,CHEBI:12965;CHEBI:17634;CHEBI:20999;CHEBI:4167,MNXM41,,WQZGKKKJIJFFOK,ok,other_reactant,other_reactant,other_reactant,,,,not_registry_matched,not_assessable,False,5,5
ecoli,glc__D_p,D-Glucose,glc__D,C00031,CHEBI:12965;CHEBI:17634;CHEBI:20999;CHEBI:4167,MNXM41,,WQZGKKKJIJFFOK,ok,other_reactant,other_reactant,other_reactant,,,,not_registry_matched,not_assessable,False,11,11
ecoli,glcn_c,D-Gluconate,glcn,C00257,CHEBI:12955;CHEBI:18391;CHEBI:20983;CHEBI:20985;CHEBI:20986;CHEBI:24265;CHEBI:24266;CHEBI:33198;CHEBI:4157;CHEBI:42715,MNXM341,,RGHNJXZEOKUKBD,ok,other_reactant,other_reactant,other_reactant,,,,not_registry_matched,not_assessable,False,8,8
ecoli,glcn_e,D-Gluconate,glcn,C00257,CHEBI:12955;CHEBI:18391;CHEBI:20983;CHEBI:20985;CHEBI:20986;CHEBI:24265;CHEBI:24266;CHEBI:33198;CHEBI:4157;CHEBI:42715,MNXM341,,RGHNJXZEOKUKBD,ok,other_reactant,other_reactant,other_reactant,,,,not_registry_matched,not_assessable,False,4,4
ecoli,glcn_p,D-Gluconate,glcn,C00257,CHEBI:12955;CHEBI:18391;CHEBI:20983;CHEBI:20985;CHEBI:20986;CHEBI:24265;CHEBI:24266;CHEBI:33198;CHEBI:4157;CHEBI:42715,MNXM341,,RGHNJXZEOKUKBD,ok,other_reactant,other_reactant,other_reactant,,,,not_registry_matched,not_assessable,False,8,8
ecoli,glcr_c,D-Glucarate,glcr,C00818,CHEBI:12953;CHEBI:16002;CHEBI:20980;CHEBI:20982;CHEBI:30612;CHEBI:33801;CHEBI:4155;CHEBI:42731,MNXM744,,DSLZVSRJTYRBFB,ok,other_reactant,other_reactant,other_reactant,,,,not_registry_matched,not_assessable,False,4,4
ecoli,glcr_e,D-Glucarate,glcr,C00818,CHEBI:12953;CHEBI:16002;CHEBI:20980;CHEBI:20982;CHEBI:30612;CHEBI:33801;CHEBI:4155;CHEBI:42731,MNXM744,,DSLZVSRJTYRBFB,ok,other_reactant,other_reactant,other_reactant,,,,not_registry_matched,not_assessable,False,4,4
ecoli,glcr_p,D-Glucarate,glcr,C00818,CHEBI:12953;CHEBI:16002;CHEBI:20980;CHEBI:20982;CHEBI:30612;CHEBI:33801;CHEBI:4155;CHEBI:42731,MNXM744,,DSLZVSRJTYRBFB,ok,other_reactant,other_reactant,other_reactant,,,,not_registry_matched,not_assessable,False,6,6
ecoli,glcur1p_e,D-Glucuronate 1-phosphate,glcur1p,C05385,CHEBI:11294;CHEBI:16787;CHEBI:19090;CHEBI:21014;CHEBI:28547;CHEBI:35145;CHEBI:4179;CHEBI:57897;CHEBI:681,MNXM1165,,AIQDYKMWENWVQJ,ok,other_reactant,other_reactant,other_reactant,,,,not_registry_matched,not_assessable,False,4,4
ecoli,glcur1p_p,D-Glucuronate 1-phosphate,glcur1p,C05385,CHEBI:11294;CHEBI:16787;CHEBI:19090;CHEBI:21014;CHEBI:28547;CHEBI:35145;CHEBI:4179;CHEBI:57897;CHEBI:681,MNXM1165,,AIQDYKMWENWVQJ,ok,other_reactant,other_reactant,other_reactant,,,,not_registry_matched,not_assessable,False,4,4
ecoli,glcur_c,D-Glucuronate,glcur,C00191,CHEBI:12975;CHEBI:15748;CHEBI:21013;CHEBI:24297;CHEBI:24298;CHEBI:4178;CHEBI:47952;CHEBI:58720,MNXM241,,AEMOLEFTQBMNLQ,ok,other_reactant,other_reactant,other_reactant,,,,not_registry_matched,not_assessable,False,3,3
ecoli,glcur_e,D-Glucuronate,glcur,C00191,CHEBI:12975;CHEBI:15748;CHEBI:21013;CHEBI:24297;CHEBI:24298;CHEBI:4178;CHEBI:47952;CHEBI:58720,MNXM241,,AEMOLEFTQBMNLQ,ok,other_reactant,other_reactant,other_reactant,,,,not_registry_matched,not_assessable,False,4,4
ecoli,glcur_p,D-Glucuronate,glcur,C00191,CHEBI:12975;CHEBI:15748;CHEBI:21013;CHEBI:24297;CHEBI:24298;CHEBI:4178;CHEBI:47952;CHEBI:58720,MNXM241,,AEMOLEFTQBMNLQ,ok,other_reactant,other_reactant,other_reactant,,,,not_registry_matched,not_assessable,False,6,6
ecoli,gln__L_c,L-Glutamine,gln__L,C00064;C00303,CHEBI:13110;CHEBI:18050;CHEBI:21308;CHEBI:24316;CHEBI:28300;CHEBI:32665;CHEBI:32666;CHEBI:32678;CHEBI:32679;CHEBI:42812;CHEBI:42814;CHEBI:42899;CHEBI:42943;CHEBI:5432;CHEBI:58359;CHEBI:6227,MNXM37,,ZDXPYRJPNDTMRX,ok,other_reactant,other_reactant,other_reactant,,,,not_registry_matched,not_assessable,False,13,13
ecoli,gln__L_e,L-Glutamine,gln__L,C00064;C00303,CHEBI:13110;CHEBI:18050;CHEBI:21308;CHEBI:24316;CHEBI:28300;CHEBI:32665;CHEBI:32666;CHEBI:32678;CHEBI:32679;CHEBI:42812;CHEBI:42814;CHEBI:42899;CHEBI:42943;CHEBI:5432;CHEBI:58359;CHEBI:6227,MNXM37,,ZDXPYRJPNDTMRX,ok,other_reactant,other_reactant,other_reactant,,,,not_registry_matched,not_assessable,False,4,4
ecoli,gln__L_p,L-Glutamine,gln__L,C00064;C00303,CHEBI:13110;CHEBI:18050;CHEBI:21308;CHEBI:24316;CHEBI:28300;CHEBI:32665;CHEBI:32666;CHEBI:32678;CHEBI:32679;CHEBI:42812;CHEBI:42814;CHEBI:42899;CHEBI:42943;CHEBI:5432;CHEBI:58359;CHEBI:6227,MNXM37,,ZDXPYRJPNDTMRX,ok,other_reactant,other_reactant,other_reactant,,,,not_registry_matched,not_assessable,False,6,6
ecoli,glu1sa_c,L-Glutamate 1-semialdehyde,glu1sa,C03741,CHEBI:11022;CHEBI:15757;CHEBI:18756;CHEBI:24312;CHEBI:404;CHEBI:42823;CHEBI:42827;CHEBI:57501,MNXM1453,,MPUUQNGXJSEWTF,ok,other_reactant,other_reactant,other_reactant,,,,not_registry_matched,not_assessable,False,1,1
ecoli,glu5p_c,L-Glutamate 5-phosphate,glu5p,C03287,CHEBI:13108;CHEBI:13113;CHEBI:17798;CHEBI:21312;CHEBI:58274;CHEBI:6230,MNXM1280,,PJRXVIJAERNUIP,ok,other_reactant,other_reactant,other_reactant,,,,not_registry_matched,not_assessable,False,1,1
ecoli,glu5sa_c,L-Glutamate 5-semialdehyde,glu5sa,C01165,CHEBI:13109;CHEBI:17232;CHEBI:21302;CHEBI:58066;CHEBI:6225,MNXM245,,KABXUUFDPUOJMW,ok,other_reactant,other_reactant,other_reactant,,,,not_registry_matched,not_assessable,False,1,1
ecoli,glu__D_c,D-Glutamate,glu__D,C00217,CHEBI:12979;CHEBI:15966;CHEBI:21022;CHEBI:21023;CHEBI:29986;CHEBI:29989;CHEBI:4183,MNXM331,,WHUUTDBJXJRKMK,ok,other_reactant,other_reactant,other_reactant,,,,not_registry_matched,not_assessable,False,2,2
ecoli,glu__L_c,L-Glutamate,glu__L,C00025;C00302,CHEBI:13107;CHEBI:14321;CHEBI:16015;CHEBI:18237;CHEBI:21301;CHEBI:21304;CHEBI:24314;CHEBI:29985;CHEBI:29987;CHEBI:29988;CHEBI:42825;CHEBI:5431;CHEBI:6224;CHEBI:76051,MNXM89557,,WHUUTDBJXJRKMK,ok,other_reactant,other_reactant,other_reactant,,,,not_registry_matched,not_assessable,False,42,42
ecoli,glu__L_e,L-Glutamate,glu__L,C00025;C00302,CHEBI:13107;CHEBI:14321;CHEBI:16015;CHEBI:18237;CHEBI:21301;CHEBI:21304;CHEBI:24314;CHEBI:29985;CHEBI:29987;CHEBI:29988;CHEBI:42825;CHEBI:5431;CHEBI:6224;CHEBI:76051,MNXM89557,,WHUUTDBJXJRKMK,ok,other_reactant,other_reactant,other_reactant,,,,not_registry_matched,not_assessable,False,4,4
ecoli,glu__L_p,L-Glutamate,glu__L,C00025;C00302,CHEBI:13107;CHEBI:14321;CHEBI:16015;CHEBI:18237;CHEBI:21301;CHEBI:21304;CHEBI:24314;CHEBI:29985;CHEBI:29987;CHEBI:29988;CHEBI:42825;CHEBI:5431;CHEBI:6224;CHEBI:76051,MNXM89557,,WHUUTDBJXJRKMK,ok,other_reactant,other_reactant,other_reactant,,,,not_registry_matched,not_assessable,False,8,8
ecoli,glucys_c,Gamma-L-Glutamyl-L-cysteine,glucys,C00669,CHEBI:10566;CHEBI:10570;CHEBI:12400;CHEBI:12404;CHEBI:17515;CHEBI:17971;CHEBI:24185;CHEBI:24194;CHEBI:39975;CHEBI:58173,MNXM412,,RITKHVBHSGLULN,ok,other_reactant,other_reactant,other_reactant,,,,not_registry_matched,not_assessable,False,1,1
ecoli,glutrna_c,L-Glutamyl-tRNA(Glu),glutrna,C02987,CHEBI:13114;CHEBI:29157;CHEBI:6232,MNXM89752,,,missing_smiles,other_reactant,other_reactant,other_reactant,,,,not_registry_matched,not_assessable,False,1,1
ecoli,glx_c,Glyoxylate,glx,C00048,CHEBI:14368;CHEBI:16891;CHEBI:24420;CHEBI:24421;CHEBI:35977;CHEBI:36655;CHEBI:42767;CHEBI:5509,MNXM69,,HHLFWLYXYJOTON,ok,other_reactant,other_reactant,other_reactant,,,,not_registry_matched,not_assessable,False,7,7
ecoli,gly_c,Glycine,gly,C00037,CHEBI:10792;CHEBI:132194;CHEBI:14344;CHEBI:15428;CHEBI:24368;CHEBI:32507;CHEBI:32508;CHEBI:42964;CHEBI:5460;CHEBI:57305,MNXM29,,DHMQDGOQFOQNFH,ok,other_reactant,other_reactant,other_reactant,,,,not_registry_matched,not_assessable,False,7,7
ecoli,gly_e,Glycine,gly,C00037,CHEBI:10792;CHEBI:132194;CHEBI:14344;CHEBI:15428;CHEBI:24368;CHEBI:32507;CHEBI:32508;CHEBI:42964;CHEBI:5460;CHEBI:57305,MNXM29,,DHMQDGOQFOQNFH,ok,other_reactant,other_reactant,other_reactant,,,,not_registry_matched,not_assessable,False,4,4
ecoli,gly_p,Glycine,gly,C00037,CHEBI:10792;CHEBI:132194;CHEBI:14344;CHEBI:15428;CHEBI:24368;CHEBI:32507;CHEBI:32508;CHEBI:42964;CHEBI:5460;CHEBI:57305,MNXM29,,DHMQDGOQFOQNFH,ok,other_reactant,other_reactant,other_reactant,,,,not_registry_matched,not_assessable,False,8,8
ecoli,glyald_c,D-Glyceraldehyde,glyald,C00577,CHEBI:12982;CHEBI:17378;CHEBI:21025;CHEBI:39973;CHEBI:4186,MNXM435,,MNQZXJOMYWMBOU,ok,other_reactant,other_reactant,other_reactant,,,,not_registry_matched,not_assessable,False,3,3
ecoli,glyald_e,D-Glyceraldehyde,glyald,C00577,CHEBI:12982;CHEBI:17378;CHEBI:21025;CHEBI:39973;CHEBI:4186,MNXM435,,MNQZXJOMYWMBOU,ok,other_reactant,other_reactant,other_reactant,,,,not_registry_matched,not_assessable,False,4,4
ecoli,glyald_p,D-Glyceraldehyde,glyald,C00577,CHEBI:12982;CHEBI:17378;CHEBI:21025;CHEBI:39973;CHEBI:4186,MNXM435,,MNQZXJOMYWMBOU,ok,other_reactant,other_reactant,other_reactant,,,,not_registry_matched,not_assessable,False,5,5
ecoli,glyb_c,Glycine betaine,glyb,C00719,CHEBI:12531;CHEBI:13895;CHEBI:15264;CHEBI:17750;CHEBI:22858;CHEBI:24370;CHEBI:27128;CHEBI:29050;CHEBI:3073;CHEBI:41134;CHEBI:41139,MNXM289,,KWIUHFFTVRNATP,ok,other_reactant,other_reactant,other_reactant,,,,not_registry_matched,not_assessable,False,1,1
ecoli,glyb_e,Glycine betaine,glyb,C00719,CHEBI:12531;CHEBI:13895;CHEBI:15264;CHEBI:17750;CHEBI:22858;CHEBI:24370;CHEBI:27128;CHEBI:29050;CHEBI:3073;CHEBI:41134;CHEBI:41139,MNXM289,,KWIUHFFTVRNATP,ok,other_reactant,other_reactant,other_reactant,,,,not_registry_matched,not_assessable,False,4,4
ecoli,glyb_p,Glycine betaine,glyb,C00719,CHEBI:12531;CHEBI:13895;CHEBI:15264;CHEBI:17750;CHEBI:22858;CHEBI:24370;CHEBI:27128;CHEBI:29050;CHEBI:3073;CHEBI:41134;CHEBI:41139,MNXM289,,KWIUHFFTVRNATP,ok,other_reactant,other_reactant,other_reactant,,,,not_registry_matched,not_assessable,False,8,8
ecoli,glyc2p_c,Glycerol 2-phosphate,glyc2p,C02979,CHEBI:14337;CHEBI:17270;CHEBI:26704;CHEBI:42620;CHEBI:5451;CHEBI:58083,MNXM2527,,DHCLVCXQIBBOPH,ok,other_reactant,other_reactant,other_reactant,,,,not_registry_matched,not_assessable,False,1,1
ecoli,glyc2p_e,Glycerol 2-phosphate,glyc2p,C02979,CHEBI:14337;CHEBI:17270;CHEBI:26704;CHEBI:42620;CHEBI:5451;CHEBI:58083,MNXM2527,,DHCLVCXQIBBOPH,ok,other_reactant,other_reactant,other_reactant,,,,not_registry_matched,not_assessable,False,4,4
ecoli,glyc2p_p,Glycerol 2-phosphate,glyc2p,C02979,CHEBI:14337;CHEBI:17270;CHEBI:26704;CHEBI:42620;CHEBI:5451;CHEBI:58083,MNXM2527,,DHCLVCXQIBBOPH,ok,other_reactant,other_reactant,other_reactant,,,,not_registry_matched,not_assessable,False,7,7
ecoli,glyc3p_c,Glycerol 3-phosphate,glyc3p,C00093,CHEBI:10648;CHEBI:12843;CHEBI:12848;CHEBI:15978;CHEBI:26705;CHEBI:42793;CHEBI:57597,MNXM66,,AWUCVROLDVIAJX,ok,other_reactant,other_reactant,other_reactant,,,,not_registry_matched,not_assessable,False,28,28
ecoli,glyc3p_e,Glycerol 3-phosphate,glyc3p,C00093,CHEBI:10648;CHEBI:12843;CHEBI:12848;CHEBI:15978;CHEBI:26705;CHEBI:42793;CHEBI:57597,MNXM66,,AWUCVROLDVIAJX,ok,other_reactant,other_reactant,other_reactant,,,,not_registry_matched,not_assessable,False,4,4
ecoli,glyc3p_p,Glycerol 3-phosphate,glyc3p,C00093,CHEBI:10648;CHEBI:12843;CHEBI:12848;CHEBI:15978;CHEBI:26705;CHEBI:42793;CHEBI:57597,MNXM66,,AWUCVROLDVIAJX,ok,other_reactant,other_reactant,other_reactant,,,,not_registry_matched,not_assessable,False,6,6
ecoli,glyc__R_c,(R)-Glycerate,glyc__R,C00258,CHEBI:10999;CHEBI:12985;CHEBI:16659;CHEBI:21027;CHEBI:21030;CHEBI:24348;CHEBI:24349;CHEBI:32398;CHEBI:33508;CHEBI:33846;CHEBI:33871;CHEBI:4187;CHEBI:41990,MNXM189,,RBNPOMFGQQGHHO,ok,other_reactant,other_reactant,other_reactant,,,,not_registry_matched,not_assessable,False,6,6
ecoli,glyc__R_e,(R)-Glycerate,glyc__R,C00258,CHEBI:10999;CHEBI:12985;CHEBI:16659;CHEBI:21027;CHEBI:21030;CHEBI:24348;CHEBI:24349;CHEBI:32398;CHEBI:33508;CHEBI:33846;CHEBI:33871;CHEBI:4187;CHEBI:41990,MNXM189,,RBNPOMFGQQGHHO,ok,other_reactant,other_reactant,other_reactant,,,,not_registry_matched,not_assessable,False,4,4
ecoli,glyc__R_p,(R)-Glycerate,glyc__R,C00258,CHEBI:10999;CHEBI:12985;CHEBI:16659;CHEBI:21027;CHEBI:21030;CHEBI:24348;CHEBI:24349;CHEBI:32398;CHEBI:33508;CHEBI:33846;CHEBI:33871;CHEBI:4187;CHEBI:41990,MNXM189,,RBNPOMFGQQGHHO,ok,other_reactant,other_reactant,other_reactant,,,,not_registry_matched,not_assessable,False,6,6
ecoli,glyc_c,Glycerol,glyc,C00116,CHEBI:131422;CHEBI:14334;CHEBI:17754;CHEBI:24351;CHEBI:42998;CHEBI:5448,MNXM89612,,PEDCQBHIVMGVHV,ok,other_reactant,other_reactant,other_reactant,,,,not_registry_matched,not_assessable,False,6,6
ecoli,glyc_e,Glycerol,glyc,C00116,CHEBI:131422;CHEBI:14334;CHEBI:17754;CHEBI:24351;CHEBI:42998;CHEBI:5448,MNXM89612,,PEDCQBHIVMGVHV,ok,other_reactant,other_reactant,other_reactant,,,,not_registry_matched,not_assessable,False,4,4
ecoli,glyc_p,Glycerol,glyc,C00116,CHEBI:131422;CHEBI:14334;CHEBI:17754;CHEBI:24351;CHEBI:42998;CHEBI:5448,MNXM89612,,PEDCQBHIVMGVHV,ok,other_reactant,other_reactant,other_reactant,,,,not_registry_matched,not_assessable,False,20,20
ecoli,glyclt_c,Glycolate C2H3O3,glyclt,C00160,CHEBI:14348;CHEBI:17497;CHEBI:24388;CHEBI:24390;CHEBI:29805;CHEBI:42865;CHEBI:5475,MNXM222,,AEMRFAOFKBGASW,ok,other_reactant,other_reactant,other_reactant,,,,not_registry_matched,not_assessable,False,5,5
ecoli,glyclt_e,Glycolate C2H3O3,glyclt,C00160,CHEBI:14348;CHEBI:17497;CHEBI:24388;CHEBI:24390;CHEBI:29805;CHEBI:42865;CHEBI:5475,MNXM222,,AEMRFAOFKBGASW,ok,other_reactant,other_reactant,other_reactant,,,,not_registry_matched,not_assessable,False,4,4
ecoli,glyclt_p,Glycolate C2H3O3,glyclt,C00160,CHEBI:14348;CHEBI:17497;CHEBI:24388;CHEBI:24390;CHEBI:29805;CHEBI:42865;CHEBI:5475,MNXM222,,AEMRFAOFKBGASW,ok,other_reactant,other_reactant,other_reactant,,,,not_registry_matched,not_assessable,False,7,7
ecoli,glycogen_c,Glycogen C6H10O5,glycogen,C00182,CHEBI:24379;CHEBI:24384;CHEBI:28087;CHEBI:5466,MNXM55375,,BYSGBSNPRWKUQH,ok,other_reactant,other_reactant,other_reactant,,,,not_registry_matched,not_assessable,False,3,3
ecoli,gmeACP_c,Glutaryl-[acyl-carrier protein] methyl ester,gmeACP,C20375,,MNXM11700,,,missing_smiles,other_reactant,other_reactant,other_reactant,,,,not_registry_matched,not_assessable,False,1,1
ecoli,gmhep17bp_c,"D-Glycero-D-manno-heptose 1,7-bisphosphate",gmhep17bp,,CHEBI:4188;CHEBI:59957,MNXM48518,,LMTGTTLGDUACSJ,ok,other_reactant,other_reactant,other_reactant,,,,not_registry_matched,not_assessable,False,1,1
ecoli,gmhep1p_c,D-Glycero-D-manno-heptose 1-phosphate,gmhep1p,C07838,CHEBI:21031;CHEBI:28137;CHEBI:4189;CHEBI:60002;CHEBI:61593,MNXM1661,,KMEJCSKJXSBBAN,ok,other_reactant,other_reactant,other_reactant,,,,not_registry_matched,not_assessable,False,1,1
ecoli,gmhep7p_c,D-Glycero-D-manno-heptose 7-phosphate,gmhep7p,C07836;C19882,CHEBI:21032;CHEBI:28723;CHEBI:4190;CHEBI:59955;CHEBI:60202;CHEBI:60204,MNXM17114,,SDADNVAZGVDAIM,ok,other_reactant,other_reactant,other_reactant,,,,not_registry_matched,not_assessable,False,1,1
ecoli,gmp_c,GMP C10H12N5O8P,gmp,C00144,CHEBI:13341;CHEBI:14381;CHEBI:17345;CHEBI:24449;CHEBI:24450;CHEBI:29058;CHEBI:40119;CHEBI:42615;CHEBI:42647;CHEBI:42831;CHEBI:42887;CHEBI:42892;CHEBI:42979;CHEBI:47450;CHEBI:5228;CHEBI:58115,MNXM113,,RQFCJASXJCIDSX,ok,nucleotide_currency,nucleotide_currency,currency_or_cofactor,GMP,normalized_name;bigg_ids:gmp;kegg_ids:c00144;chebi_ids:chebi:58115;metanetx_ids:mnxm113;inchikey_connectivity:rqfcjasxjcidsx,normalized_name;bigg_ids;kegg_ids;chebi_ids;metanetx_ids;inchikey_connectivity,multiple_evidence_types,consistent,False,6,6
ecoli,gmp_e,GMP C10H12N5O8P,gmp,C00144,CHEBI:13341;CHEBI:14381;CHEBI:17345;CHEBI:24449;CHEBI:24450;CHEBI:29058;CHEBI:40119;CHEBI:42615;CHEBI:42647;CHEBI:42831;CHEBI:42887;CHEBI:42892;CHEBI:42979;CHEBI:47450;CHEBI:5228;CHEBI:58115,MNXM113,,RQFCJASXJCIDSX,ok,nucleotide_currency,nucleotide_currency,currency_or_cofactor,GMP,normalized_name;bigg_ids:gmp;kegg_ids:c00144;chebi_ids:chebi:58115;metanetx_ids:mnxm113;inchikey_connectivity:rqfcjasxjcidsx,normalized_name;bigg_ids;kegg_ids;chebi_ids;metanetx_ids;inchikey_connectivity,multiple_evidence_types,consistent,False,4,4
ecoli,gmp_p,GMP C10H12N5O8P,gmp,C00144,CHEBI:13341;CHEBI:14381;CHEBI:17345;CHEBI:24449;CHEBI:24450;CHEBI:29058;CHEBI:40119;CHEBI:42615;CHEBI:42647;CHEBI:42831;CHEBI:42887;CHEBI:42892;CHEBI:42979;CHEBI:47450;CHEBI:5228;CHEBI:58115,MNXM113,,RQFCJASXJCIDSX,ok,nucleotide_currency,nucleotide_currency,currency_or_cofactor,GMP,normalized_name;bigg_ids:gmp;kegg_ids:c00144;chebi_ids:chebi:58115;metanetx_ids:mnxm113;inchikey_connectivity:rqfcjasxjcidsx,normalized_name;bigg_ids;kegg_ids;chebi_ids;metanetx_ids;inchikey_connectivity,multiple_evidence_types,consistent,False,7,7
ecoli,gmplys_c,GMP-N-?-(N-?-acetyl lysine methyl ester) 5'-phosphoramidate,gmplys,,,,,,missing_smiles,other_reactant,other_reactant,other_reactant,,,,not_registry_matched,not_assessable,False,1,1
ecoli,gp4g_c,"P1,P4-Bis(5'-guanosyl) tetraphosphate",gp4g,C01261,CHEBI:12727;CHEBI:12730;CHEBI:15883;CHEBI:21999;CHEBI:57553;CHEBI:7876,MNXM1582,,OLGWXCQXRSSQPO,ok,other_reactant,other_reactant,other_reactant,,,,not_registry_matched,not_assessable,False,1,1
ecoli,grdp_c,Geranyl diphosphate,grdp,C00341,CHEBI:14299;CHEBI:17211;CHEBI:24223;CHEBI:42877;CHEBI:5332;CHEBI:58057,MNXM100,,GVVPGTZRZFNKDS,ok,other_reactant,other_reactant,other_reactant,,,,not_registry_matched,not_assessable,False,1,1
ecoli,grxox_c,Glutaredoxin (oxidized),grxox,,,MNXM90831,,,missing_smiles,other_reactant,other_reactant,other_reactant,,,,not_registry_matched,not_assessable,False,4,4
ecoli,grxrd_c,Glutaredoxin (reduced),grxrd,,,MNXM90719,,,missing_smiles,other_reactant,other_reactant,other_reactant,,,,not_registry_matched,not_assessable,False,20,20
ecoli,gsn_c,Guanosine,gsn,C00387,CHEBI:14375;CHEBI:16750;CHEBI:24444;CHEBI:42840;CHEBI:42847;CHEBI:42853;CHEBI:471737;CHEBI:5564,MNXM401,,NYHBQMYGNKIUIF,ok,other_reactant,other_reactant,other_reactant,,,,not_registry_matched,not_assessable,False,4,4
ecoli,gsn_e,Guanosine,gsn,C00387,CHEBI:14375;CHEBI:16750;CHEBI:24444;CHEBI:42840;CHEBI:42847;CHEBI:42853;CHEBI:471737;CHEBI:5564,MNXM401,,NYHBQMYGNKIUIF,ok,other_reactant,other_reactant,other_reactant,,,,not_registry_matched,not_assessable,False,4,4
ecoli,gsn_p,Guanosine,gsn,C00387,CHEBI:14375;CHEBI:16750;CHEBI:24444;CHEBI:42840;CHEBI:42847;CHEBI:42853;CHEBI:471737;CHEBI:5564,MNXM401,,NYHBQMYGNKIUIF,ok,other_reactant,other_reactant,other_reactant,,,,not_registry_matched,not_assessable,False,5,5
ecoli,gthox_c,Oxidized glutathione,gthox,C00127,CHEBI:14328;CHEBI:14720;CHEBI:17858;CHEBI:24336;CHEBI:42832;CHEBI:58297;CHEBI:7840,MNXM151,,YPZRWBKMTBYPTK,ok,other_reactant,other_reactant,other_reactant,,,,not_registry_matched,not_assessable,False,1,1
ecoli,gthox_e,Oxidized glutathione,gthox,C00127,CHEBI:14328;CHEBI:14720;CHEBI:17858;CHEBI:24336;CHEBI:42832;CHEBI:58297;CHEBI:7840,MNXM151,,YPZRWBKMTBYPTK,ok,other_reactant,other_reactant,other_reactant,,,,not_registry_matched,not_assessable,False,4,4
ecoli,gthox_p,Oxidized glutathione,gthox,C00127,CHEBI:14328;CHEBI:14720;CHEBI:17858;CHEBI:24336;CHEBI:42832;CHEBI:58297;CHEBI:7840,MNXM151,,YPZRWBKMTBYPTK,ok,other_reactant,other_reactant,other_reactant,,,,not_registry_matched,not_assessable,False,4,4
ecoli,gthrd_c,Reduced glutathione,gthrd,C00051,CHEBI:12402;CHEBI:14327;CHEBI:16856;CHEBI:24334;CHEBI:42873;CHEBI:43049;CHEBI:5437;CHEBI:57925,MNXM57,,RWSXRVCMGQZWBV,ok,other_reactant,other_reactant,other_reactant,,,,not_registry_matched,not_assessable,False,13,13
ecoli,gthrd_e,Reduced glutathione,gthrd,C00051,CHEBI:12402;CHEBI:14327;CHEBI:16856;CHEBI:24334;CHEBI:42873;CHEBI:43049;CHEBI:5437;CHEBI:57925,MNXM57,,RWSXRVCMGQZWBV,ok,other_reactant,other_reactant,other_reactant,,,,not_registry_matched,not_assessable,False,4,4
ecoli,gthrd_p,Reduced glutathione,gthrd,C00051,CHEBI:12402;CHEBI:14327;CHEBI:16856;CHEBI:24334;CHEBI:42873;CHEBI:43049;CHEBI:5437;CHEBI:57925,MNXM57,,RWSXRVCMGQZWBV,ok,other_reactant,other_reactant,other_reactant,,,,not_registry_matched,not_assessable,False,8,8
ecoli,gtp_c,GTP C10H12N5O14P3,gtp,C00044,CHEBI:13342;CHEBI:15996;CHEBI:24451;CHEBI:37565;CHEBI:42934;CHEBI:5234;CHEBI:57600,MNXM51,,XKMLYUALXHKNFT,ok,energy_nucleotide,energy_nucleotide,currency_or_cofactor,GTP,normalized_name;bigg_ids:gtp;kegg_ids:c00044;chebi_ids:chebi:57600;metanetx_ids:mnxm51;inchikey_connectivity:xkmlyualxhknft,normalized_name;bigg_ids;kegg_ids;chebi_ids;metanetx_ids;inchikey_connectivity,multiple_evidence_types,consistent,False,37,37
ecoli,gtp_e,GTP C10H12N5O14P3,gtp,C00044,CHEBI:13342;CHEBI:15996;CHEBI:24451;CHEBI:37565;CHEBI:42934;CHEBI:5234;CHEBI:57600,MNXM51,,XKMLYUALXHKNFT,ok,energy_nucleotide,energy_nucleotide,currency_or_cofactor,GTP,normalized_name;bigg_ids:gtp;kegg_ids:c00044;chebi_ids:chebi:57600;metanetx_ids:mnxm51;inchikey_connectivity:xkmlyualxhknft,normalized_name;bigg_ids;kegg_ids;chebi_ids;metanetx_ids;inchikey_connectivity,multiple_evidence_types,consistent,False,4,4
ecoli,gtp_p,GTP C10H12N5O14P3,gtp,C00044,CHEBI:13342;CHEBI:15996;CHEBI:24451;CHEBI:37565;CHEBI:42934;CHEBI:5234;CHEBI:57600,MNXM51,,XKMLYUALXHKNFT,ok,energy_nucleotide,energy_nucleotide,currency_or_cofactor,GTP,normalized_name;bigg_ids:gtp;kegg_ids:c00044;chebi_ids:chebi:57600;metanetx_ids:mnxm51;inchikey_connectivity:xkmlyualxhknft,normalized_name;bigg_ids;kegg_ids;chebi_ids;metanetx_ids;inchikey_connectivity,multiple_evidence_types,consistent,False,5,5
ecoli,gtspmd_c,Glutathionylspermidine,gtspmd,C05730,CHEBI:12624;CHEBI:14329;CHEBI:16613;CHEBI:24341;CHEBI:46146;CHEBI:5438;CHEBI:57835,MNXM1329,,NEDQLXHBVHSKNV,ok,other_reactant,other_reactant,other_reactant,,,,not_registry_matched,not_assessable,False,1,1
ecoli,gua_c,Guanine,gua,C00242,CHEBI:14371;CHEBI:14372;CHEBI:16235;CHEBI:24443;CHEBI:42948;CHEBI:5563,MNXM259,,UYTPUPDQBNUYGX,ok,other_reactant,other_reactant,other_reactant,,,,not_registry_matched,not_assessable,False,9,9
ecoli,gua_e,Guanine,gua,C00242,CHEBI:14371;CHEBI:14372;CHEBI:16235;CHEBI:24443;CHEBI:42948;CHEBI:5563,MNXM259,,UYTPUPDQBNUYGX,ok,other_reactant,other_reactant,other_reactant,,,,not_registry_matched,not_assessable,False,1,1
ecoli,gua_p,Guanine,gua,C00242,CHEBI:14371;CHEBI:14372;CHEBI:16235;CHEBI:24443;CHEBI:42948;CHEBI:5563,MNXM259,,UYTPUPDQBNUYGX,ok,other_reactant,other_reactant,other_reactant,,,,not_registry_matched,not_assessable,False,4,4
ecoli,h2_c,Hydrogen,h2,C00282,CHEBI:13350;CHEBI:18276;CHEBI:25363;CHEBI:29294;CHEBI:29298;CHEBI:29299;CHEBI:5785,MNXM195,,UFHFLCQGNIYNRP,ok,other_reactant,other_reactant,other_reactant,,,,not_registry_matched,not_assessable,False,8,8
ecoli,h2_e,Hydrogen,h2,C00282,CHEBI:13350;CHEBI:18276;CHEBI:25363;CHEBI:29294;CHEBI:29298;CHEBI:29299;CHEBI:5785,MNXM195,,UFHFLCQGNIYNRP,ok,other_reactant,other_reactant,other_reactant,,,,not_registry_matched,not_assessable,False,4,4
ecoli,h2_p,Hydrogen,h2,C00282,CHEBI:13350;CHEBI:18276;CHEBI:25363;CHEBI:29294;CHEBI:29298;CHEBI:29299;CHEBI:5785,MNXM195,,UFHFLCQGNIYNRP,ok,other_reactant,other_reactant,other_reactant,,,,not_registry_matched,not_assessable,False,5,5
ecoli,h2mb4p_c,1-hydroxy-2-methyl-2-(E)-butenyl 4-diphosphate,h2mb4p,C11811,CHEBI:10952;CHEBI:128753;CHEBI:15664;CHEBI:632,MNXM606,,MDSIZRKJVDMQOQ,ok,other_reactant,other_reactant,other_reactant,,,,not_registry_matched,not_assessable,False,2,2
ecoli,h2o2_c,Hydrogen peroxide,h2o2,C00027;C17732;C18566,CHEBI:13354;CHEBI:13355;CHEBI:16240;CHEBI:24637;CHEBI:25940;CHEBI:29192;CHEBI:29370;CHEBI:44782;CHEBI:44785;CHEBI:44812;CHEBI:5586,MNXM22,,MHAJPDPJQMAIIY,ok,reactive_currency,reactive_currency,currency_or_cofactor,hydrogen peroxide,normalized_name;bigg_ids:h2o2;kegg_ids:c00027;chebi_ids:chebi:16240;inchikey_connectivity:mhajpdpjqmaiiy,normalized_name;bigg_ids;kegg_ids;chebi_ids;inchikey_connectivity,multiple_evidence_types,consistent,False,10,10
ecoli,h2o2_e,Hydrogen peroxide,h2o2,C00027;C17732;C18566,CHEBI:13354;CHEBI:13355;CHEBI:16240;CHEBI:24637;CHEBI:25940;CHEBI:29192;CHEBI:29370;CHEBI:44782;CHEBI:44785;CHEBI:44812;CHEBI:5586,MNXM22,,MHAJPDPJQMAIIY,ok,reactive_currency,reactive_currency,currency_or_cofactor,hydrogen peroxide,normalized_name;bigg_ids:h2o2;kegg_ids:c00027;chebi_ids:chebi:16240;inchikey_connectivity:mhajpdpjqmaiiy,normalized_name;bigg_ids;kegg_ids;chebi_ids;inchikey_connectivity,multiple_evidence_types,consistent,False,4,4
ecoli,h2o2_p,Hydrogen peroxide,h2o2,C00027;C17732;C18566,CHEBI:13354;CHEBI:13355;CHEBI:16240;CHEBI:24637;CHEBI:25940;CHEBI:29192;CHEBI:29370;CHEBI:44782;CHEBI:44785;CHEBI:44812;CHEBI:5586,MNXM22,,MHAJPDPJQMAIIY,ok,reactive_currency,reactive_currency,currency_or_cofactor,hydrogen peroxide,normalized_name;bigg_ids:h2o2;kegg_ids:c00027;chebi_ids:chebi:16240;inchikey_connectivity:mhajpdpjqmaiiy,normalized_name;bigg_ids;kegg_ids;chebi_ids;inchikey_connectivity,multiple_evidence_types,consistent,False,4,4
ecoli,h2o_c,H2O H2O,h2o,C00001;C01328;C18714,CHEBI:10743;CHEBI:13352;CHEBI:13365;CHEBI:13419;CHEBI:15377;CHEBI:16234;CHEBI:27313;CHEBI:29356;CHEBI:29373;CHEBI:29374;CHEBI:29375;CHEBI:29412;CHEBI:30490;CHEBI:33806;CHEBI:33811;CHEBI:33813;CHEBI:41979;CHEBI:41981;CHEBI:42043;CHEBI:42857;CHEBI:43228;CHEBI:44292;CHEBI:44641;CHEBI:44701;CHEBI:44819;CHEBI:5585;CHEBI:5594,MNXM2,,XLYOFNOQVPJJNP,ok,solvent,solvent,currency_or_cofactor,water,normalized_name;bigg_ids:h2o;kegg_ids:c00001;chebi_ids:chebi:15377;metanetx_ids:mnxm2;inchikey_connectivity:xlyofnoqvpjjnp,normalized_name;bigg_ids;kegg_ids;chebi_ids;metanetx_ids;inchikey_connectivity,multiple_evidence_types,consistent,False,665,665
ecoli,h2o_e,H2O H2O,h2o,C00001;C01328;C18714,CHEBI:10743;CHEBI:13352;CHEBI:13365;CHEBI:13419;CHEBI:15377;CHEBI:16234;CHEBI:27313;CHEBI:29356;CHEBI:29373;CHEBI:29374;CHEBI:29375;CHEBI:29412;CHEBI:30490;CHEBI:33806;CHEBI:33811;CHEBI:33813;CHEBI:41979;CHEBI:41981;CHEBI:42043;CHEBI:42857;CHEBI:43228;CHEBI:44292;CHEBI:44641;CHEBI:44701;CHEBI:44819;CHEBI:5585;CHEBI:5594,MNXM2,,XLYOFNOQVPJJNP,ok,solvent,solvent,currency_or_cofactor,water,normalized_name;bigg_ids:h2o;kegg_ids:c00001;chebi_ids:chebi:15377;metanetx_ids:mnxm2;inchikey_connectivity:xlyofnoqvpjjnp,normalized_name;bigg_ids;kegg_ids;chebi_ids;metanetx_ids;inchikey_connectivity,multiple_evidence_types,consistent,False,8,8
ecoli,h2o_p,H2O H2O,h2o,C00001;C01328;C18714,CHEBI:10743;CHEBI:13352;CHEBI:13365;CHEBI:13419;CHEBI:15377;CHEBI:16234;CHEBI:27313;CHEBI:29356;CHEBI:29373;CHEBI:29374;CHEBI:29375;CHEBI:29412;CHEBI:30490;CHEBI:33806;CHEBI:33811;CHEBI:33813;CHEBI:41979;CHEBI:41981;CHEBI:42043;CHEBI:42857;CHEBI:43228;CHEBI:44292;CHEBI:44641;CHEBI:44701;CHEBI:44819;CHEBI:5585;CHEBI:5594,MNXM2,,XLYOFNOQVPJJNP,ok,solvent,solvent,currency_or_cofactor,water,normalized_name;bigg_ids:h2o;kegg_ids:c00001;chebi_ids:chebi:15377;metanetx_ids:mnxm2;inchikey_connectivity:xlyofnoqvpjjnp,normalized_name;bigg_ids;kegg_ids;chebi_ids;metanetx_ids;inchikey_connectivity,multiple_evidence_types,consistent,False,269,269
ecoli,h2s_c,Hydrogen sulfide,h2s,C00283,CHEBI:13356;CHEBI:14414;CHEBI:15138;CHEBI:16136;CHEBI:24639;CHEBI:29919;CHEBI:30488;CHEBI:30489;CHEBI:43058;CHEBI:45489;CHEBI:5787,MNXM89582,,RWSOTUBLDIXVET,ok,other_reactant,other_reactant,other_reactant,,,,not_registry_matched,not_assessable,False,3,3
ecoli,h2s_e,Hydrogen sulfide,h2s,C00283,CHEBI:13356;CHEBI:14414;CHEBI:15138;CHEBI:16136;CHEBI:24639;CHEBI:29919;CHEBI:30488;CHEBI:30489;CHEBI:43058;CHEBI:45489;CHEBI:5787,MNXM89582,,RWSOTUBLDIXVET,ok,other_reactant,other_reactant,other_reactant,,,,not_registry_matched,not_assessable,False,4,4
ecoli,h2s_p,Hydrogen sulfide,h2s,C00283,CHEBI:13356;CHEBI:14414;CHEBI:15138;CHEBI:16136;CHEBI:24639;CHEBI:29919;CHEBI:30488;CHEBI:30489;CHEBI:43058;CHEBI:45489;CHEBI:5787,MNXM89582,,RWSOTUBLDIXVET,ok,other_reactant,other_reactant,other_reactant,,,,not_registry_matched,not_assessable,False,4,4
ecoli,h_c,H+,h,C00080,CHEBI:10744;CHEBI:13357;CHEBI:15378;CHEBI:24636;CHEBI:29233;CHEBI:29234;CHEBI:5584,MNXM1,,GPRLSGONYQIRFK,ok,proton,proton,currency_or_cofactor,proton,normalized_name;bigg_ids:h;kegg_ids:c00080;chebi_ids:chebi:24636;metanetx_ids:mnxm1,normalized_name;bigg_ids;kegg_ids;chebi_ids;metanetx_ids,multiple_evidence_types,not_assessable,False,475,475
ecoli,h_e,H+,h,C00080,CHEBI:10744;CHEBI:13357;CHEBI:15378;CHEBI:24636;CHEBI:29233;CHEBI:29234;CHEBI:5584,MNXM1,,GPRLSGONYQIRFK,ok,proton,proton,currency_or_cofactor,proton,normalized_name;bigg_ids:h;kegg_ids:c00080;chebi_ids:chebi:24636;metanetx_ids:mnxm1,normalized_name;bigg_ids;kegg_ids;chebi_ids;metanetx_ids,multiple_evidence_types,not_assessable,False,8,8
ecoli,h_p,H+,h,C00080,CHEBI:10744;CHEBI:13357;CHEBI:15378;CHEBI:24636;CHEBI:29233;CHEBI:29234;CHEBI:5584,MNXM1,,GPRLSGONYQIRFK,ok,proton,proton,currency_or_cofactor,proton,normalized_name;bigg_ids:h;kegg_ids:c00080;chebi_ids:chebi:24636;metanetx_ids:mnxm1,normalized_name;bigg_ids;kegg_ids;chebi_ids;metanetx_ids,multiple_evidence_types,not_assessable,False,282,282
ecoli,hco3_c,Bicarbonate,hco3,C00288;C01353;C12893,CHEBI:13351;CHEBI:13363;CHEBI:17544;CHEBI:22863;CHEBI:23017;CHEBI:23744;CHEBI:28976;CHEBI:29201;CHEBI:3401;CHEBI:40961;CHEBI:41605;CHEBI:41609;CHEBI:5589,MNXM60,,BVKZGUZCCUSVTD,ok,other_reactant,other_reactant,other_reactant,,,,not_registry_matched,not_assessable,False,6,6
ecoli,hcys__L_c,L-Homocysteine,hcys__L,C00155;C05330,CHEBI:13122;CHEBI:14408;CHEBI:17230;CHEBI:17588;CHEBI:21329;CHEBI:43117;CHEBI:5751;CHEBI:58065;CHEBI:58199;CHEBI:6245;CHEBI:63072;CHEBI:66952,MNXM123,,FFFHZYDWPBMWHY,ok,other_reactant,other_reactant,other_reactant,,,,not_registry_matched,not_assessable,False,4,4
ecoli,hdca_c,Hexadecanoate (n-C16:0),hdca,C00249,CHEBI:14730;CHEBI:15756;CHEBI:231736;CHEBI:233028;CHEBI:24540;CHEBI:24541;CHEBI:24542;CHEBI:24550;CHEBI:29889;CHEBI:35978;CHEBI:44952;CHEBI:7896,MNXM108,,IPCSVZSSVZVIGE,ok,other_reactant,other_reactant,other_reactant,,,,not_registry_matched,not_assessable,False,3,3
ecoli,hdca_e,Hexadecanoate (n-C16:0),hdca,C00249,CHEBI:14730;CHEBI:15756;CHEBI:231736;CHEBI:233028;CHEBI:24540;CHEBI:24541;CHEBI:24542;CHEBI:24550;CHEBI:29889;CHEBI:35978;CHEBI:44952;CHEBI:7896,MNXM108,,IPCSVZSSVZVIGE,ok,other_reactant,other_reactant,other_reactant,,,,not_registry_matched,not_assessable,False,3,3
ecoli,hdca_p,Hexadecanoate (n-C16:0),hdca,C00249,CHEBI:14730;CHEBI:15756;CHEBI:231736;CHEBI:233028;CHEBI:24540;CHEBI:24541;CHEBI:24542;CHEBI:24550;CHEBI:29889;CHEBI:35978;CHEBI:44952;CHEBI:7896,MNXM108,,IPCSVZSSVZVIGE,ok,other_reactant,other_reactant,other_reactant,,,,not_registry_matched,not_assessable,False,2,2
ecoli,hdcap_c,Hexadecanoyl-phosphate (n-C16:0),hdcap,,,MNXM147481,,,missing_smiles,other_reactant,other_reactant,other_reactant,,,,not_registry_matched,not_assessable,False,2,2
ecoli,hdcea_c,Hexadecenoate (n-C16:1),hdcea,,,MNXM950,,SECPZKHBENQXJG,ok,other_reactant,other_reactant,other_reactant,,,,not_registry_matched,not_assessable,False,3,3
ecoli,hdcea_e,Hexadecenoate (n-C16:1),hdcea,,,MNXM950,,SECPZKHBENQXJG,ok,other_reactant,other_reactant,other_reactant,,,,not_registry_matched,not_assessable,False,1,1
ecoli,hdcea_p,Hexadecenoate (n-C16:1),hdcea,,,MNXM950,,SECPZKHBENQXJG,ok,other_reactant,other_reactant,other_reactant,,,,not_registry_matched,not_assessable,False,2,2
ecoli,hdceap_c,Hexadecanoyl-phosphate (n-C16:1),hdceap,,,MNXM147482,,,missing_smiles,other_reactant,other_reactant,other_reactant,,,,not_registry_matched,not_assessable,False,2,2
ecoli,hdcoa_c,Hexadecenoyl-CoA (n-C16:1CoA),hdcoa,,,MNXM90167,,QBYOCCWNZAOZTL,ok,carrier_linked_metabolite,carrier_linked_metabolite,carrier_linked_variable,,normalized_name:coa_linked,normalized_name,name_only,not_assessable,False,2,2
ecoli,hdd2coa_c,Trans-Hexadec-2-enoyl-CoA,hdd2coa,C05272,CHEBI:10728;CHEBI:27047;CHEBI:28935;CHEBI:52381;CHEBI:61526,MNXM581,,JUPAQFRKPHPXLD,ok,carrier_linked_metabolite,carrier_linked_metabolite,carrier_linked_variable,,normalized_name:coa_linked,normalized_name,name_only,not_assessable,False,3,3
ecoli,hdeACP_c,Cis-hexadec-9-enoyl-[acyl-carrier protein] (n-C16:1),hdeACP,,,MNXM89949,,,missing_smiles,other_reactant,other_reactant,other_reactant,,,,not_registry_matched,not_assessable,False,6,6
ecoli,hexACP_c,Hexanoyl-ACP (n-C6:0ACP),hexACP,,,MNXM90722,,,inchikey_unavailable,other_reactant,other_reactant,other_reactant,,,,not_registry_matched,not_assessable,False,2,2
ecoli,hg2_c,Mercury  charged 2  Hg,hg2,C00703;C13377;C18670,CHEBI:13370;CHEBI:16793;CHEBI:25199;CHEBI:25200;CHEBI:49640;CHEBI:5714,MNXM1562,,BQPIGGFYSBELGY,ok,other_reactant,other_reactant,other_reactant,,,,not_registry_matched,not_assessable,False,2,2
ecoli,hg2_e,Mercury  charged 2  Hg,hg2,C00703;C13377;C18670,CHEBI:13370;CHEBI:16793;CHEBI:25199;CHEBI:25200;CHEBI:49640;CHEBI:5714,MNXM1562,,BQPIGGFYSBELGY,ok,other_reactant,other_reactant,other_reactant,,,,not_registry_matched,not_assessable,False,4,4
ecoli,hg2_p,Mercury  charged 2  Hg,hg2,C00703;C13377;C18670,CHEBI:13370;CHEBI:16793;CHEBI:25199;CHEBI:25200;CHEBI:49640;CHEBI:5714,MNXM1562,,BQPIGGFYSBELGY,ok,other_reactant,other_reactant,other_reactant,,,,not_registry_matched,not_assessable,False,4,4
ecoli,hgmeACP_c,3-Hydroxyglutaryl-[acyl-carrier protein] methyl ester,hgmeACP,C20373,,MNXM97395,,,missing_smiles,other_reactant,other_reactant,other_reactant,,,,not_registry_matched,not_assessable,False,1,1
ecoli,hhlipa_c,Heptosyl-heptosyl-kdo2-lipidA,hhlipa,,CHEBI:61507;CHEBI:61523,MNXM2582,,HHPCMWTVGVTYIC,ok,other_reactant,other_reactant,other_reactant,,,,not_registry_matched,not_assessable,False,1,1
ecoli,his__L_c,L-Histidine,his__L,C00135;C00768,CHEBI:13117;CHEBI:15971;CHEBI:21324;CHEBI:24598;CHEBI:27570;CHEBI:32510;CHEBI:32511;CHEBI:32512;CHEBI:32513;CHEBI:32529;CHEBI:32530;CHEBI:32531;CHEBI:32532;CHEBI:43048;CHEBI:43114;CHEBI:43118;CHEBI:43190;CHEBI:43239;CHEBI:5733;CHEBI:57595;CHEBI:6240,MNXM134,,HNDVDQJCIGZPNO,ok,other_reactant,other_reactant,other_reactant,,,,not_registry_matched,not_assessable,False,1,1
ecoli,his__L_e,L-Histidine,his__L,C00135;C00768,CHEBI:13117;CHEBI:15971;CHEBI:21324;CHEBI:24598;CHEBI:27570;CHEBI:32510;CHEBI:32511;CHEBI:32512;CHEBI:32513;CHEBI:32529;CHEBI:32530;CHEBI:32531;CHEBI:32532;CHEBI:43048;CHEBI:43114;CHEBI:43118;CHEBI:43190;CHEBI:43239;CHEBI:5733;CHEBI:57595;CHEBI:6240,MNXM134,,HNDVDQJCIGZPNO,ok,other_reactant,other_reactant,other_reactant,,,,not_registry_matched,not_assessable,False,4,4
ecoli,his__L_p,L-Histidine,his__L,C00135;C00768,CHEBI:13117;CHEBI:15971;CHEBI:21324;CHEBI:24598;CHEBI:27570;CHEBI:32510;CHEBI:32511;CHEBI:32512;CHEBI:32513;CHEBI:32529;CHEBI:32530;CHEBI:32531;CHEBI:32532;CHEBI:43048;CHEBI:43114;CHEBI:43118;CHEBI:43190;CHEBI:43239;CHEBI:5733;CHEBI:57595;CHEBI:6240,MNXM134,,HNDVDQJCIGZPNO,ok,other_reactant,other_reactant,other_reactant,,,,not_registry_matched,not_assessable,False,6,6
ecoli,hisp_c,L-Histidinol phosphate,hisp,C01100,CHEBI:13119;CHEBI:16996;CHEBI:21327;CHEBI:43319;CHEBI:57980;CHEBI:6242,MNXM1482,,CWNDERHTHMWBSI,ok,other_reactant,other_reactant,other_reactant,,,,not_registry_matched,not_assessable,False,1,1
ecoli,histd_c,L-Histidinol,histd,C00860,CHEBI:13118;CHEBI:16255;CHEBI:21326;CHEBI:57699;CHEBI:6241,MNXM1281,,ZQISRDCJNBUVMM,ok,other_reactant,other_reactant,other_reactant,,,,not_registry_matched,not_assessable,False,1,1
ecoli,hkndd_c,"2-Hydroxy-6-oxonona-2,4-diene-1,9-dioate",hkndd,C04479,CHEBI:1140;CHEBI:11589;CHEBI:17367;CHEBI:19615;CHEBI:19621;CHEBI:61449;CHEBI:61470;CHEBI:66887;CHEBI:66936,MNXM1693,,RFENOVFRMPRRJI,ok,other_reactant,other_reactant,other_reactant,,,,not_registry_matched,not_assessable,False,1,1
ecoli,hkntd_c,2-hydroxy-6-ketononatrienedioate,hkntd,C12624,CHEBI:61450;CHEBI:61467,MNXM2040,,WCJYZUFKKTYNLB,ok,other_reactant,other_reactant,other_reactant,,,,not_registry_matched,not_assessable,False,1,1
ecoli,hlipa_c,Heptosyl-kdo2-lipidA,hlipa,,CHEBI:61502;CHEBI:61528,MNXM2680,,HPDZKCJEWNZSML,ok,other_reactant,other_reactant,other_reactant,,,,not_registry_matched,not_assessable,False,1,1
ecoli,hmbil_c,Hydroxymethylbilane,hmbil,C01024,CHEBI:14423;CHEBI:16645;CHEBI:24716;CHEBI:57845;CHEBI:5809,MNXM547,,WDFJYRZCZIUBPR,ok,other_reactant,other_reactant,other_reactant,,,,not_registry_matched,not_assessable,False,1,1
ecoli,hmgth_c,Hydroxymethylglutathione,hmgth,C14180,CHEBI:22052;CHEBI:34963;CHEBI:40619;CHEBI:48926;CHEBI:58758,MNXM1051,,PIUSLWSYOYFRFR,ok,other_reactant,other_reactant,other_reactant,,,,not_registry_matched,not_assessable,False,2,2
ecoli,hom__L_c,L-Homoserine,hom__L,C00263,CHEBI:13123;CHEBI:15699;CHEBI:21330;CHEBI:43131;CHEBI:57476;CHEBI:6246,MNXM353,,UKAUYVFTDYCKQA,ok,other_reactant,other_reactant,other_reactant,,,,not_registry_matched,not_assessable,False,6,6
ecoli,hom__L_e,L-Homoserine,hom__L,C00263,CHEBI:13123;CHEBI:15699;CHEBI:21330;CHEBI:43131;CHEBI:57476;CHEBI:6246,MNXM353,,UKAUYVFTDYCKQA,ok,other_reactant,other_reactant,other_reactant,,,,not_registry_matched,not_assessable,False,4,4
ecoli,hom__L_p,L-Homoserine,hom__L,C00263,CHEBI:13123;CHEBI:15699;CHEBI:21330;CHEBI:43131;CHEBI:57476;CHEBI:6246,MNXM353,,UKAUYVFTDYCKQA,ok,other_reactant,other_reactant,other_reactant,,,,not_registry_matched,not_assessable,False,4,4
ecoli,hphhlipa_c,Heptosyl-phospho-heptosyl-heptosyl-kdo2-lipidA,hphhlipa,,,MNXM56168,,OCKKDDJUVZAABC,ok,other_reactant,other_reactant,other_reactant,,,,not_registry_matched,not_assessable,False,1,1
ecoli,hpmeACP_c,3-Hydroxypimeloyl-[acyl-carrier protein] methyl ester,hpmeACP,C20377,,MNXM10038,,,missing_smiles,other_reactant,other_reactant,other_reactant,,,,not_registry_matched,not_assessable,False,1,1
ecoli,hpyr_c,Hydroxypyruvate,hpyr,C00168,CHEBI:11837;CHEBI:14425;CHEBI:17180;CHEBI:20082;CHEBI:20083;CHEBI:30841;CHEBI:39999;CHEBI:5813,MNXM392,,HHDDCCUIIUWNGJ,ok,other_reactant,other_reactant,other_reactant,,,,not_registry_matched,not_assessable,False,5,5
ecoli,hx2coa_c,Trans-Hex-2-enoyl-CoA,hx2coa,C05271,CHEBI:10726;CHEBI:27076;CHEBI:28706;CHEBI:62077,MNXM753,,OINXHIBNZUUIMR,ok,carrier_linked_metabolite,carrier_linked_metabolite,carrier_linked_variable,,normalized_name:coa_linked,normalized_name,name_only,not_assessable,False,2,2
ecoli,hxa_c,Hexanoate (n-C6:0),hxa,C01585,CHEBI:14398;CHEBI:17120;CHEBI:24569;CHEBI:24571;CHEBI:30776;CHEBI:40213;CHEBI:5702,MNXM1653,,FUZZWVXGSFPDMH,ok,other_reactant,other_reactant,other_reactant,,,,not_registry_matched,not_assessable,False,2,2
ecoli,hxa_e,Hexanoate (n-C6:0),hxa,C01585,CHEBI:14398;CHEBI:17120;CHEBI:24569;CHEBI:24571;CHEBI:30776;CHEBI:40213;CHEBI:5702,MNXM1653,,FUZZWVXGSFPDMH,ok,other_reactant,other_reactant,other_reactant,,,,not_registry_matched,not_assessable,False,4,4
ecoli,hxa_p,Hexanoate (n-C6:0),hxa,C01585,CHEBI:14398;CHEBI:17120;CHEBI:24569;CHEBI:24571;CHEBI:30776;CHEBI:40213;CHEBI:5702,MNXM1653,,FUZZWVXGSFPDMH,ok,other_reactant,other_reactant,other_reactant,,,,not_registry_matched,not_assessable,False,7,7
ecoli,hxan_c,Hypoxanthine,hxan,C00262,CHEBI:14431;CHEBI:17368;CHEBI:24762;CHEBI:43237;CHEBI:5841,MNXM213,,FDGQSTZJBFJUBT,ok,other_reactant,other_reactant,other_reactant,,,,not_registry_matched,not_assessable,False,9,9
ecoli,hxan_e,Hypoxanthine,hxan,C00262,CHEBI:14431;CHEBI:17368;CHEBI:24762;CHEBI:43237;CHEBI:5841,MNXM213,,FDGQSTZJBFJUBT,ok,other_reactant,other_reactant,other_reactant,,,,not_registry_matched,not_assessable,False,4,4
ecoli,hxan_p,Hypoxanthine,hxan,C00262,CHEBI:14431;CHEBI:17368;CHEBI:24762;CHEBI:43237;CHEBI:5841,MNXM213,,FDGQSTZJBFJUBT,ok,other_reactant,other_reactant,other_reactant,,,,not_registry_matched,not_assessable,False,6,6
ecoli,hxcoa_c,Hexanoyl-CoA (n-C6:0CoA),hxcoa,,,MNXM162502,,OEXFMSFODMQEPE,ok,carrier_linked_metabolite,carrier_linked_metabolite,carrier_linked_variable,,normalized_name:coa_linked,normalized_name,name_only,not_assessable,False,4,4
ecoli,iasp_c,Iminoaspartate,iasp,C05840,CHEBI:24784;CHEBI:50616;CHEBI:5878;CHEBI:58831;CHEBI:77875,MNXM599,,NMUOATVLLQEYHI,ok,other_reactant,other_reactant,other_reactant,,,,not_registry_matched,not_assessable,False,1,1
ecoli,ichor_c,Isochorismate,ichor,C00885,CHEBI:14464;CHEBI:17582;CHEBI:24883;CHEBI:29780;CHEBI:5997,MNXM799,,NTGWPRCCOQCMGE,ok,other_reactant,other_reactant,other_reactant,,,,not_registry_matched,not_assessable,False,3,3
ecoli,icit_c,Isocitrate,icit,C00311,CHEBI:14465;CHEBI:16087;CHEBI:24884;CHEBI:24886;CHEBI:30887;CHEBI:36453;CHEBI:36454;CHEBI:5998,MNXM89661,,ODBLHEXUDAPZAU,ok,other_reactant,other_reactant,other_reactant,,,,not_registry_matched,not_assessable,False,4,4
ecoli,icolipa_c,Inner core oligosaccharide lipid A (E coli),icolipa,,,MNXM57404,,YKVGZDADLKRSPK,ok,other_reactant,other_reactant,other_reactant,,,,not_registry_matched,not_assessable,False,1,1
ecoli,idon__L_c,L-Idonate,idon__L,C00770,CHEBI:13126;CHEBI:17796;CHEBI:21335;CHEBI:21336;CHEBI:57659;CHEBI:58494;CHEBI:6250,MNXM1565,,RGHNJXZEOKUKBD,ok,other_reactant,other_reactant,other_reactant,,,,not_registry_matched,not_assessable,False,2,2
ecoli,idon__L_e,L-Idonate,idon__L,C00770,CHEBI:13126;CHEBI:17796;CHEBI:21335;CHEBI:21336;CHEBI:57659;CHEBI:58494;CHEBI:6250,MNXM1565,,RGHNJXZEOKUKBD,ok,other_reactant,other_reactant,other_reactant,,,,not_registry_matched,not_assessable,False,4,4
ecoli,idon__L_p,L-Idonate,idon__L,C00770,CHEBI:13126;CHEBI:17796;CHEBI:21335;CHEBI:21336;CHEBI:57659;CHEBI:58494;CHEBI:6250,MNXM1565,,RGHNJXZEOKUKBD,ok,other_reactant,other_reactant,other_reactant,,,,not_registry_matched,not_assessable,False,5,5
ecoli,idp_c,IDP C10H11N4O11P2,idp,C00104,CHEBI:13371;CHEBI:17808;CHEBI:19270;CHEBI:43252;CHEBI:58280;CHEBI:5848,MNXM495,,JPXZQMKKFWMMGK,ok,other_reactant,other_reactant,other_reactant,,,,not_registry_matched,not_assessable,False,1,1
ecoli,ile__L_c,L-Isoleucine,ile__L,C00407,CHEBI:13127;CHEBI:17191;CHEBI:21344;CHEBI:24898;CHEBI:32604;CHEBI:32605;CHEBI:32612;CHEBI:32613;CHEBI:43290;CHEBI:43342;CHEBI:43366;CHEBI:58045;CHEBI:6255,MNXM231,,AGPKZVBTJJNPAG,ok,other_reactant,other_reactant,other_reactant,,,,not_registry_matched,not_assessable,False,2,2
ecoli,ile__L_e,L-Isoleucine,ile__L,C00407,CHEBI:13127;CHEBI:17191;CHEBI:21344;CHEBI:24898;CHEBI:32604;CHEBI:32605;CHEBI:32612;CHEBI:32613;CHEBI:43290;CHEBI:43342;CHEBI:43366;CHEBI:58045;CHEBI:6255,MNXM231,,AGPKZVBTJJNPAG,ok,other_reactant,other_reactant,other_reactant,,,,not_registry_matched,not_assessable,False,4,4
ecoli,ile__L_p,L-Isoleucine,ile__L,C00407,CHEBI:13127;CHEBI:17191;CHEBI:21344;CHEBI:24898;CHEBI:32604;CHEBI:32605;CHEBI:32612;CHEBI:32613;CHEBI:43290;CHEBI:43342;CHEBI:43366;CHEBI:58045;CHEBI:6255,MNXM231,,AGPKZVBTJJNPAG,ok,other_reactant,other_reactant,other_reactant,,,,not_registry_matched,not_assessable,False,6,6
ecoli,imacp_c,3-(Imidazol-4-yl)-2-oxopropyl phosphate,imacp,C01267,CHEBI:11736;CHEBI:1437;CHEBI:16426;CHEBI:19941;CHEBI:57766,MNXM1456,,YCFFMSOLUMRAMD,ok,other_reactant,other_reactant,other_reactant,,,,not_registry_matched,not_assessable,False,1,1
ecoli,imp_c,IMP C10H11N4O8P,imp,C00130,CHEBI:12057;CHEBI:12063;CHEBI:13372;CHEBI:13373;CHEBI:14457;CHEBI:17202;CHEBI:19271;CHEBI:43418;CHEBI:43475;CHEBI:43524;CHEBI:43528;CHEBI:43563;CHEBI:43611;CHEBI:47501;CHEBI:58053;CHEBI:5849,MNXM125,,GRSZFWQUAKGDAV,ok,nucleotide_currency,nucleotide_currency,currency_or_cofactor,IMP,normalized_name;bigg_ids:imp;kegg_ids:c00130;chebi_ids:chebi:58053;metanetx_ids:mnxm125;inchikey_connectivity:grszfwquakgdav,normalized_name;bigg_ids;kegg_ids;chebi_ids;metanetx_ids;inchikey_connectivity,multiple_evidence_types,consistent,False,5,5
ecoli,imp_e,IMP C10H11N4O8P,imp,C00130,CHEBI:12057;CHEBI:12063;CHEBI:13372;CHEBI:13373;CHEBI:14457;CHEBI:17202;CHEBI:19271;CHEBI:43418;CHEBI:43475;CHEBI:43524;CHEBI:43528;CHEBI:43563;CHEBI:43611;CHEBI:47501;CHEBI:58053;CHEBI:5849,MNXM125,,GRSZFWQUAKGDAV,ok,nucleotide_currency,nucleotide_currency,currency_or_cofactor,IMP,normalized_name;bigg_ids:imp;kegg_ids:c00130;chebi_ids:chebi:58053;metanetx_ids:mnxm125;inchikey_connectivity:grszfwquakgdav,normalized_name;bigg_ids;kegg_ids;chebi_ids;metanetx_ids;inchikey_connectivity,multiple_evidence_types,consistent,False,4,4
ecoli,imp_p,IMP C10H11N4O8P,imp,C00130,CHEBI:12057;CHEBI:12063;CHEBI:13372;CHEBI:13373;CHEBI:14457;CHEBI:17202;CHEBI:19271;CHEBI:43418;CHEBI:43475;CHEBI:43524;CHEBI:43528;CHEBI:43563;CHEBI:43611;CHEBI:47501;CHEBI:58053;CHEBI:5849,MNXM125,,GRSZFWQUAKGDAV,ok,nucleotide_currency,nucleotide_currency,currency_or_cofactor,IMP,normalized_name;bigg_ids:imp;kegg_ids:c00130;chebi_ids:chebi:58053;metanetx_ids:mnxm125;inchikey_connectivity:grszfwquakgdav,normalized_name;bigg_ids;kegg_ids;chebi_ids;metanetx_ids;inchikey_connectivity,multiple_evidence_types,consistent,False,6,6
ecoli,indole_c,Indole,indole,C00463,CHEBI:14444;CHEBI:16881;CHEBI:24794;CHEBI:35579;CHEBI:35581;CHEBI:43537;CHEBI:5900,MNXM377,,SIKJAQJRHWYJAI,ok,other_reactant,other_reactant,other_reactant,,,,not_registry_matched,not_assessable,False,3,3
ecoli,indole_e,Indole,indole,C00463,CHEBI:14444;CHEBI:16881;CHEBI:24794;CHEBI:35579;CHEBI:35581;CHEBI:43537;CHEBI:5900,MNXM377,,SIKJAQJRHWYJAI,ok,other_reactant,other_reactant,other_reactant,,,,not_registry_matched,not_assessable,False,4,4
ecoli,indole_p,Indole,indole,C00463,CHEBI:14444;CHEBI:16881;CHEBI:24794;CHEBI:35579;CHEBI:35581;CHEBI:43537;CHEBI:5900,MNXM377,,SIKJAQJRHWYJAI,ok,other_reactant,other_reactant,other_reactant,,,,not_registry_matched,not_assessable,False,5,5
ecoli,inost_c,Myo-Inositol,inost,C00137;C19891,CHEBI:10601;CHEBI:12826;CHEBI:12831;CHEBI:17268;CHEBI:19183;CHEBI:24848;CHEBI:25451;CHEBI:27372;CHEBI:4200;CHEBI:43559;CHEBI:52772,MNXM127,,CDAISMWEOUEBRE,ok,other_reactant,other_reactant,other_reactant,,,,not_registry_matched,not_assessable,False,1,1
ecoli,inost_e,Myo-Inositol,inost,C00137;C19891,CHEBI:10601;CHEBI:12826;CHEBI:12831;CHEBI:17268;CHEBI:19183;CHEBI:24848;CHEBI:25451;CHEBI:27372;CHEBI:4200;CHEBI:43559;CHEBI:52772,MNXM127,,CDAISMWEOUEBRE,ok,other_reactant,other_reactant,other_reactant,,,,not_registry_matched,not_assessable,False,4,4
ecoli,inost_p,Myo-Inositol,inost,C00137;C19891,CHEBI:10601;CHEBI:12826;CHEBI:12831;CHEBI:17268;CHEBI:19183;CHEBI:24848;CHEBI:25451;CHEBI:27372;CHEBI:4200;CHEBI:43559;CHEBI:52772,MNXM127,,CDAISMWEOUEBRE,ok,other_reactant,other_reactant,other_reactant,,,,not_registry_matched,not_assessable,False,5,5
ecoli,ins_c,Inosine,ins,C00294,CHEBI:14456;CHEBI:17596;CHEBI:24841;CHEBI:44407;CHEBI:5927,MNXM334,,UGQMRVRMYYASKQ,ok,other_reactant,other_reactant,other_reactant,,,,not_registry_matched,not_assessable,False,5,5
ecoli,ins_e,Inosine,ins,C00294,CHEBI:14456;CHEBI:17596;CHEBI:24841;CHEBI:44407;CHEBI:5927,MNXM334,,UGQMRVRMYYASKQ,ok,other_reactant,other_reactant,other_reactant,,,,not_registry_matched,not_assessable,False,1,1
ecoli,ins_p,Inosine,ins,C00294,CHEBI:14456;CHEBI:17596;CHEBI:24841;CHEBI:44407;CHEBI:5927,MNXM334,,UGQMRVRMYYASKQ,ok,other_reactant,other_reactant,other_reactant,,,,not_registry_matched,not_assessable,False,4,4
ecoli,ipdp_c,Isopentenyl diphosphate,ipdp,C00129,CHEBI:128769;CHEBI:14473;CHEBI:16584;CHEBI:24907;CHEBI:6037,MNXM83,,NUHSROFQTUXZQQ,ok,other_reactant,other_reactant,other_reactant,,,,not_registry_matched,not_assessable,False,5,5
ecoli,iprimv_c,Isoprimeverose,iprimv,,,,,QYNRIDLOTGRNML,ok,other_reactant,other_reactant,other_reactant,,,,not_registry_matched,not_assessable,False,1,1
ecoli,iscs_c,IscS sulfur acceptor protein,iscs,,,MNXM146401,,,missing_smiles,other_reactant,other_reactant,other_reactant,,,,not_registry_matched,not_assessable,False,1,1
ecoli,iscssh_c,IscS with bound sulfur,iscssh,,,MNXM146402,,,missing_smiles,other_reactant,other_reactant,other_reactant,,,,not_registry_matched,not_assessable,False,5,5
ecoli,iscu_2fe2s2_c,IscU with two bound [2Fe-2S] clusters,iscu_2fe2s2,,,MNXM148287,,,missing_smiles,other_reactant,other_reactant,other_reactant,,,,not_registry_matched,not_assessable,False,1,1
ecoli,iscu_2fe2s_c,IscU with bound [2Fe-2S] cluster,iscu_2fe2s,,,MNXM147129,,,missing_smiles,other_reactant,other_reactant,other_reactant,,,,not_registry_matched,not_assessable,False,2,2
ecoli,iscu_4fe4s_c,IscU with bound [4Fe-4S] cluster,iscu_4fe4s,,,MNXM148286,,,missing_smiles,other_reactant,other_reactant,other_reactant,,,,not_registry_matched,not_assessable,False,1,1
ecoli,iscu_c,IscU scaffold protein,iscu,,,MNXM147128,,,missing_smiles,other_reactant,other_reactant,other_reactant,,,,not_registry_matched,not_assessable,False,2,2
ecoli,isetac_c,Isethionic acid,isetac,C05123,CHEBI:1157;CHEBI:61904,MNXM1630,,SUMDYPCJJOFFON,ok,other_reactant,other_reactant,other_reactant,,,,not_registry_matched,not_assessable,False,1,1
ecoli,isetac_e,Isethionic acid,isetac,C05123,CHEBI:1157;CHEBI:61904,MNXM1630,,SUMDYPCJJOFFON,ok,other_reactant,other_reactant,other_reactant,,,,not_registry_matched,not_assessable,False,4,4
ecoli,isetac_p,Isethionic acid,isetac,C05123,CHEBI:1157;CHEBI:61904,MNXM1630,,SUMDYPCJJOFFON,ok,other_reactant,other_reactant,other_reactant,,,,not_registry_matched,not_assessable,False,6,6
ecoli,itp_c,ITP C10H11N4O14P3,itp,C00081,CHEBI:13374;CHEBI:16039;CHEBI:19272;CHEBI:43508;CHEBI:57614;CHEBI:5851;CHEBI:61402,MNXM423,,HAEJPQIATWHALX,ok,other_reactant,other_reactant,other_reactant,,,,not_registry_matched,not_assessable,False,4,4
ecoli,k_c,Potassium,k,C00238;C12568,CHEBI:26219;CHEBI:29103;CHEBI:49685;CHEBI:8345,MNXM95,,NPYPAHLBTDXSSS,ok,other_reactant,other_reactant,other_reactant,,,,not_registry_matched,not_assessable,False,4,4
ecoli,k_e,Potassium,k,C00238;C12568,CHEBI:26219;CHEBI:29103;CHEBI:49685;CHEBI:8345,MNXM95,,NPYPAHLBTDXSSS,ok,other_reactant,other_reactant,other_reactant,,,,not_registry_matched,not_assessable,False,4,4
ecoli,k_p,Potassium,k,C00238;C12568,CHEBI:26219;CHEBI:29103;CHEBI:49685;CHEBI:8345,MNXM95,,NPYPAHLBTDXSSS,ok,other_reactant,other_reactant,other_reactant,,,,not_registry_matched,not_assessable,False,10,10
ecoli,kdo2lipid4L_c,KDO(2)-lipid IV(A) with laurate,kdo2lipid4L,C06251,CHEBI:25015;CHEBI:27422;CHEBI:61524;CHEBI:61554;CHEBI:6393,MNXM1870,,JVUUYJGQIVCMIU,ok,other_reactant,other_reactant,other_reactant,,,,not_registry_matched,not_assessable,False,1,1
ecoli,kdo2lipid4_c,KDO(2)-lipid IV(A),kdo2lipid4,C06025,CHEBI:23657;CHEBI:28526;CHEBI:4477;CHEBI:60365,MNXM824,,XAOLJGCZESYRFT,ok,other_reactant,other_reactant,other_reactant,,,,not_registry_matched,not_assessable,False,3,3
ecoli,kdo2lipid4_p,KDO(2)-lipid IV(A),kdo2lipid4,C06025,CHEBI:23657;CHEBI:28526;CHEBI:4477;CHEBI:60365,MNXM824,,XAOLJGCZESYRFT,ok,other_reactant,other_reactant,other_reactant,,,,not_registry_matched,not_assessable,False,1,1
ecoli,kdo2lipid4p_c,KDO(2)-lipid IV(A) with palmitoleoyl,kdo2lipid4p,,,MNXM58983,,LDKYKDQAKNLWER,ok,other_reactant,other_reactant,other_reactant,,,,not_registry_matched,not_assessable,False,1,1
ecoli,kdo8p_c,3-Deoxy-D-manno-octulosonate 8-phosphate,kdo8p,C04478,CHEBI:11552;CHEBI:11788;CHEBI:1494;CHEBI:18069;CHEBI:20006;CHEBI:42115;CHEBI:58368;CHEBI:85985,MNXM146080,,RTNBXJBOAIDPME,ok,other_reactant,other_reactant,other_reactant,,,,not_registry_matched,not_assessable,False,1,1
ecoli,kdo_c,3-Deoxy-D-manno-2-octulosonate,kdo,,CHEBI:43577;CHEBI:85986,MNXM36403,,NNLZBVFSCVTSLA,ok,other_reactant,other_reactant,other_reactant,,,,not_registry_matched,not_assessable,False,1,1
ecoli,kdolipid4_c,KDO-lipid IV(A),kdolipid4,C06024,CHEBI:1496;CHEBI:20009;CHEBI:27439;CHEBI:60364,MNXM1206,,GPNCBCJEDRRCDW,ok,other_reactant,other_reactant,other_reactant,,,,not_registry_matched,not_assessable,False,1,1
ecoli,kphphhlipa_c,Kdo-phospho-heptosyl-phospho-heptosyl-heptosyl-kdo2-lipidA,kphphhlipa,,,MNXM58984,,HKWVBDGTKAFRJF,ok,other_reactant,other_reactant,other_reactant,,,,not_registry_matched,not_assessable,False,1,1
ecoli,lac__D_c,D-Lactate,lac__D,C00256,CHEBI:11001;CHEBI:16004;CHEBI:18684;CHEBI:341;CHEBI:42105;CHEBI:42111;CHEBI:43701,MNXM285,,JVTAAEKCZFNVCJ,ok,other_reactant,other_reactant,other_reactant,,,,not_registry_matched,not_assessable,False,4,4
ecoli,lac__D_e,D-Lactate,lac__D,C00256,CHEBI:11001;CHEBI:16004;CHEBI:18684;CHEBI:341;CHEBI:42105;CHEBI:42111;CHEBI:43701,MNXM285,,JVTAAEKCZFNVCJ,ok,other_reactant,other_reactant,other_reactant,,,,not_registry_matched,not_assessable,False,4,4
ecoli,lac__D_p,D-Lactate,lac__D,C00256,CHEBI:11001;CHEBI:16004;CHEBI:18684;CHEBI:341;CHEBI:42105;CHEBI:42111;CHEBI:43701,MNXM285,,JVTAAEKCZFNVCJ,ok,other_reactant,other_reactant,other_reactant,,,,not_registry_matched,not_assessable,False,6,6
ecoli,lac__L_c,L-Lactate,lac__L,C00186,CHEBI:11065;CHEBI:12411;CHEBI:16651;CHEBI:18783;CHEBI:422,MNXM179,,JVTAAEKCZFNVCJ,ok,other_reactant,other_reactant,other_reactant,,,,not_registry_matched,not_assessable,False,6,6
ecoli,lac__L_e,L-Lactate,lac__L,C00186,CHEBI:11065;CHEBI:12411;CHEBI:16651;CHEBI:18783;CHEBI:422,MNXM179,,JVTAAEKCZFNVCJ,ok,other_reactant,other_reactant,other_reactant,,,,not_registry_matched,not_assessable,False,4,4
ecoli,lac__L_p,L-Lactate,lac__L,C00186,CHEBI:11065;CHEBI:12411;CHEBI:16651;CHEBI:18783;CHEBI:422,MNXM179,,JVTAAEKCZFNVCJ,ok,other_reactant,other_reactant,other_reactant,,,,not_registry_matched,not_assessable,False,6,6
ecoli,lald__D_c,D-Lactaldehyde,lald__D,C00937,CHEBI:11000;CHEBI:17167;CHEBI:18683;CHEBI:340,MNXM909,,BSABBBMNWQWLLU,ok,other_reactant,other_reactant,other_reactant,,,,not_registry_matched,not_assessable,False,1,1
ecoli,lald__L_c,L-Lactaldehyde,lald__L,C00424;C05999,CHEBI:11015;CHEBI:11064;CHEBI:13130;CHEBI:18041;CHEBI:18419;CHEBI:18782;CHEBI:24994;CHEBI:421;CHEBI:6349,MNXM2387,,BSABBBMNWQWLLU,ok,other_reactant,other_reactant,other_reactant,,,,not_registry_matched,not_assessable,False,7,7
ecoli,lcts_c,Lactose C12H22O11,lcts,C00243;C01970,CHEBI:10296;CHEBI:10380;CHEBI:10428;CHEBI:14497;CHEBI:17716;CHEBI:22460;CHEBI:22760;CHEBI:22846;CHEBI:25005;CHEBI:27755;CHEBI:27968;CHEBI:28577;CHEBI:35463;CHEBI:36218;CHEBI:43665;CHEBI:613009,MNXM362,,GUBGYTABKSRVRQ,ok,other_reactant,other_reactant,other_reactant,,,,not_registry_matched,not_assessable,False,4,4
ecoli,lcts_e,Lactose C12H22O11,lcts,C00243;C01970,CHEBI:10296;CHEBI:10380;CHEBI:10428;CHEBI:14497;CHEBI:17716;CHEBI:22460;CHEBI:22760;CHEBI:22846;CHEBI:25005;CHEBI:27755;CHEBI:27968;CHEBI:28577;CHEBI:35463;CHEBI:36218;CHEBI:43665;CHEBI:613009,MNXM362,,GUBGYTABKSRVRQ,ok,other_reactant,other_reactant,other_reactant,,,,not_registry_matched,not_assessable,False,4,4
ecoli,lcts_p,Lactose C12H22O11,lcts,C00243;C01970,CHEBI:10296;CHEBI:10380;CHEBI:10428;CHEBI:14497;CHEBI:17716;CHEBI:22460;CHEBI:22760;CHEBI:22846;CHEBI:25005;CHEBI:27755;CHEBI:27968;CHEBI:28577;CHEBI:35463;CHEBI:36218;CHEBI:43665;CHEBI:613009,MNXM362,,GUBGYTABKSRVRQ,ok,other_reactant,other_reactant,other_reactant,,,,not_registry_matched,not_assessable,False,6,6
ecoli,leu__L_c,L-Leucine,leu__L,C00123;C16439,CHEBI:10866;CHEBI:13131;CHEBI:15603;CHEBI:21348;CHEBI:25017;CHEBI:32619;CHEBI:32620;CHEBI:32627;CHEBI:32628;CHEBI:43646;CHEBI:43695;CHEBI:43733;CHEBI:43814;CHEBI:57427;CHEBI:6260,MNXM140,,ROHFNLRQFUQHCH,ok,other_reactant,other_reactant,other_reactant,,,,not_registry_matched,not_assessable,False,2,2
ecoli,leu__L_e,L-Leucine,leu__L,C00123;C16439,CHEBI:10866;CHEBI:13131;CHEBI:15603;CHEBI:21348;CHEBI:25017;CHEBI:32619;CHEBI:32620;CHEBI:32627;CHEBI:32628;CHEBI:43646;CHEBI:43695;CHEBI:43733;CHEBI:43814;CHEBI:57427;CHEBI:6260,MNXM140,,ROHFNLRQFUQHCH,ok,other_reactant,other_reactant,other_reactant,,,,not_registry_matched,not_assessable,False,4,4
ecoli,leu__L_p,L-Leucine,leu__L,C00123;C16439,CHEBI:10866;CHEBI:13131;CHEBI:15603;CHEBI:21348;CHEBI:25017;CHEBI:32619;CHEBI:32620;CHEBI:32627;CHEBI:32628;CHEBI:43646;CHEBI:43695;CHEBI:43733;CHEBI:43814;CHEBI:57427;CHEBI:6260,MNXM140,,ROHFNLRQFUQHCH,ok,other_reactant,other_reactant,other_reactant,,,,not_registry_matched,not_assessable,False,7,7
ecoli,lgt__S_c,(R)-S-Lactoylglutathione,lgt__S,C03451,CHEBI:11014;CHEBI:15694;CHEBI:18678;CHEBI:355;CHEBI:57474,MNXM1253,,VDYDCVUWILIYQF,ok,other_reactant,other_reactant,other_reactant,,,,not_registry_matched,not_assessable,False,1,1
ecoli,lipa_c,KDO(2)-lipid (A),lipa,C06026,CHEBI:23656;CHEBI:27963;CHEBI:4476;CHEBI:58540,MNXM946,,DIXUKJUHGLIZGU,ok,other_reactant,other_reactant,other_reactant,,,,not_registry_matched,not_assessable,False,2,2
ecoli,lipa_cold_c,Cold adapted KDO(2)-lipid (A),lipa_cold,,CHEBI:61522;CHEBI:61556,MNXM6016,,YMYMIWUIGJUAIZ,ok,other_reactant,other_reactant,other_reactant,,,,not_registry_matched,not_assessable,False,1,1
ecoli,lipa_cold_p,Cold adapted KDO(2)-lipid (A),lipa_cold,,CHEBI:61522;CHEBI:61556,MNXM6016,,YMYMIWUIGJUAIZ,ok,other_reactant,other_reactant,other_reactant,,,,not_registry_matched,not_assessable,False,1,1
ecoli,lipa_e,KDO(2)-lipid (A),lipa,C06026,CHEBI:23656;CHEBI:27963;CHEBI:4476;CHEBI:58540,MNXM946,,DIXUKJUHGLIZGU,ok,other_reactant,other_reactant,other_reactant,,,,not_registry_matched,not_assessable,False,1,1
ecoli,lipa_p,KDO(2)-lipid (A),lipa,C06026,CHEBI:23656;CHEBI:27963;CHEBI:4476;CHEBI:58540,MNXM946,,DIXUKJUHGLIZGU,ok,other_reactant,other_reactant,other_reactant,,,,not_registry_matched,not_assessable,False,3,3
ecoli,lipidA_c,"2,3,2'3'-Tetrakis(beta-hydroxymyristoyl)-D-glucosaminyl-1,6-beta-D-glucosamine 1,4'-bisphosphate",lipidA,C04919,CHEBI:11407;CHEBI:19292;CHEBI:19294;CHEBI:28165;CHEBI:29056;CHEBI:58603;CHEBI:863,MNXM1754,,KVJWZTLXIROHIL,ok,other_reactant,other_reactant,other_reactant,,,,not_registry_matched,not_assessable,False,1,1
ecoli,lipidAds_c,Lipid A Disaccharide,lipidAds,C04932,CHEBI:11414;CHEBI:11415;CHEBI:18380;CHEBI:19293;CHEBI:58466;CHEBI:862,MNXM1569,,HLDJGHAAKRKPAV,ok,other_reactant,other_reactant,other_reactant,,,,not_registry_matched,not_assessable,False,1,1
ecoli,lipidX_c,"2,3-Bis(3-hydroxytetradecanoyl)-beta-D-glucosaminyl 1-phosphate",lipidX,C04824,CHEBI:11413;CHEBI:16942;CHEBI:19303;CHEBI:57957;CHEBI:870,MNXM1839,,HEHQDWUWJVPREQ,ok,other_reactant,other_reactant,other_reactant,,,,not_registry_matched,not_assessable,False,1,1
ecoli,lipoamp_c,Lipoyl-AMP,lipoamp,C16238,CHEBI:55451;CHEBI:58923;CHEBI:83091;CHEBI:83864,MNXM2392,,QWEGOCJRZOKSOE,ok,other_reactant,other_reactant,other_reactant,,,,not_registry_matched,not_assessable,False,1,1
ecoli,lipoate_c,Lipoate,lipoate,C00725;C16241,CHEBI:14519;CHEBI:146958;CHEBI:16494;CHEBI:25056;CHEBI:25058;CHEBI:30313;CHEBI:30314;CHEBI:30315;CHEBI:43790;CHEBI:43796;CHEBI:6492;CHEBI:83088,MNXM1484,,AGBQKNBQESQNJD,ok,other_reactant,other_reactant,other_reactant,,,,not_registry_matched,not_assessable,False,1,1
ecoli,lipoate_e,Lipoate,lipoate,C00725;C16241,CHEBI:14519;CHEBI:146958;CHEBI:16494;CHEBI:25056;CHEBI:25058;CHEBI:30313;CHEBI:30314;CHEBI:30315;CHEBI:43790;CHEBI:43796;CHEBI:6492;CHEBI:83088,MNXM1484,,AGBQKNBQESQNJD,ok,other_reactant,other_reactant,other_reactant,,,,not_registry_matched,not_assessable,False,4,4
ecoli,lipoate_p,Lipoate,lipoate,C00725;C16241,CHEBI:14519;CHEBI:146958;CHEBI:16494;CHEBI:25056;CHEBI:25058;CHEBI:30313;CHEBI:30314;CHEBI:30315;CHEBI:43790;CHEBI:43796;CHEBI:6492;CHEBI:83088,MNXM1484,,AGBQKNBQESQNJD,ok,other_reactant,other_reactant,other_reactant,,,,not_registry_matched,not_assessable,False,4,4
ecoli,lkdr_c,2-dehydro-3-deoxy-L-rhamnonate,lkdr,,,,,FRIWJYNKZPJVRL,ok,other_reactant,other_reactant,other_reactant,,,,not_registry_matched,not_assessable,False,1,1
ecoli,lys__L_c,L-Lysine,lys__L,C00047;C16440,CHEBI:13135;CHEBI:133538;CHEBI:18019;CHEBI:21351;CHEBI:25094;CHEBI:32550;CHEBI:32551;CHEBI:32552;CHEBI:32563;CHEBI:32564;CHEBI:32565;CHEBI:43950;CHEBI:6264,MNXM78,,KDXKERNSBIXSRK,ok,other_reactant,other_reactant,other_reactant,,,,not_registry_matched,not_assessable,False,6,6
ecoli,lys__L_e,L-Lysine,lys__L,C00047;C16440,CHEBI:13135;CHEBI:133538;CHEBI:18019;CHEBI:21351;CHEBI:25094;CHEBI:32550;CHEBI:32551;CHEBI:32552;CHEBI:32563;CHEBI:32564;CHEBI:32565;CHEBI:43950;CHEBI:6264,MNXM78,,KDXKERNSBIXSRK,ok,other_reactant,other_reactant,other_reactant,,,,not_registry_matched,not_assessable,False,4,4
ecoli,lys__L_p,L-Lysine,lys__L,C00047;C16440,CHEBI:13135;CHEBI:133538;CHEBI:18019;CHEBI:21351;CHEBI:25094;CHEBI:32550;CHEBI:32551;CHEBI:32552;CHEBI:32563;CHEBI:32564;CHEBI:32565;CHEBI:43950;CHEBI:6264,MNXM78,,KDXKERNSBIXSRK,ok,other_reactant,other_reactant,other_reactant,,,,not_registry_matched,not_assessable,False,7,7
ecoli,lyx__L_c,L-Lyxose,lyx__L,C01508,CHEBI:62321,MNXM4641,,SRBFZHDQGSBBOR,ok,other_reactant,other_reactant,other_reactant,,,,not_registry_matched,not_assessable,False,1,1
ecoli,lyx__L_e,L-Lyxose,lyx__L,C01508,CHEBI:62321,MNXM4641,,SRBFZHDQGSBBOR,ok,other_reactant,other_reactant,other_reactant,,,,not_registry_matched,not_assessable,False,4,4
ecoli,lyx__L_p,L-Lyxose,lyx__L,C01508,CHEBI:62321,MNXM4641,,SRBFZHDQGSBBOR,ok,other_reactant,other_reactant,other_reactant,,,,not_registry_matched,not_assessable,False,5,5
ecoli,malACP_c,Malonyl-[acyl-carrier protein],malACP,C01209,CHEBI:14566;CHEBI:17330;CHEBI:6662,MNXM184,,,inchikey_unavailable,other_reactant,other_reactant,other_reactant,,,,not_registry_matched,not_assessable,False,25,25
ecoli,mal__D_c,D-Malate,mal__D,C00497,CHEBI:11002;CHEBI:15588;CHEBI:18685;CHEBI:18686;CHEBI:30796;CHEBI:342;CHEBI:42060;CHEBI:44073,MNXM1608,,BJEPYKJPYRNKOW,ok,other_reactant,other_reactant,other_reactant,,,,not_registry_matched,not_assessable,False,1,1
ecoli,mal__D_e,D-Malate,mal__D,C00497,CHEBI:11002;CHEBI:15588;CHEBI:18685;CHEBI:18686;CHEBI:30796;CHEBI:342;CHEBI:42060;CHEBI:44073,MNXM1608,,BJEPYKJPYRNKOW,ok,other_reactant,other_reactant,other_reactant,,,,not_registry_matched,not_assessable,False,4,4
ecoli,mal__D_p,D-Malate,mal__D,C00497,CHEBI:11002;CHEBI:15588;CHEBI:18685;CHEBI:18686;CHEBI:30796;CHEBI:342;CHEBI:42060;CHEBI:44073,MNXM1608,,BJEPYKJPYRNKOW,ok,other_reactant,other_reactant,other_reactant,,,,not_registry_matched,not_assessable,False,5,5
ecoli,mal__L_c,L-Malate,mal__L,C00149,CHEBI:11066;CHEBI:13140;CHEBI:15589;CHEBI:18784;CHEBI:18785;CHEBI:30797;CHEBI:423,MNXM98,,BJEPYKJPYRNKOW,ok,other_reactant,other_reactant,other_reactant,,,,not_registry_matched,not_assessable,False,11,11
ecoli,mal__L_e,L-Malate,mal__L,C00149,CHEBI:11066;CHEBI:13140;CHEBI:15589;CHEBI:18784;CHEBI:18785;CHEBI:30797;CHEBI:423,MNXM98,,BJEPYKJPYRNKOW,ok,other_reactant,other_reactant,other_reactant,,,,not_registry_matched,not_assessable,False,4,4
ecoli,mal__L_p,L-Malate,mal__L,C00149,CHEBI:11066;CHEBI:13140;CHEBI:15589;CHEBI:18784;CHEBI:18785;CHEBI:30797;CHEBI:423,MNXM98,,BJEPYKJPYRNKOW,ok,other_reactant,other_reactant,other_reactant,,,,not_registry_matched,not_assessable,False,10,10
ecoli,malcoa_c,Malonyl CoA C24H33N7O19P3S,malcoa,C00083,CHEBI:14565;CHEBI:15531;CHEBI:25135;CHEBI:43979;CHEBI:57384;CHEBI:6661,MNXM40,,LTYOQGRJFJAKNA,ok,carrier_linked_metabolite,carrier_linked_metabolite,carrier_linked_variable,,normalized_name:coa_linked,normalized_name,name_only,not_assessable,False,2,2
ecoli,malcoame_c,Malonyl-CoA methyl ester,malcoame,,CHEBI:71242;CHEBI:71244,MNXM97130,,CHQAJZULNPRMEN,ok,carrier_linked_metabolite,carrier_linked_metabolite,carrier_linked_variable,,normalized_name:coa_linked,normalized_name,name_only,not_assessable,False,1,1
ecoli,malt_c,Maltose C12H22O11,malt,C00208;C00897,CHEBI:10300;CHEBI:12340;CHEBI:14568;CHEBI:17306;CHEBI:18167;CHEBI:22463;CHEBI:25144;CHEBI:43893;CHEBI:6668,MNXM165,,GUBGYTABKSRVRQ,ok,other_reactant,other_reactant,other_reactant,,,,not_registry_matched,not_assessable,False,5,5
ecoli,malt_e,Maltose C12H22O11,malt,C00208;C00897,CHEBI:10300;CHEBI:12340;CHEBI:14568;CHEBI:17306;CHEBI:18167;CHEBI:22463;CHEBI:25144;CHEBI:43893;CHEBI:6668,MNXM165,,GUBGYTABKSRVRQ,ok,other_reactant,other_reactant,other_reactant,,,,not_registry_matched,not_assessable,False,1,1
ecoli,malt_p,Maltose C12H22O11,malt,C00208;C00897,CHEBI:10300;CHEBI:12340;CHEBI:14568;CHEBI:17306;CHEBI:18167;CHEBI:22463;CHEBI:25144;CHEBI:43893;CHEBI:6668,MNXM165,,GUBGYTABKSRVRQ,ok,other_reactant,other_reactant,other_reactant,,,,not_registry_matched,not_assessable,False,2,2
ecoli,malthp_c,Maltoheptaose,malthp,,CHEBI:62010,MNXM61025,,ZHZITDGOAFCURV,ok,other_reactant,other_reactant,other_reactant,,,,not_registry_matched,not_assessable,False,2,2
ecoli,malthx_c,Maltohexaose,malthx,C01936,CHEBI:25141;CHEBI:27445;CHEBI:61953;CHEBI:6667,MNXM1317,,DJMVHSOAUQHPSN,ok,other_reactant,other_reactant,other_reactant,,,,not_registry_matched,not_assessable,False,4,4
ecoli,malthx_e,Maltohexaose,malthx,C01936,CHEBI:25141;CHEBI:27445;CHEBI:61953;CHEBI:6667,MNXM1317,,DJMVHSOAUQHPSN,ok,other_reactant,other_reactant,other_reactant,,,,not_registry_matched,not_assessable,False,1,1
ecoli,malthx_p,Maltohexaose,malthx,C01936,CHEBI:25141;CHEBI:27445;CHEBI:61953;CHEBI:6667,MNXM1317,,DJMVHSOAUQHPSN,ok,other_reactant,other_reactant,other_reactant,,,,not_registry_matched,not_assessable,False,1,1
ecoli,maltpt_c,Maltopentaose,maltpt,,CHEBI:61952;CHEBI:62006,MNXM1538,,FJCUPROCOFFUSR,ok,other_reactant,other_reactant,other_reactant,,,,not_registry_matched,not_assessable,False,4,4
ecoli,maltpt_e,Maltopentaose,maltpt,,CHEBI:61952;CHEBI:62006,MNXM1538,,FJCUPROCOFFUSR,ok,other_reactant,other_reactant,other_reactant,,,,not_registry_matched,not_assessable,False,1,1
ecoli,maltpt_p,Maltopentaose,maltpt,,CHEBI:61952;CHEBI:62006,MNXM1538,,FJCUPROCOFFUSR,ok,other_reactant,other_reactant,other_reactant,,,,not_registry_matched,not_assessable,False,1,1
ecoli,malttr_c,Maltotriose C18H32O16,malttr,C01835,CHEBI:25146;CHEBI:27931;CHEBI:43937;CHEBI:61993;CHEBI:6672,MNXM468,,RXVWSYJTUUKTEA,ok,other_reactant,other_reactant,other_reactant,,,,not_registry_matched,not_assessable,False,2,2
ecoli,malttr_e,Maltotriose C18H32O16,malttr,C01835,CHEBI:25146;CHEBI:27931;CHEBI:43937;CHEBI:61993;CHEBI:6672,MNXM468,,RXVWSYJTUUKTEA,ok,other_reactant,other_reactant,other_reactant,,,,not_registry_matched,not_assessable,False,1,1
ecoli,malttr_p,Maltotriose C18H32O16,malttr,C01835,CHEBI:25146;CHEBI:27931;CHEBI:43937;CHEBI:61993;CHEBI:6672,MNXM468,,RXVWSYJTUUKTEA,ok,other_reactant,other_reactant,other_reactant,,,,not_registry_matched,not_assessable,False,1,1
ecoli,maltttr_c,Maltotetraose,maltttr,C02013;C02052,CHEBI:25145;CHEBI:28460;CHEBI:44299;CHEBI:61988;CHEBI:62974;CHEBI:6671,MNXM5663,,LUEWUZLMQUOBSB,ok,other_reactant,other_reactant,other_reactant,,,,not_registry_matched,not_assessable,False,3,3
ecoli,maltttr_e,Maltotetraose,maltttr,C02013;C02052,CHEBI:25145;CHEBI:28460;CHEBI:44299;CHEBI:61988;CHEBI:62974;CHEBI:6671,MNXM5663,,LUEWUZLMQUOBSB,ok,other_reactant,other_reactant,other_reactant,,,,not_registry_matched,not_assessable,False,1,1
ecoli,maltttr_p,Maltotetraose,maltttr,C02013;C02052,CHEBI:25145;CHEBI:28460;CHEBI:44299;CHEBI:61988;CHEBI:62974;CHEBI:6671,MNXM5663,,LUEWUZLMQUOBSB,ok,other_reactant,other_reactant,other_reactant,,,,not_registry_matched,not_assessable,False,1,1
ecoli,man1p_c,D-Mannose 1-phosphate,man1p,C00636,CHEBI:10261;CHEBI:12327;CHEBI:18205;CHEBI:21058;CHEBI:22404;CHEBI:35374;CHEBI:4210;CHEBI:43854;CHEBI:58409,MNXM721,,HXXFSFRBOHSIMQ,ok,other_reactant,other_reactant,other_reactant,,,,not_registry_matched,not_assessable,False,2,2
ecoli,man6p_c,D-Mannose 6-phosphate,man6p,C00275,CHEBI:13000;CHEBI:17369;CHEBI:4211;CHEBI:48042;CHEBI:48066;CHEBI:58735,MNXM427,,VFRROHXSMXFLSN,ok,other_reactant,other_reactant,other_reactant,,,,not_registry_matched,not_assessable,False,6,6
ecoli,man6p_e,D-Mannose 6-phosphate,man6p,C00275,CHEBI:13000;CHEBI:17369;CHEBI:4211;CHEBI:48042;CHEBI:48066;CHEBI:58735,MNXM427,,VFRROHXSMXFLSN,ok,other_reactant,other_reactant,other_reactant,,,,not_registry_matched,not_assessable,False,4,4
ecoli,man6p_p,D-Mannose 6-phosphate,man6p,C00275,CHEBI:13000;CHEBI:17369;CHEBI:4211;CHEBI:48042;CHEBI:48066;CHEBI:58735,MNXM427,,VFRROHXSMXFLSN,ok,other_reactant,other_reactant,other_reactant,,,,not_registry_matched,not_assessable,False,5,5
ecoli,man6pglyc_c,2(alpha-D-Mannosyl-6-phosphate)-D-glycerate,man6pglyc,C16699,CHEBI:60331;CHEBI:61001,MNXM3470,,BOLXAGHGKNGVBE,ok,other_reactant,other_reactant,other_reactant,,,,not_registry_matched,not_assessable,False,1,1
ecoli,man_e,D-Mannose,man,C00159,CHEBI:12999;CHEBI:14575;CHEBI:16024;CHEBI:21057;CHEBI:33930;CHEBI:37684;CHEBI:4208,MNXM182,,WQZGKKKJIJFFOK,ok,other_reactant,other_reactant,other_reactant,,,,not_registry_matched,not_assessable,False,4,4
ecoli,man_p,D-Mannose,man,C00159,CHEBI:12999;CHEBI:14575;CHEBI:16024;CHEBI:21057;CHEBI:33930;CHEBI:37684;CHEBI:4208,MNXM182,,WQZGKKKJIJFFOK,ok,other_reactant,other_reactant,other_reactant,,,,not_registry_matched,not_assessable,False,5,5
ecoli,mana_c,D-Mannonate,mana,C00514,CHEBI:12998;CHEBI:17767;CHEBI:21052;CHEBI:21053;CHEBI:33076;CHEBI:4206;CHEBI:49545;CHEBI:58654,MNXM1045,,RGHNJXZEOKUKBD,ok,other_reactant,other_reactant,other_reactant,,,,not_registry_matched,not_assessable,False,2,2
ecoli,manglyc_e,2(alpha-D-Mannosyl)-D-glycerate,manglyc,C11544,CHEBI:11403;CHEBI:15847;CHEBI:57541;CHEBI:851,MNXM1624,,DDXCFDOPXBPUJC,ok,other_reactant,other_reactant,other_reactant,,,,not_registry_matched,not_assessable,False,4,4
ecoli,manglyc_p,2(alpha-D-Mannosyl)-D-glycerate,manglyc,C11544,CHEBI:11403;CHEBI:15847;CHEBI:57541;CHEBI:851,MNXM1624,,DDXCFDOPXBPUJC,ok,other_reactant,other_reactant,other_reactant,,,,not_registry_matched,not_assessable,False,5,5
ecoli,mchtbs6p_c,N-monoacetylchitobiose 6'-phosphate,mchtbs6p,,,,,YSOAJKLNVFWXBW,ok,other_reactant,other_reactant,other_reactant,,,,not_registry_matched,not_assessable,False,1,1
ecoli,mdhdhf_c,"(2R,4S)-2-methyl-2,4-dihydroxydihydrofuran-3-one",mdhdhf,,CHEBI:71316,MNXM9407,,CCVJVKWZZMMBHB,ok,other_reactant,other_reactant,other_reactant,,,,not_registry_matched,not_assessable,False,1,1
ecoli,melib_c,Melibiose C12H22O11,melib,C05402,CHEBI:20943;CHEBI:25182;CHEBI:28053;CHEBI:60170;CHEBI:61827;CHEBI:6733,MNXM1434,,DLRVVLDZNNYCBX,ok,other_reactant,other_reactant,other_reactant,,,,not_registry_matched,not_assessable,False,2,2
ecoli,melib_e,Melibiose C12H22O11,melib,C05402,CHEBI:20943;CHEBI:25182;CHEBI:28053;CHEBI:60170;CHEBI:61827;CHEBI:6733,MNXM1434,,DLRVVLDZNNYCBX,ok,other_reactant,other_reactant,other_reactant,,,,not_registry_matched,not_assessable,False,4,4
ecoli,melib_p,Melibiose C12H22O11,melib,C05402,CHEBI:20943;CHEBI:25182;CHEBI:28053;CHEBI:60170;CHEBI:61827;CHEBI:6733,MNXM1434,,DLRVVLDZNNYCBX,ok,other_reactant,other_reactant,other_reactant,,,,not_registry_matched,not_assessable,False,6,6
ecoli,meoh_c,Methanol,meoh,C00132,CHEBI:14588;CHEBI:17790;CHEBI:25227;CHEBI:44080;CHEBI:44553;CHEBI:52090;CHEBI:6816,MNXM157,,OKKJLVBELUTLKV,ok,other_reactant,other_reactant,other_reactant,,,,not_registry_matched,not_assessable,False,1,1
ecoli,meoh_e,Methanol,meoh,C00132,CHEBI:14588;CHEBI:17790;CHEBI:25227;CHEBI:44080;CHEBI:44553;CHEBI:52090;CHEBI:6816,MNXM157,,OKKJLVBELUTLKV,ok,other_reactant,other_reactant,other_reactant,,,,not_registry_matched,not_assessable,False,4,4
ecoli,meoh_p,Methanol,meoh,C00132,CHEBI:14588;CHEBI:17790;CHEBI:25227;CHEBI:44080;CHEBI:44553;CHEBI:52090;CHEBI:6816,MNXM157,,OKKJLVBELUTLKV,ok,other_reactant,other_reactant,other_reactant,,,,not_registry_matched,not_assessable,False,5,5
ecoli,mepn_c,Methylphosphonic acid,mepn,,,,,YACKEPLHDIMKIO,ok,other_reactant,other_reactant,other_reactant,,,,not_registry_matched,not_assessable,False,1,1
ecoli,mepn_e,Methylphosphonic acid,mepn,,,,,YACKEPLHDIMKIO,ok,other_reactant,other_reactant,other_reactant,,,,not_registry_matched,not_assessable,False,4,4
ecoli,mepn_p,Methylphosphonic acid,mepn,,,,,YACKEPLHDIMKIO,ok,other_reactant,other_reactant,other_reactant,,,,not_registry_matched,not_assessable,False,5,5
ecoli,mercppyr_c,Mercaptopyruvate,mercppyr,C00957,CHEBI:11847;CHEBI:14583;CHEBI:16208;CHEBI:20103;CHEBI:20104;CHEBI:57678;CHEBI:6767,MNXM1214,,OJOLFAIGOXZBCI,ok,other_reactant,other_reactant,other_reactant,,,,not_registry_matched,not_assessable,False,1,1
ecoli,met__D_e,D-Methionine,met__D,C00855,CHEBI:13005;CHEBI:16867;CHEBI:21065;CHEBI:32637;CHEBI:32638;CHEBI:4215;CHEBI:44071;CHEBI:57932,MNXM1275,,FFEARJCKVFRZRR,ok,other_reactant,other_reactant,other_reactant,,,,not_registry_matched,not_assessable,False,4,4
ecoli,met__D_p,D-Methionine,met__D,C00855,CHEBI:13005;CHEBI:16867;CHEBI:21065;CHEBI:32637;CHEBI:32638;CHEBI:4215;CHEBI:44071;CHEBI:57932,MNXM1275,,FFEARJCKVFRZRR,ok,other_reactant,other_reactant,other_reactant,,,,not_registry_matched,not_assessable,False,5,5
ecoli,met__L_c,L-Methionine,met__L,C00073;C01733,CHEBI:13141;CHEBI:14590;CHEBI:16643;CHEBI:16811;CHEBI:21360;CHEBI:25229;CHEBI:32631;CHEBI:32632;CHEBI:32644;CHEBI:32646;CHEBI:43990;CHEBI:57844;CHEBI:6271;CHEBI:64558;CHEBI:6829,MNXM61,,FFEARJCKVFRZRR,ok,other_reactant,other_reactant,other_reactant,,,,not_registry_matched,not_assessable,False,6,6
ecoli,met__L_e,L-Methionine,met__L,C00073;C01733,CHEBI:13141;CHEBI:14590;CHEBI:16643;CHEBI:16811;CHEBI:21360;CHEBI:25229;CHEBI:32631;CHEBI:32632;CHEBI:32644;CHEBI:32646;CHEBI:43990;CHEBI:57844;CHEBI:6271;CHEBI:64558;CHEBI:6829,MNXM61,,FFEARJCKVFRZRR,ok,other_reactant,other_reactant,other_reactant,,,,not_registry_matched,not_assessable,False,4,4
ecoli,met__L_p,L-Methionine,met__L,C00073;C01733,CHEBI:13141;CHEBI:14590;CHEBI:16643;CHEBI:16811;CHEBI:21360;CHEBI:25229;CHEBI:32631;CHEBI:32632;CHEBI:32644;CHEBI:32646;CHEBI:43990;CHEBI:57844;CHEBI:6271;CHEBI:64558;CHEBI:6829,MNXM61,,FFEARJCKVFRZRR,ok,other_reactant,other_reactant,other_reactant,,,,not_registry_matched,not_assessable,False,5,5
ecoli,metglcur_c,1-O-methyl-Beta-D-glucuronate,metglcur,,,,,,missing_smiles,other_reactant,other_reactant,other_reactant,,,,not_registry_matched,not_assessable,False,1,1
ecoli,metglcur_e,1-O-methyl-Beta-D-glucuronate,metglcur,,,,,,missing_smiles,other_reactant,other_reactant,other_reactant,,,,not_registry_matched,not_assessable,False,4,4
ecoli,metglcur_p,1-O-methyl-Beta-D-glucuronate,metglcur,,,,,,missing_smiles,other_reactant,other_reactant,other_reactant,,,,not_registry_matched,not_assessable,False,5,5
ecoli,methf_c,"5,10-Methenyltetrahydrofolate",methf,C00445,CHEBI:12068;CHEBI:12069;CHEBI:15638;CHEBI:1987;CHEBI:57455,MNXM511,,MEANFMOQMXYMCT,ok,other_reactant,other_reactant,other_reactant,,,,not_registry_matched,not_assessable,False,3,3
ecoli,metsox_R__L_c,L-methionine-R-sulfoxide,metsox_R__L,C02989;C15998;C15999,CHEBI:13142;CHEBI:17016;CHEBI:21361;CHEBI:49031;CHEBI:49032;CHEBI:58772;CHEBI:58773;CHEBI:6272,MNXM2246,,QEFRNWWLZKMPFJ,ok,other_reactant,other_reactant,other_reactant,,,,not_registry_matched,not_assessable,False,4,4
ecoli,metsox_R__L_e,L-methionine-R-sulfoxide,metsox_R__L,C02989;C15998;C15999,CHEBI:13142;CHEBI:17016;CHEBI:21361;CHEBI:49031;CHEBI:49032;CHEBI:58772;CHEBI:58773;CHEBI:6272,MNXM2246,,QEFRNWWLZKMPFJ,ok,other_reactant,other_reactant,other_reactant,,,,not_registry_matched,not_assessable,False,4,4
ecoli,metsox_R__L_p,L-methionine-R-sulfoxide,metsox_R__L,C02989;C15998;C15999,CHEBI:13142;CHEBI:17016;CHEBI:21361;CHEBI:49031;CHEBI:49032;CHEBI:58772;CHEBI:58773;CHEBI:6272,MNXM2246,,QEFRNWWLZKMPFJ,ok,other_reactant,other_reactant,other_reactant,,,,not_registry_matched,not_assessable,False,4,4
ecoli,metsox_S__L_c,L-Methionine Sulfoxide,metsox_S__L,C02989;C15998;C15999,CHEBI:13142;CHEBI:17016;CHEBI:21361;CHEBI:49031;CHEBI:49032;CHEBI:58772;CHEBI:58773;CHEBI:6272,MNXM2246,,QEFRNWWLZKMPFJ,ok,other_reactant,other_reactant,other_reactant,,,,not_registry_matched,not_assessable,False,4,4
ecoli,metsox_S__L_e,L-Methionine Sulfoxide,metsox_S__L,C02989;C15998;C15999,CHEBI:13142;CHEBI:17016;CHEBI:21361;CHEBI:49031;CHEBI:49032;CHEBI:58772;CHEBI:58773;CHEBI:6272,MNXM2246,,QEFRNWWLZKMPFJ,ok,other_reactant,other_reactant,other_reactant,,,,not_registry_matched,not_assessable,False,4,4
ecoli,metsox_S__L_p,L-Methionine Sulfoxide,metsox_S__L,C02989;C15998;C15999,CHEBI:13142;CHEBI:17016;CHEBI:21361;CHEBI:49031;CHEBI:49032;CHEBI:58772;CHEBI:58773;CHEBI:6272,MNXM2246,,QEFRNWWLZKMPFJ,ok,other_reactant,other_reactant,other_reactant,,,,not_registry_matched,not_assessable,False,4,4
ecoli,mg2_e,Magnesium,mg2,C00305;C07755;C07876;C12567,CHEBI:13379;CHEBI:18420;CHEBI:25112;CHEBI:39127;CHEBI:49736;CHEBI:6635,MNXM653,,JLVVSXFLKOJNIY,ok,other_reactant,other_reactant,other_reactant,,,,not_registry_matched,not_assessable,False,4,4
ecoli,mg2_p,Magnesium,mg2,C00305;C07755;C07876;C12567,CHEBI:13379;CHEBI:18420;CHEBI:25112;CHEBI:39127;CHEBI:49736;CHEBI:6635,MNXM653,,JLVVSXFLKOJNIY,ok,other_reactant,other_reactant,other_reactant,,,,not_registry_matched,not_assessable,False,6,6
ecoli,mi1p__D_c,1D-myo-Inositol 1-phosphate,mi1p__D,C01177,CHEBI:11220;CHEBI:11354;CHEBI:12828;CHEBI:12895;CHEBI:18297;CHEBI:19207;CHEBI:43432;CHEBI:58433;CHEBI:818,MNXM646,,INAPMGSXUVUWAF,ok,other_reactant,other_reactant,other_reactant,,,,not_registry_matched,not_assessable,False,1,1
ecoli,micit_c,Methylisocitrate,micit,C04593,CHEBI:10869;CHEBI:15607;CHEBI:18550;CHEBI:189;CHEBI:57429,MNXM1694,,HHKPKXCSHMJWCF,ok,other_reactant,other_reactant,other_reactant,,,,not_registry_matched,not_assessable,False,2,2
ecoli,mincyc_e,Minocycline,mincyc,C07225,CHEBI:44053;CHEBI:50694;CHEBI:6939;CHEBI:71337;CHEBI:77906,MNXM128081,,IGKWNHPJTIEYSS,ok,other_reactant,other_reactant,other_reactant,,,,not_registry_matched,not_assessable,False,4,4
ecoli,mincyc_p,Minocycline,mincyc,C07225,CHEBI:44053;CHEBI:50694;CHEBI:6939;CHEBI:71337;CHEBI:77906,MNXM128081,,IGKWNHPJTIEYSS,ok,other_reactant,other_reactant,other_reactant,,,,not_registry_matched,not_assessable,False,6,6
ecoli,minohp_p,Myo-Inositol hexakisphosphate,minohp,C01204,CHEBI:10603;CHEBI:11366;CHEBI:12829;CHEBI:12832;CHEBI:17401;CHEBI:19200;CHEBI:58130,MNXM491,,IMQLKJBTEOYOSI,ok,other_reactant,other_reactant,other_reactant,,,,not_registry_matched,not_assessable,False,1,1
ecoli,mlthf_c,"5,10-Methylenetetrahydrofolate",mlthf,C00143,CHEBI:10925;CHEBI:15636;CHEBI:18602;CHEBI:1989,MNXM183,,QYNUQALWYRSVHF,ok,other_reactant,other_reactant,other_reactant,,,,not_registry_matched,not_assessable,False,5,5
ecoli,mmcoa__S_c,(S)-Methylmalonyl-CoA,mmcoa__S,C00683,CHEBI:11038;CHEBI:11068;CHEBI:15466;CHEBI:18742;CHEBI:384;CHEBI:43874;CHEBI:57327,MNXM89955,,MZFOKIKEPGUZEN,ok,carrier_linked_metabolite,carrier_linked_metabolite,carrier_linked_variable,,normalized_name:coa_linked,normalized_name,name_only,not_assessable,False,1,1
ecoli,mmet_c,S-Methyl-L-methionine,mmet,C03172,CHEBI:12772;CHEBI:17728;CHEBI:22057;CHEBI:58252;CHEBI:67050;CHEBI:8965,MNXM1119,,YDBYJHTYSHBBAU,ok,other_reactant,other_reactant,other_reactant,,,,not_registry_matched,not_assessable,False,1,1
ecoli,mmet_e,S-Methyl-L-methionine,mmet,C03172,CHEBI:12772;CHEBI:17728;CHEBI:22057;CHEBI:58252;CHEBI:67050;CHEBI:8965,MNXM1119,,YDBYJHTYSHBBAU,ok,other_reactant,other_reactant,other_reactant,,,,not_registry_matched,not_assessable,False,4,4
ecoli,mmet_p,S-Methyl-L-methionine,mmet,C03172,CHEBI:12772;CHEBI:17728;CHEBI:22057;CHEBI:58252;CHEBI:67050;CHEBI:8965,MNXM1119,,YDBYJHTYSHBBAU,ok,other_reactant,other_reactant,other_reactant,,,,not_registry_matched,not_assessable,False,5,5
ecoli,mn2_c,Manganese,mn2,C19610,CHEBI:21435;CHEBI:25156;CHEBI:29035;CHEBI:49749,MNXM2255,,WAEMQWOKJMHJLA,ok,other_reactant,other_reactant,other_reactant,,,,not_registry_matched,not_assessable,False,3,3
ecoli,mn2_e,Manganese,mn2,C19610,CHEBI:21435;CHEBI:25156;CHEBI:29035;CHEBI:49749,MNXM2255,,WAEMQWOKJMHJLA,ok,other_reactant,other_reactant,other_reactant,,,,not_registry_matched,not_assessable,False,4,4
ecoli,mn2_p,Manganese,mn2,C19610,CHEBI:21435;CHEBI:25156;CHEBI:29035;CHEBI:49749,MNXM2255,,WAEMQWOKJMHJLA,ok,other_reactant,other_reactant,other_reactant,,,,not_registry_matched,not_assessable,False,6,6
ecoli,mnl1p_c,D-Mannitol 1-phosphate,mnl1p,C00644,CHEBI:12997;CHEBI:16298;CHEBI:21051;CHEBI:4205;CHEBI:61381,MNXM90126,,GACTWZZMVMUKNG,ok,other_reactant,other_reactant,other_reactant,,,,not_registry_matched,not_assessable,False,1,1
ecoli,mnl_e,D-Mannitol,mnl,C00392,CHEBI:12996;CHEBI:130180;CHEBI:14574;CHEBI:16899;CHEBI:21050;CHEBI:25163;CHEBI:29864;CHEBI:44192;CHEBI:6686,MNXM615,,FBPFZTCFMRRESA,ok,other_reactant,other_reactant,other_reactant,,,,not_registry_matched,not_assessable,False,4,4
ecoli,mnl_p,D-Mannitol,mnl,C00392,CHEBI:12996;CHEBI:130180;CHEBI:14574;CHEBI:16899;CHEBI:21050;CHEBI:25163;CHEBI:29864;CHEBI:44192;CHEBI:6686,MNXM615,,FBPFZTCFMRRESA,ok,other_reactant,other_reactant,other_reactant,,,,not_registry_matched,not_assessable,False,7,7
ecoli,moadamp_c,MoaD Protein with bound AMP,moadamp,,,MNXM148352,,,missing_smiles,other_reactant,other_reactant,other_reactant,,,,not_registry_matched,not_assessable,False,1,1
ecoli,moadcoo_c,MoaD Protein with carboxylate,moadcoo,,,MNXM148353,,,missing_smiles,other_reactant,other_reactant,other_reactant,,,,not_registry_matched,not_assessable,False,1,1
ecoli,moadcosh_c,MoaD Protein with thiocarboxylate,moadcosh,,,MNXM148354,,,missing_smiles,other_reactant,other_reactant,other_reactant,,,,not_registry_matched,not_assessable,False,1,1
ecoli,mobd_c,Molybdate,mobd,C06232;C15455,CHEBI:25368;CHEBI:25371;CHEBI:36263;CHEBI:36264;CHEBI:6967,MNXM1026,,LTMPXFQHAIMAPA,ok,other_reactant,other_reactant,other_reactant,,,,not_registry_matched,not_assessable,False,1,1
ecoli,mobd_e,Molybdate,mobd,C06232;C15455,CHEBI:25368;CHEBI:25371;CHEBI:36263;CHEBI:36264;CHEBI:6967,MNXM1026,,LTMPXFQHAIMAPA,ok,other_reactant,other_reactant,other_reactant,,,,not_registry_matched,not_assessable,False,4,4
ecoli,mobd_p,Molybdate,mobd,C06232;C15455,CHEBI:25368;CHEBI:25371;CHEBI:36263;CHEBI:36264;CHEBI:6967,MNXM1026,,LTMPXFQHAIMAPA,ok,other_reactant,other_reactant,other_reactant,,,,not_registry_matched,not_assessable,False,7,7
ecoli,moco_c,Molybdenum cofactor,moco,,CHEBI:60525;CHEBI:79026,MNXM62305,,HPEUEJRPDGMIMY,ok,other_reactant,other_reactant,other_reactant,,,,not_registry_matched,not_assessable,False,3,3
ecoli,mpt_c,Molybdopterin,mpt,C05924,CHEBI:44067;CHEBI:44074;CHEBI:58698;CHEBI:6969,MNXM1193,,HPEUEJRPDGMIMY,ok,other_reactant,other_reactant,other_reactant,,,,not_registry_matched,not_assessable,False,1,1
ecoli,mptamp_c,Adenylated molybdopterin,mptamp,C19848,CHEBI:62727;CHEBI:62728,MNXM3054,,XJXFAXLUOKQPAQ,ok,other_reactant,other_reactant,other_reactant,,,,not_registry_matched,not_assessable,False,4,4
ecoli,mql8_c,Menaquinol 8,mql8,,CHEBI:61684,MNXM223,,OIEZRVBFVPGODT,ok,other_reactant,other_reactant,other_reactant,,,,not_registry_matched,not_assessable,False,15,15
ecoli,mqn8_c,Menaquinone 8,mqn8,,CHEBI:44027,MNXM509,,LXKDFTDVRVLXFY,ok,other_reactant,other_reactant,other_reactant,,,,not_registry_matched,not_assessable,False,18,18
ecoli,msa_c,Malonate semialdehyde,msa,C00222;C12069,CHEBI:11877;CHEBI:14564;CHEBI:1651;CHEBI:17960;CHEBI:20180;CHEBI:29480;CHEBI:33190,MNXM244,,OAKURXIZZOAYBC,ok,other_reactant,other_reactant,other_reactant,,,,not_registry_matched,not_assessable,False,2,2
ecoli,mso3_c,Methanesulfonate,mso3,C11145,CHEBI:25224;CHEBI:27376;CHEBI:6813,MNXM1485,,AFVFQIVMOAPDHO,ok,other_reactant,other_reactant,other_reactant,,,,not_registry_matched,not_assessable,False,1,1
ecoli,mso3_e,Methanesulfonate,mso3,C11145,CHEBI:25224;CHEBI:27376;CHEBI:6813,MNXM1485,,AFVFQIVMOAPDHO,ok,other_reactant,other_reactant,other_reactant,,,,not_registry_matched,not_assessable,False,4,4
ecoli,mso3_p,Methanesulfonate,mso3,C11145,CHEBI:25224;CHEBI:27376;CHEBI:6813,MNXM1485,,AFVFQIVMOAPDHO,ok,other_reactant,other_reactant,other_reactant,,,,not_registry_matched,not_assessable,False,5,5
ecoli,mthgxl_c,Methylglyoxal,mthgxl,C00546,CHEBI:11643;CHEBI:14599;CHEBI:17158;CHEBI:25303;CHEBI:6875,MNXM310,,AIJULSRZWUXGPQ,ok,other_reactant,other_reactant,other_reactant,,,,not_registry_matched,not_assessable,False,8,8
ecoli,mththf_c,"(2R,4S)-2-methyl-2,3,3,4-tetrahydroxytetrahydrofuran",mththf,C21382,CHEBI:44800,MNXM30887,,BVIYGXUQVXBHQS,ok,other_reactant,other_reactant,other_reactant,,,,not_registry_matched,not_assessable,False,1,1
ecoli,mththf_e,"(2R,4S)-2-methyl-2,3,3,4-tetrahydroxytetrahydrofuran",mththf,C21382,CHEBI:44800,MNXM30887,,BVIYGXUQVXBHQS,ok,other_reactant,other_reactant,other_reactant,,,,not_registry_matched,not_assessable,False,4,4
ecoli,mththf_p,"(2R,4S)-2-methyl-2,3,3,4-tetrahydroxytetrahydrofuran",mththf,C21382,CHEBI:44800,MNXM30887,,BVIYGXUQVXBHQS,ok,other_reactant,other_reactant,other_reactant,,,,not_registry_matched,not_assessable,False,5,5
ecoli,murein3p3p_p,"Two linked disacharide tripeptide murein units (uncrosslinked, middle of chain)",murein3p3p,,,MNXM88348,,QKZNHGKXDALVQW,ok,other_reactant,other_reactant,other_reactant,,,,not_registry_matched,not_assessable,False,8,8
ecoli,murein3px3p_p,"Two disacharide linked murein units, tripeptide crosslinked tripeptide (A2pm->A2pm) (middle of chain)",murein3px3p,,,MNXM88342,,IYFHCENFVZTZLO,ok,other_reactant,other_reactant,other_reactant,,,,not_registry_matched,not_assessable,False,1,1
ecoli,murein3px4p_p,"Two disacharide linked murein units, tripeptide crosslinked tetrapeptide (A2pm->D-ala) (middle of chain)",murein3px4p,,,MNXM88341,,LOVDDQLBOGPFKC,ok,other_reactant,other_reactant,other_reactant,,,,not_registry_matched,not_assessable,False,7,7
ecoli,murein4p3p_p,"Two linked disacharide tetrapeptide and tripeptide murein units (uncrosslinked, middle of chain)",murein4p3p,,,MNXM88346,,AKLORNSFZCNZDU,ok,other_reactant,other_reactant,other_reactant,,,,not_registry_matched,not_assessable,False,13,13
ecoli,murein4p4p_p,"Two linked disacharide tetrapeptide murein units (uncrosslinked, middle of chain)",murein4p4p,,,MNXM88347,,VTZDBMVDVOTCFD,ok,other_reactant,other_reactant,other_reactant,,,,not_registry_matched,not_assessable,False,13,13
ecoli,murein4px4p4p_p,"Three disacharide linked murein units (tetrapeptide crosslinked tetrapeptide (A2pm->D-ala), one uncrosslinked tetrapaptide) (middle of chain)",murein4px4p4p,,,MNXM87122,,NPJMJVATSCHTAI,ok,other_reactant,other_reactant,other_reactant,,,,not_registry_matched,not_assessable,False,8,8
ecoli,murein4px4p_p,"Two disacharide linked murein units, tetrapeptide corsslinked tetrapeptide (A2pm->D-ala) (middle of chain)",murein4px4p,,,MNXM5316,,,missing_smiles,other_reactant,other_reactant,other_reactant,,,,not_registry_matched,not_assessable,False,7,7
ecoli,murein4px4px4p_p,Three disacharide linked murein units (tetrapeptide crosslinked tetrapeptide (A2pm->D-ala) & tetrapeptide corsslinked tetrapeptide (A2pm->D-ala)) (middle of chain),murein4px4px4p,,,MNXM6451,,,missing_smiles,other_reactant,other_reactant,other_reactant,,,,not_registry_matched,not_assessable,False,7,7
ecoli,murein5p3p_p,"Two linked disacharide pentapeptide and tripeptide murein units (uncrosslinked, middle of chain)",murein5p3p,,,MNXM5972,,SBOXLYQXPDGZLN,ok,other_reactant,other_reactant,other_reactant,,,,not_registry_matched,not_assessable,False,6,6
ecoli,murein5p4p_p,"Two linked disacharide pentapeptide and tetrapeptide murein units (uncrosslinked, middle of chain)",murein5p4p,,,MNXM5971,,YJNGRCZHKAYCMA,ok,other_reactant,other_reactant,other_reactant,,,,not_registry_matched,not_assessable,False,6,6
ecoli,murein5p5p5p_p,"Three linked disacharide pentapeptide murein units (uncrosslinked, middle of chain)",murein5p5p5p,,,MNXM7807,,FOZGDVCGOFWZKF,ok,other_reactant,other_reactant,other_reactant,,,,not_registry_matched,not_assessable,False,2,2
ecoli,murein5p5p_p,"Two linked disacharide pentapeptide murein units (uncrosslinked, middle of chain)",murein5p5p,,,MNXM88345,,WSONNHVKPYOZEY,ok,other_reactant,other_reactant,other_reactant,,,,not_registry_matched,not_assessable,False,19,19
ecoli,murein5px3p_p,"Two disacharide linked murein units, pentapeptide corsslinked tripeptide (A2pm->A2pm) (middle of chain)",murein5px3p,,,MNXM5970,,,missing_smiles,other_reactant,other_reactant,other_reactant,,,,not_registry_matched,not_assessable,False,6,6
ecoli,murein5px4p_p,"Two disacharide linked murein units, pentapeptide crosslinked tetrapeptide (A2pm->D-ala) (middle of chain)",murein5px4p,,,MNXM88338,,NQXCJQVWBSGGNW,ok,other_reactant,other_reactant,other_reactant,,,,not_registry_matched,not_assessable,False,18,18
ecoli,murein5px4px4p_p,Three disacharide linked murein units (pentapeptide crosslinked tetrapeptide (A2pm->D-ala) tetrapeptide corsslinked tetrapeptide (A2pm->D-ala)) (middle of chain),murein5px4px4p,,,MNXM87121,,UVVIMBIDZMDRCG,ok,other_reactant,other_reactant,other_reactant,,,,not_registry_matched,not_assessable,False,6,6
ecoli,myrsACP_c,Myristoyl-ACP (n-C14:0ACP),myrsACP,,,MNXM89779,,,inchikey_unavailable,other_reactant,other_reactant,other_reactant,,,,not_registry_matched,not_assessable,False,8,8
ecoli,n2o_c,Nitrous oxide,n2o,C00887,CHEBI:14661;CHEBI:17045;CHEBI:25568;CHEBI:44250;CHEBI:7598,MNXM579,,GQPLMRYTRLFLPF,ok,other_reactant,other_reactant,other_reactant,,,,not_registry_matched,not_assessable,False,1,1
ecoli,n2o_e,Nitrous oxide,n2o,C00887,CHEBI:14661;CHEBI:17045;CHEBI:25568;CHEBI:44250;CHEBI:7598,MNXM579,,GQPLMRYTRLFLPF,ok,other_reactant,other_reactant,other_reactant,,,,not_registry_matched,not_assessable,False,4,4
ecoli,n2o_p,Nitrous oxide,n2o,C00887,CHEBI:14661;CHEBI:17045;CHEBI:25568;CHEBI:44250;CHEBI:7598,MNXM579,,GQPLMRYTRLFLPF,ok,other_reactant,other_reactant,other_reactant,,,,not_registry_matched,not_assessable,False,5,5
ecoli,na1_c,Sodium,na1,C01330;C14042,CHEBI:26717;CHEBI:29101;CHEBI:49766;CHEBI:9175,MNXM27,,FKNQFGJONOIPTF,ok,other_reactant,other_reactant,other_reactant,,,,not_registry_matched,not_assessable,False,5,5
ecoli,na1_e,Sodium,na1,C01330;C14042,CHEBI:26717;CHEBI:29101;CHEBI:49766;CHEBI:9175,MNXM27,,FKNQFGJONOIPTF,ok,other_reactant,other_reactant,other_reactant,,,,not_registry_matched,not_assessable,False,4,4
ecoli,na1_p,Sodium,na1,C01330;C14042,CHEBI:26717;CHEBI:29101;CHEBI:49766;CHEBI:9175,MNXM27,,FKNQFGJONOIPTF,ok,other_reactant,other_reactant,other_reactant,,,,not_registry_matched,not_assessable,False,17,17
ecoli,nac_c,Nicotinate,nac,C00253,CHEBI:14650;CHEBI:15940;CHEBI:22851;CHEBI:25530;CHEBI:25538;CHEBI:32544;CHEBI:44319;CHEBI:7559,MNXM274,,PVNIIMVLHYAWGP,ok,other_reactant,other_reactant,other_reactant,,,,not_registry_matched,not_assessable,False,1,1
ecoli,nac_e,Nicotinate,nac,C00253,CHEBI:14650;CHEBI:15940;CHEBI:22851;CHEBI:25530;CHEBI:25538;CHEBI:32544;CHEBI:44319;CHEBI:7559,MNXM274,,PVNIIMVLHYAWGP,ok,other_reactant,other_reactant,other_reactant,,,,not_registry_matched,not_assessable,False,4,4
ecoli,nac_p,Nicotinate,nac,C00253,CHEBI:14650;CHEBI:15940;CHEBI:22851;CHEBI:25530;CHEBI:25538;CHEBI:32544;CHEBI:44319;CHEBI:7559,MNXM274,,PVNIIMVLHYAWGP,ok,other_reactant,other_reactant,other_reactant,,,,not_registry_matched,not_assessable,False,4,4
ecoli,nad_c,Nicotinamide adenine dinucleotide,nad,C00003,CHEBI:13393;CHEBI:13394;CHEBI:15846;CHEBI:21901;CHEBI:29867;CHEBI:44214;CHEBI:44215;CHEBI:44281;CHEBI:57540;CHEBI:7422,MNXM8,,BAWFJGJZGIEFAR,ok,redox_cofactor,redox_cofactor,currency_or_cofactor,NAD,normalized_name;bigg_ids:nad;kegg_ids:c00003;chebi_ids:chebi:57540;metanetx_ids:mnxm8;inchikey_connectivity:bawfjgjzgiefar,normalized_name;bigg_ids;kegg_ids;chebi_ids;metanetx_ids;inchikey_connectivity,multiple_evidence_types,consistent,False,90,90
ecoli,nadh_c,Nicotinamide adenine dinucleotide - reduced,nadh,C00004,CHEBI:13395;CHEBI:13396;CHEBI:16908;CHEBI:21902;CHEBI:44216;CHEBI:57945;CHEBI:7423,MNXM10,,BOPGDPNILDQYTO,ok,redox_cofactor,redox_cofactor,currency_or_cofactor,NADH,normalized_name;bigg_ids:nadh;kegg_ids:c00004;chebi_ids:chebi:57945;metanetx_ids:mnxm10;inchikey_connectivity:bopgdpnildqyto,normalized_name;bigg_ids;kegg_ids;chebi_ids;metanetx_ids;inchikey_connectivity,multiple_evidence_types,consistent,False,110,110
ecoli,nadhx__R_c,(R)-NADHX,nadhx__R,,,,,IDBZKGQRLBFUFQ,ok,other_reactant,other_reactant,other_reactant,,,,not_registry_matched,not_assessable,False,1,1
ecoli,nadhx__S_c,"Adenosine 5'-(3-{5-[(2S)-5-carbamoyl-2-hydroxy-3,4-dihydropyridin-1-yl]-5-deoxy-?-D-ribofuranosyl} dihydrogen diphosphate)",nadhx__S,,,,,,missing_smiles,other_reactant,other_reactant,other_reactant,,,,not_registry_matched,not_assessable,False,2,2
ecoli,nadp_c,Nicotinamide adenine dinucleotide phosphate,nadp,C00006,CHEBI:13397;CHEBI:13398;CHEBI:18009;CHEBI:21903;CHEBI:25523;CHEBI:29868;CHEBI:44405;CHEBI:44409;CHEBI:58349;CHEBI:7424,MNXM5,,XJLXINKUBYWONI,ok,redox_cofactor,redox_cofactor,currency_or_cofactor,NADP,normalized_name;bigg_ids:nadp;kegg_ids:c00006;chebi_ids:chebi:58349;metanetx_ids:mnxm5;inchikey_connectivity:xjlxinkubywoni,normalized_name;bigg_ids;kegg_ids;chebi_ids;metanetx_ids;inchikey_connectivity,multiple_evidence_types,consistent,False,44,44
ecoli,nadph_c,Nicotinamide adenine dinucleotide phosphate - reduced,nadph,C00005,CHEBI:13399;CHEBI:13400;CHEBI:16474;CHEBI:21904;CHEBI:44286;CHEBI:57783;CHEBI:7425,MNXM6,,ACFIXJIJDZMPPO,ok,redox_cofactor,redox_cofactor,currency_or_cofactor,NADPH,normalized_name;bigg_ids:nadph;kegg_ids:c00005;chebi_ids:chebi:57783;metanetx_ids:mnxm6;inchikey_connectivity:acfixjijdzmppo,normalized_name;bigg_ids;kegg_ids;chebi_ids;metanetx_ids;inchikey_connectivity,multiple_evidence_types,consistent,False,115,115
ecoli,nadphx__R_c,(R)-NADPHX,nadphx__R,,,,,SZKXTJUOKARGIY,ok,other_reactant,other_reactant,other_reactant,,,,not_registry_matched,not_assessable,False,1,1
ecoli,nadphx__S_c,(S)-NADPHX,nadphx__S,,,,,SZKXTJUOKARGIY,ok,other_reactant,other_reactant,other_reactant,,,,not_registry_matched,not_assessable,False,2,2
ecoli,ncam_c,Nicotinamide,ncam,C00153,CHEBI:14645;CHEBI:17154;CHEBI:25521;CHEBI:44258;CHEBI:7556,MNXM216,,DFPAKSUCGFBDDF,ok,other_reactant,other_reactant,other_reactant,,,,not_registry_matched,not_assessable,False,1,1
ecoli,nh4_c,Ammonium,nh4,C00014;C01342,CHEBI:13405;CHEBI:13406;CHEBI:13407;CHEBI:135980;CHEBI:13771;CHEBI:16134;CHEBI:22533;CHEBI:22534;CHEBI:28938;CHEBI:29337;CHEBI:29340;CHEBI:44269;CHEBI:44284;CHEBI:44404;CHEBI:49783;CHEBI:7434;CHEBI:7435,MNXM15,,QGZKDVFQNNGYKY,ok,nitrogen_currency,nitrogen_currency,currency_or_cofactor,ammonium,normalized_name;bigg_ids:nh4;kegg_ids:c00014;chebi_ids:chebi:28938;metanetx_ids:mnxm15;inchikey_connectivity:qgzkdvfqnngyky,normalized_name;bigg_ids;kegg_ids;chebi_ids;metanetx_ids;inchikey_connectivity,multiple_evidence_types,consistent,False,11,11
ecoli,nh4_e,Ammonium,nh4,C00014;C01342,CHEBI:13405;CHEBI:13406;CHEBI:13407;CHEBI:135980;CHEBI:13771;CHEBI:16134;CHEBI:22533;CHEBI:22534;CHEBI:28938;CHEBI:29337;CHEBI:29340;CHEBI:44269;CHEBI:44284;CHEBI:44404;CHEBI:49783;CHEBI:7434;CHEBI:7435,MNXM15,,QGZKDVFQNNGYKY,ok,nitrogen_currency,nitrogen_currency,currency_or_cofactor,ammonium,normalized_name;bigg_ids:nh4;kegg_ids:c00014;chebi_ids:chebi:28938;metanetx_ids:mnxm15;inchikey_connectivity:qgzkdvfqnngyky,normalized_name;bigg_ids;kegg_ids;chebi_ids;metanetx_ids;inchikey_connectivity,multiple_evidence_types,consistent,False,4,4
ecoli,nh4_p,Ammonium,nh4,C00014;C01342,CHEBI:13405;CHEBI:13406;CHEBI:13407;CHEBI:135980;CHEBI:13771;CHEBI:16134;CHEBI:22533;CHEBI:22534;CHEBI:28938;CHEBI:29337;CHEBI:29340;CHEBI:44269;CHEBI:44284;CHEBI:44404;CHEBI:49783;CHEBI:7434;CHEBI:7435,MNXM15,,QGZKDVFQNNGYKY,ok,nitrogen_currency,nitrogen_currency,currency_or_cofactor,ammonium,normalized_name;bigg_ids:nh4;kegg_ids:c00014;chebi_ids:chebi:28938;metanetx_ids:mnxm15;inchikey_connectivity:qgzkdvfqnngyky,normalized_name;bigg_ids;kegg_ids;chebi_ids;metanetx_ids;inchikey_connectivity,multiple_evidence_types,consistent,False,6,6
ecoli,ni2_c,Nickel,ni2,C14711;C19609,CHEBI:25517;CHEBI:49785;CHEBI:49786,MNXM3673,,PXHVJJICTQNCMI,ok,other_reactant,other_reactant,other_reactant,,,,not_registry_matched,not_assessable,False,3,3
ecoli,ni2_e,Nickel,ni2,C14711;C19609,CHEBI:25517;CHEBI:49785;CHEBI:49786,MNXM3673,,PXHVJJICTQNCMI,ok,other_reactant,other_reactant,other_reactant,,,,not_registry_matched,not_assessable,False,4,4
ecoli,ni2_p,Nickel,ni2,C14711;C19609,CHEBI:25517;CHEBI:49785;CHEBI:49786,MNXM3673,,PXHVJJICTQNCMI,ok,other_reactant,other_reactant,other_reactant,,,,not_registry_matched,not_assessable,False,7,7
ecoli,nicrnt_c,Nicotinate D-ribonucleotide,nicrnt,C01185,CHEBI:12398;CHEBI:14651;CHEBI:14652;CHEBI:15763;CHEBI:25532;CHEBI:57502;CHEBI:7561,MNXM194,,JOUIQRNQJGXQDC,ok,other_reactant,other_reactant,other_reactant,,,,not_registry_matched,not_assessable,False,2,2
ecoli,nmn_c,NMN C11H14N2O8P,nmn,C00455,CHEBI:10433;CHEBI:12397;CHEBI:13409;CHEBI:14646;CHEBI:14647;CHEBI:14648;CHEBI:14649;CHEBI:16171;CHEBI:18201;CHEBI:22850;CHEBI:25522;CHEBI:7557,MNXM355,,DAYLJWODMCOQEW,ok,other_reactant,other_reactant,other_reactant,,,,not_registry_matched,not_assessable,False,3,3
ecoli,nmn_e,NMN C11H14N2O8P,nmn,C00455,CHEBI:10433;CHEBI:12397;CHEBI:13409;CHEBI:14646;CHEBI:14647;CHEBI:14648;CHEBI:14649;CHEBI:16171;CHEBI:18201;CHEBI:22850;CHEBI:25522;CHEBI:7557,MNXM355,,DAYLJWODMCOQEW,ok,other_reactant,other_reactant,other_reactant,,,,not_registry_matched,not_assessable,False,4,4
ecoli,nmn_p,NMN C11H14N2O8P,nmn,C00455,CHEBI:10433;CHEBI:12397;CHEBI:13409;CHEBI:14646;CHEBI:14647;CHEBI:14648;CHEBI:14649;CHEBI:16171;CHEBI:18201;CHEBI:22850;CHEBI:25522;CHEBI:7557,MNXM355,,DAYLJWODMCOQEW,ok,other_reactant,other_reactant,other_reactant,,,,not_registry_matched,not_assessable,False,5,5
ecoli,no2_c,Nitrite,no2,C00088,CHEBI:14658;CHEBI:16301;CHEBI:25567;CHEBI:44396;CHEBI:7585,MNXM107,,IOVCWXUNBOPUCH,ok,other_reactant,other_reactant,other_reactant,,,,not_registry_matched,not_assessable,False,5,5
ecoli,no2_e,Nitrite,no2,C00088,CHEBI:14658;CHEBI:16301;CHEBI:25567;CHEBI:44396;CHEBI:7585,MNXM107,,IOVCWXUNBOPUCH,ok,other_reactant,other_reactant,other_reactant,,,,not_registry_matched,not_assessable,False,4,4
ecoli,no2_p,Nitrite,no2,C00088,CHEBI:14658;CHEBI:16301;CHEBI:25567;CHEBI:44396;CHEBI:7585,MNXM107,,IOVCWXUNBOPUCH,ok,other_reactant,other_reactant,other_reactant,,,,not_registry_matched,not_assessable,False,8,8
ecoli,no3_c,Nitrate,no3,C00244,CHEBI:14654;CHEBI:17632;CHEBI:25545;CHEBI:44487;CHEBI:48107;CHEBI:71263;CHEBI:7580,MNXM207,,GRYLNZFGIOXLOG,ok,other_reactant,other_reactant,other_reactant,,,,not_registry_matched,not_assessable,False,4,4
ecoli,no3_e,Nitrate,no3,C00244,CHEBI:14654;CHEBI:17632;CHEBI:25545;CHEBI:44487;CHEBI:48107;CHEBI:71263;CHEBI:7580,MNXM207,,GRYLNZFGIOXLOG,ok,other_reactant,other_reactant,other_reactant,,,,not_registry_matched,not_assessable,False,4,4
ecoli,no3_p,Nitrate,no3,C00244,CHEBI:14654;CHEBI:17632;CHEBI:25545;CHEBI:44487;CHEBI:48107;CHEBI:71263;CHEBI:7580,MNXM207,,GRYLNZFGIOXLOG,ok,other_reactant,other_reactant,other_reactant,,,,not_registry_matched,not_assessable,False,8,8
ecoli,no_c,Nitric oxide,no,C00533,CHEBI:14657;CHEBI:16480;CHEBI:25546;CHEBI:44452;CHEBI:7583,MNXM228,,MWUXSHHQAYIFBG,ok,other_reactant,other_reactant,other_reactant,,,,not_registry_matched,not_assessable,False,5,5
ecoli,no_e,Nitric oxide,no,C00533,CHEBI:14657;CHEBI:16480;CHEBI:25546;CHEBI:44452;CHEBI:7583,MNXM228,,MWUXSHHQAYIFBG,ok,other_reactant,other_reactant,other_reactant,,,,not_registry_matched,not_assessable,False,4,4
ecoli,no_p,Nitric oxide,no,C00533,CHEBI:14657;CHEBI:16480;CHEBI:25546;CHEBI:44452;CHEBI:7583,MNXM228,,MWUXSHHQAYIFBG,ok,other_reactant,other_reactant,other_reactant,,,,not_registry_matched,not_assessable,False,5,5
ecoli,novbcn_e,Novobiocin,novbcn,C05080,CHEBI:25597;CHEBI:28368;CHEBI:44505;CHEBI:71339;CHEBI:7644,MNXM65002,,YJQPYGGHQPGBLI,ok,other_reactant,other_reactant,other_reactant,,,,not_registry_matched,not_assessable,False,1,1
ecoli,novbcn_p,Novobiocin,novbcn,C05080,CHEBI:25597;CHEBI:28368;CHEBI:44505;CHEBI:71339;CHEBI:7644,MNXM65002,,YJQPYGGHQPGBLI,ok,other_reactant,other_reactant,other_reactant,,,,not_registry_matched,not_assessable,False,3,3
ecoli,o16a2und_p,(O16 antigen)x2 undecaprenyl diphosphate,o16a2und,,,MNXM31520,,JLHGQTKMJCQGJD,ok,other_reactant,other_reactant,other_reactant,,,,not_registry_matched,not_assessable,False,1,1
ecoli,o16a3und_p,(O16 antigen)x3 undecaprenyl diphosphate,o16a3und,,,MNXM31521,,MAEXVFVVTLQJBE,ok,other_reactant,other_reactant,other_reactant,,,,not_registry_matched,not_assessable,False,1,1
ecoli,o16a4colipa_p,(O16 antigen)x4 core oligosaccharide lipid A,o16a4colipa,,,MNXM91789,,KAVZMDKPFMCUGM,ok,other_reactant,other_reactant,other_reactant,,,,not_registry_matched,not_assessable,False,1,1
ecoli,o16a4und_p,(O16 antigen)x4 undecaprenyl diphosphate,o16a4und,,,MNXM31523,,RNMNOQBZUYAUDM,ok,other_reactant,other_reactant,other_reactant,,,,not_registry_matched,not_assessable,False,1,1
ecoli,o16aund_c,O16 antigen undecaprenyl diphosphate,o16aund,,,MNXM65211,,NYDKXESIKHJNQU,ok,other_reactant,other_reactant,other_reactant,,,,not_registry_matched,not_assessable,False,1,1
ecoli,o16aund_p,O16 antigen undecaprenyl diphosphate,o16aund,,,MNXM65211,,NYDKXESIKHJNQU,ok,other_reactant,other_reactant,other_reactant,,,,not_registry_matched,not_assessable,False,3,3
ecoli,o2_c,O2 O2,o2,C00007,CHEBI:10745;CHEBI:13416;CHEBI:15379;CHEBI:23833;CHEBI:25366;CHEBI:26689;CHEBI:27140;CHEBI:29097;CHEBI:29793;CHEBI:30491;CHEBI:44742;CHEBI:7860,MNXM4,,MYMOFIZGZYHOMD,ok,gas_currency,gas_currency,currency_or_cofactor,oxygen,normalized_name;bigg_ids:o2;kegg_ids:c00007;chebi_ids:chebi:15379;metanetx_ids:mnxm4;inchikey_connectivity:mymofizgzyhomd,normalized_name;bigg_ids;kegg_ids;chebi_ids;metanetx_ids;inchikey_connectivity,multiple_evidence_types,consistent,False,36,36
ecoli,o2_e,O2 O2,o2,C00007,CHEBI:10745;CHEBI:13416;CHEBI:15379;CHEBI:23833;CHEBI:25366;CHEBI:26689;CHEBI:27140;CHEBI:29097;CHEBI:29793;CHEBI:30491;CHEBI:44742;CHEBI:7860,MNXM4,,MYMOFIZGZYHOMD,ok,gas_currency,gas_currency,currency_or_cofactor,oxygen,normalized_name;bigg_ids:o2;kegg_ids:c00007;chebi_ids:chebi:15379;metanetx_ids:mnxm4;inchikey_connectivity:mymofizgzyhomd,normalized_name;bigg_ids;kegg_ids;chebi_ids;metanetx_ids;inchikey_connectivity,multiple_evidence_types,consistent,False,4,4
ecoli,o2_p,O2 O2,o2,C00007,CHEBI:10745;CHEBI:13416;CHEBI:15379;CHEBI:23833;CHEBI:25366;CHEBI:26689;CHEBI:27140;CHEBI:29097;CHEBI:29793;CHEBI:30491;CHEBI:44742;CHEBI:7860,MNXM4,,MYMOFIZGZYHOMD,ok,gas_currency,gas_currency,currency_or_cofactor,oxygen,normalized_name;bigg_ids:o2;kegg_ids:c00007;chebi_ids:chebi:15379;metanetx_ids:mnxm4;inchikey_connectivity:mymofizgzyhomd,normalized_name;bigg_ids;kegg_ids;chebi_ids;metanetx_ids;inchikey_connectivity,multiple_evidence_types,consistent,False,11,11
ecoli,o2s_c,Superoxide anion,o2s,C00704,CHEBI:15143;CHEBI:18421;CHEBI:25935;CHEBI:26839;CHEBI:30492;CHEBI:7710,MNXM330,,OUUQCZGPVNCOIJ,ok,other_reactant,other_reactant,other_reactant,,,,not_registry_matched,not_assessable,False,2,2
ecoli,o2s_e,Superoxide anion,o2s,C00704,CHEBI:15143;CHEBI:18421;CHEBI:25935;CHEBI:26839;CHEBI:30492;CHEBI:7710,MNXM330,,OUUQCZGPVNCOIJ,ok,other_reactant,other_reactant,other_reactant,,,,not_registry_matched,not_assessable,False,4,4
ecoli,o2s_p,Superoxide anion,o2s,C00704,CHEBI:15143;CHEBI:18421;CHEBI:25935;CHEBI:26839;CHEBI:30492;CHEBI:7710,MNXM330,,OUUQCZGPVNCOIJ,ok,other_reactant,other_reactant,other_reactant,,,,not_registry_matched,not_assessable,False,5,5
ecoli,oaa_c,Oxaloacetate,oaa,C00036;C03981,CHEBI:12820;CHEBI:14703;CHEBI:16452;CHEBI:24958;CHEBI:24959;CHEBI:25731;CHEBI:25734;CHEBI:29049;CHEBI:30744;CHEBI:7812,MNXM46,,KHPXUQMNIQBQEV,ok,other_reactant,other_reactant,other_reactant,,,,not_registry_matched,not_assessable,False,7,7
ecoli,oc2coa_c,Trans-Oct-2-enoyl-CoA,oc2coa,C05276,CHEBI:10732;CHEBI:27078;CHEBI:27537;CHEBI:62242,MNXM784,,CPSDNAXXKWVYIY,ok,carrier_linked_metabolite,carrier_linked_metabolite,carrier_linked_variable,,normalized_name:coa_linked,normalized_name,name_only,not_assessable,False,2,2
ecoli,ocACP_c,Octanoyl-ACP (n-C8:0ACP),ocACP,,,MNXM90185,,,inchikey_unavailable,other_reactant,other_reactant,other_reactant,,,,not_registry_matched,not_assessable,False,4,4
ecoli,occoa_c,Octanoyl-CoA (n-C8:0CoA),occoa,C01944,CHEBI:14681;CHEBI:15533;CHEBI:25651;CHEBI:41542;CHEBI:57386;CHEBI:7724,MNXM342,,KQMZYOXOBSXMII,ok,carrier_linked_metabolite,carrier_linked_metabolite,carrier_linked_variable,,normalized_name:coa_linked,normalized_name,name_only,not_assessable,False,4,4
ecoli,ocdcaACP_c,Octadecanoyl-ACP (n-C18:0ACP),ocdcaACP,,,MNXM3075,,,missing_smiles,other_reactant,other_reactant,other_reactant,,,,not_registry_matched,not_assessable,False,3,3
ecoli,ocdca_c,Octadecanoate (n-C18:0),ocdca,C01530,CHEBI:231588;CHEBI:25629;CHEBI:25631;CHEBI:28842;CHEBI:45710,MNXM236,,QIQXTHQIDYTFRH,ok,other_reactant,other_reactant,other_reactant,,,,not_registry_matched,not_assessable,False,3,3
ecoli,ocdca_e,Octadecanoate (n-C18:0),ocdca,C01530,CHEBI:231588;CHEBI:25629;CHEBI:25631;CHEBI:28842;CHEBI:45710,MNXM236,,QIQXTHQIDYTFRH,ok,other_reactant,other_reactant,other_reactant,,,,not_registry_matched,not_assessable,False,1,1
ecoli,ocdca_p,Octadecanoate (n-C18:0),ocdca,C01530,CHEBI:231588;CHEBI:25629;CHEBI:25631;CHEBI:28842;CHEBI:45710,MNXM236,,QIQXTHQIDYTFRH,ok,other_reactant,other_reactant,other_reactant,,,,not_registry_matched,not_assessable,False,2,2
ecoli,ocdcap_c,Octadecanoyl-phosphate (n-C18:0),ocdcap,,,MNXM147528,,,missing_smiles,other_reactant,other_reactant,other_reactant,,,,not_registry_matched,not_assessable,False,2,2
ecoli,ocdcea_c,Octadecenoate (n-C18:1),ocdcea,C00712,CHEBI:104361;CHEBI:14684;CHEBI:16196;CHEBI:25663;CHEBI:25664;CHEBI:30823;CHEBI:44741;CHEBI:7741,MNXM306,,ZQPPMHVWECSIRJ,ok,other_reactant,other_reactant,other_reactant,,,,not_registry_matched,not_assessable,False,3,3
ecoli,ocdcea_e,Octadecenoate (n-C18:1),ocdcea,C00712,CHEBI:104361;CHEBI:14684;CHEBI:16196;CHEBI:25663;CHEBI:25664;CHEBI:30823;CHEBI:44741;CHEBI:7741,MNXM306,,ZQPPMHVWECSIRJ,ok,other_reactant,other_reactant,other_reactant,,,,not_registry_matched,not_assessable,False,1,1
ecoli,ocdcea_p,Octadecenoate (n-C18:1),ocdcea,C00712,CHEBI:104361;CHEBI:14684;CHEBI:16196;CHEBI:25663;CHEBI:25664;CHEBI:30823;CHEBI:44741;CHEBI:7741,MNXM306,,ZQPPMHVWECSIRJ,ok,other_reactant,other_reactant,other_reactant,,,,not_registry_matched,not_assessable,False,2,2
ecoli,ocdceap_c,Octadecanoyl-phosphate (n-C18:1),ocdceap,,,MNXM147529,,,missing_smiles,other_reactant,other_reactant,other_reactant,,,,not_registry_matched,not_assessable,False,2,2
ecoli,octa_c,Octanoate (n-C8:0),octa,C06423,CHEBI:25646;CHEBI:25648;CHEBI:28837;CHEBI:3373;CHEBI:44501,MNXM750,,WWZKQHOCKIZLMA,ok,other_reactant,other_reactant,other_reactant,,,,not_registry_matched,not_assessable,False,2,2
ecoli,octa_e,Octanoate (n-C8:0),octa,C06423,CHEBI:25646;CHEBI:25648;CHEBI:28837;CHEBI:3373;CHEBI:44501,MNXM750,,WWZKQHOCKIZLMA,ok,other_reactant,other_reactant,other_reactant,,,,not_registry_matched,not_assessable,False,4,4
ecoli,octa_p,Octanoate (n-C8:0),octa,C06423,CHEBI:25646;CHEBI:25648;CHEBI:28837;CHEBI:3373;CHEBI:44501,MNXM750,,WWZKQHOCKIZLMA,ok,other_reactant,other_reactant,other_reactant,,,,not_registry_matched,not_assessable,False,6,6
ecoli,octapb_c,Octanoate (protein bound),octapb,,,MNXM147531,,,missing_smiles,other_reactant,other_reactant,other_reactant,,,,not_registry_matched,not_assessable,False,1,1
ecoli,octdp_c,All-trans-Octaprenyl diphosphate,octdp,C04146,CHEBI:10194;CHEBI:12781;CHEBI:16275;CHEBI:22346;CHEBI:44585;CHEBI:53045;CHEBI:57711,MNXM811,,IKKLDISSULFFQO,ok,other_reactant,other_reactant,other_reactant,,,,not_registry_matched,not_assessable,False,2,2
ecoli,octeACP_c,Cis-octadec-11-enoyl-[acyl-carrier protein] (n-C18:1),octeACP,,,MNXM89950,,,missing_smiles,other_reactant,other_reactant,other_reactant,,,,not_registry_matched,not_assessable,False,3,3
ecoli,od2coa_c,Trans-Octadec-2-enoyl-CoA,od2coa,C16218,CHEBI:50570;CHEBI:71412,MNXM954,,NBCCUIHOHUKBMK,ok,carrier_linked_metabolite,carrier_linked_metabolite,carrier_linked_variable,,normalized_name:coa_linked,normalized_name,name_only,not_assessable,False,3,3
ecoli,odecoa_c,Octadecenoyl-CoA (n-C18:1CoA),odecoa,,,MNXM1848,5497111,XDUHQPOXLUAVEE,ok,carrier_linked_metabolite,carrier_linked_metabolite,carrier_linked_variable,,normalized_name:coa_linked,normalized_name,name_only,not_assessable,False,2,2
ecoli,ogmeACP_c,3-Oxo-glutaryl-[acyl-carrier protein] methyl ester,ogmeACP,,,MNXM147799,,,missing_smiles,other_reactant,other_reactant,other_reactant,,,,not_registry_matched,not_assessable,False,1,1
ecoli,ohpb_c,2-Oxo-3-hydroxy-4-phosphobutanoate,ohpb,C06054,CHEBI:1240;CHEBI:19731;CHEBI:27951;CHEBI:58538,MNXM1514,,MZJFVXDTNBHTKZ,ok,other_reactant,other_reactant,other_reactant,,,,not_registry_matched,not_assessable,False,2,2
ecoli,op4en_c,2-Oxopent-4-enoate,op4en,C00596,CHEBI:1113;CHEBI:48643;CHEBI:60886;CHEBI:67152;CHEBI:67181,MNXM9829,,NOXRYJAWRSNUJD,ok,other_reactant,other_reactant,other_reactant,,,,not_registry_matched,not_assessable,False,1,1
ecoli,opmeACP_c,3-Oxo-pimeloyl-[acyl-carrier protein] methyl ester,opmeACP,,,MNXM147801,,,missing_smiles,other_reactant,other_reactant,other_reactant,,,,not_registry_matched,not_assessable,False,1,1
ecoli,orn_c,Ornithine,orn,C00077;C01602,CHEBI:11448;CHEBI:13148;CHEBI:15729;CHEBI:18257;CHEBI:19370;CHEBI:21367;CHEBI:32964;CHEBI:44667;CHEBI:46911;CHEBI:46912;CHEBI:46913;CHEBI:46914;CHEBI:6280;CHEBI:7784,MNXM89689,,AHLPHDHHMVZTML,ok,other_reactant,other_reactant,other_reactant,,,,not_registry_matched,not_assessable,False,6,6
ecoli,orn_e,Ornithine,orn,C00077;C01602,CHEBI:11448;CHEBI:13148;CHEBI:15729;CHEBI:18257;CHEBI:19370;CHEBI:21367;CHEBI:32964;CHEBI:44667;CHEBI:46911;CHEBI:46912;CHEBI:46913;CHEBI:46914;CHEBI:6280;CHEBI:7784,MNXM89689,,AHLPHDHHMVZTML,ok,other_reactant,other_reactant,other_reactant,,,,not_registry_matched,not_assessable,False,4,4
ecoli,orn_p,Ornithine,orn,C00077;C01602,CHEBI:11448;CHEBI:13148;CHEBI:15729;CHEBI:18257;CHEBI:19370;CHEBI:21367;CHEBI:32964;CHEBI:44667;CHEBI:46911;CHEBI:46912;CHEBI:46913;CHEBI:46914;CHEBI:6280;CHEBI:7784,MNXM89689,,AHLPHDHHMVZTML,ok,other_reactant,other_reactant,other_reactant,,,,not_registry_matched,not_assessable,False,7,7
ecoli,orot5p_c,Orotidine 5'-phosphate,orot5p,C01103,CHEBI:14699;CHEBI:15842;CHEBI:25723;CHEBI:57538;CHEBI:7788,MNXM519,,KYOBSHFOBAOFBF,ok,other_reactant,other_reactant,other_reactant,,,,not_registry_matched,not_assessable,False,2,2
ecoli,orot_c,Orotate C5H3N2O4,orot,C00295,CHEBI:14698;CHEBI:16742;CHEBI:25719;CHEBI:25720;CHEBI:30839;CHEBI:44781;CHEBI:7787,MNXM235,,PXQPEWDEAKTCGB,ok,other_reactant,other_reactant,other_reactant,,,,not_registry_matched,not_assessable,False,1,1
ecoli,orot_e,Orotate C5H3N2O4,orot,C00295,CHEBI:14698;CHEBI:16742;CHEBI:25719;CHEBI:25720;CHEBI:30839;CHEBI:44781;CHEBI:7787,MNXM235,,PXQPEWDEAKTCGB,ok,other_reactant,other_reactant,other_reactant,,,,not_registry_matched,not_assessable,False,4,4
ecoli,orot_p,Orotate C5H3N2O4,orot,C00295,CHEBI:14698;CHEBI:16742;CHEBI:25719;CHEBI:25720;CHEBI:30839;CHEBI:44781;CHEBI:7787,MNXM235,,PXQPEWDEAKTCGB,ok,other_reactant,other_reactant,other_reactant,,,,not_registry_matched,not_assessable,False,5,5
ecoli,oxa_c,Oxalate,oxa,C00209,CHEBI:132952;CHEBI:14702;CHEBI:16995;CHEBI:25729;CHEBI:25730;CHEBI:30623;CHEBI:44583;CHEBI:44820;CHEBI:46904;CHEBI:7811,MNXM291,,MUBZPKHOEPUJKR,ok,other_reactant,other_reactant,other_reactant,,,,not_registry_matched,not_assessable,False,2,2
ecoli,oxadpcoa_c,3-Oxoadipyl-CoA,oxadpcoa,C02232,CHEBI:11872;CHEBI:15490;CHEBI:1632;CHEBI:20164;CHEBI:57348,MNXM1264,,VKKKAAPGXHWXOO,ok,carrier_linked_metabolite,carrier_linked_metabolite,carrier_linked_variable,,normalized_name:coa_linked,normalized_name,name_only,not_assessable,False,2,2
ecoli,oxalcoa_c,Oxalyl-CoA,oxalcoa,C00313,CHEBI:14707;CHEBI:15535;CHEBI:25738;CHEBI:49814;CHEBI:57388;CHEBI:7817,MNXM618,,QVXMZFTWJVBUHP,ok,carrier_linked_metabolite,carrier_linked_metabolite,carrier_linked_variable,oxalyl-CoA,normalized_name;bigg_ids:oxalcoa;kegg_ids:c00313,normalized_name;bigg_ids;kegg_ids,multiple_evidence_types,not_assessable,False,3,3
ecoli,pa120_c,"1,2-didodecanoyl-sn-glycerol 3-phosphate",pa120,,,MNXM90509,,,missing_smiles,other_reactant,other_reactant,other_reactant,,,,not_registry_matched,not_assessable,False,3,3
ecoli,pa120_p,"1,2-didodecanoyl-sn-glycerol 3-phosphate",pa120,,,MNXM90509,,,missing_smiles,other_reactant,other_reactant,other_reactant,,,,not_registry_matched,not_assessable,False,3,3
ecoli,pa140_c,"1,2-ditetradecanoyl-sn-glycerol 3-phosphate",pa140,,CHEBI:62085;CHEBI:83321;CHEBI:83550;CHEBI:84266,MNXM51017,,OZSITQMWYBNPMW,ok,other_reactant,other_reactant,other_reactant,,,,not_registry_matched,not_assessable,False,3,3
ecoli,pa140_p,"1,2-ditetradecanoyl-sn-glycerol 3-phosphate",pa140,,CHEBI:62085;CHEBI:83321;CHEBI:83550;CHEBI:84266,MNXM51017,,OZSITQMWYBNPMW,ok,other_reactant,other_reactant,other_reactant,,,,not_registry_matched,not_assessable,False,3,3
ecoli,pa141_c,"1,2-ditetradec-7-enoyl-sn-glycerol 3-phosphate",pa141,,,MNXM90512,,,missing_smiles,other_reactant,other_reactant,other_reactant,,,,not_registry_matched,not_assessable,False,3,3
ecoli,pa141_p,"1,2-ditetradec-7-enoyl-sn-glycerol 3-phosphate",pa141,,,MNXM90512,,,missing_smiles,other_reactant,other_reactant,other_reactant,,,,not_registry_matched,not_assessable,False,3,3
ecoli,pa160_c,"1,2-dihexadecanoyl-sn-glycerol 3-phosphate",pa160,,CHEBI:72859;CHEBI:73246,MNXM17312,,PORPENFLTBBHSG,ok,other_reactant,other_reactant,other_reactant,,,,not_registry_matched,not_assessable,False,3,3
ecoli,pa160_p,"1,2-dihexadecanoyl-sn-glycerol 3-phosphate",pa160,,CHEBI:72859;CHEBI:73246,MNXM17312,,PORPENFLTBBHSG,ok,other_reactant,other_reactant,other_reactant,,,,not_registry_matched,not_assessable,False,3,3
ecoli,pa161_c,"1,2-dihexadec-9-enoyl-sn-glycerol 3-phosphate",pa161,,,MNXM90510,,YLDMPBGXNLGSQO,ok,other_reactant,other_reactant,other_reactant,,,,not_registry_matched,not_assessable,False,3,3
ecoli,pa161_p,"1,2-dihexadec-9-enoyl-sn-glycerol 3-phosphate",pa161,,,MNXM90510,,YLDMPBGXNLGSQO,ok,other_reactant,other_reactant,other_reactant,,,,not_registry_matched,not_assessable,False,3,3
ecoli,pa180_c,"1,2-dioctadecanoyl-sn-glycerol 3-phosphate",pa180,,CHEBI:82921;CHEBI:83774,MNXM51279,,YFWHNAWEOZTIPI,ok,other_reactant,other_reactant,other_reactant,,,,not_registry_matched,not_assessable,False,3,3
ecoli,pa180_p,"1,2-dioctadecanoyl-sn-glycerol 3-phosphate",pa180,,CHEBI:82921;CHEBI:83774,MNXM51279,,YFWHNAWEOZTIPI,ok,other_reactant,other_reactant,other_reactant,,,,not_registry_matched,not_assessable,False,3,3
ecoli,pa181_c,"1,2-dioctadec-11-enoyl-sn-glycerol 3-phosphate",pa181,,,MNXM90511,,,missing_smiles,other_reactant,other_reactant,other_reactant,,,,not_registry_matched,not_assessable,False,3,3
ecoli,pa181_p,"1,2-dioctadec-11-enoyl-sn-glycerol 3-phosphate",pa181,,,MNXM90511,,,missing_smiles,other_reactant,other_reactant,other_reactant,,,,not_registry_matched,not_assessable,False,3,3
ecoli,pac_c,Phenylacetic acid,pac,C00548;C07086;C15583,CHEBI:14779;CHEBI:18401;CHEBI:25975;CHEBI:25977;CHEBI:30745;CHEBI:44686;CHEBI:8082;CHEBI:8085,MNXM497,,WLJVXDMOQOGPHL,ok,other_reactant,other_reactant,other_reactant,,,,not_registry_matched,not_assessable,False,2,2
ecoli,pacald_c,Phenylacetaldehyde,pacald,C00601,CHEBI:14778;CHEBI:16424;CHEBI:25972;CHEBI:43163;CHEBI:8084,MNXM473,,DTUQWGWMVIHBKE,ok,other_reactant,other_reactant,other_reactant,,,,not_registry_matched,not_assessable,False,1,1
ecoli,pacald_e,Phenylacetaldehyde,pacald,C00601,CHEBI:14778;CHEBI:16424;CHEBI:25972;CHEBI:43163;CHEBI:8084,MNXM473,,DTUQWGWMVIHBKE,ok,other_reactant,other_reactant,other_reactant,,,,not_registry_matched,not_assessable,False,4,4
ecoli,pacald_p,Phenylacetaldehyde,pacald,C00601,CHEBI:14778;CHEBI:16424;CHEBI:25972;CHEBI:43163;CHEBI:8084,MNXM473,,DTUQWGWMVIHBKE,ok,other_reactant,other_reactant,other_reactant,,,,not_registry_matched,not_assessable,False,4,4
ecoli,palmACP_c,Palmitoyl-ACP (n-C16:0ACP),palmACP,,,MNXM2026,,,missing_smiles,other_reactant,other_reactant,other_reactant,,,,not_registry_matched,not_assessable,False,6,6
ecoli,pan4p_c,Pantetheine 4'-phosphate,pan4p,C01134,CHEBI:11916;CHEBI:14735;CHEBI:14736;CHEBI:14738;CHEBI:14825;CHEBI:16858;CHEBI:25844;CHEBI:29890;CHEBI:4222;CHEBI:45012;CHEBI:47942;CHEBI:61723;CHEBI:7914,MNXM373,,JDMUPRLRUUMCTL,ok,other_reactant,other_reactant,other_reactant,,,,not_registry_matched,not_assessable,False,1,1
ecoli,pant__R_c,(R)-Pantoate,pant__R,C00522,CHEBI:11006;CHEBI:14737;CHEBI:15980;CHEBI:18695;CHEBI:18696;CHEBI:18697;CHEBI:350;CHEBI:44662,MNXM593,,OTOIIPJYVQJATP,ok,other_reactant,other_reactant,other_reactant,,,,not_registry_matched,not_assessable,False,1,1
ecoli,pap_c,"Adenosine 3',5'-bisphosphate",pap,C00054,CHEBI:13735;CHEBI:17985;CHEBI:22240;CHEBI:2475;CHEBI:58343,MNXM45,,WHTCPDAXWFLDIH,ok,other_reactant,other_reactant,other_reactant,,,,not_registry_matched,not_assessable,False,1,1
ecoli,paps_c,3'-Phosphoadenylyl sulfate,paps,C00053,CHEBI:11679;CHEBI:11680;CHEBI:1353;CHEBI:17980;CHEBI:19857;CHEBI:58339,MNXM49,,GACDQMDRPRGCTN,ok,other_reactant,other_reactant,other_reactant,,,,not_registry_matched,not_assessable,False,6,6
ecoli,pdx5p_c,Pyridoxine 5'-phosphate,pdx5p,C00627,CHEBI:26430;CHEBI:28803;CHEBI:45202;CHEBI:58589;CHEBI:8672,MNXM454,,WHOMFKWHIQZTHY,ok,other_reactant,other_reactant,other_reactant,,,,not_registry_matched,not_assessable,False,2,2
ecoli,pe120_c,"Phosphatidylethanolamine (didodecanoyl, n-C12:0)",pe120,,,MNXM2858,,,missing_smiles,other_reactant,other_reactant,other_reactant,,,,not_registry_matched,not_assessable,False,1,1
ecoli,pe120_p,"Phosphatidylethanolamine (didodecanoyl, n-C12:0)",pe120,,,MNXM2858,,,missing_smiles,other_reactant,other_reactant,other_reactant,,,,not_registry_matched,not_assessable,False,2,2
ecoli,pe140_c,"Phosphatidylethanolamine (ditetradecanoyl, n-C14:0)",pe140,,,MNXM2859,,,missing_smiles,other_reactant,other_reactant,other_reactant,,,,not_registry_matched,not_assessable,False,1,1
ecoli,pe140_p,"Phosphatidylethanolamine (ditetradecanoyl, n-C14:0)",pe140,,,MNXM2859,,,missing_smiles,other_reactant,other_reactant,other_reactant,,,,not_registry_matched,not_assessable,False,2,2
ecoli,pe141_c,"Phosphatidylethanolamine (ditetradec-7-enoyl, n-C14:1)",pe141,,,MNXM3693,,,missing_smiles,other_reactant,other_reactant,other_reactant,,,,not_registry_matched,not_assessable,False,1,1
ecoli,pe141_p,"Phosphatidylethanolamine (ditetradec-7-enoyl, n-C14:1)",pe141,,,MNXM3693,,,missing_smiles,other_reactant,other_reactant,other_reactant,,,,not_registry_matched,not_assessable,False,2,2
ecoli,pe160_c,"Phosphatidylethanolamine (dihexadecanoyl, n-C16:0)",pe160,,CHEBI:73005;CHEBI:73127,MNXM32178,,SLKDGVPOSSLUAI,ok,other_reactant,other_reactant,other_reactant,,,,not_registry_matched,not_assessable,False,1,1
ecoli,pe160_p,"Phosphatidylethanolamine (dihexadecanoyl, n-C16:0)",pe160,,CHEBI:73005;CHEBI:73127,MNXM32178,,SLKDGVPOSSLUAI,ok,other_reactant,other_reactant,other_reactant,,,,not_registry_matched,not_assessable,False,3,3
ecoli,pe161_c,"Phosphatidylethanolamine (dihexadec-9enoyl, n-C16:1)",pe161,,,MNXM71458,90657244,PGPMCWZMPPZJML,ok,other_reactant,other_reactant,other_reactant,,,,not_registry_matched,not_assessable,False,2,2
ecoli,pe161_p,"Phosphatidylethanolamine (dihexadec-9enoyl, n-C16:1)",pe161,,,MNXM71458,90657244,PGPMCWZMPPZJML,ok,other_reactant,other_reactant,other_reactant,,,,not_registry_matched,not_assessable,False,3,3
ecoli,pe180_c,"Phosphatidylethanolamine (dioctadecanoyl, n-C18:0)",pe180,,CHEBI:39934;CHEBI:44886;CHEBI:47765;CHEBI:47766,MNXM31536,,LVNGJLRDBYCPGB,ok,other_reactant,other_reactant,other_reactant,,,,not_registry_matched,not_assessable,False,1,1
ecoli,pe180_p,"Phosphatidylethanolamine (dioctadecanoyl, n-C18:0)",pe180,,CHEBI:39934;CHEBI:44886;CHEBI:47765;CHEBI:47766,MNXM31536,,LVNGJLRDBYCPGB,ok,other_reactant,other_reactant,other_reactant,,,,not_registry_matched,not_assessable,False,2,2
ecoli,pe181_c,"Phosphatidylethanolamine (dioctadec-11-enoyl, n-C18:1)",pe181,,,MNXM2150,146037274,FXSMMNUNFDTUMS,ok,other_reactant,other_reactant,other_reactant,,,,not_registry_matched,not_assessable,False,2,2
ecoli,pe181_p,"Phosphatidylethanolamine (dioctadec-11-enoyl, n-C18:1)",pe181,,,MNXM2150,146037274,FXSMMNUNFDTUMS,ok,other_reactant,other_reactant,other_reactant,,,,not_registry_matched,not_assessable,False,3,3
ecoli,peamn_e,Phenethylamine,peamn,C05332,CHEBI:14782;CHEBI:18397;CHEBI:225237;CHEBI:25965;CHEBI:45001;CHEBI:50048;CHEBI:8063,MNXM660,,BHHGXPLMPWCGHP,ok,other_reactant,other_reactant,other_reactant,,,,not_registry_matched,not_assessable,False,4,4
ecoli,peamn_p,Phenethylamine,peamn,C05332,CHEBI:14782;CHEBI:18397;CHEBI:225237;CHEBI:25965;CHEBI:45001;CHEBI:50048;CHEBI:8063,MNXM660,,BHHGXPLMPWCGHP,ok,other_reactant,other_reactant,other_reactant,,,,not_registry_matched,not_assessable,False,5,5
ecoli,pep_c,Phosphoenolpyruvate,pep,C00074,CHEBI:14812;CHEBI:18021;CHEBI:26054;CHEBI:26055;CHEBI:44894;CHEBI:44897;CHEBI:58702;CHEBI:8147,MNXM73,,DTBNBXWJWCWCIK,ok,other_reactant,other_reactant,other_reactant,,,,not_registry_matched,not_assessable,False,42,42
ecoli,pg120_c,"Phosphatidylglycerol (didodecanoyl, n-C12:0)",pg120,,,MNXM1771,,,missing_smiles,other_reactant,other_reactant,other_reactant,,,,not_registry_matched,not_assessable,False,3,3
ecoli,pg120_p,"Phosphatidylglycerol (didodecanoyl, n-C12:0)",pg120,,,MNXM1771,,,missing_smiles,other_reactant,other_reactant,other_reactant,,,,not_registry_matched,not_assessable,False,4,4
ecoli,pg140_c,"Phosphatidylglycerol (ditetradecanoyl, n-C14:0)",pg140,,CHEBI:60723,MNXM51019,,BPHQZTVXXXJVHI,ok,other_reactant,other_reactant,other_reactant,,,,not_registry_matched,not_assessable,False,3,3
ecoli,pg140_p,"Phosphatidylglycerol (ditetradecanoyl, n-C14:0)",pg140,,CHEBI:60723,MNXM51019,,BPHQZTVXXXJVHI,ok,other_reactant,other_reactant,other_reactant,,,,not_registry_matched,not_assessable,False,4,4
ecoli,pg141_c,"Phosphatidylglycerol (ditetradec-7-enoyl, n-C14:1)",pg141,,,MNXM2029,,,missing_smiles,other_reactant,other_reactant,other_reactant,,,,not_registry_matched,not_assessable,False,3,3
ecoli,pg141_p,"Phosphatidylglycerol (ditetradec-7-enoyl, n-C14:1)",pg141,,,MNXM2029,,,missing_smiles,other_reactant,other_reactant,other_reactant,,,,not_registry_matched,not_assessable,False,4,4
ecoli,pg160_c,"Phosphatidylglycerol (dihexadecanoyl, n-C16:0)",pg160,,CHEBI:72829;CHEBI:73205;CHEBI:75159,MNXM32179,,BIABMEZBCHDPBV,ok,other_reactant,other_reactant,other_reactant,,,,not_registry_matched,not_assessable,False,3,3
ecoli,pg160_p,"Phosphatidylglycerol (dihexadecanoyl, n-C16:0)",pg160,,CHEBI:72829;CHEBI:73205;CHEBI:75159,MNXM32179,,BIABMEZBCHDPBV,ok,other_reactant,other_reactant,other_reactant,,,,not_registry_matched,not_assessable,False,5,5
ecoli,pg161_c,"Phosphatidylglycerol (dihexadec-9-enoyl, n-C16:1)",pg161,,,MNXM75101,,GHQNERCMPIDAAU,ok,other_reactant,other_reactant,other_reactant,,,,not_registry_matched,not_assessable,False,4,4
ecoli,pg161_p,"Phosphatidylglycerol (dihexadec-9-enoyl, n-C16:1)",pg161,,,MNXM75101,,GHQNERCMPIDAAU,ok,other_reactant,other_reactant,other_reactant,,,,not_registry_matched,not_assessable,False,4,4
ecoli,pg180_c,"Phosphatidylglycerol (dioctadecanoyl, n-C18:0)",pg180,,,MNXM75102,,FVJZSBGHRPJMMA,ok,other_reactant,other_reactant,other_reactant,,,,not_registry_matched,not_assessable,False,3,3
ecoli,pg180_p,"Phosphatidylglycerol (dioctadecanoyl, n-C18:0)",pg180,,,MNXM75102,,FVJZSBGHRPJMMA,ok,other_reactant,other_reactant,other_reactant,,,,not_registry_matched,not_assessable,False,4,4
ecoli,pg181_c,"Phosphatidylglycerol (dioctadec-11-enoyl, n-C18:1)",pg181,,,MNXM1773,,,missing_smiles,other_reactant,other_reactant,other_reactant,,,,not_registry_matched,not_assessable,False,4,4
ecoli,pg181_p,"Phosphatidylglycerol (dioctadec-11-enoyl, n-C18:1)",pg181,,,MNXM1773,,,missing_smiles,other_reactant,other_reactant,other_reactant,,,,not_registry_matched,not_assessable,False,4,4
ecoli,pgp120_c,"Phosphatidylglycerophosphate (didodecanoyl, n-C12:0)",pgp120,,,MNXM5266,,,missing_smiles,other_reactant,other_reactant,other_reactant,,,,not_registry_matched,not_assessable,False,3,3
ecoli,pgp120_p,"Phosphatidylglycerophosphate (didodecanoyl, n-C12:0)",pgp120,,,MNXM5266,,,missing_smiles,other_reactant,other_reactant,other_reactant,,,,not_registry_matched,not_assessable,False,2,2
ecoli,pgp140_c,"Phosphatidylglycerophosphate (ditetradecanoyl, n-C14:0)",pgp140,,,MNXM5272,,,missing_smiles,other_reactant,other_reactant,other_reactant,,,,not_registry_matched,not_assessable,False,3,3
ecoli,pgp140_p,"Phosphatidylglycerophosphate (ditetradecanoyl, n-C14:0)",pgp140,,,MNXM5272,,,missing_smiles,other_reactant,other_reactant,other_reactant,,,,not_registry_matched,not_assessable,False,2,2
ecoli,pgp141_c,"Phosphatidylglycerophosphate (ditetradec-7-enoyl, n-C14:1)",pgp141,,,MNXM5271,,,missing_smiles,other_reactant,other_reactant,other_reactant,,,,not_registry_matched,not_assessable,False,3,3
ecoli,pgp141_p,"Phosphatidylglycerophosphate (ditetradec-7-enoyl, n-C14:1)",pgp141,,,MNXM5271,,,missing_smiles,other_reactant,other_reactant,other_reactant,,,,not_registry_matched,not_assessable,False,2,2
ecoli,pgp160_c,"Phosphatidylglycerophosphate (dihexadecanoyl, n-C16:0)",pgp160,,,MNXM32180,,ONJBJMDJKLHMEK,ok,other_reactant,other_reactant,other_reactant,,,,not_registry_matched,not_assessable,False,3,3
ecoli,pgp160_p,"Phosphatidylglycerophosphate (dihexadecanoyl, n-C16:0)",pgp160,,,MNXM32180,,ONJBJMDJKLHMEK,ok,other_reactant,other_reactant,other_reactant,,,,not_registry_matched,not_assessable,False,2,2
ecoli,pgp161_c,"Phosphatidylglycerophosphate (dihexadec-9-enoyl, n-C16:1)",pgp161,,,MNXM75103,,PTJJTQQVMKSSOK,ok,other_reactant,other_reactant,other_reactant,,,,not_registry_matched,not_assessable,False,3,3
ecoli,pgp161_p,"Phosphatidylglycerophosphate (dihexadec-9-enoyl, n-C16:1)",pgp161,,,MNXM75103,,PTJJTQQVMKSSOK,ok,other_reactant,other_reactant,other_reactant,,,,not_registry_matched,not_assessable,False,2,2
ecoli,pgp180_c,"Phosphatidylglycerophosphate (dioctadecanoyl, n-C18:0)",pgp180,,,MNXM75104,,UZNYMWWMHBZMLI,ok,other_reactant,other_reactant,other_reactant,,,,not_registry_matched,not_assessable,False,3,3
ecoli,pgp180_p,"Phosphatidylglycerophosphate (dioctadecanoyl, n-C18:0)",pgp180,,,MNXM75104,,UZNYMWWMHBZMLI,ok,other_reactant,other_reactant,other_reactant,,,,not_registry_matched,not_assessable,False,2,2
ecoli,pgp181_c,"Phosphatidylglycerophosphate (dioctadec-11-enoyl, n-C18:1)",pgp181,,,MNXM5269,,,missing_smiles,other_reactant,other_reactant,other_reactant,,,,not_registry_matched,not_assessable,False,3,3
ecoli,pgp181_p,"Phosphatidylglycerophosphate (dioctadec-11-enoyl, n-C18:1)",pgp181,,,MNXM5269,,,missing_smiles,other_reactant,other_reactant,other_reactant,,,,not_registry_matched,not_assessable,False,2,2
ecoli,phaccoa_c,Phenylacetyl-CoA,phaccoa,C00582,CHEBI:14780;CHEBI:15537;CHEBI:25980;CHEBI:57390;CHEBI:8086,MNXM502,,ZIGIFDRJFZYEEQ,ok,carrier_linked_metabolite,carrier_linked_metabolite,carrier_linked_variable,,normalized_name:coa_linked,normalized_name,name_only,not_assessable,False,2,2
ecoli,phe__L_c,L-Phenylalanine,phe__L,C00079;C02057,CHEBI:13151;CHEBI:17295;CHEBI:21370;CHEBI:25984;CHEBI:28044;CHEBI:32486;CHEBI:32487;CHEBI:32504;CHEBI:32505;CHEBI:44851;CHEBI:44885;CHEBI:45079;CHEBI:58095;CHEBI:6282;CHEBI:76052;CHEBI:8089,MNXM97,,COLNVLDHVKWLRT,ok,other_reactant,other_reactant,other_reactant,,,,not_registry_matched,not_assessable,False,6,6
ecoli,phe__L_e,L-Phenylalanine,phe__L,C00079;C02057,CHEBI:13151;CHEBI:17295;CHEBI:21370;CHEBI:25984;CHEBI:28044;CHEBI:32486;CHEBI:32487;CHEBI:32504;CHEBI:32505;CHEBI:44851;CHEBI:44885;CHEBI:45079;CHEBI:58095;CHEBI:6282;CHEBI:76052;CHEBI:8089,MNXM97,,COLNVLDHVKWLRT,ok,other_reactant,other_reactant,other_reactant,,,,not_registry_matched,not_assessable,False,4,4
ecoli,phe__L_p,L-Phenylalanine,phe__L,C00079;C02057,CHEBI:13151;CHEBI:17295;CHEBI:21370;CHEBI:25984;CHEBI:28044;CHEBI:32486;CHEBI:32487;CHEBI:32504;CHEBI:32505;CHEBI:44851;CHEBI:44885;CHEBI:45079;CHEBI:58095;CHEBI:6282;CHEBI:76052;CHEBI:8089,MNXM97,,COLNVLDHVKWLRT,ok,other_reactant,other_reactant,other_reactant,,,,not_registry_matched,not_assessable,False,6,6
ecoli,pheme_c,Protoheme C34H30FeN4O4,pheme,C00032,CHEBI:14957;CHEBI:17627;CHEBI:26355;CHEBI:5651;CHEBI:60344,MNXM249,,ZCFFYALKHPIRKJ,ok,other_reactant,other_reactant,other_reactant,,,,not_registry_matched,not_assessable,False,2,2
ecoli,phhlipa_c,Phospho-heptosyl-heptosyl-kdo2-lipidA,phhlipa,,,MNXM75132,,XNYUHCDJIRFEJF,ok,other_reactant,other_reactant,other_reactant,,,,not_registry_matched,not_assessable,False,1,1
ecoli,phom_c,O-Phospho-L-homoserine,phom,C01102,CHEBI:12693;CHEBI:12717;CHEBI:15961;CHEBI:21965;CHEBI:57590;CHEBI:7691,MNXM1334,,FXDNYOANAXWZHG,ok,other_reactant,other_reactant,other_reactant,,,,not_registry_matched,not_assessable,False,1,1
ecoli,phphhlipa_c,Phospho-heptosyl-phospho-heptosyl-heptosyl-kdo2-lipidA,phphhlipa,,,MNXM75133,,MVYTXVAKEAWEGM,ok,other_reactant,other_reactant,other_reactant,,,,not_registry_matched,not_assessable,False,1,1
ecoli,phpyr_c,Phenylpyruvate,phpyr,C00166;C02763,CHEBI:10548;CHEBI:12811;CHEBI:16815;CHEBI:23912;CHEBI:23914;CHEBI:23915;CHEBI:26009;CHEBI:30851;CHEBI:32815;CHEBI:45005;CHEBI:8105,MNXM210,,BTNMPGBKDVTSJY,ok,other_reactant,other_reactant,other_reactant,,,,not_registry_matched,not_assessable,False,3,3
ecoli,phthr_c,O-Phospho-4-hydroxy-L-threonine,phthr,C06055,CHEBI:11945;CHEBI:18336;CHEBI:21963;CHEBI:58452;CHEBI:59459;CHEBI:7690,MNXM759,,FKHAKIJOKDGEII,ok,other_reactant,other_reactant,other_reactant,,,,not_registry_matched,not_assessable,False,2,2
ecoli,pi_c,Phosphate,pi,C00009;C13558,CHEBI:14791;CHEBI:18367;CHEBI:26078;CHEBI:29137;CHEBI:29139;CHEBI:35780;CHEBI:39739;CHEBI:39745;CHEBI:43470;CHEBI:43474;CHEBI:45024;CHEBI:7793,MNXM9,,NBIIXXVUZAFLBC,ok,phosphate_currency,phosphate_currency,currency_or_cofactor,phosphate,normalized_name;bigg_ids:pi;kegg_ids:c00009;chebi_ids:chebi:43474;metanetx_ids:mnxm9;inchikey_connectivity:nbiixxvuzaflbc,normalized_name;bigg_ids;kegg_ids;chebi_ids;metanetx_ids;inchikey_connectivity,multiple_evidence_types,consistent,False,51,51
ecoli,pi_e,Phosphate,pi,C00009;C13558,CHEBI:14791;CHEBI:18367;CHEBI:26078;CHEBI:29137;CHEBI:29139;CHEBI:35780;CHEBI:39739;CHEBI:39745;CHEBI:43470;CHEBI:43474;CHEBI:45024;CHEBI:7793,MNXM9,,NBIIXXVUZAFLBC,ok,phosphate_currency,phosphate_currency,currency_or_cofactor,phosphate,normalized_name;bigg_ids:pi;kegg_ids:c00009;chebi_ids:chebi:43474;metanetx_ids:mnxm9;inchikey_connectivity:nbiixxvuzaflbc,normalized_name;bigg_ids;kegg_ids;chebi_ids;metanetx_ids;inchikey_connectivity,multiple_evidence_types,consistent,False,4,4
ecoli,pi_p,Phosphate,pi,C00009;C13558,CHEBI:14791;CHEBI:18367;CHEBI:26078;CHEBI:29137;CHEBI:29139;CHEBI:35780;CHEBI:39739;CHEBI:39745;CHEBI:43470;CHEBI:43474;CHEBI:45024;CHEBI:7793,MNXM9,,NBIIXXVUZAFLBC,ok,phosphate_currency,phosphate_currency,currency_or_cofactor,phosphate,normalized_name;bigg_ids:pi;kegg_ids:c00009;chebi_ids:chebi:43474;metanetx_ids:mnxm9;inchikey_connectivity:nbiixxvuzaflbc,normalized_name;bigg_ids;kegg_ids;chebi_ids;metanetx_ids;inchikey_connectivity,multiple_evidence_types,consistent,False,7,7
ecoli,pimACP_c,Pimeloyl-[acyl-carrier protein],pimACP,C19845,,MNXM12695,,,missing_smiles,other_reactant,other_reactant,other_reactant,,,,not_registry_matched,not_assessable,False,1,1
ecoli,pmeACP_c,Pimeloyl-[acyl-carrier protein] methyl ester,pmeACP,C19846,,MNXM12694,,,missing_smiles,other_reactant,other_reactant,other_reactant,,,,not_registry_matched,not_assessable,False,1,1
ecoli,pmtcoa_c,Palmitoyl-CoA (n-C16:0CoA),pmtcoa,C00154,CHEBI:14397;CHEBI:14732;CHEBI:15525;CHEBI:24543;CHEBI:57379;CHEBI:7898,MNXM88,,MNBKLUUYKPBKDU,ok,carrier_linked_metabolite,carrier_linked_metabolite,carrier_linked_variable,,normalized_name:coa_linked,normalized_name,name_only,not_assessable,False,2,2
ecoli,pnto__R_c,(R)-Pantothenate,pnto__R,C00864,CHEBI:11008;CHEBI:14739;CHEBI:16454;CHEBI:18700;CHEBI:18701;CHEBI:25846;CHEBI:29032;CHEBI:44679;CHEBI:46905;CHEBI:7916,MNXM364,,GHOKWGTUZJEAQD,ok,other_reactant,other_reactant,other_reactant,,,,not_registry_matched,not_assessable,False,1,1
ecoli,pnto__R_e,(R)-Pantothenate,pnto__R,C00864,CHEBI:11008;CHEBI:14739;CHEBI:16454;CHEBI:18700;CHEBI:18701;CHEBI:25846;CHEBI:29032;CHEBI:44679;CHEBI:46905;CHEBI:7916,MNXM364,,GHOKWGTUZJEAQD,ok,other_reactant,other_reactant,other_reactant,,,,not_registry_matched,not_assessable,False,4,4
ecoli,pnto__R_p,(R)-Pantothenate,pnto__R,C00864,CHEBI:11008;CHEBI:14739;CHEBI:16454;CHEBI:18700;CHEBI:18701;CHEBI:25846;CHEBI:29032;CHEBI:44679;CHEBI:46905;CHEBI:7916,MNXM364,,GHOKWGTUZJEAQD,ok,other_reactant,other_reactant,other_reactant,,,,not_registry_matched,not_assessable,False,5,5
ecoli,poaac_c,Peroxyaminoacrylate,poaac,C20249,CHEBI:59892,MNXM3415,,WQKGFGLGYOHJOG,ok,other_reactant,other_reactant,other_reactant,,,,not_registry_matched,not_assessable,False,1,1
ecoli,ppa_c,Propionate (n-C3:0),ppa,,,MNXM162260,,XBDQKXXYIPTUBI,ok,other_reactant,other_reactant,other_reactant,,,,not_registry_matched,not_assessable,False,3,3
ecoli,ppa_e,Propionate (n-C3:0),ppa,,,MNXM162260,,XBDQKXXYIPTUBI,ok,other_reactant,other_reactant,other_reactant,,,,not_registry_matched,not_assessable,False,4,4
ecoli,ppa_p,Propionate (n-C3:0),ppa,,,MNXM162260,,XBDQKXXYIPTUBI,ok,other_reactant,other_reactant,other_reactant,,,,not_registry_matched,not_assessable,False,5,5
ecoli,ppal_c,Propanal,ppal,C00479,CHEBI:14898;CHEBI:17153;CHEBI:26281;CHEBI:41359;CHEBI:45052;CHEBI:8468,MNXM821,,NBBJYMSMWIIQGU,ok,other_reactant,other_reactant,other_reactant,,,,not_registry_matched,not_assessable,False,3,3
ecoli,ppal_e,Propanal,ppal,C00479,CHEBI:14898;CHEBI:17153;CHEBI:26281;CHEBI:41359;CHEBI:45052;CHEBI:8468,MNXM821,,NBBJYMSMWIIQGU,ok,other_reactant,other_reactant,other_reactant,,,,not_registry_matched,not_assessable,False,4,4
ecoli,ppal_p,Propanal,ppal,C00479,CHEBI:14898;CHEBI:17153;CHEBI:26281;CHEBI:41359;CHEBI:45052;CHEBI:8468,MNXM821,,NBBJYMSMWIIQGU,ok,other_reactant,other_reactant,other_reactant,,,,not_registry_matched,not_assessable,False,4,4
ecoli,ppap_c,Propanoyl phosphate,ppap,C02876,CHEBI:58933;CHEBI:8478,MNXM1499,,FMNMEQSRDWIBFO,ok,other_reactant,other_reactant,other_reactant,,,,not_registry_matched,not_assessable,False,1,1
ecoli,ppbng_c,Porphobilinogen,ppbng,C00931,CHEBI:14867;CHEBI:17381;CHEBI:26212;CHEBI:44832;CHEBI:58126;CHEBI:8335,MNXM554,,QSHWIQZFGQKFMA,ok,other_reactant,other_reactant,other_reactant,,,,not_registry_matched,not_assessable,False,1,1
ecoli,ppcoa_c,Propanoyl-CoA,ppcoa,C00100,CHEBI:14904;CHEBI:14907;CHEBI:15539;CHEBI:26295;CHEBI:57392;CHEBI:8479,MNXM86,,QAQREVBBADEHPA,ok,carrier_linked_metabolite,carrier_linked_metabolite,carrier_linked_variable,propionyl-CoA,bigg_ids:ppcoa;kegg_ids:c00100;metanetx_ids:mnxm86,bigg_ids;kegg_ids;metanetx_ids,multiple_evidence_types,not_assessable,False,4,4
ecoli,ppgpp_c,"Guanosine 3',5'-bis(diphosphate)",ppgpp,C01228,CHEBI:14376;CHEBI:14380;CHEBI:17633;CHEBI:24445;CHEBI:42747;CHEBI:5565;CHEBI:58215;CHEBI:77828,MNXM1189,,BUFLLCUFNHESEH,ok,other_reactant,other_reactant,other_reactant,,,,not_registry_matched,not_assessable,False,1,1
ecoli,pphn_c,Prephenate,pphn,C00254,CHEBI:14884;CHEBI:16666;CHEBI:26256;CHEBI:26257;CHEBI:29934;CHEBI:45028;CHEBI:57852;CHEBI:8399;CHEBI:84387,MNXM503,,FPWMCUPFBRFMLH,ok,other_reactant,other_reactant,other_reactant,,,,not_registry_matched,not_assessable,False,3,3
ecoli,ppi_c,Diphosphate,ppi,C00013,CHEBI:13420;CHEBI:18361;CHEBI:29888;CHEBI:33017;CHEBI:33018;CHEBI:33019;CHEBI:42009;CHEBI:45067;CHEBI:45208;CHEBI:45212;CHEBI:8683,MNXM11,,XPPKVPWEQAFLFU,ok,phosphate_currency,phosphate_currency,currency_or_cofactor,diphosphate,normalized_name;bigg_ids:ppi;kegg_ids:c00013;chebi_ids:chebi:33019;metanetx_ids:mnxm11;inchikey_connectivity:xppkvpweqaflfu,normalized_name;bigg_ids;kegg_ids;chebi_ids;metanetx_ids;inchikey_connectivity,multiple_evidence_types,consistent,False,7,7
ecoli,ppp9_c,Protoporphyrin,ppp9,C02191,CHEBI:14959;CHEBI:14960;CHEBI:14961;CHEBI:15430;CHEBI:26358;CHEBI:36159;CHEBI:57306;CHEBI:8592,MNXM346,,ZCFFYALKHPIRKJ,ok,other_reactant,other_reactant,other_reactant,,,,not_registry_matched,not_assessable,False,3,3
ecoli,pppg9_c,Protoporphyrinogen IX,pppg9,C01079,CHEBI:14962;CHEBI:15435;CHEBI:26359;CHEBI:26360;CHEBI:57307;CHEBI:8593,MNXM351,,UHSGPDMIQQYNAX,ok,other_reactant,other_reactant,other_reactant,,,,not_registry_matched,not_assessable,False,2,2
ecoli,pppi_c,Inorganic triphosphate,pppi,C00536,CHEBI:18036;CHEBI:29203;CHEBI:39942;CHEBI:39949;CHEBI:48313;CHEBI:48314;CHEBI:48315;CHEBI:48316;CHEBI:5926;CHEBI:9744,MNXM332,,UNXRWKVEANCORM,ok,other_reactant,other_reactant,other_reactant,,,,not_registry_matched,not_assessable,False,4,4
ecoli,pppn_c,Phenylpropanoate,pppn,C05629,CHEBI:20186;CHEBI:20187;CHEBI:26002;CHEBI:26005;CHEBI:28631;CHEBI:43112;CHEBI:51057;CHEBI:8103,MNXM1403,,XMIIGOLPHOKFCH,ok,other_reactant,other_reactant,other_reactant,,,,not_registry_matched,not_assessable,False,2,2
ecoli,pppn_e,Phenylpropanoate,pppn,C05629,CHEBI:20186;CHEBI:20187;CHEBI:26002;CHEBI:26005;CHEBI:28631;CHEBI:43112;CHEBI:51057;CHEBI:8103,MNXM1403,,XMIIGOLPHOKFCH,ok,other_reactant,other_reactant,other_reactant,,,,not_registry_matched,not_assessable,False,4,4
ecoli,pppn_p,Phenylpropanoate,pppn,C05629,CHEBI:20186;CHEBI:20187;CHEBI:26002;CHEBI:26005;CHEBI:28631;CHEBI:43112;CHEBI:51057;CHEBI:8103,MNXM1403,,XMIIGOLPHOKFCH,ok,other_reactant,other_reactant,other_reactant,,,,not_registry_matched,not_assessable,False,5,5
ecoli,ppt_e,Phosphonate,ppt,C06701,CHEBI:14820;CHEBI:16215;CHEBI:26066;CHEBI:26067;CHEBI:26081;CHEBI:29196;CHEBI:29197;CHEBI:29258;CHEBI:29259;CHEBI:33462;CHEBI:36361;CHEBI:39856;CHEBI:44976;CHEBI:45060;CHEBI:45064;CHEBI:8154,MNXM1683,,ABLZXFCXXLZCGV,ok,other_reactant,other_reactant,other_reactant,,,,not_registry_matched,not_assessable,False,4,4
ecoli,ppt_p,Phosphonate,ppt,C06701,CHEBI:14820;CHEBI:16215;CHEBI:26066;CHEBI:26067;CHEBI:26081;CHEBI:29196;CHEBI:29197;CHEBI:29258;CHEBI:29259;CHEBI:33462;CHEBI:36361;CHEBI:39856;CHEBI:44976;CHEBI:45060;CHEBI:45064;CHEBI:8154,MNXM1683,,ABLZXFCXXLZCGV,ok,other_reactant,other_reactant,other_reactant,,,,not_registry_matched,not_assessable,False,5,5
ecoli,pram_c,5-Phospho-beta-D-ribosylamine,pram,C03090,CHEBI:12161;CHEBI:20626;CHEBI:2123;CHEBI:37737;CHEBI:42834;CHEBI:58681,MNXM90003,,SKCBPEVYGOQGJN,ok,other_reactant,other_reactant,other_reactant,,,,not_registry_matched,not_assessable,False,1,1
ecoli,pran_c,N-(5-Phospho-D-ribosyl)anthranilate,pran,C04302,CHEBI:12431;CHEBI:12432;CHEBI:18277;CHEBI:21472;CHEBI:21488;CHEBI:7091,MNXM1489,,PMFMJXPRNJUYMB,ok,other_reactant,other_reactant,other_reactant,,,,not_registry_matched,not_assessable,False,1,1
ecoli,prbamp_c,1-(5-Phosphoribosyl)-AMP,prbamp,C02741,CHEBI:11195;CHEBI:18374;CHEBI:20628;CHEBI:37522;CHEBI:59457;CHEBI:7354;CHEBI:8166,MNXM1515,,RTQMRTSPTLIIHM,ok,other_reactant,other_reactant,other_reactant,,,,not_registry_matched,not_assessable,False,1,1
ecoli,prbatp_c,1-(5-Phosphoribosyl)-ATP,prbatp,C02739,CHEBI:11192;CHEBI:11196;CHEBI:18263;CHEBI:18970;CHEBI:58424;CHEBI:59460;CHEBI:73183;CHEBI:73200;CHEBI:8167,MNXM1351,,RKNHJBVBFHDXGR,ok,other_reactant,other_reactant,other_reactant,,,,not_registry_matched,not_assessable,False,1,1
ecoli,prcp_c,"5-phospho-?-D-ribose 1,2-cyclic phosphate",prcp,,,,,,missing_smiles,other_reactant,other_reactant,other_reactant,,,,not_registry_matched,not_assessable,False,1,1
ecoli,preq0_c,7-cyano-7-carbaguanine,preq0,C15996,CHEBI:45075;CHEBI:677358,MNXM2207,,FMKSMYDYKXQYRV,ok,other_reactant,other_reactant,other_reactant,,,,not_registry_matched,not_assessable,False,1,1
ecoli,prfp_c,1-(5-Phosphoribosyl)-5-[(5-phosphoribosylamino)methylideneamino]imidazole-4-carboxamide,prfp,C04896,CHEBI:11194;CHEBI:18302;CHEBI:2020;CHEBI:20528;CHEBI:58435;CHEBI:75912,MNXM1397,,QOUSHGMTBIIAHR,ok,other_reactant,other_reactant,other_reactant,,,,not_registry_matched,not_assessable,False,1,1
ecoli,prlp_c,5-[(5-phospho-1-deoxyribulos-1-ylamino)methylideneamino]-1-(5-phosphoribosyl)imidazole-4-carboxamide,prlp,C04916,CHEBI:12100;CHEBI:21471;CHEBI:27735;CHEBI:39698;CHEBI:58525;CHEBI:7090,MNXM1408,,BLKFNHOCHNCLII,ok,other_reactant,other_reactant,other_reactant,,,,not_registry_matched,not_assessable,False,2,2
ecoli,pro__L_c,L-Proline,pro__L,C00148;C16435,CHEBI:13154;CHEBI:17203;CHEBI:184637;CHEBI:21373;CHEBI:26271;CHEBI:32862;CHEBI:32864;CHEBI:32871;CHEBI:32872;CHEBI:42067;CHEBI:45040;CHEBI:45100;CHEBI:45159;CHEBI:58054;CHEBI:60039;CHEBI:6286,MNXM114,,ONIBWKKTOPOVIA,ok,other_reactant,other_reactant,other_reactant,,,,not_registry_matched,not_assessable,False,3,3
ecoli,pro__L_e,L-Proline,pro__L,C00148;C16435,CHEBI:13154;CHEBI:17203;CHEBI:184637;CHEBI:21373;CHEBI:26271;CHEBI:32862;CHEBI:32864;CHEBI:32871;CHEBI:32872;CHEBI:42067;CHEBI:45040;CHEBI:45100;CHEBI:45159;CHEBI:58054;CHEBI:60039;CHEBI:6286,MNXM114,,ONIBWKKTOPOVIA,ok,other_reactant,other_reactant,other_reactant,,,,not_registry_matched,not_assessable,False,4,4
ecoli,pro__L_p,L-Proline,pro__L,C00148;C16435,CHEBI:13154;CHEBI:17203;CHEBI:184637;CHEBI:21373;CHEBI:26271;CHEBI:32862;CHEBI:32864;CHEBI:32871;CHEBI:32872;CHEBI:42067;CHEBI:45040;CHEBI:45100;CHEBI:45159;CHEBI:58054;CHEBI:60039;CHEBI:6286,MNXM114,,ONIBWKKTOPOVIA,ok,other_reactant,other_reactant,other_reactant,,,,not_registry_matched,not_assessable,False,8,8
ecoli,progly_c,L-Prolinylglycine,progly,,CHEBI:61695;CHEBI:61696;CHEBI:73594,MNXM7481,,RNKSNIBMTUYWSH,ok,other_reactant,other_reactant,other_reactant,,,,not_registry_matched,not_assessable,False,4,4
ecoli,progly_e,L-Prolinylglycine,progly,,CHEBI:61695;CHEBI:61696;CHEBI:73594,MNXM7481,,RNKSNIBMTUYWSH,ok,other_reactant,other_reactant,other_reactant,,,,not_registry_matched,not_assessable,False,4,4
ecoli,progly_p,L-Prolinylglycine,progly,,CHEBI:61695;CHEBI:61696;CHEBI:73594,MNXM7481,,RNKSNIBMTUYWSH,ok,other_reactant,other_reactant,other_reactant,,,,not_registry_matched,not_assessable,False,5,5
ecoli,prpmn_c,?-D-ribose-1-methylphosphonate 5-phosphate,prpmn,,,,,,missing_smiles,other_reactant,other_reactant,other_reactant,,,,not_registry_matched,not_assessable,False,1,1
ecoli,prpp_c,5-Phospho-alpha-D-ribose 1-diphosphate,prpp,C00119,CHEBI:12159;CHEBI:12160;CHEBI:17111;CHEBI:20625;CHEBI:2121;CHEBI:45139;CHEBI:58017,MNXM91,,PQGCEDQWHSBAJP,ok,activated_sugar_precursor,activated_sugar_precursor,currency_or_cofactor,PRPP,bigg_ids:prpp;kegg_ids:c00119;chebi_ids:chebi:58017;metanetx_ids:mnxm91;inchikey_connectivity:pqgcedqwhsbajp,bigg_ids;kegg_ids;chebi_ids;metanetx_ids;inchikey_connectivity,multiple_evidence_types,consistent,False,14,14
ecoli,ps120_c,"Phosphatidylserine (didodecanoyl, n-C12:0)",ps120,,,MNXM7659,,,missing_smiles,other_reactant,other_reactant,other_reactant,,,,not_registry_matched,not_assessable,False,1,1
ecoli,ps140_c,"Phosphatidylserine (ditetradecanoyl, n-C14:0)",ps140,,,MNXM7665,,,missing_smiles,other_reactant,other_reactant,other_reactant,,,,not_registry_matched,not_assessable,False,1,1
ecoli,ps141_c,"Phosphatidylserine (ditetradec-7-enoyl, n-C14:1)",ps141,,,MNXM7664,,,missing_smiles,other_reactant,other_reactant,other_reactant,,,,not_registry_matched,not_assessable,False,1,1
ecoli,ps160_c,"Phosphatidylserine (dihexadecanoyl, n-C16:0)",ps160,,CHEBI:111515;CHEBI:84523,MNXM32181,,KLFKZIQAIPDJCW,ok,other_reactant,other_reactant,other_reactant,,,,not_registry_matched,not_assessable,False,1,1
ecoli,ps161_c,"Phosphatidylserine (dihexadec-9-enoyl, n-C16:1)",ps161,,,MNXM7660,,,missing_smiles,other_reactant,other_reactant,other_reactant,,,,not_registry_matched,not_assessable,False,1,1
ecoli,ps180_c,"Phosphatidylserine (dioctadecanoyl, n-C18:0)",ps180,,CHEBI:84519,MNXM75116,,TZCPCKNHXULUIY,ok,other_reactant,other_reactant,other_reactant,,,,not_registry_matched,not_assessable,False,1,1
ecoli,ps181_c,"Phosphatidylserine (dioctadec-11-enoyl, n-C18:1)",ps181,,,MNXM7662,,,missing_smiles,other_reactant,other_reactant,other_reactant,,,,not_registry_matched,not_assessable,False,1,1
ecoli,psclys_c,Psicoselysine,psclys,,CHEBI:61403;CHEBI:61425,MNXM6409,,BFSYFTQDGRDJNV,ok,other_reactant,other_reactant,other_reactant,,,,not_registry_matched,not_assessable,False,1,1
ecoli,psclys_e,Psicoselysine,psclys,,CHEBI:61403;CHEBI:61425,MNXM6409,,BFSYFTQDGRDJNV,ok,other_reactant,other_reactant,other_reactant,,,,not_registry_matched,not_assessable,False,4,4
ecoli,psclys_p,Psicoselysine,psclys,,CHEBI:61403;CHEBI:61425,MNXM6409,,BFSYFTQDGRDJNV,ok,other_reactant,other_reactant,other_reactant,,,,not_registry_matched,not_assessable,False,5,5
ecoli,psd5p_c,Pseudouridine 5  phosphate C9H11N2O9P,psd5p,,,MNXM148492,,,missing_smiles,other_reactant,other_reactant,other_reactant,,,,not_registry_matched,not_assessable,False,1,1
ecoli,pser__L_c,O-Phospho-L-serine,pser__L,C01005,CHEBI:12718;CHEBI:15811;CHEBI:21966;CHEBI:57524;CHEBI:7692,MNXM379,,BZQFBWGGLXLEPQ,ok,other_reactant,other_reactant,other_reactant,,,,not_registry_matched,not_assessable,False,1,1
ecoli,pser__L_e,O-Phospho-L-serine,pser__L,C01005,CHEBI:12718;CHEBI:15811;CHEBI:21966;CHEBI:57524;CHEBI:7692,MNXM379,,BZQFBWGGLXLEPQ,ok,other_reactant,other_reactant,other_reactant,,,,not_registry_matched,not_assessable,False,4,4
ecoli,pser__L_p,O-Phospho-L-serine,pser__L,C01005,CHEBI:12718;CHEBI:15811;CHEBI:21966;CHEBI:57524;CHEBI:7692,MNXM379,,BZQFBWGGLXLEPQ,ok,other_reactant,other_reactant,other_reactant,,,,not_registry_matched,not_assessable,False,6,6
ecoli,psuri_c,Pseudouridine,psuri,,,,,PTJWIQPHWPFNBW,ok,other_reactant,other_reactant,other_reactant,,,,not_registry_matched,not_assessable,False,1,1
ecoli,psuri_e,Pseudouridine,psuri,,,,,PTJWIQPHWPFNBW,ok,other_reactant,other_reactant,other_reactant,,,,not_registry_matched,not_assessable,False,4,4
ecoli,psuri_p,Pseudouridine,psuri,,,,,PTJWIQPHWPFNBW,ok,other_reactant,other_reactant,other_reactant,,,,not_registry_matched,not_assessable,False,5,5
ecoli,ptrc_c,Putrescine,ptrc,C00134,CHEBI:14972;CHEBI:17148;CHEBI:26405;CHEBI:326268;CHEBI:45092;CHEBI:8650,MNXM118,,KIDHWZJUCRJVML,ok,other_reactant,other_reactant,other_reactant,,,,not_registry_matched,not_assessable,False,4,4
ecoli,ptrc_e,Putrescine,ptrc,C00134,CHEBI:14972;CHEBI:17148;CHEBI:26405;CHEBI:326268;CHEBI:45092;CHEBI:8650,MNXM118,,KIDHWZJUCRJVML,ok,other_reactant,other_reactant,other_reactant,,,,not_registry_matched,not_assessable,False,4,4
ecoli,ptrc_p,Putrescine,ptrc,C00134,CHEBI:14972;CHEBI:17148;CHEBI:26405;CHEBI:326268;CHEBI:45092;CHEBI:8650,MNXM118,,KIDHWZJUCRJVML,ok,other_reactant,other_reactant,other_reactant,,,,not_registry_matched,not_assessable,False,11,11
ecoli,puacgam_c,"Poly-?-1,6-N-acetyl-D-glucosamine",puacgam,,,,,,missing_smiles,other_reactant,other_reactant,other_reactant,,,,not_registry_matched,not_assessable,False,2,2
ecoli,pyam5p_c,Pyridoxamine 5'-phosphate,pyam5p,C00647,CHEBI:14979;CHEBI:14980;CHEBI:18335;CHEBI:26427;CHEBI:45037;CHEBI:58451;CHEBI:8670,MNXM366,,ZMJGSOSNSPKHNH,ok,vitamin_cofactor,vitamin_cofactor,currency_or_cofactor,pyridoxamine 5-phosphate,normalized_name;bigg_ids:pyam5p;kegg_ids:c00647;inchikey_connectivity:zmjgsosnspkhnh,normalized_name;bigg_ids;kegg_ids;inchikey_connectivity,multiple_evidence_types,consistent,False,1,1
ecoli,pydam_c,Pyridoxamine,pydam,C00534,CHEBI:131533;CHEBI:14978;CHEBI:16410;CHEBI:26426;CHEBI:45228;CHEBI:57761;CHEBI:8669,MNXM548,,NHZMQXZHNVQTQA,ok,other_reactant,other_reactant,other_reactant,,,,not_registry_matched,not_assessable,False,1,1
ecoli,pydam_e,Pyridoxamine,pydam,C00534,CHEBI:131533;CHEBI:14978;CHEBI:16410;CHEBI:26426;CHEBI:45228;CHEBI:57761;CHEBI:8669,MNXM548,,NHZMQXZHNVQTQA,ok,other_reactant,other_reactant,other_reactant,,,,not_registry_matched,not_assessable,False,4,4
ecoli,pydam_p,Pyridoxamine,pydam,C00534,CHEBI:131533;CHEBI:14978;CHEBI:16410;CHEBI:26426;CHEBI:45228;CHEBI:57761;CHEBI:8669,MNXM548,,NHZMQXZHNVQTQA,ok,other_reactant,other_reactant,other_reactant,,,,not_registry_matched,not_assessable,False,4,4
ecoli,pydx5p_c,Pyridoxal 5'-phosphate,pydx5p,C00018,CHEBI:14977;CHEBI:18405;CHEBI:234571;CHEBI:26424;CHEBI:358848;CHEBI:45145;CHEBI:597326;CHEBI:8668,MNXM161,,NGVDGCNFYWLIFO,ok,vitamin_cofactor,vitamin_cofactor,currency_or_cofactor,pyridoxal 5-phosphate,bigg_ids:pydx5p;kegg_ids:c00018;chebi_ids:chebi:18405;inchikey_connectivity:ngvdgcnfywlifo,bigg_ids;kegg_ids;chebi_ids;inchikey_connectivity,multiple_evidence_types,consistent,False,8,8
ecoli,pydx_c,Pyridoxal,pydx,C00250,CHEBI:131530;CHEBI:14976;CHEBI:17310;CHEBI:26423;CHEBI:45112;CHEBI:8667,MNXM311,,RADKZDMFGJYCBB,ok,other_reactant,other_reactant,other_reactant,,,,not_registry_matched,not_assessable,False,2,2
ecoli,pydx_e,Pyridoxal,pydx,C00250,CHEBI:131530;CHEBI:14976;CHEBI:17310;CHEBI:26423;CHEBI:45112;CHEBI:8667,MNXM311,,RADKZDMFGJYCBB,ok,other_reactant,other_reactant,other_reactant,,,,not_registry_matched,not_assessable,False,4,4
ecoli,pydx_p,Pyridoxal,pydx,C00250,CHEBI:131530;CHEBI:14976;CHEBI:17310;CHEBI:26423;CHEBI:45112;CHEBI:8667,MNXM311,,RADKZDMFGJYCBB,ok,other_reactant,other_reactant,other_reactant,,,,not_registry_matched,not_assessable,False,4,4
ecoli,pydxn_c,Pyridoxine,pydxn,C00314,CHEBI:14981;CHEBI:16709;CHEBI:26429;CHEBI:8671,MNXM419,,LXNHXLLTXMVWPM,ok,other_reactant,other_reactant,other_reactant,,,,not_registry_matched,not_assessable,False,1,1
ecoli,pydxn_e,Pyridoxine,pydxn,C00314,CHEBI:14981;CHEBI:16709;CHEBI:26429;CHEBI:8671,MNXM419,,LXNHXLLTXMVWPM,ok,other_reactant,other_reactant,other_reactant,,,,not_registry_matched,not_assessable,False,4,4
ecoli,pydxn_p,Pyridoxine,pydxn,C00314,CHEBI:14981;CHEBI:16709;CHEBI:26429;CHEBI:8671,MNXM419,,LXNHXLLTXMVWPM,ok,other_reactant,other_reactant,other_reactant,,,,not_registry_matched,not_assessable,False,4,4
ecoli,pyr_c,Pyruvate,pyr,C00022,CHEBI:14987;CHEBI:15361;CHEBI:26462;CHEBI:26466;CHEBI:32816;CHEBI:45253;CHEBI:86354;CHEBI:8685,MNXM23,,LCTONWCANYUPML,ok,other_reactant,other_reactant,other_reactant,,,,not_registry_matched,not_assessable,False,25,25
ecoli,pyr_e,Pyruvate,pyr,C00022,CHEBI:14987;CHEBI:15361;CHEBI:26462;CHEBI:26466;CHEBI:32816;CHEBI:45253;CHEBI:86354;CHEBI:8685,MNXM23,,LCTONWCANYUPML,ok,other_reactant,other_reactant,other_reactant,,,,not_registry_matched,not_assessable,False,4,4
ecoli,pyr_p,Pyruvate,pyr,C00022,CHEBI:14987;CHEBI:15361;CHEBI:26462;CHEBI:26466;CHEBI:32816;CHEBI:45253;CHEBI:86354;CHEBI:8685,MNXM23,,LCTONWCANYUPML,ok,other_reactant,other_reactant,other_reactant,,,,not_registry_matched,not_assessable,False,4,4
ecoli,q8_c,Ubiquinone-8,q8,C17569,CHEBI:61683,MNXM232,,ICFIZJQGJAJRSU,ok,other_reactant,other_reactant,other_reactant,,,,not_registry_matched,not_assessable,False,26,26
ecoli,q8h2_c,Ubiquinol-8,q8h2,,CHEBI:61682,MNXM191,,LOJUQFSPYHMHEO,ok,other_reactant,other_reactant,other_reactant,,,,not_registry_matched,not_assessable,False,8,8
ecoli,quin_c,Quinate,quin,C00296,CHEBI:15000;CHEBI:17521;CHEBI:26489;CHEBI:26492;CHEBI:29751;CHEBI:8715,MNXM474,6508,AAWZDTNXLSGCEK,ok,other_reactant,other_reactant,other_reactant,,,,not_registry_matched,not_assessable,False,2,2
ecoli,quin_e,Quinate,quin,C00296,CHEBI:15000;CHEBI:17521;CHEBI:26489;CHEBI:26492;CHEBI:29751;CHEBI:8715,MNXM474,6508,AAWZDTNXLSGCEK,ok,other_reactant,other_reactant,other_reactant,,,,not_registry_matched,not_assessable,False,4,4
ecoli,quin_p,Quinate,quin,C00296,CHEBI:15000;CHEBI:17521;CHEBI:26489;CHEBI:26492;CHEBI:29751;CHEBI:8715,MNXM474,6508,AAWZDTNXLSGCEK,ok,other_reactant,other_reactant,other_reactant,,,,not_registry_matched,not_assessable,False,4,4
ecoli,quln_c,Quinolinate,quln,C03722,CHEBI:132942;CHEBI:14975;CHEBI:16675;CHEBI:26417;CHEBI:26418;CHEBI:29959;CHEBI:44529;CHEBI:46828;CHEBI:46832;CHEBI:46833;CHEBI:8663,MNXM555,,GJAWHXHKYYXBSV,ok,other_reactant,other_reactant,other_reactant,,,,not_registry_matched,not_assessable,False,1,1
ecoli,r15bp_c,"D-Ribose 1,5-bisphosphate",r15bp,C01151,CHEBI:13012;CHEBI:17994;CHEBI:21079;CHEBI:4234;CHEBI:58345;CHEBI:68688;CHEBI:68819,MNXM881,,AAAFZMYJJHWUPN,ok,other_reactant,other_reactant,other_reactant,,,,not_registry_matched,not_assessable,False,1,1
ecoli,r1p_c,Alpha-D-Ribose 1-phosphate,r1p,C00620,CHEBI:10269;CHEBI:12329;CHEBI:12330;CHEBI:16300;CHEBI:22412;CHEBI:45429;CHEBI:45482;CHEBI:57720,MNXM295,,YXJDFQJKERBOBM,ok,other_reactant,other_reactant,other_reactant,,,,not_registry_matched,not_assessable,False,8,8
ecoli,r2hglut_c,(R)-2-Hydroxyglutarate,r2hglut,,,,,HWXBTNAVRSUOJR,ok,other_reactant,other_reactant,other_reactant,,,,not_registry_matched,not_assessable,False,1,1
ecoli,r5p_c,Alpha-D-Ribose 5-phosphate,r5p,C03736,CHEBI:10270;CHEBI:12331;CHEBI:18189;CHEBI:22413,MNXM15900,,KTVPXOYAKDPRHY,ok,other_reactant,other_reactant,other_reactant,,,,not_registry_matched,not_assessable,False,12,12
ecoli,r5p_e,Alpha-D-Ribose 5-phosphate,r5p,C03736,CHEBI:10270;CHEBI:12331;CHEBI:18189;CHEBI:22413,MNXM15900,,KTVPXOYAKDPRHY,ok,other_reactant,other_reactant,other_reactant,,,,not_registry_matched,not_assessable,False,4,4
ecoli,r5p_p,Alpha-D-Ribose 5-phosphate,r5p,C03736,CHEBI:10270;CHEBI:12331;CHEBI:18189;CHEBI:22413,MNXM15900,,KTVPXOYAKDPRHY,ok,other_reactant,other_reactant,other_reactant,,,,not_registry_matched,not_assessable,False,6,6
ecoli,ragund_c,Rhamanosyl-N-acetylglucosamyl-undecaprenyl diphosphate,ragund,,,MNXM80754,,ORYXFVQODWYDMG,ok,other_reactant,other_reactant,other_reactant,,,,not_registry_matched,not_assessable,False,1,1
ecoli,rbflvrd_c,Reduced riboflavin,rbflvrd,C01007,CHEBI:17607;CHEBI:26527;CHEBI:8798,MNXM1246,,SGSVWAYHEWEQET,ok,other_reactant,other_reactant,other_reactant,,,,not_registry_matched,not_assessable,False,1,1
ecoli,rbl__D_c,D-Ribulose,rbl__D,C00309,CHEBI:13016;CHEBI:17173;CHEBI:21086;CHEBI:4241,MNXM41271,,ZAQJHHRNXZUBTE,ok,other_reactant,other_reactant,other_reactant,,,,not_registry_matched,not_assessable,False,1,1
ecoli,rbl__L_c,L-Ribulose,rbl__L,C00508,CHEBI:13163;CHEBI:16880;CHEBI:21382;CHEBI:6295,MNXM685,,ZAQJHHRNXZUBTE,ok,other_reactant,other_reactant,other_reactant,,,,not_registry_matched,not_assessable,False,2,2
ecoli,rdmbzi_c,"N1-(alpha-D-ribosyl)-5,6-dimethylbenzimidazole",rdmbzi,C05775,CHEBI:10329,MNXM1539,,HLRUKOJSWOKCPP,ok,other_reactant,other_reactant,other_reactant,,,,not_registry_matched,not_assessable,False,1,1
ecoli,rephaccoa_c,"Ring 1,2-epoxyphenylacetyl-CoA",rephaccoa,,,MNXM148501,,,missing_smiles,carrier_linked_metabolite,carrier_linked_metabolite,carrier_linked_variable,,normalized_name:coa_linked,normalized_name,name_only,not_assessable,False,1,1
ecoli,rfamp_e,Rifampin,rfamp,C06688,CHEBI:26577;CHEBI:28077;CHEBI:45308;CHEBI:71365;CHEBI:8858,MNXM80952,,JQXXHWHPUNPDRT,ok,other_reactant,other_reactant,other_reactant,,,,not_registry_matched,not_assessable,False,1,1
ecoli,rfamp_p,Rifampin,rfamp,C06688,CHEBI:26577;CHEBI:28077;CHEBI:45308;CHEBI:71365;CHEBI:8858,MNXM80952,,JQXXHWHPUNPDRT,ok,other_reactant,other_reactant,other_reactant,,,,not_registry_matched,not_assessable,False,3,3
ecoli,rhcys_c,S-Ribosyl-L-homocysteine,rhcys,C03539,CHEBI:12750;CHEBI:17575;CHEBI:22071;CHEBI:45383;CHEBI:58195;CHEBI:8968;CHEBI:90364,MNXM1777,,IQFWYNFDWRYSRA,ok,other_reactant,other_reactant,other_reactant,,,,not_registry_matched,not_assessable,False,1,1
ecoli,rhmn_c,L-rhamnonate,rhmn,,,,,NBFWIISVIFCMDK,ok,other_reactant,other_reactant,other_reactant,,,,not_registry_matched,not_assessable,False,1,1
ecoli,rib__D_c,D-Ribose,rib__D,C00121;C21057,CHEBI:13011;CHEBI:16988;CHEBI:21078;CHEBI:4233;CHEBI:46999;CHEBI:47006;CHEBI:47013,MNXM242,,HMFHBZSHGGEWLO,ok,other_reactant,other_reactant,other_reactant,,,,not_registry_matched,not_assessable,False,1,1
ecoli,rib__D_e,D-Ribose,rib__D,C00121;C21057,CHEBI:13011;CHEBI:16988;CHEBI:21078;CHEBI:4233;CHEBI:46999;CHEBI:47006;CHEBI:47013,MNXM242,,HMFHBZSHGGEWLO,ok,other_reactant,other_reactant,other_reactant,,,,not_registry_matched,not_assessable,False,4,4
ecoli,rib__D_p,D-Ribose,rib__D,C00121;C21057,CHEBI:13011;CHEBI:16988;CHEBI:21078;CHEBI:4233;CHEBI:46999;CHEBI:47006;CHEBI:47013,MNXM242,,HMFHBZSHGGEWLO,ok,other_reactant,other_reactant,other_reactant,,,,not_registry_matched,not_assessable,False,7,7
ecoli,ribflv_c,Riboflavin C17H20N4O6,ribflv,C00255,CHEBI:15044;CHEBI:17015;CHEBI:27299;CHEBI:45214;CHEBI:529204;CHEBI:57986;CHEBI:8843,MNXM270,,AUNGANRZJHBGPY,ok,other_reactant,other_reactant,other_reactant,,,,not_registry_matched,not_assessable,False,4,4
ecoli,rml1p_c,L-Rhamnulose 1-phosphate,rml1p,C01131,CHEBI:13162;CHEBI:17892;CHEBI:21381;CHEBI:58313;CHEBI:6294,MNXM1675,,KNYGWWDTPGSEPD,ok,other_reactant,other_reactant,other_reactant,,,,not_registry_matched,not_assessable,False,1,1
ecoli,rml_c,L-Rhamnulose,rml,C00861,CHEBI:13161;CHEBI:17897;CHEBI:21380;CHEBI:58316;CHEBI:6293,MNXM1750,,QZNPNKJXABGCRC,ok,other_reactant,other_reactant,other_reactant,,,,not_registry_matched,not_assessable,False,2,2
ecoli,rmn_c,L-Rhamnose,rmn,C00507,CHEBI:13160;CHEBI:16055;CHEBI:21378;CHEBI:26546;CHEBI:45427;CHEBI:57622;CHEBI:62345;CHEBI:62346;CHEBI:6292,MNXM2967,,SHZGCJCMOBCMKK,ok,other_reactant,other_reactant,other_reactant,,,,not_registry_matched,not_assessable,False,1,1
ecoli,rmn_e,L-Rhamnose,rmn,C00507,CHEBI:13160;CHEBI:16055;CHEBI:21378;CHEBI:26546;CHEBI:45427;CHEBI:57622;CHEBI:62345;CHEBI:62346;CHEBI:6292,MNXM2967,,SHZGCJCMOBCMKK,ok,other_reactant,other_reactant,other_reactant,,,,not_registry_matched,not_assessable,False,4,4
ecoli,rmn_p,L-Rhamnose,rmn,C00507,CHEBI:13160;CHEBI:16055;CHEBI:21378;CHEBI:26546;CHEBI:45427;CHEBI:57622;CHEBI:62345;CHEBI:62346;CHEBI:6292,MNXM2967,,SHZGCJCMOBCMKK,ok,other_reactant,other_reactant,other_reactant,,,,not_registry_matched,not_assessable,False,5,5
ecoli,rpntp_c,?-D-ribose-1-methylphosphonate-5-triphosphate,rpntp,,,,,,missing_smiles,other_reactant,other_reactant,other_reactant,,,,not_registry_matched,not_assessable,False,1,1
ecoli,ru5p__D_c,D-Ribulose 5-phosphate,ru5p__D,C00199,CHEBI:13018;CHEBI:13040;CHEBI:17363;CHEBI:21088;CHEBI:26572;CHEBI:37455;CHEBI:40192;CHEBI:4243;CHEBI:58121,MNXM145,,FNZLKVNUWIIPSJ,ok,other_reactant,other_reactant,other_reactant,,,,not_registry_matched,not_assessable,False,7,7
ecoli,ru5p__L_c,L-Ribulose 5-phosphate,ru5p__L,C01101,CHEBI:13164;CHEBI:17666;CHEBI:21383;CHEBI:58226;CHEBI:6296,MNXM901,,FNZLKVNUWIIPSJ,ok,other_reactant,other_reactant,other_reactant,,,,not_registry_matched,not_assessable,False,3,3
ecoli,s17bp_c,"Sedoheptulose 1,7-bisphosphate",s17bp,C00447,CHEBI:15072;CHEBI:17969;CHEBI:26620;CHEBI:58335;CHEBI:9081,MNXM1294,,OKHXOUGRECCASI,ok,other_reactant,other_reactant,other_reactant,,,,not_registry_matched,not_assessable,False,1,1
ecoli,s7p_c,Sedoheptulose 7-phosphate,s7p,C05382,CHEBI:15073;CHEBI:15074;CHEBI:15721;CHEBI:26621;CHEBI:4244;CHEBI:57483;CHEBI:9083,MNXM271,,JDTUMPKOJBQPKX,ok,other_reactant,other_reactant,other_reactant,,,,not_registry_matched,not_assessable,False,6,6
ecoli,sarcs_c,Sarcosine C3H7NO2,sarcs,C00213,CHEBI:10876;CHEBI:12609;CHEBI:15065;CHEBI:15611;CHEBI:21765;CHEBI:45381;CHEBI:45442;CHEBI:45531;CHEBI:45614;CHEBI:46842;CHEBI:46915;CHEBI:57433;CHEBI:9029,MNXM300,,FSYKKLYZXJSNPZ,ok,other_reactant,other_reactant,other_reactant,,,,not_registry_matched,not_assessable,False,1,1
ecoli,sbt6p_c,D-Sorbitol 6-phosphate,sbt6p,C01096,CHEBI:13021;CHEBI:15094;CHEBI:17044;CHEBI:17116;CHEBI:21093;CHEBI:4247;CHEBI:45426;CHEBI:60084;CHEBI:9202,MNXM393,,GACTWZZMVMUKNG,ok,other_reactant,other_reactant,other_reactant,,,,not_registry_matched,not_assessable,False,1,1
ecoli,sbt__D_e,D-Sorbitol,sbt__D,C00794,CHEBI:12954;CHEBI:13020;CHEBI:15093;CHEBI:17220;CHEBI:17924;CHEBI:21091;CHEBI:26724;CHEBI:26726;CHEBI:30911;CHEBI:33795;CHEBI:33796;CHEBI:4246;CHEBI:45559;CHEBI:87978;CHEBI:9201,MNXM469,,FBPFZTCFMRRESA,ok,other_reactant,other_reactant,other_reactant,,,,not_registry_matched,not_assessable,False,4,4
ecoli,sbt__D_p,D-Sorbitol,sbt__D,C00794,CHEBI:12954;CHEBI:13020;CHEBI:15093;CHEBI:17220;CHEBI:17924;CHEBI:21091;CHEBI:26724;CHEBI:26726;CHEBI:30911;CHEBI:33795;CHEBI:33796;CHEBI:4246;CHEBI:45559;CHEBI:87978;CHEBI:9201,MNXM469,,FBPFZTCFMRRESA,ok,other_reactant,other_reactant,other_reactant,,,,not_registry_matched,not_assessable,False,5,5
ecoli,sbzcoa_c,O-Succinylbenzoyl-CoA,sbzcoa,C03160,CHEBI:12700;CHEBI:1279;CHEBI:12836;CHEBI:15509;CHEBI:19779;CHEBI:57364,MNXM1132,,AVOVYFCDODUXLY,ok,carrier_linked_metabolite,carrier_linked_metabolite,carrier_linked_variable,,normalized_name:coa_linked,normalized_name,name_only,not_assessable,False,1,1
ecoli,scl_c,Sirohydrochlorin,scl,C05778,CHEBI:15090;CHEBI:18023;CHEBI:26691;CHEBI:58351;CHEBI:9167,MNXM863,,AVBHZKNQGDKVEA,ok,other_reactant,other_reactant,other_reactant,,,,not_registry_matched,not_assessable,False,1,1
ecoli,sel_c,Selenate,sel,C05697,CHEBI:15075;CHEBI:18170;CHEBI:26624;CHEBI:33490;CHEBI:9088,MNXM2282,,QYHFIVBSNOWOCQ,ok,other_reactant,other_reactant,other_reactant,,,,not_registry_matched,not_assessable,False,1,1
ecoli,sel_e,Selenate,sel,C05697,CHEBI:15075;CHEBI:18170;CHEBI:26624;CHEBI:33490;CHEBI:9088,MNXM2282,,QYHFIVBSNOWOCQ,ok,other_reactant,other_reactant,other_reactant,,,,not_registry_matched,not_assessable,False,4,4
ecoli,sel_p,Selenate,sel,C05697,CHEBI:15075;CHEBI:18170;CHEBI:26624;CHEBI:33490;CHEBI:9088,MNXM2282,,QYHFIVBSNOWOCQ,ok,other_reactant,other_reactant,other_reactant,,,,not_registry_matched,not_assessable,False,6,6
ecoli,seln_c,Selenide,seln,C01528,CHEBI:15076;CHEBI:16503;CHEBI:24638;CHEBI:29317;CHEBI:30485;CHEBI:30486;CHEBI:47675;CHEBI:9089,MNXM92652,,SPVXKVOXSXTJOY,ok,other_reactant,other_reactant,other_reactant,,,,not_registry_matched,not_assessable,False,1,1
ecoli,ser__D_c,D-Serine,ser__D,C00740,CHEBI:13019;CHEBI:143888;CHEBI:16523;CHEBI:21090;CHEBI:32840;CHEBI:32841;CHEBI:35247;CHEBI:42262;CHEBI:4245,MNXM694,,MTCFGRXMJLQNBG,ok,other_reactant,other_reactant,other_reactant,,,,not_registry_matched,not_assessable,False,2,2
ecoli,ser__D_e,D-Serine,ser__D,C00740,CHEBI:13019;CHEBI:143888;CHEBI:16523;CHEBI:21090;CHEBI:32840;CHEBI:32841;CHEBI:35247;CHEBI:42262;CHEBI:4245,MNXM694,,MTCFGRXMJLQNBG,ok,other_reactant,other_reactant,other_reactant,,,,not_registry_matched,not_assessable,False,4,4
ecoli,ser__D_p,D-Serine,ser__D,C00740,CHEBI:13019;CHEBI:143888;CHEBI:16523;CHEBI:21090;CHEBI:32840;CHEBI:32841;CHEBI:35247;CHEBI:42262;CHEBI:4245,MNXM694,,MTCFGRXMJLQNBG,ok,other_reactant,other_reactant,other_reactant,,,,not_registry_matched,not_assessable,False,5,5
ecoli,ser__L_c,L-Serine,ser__L,C00065;C00716,CHEBI:13167;CHEBI:15081;CHEBI:17115;CHEBI:17822;CHEBI:21387;CHEBI:26648;CHEBI:32836;CHEBI:32837;CHEBI:32845;CHEBI:32846;CHEBI:33384;CHEBI:35243;CHEBI:45440;CHEBI:45451;CHEBI:45590;CHEBI:45597;CHEBI:45677;CHEBI:6301;CHEBI:9116,MNXM53,,MTCFGRXMJLQNBG,ok,other_reactant,other_reactant,other_reactant,,,,not_registry_matched,not_assessable,False,19,19
ecoli,ser__L_e,L-Serine,ser__L,C00065;C00716,CHEBI:13167;CHEBI:15081;CHEBI:17115;CHEBI:17822;CHEBI:21387;CHEBI:26648;CHEBI:32836;CHEBI:32837;CHEBI:32845;CHEBI:32846;CHEBI:33384;CHEBI:35243;CHEBI:45440;CHEBI:45451;CHEBI:45590;CHEBI:45597;CHEBI:45677;CHEBI:6301;CHEBI:9116,MNXM53,,MTCFGRXMJLQNBG,ok,other_reactant,other_reactant,other_reactant,,,,not_registry_matched,not_assessable,False,4,4
ecoli,ser__L_p,L-Serine,ser__L,C00065;C00716,CHEBI:13167;CHEBI:15081;CHEBI:17115;CHEBI:17822;CHEBI:21387;CHEBI:26648;CHEBI:32836;CHEBI:32837;CHEBI:32845;CHEBI:32846;CHEBI:33384;CHEBI:35243;CHEBI:45440;CHEBI:45451;CHEBI:45590;CHEBI:45597;CHEBI:45677;CHEBI:6301;CHEBI:9116,MNXM53,,MTCFGRXMJLQNBG,ok,other_reactant,other_reactant,other_reactant,,,,not_registry_matched,not_assessable,False,7,7
ecoli,seramp_c,L-seryl-AMP,seramp,C05820,CHEBI:286;CHEBI:61231;CHEBI:61645,MNXM114390,,UVSYURUCZPPUQD,ok,other_reactant,other_reactant,other_reactant,,,,not_registry_matched,not_assessable,False,2,2
ecoli,sf_c,6-deoxy-6-sulphofructose,sf,,,,,QTQNAYQDKCBJTC,ok,other_reactant,other_reactant,other_reactant,,,,not_registry_matched,not_assessable,False,1,1
ecoli,sfp_c,6-deoxy-6-sulphofructose 1-phosphate,sfp,,,,,IZVMCURFIBVEOJ,ok,other_reactant,other_reactant,other_reactant,,,,not_registry_matched,not_assessable,False,1,1
ecoli,skm5p_c,Shikimate 5-phosphate,skm5p,C03175,CHEBI:11886;CHEBI:145989;CHEBI:15084;CHEBI:17052;CHEBI:20195;CHEBI:9134,MNXM1265,,QYOJSKGCWNAKGW,ok,other_reactant,other_reactant,other_reactant,,,,not_registry_matched,not_assessable,False,1,1
ecoli,skm_c,Shikimate,skm,C00493,CHEBI:15083;CHEBI:16119;CHEBI:26662;CHEBI:26663;CHEBI:26664;CHEBI:36208;CHEBI:45740;CHEBI:9133,MNXM602,,JXOHGGNKMLTUBP,ok,other_reactant,other_reactant,other_reactant,,,,not_registry_matched,not_assessable,False,2,2
ecoli,skm_e,Shikimate,skm,C00493,CHEBI:15083;CHEBI:16119;CHEBI:26662;CHEBI:26663;CHEBI:26664;CHEBI:36208;CHEBI:45740;CHEBI:9133,MNXM602,,JXOHGGNKMLTUBP,ok,other_reactant,other_reactant,other_reactant,,,,not_registry_matched,not_assessable,False,4,4
ecoli,skm_p,Shikimate,skm,C00493,CHEBI:15083;CHEBI:16119;CHEBI:26662;CHEBI:26663;CHEBI:26664;CHEBI:36208;CHEBI:45740;CHEBI:9133,MNXM602,,JXOHGGNKMLTUBP,ok,other_reactant,other_reactant,other_reactant,,,,not_registry_matched,not_assessable,False,5,5
ecoli,sl26da_c,"N-Succinyl-LL-2,6-diaminoheptanedioate",sl26da,C04421,CHEBI:12617;CHEBI:12618;CHEBI:17279;CHEBI:21791;CHEBI:21792;CHEBI:58087;CHEBI:7342,MNXM1488,,GLXUWZBUPATPBR,ok,other_reactant,other_reactant,other_reactant,,,,not_registry_matched,not_assessable,False,6,6
ecoli,sl2a6o_c,N-Succinyl-2-L-amino-6-oxoheptanedioate,sl2a6o,C04462,CHEBI:10967;CHEBI:12616;CHEBI:15685;CHEBI:21789;CHEBI:21790;CHEBI:35266;CHEBI:7340,MNXM1563,,SDVXSCSNVVZWDD,ok,other_reactant,other_reactant,other_reactant,,,,not_registry_matched,not_assessable,False,5,5
ecoli,sla_c,Sulpholactaldehyde,sla,,,,,GVEIZEMJOBQMCQ,ok,other_reactant,other_reactant,other_reactant,,,,not_registry_matched,not_assessable,False,1,1
ecoli,slnt_e,Selenite,slnt,C05684,CHEBI:15077;CHEBI:18212;CHEBI:26642;CHEBI:29924;CHEBI:9090,MNXM1157,,MCAHWIHFGHIESP,ok,other_reactant,other_reactant,other_reactant,,,,not_registry_matched,not_assessable,False,4,4
ecoli,slnt_p,Selenite,slnt,C05684,CHEBI:15077;CHEBI:18212;CHEBI:26642;CHEBI:29924;CHEBI:9090,MNXM1157,,MCAHWIHFGHIESP,ok,other_reactant,other_reactant,other_reactant,,,,not_registry_matched,not_assessable,False,6,6
ecoli,so2_c,Sulfur dioxide,so2,C09306,CHEBI:18422;CHEBI:45789;CHEBI:8992;CHEBI:9351,MNXM4835,,RAHZWNYVWXNFOC,ok,other_reactant,other_reactant,other_reactant,,,,not_registry_matched,not_assessable,False,1,1
ecoli,so2_e,Sulfur dioxide,so2,C09306,CHEBI:18422;CHEBI:45789;CHEBI:8992;CHEBI:9351,MNXM4835,,RAHZWNYVWXNFOC,ok,other_reactant,other_reactant,other_reactant,,,,not_registry_matched,not_assessable,False,4,4
ecoli,so2_p,Sulfur dioxide,so2,C09306,CHEBI:18422;CHEBI:45789;CHEBI:8992;CHEBI:9351,MNXM4835,,RAHZWNYVWXNFOC,ok,other_reactant,other_reactant,other_reactant,,,,not_registry_matched,not_assessable,False,5,5
ecoli,so3_c,Sulfite,so3,C00094;C11481,CHEBI:13367;CHEBI:15139;CHEBI:17137;CHEBI:17359;CHEBI:26837;CHEBI:29214;CHEBI:33543;CHEBI:45548;CHEBI:48854;CHEBI:5598;CHEBI:9344,MNXM105630,,LSNNMFCWUKXFEE,ok,other_reactant,other_reactant,other_reactant,,,,not_registry_matched,not_assessable,False,1,1
ecoli,so3_e,Sulfite,so3,C00094;C11481,CHEBI:13367;CHEBI:15139;CHEBI:17137;CHEBI:17359;CHEBI:26837;CHEBI:29214;CHEBI:33543;CHEBI:45548;CHEBI:48854;CHEBI:5598;CHEBI:9344,MNXM105630,,LSNNMFCWUKXFEE,ok,other_reactant,other_reactant,other_reactant,,,,not_registry_matched,not_assessable,False,4,4
ecoli,so3_p,Sulfite,so3,C00094;C11481,CHEBI:13367;CHEBI:15139;CHEBI:17137;CHEBI:17359;CHEBI:26837;CHEBI:29214;CHEBI:33543;CHEBI:45548;CHEBI:48854;CHEBI:5598;CHEBI:9344,MNXM105630,,LSNNMFCWUKXFEE,ok,other_reactant,other_reactant,other_reactant,,,,not_registry_matched,not_assessable,False,4,4
ecoli,so4_c,Sulfate,so4,C00059,CHEBI:15135;CHEBI:16189;CHEBI:26836;CHEBI:29199;CHEBI:45687;CHEBI:45693;CHEBI:45696;CHEBI:9335,MNXM58,,QAOWNCQODCNURD,ok,other_reactant,other_reactant,other_reactant,,,,not_registry_matched,not_assessable,False,1,1
ecoli,so4_e,Sulfate,so4,C00059,CHEBI:15135;CHEBI:16189;CHEBI:26836;CHEBI:29199;CHEBI:45687;CHEBI:45693;CHEBI:45696;CHEBI:9335,MNXM58,,QAOWNCQODCNURD,ok,other_reactant,other_reactant,other_reactant,,,,not_registry_matched,not_assessable,False,4,4
ecoli,so4_p,Sulfate,so4,C00059,CHEBI:15135;CHEBI:16189;CHEBI:26836;CHEBI:29199;CHEBI:45687;CHEBI:45693;CHEBI:45696;CHEBI:9335,MNXM58,,QAOWNCQODCNURD,ok,other_reactant,other_reactant,other_reactant,,,,not_registry_matched,not_assessable,False,8,8
ecoli,spmd_c,Spermidine,spmd,C00315,CHEBI:15095;CHEBI:15097;CHEBI:16610;CHEBI:26732;CHEBI:26733;CHEBI:45647;CHEBI:57834;CHEBI:9218,MNXM124,,ATHGHQPFGPMSJY,ok,other_reactant,other_reactant,other_reactant,,,,not_registry_matched,not_assessable,False,4,4
ecoli,spmd_e,Spermidine,spmd,C00315,CHEBI:15095;CHEBI:15097;CHEBI:16610;CHEBI:26732;CHEBI:26733;CHEBI:45647;CHEBI:57834;CHEBI:9218,MNXM124,,ATHGHQPFGPMSJY,ok,other_reactant,other_reactant,other_reactant,,,,not_registry_matched,not_assessable,False,4,4
ecoli,spmd_p,Spermidine,spmd,C00315,CHEBI:15095;CHEBI:15097;CHEBI:16610;CHEBI:26732;CHEBI:26733;CHEBI:45647;CHEBI:57834;CHEBI:9218,MNXM124,,ATHGHQPFGPMSJY,ok,other_reactant,other_reactant,other_reactant,,,,not_registry_matched,not_assessable,False,6,6
ecoli,sq_c,Sulphoquinovose,sq,,,,,QFBWOLBPVQLZEH,ok,other_reactant,other_reactant,other_reactant,,,,not_registry_matched,not_assessable,False,1,1
ecoli,sq_e,Sulphoquinovose,sq,,,,,QFBWOLBPVQLZEH,ok,other_reactant,other_reactant,other_reactant,,,,not_registry_matched,not_assessable,False,1,1
ecoli,sq_p,Sulphoquinovose,sq,,,,,QFBWOLBPVQLZEH,ok,other_reactant,other_reactant,other_reactant,,,,not_registry_matched,not_assessable,False,2,2
ecoli,sqg_c,1-(?-D-sulfoquinovosyl)glycerol,sqg,,,,,,missing_smiles,other_reactant,other_reactant,other_reactant,,,,not_registry_matched,not_assessable,False,1,1
ecoli,stcoa_c,Stearoyl-CoA (n-C18:0CoA),stcoa,C00412,CHEBI:15107;CHEBI:15541;CHEBI:26754;CHEBI:57394;CHEBI:9256,MNXM272,,SIARJEKBADXQJG,ok,carrier_linked_metabolite,carrier_linked_metabolite,carrier_linked_variable,,normalized_name:coa_linked,normalized_name,name_only,not_assessable,False,2,2
ecoli,sucarg_c,N2-Succinyl-L-arginine,sucarg,C03296,CHEBI:12637;CHEBI:17705;CHEBI:21819;CHEBI:58241;CHEBI:7372,MNXM1756,,UMOXFSXIFQOWTD,ok,other_reactant,other_reactant,other_reactant,,,,not_registry_matched,not_assessable,False,1,1
ecoli,sucbz_c,O-Succinylbenzoate,sucbz,C02730,CHEBI:1278;CHEBI:12835;CHEBI:18325;CHEBI:19778;CHEBI:37026;CHEBI:44787;CHEBI:44788,MNXM1212,,YIVWQNVQRXFZJB,ok,other_reactant,other_reactant,other_reactant,,,,not_registry_matched,not_assessable,False,1,1
ecoli,succ_c,Succinate,succ,C00042,CHEBI:132287;CHEBI:15125;CHEBI:15741;CHEBI:22941;CHEBI:22943;CHEBI:26803;CHEBI:26807;CHEBI:30031;CHEBI:30779;CHEBI:45639;CHEBI:90372;CHEBI:9304,MNXM25,,KDYFGRWQOYBRFD,ok,other_reactant,other_reactant,other_reactant,,,,not_registry_matched,not_assessable,False,17,17
ecoli,succ_e,Succinate,succ,C00042,CHEBI:132287;CHEBI:15125;CHEBI:15741;CHEBI:22941;CHEBI:22943;CHEBI:26803;CHEBI:26807;CHEBI:30031;CHEBI:30779;CHEBI:45639;CHEBI:90372;CHEBI:9304,MNXM25,,KDYFGRWQOYBRFD,ok,other_reactant,other_reactant,other_reactant,,,,not_registry_matched,not_assessable,False,4,4
ecoli,succ_p,Succinate,succ,C00042,CHEBI:132287;CHEBI:15125;CHEBI:15741;CHEBI:22941;CHEBI:22943;CHEBI:26803;CHEBI:26807;CHEBI:30031;CHEBI:30779;CHEBI:45639;CHEBI:90372;CHEBI:9304,MNXM25,,KDYFGRWQOYBRFD,ok,other_reactant,other_reactant,other_reactant,,,,not_registry_matched,not_assessable,False,20,20
ecoli,succoa_c,Succinyl-CoA,succoa,C00091,CHEBI:10746;CHEBI:15127;CHEBI:15380;CHEBI:26811;CHEBI:45541;CHEBI:57292;CHEBI:9310,MNXM92,,VNOYUJKHFWYWIR,ok,carrier_linked_metabolite,carrier_linked_metabolite,carrier_linked_variable,succinyl-CoA,normalized_name;bigg_ids:succoa;kegg_ids:c00091;chebi_ids:chebi:57292;metanetx_ids:mnxm92,normalized_name;bigg_ids;kegg_ids;chebi_ids;metanetx_ids,multiple_evidence_types,not_assessable,False,5,5
ecoli,sucglu_c,N2-Succinyl-L-glutamate,sucglu,C05931,CHEBI:21821;CHEBI:48957;CHEBI:58763;CHEBI:7373,MNXM1757,,JCNBNOQGFSXOML,ok,other_reactant,other_reactant,other_reactant,,,,not_registry_matched,not_assessable,False,1,1
ecoli,sucgsa_c,N2-Succinyl-L-glutamate 5-semialdehyde,sucgsa,C05932,CHEBI:21820;CHEBI:27657;CHEBI:58520;CHEBI:7374,MNXM1763,,XTOKIEIBKARFSZ,ok,other_reactant,other_reactant,other_reactant,,,,not_registry_matched,not_assessable,False,1,1
ecoli,suchms_c,O-Succinyl-L-homoserine,suchms,C01118,CHEBI:12699;CHEBI:12723;CHEBI:16160;CHEBI:21975;CHEBI:57661;CHEBI:7704,MNXM820,,GNISQJGXJIDKDJ,ok,other_reactant,other_reactant,other_reactant,,,,not_registry_matched,not_assessable,False,1,1
ecoli,sucorn_c,N2-Succinyl-L-ornithine,sucorn,C03415,CHEBI:21822;CHEBI:27574;CHEBI:45896;CHEBI:58514;CHEBI:7375,MNXM1152,,VWXQFHJBQHTHMK,ok,other_reactant,other_reactant,other_reactant,,,,not_registry_matched,not_assessable,False,1,1
ecoli,sucr_e,Sucrose C12H22O11,sucr,C00089,CHEBI:15128;CHEBI:17992;CHEBI:26812;CHEBI:45795;CHEBI:9314,MNXM167,,CZMRCDWAGMRECN,ok,other_reactant,other_reactant,other_reactant,,,,not_registry_matched,not_assessable,False,4,4
ecoli,sucr_p,Sucrose C12H22O11,sucr,C00089,CHEBI:15128;CHEBI:17992;CHEBI:26812;CHEBI:45795;CHEBI:9314,MNXM167,,CZMRCDWAGMRECN,ok,other_reactant,other_reactant,other_reactant,,,,not_registry_matched,not_assessable,False,5,5
ecoli,sucsal_c,Succinic semialdehyde,sucsal,C00232,CHEBI:15126;CHEBI:16265;CHEBI:26804;CHEBI:26805;CHEBI:57706;CHEBI:9305,MNXM172,,UIUJIQZEACWQSV,ok,other_reactant,other_reactant,other_reactant,,,,not_registry_matched,not_assessable,False,4,4
ecoli,sufbcd_2fe2s2_c,SufBCD with two bound [2Fe-2S] clusters,sufbcd_2fe2s2,,,MNXM148512,,,missing_smiles,other_reactant,other_reactant,other_reactant,,,,not_registry_matched,not_assessable,False,1,1
ecoli,sufbcd_2fe2s_c,SufBCD with bound [2Fe-2S] cluster,sufbcd_2fe2s,,,MNXM147308,,,missing_smiles,other_reactant,other_reactant,other_reactant,,,,not_registry_matched,not_assessable,False,2,2
ecoli,sufbcd_4fe4s_c,SufBCD with bound [4Fe-4S] cluster,sufbcd_4fe4s,,,MNXM148511,,,missing_smiles,other_reactant,other_reactant,other_reactant,,,,not_registry_matched,not_assessable,False,1,1
ecoli,sufbcd_c,SufBCD scaffold complex,sufbcd,,,MNXM147307,,,missing_smiles,other_reactant,other_reactant,other_reactant,,,,not_registry_matched,not_assessable,False,2,2
ecoli,sufse_c,SufSE sulfur acceptor complex,sufse,,,MNXM147309,,,missing_smiles,other_reactant,other_reactant,other_reactant,,,,not_registry_matched,not_assessable,False,1,1
ecoli,sufsesh_c,SufSE with bound sulfur,sufsesh,,,MNXM147310,,,missing_smiles,other_reactant,other_reactant,other_reactant,,,,not_registry_matched,not_assessable,False,3,3
ecoli,sulfac_c,Sulfoacetate,sulfac,C14179,CHEBI:34987;CHEBI:49876;CHEBI:50519;CHEBI:58824,MNXM1949,,AGGIJOLULBJGTQ,ok,other_reactant,other_reactant,other_reactant,,,,not_registry_matched,not_assessable,False,1,1
ecoli,sulfac_e,Sulfoacetate,sulfac,C14179,CHEBI:34987;CHEBI:49876;CHEBI:50519;CHEBI:58824,MNXM1949,,AGGIJOLULBJGTQ,ok,other_reactant,other_reactant,other_reactant,,,,not_registry_matched,not_assessable,False,4,4
ecoli,sulfac_p,Sulfoacetate,sulfac,C14179,CHEBI:34987;CHEBI:49876;CHEBI:50519;CHEBI:58824,MNXM1949,,AGGIJOLULBJGTQ,ok,other_reactant,other_reactant,other_reactant,,,,not_registry_matched,not_assessable,False,5,5
ecoli,t3c11vaceACP_c,Trans-3-cis-11-vacceoyl-[acyl-carrier protein],t3c11vaceACP,,,MNXM5958,,,missing_smiles,other_reactant,other_reactant,other_reactant,,,,not_registry_matched,not_assessable,False,2,2
ecoli,t3c5ddeceACP_c,Trans-3-cis-5-dodecenoyl-[acyl-carrier protein],t3c5ddeceACP,,,MNXM5959,,,missing_smiles,other_reactant,other_reactant,other_reactant,,,,not_registry_matched,not_assessable,False,2,2
ecoli,t3c7mrseACP_c,Trans-3-cis-7-myristoleoyl-[acyl-carrier protein],t3c7mrseACP,,,MNXM5960,,,missing_smiles,other_reactant,other_reactant,other_reactant,,,,not_registry_matched,not_assessable,False,2,2
ecoli,t3c9palmeACP_c,Trans-3-cis-9-palmitoleoyl-[acyl-carrier protein],t3c9palmeACP,,,MNXM5961,,,missing_smiles,other_reactant,other_reactant,other_reactant,,,,not_registry_matched,not_assessable,False,2,2
ecoli,tag6p__D_c,D-Tagatose 6-phosphate,tag6p__D,C01097,CHEBI:13025;CHEBI:17837;CHEBI:21097;CHEBI:4251;CHEBI:58695,MNXM795,,BGWGXPAPYGQALX,ok,other_reactant,other_reactant,other_reactant,,,,not_registry_matched,not_assessable,False,2,2
ecoli,tagdp__D_c,"D-Tagatose 1,6-biphosphate",tagdp__D,C03785,CHEBI:13024;CHEBI:16743;CHEBI:21096;CHEBI:4250;CHEBI:58694,MNXM1324,,RNBGYGVWRKECFJ,ok,other_reactant,other_reactant,other_reactant,,,,not_registry_matched,not_assessable,False,2,2
ecoli,tagur_c,D-Tagaturonate,tagur,C00558,CHEBI:13026;CHEBI:17886;CHEBI:21098;CHEBI:21099;CHEBI:4252;CHEBI:58493;CHEBI:59451,MNXM1423,,IZSRJDGCGRAUAR,ok,other_reactant,other_reactant,other_reactant,,,,not_registry_matched,not_assessable,False,2,2
ecoli,tartr__D_c,D-tartrate,tartr__D,C02107,CHEBI:11077;CHEBI:15672;CHEBI:18806;CHEBI:18807;CHEBI:30927;CHEBI:35399;CHEBI:446;CHEBI:45873,MNXM7948,,FEWJPZIEWOKRBE,ok,other_reactant,other_reactant,other_reactant,,,,not_registry_matched,not_assessable,False,2,2
ecoli,tartr__D_e,D-tartrate,tartr__D,C02107,CHEBI:11077;CHEBI:15672;CHEBI:18806;CHEBI:18807;CHEBI:30927;CHEBI:35399;CHEBI:446;CHEBI:45873,MNXM7948,,FEWJPZIEWOKRBE,ok,other_reactant,other_reactant,other_reactant,,,,not_registry_matched,not_assessable,False,4,4
ecoli,tartr__D_p,D-tartrate,tartr__D,C02107,CHEBI:11077;CHEBI:15672;CHEBI:18806;CHEBI:18807;CHEBI:30927;CHEBI:35399;CHEBI:446;CHEBI:45873,MNXM7948,,FEWJPZIEWOKRBE,ok,other_reactant,other_reactant,other_reactant,,,,not_registry_matched,not_assessable,False,6,6
ecoli,tartr__L_c,L-tartrate,tartr__L,C00898,CHEBI:10961;CHEBI:11018;CHEBI:15193;CHEBI:15671;CHEBI:18710;CHEBI:18711;CHEBI:26849;CHEBI:30924;CHEBI:35397;CHEBI:35398;CHEBI:358;CHEBI:45866,MNXM816,,FEWJPZIEWOKRBE,ok,other_reactant,other_reactant,other_reactant,,,,not_registry_matched,not_assessable,False,2,2
ecoli,tartr__L_e,L-tartrate,tartr__L,C00898,CHEBI:10961;CHEBI:11018;CHEBI:15193;CHEBI:15671;CHEBI:18710;CHEBI:18711;CHEBI:26849;CHEBI:30924;CHEBI:35397;CHEBI:35398;CHEBI:358;CHEBI:45866,MNXM816,,FEWJPZIEWOKRBE,ok,other_reactant,other_reactant,other_reactant,,,,not_registry_matched,not_assessable,False,4,4
ecoli,tartr__L_p,L-tartrate,tartr__L,C00898,CHEBI:10961;CHEBI:11018;CHEBI:15193;CHEBI:15671;CHEBI:18710;CHEBI:18711;CHEBI:26849;CHEBI:30924;CHEBI:35397;CHEBI:35398;CHEBI:358;CHEBI:45866,MNXM816,,FEWJPZIEWOKRBE,ok,other_reactant,other_reactant,other_reactant,,,,not_registry_matched,not_assessable,False,5,5
ecoli,taur_c,Taurine C2H7NO3S,taur,C00245,CHEBI:15195;CHEBI:15891;CHEBI:26852;CHEBI:32970;CHEBI:45877;CHEBI:507393;CHEBI:9406,MNXM282,,XOAAWQZATWQOTB,ok,other_reactant,other_reactant,other_reactant,,,,not_registry_matched,not_assessable,False,1,1
ecoli,taur_e,Taurine C2H7NO3S,taur,C00245,CHEBI:15195;CHEBI:15891;CHEBI:26852;CHEBI:32970;CHEBI:45877;CHEBI:507393;CHEBI:9406,MNXM282,,XOAAWQZATWQOTB,ok,other_reactant,other_reactant,other_reactant,,,,not_registry_matched,not_assessable,False,4,4
ecoli,taur_p,Taurine C2H7NO3S,taur,C00245,CHEBI:15195;CHEBI:15891;CHEBI:26852;CHEBI:32970;CHEBI:45877;CHEBI:507393;CHEBI:9406,MNXM282,,XOAAWQZATWQOTB,ok,other_reactant,other_reactant,other_reactant,,,,not_registry_matched,not_assessable,False,5,5
ecoli,tcynt_e,Thiocyanate,tcynt,C01755,CHEBI:15234;CHEBI:18022;CHEBI:24926;CHEBI:24928;CHEBI:26954;CHEBI:26956;CHEBI:29200;CHEBI:45576;CHEBI:9550,MNXM762,,ZMZDMBWJUHKJPS,ok,other_reactant,other_reactant,other_reactant,,,,not_registry_matched,not_assessable,False,4,4
ecoli,tcynt_p,Thiocyanate,tcynt,C01755,CHEBI:15234;CHEBI:18022;CHEBI:24926;CHEBI:24928;CHEBI:26954;CHEBI:26956;CHEBI:29200;CHEBI:45576;CHEBI:9550,MNXM762,,ZMZDMBWJUHKJPS,ok,other_reactant,other_reactant,other_reactant,,,,not_registry_matched,not_assessable,False,4,4
ecoli,td2coa_c,Trans-Tetradec-2-enoyl-CoA,td2coa,C05273,CHEBI:10734;CHEBI:27079;CHEBI:27721;CHEBI:61405,MNXM654,,MBCVYCOKMMMWLX,ok,carrier_linked_metabolite,carrier_linked_metabolite,carrier_linked_variable,,normalized_name:coa_linked,normalized_name,name_only,not_assessable,False,3,3
ecoli,tdcoa_c,Tetradecanoyl-CoA (n-C14:0CoA),tdcoa,C02593,CHEBI:14637;CHEBI:15218;CHEBI:15532;CHEBI:26898;CHEBI:52969;CHEBI:57385;CHEBI:9475,MNXM224,,DUAFKXOFBZQTQE,ok,carrier_linked_metabolite,carrier_linked_metabolite,carrier_linked_variable,,normalized_name:coa_linked,normalized_name,name_only,not_assessable,False,4,4
ecoli,tddec2eACP_c,Trans-Dodec-2-enoyl-[acyl-carrier protein],tddec2eACP,C05758,CHEBI:10725,MNXM23842,,,inchikey_unavailable,other_reactant,other_reactant,other_reactant,,,,not_registry_matched,not_assessable,False,2,2
ecoli,tdeACP_c,Cis-tetradec-7-enoyl-[acyl-carrier protein] (n-C14:1),tdeACP,,,MNXM162426,,,inchikey_unavailable,other_reactant,other_reactant,other_reactant,,,,not_registry_matched,not_assessable,False,5,5
ecoli,tdec2eACP_c,Trans-Dec-2-enoyl-[acyl-carrier protein],tdec2eACP,C05754,CHEBI:10724,MNXM28221,,,inchikey_unavailable,other_reactant,other_reactant,other_reactant,,,,not_registry_matched,not_assessable,False,3,3
ecoli,tdecoa_c,Tetradecenoyl-CoA (n-C14:1CoA),tdecoa,,,MNXM2290,,,missing_smiles,carrier_linked_metabolite,carrier_linked_metabolite,carrier_linked_variable,,normalized_name:coa_linked,normalized_name,name_only,not_assessable,False,2,2
ecoli,teo2_c,Tellurite,teo2,,,,,SITVSCPRJNYAGV,ok,other_reactant,other_reactant,other_reactant,,,,not_registry_matched,not_assessable,False,1,1
ecoli,thdp_c,"2,3,4,5-Tetrahydrodipicolinate",thdp,C03972,CHEBI:11408;CHEBI:13042;CHEBI:16845;CHEBI:18055;CHEBI:21189;CHEBI:32976;CHEBI:6152;CHEBI:864,MNXM480,,CXMBCXQHOXUCEO,ok,other_reactant,other_reactant,other_reactant,,,,not_registry_matched,not_assessable,False,1,1
ecoli,thex2eACP_c,Trans-Hex-2-enoyl-[acyl-carrier protein],thex2eACP,C05748,CHEBI:10727,MNXM24502,,,inchikey_unavailable,other_reactant,other_reactant,other_reactant,,,,not_registry_matched,not_assessable,False,2,2
ecoli,thf_c,"5,6,7,8-Tetrahydrofolate",thf,C00101,CHEBI:10931;CHEBI:12075;CHEBI:15220;CHEBI:15635;CHEBI:18606;CHEBI:20506;CHEBI:46069;CHEBI:57453;CHEBI:68437;CHEBI:9482,MNXM79,,MSTNYGQPCMXVAQ,ok,one_carbon_cofactor,one_carbon_cofactor,currency_or_cofactor,tetrahydrofolate,normalized_name;bigg_ids:thf;kegg_ids:c00101;inchikey_connectivity:mstnygqpcmxvaq,normalized_name;bigg_ids;kegg_ids;inchikey_connectivity,multiple_evidence_types,consistent,False,6,6
ecoli,thm_c,Thiamin,thm,C00378,CHEBI:15227;CHEBI:18385;CHEBI:26941;CHEBI:46393;CHEBI:49107;CHEBI:9530,MNXM322,,JZRWCGZRTZMZEH,ok,other_reactant,other_reactant,other_reactant,,,,not_registry_matched,not_assessable,False,1,1
ecoli,thm_e,Thiamin,thm,C00378,CHEBI:15227;CHEBI:18385;CHEBI:26941;CHEBI:46393;CHEBI:49107;CHEBI:9530,MNXM322,,JZRWCGZRTZMZEH,ok,other_reactant,other_reactant,other_reactant,,,,not_registry_matched,not_assessable,False,4,4
ecoli,thm_p,Thiamin,thm,C00378,CHEBI:15227;CHEBI:18385;CHEBI:26941;CHEBI:46393;CHEBI:49107;CHEBI:9530,MNXM322,,JZRWCGZRTZMZEH,ok,other_reactant,other_reactant,other_reactant,,,,not_registry_matched,not_assessable,False,5,5
ecoli,thmmp_c,Thiamin monophosphate,thmmp,C01081,CHEBI:15230;CHEBI:15231;CHEBI:26945;CHEBI:37574;CHEBI:37575;CHEBI:46189;CHEBI:9533,MNXM662,,HZSAJDVWZRBGIF,ok,other_reactant,other_reactant,other_reactant,,,,not_registry_matched,not_assessable,False,1,1
ecoli,thmpp_c,Thiamine diphosphate,thmpp,C00068,CHEBI:15229;CHEBI:45930;CHEBI:45931;CHEBI:49939;CHEBI:58937;CHEBI:9532,MNXM256,,AYEKOFBPNLCAJY,ok,other_reactant,other_reactant,other_reactant,,,,not_registry_matched,not_assessable,False,1,1
ecoli,thr__L_c,L-Threonine,thr__L,C00188,CHEBI:13175;CHEBI:16857;CHEBI:21403;CHEBI:26986;CHEBI:32820;CHEBI:32822;CHEBI:32832;CHEBI:32833;CHEBI:42083;CHEBI:45843;CHEBI:45983;CHEBI:57926;CHEBI:6308,MNXM142,,AYFVYJQAPQTCCC,ok,other_reactant,other_reactant,other_reactant,,,,not_registry_matched,not_assessable,False,8,8
ecoli,thr__L_e,L-Threonine,thr__L,C00188,CHEBI:13175;CHEBI:16857;CHEBI:21403;CHEBI:26986;CHEBI:32820;CHEBI:32822;CHEBI:32832;CHEBI:32833;CHEBI:42083;CHEBI:45843;CHEBI:45983;CHEBI:57926;CHEBI:6308,MNXM142,,AYFVYJQAPQTCCC,ok,other_reactant,other_reactant,other_reactant,,,,not_registry_matched,not_assessable,False,4,4
ecoli,thr__L_p,L-Threonine,thr__L,C00188,CHEBI:13175;CHEBI:16857;CHEBI:21403;CHEBI:26986;CHEBI:32820;CHEBI:32822;CHEBI:32832;CHEBI:32833;CHEBI:42083;CHEBI:45843;CHEBI:45983;CHEBI:57926;CHEBI:6308,MNXM142,,AYFVYJQAPQTCCC,ok,other_reactant,other_reactant,other_reactant,,,,not_registry_matched,not_assessable,False,7,7
ecoli,thrp_e,L-Threonine O-3-phosphate,thrp,C12147,CHEBI:21967;CHEBI:31757;CHEBI:37525;CHEBI:45955;CHEBI:58675,MNXM1492,,USRGIUJOYOXOQJ,ok,other_reactant,other_reactant,other_reactant,,,,not_registry_matched,not_assessable,False,4,4
ecoli,thrp_p,L-Threonine O-3-phosphate,thrp,C12147,CHEBI:21967;CHEBI:31757;CHEBI:37525;CHEBI:45955;CHEBI:58675,MNXM1492,,USRGIUJOYOXOQJ,ok,other_reactant,other_reactant,other_reactant,,,,not_registry_matched,not_assessable,False,6,6
ecoli,thym_c,Thymine C5H6N2O2,thym,C00178,CHEBI:15247;CHEBI:17821;CHEBI:27004;CHEBI:46017;CHEBI:9580,MNXM386,,RWQNBRDOKXIBIV,ok,other_reactant,other_reactant,other_reactant,,,,not_registry_matched,not_assessable,False,1,1
ecoli,thym_e,Thymine C5H6N2O2,thym,C00178,CHEBI:15247;CHEBI:17821;CHEBI:27004;CHEBI:46017;CHEBI:9580,MNXM386,,RWQNBRDOKXIBIV,ok,other_reactant,other_reactant,other_reactant,,,,not_registry_matched,not_assessable,False,4,4
ecoli,thym_p,Thymine C5H6N2O2,thym,C00178,CHEBI:15247;CHEBI:17821;CHEBI:27004;CHEBI:46017;CHEBI:9580,MNXM386,,RWQNBRDOKXIBIV,ok,other_reactant,other_reactant,other_reactant,,,,not_registry_matched,not_assessable,False,4,4
ecoli,thymd_c,Thymidine C10H14N2O5,thymd,C00214,CHEBI:15244;CHEBI:17748;CHEBI:19273;CHEBI:45782;CHEBI:45834;CHEBI:45917;CHEBI:45918;CHEBI:53527;CHEBI:9579,MNXM420,,IQFYYKKMVGJFEH,ok,other_reactant,other_reactant,other_reactant,,,,not_registry_matched,not_assessable,False,3,3
ecoli,thymd_e,Thymidine C10H14N2O5,thymd,C00214,CHEBI:15244;CHEBI:17748;CHEBI:19273;CHEBI:45782;CHEBI:45834;CHEBI:45917;CHEBI:45918;CHEBI:53527;CHEBI:9579,MNXM420,,IQFYYKKMVGJFEH,ok,other_reactant,other_reactant,other_reactant,,,,not_registry_matched,not_assessable,False,4,4
ecoli,thymd_p,Thymidine C10H14N2O5,thymd,C00214,CHEBI:15244;CHEBI:17748;CHEBI:19273;CHEBI:45782;CHEBI:45834;CHEBI:45917;CHEBI:45918;CHEBI:53527;CHEBI:9579,MNXM420,,IQFYYKKMVGJFEH,ok,other_reactant,other_reactant,other_reactant,,,,not_registry_matched,not_assessable,False,7,7
ecoli,tma_e,Trimethylamine,tma,C00565,CHEBI:15261;CHEBI:18139;CHEBI:27125;CHEBI:27127;CHEBI:58389;CHEBI:9732,MNXM352,,GETQZCLCWQTVFV,ok,other_reactant,other_reactant,other_reactant,,,,not_registry_matched,not_assessable,False,4,4
ecoli,tma_p,Trimethylamine,tma,C00565,CHEBI:15261;CHEBI:18139;CHEBI:27125;CHEBI:27127;CHEBI:58389;CHEBI:9732,MNXM352,,GETQZCLCWQTVFV,ok,other_reactant,other_reactant,other_reactant,,,,not_registry_matched,not_assessable,False,4,4
ecoli,tmao_c,Trimethylamine N-oxide,tmao,C01104,CHEBI:15262;CHEBI:15263;CHEBI:15724;CHEBI:27126;CHEBI:9733,MNXM437,,UYPYRKYUKCHHIB,ok,other_reactant,other_reactant,other_reactant,,,,not_registry_matched,not_assessable,False,3,3
ecoli,tmao_e,Trimethylamine N-oxide,tmao,C01104,CHEBI:15262;CHEBI:15263;CHEBI:15724;CHEBI:27126;CHEBI:9733,MNXM437,,UYPYRKYUKCHHIB,ok,other_reactant,other_reactant,other_reactant,,,,not_registry_matched,not_assessable,False,4,4
ecoli,tmao_p,Trimethylamine N-oxide,tmao,C01104,CHEBI:15262;CHEBI:15263;CHEBI:15724;CHEBI:27126;CHEBI:9733,MNXM437,,UYPYRKYUKCHHIB,ok,other_reactant,other_reactant,other_reactant,,,,not_registry_matched,not_assessable,False,8,8
ecoli,tmrs2eACP_c,Trans-Tetradec-2-enoyl-[acyl-carrier protein],tmrs2eACP,C05760,CHEBI:10735,MNXM24297,,,inchikey_unavailable,other_reactant,other_reactant,other_reactant,,,,not_registry_matched,not_assessable,False,2,2
ecoli,toct2eACP_c,Trans-Oct-2-enoyl-[acyl-carrier protein],toct2eACP,C05751,,MNXM23766,,,missing_smiles,other_reactant,other_reactant,other_reactant,,,,not_registry_matched,not_assessable,False,2,2
ecoli,toctd2eACP_c,Trans-octadec-2-enoyl-[acyl-carrier protein],toctd2eACP,C16221,CHEBI:80388,MNXM2573,,,inchikey_unavailable,other_reactant,other_reactant,other_reactant,,,,not_registry_matched,not_assessable,False,2,2
ecoli,tpalm2eACP_c,Trans-Hexadec-2-enoyl-[acyl-carrier protein],tpalm2eACP,C05763,CHEBI:10729,MNXM29072,,,inchikey_unavailable,other_reactant,other_reactant,other_reactant,,,,not_registry_matched,not_assessable,False,2,2
ecoli,trdox_c,Oxidized thioredoxin,trdox,C00343,CHEBI:14726;CHEBI:15240;CHEBI:18191;CHEBI:7845,MNXM148,,DDQYFSWAPPTJDD,ok,other_reactant,other_reactant,other_reactant,,,,not_registry_matched,not_assessable,False,2,2
ecoli,trdrd_c,Reduced thioredoxin,trdrd,C00342,CHEBI:15033,MNXM96993,,SZJRUBWOVDTKNI,ok,other_reactant,other_reactant,other_reactant,,,,not_registry_matched,not_assessable,False,23,23
ecoli,tre6p_c,"Alpha,alpha'-Trehalose 6-phosphate",tre6p,C00689,CHEBI:10201;CHEBI:12285;CHEBI:15252;CHEBI:18283;CHEBI:22364;CHEBI:58429,MNXM448,,LABSPYBHMPDTEL,ok,other_reactant,other_reactant,other_reactant,,,,not_registry_matched,not_assessable,False,2,2
ecoli,tre_c,Trehalose,tre,C01083,CHEBI:10202;CHEBI:12281;CHEBI:12284;CHEBI:12287;CHEBI:15251;CHEBI:16551;CHEBI:22365;CHEBI:27082;CHEBI:46211,MNXM198,,HDTRYLNUVZCQOY,ok,other_reactant,other_reactant,other_reactant,,,,not_registry_matched,not_assessable,False,1,1
ecoli,tre_e,Trehalose,tre,C01083,CHEBI:10202;CHEBI:12281;CHEBI:12284;CHEBI:12287;CHEBI:15251;CHEBI:16551;CHEBI:22365;CHEBI:27082;CHEBI:46211,MNXM198,,HDTRYLNUVZCQOY,ok,other_reactant,other_reactant,other_reactant,,,,not_registry_matched,not_assessable,False,4,4
ecoli,tre_p,Trehalose,tre,C01083,CHEBI:10202;CHEBI:12281;CHEBI:12284;CHEBI:12287;CHEBI:15251;CHEBI:16551;CHEBI:22365;CHEBI:27082;CHEBI:46211,MNXM198,,HDTRYLNUVZCQOY,ok,other_reactant,other_reactant,other_reactant,,,,not_registry_matched,not_assessable,False,6,6
ecoli,trnaglu_c,TRNA (Glu),trnaglu,C01641,CHEBI:10680;CHEBI:15175;CHEBI:29175,MNXM90886,,,missing_smiles,other_reactant,other_reactant,other_reactant,,,,not_registry_matched,not_assessable,False,1,1
ecoli,trp__L_c,L-Tryptophan,trp__L,C00078;C00806,CHEBI:13178;CHEBI:16828;CHEBI:184633;CHEBI:21407;CHEBI:27163;CHEBI:27897;CHEBI:32702;CHEBI:32704;CHEBI:32727;CHEBI:32728;CHEBI:45988;CHEBI:46086;CHEBI:46125;CHEBI:46225;CHEBI:57912;CHEBI:6310;CHEBI:64554;CHEBI:9769,MNXM94,,QIVBCDIJIAJPQS,ok,other_reactant,other_reactant,other_reactant,,,,not_registry_matched,not_assessable,False,5,5
ecoli,trp__L_e,L-Tryptophan,trp__L,C00078;C00806,CHEBI:13178;CHEBI:16828;CHEBI:184633;CHEBI:21407;CHEBI:27163;CHEBI:27897;CHEBI:32702;CHEBI:32704;CHEBI:32727;CHEBI:32728;CHEBI:45988;CHEBI:46086;CHEBI:46125;CHEBI:46225;CHEBI:57912;CHEBI:6310;CHEBI:64554;CHEBI:9769,MNXM94,,QIVBCDIJIAJPQS,ok,other_reactant,other_reactant,other_reactant,,,,not_registry_matched,not_assessable,False,4,4
ecoli,trp__L_p,L-Tryptophan,trp__L,C00078;C00806,CHEBI:13178;CHEBI:16828;CHEBI:184633;CHEBI:21407;CHEBI:27163;CHEBI:27897;CHEBI:32702;CHEBI:32704;CHEBI:32727;CHEBI:32728;CHEBI:45988;CHEBI:46086;CHEBI:46125;CHEBI:46225;CHEBI:57912;CHEBI:6310;CHEBI:64554;CHEBI:9769,MNXM94,,QIVBCDIJIAJPQS,ok,other_reactant,other_reactant,other_reactant,,,,not_registry_matched,not_assessable,False,7,7
ecoli,tsul_c,Thiosulfate,tsul,C00320;C05529,CHEBI:15242;CHEBI:16094;CHEBI:26977;CHEBI:29279;CHEBI:33539;CHEBI:33540;CHEBI:33541;CHEBI:33542;CHEBI:45922;CHEBI:5587;CHEBI:9569,MNXM323,,DHCDFWKWKRSZHF,ok,other_reactant,other_reactant,other_reactant,,,,not_registry_matched,not_assessable,False,3,3
ecoli,tsul_e,Thiosulfate,tsul,C00320;C05529,CHEBI:15242;CHEBI:16094;CHEBI:26977;CHEBI:29279;CHEBI:33539;CHEBI:33540;CHEBI:33541;CHEBI:33542;CHEBI:45922;CHEBI:5587;CHEBI:9569,MNXM323,,DHCDFWKWKRSZHF,ok,other_reactant,other_reactant,other_reactant,,,,not_registry_matched,not_assessable,False,4,4
ecoli,tsul_p,Thiosulfate,tsul,C00320;C05529,CHEBI:15242;CHEBI:16094;CHEBI:26977;CHEBI:29279;CHEBI:33539;CHEBI:33540;CHEBI:33541;CHEBI:33542;CHEBI:45922;CHEBI:5587;CHEBI:9569,MNXM323,,DHCDFWKWKRSZHF,ok,other_reactant,other_reactant,other_reactant,,,,not_registry_matched,not_assessable,False,7,7
ecoli,ttdca_c,Tetradecanoate (n-C14:0),ttdca,,,MNXM162239,,TUNFSRHWOTWDNC,ok,other_reactant,other_reactant,other_reactant,,,,not_registry_matched,not_assessable,False,3,3
ecoli,ttdca_e,Tetradecanoate (n-C14:0),ttdca,,,MNXM162239,,TUNFSRHWOTWDNC,ok,other_reactant,other_reactant,other_reactant,,,,not_registry_matched,not_assessable,False,1,1
ecoli,ttdca_p,Tetradecanoate (n-C14:0),ttdca,,,MNXM162239,,TUNFSRHWOTWDNC,ok,other_reactant,other_reactant,other_reactant,,,,not_registry_matched,not_assessable,False,2,2
ecoli,ttdcap_c,Tetradecanoyl-phosphate (n-C14:0),ttdcap,,,MNXM147613,,,missing_smiles,other_reactant,other_reactant,other_reactant,,,,not_registry_matched,not_assessable,False,2,2
ecoli,ttdcea_c,Tetradecenoate (n-C14:1),ttdcea,,,MNXM641,,,inchikey_unavailable,other_reactant,other_reactant,other_reactant,,,,not_registry_matched,not_assessable,False,3,3
ecoli,ttdcea_e,Tetradecenoate (n-C14:1),ttdcea,,,MNXM641,,,inchikey_unavailable,other_reactant,other_reactant,other_reactant,,,,not_registry_matched,not_assessable,False,1,1
ecoli,ttdcea_p,Tetradecenoate (n-C14:1),ttdcea,,,MNXM641,,,inchikey_unavailable,other_reactant,other_reactant,other_reactant,,,,not_registry_matched,not_assessable,False,2,2
ecoli,ttdceap_c,Tetradecanoyl-phosphate (n-C14:1),ttdceap,,,MNXM147614,,,missing_smiles,other_reactant,other_reactant,other_reactant,,,,not_registry_matched,not_assessable,False,2,2
ecoli,ttrcyc_e,Tetracycline,ttrcyc,C06570,CHEBI:26894;CHEBI:27902;CHEBI:45729;CHEBI:71392;CHEBI:77932;CHEBI:9474,MNXM97613,,YRKNPFVJGRPARO,ok,other_reactant,other_reactant,other_reactant,,,,not_registry_matched,not_assessable,False,4,4
ecoli,ttrcyc_p,Tetracycline,ttrcyc,C06570,CHEBI:26894;CHEBI:27902;CHEBI:45729;CHEBI:71392;CHEBI:77932;CHEBI:9474,MNXM97613,,YRKNPFVJGRPARO,ok,other_reactant,other_reactant,other_reactant,,,,not_registry_matched,not_assessable,False,6,6
ecoli,tungs_c,Tungstate,tungs,C20679,CHEBI:30518;CHEBI:36271;CHEBI:36272;CHEBI:46497;CHEBI:46502,MNXM88308,,IMPFEECWQJURNU,ok,other_reactant,other_reactant,other_reactant,,,,not_registry_matched,not_assessable,False,1,1
ecoli,tungs_e,Tungstate,tungs,C20679,CHEBI:30518;CHEBI:36271;CHEBI:36272;CHEBI:46497;CHEBI:46502,MNXM88308,,IMPFEECWQJURNU,ok,other_reactant,other_reactant,other_reactant,,,,not_registry_matched,not_assessable,False,4,4
ecoli,tungs_p,Tungstate,tungs,C20679,CHEBI:30518;CHEBI:36271;CHEBI:36272;CHEBI:46497;CHEBI:46502,MNXM88308,,IMPFEECWQJURNU,ok,other_reactant,other_reactant,other_reactant,,,,not_registry_matched,not_assessable,False,5,5
ecoli,tym_e,Tyramine,tym,C00483,CHEBI:15276;CHEBI:15760;CHEBI:27174;CHEBI:327995;CHEBI:9799,MNXM603,,DZGWFCGJZKJUFP,ok,other_reactant,other_reactant,other_reactant,,,,not_registry_matched,not_assessable,False,4,4
ecoli,tym_p,Tyramine,tym,C00483,CHEBI:15276;CHEBI:15760;CHEBI:27174;CHEBI:327995;CHEBI:9799,MNXM603,,DZGWFCGJZKJUFP,ok,other_reactant,other_reactant,other_reactant,,,,not_registry_matched,not_assessable,False,5,5
ecoli,tyr__L_c,L-Tyrosine,tyr__L,C00082;C01536,CHEBI:13181;CHEBI:15277;CHEBI:17895;CHEBI:18186;CHEBI:21411;CHEBI:27176;CHEBI:32760;CHEBI:32761;CHEBI:32762;CHEBI:32784;CHEBI:32785;CHEBI:32786;CHEBI:46070;CHEBI:46161;CHEBI:58315;CHEBI:6313;CHEBI:9800,MNXM76,,OUYCCCASQSFEME,ok,other_reactant,other_reactant,other_reactant,,,,not_registry_matched,not_assessable,False,7,7
ecoli,tyr__L_e,L-Tyrosine,tyr__L,C00082;C01536,CHEBI:13181;CHEBI:15277;CHEBI:17895;CHEBI:18186;CHEBI:21411;CHEBI:27176;CHEBI:32760;CHEBI:32761;CHEBI:32762;CHEBI:32784;CHEBI:32785;CHEBI:32786;CHEBI:46070;CHEBI:46161;CHEBI:58315;CHEBI:6313;CHEBI:9800,MNXM76,,OUYCCCASQSFEME,ok,other_reactant,other_reactant,other_reactant,,,,not_registry_matched,not_assessable,False,4,4
ecoli,tyr__L_p,L-Tyrosine,tyr__L,C00082;C01536,CHEBI:13181;CHEBI:15277;CHEBI:17895;CHEBI:18186;CHEBI:21411;CHEBI:27176;CHEBI:32760;CHEBI:32761;CHEBI:32762;CHEBI:32784;CHEBI:32785;CHEBI:32786;CHEBI:46070;CHEBI:46161;CHEBI:58315;CHEBI:6313;CHEBI:9800,MNXM76,,OUYCCCASQSFEME,ok,other_reactant,other_reactant,other_reactant,,,,not_registry_matched,not_assessable,False,6,6
ecoli,tyrp_e,Phosphotyrosine,tyrp,C06501,CHEBI:21991;CHEBI:37788;CHEBI:45080;CHEBI:45158;CHEBI:45187;CHEBI:45209;CHEBI:62338;CHEBI:8171,MNXM3323,,DCWXELXMIBXGTH,ok,other_reactant,other_reactant,other_reactant,,,,not_registry_matched,not_assessable,False,4,4
ecoli,tyrp_p,Phosphotyrosine,tyrp,C06501,CHEBI:21991;CHEBI:37788;CHEBI:45080;CHEBI:45158;CHEBI:45187;CHEBI:45209;CHEBI:62338;CHEBI:8171,MNXM3323,,DCWXELXMIBXGTH,ok,other_reactant,other_reactant,other_reactant,,,,not_registry_matched,not_assessable,False,5,5
ecoli,u23ga_c,"UDP-2,3-bis(3-hydroxytetradecanoyl)glucosamine",u23ga,C04652,CHEBI:78847;CHEBI:82845,MNXM1199,,KOJCFMYSTWNMQW,ok,other_reactant,other_reactant,other_reactant,,,,not_registry_matched,not_assessable,False,2,2
ecoli,u3aga_c,UDP-3-O-(3-hydroxytetradecanoyl)-N-acetylglucosamine,u3aga,C04738,CHEBI:61494;CHEBI:61537,MNXM2157,,TZSJGZGYQDNRRX,ok,other_reactant,other_reactant,other_reactant,,,,not_registry_matched,not_assessable,False,2,2
ecoli,u3hga_c,UDP-3-O-(3-hydroxytetradecanoyl)-D-glucosamine,u3hga,C06022,CHEBI:22095;CHEBI:27392;CHEBI:58510;CHEBI:71573;CHEBI:71619;CHEBI:9807,MNXM2036,,ZFPNNOXCEDQJQS,ok,other_reactant,other_reactant,other_reactant,,,,not_registry_matched,not_assessable,False,1,1
ecoli,uLa4fn_c,Undecaprenyl phosphate-4-amino-4-formyl-L-arabinose,uLa4fn,,,MNXM88505,,YYVYMEXYAGAGTM,ok,other_reactant,other_reactant,other_reactant,,,,not_registry_matched,not_assessable,False,1,1
ecoli,uLa4n_c,Undecaprenyl phosphate-4-amino-4-deoxy-L-arabinose,uLa4n,,,MNXM90891,,,missing_smiles,other_reactant,other_reactant,other_reactant,,,,not_registry_matched,not_assessable,False,1,1
ecoli,uLa4n_p,Undecaprenyl phosphate-4-amino-4-deoxy-L-arabinose,uLa4n,,,MNXM90891,,,missing_smiles,other_reactant,other_reactant,other_reactant,,,,not_registry_matched,not_assessable,False,1,1
ecoli,uaagmda_c,"Undecaprenyl-diphospho-N-acetylmuramoyl-(N-acetylglucosamine)-L-ala-D-glu-meso-2,6-diaminopimeloyl-D-ala-D-ala",uaagmda,,,MNXM1242,,OXJNZXDFVLDLEI,ok,other_reactant,other_reactant,other_reactant,,,,not_registry_matched,not_assessable,False,8,8
ecoli,uaccg_c,UDP-N-acetyl-3-O-(1-carboxyvinyl)-D-glucosamine,uaccg,C04631,CHEBI:13466;CHEBI:13467;CHEBI:16435;CHEBI:22110;CHEBI:57771;CHEBI:68483;CHEBI:68507;CHEBI:9818,MNXM1688,,BEGZZYPUNCJHKP,ok,other_reactant,other_reactant,other_reactant,,,,not_registry_matched,not_assessable,False,1,1
ecoli,uacgam_c,UDP-N-acetyl-D-glucosamine,uacgam,C00043,CHEBI:13456;CHEBI:13473;CHEBI:13475;CHEBI:13476;CHEBI:16264;CHEBI:22115;CHEBI:46243;CHEBI:46287;CHEBI:57705;CHEBI:9823,MNXM47,,LFTYTUAZOPRMMI,ok,other_reactant,other_reactant,other_reactant,,,,not_registry_matched,not_assessable,False,6,6
ecoli,uacgam_e,UDP-N-acetyl-D-glucosamine,uacgam,C00043,CHEBI:13456;CHEBI:13473;CHEBI:13475;CHEBI:13476;CHEBI:16264;CHEBI:22115;CHEBI:46243;CHEBI:46287;CHEBI:57705;CHEBI:9823,MNXM47,,LFTYTUAZOPRMMI,ok,other_reactant,other_reactant,other_reactant,,,,not_registry_matched,not_assessable,False,4,4
ecoli,uacgam_p,UDP-N-acetyl-D-glucosamine,uacgam,C00043,CHEBI:13456;CHEBI:13473;CHEBI:13475;CHEBI:13476;CHEBI:16264;CHEBI:22115;CHEBI:46243;CHEBI:46287;CHEBI:57705;CHEBI:9823,MNXM47,,LFTYTUAZOPRMMI,ok,other_reactant,other_reactant,other_reactant,,,,not_registry_matched,not_assessable,False,5,5
ecoli,uacmam_c,UDP-N-acetyl-D-mannosamine,uacmam,C01170,CHEBI:13457;CHEBI:13474;CHEBI:16287;CHEBI:22116;CHEBI:57715;CHEBI:68623;CHEBI:68678;CHEBI:9824,MNXM932,,LFTYTUAZOPRMMI,ok,other_reactant,other_reactant,other_reactant,,,,not_registry_matched,not_assessable,False,2,2
ecoli,uacmamu_c,UDP-N-acetyl-D-mannosaminouronate,uacmamu,C06240,CHEBI:22117;CHEBI:28581;CHEBI:58578;CHEBI:70731;CHEBI:70738;CHEBI:9825,MNXM97052,,DZOGQXKQLXAPND,ok,other_reactant,other_reactant,other_reactant,,,,not_registry_matched,not_assessable,False,1,1
ecoli,uagmda_c,"Undecaprenyl-diphospho-N-acetylmuramoyl-L-alanyl-D-glutamyl-meso-2,6-diaminopimeloyl-D-alanyl-D-alanine",uagmda,C05897,CHEBI:61387;CHEBI:61543,MNXM2264,,PNWZQTONLRRPST,ok,other_reactant,other_reactant,other_reactant,,,,not_registry_matched,not_assessable,False,1,1
ecoli,uama_c,UDP-N-acetylmuramoyl-L-alanine,uama,C01212,CHEBI:13459;CHEBI:13478;CHEBI:16932;CHEBI:22123;CHEBI:57953;CHEBI:83898;CHEBI:84726;CHEBI:9830,MNXM1953,,NTMMCWJNQNKACG,ok,other_reactant,other_reactant,other_reactant,,,,not_registry_matched,not_assessable,False,1,1
ecoli,uamag_c,UDP-N-acetylmuramoyl-L-alanyl-D-glutamate,uamag,C00692,CHEBI:13461;CHEBI:13482;CHEBI:16970;CHEBI:22125;CHEBI:46143;CHEBI:57968;CHEBI:83900;CHEBI:9832,MNXM955,,OJZCATPXPWFLHF,ok,other_reactant,other_reactant,other_reactant,,,,not_registry_matched,not_assessable,False,1,1
ecoli,uamr_c,UDP-N-acetylmuramate,uamr,C01050,CHEBI:13458;CHEBI:13477;CHEBI:17882;CHEBI:22120;CHEBI:58309;CHEBI:70757;CHEBI:70765;CHEBI:9827,MNXM785,,NQBRVZNDBBMBLJ,ok,other_reactant,other_reactant,other_reactant,,,,not_registry_matched,not_assessable,False,3,3
ecoli,udcpdp_c,Undecaprenyl diphosphate,udcpdp,,CHEBI:15284;CHEBI:17047;CHEBI:27192;CHEBI:53042;CHEBI:57995;CHEBI:9863,MNXM5043,,NTXGVHCCXVHYCL,ok,other_reactant,other_reactant,other_reactant,,,,not_registry_matched,not_assessable,False,3,3
ecoli,udcpdp_p,Undecaprenyl diphosphate,udcpdp,,CHEBI:15284;CHEBI:17047;CHEBI:27192;CHEBI:53042;CHEBI:57995;CHEBI:9863,MNXM5043,,NTXGVHCCXVHYCL,ok,other_reactant,other_reactant,other_reactant,,,,not_registry_matched,not_assessable,False,4,4
ecoli,udcpgl_c,Undecaprenol-diphosphate-glucose,udcpgl,,,,,YNTXUOTYVPQLEH,ok,other_reactant,other_reactant,other_reactant,,,,not_registry_matched,not_assessable,False,1,1
ecoli,udcpp_c,Undecaprenyl phosphate,udcpp,C00348,CHEBI:15285;CHEBI:15286;CHEBI:16141;CHEBI:57654;CHEBI:9864,MNXM251,,UFPHFKCTOZIAFY,ok,other_reactant,other_reactant,other_reactant,,,,not_registry_matched,not_assessable,False,4,4
ecoli,udpLa4fn_c,Uridine 5''-diphospho-{beta}-4-deoxy-4-formamido-L-arabinose,udpLa4fn,C16154,CHEBI:47027;CHEBI:58709,MNXM1390,,QGYFHZBDXXNYAX,ok,other_reactant,other_reactant,other_reactant,,,,not_registry_matched,not_assessable,False,1,1
ecoli,udpLa4n_c,Uridine 5''-diphospho-{beta}-4-deoxy-4-amino-L-arabinose,udpLa4n,C16153,CHEBI:47025;CHEBI:58708,MNXM1786,,GWBAKYBSWHQNMQ,ok,other_reactant,other_reactant,other_reactant,,,,not_registry_matched,not_assessable,False,2,2
ecoli,udpLa4o_c,UDP-4-keto-pyranose,udpLa4o,C16155,CHEBI:47028;CHEBI:58710,MNXM1505,,URJZIQLTPCJVMW,ok,other_reactant,other_reactant,other_reactant,,,,not_registry_matched,not_assessable,False,1,1
ecoli,udp_c,UDP C9H11N2O12P2,udp,C00015,CHEBI:13445;CHEBI:17659;CHEBI:27230;CHEBI:46402;CHEBI:58223;CHEBI:9802,MNXM17,,XCCTYIAWTASOJW,ok,energy_nucleotide,energy_nucleotide,currency_or_cofactor,UDP,normalized_name;bigg_ids:udp;kegg_ids:c00015;chebi_ids:chebi:58223;metanetx_ids:mnxm17;inchikey_connectivity:xcctyiawtasojw,normalized_name;bigg_ids;kegg_ids;chebi_ids;metanetx_ids;inchikey_connectivity,multiple_evidence_types,consistent,False,13,13
ecoli,udpacgal_e,UDP-N-acetyl-D-galactosamine,udpacgal,C00203,CHEBI:13455;CHEBI:13470;CHEBI:16650;CHEBI:22112;CHEBI:57847;CHEBI:9820,MNXM162233,,LFTYTUAZOPRMMI,ok,other_reactant,other_reactant,other_reactant,,,,not_registry_matched,not_assessable,False,4,4
ecoli,udpacgal_p,UDP-N-acetyl-D-galactosamine,udpacgal,C00203,CHEBI:13455;CHEBI:13470;CHEBI:16650;CHEBI:22112;CHEBI:57847;CHEBI:9820,MNXM162233,,LFTYTUAZOPRMMI,ok,other_reactant,other_reactant,other_reactant,,,,not_registry_matched,not_assessable,False,5,5
ecoli,udpg_c,UDPglucose,udpg,C00029,CHEBI:13498;CHEBI:13505;CHEBI:18066;CHEBI:22103;CHEBI:27234;CHEBI:28532;CHEBI:42885;CHEBI:46228;CHEBI:46229;CHEBI:52249;CHEBI:58367;CHEBI:58885;CHEBI:9845;CHEBI:9895,MNXM52,,HSCJRCZFDFQWRP,ok,other_reactant,other_reactant,other_reactant,,,,not_registry_matched,not_assessable,False,10,10
ecoli,udpg_e,UDPglucose,udpg,C00029,CHEBI:13498;CHEBI:13505;CHEBI:18066;CHEBI:22103;CHEBI:27234;CHEBI:28532;CHEBI:42885;CHEBI:46228;CHEBI:46229;CHEBI:52249;CHEBI:58367;CHEBI:58885;CHEBI:9845;CHEBI:9895,MNXM52,,HSCJRCZFDFQWRP,ok,other_reactant,other_reactant,other_reactant,,,,not_registry_matched,not_assessable,False,4,4
ecoli,udpg_p,UDPglucose,udpg,C00029,CHEBI:13498;CHEBI:13505;CHEBI:18066;CHEBI:22103;CHEBI:27234;CHEBI:28532;CHEBI:42885;CHEBI:46228;CHEBI:46229;CHEBI:52249;CHEBI:58367;CHEBI:58885;CHEBI:9845;CHEBI:9895,MNXM52,,HSCJRCZFDFQWRP,ok,other_reactant,other_reactant,other_reactant,,,,not_registry_matched,not_assessable,False,5,5
ecoli,udpgal_c,UDPgalactose,udpgal,C00052,CHEBI:13487;CHEBI:13495;CHEBI:18307;CHEBI:22100;CHEBI:42751;CHEBI:58439;CHEBI:66914;CHEBI:67119;CHEBI:9811,MNXM89795,,HSCJRCZFDFQWRP,ok,other_reactant,other_reactant,other_reactant,,,,not_registry_matched,not_assessable,False,3,3
ecoli,udpgal_e,UDPgalactose,udpgal,C00052,CHEBI:13487;CHEBI:13495;CHEBI:18307;CHEBI:22100;CHEBI:42751;CHEBI:58439;CHEBI:66914;CHEBI:67119;CHEBI:9811,MNXM89795,,HSCJRCZFDFQWRP,ok,other_reactant,other_reactant,other_reactant,,,,not_registry_matched,not_assessable,False,4,4
ecoli,udpgal_p,UDPgalactose,udpgal,C00052,CHEBI:13487;CHEBI:13495;CHEBI:18307;CHEBI:22100;CHEBI:42751;CHEBI:58439;CHEBI:66914;CHEBI:67119;CHEBI:9811,MNXM89795,,HSCJRCZFDFQWRP,ok,other_reactant,other_reactant,other_reactant,,,,not_registry_matched,not_assessable,False,5,5
ecoli,udpgalfur_c,"UDP-D-galacto-1,4-furanose",udpgalfur,C03733,CHEBI:66915;CHEBI:67118,MNXM2158,,ZQLQOXLUCGXKHS,ok,other_reactant,other_reactant,other_reactant,,,,not_registry_matched,not_assessable,False,1,1
ecoli,udpglcur_c,UDP-D-glucuronate,udpglcur,C00167,CHEBI:13489;CHEBI:13506;CHEBI:17200;CHEBI:22104;CHEBI:46309;CHEBI:58052;CHEBI:9846,MNXM87,,HDYANYHVCAPMJV,ok,other_reactant,other_reactant,other_reactant,,,,not_registry_matched,not_assessable,False,1,1
ecoli,udpglcur_e,UDP-D-glucuronate,udpglcur,C00167,CHEBI:13489;CHEBI:13506;CHEBI:17200;CHEBI:22104;CHEBI:46309;CHEBI:58052;CHEBI:9846,MNXM87,,HDYANYHVCAPMJV,ok,other_reactant,other_reactant,other_reactant,,,,not_registry_matched,not_assessable,False,4,4
ecoli,udpglcur_p,UDP-D-glucuronate,udpglcur,C00167,CHEBI:13489;CHEBI:13506;CHEBI:17200;CHEBI:22104;CHEBI:46309;CHEBI:58052;CHEBI:9846,MNXM87,,HDYANYHVCAPMJV,ok,other_reactant,other_reactant,other_reactant,,,,not_registry_matched,not_assessable,False,5,5
ecoli,ugmd_c,"UDP-N-acetylmuramoyl-L-alanyl-D-gamma-glutamyl-meso-2,6-diaminopimelate",ugmd,,CHEBI:13460;CHEBI:13463;CHEBI:13481;CHEBI:22124;CHEBI:28639;CHEBI:30905;CHEBI:58582;CHEBI:9831,MNXM162592,,QUHLBZKCGUXHGP,ok,other_reactant,other_reactant,other_reactant,,,,not_registry_matched,not_assessable,False,1,1
ecoli,ugmda_c,"UDP-N-acetylmuramoyl-L-alanyl-D-glutamyl-meso-2,6-diaminopimeloyl-D-alanyl-D-alanine",ugmda,C04882,CHEBI:13462;CHEBI:18199;CHEBI:22126;CHEBI:61386;CHEBI:9833,MNXM1954,,IMWOXEZVYQDRDF,ok,other_reactant,other_reactant,other_reactant,,,,not_registry_matched,not_assessable,False,1,1
ecoli,um4p_c,"UDP-N-acetylmuramoyl-L-alanyl-D-gamma-glutamyl-meso-2,6-diaminopimelate-D-alanine",um4p,,,MNXM147329,,,missing_smiles,other_reactant,other_reactant,other_reactant,,,,not_registry_matched,not_assessable,False,1,1
ecoli,ump_c,UMP C9H11N2O9P,ump,C00105,CHEBI:13508;CHEBI:13509;CHEBI:16695;CHEBI:27231;CHEBI:46362;CHEBI:46382;CHEBI:46385;CHEBI:47721;CHEBI:57865;CHEBI:9849,MNXM80,,DJJCXFVJDGTHFX,ok,nucleotide_currency,nucleotide_currency,currency_or_cofactor,UMP,normalized_name;bigg_ids:ump;kegg_ids:c00105;chebi_ids:chebi:57865;metanetx_ids:mnxm80;inchikey_connectivity:djjcxfvjdgthfx,normalized_name;bigg_ids;kegg_ids;chebi_ids;metanetx_ids;inchikey_connectivity,multiple_evidence_types,consistent,False,6,6
ecoli,ump_e,UMP C9H11N2O9P,ump,C00105,CHEBI:13508;CHEBI:13509;CHEBI:16695;CHEBI:27231;CHEBI:46362;CHEBI:46382;CHEBI:46385;CHEBI:47721;CHEBI:57865;CHEBI:9849,MNXM80,,DJJCXFVJDGTHFX,ok,nucleotide_currency,nucleotide_currency,currency_or_cofactor,UMP,normalized_name;bigg_ids:ump;kegg_ids:c00105;chebi_ids:chebi:57865;metanetx_ids:mnxm80;inchikey_connectivity:djjcxfvjdgthfx,normalized_name;bigg_ids;kegg_ids;chebi_ids;metanetx_ids;inchikey_connectivity,multiple_evidence_types,consistent,False,4,4
ecoli,ump_p,UMP C9H11N2O9P,ump,C00105,CHEBI:13508;CHEBI:13509;CHEBI:16695;CHEBI:27231;CHEBI:46362;CHEBI:46382;CHEBI:46385;CHEBI:47721;CHEBI:57865;CHEBI:9849,MNXM80,,DJJCXFVJDGTHFX,ok,nucleotide_currency,nucleotide_currency,currency_or_cofactor,UMP,normalized_name;bigg_ids:ump;kegg_ids:c00105;chebi_ids:chebi:57865;metanetx_ids:mnxm80;inchikey_connectivity:djjcxfvjdgthfx,normalized_name;bigg_ids;kegg_ids;chebi_ids;metanetx_ids;inchikey_connectivity,multiple_evidence_types,consistent,False,7,7
ecoli,unaga_c,Undecaprenyl diphospho N-acetyl-glucosamine,unaga,C01289,CHEBI:62958;CHEBI:62959,MNXM1333,,NEVJGTXBHJNFAZ,ok,other_reactant,other_reactant,other_reactant,,,,not_registry_matched,not_assessable,False,1,1
ecoli,unagamu_c,Undecaprenyl-diphospho-N-acetylglucosamine-N-acetylmannosaminuronate,unagamu,C20497,CHEBI:61495;CHEBI:61561;CHEBI:62960,MNXM2504,,IGGGNUSEBUZFTR,ok,other_reactant,other_reactant,other_reactant,,,,not_registry_matched,not_assessable,False,1,1
ecoli,unagamuf_c,"Undecaprenyl-diphospho N-acetylglucosamine-N-acetylmannosaminuronate-N-acetamido-4,6-dideoxy-D-galactose",unagamuf,,,MNXM6160,,PSONHUYFSWYIME,ok,other_reactant,other_reactant,other_reactant,,,,not_registry_matched,not_assessable,False,1,1
ecoli,unagamuf_p,"Undecaprenyl-diphospho N-acetylglucosamine-N-acetylmannosaminuronate-N-acetamido-4,6-dideoxy-D-galactose",unagamuf,,,MNXM6160,,PSONHUYFSWYIME,ok,other_reactant,other_reactant,other_reactant,,,,not_registry_matched,not_assessable,False,3,3
ecoli,uppg3_c,Uroporphyrinogen III,uppg3,C01051,CHEBI:15300;CHEBI:15437;CHEBI:27257;CHEBI:57308;CHEBI:9905,MNXM414,,HUHWZXWWOFSFKF,ok,other_reactant,other_reactant,other_reactant,,,,not_registry_matched,not_assessable,False,2,2
ecoli,ura_c,Uracil,ura,C00106,CHEBI:15288;CHEBI:17568;CHEBI:27210;CHEBI:43254;CHEBI:46375;CHEBI:9882,MNXM158,,ISAKRJDGNUQOIC,ok,other_reactant,other_reactant,other_reactant,,,,not_registry_matched,not_assessable,False,7,7
ecoli,ura_e,Uracil,ura,C00106,CHEBI:15288;CHEBI:17568;CHEBI:27210;CHEBI:43254;CHEBI:46375;CHEBI:9882,MNXM158,,ISAKRJDGNUQOIC,ok,other_reactant,other_reactant,other_reactant,,,,not_registry_matched,not_assessable,False,4,4
ecoli,ura_p,Uracil,ura,C00106,CHEBI:15288;CHEBI:17568;CHEBI:27210;CHEBI:43254;CHEBI:46375;CHEBI:9882,MNXM158,,ISAKRJDGNUQOIC,ok,other_reactant,other_reactant,other_reactant,,,,not_registry_matched,not_assessable,False,6,6
ecoli,uracp_c,Ureidoacrylate peracid,uracp,C20231,CHEBI:59889,MNXM2304,,AJFKXWQDHFYKFK,ok,other_reactant,other_reactant,other_reactant,,,,not_registry_matched,not_assessable,False,1,1
ecoli,urate_e,Urate C5H4N4O3,urate,C00366,CHEBI:15290;CHEBI:17775;CHEBI:27216;CHEBI:27226;CHEBI:30848;CHEBI:46455;CHEBI:46811;CHEBI:46814;CHEBI:46817;CHEBI:46818;CHEBI:46820;CHEBI:46821;CHEBI:46822;CHEBI:46823;CHEBI:46824;CHEBI:46825;CHEBI:46826;CHEBI:49051;CHEBI:62585;CHEBI:62589;CHEBI:9885,MNXM441,,LEHOTFFKMJEONL,ok,other_reactant,other_reactant,other_reactant,,,,not_registry_matched,not_assessable,False,4,4
ecoli,urate_p,Urate C5H4N4O3,urate,C00366,CHEBI:15290;CHEBI:17775;CHEBI:27216;CHEBI:27226;CHEBI:30848;CHEBI:46455;CHEBI:46811;CHEBI:46814;CHEBI:46817;CHEBI:46818;CHEBI:46820;CHEBI:46821;CHEBI:46822;CHEBI:46823;CHEBI:46824;CHEBI:46825;CHEBI:46826;CHEBI:49051;CHEBI:62585;CHEBI:62589;CHEBI:9885,MNXM441,,LEHOTFFKMJEONL,ok,other_reactant,other_reactant,other_reactant,,,,not_registry_matched,not_assessable,False,5,5
ecoli,urdgci_c,S-ureidoglycine,urdgci,,,,,VTFWFHCECSOPSX,ok,other_reactant,other_reactant,other_reactant,,,,not_registry_matched,not_assessable,False,1,1
ecoli,urdglyc_c,(-)-Ureidoglycolate,urdglyc,C00603;C02766,CHEBI:10783;CHEBI:11076;CHEBI:121;CHEBI:15412;CHEBI:18499;CHEBI:18804;CHEBI:27224;CHEBI:49050;CHEBI:57296;CHEBI:9891,MNXM490,,NWZYYCVIOKVTII,ok,other_reactant,other_reactant,other_reactant,,,,not_registry_matched,not_assessable,False,2,2
ecoli,urea_c,Urea CH4N2O,urea,C00086,CHEBI:134711;CHEBI:15292;CHEBI:16199;CHEBI:27218;CHEBI:32285;CHEBI:46379;CHEBI:48376;CHEBI:9888,MNXM117,,XSQUKJJJFZCRTK,ok,other_reactant,other_reactant,other_reactant,,,,not_registry_matched,not_assessable,False,1,1
ecoli,urea_e,Urea CH4N2O,urea,C00086,CHEBI:134711;CHEBI:15292;CHEBI:16199;CHEBI:27218;CHEBI:32285;CHEBI:46379;CHEBI:48376;CHEBI:9888,MNXM117,,XSQUKJJJFZCRTK,ok,other_reactant,other_reactant,other_reactant,,,,not_registry_matched,not_assessable,False,4,4
ecoli,urea_p,Urea CH4N2O,urea,C00086,CHEBI:134711;CHEBI:15292;CHEBI:16199;CHEBI:27218;CHEBI:32285;CHEBI:46379;CHEBI:48376;CHEBI:9888,MNXM117,,XSQUKJJJFZCRTK,ok,other_reactant,other_reactant,other_reactant,,,,not_registry_matched,not_assessable,False,5,5
ecoli,uri_c,Uridine,uri,C00299,CHEBI:15296;CHEBI:16704;CHEBI:27227;CHEBI:46386;CHEBI:46391;CHEBI:46460;CHEBI:46463;CHEBI:9893,MNXM288,,DRTQHJPVMGBUCF,ok,other_reactant,other_reactant,other_reactant,,,,not_registry_matched,not_assessable,False,7,7
ecoli,uri_e,Uridine,uri,C00299,CHEBI:15296;CHEBI:16704;CHEBI:27227;CHEBI:46386;CHEBI:46391;CHEBI:46460;CHEBI:46463;CHEBI:9893,MNXM288,,DRTQHJPVMGBUCF,ok,other_reactant,other_reactant,other_reactant,,,,not_registry_matched,not_assessable,False,1,1
ecoli,uri_p,Uridine,uri,C00299,CHEBI:15296;CHEBI:16704;CHEBI:27227;CHEBI:46386;CHEBI:46391;CHEBI:46460;CHEBI:46463;CHEBI:9893,MNXM288,,DRTQHJPVMGBUCF,ok,other_reactant,other_reactant,other_reactant,,,,not_registry_matched,not_assessable,False,4,4
ecoli,utp_c,UTP C9H11N2O15P3,utp,C00075,CHEBI:13510;CHEBI:15713;CHEBI:27233;CHEBI:37567;CHEBI:46397;CHEBI:46398;CHEBI:57481;CHEBI:9850,MNXM121,,PGAVKCOVUIYSFO,ok,energy_nucleotide,energy_nucleotide,currency_or_cofactor,UTP,normalized_name;bigg_ids:utp;kegg_ids:c00075;chebi_ids:chebi:46398;metanetx_ids:mnxm121;inchikey_connectivity:pgavkcovuiysfo,normalized_name;bigg_ids;kegg_ids;chebi_ids;metanetx_ids;inchikey_connectivity,multiple_evidence_types,consistent,False,11,11
ecoli,val__L_c,L-Valine,val__L,C00183;C16436,CHEBI:13186;CHEBI:16414;CHEBI:21417;CHEBI:27266;CHEBI:32851;CHEBI:32852;CHEBI:32859;CHEBI:32860;CHEBI:46282;CHEBI:46376;CHEBI:46418;CHEBI:46484;CHEBI:57762;CHEBI:6321;CHEBI:87977,MNXM199,,KZSNJWFQEVHDMF,ok,other_reactant,other_reactant,other_reactant,,,,not_registry_matched,not_assessable,False,4,4
ecoli,val__L_e,L-Valine,val__L,C00183;C16436,CHEBI:13186;CHEBI:16414;CHEBI:21417;CHEBI:27266;CHEBI:32851;CHEBI:32852;CHEBI:32859;CHEBI:32860;CHEBI:46282;CHEBI:46376;CHEBI:46418;CHEBI:46484;CHEBI:57762;CHEBI:6321;CHEBI:87977,MNXM199,,KZSNJWFQEVHDMF,ok,other_reactant,other_reactant,other_reactant,,,,not_registry_matched,not_assessable,False,4,4
ecoli,val__L_p,L-Valine,val__L,C00183;C16436,CHEBI:13186;CHEBI:16414;CHEBI:21417;CHEBI:27266;CHEBI:32851;CHEBI:32852;CHEBI:32859;CHEBI:32860;CHEBI:46282;CHEBI:46376;CHEBI:46418;CHEBI:46484;CHEBI:57762;CHEBI:6321;CHEBI:87977,MNXM199,,KZSNJWFQEVHDMF,ok,other_reactant,other_reactant,other_reactant,,,,not_registry_matched,not_assessable,False,6,6
ecoli,wco_c,Tungsten binding cofactor,wco,,,MNXM148528,,,missing_smiles,other_reactant,other_reactant,other_reactant,,,,not_registry_matched,not_assessable,False,1,1
ecoli,xan_c,Xanthine,xan,C00385,CHEBI:10059;CHEBI:15318;CHEBI:17712;CHEBI:27317;CHEBI:46377;CHEBI:48517,MNXM174,,LRFVTYWOQMYALW,ok,other_reactant,other_reactant,other_reactant,,,,not_registry_matched,not_assessable,False,3,3
ecoli,xan_e,Xanthine,xan,C00385,CHEBI:10059;CHEBI:15318;CHEBI:17712;CHEBI:27317;CHEBI:46377;CHEBI:48517,MNXM174,,LRFVTYWOQMYALW,ok,other_reactant,other_reactant,other_reactant,,,,not_registry_matched,not_assessable,False,4,4
ecoli,xan_p,Xanthine,xan,C00385,CHEBI:10059;CHEBI:15318;CHEBI:17712;CHEBI:27317;CHEBI:46377;CHEBI:48517,MNXM174,,LRFVTYWOQMYALW,ok,other_reactant,other_reactant,other_reactant,,,,not_registry_matched,not_assessable,False,7,7
ecoli,xmp_c,Xanthosine 5'-phosphate,xmp,C00655,CHEBI:10067;CHEBI:10938;CHEBI:15324;CHEBI:15652;CHEBI:27328;CHEBI:57464,MNXM298,,DCTLYFZHFGENCW,ok,other_reactant,other_reactant,other_reactant,,,,not_registry_matched,not_assessable,False,3,3
ecoli,xmp_e,Xanthosine 5'-phosphate,xmp,C00655,CHEBI:10067;CHEBI:10938;CHEBI:15324;CHEBI:15652;CHEBI:27328;CHEBI:57464,MNXM298,,DCTLYFZHFGENCW,ok,other_reactant,other_reactant,other_reactant,,,,not_registry_matched,not_assessable,False,4,4
ecoli,xmp_p,Xanthosine 5'-phosphate,xmp,C00655,CHEBI:10067;CHEBI:10938;CHEBI:15324;CHEBI:15652;CHEBI:27328;CHEBI:57464,MNXM298,,DCTLYFZHFGENCW,ok,other_reactant,other_reactant,other_reactant,,,,not_registry_matched,not_assessable,False,6,6
ecoli,xtp_c,XTP,xtp,C00700,CHEBI:10049;CHEBI:59885;CHEBI:61314,MNXM1860,,CAEFEWVYEZABLA,ok,other_reactant,other_reactant,other_reactant,,,,not_registry_matched,not_assessable,False,2,2
ecoli,xtsn_c,Xanthosine,xtsn,C01762,CHEBI:10066;CHEBI:15323;CHEBI:18107;CHEBI:27327,MNXM687,,UBORTCNDUKBEOP,ok,other_reactant,other_reactant,other_reactant,,,,not_registry_matched,not_assessable,False,3,3
ecoli,xtsn_e,Xanthosine,xtsn,C01762,CHEBI:10066;CHEBI:15323;CHEBI:18107;CHEBI:27327,MNXM687,,UBORTCNDUKBEOP,ok,other_reactant,other_reactant,other_reactant,,,,not_registry_matched,not_assessable,False,4,4
ecoli,xtsn_p,Xanthosine,xtsn,C01762,CHEBI:10066;CHEBI:15323;CHEBI:18107;CHEBI:27327,MNXM687,,UBORTCNDUKBEOP,ok,other_reactant,other_reactant,other_reactant,,,,not_registry_matched,not_assessable,False,5,5
ecoli,xu5p__D_c,D-Xylulose 5-phosphate,xu5p__D,C00231,CHEBI:13036;CHEBI:16332;CHEBI:21121;CHEBI:27354;CHEBI:4269;CHEBI:57737,MNXM186,,FNZLKVNUWIIPSJ,ok,other_reactant,other_reactant,other_reactant,,,,not_registry_matched,not_assessable,False,8,8
ecoli,xu5p__L_c,L-Xylulose 5-phosphate,xu5p__L,C03291,CHEBI:13191;CHEBI:16593;CHEBI:21427;CHEBI:57829;CHEBI:6328,MNXM1238,,FNZLKVNUWIIPSJ,ok,other_reactant,other_reactant,other_reactant,,,,not_registry_matched,not_assessable,False,2,2
ecoli,xyl__D_c,D-Xylose,xyl__D,C00181,CHEBI:53455;CHEBI:65327,MNXM348,,PYMYPHUHKUWMLA,ok,other_reactant,other_reactant,other_reactant,,,,not_registry_matched,not_assessable,False,1,1
ecoli,xyl__D_e,D-Xylose,xyl__D,C00181,CHEBI:53455;CHEBI:65327,MNXM348,,PYMYPHUHKUWMLA,ok,other_reactant,other_reactant,other_reactant,,,,not_registry_matched,not_assessable,False,4,4
ecoli,xyl__D_p,D-Xylose,xyl__D,C00181,CHEBI:53455;CHEBI:65327,MNXM348,,PYMYPHUHKUWMLA,ok,other_reactant,other_reactant,other_reactant,,,,not_registry_matched,not_assessable,False,6,6
ecoli,xylu__D_c,D-Xylulose,xylu__D,C00310;C00312,CHEBI:13035;CHEBI:13190;CHEBI:17140;CHEBI:17399;CHEBI:21120;CHEBI:21425;CHEBI:27353;CHEBI:4268;CHEBI:46514;CHEBI:6326,MNXM597,,ZAQJHHRNXZUBTE,ok,other_reactant,other_reactant,other_reactant,,,,not_registry_matched,not_assessable,False,3,3
ecoli,xylu__L_c,L-Xylulose,xylu__L,C00310;C00312,CHEBI:13035;CHEBI:13190;CHEBI:17140;CHEBI:17399;CHEBI:21120;CHEBI:21425;CHEBI:27353;CHEBI:4268;CHEBI:46514;CHEBI:6326,MNXM597,,ZAQJHHRNXZUBTE,ok,other_reactant,other_reactant,other_reactant,,,,not_registry_matched,not_assessable,False,2,2
ecoli,xylu__L_e,L-Xylulose,xylu__L,C00310;C00312,CHEBI:13035;CHEBI:13190;CHEBI:17140;CHEBI:17399;CHEBI:21120;CHEBI:21425;CHEBI:27353;CHEBI:4268;CHEBI:46514;CHEBI:6326,MNXM597,,ZAQJHHRNXZUBTE,ok,other_reactant,other_reactant,other_reactant,,,,not_registry_matched,not_assessable,False,4,4
ecoli,xylu__L_p,L-Xylulose,xylu__L,C00310;C00312,CHEBI:13035;CHEBI:13190;CHEBI:17140;CHEBI:17399;CHEBI:21120;CHEBI:21425;CHEBI:27353;CHEBI:4268;CHEBI:46514;CHEBI:6326,MNXM597,,ZAQJHHRNXZUBTE,ok,other_reactant,other_reactant,other_reactant,,,,not_registry_matched,not_assessable,False,5,5
ecoli,zn2_c,Zinc,zn2,C00038;C12570,CHEBI:10113;CHEBI:27368;CHEBI:29105;CHEBI:49972;CHEBI:49982,MNXM149,,PTFCDOFLOPIGGS,ok,other_reactant,other_reactant,other_reactant,,,,not_registry_matched,not_assessable,False,3,3
ecoli,zn2_e,Zinc,zn2,C00038;C12570,CHEBI:10113;CHEBI:27368;CHEBI:29105;CHEBI:49972;CHEBI:49982,MNXM149,,PTFCDOFLOPIGGS,ok,other_reactant,other_reactant,other_reactant,,,,not_registry_matched,not_assessable,False,4,4
ecoli,zn2_p,Zinc,zn2,C00038;C12570,CHEBI:10113;CHEBI:27368;CHEBI:29105;CHEBI:49972;CHEBI:49982,MNXM149,,PTFCDOFLOPIGGS,ok,other_reactant,other_reactant,other_reactant,,,,not_registry_matched,not_assessable,False,6,6
yeast,s_0003,(1->3)-beta-D-glucan,13BDglcn,C00965,CHEBI:37671,MNXM6492,,,missing_smiles,other_reactant,other_reactant,other_reactant,,,,not_registry_matched,not_assessable,False,1,5
yeast,s_0006,"(2-amino-4-hydroxy-7,8-dihydropteridin-6-yl)methyl trihydrogen diphosphate",2ahhmd,C04807,CHEBI:57602,MNXM1160,135398612,FCQGJGLSOWZZON,ok,other_reactant,other_reactant,other_reactant,,,,not_registry_matched,not_assessable,False,1,1
yeast,s_0008,"(2R,3R)-2,3-dihydroxy-3-methylpentanoate",23dhmp,C06007,CHEBI:49258,MNXM1202,448154,PDGXJDXVGMHUIR,ok,other_reactant,other_reactant,other_reactant,,,,not_registry_matched,not_assessable,False,1,1
yeast,s_0009,"(2R,3S)-3-isopropylmalate",3c2hmp,C04411,CHEBI:35121,MNXM891,6419714,RNQHMTFBUSSBJQ,ok,other_reactant,other_reactant,other_reactant,,,,not_registry_matched,not_assessable,False,3,3
yeast,s_0012,"(2S,3R)-3-hydroxybutane-1,2,3-tricarboxylic acid",micit,C04593,CHEBI:57429,MNXM1694,,HHKPKXCSHMJWCF,ok,other_reactant,other_reactant,other_reactant,,,,not_registry_matched,not_assessable,False,1,1
yeast,s_0015,(N(omega)-L-arginino)succinic acid,argsuc,C03406,CHEBI:57472,MNXM722743,439998,KDZOASGQNOPSCU,ok,other_reactant,other_reactant,other_reactant,,,,not_registry_matched,not_assessable,False,1,1
yeast,s_0016,"(R)-2,3-dihydroxy-3-methylbutanoate",23dhmb,C04272,CHEBI:49072,MNXM114097,440279,JTEYKUFKXGDTEU,ok,other_reactant,other_reactant,other_reactant,,,,not_registry_matched,not_assessable,False,1,1
yeast,s_0017,(R)-4'-phosphopantothenic acid,4ppan,C03492,CHEBI:15905,MNXM415,16755653,XHFVGHPGDLDEQO,ok,other_reactant,other_reactant,other_reactant,,,,not_registry_matched,not_assessable,False,1,1
yeast,s_0018,(R)-5-diphosphomevalonic acid,5dpmev,C01143,CHEBI:57557,MNXM689,,SIGQQUBJQXSAMW,ok,other_reactant,other_reactant,other_reactant,,,,not_registry_matched,not_assessable,False,1,1
yeast,s_0019,(R)-5-phosphomevalonic acid,5pmev,C01107,CHEBI:58146,MNXM567,,OKZYCXHTTZZYSK,ok,other_reactant,other_reactant,other_reactant,,,,not_registry_matched,not_assessable,False,1,1
yeast,s_0021,(R)-carnitine,crn,C00318,CHEBI:16347,MNXM173,10917,PHIQHXFUZVPYII,ok,other_reactant,other_reactant,other_reactant,,,,not_registry_matched,not_assessable,False,1,2
yeast,s_0022,(R)-carnitine,crn,C00318,CHEBI:16347,MNXM173,10917,PHIQHXFUZVPYII,ok,other_reactant,other_reactant,other_reactant,,,,not_registry_matched,not_assessable,False,1,1
yeast,s_0023,(R)-carnitine,crn,C00318,CHEBI:16347,MNXM173,10917,PHIQHXFUZVPYII,ok,other_reactant,other_reactant,other_reactant,,,,not_registry_matched,not_assessable,False,2,2
yeast,s_0024,(R)-carnitine,crn,C00318,CHEBI:16347,MNXM173,10917,PHIQHXFUZVPYII,ok,other_reactant,other_reactant,other_reactant,,,,not_registry_matched,not_assessable,False,1,1
yeast,s_0025,(R)-lactate,lac__D,C00256,CHEBI:16004,MNXM285,,JVTAAEKCZFNVCJ,ok,other_reactant,other_reactant,other_reactant,,,,not_registry_matched,not_assessable,False,3,9
yeast,s_0026,(R)-lactate,lac__D,C00256,CHEBI:16004,MNXM285,,JVTAAEKCZFNVCJ,ok,other_reactant,other_reactant,other_reactant,,,,not_registry_matched,not_assessable,False,1,1
yeast,s_0027,(R)-lactate,lac__D,C00256,CHEBI:16004,MNXM285,,JVTAAEKCZFNVCJ,ok,other_reactant,other_reactant,other_reactant,,,,not_registry_matched,not_assessable,False,1,2
yeast,s_0028,(R)-mevalonate,mev__R,C00418,CHEBI:36464,MNXM333,,KJTLQQUUPVSXIM,ok,other_reactant,other_reactant,other_reactant,,,,not_registry_matched,not_assessable,False,4,4
yeast,s_0029,(R)-mevalonate,mev__R,C00418,CHEBI:36464,MNXM333,,KJTLQQUUPVSXIM,ok,other_reactant,other_reactant,other_reactant,,,,not_registry_matched,not_assessable,False,1,2
yeast,s_0030,(R)-pantoate,pant__R,C00522,CHEBI:15980,MNXM593,,OTOIIPJYVQJATP,ok,other_reactant,other_reactant,other_reactant,,,,not_registry_matched,not_assessable,False,1,1
yeast,s_0031,(R)-pantothenate,pnto__R,C00864,CHEBI:29032,MNXM364,,GHOKWGTUZJEAQD,ok,other_reactant,other_reactant,other_reactant,,,,not_registry_matched,not_assessable,False,1,1
yeast,s_0032,(R)-pantothenate,pnto__R,C00864,CHEBI:29032,MNXM364,,GHOKWGTUZJEAQD,ok,other_reactant,other_reactant,other_reactant,,,,not_registry_matched,not_assessable,False,1,1
yeast,s_0033,(R)-S-lactoylglutathione,lgt__S,C03451,CHEBI:57474,MNXM1253,,VDYDCVUWILIYQF,ok,other_reactant,other_reactant,other_reactant,,,,not_registry_matched,not_assessable,False,1,1
yeast,s_0034,(R)-S-lactoylglutathione,lgt__S,C03451,CHEBI:57474,MNXM1253,,VDYDCVUWILIYQF,ok,other_reactant,other_reactant,other_reactant,,,,not_registry_matched,not_assessable,False,1,1
yeast,s_0035,"(R,R)-2,3-butanediol",btd_RR,C03044,CHEBI:16982,MNXM2757,,OWBTYPJTUOEWEK,ok,other_reactant,other_reactant,other_reactant,,,,not_registry_matched,not_assessable,False,1,1
yeast,s_0037,"(S)-2,3-epoxysqualene",Ssq23epx,C01054,CHEBI:15441,MNXM130,,QYIMSPSDBYKPPY,ok,other_reactant,other_reactant,other_reactant,,,,not_registry_matched,not_assessable,False,1,1
yeast,s_0039,(S)-2-acetyl-2-hydroxybutanoate,2ahbut,C06006,CHEBI:49256,MNXM114220,440875,VUQLHQFKACOHNZ,ok,other_reactant,other_reactant,other_reactant,,,,not_registry_matched,not_assessable,False,1,1
yeast,s_0042,(R)-3-hydroxydecanoyl-CoA,3hdcoa,C05264,CHEBI:28325,MNXM674,11966158,HIVSMYZAMUNFKZ,ok,carrier_linked_metabolite,carrier_linked_metabolite,carrier_linked_variable,,normalized_name:coa_linked,normalized_name,name_only,not_assessable,False,1,1
yeast,s_0045,(S)-3-hydroxyhexacosanoyl-CoA,,,CHEBI:52976,MNXM31741,,GBMJOTOUUWGTIA,ok,carrier_linked_metabolite,carrier_linked_metabolite,carrier_linked_variable,,normalized_name:coa_linked,normalized_name,name_only,not_assessable,False,1,1
yeast,s_0048,(R)-3-hydroxylauroyl-CoA,3hddcoa,C05262,CHEBI:27668,MNXM733,11966173,IJFLXRCJWPKGKJ,ok,carrier_linked_metabolite,carrier_linked_metabolite,carrier_linked_variable,,normalized_name:coa_linked,normalized_name,name_only,not_assessable,False,1,1
yeast,s_0051,(S)-3-hydroxypalmitoyl-CoA,3hhdcoa,C05258,CHEBI:27402,MNXM825,11966179,DEHLMTDDPWDRDR,ok,carrier_linked_metabolite,carrier_linked_metabolite,carrier_linked_variable,,normalized_name:coa_linked,normalized_name,name_only,not_assessable,False,1,1
yeast,s_0054,(S)-3-hydroxytetradecanoyl-CoA,3htdcoa,C05260,CHEBI:27466,MNXM767,11966177,OXBHKMHNDGRDCZ,ok,carrier_linked_metabolite,carrier_linked_metabolite,carrier_linked_variable,,normalized_name:coa_linked,normalized_name,name_only,not_assessable,False,1,1
yeast,s_0056,(S)-3-methyl-2-oxopentanoate,3mop,C00671,CHEBI:35146,MNXM439,439286,JVQYSWDUAOAHFM,ok,other_reactant,other_reactant,other_reactant,,,,not_registry_matched,not_assessable,False,1,4
yeast,s_0061,(S)-dihydroorotate,dhor__S,C00337,CHEBI:30864,MNXM252,,UFIVEPVSAGBUSI,ok,other_reactant,other_reactant,other_reactant,,,,not_registry_matched,not_assessable,False,2,2
yeast,s_0062,(S)-lactaldehyde,lald__L,C00424,CHEBI:18041,MNXM2387,,BSABBBMNWQWLLU,ok,other_reactant,other_reactant,other_reactant,,,,not_registry_matched,not_assessable,False,1,1
yeast,s_0063,(S)-lactate,lac__L,C00186,CHEBI:16651,MNXM179,,JVTAAEKCZFNVCJ,ok,other_reactant,other_reactant,other_reactant,,,,not_registry_matched,not_assessable,False,3,4
yeast,s_0064,(S)-lactate,lac__L,C00186,CHEBI:16651,MNXM179,,JVTAAEKCZFNVCJ,ok,other_reactant,other_reactant,other_reactant,,,,not_registry_matched,not_assessable,False,1,1
yeast,s_0066,(S)-malate,mal__L,C00149,CHEBI:15589,MNXM98,,BJEPYKJPYRNKOW,ok,other_reactant,other_reactant,other_reactant,,,,not_registry_matched,not_assessable,False,3,4
yeast,s_0068,(S)-malate,mal__L,C00149,CHEBI:15589,MNXM98,,BJEPYKJPYRNKOW,ok,other_reactant,other_reactant,other_reactant,,,,not_registry_matched,not_assessable,False,4,4
yeast,s_0069,(S)-malate,mal__L,C00149,CHEBI:15589,MNXM98,,BJEPYKJPYRNKOW,ok,other_reactant,other_reactant,other_reactant,,,,not_registry_matched,not_assessable,False,1,1
yeast,s_0075,"1,3-bisphospho-D-glycerate",13dpg,C00236,CHEBI:57604,MNXM261,439191,LJQLQCAXBUHEAZ,ok,other_reactant,other_reactant,other_reactant,,,,not_registry_matched,not_assessable,False,2,2
yeast,s_0076,1-(2-carboxyphenylamino)-1-deoxy-D-ribulose 5-phosphate,2cpr5p,C01302,CHEBI:58613,MNXM1455,446894,QKMBYNRMPRKVTO,ok,other_reactant,other_reactant,other_reactant,,,,not_registry_matched,not_assessable,False,1,1
yeast,s_0077,1-(5-phospho-D-ribosyl)-5-[(5-phospho-D-ribosylamino)methylideneamino]imidazole-4-carboxamide,prfp,C04896,CHEBI:58435,MNXM1397,,QOUSHGMTBIIAHR,ok,other_reactant,other_reactant,other_reactant,,,,not_registry_matched,not_assessable,False,1,1
yeast,s_0078,1-(5-phosphoribosyl)-5'-AMP,prbamp,C02741,CHEBI:59457,MNXM1515,,RTQMRTSPTLIIHM,ok,other_reactant,other_reactant,other_reactant,,,,not_registry_matched,not_assessable,False,1,1
yeast,s_0080,1-(sn-glycero-3-phospho)-1D-myo-inositol,g3pi,C01225,CHEBI:58444,MNXM1517,,BMVUIWJCUQSHLZ,ok,other_reactant,other_reactant,other_reactant,,,,not_registry_matched,not_assessable,False,1,1
yeast,s_0086,1-C-(indol-3-yl)glycerol 3-phosphate,3ig3p,C03506,CHEBI:60820,MNXM163633,444150,NQEQTYPJSIEPHW,ok,other_reactant,other_reactant,other_reactant,,,,not_registry_matched,not_assessable,False,1,1
yeast,s_0116,1-pyrroline-3-hydroxy-5-carboxylic acid,1p3h5c,C04281,CHEBI:58509,MNXM114091,,WFOFKRKDDKGRIK,ok,other_reactant,other_reactant,other_reactant,,,,not_registry_matched,not_assessable,False,1,1
yeast,s_0117,1-pyrroline-3-hydroxy-5-carboxylic acid,1p3h5c,C04281,CHEBI:58509,MNXM114091,,WFOFKRKDDKGRIK,ok,other_reactant,other_reactant,other_reactant,,,,not_registry_matched,not_assessable,False,1,1
yeast,s_0118,1-pyrroline-5-carboxylate,1pyr5c,C04322,CHEBI:15893,MNXM1617,1196,DWAKNKKXGALPNW,ok,other_reactant,other_reactant,other_reactant,,,,not_registry_matched,not_assessable,False,1,1
yeast,s_0119,1-pyrroline-5-carboxylate,1pyr5c,C04322,CHEBI:15893,MNXM1617,1196,DWAKNKKXGALPNW,ok,other_reactant,other_reactant,other_reactant,,,,not_registry_matched,not_assessable,False,1,1
yeast,s_0120,10-formyl-THF,10fthf,C00234,CHEBI:57454,MNXM237,135398556,AUFGTPPARQZWDO,ok,one_carbon_cofactor,one_carbon_cofactor,currency_or_cofactor,10-formyltetrahydrofolate,bigg_ids:10fthf;kegg_ids:c00234;metanetx_ids:mnxm237;pubchem_cids:135398556,bigg_ids;kegg_ids;metanetx_ids;pubchem_cids,multiple_evidence_types,not_assessable,False,3,4
yeast,s_0121,10-formyl-THF,10fthf,C00234,CHEBI:57454,MNXM237,135398556,AUFGTPPARQZWDO,ok,one_carbon_cofactor,one_carbon_cofactor,currency_or_cofactor,10-formyltetrahydrofolate,bigg_ids:10fthf;kegg_ids:c00234;metanetx_ids:mnxm237;pubchem_cids:135398556,bigg_ids;kegg_ids;metanetx_ids;pubchem_cids,multiple_evidence_types,not_assessable,False,1,1
yeast,s_0122,14-demethyllanosterol,44mzym,C05108,CHEBI:18364,MNXM913,,CHGIKSSZNBCNDW,ok,other_reactant,other_reactant,other_reactant,,,,not_registry_matched,not_assessable,False,1,1
yeast,s_0123,"1D-myo-inositol 1,3,4,5-tetrakisphosphate",mi1345p,C01272,CHEBI:57895,MNXM624,,CIPFCGZLFXVXBG,ok,other_reactant,other_reactant,other_reactant,,,,not_registry_matched,not_assessable,False,1,1
yeast,s_0124,"1D-myo-inositol 1,4,5,6-tetrakisphosphate",mi3456p,C11555,CHEBI:57627,MNXM1620,,MRVYFOANPDTYBY,ok,other_reactant,other_reactant,other_reactant,,,,not_registry_matched,not_assessable,False,1,1
yeast,s_0125,"1D-myo-inositol 1,4,5-trisphosphate",mi145p,C01245,CHEBI:203600,MNXM200,,MMWCIQZXVOZEGG,ok,other_reactant,other_reactant,other_reactant,,,,not_registry_matched,not_assessable,False,2,2
yeast,s_0126,1D-myo-inositol 1-phosphate,mi1p__D,C01177,CHEBI:58433,MNXM646,,INAPMGSXUVUWAF,ok,other_reactant,other_reactant,other_reactant,,,,not_registry_matched,not_assessable,False,1,2
yeast,s_0131,"2',3'-cyclic AMP",23camp,C02353,CHEBI:60879,MNXM2598,101812,KMYWVDDIPVNLME,ok,other_reactant,other_reactant,other_reactant,,,,not_registry_matched,not_assessable,False,1,1
yeast,s_0132,2'-deoxyadenosine,dad_2,C00559,CHEBI:17256,MNXM625,13730,OLXZPDWKRNYJJZ,ok,other_reactant,other_reactant,other_reactant,,,,not_registry_matched,not_assessable,False,1,1
yeast,s_0134,2'-deoxyguanosine,dgsn,C00330,CHEBI:17172,MNXM647,,YKBGVTZYEHREMT,ok,other_reactant,other_reactant,other_reactant,,,,not_registry_matched,not_assessable,False,1,1
yeast,s_0139,2'-deoxyuridine,duri,C00526,CHEBI:16450,MNXM492,,MXHRCPNRJAMMIM,ok,other_reactant,other_reactant,other_reactant,,,,not_registry_matched,not_assessable,False,1,1
yeast,s_0141,"2,5-diamino-4-hydroxy-6-(5-phosphoribosylamino)pyrimidine",25drapp,C01304,CHEBI:58614,MNXM648,135398601,OCLCLRXKNJCOJD,ok,other_reactant,other_reactant,other_reactant,,,,not_registry_matched,not_assessable,False,1,1
yeast,s_0142,"2,5-diamino-6-(5-phosphono)ribitylamino-4(3H)-pyrimidinone",25dthpp,C18910,CHEBI:52957,MNXM1099,,ACIVVGBVOVHFPQ,ok,other_reactant,other_reactant,other_reactant,,,,not_registry_matched,not_assessable,False,1,1
yeast,s_0143,2-(3-amino-3-carboxypropyl)-L-histidine,caphis,C04441,CHEBI:17144,MNXM3804,,CJCSNWWKPUXVRD,ok,other_reactant,other_reactant,other_reactant,,,,not_registry_matched,not_assessable,False,1,1
yeast,s_0145,2-acetamido-5-oxopentanoate,acg5sa,C01250,CHEBI:29123,MNXM1062,192878,BCPSFKBPHHBDAI,ok,other_reactant,other_reactant,other_reactant,,,,not_registry_matched,not_assessable,False,1,1
yeast,s_0146,2-acetyllactic acid,,C00900,CHEBI:57774,MNXM426,,NMDWGEGFJUBKLB,ok,other_reactant,other_reactant,other_reactant,,,,not_registry_matched,not_assessable,False,1,1
yeast,s_0148,"2-amino-6-(hydroxymethyl)-7,8-dihydropteridin-4-ol",6hmhpt,C01300,CHEBI:17083,MNXM937,135398568,CQQNNQTXUGLUEV,ok,other_reactant,other_reactant,other_reactant,,,,not_registry_matched,not_assessable,False,2,2
yeast,s_0149,2-dehydropantoate,2dhp,C00966,CHEBI:11561,MNXM959,16755619,PKVVTUWHANFMQC,ok,other_reactant,other_reactant,other_reactant,,,,not_registry_matched,not_assessable,False,1,1
yeast,s_0152,2-deoxy-D-ribose,drib,C01801,CHEBI:28816,MNXM2474,,ASJSAQIRZKANQN,ok,other_reactant,other_reactant,other_reactant,,,,not_registry_matched,not_assessable,False,1,1
yeast,s_0154,"2-hexaprenyl-5-hydroxy-6-methoxy-3-methyl-1,4-benzoquinone",2hpmhmbq,C05805,CHEBI:28753,MNXM5466,,UPDORWVUCBDLSA,ok,other_reactant,other_reactant,other_reactant,,,,not_registry_matched,not_assessable,False,1,1
yeast,s_0155,"2-hexaprenyl-6-methoxy-1,4-benzoquinone",2hp6mbq,C05803,CHEBI:27752,MNXM6707,,SCPRZSDIZDIQOW,ok,other_reactant,other_reactant,other_reactant,,,,not_registry_matched,not_assessable,False,1,1
yeast,s_0156,"2-hexaprenyl-6-methoxy-3-methyl-1,4-benzoquinone",2hpmmbq,C05804,CHEBI:28711,MNXM6067,,RLVSEUWSBSQQOE,ok,other_reactant,other_reactant,other_reactant,,,,not_registry_matched,not_assessable,False,1,1
yeast,s_0157,2-hexaprenyl-6-methoxyphenol,2hp6mp,C05802,CHEBI:1109,MNXM4291,,WVPRAWNIVDFQBO,ok,other_reactant,other_reactant,other_reactant,,,,not_registry_matched,not_assessable,False,1,1
yeast,s_0158,2-hydroxy-3-oxobutyl phosphate,db4p,C15556,CHEBI:50606,MNXM2323,669,OKYHYXLCTGGOLM,ok,other_reactant,other_reactant,other_reactant,,,,not_registry_matched,not_assessable,False,1,1
yeast,s_0162,2-isopropylmalate,3c3hmp,C02504,CHEBI:28107,MNXM164143,6419727,BITYXLXUCSKTJS,ok,other_reactant,other_reactant,other_reactant,,,,not_registry_matched,not_assessable,False,1,1
yeast,s_0165,2-isopropylmaleic acid,2ippm,C02631,CHEBI:58085,MNXM1706,5280533,NJMGRJLQRLFQQX,ok,other_reactant,other_reactant,other_reactant,,,,not_registry_matched,not_assessable,False,1,1
yeast,s_0166,2-methylbutanal,2mbald,C02223,CHEBI:16182,MNXM2604,,BYGQBDHUGHBGMD,ok,other_reactant,other_reactant,other_reactant,,,,not_registry_matched,not_assessable,False,3,8
yeast,s_0168,2-methylbutanal,2mbald,C02223,CHEBI:16182,MNXM2604,,BYGQBDHUGHBGMD,ok,other_reactant,other_reactant,other_reactant,,,,not_registry_matched,not_assessable,False,1,2
yeast,s_0169,2-methylbutanol,2mbtoh,,CHEBI:48945,MNXM5476,,QPRQEDXDYOZYLA,ok,other_reactant,other_reactant,other_reactant,,,,not_registry_matched,not_assessable,False,1,2
yeast,s_0174,2-methylcitrate,2mcit,C02225,CHEBI:15598,MNXM90279,5461152,YNOXCRMFGMSKIJ,ok,other_reactant,other_reactant,other_reactant,,,,not_registry_matched,not_assessable,False,1,1
yeast,s_0176,2-oxoadipic acid,2oxoadp,C00322,CHEBI:57499,MNXM263,,FGSBNBBHOZHUBO,ok,other_reactant,other_reactant,other_reactant,,,,not_registry_matched,not_assessable,False,1,3
yeast,s_0177,2-oxoadipic acid,2oxoadp,C00322,CHEBI:57499,MNXM263,,FGSBNBBHOZHUBO,ok,other_reactant,other_reactant,other_reactant,,,,not_registry_matched,not_assessable,False,1,2
yeast,s_0178,2-oxobutanoate,2obut,C00109,CHEBI:16763,MNXM159,3593277,TYEYBOSBBBHJIV,ok,other_reactant,other_reactant,other_reactant,,,,not_registry_matched,not_assessable,False,2,5
yeast,s_0179,2-oxobutanoate,2obut,C00109,CHEBI:16763,MNXM159,3593277,TYEYBOSBBBHJIV,ok,other_reactant,other_reactant,other_reactant,,,,not_registry_matched,not_assessable,False,1,2
yeast,s_0180,2-oxoglutarate,akg,C00026,CHEBI:16810,MNXM20,164533,KPGXRSRHYNQIFN,ok,other_reactant,other_reactant,other_reactant,,,,not_registry_matched,not_assessable,False,18,20
yeast,s_0182,2-oxoglutarate,akg,C00026,CHEBI:16810,MNXM20,164533,KPGXRSRHYNQIFN,ok,other_reactant,other_reactant,other_reactant,,,,not_registry_matched,not_assessable,False,8,11
yeast,s_0183,2-oxoglutarate,akg,C00026,CHEBI:16810,MNXM20,164533,KPGXRSRHYNQIFN,ok,other_reactant,other_reactant,other_reactant,,,,not_registry_matched,not_assessable,False,1,2
yeast,s_0184,2-oxoglutarate,akg,C00026,CHEBI:16810,MNXM20,164533,KPGXRSRHYNQIFN,ok,other_reactant,other_reactant,other_reactant,,,,not_registry_matched,not_assessable,False,2,2
yeast,s_0185,2-phenylethanol,2phetoh,C05853,CHEBI:49000,MNXM2476,,WRMNZCZEMHIOCP,ok,other_reactant,other_reactant,other_reactant,,,,not_registry_matched,not_assessable,False,1,2
yeast,s_0188,2-phospho-D-glyceric acid,2pg,C00631,CHEBI:58289,MNXM275,439278,GXIURPTVHJPJLF,ok,other_reactant,other_reactant,other_reactant,,,,not_registry_matched,not_assessable,False,1,5
yeast,s_0190,farnesyl diphosphate,frdp,C00448,CHEBI:175763,MNXM34,,VWFJDQUYCIWHTN,ok,other_reactant,other_reactant,other_reactant,,,,not_registry_matched,not_assessable,False,3,3
yeast,s_0191,farnesyl diphosphate,frdp,C00448,CHEBI:175763,MNXM34,,VWFJDQUYCIWHTN,ok,other_reactant,other_reactant,other_reactant,,,,not_registry_matched,not_assessable,False,1,1
yeast,s_0192,"3',5'-cyclic AMP",camp,C00575,CHEBI:58165,MNXM243,6076,IVOMOUWHDPKRLL,ok,other_reactant,other_reactant,other_reactant,,,,not_registry_matched,not_assessable,False,1,2
yeast,s_0193,"3',5'-cyclic CMP",35ccmp,C00941,CHEBI:58003,MNXM3162,,WCPTXJJVVDAEMW,ok,other_reactant,other_reactant,other_reactant,,,,not_registry_matched,not_assessable,False,1,1
yeast,s_0194,"3',5'-cyclic dAMP",35cdamp,C00968,CHEBI:28074,MNXM9931,,MKMZAENVDZADSW,ok,other_reactant,other_reactant,other_reactant,,,,not_registry_matched,not_assessable,False,1,1
yeast,s_0195,"3',5'-cyclic GMP",35cgmp,C00942,CHEBI:57746,MNXM665,135398570,ZOOGRGPOEVQQDX,ok,other_reactant,other_reactant,other_reactant,,,,not_registry_matched,not_assessable,False,1,1
yeast,s_0196,"3',5'-cyclic IMP",35cimp,C00943,CHEBI:27541,MNXM9932,,DMJWGQPYNRPLGA,ok,other_reactant,other_reactant,other_reactant,,,,not_registry_matched,not_assessable,False,1,1
yeast,s_0197,3'-dephospho-CoA,dpcoa,C00882,CHEBI:57328,MNXM481,,KDTSHFARGAKYJN,ok,carrier_linked_metabolite,carrier_linked_metabolite,carrier_linked_variable,,normalized_name:coa_linked,normalized_name,name_only,not_assessable,False,1,1
yeast,s_0200,3'-dephospho-CoA,dpcoa,C00882,CHEBI:57328,MNXM481,,KDTSHFARGAKYJN,ok,carrier_linked_metabolite,carrier_linked_metabolite,carrier_linked_variable,,normalized_name:coa_linked,normalized_name,name_only,not_assessable,False,1,1
yeast,s_0201,3'-phospho-5'-adenylyl sulfate,paps,C00053,CHEBI:58339,MNXM49,,GACDQMDRPRGCTN,ok,other_reactant,other_reactant,other_reactant,,,,not_registry_matched,not_assessable,False,1,2
yeast,s_0204,3-(4-hydroxyphenyl)pyruvate,34hpp,C01179,CHEBI:36242,MNXM153,979,KKADPXVIOXHVKN,ok,other_reactant,other_reactant,other_reactant,,,,not_registry_matched,not_assessable,False,3,5
yeast,s_0206,3-(4-hydroxyphenyl)pyruvate,34hpp,C01179,CHEBI:36242,MNXM153,979,KKADPXVIOXHVKN,ok,other_reactant,other_reactant,other_reactant,,,,not_registry_matched,not_assessable,False,1,1
yeast,s_0207,3-(imidazol-4-yl)-2-oxopropyl dihydrogen phosphate,imacp,C01267,CHEBI:57766,MNXM1456,,YCFFMSOLUMRAMD,ok,other_reactant,other_reactant,other_reactant,,,,not_registry_matched,not_assessable,False,1,1
yeast,s_0208,3-aminopropanal,aproa,C02229,CHEBI:58374,MNXM493,,PCXDJQZLDDHMGX,ok,other_reactant,other_reactant,other_reactant,,,,not_registry_matched,not_assessable,False,1,2
yeast,s_0209,3-dehydro-4-methylzymosterol,,C15816,CHEBI:50593,MNXM36392,,DBPZYKHQDWKORQ,ok,other_reactant,other_reactant,other_reactant,,,,not_registry_matched,not_assessable,False,1,1
yeast,s_0210,3-dehydroquinate,3dhq,C00944,CHEBI:32364,MNXM478,439351,WVMWZWGZRAXUBK,ok,other_reactant,other_reactant,other_reactant,,,,not_registry_matched,not_assessable,False,1,1
yeast,s_0211,3-dehydroshikimate,3dhsk,C02637,CHEBI:16630,MNXM611,5460360,SLWWJZMPHJJOPH,ok,other_reactant,other_reactant,other_reactant,,,,not_registry_matched,not_assessable,False,1,1
yeast,s_0213,"3-hexaprenyl-4,5-dihydroxybenzoic acid",3dh5hpb,C05200,CHEBI:58373,MNXM2783,,VEPICJBQCOUQPI,ok,other_reactant,other_reactant,other_reactant,,,,not_registry_matched,not_assessable,False,1,1
yeast,s_0214,3-hexaprenyl-4-hydroxy-5-methoxybenzoic acid,3hph5mb,C05313,CHEBI:57916,MNXM3166,,YSZSVGFMAJXGMQ,ok,other_reactant,other_reactant,other_reactant,,,,not_registry_matched,not_assessable,False,1,1
yeast,s_0215,3-hexaprenyl-4-hydroxybenzoic acid,3ophb_5,C13425,CHEBI:31116,MNXM3167,,LKMQQQABIGIHGL,ok,other_reactant,other_reactant,other_reactant,,,,not_registry_matched,not_assessable,False,1,2
yeast,s_0218,3-hydroxy-3-methylglutaryl-CoA,hmgcoa,C00356,CHEBI:11814,MNXM197,,CABVTRNMFUVUDM,ok,carrier_linked_metabolite,carrier_linked_metabolite,carrier_linked_variable,,normalized_name:coa_linked,normalized_name,name_only,not_assessable,False,1,2
yeast,s_0222,3-hydroxy-L-kynurenine,hLkynr,C03227,CHEBI:17380,MNXM576,,VCKPUUFAIGNJHC,ok,other_reactant,other_reactant,other_reactant,,,,not_registry_matched,not_assessable,False,2,2
yeast,s_0224,3-hydroxyanthranilate,3hanthrn,C00632,CHEBI:36559,MNXM359,,WJXSWCUQABXPFS,ok,other_reactant,other_reactant,other_reactant,,,,not_registry_matched,not_assessable,False,1,1
yeast,s_0229,3-hydroxyoctadecanoyl-CoA,CE2248,C16217,CHEBI:50583,MNXM1309,,WZMAIEGYXCOYSH,ok,carrier_linked_metabolite,carrier_linked_metabolite,carrier_linked_variable,,normalized_name:coa_linked,normalized_name,name_only,not_assessable,False,1,1
yeast,s_0231,3-ketosphinganine,3dsphgn,C02934,CHEBI:58299,MNXM559,,KBUNOSOGGAARKZ,ok,other_reactant,other_reactant,other_reactant,,,,not_registry_matched,not_assessable,False,1,1
yeast,s_0232,3-methyl-2-oxobutanoate,3mob,C00141,CHEBI:11851,MNXM238,5204641,QHKABHOOEWYVLI,ok,other_reactant,other_reactant,other_reactant,,,,not_registry_matched,not_assessable,False,2,5
yeast,s_0233,3-methyl-2-oxobutanoate,3mob,C00141,CHEBI:11851,MNXM238,5204641,QHKABHOOEWYVLI,ok,other_reactant,other_reactant,other_reactant,,,,not_registry_matched,not_assessable,False,2,2
yeast,s_0234,3-methylbutanal,3mbald,C07329,CHEBI:16638,MNXM5280,,YGHRJJRRZDOVPD,ok,other_reactant,other_reactant,other_reactant,,,,not_registry_matched,not_assessable,False,2,5
yeast,s_0236,3-methylbutanal,3mbald,C07329,CHEBI:16638,MNXM5280,,YGHRJJRRZDOVPD,ok,other_reactant,other_reactant,other_reactant,,,,not_registry_matched,not_assessable,False,1,2
yeast,s_0239,3-oxodecanoyl-CoA,3odcoa,C05265,CHEBI:28528,MNXM677,11966155,AZCVXMAPLHSIKY,ok,carrier_linked_metabolite,carrier_linked_metabolite,carrier_linked_variable,,normalized_name:coa_linked,normalized_name,name_only,not_assessable,False,1,1
yeast,s_0243,3-oxohexacosanoyl-CoA,3ohxccoa,,CHEBI:52977,MNXM36758,,VOMUIFOBQMYJPJ,ok,carrier_linked_metabolite,carrier_linked_metabolite,carrier_linked_variable,,normalized_name:coa_linked,normalized_name,name_only,not_assessable,False,1,1
yeast,s_0247,3-oxolauroyl-CoA,3oddcoa,C05263,CHEBI:27868,MNXM705,11966169,HQANBZHVWIDNQZ,ok,carrier_linked_metabolite,carrier_linked_metabolite,carrier_linked_variable,,normalized_name:coa_linked,normalized_name,name_only,not_assessable,False,1,1
yeast,s_0250,3-oxooctadecanoyl-CoA,3ohodcoa,C16216,CHEBI:50571,MNXM513,22833664,LGOGWHDPDVAUNY,ok,carrier_linked_metabolite,carrier_linked_metabolite,carrier_linked_variable,,normalized_name:coa_linked,normalized_name,name_only,not_assessable,False,1,1
yeast,s_0253,3-oxopalmitoyl-CoA,3ohdcoa,C05259,CHEBI:57349,MNXM738,169621,NQMPLXPCRJOSHL,ok,carrier_linked_metabolite,carrier_linked_metabolite,carrier_linked_variable,,normalized_name:coa_linked,normalized_name,name_only,not_assessable,False,1,1
yeast,s_0257,3-oxotetradecanoyl-CoA,3otdcoa,C05261,CHEBI:28726,MNXM707,11966197,IQNFBGHLIVBNOU,ok,carrier_linked_metabolite,carrier_linked_metabolite,carrier_linked_variable,,normalized_name:coa_linked,normalized_name,name_only,not_assessable,False,1,1
yeast,s_0258,3-phospho-hydroxypyruvate,3php,C03232,CHEBI:18110,MNXM541,5460375,LFLUCDOSQPJJBE,ok,other_reactant,other_reactant,other_reactant,,,,not_registry_matched,not_assessable,False,1,1
yeast,s_0259,3-phospho-serine,pser__L,C01005,CHEBI:57524,MNXM379,,BZQFBWGGLXLEPQ,ok,other_reactant,other_reactant,other_reactant,,,,not_registry_matched,not_assessable,False,1,1
yeast,s_0260,3-phosphonato-D-glycerate(3-),3pg,C00197,CHEBI:58272,MNXM126,439183,OSJPPGNTCRNQQC,ok,other_reactant,other_reactant,other_reactant,,,,not_registry_matched,not_assessable,False,2,4
yeast,s_0261,3-phosphoshikimic acid,skm5p,C03175,CHEBI:145989,MNXM1265,,QYOJSKGCWNAKGW,ok,other_reactant,other_reactant,other_reactant,,,,not_registry_matched,not_assessable,False,1,1
yeast,s_0262,"4,4-dimethyl-5alpha-cholesta-8,14,24-trien-3beta-ol",44mctr,C11455,CHEBI:17813,MNXM1036,,LFQXEZVYNCBVDO,ok,other_reactant,other_reactant,other_reactant,,,,not_registry_matched,not_assessable,False,1,1
yeast,s_0264,4-(phosphonooxy)-L-threonine,phthr,C06055,CHEBI:58452,MNXM759,,FKHAKIJOKDGEII,ok,other_reactant,other_reactant,other_reactant,,,,not_registry_matched,not_assessable,False,1,1
yeast,s_0267,4-amino-2-methyl-5-diphosphomethylpyrimidine,2mahmp,C04752,CHEBI:57841,MNXM1135,217,AGQJQCFEPUVXNK,ok,other_reactant,other_reactant,other_reactant,,,,not_registry_matched,not_assessable,False,2,2
yeast,s_0268,4-amino-2-methyl-5-phosphomethylpyrimidine,4ampm,C04556,CHEBI:58354,MNXM790,216,PKYFHKIYHBRTPI,ok,other_reactant,other_reactant,other_reactant,,,,not_registry_matched,not_assessable,False,1,3
yeast,s_0269,4-amino-4-deoxychorismate,4adcho,C11355,CHEBI:35181,MNXM1458,443142,OIUJHGOLFKDBSU,ok,other_reactant,other_reactant,other_reactant,,,,not_registry_matched,not_assessable,False,1,1
yeast,s_0270,4-amino-5-hydroxymethyl-2-methylpyrimidine,4ahmmp,C01279,CHEBI:16892,MNXM874,777,VUTBELPREDJDDH,ok,other_reactant,other_reactant,other_reactant,,,,not_registry_matched,not_assessable,False,1,3
yeast,s_0273,4-aminobenzoate,4abz,C00568,CHEBI:17836,MNXM421,4876,ALYNCZNDIQEVRV,ok,other_reactant,other_reactant,other_reactant,,,,not_registry_matched,not_assessable,False,2,2
yeast,s_0274,4-aminobutanal,4abutn,C00555,CHEBI:58264,MNXM422,118,DZQLQEYLEYWJIB,ok,other_reactant,other_reactant,other_reactant,,,,not_registry_matched,not_assessable,False,2,2
yeast,s_0275,4-aminobutanal,4abutn,C00555,CHEBI:58264,MNXM422,118,DZQLQEYLEYWJIB,ok,other_reactant,other_reactant,other_reactant,,,,not_registry_matched,not_assessable,False,1,1
yeast,s_0279,4-diphospho-1D-myo-inositol pentakisphosphate,,C11526,CHEBI:53064,MNXM1715,,UPHPWXPNZIOZJL,ok,other_reactant,other_reactant,other_reactant,,,,not_registry_matched,not_assessable,False,2,3
yeast,s_0280,4-guanidinobutanamide,4gudbd,C03078,CHEBI:58365,MNXM2617,,YHVFECVVGNXFKO,ok,other_reactant,other_reactant,other_reactant,,,,not_registry_matched,not_assessable,False,1,2
yeast,s_0286,4-hydroxybenzoate,4hbz,C00156,CHEBI:17879,MNXM164,54675830,FJKROLUGYXJWQN,ok,other_reactant,other_reactant,other_reactant,,,,not_registry_matched,not_assessable,False,1,1
yeast,s_0287,4-hydroxybenzoate,4hbz,C00156,CHEBI:17879,MNXM164,54675830,FJKROLUGYXJWQN,ok,other_reactant,other_reactant,other_reactant,,,,not_registry_matched,not_assessable,False,1,1
yeast,s_0291,4-methyl-2-oxopentanoate,4mop,C00233,CHEBI:17865,MNXM404,3527278,BKAJNAXTPSGJCU,ok,other_reactant,other_reactant,other_reactant,,,,not_registry_matched,not_assessable,False,1,1
yeast,s_0293,4-methyl-5-(2-phosphonooxyethyl)thiazole,4mpetz,C04327,CHEBI:58296,MNXM960,1137,OCYMERZCMYJQQO,ok,other_reactant,other_reactant,other_reactant,,,,not_registry_matched,not_assessable,False,1,1
yeast,s_0294,4-methylthio-2-oxobutanoate,4met2obut,C01180,CHEBI:16723,MNXM276,,SXFSQZDSUWACKX,ok,other_reactant,other_reactant,other_reactant,,,,not_registry_matched,not_assessable,False,2,5
yeast,s_0295,4-phospho-L-aspartate,4pasp,C03082,CHEBI:30407,MNXM1177,152441,IXZNKTPIYKDIGG,ok,other_reactant,other_reactant,other_reactant,,,,not_registry_matched,not_assessable,False,1,1
yeast,s_0296,4alpha-methylzymosterol,4mzym,C05103,CHEBI:1949,MNXM1804,,FOUJWBXBKVVHCJ,ok,other_reactant,other_reactant,other_reactant,,,,not_registry_matched,not_assessable,False,1,1
yeast,s_0297,4beta-methylzymosterol-4alpha-carboxylic acid,,C15808,CHEBI:50591,MNXM37762,,MYWAIWDQTCHPTH,ok,other_reactant,other_reactant,other_reactant,,,,not_registry_matched,not_assessable,False,1,1
yeast,s_0298,5'-adenylyl sulfate,aps,C00224,CHEBI:58243,MNXM287,10238,IRLPACMLTUPBCL,ok,other_reactant,other_reactant,other_reactant,,,,not_registry_matched,not_assessable,False,2,2
yeast,s_0299,5'-phosphoribosyl-4-(N-succinocarboxamide)-5-aminoimidazole,25aics,C04823,CHEBI:58443,MNXM607,440490,VDSCQGGPSPZSLA,ok,other_reactant,other_reactant,other_reactant,,,,not_registry_matched,not_assessable,False,1,1
yeast,s_0300,5'-phosphoribosyl-5-aminoimidazole,air,C03373,CHEBI:58592,MNXM388,16048619,PDACUKOKVHBVHJ,ok,other_reactant,other_reactant,other_reactant,,,,not_registry_matched,not_assessable,False,2,2
yeast,s_0301,5'-phosphoribosyl-N-formylglycineamide,fgam,C04376,CHEBI:58426,MNXM453,,VDXLUNDMVKSKHO,ok,other_reactant,other_reactant,other_reactant,,,,not_registry_matched,not_assessable,False,1,1
yeast,s_0302,5'-phosphoribosyl-N-formylglycineamidine,fpram,C04640,CHEBI:58478,MNXM568,,PMCOGCVKOAOZQM,ok,other_reactant,other_reactant,other_reactant,,,,not_registry_matched,not_assessable,False,1,1
yeast,s_0303,5'-S-methyl-5'-thioadenosine,5mta,C00170,CHEBI:17509,MNXM150,439176,WUUGFSXJNOTRMR,ok,other_reactant,other_reactant,other_reactant,,,,not_registry_matched,not_assessable,False,1,1
yeast,s_0304,"5,10-methenyl-THF",methf,C00445,CHEBI:57455,MNXM511,,MEANFMOQMXYMCT,ok,other_reactant,other_reactant,other_reactant,,,,not_registry_matched,not_assessable,False,1,1
yeast,s_0305,"5,10-methenyl-THF",methf,C00445,CHEBI:57455,MNXM511,,MEANFMOQMXYMCT,ok,other_reactant,other_reactant,other_reactant,,,,not_registry_matched,not_assessable,False,2,2
yeast,s_0306,"5,10-methylenetetrahydrofolate",mlthf,C00143,CHEBI:12071,MNXM183,,QYNUQALWYRSVHF,ok,other_reactant,other_reactant,other_reactant,,,,not_registry_matched,not_assessable,False,4,5
yeast,s_0307,"5,10-methylenetetrahydrofolate",mlthf,C00143,CHEBI:12071,MNXM183,,QYNUQALWYRSVHF,ok,other_reactant,other_reactant,other_reactant,,,,not_registry_matched,not_assessable,False,2,2
yeast,s_0309,"5,6-bis(diphospho)-1D-myo-inositol tetrakisphosphate",,,CHEBI:52965,MNXM487477,,GXPFHIDIIMSLOF,ok,other_reactant,other_reactant,other_reactant,,,,not_registry_matched,not_assessable,False,1,1
yeast,s_0310,5-(2-hydroxyethyl)-4-methylthiazole,4mhetz,C04294,CHEBI:17957,MNXM962,1136,BKAWJIRCKVUVED,ok,other_reactant,other_reactant,other_reactant,,,,not_registry_matched,not_assessable,False,1,1
yeast,s_0311,"5-(methylsulfanyl)-2,3-dioxopentyl phosphate",dkmpp,C15650,CHEBI:58828,MNXM162358,,HKEAOVFNWRDVAJ,ok,other_reactant,other_reactant,other_reactant,,,,not_registry_matched,not_assessable,False,1,1
yeast,s_0312,5-[(5-phospho-1-deoxy-D-ribulos-1-ylamino)methylideneamino]-1-(5-phospho-D-ribosyl)imidazole-4-carboxamide,prlp,C04916,CHEBI:58525,MNXM1408,,BLKFNHOCHNCLII,ok,other_reactant,other_reactant,other_reactant,,,,not_registry_matched,not_assessable,False,1,1
yeast,s_0314,5-amino-6-(D-ribitylamino)uracil,4r5au,C04732,CHEBI:15934,MNXM791,193516,XKQZIXVJVUPORE,ok,other_reactant,other_reactant,other_reactant,,,,not_registry_matched,not_assessable,False,1,1
yeast,s_0315,5-aminolevulinate,5aop,C00430,CHEBI:17549,MNXM405,16722119,ZGXJTSGNIOSYLO,ok,other_reactant,other_reactant,other_reactant,,,,not_registry_matched,not_assessable,False,1,1
yeast,s_0316,5-aminolevulinate,5aop,C00430,CHEBI:17549,MNXM405,16722119,ZGXJTSGNIOSYLO,ok,other_reactant,other_reactant,other_reactant,,,,not_registry_matched,not_assessable,False,1,1
yeast,s_0318,5-diphospho-1D-myo-inositol pentakisphosphate,ppmi12346p,C11526,CHEBI:58628,MNXM1715,,UPHPWXPNZIOZJL,ok,other_reactant,other_reactant,other_reactant,,,,not_registry_matched,not_assessable,False,3,3
yeast,s_0319,5-formyltetrahydrofolic acid,5fthf,C03479,CHEBI:57457,MNXM1392,135403648,VVIAGPKUTFNRDU,ok,other_reactant,other_reactant,other_reactant,,,,not_registry_matched,not_assessable,False,2,2
yeast,s_0321,5-formyltetrahydrofolic acid,5fthf,C03479,CHEBI:57457,MNXM1392,135403648,VVIAGPKUTFNRDU,ok,other_reactant,other_reactant,other_reactant,,,,not_registry_matched,not_assessable,False,1,1
yeast,s_0322,5-methyltetrahydrofolate,5mthf,C00440,CHEBI:18608,MNXM318,,ZNOVTXRBGFNYRX,ok,other_reactant,other_reactant,other_reactant,,,,not_registry_matched,not_assessable,False,1,1
yeast,s_0323,5-methyltetrahydropteroyltri-L-glutamic acid,mhpglu,C04489,CHEBI:58207,MNXM2623,,HVRNKDVLFAVCJF,ok,other_reactant,other_reactant,other_reactant,,,,not_registry_matched,not_assessable,False,1,1
yeast,s_0324,5-O-(1-carboxyvinyl)-3-phosphoshikimic acid,3psme,C01269,CHEBI:57701,MNXM1365,439463,QUTYKIXIUDQOLK,ok,other_reactant,other_reactant,other_reactant,,,,not_registry_matched,not_assessable,False,1,1
yeast,s_0325,5-phospho-ribosyl-glycineamide,gar,C03838,CHEBI:58457,MNXM463,,OBQMLSFOUZUIOB,ok,other_reactant,other_reactant,other_reactant,,,,not_registry_matched,not_assessable,False,1,1
yeast,s_0326,5-phosphoribosyl-ATP,prbatp,C02739,CHEBI:58424,MNXM1351,,RKNHJBVBFHDXGR,ok,other_reactant,other_reactant,other_reactant,,,,not_registry_matched,not_assessable,False,1,1
yeast,s_0327,5-phosphoribosylamine,pram,C03090,CHEBI:58681,MNXM90003,,SKCBPEVYGOQGJN,ok,other_reactant,other_reactant,other_reactant,,,,not_registry_matched,not_assessable,False,1,1
yeast,s_0328,"6,7-dimethyl-8-(1-D-ribityl)lumazine",dmlz,C04332,CHEBI:58201,MNXM1313,,SXDXRJZUAJBNFL,ok,other_reactant,other_reactant,other_reactant,,,,not_registry_matched,not_assessable,False,1,1
yeast,s_0329,6-(alpha-D-glucosaminyl)-1-phosphatidyl-1D-myo-inositol,gpail_hs,C04248,CHEBI:17049,MNXM1411,,,inchikey_unavailable,other_reactant,other_reactant,other_reactant,,,,not_registry_matched,not_assessable,False,1,1
yeast,s_0330,6-(alpha-D-glucosaminyl)-O-acyl-1-phosphatidyl-1D-myo-inositol,,,CHEBI:53055,MNXM38512,,,missing_smiles,other_reactant,other_reactant,other_reactant,,,,not_registry_matched,not_assessable,False,1,1
yeast,s_0331,6-(N-acetyl-alpha-D-glucosaminyl)-1-phosphatidyl-1D-myo-inositol,acgpail_hs,C01288,CHEBI:57265,MNXM999,,,inchikey_unavailable,other_reactant,other_reactant,other_reactant,,,,not_registry_matched,not_assessable,False,1,1
yeast,s_0333,6-diphospho-1D-myo-inositol pentakisphosphate,,C11526,CHEBI:53065,MNXM1715,,UPHPWXPNZIOZJL,ok,other_reactant,other_reactant,other_reactant,,,,not_registry_matched,not_assessable,False,2,3
yeast,s_0334,6-O-[alpha-D-mannosyl-(1->4)-alpha-D-glucosaminyl]-O-acyl-1-phosphatidyl-1D-myo-inositol,,,CHEBI:53056,MNXM1644,,,missing_smiles,other_reactant,other_reactant,other_reactant,,,,not_registry_matched,not_assessable,False,1,1
yeast,s_0335,"6-O-phosphono-D-glucono-1,5-lactone",6pgl,C01236,CHEBI:57955,MNXM429,439452,IJOJIVNDFQSGAB,ok,other_reactant,other_reactant,other_reactant,,,,not_registry_matched,not_assessable,False,1,2
yeast,s_0337,6-O-{2-O-[(2-aminoethyl)phosphoryl]-alpha-D-mannosyl-(1->4)-alpha-D-glucosaminyl}-O-acyl-1-phosphatidyl-1D-myo-inositol,,,CHEBI:53057,MNXM38904,,,missing_smiles,other_reactant,other_reactant,other_reactant,,,,not_registry_matched,not_assessable,False,1,1
yeast,s_0338,6-O-{alpha-D-mannosyl-(1->2)-alpha-D-mannosyl-(1->6)-2-O-[(2-aminoethyl)phosphoryl]-alpha-D-mannosyl-(1->4)-alpha-D-glucosaminyl}-O-acyl-1-phosphatidyl-1D-myo-inositol,,,CHEBI:53059,MNXM1179,,,missing_smiles,other_reactant,other_reactant,other_reactant,,,,not_registry_matched,not_assessable,False,1,2
yeast,s_0339,6-O-{alpha-D-mannosyl-(1->6)-2-O-[(2-aminoethyl)phosphoryl]-alpha-D-mannosyl-(1->4)-alpha-D-glucosaminyl}-O-acyl-1-phosphatidyl-1D-myo-inositol,,,CHEBI:53058,MNXM1139,,,missing_smiles,other_reactant,other_reactant,other_reactant,,,,not_registry_matched,not_assessable,False,1,1
yeast,s_0340,6-phospho-D-gluconate,6pgc,C00345,CHEBI:58759,MNXM325,5459869,BIRSGZKFKXLSJQ,ok,other_reactant,other_reactant,other_reactant,,,,not_registry_matched,not_assessable,False,1,2
yeast,s_0341,"7,8-diaminononanoate",dann,C01037,CHEBI:17830,MNXM1140,5460128,KCEGBPIYGIWCDH,ok,other_reactant,other_reactant,other_reactant,,,,not_registry_matched,not_assessable,False,1,1
yeast,s_0344,"7,8-dihydroneopterin",dhnpt,C04874,CHEBI:17001,MNXM162359,,YQIFAMYNGGOTFB,ok,other_reactant,other_reactant,other_reactant,,,,not_registry_matched,not_assessable,False,1,1
yeast,s_0345,"7,8-dihydroneopterin 3'-phosphate",dhpmp,C05925,CHEBI:58762,MNXM1645,,PLSQMGZYOGSOCE,ok,other_reactant,other_reactant,other_reactant,,,,not_registry_matched,not_assessable,False,1,1
yeast,s_0346,"7,8-dihydroneopterin 3'-triphosphate",ahdt,C04895,CHEBI:58462,MNXM397,135398610,DGGUVLXVLHAAGT,ok,other_reactant,other_reactant,other_reactant,,,,not_registry_matched,not_assessable,False,1,1
yeast,s_0347,"7,8-dihydropteroate",dhpt,C00921,CHEBI:17839,MNXM722728,,WBFYVDCHGVNRBH,ok,other_reactant,other_reactant,other_reactant,,,,not_registry_matched,not_assessable,False,1,1
yeast,s_0349,7-phospho-2-dehydro-3-deoxy-D-arabino-heptonic acid,2dda7p,C04691,CHEBI:58394,MNXM1219,160647,PJWIPEXIFFQAQZ,ok,other_reactant,other_reactant,other_reactant,,,,not_registry_matched,not_assessable,False,1,1
yeast,s_0352,8-amino-7-oxononanoate,8aonn,C01092,CHEBI:15830,MNXM1141,5460197,GUAHPAJOXVYFON,ok,other_reactant,other_reactant,other_reactant,,,,not_registry_matched,not_assessable,False,1,1
yeast,s_0354,8-amino-7-oxononanoate,8aonn,C01092,CHEBI:15830,MNXM1141,5460197,GUAHPAJOXVYFON,ok,other_reactant,other_reactant,other_reactant,,,,not_registry_matched,not_assessable,False,1,1
yeast,s_0357,9H-xanthine,xan,C00385,CHEBI:17712,MNXM174,,LRFVTYWOQMYALW,ok,other_reactant,other_reactant,other_reactant,,,,not_registry_matched,not_assessable,False,1,1
yeast,s_0359,acetaldehyde,acald,C00084,CHEBI:15343,MNXM75,177,IKHGUXGNUITLKF,ok,other_reactant,other_reactant,other_reactant,,,,not_registry_matched,not_assessable,False,5,13
yeast,s_0361,acetaldehyde,acald,C00084,CHEBI:15343,MNXM75,177,IKHGUXGNUITLKF,ok,other_reactant,other_reactant,other_reactant,,,,not_registry_matched,not_assessable,False,3,5
yeast,s_0362,acetate,ac,C00033,CHEBI:30089,MNXM26,176,QTBSBXVTEAMEQO,ok,other_reactant,other_reactant,other_reactant,,,,not_registry_matched,not_assessable,False,3,4
yeast,s_0365,acetate,ac,C00033,CHEBI:30089,MNXM26,176,QTBSBXVTEAMEQO,ok,other_reactant,other_reactant,other_reactant,,,,not_registry_matched,not_assessable,False,2,2
yeast,s_0366,acetate,ac,C00033,CHEBI:30089,MNXM26,176,QTBSBXVTEAMEQO,ok,other_reactant,other_reactant,other_reactant,,,,not_registry_matched,not_assessable,False,1,1
yeast,s_0370,acetoacetyl-CoA,aacoa,C00332,CHEBI:57286,MNXM133,92153,OJFDKHTZOUZBOS,ok,carrier_linked_metabolite,carrier_linked_metabolite,carrier_linked_variable,acetoacetyl-CoA,normalized_name;bigg_ids:aacoa;kegg_ids:c00332;chebi_ids:chebi:57286;metanetx_ids:mnxm133;pubchem_cids:92153,normalized_name;bigg_ids;kegg_ids;chebi_ids;metanetx_ids;pubchem_cids,multiple_evidence_types,not_assessable,False,1,1
yeast,s_0372,acetyl-ACP,acACP,C03939,CHEBI:17093,MNXM1269,10484,DUYAAUVXQSMXQP,ok,other_reactant,other_reactant,other_reactant,,,,not_registry_matched,not_assessable,False,1,1
yeast,s_0373,acetyl-CoA,accoa,C00024,CHEBI:57288,MNXM21,444493,ZSLZBFCDCINBPY,ok,carrier_linked_metabolite,carrier_linked_metabolite,carrier_linked_variable,acetyl-CoA,normalized_name;bigg_ids:accoa;kegg_ids:c00024;chebi_ids:chebi:57288;metanetx_ids:mnxm21;pubchem_cids:444493;inchikey_connectivity:zslzbfcdcinbpy,normalized_name;bigg_ids;kegg_ids;chebi_ids;metanetx_ids;pubchem_cids;inchikey_connectivity,multiple_evidence_types,consistent,False,21,36
yeast,s_0376,acetyl-CoA,accoa,C00024,CHEBI:57288,MNXM21,444493,ZSLZBFCDCINBPY,ok,carrier_linked_metabolite,carrier_linked_metabolite,carrier_linked_variable,acetyl-CoA,normalized_name;bigg_ids:accoa;kegg_ids:c00024;chebi_ids:chebi:57288;metanetx_ids:mnxm21;pubchem_cids:444493;inchikey_connectivity:zslzbfcdcinbpy,normalized_name;bigg_ids;kegg_ids;chebi_ids;metanetx_ids;pubchem_cids;inchikey_connectivity,multiple_evidence_types,consistent,False,11,16
yeast,s_0377,acetyl-CoA,accoa,C00024,CHEBI:57288,MNXM21,444493,ZSLZBFCDCINBPY,ok,carrier_linked_metabolite,carrier_linked_metabolite,carrier_linked_variable,acetyl-CoA,normalized_name;bigg_ids:accoa;kegg_ids:c00024;chebi_ids:chebi:57288;metanetx_ids:mnxm21;pubchem_cids:444493;inchikey_connectivity:zslzbfcdcinbpy,normalized_name;bigg_ids;kegg_ids;chebi_ids;metanetx_ids;pubchem_cids;inchikey_connectivity,multiple_evidence_types,consistent,False,1,2
yeast,s_0378,acetyl-CoA,accoa,C00024,CHEBI:57288,MNXM21,444493,ZSLZBFCDCINBPY,ok,carrier_linked_metabolite,carrier_linked_metabolite,carrier_linked_variable,acetyl-CoA,normalized_name;bigg_ids:accoa;kegg_ids:c00024;chebi_ids:chebi:57288;metanetx_ids:mnxm21;pubchem_cids:444493;inchikey_connectivity:zslzbfcdcinbpy,normalized_name;bigg_ids;kegg_ids;chebi_ids;metanetx_ids;pubchem_cids;inchikey_connectivity,multiple_evidence_types,consistent,False,3,3
yeast,s_0383,adenine,ade,C00147,CHEBI:16708,MNXM168,190,GFFGJBXGBJISGV,ok,other_reactant,other_reactant,other_reactant,,,,not_registry_matched,not_assessable,False,2,3
yeast,s_0384,adenine,ade,C00147,CHEBI:16708,MNXM168,190,GFFGJBXGBJISGV,ok,other_reactant,other_reactant,other_reactant,,,,not_registry_matched,not_assessable,False,1,3
yeast,s_0386,adenosine,adn,C00212,CHEBI:16335,MNXM212,60961,OIRDTQYFTABQOQ,ok,other_reactant,other_reactant,other_reactant,,,,not_registry_matched,not_assessable,False,3,3
yeast,s_0387,adenosine,adn,C00212,CHEBI:16335,MNXM212,60961,OIRDTQYFTABQOQ,ok,other_reactant,other_reactant,other_reactant,,,,not_registry_matched,not_assessable,False,1,1
yeast,s_0390,"adenosine 3',5'-bismonophosphate",pap,C00054,CHEBI:58343,MNXM45,,WHTCPDAXWFLDIH,ok,other_reactant,other_reactant,other_reactant,,,,not_registry_matched,not_assessable,False,2,2
yeast,s_0393,adenylo-succinate,dcamp,C03794,CHEBI:57567,MNXM565,440122,OFBHPPMPBOJXRT,ok,other_reactant,other_reactant,other_reactant,,,,not_registry_matched,not_assessable,False,1,1
yeast,s_0394,ADP,adp,C00008,CHEBI:456216,MNXM7,6022,XTWYTFMLZFPYCI,ok,energy_nucleotide,energy_nucleotide,currency_or_cofactor,ADP,normalized_name;bigg_ids:adp;kegg_ids:c00008;chebi_ids:chebi:456216;metanetx_ids:mnxm7;pubchem_cids:6022;inchikey_connectivity:xtwytfmlzfpyci,normalized_name;bigg_ids;kegg_ids;chebi_ids;metanetx_ids;pubchem_cids;inchikey_connectivity,multiple_evidence_types,consistent,False,7,13
yeast,s_0397,ADP,adp,C00008,CHEBI:456216,MNXM7,6022,XTWYTFMLZFPYCI,ok,energy_nucleotide,energy_nucleotide,currency_or_cofactor,ADP,normalized_name;bigg_ids:adp;kegg_ids:c00008;chebi_ids:chebi:456216;metanetx_ids:mnxm7;pubchem_cids:6022;inchikey_connectivity:xtwytfmlzfpyci,normalized_name;bigg_ids;kegg_ids;chebi_ids;metanetx_ids;pubchem_cids;inchikey_connectivity,multiple_evidence_types,consistent,False,2,2
yeast,s_0398,ADP,adp,C00008,CHEBI:456216,MNXM7,6022,XTWYTFMLZFPYCI,ok,energy_nucleotide,energy_nucleotide,currency_or_cofactor,ADP,normalized_name;bigg_ids:adp;kegg_ids:c00008;chebi_ids:chebi:456216;metanetx_ids:mnxm7;pubchem_cids:6022;inchikey_connectivity:xtwytfmlzfpyci,normalized_name;bigg_ids;kegg_ids;chebi_ids;metanetx_ids;pubchem_cids;inchikey_connectivity,multiple_evidence_types,consistent,False,1,4
yeast,s_0399,ADP,adp,C00008,CHEBI:456216,MNXM7,6022,XTWYTFMLZFPYCI,ok,energy_nucleotide,energy_nucleotide,currency_or_cofactor,ADP,normalized_name;bigg_ids:adp;kegg_ids:c00008;chebi_ids:chebi:456216;metanetx_ids:mnxm7;pubchem_cids:6022;inchikey_connectivity:xtwytfmlzfpyci,normalized_name;bigg_ids;kegg_ids;chebi_ids;metanetx_ids;pubchem_cids;inchikey_connectivity,multiple_evidence_types,consistent,False,1,1
yeast,s_0403,AICAR,aicar,C04677,CHEBI:58475,MNXM365,65110,NOTGFIUVDGNKRI,ok,other_reactant,other_reactant,other_reactant,,,,not_registry_matched,not_assessable,False,1,2
yeast,s_0405,allantoate,alltt,C00499,CHEBI:17536,MNXM584,5287444,NUCLJNSWZCHRKL,ok,other_reactant,other_reactant,other_reactant,,,,not_registry_matched,not_assessable,False,1,1
yeast,s_0406,allantoate,alltt,C00499,CHEBI:17536,MNXM584,5287444,NUCLJNSWZCHRKL,ok,other_reactant,other_reactant,other_reactant,,,,not_registry_matched,not_assessable,False,1,1
yeast,s_0407,allantoin,alltn,C01551,CHEBI:15676,MNXM612,204,POJWUDADGALRAB,ok,other_reactant,other_reactant,other_reactant,,,,not_registry_matched,not_assessable,False,1,1
yeast,s_0408,allantoin,alltn,C01551,CHEBI:15676,MNXM612,204,POJWUDADGALRAB,ok,other_reactant,other_reactant,other_reactant,,,,not_registry_matched,not_assessable,False,1,1
yeast,s_0409,"alpha,alpha-trehalose 6-phosphate",tre6p,C00689,CHEBI:58429,MNXM448,,LABSPYBHMPDTEL,ok,other_reactant,other_reactant,other_reactant,,,,not_registry_matched,not_assessable,False,1,2
yeast,s_0410,alpha-D-galactose 1-phosphate,gal1p,C00446,CHEBI:58336,MNXM336,,HXXFSFRBOHSIMQ,ok,other_reactant,other_reactant,other_reactant,,,,not_registry_matched,not_assessable,False,2,2
yeast,s_0411,alpha-D-glucosamine 1-phosphate,gam1p,C06156,CHEBI:58516,MNXM969,,YMJBYRVFGYXULK,ok,other_reactant,other_reactant,other_reactant,,,,not_registry_matched,not_assessable,False,1,1
yeast,s_0412,alpha-D-glucosamine 6-phosphate,gam6p,C00352,CHEBI:15873,MNXM370,,XHMJOUIAFHJHBW,ok,other_reactant,other_reactant,other_reactant,,,,not_registry_matched,not_assessable,False,1,1
yeast,s_0415,alpha-D-ribose 1-phosphate(2-),r1p,C00620,CHEBI:57720,MNXM295,,YXJDFQJKERBOBM,ok,other_reactant,other_reactant,other_reactant,,,,not_registry_matched,not_assessable,False,1,3
yeast,s_0419,ammonium,nh4,C01342,CHEBI:28938,MNXM15,,QGZKDVFQNNGYKY,ok,nitrogen_currency,nitrogen_currency,currency_or_cofactor,ammonium,normalized_name;bigg_ids:nh4;chebi_ids:chebi:28938;metanetx_ids:mnxm15;inchikey_connectivity:qgzkdvfqnngyky,normalized_name;bigg_ids;chebi_ids;metanetx_ids;inchikey_connectivity,multiple_evidence_types,consistent,False,6,8
yeast,s_0420,ammonium,nh4,C01342,CHEBI:28938,MNXM15,,QGZKDVFQNNGYKY,ok,nitrogen_currency,nitrogen_currency,currency_or_cofactor,ammonium,normalized_name;bigg_ids:nh4;chebi_ids:chebi:28938;metanetx_ids:mnxm15;inchikey_connectivity:qgzkdvfqnngyky,normalized_name;bigg_ids;chebi_ids;metanetx_ids;inchikey_connectivity,multiple_evidence_types,consistent,False,1,4
yeast,s_0423,AMP,amp,C00020,CHEBI:456215,MNXM14,6083,UDMBCSSLTHHNCD,ok,energy_nucleotide,energy_nucleotide,currency_or_cofactor,AMP,normalized_name;bigg_ids:amp;kegg_ids:c00020;chebi_ids:chebi:456215;metanetx_ids:mnxm14;pubchem_cids:6083;inchikey_connectivity:udmbcsslthhncd,normalized_name;bigg_ids;kegg_ids;chebi_ids;metanetx_ids;pubchem_cids;inchikey_connectivity,multiple_evidence_types,consistent,False,2,3
yeast,s_0424,AMP,amp,C00020,CHEBI:456215,MNXM14,6083,UDMBCSSLTHHNCD,ok,energy_nucleotide,energy_nucleotide,currency_or_cofactor,AMP,normalized_name;bigg_ids:amp;kegg_ids:c00020;chebi_ids:chebi:456215;metanetx_ids:mnxm14;pubchem_cids:6083;inchikey_connectivity:udmbcsslthhncd,normalized_name;bigg_ids;kegg_ids;chebi_ids;metanetx_ids;pubchem_cids;inchikey_connectivity,multiple_evidence_types,consistent,False,3,3
yeast,s_0426,AMP,amp,C00020,CHEBI:456215,MNXM14,6083,UDMBCSSLTHHNCD,ok,energy_nucleotide,energy_nucleotide,currency_or_cofactor,AMP,normalized_name;bigg_ids:amp;kegg_ids:c00020;chebi_ids:chebi:456215;metanetx_ids:mnxm14;pubchem_cids:6083;inchikey_connectivity:udmbcsslthhncd,normalized_name;bigg_ids;kegg_ids;chebi_ids;metanetx_ids;pubchem_cids;inchikey_connectivity,multiple_evidence_types,consistent,False,1,1
yeast,s_0427,anthranilate,anth,C00108,CHEBI:16567,MNXM188,5459842,RWZYAGGXGHYGMB,ok,other_reactant,other_reactant,other_reactant,,,,not_registry_matched,not_assessable,False,1,1
yeast,s_0428,Arg-tRNA(Arg),argtrna,C02163,CHEBI:18366,MNXM89870,,,missing_smiles,other_reactant,other_reactant,other_reactant,,,,not_registry_matched,not_assessable,False,1,1
yeast,s_0434,ATP,atp,C00002,CHEBI:30616,MNXM3,5957,ZKHQWZAMYRWXGA,ok,energy_nucleotide,energy_nucleotide,currency_or_cofactor,ATP,normalized_name;bigg_ids:atp;kegg_ids:c00002;chebi_ids:chebi:30616;metanetx_ids:mnxm3;pubchem_cids:5957;inchikey_connectivity:zkhqwzamyrwxga,normalized_name;bigg_ids;kegg_ids;chebi_ids;metanetx_ids;pubchem_cids;inchikey_connectivity,multiple_evidence_types,consistent,False,161,208
yeast,s_0435,ATP,atp,C00002,CHEBI:30616,MNXM3,5957,ZKHQWZAMYRWXGA,ok,energy_nucleotide,energy_nucleotide,currency_or_cofactor,ATP,normalized_name;bigg_ids:atp;kegg_ids:c00002;chebi_ids:chebi:30616;metanetx_ids:mnxm3;pubchem_cids:5957;inchikey_connectivity:zkhqwzamyrwxga,normalized_name;bigg_ids;kegg_ids;chebi_ids;metanetx_ids;pubchem_cids;inchikey_connectivity,multiple_evidence_types,consistent,False,2,4
yeast,s_0437,ATP,atp,C00002,CHEBI:30616,MNXM3,5957,ZKHQWZAMYRWXGA,ok,energy_nucleotide,energy_nucleotide,currency_or_cofactor,ATP,normalized_name;bigg_ids:atp;kegg_ids:c00002;chebi_ids:chebi:30616;metanetx_ids:mnxm3;pubchem_cids:5957;inchikey_connectivity:zkhqwzamyrwxga,normalized_name;bigg_ids;kegg_ids;chebi_ids;metanetx_ids;pubchem_cids;inchikey_connectivity,multiple_evidence_types,consistent,False,41,47
yeast,s_0438,ATP,atp,C00002,CHEBI:30616,MNXM3,5957,ZKHQWZAMYRWXGA,ok,energy_nucleotide,energy_nucleotide,currency_or_cofactor,ATP,normalized_name;bigg_ids:atp;kegg_ids:c00002;chebi_ids:chebi:30616;metanetx_ids:mnxm3;pubchem_cids:5957;inchikey_connectivity:zkhqwzamyrwxga,normalized_name;bigg_ids;kegg_ids;chebi_ids;metanetx_ids;pubchem_cids;inchikey_connectivity,multiple_evidence_types,consistent,False,26,27
yeast,s_0439,ATP,atp,C00002,CHEBI:30616,MNXM3,5957,ZKHQWZAMYRWXGA,ok,energy_nucleotide,energy_nucleotide,currency_or_cofactor,ATP,normalized_name;bigg_ids:atp;kegg_ids:c00002;chebi_ids:chebi:30616;metanetx_ids:mnxm3;pubchem_cids:5957;inchikey_connectivity:zkhqwzamyrwxga,normalized_name;bigg_ids;kegg_ids;chebi_ids;metanetx_ids;pubchem_cids;inchikey_connectivity,multiple_evidence_types,consistent,False,10,13
yeast,s_0441,beta-alanine,ala_B,C00099,CHEBI:16958,MNXM144,239,UCMIRNVEIXFBKS,ok,other_reactant,other_reactant,other_reactant,,,,not_registry_matched,not_assessable,False,1,1
yeast,s_0442,"beta-D-fructose 2,6-bisphosphate",f26bp,C00665,CHEBI:58579,MNXM651,,YXWOAJXNVLXPMU,ok,other_reactant,other_reactant,other_reactant,,,,not_registry_matched,not_assessable,False,1,2
yeast,s_0444,beta-D-mannosyldiacetylchitobiosyldiphosphodolichol,mpdol,C05860,CHEBI:18396,MNXM1078,,CMBCFQGXXHOGEH,ok,other_reactant,other_reactant,other_reactant,,,,not_registry_matched,not_assessable,False,1,8
yeast,s_0445,bicarbonate,hco3,C00288,CHEBI:17544,MNXM60,,BVKZGUZCCUSVTD,ok,other_reactant,other_reactant,other_reactant,,,,not_registry_matched,not_assessable,False,5,7
yeast,s_0447,bicarbonate,hco3,C00288,CHEBI:17544,MNXM60,,BVKZGUZCCUSVTD,ok,other_reactant,other_reactant,other_reactant,,,,not_registry_matched,not_assessable,False,1,1
yeast,s_0451,biotin,btn,C00120,CHEBI:57586,MNXM304,171548,YBJHBAHKTGYVGT,ok,other_reactant,other_reactant,other_reactant,,,,not_registry_matched,not_assessable,False,1,1
yeast,s_0452,biotin,btn,C00120,CHEBI:57586,MNXM304,171548,YBJHBAHKTGYVGT,ok,other_reactant,other_reactant,other_reactant,,,,not_registry_matched,not_assessable,False,1,1
yeast,s_0454,"but-1-ene-1,2,4-tricarboxylic acid",b124tc,C04002,CHEBI:58174,MNXM920,,BJYPZFUWWJSAKC,ok,other_reactant,other_reactant,other_reactant,,,,not_registry_matched,not_assessable,False,1,2
yeast,s_0455,carbamoyl phosphate,cbp,C00169,CHEBI:58228,MNXM138,278,FFQKYPRQEYGKAF,ok,other_reactant,other_reactant,other_reactant,,,,not_registry_matched,not_assessable,False,2,2
yeast,s_0456,carbon dioxide,co2,C00011,CHEBI:16526,MNXM13,280,CURLTUGMZLYLDI,ok,gas_currency,gas_currency,currency_or_cofactor,carbon dioxide,normalized_name;bigg_ids:co2;kegg_ids:c00011;chebi_ids:chebi:16526;metanetx_ids:mnxm13;pubchem_cids:280;inchikey_connectivity:curltugmzlyldi,normalized_name;bigg_ids;kegg_ids;chebi_ids;metanetx_ids;pubchem_cids;inchikey_connectivity,multiple_evidence_types,consistent,False,3,3
yeast,s_0465,carboxyacetyl-ACP,malACP,C01209,CHEBI:17330,MNXM184,,,inchikey_unavailable,other_reactant,other_reactant,other_reactant,,,,not_registry_matched,not_assessable,False,3,3
yeast,s_0467,CDP,cdp,C00112,CHEBI:58069,MNXM220,6132,ZWIADYZPOWUWEW,ok,energy_nucleotide,energy_nucleotide,currency_or_cofactor,CDP,normalized_name;bigg_ids:cdp;kegg_ids:c00112;chebi_ids:chebi:58069;metanetx_ids:mnxm220;pubchem_cids:6132;inchikey_connectivity:zwiadyzpowuwew,normalized_name;bigg_ids;kegg_ids;chebi_ids;metanetx_ids;pubchem_cids;inchikey_connectivity,multiple_evidence_types,consistent,False,3,6
yeast,s_0468,CDP,cdp,C00112,CHEBI:58069,MNXM220,6132,ZWIADYZPOWUWEW,ok,energy_nucleotide,energy_nucleotide,currency_or_cofactor,CDP,normalized_name;bigg_ids:cdp;kegg_ids:c00112;chebi_ids:chebi:58069;metanetx_ids:mnxm220;pubchem_cids:6132;inchikey_connectivity:zwiadyzpowuwew,normalized_name;bigg_ids;kegg_ids;chebi_ids;metanetx_ids;pubchem_cids;inchikey_connectivity,multiple_evidence_types,consistent,False,1,4
yeast,s_0475,ceramide-1 (C24),cer1_24,,CHEBI:52961,MNXM64020,,BPLYVSYSBPLDOA,ok,other_reactant,other_reactant,other_reactant,,,,not_registry_matched,not_assessable,False,2,2
yeast,s_0476,ceramide-1 (C24),cer1_24,,CHEBI:52961,MNXM64020,,BPLYVSYSBPLDOA,ok,other_reactant,other_reactant,other_reactant,,,,not_registry_matched,not_assessable,False,8,8
yeast,s_0478,ceramide-1 (C26),cer1_26,,CHEBI:52962,MNXM63798,,NWERZHCPHDHUMO,ok,other_reactant,other_reactant,other_reactant,,,,not_registry_matched,not_assessable,False,2,2
yeast,s_0479,ceramide-1 (C26),cer1_26,,CHEBI:52962,MNXM63798,,NWERZHCPHDHUMO,ok,other_reactant,other_reactant,other_reactant,,,,not_registry_matched,not_assessable,False,8,8
yeast,s_0481,ceramide-2 (C24),cer2_24,,CHEBI:52979,MNXM64019,,ZESJDNWGTANZCC,ok,other_reactant,other_reactant,other_reactant,,,,not_registry_matched,not_assessable,False,2,2
yeast,s_0482,ceramide-2 (C24),cer2_24,,CHEBI:52979,MNXM64019,,ZESJDNWGTANZCC,ok,other_reactant,other_reactant,other_reactant,,,,not_registry_matched,not_assessable,False,8,8
yeast,s_0484,ceramide-2 (C26),cer2_26,,CHEBI:52980,MNXM63797,,GKRXVCWVXYHWOD,ok,other_reactant,other_reactant,other_reactant,,,,not_registry_matched,not_assessable,False,2,2
yeast,s_0485,ceramide-2 (C26),cer2_26,,CHEBI:52980,MNXM63797,,GKRXVCWVXYHWOD,ok,other_reactant,other_reactant,other_reactant,,,,not_registry_matched,not_assessable,False,8,8
yeast,s_0488,ceramide-2' (C24),,,CHEBI:52371,MNXM63175,,DGORBCXEWSENPF,ok,other_reactant,other_reactant,other_reactant,,,,not_registry_matched,not_assessable,False,8,8
yeast,s_0491,ceramide-2' (C26),,,CHEBI:52372,MNXM63156,,BAZWIFLKHLJIPY,ok,other_reactant,other_reactant,other_reactant,,,,not_registry_matched,not_assessable,False,8,8
yeast,s_0493,ceramide-3 (C24),cer3_24,,CHEBI:52373,MNXM63174,,ZFUXWVVVWGWGPQ,ok,other_reactant,other_reactant,other_reactant,,,,not_registry_matched,not_assessable,False,1,1
yeast,s_0494,ceramide-3 (C24),cer3_24,,CHEBI:52373,MNXM63174,,ZFUXWVVVWGWGPQ,ok,other_reactant,other_reactant,other_reactant,,,,not_registry_matched,not_assessable,False,8,8
yeast,s_0496,ceramide-3 (C26),cer3_26,,CHEBI:52374,MNXM63157,,XNLFLZXNXQVPII,ok,other_reactant,other_reactant,other_reactant,,,,not_registry_matched,not_assessable,False,1,1
yeast,s_0497,ceramide-3 (C26),cer3_26,,CHEBI:52374,MNXM63157,,XNLFLZXNXQVPII,ok,other_reactant,other_reactant,other_reactant,,,,not_registry_matched,not_assessable,False,8,8
yeast,s_0500,ceramide-4 (C24),,,CHEBI:60256,MNXM31230,,CTYJERKZRBECCL,ok,other_reactant,other_reactant,other_reactant,,,,not_registry_matched,not_assessable,False,8,8
yeast,s_0503,ceramide-4 (C26),,,CHEBI:60384,MNXM63127,,IMHKEXOLDHXQAG,ok,other_reactant,other_reactant,other_reactant,,,,not_registry_matched,not_assessable,False,8,8
yeast,s_0507,cerotic acid,hexc,,CHEBI:31013,MNXM46158,,XMHIUKTWLZUKEX,ok,other_reactant,other_reactant,other_reactant,,,,not_registry_matched,not_assessable,False,2,2
yeast,s_0509,chitin,chtn,C00461,CHEBI:17029,MNXM1271,,,missing_smiles,other_reactant,other_reactant,other_reactant,,,,not_registry_matched,not_assessable,False,2,4
yeast,s_0511,choline,chol,C00114,CHEBI:15354,MNXM90,305,OEYIOHPDSNJKLS,ok,other_reactant,other_reactant,other_reactant,,,,not_registry_matched,not_assessable,False,1,2
yeast,s_0512,choline,chol,C00114,CHEBI:15354,MNXM90,305,OEYIOHPDSNJKLS,ok,other_reactant,other_reactant,other_reactant,,,,not_registry_matched,not_assessable,False,2,2
yeast,s_0513,choline,chol,C00114,CHEBI:15354,MNXM90,305,OEYIOHPDSNJKLS,ok,other_reactant,other_reactant,other_reactant,,,,not_registry_matched,not_assessable,False,1,1
yeast,s_0514,choline phosphate,cholp,C00588,CHEBI:295975,MNXM229,,YHHSONZFOIEMCP,ok,other_reactant,other_reactant,other_reactant,,,,not_registry_matched,not_assessable,False,1,1
yeast,s_0515,chorismate,chor,C00251,CHEBI:29748,MNXM337,12039,WTFXTQVDAKGDEY,ok,other_reactant,other_reactant,other_reactant,,,,not_registry_matched,not_assessable,False,3,3
yeast,s_0516,cis-aconitate,acon_C,C00417,CHEBI:16383,MNXM813,5459816,GTZCVFVGUGFEME,ok,other_reactant,other_reactant,other_reactant,,,,not_registry_matched,not_assessable,False,1,1
yeast,s_0517,cis-aconitate,acon_C,C00417,CHEBI:16383,MNXM813,5459816,GTZCVFVGUGFEME,ok,other_reactant,other_reactant,other_reactant,,,,not_registry_matched,not_assessable,False,1,1
yeast,s_0522,citrate,cit,C00158,CHEBI:16947,MNXM131,15012407,KRKNYBCHXYNGOX,ok,other_reactant,other_reactant,other_reactant,,,,not_registry_matched,not_assessable,False,4,4
yeast,s_0524,citrate,cit,C00158,CHEBI:16947,MNXM131,15012407,KRKNYBCHXYNGOX,ok,other_reactant,other_reactant,other_reactant,,,,not_registry_matched,not_assessable,False,3,3
yeast,s_0526,CMP,cmp,C00055,CHEBI:60377,MNXM31,6131,IERHLVCPSMICTF,ok,nucleotide_currency,nucleotide_currency,currency_or_cofactor,CMP,normalized_name;bigg_ids:cmp;kegg_ids:c00055;chebi_ids:chebi:60377;metanetx_ids:mnxm31;pubchem_cids:6131;inchikey_connectivity:ierhlvcpsmictf,normalized_name;bigg_ids;kegg_ids;chebi_ids;metanetx_ids;pubchem_cids;inchikey_connectivity,multiple_evidence_types,consistent,False,2,3
yeast,s_0528,CMP,cmp,C00055,CHEBI:60377,MNXM31,6131,IERHLVCPSMICTF,ok,nucleotide_currency,nucleotide_currency,currency_or_cofactor,CMP,normalized_name;bigg_ids:cmp;kegg_ids:c00055;chebi_ids:chebi:60377;metanetx_ids:mnxm31;pubchem_cids:6131;inchikey_connectivity:ierhlvcpsmictf,normalized_name;bigg_ids;kegg_ids;chebi_ids;metanetx_ids;pubchem_cids;inchikey_connectivity,multiple_evidence_types,consistent,False,3,3
yeast,s_0529,coenzyme A,coa,C00010,CHEBI:57287,MNXM12,,RGJOEKWQDUBAIZ,ok,carrier_cofactor,carrier_cofactor,currency_or_cofactor,coenzyme A,normalized_name;bigg_ids:coa;kegg_ids:c00010;chebi_ids:chebi:57287;metanetx_ids:mnxm12;inchikey_connectivity:rgjoekwqdubaiz,normalized_name;bigg_ids;kegg_ids;chebi_ids;metanetx_ids;inchikey_connectivity,multiple_evidence_types,consistent,False,3,7
yeast,s_0531,coenzyme A,coa,C00010,CHEBI:57287,MNXM12,,RGJOEKWQDUBAIZ,ok,carrier_cofactor,carrier_cofactor,currency_or_cofactor,coenzyme A,normalized_name;bigg_ids:coa;kegg_ids:c00010;chebi_ids:chebi:57287;metanetx_ids:mnxm12;inchikey_connectivity:rgjoekwqdubaiz,normalized_name;bigg_ids;kegg_ids;chebi_ids;metanetx_ids;inchikey_connectivity,multiple_evidence_types,consistent,False,9,14
yeast,s_0532,coenzyme A,coa,C00010,CHEBI:57287,MNXM12,,RGJOEKWQDUBAIZ,ok,carrier_cofactor,carrier_cofactor,currency_or_cofactor,coenzyme A,normalized_name;bigg_ids:coa;kegg_ids:c00010;chebi_ids:chebi:57287;metanetx_ids:mnxm12;inchikey_connectivity:rgjoekwqdubaiz,normalized_name;bigg_ids;kegg_ids;chebi_ids;metanetx_ids;inchikey_connectivity,multiple_evidence_types,consistent,False,6,7
yeast,s_0533,coenzyme A,coa,C00010,CHEBI:57287,MNXM12,,RGJOEKWQDUBAIZ,ok,carrier_cofactor,carrier_cofactor,currency_or_cofactor,coenzyme A,normalized_name;bigg_ids:coa;kegg_ids:c00010;chebi_ids:chebi:57287;metanetx_ids:mnxm12;inchikey_connectivity:rgjoekwqdubaiz,normalized_name;bigg_ids;kegg_ids;chebi_ids;metanetx_ids;inchikey_connectivity,multiple_evidence_types,consistent,False,1,1
yeast,s_0534,coenzyme A,coa,C00010,CHEBI:57287,MNXM12,,RGJOEKWQDUBAIZ,ok,carrier_cofactor,carrier_cofactor,currency_or_cofactor,coenzyme A,normalized_name;bigg_ids:coa;kegg_ids:c00010;chebi_ids:chebi:57287;metanetx_ids:mnxm12;inchikey_connectivity:rgjoekwqdubaiz,normalized_name;bigg_ids;kegg_ids;chebi_ids;metanetx_ids;inchikey_connectivity,multiple_evidence_types,consistent,False,28,31
yeast,s_0538,coproporphyrinogen III,cpppg3,C03263,CHEBI:57309,MNXM410,321,NIUVHXTXUXOFEB,ok,other_reactant,other_reactant,other_reactant,,,,not_registry_matched,not_assessable,False,1,1
yeast,s_0539,CTP,ctp,C00063,CHEBI:37563,MNXM63,6176,PCDQPRRSZKQHHS,ok,energy_nucleotide,energy_nucleotide,currency_or_cofactor,CTP,normalized_name;bigg_ids:ctp;kegg_ids:c00063;chebi_ids:chebi:37563;metanetx_ids:mnxm63;pubchem_cids:6176;inchikey_connectivity:pcdqprrszkqhhs,normalized_name;bigg_ids;kegg_ids;chebi_ids;metanetx_ids;pubchem_cids;inchikey_connectivity,multiple_evidence_types,consistent,False,9,9
yeast,s_0541,CTP,ctp,C00063,CHEBI:37563,MNXM63,6176,PCDQPRRSZKQHHS,ok,energy_nucleotide,energy_nucleotide,currency_or_cofactor,CTP,normalized_name;bigg_ids:ctp;kegg_ids:c00063;chebi_ids:chebi:37563;metanetx_ids:mnxm63;pubchem_cids:6176;inchikey_connectivity:pcdqprrszkqhhs,normalized_name;bigg_ids;kegg_ids;chebi_ids;metanetx_ids;pubchem_cids;inchikey_connectivity,multiple_evidence_types,consistent,False,2,2
yeast,s_0543,cytidine,cytd,C00475,CHEBI:17562,MNXM338,6175,UHDGCWIWMRVCDJ,ok,other_reactant,other_reactant,other_reactant,,,,not_registry_matched,not_assessable,False,4,5
yeast,s_0544,cytidine,cytd,C00475,CHEBI:17562,MNXM338,6175,UHDGCWIWMRVCDJ,ok,other_reactant,other_reactant,other_reactant,,,,not_registry_matched,not_assessable,False,1,1
yeast,s_0545,cytosine,csn,C00380,CHEBI:16040,MNXM761,597,OPTASPLRGRRNAP,ok,other_reactant,other_reactant,other_reactant,,,,not_registry_matched,not_assessable,False,1,1
yeast,s_0546,cytosine,csn,C00380,CHEBI:16040,MNXM761,597,OPTASPLRGRRNAP,ok,other_reactant,other_reactant,other_reactant,,,,not_registry_matched,not_assessable,False,1,4
yeast,s_0547,"D-arabinono-1,4-lactone",Dara14lac,C00652,CHEBI:16292,MNXM778,,CUOKHACJLGPRHD,ok,other_reactant,other_reactant,other_reactant,,,,not_registry_matched,not_assessable,False,1,1
yeast,s_0548,D-arabinose,arab__D,C00216,CHEBI:17108,MNXM40571,6902,SRBFZHDQGSBBOR,ok,other_reactant,other_reactant,other_reactant,,,,not_registry_matched,not_assessable,False,2,2
yeast,s_0549,D-arabinose,arab__D,C00216,CHEBI:17108,MNXM40571,6902,SRBFZHDQGSBBOR,ok,other_reactant,other_reactant,other_reactant,,,,not_registry_matched,not_assessable,False,1,2
yeast,s_0550,D-erythro-1-(imidazol-4-yl)glycerol 3-phosphate,eig3p,C04666,CHEBI:58278,MNXM1422,,HFYBTHCYPKEDQQ,ok,other_reactant,other_reactant,other_reactant,,,,not_registry_matched,not_assessable,False,1,1
yeast,s_0551,D-erythrose 4-phosphate,e4p,C00279,CHEBI:16897,MNXM258,,NGHMDNPXVRFFGS,ok,other_reactant,other_reactant,other_reactant,,,,not_registry_matched,not_assessable,False,2,4
yeast,s_0552,D-erythrose 4-phosphate,e4p,C00279,CHEBI:16897,MNXM258,,NGHMDNPXVRFFGS,ok,other_reactant,other_reactant,other_reactant,,,,not_registry_matched,not_assessable,False,1,2
yeast,s_0553,D-fructose,fru,C00095,CHEBI:15824,MNXM175,,BJHIKXHVCXFQLS,ok,other_reactant,other_reactant,other_reactant,,,,not_registry_matched,not_assessable,False,3,5
yeast,s_0554,D-fructose,fru,C00095,CHEBI:15824,MNXM175,,BJHIKXHVCXFQLS,ok,other_reactant,other_reactant,other_reactant,,,,not_registry_matched,not_assessable,False,1,15
yeast,s_0555,"D-fructose 1,6-bisphosphate",fdp,C00354,CHEBI:16905,MNXM417,,RNBGYGVWRKECFJ,ok,other_reactant,other_reactant,other_reactant,,,,not_registry_matched,not_assessable,False,2,2
yeast,s_0556,D-fructose 1-phosphate,f1p,C01094,CHEBI:18105,MNXM145568,,RHKKZBWRNHGJEZ,ok,other_reactant,other_reactant,other_reactant,,,,not_registry_matched,not_assessable,False,1,1
yeast,s_0557,D-fructose 6-phosphate,f6p,C00085,CHEBI:57579,MNXM162235,,BGWGXPAPYGQALX,ok,other_reactant,other_reactant,other_reactant,,,,not_registry_matched,not_assessable,False,3,4
yeast,s_0558,D-galactose,gal,C00124,CHEBI:12936,MNXM390,,WQZGKKKJIJFFOK,ok,other_reactant,other_reactant,other_reactant,,,,not_registry_matched,not_assessable,False,2,2
yeast,s_0559,D-galactose,gal,C00124,CHEBI:12936,MNXM390,,WQZGKKKJIJFFOK,ok,other_reactant,other_reactant,other_reactant,,,,not_registry_matched,not_assessable,False,1,5
yeast,s_0561,D-glucitol,sbt__D,C00794,CHEBI:17924,MNXM469,,FBPFZTCFMRRESA,ok,other_reactant,other_reactant,other_reactant,,,,not_registry_matched,not_assessable,False,1,2
yeast,s_0562,D-glucitol,sbt__D,C00794,CHEBI:17924,MNXM469,,FBPFZTCFMRRESA,ok,other_reactant,other_reactant,other_reactant,,,,not_registry_matched,not_assessable,False,1,4
yeast,s_0563,D-glucose,glc__D,C00031,CHEBI:4167,MNXM41,,WQZGKKKJIJFFOK,ok,other_reactant,other_reactant,other_reactant,,,,not_registry_matched,not_assessable,False,2,6
yeast,s_0565,D-glucose,glc__D,C00031,CHEBI:4167,MNXM41,,WQZGKKKJIJFFOK,ok,other_reactant,other_reactant,other_reactant,,,,not_registry_matched,not_assessable,False,1,20
yeast,s_0567,D-glucose 1-phosphate,g1p,C00103,CHEBI:57629,MNXM89588,,HXXFSFRBOHSIMQ,ok,other_reactant,other_reactant,other_reactant,,,,not_registry_matched,not_assessable,False,1,2
yeast,s_0568,D-glucose 6-phosphate,g6p,C00092,CHEBI:14314,MNXM160,,NBSCHQHZLSJFNQ,ok,other_reactant,other_reactant,other_reactant,,,,not_registry_matched,not_assessable,False,5,7
yeast,s_0570,D-glyceraldehyde,glyald,C00577,CHEBI:17378,MNXM435,,MNQZXJOMYWMBOU,ok,other_reactant,other_reactant,other_reactant,,,,not_registry_matched,not_assessable,False,3,5
yeast,s_0571,D-mannose,man,C00159,CHEBI:16024,MNXM182,,WQZGKKKJIJFFOK,ok,other_reactant,other_reactant,other_reactant,,,,not_registry_matched,not_assessable,False,1,3
yeast,s_0572,D-mannose,man,C00159,CHEBI:16024,MNXM182,,WQZGKKKJIJFFOK,ok,other_reactant,other_reactant,other_reactant,,,,not_registry_matched,not_assessable,False,1,13
yeast,s_0573,D-mannose 1-phosphate,man1p,C00636,CHEBI:35374,MNXM721,,HXXFSFRBOHSIMQ,ok,other_reactant,other_reactant,other_reactant,,,,not_registry_matched,not_assessable,False,2,2
yeast,s_0574,D-mannose 6-phosphate,man6p,C00275,CHEBI:17369,MNXM427,,VFRROHXSMXFLSN,ok,other_reactant,other_reactant,other_reactant,,,,not_registry_matched,not_assessable,False,1,1
yeast,s_0575,D-ribose,rib__D,C00121,CHEBI:16988,MNXM242,,HMFHBZSHGGEWLO,ok,other_reactant,other_reactant,other_reactant,,,,not_registry_matched,not_assessable,False,1,1
yeast,s_0576,D-ribose,rib__D,C00121,CHEBI:16988,MNXM242,,HMFHBZSHGGEWLO,ok,other_reactant,other_reactant,other_reactant,,,,not_registry_matched,not_assessable,False,1,2
yeast,s_0577,D-ribulose 5-phosphate,ru5p__D,C00199,CHEBI:58121,MNXM145,,FNZLKVNUWIIPSJ,ok,other_reactant,other_reactant,other_reactant,,,,not_registry_matched,not_assessable,False,4,5
yeast,s_0578,D-xylose,xyl__D,C00181,CHEBI:15936,MNXM90941,,PYMYPHUHKUWMLA,ok,other_reactant,other_reactant,other_reactant,,,,not_registry_matched,not_assessable,False,1,1
yeast,s_0579,D-xylose,xyl__D,C00181,CHEBI:15936,MNXM90941,,PYMYPHUHKUWMLA,ok,other_reactant,other_reactant,other_reactant,,,,not_registry_matched,not_assessable,False,1,1
yeast,s_0580,D-xylulose,xylu__D,C00310,CHEBI:17140,MNXM597,,ZAQJHHRNXZUBTE,ok,other_reactant,other_reactant,other_reactant,,,,not_registry_matched,not_assessable,False,1,1
yeast,s_0581,D-xylulose 5-phosphate,xu5p__D,C00231,CHEBI:57737,MNXM186,,FNZLKVNUWIIPSJ,ok,other_reactant,other_reactant,other_reactant,,,,not_registry_matched,not_assessable,False,2,4
yeast,s_0582,dADP,dadp,C00206,CHEBI:57667,MNXM374,188966,DAEAPNUQQAICNR,ok,other_reactant,other_reactant,other_reactant,,,,not_registry_matched,not_assessable,False,1,1
yeast,s_0584,dAMP,damp,C00360,CHEBI:58245,MNXM432,12599,KHWCHTKSEGGWEX,ok,other_reactant,other_reactant,other_reactant,,,,not_registry_matched,not_assessable,False,2,3
yeast,s_0585,dAMP,damp,C00360,CHEBI:58245,MNXM432,12599,KHWCHTKSEGGWEX,ok,other_reactant,other_reactant,other_reactant,,,,not_registry_matched,not_assessable,False,1,1
yeast,s_0586,dATP,datp,C00131,CHEBI:61404,MNXM286,15993,SUYVUBYJARFZHO,ok,other_reactant,other_reactant,other_reactant,,,,not_registry_matched,not_assessable,False,3,3
yeast,s_0587,dCDP,dcdp,C00705,CHEBI:58593,MNXM411,150855,FTDHDKPUHBLBTL,ok,other_reactant,other_reactant,other_reactant,,,,not_registry_matched,not_assessable,False,1,1
yeast,s_0589,dCMP,dcmp,C00239,CHEBI:57566,MNXM266,13945,NCMVOABPESMRCP,ok,other_reactant,other_reactant,other_reactant,,,,not_registry_matched,not_assessable,False,3,4
yeast,s_0590,dCTP,dctp,C00458,CHEBI:57724,MNXM360,65091,RGWHQCVHVJXOKC,ok,other_reactant,other_reactant,other_reactant,,,,not_registry_matched,not_assessable,False,1,1
yeast,s_0591,deamido-NAD(+),dnad,C00857,CHEBI:18304,MNXM309,,SENPVEZBRZQVST,ok,other_reactant,other_reactant,other_reactant,,,,not_registry_matched,not_assessable,False,1,1
yeast,s_0593,deamido-NAD(+),dnad,C00857,CHEBI:18304,MNXM309,,SENPVEZBRZQVST,ok,other_reactant,other_reactant,other_reactant,,,,not_registry_matched,not_assessable,False,1,1
yeast,s_0595,decanoate,dca,C01571,CHEBI:27689,MNXM1043,,GHVNFZFCNZKVNT,ok,other_reactant,other_reactant,other_reactant,,,,not_registry_matched,not_assessable,False,1,1
yeast,s_0600,decanoate,dca,C01571,CHEBI:27689,MNXM1043,,GHVNFZFCNZKVNT,ok,other_reactant,other_reactant,other_reactant,,,,not_registry_matched,not_assessable,False,1,1
yeast,s_0605,decanoyl-CoA,dccoa,C05274,CHEBI:61430,MNXM486,,CNKJPHSEFDPYDB,ok,carrier_linked_metabolite,carrier_linked_metabolite,carrier_linked_variable,,normalized_name:coa_linked,normalized_name,name_only,not_assessable,False,2,2
yeast,s_0606,decaprenyl diphosphate,decdp,C17432,CHEBI:53043,MNXM1721,,FSCYHDCTHRVSKN,ok,other_reactant,other_reactant,other_reactant,,,,not_registry_matched,not_assessable,False,1,2
yeast,s_0610,deoxycytidine,dcyt,C00881,CHEBI:15698,MNXM704,13711,CKTSBUTUHBMZGZ,ok,other_reactant,other_reactant,other_reactant,,,,not_registry_matched,not_assessable,False,1,1
yeast,s_0612,dethiobiotin,dtbt,C01909,CHEBI:57861,MNXM1020,,AUTOLBMXDDTRRT,ok,other_reactant,other_reactant,other_reactant,,,,not_registry_matched,not_assessable,False,1,1
yeast,s_0613,dGDP,dgdp,C00361,CHEBI:58595,MNXM436,,CIKGWCTVFSRMJU,ok,other_reactant,other_reactant,other_reactant,,,,not_registry_matched,not_assessable,False,1,1
yeast,s_0615,dGMP,dgmp,C00362,CHEBI:57673,MNXM546,,LTFMZDNNPPEQNG,ok,other_reactant,other_reactant,other_reactant,,,,not_registry_matched,not_assessable,False,2,3
yeast,s_0616,dGMP,dgmp,C00362,CHEBI:57673,MNXM546,,LTFMZDNNPPEQNG,ok,other_reactant,other_reactant,other_reactant,,,,not_registry_matched,not_assessable,False,1,1
yeast,s_0617,dGTP,dgtp,C00286,CHEBI:57794,MNXM344,,HAAZLUGHYHWQIW,ok,other_reactant,other_reactant,other_reactant,,,,not_registry_matched,not_assessable,False,1,1
yeast,s_0618,dIDP,didp,C01344,CHEBI:28823,MNXM2174,,BKUSIKGSPSFQAC,ok,other_reactant,other_reactant,other_reactant,,,,not_registry_matched,not_assessable,False,1,1
yeast,s_0625,dihydrofolic acid,dhf,C00415,CHEBI:57451,MNXM281,,OZRNSSUDZOLUSN,ok,one_carbon_cofactor,one_carbon_cofactor,currency_or_cofactor,dihydrofolate,bigg_ids:dhf;kegg_ids:c00415,bigg_ids;kegg_ids,multiple_evidence_types,not_assessable,False,1,1
yeast,s_0626,dihydrofolic acid,dhf,C00415,CHEBI:57451,MNXM281,,OZRNSSUDZOLUSN,ok,one_carbon_cofactor,one_carbon_cofactor,currency_or_cofactor,dihydrofolate,bigg_ids:dhf;kegg_ids:c00415,bigg_ids;kegg_ids,multiple_evidence_types,not_assessable,False,1,1
yeast,s_0627,dihydrolipoamide,dhlam,C00579,CHEBI:17694,MNXM1277,,VLYUGYAKYZETRF,ok,other_reactant,other_reactant,other_reactant,,,,not_registry_matched,not_assessable,False,1,2
yeast,s_0628,dihydrolipoylprotein,dhlpro,C02972,CHEBI:16194,MNXM1663,445160,VLYUGYAKYZETRF,ok,other_reactant,other_reactant,other_reactant,,,,not_registry_matched,not_assessable,False,1,1
yeast,s_0629,dihydroxyacetone phosphate,dhap,C00111,CHEBI:57642,MNXM77,,GNGACRATGGDKBX,ok,other_reactant,other_reactant,other_reactant,,,,not_registry_matched,not_assessable,False,2,3
yeast,s_0631,dihydroxyacetone phosphate,dhap,C00111,CHEBI:57642,MNXM77,,GNGACRATGGDKBX,ok,other_reactant,other_reactant,other_reactant,,,,not_registry_matched,not_assessable,False,4,4
yeast,s_0632,dihydroxyacetone phosphate,dhap,C00111,CHEBI:57642,MNXM77,,GNGACRATGGDKBX,ok,other_reactant,other_reactant,other_reactant,,,,not_registry_matched,not_assessable,False,1,1
yeast,s_0633,diphosphate,ppi,C00013,CHEBI:33019,MNXM11,,XPPKVPWEQAFLFU,ok,phosphate_currency,phosphate_currency,currency_or_cofactor,diphosphate,normalized_name;bigg_ids:ppi;kegg_ids:c00013;chebi_ids:chebi:33019;metanetx_ids:mnxm11;inchikey_connectivity:xppkvpweqaflfu,normalized_name;bigg_ids;kegg_ids;chebi_ids;metanetx_ids;inchikey_connectivity,multiple_evidence_types,consistent,False,2,3
yeast,s_0636,diphosphate,ppi,C00013,CHEBI:33019,MNXM11,,XPPKVPWEQAFLFU,ok,phosphate_currency,phosphate_currency,currency_or_cofactor,diphosphate,normalized_name;bigg_ids:ppi;kegg_ids:c00013;chebi_ids:chebi:33019;metanetx_ids:mnxm11;inchikey_connectivity:xppkvpweqaflfu,normalized_name;bigg_ids;kegg_ids;chebi_ids;metanetx_ids;inchikey_connectivity,multiple_evidence_types,consistent,False,1,1
yeast,s_0641,dodecaprenyl diphosphate,,C05847,CHEBI:53041,MNXM11433,,WURMRKUXTPWSRM,ok,other_reactant,other_reactant,other_reactant,,,,not_registry_matched,not_assessable,False,1,2
yeast,s_0642,dolichol,dolichol,C00381,CHEBI:16091,MNXM797,,KLGBTYNAYAZPFD,ok,other_reactant,other_reactant,other_reactant,,,,not_registry_matched,not_assessable,False,1,1
yeast,s_0644,dolichyl D-mannosyl phosphate,dolmanp,C03862,CHEBI:15809,MNXM296,,AGLXCEGQRIYVRV,ok,other_reactant,other_reactant,other_reactant,,,,not_registry_matched,not_assessable,False,8,11
yeast,s_0645,dolichyl phosphate,dolp,C00110,CHEBI:16214,MNXM278,,GYBNOAFGEKAZTA,ok,other_reactant,other_reactant,other_reactant,,,,not_registry_matched,not_assessable,False,1,1
yeast,s_0646,dolichyl phosphate,dolp,C00110,CHEBI:16214,MNXM278,,GYBNOAFGEKAZTA,ok,other_reactant,other_reactant,other_reactant,,,,not_registry_matched,not_assessable,False,2,2
yeast,s_0647,dTDP,dtdp,C00363,CHEBI:58369,MNXM152,,UJLXYODCHAELLY,ok,other_reactant,other_reactant,other_reactant,,,,not_registry_matched,not_assessable,False,1,1
yeast,s_0649,dTMP,dtmp,C00364,CHEBI:17013,MNXM257,,GYOZYWVXFNDGLU,ok,other_reactant,other_reactant,other_reactant,,,,not_registry_matched,not_assessable,False,2,3
yeast,s_0650,dTTP,dttp,C00459,CHEBI:58370,MNXM394,,NHVNXKFIZYSCEB,ok,other_reactant,other_reactant,other_reactant,,,,not_registry_matched,not_assessable,False,1,1
yeast,s_0652,dUDP,dudp,C01346,CHEBI:60471,MNXM572,,QHWZTVCCBMIIKE,ok,other_reactant,other_reactant,other_reactant,,,,not_registry_matched,not_assessable,False,1,1
yeast,s_0654,dUMP,dump,C00365,CHEBI:246422,MNXM234,,JSRLJPSBLDHEIO,ok,other_reactant,other_reactant,other_reactant,,,,not_registry_matched,not_assessable,False,2,2
yeast,s_0655,dUMP,dump,C00365,CHEBI:246422,MNXM234,,JSRLJPSBLDHEIO,ok,other_reactant,other_reactant,other_reactant,,,,not_registry_matched,not_assessable,False,1,1
yeast,s_0656,dUTP,dutp,C00460,CHEBI:58212,MNXM452,,AHCYMLUZIRLXAA,ok,other_reactant,other_reactant,other_reactant,,,,not_registry_matched,not_assessable,False,1,2
yeast,s_0657,episterol,epist,C15777,CHEBI:23929,MNXM52365,,BTCAEOLDEYPGGE,ok,other_reactant,other_reactant,other_reactant,,,,not_registry_matched,not_assessable,False,1,1
yeast,s_0659,episterol,epist,C15777,CHEBI:23929,MNXM52365,,BTCAEOLDEYPGGE,ok,other_reactant,other_reactant,other_reactant,,,,not_registry_matched,not_assessable,False,1,2
yeast,s_0663,"ergosta-5,7,22,24(28)-tetraen-3beta-ol",ergtetrol,C05440,CHEBI:18249,MNXM1109,,SQFQJKZSFOZDJY,ok,other_reactant,other_reactant,other_reactant,,,,not_registry_matched,not_assessable,False,1,1
yeast,s_0664,"ergosta-5,7,24(28)-trien-3beta-ol",ergtrol,C15780,CHEBI:52972,MNXM5738,,ZEPNVCGPJXYABB,ok,other_reactant,other_reactant,other_reactant,,,,not_registry_matched,not_assessable,False,1,1
yeast,s_0665,ergosterol,ergst,C01694,CHEBI:16933,MNXM922,,DNVPQKQSNYMLRS,ok,other_reactant,other_reactant,other_reactant,,,,not_registry_matched,not_assessable,False,1,2
yeast,s_0666,ergosterol,ergst,C01694,CHEBI:16933,MNXM922,,DNVPQKQSNYMLRS,ok,other_reactant,other_reactant,other_reactant,,,,not_registry_matched,not_assessable,False,1,1
yeast,s_0668,ergosterol,ergst,C01694,CHEBI:16933,MNXM922,,DNVPQKQSNYMLRS,ok,other_reactant,other_reactant,other_reactant,,,,not_registry_matched,not_assessable,False,1,2
yeast,s_0677,erythro-4-hydroxy-L-glutamic acid,e4hglu,C05947,CHEBI:21285,MNXM923,,HBDWQSHEVMSFGY,ok,other_reactant,other_reactant,other_reactant,,,,not_registry_matched,not_assessable,False,1,1
yeast,s_0678,erythro-4-hydroxy-L-glutamic acid,e4hglu,C05947,CHEBI:21285,MNXM923,,HBDWQSHEVMSFGY,ok,other_reactant,other_reactant,other_reactant,,,,not_registry_matched,not_assessable,False,1,1
yeast,s_0679,erythro-4-hydroxy-L-glutamic acid,e4hglu,C05947,CHEBI:21285,MNXM923,,HBDWQSHEVMSFGY,ok,other_reactant,other_reactant,other_reactant,,,,not_registry_matched,not_assessable,False,1,1
yeast,s_0680,ethanol,etoh,C00469,CHEBI:16236,MNXM303,,LFQSCWFLJHTTHZ,ok,other_reactant,other_reactant,other_reactant,,,,not_registry_matched,not_assessable,False,10,11
yeast,s_0682,ethanol,etoh,C00469,CHEBI:16236,MNXM303,,LFQSCWFLJHTTHZ,ok,other_reactant,other_reactant,other_reactant,,,,not_registry_matched,not_assessable,False,6,11
yeast,s_0683,ethanolamine,etha,C00189,CHEBI:57603,MNXM218,,HZAXFHJVJLSVMW,ok,other_reactant,other_reactant,other_reactant,,,,not_registry_matched,not_assessable,False,1,2
yeast,s_0684,ethanolamine,etha,C00189,CHEBI:57603,MNXM218,,HZAXFHJVJLSVMW,ok,other_reactant,other_reactant,other_reactant,,,,not_registry_matched,not_assessable,False,1,1
yeast,s_0685,ethyl acetate,,C00849,CHEBI:27750,MNXM8595,,XEKOWRVHYACXOJ,ok,other_reactant,other_reactant,other_reactant,,,,not_registry_matched,not_assessable,False,1,1
yeast,s_0688,FAD,fad,C00016,CHEBI:57692,MNXM33,,VWWQXMAJTJZDQX,ok,redox_cofactor,redox_cofactor,currency_or_cofactor,FAD,normalized_name;bigg_ids:fad;kegg_ids:c00016;chebi_ids:chebi:57692;metanetx_ids:mnxm33;inchikey_connectivity:vwwqxmajtjzdqx,normalized_name;bigg_ids;kegg_ids;chebi_ids;metanetx_ids;inchikey_connectivity,multiple_evidence_types,consistent,False,2,2
yeast,s_0689,FADH2,fadh2,C01352,CHEBI:58307,MNXM38,,YPZRHBJKEMOYQH,ok,redox_cofactor,redox_cofactor,currency_or_cofactor,FADH2,normalized_name;bigg_ids:fadh2;kegg_ids:c01352;chebi_ids:chebi:58307;metanetx_ids:mnxm38,normalized_name;bigg_ids;kegg_ids;chebi_ids;metanetx_ids,multiple_evidence_types,not_assessable,False,1,1
yeast,s_0690,FADH2,fadh2,C01352,CHEBI:58307,MNXM38,,YPZRHBJKEMOYQH,ok,redox_cofactor,redox_cofactor,currency_or_cofactor,FADH2,normalized_name;bigg_ids:fadh2;kegg_ids:c01352;chebi_ids:chebi:58307;metanetx_ids:mnxm38,normalized_name;bigg_ids;kegg_ids;chebi_ids;metanetx_ids,multiple_evidence_types,not_assessable,False,2,2
yeast,s_0692,farnesyl diphosphate,frdp,C00448,CHEBI:175763,MNXM34,,VWFJDQUYCIWHTN,ok,other_reactant,other_reactant,other_reactant,,,,not_registry_matched,not_assessable,False,1,2
yeast,s_0699,fecosterol,fecost,C04525,CHEBI:17038,MNXM1741,,SLQKYSPHBZMASJ,ok,other_reactant,other_reactant,other_reactant,,,,not_registry_matched,not_assessable,False,1,2
yeast,s_0700,fecosterol,fecost,C04525,CHEBI:17038,MNXM1741,,SLQKYSPHBZMASJ,ok,other_reactant,other_reactant,other_reactant,,,,not_registry_matched,not_assessable,False,1,1
yeast,s_0702,fecosterol,fecost,C04525,CHEBI:17038,MNXM1741,,SLQKYSPHBZMASJ,ok,other_reactant,other_reactant,other_reactant,,,,not_registry_matched,not_assessable,False,1,2
yeast,s_0709,ferricytochrome c,ficytc,C00125,CHEBI:15991,MNXM5749,,,missing_smiles,other_reactant,other_reactant,other_reactant,,,,not_registry_matched,not_assessable,False,4,10
yeast,s_0710,ferrocytochrome c,focytc,C00126,CHEBI:16928,MNXM746,,,missing_smiles,other_reactant,other_reactant,other_reactant,,,,not_registry_matched,not_assessable,False,2,7
yeast,s_0712,ferroheme b,pheme,C00032,CHEBI:60344,MNXM249,,ZCFFYALKHPIRKJ,ok,other_reactant,other_reactant,other_reactant,,,,not_registry_matched,not_assessable,False,1,1
yeast,s_0714,FMN,fmn,C00061,CHEBI:58210,MNXM119,,FVTCRASFADXXNN,ok,redox_cofactor,redox_cofactor,currency_or_cofactor,FMN,normalized_name;bigg_ids:fmn;kegg_ids:c00061;chebi_ids:chebi:58210;metanetx_ids:mnxm119;inchikey_connectivity:fvtcrasfadxxnn,normalized_name;bigg_ids;kegg_ids;chebi_ids;metanetx_ids;inchikey_connectivity,multiple_evidence_types,consistent,False,4,4
yeast,s_0715,FMN,fmn,C00061,CHEBI:58210,MNXM119,,FVTCRASFADXXNN,ok,redox_cofactor,redox_cofactor,currency_or_cofactor,FMN,normalized_name;bigg_ids:fmn;kegg_ids:c00061;chebi_ids:chebi:58210;metanetx_ids:mnxm119;inchikey_connectivity:fvtcrasfadxxnn,normalized_name;bigg_ids;kegg_ids;chebi_ids;metanetx_ids;inchikey_connectivity,multiple_evidence_types,consistent,False,1,4
yeast,s_0716,FMN,fmn,C00061,CHEBI:58210,MNXM119,,FVTCRASFADXXNN,ok,redox_cofactor,redox_cofactor,currency_or_cofactor,FMN,normalized_name;bigg_ids:fmn;kegg_ids:c00061;chebi_ids:chebi:58210;metanetx_ids:mnxm119;inchikey_connectivity:fvtcrasfadxxnn,normalized_name;bigg_ids;kegg_ids;chebi_ids;metanetx_ids;inchikey_connectivity,multiple_evidence_types,consistent,False,2,2
yeast,s_0717,FMNH2,fmnh2,C01847,CHEBI:57618,MNXM208,,YTNIXZGTHTVJBW,ok,other_reactant,other_reactant,other_reactant,,,,not_registry_matched,not_assessable,False,2,2
yeast,s_0721,formaldehyde,fald,C00067,CHEBI:16842,MNXM56,,WSFSSNUMVMOOMR,ok,other_reactant,other_reactant,other_reactant,,,,not_registry_matched,not_assessable,False,1,1
yeast,s_0722,formate,for,C00058,CHEBI:15740,MNXM39,,BDAGIHXWWSANSR,ok,other_reactant,other_reactant,other_reactant,,,,not_registry_matched,not_assessable,False,2,2
yeast,s_0723,formate,for,C00058,CHEBI:15740,MNXM39,,BDAGIHXWWSANSR,ok,other_reactant,other_reactant,other_reactant,,,,not_registry_matched,not_assessable,False,1,1
yeast,s_0724,formate,for,C00058,CHEBI:15740,MNXM39,,BDAGIHXWWSANSR,ok,other_reactant,other_reactant,other_reactant,,,,not_registry_matched,not_assessable,False,1,1
yeast,s_0725,fumarate,fum,C00122,CHEBI:29806,MNXM93,,VZCYOOQTPOCHFL,ok,other_reactant,other_reactant,other_reactant,,,,not_registry_matched,not_assessable,False,4,4
yeast,s_0727,fumarate,fum,C00122,CHEBI:29806,MNXM93,,VZCYOOQTPOCHFL,ok,other_reactant,other_reactant,other_reactant,,,,not_registry_matched,not_assessable,False,4,4
yeast,s_0734,gamma-aminobutyrate,4abut,C00334,CHEBI:16865,MNXM192,119,BTCSSZJGUNDROE,ok,other_reactant,other_reactant,other_reactant,,,,not_registry_matched,not_assessable,False,1,1
yeast,s_0736,gamma-aminobutyrate,4abut,C00334,CHEBI:16865,MNXM192,119,BTCSSZJGUNDROE,ok,other_reactant,other_reactant,other_reactant,,,,not_registry_matched,not_assessable,False,1,2
yeast,s_0739,GDP,gdp,C00035,CHEBI:58189,MNXM30,,QGWNDRXFNXRZMB,ok,energy_nucleotide,energy_nucleotide,currency_or_cofactor,GDP,normalized_name;bigg_ids:gdp;kegg_ids:c00035;chebi_ids:chebi:58189;metanetx_ids:mnxm30;inchikey_connectivity:qgwndrxfnxrzmb,normalized_name;bigg_ids;kegg_ids;chebi_ids;metanetx_ids;inchikey_connectivity,multiple_evidence_types,consistent,False,4,7
yeast,s_0740,GDP,gdp,C00035,CHEBI:58189,MNXM30,,QGWNDRXFNXRZMB,ok,energy_nucleotide,energy_nucleotide,currency_or_cofactor,GDP,normalized_name;bigg_ids:gdp;kegg_ids:c00035;chebi_ids:chebi:58189;metanetx_ids:mnxm30;inchikey_connectivity:qgwndrxfnxrzmb,normalized_name;bigg_ids;kegg_ids;chebi_ids;metanetx_ids;inchikey_connectivity,multiple_evidence_types,consistent,False,1,1
yeast,s_0741,GDP,gdp,C00035,CHEBI:58189,MNXM30,,QGWNDRXFNXRZMB,ok,energy_nucleotide,energy_nucleotide,currency_or_cofactor,GDP,normalized_name;bigg_ids:gdp;kegg_ids:c00035;chebi_ids:chebi:58189;metanetx_ids:mnxm30;inchikey_connectivity:qgwndrxfnxrzmb,normalized_name;bigg_ids;kegg_ids;chebi_ids;metanetx_ids;inchikey_connectivity,multiple_evidence_types,consistent,False,2,2
yeast,s_0742,GDP,gdp,C00035,CHEBI:58189,MNXM30,,QGWNDRXFNXRZMB,ok,energy_nucleotide,energy_nucleotide,currency_or_cofactor,GDP,normalized_name;bigg_ids:gdp;kegg_ids:c00035;chebi_ids:chebi:58189;metanetx_ids:mnxm30;inchikey_connectivity:qgwndrxfnxrzmb,normalized_name;bigg_ids;kegg_ids;chebi_ids;metanetx_ids;inchikey_connectivity,multiple_evidence_types,consistent,False,1,4
yeast,s_0743,GDP-alpha-D-mannose,gdpmann,C00096,CHEBI:57527,MNXM82,,MVMSCBBUIHUTGJ,ok,other_reactant,other_reactant,other_reactant,,,,not_registry_matched,not_assessable,False,4,4
yeast,s_0744,GDP-alpha-D-mannose,gdpmann,C00096,CHEBI:57527,MNXM82,,MVMSCBBUIHUTGJ,ok,other_reactant,other_reactant,other_reactant,,,,not_registry_matched,not_assessable,False,11,28
yeast,s_0745,geranyl diphosphate,grdp,C00341,CHEBI:58057,MNXM100,,GVVPGTZRZFNKDS,ok,other_reactant,other_reactant,other_reactant,,,,not_registry_matched,not_assessable,False,1,1
yeast,s_0746,geranylgeranyl diphosphate,ggdp,C00353,CHEBI:58756,MNXM139,,OINNEUNVOZHBOX,ok,other_reactant,other_reactant,other_reactant,,,,not_registry_matched,not_assessable,False,1,2
yeast,s_0750,glutathione,gthrd,C00051,CHEBI:57925,MNXM57,,RWSXRVCMGQZWBV,ok,other_reactant,other_reactant,other_reactant,,,,not_registry_matched,not_assessable,False,10,17
yeast,s_0751,glutathione,gthrd,C00051,CHEBI:57925,MNXM57,,RWSXRVCMGQZWBV,ok,other_reactant,other_reactant,other_reactant,,,,not_registry_matched,not_assessable,False,1,1
yeast,s_0752,glutathione,gthrd,C00051,CHEBI:57925,MNXM57,,RWSXRVCMGQZWBV,ok,other_reactant,other_reactant,other_reactant,,,,not_registry_matched,not_assessable,False,2,2
yeast,s_0754,glutathione disulfide,gthox,C00127,CHEBI:58297,MNXM151,,YPZRWBKMTBYPTK,ok,other_reactant,other_reactant,other_reactant,,,,not_registry_matched,not_assessable,False,1,4
yeast,s_0755,glutathione disulfide,gthox,C00127,CHEBI:58297,MNXM151,,YPZRWBKMTBYPTK,ok,other_reactant,other_reactant,other_reactant,,,,not_registry_matched,not_assessable,False,1,1
yeast,s_0756,glutathione disulfide,gthox,C00127,CHEBI:58297,MNXM151,,YPZRWBKMTBYPTK,ok,other_reactant,other_reactant,other_reactant,,,,not_registry_matched,not_assessable,False,1,1
yeast,s_0764,glyceraldehyde 3-phosphate,g3p,C00661,CHEBI:58027,MNXM74,,LXJXRIRHZLFYRP,ok,other_reactant,other_reactant,other_reactant,,,,not_registry_matched,not_assessable,False,4,9
yeast,s_0765,glycerol,glyc,C00116,CHEBI:17754,MNXM89612,,PEDCQBHIVMGVHV,ok,other_reactant,other_reactant,other_reactant,,,,not_registry_matched,not_assessable,False,3,4
yeast,s_0766,glycerol,glyc,C00116,CHEBI:17754,MNXM89612,,PEDCQBHIVMGVHV,ok,other_reactant,other_reactant,other_reactant,,,,not_registry_matched,not_assessable,False,1,3
yeast,s_0767,glycerol 3-phosphate,glyc3p,C00093,CHEBI:57597,MNXM66,,AWUCVROLDVIAJX,ok,other_reactant,other_reactant,other_reactant,,,,not_registry_matched,not_assessable,False,1,2
yeast,s_0769,glycerol 3-phosphate,glyc3p,C00093,CHEBI:57597,MNXM66,,AWUCVROLDVIAJX,ok,other_reactant,other_reactant,other_reactant,,,,not_registry_matched,not_assessable,False,4,4
yeast,s_0770,glycerol 3-phosphate,glyc3p,C00093,CHEBI:57597,MNXM66,,AWUCVROLDVIAJX,ok,other_reactant,other_reactant,other_reactant,,,,not_registry_matched,not_assessable,False,1,1
yeast,s_0771,glycerone,dha,C00184,CHEBI:16016,MNXM460,,RXKJFZQQPQGTFL,ok,other_reactant,other_reactant,other_reactant,,,,not_registry_matched,not_assessable,False,1,2
yeast,s_0773,glycogen,glycogen,C00182,CHEBI:28087,MNXM55375,,BYSGBSNPRWKUQH,ok,other_reactant,other_reactant,other_reactant,,,,not_registry_matched,not_assessable,False,2,2
yeast,s_0774,glycogen,glycogen,C00182,CHEBI:28087,MNXM55375,,BYSGBSNPRWKUQH,ok,other_reactant,other_reactant,other_reactant,,,,not_registry_matched,not_assessable,False,1,1
yeast,s_0779,glyoxylate,glx,C00048,CHEBI:36655,MNXM69,,HHLFWLYXYJOTON,ok,other_reactant,other_reactant,other_reactant,,,,not_registry_matched,not_assessable,False,3,4
yeast,s_0781,glyoxylate,glx,C00048,CHEBI:36655,MNXM69,,HHLFWLYXYJOTON,ok,other_reactant,other_reactant,other_reactant,,,,not_registry_matched,not_assessable,False,1,1
yeast,s_0782,GMP,gmp,C00144,CHEBI:58115,MNXM113,,RQFCJASXJCIDSX,ok,nucleotide_currency,nucleotide_currency,currency_or_cofactor,GMP,normalized_name;bigg_ids:gmp;kegg_ids:c00144;chebi_ids:chebi:58115;metanetx_ids:mnxm113;inchikey_connectivity:rqfcjasxjcidsx,normalized_name;bigg_ids;kegg_ids;chebi_ids;metanetx_ids;inchikey_connectivity,multiple_evidence_types,consistent,False,3,3
yeast,s_0783,GMP,gmp,C00144,CHEBI:58115,MNXM113,,RQFCJASXJCIDSX,ok,nucleotide_currency,nucleotide_currency,currency_or_cofactor,GMP,normalized_name;bigg_ids:gmp;kegg_ids:c00144;chebi_ids:chebi:58115;metanetx_ids:mnxm113;inchikey_connectivity:rqfcjasxjcidsx,normalized_name;bigg_ids;kegg_ids;chebi_ids;metanetx_ids;inchikey_connectivity,multiple_evidence_types,consistent,False,1,1
yeast,s_0785,GTP,gtp,C00044,CHEBI:57600,MNXM51,,XKMLYUALXHKNFT,ok,energy_nucleotide,energy_nucleotide,currency_or_cofactor,GTP,normalized_name;bigg_ids:gtp;kegg_ids:c00044;chebi_ids:chebi:57600;metanetx_ids:mnxm51;inchikey_connectivity:xkmlyualxhknft,normalized_name;bigg_ids;kegg_ids;chebi_ids;metanetx_ids;inchikey_connectivity,multiple_evidence_types,consistent,False,13,16
yeast,s_0786,GTP,gtp,C00044,CHEBI:57600,MNXM51,,XKMLYUALXHKNFT,ok,energy_nucleotide,energy_nucleotide,currency_or_cofactor,GTP,normalized_name;bigg_ids:gtp;kegg_ids:c00044;chebi_ids:chebi:57600;metanetx_ids:mnxm51;inchikey_connectivity:xkmlyualxhknft,normalized_name;bigg_ids;kegg_ids;chebi_ids;metanetx_ids;inchikey_connectivity,multiple_evidence_types,consistent,False,1,1
yeast,s_0787,guanine,gua,C00242,CHEBI:16235,MNXM259,,UYTPUPDQBNUYGX,ok,other_reactant,other_reactant,other_reactant,,,,not_registry_matched,not_assessable,False,2,2
yeast,s_0788,guanine,gua,C00242,CHEBI:16235,MNXM259,,UYTPUPDQBNUYGX,ok,other_reactant,other_reactant,other_reactant,,,,not_registry_matched,not_assessable,False,1,3
yeast,s_0790,guanosine,gsn,C00387,CHEBI:16750,MNXM401,,NYHBQMYGNKIUIF,ok,other_reactant,other_reactant,other_reactant,,,,not_registry_matched,not_assessable,False,1,1
yeast,s_0792,guanosine,gsn,C00387,CHEBI:16750,MNXM401,,NYHBQMYGNKIUIF,ok,other_reactant,other_reactant,other_reactant,,,,not_registry_matched,not_assessable,False,1,1
yeast,s_0793,H+,h,C00080,CHEBI:24636,MNXM1,,GPRLSGONYQIRFK,ok,proton,proton,currency_or_cofactor,proton,normalized_name;bigg_ids:h;kegg_ids:c00080;chebi_ids:chebi:24636;metanetx_ids:mnxm1,normalized_name;bigg_ids;kegg_ids;chebi_ids;metanetx_ids,multiple_evidence_types,not_assessable,False,24,32
yeast,s_0794,H+,h,C00080,CHEBI:24636,MNXM1,,GPRLSGONYQIRFK,ok,proton,proton,currency_or_cofactor,proton,normalized_name;bigg_ids:h;kegg_ids:c00080;chebi_ids:chebi:24636;metanetx_ids:mnxm1,normalized_name;bigg_ids;kegg_ids;chebi_ids;metanetx_ids,multiple_evidence_types,not_assessable,False,156,239
yeast,s_0795,H+,h,C00080,CHEBI:24636,MNXM1,,GPRLSGONYQIRFK,ok,proton,proton,currency_or_cofactor,proton,normalized_name;bigg_ids:h;kegg_ids:c00080;chebi_ids:chebi:24636;metanetx_ids:mnxm1,normalized_name;bigg_ids;kegg_ids;chebi_ids;metanetx_ids,multiple_evidence_types,not_assessable,False,18,18
yeast,s_0796,H+,h,C00080,CHEBI:24636,MNXM1,,GPRLSGONYQIRFK,ok,proton,proton,currency_or_cofactor,proton,normalized_name;bigg_ids:h;kegg_ids:c00080;chebi_ids:chebi:24636;metanetx_ids:mnxm1,normalized_name;bigg_ids;kegg_ids;chebi_ids;metanetx_ids,multiple_evidence_types,not_assessable,False,69,190
yeast,s_0797,H+,h,C00080,CHEBI:24636,MNXM1,,GPRLSGONYQIRFK,ok,proton,proton,currency_or_cofactor,proton,normalized_name;bigg_ids:h;kegg_ids:c00080;chebi_ids:chebi:24636;metanetx_ids:mnxm1,normalized_name;bigg_ids;kegg_ids;chebi_ids;metanetx_ids,multiple_evidence_types,not_assessable,False,1,8
yeast,s_0798,H+,h,C00080,CHEBI:24636,MNXM1,,GPRLSGONYQIRFK,ok,proton,proton,currency_or_cofactor,proton,normalized_name;bigg_ids:h;kegg_ids:c00080;chebi_ids:chebi:24636;metanetx_ids:mnxm1,normalized_name;bigg_ids;kegg_ids;chebi_ids;metanetx_ids,multiple_evidence_types,not_assessable,False,8,8
yeast,s_0799,H+,h,C00080,CHEBI:24636,MNXM1,,GPRLSGONYQIRFK,ok,proton,proton,currency_or_cofactor,proton,normalized_name;bigg_ids:h;kegg_ids:c00080;chebi_ids:chebi:24636;metanetx_ids:mnxm1,normalized_name;bigg_ids;kegg_ids;chebi_ids;metanetx_ids,multiple_evidence_types,not_assessable,False,45,62
yeast,s_0800,H+,h,C00080,CHEBI:24636,MNXM1,,GPRLSGONYQIRFK,ok,proton,proton,currency_or_cofactor,proton,normalized_name;bigg_ids:h;kegg_ids:c00080;chebi_ids:chebi:24636;metanetx_ids:mnxm1,normalized_name;bigg_ids;kegg_ids;chebi_ids;metanetx_ids,multiple_evidence_types,not_assessable,False,21,32
yeast,s_0801,H+,h,C00080,CHEBI:24636,MNXM1,,GPRLSGONYQIRFK,ok,proton,proton,currency_or_cofactor,proton,normalized_name;bigg_ids:h;kegg_ids:c00080;chebi_ids:chebi:24636;metanetx_ids:mnxm1,normalized_name;bigg_ids;kegg_ids;chebi_ids;metanetx_ids,multiple_evidence_types,not_assessable,False,8,9
yeast,s_0802,H+,h,C00080,CHEBI:24636,MNXM1,,GPRLSGONYQIRFK,ok,proton,proton,currency_or_cofactor,proton,normalized_name;bigg_ids:h;kegg_ids:c00080;chebi_ids:chebi:24636;metanetx_ids:mnxm1,normalized_name;bigg_ids;kegg_ids;chebi_ids;metanetx_ids,multiple_evidence_types,not_assessable,False,19,37
yeast,s_0803,H2O,h2o,C00001,CHEBI:15377,MNXM2,,XLYOFNOQVPJJNP,ok,solvent,solvent,currency_or_cofactor,water,normalized_name;bigg_ids:h2o;kegg_ids:c00001;chebi_ids:chebi:15377;metanetx_ids:mnxm2;inchikey_connectivity:xlyofnoqvpjjnp,normalized_name;bigg_ids;kegg_ids;chebi_ids;metanetx_ids;inchikey_connectivity,multiple_evidence_types,consistent,False,256,366
yeast,s_0804,H2O,h2o,C00001,CHEBI:15377,MNXM2,,XLYOFNOQVPJJNP,ok,solvent,solvent,currency_or_cofactor,water,normalized_name;bigg_ids:h2o;kegg_ids:c00001;chebi_ids:chebi:15377;metanetx_ids:mnxm2;inchikey_connectivity:xlyofnoqvpjjnp,normalized_name;bigg_ids;kegg_ids;chebi_ids;metanetx_ids;inchikey_connectivity,multiple_evidence_types,consistent,False,41,45
yeast,s_0805,H2O,h2o,C00001,CHEBI:15377,MNXM2,,XLYOFNOQVPJJNP,ok,solvent,solvent,currency_or_cofactor,water,normalized_name;bigg_ids:h2o;kegg_ids:c00001;chebi_ids:chebi:15377;metanetx_ids:mnxm2;inchikey_connectivity:xlyofnoqvpjjnp,normalized_name;bigg_ids;kegg_ids;chebi_ids;metanetx_ids;inchikey_connectivity,multiple_evidence_types,consistent,False,10,23
yeast,s_0806,H2O,h2o,C00001,CHEBI:15377,MNXM2,,XLYOFNOQVPJJNP,ok,solvent,solvent,currency_or_cofactor,water,normalized_name;bigg_ids:h2o;kegg_ids:c00001;chebi_ids:chebi:15377;metanetx_ids:mnxm2;inchikey_connectivity:xlyofnoqvpjjnp,normalized_name;bigg_ids;kegg_ids;chebi_ids;metanetx_ids;inchikey_connectivity,multiple_evidence_types,consistent,False,3,3
yeast,s_0807,H2O,h2o,C00001,CHEBI:15377,MNXM2,,XLYOFNOQVPJJNP,ok,solvent,solvent,currency_or_cofactor,water,normalized_name;bigg_ids:h2o;kegg_ids:c00001;chebi_ids:chebi:15377;metanetx_ids:mnxm2;inchikey_connectivity:xlyofnoqvpjjnp,normalized_name;bigg_ids;kegg_ids;chebi_ids;metanetx_ids;inchikey_connectivity,multiple_evidence_types,consistent,False,66,73
yeast,s_0808,H2O,h2o,C00001,CHEBI:15377,MNXM2,,XLYOFNOQVPJJNP,ok,solvent,solvent,currency_or_cofactor,water,normalized_name;bigg_ids:h2o;kegg_ids:c00001;chebi_ids:chebi:15377;metanetx_ids:mnxm2;inchikey_connectivity:xlyofnoqvpjjnp,normalized_name;bigg_ids;kegg_ids;chebi_ids;metanetx_ids;inchikey_connectivity,multiple_evidence_types,consistent,False,15,21
yeast,s_0809,H2O,h2o,C00001,CHEBI:15377,MNXM2,,XLYOFNOQVPJJNP,ok,solvent,solvent,currency_or_cofactor,water,normalized_name;bigg_ids:h2o;kegg_ids:c00001;chebi_ids:chebi:15377;metanetx_ids:mnxm2;inchikey_connectivity:xlyofnoqvpjjnp,normalized_name;bigg_ids;kegg_ids;chebi_ids;metanetx_ids;inchikey_connectivity,multiple_evidence_types,consistent,False,33,33
yeast,s_0810,H2O,h2o,C00001,CHEBI:15377,MNXM2,,XLYOFNOQVPJJNP,ok,solvent,solvent,currency_or_cofactor,water,normalized_name;bigg_ids:h2o;kegg_ids:c00001;chebi_ids:chebi:15377;metanetx_ids:mnxm2;inchikey_connectivity:xlyofnoqvpjjnp,normalized_name;bigg_ids;kegg_ids;chebi_ids;metanetx_ids;inchikey_connectivity,multiple_evidence_types,consistent,False,9,12
yeast,s_0812,heme o,hemeO,C15672,CHEBI:24480,MNXM1278,,BLDPWBDCUSLJJH,ok,other_reactant,other_reactant,other_reactant,,,,not_registry_matched,not_assessable,False,1,2
yeast,s_0813,henicosaprenyl diphosphate,,,CHEBI:53032,MNXM56060,,BZGGMKNQGHICEP,ok,other_reactant,other_reactant,other_reactant,,,,not_registry_matched,not_assessable,False,1,2
yeast,s_0814,heptadecaprenyl diphosphate,,,CHEBI:53036,MNXM56121,,ULBHNJNYJOQJSB,ok,other_reactant,other_reactant,other_reactant,,,,not_registry_matched,not_assessable,False,1,2
yeast,s_0815,heptaprenyl diphosphate,hepdp,C04216,CHEBI:53046,MNXM1722,,LSJLEXWXRKTZAJ,ok,other_reactant,other_reactant,other_reactant,,,,not_registry_matched,not_assessable,False,1,2
yeast,s_0816,hexacosanoyl-CoA,hexccoa,,CHEBI:52966,MNXM1190,,FHLYYFPJDVYWQH,ok,carrier_linked_metabolite,carrier_linked_metabolite,carrier_linked_variable,,normalized_name:coa_linked,normalized_name,name_only,not_assessable,False,1,1
yeast,s_0817,hexacosanoyl-CoA,hexccoa,,CHEBI:52966,MNXM1190,,FHLYYFPJDVYWQH,ok,carrier_linked_metabolite,carrier_linked_metabolite,carrier_linked_variable,,normalized_name:coa_linked,normalized_name,name_only,not_assessable,False,2,2
yeast,s_0819,hexacosanoyl-CoA,hexccoa,,CHEBI:52966,MNXM1190,,FHLYYFPJDVYWQH,ok,carrier_linked_metabolite,carrier_linked_metabolite,carrier_linked_variable,,normalized_name:coa_linked,normalized_name,name_only,not_assessable,False,1,1
yeast,s_0823,hexadec-2-enoyl-CoA,hdd2coa,C05272,,MNXM581,,JUPAQFRKPHPXLD,ok,carrier_linked_metabolite,carrier_linked_metabolite,carrier_linked_variable,,normalized_name:coa_linked,normalized_name,name_only,not_assessable,False,1,1
yeast,s_0829,hexadecaprenyl diphosphate,,,CHEBI:53037,MNXM56347,,TUNIPIPDJADHSR,ok,other_reactant,other_reactant,other_reactant,,,,not_registry_matched,not_assessable,False,1,2
yeast,s_0830,hexaprenyl diphosphate,hexdp,C01230,CHEBI:53047,MNXM1067,,NGFSMHKFTZROKJ,ok,other_reactant,other_reactant,other_reactant,,,,not_registry_matched,not_assessable,False,1,2
yeast,s_0831,hexaprenyl diphosphate,hexdp,C01230,CHEBI:53047,MNXM1067,,NGFSMHKFTZROKJ,ok,other_reactant,other_reactant,other_reactant,,,,not_registry_matched,not_assessable,False,1,1
yeast,s_0834,homocitrate,,C01251,CHEBI:36457,MNXM722779,,XKJVEVRQMLKSMO,ok,other_reactant,other_reactant,other_reactant,,,,not_registry_matched,not_assessable,False,1,1
yeast,s_0836,homoisocitrate,hicit,C05662,CHEBI:30904,MNXM984,,OEJZZCGRGVFWHK,ok,other_reactant,other_reactant,other_reactant,,,,not_registry_matched,not_assessable,False,1,1
yeast,s_0837,hydrogen peroxide,h2o2,C00027,CHEBI:16240,MNXM22,,MHAJPDPJQMAIIY,ok,reactive_currency,reactive_currency,currency_or_cofactor,hydrogen peroxide,normalized_name;bigg_ids:h2o2;kegg_ids:c00027;chebi_ids:chebi:16240;inchikey_connectivity:mhajpdpjqmaiiy,normalized_name;bigg_ids;kegg_ids;chebi_ids;inchikey_connectivity,multiple_evidence_types,consistent,False,3,9
yeast,s_0838,hydrogen peroxide,h2o2,C00027,CHEBI:16240,MNXM22,,MHAJPDPJQMAIIY,ok,reactive_currency,reactive_currency,currency_or_cofactor,hydrogen peroxide,normalized_name;bigg_ids:h2o2;kegg_ids:c00027;chebi_ids:chebi:16240;inchikey_connectivity:mhajpdpjqmaiiy,normalized_name;bigg_ids;kegg_ids;chebi_ids;inchikey_connectivity,multiple_evidence_types,consistent,False,3,4
yeast,s_0839,hydrogen peroxide,h2o2,C00027,CHEBI:16240,MNXM22,,MHAJPDPJQMAIIY,ok,reactive_currency,reactive_currency,currency_or_cofactor,hydrogen peroxide,normalized_name;bigg_ids:h2o2;kegg_ids:c00027;chebi_ids:chebi:16240;inchikey_connectivity:mhajpdpjqmaiiy,normalized_name;bigg_ids;kegg_ids;chebi_ids;inchikey_connectivity,multiple_evidence_types,consistent,False,1,2
yeast,s_0840,hydrogen peroxide,h2o2,C00027,CHEBI:16240,MNXM22,,MHAJPDPJQMAIIY,ok,reactive_currency,reactive_currency,currency_or_cofactor,hydrogen peroxide,normalized_name;bigg_ids:h2o2;kegg_ids:c00027;chebi_ids:chebi:16240;inchikey_connectivity:mhajpdpjqmaiiy,normalized_name;bigg_ids;kegg_ids;chebi_ids;inchikey_connectivity,multiple_evidence_types,consistent,False,2,3
yeast,s_0841,hydrogen sulfide,h2s,C00283,CHEBI:16136,MNXM124865,,RWSOTUBLDIXVET,ok,other_reactant,other_reactant,other_reactant,,,,not_registry_matched,not_assessable,False,5,7
yeast,s_0843,hypoxanthine,hxan,C00262,CHEBI:17368,MNXM213,,FDGQSTZJBFJUBT,ok,other_reactant,other_reactant,other_reactant,,,,not_registry_matched,not_assessable,False,1,1
yeast,s_0845,icosaprenyl diphosphate,,,CHEBI:53033,MNXM57076,,KDALOUQNOWKDTH,ok,other_reactant,other_reactant,other_reactant,,,,not_registry_matched,not_assessable,False,1,2
yeast,s_0846,IDP,idp,C00104,CHEBI:58280,MNXM495,,JPXZQMKKFWMMGK,ok,other_reactant,other_reactant,other_reactant,,,,not_registry_matched,not_assessable,False,2,2
yeast,s_0849,IMP,imp,C00130,CHEBI:58053,MNXM125,,GRSZFWQUAKGDAV,ok,nucleotide_currency,nucleotide_currency,currency_or_cofactor,IMP,normalized_name;bigg_ids:imp;kegg_ids:c00130;chebi_ids:chebi:58053;metanetx_ids:mnxm125;inchikey_connectivity:grszfwquakgdav,normalized_name;bigg_ids;kegg_ids;chebi_ids;metanetx_ids;inchikey_connectivity,multiple_evidence_types,consistent,False,3,5
yeast,s_0850,indol-3-ylacetaldehyde,id3acald,C00637,CHEBI:18086,MNXM518,,WHOOUMGHGSPMGR,ok,other_reactant,other_reactant,other_reactant,,,,not_registry_matched,not_assessable,False,3,5
yeast,s_0852,indol-3-ylacetaldehyde,id3acald,C00637,CHEBI:18086,MNXM518,,WHOOUMGHGSPMGR,ok,other_reactant,other_reactant,other_reactant,,,,not_registry_matched,not_assessable,False,3,5
yeast,s_0855,indole-3-pyruvate,indpyr,C00331,CHEBI:17640,MNXM315,,RSTKLPZEZYGQPY,ok,other_reactant,other_reactant,other_reactant,,,,not_registry_matched,not_assessable,False,1,3
yeast,s_0856,inosine,ins,C00294,CHEBI:17596,MNXM334,,UGQMRVRMYYASKQ,ok,other_reactant,other_reactant,other_reactant,,,,not_registry_matched,not_assessable,False,1,1
yeast,s_0861,inositol phosphomannosylinositol phosphoceramide A (C24),,,CHEBI:60439,MNXM57464,,JDYOTZJYALHJPI,ok,other_reactant,other_reactant,other_reactant,,,,not_registry_matched,not_assessable,False,1,1
yeast,s_0863,inositol phosphomannosylinositol phosphoceramide A (C24),,,CHEBI:60439,MNXM57464,,JDYOTZJYALHJPI,ok,other_reactant,other_reactant,other_reactant,,,,not_registry_matched,not_assessable,False,1,1
yeast,s_0864,inositol phosphomannosylinositol phosphoceramide A (C26),,,CHEBI:62715,MNXM527419,,UWNGTCLGBRQASV,ok,other_reactant,other_reactant,other_reactant,,,,not_registry_matched,not_assessable,False,1,1
yeast,s_0866,inositol phosphomannosylinositol phosphoceramide A (C26),,,CHEBI:62715,MNXM527419,,UWNGTCLGBRQASV,ok,other_reactant,other_reactant,other_reactant,,,,not_registry_matched,not_assessable,False,1,1
yeast,s_0867,inositol phosphomannosylinositol phosphoceramide B (C24),,,CHEBI:60443,MNXM527425,,UGJKYEVDBCDQBN,ok,other_reactant,other_reactant,other_reactant,,,,not_registry_matched,not_assessable,False,1,1
yeast,s_0869,inositol phosphomannosylinositol phosphoceramide B (C24),,,CHEBI:60443,MNXM527425,,UGJKYEVDBCDQBN,ok,other_reactant,other_reactant,other_reactant,,,,not_registry_matched,not_assessable,False,1,1
yeast,s_0870,inositol phosphomannosylinositol phosphoceramide B (C26),,,CHEBI:62719,MNXM527421,,KMTRPPDJIYGURJ,ok,other_reactant,other_reactant,other_reactant,,,,not_registry_matched,not_assessable,False,1,1
yeast,s_0872,inositol phosphomannosylinositol phosphoceramide B (C26),,,CHEBI:62719,MNXM527421,,KMTRPPDJIYGURJ,ok,other_reactant,other_reactant,other_reactant,,,,not_registry_matched,not_assessable,False,1,1
yeast,s_0873,inositol phosphomannosylinositol phosphoceramide B' (C24),,,CHEBI:60441,MNXM527422,,YIOXLZJXYRDBIN,ok,other_reactant,other_reactant,other_reactant,,,,not_registry_matched,not_assessable,False,1,1
yeast,s_0875,inositol phosphomannosylinositol phosphoceramide B' (C24),,,CHEBI:60441,MNXM527422,,YIOXLZJXYRDBIN,ok,other_reactant,other_reactant,other_reactant,,,,not_registry_matched,not_assessable,False,1,1
yeast,s_0876,inositol phosphomannosylinositol phosphoceramide B' (C26),,,CHEBI:62717,MNXM527418,,KQAGNTYMDLIIEG,ok,other_reactant,other_reactant,other_reactant,,,,not_registry_matched,not_assessable,False,1,1
yeast,s_0878,inositol phosphomannosylinositol phosphoceramide B' (C26),,,CHEBI:62717,MNXM527418,,KQAGNTYMDLIIEG,ok,other_reactant,other_reactant,other_reactant,,,,not_registry_matched,not_assessable,False,1,1
yeast,s_0879,inositol phosphomannosylinositol phosphoceramide C (C24),,,CHEBI:60445,MNXM527424,,JNTPDJPEDWWEHF,ok,other_reactant,other_reactant,other_reactant,,,,not_registry_matched,not_assessable,False,1,1
yeast,s_0881,inositol phosphomannosylinositol phosphoceramide C (C24),,,CHEBI:60445,MNXM527424,,JNTPDJPEDWWEHF,ok,other_reactant,other_reactant,other_reactant,,,,not_registry_matched,not_assessable,False,1,1
yeast,s_0882,inositol phosphomannosylinositol phosphoceramide C (C26),,,CHEBI:53005,MNXM57469,,MHASFCCXBKBCFW,ok,other_reactant,other_reactant,other_reactant,,,,not_registry_matched,not_assessable,False,1,1
yeast,s_0884,inositol phosphomannosylinositol phosphoceramide C (C26),,,CHEBI:53005,MNXM57469,,MHASFCCXBKBCFW,ok,other_reactant,other_reactant,other_reactant,,,,not_registry_matched,not_assessable,False,1,1
yeast,s_0885,inositol phosphomannosylinositol phosphoceramide D (C24),,,CHEBI:60446,MNXM527423,,WIOUEBUIPRZJNK,ok,other_reactant,other_reactant,other_reactant,,,,not_registry_matched,not_assessable,False,1,1
yeast,s_0887,inositol phosphomannosylinositol phosphoceramide D (C24),,,CHEBI:60446,MNXM527423,,WIOUEBUIPRZJNK,ok,other_reactant,other_reactant,other_reactant,,,,not_registry_matched,not_assessable,False,1,1
yeast,s_0888,inositol phosphomannosylinositol phosphoceramide D (C26),,,CHEBI:62684,MNXM527420,,SQXZQHDWAOQNOP,ok,other_reactant,other_reactant,other_reactant,,,,not_registry_matched,not_assessable,False,1,1
yeast,s_0890,inositol phosphomannosylinositol phosphoceramide D (C26),,,CHEBI:62684,MNXM527420,,SQXZQHDWAOQNOP,ok,other_reactant,other_reactant,other_reactant,,,,not_registry_matched,not_assessable,False,1,1
yeast,s_0894,inositol-P-ceramide A (C24),,,CHEBI:60402,MNXM57476,,SJUUDDANVVUTJD,ok,other_reactant,other_reactant,other_reactant,,,,not_registry_matched,not_assessable,False,1,1
yeast,s_0895,inositol-P-ceramide A (C24),,,CHEBI:60402,MNXM57476,,SJUUDDANVVUTJD,ok,other_reactant,other_reactant,other_reactant,,,,not_registry_matched,not_assessable,False,1,2
yeast,s_0896,inositol-P-ceramide A (C24),,,CHEBI:60402,MNXM57476,,SJUUDDANVVUTJD,ok,other_reactant,other_reactant,other_reactant,,,,not_registry_matched,not_assessable,False,1,1
yeast,s_0897,inositol-P-ceramide A (C26),,,CHEBI:60405,MNXM57477,,ORSGBBKDFSRJSQ,ok,other_reactant,other_reactant,other_reactant,,,,not_registry_matched,not_assessable,False,1,1
yeast,s_0898,inositol-P-ceramide A (C26),,,CHEBI:60405,MNXM57477,,ORSGBBKDFSRJSQ,ok,other_reactant,other_reactant,other_reactant,,,,not_registry_matched,not_assessable,False,1,2
yeast,s_0899,inositol-P-ceramide A (C26),,,CHEBI:60405,MNXM57477,,ORSGBBKDFSRJSQ,ok,other_reactant,other_reactant,other_reactant,,,,not_registry_matched,not_assessable,False,1,1
yeast,s_0900,inositol-P-ceramide B (C24),,,CHEBI:60410,MNXM527429,,OBGQZGVSCDFIHI,ok,other_reactant,other_reactant,other_reactant,,,,not_registry_matched,not_assessable,False,1,1
yeast,s_0901,inositol-P-ceramide B (C24),,,CHEBI:60410,MNXM527429,,OBGQZGVSCDFIHI,ok,other_reactant,other_reactant,other_reactant,,,,not_registry_matched,not_assessable,False,1,2
yeast,s_0902,inositol-P-ceramide B (C24),,,CHEBI:60410,MNXM527429,,OBGQZGVSCDFIHI,ok,other_reactant,other_reactant,other_reactant,,,,not_registry_matched,not_assessable,False,1,1
yeast,s_0903,inositol-P-ceramide B (C26),,,CHEBI:60412,MNXM527430,,ZAWCXEGDYSBAHF,ok,other_reactant,other_reactant,other_reactant,,,,not_registry_matched,not_assessable,False,1,1
yeast,s_0904,inositol-P-ceramide B (C26),,,CHEBI:60412,MNXM527430,,ZAWCXEGDYSBAHF,ok,other_reactant,other_reactant,other_reactant,,,,not_registry_matched,not_assessable,False,1,2
yeast,s_0905,inositol-P-ceramide B (C26),,,CHEBI:60412,MNXM527430,,ZAWCXEGDYSBAHF,ok,other_reactant,other_reactant,other_reactant,,,,not_registry_matched,not_assessable,False,1,1
yeast,s_0906,inositol-P-ceramide B' (C24),,,CHEBI:60406,MNXM57474,,VNKKSGSHXRHPDZ,ok,other_reactant,other_reactant,other_reactant,,,,not_registry_matched,not_assessable,False,1,1
yeast,s_0907,inositol-P-ceramide B' (C24),,,CHEBI:60406,MNXM57474,,VNKKSGSHXRHPDZ,ok,other_reactant,other_reactant,other_reactant,,,,not_registry_matched,not_assessable,False,1,2
yeast,s_0908,inositol-P-ceramide B' (C24),,,CHEBI:60406,MNXM57474,,VNKKSGSHXRHPDZ,ok,other_reactant,other_reactant,other_reactant,,,,not_registry_matched,not_assessable,False,1,1
yeast,s_0909,inositol-P-ceramide B' (C26),,,CHEBI:60409,MNXM57475,,XYCNASUKVOVNSX,ok,other_reactant,other_reactant,other_reactant,,,,not_registry_matched,not_assessable,False,1,1
yeast,s_0910,inositol-P-ceramide B' (C26),,,CHEBI:60409,MNXM57475,,XYCNASUKVOVNSX,ok,other_reactant,other_reactant,other_reactant,,,,not_registry_matched,not_assessable,False,1,2
yeast,s_0911,inositol-P-ceramide B' (C26),,,CHEBI:60409,MNXM57475,,XYCNASUKVOVNSX,ok,other_reactant,other_reactant,other_reactant,,,,not_registry_matched,not_assessable,False,1,1
yeast,s_0912,inositol-P-ceramide C (C24),,,CHEBI:60413,MNXM527428,,WHEIQLYBLPWARO,ok,other_reactant,other_reactant,other_reactant,,,,not_registry_matched,not_assessable,False,1,1
yeast,s_0913,inositol-P-ceramide C (C24),,,CHEBI:60413,MNXM527428,,WHEIQLYBLPWARO,ok,other_reactant,other_reactant,other_reactant,,,,not_registry_matched,not_assessable,False,1,2
yeast,s_0914,inositol-P-ceramide C (C24),,,CHEBI:60413,MNXM527428,,WHEIQLYBLPWARO,ok,other_reactant,other_reactant,other_reactant,,,,not_registry_matched,not_assessable,False,1,1
yeast,s_0915,inositol-P-ceramide C (C26),,,CHEBI:53004,MNXM57486,,PMXMKGYRVPAIJJ,ok,other_reactant,other_reactant,other_reactant,,,,not_registry_matched,not_assessable,False,1,1
yeast,s_0916,inositol-P-ceramide C (C26),,,CHEBI:53004,MNXM57486,,PMXMKGYRVPAIJJ,ok,other_reactant,other_reactant,other_reactant,,,,not_registry_matched,not_assessable,False,1,2
yeast,s_0917,inositol-P-ceramide C (C26),,,CHEBI:53004,MNXM57486,,PMXMKGYRVPAIJJ,ok,other_reactant,other_reactant,other_reactant,,,,not_registry_matched,not_assessable,False,1,1
yeast,s_0918,inositol-P-ceramide D (C24),,,CHEBI:60414,MNXM527426,,IFSVZMZUQHMLDK,ok,other_reactant,other_reactant,other_reactant,,,,not_registry_matched,not_assessable,False,1,1
yeast,s_0919,inositol-P-ceramide D (C24),,,CHEBI:60414,MNXM527426,,IFSVZMZUQHMLDK,ok,other_reactant,other_reactant,other_reactant,,,,not_registry_matched,not_assessable,False,1,2
yeast,s_0920,inositol-P-ceramide D (C24),,,CHEBI:60414,MNXM527426,,IFSVZMZUQHMLDK,ok,other_reactant,other_reactant,other_reactant,,,,not_registry_matched,not_assessable,False,1,1
yeast,s_0921,inositol-P-ceramide D (C26),,,CHEBI:60415,MNXM527427,,BUJDESZERWRJFC,ok,other_reactant,other_reactant,other_reactant,,,,not_registry_matched,not_assessable,False,1,1
yeast,s_0922,inositol-P-ceramide D (C26),,,CHEBI:60415,MNXM527427,,BUJDESZERWRJFC,ok,other_reactant,other_reactant,other_reactant,,,,not_registry_matched,not_assessable,False,1,2
yeast,s_0923,inositol-P-ceramide D (C26),,,CHEBI:60415,MNXM527427,,BUJDESZERWRJFC,ok,other_reactant,other_reactant,other_reactant,,,,not_registry_matched,not_assessable,False,1,1
yeast,s_0924,iron(2+),fe2,C14818,CHEBI:29033,MNXM111,,CWYNVVGOOAEACU,ok,other_reactant,other_reactant,other_reactant,,,,not_registry_matched,not_assessable,False,2,3
yeast,s_0925,iron(2+),fe2,C14818,CHEBI:29033,MNXM111,,CWYNVVGOOAEACU,ok,other_reactant,other_reactant,other_reactant,,,,not_registry_matched,not_assessable,False,1,2
yeast,s_0926,iron(2+),fe2,C14818,CHEBI:29033,MNXM111,,CWYNVVGOOAEACU,ok,other_reactant,other_reactant,other_reactant,,,,not_registry_matched,not_assessable,False,2,2
yeast,s_0927,isoamyl acetate,iamac,C12296,CHEBI:31725,MNXM7451,,MLFHJEHSLIIPHL,ok,other_reactant,other_reactant,other_reactant,,,,not_registry_matched,not_assessable,False,1,1
yeast,s_0929,isoamylol,iamoh,C07328,CHEBI:15837,MNXM1670,,PHTQWCKDNZKARW,ok,other_reactant,other_reactant,other_reactant,,,,not_registry_matched,not_assessable,False,1,2
yeast,s_0932,isobutanol,ibutoh,C14710,CHEBI:46645,MNXM5188,,ZXEKIIBDNHEJCQ,ok,other_reactant,other_reactant,other_reactant,,,,not_registry_matched,not_assessable,False,1,2
yeast,s_0935,isobutyl acetate,ibutac,,CHEBI:50569,MNXM57835,,GJRQTCIYDGXPES,ok,other_reactant,other_reactant,other_reactant,,,,not_registry_matched,not_assessable,False,1,1
yeast,s_0937,isobutyraldehyde,2mppal,,CHEBI:48943,MNXM5189,,AMIMRNSIRUDHCM,ok,other_reactant,other_reactant,other_reactant,,,,not_registry_matched,not_assessable,False,3,7
yeast,s_0939,isobutyraldehyde,2mppal,,CHEBI:48943,MNXM5189,,AMIMRNSIRUDHCM,ok,other_reactant,other_reactant,other_reactant,,,,not_registry_matched,not_assessable,False,1,2
yeast,s_0940,isocitrate,icit,C00311,CHEBI:16087,MNXM89661,,ODBLHEXUDAPZAU,ok,other_reactant,other_reactant,other_reactant,,,,not_registry_matched,not_assessable,False,2,2
yeast,s_0941,isocitrate,icit,C00311,CHEBI:16087,MNXM89661,,ODBLHEXUDAPZAU,ok,other_reactant,other_reactant,other_reactant,,,,not_registry_matched,not_assessable,False,3,3
yeast,s_0942,isocitrate,icit,C00311,CHEBI:16087,MNXM89661,,ODBLHEXUDAPZAU,ok,other_reactant,other_reactant,other_reactant,,,,not_registry_matched,not_assessable,False,1,1
yeast,s_0943,isopentenyl diphosphate,ipdp,C00129,CHEBI:128769,MNXM83,,NUHSROFQTUXZQQ,ok,other_reactant,other_reactant,other_reactant,,,,not_registry_matched,not_assessable,False,4,4
yeast,s_0944,isopentenyl diphosphate,ipdp,C00129,CHEBI:128769,MNXM83,,NUHSROFQTUXZQQ,ok,other_reactant,other_reactant,other_reactant,,,,not_registry_matched,not_assessable,False,19,38
yeast,s_0945,isopentenyl diphosphate,ipdp,C00129,CHEBI:128769,MNXM83,,NUHSROFQTUXZQQ,ok,other_reactant,other_reactant,other_reactant,,,,not_registry_matched,not_assessable,False,1,1
yeast,s_0946,itaconate,itacon,C00490,CHEBI:17240,MNXM1747,,LVHBHZANLOWSRM,ok,other_reactant,other_reactant,other_reactant,,,,not_registry_matched,not_assessable,False,1,1
yeast,s_0950,ITP,itp,C00081,CHEBI:61402,MNXM423,,HAEJPQIATWHALX,ok,other_reactant,other_reactant,other_reactant,,,,not_registry_matched,not_assessable,False,1,1
yeast,s_0951,keto-phenylpyruvate,phpyr,C00166,CHEBI:18005,MNXM162242,,BTNMPGBKDVTSJY,ok,other_reactant,other_reactant,other_reactant,,,,not_registry_matched,not_assessable,False,2,2
yeast,s_0953,L-2-aminoadipate,L2aadp,C00956,CHEBI:58672,MNXM268,,OYIFNHCXNCRBQI,ok,other_reactant,other_reactant,other_reactant,,,,not_registry_matched,not_assessable,False,1,1
yeast,s_0954,L-4-hydroxyglutamic semialdehyde,4hglusa,C05938,CHEBI:27809,MNXM2687,,XCXUZPXOFFRGGP,ok,other_reactant,other_reactant,other_reactant,,,,not_registry_matched,not_assessable,False,1,1
yeast,s_0955,L-alanine,ala__L,C00041,CHEBI:16977,MNXM32,124079389,QNAYBMKLOCPYGJ,ok,other_reactant,other_reactant,other_reactant,,,,not_registry_matched,not_assessable,False,5,5
yeast,s_0956,L-alanine,ala__L,C00041,CHEBI:16977,MNXM32,124079389,QNAYBMKLOCPYGJ,ok,other_reactant,other_reactant,other_reactant,,,,not_registry_matched,not_assessable,False,1,4
yeast,s_0957,L-alanine,ala__L,C00041,CHEBI:16977,MNXM32,124079389,QNAYBMKLOCPYGJ,ok,other_reactant,other_reactant,other_reactant,,,,not_registry_matched,not_assessable,False,1,1
yeast,s_0958,L-allothreonine,athr__L,C05519,CHEBI:28718,MNXM2125,99289,AYFVYJQAPQTCCC,ok,other_reactant,other_reactant,other_reactant,,,,not_registry_matched,not_assessable,False,2,2
yeast,s_0959,L-allysine,L2aadp6sa,C04076,CHEBI:17917,MNXM89905,,GFXYTQPNNXGICT,ok,other_reactant,other_reactant,other_reactant,,,,not_registry_matched,not_assessable,False,1,1
yeast,s_0963,L-arabinose,arab__L,C00259,CHEBI:30849,MNXM461,5460291,PYMYPHUHKUWMLA,ok,other_reactant,other_reactant,other_reactant,,,,not_registry_matched,not_assessable,False,1,1
yeast,s_0964,L-arabinose,arab__L,C00259,CHEBI:30849,MNXM461,5460291,PYMYPHUHKUWMLA,ok,other_reactant,other_reactant,other_reactant,,,,not_registry_matched,not_assessable,False,1,2
yeast,s_0965,L-arginine,arg__L,C00062,CHEBI:32682,MNXM70,6322,ODKSFYDXXFIFQN,ok,other_reactant,other_reactant,other_reactant,,,,not_registry_matched,not_assessable,False,4,5
yeast,s_0966,L-arginine,arg__L,C00062,CHEBI:32682,MNXM70,6322,ODKSFYDXXFIFQN,ok,other_reactant,other_reactant,other_reactant,,,,not_registry_matched,not_assessable,False,1,3
yeast,s_0967,L-arginine,arg__L,C00062,CHEBI:32682,MNXM70,6322,ODKSFYDXXFIFQN,ok,other_reactant,other_reactant,other_reactant,,,,not_registry_matched,not_assessable,False,1,1
yeast,s_0968,L-arginine,arg__L,C00062,CHEBI:32682,MNXM70,6322,ODKSFYDXXFIFQN,ok,other_reactant,other_reactant,other_reactant,,,,not_registry_matched,not_assessable,False,1,2
yeast,s_0969,L-asparagine,asn__L,C00152,CHEBI:17196,MNXM147,6267,DCXYFEDJOCDNAF,ok,other_reactant,other_reactant,other_reactant,,,,not_registry_matched,not_assessable,False,4,4
yeast,s_0970,L-asparagine,asn__L,C00152,CHEBI:17196,MNXM147,6267,DCXYFEDJOCDNAF,ok,other_reactant,other_reactant,other_reactant,,,,not_registry_matched,not_assessable,False,2,8
yeast,s_0971,L-asparagine,asn__L,C00152,CHEBI:17196,MNXM147,6267,DCXYFEDJOCDNAF,ok,other_reactant,other_reactant,other_reactant,,,,not_registry_matched,not_assessable,False,1,1
yeast,s_0972,L-asparagine,asn__L,C00152,CHEBI:17196,MNXM147,6267,DCXYFEDJOCDNAF,ok,other_reactant,other_reactant,other_reactant,,,,not_registry_matched,not_assessable,False,1,2
yeast,s_0973,L-aspartate,asp__L,C00049,CHEBI:29991,MNXM42,5960,CKLJMWTZIZZHCS,ok,other_reactant,other_reactant,other_reactant,,,,not_registry_matched,not_assessable,False,8,9
yeast,s_0974,L-aspartate,asp__L,C00049,CHEBI:29991,MNXM42,5960,CKLJMWTZIZZHCS,ok,other_reactant,other_reactant,other_reactant,,,,not_registry_matched,not_assessable,False,1,3
yeast,s_0975,L-aspartate,asp__L,C00049,CHEBI:29991,MNXM42,5960,CKLJMWTZIZZHCS,ok,other_reactant,other_reactant,other_reactant,,,,not_registry_matched,not_assessable,False,2,2
yeast,s_0976,L-aspartate,asp__L,C00049,CHEBI:29991,MNXM42,5960,CKLJMWTZIZZHCS,ok,other_reactant,other_reactant,other_reactant,,,,not_registry_matched,not_assessable,False,1,1
yeast,s_0977,L-aspartate,asp__L,C00049,CHEBI:29991,MNXM42,5960,CKLJMWTZIZZHCS,ok,other_reactant,other_reactant,other_reactant,,,,not_registry_matched,not_assessable,False,1,1
yeast,s_0978,L-aspartate 4-semialdehyde,aspsa,C00441,CHEBI:18051,MNXM361,5461143,HOSWPDPVFBCLSY,ok,other_reactant,other_reactant,other_reactant,,,,not_registry_matched,not_assessable,False,2,2
yeast,s_0979,L-citrulline,citr__L,C00327,CHEBI:16349,MNXM211,9750,RHGKLRLOHDJJDR,ok,other_reactant,other_reactant,other_reactant,,,,not_registry_matched,not_assessable,False,1,1
yeast,s_0980,L-cystathionine,cyst__L,C02291,CHEBI:17482,MNXM319,439258,ILRYLPWNYFXEMH,ok,other_reactant,other_reactant,other_reactant,,,,not_registry_matched,not_assessable,False,2,3
yeast,s_0981,L-cysteine,cys__L,C00097,CHEBI:17561,MNXM55,594,XUJNEKJLAYXESH,ok,other_reactant,other_reactant,other_reactant,,,,not_registry_matched,not_assessable,False,5,7
yeast,s_0982,L-cysteine,cys__L,C00097,CHEBI:17561,MNXM55,594,XUJNEKJLAYXESH,ok,other_reactant,other_reactant,other_reactant,,,,not_registry_matched,not_assessable,False,1,7
yeast,s_0983,L-cysteinylglycine,cgly,C01419,CHEBI:4047,MNXM683,439498,ZUKPVRWZDMRIEO,ok,other_reactant,other_reactant,other_reactant,,,,not_registry_matched,not_assessable,False,1,1
yeast,s_0985,L-cystine,cysi__L,C00491,CHEBI:16283,MNXM927,67678,LEVWYRKDKASIDU,ok,other_reactant,other_reactant,other_reactant,,,,not_registry_matched,not_assessable,False,1,1
yeast,s_0986,L-gamma-glutamyl phosphate,glu5p,C03287,CHEBI:58274,MNXM1280,,PJRXVIJAERNUIP,ok,other_reactant,other_reactant,other_reactant,,,,not_registry_matched,not_assessable,False,1,1
yeast,s_0988,L-gamma-glutamyl-L-cysteine,glucys,C00669,CHEBI:58173,MNXM412,,RITKHVBHSGLULN,ok,other_reactant,other_reactant,other_reactant,,,,not_registry_matched,not_assessable,False,1,1
yeast,s_0989,L-glucitol,sbt__L,C01722,CHEBI:28789,MNXM4638,,FBPFZTCFMRRESA,ok,other_reactant,other_reactant,other_reactant,,,,not_registry_matched,not_assessable,False,1,1
yeast,s_0990,L-glucitol,sbt__L,C01722,CHEBI:28789,MNXM4638,,FBPFZTCFMRRESA,ok,other_reactant,other_reactant,other_reactant,,,,not_registry_matched,not_assessable,False,1,4
yeast,s_0991,L-glutamate,glu__L,C00025,CHEBI:29985,MNXM89557,,WHUUTDBJXJRKMK,ok,other_reactant,other_reactant,other_reactant,,,,not_registry_matched,not_assessable,False,16,22
yeast,s_0992,L-glutamate,glu__L,C00025,CHEBI:29985,MNXM89557,,WHUUTDBJXJRKMK,ok,other_reactant,other_reactant,other_reactant,,,,not_registry_matched,not_assessable,False,1,4
yeast,s_0993,L-glutamate,glu__L,C00025,CHEBI:29985,MNXM89557,,WHUUTDBJXJRKMK,ok,other_reactant,other_reactant,other_reactant,,,,not_registry_matched,not_assessable,False,5,6
yeast,s_0995,L-glutamate,glu__L,C00025,CHEBI:29985,MNXM89557,,WHUUTDBJXJRKMK,ok,other_reactant,other_reactant,other_reactant,,,,not_registry_matched,not_assessable,False,1,1
yeast,s_0996,L-glutamate,glu__L,C00025,CHEBI:29985,MNXM89557,,WHUUTDBJXJRKMK,ok,other_reactant,other_reactant,other_reactant,,,,not_registry_matched,not_assessable,False,1,1
yeast,s_0999,L-glutamine,gln__L,C00064,CHEBI:18050,MNXM37,,ZDXPYRJPNDTMRX,ok,other_reactant,other_reactant,other_reactant,,,,not_registry_matched,not_assessable,False,17,23
yeast,s_1000,L-glutamine,gln__L,C00064,CHEBI:18050,MNXM37,,ZDXPYRJPNDTMRX,ok,other_reactant,other_reactant,other_reactant,,,,not_registry_matched,not_assessable,False,1,4
yeast,s_1001,L-glutamine,gln__L,C00064,CHEBI:18050,MNXM37,,ZDXPYRJPNDTMRX,ok,other_reactant,other_reactant,other_reactant,,,,not_registry_matched,not_assessable,False,1,1
yeast,s_1002,L-glutamine,gln__L,C00064,CHEBI:18050,MNXM37,,ZDXPYRJPNDTMRX,ok,other_reactant,other_reactant,other_reactant,,,,not_registry_matched,not_assessable,False,1,2
yeast,s_1003,L-glycine,gly,C00037,CHEBI:15428,MNXM29,,DHMQDGOQFOQNFH,ok,other_reactant,other_reactant,other_reactant,,,,not_registry_matched,not_assessable,False,6,7
yeast,s_1004,L-glycine,gly,C00037,CHEBI:15428,MNXM29,,DHMQDGOQFOQNFH,ok,other_reactant,other_reactant,other_reactant,,,,not_registry_matched,not_assessable,False,1,5
yeast,s_1005,L-glycine,gly,C00037,CHEBI:15428,MNXM29,,DHMQDGOQFOQNFH,ok,other_reactant,other_reactant,other_reactant,,,,not_registry_matched,not_assessable,False,4,4
yeast,s_1006,L-histidine,his__L,C00135,CHEBI:15971,MNXM134,,HNDVDQJCIGZPNO,ok,other_reactant,other_reactant,other_reactant,,,,not_registry_matched,not_assessable,False,4,7
yeast,s_1007,L-histidine,his__L,C00135,CHEBI:15971,MNXM134,,HNDVDQJCIGZPNO,ok,other_reactant,other_reactant,other_reactant,,,,not_registry_matched,not_assessable,False,1,3
yeast,s_1008,L-histidine,his__L,C00135,CHEBI:15971,MNXM134,,HNDVDQJCIGZPNO,ok,other_reactant,other_reactant,other_reactant,,,,not_registry_matched,not_assessable,False,1,1
yeast,s_1009,L-histidine,his__L,C00135,CHEBI:15971,MNXM134,,HNDVDQJCIGZPNO,ok,other_reactant,other_reactant,other_reactant,,,,not_registry_matched,not_assessable,False,1,2
yeast,s_1010,L-histidinol,histd,C00860,CHEBI:57699,MNXM1281,,ZQISRDCJNBUVMM,ok,other_reactant,other_reactant,other_reactant,,,,not_registry_matched,not_assessable,False,1,1
yeast,s_1011,L-histidinol phosphate,hisp,C01100,CHEBI:57980,MNXM1482,,CWNDERHTHMWBSI,ok,other_reactant,other_reactant,other_reactant,,,,not_registry_matched,not_assessable,False,1,1
yeast,s_1012,L-homocysteine,hcys__L,C00155,CHEBI:17588,MNXM123,,FFFHZYDWPBMWHY,ok,other_reactant,other_reactant,other_reactant,,,,not_registry_matched,not_assessable,False,4,5
yeast,s_1014,L-homoserine,hom__L,C00263,CHEBI:15699,MNXM353,,UKAUYVFTDYCKQA,ok,other_reactant,other_reactant,other_reactant,,,,not_registry_matched,not_assessable,False,2,2
yeast,s_1016,L-isoleucine,ile__L,C00407,CHEBI:17191,MNXM231,,AGPKZVBTJJNPAG,ok,other_reactant,other_reactant,other_reactant,,,,not_registry_matched,not_assessable,False,3,3
yeast,s_1017,L-isoleucine,ile__L,C00407,CHEBI:17191,MNXM231,,AGPKZVBTJJNPAG,ok,other_reactant,other_reactant,other_reactant,,,,not_registry_matched,not_assessable,False,1,5
yeast,s_1018,L-isoleucine,ile__L,C00407,CHEBI:17191,MNXM231,,AGPKZVBTJJNPAG,ok,other_reactant,other_reactant,other_reactant,,,,not_registry_matched,not_assessable,False,2,2
yeast,s_1019,L-isoleucine,ile__L,C00407,CHEBI:17191,MNXM231,,AGPKZVBTJJNPAG,ok,other_reactant,other_reactant,other_reactant,,,,not_registry_matched,not_assessable,False,2,3
yeast,s_1020,L-kynurenine,Lkynr,C00328,CHEBI:16946,MNXM260,,YGPSJZOEDVAXAB,ok,other_reactant,other_reactant,other_reactant,,,,not_registry_matched,not_assessable,False,4,4
yeast,s_1021,L-leucine,leu__L,C00123,CHEBI:15603,MNXM140,,ROHFNLRQFUQHCH,ok,other_reactant,other_reactant,other_reactant,,,,not_registry_matched,not_assessable,False,3,3
yeast,s_1022,L-leucine,leu__L,C00123,CHEBI:15603,MNXM140,,ROHFNLRQFUQHCH,ok,other_reactant,other_reactant,other_reactant,,,,not_registry_matched,not_assessable,False,1,6
yeast,s_1023,L-leucine,leu__L,C00123,CHEBI:15603,MNXM140,,ROHFNLRQFUQHCH,ok,other_reactant,other_reactant,other_reactant,,,,not_registry_matched,not_assessable,False,2,2
yeast,s_1024,L-leucine,leu__L,C00123,CHEBI:15603,MNXM140,,ROHFNLRQFUQHCH,ok,other_reactant,other_reactant,other_reactant,,,,not_registry_matched,not_assessable,False,2,3
yeast,s_1025,L-lysine,lys__L,C00047,CHEBI:32551,MNXM78,,KDXKERNSBIXSRK,ok,other_reactant,other_reactant,other_reactant,,,,not_registry_matched,not_assessable,False,3,6
yeast,s_1026,L-lysine,lys__L,C00047,CHEBI:32551,MNXM78,,KDXKERNSBIXSRK,ok,other_reactant,other_reactant,other_reactant,,,,not_registry_matched,not_assessable,False,1,2
yeast,s_1027,L-lysine,lys__L,C00047,CHEBI:32551,MNXM78,,KDXKERNSBIXSRK,ok,other_reactant,other_reactant,other_reactant,,,,not_registry_matched,not_assessable,False,1,1
yeast,s_1028,L-lysine,lys__L,C00047,CHEBI:32551,MNXM78,,KDXKERNSBIXSRK,ok,other_reactant,other_reactant,other_reactant,,,,not_registry_matched,not_assessable,False,1,2
yeast,s_1029,L-methionine,met__L,C00073,CHEBI:16643,MNXM61,,FFEARJCKVFRZRR,ok,other_reactant,other_reactant,other_reactant,,,,not_registry_matched,not_assessable,False,4,5
yeast,s_1030,L-methionine,met__L,C00073,CHEBI:16643,MNXM61,,FFEARJCKVFRZRR,ok,other_reactant,other_reactant,other_reactant,,,,not_registry_matched,not_assessable,False,1,7
yeast,s_1031,L-methionine,met__L,C00073,CHEBI:16643,MNXM61,,FFEARJCKVFRZRR,ok,other_reactant,other_reactant,other_reactant,,,,not_registry_matched,not_assessable,False,2,2
yeast,s_1032,L-phenylalanine,phe__L,C00079,CHEBI:17295,MNXM97,,COLNVLDHVKWLRT,ok,other_reactant,other_reactant,other_reactant,,,,not_registry_matched,not_assessable,False,3,3
yeast,s_1033,L-phenylalanine,phe__L,C00079,CHEBI:17295,MNXM97,,COLNVLDHVKWLRT,ok,other_reactant,other_reactant,other_reactant,,,,not_registry_matched,not_assessable,False,1,5
yeast,s_1034,L-phenylalanine,phe__L,C00079,CHEBI:17295,MNXM97,,COLNVLDHVKWLRT,ok,other_reactant,other_reactant,other_reactant,,,,not_registry_matched,not_assessable,False,1,1
yeast,s_1035,L-proline,pro__L,C00148,CHEBI:17203,MNXM114,,ONIBWKKTOPOVIA,ok,other_reactant,other_reactant,other_reactant,,,,not_registry_matched,not_assessable,False,1,1
yeast,s_1036,L-proline,pro__L,C00148,CHEBI:17203,MNXM114,,ONIBWKKTOPOVIA,ok,other_reactant,other_reactant,other_reactant,,,,not_registry_matched,not_assessable,False,1,2
yeast,s_1037,L-proline,pro__L,C00148,CHEBI:17203,MNXM114,,ONIBWKKTOPOVIA,ok,other_reactant,other_reactant,other_reactant,,,,not_registry_matched,not_assessable,False,2,2
yeast,s_1038,L-saccharopine,saccrp__L,C00449,CHEBI:57951,MNXM384,,ZDGJAHTZVHVLOT,ok,other_reactant,other_reactant,other_reactant,,,,not_registry_matched,not_assessable,False,1,1
yeast,s_1039,L-serine,ser__L,C00065,CHEBI:17115,MNXM53,,MTCFGRXMJLQNBG,ok,other_reactant,other_reactant,other_reactant,,,,not_registry_matched,not_assessable,False,10,11
yeast,s_1040,L-serine,ser__L,C00065,CHEBI:17115,MNXM53,,MTCFGRXMJLQNBG,ok,other_reactant,other_reactant,other_reactant,,,,not_registry_matched,not_assessable,False,1,1
yeast,s_1041,L-serine,ser__L,C00065,CHEBI:17115,MNXM53,,MTCFGRXMJLQNBG,ok,other_reactant,other_reactant,other_reactant,,,,not_registry_matched,not_assessable,False,1,6
yeast,s_1042,L-serine,ser__L,C00065,CHEBI:17115,MNXM53,,MTCFGRXMJLQNBG,ok,other_reactant,other_reactant,other_reactant,,,,not_registry_matched,not_assessable,False,1,1
yeast,s_1044,L-sorbose,srb__L,C00247,CHEBI:17266,MNXM588,,BJHIKXHVCXFQLS,ok,other_reactant,other_reactant,other_reactant,,,,not_registry_matched,not_assessable,False,1,13
yeast,s_1045,L-threonine,thr__L,C00188,CHEBI:16857,MNXM142,,AYFVYJQAPQTCCC,ok,other_reactant,other_reactant,other_reactant,,,,not_registry_matched,not_assessable,False,5,5
yeast,s_1046,L-threonine,thr__L,C00188,CHEBI:16857,MNXM142,,AYFVYJQAPQTCCC,ok,other_reactant,other_reactant,other_reactant,,,,not_registry_matched,not_assessable,False,1,3
yeast,s_1047,L-threonine,thr__L,C00188,CHEBI:16857,MNXM142,,AYFVYJQAPQTCCC,ok,other_reactant,other_reactant,other_reactant,,,,not_registry_matched,not_assessable,False,2,2
yeast,s_1048,L-tryptophan,trp__L,C00078,CHEBI:16828,MNXM94,,QIVBCDIJIAJPQS,ok,other_reactant,other_reactant,other_reactant,,,,not_registry_matched,not_assessable,False,4,4
yeast,s_1049,L-tryptophan,trp__L,C00078,CHEBI:16828,MNXM94,,QIVBCDIJIAJPQS,ok,other_reactant,other_reactant,other_reactant,,,,not_registry_matched,not_assessable,False,1,5
yeast,s_1050,L-tryptophan,trp__L,C00078,CHEBI:16828,MNXM94,,QIVBCDIJIAJPQS,ok,other_reactant,other_reactant,other_reactant,,,,not_registry_matched,not_assessable,False,1,1
yeast,s_1051,L-tyrosine,tyr__L,C00082,CHEBI:17895,MNXM76,,OUYCCCASQSFEME,ok,other_reactant,other_reactant,other_reactant,,,,not_registry_matched,not_assessable,False,3,4
yeast,s_1052,L-tyrosine,tyr__L,C00082,CHEBI:17895,MNXM76,,OUYCCCASQSFEME,ok,other_reactant,other_reactant,other_reactant,,,,not_registry_matched,not_assessable,False,1,6
yeast,s_1053,L-tyrosine,tyr__L,C00082,CHEBI:17895,MNXM76,,OUYCCCASQSFEME,ok,other_reactant,other_reactant,other_reactant,,,,not_registry_matched,not_assessable,False,1,1
yeast,s_1055,L-tyrosine,tyr__L,C00082,CHEBI:17895,MNXM76,,OUYCCCASQSFEME,ok,other_reactant,other_reactant,other_reactant,,,,not_registry_matched,not_assessable,False,2,3
yeast,s_1056,L-valine,val__L,C00183,CHEBI:16414,MNXM199,,KZSNJWFQEVHDMF,ok,other_reactant,other_reactant,other_reactant,,,,not_registry_matched,not_assessable,False,2,2
yeast,s_1057,L-valine,val__L,C00183,CHEBI:16414,MNXM199,,KZSNJWFQEVHDMF,ok,other_reactant,other_reactant,other_reactant,,,,not_registry_matched,not_assessable,False,1,5
yeast,s_1058,L-valine,val__L,C00183,CHEBI:16414,MNXM199,,KZSNJWFQEVHDMF,ok,other_reactant,other_reactant,other_reactant,,,,not_registry_matched,not_assessable,False,2,2
yeast,s_1059,lanosterol,lanost,C01724,CHEBI:16521,MNXM482,,CAHGCLMLTWQZNJ,ok,other_reactant,other_reactant,other_reactant,,,,not_registry_matched,not_assessable,False,1,1
yeast,s_1061,lanosterol,lanost,C01724,CHEBI:16521,MNXM482,,CAHGCLMLTWQZNJ,ok,other_reactant,other_reactant,other_reactant,,,,not_registry_matched,not_assessable,False,1,2
yeast,s_1065,laurate,ddca,C02679,CHEBI:18262,MNXM402,,POULHZVOKOAJMA,ok,other_reactant,other_reactant,other_reactant,,,,not_registry_matched,not_assessable,False,1,1
yeast,s_1067,laurate,ddca,C02679,CHEBI:18262,MNXM402,,POULHZVOKOAJMA,ok,other_reactant,other_reactant,other_reactant,,,,not_registry_matched,not_assessable,False,1,1
yeast,s_1070,laurate,ddca,C02679,CHEBI:18262,MNXM402,,POULHZVOKOAJMA,ok,other_reactant,other_reactant,other_reactant,,,,not_registry_matched,not_assessable,False,1,1
yeast,s_1073,lauroyl-CoA,ddcacoa,C01832,CHEBI:57375,MNXM363,,YMCXGHLSVALICC,ok,carrier_linked_metabolite,carrier_linked_metabolite,carrier_linked_variable,dodecanoyl-CoA,normalized_name;bigg_ids:ddcacoa;kegg_ids:c01832;chebi_ids:chebi:57375;metanetx_ids:mnxm363,normalized_name;bigg_ids;kegg_ids;chebi_ids;metanetx_ids,multiple_evidence_types,not_assessable,False,1,1
yeast,s_1076,lauroyl-CoA,ddcacoa,C01832,CHEBI:57375,MNXM363,,YMCXGHLSVALICC,ok,carrier_linked_metabolite,carrier_linked_metabolite,carrier_linked_variable,dodecanoyl-CoA,normalized_name;bigg_ids:ddcacoa;kegg_ids:c01832;chebi_ids:chebi:57375;metanetx_ids:mnxm363,normalized_name;bigg_ids;kegg_ids;chebi_ids;metanetx_ids,multiple_evidence_types,not_assessable,False,2,2
yeast,s_1079,leukotriene A4,leuktrA4,C00909,CHEBI:57463,MNXM462,,UFPQIRYSPUYQHK,ok,other_reactant,other_reactant,other_reactant,,,,not_registry_matched,not_assessable,False,3,3
yeast,s_1080,leukotriene A4,leuktrA4,C00909,CHEBI:57463,MNXM462,,UFPQIRYSPUYQHK,ok,other_reactant,other_reactant,other_reactant,,,,not_registry_matched,not_assessable,False,3,3
yeast,s_1085,lignoceric acid,lgnc,C08320,CHEBI:31014,MNXM3297,,QZZGJDVWLFXDLK,ok,other_reactant,other_reactant,other_reactant,,,,not_registry_matched,not_assessable,False,2,2
yeast,s_1097,lipoamide,lpam,C00248,CHEBI:17460,MNXM1024,,FCCDDURTIIUXBY,ok,other_reactant,other_reactant,other_reactant,,,,not_registry_matched,not_assessable,False,2,3
yeast,s_1098,lipoylprotein,lpro,C02051,CHEBI:15804,MNXM998,,,missing_smiles,other_reactant,other_reactant,other_reactant,,,,not_registry_matched,not_assessable,False,1,1
yeast,s_1101,malonyl-CoA,malcoa,C00083,CHEBI:57384,MNXM40,,LTYOQGRJFJAKNA,ok,carrier_linked_metabolite,carrier_linked_metabolite,carrier_linked_variable,,normalized_name:coa_linked,normalized_name,name_only,not_assessable,False,2,2
yeast,s_1104,malonyl-CoA,malcoa,C00083,CHEBI:57384,MNXM40,,LTYOQGRJFJAKNA,ok,carrier_linked_metabolite,carrier_linked_metabolite,carrier_linked_variable,,normalized_name:coa_linked,normalized_name,name_only,not_assessable,False,1,1
yeast,s_1105,maltose,malt,C00208,CHEBI:17306,MNXM165,,GUBGYTABKSRVRQ,ok,other_reactant,other_reactant,other_reactant,,,,not_registry_matched,not_assessable,False,1,6
yeast,s_1106,maltose,malt,C00208,CHEBI:17306,MNXM165,,GUBGYTABKSRVRQ,ok,other_reactant,other_reactant,other_reactant,,,,not_registry_matched,not_assessable,False,1,4
yeast,s_1116,mannosylinositol phosphorylceramide A (C24),,,CHEBI:60416,MNXM61061,,GZIVPMFXRVKOKZ,ok,other_reactant,other_reactant,other_reactant,,,,not_registry_matched,not_assessable,False,1,1
yeast,s_1117,mannosylinositol phosphorylceramide A (C24),,,CHEBI:60416,MNXM61061,,GZIVPMFXRVKOKZ,ok,other_reactant,other_reactant,other_reactant,,,,not_registry_matched,not_assessable,False,8,8
yeast,s_1118,mannosylinositol phosphorylceramide A (C24),,,CHEBI:60416,MNXM61061,,GZIVPMFXRVKOKZ,ok,other_reactant,other_reactant,other_reactant,,,,not_registry_matched,not_assessable,False,1,1
yeast,s_1119,mannosylinositol phosphorylceramide A (C26),,,CHEBI:62706,MNXM106432,,ULGWLVJPHSVAOJ,ok,other_reactant,other_reactant,other_reactant,,,,not_registry_matched,not_assessable,False,1,1
yeast,s_1120,mannosylinositol phosphorylceramide A (C26),,,CHEBI:62706,MNXM106432,,ULGWLVJPHSVAOJ,ok,other_reactant,other_reactant,other_reactant,,,,not_registry_matched,not_assessable,False,8,8
yeast,s_1121,mannosylinositol phosphorylceramide A (C26),,,CHEBI:62706,MNXM106432,,ULGWLVJPHSVAOJ,ok,other_reactant,other_reactant,other_reactant,,,,not_registry_matched,not_assessable,False,1,1
yeast,s_1122,mannosylinositol phosphorylceramide B (C24),,,CHEBI:60420,MNXM61066,,XALIYEYAGRETKK,ok,other_reactant,other_reactant,other_reactant,,,,not_registry_matched,not_assessable,False,1,1
yeast,s_1123,mannosylinositol phosphorylceramide B (C24),,,CHEBI:60420,MNXM61066,,XALIYEYAGRETKK,ok,other_reactant,other_reactant,other_reactant,,,,not_registry_matched,not_assessable,False,8,8
yeast,s_1124,mannosylinositol phosphorylceramide B (C24),,,CHEBI:60420,MNXM61066,,XALIYEYAGRETKK,ok,other_reactant,other_reactant,other_reactant,,,,not_registry_matched,not_assessable,False,1,1
yeast,s_1125,mannosylinositol phosphorylceramide B (C26),,,CHEBI:62710,MNXM61056,,KMUBDVORXSDBQY,ok,other_reactant,other_reactant,other_reactant,,,,not_registry_matched,not_assessable,False,1,1
yeast,s_1126,mannosylinositol phosphorylceramide B (C26),,,CHEBI:62710,MNXM61056,,KMUBDVORXSDBQY,ok,other_reactant,other_reactant,other_reactant,,,,not_registry_matched,not_assessable,False,8,8
yeast,s_1127,mannosylinositol phosphorylceramide B (C26),,,CHEBI:62710,MNXM61056,,KMUBDVORXSDBQY,ok,other_reactant,other_reactant,other_reactant,,,,not_registry_matched,not_assessable,False,1,1
yeast,s_1128,mannosylinositol phosphorylceramide B' (C24),,,CHEBI:60418,MNXM61060,,JANMBMKTOMMZFP,ok,other_reactant,other_reactant,other_reactant,,,,not_registry_matched,not_assessable,False,1,1
yeast,s_1129,mannosylinositol phosphorylceramide B' (C24),,,CHEBI:60418,MNXM61060,,JANMBMKTOMMZFP,ok,other_reactant,other_reactant,other_reactant,,,,not_registry_matched,not_assessable,False,8,8
yeast,s_1130,mannosylinositol phosphorylceramide B' (C24),,,CHEBI:60418,MNXM61060,,JANMBMKTOMMZFP,ok,other_reactant,other_reactant,other_reactant,,,,not_registry_matched,not_assessable,False,1,1
yeast,s_1131,mannosylinositol phosphorylceramide B' (C26),,,CHEBI:62708,MNXM61051,,WCPYEFQTGIENAG,ok,other_reactant,other_reactant,other_reactant,,,,not_registry_matched,not_assessable,False,1,1
yeast,s_1132,mannosylinositol phosphorylceramide B' (C26),,,CHEBI:62708,MNXM61051,,WCPYEFQTGIENAG,ok,other_reactant,other_reactant,other_reactant,,,,not_registry_matched,not_assessable,False,8,8
yeast,s_1133,mannosylinositol phosphorylceramide B' (C26),,,CHEBI:62708,MNXM61051,,WCPYEFQTGIENAG,ok,other_reactant,other_reactant,other_reactant,,,,not_registry_matched,not_assessable,False,1,1
yeast,s_1134,mannosylinositol phosphorylceramide C (C24),,,CHEBI:60422,MNXM61065,,HVXJHKJMUGDFHR,ok,other_reactant,other_reactant,other_reactant,,,,not_registry_matched,not_assessable,False,1,1
yeast,s_1135,mannosylinositol phosphorylceramide C (C24),,,CHEBI:60422,MNXM61065,,HVXJHKJMUGDFHR,ok,other_reactant,other_reactant,other_reactant,,,,not_registry_matched,not_assessable,False,8,8
yeast,s_1136,mannosylinositol phosphorylceramide C (C24),,,CHEBI:60422,MNXM61065,,HVXJHKJMUGDFHR,ok,other_reactant,other_reactant,other_reactant,,,,not_registry_matched,not_assessable,False,1,1
yeast,s_1137,mannosylinositol phosphorylceramide C (C26),,,CHEBI:62712,MNXM61055,,OLOYCUZQMOZKED,ok,other_reactant,other_reactant,other_reactant,,,,not_registry_matched,not_assessable,False,1,1
yeast,s_1138,mannosylinositol phosphorylceramide C (C26),,,CHEBI:62712,MNXM61055,,OLOYCUZQMOZKED,ok,other_reactant,other_reactant,other_reactant,,,,not_registry_matched,not_assessable,False,8,8
yeast,s_1139,mannosylinositol phosphorylceramide C (C26),,,CHEBI:62712,MNXM61055,,OLOYCUZQMOZKED,ok,other_reactant,other_reactant,other_reactant,,,,not_registry_matched,not_assessable,False,1,1
yeast,s_1140,mannosylinositol phosphorylceramide D (C24),,,CHEBI:60435,MNXM61064,,YQMSFXBUDJRUEI,ok,other_reactant,other_reactant,other_reactant,,,,not_registry_matched,not_assessable,False,1,1
yeast,s_1141,mannosylinositol phosphorylceramide D (C24),,,CHEBI:60435,MNXM61064,,YQMSFXBUDJRUEI,ok,other_reactant,other_reactant,other_reactant,,,,not_registry_matched,not_assessable,False,8,8
yeast,s_1142,mannosylinositol phosphorylceramide D (C24),,,CHEBI:60435,MNXM61064,,YQMSFXBUDJRUEI,ok,other_reactant,other_reactant,other_reactant,,,,not_registry_matched,not_assessable,False,1,1
yeast,s_1143,mannosylinositol phosphorylceramide D (C26),,,CHEBI:62683,MNXM61054,,CDDZETQXNQBXOI,ok,other_reactant,other_reactant,other_reactant,,,,not_registry_matched,not_assessable,False,1,1
yeast,s_1144,mannosylinositol phosphorylceramide D (C26),,,CHEBI:62683,MNXM61054,,CDDZETQXNQBXOI,ok,other_reactant,other_reactant,other_reactant,,,,not_registry_matched,not_assessable,False,8,8
yeast,s_1145,mannosylinositol phosphorylceramide D (C26),,,CHEBI:62683,MNXM61054,,CDDZETQXNQBXOI,ok,other_reactant,other_reactant,other_reactant,,,,not_registry_matched,not_assessable,False,1,1
yeast,s_1149,Met-tRNA(Met),mettrna,C02430,CHEBI:16635,MNXM90636,,,missing_smiles,other_reactant,other_reactant,other_reactant,,,,not_registry_matched,not_assessable,False,1,1
yeast,s_1150,methanethiol,ch4s,C00409,CHEBI:16007,MNXM652,,LSDPWZHWYPCBBB,ok,other_reactant,other_reactant,other_reactant,,,,not_registry_matched,not_assessable,False,1,1
yeast,s_1151,methylglyoxal,mthgxl,C00546,CHEBI:17158,MNXM310,,AIJULSRZWUXGPQ,ok,other_reactant,other_reactant,other_reactant,,,,not_registry_matched,not_assessable,False,2,3
yeast,s_1154,myo-inositol,inost,C00137,CHEBI:17268,MNXM127,,CDAISMWEOUEBRE,ok,other_reactant,other_reactant,other_reactant,,,,not_registry_matched,not_assessable,False,1,2
yeast,s_1156,"myo-inositol 1,3,4,5,6-pentakisphosphate",inospp1,C01284,CHEBI:57733,MNXM89719,,CTPQAXVNYGZUAJ,ok,other_reactant,other_reactant,other_reactant,,,,not_registry_matched,not_assessable,False,1,1
yeast,s_1157,"myo-inositol 1,3,4,5,6-pentakisphosphate",inospp1,C01284,CHEBI:57733,MNXM89719,,CTPQAXVNYGZUAJ,ok,other_reactant,other_reactant,other_reactant,,,,not_registry_matched,not_assessable,False,1,1
yeast,s_1158,myo-inositol hexakisphosphate,minohp,C01204,CHEBI:58130,MNXM491,,IMQLKJBTEOYOSI,ok,other_reactant,other_reactant,other_reactant,,,,not_registry_matched,not_assessable,False,1,1
yeast,s_1161,myristate,ttdca,C06424,CHEBI:30807,MNXM314,,TUNFSRHWOTWDNC,ok,other_reactant,other_reactant,other_reactant,,,,not_registry_matched,not_assessable,False,1,1
yeast,s_1166,myristate,ttdca,C06424,CHEBI:30807,MNXM314,,TUNFSRHWOTWDNC,ok,other_reactant,other_reactant,other_reactant,,,,not_registry_matched,not_assessable,False,1,1
yeast,s_1176,myristoyl-CoA,tdcoa,C02593,CHEBI:57385,MNXM224,,DUAFKXOFBZQTQE,ok,carrier_linked_metabolite,carrier_linked_metabolite,carrier_linked_variable,,normalized_name:coa_linked,normalized_name,name_only,not_assessable,False,1,1
yeast,s_1179,myristoyl-CoA,tdcoa,C02593,CHEBI:57385,MNXM224,,DUAFKXOFBZQTQE,ok,carrier_linked_metabolite,carrier_linked_metabolite,carrier_linked_variable,,normalized_name:coa_linked,normalized_name,name_only,not_assessable,False,2,2
yeast,s_1180,N(1)-acetylspermidine,N1aspmd,C00612,CHEBI:58324,MNXM501,,MQTAVJHICJWXBR,ok,other_reactant,other_reactant,other_reactant,,,,not_registry_matched,not_assessable,False,1,1
yeast,s_1181,N(1)-acetylspermine,N1sprm,C02567,CHEBI:58101,MNXM600,,GUNURVWAJRRUAV,ok,other_reactant,other_reactant,other_reactant,,,,not_registry_matched,not_assessable,False,1,1
yeast,s_1182,N(2)-acetyl-L-ornithine,acorn,C00437,CHEBI:16543,MNXM817,439232,JRLGPAXAGHMNOL,ok,other_reactant,other_reactant,other_reactant,,,,not_registry_matched,not_assessable,False,1,1
yeast,s_1184,"N,N'-diacetylchitobiosyldiphosphodolichol",chito2pdol,C04537,CHEBI:12427,MNXM63078,,QBRZRKKUHJLMCY,ok,other_reactant,other_reactant,other_reactant,,,,not_registry_matched,not_assessable,False,1,1
yeast,s_1185,"N,N'-diformyldityrosine",,,CHEBI:50611,MNXM147516,,OUNKRBSXIMLJRR,ok,other_reactant,other_reactant,other_reactant,,,,not_registry_matched,not_assessable,False,1,1
yeast,s_1187,N-(5-phospho-beta-D-ribosyl)anthranilate,pran,C04302,CHEBI:18277,MNXM1489,,PMFMJXPRNJUYMB,ok,other_reactant,other_reactant,other_reactant,,,,not_registry_matched,not_assessable,False,1,1
yeast,s_1188,N-[(R)-4-phosphonopantothenoyl]-L-cysteine,4ppcys,C04352,CHEBI:59458,MNXM483,440304,XQYALQVLCNHCFT,ok,other_reactant,other_reactant,other_reactant,,,,not_registry_matched,not_assessable,False,1,1
yeast,s_1189,N-acetyl-alpha-D-glucosamine 1-phosphate,acgal1p,C04501,CHEBI:16446,MNXM340,4369589,FZLJPEPAYPUMMR,ok,other_reactant,other_reactant,other_reactant,,,,not_registry_matched,not_assessable,False,1,1
yeast,s_1190,N-acetyl-D-glucosamine 6-phosphate,acgam6p,C00357,CHEBI:57513,MNXM63556,440996,BRGMHAYQAZFZDJ,ok,other_reactant,other_reactant,other_reactant,,,,not_registry_matched,not_assessable,False,1,1
yeast,s_1191,N-acetyl-L-gamma-glutamyl phosphate,acg5p,C04133,CHEBI:57936,MNXM1384,440236,FCVIHFVSXHOPSW,ok,other_reactant,other_reactant,other_reactant,,,,not_registry_matched,not_assessable,False,1,1
yeast,s_1192,N-acetyl-L-glutamate,acglu,C00624,CHEBI:44337,MNXM730,70914,RFMMMVDNIPUKGG,ok,other_reactant,other_reactant,other_reactant,,,,not_registry_matched,not_assessable,False,1,1
yeast,s_1195,N-formyl-L-kynurenine,Lfmkynr,C02700,CHEBI:30249,MNXM1288,,BYHJHXPTQMMKCA,ok,other_reactant,other_reactant,other_reactant,,,,not_registry_matched,not_assessable,False,1,1
yeast,s_1196,N-formyl-L-tyrosine,Nfortyr,,CHEBI:50603,MNXM63755,,ROUWPHMRHBMAFE,ok,other_reactant,other_reactant,other_reactant,,,,not_registry_matched,not_assessable,False,1,1
yeast,s_1198,NAD,nad,C00003,CHEBI:57540,MNXM8,,BAWFJGJZGIEFAR,ok,redox_cofactor,redox_cofactor,currency_or_cofactor,NAD,normalized_name;bigg_ids:nad;kegg_ids:c00003;chebi_ids:chebi:57540;metanetx_ids:mnxm8;inchikey_connectivity:bawfjgjzgiefar,normalized_name;bigg_ids;kegg_ids;chebi_ids;metanetx_ids;inchikey_connectivity,multiple_evidence_types,consistent,False,61,111
yeast,s_1200,NAD,nad,C00003,CHEBI:57540,MNXM8,,BAWFJGJZGIEFAR,ok,redox_cofactor,redox_cofactor,currency_or_cofactor,NAD,normalized_name;bigg_ids:nad;kegg_ids:c00003;chebi_ids:chebi:57540;metanetx_ids:mnxm8;inchikey_connectivity:bawfjgjzgiefar,normalized_name;bigg_ids;kegg_ids;chebi_ids;metanetx_ids;inchikey_connectivity,multiple_evidence_types,consistent,False,15,18
yeast,s_1201,NAD,nad,C00003,CHEBI:57540,MNXM8,,BAWFJGJZGIEFAR,ok,redox_cofactor,redox_cofactor,currency_or_cofactor,NAD,normalized_name;bigg_ids:nad;kegg_ids:c00003;chebi_ids:chebi:57540;metanetx_ids:mnxm8;inchikey_connectivity:bawfjgjzgiefar,normalized_name;bigg_ids;kegg_ids;chebi_ids;metanetx_ids;inchikey_connectivity,multiple_evidence_types,consistent,False,2,6
yeast,s_1202,NAD,nad,C00003,CHEBI:57540,MNXM8,,BAWFJGJZGIEFAR,ok,redox_cofactor,redox_cofactor,currency_or_cofactor,NAD,normalized_name;bigg_ids:nad;kegg_ids:c00003;chebi_ids:chebi:57540;metanetx_ids:mnxm8;inchikey_connectivity:bawfjgjzgiefar,normalized_name;bigg_ids;kegg_ids;chebi_ids;metanetx_ids;inchikey_connectivity,multiple_evidence_types,consistent,False,20,20
yeast,s_1203,NADH,nadh,C00004,CHEBI:57945,MNXM10,,BOPGDPNILDQYTO,ok,redox_cofactor,redox_cofactor,currency_or_cofactor,NADH,normalized_name;bigg_ids:nadh;kegg_ids:c00004;chebi_ids:chebi:57945;metanetx_ids:mnxm10;inchikey_connectivity:bopgdpnildqyto,normalized_name;bigg_ids;kegg_ids;chebi_ids;metanetx_ids;inchikey_connectivity,multiple_evidence_types,consistent,False,17,37
yeast,s_1204,NADH,nadh,C00004,CHEBI:57945,MNXM10,,BOPGDPNILDQYTO,ok,redox_cofactor,redox_cofactor,currency_or_cofactor,NADH,normalized_name;bigg_ids:nadh;kegg_ids:c00004;chebi_ids:chebi:57945;metanetx_ids:mnxm10;inchikey_connectivity:bopgdpnildqyto,normalized_name;bigg_ids;kegg_ids;chebi_ids;metanetx_ids;inchikey_connectivity,multiple_evidence_types,consistent,False,1,1
yeast,s_1205,NADH,nadh,C00004,CHEBI:57945,MNXM10,,BOPGDPNILDQYTO,ok,redox_cofactor,redox_cofactor,currency_or_cofactor,NADH,normalized_name;bigg_ids:nadh;kegg_ids:c00004;chebi_ids:chebi:57945;metanetx_ids:mnxm10;inchikey_connectivity:bopgdpnildqyto,normalized_name;bigg_ids;kegg_ids;chebi_ids;metanetx_ids;inchikey_connectivity,multiple_evidence_types,consistent,False,16,30
yeast,s_1207,NADP(+),nadp,C00006,CHEBI:58349,MNXM5,,XJLXINKUBYWONI,ok,redox_cofactor,redox_cofactor,currency_or_cofactor,NADP,normalized_name;bigg_ids:nadp;kegg_ids:c00006;chebi_ids:chebi:58349;metanetx_ids:mnxm5;inchikey_connectivity:xjlxinkubywoni,normalized_name;bigg_ids;kegg_ids;chebi_ids;metanetx_ids;inchikey_connectivity,multiple_evidence_types,consistent,False,16,17
yeast,s_1210,NADP(+),nadp,C00006,CHEBI:58349,MNXM5,,XJLXINKUBYWONI,ok,redox_cofactor,redox_cofactor,currency_or_cofactor,NADP,normalized_name;bigg_ids:nadp;kegg_ids:c00006;chebi_ids:chebi:58349;metanetx_ids:mnxm5;inchikey_connectivity:xjlxinkubywoni,normalized_name;bigg_ids;kegg_ids;chebi_ids;metanetx_ids;inchikey_connectivity,multiple_evidence_types,consistent,False,5,7
yeast,s_1211,NADP(+),nadp,C00006,CHEBI:58349,MNXM5,,XJLXINKUBYWONI,ok,redox_cofactor,redox_cofactor,currency_or_cofactor,NADP,normalized_name;bigg_ids:nadp;kegg_ids:c00006;chebi_ids:chebi:58349;metanetx_ids:mnxm5;inchikey_connectivity:xjlxinkubywoni,normalized_name;bigg_ids;kegg_ids;chebi_ids;metanetx_ids;inchikey_connectivity,multiple_evidence_types,consistent,False,1,1
yeast,s_1212,NADPH,nadph,C00005,CHEBI:57783,MNXM6,,ACFIXJIJDZMPPO,ok,redox_cofactor,redox_cofactor,currency_or_cofactor,NADPH,normalized_name;bigg_ids:nadph;kegg_ids:c00005;chebi_ids:chebi:57783;metanetx_ids:mnxm6;inchikey_connectivity:acfixjijdzmppo,normalized_name;bigg_ids;kegg_ids;chebi_ids;metanetx_ids;inchikey_connectivity,multiple_evidence_types,consistent,False,47,74
yeast,s_1213,NADPH,nadph,C00005,CHEBI:57783,MNXM6,,ACFIXJIJDZMPPO,ok,redox_cofactor,redox_cofactor,currency_or_cofactor,NADPH,normalized_name;bigg_ids:nadph;kegg_ids:c00005;chebi_ids:chebi:57783;metanetx_ids:mnxm6;inchikey_connectivity:acfixjijdzmppo,normalized_name;bigg_ids;kegg_ids;chebi_ids;metanetx_ids;inchikey_connectivity,multiple_evidence_types,consistent,False,12,12
yeast,s_1214,NADPH,nadph,C00005,CHEBI:57783,MNXM6,,ACFIXJIJDZMPPO,ok,redox_cofactor,redox_cofactor,currency_or_cofactor,NADPH,normalized_name;bigg_ids:nadph;kegg_ids:c00005;chebi_ids:chebi:57783;metanetx_ids:mnxm6;inchikey_connectivity:acfixjijdzmppo,normalized_name;bigg_ids;kegg_ids;chebi_ids;metanetx_ids;inchikey_connectivity,multiple_evidence_types,consistent,False,12,13
yeast,s_1215,NADPH,nadph,C00005,CHEBI:57783,MNXM6,,ACFIXJIJDZMPPO,ok,redox_cofactor,redox_cofactor,currency_or_cofactor,NADPH,normalized_name;bigg_ids:nadph;kegg_ids:c00005;chebi_ids:chebi:57783;metanetx_ids:mnxm6;inchikey_connectivity:acfixjijdzmppo,normalized_name;bigg_ids;kegg_ids;chebi_ids;metanetx_ids;inchikey_connectivity,multiple_evidence_types,consistent,False,2,2
yeast,s_1216,nicotinamide,ncam,C00153,CHEBI:17154,MNXM216,,DFPAKSUCGFBDDF,ok,other_reactant,other_reactant,other_reactant,,,,not_registry_matched,not_assessable,False,2,2
yeast,s_1218,nicotinamide riboside,rnam,C03150,CHEBI:15927,MNXM1115,,JLEBZPBDRKPWTD,ok,other_reactant,other_reactant,other_reactant,,,,not_registry_matched,not_assessable,False,2,2
yeast,s_1219,nicotinate,nac,C00253,CHEBI:32544,MNXM274,,PVNIIMVLHYAWGP,ok,other_reactant,other_reactant,other_reactant,,,,not_registry_matched,not_assessable,False,1,1
yeast,s_1220,nicotinate,nac,C00253,CHEBI:32544,MNXM274,,PVNIIMVLHYAWGP,ok,other_reactant,other_reactant,other_reactant,,,,not_registry_matched,not_assessable,False,1,1
yeast,s_1221,nicotinate,nac,C00253,CHEBI:32544,MNXM274,,PVNIIMVLHYAWGP,ok,other_reactant,other_reactant,other_reactant,,,,not_registry_matched,not_assessable,False,1,1
yeast,s_1222,nicotinic acid D-ribonucleotide,nicrnt,C01185,CHEBI:57502,MNXM194,,JOUIQRNQJGXQDC,ok,other_reactant,other_reactant,other_reactant,,,,not_registry_matched,not_assessable,False,1,2
yeast,s_1224,NMN,nmn,C00455,CHEBI:14649,MNXM355,,DAYLJWODMCOQEW,ok,other_reactant,other_reactant,other_reactant,,,,not_registry_matched,not_assessable,False,1,2
yeast,s_1227,NMN,nmn,C00455,CHEBI:14649,MNXM355,,DAYLJWODMCOQEW,ok,other_reactant,other_reactant,other_reactant,,,,not_registry_matched,not_assessable,False,1,2
yeast,s_1229,nonadecaprenyl diphosphate,,,CHEBI:53034,MNXM64863,,FYEGCRWKXQFQDE,ok,other_reactant,other_reactant,other_reactant,,,,not_registry_matched,not_assessable,False,1,2
yeast,s_1231,nonaprenyl diphosphate,,C04145,CHEBI:53044,MNXM968,,IVLBHBFTRNVIAP,ok,other_reactant,other_reactant,other_reactant,,,,not_registry_matched,not_assessable,False,1,1
yeast,s_1232,nonaprenyl diphosphate,,C04145,CHEBI:53044,MNXM968,,IVLBHBFTRNVIAP,ok,other_reactant,other_reactant,other_reactant,,,,not_registry_matched,not_assessable,False,1,2
yeast,s_1233,O-acetyl-L-homoserine,achms,C01077,CHEBI:16288,MNXM699,,FCXZBWSIAGGPCB,ok,other_reactant,other_reactant,other_reactant,,,,not_registry_matched,not_assessable,False,3,3
yeast,s_1234,O-acetyl-L-serine,acser,C00979,CHEBI:17981,MNXM418,99478,VZXPDPZARILFQX,ok,other_reactant,other_reactant,other_reactant,,,,not_registry_matched,not_assessable,False,1,1
yeast,s_1235,O-acetylcarnitine,acrn,C02571,CHEBI:57589,MNXM1028,,RDHQFKQIGNGIED,ok,other_reactant,other_reactant,other_reactant,,,,not_registry_matched,not_assessable,False,2,2
yeast,s_1236,O-acetylcarnitine,acrn,C02571,CHEBI:57589,MNXM1028,,RDHQFKQIGNGIED,ok,other_reactant,other_reactant,other_reactant,,,,not_registry_matched,not_assessable,False,1,1
yeast,s_1238,O-phospho-L-homoserine,phom,C01102,CHEBI:57590,MNXM1334,,FXDNYOANAXWZHG,ok,other_reactant,other_reactant,other_reactant,,,,not_registry_matched,not_assessable,False,1,1
yeast,s_1239,O-phosphoethanolamine,ethamp,C00346,CHEBI:58190,MNXM187,,SUHOOTKUPISOBE,ok,other_reactant,other_reactant,other_reactant,,,,not_registry_matched,not_assessable,False,1,1
yeast,s_1241,O-succinyl-L-homoserine,suchms,C01118,CHEBI:57661,MNXM820,,GNISQJGXJIDKDJ,ok,other_reactant,other_reactant,other_reactant,,,,not_registry_matched,not_assessable,False,3,8
yeast,s_1246,octadecaprenyl diphosphate,,,CHEBI:53035,MNXM65303,,WNICBRGZOCTJGZ,ok,other_reactant,other_reactant,other_reactant,,,,not_registry_matched,not_assessable,False,1,2
yeast,s_1253,octanoate,octa,C06423,CHEBI:25646,MNXM750,,WWZKQHOCKIZLMA,ok,other_reactant,other_reactant,other_reactant,,,,not_registry_matched,not_assessable,False,1,1
yeast,s_1254,octanoyl-ACP,,C05752,CHEBI:7725,MNXM979,,,inchikey_unavailable,other_reactant,other_reactant,other_reactant,,,,not_registry_matched,not_assessable,False,2,2
yeast,s_1258,octanoyl-CoA,occoa,C01944,CHEBI:15533,MNXM342,,KQMZYOXOBSXMII,ok,carrier_linked_metabolite,carrier_linked_metabolite,carrier_linked_variable,,normalized_name:coa_linked,normalized_name,name_only,not_assessable,False,2,2
yeast,s_1259,octaprenyl diphosphate,octdp,C04146,CHEBI:53045,MNXM811,,IKKLDISSULFFQO,ok,other_reactant,other_reactant,other_reactant,,,,not_registry_matched,not_assessable,False,1,2
yeast,s_1260,oleate,ocdcea,C00712,CHEBI:30823,MNXM306,,ZQPPMHVWECSIRJ,ok,other_reactant,other_reactant,other_reactant,,,,not_registry_matched,not_assessable,False,1,1
yeast,s_1262,oleoyl-CoA,ocdce9coa,C00510,CHEBI:57387,MNXM686,,XDUHQPOXLUAVEE,ok,carrier_linked_metabolite,carrier_linked_metabolite,carrier_linked_variable,,normalized_name:coa_linked,normalized_name,name_only,not_assessable,False,1,1
yeast,s_1265,oleoyl-CoA,ocdce9coa,C00510,CHEBI:57387,MNXM686,,XDUHQPOXLUAVEE,ok,carrier_linked_metabolite,carrier_linked_metabolite,carrier_linked_variable,,normalized_name:coa_linked,normalized_name,name_only,not_assessable,False,2,2
yeast,s_1266,ornithine,orn,C01602,CHEBI:46912,MNXM89689,,AHLPHDHHMVZTML,ok,other_reactant,other_reactant,other_reactant,,,,not_registry_matched,not_assessable,False,3,3
yeast,s_1267,ornithine,orn,C01602,CHEBI:46912,MNXM89689,,AHLPHDHHMVZTML,ok,other_reactant,other_reactant,other_reactant,,,,not_registry_matched,not_assessable,False,1,1
yeast,s_1268,ornithine,orn,C01602,CHEBI:46912,MNXM89689,,AHLPHDHHMVZTML,ok,other_reactant,other_reactant,other_reactant,,,,not_registry_matched,not_assessable,False,1,1
yeast,s_1270,orotidine 5'-(dihydrogen phosphate),orot5p,C01103,CHEBI:57538,MNXM519,,KYOBSHFOBAOFBF,ok,other_reactant,other_reactant,other_reactant,,,,not_registry_matched,not_assessable,False,2,3
yeast,s_1271,oxaloacetate,oaa,C00036,CHEBI:16452,MNXM46,,KHPXUQMNIQBQEV,ok,other_reactant,other_reactant,other_reactant,,,,not_registry_matched,not_assessable,False,3,3
yeast,s_1273,oxaloacetate,oaa,C00036,CHEBI:16452,MNXM46,,KHPXUQMNIQBQEV,ok,other_reactant,other_reactant,other_reactant,,,,not_registry_matched,not_assessable,False,3,4
yeast,s_1274,oxaloacetate,oaa,C00036,CHEBI:16452,MNXM46,,KHPXUQMNIQBQEV,ok,other_reactant,other_reactant,other_reactant,,,,not_registry_matched,not_assessable,False,1,1
yeast,s_1275,oxygen,o2,C00007,CHEBI:15379,MNXM4,,MYMOFIZGZYHOMD,ok,gas_currency,gas_currency,currency_or_cofactor,oxygen,normalized_name;bigg_ids:o2;kegg_ids:c00007;chebi_ids:chebi:15379;metanetx_ids:mnxm4;inchikey_connectivity:mymofizgzyhomd,normalized_name;bigg_ids;kegg_ids;chebi_ids;metanetx_ids;inchikey_connectivity,multiple_evidence_types,consistent,False,25,26
yeast,s_1276,oxygen,o2,C00007,CHEBI:15379,MNXM4,,MYMOFIZGZYHOMD,ok,gas_currency,gas_currency,currency_or_cofactor,oxygen,normalized_name;bigg_ids:o2;kegg_ids:c00007;chebi_ids:chebi:15379;metanetx_ids:mnxm4;inchikey_connectivity:mymofizgzyhomd,normalized_name;bigg_ids;kegg_ids;chebi_ids;metanetx_ids;inchikey_connectivity,multiple_evidence_types,consistent,False,11,11
yeast,s_1278,oxygen,o2,C00007,CHEBI:15379,MNXM4,,MYMOFIZGZYHOMD,ok,gas_currency,gas_currency,currency_or_cofactor,oxygen,normalized_name;bigg_ids:o2;kegg_ids:c00007;chebi_ids:chebi:15379;metanetx_ids:mnxm4;inchikey_connectivity:mymofizgzyhomd,normalized_name;bigg_ids;kegg_ids;chebi_ids;metanetx_ids;inchikey_connectivity,multiple_evidence_types,consistent,False,6,11
yeast,s_1279,oxygen,o2,C00007,CHEBI:15379,MNXM4,,MYMOFIZGZYHOMD,ok,gas_currency,gas_currency,currency_or_cofactor,oxygen,normalized_name;bigg_ids:o2;kegg_ids:c00007;chebi_ids:chebi:15379;metanetx_ids:mnxm4;inchikey_connectivity:mymofizgzyhomd,normalized_name;bigg_ids;kegg_ids;chebi_ids;metanetx_ids;inchikey_connectivity,multiple_evidence_types,consistent,False,18,18
yeast,s_1282,"P(1),P(4)-bis(5'-adenosyl) tetraphosphate",ap4a,C01260,CHEBI:58141,MNXM1089,21706,YOAHKNVSNCMZGQ,ok,other_reactant,other_reactant,other_reactant,,,,not_registry_matched,not_assessable,False,1,1
yeast,s_1286,palmitate,hdca,C00249,CHEBI:7896,MNXM108,,IPCSVZSSVZVIGE,ok,other_reactant,other_reactant,other_reactant,,,,not_registry_matched,not_assessable,False,1,1
yeast,s_1288,palmitate,hdca,C00249,CHEBI:7896,MNXM108,,IPCSVZSSVZVIGE,ok,other_reactant,other_reactant,other_reactant,,,,not_registry_matched,not_assessable,False,1,1
yeast,s_1291,palmitate,hdca,C00249,CHEBI:7896,MNXM108,,IPCSVZSSVZVIGE,ok,other_reactant,other_reactant,other_reactant,,,,not_registry_matched,not_assessable,False,1,1
yeast,s_1293,palmitoleate,hdcea,C08362,CHEBI:32372,MNXM162245,,SECPZKHBENQXJG,ok,other_reactant,other_reactant,other_reactant,,,,not_registry_matched,not_assessable,False,1,1
yeast,s_1295,palmitoleate,hdcea,C08362,CHEBI:32372,MNXM162245,,SECPZKHBENQXJG,ok,other_reactant,other_reactant,other_reactant,,,,not_registry_matched,not_assessable,False,1,1
yeast,s_1298,palmitoleate,hdcea,C08362,CHEBI:32372,MNXM162245,,SECPZKHBENQXJG,ok,other_reactant,other_reactant,other_reactant,,,,not_registry_matched,not_assessable,False,1,1
yeast,s_1302,palmitoyl-CoA,pmtcoa,C00154,CHEBI:57379,MNXM88,,MNBKLUUYKPBKDU,ok,carrier_linked_metabolite,carrier_linked_metabolite,carrier_linked_variable,,normalized_name:coa_linked,normalized_name,name_only,not_assessable,False,1,1
yeast,s_1303,palmitoyl-CoA,pmtcoa,C00154,CHEBI:57379,MNXM88,,MNBKLUUYKPBKDU,ok,carrier_linked_metabolite,carrier_linked_metabolite,carrier_linked_variable,,normalized_name:coa_linked,normalized_name,name_only,not_assessable,False,2,2
yeast,s_1305,palmitoyl-CoA,pmtcoa,C00154,CHEBI:57379,MNXM88,,MNBKLUUYKPBKDU,ok,carrier_linked_metabolite,carrier_linked_metabolite,carrier_linked_variable,,normalized_name:coa_linked,normalized_name,name_only,not_assessable,False,2,2
yeast,s_1307,pantetheine 4'-phosphate,pan4p,C01134,CHEBI:47942,MNXM373,,JDMUPRLRUUMCTL,ok,other_reactant,other_reactant,other_reactant,,,,not_registry_matched,not_assessable,False,1,1
yeast,s_1309,pectin,pectin,C00714,CHEBI:17309,MNXM107600,,,missing_smiles,other_reactant,other_reactant,other_reactant,,,,not_registry_matched,not_assessable,False,1,1
yeast,s_1310,pentadecaprenyl diphosphate,,,CHEBI:53038,MNXM73155,,LVNQDRCBLMBUSX,ok,other_reactant,other_reactant,other_reactant,,,,not_registry_matched,not_assessable,False,1,2
yeast,s_1312,pentaprenyl diphosphate,pendp,C04217,CHEBI:53048,MNXM2210,,JMVSBFJBMXQNJW,ok,other_reactant,other_reactant,other_reactant,,,,not_registry_matched,not_assessable,False,1,2
yeast,s_1313,pentaprenyl diphosphate,pendp,C04217,CHEBI:53048,MNXM2210,,JMVSBFJBMXQNJW,ok,other_reactant,other_reactant,other_reactant,,,,not_registry_matched,not_assessable,False,1,1
yeast,s_1318,phenylacetaldehyde,pacald,C00601,CHEBI:16424,MNXM473,,DTUQWGWMVIHBKE,ok,other_reactant,other_reactant,other_reactant,,,,not_registry_matched,not_assessable,False,3,7
yeast,s_1320,phenylacetaldehyde,pacald,C00601,CHEBI:16424,MNXM473,,DTUQWGWMVIHBKE,ok,other_reactant,other_reactant,other_reactant,,,,not_registry_matched,not_assessable,False,1,2
yeast,s_1322,phosphate,pi,C00009,CHEBI:43474,MNXM9,,NBIIXXVUZAFLBC,ok,phosphate_currency,phosphate_currency,currency_or_cofactor,phosphate,normalized_name;bigg_ids:pi;kegg_ids:c00009;chebi_ids:chebi:43474;metanetx_ids:mnxm9;inchikey_connectivity:nbiixxvuzaflbc,normalized_name;bigg_ids;kegg_ids;chebi_ids;metanetx_ids;inchikey_connectivity,multiple_evidence_types,consistent,False,16,21
yeast,s_1324,phosphate,pi,C00009,CHEBI:43474,MNXM9,,NBIIXXVUZAFLBC,ok,phosphate_currency,phosphate_currency,currency_or_cofactor,phosphate,normalized_name;bigg_ids:pi;kegg_ids:c00009;chebi_ids:chebi:43474;metanetx_ids:mnxm9;inchikey_connectivity:nbiixxvuzaflbc,normalized_name;bigg_ids;kegg_ids;chebi_ids;metanetx_ids;inchikey_connectivity,multiple_evidence_types,consistent,False,1,5
yeast,s_1326,phosphate,pi,C00009,CHEBI:43474,MNXM9,,NBIIXXVUZAFLBC,ok,phosphate_currency,phosphate_currency,currency_or_cofactor,phosphate,normalized_name;bigg_ids:pi;kegg_ids:c00009;chebi_ids:chebi:43474;metanetx_ids:mnxm9;inchikey_connectivity:nbiixxvuzaflbc,normalized_name;bigg_ids;kegg_ids;chebi_ids;metanetx_ids;inchikey_connectivity,multiple_evidence_types,consistent,False,6,7
yeast,s_1352,phosphatidylethanolamine backbone,pe_hs,C00350,CHEBI:16038,MNXM115,,,inchikey_unavailable,other_reactant,other_reactant,other_reactant,,,,not_registry_matched,not_assessable,False,2,3
yeast,s_1360,phosphoenolpyruvate,pep,C00074,CHEBI:58702,MNXM73,,DTBNBXWJWCWCIK,ok,other_reactant,other_reactant,other_reactant,,,,not_registry_matched,not_assessable,False,3,5
yeast,s_1361,phosphoenolpyruvate,pep,C00074,CHEBI:58702,MNXM73,,DTBNBXWJWCWCIK,ok,other_reactant,other_reactant,other_reactant,,,,not_registry_matched,not_assessable,False,2,3
yeast,s_1364,phosphoribosyl-carboxy-aminoimidazole,5aizc,C04751,CHEBI:58564,MNXM507,165388,XFVULMDJZXYMSG,ok,other_reactant,other_reactant,other_reactant,,,,not_registry_matched,not_assessable,False,1,1
yeast,s_1365,phosphoribosyl-formamido-carboxamide,fprica,C04734,CHEBI:58467,MNXM456,,ABCOOORLYAOBOZ,ok,other_reactant,other_reactant,other_reactant,,,,not_registry_matched,not_assessable,False,1,2
yeast,s_1366,phytosphingosine,psphings,C12144,CHEBI:46961,MNXM914,,AERBNCYCJBRYDG,ok,other_reactant,other_reactant,other_reactant,,,,not_registry_matched,not_assessable,False,5,6
yeast,s_1367,phytosphingosine 1-phosphate,psph1p,,CHEBI:46970,MNXM3337,,AYGOSKULTISFCW,ok,other_reactant,other_reactant,other_reactant,,,,not_registry_matched,not_assessable,False,2,3
yeast,s_1371,polysulphur,,C00087,CHEBI:17909,MNXM77783,,NINIDFKCEFEMDL,ok,other_reactant,other_reactant,other_reactant,,,,not_registry_matched,not_assessable,False,1,1
yeast,s_1372,porphobilinogen,ppbng,C00931,CHEBI:58126,MNXM554,,QSHWIQZFGQKFMA,ok,other_reactant,other_reactant,other_reactant,,,,not_registry_matched,not_assessable,False,1,1
yeast,s_1374,potassium,k,C00238,CHEBI:26216,MNXM77881,,NPYPAHLBTDXSSS,ok,other_reactant,other_reactant,other_reactant,,,,not_registry_matched,not_assessable,False,1,2
yeast,s_1375,precorrin-2,dscl,C02463,CHEBI:58827,MNXM672,,OQIIYZQTTMKFAU,ok,other_reactant,other_reactant,other_reactant,,,,not_registry_matched,not_assessable,False,1,1
yeast,s_1376,prenyl diphosphate(3-),dmpp,C00235,CHEBI:57623,MNXM132,,CBIDRCWHNCKSTO,ok,other_reactant,other_reactant,other_reactant,,,,not_registry_matched,not_assessable,False,1,1
yeast,s_1377,prephenate,pphn,C00254,CHEBI:29934,MNXM503,,FPWMCUPFBRFMLH,ok,other_reactant,other_reactant,other_reactant,,,,not_registry_matched,not_assessable,False,2,2
yeast,s_1378,preuroporphyrinogen,hmbil,C01024,CHEBI:57845,MNXM547,,WDFJYRZCZIUBPR,ok,other_reactant,other_reactant,other_reactant,,,,not_registry_matched,not_assessable,False,1,1
yeast,s_1382,propionyl-CoA,ppcoa,C00100,CHEBI:57386,MNXM86,,QAQREVBBADEHPA,ok,carrier_linked_metabolite,carrier_linked_metabolite,carrier_linked_variable,propionyl-CoA,normalized_name;bigg_ids:ppcoa;kegg_ids:c00100;chebi_ids:chebi:57386;metanetx_ids:mnxm86,normalized_name;bigg_ids;kegg_ids;chebi_ids;metanetx_ids,multiple_evidence_types,not_assessable,False,2,3
yeast,s_1383,protoporphyrin,ppp9,C02191,CHEBI:36159,MNXM346,,ZCFFYALKHPIRKJ,ok,other_reactant,other_reactant,other_reactant,,,,not_registry_matched,not_assessable,False,1,1
yeast,s_1385,protoporphyrinogen,pppg9,C01079,CHEBI:57307,MNXM351,,UHSGPDMIQQYNAX,ok,other_reactant,other_reactant,other_reactant,,,,not_registry_matched,not_assessable,False,1,1
yeast,s_1386,PRPP,prpp,C00119,CHEBI:58017,MNXM91,,PQGCEDQWHSBAJP,ok,activated_sugar_precursor,activated_sugar_precursor,currency_or_cofactor,PRPP,normalized_name;bigg_ids:prpp;kegg_ids:c00119;chebi_ids:chebi:58017;metanetx_ids:mnxm91;inchikey_connectivity:pqgcedqwhsbajp,normalized_name;bigg_ids;kegg_ids;chebi_ids;metanetx_ids;inchikey_connectivity,multiple_evidence_types,consistent,False,10,11
yeast,s_1387,PRPP,prpp,C00119,CHEBI:58017,MNXM91,,PQGCEDQWHSBAJP,ok,activated_sugar_precursor,activated_sugar_precursor,currency_or_cofactor,PRPP,normalized_name;bigg_ids:prpp;kegg_ids:c00119;chebi_ids:chebi:58017;metanetx_ids:mnxm91;inchikey_connectivity:pqgcedqwhsbajp,normalized_name;bigg_ids;kegg_ids;chebi_ids;metanetx_ids;inchikey_connectivity,multiple_evidence_types,consistent,False,2,2
yeast,s_1389,putrescine,ptrc,C00134,CHEBI:326268,MNXM118,,KIDHWZJUCRJVML,ok,other_reactant,other_reactant,other_reactant,,,,not_registry_matched,not_assessable,False,3,4
yeast,s_1390,putrescine,ptrc,C00134,CHEBI:326268,MNXM118,,KIDHWZJUCRJVML,ok,other_reactant,other_reactant,other_reactant,,,,not_registry_matched,not_assessable,False,1,2
yeast,s_1392,pyridoxal,pydx,C00250,CHEBI:17310,MNXM311,,RADKZDMFGJYCBB,ok,other_reactant,other_reactant,other_reactant,,,,not_registry_matched,not_assessable,False,2,2
yeast,s_1394,pyridoxamine,pydam,C00534,CHEBI:57761,MNXM548,,NHZMQXZHNVQTQA,ok,other_reactant,other_reactant,other_reactant,,,,not_registry_matched,not_assessable,False,1,1
yeast,s_1395,pyridoxamine 5'-phosphate,pyam5p,C00647,CHEBI:58451,MNXM366,,ZMJGSOSNSPKHNH,ok,vitamin_cofactor,vitamin_cofactor,currency_or_cofactor,pyridoxamine 5-phosphate,normalized_name;bigg_ids:pyam5p;kegg_ids:c00647;inchikey_connectivity:zmjgsosnspkhnh,normalized_name;bigg_ids;kegg_ids;inchikey_connectivity,multiple_evidence_types,consistent,False,1,1
yeast,s_1396,pyridoxine,pydxn,C00314,CHEBI:16709,MNXM419,,LXNHXLLTXMVWPM,ok,other_reactant,other_reactant,other_reactant,,,,not_registry_matched,not_assessable,False,3,3
yeast,s_1397,pyridoxine,pydxn,C00314,CHEBI:16709,MNXM419,,LXNHXLLTXMVWPM,ok,other_reactant,other_reactant,other_reactant,,,,not_registry_matched,not_assessable,False,1,1
yeast,s_1398,pyridoxine 5'-phosphate,pdx5p,C00627,CHEBI:58589,MNXM454,,WHOMFKWHIQZTHY,ok,other_reactant,other_reactant,other_reactant,,,,not_registry_matched,not_assessable,False,1,1
yeast,s_1399,pyruvate,pyr,C00022,CHEBI:15361,MNXM23,,LCTONWCANYUPML,ok,other_reactant,other_reactant,other_reactant,,,,not_registry_matched,not_assessable,False,7,13
yeast,s_1400,pyruvate,pyr,C00022,CHEBI:15361,MNXM23,,LCTONWCANYUPML,ok,other_reactant,other_reactant,other_reactant,,,,not_registry_matched,not_assessable,False,1,1
yeast,s_1401,pyruvate,pyr,C00022,CHEBI:15361,MNXM23,,LCTONWCANYUPML,ok,other_reactant,other_reactant,other_reactant,,,,not_registry_matched,not_assessable,False,4,7
yeast,s_1403,quinolinate,quln,C03722,CHEBI:29959,MNXM555,,GJAWHXHKYYXBSV,ok,other_reactant,other_reactant,other_reactant,,,,not_registry_matched,not_assessable,False,1,1
yeast,s_1404,quinolinate,quln,C03722,CHEBI:29959,MNXM555,,GJAWHXHKYYXBSV,ok,other_reactant,other_reactant,other_reactant,,,,not_registry_matched,not_assessable,False,1,1
yeast,s_1405,riboflavin,ribflv,C00255,CHEBI:57986,MNXM270,,AUNGANRZJHBGPY,ok,other_reactant,other_reactant,other_reactant,,,,not_registry_matched,not_assessable,False,1,1
yeast,s_1406,riboflavin,ribflv,C00255,CHEBI:57986,MNXM270,,AUNGANRZJHBGPY,ok,other_reactant,other_reactant,other_reactant,,,,not_registry_matched,not_assessable,False,1,1
yeast,s_1407,riboflavin,ribflv,C00255,CHEBI:57986,MNXM270,,AUNGANRZJHBGPY,ok,other_reactant,other_reactant,other_reactant,,,,not_registry_matched,not_assessable,False,1,1
yeast,s_1408,ribose-5-phosphate,r5p,C03736,CHEBI:18189,MNXM15900,,KTVPXOYAKDPRHY,ok,other_reactant,other_reactant,other_reactant,,,,not_registry_matched,not_assessable,False,3,11
yeast,s_1409,S(8)-aminomethyldihydrolipoamide,alpam,,CHEBI:50622,MNXM81220,,KALYVIJGKPJBQV,ok,other_reactant,other_reactant,other_reactant,,,,not_registry_matched,not_assessable,False,1,1
yeast,s_1410,S(8)-aminomethyldihydrolipoylprotein,alpro,C01242,CHEBI:16882,MNXM81221,171904434,KALYVIJGKPJBQV,ok,other_reactant,other_reactant,other_reactant,,,,not_registry_matched,not_assessable,False,1,1
yeast,s_1411,S(8)-succinyldihydrolipoamide,sdhlam,C01169,CHEBI:17432,MNXM3710,,KWKBJWYJJBQOAE,ok,other_reactant,other_reactant,other_reactant,,,,not_registry_matched,not_assessable,False,1,2
yeast,s_1413,S-adenosyl-L-homocysteine,ahcys,C00021,CHEBI:16680,MNXM19,439155,ZJUKTBDSGOFHSH,ok,one_carbon_cofactor,one_carbon_cofactor,currency_or_cofactor,S-adenosyl-L-homocysteine,normalized_name;bigg_ids:ahcys;kegg_ids:c00021;chebi_ids:chebi:16680;metanetx_ids:mnxm19;pubchem_cids:439155;inchikey_connectivity:zjuktbdsgofhsh,normalized_name;bigg_ids;kegg_ids;chebi_ids;metanetx_ids;pubchem_cids;inchikey_connectivity,multiple_evidence_types,consistent,False,1,1
yeast,s_1416,S-adenosyl-L-methionine,amet,C00019,CHEBI:15414,MNXM16,34756,MEFKEPWMEQBLKI,ok,one_carbon_cofactor,one_carbon_cofactor,currency_or_cofactor,S-adenosyl-L-methionine,normalized_name;bigg_ids:amet;kegg_ids:c00019;metanetx_ids:mnxm16;pubchem_cids:34756;inchikey_connectivity:mefkepwmeqblki,normalized_name;bigg_ids;kegg_ids;metanetx_ids;pubchem_cids;inchikey_connectivity,multiple_evidence_types,consistent,False,14,15
yeast,s_1418,S-adenosyl-L-methionine,amet,C00019,CHEBI:15414,MNXM16,34756,MEFKEPWMEQBLKI,ok,one_carbon_cofactor,one_carbon_cofactor,currency_or_cofactor,S-adenosyl-L-methionine,normalized_name;bigg_ids:amet;kegg_ids:c00019;metanetx_ids:mnxm16;pubchem_cids:34756;inchikey_connectivity:mefkepwmeqblki,normalized_name;bigg_ids;kegg_ids;metanetx_ids;pubchem_cids;inchikey_connectivity,multiple_evidence_types,consistent,False,1,1
yeast,s_1419,S-adenosyl-L-methionine,amet,C00019,CHEBI:15414,MNXM16,34756,MEFKEPWMEQBLKI,ok,one_carbon_cofactor,one_carbon_cofactor,currency_or_cofactor,S-adenosyl-L-methionine,normalized_name;bigg_ids:amet;kegg_ids:c00019;metanetx_ids:mnxm16;pubchem_cids:34756;inchikey_connectivity:mefkepwmeqblki,normalized_name;bigg_ids;kegg_ids;metanetx_ids;pubchem_cids;inchikey_connectivity,multiple_evidence_types,consistent,False,5,5
yeast,s_1420,S-adenosylmethioninamine,ametam,C01137,CHEBI:57443,MNXM321,439415,ZUNBITIXDCPNSD,ok,other_reactant,other_reactant,other_reactant,,,,not_registry_matched,not_assessable,False,3,4
yeast,s_1421,S-formylglutathione,Sfglutth,C01031,CHEBI:57688,MNXM952,189122,FHXAGOICBFGEBF,ok,other_reactant,other_reactant,other_reactant,,,,not_registry_matched,not_assessable,False,1,1
yeast,s_1422,S-methyl-5-thio-alpha-D-ribose 1-phosphate,5mdr1p,C04188,CHEBI:58533,MNXM407,,JTFITTQBRJDSTL,ok,other_reactant,other_reactant,other_reactant,,,,not_registry_matched,not_assessable,False,1,1
yeast,s_1423,S-methyl-5-thio-D-ribulose 1-phosphate,5mdru1p,C04582,CHEBI:58548,MNXM522,,CNSJRYUMVMWNMC,ok,other_reactant,other_reactant,other_reactant,,,,not_registry_matched,not_assessable,False,1,1
yeast,s_1425,S-methyl-L-methionine,mmet,C03172,CHEBI:17728,MNXM1119,,YDBYJHTYSHBBAU,ok,other_reactant,other_reactant,other_reactant,,,,not_registry_matched,not_assessable,False,1,1
yeast,s_1426,"sedoheptulose 1,7-bisphosphate",s17bp,C00447,CHEBI:58335,MNXM1294,,OKHXOUGRECCASI,ok,other_reactant,other_reactant,other_reactant,,,,not_registry_matched,not_assessable,False,2,2
yeast,s_1427,sedoheptulose 7-phosphate,s7p,C05382,CHEBI:57483,MNXM271,,JDTUMPKOJBQPKX,ok,other_reactant,other_reactant,other_reactant,,,,not_registry_matched,not_assessable,False,2,3
yeast,s_1429,shikimate,skm,C00493,CHEBI:36208,MNXM602,,JXOHGGNKMLTUBP,ok,other_reactant,other_reactant,other_reactant,,,,not_registry_matched,not_assessable,False,1,1
yeast,s_1431,sirohydrochlorin,scl,C05778,CHEBI:58351,MNXM863,,AVBHZKNQGDKVEA,ok,other_reactant,other_reactant,other_reactant,,,,not_registry_matched,not_assessable,False,1,1
yeast,s_1432,sn-glycero-3-phosphocholine,g3pc,C00670,CHEBI:16870,MNXM367,,SUHOQUVVVLNYQR,ok,other_reactant,other_reactant,other_reactant,,,,not_registry_matched,not_assessable,False,1,1
yeast,s_1433,sn-glycero-3-phosphocholine,g3pc,C00670,CHEBI:16870,MNXM367,,SUHOQUVVVLNYQR,ok,other_reactant,other_reactant,other_reactant,,,,not_registry_matched,not_assessable,False,1,1
yeast,s_1435,sn-glycero-3-phosphocholine,g3pc,C00670,CHEBI:16870,MNXM367,,SUHOQUVVVLNYQR,ok,other_reactant,other_reactant,other_reactant,,,,not_registry_matched,not_assessable,False,1,1
yeast,s_1437,sodium,na1,C01330,CHEBI:26708,MNXM82334,,FKNQFGJONOIPTF,ok,other_reactant,other_reactant,other_reactant,,,,not_registry_matched,not_assessable,False,2,5
yeast,s_1439,spermidine,spmd,C00315,CHEBI:57834,MNXM124,,ATHGHQPFGPMSJY,ok,other_reactant,other_reactant,other_reactant,,,,not_registry_matched,not_assessable,False,4,5
yeast,s_1440,spermidine,spmd,C00315,CHEBI:57834,MNXM124,,ATHGHQPFGPMSJY,ok,other_reactant,other_reactant,other_reactant,,,,not_registry_matched,not_assessable,False,1,6
yeast,s_1442,spermine,sprm,C00750,CHEBI:45725,MNXM408,,PFNFFQXMRSDOHW,ok,other_reactant,other_reactant,other_reactant,,,,not_registry_matched,not_assessable,False,3,6
yeast,s_1443,spermine,sprm,C00750,CHEBI:45725,MNXM408,,PFNFFQXMRSDOHW,ok,other_reactant,other_reactant,other_reactant,,,,not_registry_matched,not_assessable,False,1,4
yeast,s_1445,sphinganine,sphgn,C00836,CHEBI:57817,MNXM302,,OTKJDMGTUTTYMP,ok,other_reactant,other_reactant,other_reactant,,,,not_registry_matched,not_assessable,False,6,7
yeast,s_1446,sphinganine 1-phosphate,sph1p,C01120,CHEBI:57939,MNXM487,,YHEDRJPUIRMZMP,ok,other_reactant,other_reactant,other_reactant,,,,not_registry_matched,not_assessable,False,2,3
yeast,s_1448,squalene,sql,C00751,CHEBI:15440,MNXM292,,YYGNTYWPHWGJRM,ok,other_reactant,other_reactant,other_reactant,,,,not_registry_matched,not_assessable,False,2,2
yeast,s_1449,stearate,ocdca,C01530,CHEBI:25629,MNXM236,,QIQXTHQIDYTFRH,ok,other_reactant,other_reactant,other_reactant,,,,not_registry_matched,not_assessable,False,1,1
yeast,s_1450,stearate,ocdca,C01530,CHEBI:25629,MNXM236,,QIQXTHQIDYTFRH,ok,other_reactant,other_reactant,other_reactant,,,,not_registry_matched,not_assessable,False,1,1
yeast,s_1451,stearate,ocdca,C01530,CHEBI:25629,MNXM236,,QIQXTHQIDYTFRH,ok,other_reactant,other_reactant,other_reactant,,,,not_registry_matched,not_assessable,False,1,1
yeast,s_1454,stearoyl-CoA,stcoa,C00412,CHEBI:57394,MNXM272,,SIARJEKBADXQJG,ok,carrier_linked_metabolite,carrier_linked_metabolite,carrier_linked_variable,,normalized_name:coa_linked,normalized_name,name_only,not_assessable,False,1,1
yeast,s_1457,stearoyl-CoA,stcoa,C00412,CHEBI:57394,MNXM272,,SIARJEKBADXQJG,ok,carrier_linked_metabolite,carrier_linked_metabolite,carrier_linked_variable,,normalized_name:coa_linked,normalized_name,name_only,not_assessable,False,2,2
yeast,s_1458,succinate,succ,C00042,CHEBI:30031,MNXM25,,KDYFGRWQOYBRFD,ok,other_reactant,other_reactant,other_reactant,,,,not_registry_matched,not_assessable,False,4,4
yeast,s_1460,succinate,succ,C00042,CHEBI:30031,MNXM25,,KDYFGRWQOYBRFD,ok,other_reactant,other_reactant,other_reactant,,,,not_registry_matched,not_assessable,False,1,3
yeast,s_1461,succinic semialdehyde,sucsal,C00232,CHEBI:57706,MNXM172,,UIUJIQZEACWQSV,ok,other_reactant,other_reactant,other_reactant,,,,not_registry_matched,not_assessable,False,1,1
yeast,s_1464,succinyl-CoA,succoa,C00091,CHEBI:57292,MNXM92,,VNOYUJKHFWYWIR,ok,carrier_linked_metabolite,carrier_linked_metabolite,carrier_linked_variable,succinyl-CoA,normalized_name;bigg_ids:succoa;kegg_ids:c00091;chebi_ids:chebi:57292;metanetx_ids:mnxm92,normalized_name;bigg_ids;kegg_ids;chebi_ids;metanetx_ids,multiple_evidence_types,not_assessable,False,3,3
yeast,s_1466,sucrose,sucr,C00089,CHEBI:17992,MNXM167,,CZMRCDWAGMRECN,ok,other_reactant,other_reactant,other_reactant,,,,not_registry_matched,not_assessable,False,1,1
yeast,s_1467,sulphate,so4,C00059,CHEBI:16189,MNXM58,,QAOWNCQODCNURD,ok,other_reactant,other_reactant,other_reactant,,,,not_registry_matched,not_assessable,False,2,2
yeast,s_1468,sulphate,so4,C00059,CHEBI:16189,MNXM58,,QAOWNCQODCNURD,ok,other_reactant,other_reactant,other_reactant,,,,not_registry_matched,not_assessable,False,1,2
yeast,s_1469,sulphite,so3,C11481,CHEBI:17137,MNXM105630,,LSNNMFCWUKXFEE,ok,other_reactant,other_reactant,other_reactant,,,,not_registry_matched,not_assessable,False,2,2
yeast,s_1471,taurine,taur,C00245,CHEBI:15891,MNXM282,,XOAAWQZATWQOTB,ok,other_reactant,other_reactant,other_reactant,,,,not_registry_matched,not_assessable,False,1,1
yeast,s_1473,taurocholic acid,tchola,C05122,CHEBI:36257,MNXM2288,,WBWWGRHZICKQGZ,ok,other_reactant,other_reactant,other_reactant,,,,not_registry_matched,not_assessable,False,1,1
yeast,s_1475,TDP,thmpp,C00068,CHEBI:45931,MNXM256,,AYEKOFBPNLCAJY,ok,other_reactant,other_reactant,other_reactant,,,,not_registry_matched,not_assessable,False,2,2
yeast,s_1476,TDP,thmpp,C00068,CHEBI:45931,MNXM256,,AYEKOFBPNLCAJY,ok,other_reactant,other_reactant,other_reactant,,,,not_registry_matched,not_assessable,False,1,1
yeast,s_1479,tetracosanoyl-CoA,ttccoa,C16529,CHEBI:52974,MNXM1504,,MOYMQYZWIUKGGY,ok,carrier_linked_metabolite,carrier_linked_metabolite,carrier_linked_variable,,normalized_name:coa_linked,normalized_name,name_only,not_assessable,False,1,1
yeast,s_1480,tetracosanoyl-CoA,ttccoa,C16529,CHEBI:52974,MNXM1504,,MOYMQYZWIUKGGY,ok,carrier_linked_metabolite,carrier_linked_metabolite,carrier_linked_variable,,normalized_name:coa_linked,normalized_name,name_only,not_assessable,False,2,2
yeast,s_1482,tetracosanoyl-CoA,ttccoa,C16529,CHEBI:52974,MNXM1504,,MOYMQYZWIUKGGY,ok,carrier_linked_metabolite,carrier_linked_metabolite,carrier_linked_variable,,normalized_name:coa_linked,normalized_name,name_only,not_assessable,False,1,1
yeast,s_1483,tetradecaprenyl diphosphate,,,CHEBI:53039,MNXM83846,,WHKGBQNORGVQHY,ok,other_reactant,other_reactant,other_reactant,,,,not_registry_matched,not_assessable,False,1,2
yeast,s_1487,THF,thf,C00101,CHEBI:20506,MNXM79,,MSTNYGQPCMXVAQ,ok,one_carbon_cofactor,one_carbon_cofactor,currency_or_cofactor,tetrahydrofolate,normalized_name;bigg_ids:thf;kegg_ids:c00101;inchikey_connectivity:mstnygqpcmxvaq,normalized_name;bigg_ids;kegg_ids;inchikey_connectivity,multiple_evidence_types,consistent,False,3,4
yeast,s_1488,THF,thf,C00101,CHEBI:20506,MNXM79,,MSTNYGQPCMXVAQ,ok,one_carbon_cofactor,one_carbon_cofactor,currency_or_cofactor,tetrahydrofolate,normalized_name;bigg_ids:thf;kegg_ids:c00101;inchikey_connectivity:mstnygqpcmxvaq,normalized_name;bigg_ids;kegg_ids;inchikey_connectivity,multiple_evidence_types,consistent,False,5,5
yeast,s_1489,thiamine,thm,C00378,CHEBI:18385,MNXM322,,JZRWCGZRTZMZEH,ok,other_reactant,other_reactant,other_reactant,,,,not_registry_matched,not_assessable,False,1,1
yeast,s_1490,thiamine,thm,C00378,CHEBI:18385,MNXM322,,JZRWCGZRTZMZEH,ok,other_reactant,other_reactant,other_reactant,,,,not_registry_matched,not_assessable,False,1,3
yeast,s_1497,TMP,thmmp,C01081,CHEBI:9533,MNXM662,,HZSAJDVWZRBGIF,ok,other_reactant,other_reactant,other_reactant,,,,not_registry_matched,not_assessable,False,1,1
yeast,s_1498,TMP,thmmp,C01081,CHEBI:9533,MNXM662,,HZSAJDVWZRBGIF,ok,other_reactant,other_reactant,other_reactant,,,,not_registry_matched,not_assessable,False,1,1
yeast,s_1503,trans-aconitate,acon_T,C02341,CHEBI:15708,MNXM1388,5289496,GTZCVFVGUGFEME,ok,other_reactant,other_reactant,other_reactant,,,,not_registry_matched,not_assessable,False,1,1
yeast,s_1507,trans-dec-2-enoyl-CoA,dc2coa,C05275,CHEBI:61406,MNXM580,24883423,MGNBGCRQQFMNBM,ok,carrier_linked_metabolite,carrier_linked_metabolite,carrier_linked_variable,,normalized_name:coa_linked,normalized_name,name_only,not_assessable,False,1,1
yeast,s_1510,trans-dodec-2-enoyl-CoA,dd2coa,C03221,CHEBI:57330,MNXM642,11966110,IRFYVBULXZMEDE,ok,carrier_linked_metabolite,carrier_linked_metabolite,carrier_linked_variable,,normalized_name:coa_linked,normalized_name,name_only,not_assessable,False,1,1
yeast,s_1513,trans-hexacos-2-enoyl-CoA,hxc2coa,,CHEBI:52975,MNXM114303,,GGUUXBBWTGIIGE,ok,carrier_linked_metabolite,carrier_linked_metabolite,carrier_linked_variable,,normalized_name:coa_linked,normalized_name,name_only,not_assessable,False,1,1
yeast,s_1516,trans-octadec-2-enoyl-CoA,od2coa,C16218,CHEBI:50570,MNXM954,,NBCCUIHOHUKBMK,ok,carrier_linked_metabolite,carrier_linked_metabolite,carrier_linked_variable,,normalized_name:coa_linked,normalized_name,name_only,not_assessable,False,1,1
yeast,s_1519,trans-tetradec-2-enoyl-CoA,td2coa,C05273,CHEBI:61405,MNXM654,,MBCVYCOKMMMWLX,ok,carrier_linked_metabolite,carrier_linked_metabolite,carrier_linked_variable,,normalized_name:coa_linked,normalized_name,name_only,not_assessable,False,1,1
yeast,s_1520,trehalose,tre,C01083,CHEBI:16551,MNXM198,,HDTRYLNUVZCQOY,ok,other_reactant,other_reactant,other_reactant,,,,not_registry_matched,not_assessable,False,2,2
yeast,s_1522,trehalose,tre,C01083,CHEBI:16551,MNXM198,,HDTRYLNUVZCQOY,ok,other_reactant,other_reactant,other_reactant,,,,not_registry_matched,not_assessable,False,1,2
yeast,s_1523,tridecaprenyl diphosphate,,,CHEBI:53040,MNXM5721,,DZNALTJEOIIEJL,ok,other_reactant,other_reactant,other_reactant,,,,not_registry_matched,not_assessable,False,1,2
yeast,s_1535,ubiquinol-6,,C00390,CHEBI:52970,MNXM5319,,DYOSCPIQEYRQEO,ok,other_reactant,other_reactant,other_reactant,,,,not_registry_matched,not_assessable,False,1,2
yeast,s_1537,ubiquinone-6,q6,C17568,CHEBI:52971,MNXM1783,,GXNFPEOUKFOTKY,ok,other_reactant,other_reactant,other_reactant,,,,not_registry_matched,not_assessable,False,4,7
yeast,s_1538,UDP,udp,C00015,CHEBI:58223,MNXM17,,XCCTYIAWTASOJW,ok,energy_nucleotide,energy_nucleotide,currency_or_cofactor,UDP,normalized_name;bigg_ids:udp;kegg_ids:c00015;chebi_ids:chebi:58223;metanetx_ids:mnxm17;inchikey_connectivity:xcctyiawtasojw,normalized_name;bigg_ids;kegg_ids;chebi_ids;metanetx_ids;inchikey_connectivity,multiple_evidence_types,consistent,False,2,2
yeast,s_1539,UDP,udp,C00015,CHEBI:58223,MNXM17,,XCCTYIAWTASOJW,ok,energy_nucleotide,energy_nucleotide,currency_or_cofactor,UDP,normalized_name;bigg_ids:udp;kegg_ids:c00015;chebi_ids:chebi:58223;metanetx_ids:mnxm17;inchikey_connectivity:xcctyiawtasojw,normalized_name;bigg_ids;kegg_ids;chebi_ids;metanetx_ids;inchikey_connectivity,multiple_evidence_types,consistent,False,1,1
yeast,s_1541,UDP-D-galactose,udpgal,C00052,CHEBI:58439,MNXM89795,,HSCJRCZFDFQWRP,ok,other_reactant,other_reactant,other_reactant,,,,not_registry_matched,not_assessable,False,1,1
yeast,s_1543,UDP-D-glucose,udpg,C00029,CHEBI:58367,MNXM722710,,HSCJRCZFDFQWRP,ok,other_reactant,other_reactant,other_reactant,,,,not_registry_matched,not_assessable,False,7,14
yeast,s_1544,UDP-N-acetyl-alpha-D-glucosamine,uacgam,C00043,CHEBI:57705,MNXM47,,LFTYTUAZOPRMMI,ok,other_reactant,other_reactant,other_reactant,,,,not_registry_matched,not_assessable,False,1,3
yeast,s_1545,UMP,ump,C00105,CHEBI:57865,MNXM80,,DJJCXFVJDGTHFX,ok,nucleotide_currency,nucleotide_currency,currency_or_cofactor,UMP,normalized_name;bigg_ids:ump;kegg_ids:c00105;chebi_ids:chebi:57865;metanetx_ids:mnxm80;inchikey_connectivity:djjcxfvjdgthfx,normalized_name;bigg_ids;kegg_ids;chebi_ids;metanetx_ids;inchikey_connectivity,multiple_evidence_types,consistent,False,2,3
yeast,s_1547,UMP,ump,C00105,CHEBI:57865,MNXM80,,DJJCXFVJDGTHFX,ok,nucleotide_currency,nucleotide_currency,currency_or_cofactor,UMP,normalized_name;bigg_ids:ump;kegg_ids:c00105;chebi_ids:chebi:57865;metanetx_ids:mnxm80;inchikey_connectivity:djjcxfvjdgthfx,normalized_name;bigg_ids;kegg_ids;chebi_ids;metanetx_ids;inchikey_connectivity,multiple_evidence_types,consistent,False,2,2
yeast,s_1548,UMP,ump,C00105,CHEBI:57865,MNXM80,,DJJCXFVJDGTHFX,ok,nucleotide_currency,nucleotide_currency,currency_or_cofactor,UMP,normalized_name;bigg_ids:ump;kegg_ids:c00105;chebi_ids:chebi:57865;metanetx_ids:mnxm80;inchikey_connectivity:djjcxfvjdgthfx,normalized_name;bigg_ids;kegg_ids;chebi_ids;metanetx_ids;inchikey_connectivity,multiple_evidence_types,consistent,False,1,1
yeast,s_1549,undecaprenyl diphosphate,udcpdp,C03543,CHEBI:53042,MNXM5043,,NTXGVHCCXVHYCL,ok,other_reactant,other_reactant,other_reactant,,,,not_registry_matched,not_assessable,False,1,2
yeast,s_1550,uracil,ura,C00106,CHEBI:17568,MNXM158,,ISAKRJDGNUQOIC,ok,other_reactant,other_reactant,other_reactant,,,,not_registry_matched,not_assessable,False,2,5
yeast,s_1551,uracil,ura,C00106,CHEBI:17568,MNXM158,,ISAKRJDGNUQOIC,ok,other_reactant,other_reactant,other_reactant,,,,not_registry_matched,not_assessable,False,1,1
yeast,s_1552,urea,urea,C00086,CHEBI:16199,MNXM117,,XSQUKJJJFZCRTK,ok,other_reactant,other_reactant,other_reactant,,,,not_registry_matched,not_assessable,False,2,3
yeast,s_1553,urea,urea,C00086,CHEBI:16199,MNXM117,,XSQUKJJJFZCRTK,ok,other_reactant,other_reactant,other_reactant,,,,not_registry_matched,not_assessable,False,1,1
yeast,s_1554,urea-1-carboxylic acid,allphn,C01010,CHEBI:15832,MNXM1122,,AVWRKZWQTYIKIY,ok,other_reactant,other_reactant,other_reactant,,,,not_registry_matched,not_assessable,False,1,1
yeast,s_1555,ureidoglycolic acid,urdglyc,C05241,CHEBI:49050,MNXM490,,NWZYYCVIOKVTII,ok,other_reactant,other_reactant,other_reactant,,,,not_registry_matched,not_assessable,False,2,2
yeast,s_1556,uridine,uri,C00299,CHEBI:16704,MNXM288,,DRTQHJPVMGBUCF,ok,other_reactant,other_reactant,other_reactant,,,,not_registry_matched,not_assessable,False,3,5
yeast,s_1557,uridine,uri,C00299,CHEBI:16704,MNXM288,,DRTQHJPVMGBUCF,ok,other_reactant,other_reactant,other_reactant,,,,not_registry_matched,not_assessable,False,1,1
yeast,s_1558,uroporphyrinogen III,uppg3,C01051,CHEBI:57308,MNXM414,,HUHWZXWWOFSFKF,ok,other_reactant,other_reactant,other_reactant,,,,not_registry_matched,not_assessable,False,2,2
yeast,s_1559,UTP,utp,C00075,CHEBI:46398,MNXM121,,PGAVKCOVUIYSFO,ok,energy_nucleotide,energy_nucleotide,currency_or_cofactor,UTP,normalized_name;bigg_ids:utp;kegg_ids:c00075;chebi_ids:chebi:46398;metanetx_ids:mnxm121;inchikey_connectivity:pgavkcovuiysfo,normalized_name;bigg_ids;kegg_ids;chebi_ids;metanetx_ids;inchikey_connectivity,multiple_evidence_types,consistent,False,10,13
yeast,s_1565,xanthosine-5-phosphate,xmp,C00655,CHEBI:57464,MNXM298,,DCTLYFZHFGENCW,ok,other_reactant,other_reactant,other_reactant,,,,not_registry_matched,not_assessable,False,1,1
yeast,s_1566,xylitol,xylt,C00379,CHEBI:17151,MNXM510,,HEBKCHPVOIAQTA,ok,other_reactant,other_reactant,other_reactant,,,,not_registry_matched,not_assessable,False,1,1
yeast,s_1567,xylitol,xylt,C00379,CHEBI:17151,MNXM510,,HEBKCHPVOIAQTA,ok,other_reactant,other_reactant,other_reactant,,,,not_registry_matched,not_assessable,False,1,2
yeast,s_1568,zymosterol,zymst,C05437,CHEBI:18252,MNXM574,,CGSJXLIKVBJVRY,ok,other_reactant,other_reactant,other_reactant,,,,not_registry_matched,not_assessable,False,1,2
yeast,s_1569,zymosterol,zymst,C05437,CHEBI:18252,MNXM574,,CGSJXLIKVBJVRY,ok,other_reactant,other_reactant,other_reactant,,,,not_registry_matched,not_assessable,False,1,1
yeast,s_1571,zymosterol,zymst,C05437,CHEBI:18252,MNXM574,,CGSJXLIKVBJVRY,ok,other_reactant,other_reactant,other_reactant,,,,not_registry_matched,not_assessable,False,1,2
yeast,s_1576,zymosterol intermediate 1a,M00963,,CHEBI:52388,MNXM89469,,ORZKEIGPXNMCHC,ok,other_reactant,other_reactant,other_reactant,,,,not_registry_matched,not_assessable,False,1,1
yeast,s_1577,zymosterol intermediate 1b,M00959,,CHEBI:52615,MNXM89470,,ZLQSSFNCEUGGJF,ok,other_reactant,other_reactant,other_reactant,,,,not_registry_matched,not_assessable,False,1,1
yeast,s_1578,zymosterol intermediate 1c,,,CHEBI:52389,MNXM89471,,GGLAWNOISZYLHT,ok,other_reactant,other_reactant,other_reactant,,,,not_registry_matched,not_assessable,False,1,1
yeast,s_1579,zymosterol intermediate 2,M01067,,CHEBI:52386,MNXM2876,,AUNLIRXIJAVBNM,ok,other_reactant,other_reactant,other_reactant,,,,not_registry_matched,not_assessable,False,1,1
yeast,s_1582,tRNA(Ala),trnaala,C01635,CHEBI:29170,MNXM89576,,,missing_smiles,other_reactant,other_reactant,other_reactant,,,,not_registry_matched,not_assessable,False,1,1
yeast,s_1583,tRNA(Arg),trnaarg,C01636,CHEBI:29171,MNXM90751,,,missing_smiles,other_reactant,other_reactant,other_reactant,,,,not_registry_matched,not_assessable,False,1,1
yeast,s_1584,tRNA(Arg),trnaarg,C01636,CHEBI:29171,MNXM90751,,,missing_smiles,other_reactant,other_reactant,other_reactant,,,,not_registry_matched,not_assessable,False,1,1
yeast,s_1585,tRNA(Asn),trnaasn,C01637,CHEBI:29172,MNXM90665,,,missing_smiles,other_reactant,other_reactant,other_reactant,,,,not_registry_matched,not_assessable,False,1,1
yeast,s_1586,tRNA(Asn),trnaasn,C01637,CHEBI:29172,MNXM90665,,,missing_smiles,other_reactant,other_reactant,other_reactant,,,,not_registry_matched,not_assessable,False,1,1
yeast,s_1587,tRNA(Asp),trnaasp,C01638,CHEBI:29186,MNXM90752,,,missing_smiles,other_reactant,other_reactant,other_reactant,,,,not_registry_matched,not_assessable,False,1,1
yeast,s_1588,tRNA(Asp),trnaasp,C01638,CHEBI:29186,MNXM90752,,,missing_smiles,other_reactant,other_reactant,other_reactant,,,,not_registry_matched,not_assessable,False,1,1
yeast,s_1589,tRNA(Cys),trnacys,C01639,CHEBI:29167,MNXM162355,,,missing_smiles,other_reactant,other_reactant,other_reactant,,,,not_registry_matched,not_assessable,False,1,1
yeast,s_1590,tRNA(Gln),trnagln,C01640,CHEBI:29168,MNXM71,,,missing_smiles,other_reactant,other_reactant,other_reactant,,,,not_registry_matched,not_assessable,False,1,1
yeast,s_1591,tRNA(Glu),trnaglu,C01641,CHEBI:29175,MNXM90886,,,missing_smiles,other_reactant,other_reactant,other_reactant,,,,not_registry_matched,not_assessable,False,1,1
yeast,s_1592,tRNA(Glu),trnaglu,C01641,CHEBI:29175,MNXM90886,,,missing_smiles,other_reactant,other_reactant,other_reactant,,,,not_registry_matched,not_assessable,False,1,1
yeast,s_1593,tRNA(Gly),trnagly,C01642,CHEBI:29176,MNXM90340,,,missing_smiles,other_reactant,other_reactant,other_reactant,,,,not_registry_matched,not_assessable,False,1,2
yeast,s_1594,tRNA(His),trnahis,C01643,CHEBI:29178,MNXM90878,,,missing_smiles,other_reactant,other_reactant,other_reactant,,,,not_registry_matched,not_assessable,False,1,1
yeast,s_1595,tRNA(His),trnahis,C01643,CHEBI:29178,MNXM90878,,,missing_smiles,other_reactant,other_reactant,other_reactant,,,,not_registry_matched,not_assessable,False,1,1
yeast,s_1596,tRNA(Ile),trnaile,C01644,CHEBI:29174,MNXM90879,,,missing_smiles,other_reactant,other_reactant,other_reactant,,,,not_registry_matched,not_assessable,False,1,1
yeast,s_1597,tRNA(Ile),trnaile,C01644,CHEBI:29174,MNXM90879,,,missing_smiles,other_reactant,other_reactant,other_reactant,,,,not_registry_matched,not_assessable,False,1,1
yeast,s_1598,tRNA(Leu),trnaleu,C01645,CHEBI:29169,MNXM90880,,,missing_smiles,other_reactant,other_reactant,other_reactant,,,,not_registry_matched,not_assessable,False,1,1
yeast,s_1599,tRNA(Leu),trnaleu,C01645,CHEBI:29169,MNXM90880,,,missing_smiles,other_reactant,other_reactant,other_reactant,,,,not_registry_matched,not_assessable,False,1,1
yeast,s_1600,tRNA(Lys),trnalys,C01646,CHEBI:29185,MNXM90881,,,missing_smiles,other_reactant,other_reactant,other_reactant,,,,not_registry_matched,not_assessable,False,1,1
yeast,s_1601,tRNA(Lys),trnalys,C01646,CHEBI:29185,MNXM90881,,,missing_smiles,other_reactant,other_reactant,other_reactant,,,,not_registry_matched,not_assessable,False,1,1
yeast,s_1602,tRNA(Met),trnamet,C01647,CHEBI:29173,MNXM90882,,,missing_smiles,other_reactant,other_reactant,other_reactant,,,,not_registry_matched,not_assessable,False,1,1
yeast,s_1603,tRNA(Met),trnamet,C01647,CHEBI:29173,MNXM90882,,,missing_smiles,other_reactant,other_reactant,other_reactant,,,,not_registry_matched,not_assessable,False,1,1
yeast,s_1604,tRNA(Phe),trnaphe,C01648,CHEBI:29184,MNXM90753,,,missing_smiles,other_reactant,other_reactant,other_reactant,,,,not_registry_matched,not_assessable,False,1,1
yeast,s_1605,tRNA(Phe),trnaphe,C01648,CHEBI:29184,MNXM90753,,,missing_smiles,other_reactant,other_reactant,other_reactant,,,,not_registry_matched,not_assessable,False,1,1
yeast,s_1606,tRNA(Pro),trnapro,C01649,CHEBI:29177,MNXM90667,,,missing_smiles,other_reactant,other_reactant,other_reactant,,,,not_registry_matched,not_assessable,False,1,1
yeast,s_1607,tRNA(Ser),trnaser,C01650,CHEBI:29179,MNXM91028,,,missing_smiles,other_reactant,other_reactant,other_reactant,,,,not_registry_matched,not_assessable,False,1,2
yeast,s_1608,tRNA(Thr),trnathr,C01651,CHEBI:29180,MNXM90883,,,missing_smiles,other_reactant,other_reactant,other_reactant,,,,not_registry_matched,not_assessable,False,1,1
yeast,s_1609,tRNA(Thr),trnathr,C01651,CHEBI:29180,MNXM90883,,,missing_smiles,other_reactant,other_reactant,other_reactant,,,,not_registry_matched,not_assessable,False,1,1
yeast,s_1610,tRNA(Trp),trnatrp,C01652,CHEBI:29181,MNXM90755,,,missing_smiles,other_reactant,other_reactant,other_reactant,,,,not_registry_matched,not_assessable,False,1,1
yeast,s_1611,tRNA(Trp),trnatrp,C01652,CHEBI:29181,MNXM90755,,,missing_smiles,other_reactant,other_reactant,other_reactant,,,,not_registry_matched,not_assessable,False,1,1
yeast,s_1612,tRNA(Tyr),trnatyr,C00787,CHEBI:29182,MNXM90668,,,missing_smiles,other_reactant,other_reactant,other_reactant,,,,not_registry_matched,not_assessable,False,1,1
yeast,s_1613,tRNA(Tyr),trnatyr,C00787,CHEBI:29182,MNXM90668,,,missing_smiles,other_reactant,other_reactant,other_reactant,,,,not_registry_matched,not_assessable,False,1,1
yeast,s_1614,tRNA(Val),trnaval,C01653,CHEBI:29183,MNXM90885,,,missing_smiles,other_reactant,other_reactant,other_reactant,,,,not_registry_matched,not_assessable,False,1,1
yeast,s_1615,tRNA(Val),trnaval,C01653,CHEBI:29183,MNXM90885,,,missing_smiles,other_reactant,other_reactant,other_reactant,,,,not_registry_matched,not_assessable,False,1,1
yeast,s_1616,TRX1,trdrd,C00342,CHEBI:15033,MNXM96993,,SZJRUBWOVDTKNI,ok,other_reactant,other_reactant,other_reactant,,,,not_registry_matched,not_assessable,False,10,21
yeast,s_1617,TRX1,trdrd,C00342,CHEBI:15033,MNXM96993,,SZJRUBWOVDTKNI,ok,other_reactant,other_reactant,other_reactant,,,,not_registry_matched,not_assessable,False,1,1
yeast,s_1618,TRX1,trdrd,C00342,CHEBI:15033,MNXM96993,,SZJRUBWOVDTKNI,ok,other_reactant,other_reactant,other_reactant,,,,not_registry_matched,not_assessable,False,4,14
yeast,s_1619,TRX1,trdrd,C00342,CHEBI:15033,MNXM96993,,SZJRUBWOVDTKNI,ok,other_reactant,other_reactant,other_reactant,,,,not_registry_matched,not_assessable,False,1,2
yeast,s_1620,TRX1 disulphide,trdox,C00343,CHEBI:18191,MNXM148,,DDQYFSWAPPTJDD,ok,other_reactant,other_reactant,other_reactant,,,,not_registry_matched,not_assessable,False,3,5
yeast,s_1621,TRX1 disulphide,trdox,C00343,CHEBI:18191,MNXM148,,DDQYFSWAPPTJDD,ok,other_reactant,other_reactant,other_reactant,,,,not_registry_matched,not_assessable,False,1,2
yeast,s_1845,ACP1,ACP,C00229,CHEBI:18359,MNXM925,,,inchikey_unavailable,other_reactant,other_reactant,other_reactant,,,,not_registry_matched,not_assessable,False,2,2
yeast,s_2770,acetoacetyl-ACP,actACP,C05744,CHEBI:2393,MNXM1223,,,inchikey_unavailable,other_reactant,other_reactant,other_reactant,,,,not_registry_matched,not_assessable,False,1,1
yeast,s_2771,butanoyl-ACP,,C05745,CHEBI:3247,MNXM2645,,,inchikey_unavailable,other_reactant,other_reactant,other_reactant,,,,not_registry_matched,not_assessable,False,1,1
yeast,s_2772,3-oxo-hexanoyl-ACP,3ohexACP,C05746,CHEBI:1642,MNXM25602,,,inchikey_unavailable,other_reactant,other_reactant,other_reactant,,,,not_registry_matched,not_assessable,False,1,1
yeast,s_2773,hexanoyl-ACP,,C05749,CHEBI:5704,MNXM23683,,,inchikey_unavailable,other_reactant,other_reactant,other_reactant,,,,not_registry_matched,not_assessable,False,1,1
yeast,s_2774,3-oxo-octanoyl-ACP,3ooctACP,C05750,CHEBI:1646,MNXM28031,,,inchikey_unavailable,other_reactant,other_reactant,other_reactant,,,,not_registry_matched,not_assessable,False,1,1
yeast,s_2775,3-hydroxybutanoyl-ACP,3hbutACP,C04618,,,,,missing_smiles,other_reactant,other_reactant,other_reactant,,,,not_registry_matched,not_assessable,False,1,1
yeast,s_2776,3-hydroxyhexanoyl-ACP,3hhexACP,C05747,CHEBI:326,MNXM25370,139212383,SQSDFFHXRYEMNS,ok,other_reactant,other_reactant,other_reactant,,,,not_registry_matched,not_assessable,False,1,1
yeast,s_2777,3-hydroxyoctanoyl-ACP,3hoctaACP,C16220,CHEBI:80387,MNXM10033,45588463,QKRVOGZPQVCVPZ,ok,other_reactant,other_reactant,other_reactant,,,,not_registry_matched,not_assessable,False,1,1
yeast,s_2778,trans-but-2-enoyl-ACP,,,CHEBI:132146,,,,inchikey_unavailable,other_reactant,other_reactant,other_reactant,,,,not_registry_matched,not_assessable,False,1,1
yeast,s_2779,trans-hex-2-enoyl-ACP,thex2eACP,C05748,CHEBI:10727,MNXM24502,,,inchikey_unavailable,other_reactant,other_reactant,other_reactant,,,,not_registry_matched,not_assessable,False,1,1
yeast,s_2780,trans-oct-2-enoyl-ACP,toct2eACP,C05751,,MNXM23766,,,missing_smiles,other_reactant,other_reactant,other_reactant,,,,not_registry_matched,not_assessable,False,1,1
yeast,s_2781,lauroyl-CoA,ddcacoa,C01832,CHEBI:57375,MNXM363,,YMCXGHLSVALICC,ok,carrier_linked_metabolite,carrier_linked_metabolite,carrier_linked_variable,dodecanoyl-CoA,normalized_name;bigg_ids:ddcacoa;kegg_ids:c01832;chebi_ids:chebi:57375;metanetx_ids:mnxm363,normalized_name;bigg_ids;kegg_ids;chebi_ids;metanetx_ids,multiple_evidence_types,not_assessable,False,1,1
yeast,s_2782,malonyl-CoA,malcoa,C00083,CHEBI:57384,MNXM40,,LTYOQGRJFJAKNA,ok,carrier_linked_metabolite,carrier_linked_metabolite,carrier_linked_variable,,normalized_name:coa_linked,normalized_name,name_only,not_assessable,False,7,10
yeast,s_2783,H+,h,C00080,CHEBI:24636,MNXM1,,GPRLSGONYQIRFK,ok,proton,proton,currency_or_cofactor,proton,normalized_name;bigg_ids:h;kegg_ids:c00080;chebi_ids:chebi:24636;metanetx_ids:mnxm1,normalized_name;bigg_ids;kegg_ids;chebi_ids;metanetx_ids,multiple_evidence_types,not_assessable,False,55,62
yeast,s_2785,coenzyme A,coa,C00010,CHEBI:57287,MNXM12,,RGJOEKWQDUBAIZ,ok,carrier_cofactor,carrier_cofactor,currency_or_cofactor,coenzyme A,normalized_name;bigg_ids:coa;kegg_ids:c00010;chebi_ids:chebi:57287;metanetx_ids:mnxm12;inchikey_connectivity:rgjoekwqdubaiz,normalized_name;bigg_ids;kegg_ids;chebi_ids;metanetx_ids;inchikey_connectivity,multiple_evidence_types,consistent,False,9,14
yeast,s_2786,3-oxotetradecanoyl-CoA,3otdcoa,C05261,CHEBI:28726,MNXM707,11966197,IQNFBGHLIVBNOU,ok,carrier_linked_metabolite,carrier_linked_metabolite,carrier_linked_variable,,normalized_name:coa_linked,normalized_name,name_only,not_assessable,False,1,1
yeast,s_2787,myristoyl-CoA,tdcoa,C02593,CHEBI:57385,MNXM224,,DUAFKXOFBZQTQE,ok,carrier_linked_metabolite,carrier_linked_metabolite,carrier_linked_variable,,normalized_name:coa_linked,normalized_name,name_only,not_assessable,False,1,1
yeast,s_2788,3-oxopalmitoyl-CoA,3ohdcoa,C05259,CHEBI:57349,MNXM738,169621,NQMPLXPCRJOSHL,ok,carrier_linked_metabolite,carrier_linked_metabolite,carrier_linked_variable,,normalized_name:coa_linked,normalized_name,name_only,not_assessable,False,1,1
yeast,s_2789,palmitoyl-CoA,pmtcoa,C00154,CHEBI:57379,MNXM88,,MNBKLUUYKPBKDU,ok,carrier_linked_metabolite,carrier_linked_metabolite,carrier_linked_variable,,normalized_name:coa_linked,normalized_name,name_only,not_assessable,False,12,30
yeast,s_2790,3-oxooctadecanoyl-CoA,3ohodcoa,C16216,CHEBI:50571,MNXM513,22833664,LGOGWHDPDVAUNY,ok,carrier_linked_metabolite,carrier_linked_metabolite,carrier_linked_variable,,normalized_name:coa_linked,normalized_name,name_only,not_assessable,False,1,1
yeast,s_2791,stearoyl-CoA,stcoa,C00412,CHEBI:57394,MNXM272,,SIARJEKBADXQJG,ok,carrier_linked_metabolite,carrier_linked_metabolite,carrier_linked_variable,,normalized_name:coa_linked,normalized_name,name_only,not_assessable,False,14,31
yeast,s_2792,3-oxoicosanoyl-CoA,CE2251,,CHEBI:52327,MNXM36762,,FYBVHNZJDVUVLJ,ok,carrier_linked_metabolite,carrier_linked_metabolite,carrier_linked_variable,,normalized_name:coa_linked,normalized_name,name_only,not_assessable,False,1,1
yeast,s_2793,icosanoyl-CoA,arachcoa,C02041,CHEBI:15527,MNXM1429,,JYLSVNBJLYCSSW,ok,carrier_linked_metabolite,carrier_linked_metabolite,carrier_linked_variable,,normalized_name:coa_linked,normalized_name,name_only,not_assessable,False,1,2
yeast,s_2794,3-oxodocosanoyl-CoA,CE2250,,CHEBI:52328,MNXM36756,,RKCOGGUHKPTOQJ,ok,carrier_linked_metabolite,carrier_linked_metabolite,carrier_linked_variable,,normalized_name:coa_linked,normalized_name,name_only,not_assessable,False,1,1
yeast,s_2795,docosanoyl-CoA,docoscoa,C16528,CHEBI:65088,MNXM10780,,NDDZLVOCGALPLR,ok,carrier_linked_metabolite,carrier_linked_metabolite,carrier_linked_variable,,normalized_name:coa_linked,normalized_name,name_only,not_assessable,False,1,2
yeast,s_2796,3-oxotetracosanoyl-CoA,CE2253,,CHEBI:52329,MNXM36773,,JJSJTIWFKNSCHC,ok,carrier_linked_metabolite,carrier_linked_metabolite,carrier_linked_variable,,normalized_name:coa_linked,normalized_name,name_only,not_assessable,False,1,1
yeast,s_2797,tetracosanoyl-CoA,ttccoa,C16529,CHEBI:52974,MNXM1504,,MOYMQYZWIUKGGY,ok,carrier_linked_metabolite,carrier_linked_metabolite,carrier_linked_variable,,normalized_name:coa_linked,normalized_name,name_only,not_assessable,False,1,1
yeast,s_2798,3-oxohexacosanoyl-CoA,3ohxccoa,,CHEBI:52977,MNXM36758,,VOMUIFOBQMYJPJ,ok,carrier_linked_metabolite,carrier_linked_metabolite,carrier_linked_variable,,normalized_name:coa_linked,normalized_name,name_only,not_assessable,False,1,1
yeast,s_2799,NADPH,nadph,C00005,CHEBI:57783,MNXM6,,ACFIXJIJDZMPPO,ok,redox_cofactor,redox_cofactor,currency_or_cofactor,NADPH,normalized_name;bigg_ids:nadph;kegg_ids:c00005;chebi_ids:chebi:57783;metanetx_ids:mnxm6;inchikey_connectivity:acfixjijdzmppo,normalized_name;bigg_ids;kegg_ids;chebi_ids;metanetx_ids;inchikey_connectivity,multiple_evidence_types,consistent,False,18,18
yeast,s_2801,(S)-3-hydroxytetradecanoyl-CoA,3htdcoa,C05260,CHEBI:27466,MNXM767,11966177,OXBHKMHNDGRDCZ,ok,carrier_linked_metabolite,carrier_linked_metabolite,carrier_linked_variable,,normalized_name:coa_linked,normalized_name,name_only,not_assessable,False,1,1
yeast,s_2802,(S)-3-hydroxypalmitoyl-CoA,3hhdcoa,C05258,CHEBI:27402,MNXM825,11966179,DEHLMTDDPWDRDR,ok,carrier_linked_metabolite,carrier_linked_metabolite,carrier_linked_variable,,normalized_name:coa_linked,normalized_name,name_only,not_assessable,False,1,1
yeast,s_2803,3-hydroxyoctadecanoyl-CoA,CE2248,C16217,CHEBI:50583,MNXM1309,,WZMAIEGYXCOYSH,ok,carrier_linked_metabolite,carrier_linked_metabolite,carrier_linked_variable,,normalized_name:coa_linked,normalized_name,name_only,not_assessable,False,1,1
yeast,s_2804,3-hydroxyicosanoyl-CoA,CE2247,,CHEBI:52324,MNXM146349,,KNSVYMFEJLUJST,ok,carrier_linked_metabolite,carrier_linked_metabolite,carrier_linked_variable,,normalized_name:coa_linked,normalized_name,name_only,not_assessable,False,1,1
yeast,s_2805,3-hydroxydocosanoyl-CoA,CE2246,,CHEBI:52325,MNXM162568,,VNJQSRVXTRJVAZ,ok,carrier_linked_metabolite,carrier_linked_metabolite,carrier_linked_variable,,normalized_name:coa_linked,normalized_name,name_only,not_assessable,False,1,1
yeast,s_2806,3-hydroxytetracosanoyl-CoA,CE2249,,CHEBI:52326,MNXM36558,,QIBKBVRVOFIKLN,ok,carrier_linked_metabolite,carrier_linked_metabolite,carrier_linked_variable,,normalized_name:coa_linked,normalized_name,name_only,not_assessable,False,1,1
yeast,s_2807,(S)-3-hydroxyhexacosanoyl-CoA,,,CHEBI:52976,MNXM31741,,GBMJOTOUUWGTIA,ok,carrier_linked_metabolite,carrier_linked_metabolite,carrier_linked_variable,,normalized_name:coa_linked,normalized_name,name_only,not_assessable,False,1,1
yeast,s_2808,H2O,h2o,C00001,CHEBI:15377,MNXM2,,XLYOFNOQVPJJNP,ok,solvent,solvent,currency_or_cofactor,water,normalized_name;bigg_ids:h2o;kegg_ids:c00001;chebi_ids:chebi:15377;metanetx_ids:mnxm2;inchikey_connectivity:xlyofnoqvpjjnp,normalized_name;bigg_ids;kegg_ids;chebi_ids;metanetx_ids;inchikey_connectivity,multiple_evidence_types,consistent,False,45,45
yeast,s_2809,trans-tetradec-2-enoyl-CoA,td2coa,C05273,CHEBI:61405,MNXM654,,MBCVYCOKMMMWLX,ok,carrier_linked_metabolite,carrier_linked_metabolite,carrier_linked_variable,,normalized_name:coa_linked,normalized_name,name_only,not_assessable,False,1,1
yeast,s_2810,trans-hexadec-2-enoyl-CoA,hdd2coa,C05272,,MNXM581,,JUPAQFRKPHPXLD,ok,carrier_linked_metabolite,carrier_linked_metabolite,carrier_linked_variable,,normalized_name:coa_linked,normalized_name,name_only,not_assessable,False,1,1
yeast,s_2811,trans-octadec-2-enoyl-CoA,od2coa,C16218,CHEBI:50570,MNXM954,,NBCCUIHOHUKBMK,ok,carrier_linked_metabolite,carrier_linked_metabolite,carrier_linked_variable,,normalized_name:coa_linked,normalized_name,name_only,not_assessable,False,1,1
yeast,s_2812,trans-icos-2-enoyl-CoA,,,,MNXM22115,,ROOFWBIMBMJYGA,ok,carrier_linked_metabolite,carrier_linked_metabolite,carrier_linked_variable,,normalized_name:coa_linked,normalized_name,name_only,not_assessable,False,1,1
yeast,s_2813,trans-docos-2-enoyl-CoA,,,,MNXM97615,,KRTIFNFQCJTGMV,ok,carrier_linked_metabolite,carrier_linked_metabolite,carrier_linked_variable,,normalized_name:coa_linked,normalized_name,name_only,not_assessable,False,1,1
yeast,s_2814,trans-tetracos-2-enoyl-CoA,CE2245,,CHEBI:75068,MNXM97616,,UVJKZCSQLMWPMV,ok,carrier_linked_metabolite,carrier_linked_metabolite,carrier_linked_variable,,normalized_name:coa_linked,normalized_name,name_only,not_assessable,False,1,1
yeast,s_2815,trans-hexacos-2-enoyl-CoA,hxc2coa,,CHEBI:52975,MNXM114303,,GGUUXBBWTGIIGE,ok,carrier_linked_metabolite,carrier_linked_metabolite,carrier_linked_variable,,normalized_name:coa_linked,normalized_name,name_only,not_assessable,False,1,1
yeast,s_2817,oxygen,o2,C00007,CHEBI:15379,MNXM4,,MYMOFIZGZYHOMD,ok,gas_currency,gas_currency,currency_or_cofactor,oxygen,normalized_name;bigg_ids:o2;kegg_ids:c00007;chebi_ids:chebi:15379;metanetx_ids:mnxm4;inchikey_connectivity:mymofizgzyhomd,normalized_name;bigg_ids;kegg_ids;chebi_ids;metanetx_ids;inchikey_connectivity,multiple_evidence_types,consistent,False,2,2
yeast,s_2818,NADH,nadh,C00004,CHEBI:57945,MNXM10,,BOPGDPNILDQYTO,ok,redox_cofactor,redox_cofactor,currency_or_cofactor,NADH,normalized_name;bigg_ids:nadh;kegg_ids:c00004;chebi_ids:chebi:57945;metanetx_ids:mnxm10;inchikey_connectivity:bopgdpnildqyto,normalized_name;bigg_ids;kegg_ids;chebi_ids;metanetx_ids;inchikey_connectivity,multiple_evidence_types,consistent,False,3,4
yeast,s_2819,palmitoleoyl-CoA(4-),hdcoa,C21072,CHEBI:61540,MNXM781,,QBYOCCWNZAOZTL,ok,carrier_linked_metabolite,carrier_linked_metabolite,carrier_linked_variable,,normalized_name:coa_linked,normalized_name,name_only,not_assessable,False,19,38
yeast,s_2821,oleoyl-CoA,ocdce9coa,C00510,CHEBI:57387,MNXM686,,XDUHQPOXLUAVEE,ok,carrier_linked_metabolite,carrier_linked_metabolite,carrier_linked_variable,,normalized_name:coa_linked,normalized_name,name_only,not_assessable,False,19,40
yeast,s_2822,butyrate,but,C00246,CHEBI:17968,MNXM458,,FERIUCNNQQJTOY,ok,other_reactant,other_reactant,other_reactant,,,,not_registry_matched,not_assessable,False,1,1
yeast,s_2824,hexanoate,hxa,C01585,CHEBI:17120,MNXM1653,,FUZZWVXGSFPDMH,ok,other_reactant,other_reactant,other_reactant,,,,not_registry_matched,not_assessable,False,1,1
yeast,s_2826,oleate,ocdcea,C00712,CHEBI:30823,MNXM306,,ZQPPMHVWECSIRJ,ok,other_reactant,other_reactant,other_reactant,,,,not_registry_matched,not_assessable,False,1,1
yeast,s_2831,ATP,atp,C00002,CHEBI:30616,MNXM3,5957,ZKHQWZAMYRWXGA,ok,energy_nucleotide,energy_nucleotide,currency_or_cofactor,ATP,normalized_name;bigg_ids:atp;kegg_ids:c00002;chebi_ids:chebi:30616;metanetx_ids:mnxm3;pubchem_cids:5957;inchikey_connectivity:zkhqwzamyrwxga,normalized_name;bigg_ids;kegg_ids;chebi_ids;metanetx_ids;pubchem_cids;inchikey_connectivity,multiple_evidence_types,consistent,False,10,15
yeast,s_2832,laurate,ddca,C02679,CHEBI:18262,MNXM402,,POULHZVOKOAJMA,ok,other_reactant,other_reactant,other_reactant,,,,not_registry_matched,not_assessable,False,1,1
yeast,s_2835,myristate,ttdca,C06424,CHEBI:30807,MNXM314,,TUNFSRHWOTWDNC,ok,other_reactant,other_reactant,other_reactant,,,,not_registry_matched,not_assessable,False,1,2
yeast,s_2836,palmitate,hdca,C00249,CHEBI:7896,MNXM108,,IPCSVZSSVZVIGE,ok,other_reactant,other_reactant,other_reactant,,,,not_registry_matched,not_assessable,False,1,2
yeast,s_2837,palmitoleate,hdcea,C08362,CHEBI:32372,MNXM162245,,SECPZKHBENQXJG,ok,other_reactant,other_reactant,other_reactant,,,,not_registry_matched,not_assessable,False,1,2
yeast,s_2838,stearate,ocdca,C01530,CHEBI:25629,MNXM236,,QIQXTHQIDYTFRH,ok,other_reactant,other_reactant,other_reactant,,,,not_registry_matched,not_assessable,False,1,2
yeast,s_2839,oleate,ocdcea,C00712,CHEBI:30823,MNXM306,,ZQPPMHVWECSIRJ,ok,other_reactant,other_reactant,other_reactant,,,,not_registry_matched,not_assessable,False,1,2
yeast,s_2840,ATP,atp,C00002,CHEBI:30616,MNXM3,5957,ZKHQWZAMYRWXGA,ok,energy_nucleotide,energy_nucleotide,currency_or_cofactor,ATP,normalized_name;bigg_ids:atp;kegg_ids:c00002;chebi_ids:chebi:30616;metanetx_ids:mnxm3;pubchem_cids:5957;inchikey_connectivity:zkhqwzamyrwxga,normalized_name;bigg_ids;kegg_ids;chebi_ids;metanetx_ids;pubchem_cids;inchikey_connectivity,multiple_evidence_types,consistent,False,9,14
yeast,s_2841,laurate,ddca,C02679,CHEBI:18262,MNXM402,,POULHZVOKOAJMA,ok,other_reactant,other_reactant,other_reactant,,,,not_registry_matched,not_assessable,False,1,1
yeast,s_2844,myristate,ttdca,C06424,CHEBI:30807,MNXM314,,TUNFSRHWOTWDNC,ok,other_reactant,other_reactant,other_reactant,,,,not_registry_matched,not_assessable,False,1,2
yeast,s_2846,palmitate,hdca,C00249,CHEBI:7896,MNXM108,,IPCSVZSSVZVIGE,ok,other_reactant,other_reactant,other_reactant,,,,not_registry_matched,not_assessable,False,1,2
yeast,s_2847,palmitoyl-CoA,pmtcoa,C00154,CHEBI:57379,MNXM88,,MNBKLUUYKPBKDU,ok,carrier_linked_metabolite,carrier_linked_metabolite,carrier_linked_variable,,normalized_name:coa_linked,normalized_name,name_only,not_assessable,False,10,10
yeast,s_2848,palmitoleate,hdcea,C08362,CHEBI:32372,MNXM162245,,SECPZKHBENQXJG,ok,other_reactant,other_reactant,other_reactant,,,,not_registry_matched,not_assessable,False,1,2
yeast,s_2849,palmitoleoyl-CoA(4-),hdcoa,C21072,CHEBI:61540,MNXM781,,QBYOCCWNZAOZTL,ok,carrier_linked_metabolite,carrier_linked_metabolite,carrier_linked_variable,,normalized_name:coa_linked,normalized_name,name_only,not_assessable,False,10,10
yeast,s_2850,stearate,ocdca,C01530,CHEBI:25629,MNXM236,,QIQXTHQIDYTFRH,ok,other_reactant,other_reactant,other_reactant,,,,not_registry_matched,not_assessable,False,1,2
yeast,s_2851,stearoyl-CoA,stcoa,C00412,CHEBI:57394,MNXM272,,SIARJEKBADXQJG,ok,carrier_linked_metabolite,carrier_linked_metabolite,carrier_linked_variable,,normalized_name:coa_linked,normalized_name,name_only,not_assessable,False,10,10
yeast,s_2852,oleate,ocdcea,C00712,CHEBI:30823,MNXM306,,ZQPPMHVWECSIRJ,ok,other_reactant,other_reactant,other_reactant,,,,not_registry_matched,not_assessable,False,1,2
yeast,s_2853,oleoyl-CoA,ocdce9coa,C00510,CHEBI:57387,MNXM686,,XDUHQPOXLUAVEE,ok,carrier_linked_metabolite,carrier_linked_metabolite,carrier_linked_variable,,normalized_name:coa_linked,normalized_name,name_only,not_assessable,False,18,26
yeast,s_2854,palmitoleoyl-CoA(4-),hdcoa,C21072,CHEBI:61540,MNXM781,,QBYOCCWNZAOZTL,ok,carrier_linked_metabolite,carrier_linked_metabolite,carrier_linked_variable,,normalized_name:coa_linked,normalized_name,name_only,not_assessable,False,2,2
yeast,s_2855,oleate,ocdcea,C00712,CHEBI:30823,MNXM306,,ZQPPMHVWECSIRJ,ok,other_reactant,other_reactant,other_reactant,,,,not_registry_matched,not_assessable,False,1,1
yeast,s_2856,ATP,atp,C00002,CHEBI:30616,MNXM3,5957,ZKHQWZAMYRWXGA,ok,energy_nucleotide,energy_nucleotide,currency_or_cofactor,ATP,normalized_name;bigg_ids:atp;kegg_ids:c00002;chebi_ids:chebi:30616;metanetx_ids:mnxm3;pubchem_cids:5957;inchikey_connectivity:zkhqwzamyrwxga,normalized_name;bigg_ids;kegg_ids;chebi_ids;metanetx_ids;pubchem_cids;inchikey_connectivity,multiple_evidence_types,consistent,False,20,28
yeast,s_2857,coenzyme A,coa,C00010,CHEBI:57287,MNXM12,,RGJOEKWQDUBAIZ,ok,carrier_cofactor,carrier_cofactor,currency_or_cofactor,coenzyme A,normalized_name;bigg_ids:coa;kegg_ids:c00010;chebi_ids:chebi:57287;metanetx_ids:mnxm12;inchikey_connectivity:rgjoekwqdubaiz,normalized_name;bigg_ids;kegg_ids;chebi_ids;metanetx_ids;inchikey_connectivity,multiple_evidence_types,consistent,False,4,4
yeast,s_2858,arachidate,arach,C06425,CHEBI:32360,MNXM2976,,VKOBVWXKNCXXDE,ok,other_reactant,other_reactant,other_reactant,,,,not_registry_matched,not_assessable,False,1,1
yeast,s_2862,behenate,docosac,C08281,CHEBI:23858,MNXM7102,,UKMSUNONTOPOIO,ok,other_reactant,other_reactant,other_reactant,,,,not_registry_matched,not_assessable,False,1,1
yeast,s_2864,lignoceric acid,lgnc,C08320,CHEBI:31014,MNXM3297,,QZZGJDVWLFXDLK,ok,other_reactant,other_reactant,other_reactant,,,,not_registry_matched,not_assessable,False,1,1
yeast,s_2866,cerotic acid,hexc,,CHEBI:31013,MNXM46158,,XMHIUKTWLZUKEX,ok,other_reactant,other_reactant,other_reactant,,,,not_registry_matched,not_assessable,False,1,1
yeast,s_2868,behenate,docosac,C08281,CHEBI:23858,MNXM7102,,UKMSUNONTOPOIO,ok,other_reactant,other_reactant,other_reactant,,,,not_registry_matched,not_assessable,False,1,1
yeast,s_2869,lignoceric acid,lgnc,C08320,CHEBI:31014,MNXM3297,,QZZGJDVWLFXDLK,ok,other_reactant,other_reactant,other_reactant,,,,not_registry_matched,not_assessable,False,1,1
yeast,s_2870,cerotic acid,hexc,,CHEBI:31013,MNXM46158,,XMHIUKTWLZUKEX,ok,other_reactant,other_reactant,other_reactant,,,,not_registry_matched,not_assessable,False,1,1
yeast,s_2871,behenate,docosac,C08281,CHEBI:23858,MNXM7102,,UKMSUNONTOPOIO,ok,other_reactant,other_reactant,other_reactant,,,,not_registry_matched,not_assessable,False,1,1
yeast,s_2873,lignoceric acid,lgnc,C08320,CHEBI:31014,MNXM3297,,QZZGJDVWLFXDLK,ok,other_reactant,other_reactant,other_reactant,,,,not_registry_matched,not_assessable,False,1,1
yeast,s_2875,cerotic acid,hexc,,CHEBI:31013,MNXM46158,,XMHIUKTWLZUKEX,ok,other_reactant,other_reactant,other_reactant,,,,not_registry_matched,not_assessable,False,1,1
yeast,s_2877,palmitoleoyl-CoA(4-),hdcoa,C21072,CHEBI:61540,MNXM781,,QBYOCCWNZAOZTL,ok,carrier_linked_metabolite,carrier_linked_metabolite,carrier_linked_variable,,normalized_name:coa_linked,normalized_name,name_only,not_assessable,False,1,1
yeast,s_2878,icosanoyl-CoA,arachcoa,C02041,CHEBI:15527,MNXM1429,,JYLSVNBJLYCSSW,ok,carrier_linked_metabolite,carrier_linked_metabolite,carrier_linked_variable,,normalized_name:coa_linked,normalized_name,name_only,not_assessable,False,1,1
yeast,s_2879,icosanoyl-CoA,arachcoa,C02041,CHEBI:15527,MNXM1429,,JYLSVNBJLYCSSW,ok,carrier_linked_metabolite,carrier_linked_metabolite,carrier_linked_variable,,normalized_name:coa_linked,normalized_name,name_only,not_assessable,False,1,1
yeast,s_2880,docosanoyl-CoA,docoscoa,C16528,CHEBI:65088,MNXM10780,,NDDZLVOCGALPLR,ok,carrier_linked_metabolite,carrier_linked_metabolite,carrier_linked_variable,,normalized_name:coa_linked,normalized_name,name_only,not_assessable,False,1,1
yeast,s_2881,docosanoyl-CoA,docoscoa,C16528,CHEBI:65088,MNXM10780,,NDDZLVOCGALPLR,ok,carrier_linked_metabolite,carrier_linked_metabolite,carrier_linked_variable,,normalized_name:coa_linked,normalized_name,name_only,not_assessable,False,1,1
yeast,s_2884,butanoyl-CoA,btcoa,C00136,CHEBI:57371,MNXM233,122283,CRFNGMNYKDXRTN,ok,carrier_linked_metabolite,carrier_linked_metabolite,carrier_linked_variable,,normalized_name:coa_linked,normalized_name,name_only,not_assessable,False,2,2
yeast,s_2885,hexanoyl-CoA,hxcoa,C05270,CHEBI:27540,MNXM553,,OEXFMSFODMQEPE,ok,carrier_linked_metabolite,carrier_linked_metabolite,carrier_linked_variable,,normalized_name:coa_linked,normalized_name,name_only,not_assessable,False,2,2
yeast,s_2886,but-2-enoyl-CoA,b2coa,C00877,CHEBI:36926,MNXM214,5497143,KFWWCMJSYSSPSK,ok,carrier_linked_metabolite,carrier_linked_metabolite,carrier_linked_variable,,normalized_name:coa_linked,normalized_name,name_only,not_assessable,False,1,1
yeast,s_2887,trans-hex-2-enoyl-CoA,hx2coa,C05271,CHEBI:28706,MNXM753,,OINXHIBNZUUIMR,ok,carrier_linked_metabolite,carrier_linked_metabolite,carrier_linked_variable,,normalized_name:coa_linked,normalized_name,name_only,not_assessable,False,1,1
yeast,s_2888,trans-oct-2-enoyl-CoA,oc2coa,C05276,CHEBI:27537,MNXM784,,CPSDNAXXKWVYIY,ok,carrier_linked_metabolite,carrier_linked_metabolite,carrier_linked_variable,,normalized_name:coa_linked,normalized_name,name_only,not_assessable,False,1,1
yeast,s_2889,trans-icos-2-enoyl-CoA,,,,MNXM22115,,ROOFWBIMBMJYGA,ok,carrier_linked_metabolite,carrier_linked_metabolite,carrier_linked_variable,,normalized_name:coa_linked,normalized_name,name_only,not_assessable,False,1,1
yeast,s_2890,trans-docos-2-enoyl-CoA,,,,MNXM97615,,KRTIFNFQCJTGMV,ok,carrier_linked_metabolite,carrier_linked_metabolite,carrier_linked_variable,,normalized_name:coa_linked,normalized_name,name_only,not_assessable,False,1,1
yeast,s_2891,trans-tetracos-2-enoyl-CoA,CE2245,,CHEBI:75068,MNXM97616,,UVJKZCSQLMWPMV,ok,carrier_linked_metabolite,carrier_linked_metabolite,carrier_linked_variable,,normalized_name:coa_linked,normalized_name,name_only,not_assessable,False,1,1
yeast,s_2892,"trans-2,cis-9-hexadecadienoyl-CoA",,,CHEBI:78178,MNXM146680,,BEQWCBBSKHMRCA,ok,carrier_linked_metabolite,carrier_linked_metabolite,carrier_linked_variable,,normalized_name:coa_linked,normalized_name,name_only,not_assessable,False,1,1
yeast,s_2893,cis-tetradec-7-enoyl-CoA,,,,,,,missing_smiles,carrier_linked_metabolite,carrier_linked_metabolite,carrier_linked_variable,,normalized_name:coa_linked,normalized_name,name_only,not_assessable,False,1,1
yeast,s_2894,"trans-2,cis-7-tetradecadienoyl-CoA",,,CHEBI:88067,,,JVEFYXPCQBMMAA,ok,carrier_linked_metabolite,carrier_linked_metabolite,carrier_linked_variable,,normalized_name:coa_linked,normalized_name,name_only,not_assessable,False,1,1
yeast,s_2895,cis-dodec-5-enoyl-CoA,,,,,,,missing_smiles,carrier_linked_metabolite,carrier_linked_metabolite,carrier_linked_variable,,normalized_name:coa_linked,normalized_name,name_only,not_assessable,False,1,1
yeast,s_2896,"trans-2,cis-5-dodecadienoyl-CoA",,,,,,,missing_smiles,carrier_linked_metabolite,carrier_linked_metabolite,carrier_linked_variable,,normalized_name:coa_linked,normalized_name,name_only,not_assessable,False,2,2
yeast,s_2897,"trans-2,cis-9-octadecadienoyl-CoA",lnlccoa,C02050,CHEBI:15530,MNXM638,,YECLLIMZHNYFCK,ok,carrier_linked_metabolite,carrier_linked_metabolite,carrier_linked_variable,,normalized_name:coa_linked,normalized_name,name_only,not_assessable,False,1,1
yeast,s_2898,cis-hexadec-7-enoyl-CoA,,,CHEBI:88008,MNXM149511,,MJWMOLDKMBISOB,ok,carrier_linked_metabolite,carrier_linked_metabolite,carrier_linked_variable,,normalized_name:coa_linked,normalized_name,name_only,not_assessable,False,1,1
yeast,s_2899,"trans-2,cis-7-hexadecadienoyl-CoA",,,CHEBI:88086,,,YQARRKBGBKPBCX,ok,carrier_linked_metabolite,carrier_linked_metabolite,carrier_linked_variable,,normalized_name:coa_linked,normalized_name,name_only,not_assessable,False,1,1
yeast,s_2900,cis-tetradec-5-enoyl-CoA,,,CHEBI:70712,MNXM103862,,MRVDZOHJMLTLHJ,ok,carrier_linked_metabolite,carrier_linked_metabolite,carrier_linked_variable,,normalized_name:coa_linked,normalized_name,name_only,not_assessable,False,1,1
yeast,s_2901,"trans-2,cis-5-tetradecadienoyl-CoA",,,,,,,missing_smiles,carrier_linked_metabolite,carrier_linked_metabolite,carrier_linked_variable,,normalized_name:coa_linked,normalized_name,name_only,not_assessable,False,2,2
yeast,s_2902,(R)-3-hydroxybutanoyl-CoA,,C03561,CHEBI:15452,MNXM1058,,QHHKKMYHDBRONY,ok,carrier_linked_metabolite,carrier_linked_metabolite,carrier_linked_variable,,normalized_name:coa_linked,normalized_name,name_only,not_assessable,False,1,1
yeast,s_2903,(R)-3-hydroxyhexanoyl-CoA,R_3hhcoa,,CHEBI:74474,,,VAAHKRMGOFIORX,ok,carrier_linked_metabolite,carrier_linked_metabolite,carrier_linked_variable,,normalized_name:coa_linked,normalized_name,name_only,not_assessable,False,1,1
yeast,s_2904,(R)-3-hydroxyoctanoyl-CoA,R_3hocoa,C05278,CHEBI:28573,MNXM31570,,ATVGTMKWKDUCMS,ok,carrier_linked_metabolite,carrier_linked_metabolite,carrier_linked_variable,,normalized_name:coa_linked,normalized_name,name_only,not_assessable,False,1,1
yeast,s_2905,(R)-3-hydroxyicosanoyl-CoA,,,CHEBI:76453,MNXM36530,,KNSVYMFEJLUJST,ok,carrier_linked_metabolite,carrier_linked_metabolite,carrier_linked_variable,,normalized_name:coa_linked,normalized_name,name_only,not_assessable,False,1,1
yeast,s_2906,(R)-3-hydroxydocosanoyl-CoA,,,CHEBI:76375,MNXM162568,,VNJQSRVXTRJVAZ,ok,carrier_linked_metabolite,carrier_linked_metabolite,carrier_linked_variable,,normalized_name:coa_linked,normalized_name,name_only,not_assessable,False,1,1
yeast,s_2907,(R)-3-hydroxytetracosanoyl-CoA,,,CHEBI:76463,MNXM36558,,QIBKBVRVOFIKLN,ok,carrier_linked_metabolite,carrier_linked_metabolite,carrier_linked_variable,,normalized_name:coa_linked,normalized_name,name_only,not_assessable,False,1,1
yeast,s_2908,(R)-3-hydroxy-cis-hexadec-9-enoyl-CoA,,,,,,,missing_smiles,carrier_linked_metabolite,carrier_linked_metabolite,carrier_linked_variable,,normalized_name:coa_linked,normalized_name,name_only,not_assessable,False,1,1
yeast,s_2909,(R)-3-hydroxy-cis-tetradec-7-enoyl-CoA,,,,,,,missing_smiles,carrier_linked_metabolite,carrier_linked_metabolite,carrier_linked_variable,,normalized_name:coa_linked,normalized_name,name_only,not_assessable,False,1,1
yeast,s_2910,(R)-3-hydroxy-cis-dodec-5-enoyl-CoA,,,,,,,missing_smiles,carrier_linked_metabolite,carrier_linked_metabolite,carrier_linked_variable,,normalized_name:coa_linked,normalized_name,name_only,not_assessable,False,1,1
yeast,s_2911,(R)-3-hydroxy-cis-octadec-9-enoyl-CoA,,,CHEBI:87781,MNXM149457,,LHAYYTCFPMUQNR,ok,carrier_linked_metabolite,carrier_linked_metabolite,carrier_linked_variable,,normalized_name:coa_linked,normalized_name,name_only,not_assessable,False,1,1
yeast,s_2912,(R)-3-hydroxy-cis-hexadec-7-enoyl-CoA,,,CHEBI:88087,,,,inchikey_unavailable,carrier_linked_metabolite,carrier_linked_metabolite,carrier_linked_variable,,normalized_name:coa_linked,normalized_name,name_only,not_assessable,False,1,1
yeast,s_2913,(R)-3-hydroxy-cis-tetradec-5-enoyl-CoA,,,CHEBI:88072,,,KJJPUIFALMAQPF,ok,carrier_linked_metabolite,carrier_linked_metabolite,carrier_linked_variable,,normalized_name:coa_linked,normalized_name,name_only,not_assessable,False,1,1
yeast,s_2914,acetoacetyl-CoA,aacoa,C00332,CHEBI:57286,MNXM133,92153,OJFDKHTZOUZBOS,ok,carrier_linked_metabolite,carrier_linked_metabolite,carrier_linked_variable,acetoacetyl-CoA,normalized_name;bigg_ids:aacoa;kegg_ids:c00332;chebi_ids:chebi:57286;metanetx_ids:mnxm133;pubchem_cids:92153,normalized_name;bigg_ids;kegg_ids;chebi_ids;metanetx_ids;pubchem_cids,multiple_evidence_types,not_assessable,False,1,1
yeast,s_2915,3-oxohexanoyl-CoA,3ohcoa,C05269,CHEBI:27648,MNXM717,3082152,NFOYYXQAVVYWKV,ok,carrier_linked_metabolite,carrier_linked_metabolite,carrier_linked_variable,,normalized_name:coa_linked,normalized_name,name_only,not_assessable,False,1,1
yeast,s_2916,3-oxooctanoyl-CoA,3oocoa,C05267,CHEBI:28264,MNXM706,11966162,WPIVBCGRGVNDDT,ok,carrier_linked_metabolite,carrier_linked_metabolite,carrier_linked_variable,,normalized_name:coa_linked,normalized_name,name_only,not_assessable,False,1,1
yeast,s_2917,3-oxoicosanoyl-CoA,CE2251,,CHEBI:52327,MNXM36762,,FYBVHNZJDVUVLJ,ok,carrier_linked_metabolite,carrier_linked_metabolite,carrier_linked_variable,,normalized_name:coa_linked,normalized_name,name_only,not_assessable,False,1,1
yeast,s_2918,3-oxodocosanoyl-CoA,CE2250,,CHEBI:52328,MNXM36756,,RKCOGGUHKPTOQJ,ok,carrier_linked_metabolite,carrier_linked_metabolite,carrier_linked_variable,,normalized_name:coa_linked,normalized_name,name_only,not_assessable,False,1,1
yeast,s_2919,3-oxotetracosanoyl-CoA,CE2253,,CHEBI:52329,MNXM36773,,JJSJTIWFKNSCHC,ok,carrier_linked_metabolite,carrier_linked_metabolite,carrier_linked_variable,,normalized_name:coa_linked,normalized_name,name_only,not_assessable,False,1,1
yeast,s_2920,3-oxo-cis-hexadec-9-enoyl-CoA,,,CHEBI:53152,,,QBYOCCWNZAOZTL,ok,carrier_linked_metabolite,carrier_linked_metabolite,carrier_linked_variable,,normalized_name:coa_linked,normalized_name,name_only,not_assessable,False,1,1
yeast,s_2921,3-oxo-cis-tetradec-7-enoyl-CoA,,,,,,,missing_smiles,carrier_linked_metabolite,carrier_linked_metabolite,carrier_linked_variable,,normalized_name:coa_linked,normalized_name,name_only,not_assessable,False,1,1
yeast,s_2922,3-oxo-cis-dodec-5-enoyl-CoA,,,,,,,missing_smiles,carrier_linked_metabolite,carrier_linked_metabolite,carrier_linked_variable,,normalized_name:coa_linked,normalized_name,name_only,not_assessable,False,1,1
yeast,s_2923,3-oxo-cis-octadec-9-enoyl-CoA,,,CHEBI:78146,,,XDUHQPOXLUAVEE,ok,carrier_linked_metabolite,carrier_linked_metabolite,carrier_linked_variable,,normalized_name:coa_linked,normalized_name,name_only,not_assessable,False,1,1
yeast,s_2924,3-oxo-cis-hexadec-7-enoyl-CoA,,,CHEBI:88090,MNXM150996,,BUCIFQOXNYHEOO,ok,carrier_linked_metabolite,carrier_linked_metabolite,carrier_linked_variable,,normalized_name:coa_linked,normalized_name,name_only,not_assessable,False,1,1
yeast,s_2925,3-oxo-cis-tetradec-5-enoyl-CoA,,,CHEBI:88080,MNXM147795,,KADPWMJVUVWQNK,ok,carrier_linked_metabolite,carrier_linked_metabolite,carrier_linked_variable,,normalized_name:coa_linked,normalized_name,name_only,not_assessable,False,1,1
yeast,s_2926,cis-dec-3-enoyl-CoA,,,,MNXM164218,,CQGVNMQHZQJNII,ok,carrier_linked_metabolite,carrier_linked_metabolite,carrier_linked_variable,,normalized_name:coa_linked,normalized_name,name_only,not_assessable,False,1,1
yeast,s_2927,cis-dodec-3-enoyl-CoA,,C02944,CHEBI:27989,MNXM3949,,XEMIVMKTVGRFTD,ok,carrier_linked_metabolite,carrier_linked_metabolite,carrier_linked_variable,,normalized_name:coa_linked,normalized_name,name_only,not_assessable,False,1,1
yeast,s_2928,"trans-3,cis-5-dodecadienoyl-CoA",,,CHEBI:139121,,,,missing_smiles,carrier_linked_metabolite,carrier_linked_metabolite,carrier_linked_variable,,normalized_name:coa_linked,normalized_name,name_only,not_assessable,False,1,1
yeast,s_2929,trans-dodec-3-enoyl-CoA,dd3coa,,,,,,missing_smiles,carrier_linked_metabolite,carrier_linked_metabolite,carrier_linked_variable,,normalized_name:coa_linked,normalized_name,name_only,not_assessable,False,1,1
yeast,s_2930,"trans-3,cis-5-tetradecadienoyl-CoA",,,CHEBI:72001,MNXM9966,,QADUDNMSWUFMGZ,ok,carrier_linked_metabolite,carrier_linked_metabolite,carrier_linked_variable,,normalized_name:coa_linked,normalized_name,name_only,not_assessable,False,1,1
yeast,s_2931,trans-tetradec-3-enoyl-CoA,,,CHEBI:88083,MNXM7189,,SSOCUKXLUZQJHU,ok,carrier_linked_metabolite,carrier_linked_metabolite,carrier_linked_variable,,normalized_name:coa_linked,normalized_name,name_only,not_assessable,False,1,1
yeast,s_2932,"trans-2,trans-4-dodecadienoyl-CoA",,C05280,CHEBI:28002,MNXM2008,,KEPSPLQXVPROMK,ok,carrier_linked_metabolite,carrier_linked_metabolite,carrier_linked_variable,,normalized_name:coa_linked,normalized_name,name_only,not_assessable,False,1,1
yeast,s_2933,"trans-2,trans-4-tetradecadienoyl-CoA",,,CHEBI:88084,MNXM147629,,ULOGSHZMDLRQRY,ok,carrier_linked_metabolite,carrier_linked_metabolite,carrier_linked_variable,,normalized_name:coa_linked,normalized_name,name_only,not_assessable,False,1,1
yeast,s_2934,glycerol 3-phosphate,glyc3p,C00093,CHEBI:57597,MNXM66,,AWUCVROLDVIAJX,ok,other_reactant,other_reactant,other_reactant,,,,not_registry_matched,not_assessable,False,4,6
yeast,s_2935,1-acyl-sn-glycerol 3-phosphate (16:0),1hdecg3p,C04036,CHEBI:15799,MNXM2455,,YNDYKPRNFWPPFU,ok,other_reactant,other_reactant,other_reactant,,,,not_registry_matched,not_assessable,False,2,3
yeast,s_2936,1-acyl-sn-glycerol 3-phosphate (16:1),,,CHEBI:75070,MNXM66496,,GLGQZYWTNAOWHT,ok,other_reactant,other_reactant,other_reactant,,,,not_registry_matched,not_assessable,False,2,3
yeast,s_2937,1-acyl-sn-glycerol 3-phosphate (18:0),1odecg3p,,CHEBI:74850,MNXM32950,49859619,LAYXSTYJRSVXIH,ok,other_reactant,other_reactant,other_reactant,,,,not_registry_matched,not_assessable,False,2,3
yeast,s_2938,1-acyl-sn-glycerol 3-phosphate (18:1),,,CHEBI:62837,MNXM32960,,WRGQSWVCFNIUNZ,ok,other_reactant,other_reactant,other_reactant,,,,not_registry_matched,not_assessable,False,2,3
yeast,s_2939,dihydroxyacetone phosphate,dhap,C00111,CHEBI:57642,MNXM77,,GNGACRATGGDKBX,ok,other_reactant,other_reactant,other_reactant,,,,not_registry_matched,not_assessable,False,4,6
yeast,s_2940,acylglycerone phosphate (16:0),,C01192,CHEBI:17868,MNXM1061,,MLWXSIMRTQAWHY,ok,other_reactant,other_reactant,other_reactant,,,,not_registry_matched,not_assessable,False,1,1
yeast,s_2941,acylglycerone phosphate (16:1),,,,,,,missing_smiles,other_reactant,other_reactant,other_reactant,,,,not_registry_matched,not_assessable,False,1,1
yeast,s_2942,acylglycerone phosphate (18:0),,C03805,CHEBI:36476,MNXM33006,,GTPATKZCXDKGQS,ok,other_reactant,other_reactant,other_reactant,,,,not_registry_matched,not_assessable,False,1,1
yeast,s_2943,acylglycerone phosphate (18:1),,C03630,CHEBI:36475,MNXM32961,,YZKFNNQAEBNCEN,ok,other_reactant,other_reactant,other_reactant,,,,not_registry_matched,not_assessable,False,1,1
yeast,s_2944,1-acyl-sn-glycerol 3-phosphate (16:0),1hdecg3p,C04036,CHEBI:15799,MNXM2455,,YNDYKPRNFWPPFU,ok,other_reactant,other_reactant,other_reactant,,,,not_registry_matched,not_assessable,False,1,3
yeast,s_2945,1-acyl-sn-glycerol 3-phosphate (16:1),,,CHEBI:75070,MNXM66496,,GLGQZYWTNAOWHT,ok,other_reactant,other_reactant,other_reactant,,,,not_registry_matched,not_assessable,False,1,3
yeast,s_2946,1-acyl-sn-glycerol 3-phosphate (18:0),1odecg3p,,CHEBI:74850,MNXM32950,49859619,LAYXSTYJRSVXIH,ok,other_reactant,other_reactant,other_reactant,,,,not_registry_matched,not_assessable,False,1,3
yeast,s_2947,1-acyl-sn-glycerol 3-phosphate (18:1),,,CHEBI:62837,MNXM32960,,WRGQSWVCFNIUNZ,ok,other_reactant,other_reactant,other_reactant,,,,not_registry_matched,not_assessable,False,1,3
yeast,s_2948,acylglycerone phosphate (16:0),,C01192,CHEBI:17868,MNXM1061,,MLWXSIMRTQAWHY,ok,other_reactant,other_reactant,other_reactant,,,,not_registry_matched,not_assessable,False,1,1
yeast,s_2949,acylglycerone phosphate (16:1),,,,,,,missing_smiles,other_reactant,other_reactant,other_reactant,,,,not_registry_matched,not_assessable,False,1,1
yeast,s_2950,acylglycerone phosphate (18:0),,C03805,CHEBI:36476,MNXM33006,,GTPATKZCXDKGQS,ok,other_reactant,other_reactant,other_reactant,,,,not_registry_matched,not_assessable,False,1,1
yeast,s_2951,acylglycerone phosphate (18:1),,C03630,CHEBI:36475,MNXM32961,,YZKFNNQAEBNCEN,ok,other_reactant,other_reactant,other_reactant,,,,not_registry_matched,not_assessable,False,1,1
yeast,s_2952,NADPH,nadph,C00005,CHEBI:57783,MNXM6,,ACFIXJIJDZMPPO,ok,redox_cofactor,redox_cofactor,currency_or_cofactor,NADPH,normalized_name;bigg_ids:nadph;kegg_ids:c00005;chebi_ids:chebi:57783;metanetx_ids:mnxm6;inchikey_connectivity:acfixjijdzmppo,normalized_name;bigg_ids;kegg_ids;chebi_ids;metanetx_ids;inchikey_connectivity,multiple_evidence_types,consistent,False,4,4
yeast,s_2954,"phosphatidate (1-16:0, 2-16:1)",,,CHEBI:73998,MNXM66470,,SCNLPRDASXIFJK,ok,other_reactant,other_reactant,other_reactant,,,,not_registry_matched,not_assessable,False,2,2
yeast,s_2955,"phosphatidate (1-16:0, 2-18:1)",,C13889,CHEBI:64844,MNXM66476,,OPVZUEPSMJNLOM,ok,other_reactant,other_reactant,other_reactant,,,,not_registry_matched,not_assessable,False,2,2
yeast,s_2956,"phosphatidate (1-16:1, 2-16:1)",pa161,,CHEBI:75071,MNXM66504,,YLDMPBGXNLGSQO,ok,other_reactant,other_reactant,other_reactant,,,,not_registry_matched,not_assessable,False,2,2
yeast,s_2957,"phosphatidate (1-16:1, 2-18:1)",,,,MNXM66509,,HDXXGJAGUJYVES,ok,other_reactant,other_reactant,other_reactant,,,,not_registry_matched,not_assessable,False,2,2
yeast,s_2958,"phosphatidate (1-18:0, 2-16:1)",,,CHEBI:75073,MNXM66631,,NLVQCMNLQFFKPE,ok,other_reactant,other_reactant,other_reactant,,,,not_registry_matched,not_assessable,False,2,2
yeast,s_2959,"phosphatidate (1-18:0, 2-18:1)",,,CHEBI:74847,MNXM66635,,HHMKVXGZZUOMHM,ok,other_reactant,other_reactant,other_reactant,,,,not_registry_matched,not_assessable,False,2,2
yeast,s_2960,"phosphatidate (1-18:1, 2-16:1)",,,CHEBI:75074,MNXM66663,,ABDVMXLJKAKVKI,ok,other_reactant,other_reactant,other_reactant,,,,not_registry_matched,not_assessable,False,2,2
yeast,s_2961,"phosphatidate (1-18:1, 2-18:1)",,,CHEBI:83775,MNXM51075,,MHUWZNTUIIFHAS,ok,other_reactant,other_reactant,other_reactant,,,,not_registry_matched,not_assessable,False,2,2
yeast,s_2967,"diglyceride (1-16:0, 2-16:1)",,,CHEBI:84394,MNXM49375,,ADLOEVQMJKYKSR,ok,other_reactant,other_reactant,other_reactant,,,,not_registry_matched,not_assessable,False,23,32
yeast,s_2968,"diglyceride (1-16:0, 2-18:1)",,,CHEBI:88454,MNXM49380,,IIEPDWHEGOSXLD,ok,other_reactant,other_reactant,other_reactant,,,,not_registry_matched,not_assessable,False,23,32
yeast,s_2969,"diglyceride (1-16:1, 2-16:1)",12dgr161,,CHEBI:84417,MNXM176611,,HSQHRRHRYJNSOC,ok,other_reactant,other_reactant,other_reactant,,,,not_registry_matched,not_assessable,False,23,32
yeast,s_2970,"diglyceride (1-16:1, 2-18:1)",,,CHEBI:88500,MNXM49417,,FWWLDEIJAPIBES,ok,other_reactant,other_reactant,other_reactant,,,,not_registry_matched,not_assessable,False,23,32
yeast,s_2971,"diglyceride (1-18:0, 2-16:1)",,,CHEBI:88527,MNXM49511,,WEYCUJKFHUWUDC,ok,other_reactant,other_reactant,other_reactant,,,,not_registry_matched,not_assessable,False,23,32
yeast,s_2972,"diglyceride (1-18:0, 2-18:1)",,,CHEBI:75468,MNXM49514,,SAEPUUXWQQNLGN,ok,other_reactant,other_reactant,other_reactant,,,,not_registry_matched,not_assessable,False,23,32
yeast,s_2973,"diglyceride (1-18:1, 2-16:1)",,,CHEBI:89229,MNXM49575,,PFIBPRNWUYNCLJ,ok,other_reactant,other_reactant,other_reactant,,,,not_registry_matched,not_assessable,False,23,32
yeast,s_2974,"diglyceride (1-18:1, 2-18:1)",12dgr181,,CHEBI:52333,MNXM9533,53478063,JQTCHIYVEDEVBR,ok,other_reactant,other_reactant,other_reactant,,,,not_registry_matched,not_assessable,False,23,32
yeast,s_2975,"phosphatidate (1-16:0, 2-16:1)",,,CHEBI:73998,MNXM66470,,SCNLPRDASXIFJK,ok,other_reactant,other_reactant,other_reactant,,,,not_registry_matched,not_assessable,False,1,1
yeast,s_2976,H2O,h2o,C00001,CHEBI:15377,MNXM2,,XLYOFNOQVPJJNP,ok,solvent,solvent,currency_or_cofactor,water,normalized_name;bigg_ids:h2o;kegg_ids:c00001;chebi_ids:chebi:15377;metanetx_ids:mnxm2;inchikey_connectivity:xlyofnoqvpjjnp,normalized_name;bigg_ids;kegg_ids;chebi_ids;metanetx_ids;inchikey_connectivity,multiple_evidence_types,consistent,False,28,28
yeast,s_2979,"phosphatidate (1-16:0, 2-18:1)",,C13889,CHEBI:64844,MNXM66476,,OPVZUEPSMJNLOM,ok,other_reactant,other_reactant,other_reactant,,,,not_registry_matched,not_assessable,False,1,1
yeast,s_2981,"phosphatidate (1-16:1, 2-16:1)",pa161,,CHEBI:75071,MNXM66504,,YLDMPBGXNLGSQO,ok,other_reactant,other_reactant,other_reactant,,,,not_registry_matched,not_assessable,False,1,1
yeast,s_2983,"phosphatidate (1-16:1, 2-18:1)",,,,MNXM66509,,HDXXGJAGUJYVES,ok,other_reactant,other_reactant,other_reactant,,,,not_registry_matched,not_assessable,False,1,1
yeast,s_2985,"phosphatidate (1-18:0, 2-16:1)",,,CHEBI:75073,MNXM66631,,NLVQCMNLQFFKPE,ok,other_reactant,other_reactant,other_reactant,,,,not_registry_matched,not_assessable,False,1,1
yeast,s_2987,"phosphatidate (1-18:0, 2-18:1)",,,CHEBI:74847,MNXM66635,,HHMKVXGZZUOMHM,ok,other_reactant,other_reactant,other_reactant,,,,not_registry_matched,not_assessable,False,1,1
yeast,s_2989,"phosphatidate (1-18:1, 2-16:1)",,,CHEBI:75074,MNXM66663,,ABDVMXLJKAKVKI,ok,other_reactant,other_reactant,other_reactant,,,,not_registry_matched,not_assessable,False,1,1
yeast,s_2991,"phosphatidate (1-18:1, 2-18:1)",,,CHEBI:83775,MNXM51075,,MHUWZNTUIIFHAS,ok,other_reactant,other_reactant,other_reactant,,,,not_registry_matched,not_assessable,False,1,1
yeast,s_2993,"phosphatidate (1-16:0, 2-16:1)",,,CHEBI:73998,MNXM66470,,SCNLPRDASXIFJK,ok,other_reactant,other_reactant,other_reactant,,,,not_registry_matched,not_assessable,False,1,1
yeast,s_2994,H2O,h2o,C00001,CHEBI:15377,MNXM2,,XLYOFNOQVPJJNP,ok,solvent,solvent,currency_or_cofactor,water,normalized_name;bigg_ids:h2o;kegg_ids:c00001;chebi_ids:chebi:15377;metanetx_ids:mnxm2;inchikey_connectivity:xlyofnoqvpjjnp,normalized_name;bigg_ids;kegg_ids;chebi_ids;metanetx_ids;inchikey_connectivity,multiple_evidence_types,consistent,False,36,36
yeast,s_2997,"phosphatidate (1-16:0, 2-18:1)",,C13889,CHEBI:64844,MNXM66476,,OPVZUEPSMJNLOM,ok,other_reactant,other_reactant,other_reactant,,,,not_registry_matched,not_assessable,False,1,1
yeast,s_2999,"phosphatidate (1-16:1, 2-16:1)",pa161,,CHEBI:75071,MNXM66504,,YLDMPBGXNLGSQO,ok,other_reactant,other_reactant,other_reactant,,,,not_registry_matched,not_assessable,False,1,1
yeast,s_3001,"phosphatidate (1-16:1, 2-18:1)",,,,MNXM66509,,HDXXGJAGUJYVES,ok,other_reactant,other_reactant,other_reactant,,,,not_registry_matched,not_assessable,False,1,1
yeast,s_3003,"phosphatidate (1-18:0, 2-16:1)",,,CHEBI:75073,MNXM66631,,NLVQCMNLQFFKPE,ok,other_reactant,other_reactant,other_reactant,,,,not_registry_matched,not_assessable,False,1,1
yeast,s_3005,"phosphatidate (1-18:0, 2-18:1)",,,CHEBI:74847,MNXM66635,,HHMKVXGZZUOMHM,ok,other_reactant,other_reactant,other_reactant,,,,not_registry_matched,not_assessable,False,1,1
yeast,s_3007,"phosphatidate (1-18:1, 2-16:1)",,,CHEBI:75074,MNXM66663,,ABDVMXLJKAKVKI,ok,other_reactant,other_reactant,other_reactant,,,,not_registry_matched,not_assessable,False,1,1
yeast,s_3009,"phosphatidate (1-18:1, 2-18:1)",,,CHEBI:83775,MNXM51075,,MHUWZNTUIIFHAS,ok,other_reactant,other_reactant,other_reactant,,,,not_registry_matched,not_assessable,False,1,1
yeast,s_3043,"diglyceride (1-16:0, 2-16:1)",,,CHEBI:84394,MNXM49375,,ADLOEVQMJKYKSR,ok,other_reactant,other_reactant,other_reactant,,,,not_registry_matched,not_assessable,False,5,5
yeast,s_3044,"triglyceride (1-16:0, 2-16:1, 3-16:0)",,,CHEBI:85427,MNXM84113,,FEKLSEFRUGWUOS,ok,other_reactant,other_reactant,other_reactant,,,,not_registry_matched,not_assessable,False,1,5
yeast,s_3045,"diglyceride (1-16:0, 2-18:1)",,,CHEBI:88454,MNXM49380,,IIEPDWHEGOSXLD,ok,other_reactant,other_reactant,other_reactant,,,,not_registry_matched,not_assessable,False,5,5
yeast,s_3046,"triglyceride (1-16:0, 2-18:1, 3-16:0)",,,CHEBI:89759,MNXM84120,,YHMDGPZOSGBQRH,ok,other_reactant,other_reactant,other_reactant,,,,not_registry_matched,not_assessable,False,1,4
yeast,s_3047,"diglyceride (1-16:1, 2-16:1)",12dgr161,,CHEBI:84417,MNXM176611,,HSQHRRHRYJNSOC,ok,other_reactant,other_reactant,other_reactant,,,,not_registry_matched,not_assessable,False,5,6
yeast,s_3048,"triglyceride (1-16:1, 2-16:1, 3-16:0)",tag1619Z1619Z160,,,,,,missing_smiles,other_reactant,other_reactant,other_reactant,,,,not_registry_matched,not_assessable,False,1,4
yeast,s_3049,"diglyceride (1-16:1, 2-18:1)",,,CHEBI:88500,MNXM49417,,FWWLDEIJAPIBES,ok,other_reactant,other_reactant,other_reactant,,,,not_registry_matched,not_assessable,False,5,5
yeast,s_3050,"triglyceride (1-16:1, 2-18:1, 3-16:0)",,,,,,,missing_smiles,other_reactant,other_reactant,other_reactant,,,,not_registry_matched,not_assessable,False,1,4
yeast,s_3051,"diglyceride (1-18:0, 2-16:1)",,,CHEBI:88527,MNXM49511,,WEYCUJKFHUWUDC,ok,other_reactant,other_reactant,other_reactant,,,,not_registry_matched,not_assessable,False,5,5
yeast,s_3052,"triglyceride (1-18:0, 2-16:1, 3-16:0)",,,,,,,missing_smiles,other_reactant,other_reactant,other_reactant,,,,not_registry_matched,not_assessable,False,1,4
yeast,s_3053,"diglyceride (1-18:0, 2-18:1)",,,CHEBI:75468,MNXM49514,,SAEPUUXWQQNLGN,ok,other_reactant,other_reactant,other_reactant,,,,not_registry_matched,not_assessable,False,5,5
yeast,s_3054,"triglyceride (1-18:0, 2-18:1, 3-16:0)",,,CHEBI:89755,MNXM84227,,NPCZZYKITFKRQZ,ok,other_reactant,other_reactant,other_reactant,,,,not_registry_matched,not_assessable,False,1,4
yeast,s_3055,"diglyceride (1-18:1, 2-16:1)",,,CHEBI:89229,MNXM49575,,PFIBPRNWUYNCLJ,ok,other_reactant,other_reactant,other_reactant,,,,not_registry_matched,not_assessable,False,5,5
yeast,s_3056,"triglyceride (1-18:1, 2-16:1, 3-16:0)",,,,,,,missing_smiles,other_reactant,other_reactant,other_reactant,,,,not_registry_matched,not_assessable,False,1,4
yeast,s_3057,"diglyceride (1-18:1, 2-18:1)",12dgr181,,CHEBI:52333,MNXM9533,53478063,JQTCHIYVEDEVBR,ok,other_reactant,other_reactant,other_reactant,,,,not_registry_matched,not_assessable,False,5,5
yeast,s_3058,"triglyceride (1-18:1, 2-18:1, 3-16:0)",,,CHEBI:88999,MNXM85598,,HYQDVSFOHNVBHQ,ok,other_reactant,other_reactant,other_reactant,,,,not_registry_matched,not_assessable,False,1,4
yeast,s_3059,"triglyceride (1-16:0, 2-16:1, 3-16:1)",,,CHEBI:89765,MNXM84138,,RUOVJPPUXXFZPC,ok,other_reactant,other_reactant,other_reactant,,,,not_registry_matched,not_assessable,False,1,4
yeast,s_3060,"triglyceride (1-16:0, 2-18:1, 3-16:1)",,,,,,,missing_smiles,other_reactant,other_reactant,other_reactant,,,,not_registry_matched,not_assessable,False,1,4
yeast,s_3061,"triglyceride (1-16:1, 2-16:1, 3-16:1)",tag1619Z1619Z1619Z,,CHEBI:75841,MNXM84424,,SKGWNZXOCSYJQL,ok,other_reactant,other_reactant,other_reactant,,,,not_registry_matched,not_assessable,False,1,4
yeast,s_3062,"triglyceride (1-16:1, 2-18:1, 3-16:1)",,,,,,,missing_smiles,other_reactant,other_reactant,other_reactant,,,,not_registry_matched,not_assessable,False,1,4
yeast,s_3063,"triglyceride (1-18:0, 2-16:1, 3-16:1)",,,CHEBI:90053,MNXM84428,,QEZWFCZNHWUARW,ok,other_reactant,other_reactant,other_reactant,,,,not_registry_matched,not_assessable,False,1,4
yeast,s_3064,"triglyceride (1-18:0, 2-18:1, 3-16:1)",,,,,,,missing_smiles,other_reactant,other_reactant,other_reactant,,,,not_registry_matched,not_assessable,False,1,4
yeast,s_3065,"triglyceride (1-18:1, 2-16:1, 3-16:1)",tag1819Z1619Z1619Z,,,,,,missing_smiles,other_reactant,other_reactant,other_reactant,,,,not_registry_matched,not_assessable,False,1,4
yeast,s_3066,"triglyceride (1-18:1, 2-18:1, 3-16:1)",,,,,,,missing_smiles,other_reactant,other_reactant,other_reactant,,,,not_registry_matched,not_assessable,False,1,4
yeast,s_3067,"triglyceride (1-16:0, 2-16:1, 3-18:0)",,,CHEBI:89763,MNXM84142,,YSNGWXHIKNKBNE,ok,other_reactant,other_reactant,other_reactant,,,,not_registry_matched,not_assessable,False,1,4
yeast,s_3068,"triglyceride (1-16:0, 2-18:1, 3-18:0)",,,CHEBI:88998,MNXM85401,,XWOGDCXWTYZPKJ,ok,other_reactant,other_reactant,other_reactant,,,,not_registry_matched,not_assessable,False,1,4
yeast,s_3069,"triglyceride (1-16:1, 2-16:1, 3-18:0)",,,,,,,missing_smiles,other_reactant,other_reactant,other_reactant,,,,not_registry_matched,not_assessable,False,1,4
yeast,s_3070,"triglyceride (1-16:1, 2-18:1, 3-18:0)",,,,,,,missing_smiles,other_reactant,other_reactant,other_reactant,,,,not_registry_matched,not_assessable,False,1,4
yeast,s_3071,"triglyceride (1-18:0, 2-16:1, 3-18:0)",,,CHEBI:89958,MNXM84510,,CDKITPQUODTFLF,ok,other_reactant,other_reactant,other_reactant,,,,not_registry_matched,not_assessable,False,1,4
yeast,s_3072,"triglyceride (1-18:0, 2-18:1, 3-18:0)",,,CHEBI:90305,,,,inchikey_unavailable,other_reactant,other_reactant,other_reactant,,,,not_registry_matched,not_assessable,False,1,4
yeast,s_3073,"triglyceride (1-18:1, 2-16:1, 3-18:0)",,,,,,,missing_smiles,other_reactant,other_reactant,other_reactant,,,,not_registry_matched,not_assessable,False,1,4
yeast,s_3074,"triglyceride (1-18:1, 2-18:1, 3-18:0)",,,,,,,missing_smiles,other_reactant,other_reactant,other_reactant,,,,not_registry_matched,not_assessable,False,1,4
yeast,s_3075,"triglyceride (1-16:0, 2-16:1, 3-18:1)",,,,,,,missing_smiles,other_reactant,other_reactant,other_reactant,,,,not_registry_matched,not_assessable,False,1,4
yeast,s_3076,"triglyceride (1-16:0, 2-18:1, 3-18:1)",,,,,,,missing_smiles,other_reactant,other_reactant,other_reactant,,,,not_registry_matched,not_assessable,False,1,4
yeast,s_3077,"triglyceride (1-16:1, 2-16:1, 3-18:1)",tag1619Z1619Z1819Z,,CHEBI:90051,MNXM84429,,UFHNZOACKFBCOM,ok,other_reactant,other_reactant,other_reactant,,,,not_registry_matched,not_assessable,False,1,4
yeast,s_3078,"triglyceride (1-16:1, 2-18:1, 3-18:1)",,,CHEBI:90048,MNXM84530,,YBWITEZBUYUNFC,ok,other_reactant,other_reactant,other_reactant,,,,not_registry_matched,not_assessable,False,1,4
yeast,s_3079,"triglyceride (1-18:0, 2-16:1, 3-18:1)",,,,,,,missing_smiles,other_reactant,other_reactant,other_reactant,,,,not_registry_matched,not_assessable,False,1,4
yeast,s_3080,"triglyceride (1-18:0, 2-18:1, 3-18:1)",,,,,,,missing_smiles,other_reactant,other_reactant,other_reactant,,,,not_registry_matched,not_assessable,False,1,4
yeast,s_3081,"triglyceride (1-18:1, 2-16:1, 3-18:1)",tag1819Z1619Z1819Z,,CHEBI:88984,MNXM85603,,OGWGRVYSSZTIHF,ok,other_reactant,other_reactant,other_reactant,,,,not_registry_matched,not_assessable,False,1,4
yeast,s_3082,"triglyceride (1-18:1, 2-18:1, 3-18:1)",,,CHEBI:88970,MNXM85618,,VCOQISMTLHMNRY,ok,other_reactant,other_reactant,other_reactant,,,,not_registry_matched,not_assessable,False,1,4
yeast,s_3083,CTP,ctp,C00063,CHEBI:37563,MNXM63,6176,PCDQPRRSZKQHHS,ok,energy_nucleotide,energy_nucleotide,currency_or_cofactor,CTP,normalized_name;bigg_ids:ctp;kegg_ids:c00063;chebi_ids:chebi:37563;metanetx_ids:mnxm63;pubchem_cids:6176;inchikey_connectivity:pcdqprrszkqhhs,normalized_name;bigg_ids;kegg_ids;chebi_ids;metanetx_ids;pubchem_cids;inchikey_connectivity,multiple_evidence_types,consistent,False,16,16
yeast,s_3084,"CDP-diacylglycerol (1-16:0, 2-16:1)",,,,,,,missing_smiles,other_reactant,other_reactant,other_reactant,,,,not_registry_matched,not_assessable,False,2,2
yeast,s_3085,"CDP-diacylglycerol (1-16:1, 2-16:1)",,,CHEBI:104012,MNXM4508,118987295,LBKBJHVQQNUXGQ,ok,other_reactant,other_reactant,other_reactant,,,,not_registry_matched,not_assessable,False,2,2
yeast,s_3086,"CDP-diacylglycerol (1-18:0, 2-16:1)",,,,,,,missing_smiles,other_reactant,other_reactant,other_reactant,,,,not_registry_matched,not_assessable,False,2,2
yeast,s_3087,"CDP-diacylglycerol (1-18:1, 2-16:1)",,,,,,,missing_smiles,other_reactant,other_reactant,other_reactant,,,,not_registry_matched,not_assessable,False,2,2
yeast,s_3088,"CDP-diacylglycerol (1-16:0, 2-18:1)",,C13892,CHEBI:34077,MNXM32787,,FPQIENQTTUVFMM,ok,other_reactant,other_reactant,other_reactant,,,,not_registry_matched,not_assessable,False,2,2
yeast,s_3089,"CDP-diacylglycerol (1-16:1, 2-18:1)",,,,,,,missing_smiles,other_reactant,other_reactant,other_reactant,,,,not_registry_matched,not_assessable,False,2,2
yeast,s_3090,"CDP-diacylglycerol (1-18:0, 2-18:1)",,,,,,,missing_smiles,other_reactant,other_reactant,other_reactant,,,,not_registry_matched,not_assessable,False,2,2
yeast,s_3091,"CDP-diacylglycerol (1-18:1, 2-18:1)",,,CHEBI:104362,,118987296,KISJWPWNABZPGN,ok,other_reactant,other_reactant,other_reactant,,,,not_registry_matched,not_assessable,False,2,2
yeast,s_3092,"phosphatidate (1-16:0, 2-16:1)",,,CHEBI:73998,MNXM66470,,SCNLPRDASXIFJK,ok,other_reactant,other_reactant,other_reactant,,,,not_registry_matched,not_assessable,False,1,1
yeast,s_3093,CTP,ctp,C00063,CHEBI:37563,MNXM63,6176,PCDQPRRSZKQHHS,ok,energy_nucleotide,energy_nucleotide,currency_or_cofactor,CTP,normalized_name;bigg_ids:ctp;kegg_ids:c00063;chebi_ids:chebi:37563;metanetx_ids:mnxm63;pubchem_cids:6176;inchikey_connectivity:pcdqprrszkqhhs,normalized_name;bigg_ids;kegg_ids;chebi_ids;metanetx_ids;pubchem_cids;inchikey_connectivity,multiple_evidence_types,consistent,False,6,6
yeast,s_3094,H+,h,C00080,CHEBI:24636,MNXM1,,GPRLSGONYQIRFK,ok,proton,proton,currency_or_cofactor,proton,normalized_name;bigg_ids:h;kegg_ids:c00080;chebi_ids:chebi:24636;metanetx_ids:mnxm1,normalized_name;bigg_ids;kegg_ids;chebi_ids;metanetx_ids,multiple_evidence_types,not_assessable,False,6,6
yeast,s_3096,"CDP-diacylglycerol (1-16:0, 2-16:1)",,,,,,,missing_smiles,other_reactant,other_reactant,other_reactant,,,,not_registry_matched,not_assessable,False,7,7
yeast,s_3097,"phosphatidate (1-16:1, 2-16:1)",pa161,,CHEBI:75071,MNXM66504,,YLDMPBGXNLGSQO,ok,other_reactant,other_reactant,other_reactant,,,,not_registry_matched,not_assessable,False,1,1
yeast,s_3098,"CDP-diacylglycerol (1-16:1, 2-16:1)",,,CHEBI:104012,MNXM4508,118987295,LBKBJHVQQNUXGQ,ok,other_reactant,other_reactant,other_reactant,,,,not_registry_matched,not_assessable,False,7,7
yeast,s_3099,"phosphatidate (1-18:0, 2-16:1)",,,CHEBI:75073,MNXM66631,,NLVQCMNLQFFKPE,ok,other_reactant,other_reactant,other_reactant,,,,not_registry_matched,not_assessable,False,1,1
yeast,s_3100,"CDP-diacylglycerol (1-18:0, 2-16:1)",,,,,,,missing_smiles,other_reactant,other_reactant,other_reactant,,,,not_registry_matched,not_assessable,False,7,7
yeast,s_3101,"phosphatidate (1-18:1, 2-16:1)",,,CHEBI:75074,MNXM66663,,ABDVMXLJKAKVKI,ok,other_reactant,other_reactant,other_reactant,,,,not_registry_matched,not_assessable,False,1,1
yeast,s_3102,"CDP-diacylglycerol (1-18:1, 2-16:1)",,,,,,,missing_smiles,other_reactant,other_reactant,other_reactant,,,,not_registry_matched,not_assessable,False,7,7
yeast,s_3103,"phosphatidate (1-16:0, 2-18:1)",,C13889,CHEBI:64844,MNXM66476,,OPVZUEPSMJNLOM,ok,other_reactant,other_reactant,other_reactant,,,,not_registry_matched,not_assessable,False,1,1
yeast,s_3104,"CDP-diacylglycerol (1-16:0, 2-18:1)",,C13892,CHEBI:34077,MNXM32787,,FPQIENQTTUVFMM,ok,other_reactant,other_reactant,other_reactant,,,,not_registry_matched,not_assessable,False,7,7
yeast,s_3105,"phosphatidate (1-16:1, 2-18:1)",,,,MNXM66509,,HDXXGJAGUJYVES,ok,other_reactant,other_reactant,other_reactant,,,,not_registry_matched,not_assessable,False,1,1
yeast,s_3106,"CDP-diacylglycerol (1-16:1, 2-18:1)",,,,,,,missing_smiles,other_reactant,other_reactant,other_reactant,,,,not_registry_matched,not_assessable,False,7,7
yeast,s_3107,L-serine,ser__L,C00065,CHEBI:17115,MNXM53,,MTCFGRXMJLQNBG,ok,other_reactant,other_reactant,other_reactant,,,,not_registry_matched,not_assessable,False,8,8
yeast,s_3109,"phosphatidyl-L-serine (1-16:0, 2-16:1)",,,CHEBI:89824,MNXM78605,,SQYNOJCBJMSMAA,ok,other_reactant,other_reactant,other_reactant,,,,not_registry_matched,not_assessable,False,2,3
yeast,s_3110,"phosphatidyl-L-serine (1-16:1, 2-16:1)",,,,MNXM78637,,SYAYTZJXUCQTMJ,ok,other_reactant,other_reactant,other_reactant,,,,not_registry_matched,not_assessable,False,2,3
yeast,s_3111,"phosphatidyl-L-serine (1-18:0, 2-16:1)",,,CHEBI:90036,MNXM78765,,BWQAJZLCZFRDSD,ok,other_reactant,other_reactant,other_reactant,,,,not_registry_matched,not_assessable,False,2,3
yeast,s_3112,"phosphatidyl-L-serine (1-18:1, 2-16:1)",,,CHEBI:75101,MNXM78797,,JSCZUPSIMWRJHP,ok,other_reactant,other_reactant,other_reactant,,,,not_registry_matched,not_assessable,False,2,3
yeast,s_3113,"phosphatidyl-L-serine (1-16:0, 2-18:1)",,C13880,CHEBI:34086,MNXM32501,,OIWCYIUQAVBPGV,ok,other_reactant,other_reactant,other_reactant,,,,not_registry_matched,not_assessable,False,2,3
yeast,s_3114,"phosphatidyl-L-serine (1-16:1, 2-18:1)",,,CHEBI:90032,MNXM78642,,ISTSBKDAWNZURU,ok,other_reactant,other_reactant,other_reactant,,,,not_registry_matched,not_assessable,False,2,3
yeast,s_3115,"phosphatidyl-L-serine (1-18:0, 2-18:1)",,,CHEBI:79096,MNXM32529,,AJFWREUFUPEYII,ok,other_reactant,other_reactant,other_reactant,,,,not_registry_matched,not_assessable,False,2,3
yeast,s_3116,"phosphatidyl-L-serine (1-18:1, 2-18:1)",,,CHEBI:60568,MNXM32173,,WTBFLCSPLLEDEM,ok,other_reactant,other_reactant,other_reactant,,,,not_registry_matched,not_assessable,False,2,3
yeast,s_3117,myo-inositol,inost,C00137,CHEBI:17268,MNXM127,,CDAISMWEOUEBRE,ok,other_reactant,other_reactant,other_reactant,,,,not_registry_matched,not_assessable,False,8,8
yeast,s_3126,sn-2-acyl-1-lysophosphatidylinositol (16:1),,,CHEBI:138108,,,,missing_smiles,other_reactant,other_reactant,other_reactant,,,,not_registry_matched,not_assessable,False,1,1
yeast,s_3127,sn-2-acyl-1-lysophosphatidylinositol (18:1),,,,,,,missing_smiles,other_reactant,other_reactant,other_reactant,,,,not_registry_matched,not_assessable,False,1,1
yeast,s_3128,"phosphatidyl-L-serine (1-16:0, 2-16:1)",,,CHEBI:89824,MNXM78605,,SQYNOJCBJMSMAA,ok,other_reactant,other_reactant,other_reactant,,,,not_registry_matched,not_assessable,False,1,1
yeast,s_3131,"phosphatidyl-L-serine (1-16:1, 2-16:1)",,,,MNXM78637,,SYAYTZJXUCQTMJ,ok,other_reactant,other_reactant,other_reactant,,,,not_registry_matched,not_assessable,False,1,1
yeast,s_3133,"phosphatidyl-L-serine (1-18:0, 2-16:1)",,,CHEBI:90036,MNXM78765,,BWQAJZLCZFRDSD,ok,other_reactant,other_reactant,other_reactant,,,,not_registry_matched,not_assessable,False,1,1
yeast,s_3135,"phosphatidyl-L-serine (1-18:1, 2-16:1)",,,CHEBI:75101,MNXM78797,,JSCZUPSIMWRJHP,ok,other_reactant,other_reactant,other_reactant,,,,not_registry_matched,not_assessable,False,1,1
yeast,s_3137,"phosphatidyl-L-serine (1-16:0, 2-18:1)",,C13880,CHEBI:34086,MNXM32501,,OIWCYIUQAVBPGV,ok,other_reactant,other_reactant,other_reactant,,,,not_registry_matched,not_assessable,False,1,1
yeast,s_3139,"phosphatidyl-L-serine (1-16:1, 2-18:1)",,,CHEBI:90032,MNXM78642,,ISTSBKDAWNZURU,ok,other_reactant,other_reactant,other_reactant,,,,not_registry_matched,not_assessable,False,1,1
yeast,s_3141,"phosphatidyl-L-serine (1-18:0, 2-18:1)",,,CHEBI:79096,MNXM32529,,AJFWREUFUPEYII,ok,other_reactant,other_reactant,other_reactant,,,,not_registry_matched,not_assessable,False,1,1
yeast,s_3143,"phosphatidyl-L-serine (1-18:1, 2-18:1)",,,CHEBI:60568,MNXM32173,,WTBFLCSPLLEDEM,ok,other_reactant,other_reactant,other_reactant,,,,not_registry_matched,not_assessable,False,1,1
yeast,s_3145,"phosphatidyl-L-serine (1-16:0, 2-16:1)",,,CHEBI:89824,MNXM78605,,SQYNOJCBJMSMAA,ok,other_reactant,other_reactant,other_reactant,,,,not_registry_matched,not_assessable,False,1,1
yeast,s_3146,H+,h,C00080,CHEBI:24636,MNXM1,,GPRLSGONYQIRFK,ok,proton,proton,currency_or_cofactor,proton,normalized_name;bigg_ids:h;kegg_ids:c00080;chebi_ids:chebi:24636;metanetx_ids:mnxm1,normalized_name;bigg_ids;kegg_ids;chebi_ids;metanetx_ids,multiple_evidence_types,not_assessable,False,8,8
yeast,s_3148,"phosphatidylethanolamine (1-16:0, 2-16:1)",,,CHEBI:136147,,,,inchikey_unavailable,other_reactant,other_reactant,other_reactant,,,,not_registry_matched,not_assessable,False,1,1
yeast,s_3149,"phosphatidyl-L-serine (1-16:1, 2-16:1)",,,,MNXM78637,,SYAYTZJXUCQTMJ,ok,other_reactant,other_reactant,other_reactant,,,,not_registry_matched,not_assessable,False,1,1
yeast,s_3150,"phosphatidylethanolamine (1-16:1, 2-16:1)",pe161,,CHEBI:138792,,90657244,PGPMCWZMPPZJML,ok,other_reactant,other_reactant,other_reactant,,,,not_registry_matched,not_assessable,False,1,1
yeast,s_3151,"phosphatidyl-L-serine (1-18:0, 2-16:1)",,,CHEBI:90036,MNXM78765,,BWQAJZLCZFRDSD,ok,other_reactant,other_reactant,other_reactant,,,,not_registry_matched,not_assessable,False,1,1
yeast,s_3152,"phosphatidylethanolamine (1-18:0, 2-16:1)",,,CHEBI:136155,,,,inchikey_unavailable,other_reactant,other_reactant,other_reactant,,,,not_registry_matched,not_assessable,False,1,1
yeast,s_3153,"phosphatidyl-L-serine (1-18:1, 2-16:1)",,,CHEBI:75101,MNXM78797,,JSCZUPSIMWRJHP,ok,other_reactant,other_reactant,other_reactant,,,,not_registry_matched,not_assessable,False,1,1
yeast,s_3154,"phosphatidylethanolamine (1-18:1, 2-16:1)",,,CHEBI:82837,MNXM71684,,UIELPOKGTOHFNL,ok,other_reactant,other_reactant,other_reactant,,,,not_registry_matched,not_assessable,False,1,1
yeast,s_3155,"phosphatidyl-L-serine (1-16:0, 2-18:1)",,C13880,CHEBI:34086,MNXM32501,,OIWCYIUQAVBPGV,ok,other_reactant,other_reactant,other_reactant,,,,not_registry_matched,not_assessable,False,1,1
yeast,s_3156,"phosphatidylethanolamine (1-16:0, 2-18:1)",,,CHEBI:136148,,,,inchikey_unavailable,other_reactant,other_reactant,other_reactant,,,,not_registry_matched,not_assessable,False,1,1
yeast,s_3157,"phosphatidyl-L-serine (1-16:1, 2-18:1)",,,CHEBI:90032,MNXM78642,,ISTSBKDAWNZURU,ok,other_reactant,other_reactant,other_reactant,,,,not_registry_matched,not_assessable,False,1,1
yeast,s_3158,"phosphatidylethanolamine (1-16:1, 2-18:1)",,,CHEBI:90464,,,,inchikey_unavailable,other_reactant,other_reactant,other_reactant,,,,not_registry_matched,not_assessable,False,1,1
yeast,s_3159,"phosphatidyl-L-serine (1-18:0, 2-18:1)",,,CHEBI:79096,MNXM32529,,AJFWREUFUPEYII,ok,other_reactant,other_reactant,other_reactant,,,,not_registry_matched,not_assessable,False,1,1
yeast,s_3160,"phosphatidylethanolamine (1-18:0, 2-18:1)",,,CHEBI:136162,,,,inchikey_unavailable,other_reactant,other_reactant,other_reactant,,,,not_registry_matched,not_assessable,False,1,1
yeast,s_3161,"phosphatidyl-L-serine (1-18:1, 2-18:1)",,,CHEBI:60568,MNXM32173,,WTBFLCSPLLEDEM,ok,other_reactant,other_reactant,other_reactant,,,,not_registry_matched,not_assessable,False,1,1
yeast,s_3162,"phosphatidylethanolamine (1-18:1, 2-18:1)",,,CHEBI:136170,,,,inchikey_unavailable,other_reactant,other_reactant,other_reactant,,,,not_registry_matched,not_assessable,False,1,1
yeast,s_3163,"phosphatidyl-L-serine (1-16:0, 2-16:1)",,,CHEBI:89824,MNXM78605,,SQYNOJCBJMSMAA,ok,other_reactant,other_reactant,other_reactant,,,,not_registry_matched,not_assessable,False,1,1
yeast,s_3164,H+,h,C00080,CHEBI:24636,MNXM1,,GPRLSGONYQIRFK,ok,proton,proton,currency_or_cofactor,proton,normalized_name;bigg_ids:h;kegg_ids:c00080;chebi_ids:chebi:24636;metanetx_ids:mnxm1,normalized_name;bigg_ids;kegg_ids;chebi_ids;metanetx_ids,multiple_evidence_types,not_assessable,False,24,40
yeast,s_3167,"phosphatidyl-L-serine (1-16:1, 2-16:1)",,,,MNXM78637,,SYAYTZJXUCQTMJ,ok,other_reactant,other_reactant,other_reactant,,,,not_registry_matched,not_assessable,False,1,1
yeast,s_3169,"phosphatidyl-L-serine (1-18:0, 2-16:1)",,,CHEBI:90036,MNXM78765,,BWQAJZLCZFRDSD,ok,other_reactant,other_reactant,other_reactant,,,,not_registry_matched,not_assessable,False,1,1
yeast,s_3171,"phosphatidyl-L-serine (1-18:1, 2-16:1)",,,CHEBI:75101,MNXM78797,,JSCZUPSIMWRJHP,ok,other_reactant,other_reactant,other_reactant,,,,not_registry_matched,not_assessable,False,1,1
yeast,s_3173,"phosphatidyl-L-serine (1-16:0, 2-18:1)",,C13880,CHEBI:34086,MNXM32501,,OIWCYIUQAVBPGV,ok,other_reactant,other_reactant,other_reactant,,,,not_registry_matched,not_assessable,False,1,1
yeast,s_3175,"phosphatidyl-L-serine (1-16:1, 2-18:1)",,,CHEBI:90032,MNXM78642,,ISTSBKDAWNZURU,ok,other_reactant,other_reactant,other_reactant,,,,not_registry_matched,not_assessable,False,1,1
yeast,s_3177,"phosphatidyl-L-serine (1-18:0, 2-18:1)",,,CHEBI:79096,MNXM32529,,AJFWREUFUPEYII,ok,other_reactant,other_reactant,other_reactant,,,,not_registry_matched,not_assessable,False,1,1
yeast,s_3179,"phosphatidyl-L-serine (1-18:1, 2-18:1)",,,CHEBI:60568,MNXM32173,,WTBFLCSPLLEDEM,ok,other_reactant,other_reactant,other_reactant,,,,not_registry_matched,not_assessable,False,1,1
yeast,s_3181,"phosphatidylethanolamine (1-16:0, 2-16:1)",,,CHEBI:136147,,,,inchikey_unavailable,other_reactant,other_reactant,other_reactant,,,,not_registry_matched,not_assessable,False,10,10
yeast,s_3182,S-adenosyl-L-methionine,amet,C00019,CHEBI:15414,MNXM16,34756,MEFKEPWMEQBLKI,ok,one_carbon_cofactor,one_carbon_cofactor,currency_or_cofactor,S-adenosyl-L-methionine,normalized_name;bigg_ids:amet;kegg_ids:c00019;metanetx_ids:mnxm16;pubchem_cids:34756;inchikey_connectivity:mefkepwmeqblki,normalized_name;bigg_ids;kegg_ids;metanetx_ids;pubchem_cids;inchikey_connectivity,multiple_evidence_types,consistent,False,24,24
yeast,s_3184,"phosphatidyl-N-methylethanolamine (1-16:0, 2-16:1)",,,,,,,missing_smiles,other_reactant,other_reactant,other_reactant,,,,not_registry_matched,not_assessable,False,1,1
yeast,s_3185,"phosphatidylethanolamine (1-16:1, 2-16:1)",pe161,,CHEBI:138792,,90657244,PGPMCWZMPPZJML,ok,other_reactant,other_reactant,other_reactant,,,,not_registry_matched,not_assessable,False,10,10
yeast,s_3186,"phosphatidyl-N-methylethanolamine (1-16:1, 2-16:1)",,,,,,,missing_smiles,other_reactant,other_reactant,other_reactant,,,,not_registry_matched,not_assessable,False,1,1
yeast,s_3187,"phosphatidylethanolamine (1-18:0, 2-16:1)",,,CHEBI:136155,,,,inchikey_unavailable,other_reactant,other_reactant,other_reactant,,,,not_registry_matched,not_assessable,False,10,10
yeast,s_3188,"phosphatidyl-N-methylethanolamine (1-18:0, 2-16:1)",,,,,,,missing_smiles,other_reactant,other_reactant,other_reactant,,,,not_registry_matched,not_assessable,False,1,1
yeast,s_3189,"phosphatidylethanolamine (1-18:1, 2-16:1)",,,CHEBI:82837,MNXM71684,,UIELPOKGTOHFNL,ok,other_reactant,other_reactant,other_reactant,,,,not_registry_matched,not_assessable,False,10,10
yeast,s_3190,"phosphatidyl-N-methylethanolamine (1-18:1, 2-16:1)",,,,,,,missing_smiles,other_reactant,other_reactant,other_reactant,,,,not_registry_matched,not_assessable,False,1,1
yeast,s_3191,"phosphatidylethanolamine (1-16:0, 2-18:1)",,,CHEBI:136148,,,,inchikey_unavailable,other_reactant,other_reactant,other_reactant,,,,not_registry_matched,not_assessable,False,10,10
yeast,s_3192,"phosphatidyl-N-methylethanolamine (1-16:0, 2-18:1)",,,,,,,missing_smiles,other_reactant,other_reactant,other_reactant,,,,not_registry_matched,not_assessable,False,1,1
yeast,s_3193,"phosphatidylethanolamine (1-16:1, 2-18:1)",,,CHEBI:90464,,,,inchikey_unavailable,other_reactant,other_reactant,other_reactant,,,,not_registry_matched,not_assessable,False,10,10
yeast,s_3194,"phosphatidyl-N-methylethanolamine (1-16:1, 2-18:1)",,,,,,,missing_smiles,other_reactant,other_reactant,other_reactant,,,,not_registry_matched,not_assessable,False,1,1
yeast,s_3195,"phosphatidylethanolamine (1-18:0, 2-18:1)",,,CHEBI:136162,,,,inchikey_unavailable,other_reactant,other_reactant,other_reactant,,,,not_registry_matched,not_assessable,False,10,10
yeast,s_3196,"phosphatidyl-N-methylethanolamine (1-18:0, 2-18:1)",,,,,,,missing_smiles,other_reactant,other_reactant,other_reactant,,,,not_registry_matched,not_assessable,False,1,1
yeast,s_3197,"phosphatidylethanolamine (1-18:1, 2-18:1)",,,CHEBI:136170,,,,inchikey_unavailable,other_reactant,other_reactant,other_reactant,,,,not_registry_matched,not_assessable,False,10,10
yeast,s_3198,"phosphatidyl-N-methylethanolamine (1-18:1, 2-18:1)",,,CHEBI:85962,MNXM72986,,LPXFOQGBESUDAX,ok,other_reactant,other_reactant,other_reactant,,,,not_registry_matched,not_assessable,False,1,1
yeast,s_3199,"phosphatidyl-N,N-dimethylethanolamine (1-16:0, 2-16:1)",,,,,,,missing_smiles,other_reactant,other_reactant,other_reactant,,,,not_registry_matched,not_assessable,False,1,1
yeast,s_3200,"phosphatidyl-N,N-dimethylethanolamine (1-16:1, 2-16:1)",,,,,,,missing_smiles,other_reactant,other_reactant,other_reactant,,,,not_registry_matched,not_assessable,False,1,1
yeast,s_3201,"phosphatidyl-N,N-dimethylethanolamine (1-18:0, 2-16:1)",,,,,,,missing_smiles,other_reactant,other_reactant,other_reactant,,,,not_registry_matched,not_assessable,False,1,1
yeast,s_3202,"phosphatidyl-N,N-dimethylethanolamine (1-18:1, 2-16:1)",,,,,,,missing_smiles,other_reactant,other_reactant,other_reactant,,,,not_registry_matched,not_assessable,False,1,1
yeast,s_3203,"phosphatidyl-N,N-dimethylethanolamine (1-16:0, 2-18:1)",,,,,,,missing_smiles,other_reactant,other_reactant,other_reactant,,,,not_registry_matched,not_assessable,False,1,1
yeast,s_3204,"phosphatidyl-N,N-dimethylethanolamine (1-16:1, 2-18:1)",,,,,,,missing_smiles,other_reactant,other_reactant,other_reactant,,,,not_registry_matched,not_assessable,False,1,1
yeast,s_3205,"phosphatidyl-N,N-dimethylethanolamine (1-18:0, 2-18:1)",,,,,,,missing_smiles,other_reactant,other_reactant,other_reactant,,,,not_registry_matched,not_assessable,False,1,1
yeast,s_3206,"phosphatidyl-N,N-dimethylethanolamine (1-18:1, 2-18:1)",,,CHEBI:85963,MNXM72998,,XHPZRQBHFOVLEJ,ok,other_reactant,other_reactant,other_reactant,,,,not_registry_matched,not_assessable,False,1,1
yeast,s_3207,"phosphatidylcholine (1-16:0, 2-16:1)",,,CHEBI:134592,,,,inchikey_unavailable,other_reactant,other_reactant,other_reactant,,,,not_registry_matched,not_assessable,False,9,9
yeast,s_3208,"phosphatidylcholine (1-16:1, 2-16:1)",pc161,,CHEBI:83717,MNXM69377,,GPWHCUUIQMGELX,ok,other_reactant,other_reactant,other_reactant,,,,not_registry_matched,not_assessable,False,9,9
yeast,s_3209,"phosphatidylcholine (1-18:0, 2-16:1)",,,CHEBI:86097,MNXM69528,,QRSPNOMDLRZDPG,ok,other_reactant,other_reactant,other_reactant,,,,not_registry_matched,not_assessable,False,9,9
yeast,s_3210,"phosphatidylcholine (1-18:1, 2-16:1)",,,CHEBI:86100,MNXM69658,,QJZAWHQVXYMEQR,ok,other_reactant,other_reactant,other_reactant,,,,not_registry_matched,not_assessable,False,9,9
yeast,s_3211,"phosphatidylcholine (1-16:0, 2-18:1)",,,CHEBI:134594,,,,inchikey_unavailable,other_reactant,other_reactant,other_reactant,,,,not_registry_matched,not_assessable,False,9,9
yeast,s_3212,"phosphatidylcholine (1-16:1, 2-18:1)",,,CHEBI:84811,MNXM69383,,ZRCWDIULNHKQRD,ok,other_reactant,other_reactant,other_reactant,,,,not_registry_matched,not_assessable,False,9,9
yeast,s_3213,"phosphatidylcholine (1-18:0, 2-18:1)",,,CHEBI:75034,MNXM32526,,ATHVAWFAEPLPPQ,ok,other_reactant,other_reactant,other_reactant,,,,not_registry_matched,not_assessable,False,9,9
yeast,s_3214,"phosphatidylcholine (1-18:1, 2-18:1)",,,CHEBI:74669,MNXM8549,,SNKAWJBJQDLSFF,ok,other_reactant,other_reactant,other_reactant,,,,not_registry_matched,not_assessable,False,9,9
yeast,s_3216,CDP-ethanolamine,cdpea,C00570,CHEBI:57876,MNXM449,,WVIMUEUQJFPNDK,ok,other_reactant,other_reactant,other_reactant,,,,not_registry_matched,not_assessable,False,8,8
yeast,s_3217,CDP-choline,cdpchol,C00307,CHEBI:16436,MNXM283,,RZZPDXZPRHQOCG,ok,other_reactant,other_reactant,other_reactant,,,,not_registry_matched,not_assessable,False,8,16
yeast,s_3218,glycerol 3-phosphate,glyc3p,C00093,CHEBI:57597,MNXM66,,AWUCVROLDVIAJX,ok,other_reactant,other_reactant,other_reactant,,,,not_registry_matched,not_assessable,False,6,6
yeast,s_3220,"3-(3-sn-phosphatidyl)-sn-glycerol 1-phosphate (1-16:0, 2-16:1)",,,,,,,missing_smiles,other_reactant,other_reactant,other_reactant,,,,not_registry_matched,not_assessable,False,1,1
yeast,s_3221,"3-(3-sn-phosphatidyl)-sn-glycerol 1-phosphate (1-16:1, 2-16:1)",,,,,,,missing_smiles,other_reactant,other_reactant,other_reactant,,,,not_registry_matched,not_assessable,False,1,1
yeast,s_3222,"3-(3-sn-phosphatidyl)-sn-glycerol 1-phosphate (1-18:0, 2-16:1)",,,,,,,missing_smiles,other_reactant,other_reactant,other_reactant,,,,not_registry_matched,not_assessable,False,1,1
yeast,s_3223,"3-(3-sn-phosphatidyl)-sn-glycerol 1-phosphate (1-18:1, 2-16:1)",,,,,,,missing_smiles,other_reactant,other_reactant,other_reactant,,,,not_registry_matched,not_assessable,False,1,1
yeast,s_3224,"3-(3-sn-phosphatidyl)-sn-glycerol 1-phosphate (1-16:0, 2-18:1)",,,,MNXM725269,,BKRKPWQBIFVASS,ok,other_reactant,other_reactant,other_reactant,,,,not_registry_matched,not_assessable,False,1,1
yeast,s_3225,"3-(3-sn-phosphatidyl)-sn-glycerol 1-phosphate (1-16:1, 2-18:1)",,,,,,,missing_smiles,other_reactant,other_reactant,other_reactant,,,,not_registry_matched,not_assessable,False,1,1
yeast,s_3226,H2O,h2o,C00001,CHEBI:15377,MNXM2,,XLYOFNOQVPJJNP,ok,solvent,solvent,currency_or_cofactor,water,normalized_name;bigg_ids:h2o;kegg_ids:c00001;chebi_ids:chebi:15377;metanetx_ids:mnxm2;inchikey_connectivity:xlyofnoqvpjjnp,normalized_name;bigg_ids;kegg_ids;chebi_ids;metanetx_ids;inchikey_connectivity,multiple_evidence_types,consistent,False,48,48
yeast,s_3227,"phosphatidylglycerol (1-16:0, 2-16:1)",,,CHEBI:136224,,,,inchikey_unavailable,other_reactant,other_reactant,other_reactant,,,,not_registry_matched,not_assessable,False,7,7
yeast,s_3229,"phosphatidylglycerol (1-16:1, 2-16:1)",,,,,,,missing_smiles,other_reactant,other_reactant,other_reactant,,,,not_registry_matched,not_assessable,False,7,7
yeast,s_3230,"phosphatidylglycerol (1-18:0, 2-16:1)",,,CHEBI:89270,,,IPJKIWYVQGPZEW,ok,other_reactant,other_reactant,other_reactant,,,,not_registry_matched,not_assessable,False,7,7
yeast,s_3231,"phosphatidylglycerol (1-18:1, 2-16:1)",,,CHEBI:89093,,,VCYYBLIRAQBPTM,ok,other_reactant,other_reactant,other_reactant,,,,not_registry_matched,not_assessable,False,7,7
yeast,s_3232,"phosphatidylglycerol (1-16:0, 2-18:1)",,C13833,CHEBI:34080,,,YLFMCMWKHSDUCT,ok,other_reactant,other_reactant,other_reactant,,,,not_registry_matched,not_assessable,False,7,7
yeast,s_3233,"phosphatidylglycerol (1-16:1, 2-18:1)",,,CHEBI:89398,,,QGIXWNRQEFVVRM,ok,other_reactant,other_reactant,other_reactant,,,,not_registry_matched,not_assessable,False,7,7
yeast,s_3234,"cardiolipin (1-16:0, 2-16:1, 3-16:0, 4-16:1)",,,,MNXM120766,,ZDJOJCREINQZEV,ok,other_reactant,other_reactant,other_reactant,,,,not_registry_matched,not_assessable,False,2,2
yeast,s_3235,"cardiolipin (1-16:0, 2-16:1, 3-16:1, 4-16:1)",,,,MNXM120775,,VBKVDKSJQJMNLZ,ok,other_reactant,other_reactant,other_reactant,,,,not_registry_matched,not_assessable,False,1,1
yeast,s_3236,"cardiolipin (1-16:0, 2-16:1, 3-18:0, 4-16:1)",,,,MNXM120785,,JQSMVOVLPIKMJH,ok,other_reactant,other_reactant,other_reactant,,,,not_registry_matched,not_assessable,False,2,2
yeast,s_3237,"cardiolipin (1-16:0, 2-16:1, 3-18:1, 4-16:1)",,,,MNXM120792,,UPNIZHAKPCAWML,ok,other_reactant,other_reactant,other_reactant,,,,not_registry_matched,not_assessable,False,1,1
yeast,s_3238,"cardiolipin (1-16:0, 2-16:1, 3-16:0, 4-18:1)",,,,MNXM120768,,HLWJFPGODYNZNR,ok,other_reactant,other_reactant,other_reactant,,,,not_registry_matched,not_assessable,False,2,2
yeast,s_3239,"cardiolipin (1-16:0, 2-16:1, 3-16:1, 4-18:1)",,,,MNXM120778,,UNCDNNMJUAILFO,ok,other_reactant,other_reactant,other_reactant,,,,not_registry_matched,not_assessable,False,1,1
yeast,s_3240,"cardiolipin (1-16:1, 2-16:1, 3-16:0, 4-16:1)",,,,,,,missing_smiles,other_reactant,other_reactant,other_reactant,,,,not_registry_matched,not_assessable,False,1,1
yeast,s_3242,"cardiolipin (1-16:1, 2-16:1, 3-18:0, 4-16:1)",,,,,,,missing_smiles,other_reactant,other_reactant,other_reactant,,,,not_registry_matched,not_assessable,False,1,1
yeast,s_3244,"cardiolipin (1-16:1, 2-16:1, 3-16:0, 4-18:1)",,,,,,,missing_smiles,other_reactant,other_reactant,other_reactant,,,,not_registry_matched,not_assessable,False,1,1
yeast,s_3246,"cardiolipin (1-18:0, 2-16:1, 3-16:0, 4-16:1)",,,,,,,missing_smiles,other_reactant,other_reactant,other_reactant,,,,not_registry_matched,not_assessable,False,2,2
yeast,s_3247,"cardiolipin (1-18:0, 2-16:1, 3-16:1, 4-16:1)",,,,,,,missing_smiles,other_reactant,other_reactant,other_reactant,,,,not_registry_matched,not_assessable,False,1,1
yeast,s_3248,"cardiolipin (1-18:0, 2-16:1, 3-18:0, 4-16:1)",,,,,,,missing_smiles,other_reactant,other_reactant,other_reactant,,,,not_registry_matched,not_assessable,False,2,2
yeast,s_3249,"cardiolipin (1-18:0, 2-16:1, 3-18:1, 4-16:1)",,,,,,,missing_smiles,other_reactant,other_reactant,other_reactant,,,,not_registry_matched,not_assessable,False,1,1
yeast,s_3250,"cardiolipin (1-18:0, 2-16:1, 3-16:0, 4-18:1)",,,,,,,missing_smiles,other_reactant,other_reactant,other_reactant,,,,not_registry_matched,not_assessable,False,2,2
yeast,s_3251,"cardiolipin (1-18:0, 2-16:1, 3-16:1, 4-18:1)",,,,,,,missing_smiles,other_reactant,other_reactant,other_reactant,,,,not_registry_matched,not_assessable,False,1,1
yeast,s_3252,"cardiolipin (1-18:1, 2-16:1, 3-16:0, 4-16:1)",,,,,,,missing_smiles,other_reactant,other_reactant,other_reactant,,,,not_registry_matched,not_assessable,False,1,1
yeast,s_3254,"cardiolipin (1-18:1, 2-16:1, 3-18:0, 4-16:1)",,,,,,,missing_smiles,other_reactant,other_reactant,other_reactant,,,,not_registry_matched,not_assessable,False,1,1
yeast,s_3256,"cardiolipin (1-18:1, 2-16:1, 3-16:0, 4-18:1)",,,,,,,missing_smiles,other_reactant,other_reactant,other_reactant,,,,not_registry_matched,not_assessable,False,1,1
yeast,s_3258,"cardiolipin (1-16:0, 2-18:1, 3-16:0, 4-16:1)",,,,,,,missing_smiles,other_reactant,other_reactant,other_reactant,,,,not_registry_matched,not_assessable,False,2,2
yeast,s_3259,"cardiolipin (1-16:0, 2-18:1, 3-16:1, 4-16:1)",,,,MNXM120922,,OQQAELSMMXVYDI,ok,other_reactant,other_reactant,other_reactant,,,,not_registry_matched,not_assessable,False,1,1
yeast,s_3260,"cardiolipin (1-16:0, 2-18:1, 3-18:0, 4-16:1)",,,,,,,missing_smiles,other_reactant,other_reactant,other_reactant,,,,not_registry_matched,not_assessable,False,2,2
yeast,s_3261,"cardiolipin (1-16:0, 2-18:1, 3-18:1, 4-16:1)",,,,MNXM120940,,VNOGHVLQRCDTKE,ok,other_reactant,other_reactant,other_reactant,,,,not_registry_matched,not_assessable,False,1,1
yeast,s_3262,"cardiolipin (1-16:0, 2-18:1, 3-16:0, 4-18:1)",,,,,,,missing_smiles,other_reactant,other_reactant,other_reactant,,,,not_registry_matched,not_assessable,False,2,2
yeast,s_3263,"cardiolipin (1-16:0, 2-18:1, 3-16:1, 4-18:1)",,,,MNXM120924,,XKZPKAWPUPSUJF,ok,other_reactant,other_reactant,other_reactant,,,,not_registry_matched,not_assessable,False,1,1
yeast,s_3264,"cardiolipin (1-16:1, 2-18:1, 3-16:0, 4-16:1)",,,,,,,missing_smiles,other_reactant,other_reactant,other_reactant,,,,not_registry_matched,not_assessable,False,1,1
yeast,s_3266,"cardiolipin (1-16:1, 2-18:1, 3-18:0, 4-16:1)",,,,,,,missing_smiles,other_reactant,other_reactant,other_reactant,,,,not_registry_matched,not_assessable,False,1,1
yeast,s_3268,"cardiolipin (1-16:1, 2-18:1, 3-16:0, 4-18:1)",,,,,,,missing_smiles,other_reactant,other_reactant,other_reactant,,,,not_registry_matched,not_assessable,False,1,1
yeast,s_3270,"monolysocardiolipin (2-16:1, 3-16:0, 4-16:1)",,,,,,,missing_smiles,other_reactant,other_reactant,other_reactant,,,,not_registry_matched,not_assessable,False,8,8
yeast,s_3272,"monolysocardiolipin (2-16:1, 3-16:1, 4-16:1)",,,,,,,missing_smiles,other_reactant,other_reactant,other_reactant,,,,not_registry_matched,not_assessable,False,8,8
yeast,s_3273,"monolysocardiolipin (2-16:1, 3-18:0, 4-16:1)",,,,,,,missing_smiles,other_reactant,other_reactant,other_reactant,,,,not_registry_matched,not_assessable,False,8,8
yeast,s_3274,"monolysocardiolipin (2-16:1, 3-18:1, 4-16:1)",,,,,,,missing_smiles,other_reactant,other_reactant,other_reactant,,,,not_registry_matched,not_assessable,False,8,8
yeast,s_3275,"monolysocardiolipin (2-16:1, 3-16:0, 4-18:1)",,,,,,,missing_smiles,other_reactant,other_reactant,other_reactant,,,,not_registry_matched,not_assessable,False,8,8
yeast,s_3276,"monolysocardiolipin (2-16:1, 3-16:1, 4-18:1)",,,,,,,missing_smiles,other_reactant,other_reactant,other_reactant,,,,not_registry_matched,not_assessable,False,8,8
yeast,s_3278,"monolysocardiolipin (2-18:1, 3-16:0, 4-16:1)",,,,,,,missing_smiles,other_reactant,other_reactant,other_reactant,,,,not_registry_matched,not_assessable,False,8,8
yeast,s_3279,"monolysocardiolipin (2-18:1, 3-16:1, 4-16:1)",,,,,,,missing_smiles,other_reactant,other_reactant,other_reactant,,,,not_registry_matched,not_assessable,False,8,8
yeast,s_3280,"monolysocardiolipin (2-18:1, 3-18:0, 4-16:1)",,,,,,,missing_smiles,other_reactant,other_reactant,other_reactant,,,,not_registry_matched,not_assessable,False,8,8
yeast,s_3281,"monolysocardiolipin (2-18:1, 3-18:1, 4-16:1)",,,,,,,missing_smiles,other_reactant,other_reactant,other_reactant,,,,not_registry_matched,not_assessable,False,8,8
yeast,s_3282,"monolysocardiolipin (2-18:1, 3-16:0, 4-18:1)",,,,,,,missing_smiles,other_reactant,other_reactant,other_reactant,,,,not_registry_matched,not_assessable,False,8,8
yeast,s_3283,"monolysocardiolipin (2-18:1, 3-16:1, 4-18:1)",,,,,,,missing_smiles,other_reactant,other_reactant,other_reactant,,,,not_registry_matched,not_assessable,False,8,8
yeast,s_3284,"monolysocardiolipin (1-16:0, 2-16:1, 4-16:1)",,,,,,,missing_smiles,other_reactant,other_reactant,other_reactant,,,,not_registry_matched,not_assessable,False,8,8
yeast,s_3285,"monolysocardiolipin (1-16:0, 2-16:1, 4-18:1)",,,,,,,missing_smiles,other_reactant,other_reactant,other_reactant,,,,not_registry_matched,not_assessable,False,8,8
yeast,s_3286,"monolysocardiolipin (1-16:1, 2-16:1, 4-16:1)",,,,,,,missing_smiles,other_reactant,other_reactant,other_reactant,,,,not_registry_matched,not_assessable,False,8,8
yeast,s_3287,"monolysocardiolipin (1-16:1, 2-16:1, 4-18:1)",,,,,,,missing_smiles,other_reactant,other_reactant,other_reactant,,,,not_registry_matched,not_assessable,False,8,8
yeast,s_3288,"monolysocardiolipin (1-18:0, 2-16:1, 4-16:1)",,,,,,,missing_smiles,other_reactant,other_reactant,other_reactant,,,,not_registry_matched,not_assessable,False,8,8
yeast,s_3289,"monolysocardiolipin (1-18:0, 2-16:1, 4-18:1)",,,,,,,missing_smiles,other_reactant,other_reactant,other_reactant,,,,not_registry_matched,not_assessable,False,8,8
yeast,s_3290,"monolysocardiolipin (1-18:1, 2-16:1, 4-16:1)",,,,,,,missing_smiles,other_reactant,other_reactant,other_reactant,,,,not_registry_matched,not_assessable,False,8,8
yeast,s_3291,"monolysocardiolipin (1-18:1, 2-16:1, 4-18:1)",,,,,,,missing_smiles,other_reactant,other_reactant,other_reactant,,,,not_registry_matched,not_assessable,False,8,8
yeast,s_3292,"monolysocardiolipin (1-16:0, 2-18:1, 4-16:1)",,,,,,,missing_smiles,other_reactant,other_reactant,other_reactant,,,,not_registry_matched,not_assessable,False,8,8
yeast,s_3293,"monolysocardiolipin (1-16:0, 2-18:1, 4-18:1)",,,,,,,missing_smiles,other_reactant,other_reactant,other_reactant,,,,not_registry_matched,not_assessable,False,8,8
yeast,s_3294,"monolysocardiolipin (1-16:1, 2-18:1, 4-16:1)",,,,,,,missing_smiles,other_reactant,other_reactant,other_reactant,,,,not_registry_matched,not_assessable,False,8,8
yeast,s_3295,"monolysocardiolipin (1-16:1, 2-18:1, 4-18:1)",,,,,,,missing_smiles,other_reactant,other_reactant,other_reactant,,,,not_registry_matched,not_assessable,False,8,8
yeast,s_3296,"phosphatidylcholine (1-16:0, 2-16:1)",,,CHEBI:134592,,,,inchikey_unavailable,other_reactant,other_reactant,other_reactant,,,,not_registry_matched,not_assessable,False,24,24
yeast,s_3298,"phosphatidylcholine (1-16:1, 2-16:1)",pc161,,CHEBI:83717,MNXM69377,,GPWHCUUIQMGELX,ok,other_reactant,other_reactant,other_reactant,,,,not_registry_matched,not_assessable,False,24,24
yeast,s_3300,"phosphatidylcholine (1-18:0, 2-16:1)",,,CHEBI:86097,MNXM69528,,QRSPNOMDLRZDPG,ok,other_reactant,other_reactant,other_reactant,,,,not_registry_matched,not_assessable,False,24,24
yeast,s_3302,"phosphatidylcholine (1-18:1, 2-16:1)",,,CHEBI:86100,MNXM69658,,QJZAWHQVXYMEQR,ok,other_reactant,other_reactant,other_reactant,,,,not_registry_matched,not_assessable,False,24,24
yeast,s_3304,"phosphatidylcholine (1-16:0, 2-18:1)",,,CHEBI:134594,,,,inchikey_unavailable,other_reactant,other_reactant,other_reactant,,,,not_registry_matched,not_assessable,False,24,24
yeast,s_3305,"phosphatidylcholine (1-16:1, 2-18:1)",,,CHEBI:84811,MNXM69383,,ZRCWDIULNHKQRD,ok,other_reactant,other_reactant,other_reactant,,,,not_registry_matched,not_assessable,False,24,24
yeast,s_3306,"phosphatidylcholine (1-18:0, 2-18:1)",,,CHEBI:75034,MNXM32526,,ATHVAWFAEPLPPQ,ok,other_reactant,other_reactant,other_reactant,,,,not_registry_matched,not_assessable,False,24,24
yeast,s_3307,"phosphatidylcholine (1-18:1, 2-18:1)",,,CHEBI:74669,MNXM8549,,SNKAWJBJQDLSFF,ok,other_reactant,other_reactant,other_reactant,,,,not_registry_matched,not_assessable,False,24,24
yeast,s_3321,coenzyme A,coa,C00010,CHEBI:57287,MNXM12,,RGJOEKWQDUBAIZ,ok,carrier_cofactor,carrier_cofactor,currency_or_cofactor,coenzyme A,normalized_name;bigg_ids:coa;kegg_ids:c00010;chebi_ids:chebi:57287;metanetx_ids:mnxm12;inchikey_connectivity:rgjoekwqdubaiz,normalized_name;bigg_ids;kegg_ids;chebi_ids;metanetx_ids;inchikey_connectivity,multiple_evidence_types,consistent,False,1,1
yeast,s_3323,"1-phosphatidyl-1D-myo-inositol (1-16:0, 2-16:1)",,,CHEBI:88396,MNXM75492,,QAWXBJDYTIBLRK,ok,other_reactant,other_reactant,other_reactant,,,,not_registry_matched,not_assessable,False,2,3
yeast,s_3325,"1-phosphatidyl-1D-myo-inositol 4-phosphate (1-16:0, 2-16:1)",,,,,,,missing_smiles,other_reactant,other_reactant,other_reactant,,,,not_registry_matched,not_assessable,False,2,3
yeast,s_3326,"1-phosphatidyl-1D-myo-inositol (1-16:1, 2-16:1)",pail161,,,,,,missing_smiles,other_reactant,other_reactant,other_reactant,,,,not_registry_matched,not_assessable,False,2,3
yeast,s_3327,"1-phosphatidyl-1D-myo-inositol 4-phosphate (1-16:1, 2-16:1)",pail4p161,,,,,,missing_smiles,other_reactant,other_reactant,other_reactant,,,,not_registry_matched,not_assessable,False,2,3
yeast,s_3328,"1-phosphatidyl-1D-myo-inositol (1-18:0, 2-16:1)",,,CHEBI:88557,MNXM75665,,QMAMEGDTQPWOEM,ok,other_reactant,other_reactant,other_reactant,,,,not_registry_matched,not_assessable,False,2,3
yeast,s_3329,"1-phosphatidyl-1D-myo-inositol 4-phosphate (1-18:0, 2-16:1)",,,,,,,missing_smiles,other_reactant,other_reactant,other_reactant,,,,not_registry_matched,not_assessable,False,2,3
yeast,s_3330,"1-phosphatidyl-1D-myo-inositol (1-18:1, 2-16:1)",,,CHEBI:88626,,,BDRPKQLVISVUCU,ok,other_reactant,other_reactant,other_reactant,,,,not_registry_matched,not_assessable,False,2,3
yeast,s_3331,"1-phosphatidyl-1D-myo-inositol 4-phosphate (1-18:1, 2-16:1)",,,,,,,missing_smiles,other_reactant,other_reactant,other_reactant,,,,not_registry_matched,not_assessable,False,2,3
yeast,s_3332,"1-phosphatidyl-1D-myo-inositol (1-16:0, 2-18:1)",,C13888,CHEBI:73215,MNXM75499,,PDLAMJKMOKWLAJ,ok,other_reactant,other_reactant,other_reactant,,,,not_registry_matched,not_assessable,False,2,3
yeast,s_3333,"1-phosphatidyl-1D-myo-inositol 4-phosphate (1-16:0, 2-18:1)",,,,,,,missing_smiles,other_reactant,other_reactant,other_reactant,,,,not_registry_matched,not_assessable,False,2,3
yeast,s_3334,"1-phosphatidyl-1D-myo-inositol (1-16:1, 2-18:1)",,,CHEBI:88562,,,GXAHXPDRXNWFIX,ok,other_reactant,other_reactant,other_reactant,,,,not_registry_matched,not_assessable,False,2,3
yeast,s_3335,"1-phosphatidyl-1D-myo-inositol 4-phosphate (1-16:1, 2-18:1)",,,,,,,missing_smiles,other_reactant,other_reactant,other_reactant,,,,not_registry_matched,not_assessable,False,2,3
yeast,s_3336,"1-phosphatidyl-1D-myo-inositol (1-18:0, 2-18:1)",,,CHEBI:77346,MNXM75671,,YOBFISPJJWPPTK,ok,other_reactant,other_reactant,other_reactant,,,,not_registry_matched,not_assessable,False,2,3
yeast,s_3337,"1-phosphatidyl-1D-myo-inositol 4-phosphate (1-18:0, 2-18:1)",,,CHEBI:77277,,,HGTWQOJDTOGJCZ,ok,other_reactant,other_reactant,other_reactant,,,,not_registry_matched,not_assessable,False,2,3
yeast,s_3338,"1-phosphatidyl-1D-myo-inositol (1-18:1, 2-18:1)",,,CHEBI:88612,,,LALGUHSIWLNTNW,ok,other_reactant,other_reactant,other_reactant,,,,not_registry_matched,not_assessable,False,2,3
yeast,s_3339,"1-phosphatidyl-1D-myo-inositol 4-phosphate (1-18:1, 2-18:1)",,,,,,,missing_smiles,other_reactant,other_reactant,other_reactant,,,,not_registry_matched,not_assessable,False,2,3
yeast,s_3340,"1-phosphatidyl-1D-myo-inositol (1-16:0, 2-16:1)",,,CHEBI:88396,MNXM75492,,QAWXBJDYTIBLRK,ok,other_reactant,other_reactant,other_reactant,,,,not_registry_matched,not_assessable,False,2,4
yeast,s_3341,ATP,atp,C00002,CHEBI:30616,MNXM3,5957,ZKHQWZAMYRWXGA,ok,energy_nucleotide,energy_nucleotide,currency_or_cofactor,ATP,normalized_name;bigg_ids:atp;kegg_ids:c00002;chebi_ids:chebi:30616;metanetx_ids:mnxm3;pubchem_cids:5957;inchikey_connectivity:zkhqwzamyrwxga,normalized_name;bigg_ids;kegg_ids;chebi_ids;metanetx_ids;pubchem_cids;inchikey_connectivity,multiple_evidence_types,consistent,False,24,40
yeast,s_3344,"1-phosphatidyl-1D-myo-inositol (1-16:1, 2-16:1)",pail161,,,,,,missing_smiles,other_reactant,other_reactant,other_reactant,,,,not_registry_matched,not_assessable,False,2,4
yeast,s_3346,"1-phosphatidyl-1D-myo-inositol (1-18:0, 2-16:1)",,,CHEBI:88557,MNXM75665,,QMAMEGDTQPWOEM,ok,other_reactant,other_reactant,other_reactant,,,,not_registry_matched,not_assessable,False,2,4
yeast,s_3348,"1-phosphatidyl-1D-myo-inositol (1-18:1, 2-16:1)",,,CHEBI:88626,,,BDRPKQLVISVUCU,ok,other_reactant,other_reactant,other_reactant,,,,not_registry_matched,not_assessable,False,2,4
yeast,s_3350,"1-phosphatidyl-1D-myo-inositol (1-16:0, 2-18:1)",,C13888,CHEBI:73215,MNXM75499,,PDLAMJKMOKWLAJ,ok,other_reactant,other_reactant,other_reactant,,,,not_registry_matched,not_assessable,False,2,4
yeast,s_3352,"1-phosphatidyl-1D-myo-inositol (1-16:1, 2-18:1)",,,CHEBI:88562,,,GXAHXPDRXNWFIX,ok,other_reactant,other_reactant,other_reactant,,,,not_registry_matched,not_assessable,False,2,4
yeast,s_3354,"1-phosphatidyl-1D-myo-inositol (1-18:0, 2-18:1)",,,CHEBI:77346,MNXM75671,,YOBFISPJJWPPTK,ok,other_reactant,other_reactant,other_reactant,,,,not_registry_matched,not_assessable,False,2,4
yeast,s_3356,"1-phosphatidyl-1D-myo-inositol (1-18:1, 2-18:1)",,,CHEBI:88612,,,LALGUHSIWLNTNW,ok,other_reactant,other_reactant,other_reactant,,,,not_registry_matched,not_assessable,False,2,4
yeast,s_3358,"1-phosphatidyl-1D-myo-inositol (1-16:0, 2-16:1)",,,CHEBI:88396,MNXM75492,,QAWXBJDYTIBLRK,ok,other_reactant,other_reactant,other_reactant,,,,not_registry_matched,not_assessable,False,21,21
yeast,s_3359,ATP,atp,C00002,CHEBI:30616,MNXM3,5957,ZKHQWZAMYRWXGA,ok,energy_nucleotide,energy_nucleotide,currency_or_cofactor,ATP,normalized_name;bigg_ids:atp;kegg_ids:c00002;chebi_ids:chebi:30616;metanetx_ids:mnxm3;pubchem_cids:5957;inchikey_connectivity:zkhqwzamyrwxga,normalized_name;bigg_ids;kegg_ids;chebi_ids;metanetx_ids;pubchem_cids;inchikey_connectivity,multiple_evidence_types,consistent,False,8,8
yeast,s_3361,"1-phosphatidyl-1D-myo-inositol 4-phosphate (1-16:0, 2-16:1)",,,,,,,missing_smiles,other_reactant,other_reactant,other_reactant,,,,not_registry_matched,not_assessable,False,1,1
yeast,s_3362,"1-phosphatidyl-1D-myo-inositol (1-16:1, 2-16:1)",pail161,,,,,,missing_smiles,other_reactant,other_reactant,other_reactant,,,,not_registry_matched,not_assessable,False,21,21
yeast,s_3363,"1-phosphatidyl-1D-myo-inositol 4-phosphate (1-16:1, 2-16:1)",pail4p161,,,,,,missing_smiles,other_reactant,other_reactant,other_reactant,,,,not_registry_matched,not_assessable,False,1,1
yeast,s_3364,"1-phosphatidyl-1D-myo-inositol (1-18:0, 2-16:1)",,,CHEBI:88557,MNXM75665,,QMAMEGDTQPWOEM,ok,other_reactant,other_reactant,other_reactant,,,,not_registry_matched,not_assessable,False,21,21
yeast,s_3365,"1-phosphatidyl-1D-myo-inositol 4-phosphate (1-18:0, 2-16:1)",,,,,,,missing_smiles,other_reactant,other_reactant,other_reactant,,,,not_registry_matched,not_assessable,False,1,1
yeast,s_3366,"1-phosphatidyl-1D-myo-inositol (1-18:1, 2-16:1)",,,CHEBI:88626,,,BDRPKQLVISVUCU,ok,other_reactant,other_reactant,other_reactant,,,,not_registry_matched,not_assessable,False,21,21
yeast,s_3367,"1-phosphatidyl-1D-myo-inositol 4-phosphate (1-18:1, 2-16:1)",,,,,,,missing_smiles,other_reactant,other_reactant,other_reactant,,,,not_registry_matched,not_assessable,False,1,1
yeast,s_3368,"1-phosphatidyl-1D-myo-inositol (1-16:0, 2-18:1)",,C13888,CHEBI:73215,MNXM75499,,PDLAMJKMOKWLAJ,ok,other_reactant,other_reactant,other_reactant,,,,not_registry_matched,not_assessable,False,21,21
yeast,s_3369,"1-phosphatidyl-1D-myo-inositol 4-phosphate (1-16:0, 2-18:1)",,,,,,,missing_smiles,other_reactant,other_reactant,other_reactant,,,,not_registry_matched,not_assessable,False,1,1
yeast,s_3370,"1-phosphatidyl-1D-myo-inositol (1-16:1, 2-18:1)",,,CHEBI:88562,,,GXAHXPDRXNWFIX,ok,other_reactant,other_reactant,other_reactant,,,,not_registry_matched,not_assessable,False,21,21
yeast,s_3371,"1-phosphatidyl-1D-myo-inositol 4-phosphate (1-16:1, 2-18:1)",,,,,,,missing_smiles,other_reactant,other_reactant,other_reactant,,,,not_registry_matched,not_assessable,False,1,1
yeast,s_3372,"1-phosphatidyl-1D-myo-inositol (1-18:0, 2-18:1)",,,CHEBI:77346,MNXM75671,,YOBFISPJJWPPTK,ok,other_reactant,other_reactant,other_reactant,,,,not_registry_matched,not_assessable,False,21,21
yeast,s_3373,"1-phosphatidyl-1D-myo-inositol 4-phosphate (1-18:0, 2-18:1)",,,CHEBI:77277,,,HGTWQOJDTOGJCZ,ok,other_reactant,other_reactant,other_reactant,,,,not_registry_matched,not_assessable,False,1,1
yeast,s_3374,"1-phosphatidyl-1D-myo-inositol (1-18:1, 2-18:1)",,,CHEBI:88612,,,LALGUHSIWLNTNW,ok,other_reactant,other_reactant,other_reactant,,,,not_registry_matched,not_assessable,False,21,21
yeast,s_3375,"1-phosphatidyl-1D-myo-inositol 4-phosphate (1-18:1, 2-18:1)",,,,,,,missing_smiles,other_reactant,other_reactant,other_reactant,,,,not_registry_matched,not_assessable,False,1,1
yeast,s_3376,"1-phosphatidyl-1D-myo-inositol (1-16:0, 2-16:1)",,,CHEBI:88396,MNXM75492,,QAWXBJDYTIBLRK,ok,other_reactant,other_reactant,other_reactant,,,,not_registry_matched,not_assessable,False,1,1
yeast,s_3377,"1-phosphatidyl-1D-myo-inositol 4-phosphate (1-16:0, 2-16:1)",,,,,,,missing_smiles,other_reactant,other_reactant,other_reactant,,,,not_registry_matched,not_assessable,False,1,1
yeast,s_3378,"1-phosphatidyl-1D-myo-inositol (1-16:1, 2-16:1)",pail161,,,,,,missing_smiles,other_reactant,other_reactant,other_reactant,,,,not_registry_matched,not_assessable,False,1,1
yeast,s_3379,"1-phosphatidyl-1D-myo-inositol 4-phosphate (1-16:1, 2-16:1)",pail4p161,,,,,,missing_smiles,other_reactant,other_reactant,other_reactant,,,,not_registry_matched,not_assessable,False,1,1
yeast,s_3380,"1-phosphatidyl-1D-myo-inositol (1-18:0, 2-16:1)",,,CHEBI:88557,MNXM75665,,QMAMEGDTQPWOEM,ok,other_reactant,other_reactant,other_reactant,,,,not_registry_matched,not_assessable,False,1,1
yeast,s_3381,"1-phosphatidyl-1D-myo-inositol 4-phosphate (1-18:0, 2-16:1)",,,,,,,missing_smiles,other_reactant,other_reactant,other_reactant,,,,not_registry_matched,not_assessable,False,1,1
yeast,s_3382,"1-phosphatidyl-1D-myo-inositol (1-18:1, 2-16:1)",,,CHEBI:88626,,,BDRPKQLVISVUCU,ok,other_reactant,other_reactant,other_reactant,,,,not_registry_matched,not_assessable,False,1,1
yeast,s_3383,"1-phosphatidyl-1D-myo-inositol 4-phosphate (1-18:1, 2-16:1)",,,,,,,missing_smiles,other_reactant,other_reactant,other_reactant,,,,not_registry_matched,not_assessable,False,1,1
yeast,s_3384,"1-phosphatidyl-1D-myo-inositol (1-16:0, 2-18:1)",,C13888,CHEBI:73215,MNXM75499,,PDLAMJKMOKWLAJ,ok,other_reactant,other_reactant,other_reactant,,,,not_registry_matched,not_assessable,False,1,1
yeast,s_3385,"1-phosphatidyl-1D-myo-inositol 4-phosphate (1-16:0, 2-18:1)",,,,,,,missing_smiles,other_reactant,other_reactant,other_reactant,,,,not_registry_matched,not_assessable,False,1,1
yeast,s_3386,"1-phosphatidyl-1D-myo-inositol (1-16:1, 2-18:1)",,,CHEBI:88562,,,GXAHXPDRXNWFIX,ok,other_reactant,other_reactant,other_reactant,,,,not_registry_matched,not_assessable,False,1,1
yeast,s_3387,"1-phosphatidyl-1D-myo-inositol 4-phosphate (1-16:1, 2-18:1)",,,,,,,missing_smiles,other_reactant,other_reactant,other_reactant,,,,not_registry_matched,not_assessable,False,1,1
yeast,s_3388,"1-phosphatidyl-1D-myo-inositol (1-18:0, 2-18:1)",,,CHEBI:77346,MNXM75671,,YOBFISPJJWPPTK,ok,other_reactant,other_reactant,other_reactant,,,,not_registry_matched,not_assessable,False,1,1
yeast,s_3389,"1-phosphatidyl-1D-myo-inositol 4-phosphate (1-18:0, 2-18:1)",,,CHEBI:77277,,,HGTWQOJDTOGJCZ,ok,other_reactant,other_reactant,other_reactant,,,,not_registry_matched,not_assessable,False,1,1
yeast,s_3390,"1-phosphatidyl-1D-myo-inositol (1-18:1, 2-18:1)",,,CHEBI:88612,,,LALGUHSIWLNTNW,ok,other_reactant,other_reactant,other_reactant,,,,not_registry_matched,not_assessable,False,1,1
yeast,s_3391,"1-phosphatidyl-1D-myo-inositol 4-phosphate (1-18:1, 2-18:1)",,,,,,,missing_smiles,other_reactant,other_reactant,other_reactant,,,,not_registry_matched,not_assessable,False,1,1
yeast,s_3392,"1-phosphatidyl-1D-myo-inositol 3-phosphate (1-16:0, 2-16:1)",,,,,,,missing_smiles,other_reactant,other_reactant,other_reactant,,,,not_registry_matched,not_assessable,False,1,1
yeast,s_3393,"1-phosphatidyl-1D-myo-inositol 3-phosphate (1-16:1, 2-16:1)",pail3p161,,,,,,missing_smiles,other_reactant,other_reactant,other_reactant,,,,not_registry_matched,not_assessable,False,1,1
yeast,s_3394,"1-phosphatidyl-1D-myo-inositol 3-phosphate (1-18:0, 2-16:1)",,,,,,,missing_smiles,other_reactant,other_reactant,other_reactant,,,,not_registry_matched,not_assessable,False,1,1
yeast,s_3395,"1-phosphatidyl-1D-myo-inositol 3-phosphate (1-18:1, 2-16:1)",,,,,,,missing_smiles,other_reactant,other_reactant,other_reactant,,,,not_registry_matched,not_assessable,False,1,1
yeast,s_3396,"1-phosphatidyl-1D-myo-inositol 3-phosphate (1-16:0, 2-18:1)",,,,,,,missing_smiles,other_reactant,other_reactant,other_reactant,,,,not_registry_matched,not_assessable,False,1,1
yeast,s_3397,"1-phosphatidyl-1D-myo-inositol 3-phosphate (1-16:1, 2-18:1)",,,,,,,missing_smiles,other_reactant,other_reactant,other_reactant,,,,not_registry_matched,not_assessable,False,1,1
yeast,s_3398,"1-phosphatidyl-1D-myo-inositol 3-phosphate (1-18:0, 2-18:1)",,,CHEBI:77347,,,FPKZCWDLBBWPJN,ok,other_reactant,other_reactant,other_reactant,,,,not_registry_matched,not_assessable,False,1,1
yeast,s_3399,"1-phosphatidyl-1D-myo-inositol 3-phosphate (1-18:1, 2-18:1)",,,CHEBI:77344,,,OUZMDNVZLWWNFQ,ok,other_reactant,other_reactant,other_reactant,,,,not_registry_matched,not_assessable,False,1,1
yeast,s_3400,"1-phosphatidyl-1D-myo-inositol 4,5-bisphosphate (1-16:0, 2-16:1)",,,,,,,missing_smiles,other_reactant,other_reactant,other_reactant,,,,not_registry_matched,not_assessable,False,1,1
yeast,s_3401,"1-phosphatidyl-1D-myo-inositol 4,5-bisphosphate (1-16:1, 2-16:1)",,,,,,,missing_smiles,other_reactant,other_reactant,other_reactant,,,,not_registry_matched,not_assessable,False,1,1
yeast,s_3402,"1-phosphatidyl-1D-myo-inositol 4,5-bisphosphate (1-18:0, 2-16:1)",,,,,,,missing_smiles,other_reactant,other_reactant,other_reactant,,,,not_registry_matched,not_assessable,False,1,1
yeast,s_3403,"1-phosphatidyl-1D-myo-inositol 4,5-bisphosphate (1-18:1, 2-16:1)",,,,,,,missing_smiles,other_reactant,other_reactant,other_reactant,,,,not_registry_matched,not_assessable,False,1,1
yeast,s_3404,"1-phosphatidyl-1D-myo-inositol 4,5-bisphosphate (1-16:0, 2-18:1)",,,,,,,missing_smiles,other_reactant,other_reactant,other_reactant,,,,not_registry_matched,not_assessable,False,1,1
yeast,s_3405,"1-phosphatidyl-1D-myo-inositol 4,5-bisphosphate (1-16:1, 2-18:1)",,,,,,,missing_smiles,other_reactant,other_reactant,other_reactant,,,,not_registry_matched,not_assessable,False,1,1
yeast,s_3406,"1-phosphatidyl-1D-myo-inositol 4,5-bisphosphate (1-18:0, 2-18:1)",,,CHEBI:77279,,,BWAQTKMFCCUVOJ,ok,other_reactant,other_reactant,other_reactant,,,,not_registry_matched,not_assessable,False,1,1
yeast,s_3407,"1-phosphatidyl-1D-myo-inositol 4,5-bisphosphate (1-18:1, 2-18:1)",,,,,,,missing_smiles,other_reactant,other_reactant,other_reactant,,,,not_registry_matched,not_assessable,False,1,1
yeast,s_3408,"1-phosphatidyl-1D-myo-inositol 4,5-bisphosphate (1-16:0, 2-16:1)",,,,,,,missing_smiles,other_reactant,other_reactant,other_reactant,,,,not_registry_matched,not_assessable,False,1,3
yeast,s_3409,"1-phosphatidyl-1D-myo-inositol 4,5-bisphosphate (1-16:1, 2-16:1)",,,,,,,missing_smiles,other_reactant,other_reactant,other_reactant,,,,not_registry_matched,not_assessable,False,1,3
yeast,s_3410,"1-phosphatidyl-1D-myo-inositol 4,5-bisphosphate (1-18:0, 2-16:1)",,,,,,,missing_smiles,other_reactant,other_reactant,other_reactant,,,,not_registry_matched,not_assessable,False,1,3
yeast,s_3411,"1-phosphatidyl-1D-myo-inositol 4,5-bisphosphate (1-18:1, 2-16:1)",,,,,,,missing_smiles,other_reactant,other_reactant,other_reactant,,,,not_registry_matched,not_assessable,False,1,3
yeast,s_3412,"1-phosphatidyl-1D-myo-inositol 4,5-bisphosphate (1-16:0, 2-18:1)",,,,,,,missing_smiles,other_reactant,other_reactant,other_reactant,,,,not_registry_matched,not_assessable,False,1,3
yeast,s_3413,"1-phosphatidyl-1D-myo-inositol 4,5-bisphosphate (1-16:1, 2-18:1)",,,,,,,missing_smiles,other_reactant,other_reactant,other_reactant,,,,not_registry_matched,not_assessable,False,1,3
yeast,s_3414,"1-phosphatidyl-1D-myo-inositol 4,5-bisphosphate (1-18:0, 2-18:1)",,,CHEBI:77279,,,BWAQTKMFCCUVOJ,ok,other_reactant,other_reactant,other_reactant,,,,not_registry_matched,not_assessable,False,1,3
yeast,s_3415,"1-phosphatidyl-1D-myo-inositol 4,5-bisphosphate (1-18:1, 2-18:1)",,,,,,,missing_smiles,other_reactant,other_reactant,other_reactant,,,,not_registry_matched,not_assessable,False,1,3
yeast,s_3416,"1-phosphatidyl-1D-myo-inositol 3,5-bisphosphate (1-16:0, 2-16:1)",,,,,,,missing_smiles,other_reactant,other_reactant,other_reactant,,,,not_registry_matched,not_assessable,False,1,1
yeast,s_3417,"1-phosphatidyl-1D-myo-inositol 3,5-bisphosphate (1-16:1, 2-16:1)",,,,,,,missing_smiles,other_reactant,other_reactant,other_reactant,,,,not_registry_matched,not_assessable,False,1,1
yeast,s_3418,"1-phosphatidyl-1D-myo-inositol 3,5-bisphosphate (1-18:0, 2-16:1)",,,,,,,missing_smiles,other_reactant,other_reactant,other_reactant,,,,not_registry_matched,not_assessable,False,1,1
yeast,s_3419,"1-phosphatidyl-1D-myo-inositol 3,5-bisphosphate (1-18:1, 2-16:1)",,,,,,,missing_smiles,other_reactant,other_reactant,other_reactant,,,,not_registry_matched,not_assessable,False,1,1
yeast,s_3420,"1-phosphatidyl-1D-myo-inositol 3,5-bisphosphate (1-16:0, 2-18:1)",,,,,,,missing_smiles,other_reactant,other_reactant,other_reactant,,,,not_registry_matched,not_assessable,False,1,1
yeast,s_3421,"1-phosphatidyl-1D-myo-inositol 3,5-bisphosphate (1-16:1, 2-18:1)",,,,,,,missing_smiles,other_reactant,other_reactant,other_reactant,,,,not_registry_matched,not_assessable,False,1,1
yeast,s_3422,"1-phosphatidyl-1D-myo-inositol 3,5-bisphosphate (1-18:0, 2-18:1)",,,,,,,missing_smiles,other_reactant,other_reactant,other_reactant,,,,not_registry_matched,not_assessable,False,1,1
yeast,s_3423,"1-phosphatidyl-1D-myo-inositol 3,5-bisphosphate (1-18:1, 2-18:1)",,,,,,,missing_smiles,other_reactant,other_reactant,other_reactant,,,,not_registry_matched,not_assessable,False,1,1
yeast,s_3428,1-acylglycerophosphocholine (16:0),1agpc160,C04102,CHEBI:72998,MNXM32510,,ASWBNKHCZGQVJV,ok,other_reactant,other_reactant,other_reactant,,,,not_registry_matched,not_assessable,False,1,1
yeast,s_3429,1-acylglycerophosphocholine (16:1),1agpc161,,CHEBI:73851,MNXM32519,,LFUDDCMNKWEORN,ok,other_reactant,other_reactant,other_reactant,,,,not_registry_matched,not_assessable,False,1,1
yeast,s_3430,1-acylglycerophosphocholine (18:0),1agpc180,,CHEBI:73858,MNXM32545,,IHNKQIMGVNPMTC,ok,other_reactant,other_reactant,other_reactant,,,,not_registry_matched,not_assessable,False,1,1
yeast,s_3431,1-acylglycerophosphocholine (18:1),1agpc181,C03916,CHEBI:28610,MNXM13872,,YAMUFBLWGFFICM,ok,other_reactant,other_reactant,other_reactant,,,,not_registry_matched,not_assessable,False,1,1
yeast,s_3432,episterol,epist,C15777,CHEBI:23929,MNXM52365,,BTCAEOLDEYPGGE,ok,other_reactant,other_reactant,other_reactant,,,,not_registry_matched,not_assessable,False,2,2
yeast,s_3435,fecosterol,fecost,C04525,CHEBI:17038,MNXM1741,,SLQKYSPHBZMASJ,ok,other_reactant,other_reactant,other_reactant,,,,not_registry_matched,not_assessable,False,2,2
yeast,s_3438,lanosterol,lanost,C01724,CHEBI:16521,MNXM482,,CAHGCLMLTWQZNJ,ok,other_reactant,other_reactant,other_reactant,,,,not_registry_matched,not_assessable,False,2,2
yeast,s_3441,ergosterol,ergst,C01694,CHEBI:16933,MNXM922,,DNVPQKQSNYMLRS,ok,other_reactant,other_reactant,other_reactant,,,,not_registry_matched,not_assessable,False,2,4
yeast,s_3444,zymosterol,zymst,C05437,CHEBI:18252,MNXM574,,CGSJXLIKVBJVRY,ok,other_reactant,other_reactant,other_reactant,,,,not_registry_matched,not_assessable,False,2,2
yeast,s_3448,"phosphatidylcholine (1-16:0, 2-16:1)",,,CHEBI:134592,,,,inchikey_unavailable,other_reactant,other_reactant,other_reactant,,,,not_registry_matched,not_assessable,False,2,2
yeast,s_3449,H2O,h2o,C00001,CHEBI:15377,MNXM2,,XLYOFNOQVPJJNP,ok,solvent,solvent,currency_or_cofactor,water,normalized_name;bigg_ids:h2o;kegg_ids:c00001;chebi_ids:chebi:15377;metanetx_ids:mnxm2;inchikey_connectivity:xlyofnoqvpjjnp,normalized_name;bigg_ids;kegg_ids;chebi_ids;metanetx_ids;inchikey_connectivity,multiple_evidence_types,consistent,False,90,154
yeast,s_3450,1-acylglycerophosphocholine (16:0),1agpc160,C04102,CHEBI:72998,MNXM32510,,ASWBNKHCZGQVJV,ok,other_reactant,other_reactant,other_reactant,,,,not_registry_matched,not_assessable,False,1,1
yeast,s_3452,"phosphatidylcholine (1-16:1, 2-16:1)",pc161,,CHEBI:83717,MNXM69377,,GPWHCUUIQMGELX,ok,other_reactant,other_reactant,other_reactant,,,,not_registry_matched,not_assessable,False,2,2
yeast,s_3453,1-acylglycerophosphocholine (16:1),1agpc161,,CHEBI:73851,MNXM32519,,LFUDDCMNKWEORN,ok,other_reactant,other_reactant,other_reactant,,,,not_registry_matched,not_assessable,False,1,1
yeast,s_3454,"phosphatidylcholine (1-18:0, 2-16:1)",,,CHEBI:86097,MNXM69528,,QRSPNOMDLRZDPG,ok,other_reactant,other_reactant,other_reactant,,,,not_registry_matched,not_assessable,False,2,2
yeast,s_3455,1-acylglycerophosphocholine (18:0),1agpc180,,CHEBI:73858,MNXM32545,,IHNKQIMGVNPMTC,ok,other_reactant,other_reactant,other_reactant,,,,not_registry_matched,not_assessable,False,1,1
yeast,s_3456,"phosphatidylcholine (1-18:1, 2-16:1)",,,CHEBI:86100,MNXM69658,,QJZAWHQVXYMEQR,ok,other_reactant,other_reactant,other_reactant,,,,not_registry_matched,not_assessable,False,2,2
yeast,s_3457,1-acylglycerophosphocholine (18:1),1agpc181,C03916,CHEBI:28610,MNXM13872,,YAMUFBLWGFFICM,ok,other_reactant,other_reactant,other_reactant,,,,not_registry_matched,not_assessable,False,1,1
yeast,s_3458,"phosphatidylcholine (1-16:0, 2-18:1)",,,CHEBI:134594,,,,inchikey_unavailable,other_reactant,other_reactant,other_reactant,,,,not_registry_matched,not_assessable,False,2,2
yeast,s_3460,"phosphatidylcholine (1-16:1, 2-18:1)",,,CHEBI:84811,MNXM69383,,ZRCWDIULNHKQRD,ok,other_reactant,other_reactant,other_reactant,,,,not_registry_matched,not_assessable,False,2,2
yeast,s_3461,"phosphatidylcholine (1-18:0, 2-18:1)",,,CHEBI:75034,MNXM32526,,ATHVAWFAEPLPPQ,ok,other_reactant,other_reactant,other_reactant,,,,not_registry_matched,not_assessable,False,2,2
yeast,s_3462,"phosphatidylcholine (1-18:1, 2-18:1)",,,CHEBI:74669,MNXM8549,,SNKAWJBJQDLSFF,ok,other_reactant,other_reactant,other_reactant,,,,not_registry_matched,not_assessable,False,2,2
yeast,s_3465,"phosphatidylethanolamine (1-16:0, 2-16:1)",,,CHEBI:136147,,,,inchikey_unavailable,other_reactant,other_reactant,other_reactant,,,,not_registry_matched,not_assessable,False,1,2
yeast,s_3466,1-acylglycerophosphoethanolamine (16:0),1agpe160,,CHEBI:90452,,58177710,YVYMBNSKXOXSKW,ok,other_reactant,other_reactant,other_reactant,,,,not_registry_matched,not_assessable,False,1,2
yeast,s_3467,"phosphatidylethanolamine (1-16:1, 2-16:1)",pe161,,CHEBI:138792,,90657244,PGPMCWZMPPZJML,ok,other_reactant,other_reactant,other_reactant,,,,not_registry_matched,not_assessable,False,1,2
yeast,s_3468,1-acylglycerophosphoethanolamine (16:1),1agpe161,,,,,IZDRGPDUDLWAGR,ok,other_reactant,other_reactant,other_reactant,,,,not_registry_matched,not_assessable,False,1,2
yeast,s_3469,"phosphatidylethanolamine (1-18:0, 2-16:1)",,,CHEBI:136155,,,,inchikey_unavailable,other_reactant,other_reactant,other_reactant,,,,not_registry_matched,not_assessable,False,1,2
yeast,s_3470,1-acylglycerophosphoethanolamine (18:0),1agpe180,,CHEBI:64576,,46891690,BBYWOYAFBUOUFP,ok,other_reactant,other_reactant,other_reactant,,,,not_registry_matched,not_assessable,False,1,2
yeast,s_3471,"phosphatidylethanolamine (1-18:1, 2-16:1)",,,CHEBI:82837,MNXM71684,,UIELPOKGTOHFNL,ok,other_reactant,other_reactant,other_reactant,,,,not_registry_matched,not_assessable,False,1,2
yeast,s_3472,1-acylglycerophosphoethanolamine (18:1),1agpe181,,CHEBI:64575,,,,inchikey_unavailable,other_reactant,other_reactant,other_reactant,,,,not_registry_matched,not_assessable,False,1,2
yeast,s_3473,"phosphatidylethanolamine (1-16:0, 2-18:1)",,,CHEBI:136148,,,,inchikey_unavailable,other_reactant,other_reactant,other_reactant,,,,not_registry_matched,not_assessable,False,1,2
yeast,s_3474,"phosphatidylethanolamine (1-16:1, 2-18:1)",,,CHEBI:90464,,,,inchikey_unavailable,other_reactant,other_reactant,other_reactant,,,,not_registry_matched,not_assessable,False,1,2
yeast,s_3475,"phosphatidylethanolamine (1-18:0, 2-18:1)",,,CHEBI:136162,,,,inchikey_unavailable,other_reactant,other_reactant,other_reactant,,,,not_registry_matched,not_assessable,False,1,2
yeast,s_3476,"phosphatidylethanolamine (1-18:1, 2-18:1)",,,CHEBI:136170,,,,inchikey_unavailable,other_reactant,other_reactant,other_reactant,,,,not_registry_matched,not_assessable,False,1,2
yeast,s_3478,"phosphatidyl-L-serine (1-16:0, 2-16:1)",,,CHEBI:89824,MNXM78605,,SQYNOJCBJMSMAA,ok,other_reactant,other_reactant,other_reactant,,,,not_registry_matched,not_assessable,False,1,2
yeast,s_3479,1-acylglycerophosphoserine (16:0),,,,MNXM78597,,XIVOBOJQPNEUSC,ok,other_reactant,other_reactant,other_reactant,,,,not_registry_matched,not_assessable,False,1,2
yeast,s_3480,"phosphatidyl-L-serine (1-16:1, 2-16:1)",,,,MNXM78637,,SYAYTZJXUCQTMJ,ok,other_reactant,other_reactant,other_reactant,,,,not_registry_matched,not_assessable,False,1,2
yeast,s_3481,1-acylglycerophosphoserine (16:1),,,,MNXM78629,,XSJRZJQMAINRKX,ok,other_reactant,other_reactant,other_reactant,,,,not_registry_matched,not_assessable,False,1,2
yeast,s_3482,"phosphatidyl-L-serine (1-18:0, 2-16:1)",,,CHEBI:90036,MNXM78765,,BWQAJZLCZFRDSD,ok,other_reactant,other_reactant,other_reactant,,,,not_registry_matched,not_assessable,False,1,2
yeast,s_3483,1-acylglycerophosphoserine (18:0),,,CHEBI:85403,MNXM78757,,ZPDQFUYPBVXUKS,ok,other_reactant,other_reactant,other_reactant,,,,not_registry_matched,not_assessable,False,1,2
yeast,s_3484,"phosphatidyl-L-serine (1-18:1, 2-16:1)",,,CHEBI:75101,MNXM78797,,JSCZUPSIMWRJHP,ok,other_reactant,other_reactant,other_reactant,,,,not_registry_matched,not_assessable,False,1,2
yeast,s_3485,1-acylglycerophosphoserine (18:1),,,CHEBI:52649,MNXM32944,,JZWNYZVVZXZRRH,ok,other_reactant,other_reactant,other_reactant,,,,not_registry_matched,not_assessable,False,1,2
yeast,s_3486,"phosphatidyl-L-serine (1-16:0, 2-18:1)",,C13880,CHEBI:34086,MNXM32501,,OIWCYIUQAVBPGV,ok,other_reactant,other_reactant,other_reactant,,,,not_registry_matched,not_assessable,False,1,2
yeast,s_3487,"phosphatidyl-L-serine (1-16:1, 2-18:1)",,,CHEBI:90032,MNXM78642,,ISTSBKDAWNZURU,ok,other_reactant,other_reactant,other_reactant,,,,not_registry_matched,not_assessable,False,1,2
yeast,s_3488,"phosphatidyl-L-serine (1-18:0, 2-18:1)",,,CHEBI:79096,MNXM32529,,AJFWREUFUPEYII,ok,other_reactant,other_reactant,other_reactant,,,,not_registry_matched,not_assessable,False,1,2
yeast,s_3489,"phosphatidyl-L-serine (1-18:1, 2-18:1)",,,CHEBI:60568,MNXM32173,,WTBFLCSPLLEDEM,ok,other_reactant,other_reactant,other_reactant,,,,not_registry_matched,not_assessable,False,1,2
yeast,s_3491,1-acylglycerophosphoinositol (16:0),pailpalm_hs,,CHEBI:73218,,,UOXRPRZMAROFPH,ok,other_reactant,other_reactant,other_reactant,,,,not_registry_matched,not_assessable,False,1,1
yeast,s_3492,1-acylglycerophosphoinositol (16:1),,,CHEBI:138108,,,,missing_smiles,other_reactant,other_reactant,other_reactant,,,,not_registry_matched,not_assessable,False,1,1
yeast,s_3493,1-acylglycerophosphoinositol (18:0),pailste_hs,,CHEBI:83054,,,MXAFDFDAIFZFET,ok,other_reactant,other_reactant,other_reactant,,,,not_registry_matched,not_assessable,False,1,1
yeast,s_3494,1-acylglycerophosphoinositol (18:1),,,CHEBI:82753,,,UGDOFRYHDCDVHD,ok,other_reactant,other_reactant,other_reactant,,,,not_registry_matched,not_assessable,False,1,1
yeast,s_3495,1-(sn-glycero-3-phospho)-1D-myo-inositol,g3pi,C01225,CHEBI:58444,MNXM1517,,BMVUIWJCUQSHLZ,ok,other_reactant,other_reactant,other_reactant,,,,not_registry_matched,not_assessable,False,1,1
yeast,s_3496,"1-phosphatidyl-1D-myo-inositol 4,5-bisphosphate (1-16:0, 2-16:1)",,,,,,,missing_smiles,other_reactant,other_reactant,other_reactant,,,,not_registry_matched,not_assessable,False,2,4
yeast,s_3499,"1-phosphatidyl-1D-myo-inositol 4,5-bisphosphate (1-16:1, 2-16:1)",,,,,,,missing_smiles,other_reactant,other_reactant,other_reactant,,,,not_registry_matched,not_assessable,False,2,4
yeast,s_3501,"1-phosphatidyl-1D-myo-inositol 4,5-bisphosphate (1-18:0, 2-16:1)",,,,,,,missing_smiles,other_reactant,other_reactant,other_reactant,,,,not_registry_matched,not_assessable,False,2,4
yeast,s_3503,"1-phosphatidyl-1D-myo-inositol 4,5-bisphosphate (1-18:1, 2-16:1)",,,,,,,missing_smiles,other_reactant,other_reactant,other_reactant,,,,not_registry_matched,not_assessable,False,2,4
yeast,s_3505,"1-phosphatidyl-1D-myo-inositol 4,5-bisphosphate (1-16:0, 2-18:1)",,,,,,,missing_smiles,other_reactant,other_reactant,other_reactant,,,,not_registry_matched,not_assessable,False,2,4
yeast,s_3507,"1-phosphatidyl-1D-myo-inositol 4,5-bisphosphate (1-16:1, 2-18:1)",,,,,,,missing_smiles,other_reactant,other_reactant,other_reactant,,,,not_registry_matched,not_assessable,False,2,4
yeast,s_3509,"1-phosphatidyl-1D-myo-inositol 4,5-bisphosphate (1-18:0, 2-18:1)",,,CHEBI:77279,,,BWAQTKMFCCUVOJ,ok,other_reactant,other_reactant,other_reactant,,,,not_registry_matched,not_assessable,False,2,4
yeast,s_3511,"1-phosphatidyl-1D-myo-inositol 4,5-bisphosphate (1-18:1, 2-18:1)",,,,,,,missing_smiles,other_reactant,other_reactant,other_reactant,,,,not_registry_matched,not_assessable,False,2,4
yeast,s_3535,"1-phosphatidyl-1D-myo-inositol 3-phosphate (1-16:0, 2-16:1)",,,,,,,missing_smiles,other_reactant,other_reactant,other_reactant,,,,not_registry_matched,not_assessable,False,1,2
yeast,s_3537,"1-phosphatidyl-1D-myo-inositol 3-phosphate (1-16:1, 2-16:1)",pail3p161,,,,,,missing_smiles,other_reactant,other_reactant,other_reactant,,,,not_registry_matched,not_assessable,False,1,2
yeast,s_3538,"1-phosphatidyl-1D-myo-inositol 3-phosphate (1-18:0, 2-16:1)",,,,,,,missing_smiles,other_reactant,other_reactant,other_reactant,,,,not_registry_matched,not_assessable,False,1,2
yeast,s_3539,"1-phosphatidyl-1D-myo-inositol 3-phosphate (1-18:1, 2-16:1)",,,,,,,missing_smiles,other_reactant,other_reactant,other_reactant,,,,not_registry_matched,not_assessable,False,1,2
yeast,s_3540,"1-phosphatidyl-1D-myo-inositol 3-phosphate (1-16:0, 2-18:1)",,,,,,,missing_smiles,other_reactant,other_reactant,other_reactant,,,,not_registry_matched,not_assessable,False,1,2
yeast,s_3541,"1-phosphatidyl-1D-myo-inositol 3-phosphate (1-16:1, 2-18:1)",,,,,,,missing_smiles,other_reactant,other_reactant,other_reactant,,,,not_registry_matched,not_assessable,False,1,2
yeast,s_3542,"1-phosphatidyl-1D-myo-inositol 3-phosphate (1-18:0, 2-18:1)",,,CHEBI:77347,,,FPKZCWDLBBWPJN,ok,other_reactant,other_reactant,other_reactant,,,,not_registry_matched,not_assessable,False,1,2
yeast,s_3543,"1-phosphatidyl-1D-myo-inositol 3-phosphate (1-18:1, 2-18:1)",,,CHEBI:77344,,,OUZMDNVZLWWNFQ,ok,other_reactant,other_reactant,other_reactant,,,,not_registry_matched,not_assessable,False,1,2
yeast,s_3544,"1-phosphatidyl-1D-myo-inositol 3-phosphate (1-16:0, 2-16:1)",,,,,,,missing_smiles,other_reactant,other_reactant,other_reactant,,,,not_registry_matched,not_assessable,False,1,3
yeast,s_3546,"1-phosphatidyl-1D-myo-inositol 3-phosphate (1-16:1, 2-16:1)",pail3p161,,,,,,missing_smiles,other_reactant,other_reactant,other_reactant,,,,not_registry_matched,not_assessable,False,1,3
yeast,s_3548,"1-phosphatidyl-1D-myo-inositol 3-phosphate (1-18:0, 2-16:1)",,,,,,,missing_smiles,other_reactant,other_reactant,other_reactant,,,,not_registry_matched,not_assessable,False,1,3
yeast,s_3550,"1-phosphatidyl-1D-myo-inositol 3-phosphate (1-18:1, 2-16:1)",,,,,,,missing_smiles,other_reactant,other_reactant,other_reactant,,,,not_registry_matched,not_assessable,False,1,3
yeast,s_3552,"1-phosphatidyl-1D-myo-inositol 3-phosphate (1-16:0, 2-18:1)",,,,,,,missing_smiles,other_reactant,other_reactant,other_reactant,,,,not_registry_matched,not_assessable,False,1,3
yeast,s_3554,"1-phosphatidyl-1D-myo-inositol 3-phosphate (1-16:1, 2-18:1)",,,,,,,missing_smiles,other_reactant,other_reactant,other_reactant,,,,not_registry_matched,not_assessable,False,1,3
yeast,s_3556,"1-phosphatidyl-1D-myo-inositol 3-phosphate (1-18:0, 2-18:1)",,,CHEBI:77347,,,FPKZCWDLBBWPJN,ok,other_reactant,other_reactant,other_reactant,,,,not_registry_matched,not_assessable,False,1,3
yeast,s_3558,"1-phosphatidyl-1D-myo-inositol 3-phosphate (1-18:1, 2-18:1)",,,CHEBI:77344,,,OUZMDNVZLWWNFQ,ok,other_reactant,other_reactant,other_reactant,,,,not_registry_matched,not_assessable,False,1,3
yeast,s_3560,"1-phosphatidyl-1D-myo-inositol 3-phosphate (1-16:0, 2-16:1)",,,,,,,missing_smiles,other_reactant,other_reactant,other_reactant,,,,not_registry_matched,not_assessable,False,1,1
yeast,s_3561,"1-phosphatidyl-1D-myo-inositol 3-phosphate (1-16:1, 2-16:1)",pail3p161,,,,,,missing_smiles,other_reactant,other_reactant,other_reactant,,,,not_registry_matched,not_assessable,False,1,1
yeast,s_3562,"1-phosphatidyl-1D-myo-inositol 3-phosphate (1-18:0, 2-16:1)",,,,,,,missing_smiles,other_reactant,other_reactant,other_reactant,,,,not_registry_matched,not_assessable,False,1,1
yeast,s_3563,"1-phosphatidyl-1D-myo-inositol 3-phosphate (1-18:1, 2-16:1)",,,,,,,missing_smiles,other_reactant,other_reactant,other_reactant,,,,not_registry_matched,not_assessable,False,1,1
yeast,s_3564,"1-phosphatidyl-1D-myo-inositol 3-phosphate (1-16:0, 2-18:1)",,,,,,,missing_smiles,other_reactant,other_reactant,other_reactant,,,,not_registry_matched,not_assessable,False,1,1
yeast,s_3565,"1-phosphatidyl-1D-myo-inositol 3-phosphate (1-16:1, 2-18:1)",,,,,,,missing_smiles,other_reactant,other_reactant,other_reactant,,,,not_registry_matched,not_assessable,False,1,1
yeast,s_3566,"1-phosphatidyl-1D-myo-inositol 3-phosphate (1-18:0, 2-18:1)",,,CHEBI:77347,,,FPKZCWDLBBWPJN,ok,other_reactant,other_reactant,other_reactant,,,,not_registry_matched,not_assessable,False,1,1
yeast,s_3567,"1-phosphatidyl-1D-myo-inositol 3-phosphate (1-18:1, 2-18:1)",,,CHEBI:77344,,,OUZMDNVZLWWNFQ,ok,other_reactant,other_reactant,other_reactant,,,,not_registry_matched,not_assessable,False,1,1
yeast,s_3568,"1-phosphatidyl-1D-myo-inositol 3-phosphate (1-16:0, 2-16:1)",,,,,,,missing_smiles,other_reactant,other_reactant,other_reactant,,,,not_registry_matched,not_assessable,False,1,1
yeast,s_3569,"1-phosphatidyl-1D-myo-inositol 3-phosphate (1-16:1, 2-16:1)",pail3p161,,,,,,missing_smiles,other_reactant,other_reactant,other_reactant,,,,not_registry_matched,not_assessable,False,1,1
yeast,s_3570,"1-phosphatidyl-1D-myo-inositol 3-phosphate (1-18:0, 2-16:1)",,,,,,,missing_smiles,other_reactant,other_reactant,other_reactant,,,,not_registry_matched,not_assessable,False,1,1
yeast,s_3571,"1-phosphatidyl-1D-myo-inositol 3-phosphate (1-18:1, 2-16:1)",,,,,,,missing_smiles,other_reactant,other_reactant,other_reactant,,,,not_registry_matched,not_assessable,False,1,1
yeast,s_3572,"1-phosphatidyl-1D-myo-inositol 3-phosphate (1-16:0, 2-18:1)",,,,,,,missing_smiles,other_reactant,other_reactant,other_reactant,,,,not_registry_matched,not_assessable,False,1,1
yeast,s_3573,"1-phosphatidyl-1D-myo-inositol 3-phosphate (1-16:1, 2-18:1)",,,,,,,missing_smiles,other_reactant,other_reactant,other_reactant,,,,not_registry_matched,not_assessable,False,1,1
yeast,s_3574,"1-phosphatidyl-1D-myo-inositol 3-phosphate (1-18:0, 2-18:1)",,,CHEBI:77347,,,FPKZCWDLBBWPJN,ok,other_reactant,other_reactant,other_reactant,,,,not_registry_matched,not_assessable,False,1,1
yeast,s_3575,"1-phosphatidyl-1D-myo-inositol 3-phosphate (1-18:1, 2-18:1)",,,CHEBI:77344,,,OUZMDNVZLWWNFQ,ok,other_reactant,other_reactant,other_reactant,,,,not_registry_matched,not_assessable,False,1,1
yeast,s_3576,"1-phosphatidyl-1D-myo-inositol 4-phosphate (1-16:0, 2-16:1)",,,,,,,missing_smiles,other_reactant,other_reactant,other_reactant,,,,not_registry_matched,not_assessable,False,1,2
yeast,s_3577,"1-phosphatidyl-1D-myo-inositol 4-phosphate (1-16:1, 2-16:1)",pail4p161,,,,,,missing_smiles,other_reactant,other_reactant,other_reactant,,,,not_registry_matched,not_assessable,False,1,2
yeast,s_3578,"1-phosphatidyl-1D-myo-inositol 4-phosphate (1-18:0, 2-16:1)",,,,,,,missing_smiles,other_reactant,other_reactant,other_reactant,,,,not_registry_matched,not_assessable,False,1,2
yeast,s_3579,"1-phosphatidyl-1D-myo-inositol 4-phosphate (1-18:1, 2-16:1)",,,,,,,missing_smiles,other_reactant,other_reactant,other_reactant,,,,not_registry_matched,not_assessable,False,1,2
yeast,s_3580,"1-phosphatidyl-1D-myo-inositol 4-phosphate (1-16:0, 2-18:1)",,,,,,,missing_smiles,other_reactant,other_reactant,other_reactant,,,,not_registry_matched,not_assessable,False,1,2
yeast,s_3581,"1-phosphatidyl-1D-myo-inositol 4-phosphate (1-16:1, 2-18:1)",,,,,,,missing_smiles,other_reactant,other_reactant,other_reactant,,,,not_registry_matched,not_assessable,False,1,2
yeast,s_3582,"1-phosphatidyl-1D-myo-inositol 4-phosphate (1-18:0, 2-18:1)",,,CHEBI:77277,,,HGTWQOJDTOGJCZ,ok,other_reactant,other_reactant,other_reactant,,,,not_registry_matched,not_assessable,False,1,2
yeast,s_3583,"1-phosphatidyl-1D-myo-inositol 4-phosphate (1-18:1, 2-18:1)",,,,,,,missing_smiles,other_reactant,other_reactant,other_reactant,,,,not_registry_matched,not_assessable,False,1,2
yeast,s_3584,"1-phosphatidyl-1D-myo-inositol 4-phosphate (1-16:0, 2-16:1)",,,,,,,missing_smiles,other_reactant,other_reactant,other_reactant,,,,not_registry_matched,not_assessable,False,1,1
yeast,s_3585,"1-phosphatidyl-1D-myo-inositol 4-phosphate (1-16:1, 2-16:1)",pail4p161,,,,,,missing_smiles,other_reactant,other_reactant,other_reactant,,,,not_registry_matched,not_assessable,False,1,1
yeast,s_3586,"1-phosphatidyl-1D-myo-inositol 4-phosphate (1-18:0, 2-16:1)",,,,,,,missing_smiles,other_reactant,other_reactant,other_reactant,,,,not_registry_matched,not_assessable,False,1,1
yeast,s_3587,"1-phosphatidyl-1D-myo-inositol 4-phosphate (1-18:1, 2-16:1)",,,,,,,missing_smiles,other_reactant,other_reactant,other_reactant,,,,not_registry_matched,not_assessable,False,1,1
yeast,s_3588,"1-phosphatidyl-1D-myo-inositol 4-phosphate (1-16:0, 2-18:1)",,,,,,,missing_smiles,other_reactant,other_reactant,other_reactant,,,,not_registry_matched,not_assessable,False,1,1
yeast,s_3589,"1-phosphatidyl-1D-myo-inositol 4-phosphate (1-16:1, 2-18:1)",,,,,,,missing_smiles,other_reactant,other_reactant,other_reactant,,,,not_registry_matched,not_assessable,False,1,1
yeast,s_3590,"1-phosphatidyl-1D-myo-inositol 4-phosphate (1-18:0, 2-18:1)",,,CHEBI:77277,,,HGTWQOJDTOGJCZ,ok,other_reactant,other_reactant,other_reactant,,,,not_registry_matched,not_assessable,False,1,1
yeast,s_3591,"1-phosphatidyl-1D-myo-inositol 4-phosphate (1-18:1, 2-18:1)",,,,,,,missing_smiles,other_reactant,other_reactant,other_reactant,,,,not_registry_matched,not_assessable,False,1,1
yeast,s_3592,"1-phosphatidyl-1D-myo-inositol 3,5-bisphosphate (1-16:0, 2-16:1)",,,,,,,missing_smiles,other_reactant,other_reactant,other_reactant,,,,not_registry_matched,not_assessable,False,1,2
yeast,s_3593,"1-phosphatidyl-1D-myo-inositol 3,5-bisphosphate (1-16:1, 2-16:1)",,,,,,,missing_smiles,other_reactant,other_reactant,other_reactant,,,,not_registry_matched,not_assessable,False,1,2
yeast,s_3594,"1-phosphatidyl-1D-myo-inositol 3,5-bisphosphate (1-18:0, 2-16:1)",,,,,,,missing_smiles,other_reactant,other_reactant,other_reactant,,,,not_registry_matched,not_assessable,False,1,2
yeast,s_3595,"1-phosphatidyl-1D-myo-inositol 3,5-bisphosphate (1-18:1, 2-16:1)",,,,,,,missing_smiles,other_reactant,other_reactant,other_reactant,,,,not_registry_matched,not_assessable,False,1,2
yeast,s_3596,"1-phosphatidyl-1D-myo-inositol 3,5-bisphosphate (1-16:0, 2-18:1)",,,,,,,missing_smiles,other_reactant,other_reactant,other_reactant,,,,not_registry_matched,not_assessable,False,1,2
yeast,s_3597,"1-phosphatidyl-1D-myo-inositol 3,5-bisphosphate (1-16:1, 2-18:1)",,,,,,,missing_smiles,other_reactant,other_reactant,other_reactant,,,,not_registry_matched,not_assessable,False,1,2
yeast,s_3598,"1-phosphatidyl-1D-myo-inositol 3,5-bisphosphate (1-18:0, 2-18:1)",,,,,,,missing_smiles,other_reactant,other_reactant,other_reactant,,,,not_registry_matched,not_assessable,False,1,2
yeast,s_3599,"1-phosphatidyl-1D-myo-inositol 3,5-bisphosphate (1-18:1, 2-18:1)",,,,,,,missing_smiles,other_reactant,other_reactant,other_reactant,,,,not_registry_matched,not_assessable,False,1,2
yeast,s_3600,"1-phosphatidyl-1D-myo-inositol 3,5-bisphosphate (1-16:0, 2-16:1)",,,,,,,missing_smiles,other_reactant,other_reactant,other_reactant,,,,not_registry_matched,not_assessable,False,1,2
yeast,s_3601,"1-phosphatidyl-1D-myo-inositol 3,5-bisphosphate (1-16:1, 2-16:1)",,,,,,,missing_smiles,other_reactant,other_reactant,other_reactant,,,,not_registry_matched,not_assessable,False,1,2
yeast,s_3602,"1-phosphatidyl-1D-myo-inositol 3,5-bisphosphate (1-18:0, 2-16:1)",,,,,,,missing_smiles,other_reactant,other_reactant,other_reactant,,,,not_registry_matched,not_assessable,False,1,2
yeast,s_3603,"1-phosphatidyl-1D-myo-inositol 3,5-bisphosphate (1-18:1, 2-16:1)",,,,,,,missing_smiles,other_reactant,other_reactant,other_reactant,,,,not_registry_matched,not_assessable,False,1,2
yeast,s_3604,"1-phosphatidyl-1D-myo-inositol 3,5-bisphosphate (1-16:0, 2-18:1)",,,,,,,missing_smiles,other_reactant,other_reactant,other_reactant,,,,not_registry_matched,not_assessable,False,1,2
yeast,s_3605,"1-phosphatidyl-1D-myo-inositol 3,5-bisphosphate (1-16:1, 2-18:1)",,,,,,,missing_smiles,other_reactant,other_reactant,other_reactant,,,,not_registry_matched,not_assessable,False,1,2
yeast,s_3606,"1-phosphatidyl-1D-myo-inositol 3,5-bisphosphate (1-18:0, 2-18:1)",,,,,,,missing_smiles,other_reactant,other_reactant,other_reactant,,,,not_registry_matched,not_assessable,False,1,2
yeast,s_3607,"1-phosphatidyl-1D-myo-inositol 3,5-bisphosphate (1-18:1, 2-18:1)",,,,,,,missing_smiles,other_reactant,other_reactant,other_reactant,,,,not_registry_matched,not_assessable,False,1,2
yeast,s_3608,"1-phosphatidyl-1D-myo-inositol 4,5-bisphosphate (1-16:0, 2-16:1)",,,,,,,missing_smiles,other_reactant,other_reactant,other_reactant,,,,not_registry_matched,not_assessable,False,1,1
yeast,s_3609,"1-phosphatidyl-1D-myo-inositol 4,5-bisphosphate (1-16:1, 2-16:1)",,,,,,,missing_smiles,other_reactant,other_reactant,other_reactant,,,,not_registry_matched,not_assessable,False,1,1
yeast,s_3610,"1-phosphatidyl-1D-myo-inositol 4,5-bisphosphate (1-18:0, 2-16:1)",,,,,,,missing_smiles,other_reactant,other_reactant,other_reactant,,,,not_registry_matched,not_assessable,False,1,1
yeast,s_3611,"1-phosphatidyl-1D-myo-inositol 4,5-bisphosphate (1-18:1, 2-16:1)",,,,,,,missing_smiles,other_reactant,other_reactant,other_reactant,,,,not_registry_matched,not_assessable,False,1,1
yeast,s_3612,"1-phosphatidyl-1D-myo-inositol 4,5-bisphosphate (1-16:0, 2-18:1)",,,,,,,missing_smiles,other_reactant,other_reactant,other_reactant,,,,not_registry_matched,not_assessable,False,1,1
yeast,s_3613,"1-phosphatidyl-1D-myo-inositol 4,5-bisphosphate (1-16:1, 2-18:1)",,,,,,,missing_smiles,other_reactant,other_reactant,other_reactant,,,,not_registry_matched,not_assessable,False,1,1
yeast,s_3614,"1-phosphatidyl-1D-myo-inositol 4,5-bisphosphate (1-18:0, 2-18:1)",,,CHEBI:77279,,,BWAQTKMFCCUVOJ,ok,other_reactant,other_reactant,other_reactant,,,,not_registry_matched,not_assessable,False,1,1
yeast,s_3615,"1-phosphatidyl-1D-myo-inositol 4,5-bisphosphate (1-18:1, 2-18:1)",,,,,,,missing_smiles,other_reactant,other_reactant,other_reactant,,,,not_registry_matched,not_assessable,False,1,1
yeast,s_3616,"1,2-diacylglycerol 3-diphosphate (1-16:0, 2-16:1)",,,,,,,missing_smiles,other_reactant,other_reactant,other_reactant,,,,not_registry_matched,not_assessable,False,1,1
yeast,s_3617,"1,2-diacylglycerol 3-diphosphate (1-16:1, 2-16:1)",,,,,,,missing_smiles,other_reactant,other_reactant,other_reactant,,,,not_registry_matched,not_assessable,False,1,1
yeast,s_3618,"1,2-diacylglycerol 3-diphosphate (1-18:0, 2-16:1)",,,,,,,missing_smiles,other_reactant,other_reactant,other_reactant,,,,not_registry_matched,not_assessable,False,1,1
yeast,s_3619,"1,2-diacylglycerol 3-diphosphate (1-18:1, 2-16:1)",,,,,,,missing_smiles,other_reactant,other_reactant,other_reactant,,,,not_registry_matched,not_assessable,False,1,1
yeast,s_3620,"1,2-diacylglycerol 3-diphosphate (1-16:0, 2-18:1)",,C13890,CHEBI:34087,,,KGPOTEGAEDLRDC,ok,other_reactant,other_reactant,other_reactant,,,,not_registry_matched,not_assessable,False,1,1
yeast,s_3621,"1,2-diacylglycerol 3-diphosphate (1-16:1, 2-18:1)",,,,,,,missing_smiles,other_reactant,other_reactant,other_reactant,,,,not_registry_matched,not_assessable,False,1,1
yeast,s_3622,"1,2-diacylglycerol 3-diphosphate (1-18:0, 2-18:1)",,,,,,,missing_smiles,other_reactant,other_reactant,other_reactant,,,,not_registry_matched,not_assessable,False,1,1
yeast,s_3623,"1,2-diacylglycerol 3-diphosphate (1-18:1, 2-18:1)",,,,,,,missing_smiles,other_reactant,other_reactant,other_reactant,,,,not_registry_matched,not_assessable,False,1,1
yeast,s_3624,"1,2-diacylglycerol 3-diphosphate (1-16:0, 2-16:1)",,,,,,,missing_smiles,other_reactant,other_reactant,other_reactant,,,,not_registry_matched,not_assessable,False,1,1
yeast,s_3625,"1,2-diacylglycerol 3-diphosphate (1-16:1, 2-16:1)",,,,,,,missing_smiles,other_reactant,other_reactant,other_reactant,,,,not_registry_matched,not_assessable,False,1,1
yeast,s_3626,"1,2-diacylglycerol 3-diphosphate (1-18:0, 2-16:1)",,,,,,,missing_smiles,other_reactant,other_reactant,other_reactant,,,,not_registry_matched,not_assessable,False,1,1
yeast,s_3627,"1,2-diacylglycerol 3-diphosphate (1-18:1, 2-16:1)",,,,,,,missing_smiles,other_reactant,other_reactant,other_reactant,,,,not_registry_matched,not_assessable,False,1,1
yeast,s_3628,"1,2-diacylglycerol 3-diphosphate (1-16:0, 2-18:1)",,C13890,CHEBI:34087,,,KGPOTEGAEDLRDC,ok,other_reactant,other_reactant,other_reactant,,,,not_registry_matched,not_assessable,False,1,1
yeast,s_3629,"1,2-diacylglycerol 3-diphosphate (1-16:1, 2-18:1)",,,,,,,missing_smiles,other_reactant,other_reactant,other_reactant,,,,not_registry_matched,not_assessable,False,1,1
yeast,s_3630,"1,2-diacylglycerol 3-diphosphate (1-18:0, 2-18:1)",,,,,,,missing_smiles,other_reactant,other_reactant,other_reactant,,,,not_registry_matched,not_assessable,False,1,1
yeast,s_3631,"1,2-diacylglycerol 3-diphosphate (1-18:1, 2-18:1)",,,,,,,missing_smiles,other_reactant,other_reactant,other_reactant,,,,not_registry_matched,not_assessable,False,1,1
yeast,s_3632,1-acyl-sn-glycerol 3-phosphate (16:0),1hdecg3p,C04036,CHEBI:15799,MNXM2455,,YNDYKPRNFWPPFU,ok,other_reactant,other_reactant,other_reactant,,,,not_registry_matched,not_assessable,False,1,1
yeast,s_3634,1-acyl-sn-glycerol 3-phosphate (16:1),,,CHEBI:75070,MNXM66496,,GLGQZYWTNAOWHT,ok,other_reactant,other_reactant,other_reactant,,,,not_registry_matched,not_assessable,False,1,1
yeast,s_3636,1-acyl-sn-glycerol 3-phosphate (18:0),1odecg3p,,CHEBI:74850,MNXM32950,49859619,LAYXSTYJRSVXIH,ok,other_reactant,other_reactant,other_reactant,,,,not_registry_matched,not_assessable,False,1,1
yeast,s_3638,1-acyl-sn-glycerol 3-phosphate (18:1),,,CHEBI:62837,MNXM32960,,WRGQSWVCFNIUNZ,ok,other_reactant,other_reactant,other_reactant,,,,not_registry_matched,not_assessable,False,1,1
yeast,s_3640,1-acyl-sn-glycerol 3-phosphate (16:0),1hdecg3p,C04036,CHEBI:15799,MNXM2455,,YNDYKPRNFWPPFU,ok,other_reactant,other_reactant,other_reactant,,,,not_registry_matched,not_assessable,False,1,1
yeast,s_3642,1-acyl-sn-glycerol 3-phosphate (16:1),,,CHEBI:75070,MNXM66496,,GLGQZYWTNAOWHT,ok,other_reactant,other_reactant,other_reactant,,,,not_registry_matched,not_assessable,False,1,1
yeast,s_3644,1-acyl-sn-glycerol 3-phosphate (18:0),1odecg3p,,CHEBI:74850,MNXM32950,49859619,LAYXSTYJRSVXIH,ok,other_reactant,other_reactant,other_reactant,,,,not_registry_matched,not_assessable,False,1,1
yeast,s_3646,1-acyl-sn-glycerol 3-phosphate (18:1),,,CHEBI:62837,MNXM32960,,WRGQSWVCFNIUNZ,ok,other_reactant,other_reactant,other_reactant,,,,not_registry_matched,not_assessable,False,1,1
yeast,s_3648,1-acyl-sn-glycerol 3-phosphate (16:0),1hdecg3p,C04036,CHEBI:15799,MNXM2455,,YNDYKPRNFWPPFU,ok,other_reactant,other_reactant,other_reactant,,,,not_registry_matched,not_assessable,False,1,1
yeast,s_3650,1-acyl-sn-glycerol 3-phosphate (16:1),,,CHEBI:75070,MNXM66496,,GLGQZYWTNAOWHT,ok,other_reactant,other_reactant,other_reactant,,,,not_registry_matched,not_assessable,False,1,1
yeast,s_3652,1-acyl-sn-glycerol 3-phosphate (18:0),1odecg3p,,CHEBI:74850,MNXM32950,49859619,LAYXSTYJRSVXIH,ok,other_reactant,other_reactant,other_reactant,,,,not_registry_matched,not_assessable,False,1,1
yeast,s_3654,1-acyl-sn-glycerol 3-phosphate (18:1),,,CHEBI:62837,MNXM32960,,WRGQSWVCFNIUNZ,ok,other_reactant,other_reactant,other_reactant,,,,not_registry_matched,not_assessable,False,1,1
yeast,s_3656,ergosteryl palmitoleate,,,CHEBI:52378,MNXM52467,,YNMORHVGYFUEDW,ok,other_reactant,other_reactant,other_reactant,,,,not_registry_matched,not_assessable,False,1,2
yeast,s_3657,H2O,h2o,C00001,CHEBI:15377,MNXM2,,XLYOFNOQVPJJNP,ok,solvent,solvent,currency_or_cofactor,water,normalized_name;bigg_ids:h2o;kegg_ids:c00001;chebi_ids:chebi:15377;metanetx_ids:mnxm2;inchikey_connectivity:xlyofnoqvpjjnp,normalized_name;bigg_ids;kegg_ids;chebi_ids;metanetx_ids;inchikey_connectivity,multiple_evidence_types,consistent,False,70,170
yeast,s_3658,ergosteryl oleate,,,CHEBI:52377,MNXM52466,,VVZNLLXLOKRQPH,ok,other_reactant,other_reactant,other_reactant,,,,not_registry_matched,not_assessable,False,1,2
yeast,s_3659,episteryl palmitoleate,,,CHEBI:52376,MNXM52369,,SYZHHZICOBPDNN,ok,other_reactant,other_reactant,other_reactant,,,,not_registry_matched,not_assessable,False,1,1
yeast,s_3661,episteryl oleate,,,CHEBI:52375,MNXM52367,,WXTXUXMQBSJEQW,ok,other_reactant,other_reactant,other_reactant,,,,not_registry_matched,not_assessable,False,1,1
yeast,s_3662,fecosteryl palmitoleate,,,CHEBI:52380,MNXM53171,,VXMWPGVHCCYQEO,ok,other_reactant,other_reactant,other_reactant,,,,not_registry_matched,not_assessable,False,1,1
yeast,s_3663,fecosteryl oleate,,,CHEBI:52379,MNXM53170,,HMMVQRABXKLEQV,ok,other_reactant,other_reactant,other_reactant,,,,not_registry_matched,not_assessable,False,1,1
yeast,s_3664,lanosteryl palmitoleate,,,CHEBI:52383,MNXM59727,,ZQYLHZCSMYSLQS,ok,other_reactant,other_reactant,other_reactant,,,,not_registry_matched,not_assessable,False,1,1
yeast,s_3666,lanosteryl oleate,,,CHEBI:52382,MNXM59726,,DKYFEOWQCCNWLB,ok,other_reactant,other_reactant,other_reactant,,,,not_registry_matched,not_assessable,False,1,1
yeast,s_3667,zymosteryl palmitoleate,,,CHEBI:52385,MNXM89473,,RKBOCYGCMVZAEZ,ok,other_reactant,other_reactant,other_reactant,,,,not_registry_matched,not_assessable,False,1,1
yeast,s_3668,zymosteryl oleate,,,CHEBI:52384,MNXM89472,,UQDRGTMESOOVKB,ok,other_reactant,other_reactant,other_reactant,,,,not_registry_matched,not_assessable,False,1,1
yeast,s_3669,zymosteryl palmitoleate,,,CHEBI:52385,MNXM89473,,RKBOCYGCMVZAEZ,ok,other_reactant,other_reactant,other_reactant,,,,not_registry_matched,not_assessable,False,1,1
yeast,s_3670,zymosteryl oleate,,,CHEBI:52384,MNXM89472,,UQDRGTMESOOVKB,ok,other_reactant,other_reactant,other_reactant,,,,not_registry_matched,not_assessable,False,1,1
yeast,s_3671,1-monoglyceride (16:0),mag160,,CHEBI:134127,,,,inchikey_unavailable,other_reactant,other_reactant,other_reactant,,,,not_registry_matched,not_assessable,False,1,1
yeast,s_3672,1-monoglyceride (16:1),,,CHEBI:134128,,,,inchikey_unavailable,other_reactant,other_reactant,other_reactant,,,,not_registry_matched,not_assessable,False,1,1
yeast,s_3673,1-monoglyceride (18:0),mag180,,CHEBI:134129,,,,inchikey_unavailable,other_reactant,other_reactant,other_reactant,,,,not_registry_matched,not_assessable,False,1,1
yeast,s_3674,1-monoglyceride (18:1),magole_hs,,CHEBI:134130,,,,inchikey_unavailable,other_reactant,other_reactant,other_reactant,,,,not_registry_matched,not_assessable,False,1,1
yeast,s_3675,"diglyceride (1-16:0, 2-18:1)",,,CHEBI:88454,MNXM49380,,IIEPDWHEGOSXLD,ok,other_reactant,other_reactant,other_reactant,,,,not_registry_matched,not_assessable,False,1,1
yeast,s_3678,"diglyceride (1-16:1, 2-18:1)",,,CHEBI:88500,MNXM49417,,FWWLDEIJAPIBES,ok,other_reactant,other_reactant,other_reactant,,,,not_registry_matched,not_assessable,False,1,1
yeast,s_3680,"diglyceride (1-18:0, 2-18:1)",,,CHEBI:75468,MNXM49514,,SAEPUUXWQQNLGN,ok,other_reactant,other_reactant,other_reactant,,,,not_registry_matched,not_assessable,False,1,1
yeast,s_3682,"diglyceride (1-18:1, 2-18:1)",12dgr181,,CHEBI:52333,MNXM9533,53478063,JQTCHIYVEDEVBR,ok,other_reactant,other_reactant,other_reactant,,,,not_registry_matched,not_assessable,False,1,1
yeast,s_3685,1-acylglycerophosphoethanolamine (16:0),1agpe160,,CHEBI:90452,,58177710,YVYMBNSKXOXSKW,ok,other_reactant,other_reactant,other_reactant,,,,not_registry_matched,not_assessable,False,1,1
yeast,s_3686,"phosphatidylethanolamine (1-16:0, 2-18:1)",,,CHEBI:136148,,,,inchikey_unavailable,other_reactant,other_reactant,other_reactant,,,,not_registry_matched,not_assessable,False,1,1
yeast,s_3687,1-acylglycerophosphoethanolamine (16:1),1agpe161,,,,,IZDRGPDUDLWAGR,ok,other_reactant,other_reactant,other_reactant,,,,not_registry_matched,not_assessable,False,1,1
yeast,s_3688,"phosphatidylethanolamine (1-16:1, 2-18:1)",,,CHEBI:90464,,,,inchikey_unavailable,other_reactant,other_reactant,other_reactant,,,,not_registry_matched,not_assessable,False,1,1
yeast,s_3689,1-acylglycerophosphoethanolamine (18:0),1agpe180,,CHEBI:64576,,46891690,BBYWOYAFBUOUFP,ok,other_reactant,other_reactant,other_reactant,,,,not_registry_matched,not_assessable,False,1,1
yeast,s_3690,"phosphatidylethanolamine (1-18:0, 2-18:1)",,,CHEBI:136162,,,,inchikey_unavailable,other_reactant,other_reactant,other_reactant,,,,not_registry_matched,not_assessable,False,1,1
yeast,s_3691,1-acylglycerophosphoethanolamine (18:1),1agpe181,,CHEBI:64575,,,,inchikey_unavailable,other_reactant,other_reactant,other_reactant,,,,not_registry_matched,not_assessable,False,1,1
yeast,s_3692,"phosphatidylethanolamine (1-18:1, 2-18:1)",,,CHEBI:136170,,,,inchikey_unavailable,other_reactant,other_reactant,other_reactant,,,,not_registry_matched,not_assessable,False,1,1
yeast,s_3693,"phosphatidylcholine (1-16:0, 2-16:1)",,,CHEBI:134592,,,,inchikey_unavailable,other_reactant,other_reactant,other_reactant,,,,not_registry_matched,not_assessable,False,1,1
yeast,s_3695,"phosphatidylcholine (1-16:1, 2-16:1)",pc161,,CHEBI:83717,MNXM69377,,GPWHCUUIQMGELX,ok,other_reactant,other_reactant,other_reactant,,,,not_registry_matched,not_assessable,False,1,1
yeast,s_3697,"phosphatidylcholine (1-18:0, 2-16:1)",,,CHEBI:86097,MNXM69528,,QRSPNOMDLRZDPG,ok,other_reactant,other_reactant,other_reactant,,,,not_registry_matched,not_assessable,False,1,1
yeast,s_3699,"phosphatidylcholine (1-18:1, 2-16:1)",,,CHEBI:86100,MNXM69658,,QJZAWHQVXYMEQR,ok,other_reactant,other_reactant,other_reactant,,,,not_registry_matched,not_assessable,False,1,1
yeast,s_3701,"phosphatidylcholine (1-16:0, 2-18:1)",,,CHEBI:134594,,,,inchikey_unavailable,other_reactant,other_reactant,other_reactant,,,,not_registry_matched,not_assessable,False,1,1
yeast,s_3702,"phosphatidylcholine (1-16:1, 2-18:1)",,,CHEBI:84811,MNXM69383,,ZRCWDIULNHKQRD,ok,other_reactant,other_reactant,other_reactant,,,,not_registry_matched,not_assessable,False,1,1
yeast,s_3703,"phosphatidylcholine (1-18:0, 2-18:1)",,,CHEBI:75034,MNXM32526,,ATHVAWFAEPLPPQ,ok,other_reactant,other_reactant,other_reactant,,,,not_registry_matched,not_assessable,False,1,1
yeast,s_3704,"phosphatidylcholine (1-18:1, 2-18:1)",,,CHEBI:74669,MNXM8549,,SNKAWJBJQDLSFF,ok,other_reactant,other_reactant,other_reactant,,,,not_registry_matched,not_assessable,False,1,1
yeast,s_3705,"phosphatidylethanolamine (1-16:0, 2-16:1)",,,CHEBI:136147,,,,inchikey_unavailable,other_reactant,other_reactant,other_reactant,,,,not_registry_matched,not_assessable,False,1,1
yeast,s_3706,"phosphatidylethanolamine (1-16:1, 2-16:1)",pe161,,CHEBI:138792,,90657244,PGPMCWZMPPZJML,ok,other_reactant,other_reactant,other_reactant,,,,not_registry_matched,not_assessable,False,1,1
yeast,s_3707,"phosphatidylethanolamine (1-18:0, 2-16:1)",,,CHEBI:136155,,,,inchikey_unavailable,other_reactant,other_reactant,other_reactant,,,,not_registry_matched,not_assessable,False,1,1
yeast,s_3708,"phosphatidylethanolamine (1-18:1, 2-16:1)",,,CHEBI:82837,MNXM71684,,UIELPOKGTOHFNL,ok,other_reactant,other_reactant,other_reactant,,,,not_registry_matched,not_assessable,False,1,1
yeast,s_3748,Cytochrome c,cytc,C00524,CHEBI:83739,,,,inchikey_unavailable,other_reactant,other_reactant,other_reactant,,,,not_registry_matched,not_assessable,False,1,2
yeast,s_3750,diacetyl,diact,C00741,CHEBI:16583,MNXM1467,,QSJXEFYPDANLFS,ok,other_reactant,other_reactant,other_reactant,,,,not_registry_matched,not_assessable,False,1,1
yeast,s_3751,(R)-acetoin,actn__R,C00810,CHEBI:15686,MNXM664,,ROWKJAVDOGWPAT,ok,other_reactant,other_reactant,other_reactant,,,,not_registry_matched,not_assessable,False,1,1
yeast,s_3754,L-glutamyl-tRNA(Gln),glutrna_gln,C06112,CHEBI:29165,MNXM91213,,,missing_smiles,other_reactant,other_reactant,other_reactant,,,,not_registry_matched,not_assessable,False,1,1
yeast,s_3755,L-glutamine,gln__L,C00064,CHEBI:18050,MNXM37,,ZDXPYRJPNDTMRX,ok,other_reactant,other_reactant,other_reactant,,,,not_registry_matched,not_assessable,False,1,1
yeast,s_3757,Met-Ala,met_L_ala__L,,CHEBI:73610,MNXM61647,,JHKXZYLNVJRAAJ,ok,other_reactant,other_reactant,other_reactant,,,,not_registry_matched,not_assessable,False,1,2
yeast,s_3760,ADP-D-ribose 1''-phosphate,,,CHEBI:58753,MNXM5039,,CUNFRFHBHMFVPH,ok,other_reactant,other_reactant,other_reactant,,,,not_registry_matched,not_assessable,False,1,2
yeast,s_3761,ADP-ribose,adprib,C00301,CHEBI:57967,MNXM48596,33576,SRNWOUGRCWSEMX,ok,other_reactant,other_reactant,other_reactant,,,,not_registry_matched,not_assessable,False,1,1
yeast,s_3762,quinone,,C00472,CHEBI:16509,MNXM769,,AZQWKYJCGOJGHM,ok,other_reactant,other_reactant,other_reactant,,,,not_registry_matched,not_assessable,False,1,1
yeast,s_3764,UDP-N-acetyl-alpha-D-glucosamine,uacgam,C00043,CHEBI:57705,MNXM47,,LFTYTUAZOPRMMI,ok,other_reactant,other_reactant,other_reactant,,,,not_registry_matched,not_assessable,False,4,4
yeast,s_3765,N-Acetyl-D-glucosaminyldiphosphodolichol,naglc2p,C04500,CHEBI:18278,MNXM818,,NSVKTXNITHYTDN,ok,other_reactant,other_reactant,other_reactant,,,,not_registry_matched,not_assessable,False,1,1
yeast,s_3769,Oxalate,oxa,C00209,CHEBI:30623,MNXM291,,MUBZPKHOEPUJKR,ok,other_reactant,other_reactant,other_reactant,,,,not_registry_matched,not_assessable,False,1,1
yeast,s_3771,G00171,,,,,,,missing_smiles,other_reactant,other_reactant,other_reactant,,,,not_registry_matched,not_assessable,False,1,1
yeast,s_3773,G00010,,,,,,,missing_smiles,other_reactant,other_reactant,other_reactant,,,,not_registry_matched,not_assessable,False,1,1
yeast,s_3774,G00011,,,,MNXM6479,,,missing_smiles,other_reactant,other_reactant,other_reactant,,,,not_registry_matched,not_assessable,False,2,4
yeast,s_3775,sodium,na1,C01330,CHEBI:29101,MNXM27,,FKNQFGJONOIPTF,ok,other_reactant,other_reactant,other_reactant,,,,not_registry_matched,not_assessable,False,1,1
yeast,s_3776,potassium,k,C00238,CHEBI:29103,MNXM95,,NPYPAHLBTDXSSS,ok,other_reactant,other_reactant,other_reactant,,,,not_registry_matched,not_assessable,False,1,1
yeast,s_3777,chloride,cl,C00698,CHEBI:17996,MNXM43,313,VEXZGXHMUGYJMC,ok,other_reactant,other_reactant,other_reactant,,,,not_registry_matched,not_assessable,False,1,1
yeast,s_3782,cadmium(2+),cd2,C01413,CHEBI:48775,MNXM4505,31193,WLZRMCYVCSSEQC,ok,other_reactant,other_reactant,other_reactant,,,,not_registry_matched,not_assessable,False,1,1
yeast,s_3784,(sulfur carrier)-H,,,,,,,missing_smiles,other_reactant,other_reactant,other_reactant,,,,not_registry_matched,not_assessable,False,1,1
yeast,s_3785,L-cysteine,cys__L,C00097,CHEBI:17561,MNXM55,594,XUJNEKJLAYXESH,ok,other_reactant,other_reactant,other_reactant,,,,not_registry_matched,not_assessable,False,2,2
yeast,s_3787,cholesterol,chsterol,C00187,CHEBI:16113,MNXM103,,HVYWMOMLDIMFJA,ok,other_reactant,other_reactant,other_reactant,,,,not_registry_matched,not_assessable,False,1,1
yeast,s_3789,3-chlorobenzyl alcohol,,,,,,ZSRDNPVYGSFUMD,ok,other_reactant,other_reactant,other_reactant,,,,not_registry_matched,not_assessable,False,1,6
yeast,s_3791,3-hydroxybenzyl alcohol,,C03351,CHEBI:17069,MNXM2785,,OKVJCVWFVRATSG,ok,other_reactant,other_reactant,other_reactant,,,,not_registry_matched,not_assessable,False,1,6
yeast,s_3793,3-methylbenzyl alcohol,3mbzalc,C07216,CHEBI:27995,MNXM3486,,JJCKHVUTVOPLBV,ok,other_reactant,other_reactant,other_reactant,,,,not_registry_matched,not_assessable,False,1,6
yeast,s_3795,4-isopropylbenzyl alcohol,,C06576,CHEBI:27628,MNXM5878,,OIGWAXDAPKFNCQ,ok,other_reactant,other_reactant,other_reactant,,,,not_registry_matched,not_assessable,False,1,6
yeast,s_3797,4-methylbenzyl alcohol,4mbzalc,C06757,CHEBI:1895,MNXM3500,,KMTDMTZBNYGUNX,ok,other_reactant,other_reactant,other_reactant,,,,not_registry_matched,not_assessable,False,1,6
yeast,s_3799,benzyl alcohol,bzalc,C00556,CHEBI:17987,MNXM562,,WVDDGKGOMKODPV,ok,other_reactant,other_reactant,other_reactant,,,,not_registry_matched,not_assessable,False,2,7
yeast,s_3801,Mn(2+),mn2,C19610,CHEBI:29035,MNXM2255,,WAEMQWOKJMHJLA,ok,other_reactant,other_reactant,other_reactant,,,,not_registry_matched,not_assessable,False,1,1
yeast,s_3805,Mannitol,mnl,C00392,CHEBI:16899,MNXM615,,FBPFZTCFMRRESA,ok,other_reactant,other_reactant,other_reactant,,,,not_registry_matched,not_assessable,False,1,2
yeast,s_3806,4-hydroxy-4-methyl-2-oxoglutarate,,C06033,CHEBI:58276,MNXM2196,,YRWAMSXHYBBHFL,ok,other_reactant,other_reactant,other_reactant,,,,not_registry_matched,not_assessable,False,1,1
yeast,s_3808,tRNA(Pro),trnapro,C01649,CHEBI:29177,MNXM90667,,,missing_smiles,other_reactant,other_reactant,other_reactant,,,,not_registry_matched,not_assessable,False,1,1
yeast,s_3810,5-oxo-L-proline,5oxpro,C01879,CHEBI:58402,MNXM722719,,ODHCTXKNWHHXJC,ok,other_reactant,other_reactant,other_reactant,,,,not_registry_matched,not_assessable,False,1,1
yeast,s_3811,4a-Hydroxytetrahydrobiopterin,hthbp,C15522,CHEBI:15642,MNXM31340,,KJKIEFUPAPPGBC,ok,other_reactant,other_reactant,other_reactant,,,,not_registry_matched,not_assessable,False,1,1
yeast,s_3813,superoxide,o2s,C00704,CHEBI:18421,MNXM330,,OUUQCZGPVNCOIJ,ok,other_reactant,other_reactant,other_reactant,,,,not_registry_matched,not_assessable,False,1,1
yeast,s_3814,2-deoxy-D-glucose 6-phosphate,2doxg6p,C06369,CHEBI:84760,MNXM3809,108108,MBPFNOMGYSRGQZ,ok,other_reactant,other_reactant,other_reactant,,,,not_registry_matched,not_assessable,False,1,2
yeast,s_3816,[cytochrome c]-L-lysine,,,CHEBI:29969,,,,inchikey_unavailable,other_reactant,other_reactant,other_reactant,,,,not_registry_matched,not_assessable,False,1,1
yeast,s_3818,S-adenosyl-L-methionine,amet,C00019,CHEBI:67040,MNXM16,34756,MEFKEPWMEQBLKI,ok,one_carbon_cofactor,one_carbon_cofactor,currency_or_cofactor,S-adenosyl-L-methionine,normalized_name;bigg_ids:amet;kegg_ids:c00019;metanetx_ids:mnxm16;pubchem_cids:34756;inchikey_connectivity:mefkepwmeqblki,normalized_name;bigg_ids;kegg_ids;metanetx_ids;pubchem_cids;inchikey_connectivity,multiple_evidence_types,consistent,False,1,3
yeast,s_3819,L-lysine-[histone],,,CHEBI:29969,MNXM59465,,,inchikey_unavailable,other_reactant,other_reactant,other_reactant,,,,not_registry_matched,not_assessable,False,1,3
yeast,s_3822,Zn(2+),zn2,C00038,CHEBI:29105,MNXM149,,PTFCDOFLOPIGGS,ok,other_reactant,other_reactant,other_reactant,,,,not_registry_matched,not_assessable,False,1,1
yeast,s_3826,Ferricytochrome b5,ficytb5,C00996,CHEBI:18097,MNXM1083,,,missing_smiles,other_reactant,other_reactant,other_reactant,,,,not_registry_matched,not_assessable,False,1,3
yeast,s_3828,(S)-benzoin,,C20227,,MNXM5393,,ISAOCJYIOMOJEB,ok,other_reactant,other_reactant,other_reactant,,,,not_registry_matched,not_assessable,False,1,1
yeast,s_3830,RX,,C01322,CHEBI:17792,MNXM6428,,,inchikey_unavailable,other_reactant,other_reactant,other_reactant,,,,not_registry_matched,not_assessable,False,1,1
yeast,s_3831,glutathione,gthrd,C00051,CHEBI:57925,MNXM57,,RWSXRVCMGQZWBV,ok,other_reactant,other_reactant,other_reactant,,,,not_registry_matched,not_assessable,False,1,1
yeast,s_3834,RX,,C01322,CHEBI:17792,MNXM6428,,,inchikey_unavailable,other_reactant,other_reactant,other_reactant,,,,not_registry_matched,not_assessable,False,1,2
yeast,s_3838,Ala-Gly,L_alagly,,CHEBI:73757,MNXM15783,,CXISPYVYMQWFLE,ok,other_reactant,other_reactant,other_reactant,,,,not_registry_matched,not_assessable,False,1,1
yeast,s_3840,Ala-Leu,ala_L_ile__L,,CHEBI:73770,MNXM15786,,ZSOICJZJSRWNHX,ok,other_reactant,other_reactant,other_reactant,,,,not_registry_matched,not_assessable,False,1,1
yeast,s_3841,Threo-3-hydroxy-L-aspartate,,C11511,CHEBI:57251,MNXM4918,,YYLQUHNPNCGKJQ,ok,other_reactant,other_reactant,other_reactant,,,,not_registry_matched,not_assessable,False,1,1
yeast,s_3842,RX,,C01322,CHEBI:17792,MNXM6428,,,inchikey_unavailable,other_reactant,other_reactant,other_reactant,,,,not_registry_matched,not_assessable,False,1,1
yeast,s_3843,glutathione,gthrd,C00051,CHEBI:57925,MNXM57,,RWSXRVCMGQZWBV,ok,other_reactant,other_reactant,other_reactant,,,,not_registry_matched,not_assessable,False,2,2
yeast,s_3846,dehydroascorbate,dhdascb,C05422,CHEBI:27956,MNXM250,,SBJKKFFYIZUCET,ok,other_reactant,other_reactant,other_reactant,,,,not_registry_matched,not_assessable,False,1,1
yeast,s_3848,dehydroascorbate,dhdascb,C05422,CHEBI:27956,MNXM250,,SBJKKFFYIZUCET,ok,other_reactant,other_reactant,other_reactant,,,,not_registry_matched,not_assessable,False,1,1
yeast,s_3852,aldehydo-D-ribose 5-phosphate,,C00117,CHEBI:58273,MNXM722712,,PPQRONHOSHZGFQ,ok,other_reactant,other_reactant,other_reactant,,,,not_registry_matched,not_assessable,False,1,2
yeast,s_3853,R-S-Cysteinylglycine,,C05729,CHEBI:8744,MNXM7734,,,inchikey_unavailable,other_reactant,other_reactant,other_reactant,,,,not_registry_matched,not_assessable,False,1,1
yeast,s_3856,Glycyl-tRNA(Ala),,,,,,,missing_smiles,other_reactant,other_reactant,other_reactant,,,,not_registry_matched,not_assessable,False,1,1
yeast,s_3857,D-tyrosyl-tRNA(Tyr),,,,,,,missing_smiles,other_reactant,other_reactant,other_reactant,,,,not_registry_matched,not_assessable,False,1,1
yeast,s_3859,4-nitrophenyl phosphate,HC01104,C03360,CHEBI:61146,MNXM3867,,XZKIHKMTEMTJQX,ok,other_reactant,other_reactant,other_reactant,,,,not_registry_matched,not_assessable,False,1,1
yeast,s_3861,L-iditol,C01507,C01507,CHEBI:18202,MNXM3633,,FBPFZTCFMRRESA,ok,other_reactant,other_reactant,other_reactant,,,,not_registry_matched,not_assessable,False,1,1
yeast,s_3862,alpha-D-Galactose,a_gal__D,C00984,CHEBI:28061,MNXM390,,WQZGKKKJIJFFOK,ok,other_reactant,other_reactant,other_reactant,,,,not_registry_matched,not_assessable,False,1,1
yeast,s_3863,3-hydroxy-2-methylpropanoyl-CoA,,C04047,CHEBI:57340,MNXM1034,,WWEOGFZEFHPUAM,ok,carrier_linked_metabolite,carrier_linked_metabolite,carrier_linked_variable,,normalized_name:coa_linked,normalized_name,name_only,not_assessable,False,1,1
yeast,s_3865,sterols,,C00370,CHEBI:15889,MNXM82761,,FPXSXMFOYWRHDX,ok,other_reactant,other_reactant,other_reactant,,,,not_registry_matched,not_assessable,False,1,2
yeast,s_3867,2-Phenylacetamide,pad,C02505,CHEBI:16562,MNXM2073,,LSBDFXRDZJMBSC,ok,other_reactant,other_reactant,other_reactant,,,,not_registry_matched,not_assessable,False,1,1
yeast,s_3868,(Indol-3-yl)acetamide,iad,C02693,CHEBI:16031,MNXM2239,,ZOAMBXDOGPRZLP,ok,other_reactant,other_reactant,other_reactant,,,,not_registry_matched,not_assessable,False,1,1
yeast,s_3871,Acrylic acid,acryl,C00511,CHEBI:37080,MNXM1368,,NIXOWILDQLNWCW,ok,other_reactant,other_reactant,other_reactant,,,,not_registry_matched,not_assessable,False,1,1
yeast,s_3873,Benzamide,,C09815,CHEBI:28179,MNXM5065,,KXDAEFPNCMNJSK,ok,other_reactant,other_reactant,other_reactant,,,,not_registry_matched,not_assessable,False,1,1
yeast,s_3874,Benzoate,bz,C00180,CHEBI:16150,MNXM217,,WPYMKLBDIGXBTP,ok,other_reactant,other_reactant,other_reactant,,,,not_registry_matched,not_assessable,False,1,1
yeast,s_3875,D-gluconate,glcn,C00257,CHEBI:18391,MNXM341,,RGHNJXZEOKUKBD,ok,other_reactant,other_reactant,other_reactant,,,,not_registry_matched,not_assessable,False,1,1
yeast,s_3876,Protein C-terminal S-farnesyl-L-cysteine,,C04506,CHEBI:17171,MNXM5285,,,missing_smiles,other_reactant,other_reactant,other_reactant,,,,not_registry_matched,not_assessable,False,1,1
yeast,s_3878,1-phosphatidyl-1D-myo-inositol,pail_cho,C01194,CHEBI:57880,MNXM62,,,inchikey_unavailable,other_reactant,other_reactant,other_reactant,,,,not_registry_matched,not_assessable,False,1,1
yeast,s_3880,Ca(2+),ca2,C00076,CHEBI:29108,MNXM128,271,BHPQYMZQTOCNFJ,ok,other_reactant,other_reactant,other_reactant,,,,not_registry_matched,not_assessable,False,2,2
yeast,s_3881,ATP,atp,C00002,CHEBI:30616,MNXM3,5957,ZKHQWZAMYRWXGA,ok,energy_nucleotide,energy_nucleotide,currency_or_cofactor,ATP,normalized_name;bigg_ids:atp;kegg_ids:c00002;chebi_ids:chebi:30616;metanetx_ids:mnxm3;pubchem_cids:5957;inchikey_connectivity:zkhqwzamyrwxga,normalized_name;bigg_ids;kegg_ids;chebi_ids;metanetx_ids;pubchem_cids;inchikey_connectivity,multiple_evidence_types,consistent,False,1,1
yeast,s_3884,generic protein,,C00017,,,,,missing_smiles,other_reactant,other_reactant,other_reactant,,,,not_registry_matched,not_assessable,False,1,1
yeast,s_3888,Dolichyl diphosphate,,C00621,CHEBI:57497,MNXM2370,,MXGLYEVGJRXBTP,ok,other_reactant,other_reactant,other_reactant,,,,not_registry_matched,not_assessable,False,1,1
yeast,s_3889,G00009,,,CHEBI:132537,,,,inchikey_unavailable,other_reactant,other_reactant,other_reactant,,,,not_registry_matched,not_assessable,False,1,1
yeast,s_3890,GDP-alpha-D-mannose,gdpmann,C00096,CHEBI:57527,MNXM82,,MVMSCBBUIHUTGJ,ok,other_reactant,other_reactant,other_reactant,,,,not_registry_matched,not_assessable,False,5,5
yeast,s_3891,G10694,,,,,,,missing_smiles,other_reactant,other_reactant,other_reactant,,,,not_registry_matched,not_assessable,False,1,1
yeast,s_3894,G00003,,,,,,,missing_smiles,other_reactant,other_reactant,other_reactant,,,,not_registry_matched,not_assessable,False,1,1
yeast,s_3895,G00004,,,,,,,missing_smiles,other_reactant,other_reactant,other_reactant,,,,not_registry_matched,not_assessable,False,1,1
yeast,s_3896,G00005,,,,,,,missing_smiles,other_reactant,other_reactant,other_reactant,,,,not_registry_matched,not_assessable,False,1,1
yeast,s_3897,2-O-(6-phospho-alpha-D-mannosyl)-D-glycerate,man6pglyc,C16699,CHEBI:60331,MNXM3470,,BOLXAGHGKNGVBE,ok,other_reactant,other_reactant,other_reactant,,,,not_registry_matched,not_assessable,False,1,1
yeast,s_3900,alpha-D-mannoside,,C02603,CHEBI:27535,MNXM3535,,,missing_smiles,other_reactant,other_reactant,other_reactant,,,,not_registry_matched,not_assessable,False,1,1
yeast,s_3904,D-Serine,ser__D,C00740,CHEBI:16523,MNXM694,,MTCFGRXMJLQNBG,ok,other_reactant,other_reactant,other_reactant,,,,not_registry_matched,not_assessable,False,1,1
yeast,s_3905,O-acetyl-L-serine,acser,C00979,CHEBI:17981,MNXM418,99478,VZXPDPZARILFQX,ok,other_reactant,other_reactant,other_reactant,,,,not_registry_matched,not_assessable,False,1,1
yeast,s_3906,hydrogen sulfide,h2s,C00283,CHEBI:16136,MNXM124865,,RWSOTUBLDIXVET,ok,other_reactant,other_reactant,other_reactant,,,,not_registry_matched,not_assessable,False,1,1
yeast,s_3907,phosphatidate,pa_EC,C00416,CHEBI:16337,MNXM96054,,,inchikey_unavailable,other_reactant,other_reactant,other_reactant,,,,not_registry_matched,not_assessable,False,1,1
yeast,s_3909,Sulfur donor,,C17023,CHEBI:80867,MNXM4111,,,missing_smiles,other_reactant,other_reactant,other_reactant,,,,not_registry_matched,not_assessable,False,1,1
yeast,s_3910,ADP-5-ethyl-4-methylthiazole-2-carboxylate,,C20784,CHEBI:134399,MNXM722955,,VGXBGQACJQRWLV,ok,other_reactant,other_reactant,other_reactant,,,,not_registry_matched,not_assessable,False,1,1
yeast,s_3911,Dolichyl beta-D-glucosyl phosphate,,C01246,CHEBI:57525,MNXM145615,,AGLXCEGQRIYVRV,ok,other_reactant,other_reactant,other_reactant,,,,not_registry_matched,not_assessable,False,3,3
yeast,s_3912,G10599,,,,MNXM9258,,,missing_smiles,other_reactant,other_reactant,other_reactant,,,,not_registry_matched,not_assessable,False,1,1
yeast,s_3913,nitric oxide,no,C00533,CHEBI:16480,MNXM228,,MWUXSHHQAYIFBG,ok,other_reactant,other_reactant,other_reactant,,,,not_registry_matched,not_assessable,False,2,2
yeast,s_3915,(R)-Lipoate,lipoate,C16241,CHEBI:83088,MNXM1484,,AGBQKNBQESQNJD,ok,other_reactant,other_reactant,other_reactant,,,,not_registry_matched,not_assessable,False,2,2
yeast,s_3917,Apoprotein,,C16240,CHEBI:13850,MNXM91491,,,missing_smiles,other_reactant,other_reactant,other_reactant,,,,not_registry_matched,not_assessable,False,1,1
yeast,s_3923,N-(4-oxoglutarate)-L-cysteinylglycine,,,CHEBI:138256,,,,missing_smiles,other_reactant,other_reactant,other_reactant,,,,not_registry_matched,not_assessable,False,1,1
yeast,s_3924,N-(4-oxoglutarate)-L-cysteinylglycine,,,CHEBI:138256,,,,missing_smiles,other_reactant,other_reactant,other_reactant,,,,not_registry_matched,not_assessable,False,1,1
yeast,s_3926,chloride,cl,C00698,CHEBI:17996,MNXM43,313,VEXZGXHMUGYJMC,ok,other_reactant,other_reactant,other_reactant,,,,not_registry_matched,not_assessable,False,1,1
yeast,s_3927,ribonucleoside 5'-triphosphate,,C03802,CHEBI:61557,MNXM96380,,,inchikey_unavailable,other_reactant,other_reactant,other_reactant,,,,not_registry_matched,not_assessable,False,1,1
yeast,s_3929,2'-deoxyribonucleoside 5'-triphosphate,,C00677,CHEBI:61560,MNXM96330,,,inchikey_unavailable,other_reactant,other_reactant,other_reactant,,,,not_registry_matched,not_assessable,False,1,1
yeast,s_3931,superoxide,o2s,C00704,CHEBI:18421,MNXM330,,OUUQCZGPVNCOIJ,ok,other_reactant,other_reactant,other_reactant,,,,not_registry_matched,not_assessable,False,1,1
yeast,s_3934,Ethylnitronate,,C18091,CHEBI:16268,MNXM2143,,MCSAJNNLRCFZED,ok,other_reactant,other_reactant,other_reactant,,,,not_registry_matched,not_assessable,False,1,1
yeast,s_3936,iron(3+),fe3,C14819,,MNXM196,,VTLYFUHAOXGGBS,ok,other_reactant,other_reactant,other_reactant,,,,not_registry_matched,not_assessable,False,1,7
yeast,s_3937,Acyl-CoA,acoa,C00040,CHEBI:58342,MNXM44,,,inchikey_unavailable,carrier_linked_metabolite,carrier_linked_metabolite,carrier_linked_variable,,normalized_name:coa_linked,normalized_name,name_only,not_assessable,False,1,2
yeast,s_3938,1-acyl-sn-glycerol 3-phosphate,1ag3p_SC,C00681,CHEBI:57970,MNXM145527,,,inchikey_unavailable,other_reactant,other_reactant,other_reactant,,,,not_registry_matched,not_assessable,False,1,2
yeast,s_3940,Peptide diphthine,,C01573,CHEBI:18054,MNXM3980,,CBQVLMCHMFGPMX,ok,other_reactant,other_reactant,other_reactant,,,,not_registry_matched,not_assessable,False,1,1
yeast,s_3942,8-oxo-dGTP,,C19967,,MNXM4425,,BUZOGVVQWCXXDP,ok,other_reactant,other_reactant,other_reactant,,,,not_registry_matched,not_assessable,False,1,1
yeast,s_3944,Apoprotein,,C16240,CHEBI:13850,MNXM91491,,,missing_smiles,other_reactant,other_reactant,other_reactant,,,,not_registry_matched,not_assessable,False,2,2
yeast,s_3945,Protein N6-(octanoyl)lysine,,C16236,CHEBI:80398,MNXM4090,,,inchikey_unavailable,other_reactant,other_reactant,other_reactant,,,,not_registry_matched,not_assessable,False,1,1
yeast,s_3946,Lipoyl-[acp],lipACP,C16239,CHEBI:80400,MNXM19093,,,inchikey_unavailable,other_reactant,other_reactant,other_reactant,,,,not_registry_matched,not_assessable,False,1,1
yeast,s_3948,beta-D-Fructose 6-phosphate,f6p_B,C05345,CHEBI:57634,MNXM89621,,BGWGXPAPYGQALX,ok,other_reactant,other_reactant,other_reactant,,,,not_registry_matched,not_assessable,False,1,1
yeast,s_3949,beta-D-Glucose,glc__bD,C00221,CHEBI:15903,MNXM105,,WQZGKKKJIJFFOK,ok,other_reactant,other_reactant,other_reactant,,,,not_registry_matched,not_assessable,False,1,1
yeast,s_3951,alpha-D-Glucose,,C00267,CHEBI:17925,MNXM99,,WQZGKKKJIJFFOK,ok,other_reactant,other_reactant,other_reactant,,,,not_registry_matched,not_assessable,False,2,2
yeast,s_3952,alpha-D-Glucose 6-phosphate,g6p_A,C00668,CHEBI:58225,MNXM215,,NBSCHQHZLSJFNQ,ok,other_reactant,other_reactant,other_reactant,,,,not_registry_matched,not_assessable,False,1,1
yeast,s_3953,D-Glucosamine,gam,C00329,CHEBI:47977,MNXM533,,MSWZFWKMSRAUBD,ok,other_reactant,other_reactant,other_reactant,,,,not_registry_matched,not_assessable,False,1,1
yeast,s_3954,beta-D-Fructose,fru_B,C02336,CHEBI:28645,MNXM1542,,RFSUNEUAIZKAJO,ok,other_reactant,other_reactant,other_reactant,,,,not_registry_matched,not_assessable,False,1,1
yeast,s_3959,2-Propynal,,C05985,CHEBI:27976,MNXM2716,,IJNJLGFTSIAHEA,ok,other_reactant,other_reactant,other_reactant,,,,not_registry_matched,not_assessable,False,1,1
yeast,s_3961,D-Glucuronolactone,glcurn,C02670,CHEBI:18268,MNXM17108,,UYUXSRADSPPKRZ,ok,other_reactant,other_reactant,other_reactant,,,,not_registry_matched,not_assessable,False,1,1
yeast,s_3963,4-Trimethylammoniobutanal,4tmeabut,C01149,CHEBI:18020,MNXM940,,OITBLCDWXSXNCN,ok,other_reactant,other_reactant,other_reactant,,,,not_registry_matched,not_assessable,False,1,1
yeast,s_3965,(S)-Methylmalonate semialdehyde,mmtsa,C06002,CHEBI:62413,MNXM933,,VOKUMXABRRXHAR,ok,other_reactant,other_reactant,other_reactant,,,,not_registry_matched,not_assessable,False,1,1
yeast,s_3967,Imidazole-4-acetaldehyde,im4act,C05130,CHEBI:27398,MNXM1745,,MQSRGWNVEZRLDK,ok,other_reactant,other_reactant,other_reactant,,,,not_registry_matched,not_assessable,False,1,1
yeast,s_3969,"3alpha,7alpha-Dihydroxy-5beta-cholestan-26-al",xol7ah2al,C05445,CHEBI:27428,MNXM1174,,YWGOKHMOJTZGBN,ok,other_reactant,other_reactant,other_reactant,,,,not_registry_matched,not_assessable,False,1,1
yeast,s_3971,5-Hydroxyindoleacetaldehyde,5hoxindact,C05634,CHEBI:50157,MNXM1057,,OBFAPCIUSYHFIE,ok,other_reactant,other_reactant,other_reactant,,,,not_registry_matched,not_assessable,False,1,1
yeast,s_3973,N4-Acetylaminobutanal,n4abutn,C05936,CHEBI:7386,MNXM1527,,DDSLGZOYEPKPSJ,ok,other_reactant,other_reactant,other_reactant,,,,not_registry_matched,not_assessable,False,1,1
yeast,s_3975,trans-3-Chloroallyl aldehyde,,C06613,CHEBI:28452,MNXM5312,,ZSOPPQGHWJVKJB,ok,other_reactant,other_reactant,other_reactant,,,,not_registry_matched,not_assessable,False,1,1
yeast,s_3977,cis-3-Chloroallyl aldehyde,,C16348,CHEBI:80465,MNXM6216,,ZSOPPQGHWJVKJB,ok,other_reactant,other_reactant,other_reactant,,,,not_registry_matched,not_assessable,False,1,1
yeast,s_3979,Chloroacetaldehyde,,C06754,CHEBI:27871,MNXM1816,,QSKPIOLLBIHNAC,ok,other_reactant,other_reactant,other_reactant,,,,not_registry_matched,not_assessable,False,1,1
yeast,s_3981,Perillyl aldehyde,pylald,C02576,CHEBI:15421,MNXM2149,,RUMOYJJNUMEFDD,ok,other_reactant,other_reactant,other_reactant,,,,not_registry_matched,not_assessable,False,1,1
yeast,s_3983,"2-trans,6-trans-Farnesal",,C03461,CHEBI:15894,MNXM1959,,YHRUHBBTQZKMEX,ok,other_reactant,other_reactant,other_reactant,,,,not_registry_matched,not_assessable,False,1,1
yeast,s_3985,phospholipid,,C00865,CHEBI:16247,,,,missing_smiles,other_reactant,other_reactant,other_reactant,,,,not_registry_matched,not_assessable,False,1,1
yeast,s_3988,1-oleoyl-sn-glycerol,,,CHEBI:75757,MNXM62354,,RZRNAYUHWVFMIP,ok,other_reactant,other_reactant,other_reactant,,,,not_registry_matched,not_assessable,False,1,1
yeast,s_3989,G10526,,,CHEBI:132511,,,,missing_smiles,other_reactant,other_reactant,other_reactant,,,,not_registry_matched,not_assessable,False,1,1
yeast,s_3991,carnosine,carn,C00386,CHEBI:15727,MNXM1419,,CQOVPNPJLQNMDC,ok,other_reactant,other_reactant,other_reactant,,,,not_registry_matched,not_assessable,False,1,1
yeast,s_3993,G10595,,,,MNXM9262,,,missing_smiles,other_reactant,other_reactant,other_reactant,,,,not_registry_matched,not_assessable,False,1,1
yeast,s_3994,G10596,,,,MNXM9265,,,missing_smiles,other_reactant,other_reactant,other_reactant,,,,not_registry_matched,not_assessable,False,1,1
yeast,s_3995,G10597,,,,,,,missing_smiles,other_reactant,other_reactant,other_reactant,,,,not_registry_matched,not_assessable,False,1,1
yeast,s_3996,G00007,,C05868,,MNXM31425,,BJWUBPJLKOKNEN,ok,other_reactant,other_reactant,other_reactant,,,,not_registry_matched,not_assessable,False,1,1
yeast,s_3997,glycolate,glyclt,C00160,CHEBI:29805,MNXM222,,AEMRFAOFKBGASW,ok,other_reactant,other_reactant,other_reactant,,,,not_registry_matched,not_assessable,False,1,1
yeast,s_3998,sucrose,sucr,C00089,CHEBI:17992,MNXM167,,CZMRCDWAGMRECN,ok,other_reactant,other_reactant,other_reactant,,,,not_registry_matched,not_assessable,False,1,1
yeast,s_3999,Isomaltose,isomal,C00252,CHEBI:28189,MNXM58018,,DLRVVLDZNNYCBX,ok,other_reactant,other_reactant,other_reactant,,,,not_registry_matched,not_assessable,False,1,1
yeast,s_4000,Dextrin,starch,C00721,CHEBI:28675,,,,missing_smiles,other_reactant,other_reactant,other_reactant,,,,not_registry_matched,not_assessable,False,1,1
yeast,s_4001,G10598,,,,MNXM9336,,,missing_smiles,other_reactant,other_reactant,other_reactant,,,,not_registry_matched,not_assessable,False,1,1
yeast,s_4002,G00149,,,,MNXM7903,,,missing_smiles,other_reactant,other_reactant,other_reactant,,,,not_registry_matched,not_assessable,False,1,1
yeast,s_4004,Sulfur donor,,C17023,CHEBI:80867,MNXM4111,,,missing_smiles,other_reactant,other_reactant,other_reactant,,,,not_registry_matched,not_assessable,False,2,2
yeast,s_4006,S-sulfanyl-[L-cysteine desulfurase],,,,,,,missing_smiles,other_reactant,other_reactant,other_reactant,,,,not_registry_matched,not_assessable,False,1,2
yeast,s_4007,[disordered-form [Fe-S] cluster scaffold protein],,,,,,,missing_smiles,other_reactant,other_reactant,other_reactant,,,,not_registry_matched,not_assessable,False,1,2
yeast,s_4009,hydrogen cyanide,cyan,C01326,CHEBI:18407,MNXM254,5975,LELOWRISYMNNSU,ok,other_reactant,other_reactant,other_reactant,,,,not_registry_matched,not_assessable,False,1,3
yeast,s_4010,thiosulfate,tsul,C00320,CHEBI:33541,MNXM323,,DHCDFWKWKRSZHF,ok,other_reactant,other_reactant,other_reactant,,,,not_registry_matched,not_assessable,False,1,3
yeast,s_4013,Mg(2+),mg2,C00305,CHEBI:18420,MNXM653,,JLVVSXFLKOJNIY,ok,other_reactant,other_reactant,other_reactant,,,,not_registry_matched,not_assessable,False,1,2
yeast,s_4015,UDP-D-glucose,udpg,C00029,CHEBI:58367,MNXM722710,,HSCJRCZFDFQWRP,ok,other_reactant,other_reactant,other_reactant,,,,not_registry_matched,not_assessable,False,1,1
yeast,s_4018,polyphosphate,,C00404,CHEBI:16838,MNXM77738,,UNXRWKVEANCORM,ok,phosphate_currency,phosphate_currency,currency_or_cofactor,polyphosphate,normalized_name;kegg_ids:c00404;chebi_ids:chebi:16838;metanetx_ids:mnxm77738,normalized_name;kegg_ids;chebi_ids;metanetx_ids,multiple_evidence_types,not_assessable,False,1,2
yeast,s_4019,Cu2(+),cu2,C00070,CHEBI:29036,MNXM632,27099,JPVYNHNXODAKFH,ok,other_reactant,other_reactant,other_reactant,,,,not_registry_matched,not_assessable,False,1,1
yeast,s_4021,2-Oxoglutaramate,HC00591,C00940,CHEBI:16769,MNXM575,,COJBGNAUUSNXHX,ok,other_reactant,other_reactant,other_reactant,,,,not_registry_matched,not_assessable,False,1,1
yeast,s_4022,porphyrin,,C05113,CHEBI:8337,MNXM2714,,JZRYQZJSTWVBBD,ok,other_reactant,other_reactant,other_reactant,,,,not_registry_matched,not_assessable,False,1,1
yeast,s_4024,Starch,,,,,,,missing_smiles,other_reactant,other_reactant,other_reactant,,,,not_registry_matched,not_assessable,False,1,1
yeast,s_4026,Zn(2+),zn2,C00038,CHEBI:29105,MNXM149,,PTFCDOFLOPIGGS,ok,other_reactant,other_reactant,other_reactant,,,,not_registry_matched,not_assessable,False,1,2
yeast,s_4028,RX,,C01322,CHEBI:17792,MNXM6428,,,inchikey_unavailable,other_reactant,other_reactant,other_reactant,,,,not_registry_matched,not_assessable,False,1,1
yeast,s_4031,iron(3+),fe3,C14819,CHEBI:29034,MNXM196,,VTLYFUHAOXGGBS,ok,other_reactant,other_reactant,other_reactant,,,,not_registry_matched,not_assessable,False,1,1
yeast,s_4032,[protein]-L-lysine,pcollglys,C02188,CHEBI:29969,,,,inchikey_unavailable,other_reactant,other_reactant,other_reactant,,,,not_registry_matched,not_assessable,False,1,1
yeast,s_4034,Ala-Gln,ala_L_gln__L,,CHEBI:73788,MNXM40495,,HJCMDXDYPOUFDY,ok,other_reactant,other_reactant,other_reactant,,,,not_registry_matched,not_assessable,False,1,2
yeast,s_4037,Ala-Glu,LalaLglu,C20958,CHEBI:61396,MNXM4026,7006474,VYZAGTDAHUIRQA,ok,other_reactant,other_reactant,other_reactant,,,,not_registry_matched,not_assessable,False,1,2
yeast,s_4040,Ala-Thr,ala_L_Thr__L,,CHEBI:73762,MNXM40497,,BUQICHWNXBIBOG,ok,other_reactant,other_reactant,other_reactant,,,,not_registry_matched,not_assessable,False,1,2
yeast,s_4048,glycerol 1-phosphate,glyc1p,C03189,CHEBI:231935,MNXM682,,AWUCVROLDVIAJX,ok,other_reactant,other_reactant,other_reactant,,,,not_registry_matched,not_assessable,False,1,2
yeast,s_4050,Ala-His,ala_L_his__L,,CHEBI:73771,MNXM40496,,XZWXFWBHYRFLEF,ok,other_reactant,other_reactant,other_reactant,,,,not_registry_matched,not_assessable,False,1,2
yeast,s_4053,Gly-Asn,gly_asn__L,,CHEBI:73888,MNXM55268,,FUESBOMYALLFNI,ok,other_reactant,other_reactant,other_reactant,,,,not_registry_matched,not_assessable,False,1,2
yeast,s_4056,Gly-Gln,gly_gln__L,,CHEBI:73898,MNXM55276,,PNMUAGGSDZXTHX,ok,other_reactant,other_reactant,other_reactant,,,,not_registry_matched,not_assessable,False,1,2
yeast,s_4059,Gly-Glu,gly_glu__L,,CHEBI:73784,MNXM55454,,IEFJWDNGDZAYNZ,ok,other_reactant,other_reactant,other_reactant,,,,not_registry_matched,not_assessable,False,1,2
yeast,s_4085,Gly-Met,gly_met__L,,CHEBI:74393,MNXM55287,,PFMUCCYYAAFKTH,ok,other_reactant,other_reactant,other_reactant,,,,not_registry_matched,not_assessable,False,1,2
yeast,s_4094,"2',3'-cyclic GMP",23cgmp,C06194,CHEBI:60837,MNXM3149,135398728,UASRYODFRYWBRC,ok,other_reactant,other_reactant,other_reactant,,,,not_registry_matched,not_assessable,False,1,1
yeast,s_4098,triphosphate,pppi,C00536,CHEBI:18036,MNXM332,,UNXRWKVEANCORM,ok,other_reactant,other_reactant,other_reactant,,,,not_registry_matched,not_assessable,False,1,2
yeast,s_4102,"2',3'-cyclic UMP",23cump,C02355,CHEBI:60873,MNXM3150,439715,HWDMHJDYMFRXOX,ok,other_reactant,other_reactant,other_reactant,,,,not_registry_matched,not_assessable,False,1,1
yeast,s_4119,Ala-Asp,ala_L_asp__L,,CHEBI:74363,MNXM40494,,XAEWTDMGFGHWFK,ok,other_reactant,other_reactant,other_reactant,,,,not_registry_matched,not_assessable,False,1,2
yeast,s_4126,"2',3'-cyclic CMP",23ccmp,C02354,CHEBI:60877,MNXM3148,68934,NMPZCCZXCOMSDQ,ok,other_reactant,other_reactant,other_reactant,,,,not_registry_matched,not_assessable,False,1,1
yeast,s_4130,D-tagatose,tag__D,C00795,CHEBI:4249,MNXM92401,,BJHIKXHVCXFQLS,ok,other_reactant,other_reactant,other_reactant,,,,not_registry_matched,not_assessable,False,1,15
yeast,s_4131,turanose,,C19636,CHEBI:32528,MNXM161984,,RULSWEULPANCDV,ok,other_reactant,other_reactant,other_reactant,,,,not_registry_matched,not_assessable,False,1,2
yeast,s_4133,acetoacetate,acac,C00164,CHEBI:13705,MNXM154,10462221,YMXHTKKMLXGXDC,ok,other_reactant,other_reactant,other_reactant,,,,not_registry_matched,not_assessable,False,1,1
yeast,s_4140,alpha-maltotriose,malttr,C01835,CHEBI:61993,MNXM468,,RXVWSYJTUUKTEA,ok,other_reactant,other_reactant,other_reactant,,,,not_registry_matched,not_assessable,False,1,2
yeast,s_4143,Met-Ala,met_L_ala__L,,CHEBI:73610,MNXM61647,,JHKXZYLNVJRAAJ,ok,other_reactant,other_reactant,other_reactant,,,,not_registry_matched,not_assessable,False,1,2
yeast,s_4154,O-phosphoethanolamine,ethamp,C00346,CHEBI:58190,MNXM187,,SUHOOTKUPISOBE,ok,other_reactant,other_reactant,other_reactant,,,,not_registry_matched,not_assessable,False,1,1
yeast,s_4165,2-deoxy-D-ribose,drib,C08347,CHEBI:28816,MNXM2474,,ASJSAQIRZKANQN,ok,other_reactant,other_reactant,other_reactant,,,,not_registry_matched,not_assessable,False,1,2
yeast,s_4166,L-citrulline,citr__L,C00327,CHEBI:16349,MNXM211,9750,RHGKLRLOHDJJDR,ok,other_reactant,other_reactant,other_reactant,,,,not_registry_matched,not_assessable,False,1,1
yeast,s_4168,Ala-Leu,ala_L_ile__L,,CHEBI:73770,MNXM15786,,ZSOICJZJSRWNHX,ok,other_reactant,other_reactant,other_reactant,,,,not_registry_matched,not_assessable,False,1,2
yeast,s_4170,Ala-Gly,L_alagly,,CHEBI:73757,MNXM15783,,CXISPYVYMQWFLE,ok,other_reactant,other_reactant,other_reactant,,,,not_registry_matched,not_assessable,False,1,2
yeast,s_4182,2-hydroxyglutarate,2hog,C02630,CHEBI:11596,MNXM1210,,HWXBTNAVRSUOJR,ok,other_reactant,other_reactant,other_reactant,,,,not_registry_matched,not_assessable,False,1,2
yeast,s_4191,"(9Z,12Z)-octadecadienoate",lnlc,C01595,CHEBI:30245,MNXM293,,OYHQOLUKZRVURQ,ok,other_reactant,other_reactant,other_reactant,,,,not_registry_matched,not_assessable,False,1,4
yeast,s_4196,ATP,atp,C00002,CHEBI:30616,MNXM3,5957,ZKHQWZAMYRWXGA,ok,energy_nucleotide,energy_nucleotide,currency_or_cofactor,ATP,normalized_name;bigg_ids:atp;kegg_ids:c00002;chebi_ids:chebi:30616;metanetx_ids:mnxm3;pubchem_cids:5957;inchikey_connectivity:zkhqwzamyrwxga,normalized_name;bigg_ids;kegg_ids;chebi_ids;metanetx_ids;pubchem_cids;inchikey_connectivity,multiple_evidence_types,consistent,False,1,1
yeast,s_4199,Ca(2+),ca2,C00076,CHEBI:29108,MNXM128,271,BHPQYMZQTOCNFJ,ok,other_reactant,other_reactant,other_reactant,,,,not_registry_matched,not_assessable,False,1,1
yeast,s_4200,chloride,cl,C00698,CHEBI:17996,MNXM43,313,VEXZGXHMUGYJMC,ok,other_reactant,other_reactant,other_reactant,,,,not_registry_matched,not_assessable,False,1,1
yeast,s_4201,Cu2(+),cu2,C00070,CHEBI:29036,MNXM632,27099,JPVYNHNXODAKFH,ok,other_reactant,other_reactant,other_reactant,,,,not_registry_matched,not_assessable,False,1,1
yeast,s_4202,Mn(2+),mn2,C19610,CHEBI:29035,MNXM2255,,WAEMQWOKJMHJLA,ok,other_reactant,other_reactant,other_reactant,,,,not_registry_matched,not_assessable,False,1,1
yeast,s_4203,Zn(2+),zn2,C00038,CHEBI:29105,MNXM149,,PTFCDOFLOPIGGS,ok,other_reactant,other_reactant,other_reactant,,,,not_registry_matched,not_assessable,False,1,2
yeast,s_4204,Mg(2+),mg2,C00305,CHEBI:18420,MNXM653,,JLVVSXFLKOJNIY,ok,other_reactant,other_reactant,other_reactant,,,,not_registry_matched,not_assessable,False,1,2
yeast,s_4207,trans-4-hydroxy-L-proline,,C01157,CHEBI:18072,MNXM87584,,PMMYEEVYMWASQN,ok,other_reactant,other_reactant,other_reactant,,,,not_registry_matched,not_assessable,False,1,1
yeast,s_4209,Ferrocytochrome b5,,,,,,,missing_smiles,other_reactant,other_reactant,other_reactant,,,,not_registry_matched,not_assessable,False,1,1
yeast,s_4210,Ferricytochrome b5,,,,,,,missing_smiles,other_reactant,other_reactant,other_reactant,,,,not_registry_matched,not_assessable,False,1,2
yeast,s_4211,hexanoyl-CoA,,,,,,OEXFMSFODMQEPE,ok,carrier_linked_metabolite,carrier_linked_metabolite,carrier_linked_variable,,normalized_name:coa_linked,normalized_name,name_only,not_assessable,False,1,2
yeast,s_4213,octanoyl-CoA,,C01944,CHEBI:15533,,,KQMZYOXOBSXMII,ok,carrier_linked_metabolite,carrier_linked_metabolite,carrier_linked_variable,,normalized_name:coa_linked,normalized_name,name_only,not_assessable,False,1,2
yeast,s_4215,butanoyl-CoA,,C00136,CHEBI:57371,,122283,CRFNGMNYKDXRTN,ok,carrier_linked_metabolite,carrier_linked_metabolite,carrier_linked_variable,,normalized_name:coa_linked,normalized_name,name_only,not_assessable,False,1,2
yeast,s_4217,hexanol,,,CHEBI:87393,,,ZSIAUFGUXNUGDI,ok,other_reactant,other_reactant,other_reactant,,,,not_registry_matched,not_assessable,False,1,3
yeast,s_4219,decanoyl-CoA,,C05274,CHEBI:61430,,,CNKJPHSEFDPYDB,ok,carrier_linked_metabolite,carrier_linked_metabolite,carrier_linked_variable,,normalized_name:coa_linked,normalized_name,name_only,not_assessable,False,1,2
yeast,s_4232,propanal,,C00479,CHEBI:17153,,,NBBJYMSMWIIQGU,ok,other_reactant,other_reactant,other_reactant,,,,not_registry_matched,not_assessable,False,3,9
yeast,s_4233,propanol,,C05979,CHEBI:28831,,,BDERNNFJNOPAEC,ok,other_reactant,other_reactant,other_reactant,,,,not_registry_matched,not_assessable,False,1,3
yeast,s_4234,propanal,,C00479,CHEBI:17153,,,NBBJYMSMWIIQGU,ok,other_reactant,other_reactant,other_reactant,,,,not_registry_matched,not_assessable,False,1,2
yeast,s_4238,methional,,,CHEBI:49017,,,CLUWOWRTHNNBBU,ok,other_reactant,other_reactant,other_reactant,,,,not_registry_matched,not_assessable,False,2,6
yeast,s_4239,methionol,,,CHEBI:49019,,,CZUGFKJYCPYHHV,ok,other_reactant,other_reactant,other_reactant,,,,not_registry_matched,not_assessable,False,1,3
yeast,s_4240,methional,,,CHEBI:49017,,,CLUWOWRTHNNBBU,ok,other_reactant,other_reactant,other_reactant,,,,not_registry_matched,not_assessable,False,1,2
yeast,s_4244,(4-hydroxyphenyl)acetaldehyde,,,CHEBI:15621,,440113,IPRPPFIAVHPVJH,ok,other_reactant,other_reactant,other_reactant,,,,not_registry_matched,not_assessable,False,2,6
yeast,s_4245,tyrosol,,C06044,CHEBI:1879,,,YCCILVSKPBXVIP,ok,other_reactant,other_reactant,other_reactant,,,,not_registry_matched,not_assessable,False,1,3
yeast,s_4246,(4-hydroxyphenyl)acetaldehyde,,,CHEBI:15621,,440113,IPRPPFIAVHPVJH,ok,other_reactant,other_reactant,other_reactant,,,,not_registry_matched,not_assessable,False,1,2
yeast,s_4251,propionate,,C00163,CHEBI:30768,,,XBDQKXXYIPTUBI,ok,other_reactant,other_reactant,other_reactant,,,,not_registry_matched,not_assessable,False,1,4
yeast,s_4261,ethyl propionate,,,CHEBI:41330,,,FKRCODPIKNYEAC,ok,other_reactant,other_reactant,other_reactant,,,,not_registry_matched,not_assessable,False,1,2
yeast,s_4264,3-mercaptopyruvate,mercppyr,C00957,CHEBI:16208,MNXM1214,,OJOLFAIGOXZBCI,ok,other_reactant,other_reactant,other_reactant,,,,not_registry_matched,not_assessable,False,1,1
yeast,s_4265,alkanesulfonate,,C15521,CHEBI:62081,MNXM729199,,,inchikey_unavailable,other_reactant,other_reactant,other_reactant,,,,not_registry_matched,not_assessable,False,1,1
yeast,s_4266,alkanesulfonate,,C15521,CHEBI:62081,MNXM729199,,,inchikey_unavailable,other_reactant,other_reactant,other_reactant,,,,not_registry_matched,not_assessable,False,1,1
yeast,s_4268,taurocholate,tchola,C05122,CHEBI:28865,MNXM1104296,,WBWWGRHZICKQGZ,ok,other_reactant,other_reactant,other_reactant,,,,not_registry_matched,not_assessable,False,1,1
yeast,s_4282,2-methylbutyrate,,C18319,CHEBI:37070,MNXM9859,,WLAMNBDJUVNPJU,ok,other_reactant,other_reactant,other_reactant,,,,not_registry_matched,not_assessable,False,1,1
yeast,s_4285,isobutyrate,ibt,,CHEBI:48944,MNXM1137661,,KQNPFQTWMSNSAP,ok,other_reactant,other_reactant,other_reactant,,,,not_registry_matched,not_assessable,False,1,1
yeast,s_4290,polyphosphate,,C00404,CHEBI:16838,MNXM77738,,UNXRWKVEANCORM,ok,phosphate_currency,phosphate_currency,currency_or_cofactor,polyphosphate,normalized_name;kegg_ids:c00404;chebi_ids:chebi:16838;metanetx_ids:mnxm77738,normalized_name;kegg_ids;chebi_ids;metanetx_ids,multiple_evidence_types,not_assessable,False,1,2
yeast,s_4291,polyphosphate,,C00404,CHEBI:16838,MNXM77738,,UNXRWKVEANCORM,ok,phosphate_currency,phosphate_currency,currency_or_cofactor,polyphosphate,normalized_name;kegg_ids:c00404;chebi_ids:chebi:16838;metanetx_ids:mnxm77738,normalized_name;kegg_ids;chebi_ids;metanetx_ids,multiple_evidence_types,not_assessable,False,1,2
yeast,s_4292,polyphosphate,,C00404,CHEBI:16838,MNXM77738,,UNXRWKVEANCORM,ok,phosphate_currency,phosphate_currency,currency_or_cofactor,polyphosphate,normalized_name;kegg_ids:c00404;chebi_ids:chebi:16838;metanetx_ids:mnxm77738,normalized_name;kegg_ids;chebi_ids;metanetx_ids,multiple_evidence_types,not_assessable,False,1,2
yeast,s_4295,dimethylallyl phosphate,,C21214,CHEBI:1883,MNXM101100,,MQCJHQBRIPSIKA,ok,other_reactant,other_reactant,other_reactant,,,,not_registry_matched,not_assessable,False,1,1
yeast,s_4296,D-phenylalanine,,C02265,CHEBI:16998,MNXM2365,,COLNVLDHVKWLRT,ok,other_reactant,other_reactant,other_reactant,,,,not_registry_matched,not_assessable,False,1,2
yeast,s_4298,FMNH2,fmnh2,C01847,CHEBI:57618,MNXM208,,YTNIXZGTHTVJBW,ok,other_reactant,other_reactant,other_reactant,,,,not_registry_matched,not_assessable,False,1,1
yeast,s_4299,cadaverine,15dap,C01672,CHEBI:18127,MNXM943,273,VHRGRCVQAFMJIZ,ok,other_reactant,other_reactant,other_reactant,,,,not_registry_matched,not_assessable,False,1,2
yeast,s_4301,2-(2-carboxy-4-methylthiazol-5-yl)ethyl phosphate,,C20247,,MNXM4961,,XWECMAHAKFWYNV,ok,other_reactant,other_reactant,other_reactant,,,,not_registry_matched,not_assessable,False,1,1
yeast,s_4302,2-hydroxyglutarate,,C02630,CHEBI:11596,MNXM1210,,HWXBTNAVRSUOJR,ok,other_reactant,other_reactant,other_reactant,,,,not_registry_matched,not_assessable,False,1,2
yeast,s_4304,D-ribulose,,C00309,ChEBI:17173,MNXM41271,,ZAQJHHRNXZUBTE,ok,other_reactant,other_reactant,other_reactant,,,,not_registry_matched,not_assessable,False,1,1
yeast,s_4306,3-hydroxyisobutyryl-CoA,,C06000,CHEBI:28259,MNXM728564,9543037,QHHKKMYHDBRONY,ok,carrier_linked_metabolite,carrier_linked_metabolite,carrier_linked_variable,,normalized_name:coa_linked,normalized_name,name_only,not_assessable,False,1,1
yeast,s_4308,"meso-2,3-butanediol",,C20657,,MNXM9502,,OWBTYPJTUOEWEK,ok,other_reactant,other_reactant,other_reactant,,,,not_registry_matched,not_assessable,False,1,2
yeast,s_4310,5-methylcytosine,,C02376,ChEBI:27551,MNXM3509,,LRSASMSXMSNRBT,ok,other_reactant,other_reactant,other_reactant,,,,not_registry_matched,not_assessable,False,1,1
yeast,s_4314,IDP,idp,C00104,CHEBI:58280,MNXM495,,JPXZQMKKFWMMGK,ok,other_reactant,other_reactant,other_reactant,,,,not_registry_matched,not_assessable,False,1,1
yeast,s_4315,deamido-NAD(+),dnad,C00857,CHEBI:58437,MNXM309,,SENPVEZBRZQVST,ok,other_reactant,other_reactant,other_reactant,,,,not_registry_matched,not_assessable,False,1,1
yeast,s_4317,"P(1),P(3)-bis(5'-adenosyl) triphosphate",,C06197,CHEBI:27775,MNXM3683,,QCICUPZZLIQAPA,ok,other_reactant,other_reactant,other_reactant,,,,not_registry_matched,not_assessable,False,1,1
yeast,s_4319,dADP,dadp,C00206,CHEBI:57667,MNXM374,188966,DAEAPNUQQAICNR,ok,other_reactant,other_reactant,other_reactant,,,,not_registry_matched,not_assessable,False,1,1
yeast,s_4321,dGDP,dgdp,C00361,CHEBI:58595,MNXM436,,CIKGWCTVFSRMJU,ok,other_reactant,other_reactant,other_reactant,,,,not_registry_matched,not_assessable,False,1,1
yeast,s_4322,CDP,,C00112,CHEBI:58069,,6132,ZWIADYZPOWUWEW,ok,energy_nucleotide,energy_nucleotide,currency_or_cofactor,CDP,normalized_name;kegg_ids:c00112;chebi_ids:chebi:58069;pubchem_cids:6132;inchikey_connectivity:zwiadyzpowuwew,normalized_name;kegg_ids;chebi_ids;pubchem_cids;inchikey_connectivity,multiple_evidence_types,consistent,False,1,1
yeast,s_4323,dCDP,,C00705,CHEBI:58593,,150855,FTDHDKPUHBLBTL,ok,other_reactant,other_reactant,other_reactant,,,,not_registry_matched,not_assessable,False,1,1
yeast,s_4325,dTDP,,C00363,CHEBI:58369,,,UJLXYODCHAELLY,ok,other_reactant,other_reactant,other_reactant,,,,not_registry_matched,not_assessable,False,1,1
yeast,s_4327,dIDP,,C01344,CHEBI:28823,,,BKUSIKGSPSFQAC,ok,other_reactant,other_reactant,other_reactant,,,,not_registry_matched,not_assessable,False,1,1
yeast,s_4329,dUDP,,C01346,CHEBI:60471,,,QHWZTVCCBMIIKE,ok,other_reactant,other_reactant,other_reactant,,,,not_registry_matched,not_assessable,False,1,1
