category,check,status,observed,expected
release,benchmark version,PASS,1.2.0,1.2.0
release,artifact revision,PASS,1.2.0-r3,1.2.0-r3
release,schema version,PASS,1.2,1.2
release,canonical rows,PASS,1246,1246
release,E. coli rows,PASS,781,781
release,yeast rows,PASS,465,465
release,data freeze,PASS,2026-07-17,2026-07-17
release,artifact revision date,PASS,2026-08-07,2026-08-07
release,Release_info artifact revision,PASS,1.2.0-r3,1.2.0-r3
release,Release_info artifact revision date,PASS,2026-08-07,2026-08-07
release,current 1246-row revision history,PASS,"Rebuilt the canonical benchmark from all model-encoded reactants followed by experimental substrate matching, yielding 1246 rows while preserving all 978 previous entry IDs. Corrected quinate to the neutral PubChem CID 6508 structure and rejected numeric pseudo-SMILES before prediction input generation. Reclassified yeast-GEM participants with normalized names, external identifiers, and standardized parent structures instead of relying on s_XXXX model identifiers. Separated 606 currency/cofactor, 34 carrier-linked variable, and 606 other-reactant rows; role labels do not filter the benchmark. Defined the 1246-row complete resource as the primary coverage analysis and the 778-row substrate-supported set as the formal sensitivity analysis. Rebuilt PreTKcat as raw-public, exact-pair-excluded, and joint-near-neighbor-excluded variants; exact-excluded is primary. Completed the public-data DEKP reconstruction with valid structures and predictions for all 1246 benchmark rows. Recomputed all method metrics, paired and clustered inference, sensitivity analyses, training-proximity audits, and record-level provenance. Rebuilt Supplementary Data Table 0 as 14952 method-record rows and Table 0W as the 1246-row wide prediction matrix. Added Supplementary Table S24 for the three PreTKcat reconstruction policies. Rebuilt Figures 1-4 with 1246-row coverage, 1047-row paired reaction analyses, and robust substrate-role stratification on 778 supported rows. Displayed DEKP without an implementation suffix in figures while retaining public-retraining status in methods and tables. Rewrote Final benchmark filtering and provenance fields to separate candidate generation, experimental substrate support, chemical-role annotation, and method-specific inputs and outputs. Removed dated link-verification prose and retained timeless repository, Zenodo, licensing, and CKB reproducibility statements. Preserved author-supplied authorship, contribution, funding, acknowledgement, and correspondence text from the archived draft. Generated versioned v1.2.0 manuscript, workbook, tables, figures, and automated audit artifacts without overwriting the archived draft. Rebased the reviewed manuscript on the author-supplied 0806 V3 logic while refreshing all quantitative statements, tables, figures, and method-scope descriptions from v1.2.0 artifacts. Added strictly common reaction-set unique-pair and label-assignment equal-weight scopes to Supplementary Table S17 and expanded automated audits for their cluster counts and MAE values. Completed a submission-level independent numerical review against Table0W, Record_audit, S1, S6, and S17. Verified and standardized the bibliography with DOI and article-number metadata, and added citations for DeepGO-SE, the eQuilibrator compound database, and RDKit 2026.03.3. Replaced robust chemical-role wording with registry-defined wording to avoid implying manual reaction-specific biochemical validation. Made the manuscript release line report the artifact revision code as well as its date.",contains 1246
release,no obsolete 668-row revision scope,PASS,"Rebuilt the canonical benchmark from all model-encoded reactants followed by experimental substrate matching, yielding 1246 rows while preserving all 978 previous entry IDs. Corrected quinate to the neutral PubChem CID 6508 structure and rejected numeric pseudo-SMILES before prediction input generation. Reclassified yeast-GEM participants with normalized names, external identifiers, and standardized parent structures instead of relying on s_XXXX model identifiers. Separated 606 currency/cofactor, 34 carrier-linked variable, and 606 other-reactant rows; role labels do not filter the benchmark. Defined the 1246-row complete resource as the primary coverage analysis and the 778-row substrate-supported set as the formal sensitivity analysis. Rebuilt PreTKcat as raw-public, exact-pair-excluded, and joint-near-neighbor-excluded variants; exact-excluded is primary. Completed the public-data DEKP reconstruction with valid structures and predictions for all 1246 benchmark rows. Recomputed all method metrics, paired and clustered inference, sensitivity analyses, training-proximity audits, and record-level provenance. Rebuilt Supplementary Data Table 0 as 14952 method-record rows and Table 0W as the 1246-row wide prediction matrix. Added Supplementary Table S24 for the three PreTKcat reconstruction policies. Rebuilt Figures 1-4 with 1246-row coverage, 1047-row paired reaction analyses, and robust substrate-role stratification on 778 supported rows. Displayed DEKP without an implementation suffix in figures while retaining public-retraining status in methods and tables. Rewrote Final benchmark filtering and provenance fields to separate candidate generation, experimental substrate support, chemical-role annotation, and method-specific inputs and outputs. Removed dated link-verification prose and retained timeless repository, Zenodo, licensing, and CKB reproducibility statements. Preserved author-supplied authorship, contribution, funding, acknowledgement, and correspondence text from the archived draft. Generated versioned v1.2.0 manuscript, workbook, tables, figures, and automated audit artifacts without overwriting the archived draft. Rebased the reviewed manuscript on the author-supplied 0806 V3 logic while refreshing all quantitative statements, tables, figures, and method-scope descriptions from v1.2.0 artifacts. Added strictly common reaction-set unique-pair and label-assignment equal-weight scopes to Supplementary Table S17 and expanded automated audits for their cluster counts and MAE values. Completed a submission-level independent numerical review against Table0W, Record_audit, S1, S6, and S17. Verified and standardized the bibliography with DOI and article-number metadata, and added citations for DeepGO-SE, the eQuilibrator compound database, and RDKit 2026.03.3. Replaced robust chemical-role wording with registry-defined wording to avoid implying manual reaction-specific biochemical validation. Made the manuscript release line report the artifact revision code as well as its date.",no 668
release,no obsolete 310-row revision scope,PASS,"Rebuilt the canonical benchmark from all model-encoded reactants followed by experimental substrate matching, yielding 1246 rows while preserving all 978 previous entry IDs. Corrected quinate to the neutral PubChem CID 6508 structure and rejected numeric pseudo-SMILES before prediction input generation. Reclassified yeast-GEM participants with normalized names, external identifiers, and standardized parent structures instead of relying on s_XXXX model identifiers. Separated 606 currency/cofactor, 34 carrier-linked variable, and 606 other-reactant rows; role labels do not filter the benchmark. Defined the 1246-row complete resource as the primary coverage analysis and the 778-row substrate-supported set as the formal sensitivity analysis. Rebuilt PreTKcat as raw-public, exact-pair-excluded, and joint-near-neighbor-excluded variants; exact-excluded is primary. Completed the public-data DEKP reconstruction with valid structures and predictions for all 1246 benchmark rows. Recomputed all method metrics, paired and clustered inference, sensitivity analyses, training-proximity audits, and record-level provenance. Rebuilt Supplementary Data Table 0 as 14952 method-record rows and Table 0W as the 1246-row wide prediction matrix. Added Supplementary Table S24 for the three PreTKcat reconstruction policies. Rebuilt Figures 1-4 with 1246-row coverage, 1047-row paired reaction analyses, and robust substrate-role stratification on 778 supported rows. Displayed DEKP without an implementation suffix in figures while retaining public-retraining status in methods and tables. Rewrote Final benchmark filtering and provenance fields to separate candidate generation, experimental substrate support, chemical-role annotation, and method-specific inputs and outputs. Removed dated link-verification prose and retained timeless repository, Zenodo, licensing, and CKB reproducibility statements. Preserved author-supplied authorship, contribution, funding, acknowledgement, and correspondence text from the archived draft. Generated versioned v1.2.0 manuscript, workbook, tables, figures, and automated audit artifacts without overwriting the archived draft. Rebased the reviewed manuscript on the author-supplied 0806 V3 logic while refreshing all quantitative statements, tables, figures, and method-scope descriptions from v1.2.0 artifacts. Added strictly common reaction-set unique-pair and label-assignment equal-weight scopes to Supplementary Table S17 and expanded automated audits for their cluster counts and MAE values. Completed a submission-level independent numerical review against Table0W, Record_audit, S1, S6, and S17. Verified and standardized the bibliography with DOI and article-number metadata, and added citations for DeepGO-SE, the eQuilibrator compound database, and RDKit 2026.03.3. Replaced robust chemical-role wording with registry-defined wording to avoid implying manual reaction-specific biochemical validation. Made the manuscript release line report the artifact revision code as well as its date.",no 310
truth,canonical rows,PASS,1246,1246
truth,unique entry_id,PASS,1246,1246
truth,E. coli rows,PASS,781,781
truth,yeast rows,PASS,465,465
truth,missing SMILES,PASS,0,0
truth,numeric pseudo-SMILES,PASS,0,0
truth,RDKit-valid SMILES,PASS,1246,1246
truth,all-reactants candidate policy,PASS,"[""all_reactants_then_experimental_substrate_matching""]","[""all_reactants_then_experimental_substrate_matching""]"
truth,experimental substrate support counts,PASS,"{""participant_ambiguous"": 468, ""substrate_supported"": 778}","{""participant_ambiguous"": 468, ""substrate_supported"": 778}"
truth,chemical role counts,PASS,"{""carrier_linked_variable"": 34, ""currency_or_cofactor"": 606, ""other_reactant"": 606}","{""carrier_linked_variable"": 34, ""currency_or_cofactor"": 606, ""other_reactant"": 606}"
truth,yeast chemical role counts,PASS,"{""carrier_linked_variable"": 10, ""currency_or_cofactor"": 261, ""other_reactant"": 194}","{""carrier_linked_variable"": 10, ""currency_or_cofactor"": 261, ""other_reactant"": 194}"
truth,Quinate rows,PASS,1,1
truth,Quinate SMILES,PASS,C1[C@H](C([C@@H](CC1(C(=O)O)O)O)O)O,C1[C@H](C([C@@H](CC1(C(=O)O)O)O)O)O
truth,Quinate PubChem CID,PASS,6508,6508
truth,Quinate parent connectivity,PASS,AAWZDTNXLSGCEK,AAWZDTNXLSGCEK
truth,canonical SHA256,PASS,540561ebca641e1fce6776487487df8c3f62b5021a143f6ef4f097327878beda,540561ebca641e1fce6776487487df8c3f62b5021a143f6ef4f097327878beda
truth,experimental matched rows,PASS,1354,1354
truth,benchmark-ready truth rows,PASS,1246,1246
truth,benchmark-ready entry set,PASS,"[""ecoli|23PDE7pp|g1|23camp_p"", ""ecoli|3HCINNMH|g1|nadh_c"", ""ecoli|3HPPPNH|g1|nadh_c"", ""ecoli|3NTD2pp_num1|g1|h2o_p"", ""ecoli|3NTD2pp_num2|g1|h2o_p"", ""ecoli|3NTD4pp_num1|g1|3cmp_p"", ""ecoli|3NTD4pp_num1|g1|h2o_p"", ""ecoli|3NTD4pp_num2|g1|3cmp_p"", ""ecoli|3NTD4pp_num2|g1|h2o_p"", ""ecoli|3NTD4pp_num3|g1|3cmp_p"", ""ecoli|3NTD4pp_num3|g1|h2o_p"", ""ecoli|3NTD7pp_num1|g1|3amp_p"", ""ecoli|3NTD7pp_num1|g1|h2o_p"", ""ecoli|3NTD7pp_num2|g1|3amp_p"", ""ecoli|3NTD7pp_num2|g1|h2o_p"", ""ecoli|3NTD9pp_num1|g1|h2o_p"", ""ecoli|3NTD9pp_num2|g1|h2o_p"", ""ecoli|3OAR100|g1|nadph_c"", ""ecoli|3OAR120|g1|nadph_c"", ""ecoli|3OAR121|g1|nadph_c"", ""ecoli|3OAR140|g1|nadph_c"", ""ecoli|3OAR141|g1|nadph_c"", ""ecoli|3OAR160|g1|nadph_c"", ""ecoli|3OAR161|g1|nadph_c"", ""ecoli|3OAR180|g1|nadph_c"", ""ecoli|3OAR181|g1|nadph_c"", ""ecoli|3OAR40|g1|nadph_c"", ""ecoli|3OAR60|g1|nadph_c"", ""ecoli|3OAR80|g1|nadph_c"", ""ecoli|3OAS121|g1|malACP_c"", ""ecoli|3OAS141|g1|malACP_c"", ""ecoli|3OAS161|g1|malACP_c"", ""ecoli|3OAS180_num1|g1|malACP_c"", ""ecoli|3OAS180_num2|g1|malACP_c"", ""ecoli|3OAS181|g1|malACP_c"", ""ecoli|3OXCOAT|g1|coa_c"", ""ecoli|A5PISO_num1|g1|ru5p__D_c"", ""ecoli|A5PISO_num2|g1|ru5p__D_c"", ""ecoli|AB6PGH_num1|g1|h2o_c"", ""ecoli|AB6PGH_num2|g1|h2o_c"", ""ecoli|AB6PGH_num3|g1|h2o_c"", ""ecoli|ABTA_num1|g1|4abut_c"", ""ecoli|ABTA_num1|g1|akg_c"", ""ecoli|ABTA_num2|g1|4abut_c"", ""ecoli|ABTA_num2|g1|akg_c"", ""ecoli|ABUTD|g1|4abutn_c"", ""ecoli|ABUTD|g1|h2o_c"", ""ecoli|ABUTD|g1|nad_c"", ""ecoli|ACACT1r_num1|g1|accoa_c"", ""ecoli|ACACT1r_num2|g1|accoa_c"", ""ecoli|ACACT1r_num3|g1|accoa_c"", ""ecoli|ACACT2r_num1|g1|accoa_c"", ""ecoli|ACACT2r_num2|g1|accoa_c"", ""ecoli|ACACT3r_num1|g1|accoa_c"", ""ecoli|ACACT3r_num2|g1|accoa_c"", ""ecoli|ACACT4r_num1|g1|accoa_c"", ""ecoli|ACACT4r_num2|g1|accoa_c"", ""ecoli|ACACT5r_num1|g1|accoa_c"", ""ecoli|ACACT5r_num2|g1|accoa_c"", ""ecoli|ACACT6r_num1|g1|accoa_c"", ""ecoli|ACACT6r_num2|g1|accoa_c"", ""ecoli|ACACT7r_num1|g1|accoa_c"", ""ecoli|ACACT7r_num2|g1|accoa_c"", ""ecoli|ACALD_num1|g1|acald_c"", ""ecoli|ACALD_num2|g1|acald_c"", ""ecoli|ACGAMK|g1|atp_c"", ""ecoli|ACKr_num1|g1|ac_c"", ""ecoli|ACKr_num1|g1|atp_c"", ""ecoli|ACKr_num2|g1|ac_c"", ""ecoli|ACKr_num2|g1|atp_c"", ""ecoli|ACKr_num3|g1|ac_c"", ""ecoli|ACKr_num3|g1|atp_c"", ""ecoli|ACM6PH|g1|acmum6p_c"", ""ecoli|ACNML|g1|acnam_c"", ""ecoli|ACODA|g1|acorn_c"", ""ecoli|ACODA|g1|h2o_c"", ""ecoli|ACP1_FMN_num1|g1|fmn_c"", ""ecoli|ACP1_FMN_num2|g1|fmn_c"", ""ecoli|ACP1_FMN_num3|g1|fmn_c"", ""ecoli|ACPS1_num1|g1|coa_c"", ""ecoli|ACPS1_num2|g1|coa_c"", ""ecoli|ACS|g1|ac_c"", ""ecoli|ACS|g1|atp_c"", ""ecoli|ADD|g1|ade_c"", ""ecoli|ADNCYC|g1|atp_c"", ""ecoli|ADNUC|g1|adn_c"", ""ecoli|ADPRDP_num1|g1|adprib_c"", ""ecoli|ADPRDP_num2|g1|adprib_c"", ""ecoli|ADPT|g1|ade_c"", ""ecoli|ADSK|g1|aps_c"", ""ecoli|ADSS|g1|asp__L_c"", ""ecoli|ADSS|g1|gtp_c"", ""ecoli|ADSS|g1|imp_c"", ""ecoli|AGDC|g1|acgam6p_c"", ""ecoli|AGMT|g1|agm_c"", ""ecoli|AHCYSNS|g1|ahcys_c"", ""ecoli|AHCYSNS|g1|h2o_c"", ""ecoli|AHGDx|g1|S2hglut_c"", ""ecoli|AHGDx|g1|nad_c"", ""ecoli|AICART|g1|10fthf_c"", ""ecoli|AICART|g1|aicar_c"", ""ecoli|AIRC2|g1|atp_c"", ""ecoli|AIRC3|g1|5aizc_c"", ""ecoli|ALAALAr_num1|g1|ala__D_c"", ""ecoli|ALAALAr_num2|g1|ala__D_c"", ""ecoli|ALAGLUE|g1|LalaDglu_c"", ""ecoli|ALAR_num1|g1|ala__L_c"", ""ecoli|ALAR_num2|g1|ala__L_c"", ""ecoli|ALDD19xr|g1|nad_c"", ""ecoli|ALDD19xr|g1|pacald_c"", ""ecoli|ALLK|g1|all__D_c"", ""ecoli|ALLK|g1|atp_c"", ""ecoli|ALLTN|g1|h2o_c"", ""ecoli|AMANK|g1|acmana_c"", ""ecoli|AMANK|g1|atp_c"", ""ecoli|AMAOTr|g1|8aonn_c"", ""ecoli|AMAOTr|g1|amet_c"", ""ecoli|AMPTASECG_num1|g1|cgly_c"", ""ecoli|AMPTASECG_num1|g1|h2o_c"", ""ecoli|AMPTASECG_num2|g1|cgly_c"", ""ecoli|AMPTASECG_num2|g1|h2o_c"", ""ecoli|AMPTASECG_num3|g1|cgly_c"", ""ecoli|AMPTASECG_num3|g1|h2o_c"", ""ecoli|AMPTASECG_num4|g1|cgly_c"", ""ecoli|AMPTASECG_num4|g1|h2o_c"", ""ecoli|ANPRT|g1|anth_c"", ""ecoli|ANPRT|g1|prpp_c"", ""ecoli|AOXSr2|g1|ala__L_c"", ""ecoli|AP4AH|g1|ap4a_c"", ""ecoli|AP5AH|g1|ap5a_c"", ""ecoli|APCS|g1|ametam_c"", ""ecoli|APRAUR|g1|5apru_c"", ""ecoli|APRAUR|g1|h_c"", ""ecoli|APRAUR|g1|nadph_c"", ""ecoli|ASAD|g1|aspsa_c"", ""ecoli|ASAD|g1|nadp_c"", ""ecoli|ASAD|g1|pi_c"", ""ecoli|ASNN_num1|g1|asn__L_c"", ""ecoli|ASNN_num1|g1|h2o_c"", ""ecoli|ASNN_num2|g1|asn__L_c"", ""ecoli|ASNN_num2|g1|h2o_c"", ""ecoli|ASNNpp|g1|asn__L_p"", ""ecoli|ASNNpp|g1|h2o_p"", ""ecoli|ASNS1|g1|asp__L_c"", ""ecoli|ASNS1|g1|atp_c"", ""ecoli|ASNS1|g1|gln__L_c"", ""ecoli|ASNS2_num1|g1|asp__L_c"", ""ecoli|ASNS2_num1|g1|atp_c"", ""ecoli|ASNS2_num1|g1|nh4_c"", ""ecoli|ASNS2_num2|g1|asp__L_c"", ""ecoli|ASNS2_num2|g1|atp_c"", ""ecoli|ASNS2_num2|g1|nh4_c"", ""ecoli|ASP1DC|g1|asp__L_c"", ""ecoli|ASPCT_num2|g1|asp__L_c"", ""ecoli|ASPK_num1|g1|asp__L_c"", ""ecoli|ASPK_num1|g1|atp_c"", ""ecoli|ASPK_num2|g1|asp__L_c"", ""ecoli|ASPK_num2|g1|atp_c"", ""ecoli|ASPK_num3|g1|asp__L_c"", ""ecoli|ASPK_num3|g1|atp_c"", ""ecoli|ASPO6|g1|asp__L_c"", ""ecoli|ASPTA_num1|g1|akg_c"", ""ecoli|ASPTA_num1|g1|asp__L_c"", ""ecoli|ASPTA_num2|g1|akg_c"", ""ecoli|ASPTA_num2|g1|asp__L_c"", ""ecoli|ASPT|g1|asp__L_c"", ""ecoli|ATHRDHr|g1|athr__L_c"", ""ecoli|BPNT|g1|pap_c"", ""ecoli|CAT_num1|g1|h2o2_c"", ""ecoli|CAT_num2|g1|h2o2_c"", ""ecoli|CDGR|g1|nadph_c"", ""ecoli|CDGR|g1|preq0_c"", ""ecoli|CFAS160E|g1|amet_c"", ""ecoli|CFAS160G|g1|amet_c"", ""ecoli|CFAS180E|g1|amet_c"", ""ecoli|CFAS180G|g1|amet_c"", ""ecoli|CHORM_num1|g1|chor_c"", ""ecoli|CHORM_num2|g1|chor_c"", ""ecoli|CHRPL_num1|g1|chor_c"", ""ecoli|CHRPL_num2|g1|chor_c"", ""ecoli|CPPPGO|g1|cpppg3_c"", ""ecoli|CSND|g1|csn_c"", ""ecoli|CS|g1|accoa_c"", ""ecoli|CS|g1|oaa_c"", ""ecoli|CTPS2|g1|atp_c"", ""ecoli|CTPS2|g1|gln__L_c"", ""ecoli|CTPS2|g1|utp_c"", ""ecoli|CYANST_num1|g1|cyan_c"", ""ecoli|CYANST_num1|g1|tsul_c"", ""ecoli|CYANST_num2|g1|cyan_c"", ""ecoli|CYANST_num2|g1|tsul_c"", ""ecoli|CYANST_num3|g1|cyan_c"", ""ecoli|CYANST_num3|g1|tsul_c"", ""ecoli|CYANSTpp|g1|cyan_p"", ""ecoli|CYANSTpp|g1|tsul_p"", ""ecoli|CYSDDS|g1|cys__D_c"", ""ecoli|CYSS_num1|g1|acser_c"", ""ecoli|CYSS_num1|g1|h2s_c"", ""ecoli|CYSS_num2|g1|acser_c"", ""ecoli|CYSS_num2|g1|h2s_c"", ""ecoli|CYSTA|g1|akg_c"", ""ecoli|CYSTA|g1|cys__L_c"", ""ecoli|CYTDH_num1|g1|cytd_c"", ""ecoli|CYTDH_num2|g1|cytd_c"", ""ecoli|CYTDH_num3|g1|cytd_c"", ""ecoli|CYTK1|g1|atp_c"", ""ecoli|CYTK1|g1|cmp_c"", ""ecoli|CYTK2|g1|atp_c"", ""ecoli|CYTK2|g1|dcmp_c"", ""ecoli|DAPAL|g1|23dappa_c"", ""ecoli|DAPDC|g1|26dap__M_c"", ""ecoli|DBTS|g1|atp_c"", ""ecoli|DCTPD|g1|dctp_c"", ""ecoli|DDPA_num1|g1|e4p_c"", ""ecoli|DDPA_num1|g1|pep_c"", ""ecoli|DDPA_num2|g1|e4p_c"", ""ecoli|DDPA_num2|g1|pep_c"", ""ecoli|DDPA_num3|g1|e4p_c"", ""ecoli|DDPA_num3|g1|pep_c"", ""ecoli|DHFR_num1|g1|dhf_c"", ""ecoli|DHFR_num1|g1|nadph_c"", ""ecoli|DHFR_num2|g1|dhf_c"", ""ecoli|DHFR_num2|g1|nadph_c"", ""ecoli|DHNPA2r|g1|dhnpt_c"", ""ecoli|DHPPDA2|g1|25drapp_c"", ""ecoli|DHPPDA2|g1|h2o_c"", ""ecoli|DHQS|g1|2dda7p_c"", ""ecoli|DHQTi|g1|3dhq_c"", ""ecoli|DKGLCNR2y|g1|h_c"", ""ecoli|DKGLCNR2y|g1|nadph_c"", ""ecoli|DNTPPA_num1|g1|ahdt_c"", ""ecoli|DNTPPA_num2|g1|ahdt_c"", ""ecoli|DPR_num1|g1|2dhp_c"", ""ecoli|DPR_num1|g1|h_c"", ""ecoli|DPR_num1|g1|nadph_c"", ""ecoli|DPR_num2|g1|2dhp_c"", ""ecoli|DPR_num2|g1|h_c"", ""ecoli|DPR_num2|g1|nadph_c"", ""ecoli|DRPA|g1|2dr5p_c"", ""ecoli|DURIPP_num1|g1|duri_c"", ""ecoli|DURIPP_num1|g1|pi_c"", ""ecoli|DURIPP_num2|g1|duri_c"", ""ecoli|DURIPP_num2|g1|pi_c"", ""ecoli|DUTPDP_num1|g1|dutp_c"", ""ecoli|DUTPDP_num2|g1|dutp_c"", ""ecoli|DXPRIi|g1|dxyl5p_c"", ""ecoli|DXPS|g1|g3p_c"", ""ecoli|DXPS|g1|pyr_c"", ""ecoli|E4PD_num1|g1|e4p_c"", ""ecoli|E4PD_num1|g1|nad_c"", ""ecoli|E4PD_num2|g1|e4p_c"", ""ecoli|E4PD_num2|g1|nad_c"", ""ecoli|EDA|g1|2ddg6p_c"", ""ecoli|FACOAE100|g1|h2o_c"", ""ecoli|FACOAE120|g1|ddcacoa_c"", ""ecoli|FACOAE120|g1|h2o_c"", ""ecoli|FACOAE140|g1|h2o_c"", ""ecoli|FACOAE160|g1|h2o_c"", ""ecoli|FACOAE180|g1|h2o_c"", ""ecoli|FADRx|g1|fad_c"", ""ecoli|FADRx|g1|nadh_c"", ""ecoli|FBA_num1|g1|fdp_c"", ""ecoli|FBA_num2|g1|fdp_c"", ""ecoli|FBP_num1|g1|fdp_c"", ""ecoli|FBP_num2|g1|fdp_c"", ""ecoli|FBP_num3|g1|fdp_c"", ""ecoli|FBP_num4|g1|fdp_c"", ""ecoli|FCLPA_num1|g1|fc1p_c"", ""ecoli|FCLPA_num2|g1|fc1p_c"", ""ecoli|FEROpp_num1|g1|fe2_p"", ""ecoli|FEROpp_num2|g1|fe2_p"", ""ecoli|FLVRx|g1|nadh_c"", ""ecoli|FMNRx2_num1|g1|fmn_c"", ""ecoli|FMNRx2_num1|g1|nadph_c"", ""ecoli|FMNRx2_num2|g1|fmn_c"", ""ecoli|FMNRx2_num2|g1|nadph_c"", ""ecoli|FMNRx2_num3|g1|fmn_c"", ""ecoli|FMNRx2_num3|g1|nadph_c"", ""ecoli|FMNRx_num1|g1|nadh_c"", ""ecoli|FMNRx_num2|g1|nadh_c"", ""ecoli|FUM_num1|g1|fum_c"", ""ecoli|FUM_num2|g1|fum_c"", ""ecoli|FUM_num3|g1|fum_c"", ""ecoli|G1PP_num1|g1|g1p_c"", ""ecoli|G1PP_num2|g1|g1p_c"", ""ecoli|G1PP_num3|g1|g1p_c"", ""ecoli|G1PPpp_num1|g1|g1p_p"", ""ecoli|G1PPpp_num2|g1|g1p_p"", ""ecoli|G6PDA|g1|gam6p_c"", ""ecoli|G6PDH2r|g1|nadp_c"", ""ecoli|GALCTD|g1|galct__D_c"", ""ecoli|GF6PTA|g1|f6p_c"", ""ecoli|GF6PTA|g1|gln__L_c"", ""ecoli|GGPTRCS|g1|ptrc_c"", ""ecoli|GHMT2r|g1|ser__L_c"", ""ecoli|GHMT2r|g1|thf_c"", ""ecoli|GK1|g1|gmp_c"", ""ecoli|GLCRAL|g1|5dh4dglc_c"", ""ecoli|GLCRD_num1|g1|glcr_c"", ""ecoli|GLCRD_num2|g1|glcr_c"", ""ecoli|GLGC|g1|atp_c"", ""ecoli|GLNS|g1|atp_c"", ""ecoli|GLNS|g1|glu__L_c"", ""ecoli|GLUCYS|g1|atp_c"", ""ecoli|GLUCYS|g1|cys__L_c"", ""ecoli|GLUCYS|g1|glu__L_c"", ""ecoli|GLUDC_num1|g1|glu__L_c"", ""ecoli|GLUDC_num2|g1|glu__L_c"", ""ecoli|GLUDy|g1|glu__L_c"", ""ecoli|GLUDy|g1|nadp_c"", ""ecoli|GLUN_num1|g1|gln__L_c"", ""ecoli|GLUN_num2|g1|gln__L_c"", ""ecoli|GLUNpp|g1|gln__L_p"", ""ecoli|GLUR|g1|glu__D_c"", ""ecoli|GLUTRR|g1|nadph_c"", ""ecoli|GLUTRS|g1|atp_c"", ""ecoli|GLUTRS|g1|glu__L_c"", ""ecoli|GLXCL|g1|glx_c"", ""ecoli|GLYAT|g1|gly_c"", ""ecoli|GLYCK2|g1|atp_c"", ""ecoli|GLYCK2|g1|glyc__R_c"", ""ecoli|GLYCK|g1|glyc__R_c"", ""ecoli|GLYOX3|g1|mthgxl_c"", ""ecoli|GMAND|g1|gdpmann_c"", ""ecoli|GMPR|g1|gmp_c"", ""ecoli|GMPS2|g1|gln__L_c"", ""ecoli|GMPS2|g1|xmp_c"", ""ecoli|GMPS|g1|xmp_c"", ""ecoli|GPDDA1pp|g1|g3pc_p"", ""ecoli|GPDDA1|g1|g3pc_c"", ""ecoli|GPDDA2pp|g1|g3pe_p"", ""ecoli|GPDDA2|g1|g3pe_c"", ""ecoli|GPDDA3pp|g1|g3ps_p"", ""ecoli|GPDDA3|g1|g3ps_c"", ""ecoli|GPDDA4pp|g1|g3pg_p"", ""ecoli|GPDDA4|g1|g3pg_c"", ""ecoli|GSPMDA|g1|gtspmd_c"", ""ecoli|GTHOr|g1|gthox_c"", ""ecoli|GTPCII2|g1|gtp_c"", ""ecoli|GTPDPDP|g1|gdptp_c"", ""ecoli|GUAD|g1|gua_c"", ""ecoli|GUAPRT_num1|g1|gua_c"", ""ecoli|GUAPRT_num1|g1|prpp_c"", ""ecoli|GUAPRT_num2|g1|gua_c"", ""ecoli|GUAPRT_num2|g1|prpp_c"", ""ecoli|GUI1|g1|glcur_c"", ""ecoli|HACD1_num1|g1|aacoa_c"", ""ecoli|HACD1_num1|g1|h_c"", ""ecoli|HACD1_num1|g1|nadh_c"", ""ecoli|HACD1_num2|g1|aacoa_c"", ""ecoli|HACD1_num2|g1|h_c"", ""ecoli|HACD1_num2|g1|nadh_c"", ""ecoli|HACD2_num1|g1|h_c"", ""ecoli|HACD2_num1|g1|nadh_c"", ""ecoli|HACD2_num2|g1|h_c"", ""ecoli|HACD2_num2|g1|nadh_c"", ""ecoli|HACD3_num1|g1|h_c"", ""ecoli|HACD3_num1|g1|nadh_c"", ""ecoli|HACD3_num2|g1|h_c"", ""ecoli|HACD3_num2|g1|nadh_c"", ""ecoli|HACD4_num1|g1|h_c"", ""ecoli|HACD4_num1|g1|nadh_c"", ""ecoli|HACD4_num2|g1|h_c"", ""ecoli|HACD4_num2|g1|nadh_c"", ""ecoli|HACD5_num1|g1|h_c"", ""ecoli|HACD5_num1|g1|nadh_c"", ""ecoli|HACD5_num2|g1|h_c"", ""ecoli|HACD5_num2|g1|nadh_c"", ""ecoli|HACD6_num1|g1|h_c"", ""ecoli|HACD6_num1|g1|nadh_c"", ""ecoli|HACD6_num2|g1|h_c"", ""ecoli|HACD6_num2|g1|nadh_c"", ""ecoli|HACD7_num1|g1|h_c"", ""ecoli|HACD7_num1|g1|nadh_c"", ""ecoli|HACD7_num2|g1|h_c"", ""ecoli|HACD7_num2|g1|nadh_c"", ""ecoli|HACD8_num1|g1|h_c"", ""ecoli|HACD8_num1|g1|nadh_c"", ""ecoli|HACD8_num2|g1|h_c"", ""ecoli|HACD8_num2|g1|nadh_c"", ""ecoli|HADPCOADH3|g1|nad_c"", ""ecoli|HCO3E_num1|g1|co2_c"", ""ecoli|HCO3E_num2|g1|co2_c"", ""ecoli|HCYSMT2|g1|hcys__L_c"", ""ecoli|HCYSMT|g1|hcys__L_c"", ""ecoli|HEX1|g1|glc__D_c"", ""ecoli|HISTP|g1|hisp_c"", ""ecoli|HMPK1_num1|g1|4ahmmp_c"", ""ecoli|HMPK1_num1|g1|atp_c"", ""ecoli|HMPK1_num2|g1|4ahmmp_c"", ""ecoli|HMPK1_num2|g1|atp_c"", ""ecoli|HPPPNDO|g1|dhpppn_c"", ""ecoli|HSDy_num1|g1|hom__L_c"", ""ecoli|HSDy_num2|g1|hom__L_c"", ""ecoli|HSK|g1|hom__L_c"", ""ecoli|HSST|g1|hom__L_c"", ""ecoli|HSST|g1|succoa_c"", ""ecoli|ICDHyr|g1|icit_c"", ""ecoli|ICDHyr|g1|nadp_c"", ""ecoli|ICHORS_copy1|g1|chor_c"", ""ecoli|ICHORS_copy2|g1|chor_c"", ""ecoli|ICHORT|g1|ichor_c"", ""ecoli|IGPS|g1|2cpr5p_c"", ""ecoli|ILETA|g1|ile__L_c"", ""ecoli|IMPD|g1|imp_c"", ""ecoli|INSH|g1|ins_c"", ""ecoli|IPMD_num1|g1|3c2hmp_c"", ""ecoli|IPMD_num1|g1|nad_c"", ""ecoli|IPMD_num2|g1|3c2hmp_c"", ""ecoli|IPMD_num2|g1|nad_c"", ""ecoli|KARA1|g1|23dhmb_c"", ""ecoli|KARA1|g1|nadp_c"", ""ecoli|KARA2|g1|h_c"", ""ecoli|KARA2|g1|nadph_c"", ""ecoli|KAS14_num1|g1|malACP_c"", ""ecoli|KAS14_num2|g1|malACP_c"", ""ecoli|KDOPS|g1|ara5p_c"", ""ecoli|KDOPS|g1|h2o_c"", ""ecoli|KDOPS|g1|pep_c"", ""ecoli|KG6PDC_num1|g1|3dhgulnp_c"", ""ecoli|KG6PDC_num1|g1|h_c"", ""ecoli|KG6PDC_num2|g1|3dhgulnp_c"", ""ecoli|KG6PDC_num2|g1|h_c"", ""ecoli|LCADi|g1|lald__L_c"", ""ecoli|LEUTAi_num1|g1|4mop_c"", ""ecoli|LEUTAi_num2|g1|4mop_c"", ""ecoli|LIPATPT|g1|atp_c"", ""ecoli|LSERDHr|g1|ser__L_c"", ""ecoli|LYSAM|g1|lys__L_c"", ""ecoli|LYSDC_num1|g1|lys__L_c"", ""ecoli|LYSDC_num2|g1|lys__L_c"", ""ecoli|MALS_num1|g1|glx_c"", ""ecoli|MALS_num2|g1|glx_c"", ""ecoli|MCITD|g1|2mcit_c"", ""ecoli|MCITL2|g1|micit_c"", ""ecoli|MCPST|g1|mercppyr_c"", ""ecoli|ME1|g1|mal__L_c"", ""ecoli|ME1|g1|nad_c"", ""ecoli|ME2|g1|nadp_c"", ""ecoli|MECDPS|g1|2p4c2me_c"", ""ecoli|MEPCT|g1|2me4p_c"", ""ecoli|MEPCT|g1|ctp_c"", ""ecoli|METAT|g1|atp_c"", ""ecoli|METAT|g1|met__L_c"", ""ecoli|MGSA|g1|dhap_c"", ""ecoli|MI1PP|g1|mi1p__D_c"", ""ecoli|MNNH|g1|mana_c"", ""ecoli|MTAN|g1|5mta_c"", ""ecoli|MTAN|g1|h2o_c"", ""ecoli|MTHFC|g1|methf_c"", ""ecoli|MTHFD|g1|nadp_c"", ""ecoli|MTHFR2|g1|nadh_c"", ""ecoli|NADDP_num1|g1|nad_c"", ""ecoli|NADDP_num2|g1|nad_c"", ""ecoli|NADK|g1|atp_c"", ""ecoli|NADK|g1|nad_c"", ""ecoli|NADTRHD|g1|nadph_c"", ""ecoli|NMNDA|g1|nmn_c"", ""ecoli|NNATr|g1|nicrnt_c"", ""ecoli|NODOx|g1|nadh_c"", ""ecoli|NODOx|g1|no_c"", ""ecoli|NODOy|g1|no_c"", ""ecoli|NTD10pp_num1|g1|h2o_p"", ""ecoli|NTD10pp_num2|g1|h2o_p"", ""ecoli|NTD10|g1|h2o_c"", ""ecoli|NTD11_num1|g1|h2o_c"", ""ecoli|NTD11_num2|g1|h2o_c"", ""ecoli|NTD11pp_num1|g1|h2o_p"", ""ecoli|NTD11pp_num2|g1|h2o_p"", ""ecoli|NTD1_num1|g1|dump_c"", ""ecoli|NTD1_num1|g1|h2o_c"", ""ecoli|NTD1_num2|g1|dump_c"", ""ecoli|NTD1_num2|g1|h2o_c"", ""ecoli|NTD1_num3|g1|dump_c"", ""ecoli|NTD1_num3|g1|h2o_c"", ""ecoli|NTD1_num4|g1|dump_c"", ""ecoli|NTD1_num4|g1|h2o_c"", ""ecoli|NTD1pp_num1|g1|dump_p"", ""ecoli|NTD1pp_num1|g1|h2o_p"", ""ecoli|NTD1pp_num2|g1|dump_p"", ""ecoli|NTD1pp_num2|g1|h2o_p"", ""ecoli|NTD2_num1|g1|h2o_c"", ""ecoli|NTD2_num1|g1|ump_c"", ""ecoli|NTD2_num2|g1|h2o_c"", ""ecoli|NTD2_num2|g1|ump_c"", ""ecoli|NTD2_num3|g1|h2o_c"", ""ecoli|NTD2_num3|g1|ump_c"", ""ecoli|NTD2pp_num1|g1|h2o_p"", ""ecoli|NTD2pp_num1|g1|ump_p"", ""ecoli|NTD2pp_num2|g1|h2o_p"", ""ecoli|NTD2pp_num2|g1|ump_p"", ""ecoli|NTD2pp_num3|g1|h2o_p"", ""ecoli|NTD2pp_num3|g1|ump_p"", ""ecoli|NTD3_num1|g1|dcmp_c"", ""ecoli|NTD3_num1|g1|h2o_c"", ""ecoli|NTD3_num2|g1|dcmp_c"", ""ecoli|NTD3_num2|g1|h2o_c"", ""ecoli|NTD3_num3|g1|dcmp_c"", ""ecoli|NTD3_num3|g1|h2o_c"", ""ecoli|NTD3pp_num1|g1|dcmp_p"", ""ecoli|NTD3pp_num1|g1|h2o_p"", ""ecoli|NTD3pp_num2|g1|dcmp_p"", ""ecoli|NTD3pp_num2|g1|h2o_p"", ""ecoli|NTD4_num1|g1|h2o_c"", ""ecoli|NTD4_num2|g1|h2o_c"", ""ecoli|NTD4pp_num1|g1|h2o_p"", ""ecoli|NTD4pp_num2|g1|h2o_p"", ""ecoli|NTD4pp_num3|g1|h2o_p"", ""ecoli|NTD5_num1|g1|dtmp_c"", ""ecoli|NTD5_num1|g1|h2o_c"", ""ecoli|NTD5_num2|g1|dtmp_c"", ""ecoli|NTD5_num2|g1|h2o_c"", ""ecoli|NTD5_num3|g1|dtmp_c"", ""ecoli|NTD5_num3|g1|h2o_c"", ""ecoli|NTD5_num4|g1|dtmp_c"", ""ecoli|NTD5_num4|g1|h2o_c"", ""ecoli|NTD5pp_num1|g1|dtmp_p"", ""ecoli|NTD5pp_num1|g1|h2o_p"", ""ecoli|NTD5pp_num2|g1|dtmp_p"", ""ecoli|NTD5pp_num2|g1|h2o_p"", ""ecoli|NTD6_num1|g1|damp_c"", ""ecoli|NTD6_num1|g1|h2o_c"", ""ecoli|NTD6_num2|g1|damp_c"", ""ecoli|NTD6_num2|g1|h2o_c"", ""ecoli|NTD6_num3|g1|damp_c"", ""ecoli|NTD6_num3|g1|h2o_c"", ""ecoli|NTD6pp_num1|g1|damp_p"", ""ecoli|NTD6pp_num1|g1|h2o_p"", ""ecoli|NTD6pp_num2|g1|damp_p"", ""ecoli|NTD6pp_num2|g1|h2o_p"", ""ecoli|NTD7_num1|g1|amp_c"", ""ecoli|NTD7_num1|g1|h2o_c"", ""ecoli|NTD7_num2|g1|amp_c"", ""ecoli|NTD7_num2|g1|h2o_c"", ""ecoli|NTD7_num3|g1|amp_c"", ""ecoli|NTD7_num3|g1|h2o_c"", ""ecoli|NTD7_num4|g1|amp_c"", ""ecoli|NTD7_num4|g1|h2o_c"", ""ecoli|NTD7pp_num1|g1|amp_p"", ""ecoli|NTD7pp_num1|g1|h2o_p"", ""ecoli|NTD7pp_num2|g1|amp_p"", ""ecoli|NTD7pp_num2|g1|h2o_p"", ""ecoli|NTD7pp_num3|g1|amp_p"", ""ecoli|NTD7pp_num3|g1|h2o_p"", ""ecoli|NTD8_num1|g1|dgmp_c"", ""ecoli|NTD8_num1|g1|h2o_c"", ""ecoli|NTD8_num2|g1|dgmp_c"", ""ecoli|NTD8_num2|g1|h2o_c"", ""ecoli|NTD8_num3|g1|dgmp_c"", ""ecoli|NTD8_num3|g1|h2o_c"", ""ecoli|NTD8_num4|g1|dgmp_c"", ""ecoli|NTD8_num4|g1|h2o_c"", ""ecoli|NTD8pp_num1|g1|dgmp_p"", ""ecoli|NTD8pp_num1|g1|h2o_p"", ""ecoli|NTD8pp_num2|g1|dgmp_p"", ""ecoli|NTD8pp_num2|g1|h2o_p"", ""ecoli|NTD9_num1|g1|gmp_c"", ""ecoli|NTD9_num1|g1|h2o_c"", ""ecoli|NTD9_num2|g1|gmp_c"", ""ecoli|NTD9_num2|g1|h2o_c"", ""ecoli|NTD9_num3|g1|gmp_c"", ""ecoli|NTD9_num3|g1|h2o_c"", ""ecoli|NTD9_num4|g1|gmp_c"", ""ecoli|NTD9_num4|g1|h2o_c"", ""ecoli|NTD9pp_num1|g1|gmp_p"", ""ecoli|NTD9pp_num1|g1|h2o_p"", ""ecoli|NTD9pp_num2|g1|gmp_p"", ""ecoli|NTD9pp_num2|g1|h2o_p"", ""ecoli|NTD9pp_num3|g1|gmp_p"", ""ecoli|NTD9pp_num3|g1|h2o_p"", ""ecoli|NTP1_num1|g1|h2o_c"", ""ecoli|NTP1_num2|g1|h2o_c"", ""ecoli|NTP3_num1|g1|gtp_c"", ""ecoli|NTP3_num2|g1|gtp_c"", ""ecoli|NTP3_num3|g1|gtp_c"", ""ecoli|NTP3_num4|g1|gtp_c"", ""ecoli|NTP3_num5|g1|gtp_c"", ""ecoli|NTP3_num6|g1|gtp_c"", ""ecoli|NTP3_num7|g1|gtp_c"", ""ecoli|NTP3pp|g1|gtp_p"", ""ecoli|NTPP2_num1|g1|h2o_c"", ""ecoli|NTPP2_num2|g1|h2o_c"", ""ecoli|NTPP3_num1|g1|dctp_c"", ""ecoli|NTPP3_num1|g1|h2o_c"", ""ecoli|NTPP3_num2|g1|dctp_c"", ""ecoli|NTPP3_num2|g1|h2o_c"", ""ecoli|NTPP3_num3|g1|dctp_c"", ""ecoli|NTPP3_num3|g1|h2o_c"", ""ecoli|NTPP4_num1|g1|ctp_c"", ""ecoli|NTPP4_num1|g1|h2o_c"", ""ecoli|NTPP4_num2|g1|ctp_c"", ""ecoli|NTPP4_num2|g1|h2o_c"", ""ecoli|NTPP6_num1|g1|h2o_c"", ""ecoli|NTPP6_num2|g1|h2o_c"", ""ecoli|NTPP7_num1|g1|dttp_c"", ""ecoli|NTPP7_num2|g1|dttp_c"", ""ecoli|NTPP7_num3|g1|dttp_c"", ""ecoli|NTPP8_num1|g1|h2o_c"", ""ecoli|NTPP8_num1|g1|utp_c"", ""ecoli|NTPP8_num2|g1|h2o_c"", ""ecoli|NTPP8_num2|g1|utp_c"", ""ecoli|NTPP9|g1|h2o_c"", ""ecoli|NTPTP1|g1|dgtp_c"", ""ecoli|OCBT_num1|g1|cbp_c"", ""ecoli|OCBT_num1|g1|orn_c"", ""ecoli|OCBT_num2|g1|cbp_c"", ""ecoli|OCBT_num2|g1|orn_c"", ""ecoli|OCTDPS|g1|frdp_c"", ""ecoli|OHPBAT|g1|glu__L_c"", ""ecoli|OHPBAT|g1|ohpb_c"", ""ecoli|OMPDC|g1|orot5p_c"", ""ecoli|ORNDC_num1|g1|orn_c"", ""ecoli|ORNDC_num2|g1|orn_c"", ""ecoli|OXCDC|g1|oxalcoa_c"", ""ecoli|P5CD|g1|1pyr5c_c"", ""ecoli|PANTS|g1|ala_B_c"", ""ecoli|PANTS|g1|atp_c"", ""ecoli|PANTS|g1|pant__R_c"", ""ecoli|PDX5POi|g1|pdx5p_c"", ""ecoli|PEAMNOpp|g1|peamn_p"", ""ecoli|PERD|g1|4per_c"", ""ecoli|PFK_2|g1|atp_c"", ""ecoli|PFK_3|g1|atp_c"", ""ecoli|PFK_3|g1|s7p_c"", ""ecoli|PFK_num1|g1|atp_c"", ""ecoli|PFK_num1|g1|f6p_c"", ""ecoli|PFK_num2|g1|atp_c"", ""ecoli|PFK_num2|g1|f6p_c"", ""ecoli|PGCD|g1|3pg_c"", ""ecoli|PGCD|g1|nad_c"", ""ecoli|PGK|g1|3pg_c"", ""ecoli|PGK|g1|atp_c"", ""ecoli|PGLYCP|g1|2pglyc_c"", ""ecoli|PGLYCP|g1|h2o_c"", ""ecoli|PHETA1_num1|g1|akg_c"", ""ecoli|PHETA1_num1|g1|phe__L_c"", ""ecoli|PHETA1_num2|g1|akg_c"", ""ecoli|PHETA1_num2|g1|phe__L_c"", ""ecoli|PHETA1_num3|g1|akg_c"", ""ecoli|PHETA1_num3|g1|phe__L_c"", ""ecoli|PMPK|g1|4ampm_c"", ""ecoli|PMPK|g1|atp_c"", ""ecoli|PNTK|g1|atp_c"", ""ecoli|PNTK|g1|pnto__R_c"", ""ecoli|PPA_num1|g1|ppi_c"", ""ecoli|PPA_num2|g1|ppi_c"", ""ecoli|PPA_num3|g1|ppi_c"", ""ecoli|PPCDC|g1|4ppcys_c"", ""ecoli|PPCK|g1|oaa_c"", ""ecoli|PPC|g1|pep_c"", ""ecoli|PPNCL2|g1|4ppan_c"", ""ecoli|PPNDH|g1|pphn_c"", ""ecoli|PPND|g1|nad_c"", ""ecoli|PPND|g1|pphn_c"", ""ecoli|PRAIi|g1|pran_c"", ""ecoli|PSCVT|g1|pep_c"", ""ecoli|PSCVT|g1|skm5p_c"", ""ecoli|PSERT|g1|3php_c"", ""ecoli|PSERT|g1|glu__L_c"", ""ecoli|PTA2|g1|pi_c"", ""ecoli|PTAr_num1|g1|accoa_c"", ""ecoli|PTAr_num1|g1|pi_c"", ""ecoli|PTAr_num2|g1|accoa_c"", ""ecoli|PTAr_num2|g1|pi_c"", ""ecoli|PUNP1|g1|adn_c"", ""ecoli|PUNP1|g1|pi_c"", ""ecoli|PUNP2|g1|pi_c"", ""ecoli|PUNP3_num1|g1|pi_c"", ""ecoli|PUNP3_num2|g1|pi_c"", ""ecoli|PUNP4_num1|g1|pi_c"", ""ecoli|PUNP4_num2|g1|pi_c"", ""ecoli|PUNP5_num1|g1|ins_c"", ""ecoli|PUNP5_num1|g1|pi_c"", ""ecoli|PUNP5_num2|g1|ins_c"", ""ecoli|PUNP5_num2|g1|pi_c"", ""ecoli|PUNP6_num1|g1|pi_c"", ""ecoli|PUNP6_num2|g1|pi_c"", ""ecoli|PUNP7|g1|pi_c"", ""ecoli|PYAM5PO|g1|pyam5p_c"", ""ecoli|PYDAMK|g1|pydam_c"", ""ecoli|PYDXK_num1|g1|pydx_c"", ""ecoli|PYDXK_num2|g1|pydx_c"", ""ecoli|PYDXNK|g1|pydxn_c"", ""ecoli|QUINDH|g1|nad_c"", ""ecoli|QUINDH|g1|quin_c"", ""ecoli|RBFSa|g1|4r5au_c"", ""ecoli|RBFSb|g1|dmlz_c"", ""ecoli|RBK_L1|g1|atp_c"", ""ecoli|RBK_L1|g1|rbl__L_c"", ""ecoli|RBP4E_num1|g1|ru5p__L_c"", ""ecoli|RBP4E_num2|g1|ru5p__L_c"", ""ecoli|RBP4E_num3|g1|ru5p__L_c"", ""ecoli|RHCCE|g1|rhcys_c"", ""ecoli|RMPA|g1|rml1p_c"", ""ecoli|S7PI|g1|s7p_c"", ""ecoli|SEPHCHCS|g1|akg_c"", ""ecoli|SEPHCHCS|g1|ichor_c"", ""ecoli|SERAT|g1|accoa_c"", ""ecoli|SERD_D|g1|ser__D_c"", ""ecoli|SERD_L_num1|g1|ser__L_c"", ""ecoli|SERD_L_num2|g1|ser__L_c"", ""ecoli|SERD_L_num3|g1|ser__L_c"", ""ecoli|SERD_L_num4|g1|ser__L_c"", ""ecoli|SERD_L_num5|g1|ser__L_c"", ""ecoli|SFGTHi_num1|g1|Sfglutth_c"", ""ecoli|SFGTHi_num1|g1|h2o_c"", ""ecoli|SFGTHi_num2|g1|Sfglutth_c"", ""ecoli|SFGTHi_num2|g1|h2o_c"", ""ecoli|SHK3Dr|g1|3dhsk_c"", ""ecoli|SHK3Dr|g1|h_c"", ""ecoli|SHK3Dr|g1|nadph_c"", ""ecoli|SHKK_num1|g1|atp_c"", ""ecoli|SHKK_num1|g1|skm_c"", ""ecoli|SHKK_num2|g1|atp_c"", ""ecoli|SHKK_num2|g1|skm_c"", ""ecoli|SHSL1|g1|cys__L_c"", ""ecoli|SHSL1|g1|suchms_c"", ""ecoli|SOTA|g1|sucorn_c"", ""ecoli|SPMS|g1|ametam_c"", ""ecoli|SSALx|g1|nad_c"", ""ecoli|SSALx|g1|sucsal_c"", ""ecoli|SSALy_num1|g1|sucsal_c"", ""ecoli|SSALy_num2|g1|sucsal_c"", ""ecoli|TALA_num1|g1|g3p_c"", ""ecoli|TALA_num2|g1|g3p_c"", ""ecoli|TAUDO|g1|akg_c"", ""ecoli|TAUDO|g1|taur_c"", ""ecoli|TDPAGTA|g1|dtdp4d6dg_c"", ""ecoli|TDPGDH_num1|g1|dtdpglu_c"", ""ecoli|TDPGDH_num2|g1|dtdpglu_c"", ""ecoli|THRA_num1|g1|thr__L_c"", ""ecoli|THRA_num2|g1|thr__L_c"", ""ecoli|THRD_L_num1|g1|thr__L_c"", ""ecoli|THRD_L_num2|g1|thr__L_c"", ""ecoli|THRD_num1|g1|thr__L_c"", ""ecoli|THRD_num2|g1|thr__L_c"", ""ecoli|THRS|g1|phom_c"", ""ecoli|TMDPP|g1|thymd_c"", ""ecoli|TRE6PS|g1|g6p_c"", ""ecoli|TRE6PS|g1|udpg_c"", ""ecoli|TREHpp|g1|tre_p"", ""ecoli|TREH|g1|tre_c"", ""ecoli|TRPAS2|g1|trp__L_c"", ""ecoli|TRSARr_num1|g1|2h3oppan_c"", ""ecoli|TRSARr_num1|g1|h_c"", ""ecoli|TRSARr_num1|g1|nadh_c"", ""ecoli|TRSARr_num2|g1|2h3oppan_c"", ""ecoli|TRSARr_num2|g1|h_c"", ""ecoli|TRSARr_num2|g1|nadh_c"", ""ecoli|TYRTA_num1|g1|akg_c"", ""ecoli|TYRTA_num1|g1|tyr__L_c"", ""ecoli|TYRTA_num2|g1|akg_c"", ""ecoli|TYRTA_num2|g1|tyr__L_c"", ""ecoli|TYRTA_num3|g1|akg_c"", ""ecoli|TYRTA_num3|g1|tyr__L_c"", ""ecoli|U23GAAT|g1|u3hga_c"", ""ecoli|UAG2E|g1|uacgam_c"", ""ecoli|UAGCVT|g1|pep_c"", ""ecoli|UAGCVT|g1|uacgam_c"", ""ecoli|UAGDP|g1|acgam1p_c"", ""ecoli|UAGDP|g1|utp_c"", ""ecoli|UAGPT3|g1|uacgam_c"", ""ecoli|UAMAS|g1|ala__L_c"", ""ecoli|UDCPDPS|g1|frdp_c"", ""ecoli|UDCPDPS|g1|ipdp_c"", ""ecoli|UDPG4E|g1|udpg_c"", ""ecoli|UDPGD|g1|nad_c"", ""ecoli|UDPGPpp|g1|h2o_p"", ""ecoli|UDPGPpp|g1|udpg_p"", ""ecoli|UGLT|g1|gal1p_c"", ""ecoli|UPP3S|g1|hmbil_c"", ""ecoli|URDGLYCD|g1|nad_c"", ""ecoli|URDGLYCD|g1|urdglyc_c"", ""ecoli|URIH_num1|g1|uri_c"", ""ecoli|URIH_num2|g1|uri_c"", ""ecoli|URIH_num3|g1|uri_c"", ""ecoli|VALTA|g1|val__L_c"", ""ecoli|XPPT|g1|prpp_c"", ""ecoli|XPPT|g1|xan_c"", ""ecoli|XYLK_num1|g1|xylu__D_c"", ""ecoli|XYLK_num2|g1|xylu__D_c"", ""yeast|r_0012|g1|s_0119"", ""yeast|r_0018|g1|s_0991"", ""yeast|r_0018|g2|s_0991"", ""yeast|r_0018|g3|s_0991"", ""yeast|r_0024|g1|s_0232"", ""yeast|r_0024|g2|s_0232"", ""yeast|r_0025|g1|s_0233"", ""yeast|r_0028|g1|s_0807"", ""yeast|r_0028|g1|s_1273"", ""yeast|r_0028|g1|s_1382"", ""yeast|r_0062|g1|s_0232"", ""yeast|r_0062|g2|s_0232"", ""yeast|r_0062|g3|s_0232"", ""yeast|r_0085|g1|s_1012"", ""yeast|r_0108|g1|s_0437"", ""yeast|r_0115|g1|s_0437"", ""yeast|r_0115|g1|s_1192"", ""yeast|r_0138|g1|s_0383"", ""yeast|r_0142|g1|s_0386"", ""yeast|r_0163|g1|s_0680"", ""yeast|r_0163|g1|s_1198"", ""yeast|r_0165|g1|s_0361"", ""yeast|r_0165|g1|s_0799"", ""yeast|r_0165|g1|s_1205"", ""yeast|r_0165|g2|s_0361"", ""yeast|r_0165|g2|s_0799"", ""yeast|r_0165|g2|s_1205"", ""yeast|r_0166|g1|s_0794"", ""yeast|r_0166|g1|s_1203"", ""yeast|r_0166|g2|s_0794"", ""yeast|r_0166|g2|s_1203"", ""yeast|r_0166|g3|s_0794"", ""yeast|r_0166|g3|s_1203"", ""yeast|r_0167|g1|s_0799"", ""yeast|r_0167|g1|s_1205"", ""yeast|r_0167|g2|s_0799"", ""yeast|r_0167|g2|s_1205"", ""yeast|r_0168|g1|s_0166"", ""yeast|r_0168|g1|s_0794"", ""yeast|r_0168|g1|s_1212"", ""yeast|r_0168|g2|s_0166"", ""yeast|r_0168|g2|s_0794"", ""yeast|r_0168|g2|s_1212"", ""yeast|r_0168|g3|s_0166"", ""yeast|r_0168|g3|s_0794"", ""yeast|r_0168|g3|s_1212"", ""yeast|r_0169|g1|s_0794"", ""yeast|r_0169|g1|s_1203"", ""yeast|r_0169|g2|s_0794"", ""yeast|r_0169|g2|s_1203"", ""yeast|r_0169|g3|s_0794"", ""yeast|r_0169|g3|s_1203"", ""yeast|r_0170|g1|s_0799"", ""yeast|r_0170|g1|s_1205"", ""yeast|r_0170|g2|s_0799"", ""yeast|r_0170|g2|s_1205"", ""yeast|r_0171|g1|s_0794"", ""yeast|r_0171|g1|s_1212"", ""yeast|r_0171|g2|s_0794"", ""yeast|r_0171|g2|s_1212"", ""yeast|r_0173|g1|s_0359"", ""yeast|r_0173|g1|s_0803"", ""yeast|r_0173|g1|s_1207"", ""yeast|r_0177|g1|s_0803"", ""yeast|r_0177|g1|s_1207"", ""yeast|r_0179|g1|s_0794"", ""yeast|r_0179|g1|s_1203"", ""yeast|r_0179|g2|s_0794"", ""yeast|r_0179|g2|s_1203"", ""yeast|r_0179|g3|s_0794"", ""yeast|r_0179|g3|s_1203"", ""yeast|r_0180|g1|s_0799"", ""yeast|r_0180|g1|s_1205"", ""yeast|r_0180|g2|s_0799"", ""yeast|r_0180|g2|s_1205"", ""yeast|r_0181|g1|s_0234"", ""yeast|r_0181|g1|s_0794"", ""yeast|r_0181|g1|s_1212"", ""yeast|r_0181|g2|s_0234"", ""yeast|r_0181|g2|s_0794"", ""yeast|r_0181|g2|s_1212"", ""yeast|r_0182|g1|s_0794"", ""yeast|r_0182|g1|s_1203"", ""yeast|r_0182|g2|s_0794"", ""yeast|r_0182|g2|s_1203"", ""yeast|r_0182|g3|s_0794"", ""yeast|r_0182|g3|s_1203"", ""yeast|r_0183|g1|s_0799"", ""yeast|r_0183|g1|s_1205"", ""yeast|r_0183|g2|s_0799"", ""yeast|r_0183|g2|s_1205"", ""yeast|r_0184|g1|s_0794"", ""yeast|r_0184|g1|s_1212"", ""yeast|r_0184|g2|s_0794"", ""yeast|r_0184|g2|s_1212"", ""yeast|r_0186|g1|s_0794"", ""yeast|r_0186|g1|s_1203"", ""yeast|r_0186|g2|s_0794"", ""yeast|r_0186|g2|s_1203"", ""yeast|r_0186|g3|s_0794"", ""yeast|r_0186|g3|s_1203"", ""yeast|r_0187|g1|s_0799"", ""yeast|r_0187|g1|s_1205"", ""yeast|r_0187|g2|s_0799"", ""yeast|r_0187|g2|s_1205"", ""yeast|r_0191|g1|s_1554"", ""yeast|r_0202|g1|s_0427"", ""yeast|r_0202|g1|s_1386"", ""yeast|r_0209|g1|s_0965"", ""yeast|r_0210|g1|s_0967"", ""yeast|r_0215|g1|s_0434"", ""yeast|r_0215|g1|s_0973"", ""yeast|r_0222|g1|s_0394"", ""yeast|r_0223|g1|s_0394"", ""yeast|r_0273|g1|s_0512"", ""yeast|r_0274|g1|s_0514"", ""yeast|r_0278|g1|s_0515"", ""yeast|r_0300|g1|s_0376"", ""yeast|r_0300|g1|s_0807"", ""yeast|r_0300|g1|s_1273"", ""yeast|r_0300|g2|s_0376"", ""yeast|r_0300|g2|s_0807"", ""yeast|r_0300|g2|s_1273"", ""yeast|r_0301|g1|s_0378"", ""yeast|r_0309|g1|s_1012"", ""yeast|r_0309|g1|s_1039"", ""yeast|r_0310|g1|s_0980"", ""yeast|r_0318|g1|s_0545"", ""yeast|r_0330|g1|s_0434"", ""yeast|r_0330|g1|s_0615"", ""yeast|r_0344|g1|s_0625"", ""yeast|r_0345|g1|s_0626"", ""yeast|r_0361|g1|s_0743"", ""yeast|r_0364|g1|s_0656"", ""yeast|r_0364|g2|s_0656"", ""yeast|r_0366|g1|s_0188"", ""yeast|r_0366|g2|s_0188"", ""yeast|r_0366|g3|s_0188"", ""yeast|r_0366|g4|s_0188"", ""yeast|r_0366|g5|s_0188"", ""yeast|r_0373|g1|s_0190"", ""yeast|r_0373|g1|s_0943"", ""yeast|r_0443|g1|s_0721"", ""yeast|r_0443|g1|s_1198"", ""yeast|r_0449|g1|s_0555"", ""yeast|r_0453|g1|s_0061"", ""yeast|r_0458|g1|s_0434"", ""yeast|r_0458|g1|s_0558"", ""yeast|r_0459|g1|s_0410"", ""yeast|r_0464|g1|s_0774"", ""yeast|r_0469|g1|s_0991"", ""yeast|r_0471|g1|s_0180"", ""yeast|r_0471|g2|s_0180"", ""yeast|r_0477|g1|s_0557"", ""yeast|r_0477|g1|s_0999"", ""yeast|r_0478|g1|s_0999"", ""yeast|r_0479|g1|s_0991"", ""yeast|r_0480|g1|s_0993"", ""yeast|r_0486|g1|s_0764"", ""yeast|r_0486|g2|s_0764"", ""yeast|r_0486|g3|s_0764"", ""yeast|r_0526|g1|s_0787"", ""yeast|r_0528|g1|s_0434"", ""yeast|r_0528|g1|s_0782"", ""yeast|r_0529|g1|s_0782"", ""yeast|r_0533|g1|s_0434"", ""yeast|r_0533|g2|s_0434"", ""yeast|r_0533|g3|s_0434"", ""yeast|r_0534|g1|s_0434"", ""yeast|r_0534|g1|s_0563"", ""yeast|r_0534|g2|s_0434"", ""yeast|r_0534|g2|s_0563"", ""yeast|r_0534|g3|s_0434"", ""yeast|r_0534|g3|s_0563"", ""yeast|r_0534|g4|s_0434"", ""yeast|r_0534|g4|s_0563"", ""yeast|r_0534|g5|s_0434"", ""yeast|r_0534|g5|s_0563"", ""yeast|r_0535|g1|s_0434"", ""yeast|r_0535|g2|s_0434"", ""yeast|r_0535|g3|s_0434"", ""yeast|r_0539|g1|s_0434"", ""yeast|r_0539|g1|s_1006"", ""yeast|r_0540|g1|s_0437"", ""yeast|r_0540|g1|s_1008"", ""yeast|r_0543|g1|s_0183"", ""yeast|r_0543|g1|s_0377"", ""yeast|r_0543|g1|s_0808"", ""yeast|r_0543|g2|s_0183"", ""yeast|r_0543|g2|s_0377"", ""yeast|r_0543|g2|s_0808"", ""yeast|r_0545|g1|s_0836"", ""yeast|r_0546|g1|s_0794"", ""yeast|r_0546|g1|s_0978"", ""yeast|r_0547|g1|s_0794"", ""yeast|r_0547|g1|s_0978"", ""yeast|r_0547|g1|s_1212"", ""yeast|r_0553|g1|s_0033"", ""yeast|r_0554|g1|s_0034"", ""yeast|r_0567|g1|s_0855"", ""yeast|r_0567|g2|s_0855"", ""yeast|r_0567|g3|s_0855"", ""yeast|r_0568|g1|s_0633"", ""yeast|r_0569|g1|s_0636"", ""yeast|r_0667|g1|s_0943"", ""yeast|r_0674|g1|s_0182"", ""yeast|r_0674|g1|s_0957"", ""yeast|r_0675|g1|s_0958"", ""yeast|r_0676|g1|s_0958"", ""yeast|r_0679|g1|s_0969"", ""yeast|r_0680|g1|s_0970"", ""yeast|r_0680|g2|s_0970"", ""yeast|r_0680|g3|s_0970"", ""yeast|r_0680|g4|s_0970"", ""yeast|r_0690|g1|s_1039"", ""yeast|r_0697|g1|s_0750"", ""yeast|r_0697|g1|s_1151"", ""yeast|r_0701|g1|s_1021"", ""yeast|r_0702|g1|s_1023"", ""yeast|r_0723|g1|s_0574"", ""yeast|r_0727|g1|s_1012"", ""yeast|r_0739|g1|s_0018"", ""yeast|r_0760|g1|s_0373"", ""yeast|r_0760|g1|s_0412"", ""yeast|r_0762|g1|s_1195"", ""yeast|r_0764|g1|s_1202"", ""yeast|r_0765|g1|s_1198"", ""yeast|r_0765|g2|s_1198"", ""yeast|r_0766|g1|s_1200"", ""yeast|r_0766|g2|s_1200"", ""yeast|r_0766|g3|s_1200"", ""yeast|r_0768|g1|s_0999"", ""yeast|r_0769|g1|s_1001"", ""yeast|r_0770|g1|s_1203"", ""yeast|r_0770|g2|s_1203"", ""yeast|r_0771|g1|s_1203"", ""yeast|r_0771|g2|s_1203"", ""yeast|r_0772|g1|s_1205"", ""yeast|r_0772|g2|s_1205"", ""yeast|r_0772|g3|s_1205"", ""yeast|r_0773|g1|s_1205"", ""yeast|r_0781|g1|s_1216"", ""yeast|r_0799|g1|s_0647"", ""yeast|r_0810|g1|s_0740"", ""yeast|r_0815|g1|s_0981"", ""yeast|r_0815|g2|s_0981"", ""yeast|r_0815|g3|s_0981"", ""yeast|r_0817|g1|s_1266"", ""yeast|r_0821|g1|s_1270"", ""yeast|r_0851|g1|s_1032"", ""yeast|r_0853|g1|s_1034"", ""yeast|r_0854|g1|s_0951"", ""yeast|r_0884|g1|s_0434"", ""yeast|r_0884|g1|s_1271"", ""yeast|r_0889|g1|s_0340"", ""yeast|r_0889|g1|s_1207"", ""yeast|r_0889|g2|s_0340"", ""yeast|r_0889|g2|s_1207"", ""yeast|r_0892|g1|s_0075"", ""yeast|r_0892|g1|s_0394"", ""yeast|r_0893|g1|s_0260"", ""yeast|r_0893|g2|s_0260"", ""yeast|r_0913|g1|s_1187"", ""yeast|r_0936|g1|s_1181"", ""yeast|r_0937|g1|s_1442"", ""yeast|r_0938|g1|s_1377"", ""yeast|r_0941|g1|s_1035"", ""yeast|r_0943|g1|s_1218"", ""yeast|r_0954|g1|s_1395"", ""yeast|r_0955|g1|s_1398"", ""yeast|r_0958|g1|s_0434"", ""yeast|r_0958|g1|s_0445"", ""yeast|r_0958|g1|s_1399"", ""yeast|r_0958|g2|s_0434"", ""yeast|r_0958|g2|s_0445"", ""yeast|r_0958|g2|s_1399"", ""yeast|r_0959|g1|s_1399"", ""yeast|r_0959|g2|s_1399"", ""yeast|r_0959|g3|s_1399"", ""yeast|r_0960|g1|s_1399"", ""yeast|r_0960|g2|s_1399"", ""yeast|r_0960|g3|s_1399"", ""yeast|r_0962|g1|s_0394"", ""yeast|r_0962|g1|s_1360"", ""yeast|r_0962|g2|s_0394"", ""yeast|r_0962|g2|s_1360"", ""yeast|r_0984|g1|s_0577"", ""yeast|r_0986|g1|s_1416"", ""yeast|r_0986|g1|s_1569"", ""yeast|r_0995|g1|s_0434"", ""yeast|r_0995|g1|s_1039"", ""yeast|r_0995|g2|s_0434"", ""yeast|r_0995|g2|s_1039"", ""yeast|r_1012|g1|s_0190"", ""yeast|r_1024|g1|s_1466"", ""yeast|r_1038|g1|s_1212"", ""yeast|r_1040|g1|s_1045"", ""yeast|r_1042|g1|s_1045"", ""yeast|r_1043|g1|s_1047"", ""yeast|r_1049|g1|s_0581"", ""yeast|r_1049|g2|s_0581"", ""yeast|r_1050|g1|s_0551"", ""yeast|r_1050|g1|s_0581"", ""yeast|r_1050|g2|s_0551"", ""yeast|r_1050|g2|s_0581"", ""yeast|r_1054|g1|s_0629"", ""yeast|r_1063|g1|s_0991"", ""yeast|r_1066|g1|s_1051"", ""yeast|r_1067|g1|s_1053"", ""yeast|r_1071|g1|s_0410"", ""yeast|r_1094|g1|s_0434"", ""yeast|r_1094|g1|s_0580"", ""yeast|r_1838|g1|s_0182"", ""yeast|r_1838|g1|s_0376"", ""yeast|r_1838|g1|s_0807"", ""yeast|r_1838|g2|s_0182"", ""yeast|r_1838|g2|s_0376"", ""yeast|r_1838|g2|s_0807"", ""yeast|r_2115|g1|s_0359"", ""yeast|r_2115|g1|s_0794"", ""yeast|r_2115|g1|s_1203"", ""yeast|r_2115|g2|s_0359"", ""yeast|r_2115|g2|s_0794"", ""yeast|r_2115|g2|s_1203"", ""yeast|r_2145|g1|s_1214"", ""yeast|r_2146|g1|s_1214"", ""yeast|r_2147|g1|s_1214"", ""yeast|r_2432|g1|s_3083"", ""yeast|r_2433|g1|s_3083"", ""yeast|r_2434|g1|s_3083"", ""yeast|r_2435|g1|s_3083"", ""yeast|r_2436|g1|s_3083"", ""yeast|r_2437|g1|s_3083"", ""yeast|r_2438|g1|s_3083"", ""yeast|r_2439|g1|s_3083"", ""yeast|r_2440|g1|s_3093"", ""yeast|r_2441|g1|s_3093"", ""yeast|r_2442|g1|s_3093"", ""yeast|r_2443|g1|s_3093"", ""yeast|r_2444|g1|s_3093"", ""yeast|r_2445|g1|s_3093"", ""yeast|r_2820|g1|s_2856"", ""yeast|r_2820|g2|s_2856"", ""yeast|r_2821|g1|s_2856"", ""yeast|r_2821|g2|s_2856"", ""yeast|r_2822|g1|s_2856"", ""yeast|r_2822|g2|s_2856"", ""yeast|r_2823|g1|s_2856"", ""yeast|r_2823|g2|s_2856"", ""yeast|r_2824|g1|s_2856"", ""yeast|r_2824|g2|s_2856"", ""yeast|r_2825|g1|s_2856"", ""yeast|r_2825|g2|s_2856"", ""yeast|r_2826|g1|s_2856"", ""yeast|r_2826|g2|s_2856"", ""yeast|r_2827|g1|s_2856"", ""yeast|r_2827|g2|s_2856"", ""yeast|r_2828|g1|s_3341"", ""yeast|r_2829|g1|s_3341"", ""yeast|r_2830|g1|s_3341"", ""yeast|r_2831|g1|s_3341"", ""yeast|r_2832|g1|s_3341"", ""yeast|r_2833|g1|s_3341"", ""yeast|r_2834|g1|s_3341"", ""yeast|r_2835|g1|s_3341"", ""yeast|r_2844|g1|s_0438"", ""yeast|r_2845|g1|s_0438"", ""yeast|r_2846|g1|s_0438"", ""yeast|r_2847|g1|s_0438"", ""yeast|r_2848|g1|s_0438"", ""yeast|r_2849|g1|s_0438"", ""yeast|r_2850|g1|s_0438"", ""yeast|r_2851|g1|s_0438"", ""yeast|r_4045|g1|s_1556"", ""yeast|r_4157|g1|s_3760"", ""yeast|r_4157|g2|s_3760"", ""yeast|r_4160|g1|s_3761"", ""yeast|r_4184|g1|s_3806"", ""yeast|r_4187|g1|s_1037"", ""yeast|r_4217|g1|s_0926"", ""yeast|r_4226|g1|s_0180"", ""yeast|r_4226|g1|s_0955"", ""yeast|r_4248|g1|s_3904"", ""yeast|r_4251|g1|s_0541"", ""yeast|r_4251|g1|s_3907"", ""yeast|r_4283|g1|s_0434"", ""yeast|r_4284|g1|s_0434"", ""yeast|r_4284|g1|s_3949"", ""yeast|r_4285|g1|s_0434"", ""yeast|r_4285|g1|s_3951"", ""yeast|r_4286|g1|s_0434"", ""yeast|r_4287|g1|s_0434"", ""yeast|r_4288|g1|s_3952"", ""yeast|r_4312|g1|s_1416"", ""yeast|r_4312|g1|s_3991"", ""yeast|r_4317|g1|s_3998"", ""yeast|r_4318|g1|s_3999"", ""yeast|r_4333|g1|s_4018"", ""yeast|r_4333|g2|s_4018"", ""yeast|r_4340|g1|s_0373"", ""yeast|r_4652|g1|s_0794"", ""yeast|r_4652|g1|s_1203"", ""yeast|r_4652|g1|s_4232"", ""yeast|r_4652|g2|s_0794"", ""yeast|r_4652|g2|s_1203"", ""yeast|r_4652|g2|s_4232"", ""yeast|r_4652|g3|s_0794"", ""yeast|r_4652|g3|s_1203"", ""yeast|r_4652|g3|s_4232"", ""yeast|r_4653|g1|s_0799"", ""yeast|r_4653|g1|s_1205"", ""yeast|r_4653|g1|s_4234"", ""yeast|r_4653|g2|s_0799"", ""yeast|r_4653|g2|s_1205"", ""yeast|r_4653|g2|s_4234"", ""yeast|r_4654|g1|s_0794"", ""yeast|r_4654|g1|s_1212"", ""yeast|r_4654|g1|s_4232"", ""yeast|r_4654|g2|s_0794"", ""yeast|r_4654|g2|s_1212"", ""yeast|r_4654|g2|s_4232"", ""yeast|r_4654|g3|s_0794"", ""yeast|r_4654|g3|s_1212"", ""yeast|r_4654|g3|s_4232"", ""yeast|r_4661|g1|s_0794"", ""yeast|r_4661|g1|s_1203"", ""yeast|r_4661|g2|s_0794"", ""yeast|r_4661|g2|s_1203"", ""yeast|r_4661|g3|s_0794"", ""yeast|r_4661|g3|s_1203"", ""yeast|r_4662|g1|s_0799"", ""yeast|r_4662|g1|s_1205"", ""yeast|r_4662|g2|s_0799"", ""yeast|r_4662|g2|s_1205"", ""yeast|r_4663|g1|s_0794"", ""yeast|r_4663|g1|s_1212"", ""yeast|r_4663|g2|s_0794"", ""yeast|r_4663|g2|s_1212"", ""yeast|r_4663|g3|s_0794"", ""yeast|r_4663|g3|s_1212"", ""yeast|r_4670|g1|s_0794"", ""yeast|r_4670|g1|s_1203"", ""yeast|r_4670|g2|s_0794"", ""yeast|r_4670|g2|s_1203"", ""yeast|r_4670|g3|s_0794"", ""yeast|r_4670|g3|s_1203"", ""yeast|r_4671|g1|s_0799"", ""yeast|r_4671|g1|s_1205"", ""yeast|r_4671|g2|s_0799"", ""yeast|r_4671|g2|s_1205"", ""yeast|r_4672|g1|s_0794"", ""yeast|r_4672|g1|s_1212"", ""yeast|r_4672|g2|s_0794"", ""yeast|r_4672|g2|s_1212"", ""yeast|r_4672|g3|s_0794"", ""yeast|r_4672|g3|s_1212"", ""yeast|r_4723|g1|s_4290"", ""yeast|r_4723|g2|s_4290"", ""yeast|r_4724|g1|s_4291"", ""yeast|r_4724|g2|s_4291"", ""yeast|r_4725|g1|s_4292"", ""yeast|r_4725|g2|s_4292"", ""yeast|r_4755|g1|s_1401"", ""yeast|r_4755|g2|s_1401"", ""yeast|r_4774|g1|s_4325""]","[""ecoli|23PDE7pp|g1|23camp_p"", ""ecoli|3HCINNMH|g1|nadh_c"", ""ecoli|3HPPPNH|g1|nadh_c"", ""ecoli|3NTD2pp_num1|g1|h2o_p"", ""ecoli|3NTD2pp_num2|g1|h2o_p"", ""ecoli|3NTD4pp_num1|g1|3cmp_p"", ""ecoli|3NTD4pp_num1|g1|h2o_p"", ""ecoli|3NTD4pp_num2|g1|3cmp_p"", ""ecoli|3NTD4pp_num2|g1|h2o_p"", ""ecoli|3NTD4pp_num3|g1|3cmp_p"", ""ecoli|3NTD4pp_num3|g1|h2o_p"", ""ecoli|3NTD7pp_num1|g1|3amp_p"", ""ecoli|3NTD7pp_num1|g1|h2o_p"", ""ecoli|3NTD7pp_num2|g1|3amp_p"", ""ecoli|3NTD7pp_num2|g1|h2o_p"", ""ecoli|3NTD9pp_num1|g1|h2o_p"", ""ecoli|3NTD9pp_num2|g1|h2o_p"", ""ecoli|3OAR100|g1|nadph_c"", ""ecoli|3OAR120|g1|nadph_c"", ""ecoli|3OAR121|g1|nadph_c"", ""ecoli|3OAR140|g1|nadph_c"", ""ecoli|3OAR141|g1|nadph_c"", ""ecoli|3OAR160|g1|nadph_c"", ""ecoli|3OAR161|g1|nadph_c"", ""ecoli|3OAR180|g1|nadph_c"", ""ecoli|3OAR181|g1|nadph_c"", ""ecoli|3OAR40|g1|nadph_c"", ""ecoli|3OAR60|g1|nadph_c"", ""ecoli|3OAR80|g1|nadph_c"", ""ecoli|3OAS121|g1|malACP_c"", ""ecoli|3OAS141|g1|malACP_c"", ""ecoli|3OAS161|g1|malACP_c"", ""ecoli|3OAS180_num1|g1|malACP_c"", ""ecoli|3OAS180_num2|g1|malACP_c"", ""ecoli|3OAS181|g1|malACP_c"", ""ecoli|3OXCOAT|g1|coa_c"", ""ecoli|A5PISO_num1|g1|ru5p__D_c"", ""ecoli|A5PISO_num2|g1|ru5p__D_c"", ""ecoli|AB6PGH_num1|g1|h2o_c"", ""ecoli|AB6PGH_num2|g1|h2o_c"", ""ecoli|AB6PGH_num3|g1|h2o_c"", ""ecoli|ABTA_num1|g1|4abut_c"", ""ecoli|ABTA_num1|g1|akg_c"", ""ecoli|ABTA_num2|g1|4abut_c"", ""ecoli|ABTA_num2|g1|akg_c"", ""ecoli|ABUTD|g1|4abutn_c"", ""ecoli|ABUTD|g1|h2o_c"", ""ecoli|ABUTD|g1|nad_c"", ""ecoli|ACACT1r_num1|g1|accoa_c"", ""ecoli|ACACT1r_num2|g1|accoa_c"", ""ecoli|ACACT1r_num3|g1|accoa_c"", ""ecoli|ACACT2r_num1|g1|accoa_c"", ""ecoli|ACACT2r_num2|g1|accoa_c"", ""ecoli|ACACT3r_num1|g1|accoa_c"", ""ecoli|ACACT3r_num2|g1|accoa_c"", ""ecoli|ACACT4r_num1|g1|accoa_c"", ""ecoli|ACACT4r_num2|g1|accoa_c"", ""ecoli|ACACT5r_num1|g1|accoa_c"", ""ecoli|ACACT5r_num2|g1|accoa_c"", ""ecoli|ACACT6r_num1|g1|accoa_c"", ""ecoli|ACACT6r_num2|g1|accoa_c"", ""ecoli|ACACT7r_num1|g1|accoa_c"", ""ecoli|ACACT7r_num2|g1|accoa_c"", ""ecoli|ACALD_num1|g1|acald_c"", ""ecoli|ACALD_num2|g1|acald_c"", ""ecoli|ACGAMK|g1|atp_c"", ""ecoli|ACKr_num1|g1|ac_c"", ""ecoli|ACKr_num1|g1|atp_c"", ""ecoli|ACKr_num2|g1|ac_c"", ""ecoli|ACKr_num2|g1|atp_c"", ""ecoli|ACKr_num3|g1|ac_c"", ""ecoli|ACKr_num3|g1|atp_c"", ""ecoli|ACM6PH|g1|acmum6p_c"", ""ecoli|ACNML|g1|acnam_c"", ""ecoli|ACODA|g1|acorn_c"", ""ecoli|ACODA|g1|h2o_c"", ""ecoli|ACP1_FMN_num1|g1|fmn_c"", ""ecoli|ACP1_FMN_num2|g1|fmn_c"", ""ecoli|ACP1_FMN_num3|g1|fmn_c"", ""ecoli|ACPS1_num1|g1|coa_c"", ""ecoli|ACPS1_num2|g1|coa_c"", ""ecoli|ACS|g1|ac_c"", ""ecoli|ACS|g1|atp_c"", ""ecoli|ADD|g1|ade_c"", ""ecoli|ADNCYC|g1|atp_c"", ""ecoli|ADNUC|g1|adn_c"", ""ecoli|ADPRDP_num1|g1|adprib_c"", ""ecoli|ADPRDP_num2|g1|adprib_c"", ""ecoli|ADPT|g1|ade_c"", ""ecoli|ADSK|g1|aps_c"", ""ecoli|ADSS|g1|asp__L_c"", ""ecoli|ADSS|g1|gtp_c"", ""ecoli|ADSS|g1|imp_c"", ""ecoli|AGDC|g1|acgam6p_c"", ""ecoli|AGMT|g1|agm_c"", ""ecoli|AHCYSNS|g1|ahcys_c"", ""ecoli|AHCYSNS|g1|h2o_c"", ""ecoli|AHGDx|g1|S2hglut_c"", ""ecoli|AHGDx|g1|nad_c"", ""ecoli|AICART|g1|10fthf_c"", ""ecoli|AICART|g1|aicar_c"", ""ecoli|AIRC2|g1|atp_c"", ""ecoli|AIRC3|g1|5aizc_c"", ""ecoli|ALAALAr_num1|g1|ala__D_c"", ""ecoli|ALAALAr_num2|g1|ala__D_c"", ""ecoli|ALAGLUE|g1|LalaDglu_c"", ""ecoli|ALAR_num1|g1|ala__L_c"", ""ecoli|ALAR_num2|g1|ala__L_c"", ""ecoli|ALDD19xr|g1|nad_c"", ""ecoli|ALDD19xr|g1|pacald_c"", ""ecoli|ALLK|g1|all__D_c"", ""ecoli|ALLK|g1|atp_c"", ""ecoli|ALLTN|g1|h2o_c"", ""ecoli|AMANK|g1|acmana_c"", ""ecoli|AMANK|g1|atp_c"", ""ecoli|AMAOTr|g1|8aonn_c"", ""ecoli|AMAOTr|g1|amet_c"", ""ecoli|AMPTASECG_num1|g1|cgly_c"", ""ecoli|AMPTASECG_num1|g1|h2o_c"", ""ecoli|AMPTASECG_num2|g1|cgly_c"", ""ecoli|AMPTASECG_num2|g1|h2o_c"", ""ecoli|AMPTASECG_num3|g1|cgly_c"", ""ecoli|AMPTASECG_num3|g1|h2o_c"", ""ecoli|AMPTASECG_num4|g1|cgly_c"", ""ecoli|AMPTASECG_num4|g1|h2o_c"", ""ecoli|ANPRT|g1|anth_c"", ""ecoli|ANPRT|g1|prpp_c"", ""ecoli|AOXSr2|g1|ala__L_c"", ""ecoli|AP4AH|g1|ap4a_c"", ""ecoli|AP5AH|g1|ap5a_c"", ""ecoli|APCS|g1|ametam_c"", ""ecoli|APRAUR|g1|5apru_c"", ""ecoli|APRAUR|g1|h_c"", ""ecoli|APRAUR|g1|nadph_c"", ""ecoli|ASAD|g1|aspsa_c"", ""ecoli|ASAD|g1|nadp_c"", ""ecoli|ASAD|g1|pi_c"", ""ecoli|ASNN_num1|g1|asn__L_c"", ""ecoli|ASNN_num1|g1|h2o_c"", ""ecoli|ASNN_num2|g1|asn__L_c"", ""ecoli|ASNN_num2|g1|h2o_c"", ""ecoli|ASNNpp|g1|asn__L_p"", ""ecoli|ASNNpp|g1|h2o_p"", ""ecoli|ASNS1|g1|asp__L_c"", ""ecoli|ASNS1|g1|atp_c"", ""ecoli|ASNS1|g1|gln__L_c"", ""ecoli|ASNS2_num1|g1|asp__L_c"", ""ecoli|ASNS2_num1|g1|atp_c"", ""ecoli|ASNS2_num1|g1|nh4_c"", ""ecoli|ASNS2_num2|g1|asp__L_c"", ""ecoli|ASNS2_num2|g1|atp_c"", ""ecoli|ASNS2_num2|g1|nh4_c"", ""ecoli|ASP1DC|g1|asp__L_c"", ""ecoli|ASPCT_num2|g1|asp__L_c"", ""ecoli|ASPK_num1|g1|asp__L_c"", ""ecoli|ASPK_num1|g1|atp_c"", ""ecoli|ASPK_num2|g1|asp__L_c"", ""ecoli|ASPK_num2|g1|atp_c"", ""ecoli|ASPK_num3|g1|asp__L_c"", ""ecoli|ASPK_num3|g1|atp_c"", ""ecoli|ASPO6|g1|asp__L_c"", ""ecoli|ASPTA_num1|g1|akg_c"", ""ecoli|ASPTA_num1|g1|asp__L_c"", ""ecoli|ASPTA_num2|g1|akg_c"", ""ecoli|ASPTA_num2|g1|asp__L_c"", ""ecoli|ASPT|g1|asp__L_c"", ""ecoli|ATHRDHr|g1|athr__L_c"", ""ecoli|BPNT|g1|pap_c"", ""ecoli|CAT_num1|g1|h2o2_c"", ""ecoli|CAT_num2|g1|h2o2_c"", ""ecoli|CDGR|g1|nadph_c"", ""ecoli|CDGR|g1|preq0_c"", ""ecoli|CFAS160E|g1|amet_c"", ""ecoli|CFAS160G|g1|amet_c"", ""ecoli|CFAS180E|g1|amet_c"", ""ecoli|CFAS180G|g1|amet_c"", ""ecoli|CHORM_num1|g1|chor_c"", ""ecoli|CHORM_num2|g1|chor_c"", ""ecoli|CHRPL_num1|g1|chor_c"", ""ecoli|CHRPL_num2|g1|chor_c"", ""ecoli|CPPPGO|g1|cpppg3_c"", ""ecoli|CSND|g1|csn_c"", ""ecoli|CS|g1|accoa_c"", ""ecoli|CS|g1|oaa_c"", ""ecoli|CTPS2|g1|atp_c"", ""ecoli|CTPS2|g1|gln__L_c"", ""ecoli|CTPS2|g1|utp_c"", ""ecoli|CYANST_num1|g1|cyan_c"", ""ecoli|CYANST_num1|g1|tsul_c"", ""ecoli|CYANST_num2|g1|cyan_c"", ""ecoli|CYANST_num2|g1|tsul_c"", ""ecoli|CYANST_num3|g1|cyan_c"", ""ecoli|CYANST_num3|g1|tsul_c"", ""ecoli|CYANSTpp|g1|cyan_p"", ""ecoli|CYANSTpp|g1|tsul_p"", ""ecoli|CYSDDS|g1|cys__D_c"", ""ecoli|CYSS_num1|g1|acser_c"", ""ecoli|CYSS_num1|g1|h2s_c"", ""ecoli|CYSS_num2|g1|acser_c"", ""ecoli|CYSS_num2|g1|h2s_c"", ""ecoli|CYSTA|g1|akg_c"", ""ecoli|CYSTA|g1|cys__L_c"", ""ecoli|CYTDH_num1|g1|cytd_c"", ""ecoli|CYTDH_num2|g1|cytd_c"", ""ecoli|CYTDH_num3|g1|cytd_c"", ""ecoli|CYTK1|g1|atp_c"", ""ecoli|CYTK1|g1|cmp_c"", ""ecoli|CYTK2|g1|atp_c"", ""ecoli|CYTK2|g1|dcmp_c"", ""ecoli|DAPAL|g1|23dappa_c"", ""ecoli|DAPDC|g1|26dap__M_c"", ""ecoli|DBTS|g1|atp_c"", ""ecoli|DCTPD|g1|dctp_c"", ""ecoli|DDPA_num1|g1|e4p_c"", ""ecoli|DDPA_num1|g1|pep_c"", ""ecoli|DDPA_num2|g1|e4p_c"", ""ecoli|DDPA_num2|g1|pep_c"", ""ecoli|DDPA_num3|g1|e4p_c"", ""ecoli|DDPA_num3|g1|pep_c"", ""ecoli|DHFR_num1|g1|dhf_c"", ""ecoli|DHFR_num1|g1|nadph_c"", ""ecoli|DHFR_num2|g1|dhf_c"", ""ecoli|DHFR_num2|g1|nadph_c"", ""ecoli|DHNPA2r|g1|dhnpt_c"", ""ecoli|DHPPDA2|g1|25drapp_c"", ""ecoli|DHPPDA2|g1|h2o_c"", ""ecoli|DHQS|g1|2dda7p_c"", ""ecoli|DHQTi|g1|3dhq_c"", ""ecoli|DKGLCNR2y|g1|h_c"", ""ecoli|DKGLCNR2y|g1|nadph_c"", ""ecoli|DNTPPA_num1|g1|ahdt_c"", ""ecoli|DNTPPA_num2|g1|ahdt_c"", ""ecoli|DPR_num1|g1|2dhp_c"", ""ecoli|DPR_num1|g1|h_c"", ""ecoli|DPR_num1|g1|nadph_c"", ""ecoli|DPR_num2|g1|2dhp_c"", ""ecoli|DPR_num2|g1|h_c"", ""ecoli|DPR_num2|g1|nadph_c"", ""ecoli|DRPA|g1|2dr5p_c"", ""ecoli|DURIPP_num1|g1|duri_c"", ""ecoli|DURIPP_num1|g1|pi_c"", ""ecoli|DURIPP_num2|g1|duri_c"", ""ecoli|DURIPP_num2|g1|pi_c"", ""ecoli|DUTPDP_num1|g1|dutp_c"", ""ecoli|DUTPDP_num2|g1|dutp_c"", ""ecoli|DXPRIi|g1|dxyl5p_c"", ""ecoli|DXPS|g1|g3p_c"", ""ecoli|DXPS|g1|pyr_c"", ""ecoli|E4PD_num1|g1|e4p_c"", ""ecoli|E4PD_num1|g1|nad_c"", ""ecoli|E4PD_num2|g1|e4p_c"", ""ecoli|E4PD_num2|g1|nad_c"", ""ecoli|EDA|g1|2ddg6p_c"", ""ecoli|FACOAE100|g1|h2o_c"", ""ecoli|FACOAE120|g1|ddcacoa_c"", ""ecoli|FACOAE120|g1|h2o_c"", ""ecoli|FACOAE140|g1|h2o_c"", ""ecoli|FACOAE160|g1|h2o_c"", ""ecoli|FACOAE180|g1|h2o_c"", ""ecoli|FADRx|g1|fad_c"", ""ecoli|FADRx|g1|nadh_c"", ""ecoli|FBA_num1|g1|fdp_c"", ""ecoli|FBA_num2|g1|fdp_c"", ""ecoli|FBP_num1|g1|fdp_c"", ""ecoli|FBP_num2|g1|fdp_c"", ""ecoli|FBP_num3|g1|fdp_c"", ""ecoli|FBP_num4|g1|fdp_c"", ""ecoli|FCLPA_num1|g1|fc1p_c"", ""ecoli|FCLPA_num2|g1|fc1p_c"", ""ecoli|FEROpp_num1|g1|fe2_p"", ""ecoli|FEROpp_num2|g1|fe2_p"", ""ecoli|FLVRx|g1|nadh_c"", ""ecoli|FMNRx2_num1|g1|fmn_c"", ""ecoli|FMNRx2_num1|g1|nadph_c"", ""ecoli|FMNRx2_num2|g1|fmn_c"", ""ecoli|FMNRx2_num2|g1|nadph_c"", ""ecoli|FMNRx2_num3|g1|fmn_c"", ""ecoli|FMNRx2_num3|g1|nadph_c"", ""ecoli|FMNRx_num1|g1|nadh_c"", ""ecoli|FMNRx_num2|g1|nadh_c"", ""ecoli|FUM_num1|g1|fum_c"", ""ecoli|FUM_num2|g1|fum_c"", ""ecoli|FUM_num3|g1|fum_c"", ""ecoli|G1PP_num1|g1|g1p_c"", ""ecoli|G1PP_num2|g1|g1p_c"", ""ecoli|G1PP_num3|g1|g1p_c"", ""ecoli|G1PPpp_num1|g1|g1p_p"", ""ecoli|G1PPpp_num2|g1|g1p_p"", ""ecoli|G6PDA|g1|gam6p_c"", ""ecoli|G6PDH2r|g1|nadp_c"", ""ecoli|GALCTD|g1|galct__D_c"", ""ecoli|GF6PTA|g1|f6p_c"", ""ecoli|GF6PTA|g1|gln__L_c"", ""ecoli|GGPTRCS|g1|ptrc_c"", ""ecoli|GHMT2r|g1|ser__L_c"", ""ecoli|GHMT2r|g1|thf_c"", ""ecoli|GK1|g1|gmp_c"", ""ecoli|GLCRAL|g1|5dh4dglc_c"", ""ecoli|GLCRD_num1|g1|glcr_c"", ""ecoli|GLCRD_num2|g1|glcr_c"", ""ecoli|GLGC|g1|atp_c"", ""ecoli|GLNS|g1|atp_c"", ""ecoli|GLNS|g1|glu__L_c"", ""ecoli|GLUCYS|g1|atp_c"", ""ecoli|GLUCYS|g1|cys__L_c"", ""ecoli|GLUCYS|g1|glu__L_c"", ""ecoli|GLUDC_num1|g1|glu__L_c"", ""ecoli|GLUDC_num2|g1|glu__L_c"", ""ecoli|GLUDy|g1|glu__L_c"", ""ecoli|GLUDy|g1|nadp_c"", ""ecoli|GLUN_num1|g1|gln__L_c"", ""ecoli|GLUN_num2|g1|gln__L_c"", ""ecoli|GLUNpp|g1|gln__L_p"", ""ecoli|GLUR|g1|glu__D_c"", ""ecoli|GLUTRR|g1|nadph_c"", ""ecoli|GLUTRS|g1|atp_c"", ""ecoli|GLUTRS|g1|glu__L_c"", ""ecoli|GLXCL|g1|glx_c"", ""ecoli|GLYAT|g1|gly_c"", ""ecoli|GLYCK2|g1|atp_c"", ""ecoli|GLYCK2|g1|glyc__R_c"", ""ecoli|GLYCK|g1|glyc__R_c"", ""ecoli|GLYOX3|g1|mthgxl_c"", ""ecoli|GMAND|g1|gdpmann_c"", ""ecoli|GMPR|g1|gmp_c"", ""ecoli|GMPS2|g1|gln__L_c"", ""ecoli|GMPS2|g1|xmp_c"", ""ecoli|GMPS|g1|xmp_c"", ""ecoli|GPDDA1pp|g1|g3pc_p"", ""ecoli|GPDDA1|g1|g3pc_c"", ""ecoli|GPDDA2pp|g1|g3pe_p"", ""ecoli|GPDDA2|g1|g3pe_c"", ""ecoli|GPDDA3pp|g1|g3ps_p"", ""ecoli|GPDDA3|g1|g3ps_c"", ""ecoli|GPDDA4pp|g1|g3pg_p"", ""ecoli|GPDDA4|g1|g3pg_c"", ""ecoli|GSPMDA|g1|gtspmd_c"", ""ecoli|GTHOr|g1|gthox_c"", ""ecoli|GTPCII2|g1|gtp_c"", ""ecoli|GTPDPDP|g1|gdptp_c"", ""ecoli|GUAD|g1|gua_c"", ""ecoli|GUAPRT_num1|g1|gua_c"", ""ecoli|GUAPRT_num1|g1|prpp_c"", ""ecoli|GUAPRT_num2|g1|gua_c"", ""ecoli|GUAPRT_num2|g1|prpp_c"", ""ecoli|GUI1|g1|glcur_c"", ""ecoli|HACD1_num1|g1|aacoa_c"", ""ecoli|HACD1_num1|g1|h_c"", ""ecoli|HACD1_num1|g1|nadh_c"", ""ecoli|HACD1_num2|g1|aacoa_c"", ""ecoli|HACD1_num2|g1|h_c"", ""ecoli|HACD1_num2|g1|nadh_c"", ""ecoli|HACD2_num1|g1|h_c"", ""ecoli|HACD2_num1|g1|nadh_c"", ""ecoli|HACD2_num2|g1|h_c"", ""ecoli|HACD2_num2|g1|nadh_c"", ""ecoli|HACD3_num1|g1|h_c"", ""ecoli|HACD3_num1|g1|nadh_c"", ""ecoli|HACD3_num2|g1|h_c"", ""ecoli|HACD3_num2|g1|nadh_c"", ""ecoli|HACD4_num1|g1|h_c"", ""ecoli|HACD4_num1|g1|nadh_c"", ""ecoli|HACD4_num2|g1|h_c"", ""ecoli|HACD4_num2|g1|nadh_c"", ""ecoli|HACD5_num1|g1|h_c"", ""ecoli|HACD5_num1|g1|nadh_c"", ""ecoli|HACD5_num2|g1|h_c"", ""ecoli|HACD5_num2|g1|nadh_c"", ""ecoli|HACD6_num1|g1|h_c"", ""ecoli|HACD6_num1|g1|nadh_c"", ""ecoli|HACD6_num2|g1|h_c"", ""ecoli|HACD6_num2|g1|nadh_c"", ""ecoli|HACD7_num1|g1|h_c"", ""ecoli|HACD7_num1|g1|nadh_c"", ""ecoli|HACD7_num2|g1|h_c"", ""ecoli|HACD7_num2|g1|nadh_c"", ""ecoli|HACD8_num1|g1|h_c"", ""ecoli|HACD8_num1|g1|nadh_c"", ""ecoli|HACD8_num2|g1|h_c"", ""ecoli|HACD8_num2|g1|nadh_c"", ""ecoli|HADPCOADH3|g1|nad_c"", ""ecoli|HCO3E_num1|g1|co2_c"", ""ecoli|HCO3E_num2|g1|co2_c"", ""ecoli|HCYSMT2|g1|hcys__L_c"", ""ecoli|HCYSMT|g1|hcys__L_c"", ""ecoli|HEX1|g1|glc__D_c"", ""ecoli|HISTP|g1|hisp_c"", ""ecoli|HMPK1_num1|g1|4ahmmp_c"", ""ecoli|HMPK1_num1|g1|atp_c"", ""ecoli|HMPK1_num2|g1|4ahmmp_c"", ""ecoli|HMPK1_num2|g1|atp_c"", ""ecoli|HPPPNDO|g1|dhpppn_c"", ""ecoli|HSDy_num1|g1|hom__L_c"", ""ecoli|HSDy_num2|g1|hom__L_c"", ""ecoli|HSK|g1|hom__L_c"", ""ecoli|HSST|g1|hom__L_c"", ""ecoli|HSST|g1|succoa_c"", ""ecoli|ICDHyr|g1|icit_c"", ""ecoli|ICDHyr|g1|nadp_c"", ""ecoli|ICHORS_copy1|g1|chor_c"", ""ecoli|ICHORS_copy2|g1|chor_c"", ""ecoli|ICHORT|g1|ichor_c"", ""ecoli|IGPS|g1|2cpr5p_c"", ""ecoli|ILETA|g1|ile__L_c"", ""ecoli|IMPD|g1|imp_c"", ""ecoli|INSH|g1|ins_c"", ""ecoli|IPMD_num1|g1|3c2hmp_c"", ""ecoli|IPMD_num1|g1|nad_c"", ""ecoli|IPMD_num2|g1|3c2hmp_c"", ""ecoli|IPMD_num2|g1|nad_c"", ""ecoli|KARA1|g1|23dhmb_c"", ""ecoli|KARA1|g1|nadp_c"", ""ecoli|KARA2|g1|h_c"", ""ecoli|KARA2|g1|nadph_c"", ""ecoli|KAS14_num1|g1|malACP_c"", ""ecoli|KAS14_num2|g1|malACP_c"", ""ecoli|KDOPS|g1|ara5p_c"", ""ecoli|KDOPS|g1|h2o_c"", ""ecoli|KDOPS|g1|pep_c"", ""ecoli|KG6PDC_num1|g1|3dhgulnp_c"", ""ecoli|KG6PDC_num1|g1|h_c"", ""ecoli|KG6PDC_num2|g1|3dhgulnp_c"", ""ecoli|KG6PDC_num2|g1|h_c"", ""ecoli|LCADi|g1|lald__L_c"", ""ecoli|LEUTAi_num1|g1|4mop_c"", ""ecoli|LEUTAi_num2|g1|4mop_c"", ""ecoli|LIPATPT|g1|atp_c"", ""ecoli|LSERDHr|g1|ser__L_c"", ""ecoli|LYSAM|g1|lys__L_c"", ""ecoli|LYSDC_num1|g1|lys__L_c"", ""ecoli|LYSDC_num2|g1|lys__L_c"", ""ecoli|MALS_num1|g1|glx_c"", ""ecoli|MALS_num2|g1|glx_c"", ""ecoli|MCITD|g1|2mcit_c"", ""ecoli|MCITL2|g1|micit_c"", ""ecoli|MCPST|g1|mercppyr_c"", ""ecoli|ME1|g1|mal__L_c"", ""ecoli|ME1|g1|nad_c"", ""ecoli|ME2|g1|nadp_c"", ""ecoli|MECDPS|g1|2p4c2me_c"", ""ecoli|MEPCT|g1|2me4p_c"", ""ecoli|MEPCT|g1|ctp_c"", ""ecoli|METAT|g1|atp_c"", ""ecoli|METAT|g1|met__L_c"", ""ecoli|MGSA|g1|dhap_c"", ""ecoli|MI1PP|g1|mi1p__D_c"", ""ecoli|MNNH|g1|mana_c"", ""ecoli|MTAN|g1|5mta_c"", ""ecoli|MTAN|g1|h2o_c"", ""ecoli|MTHFC|g1|methf_c"", ""ecoli|MTHFD|g1|nadp_c"", ""ecoli|MTHFR2|g1|nadh_c"", ""ecoli|NADDP_num1|g1|nad_c"", ""ecoli|NADDP_num2|g1|nad_c"", ""ecoli|NADK|g1|atp_c"", ""ecoli|NADK|g1|nad_c"", ""ecoli|NADTRHD|g1|nadph_c"", ""ecoli|NMNDA|g1|nmn_c"", ""ecoli|NNATr|g1|nicrnt_c"", ""ecoli|NODOx|g1|nadh_c"", ""ecoli|NODOx|g1|no_c"", ""ecoli|NODOy|g1|no_c"", ""ecoli|NTD10pp_num1|g1|h2o_p"", ""ecoli|NTD10pp_num2|g1|h2o_p"", ""ecoli|NTD10|g1|h2o_c"", ""ecoli|NTD11_num1|g1|h2o_c"", ""ecoli|NTD11_num2|g1|h2o_c"", ""ecoli|NTD11pp_num1|g1|h2o_p"", ""ecoli|NTD11pp_num2|g1|h2o_p"", ""ecoli|NTD1_num1|g1|dump_c"", ""ecoli|NTD1_num1|g1|h2o_c"", ""ecoli|NTD1_num2|g1|dump_c"", ""ecoli|NTD1_num2|g1|h2o_c"", ""ecoli|NTD1_num3|g1|dump_c"", ""ecoli|NTD1_num3|g1|h2o_c"", ""ecoli|NTD1_num4|g1|dump_c"", ""ecoli|NTD1_num4|g1|h2o_c"", ""ecoli|NTD1pp_num1|g1|dump_p"", ""ecoli|NTD1pp_num1|g1|h2o_p"", ""ecoli|NTD1pp_num2|g1|dump_p"", ""ecoli|NTD1pp_num2|g1|h2o_p"", ""ecoli|NTD2_num1|g1|h2o_c"", ""ecoli|NTD2_num1|g1|ump_c"", ""ecoli|NTD2_num2|g1|h2o_c"", ""ecoli|NTD2_num2|g1|ump_c"", ""ecoli|NTD2_num3|g1|h2o_c"", ""ecoli|NTD2_num3|g1|ump_c"", ""ecoli|NTD2pp_num1|g1|h2o_p"", ""ecoli|NTD2pp_num1|g1|ump_p"", ""ecoli|NTD2pp_num2|g1|h2o_p"", ""ecoli|NTD2pp_num2|g1|ump_p"", ""ecoli|NTD2pp_num3|g1|h2o_p"", ""ecoli|NTD2pp_num3|g1|ump_p"", ""ecoli|NTD3_num1|g1|dcmp_c"", ""ecoli|NTD3_num1|g1|h2o_c"", ""ecoli|NTD3_num2|g1|dcmp_c"", ""ecoli|NTD3_num2|g1|h2o_c"", ""ecoli|NTD3_num3|g1|dcmp_c"", ""ecoli|NTD3_num3|g1|h2o_c"", ""ecoli|NTD3pp_num1|g1|dcmp_p"", ""ecoli|NTD3pp_num1|g1|h2o_p"", ""ecoli|NTD3pp_num2|g1|dcmp_p"", ""ecoli|NTD3pp_num2|g1|h2o_p"", ""ecoli|NTD4_num1|g1|h2o_c"", ""ecoli|NTD4_num2|g1|h2o_c"", ""ecoli|NTD4pp_num1|g1|h2o_p"", ""ecoli|NTD4pp_num2|g1|h2o_p"", ""ecoli|NTD4pp_num3|g1|h2o_p"", ""ecoli|NTD5_num1|g1|dtmp_c"", ""ecoli|NTD5_num1|g1|h2o_c"", ""ecoli|NTD5_num2|g1|dtmp_c"", ""ecoli|NTD5_num2|g1|h2o_c"", ""ecoli|NTD5_num3|g1|dtmp_c"", ""ecoli|NTD5_num3|g1|h2o_c"", ""ecoli|NTD5_num4|g1|dtmp_c"", ""ecoli|NTD5_num4|g1|h2o_c"", ""ecoli|NTD5pp_num1|g1|dtmp_p"", ""ecoli|NTD5pp_num1|g1|h2o_p"", ""ecoli|NTD5pp_num2|g1|dtmp_p"", ""ecoli|NTD5pp_num2|g1|h2o_p"", ""ecoli|NTD6_num1|g1|damp_c"", ""ecoli|NTD6_num1|g1|h2o_c"", ""ecoli|NTD6_num2|g1|damp_c"", ""ecoli|NTD6_num2|g1|h2o_c"", ""ecoli|NTD6_num3|g1|damp_c"", ""ecoli|NTD6_num3|g1|h2o_c"", ""ecoli|NTD6pp_num1|g1|damp_p"", ""ecoli|NTD6pp_num1|g1|h2o_p"", ""ecoli|NTD6pp_num2|g1|damp_p"", ""ecoli|NTD6pp_num2|g1|h2o_p"", ""ecoli|NTD7_num1|g1|amp_c"", ""ecoli|NTD7_num1|g1|h2o_c"", ""ecoli|NTD7_num2|g1|amp_c"", ""ecoli|NTD7_num2|g1|h2o_c"", ""ecoli|NTD7_num3|g1|amp_c"", ""ecoli|NTD7_num3|g1|h2o_c"", ""ecoli|NTD7_num4|g1|amp_c"", ""ecoli|NTD7_num4|g1|h2o_c"", ""ecoli|NTD7pp_num1|g1|amp_p"", ""ecoli|NTD7pp_num1|g1|h2o_p"", ""ecoli|NTD7pp_num2|g1|amp_p"", ""ecoli|NTD7pp_num2|g1|h2o_p"", ""ecoli|NTD7pp_num3|g1|amp_p"", ""ecoli|NTD7pp_num3|g1|h2o_p"", ""ecoli|NTD8_num1|g1|dgmp_c"", ""ecoli|NTD8_num1|g1|h2o_c"", ""ecoli|NTD8_num2|g1|dgmp_c"", ""ecoli|NTD8_num2|g1|h2o_c"", ""ecoli|NTD8_num3|g1|dgmp_c"", ""ecoli|NTD8_num3|g1|h2o_c"", ""ecoli|NTD8_num4|g1|dgmp_c"", ""ecoli|NTD8_num4|g1|h2o_c"", ""ecoli|NTD8pp_num1|g1|dgmp_p"", ""ecoli|NTD8pp_num1|g1|h2o_p"", ""ecoli|NTD8pp_num2|g1|dgmp_p"", ""ecoli|NTD8pp_num2|g1|h2o_p"", ""ecoli|NTD9_num1|g1|gmp_c"", ""ecoli|NTD9_num1|g1|h2o_c"", ""ecoli|NTD9_num2|g1|gmp_c"", ""ecoli|NTD9_num2|g1|h2o_c"", ""ecoli|NTD9_num3|g1|gmp_c"", ""ecoli|NTD9_num3|g1|h2o_c"", ""ecoli|NTD9_num4|g1|gmp_c"", ""ecoli|NTD9_num4|g1|h2o_c"", ""ecoli|NTD9pp_num1|g1|gmp_p"", ""ecoli|NTD9pp_num1|g1|h2o_p"", ""ecoli|NTD9pp_num2|g1|gmp_p"", ""ecoli|NTD9pp_num2|g1|h2o_p"", ""ecoli|NTD9pp_num3|g1|gmp_p"", ""ecoli|NTD9pp_num3|g1|h2o_p"", ""ecoli|NTP1_num1|g1|h2o_c"", ""ecoli|NTP1_num2|g1|h2o_c"", ""ecoli|NTP3_num1|g1|gtp_c"", ""ecoli|NTP3_num2|g1|gtp_c"", ""ecoli|NTP3_num3|g1|gtp_c"", ""ecoli|NTP3_num4|g1|gtp_c"", ""ecoli|NTP3_num5|g1|gtp_c"", ""ecoli|NTP3_num6|g1|gtp_c"", ""ecoli|NTP3_num7|g1|gtp_c"", ""ecoli|NTP3pp|g1|gtp_p"", ""ecoli|NTPP2_num1|g1|h2o_c"", ""ecoli|NTPP2_num2|g1|h2o_c"", ""ecoli|NTPP3_num1|g1|dctp_c"", ""ecoli|NTPP3_num1|g1|h2o_c"", ""ecoli|NTPP3_num2|g1|dctp_c"", ""ecoli|NTPP3_num2|g1|h2o_c"", ""ecoli|NTPP3_num3|g1|dctp_c"", ""ecoli|NTPP3_num3|g1|h2o_c"", ""ecoli|NTPP4_num1|g1|ctp_c"", ""ecoli|NTPP4_num1|g1|h2o_c"", ""ecoli|NTPP4_num2|g1|ctp_c"", ""ecoli|NTPP4_num2|g1|h2o_c"", ""ecoli|NTPP6_num1|g1|h2o_c"", ""ecoli|NTPP6_num2|g1|h2o_c"", ""ecoli|NTPP7_num1|g1|dttp_c"", ""ecoli|NTPP7_num2|g1|dttp_c"", ""ecoli|NTPP7_num3|g1|dttp_c"", ""ecoli|NTPP8_num1|g1|h2o_c"", ""ecoli|NTPP8_num1|g1|utp_c"", ""ecoli|NTPP8_num2|g1|h2o_c"", ""ecoli|NTPP8_num2|g1|utp_c"", ""ecoli|NTPP9|g1|h2o_c"", ""ecoli|NTPTP1|g1|dgtp_c"", ""ecoli|OCBT_num1|g1|cbp_c"", ""ecoli|OCBT_num1|g1|orn_c"", ""ecoli|OCBT_num2|g1|cbp_c"", ""ecoli|OCBT_num2|g1|orn_c"", ""ecoli|OCTDPS|g1|frdp_c"", ""ecoli|OHPBAT|g1|glu__L_c"", ""ecoli|OHPBAT|g1|ohpb_c"", ""ecoli|OMPDC|g1|orot5p_c"", ""ecoli|ORNDC_num1|g1|orn_c"", ""ecoli|ORNDC_num2|g1|orn_c"", ""ecoli|OXCDC|g1|oxalcoa_c"", ""ecoli|P5CD|g1|1pyr5c_c"", ""ecoli|PANTS|g1|ala_B_c"", ""ecoli|PANTS|g1|atp_c"", ""ecoli|PANTS|g1|pant__R_c"", ""ecoli|PDX5POi|g1|pdx5p_c"", ""ecoli|PEAMNOpp|g1|peamn_p"", ""ecoli|PERD|g1|4per_c"", ""ecoli|PFK_2|g1|atp_c"", ""ecoli|PFK_3|g1|atp_c"", ""ecoli|PFK_3|g1|s7p_c"", ""ecoli|PFK_num1|g1|atp_c"", ""ecoli|PFK_num1|g1|f6p_c"", ""ecoli|PFK_num2|g1|atp_c"", ""ecoli|PFK_num2|g1|f6p_c"", ""ecoli|PGCD|g1|3pg_c"", ""ecoli|PGCD|g1|nad_c"", ""ecoli|PGK|g1|3pg_c"", ""ecoli|PGK|g1|atp_c"", ""ecoli|PGLYCP|g1|2pglyc_c"", ""ecoli|PGLYCP|g1|h2o_c"", ""ecoli|PHETA1_num1|g1|akg_c"", ""ecoli|PHETA1_num1|g1|phe__L_c"", ""ecoli|PHETA1_num2|g1|akg_c"", ""ecoli|PHETA1_num2|g1|phe__L_c"", ""ecoli|PHETA1_num3|g1|akg_c"", ""ecoli|PHETA1_num3|g1|phe__L_c"", ""ecoli|PMPK|g1|4ampm_c"", ""ecoli|PMPK|g1|atp_c"", ""ecoli|PNTK|g1|atp_c"", ""ecoli|PNTK|g1|pnto__R_c"", ""ecoli|PPA_num1|g1|ppi_c"", ""ecoli|PPA_num2|g1|ppi_c"", ""ecoli|PPA_num3|g1|ppi_c"", ""ecoli|PPCDC|g1|4ppcys_c"", ""ecoli|PPCK|g1|oaa_c"", ""ecoli|PPC|g1|pep_c"", ""ecoli|PPNCL2|g1|4ppan_c"", ""ecoli|PPNDH|g1|pphn_c"", ""ecoli|PPND|g1|nad_c"", ""ecoli|PPND|g1|pphn_c"", ""ecoli|PRAIi|g1|pran_c"", ""ecoli|PSCVT|g1|pep_c"", ""ecoli|PSCVT|g1|skm5p_c"", ""ecoli|PSERT|g1|3php_c"", ""ecoli|PSERT|g1|glu__L_c"", ""ecoli|PTA2|g1|pi_c"", ""ecoli|PTAr_num1|g1|accoa_c"", ""ecoli|PTAr_num1|g1|pi_c"", ""ecoli|PTAr_num2|g1|accoa_c"", ""ecoli|PTAr_num2|g1|pi_c"", ""ecoli|PUNP1|g1|adn_c"", ""ecoli|PUNP1|g1|pi_c"", ""ecoli|PUNP2|g1|pi_c"", ""ecoli|PUNP3_num1|g1|pi_c"", ""ecoli|PUNP3_num2|g1|pi_c"", ""ecoli|PUNP4_num1|g1|pi_c"", ""ecoli|PUNP4_num2|g1|pi_c"", ""ecoli|PUNP5_num1|g1|ins_c"", ""ecoli|PUNP5_num1|g1|pi_c"", ""ecoli|PUNP5_num2|g1|ins_c"", ""ecoli|PUNP5_num2|g1|pi_c"", ""ecoli|PUNP6_num1|g1|pi_c"", ""ecoli|PUNP6_num2|g1|pi_c"", ""ecoli|PUNP7|g1|pi_c"", ""ecoli|PYAM5PO|g1|pyam5p_c"", ""ecoli|PYDAMK|g1|pydam_c"", ""ecoli|PYDXK_num1|g1|pydx_c"", ""ecoli|PYDXK_num2|g1|pydx_c"", ""ecoli|PYDXNK|g1|pydxn_c"", ""ecoli|QUINDH|g1|nad_c"", ""ecoli|QUINDH|g1|quin_c"", ""ecoli|RBFSa|g1|4r5au_c"", ""ecoli|RBFSb|g1|dmlz_c"", ""ecoli|RBK_L1|g1|atp_c"", ""ecoli|RBK_L1|g1|rbl__L_c"", ""ecoli|RBP4E_num1|g1|ru5p__L_c"", ""ecoli|RBP4E_num2|g1|ru5p__L_c"", ""ecoli|RBP4E_num3|g1|ru5p__L_c"", ""ecoli|RHCCE|g1|rhcys_c"", ""ecoli|RMPA|g1|rml1p_c"", ""ecoli|S7PI|g1|s7p_c"", ""ecoli|SEPHCHCS|g1|akg_c"", ""ecoli|SEPHCHCS|g1|ichor_c"", ""ecoli|SERAT|g1|accoa_c"", ""ecoli|SERD_D|g1|ser__D_c"", ""ecoli|SERD_L_num1|g1|ser__L_c"", ""ecoli|SERD_L_num2|g1|ser__L_c"", ""ecoli|SERD_L_num3|g1|ser__L_c"", ""ecoli|SERD_L_num4|g1|ser__L_c"", ""ecoli|SERD_L_num5|g1|ser__L_c"", ""ecoli|SFGTHi_num1|g1|Sfglutth_c"", ""ecoli|SFGTHi_num1|g1|h2o_c"", ""ecoli|SFGTHi_num2|g1|Sfglutth_c"", ""ecoli|SFGTHi_num2|g1|h2o_c"", ""ecoli|SHK3Dr|g1|3dhsk_c"", ""ecoli|SHK3Dr|g1|h_c"", ""ecoli|SHK3Dr|g1|nadph_c"", ""ecoli|SHKK_num1|g1|atp_c"", ""ecoli|SHKK_num1|g1|skm_c"", ""ecoli|SHKK_num2|g1|atp_c"", ""ecoli|SHKK_num2|g1|skm_c"", ""ecoli|SHSL1|g1|cys__L_c"", ""ecoli|SHSL1|g1|suchms_c"", ""ecoli|SOTA|g1|sucorn_c"", ""ecoli|SPMS|g1|ametam_c"", ""ecoli|SSALx|g1|nad_c"", ""ecoli|SSALx|g1|sucsal_c"", ""ecoli|SSALy_num1|g1|sucsal_c"", ""ecoli|SSALy_num2|g1|sucsal_c"", ""ecoli|TALA_num1|g1|g3p_c"", ""ecoli|TALA_num2|g1|g3p_c"", ""ecoli|TAUDO|g1|akg_c"", ""ecoli|TAUDO|g1|taur_c"", ""ecoli|TDPAGTA|g1|dtdp4d6dg_c"", ""ecoli|TDPGDH_num1|g1|dtdpglu_c"", ""ecoli|TDPGDH_num2|g1|dtdpglu_c"", ""ecoli|THRA_num1|g1|thr__L_c"", ""ecoli|THRA_num2|g1|thr__L_c"", ""ecoli|THRD_L_num1|g1|thr__L_c"", ""ecoli|THRD_L_num2|g1|thr__L_c"", ""ecoli|THRD_num1|g1|thr__L_c"", ""ecoli|THRD_num2|g1|thr__L_c"", ""ecoli|THRS|g1|phom_c"", ""ecoli|TMDPP|g1|thymd_c"", ""ecoli|TRE6PS|g1|g6p_c"", ""ecoli|TRE6PS|g1|udpg_c"", ""ecoli|TREHpp|g1|tre_p"", ""ecoli|TREH|g1|tre_c"", ""ecoli|TRPAS2|g1|trp__L_c"", ""ecoli|TRSARr_num1|g1|2h3oppan_c"", ""ecoli|TRSARr_num1|g1|h_c"", ""ecoli|TRSARr_num1|g1|nadh_c"", ""ecoli|TRSARr_num2|g1|2h3oppan_c"", ""ecoli|TRSARr_num2|g1|h_c"", ""ecoli|TRSARr_num2|g1|nadh_c"", ""ecoli|TYRTA_num1|g1|akg_c"", ""ecoli|TYRTA_num1|g1|tyr__L_c"", ""ecoli|TYRTA_num2|g1|akg_c"", ""ecoli|TYRTA_num2|g1|tyr__L_c"", ""ecoli|TYRTA_num3|g1|akg_c"", ""ecoli|TYRTA_num3|g1|tyr__L_c"", ""ecoli|U23GAAT|g1|u3hga_c"", ""ecoli|UAG2E|g1|uacgam_c"", ""ecoli|UAGCVT|g1|pep_c"", ""ecoli|UAGCVT|g1|uacgam_c"", ""ecoli|UAGDP|g1|acgam1p_c"", ""ecoli|UAGDP|g1|utp_c"", ""ecoli|UAGPT3|g1|uacgam_c"", ""ecoli|UAMAS|g1|ala__L_c"", ""ecoli|UDCPDPS|g1|frdp_c"", ""ecoli|UDCPDPS|g1|ipdp_c"", ""ecoli|UDPG4E|g1|udpg_c"", ""ecoli|UDPGD|g1|nad_c"", ""ecoli|UDPGPpp|g1|h2o_p"", ""ecoli|UDPGPpp|g1|udpg_p"", ""ecoli|UGLT|g1|gal1p_c"", ""ecoli|UPP3S|g1|hmbil_c"", ""ecoli|URDGLYCD|g1|nad_c"", ""ecoli|URDGLYCD|g1|urdglyc_c"", ""ecoli|URIH_num1|g1|uri_c"", ""ecoli|URIH_num2|g1|uri_c"", ""ecoli|URIH_num3|g1|uri_c"", ""ecoli|VALTA|g1|val__L_c"", ""ecoli|XPPT|g1|prpp_c"", ""ecoli|XPPT|g1|xan_c"", ""ecoli|XYLK_num1|g1|xylu__D_c"", ""ecoli|XYLK_num2|g1|xylu__D_c"", ""yeast|r_0012|g1|s_0119"", ""yeast|r_0018|g1|s_0991"", ""yeast|r_0018|g2|s_0991"", ""yeast|r_0018|g3|s_0991"", ""yeast|r_0024|g1|s_0232"", ""yeast|r_0024|g2|s_0232"", ""yeast|r_0025|g1|s_0233"", ""yeast|r_0028|g1|s_0807"", ""yeast|r_0028|g1|s_1273"", ""yeast|r_0028|g1|s_1382"", ""yeast|r_0062|g1|s_0232"", ""yeast|r_0062|g2|s_0232"", ""yeast|r_0062|g3|s_0232"", ""yeast|r_0085|g1|s_1012"", ""yeast|r_0108|g1|s_0437"", ""yeast|r_0115|g1|s_0437"", ""yeast|r_0115|g1|s_1192"", ""yeast|r_0138|g1|s_0383"", ""yeast|r_0142|g1|s_0386"", ""yeast|r_0163|g1|s_0680"", ""yeast|r_0163|g1|s_1198"", ""yeast|r_0165|g1|s_0361"", ""yeast|r_0165|g1|s_0799"", ""yeast|r_0165|g1|s_1205"", ""yeast|r_0165|g2|s_0361"", ""yeast|r_0165|g2|s_0799"", ""yeast|r_0165|g2|s_1205"", ""yeast|r_0166|g1|s_0794"", ""yeast|r_0166|g1|s_1203"", ""yeast|r_0166|g2|s_0794"", ""yeast|r_0166|g2|s_1203"", ""yeast|r_0166|g3|s_0794"", ""yeast|r_0166|g3|s_1203"", ""yeast|r_0167|g1|s_0799"", ""yeast|r_0167|g1|s_1205"", ""yeast|r_0167|g2|s_0799"", ""yeast|r_0167|g2|s_1205"", ""yeast|r_0168|g1|s_0166"", ""yeast|r_0168|g1|s_0794"", ""yeast|r_0168|g1|s_1212"", ""yeast|r_0168|g2|s_0166"", ""yeast|r_0168|g2|s_0794"", ""yeast|r_0168|g2|s_1212"", ""yeast|r_0168|g3|s_0166"", ""yeast|r_0168|g3|s_0794"", ""yeast|r_0168|g3|s_1212"", ""yeast|r_0169|g1|s_0794"", ""yeast|r_0169|g1|s_1203"", ""yeast|r_0169|g2|s_0794"", ""yeast|r_0169|g2|s_1203"", ""yeast|r_0169|g3|s_0794"", ""yeast|r_0169|g3|s_1203"", ""yeast|r_0170|g1|s_0799"", ""yeast|r_0170|g1|s_1205"", ""yeast|r_0170|g2|s_0799"", ""yeast|r_0170|g2|s_1205"", ""yeast|r_0171|g1|s_0794"", ""yeast|r_0171|g1|s_1212"", ""yeast|r_0171|g2|s_0794"", ""yeast|r_0171|g2|s_1212"", ""yeast|r_0173|g1|s_0359"", ""yeast|r_0173|g1|s_0803"", ""yeast|r_0173|g1|s_1207"", ""yeast|r_0177|g1|s_0803"", ""yeast|r_0177|g1|s_1207"", ""yeast|r_0179|g1|s_0794"", ""yeast|r_0179|g1|s_1203"", ""yeast|r_0179|g2|s_0794"", ""yeast|r_0179|g2|s_1203"", ""yeast|r_0179|g3|s_0794"", ""yeast|r_0179|g3|s_1203"", ""yeast|r_0180|g1|s_0799"", ""yeast|r_0180|g1|s_1205"", ""yeast|r_0180|g2|s_0799"", ""yeast|r_0180|g2|s_1205"", ""yeast|r_0181|g1|s_0234"", ""yeast|r_0181|g1|s_0794"", ""yeast|r_0181|g1|s_1212"", ""yeast|r_0181|g2|s_0234"", ""yeast|r_0181|g2|s_0794"", ""yeast|r_0181|g2|s_1212"", ""yeast|r_0182|g1|s_0794"", ""yeast|r_0182|g1|s_1203"", ""yeast|r_0182|g2|s_0794"", ""yeast|r_0182|g2|s_1203"", ""yeast|r_0182|g3|s_0794"", ""yeast|r_0182|g3|s_1203"", ""yeast|r_0183|g1|s_0799"", ""yeast|r_0183|g1|s_1205"", ""yeast|r_0183|g2|s_0799"", ""yeast|r_0183|g2|s_1205"", ""yeast|r_0184|g1|s_0794"", ""yeast|r_0184|g1|s_1212"", ""yeast|r_0184|g2|s_0794"", ""yeast|r_0184|g2|s_1212"", ""yeast|r_0186|g1|s_0794"", ""yeast|r_0186|g1|s_1203"", ""yeast|r_0186|g2|s_0794"", ""yeast|r_0186|g2|s_1203"", ""yeast|r_0186|g3|s_0794"", ""yeast|r_0186|g3|s_1203"", ""yeast|r_0187|g1|s_0799"", ""yeast|r_0187|g1|s_1205"", ""yeast|r_0187|g2|s_0799"", ""yeast|r_0187|g2|s_1205"", ""yeast|r_0191|g1|s_1554"", ""yeast|r_0202|g1|s_0427"", ""yeast|r_0202|g1|s_1386"", ""yeast|r_0209|g1|s_0965"", ""yeast|r_0210|g1|s_0967"", ""yeast|r_0215|g1|s_0434"", ""yeast|r_0215|g1|s_0973"", ""yeast|r_0222|g1|s_0394"", ""yeast|r_0223|g1|s_0394"", ""yeast|r_0273|g1|s_0512"", ""yeast|r_0274|g1|s_0514"", ""yeast|r_0278|g1|s_0515"", ""yeast|r_0300|g1|s_0376"", ""yeast|r_0300|g1|s_0807"", ""yeast|r_0300|g1|s_1273"", ""yeast|r_0300|g2|s_0376"", ""yeast|r_0300|g2|s_0807"", ""yeast|r_0300|g2|s_1273"", ""yeast|r_0301|g1|s_0378"", ""yeast|r_0309|g1|s_1012"", ""yeast|r_0309|g1|s_1039"", ""yeast|r_0310|g1|s_0980"", ""yeast|r_0318|g1|s_0545"", ""yeast|r_0330|g1|s_0434"", ""yeast|r_0330|g1|s_0615"", ""yeast|r_0344|g1|s_0625"", ""yeast|r_0345|g1|s_0626"", ""yeast|r_0361|g1|s_0743"", ""yeast|r_0364|g1|s_0656"", ""yeast|r_0364|g2|s_0656"", ""yeast|r_0366|g1|s_0188"", ""yeast|r_0366|g2|s_0188"", ""yeast|r_0366|g3|s_0188"", ""yeast|r_0366|g4|s_0188"", ""yeast|r_0366|g5|s_0188"", ""yeast|r_0373|g1|s_0190"", ""yeast|r_0373|g1|s_0943"", ""yeast|r_0443|g1|s_0721"", ""yeast|r_0443|g1|s_1198"", ""yeast|r_0449|g1|s_0555"", ""yeast|r_0453|g1|s_0061"", ""yeast|r_0458|g1|s_0434"", ""yeast|r_0458|g1|s_0558"", ""yeast|r_0459|g1|s_0410"", ""yeast|r_0464|g1|s_0774"", ""yeast|r_0469|g1|s_0991"", ""yeast|r_0471|g1|s_0180"", ""yeast|r_0471|g2|s_0180"", ""yeast|r_0477|g1|s_0557"", ""yeast|r_0477|g1|s_0999"", ""yeast|r_0478|g1|s_0999"", ""yeast|r_0479|g1|s_0991"", ""yeast|r_0480|g1|s_0993"", ""yeast|r_0486|g1|s_0764"", ""yeast|r_0486|g2|s_0764"", ""yeast|r_0486|g3|s_0764"", ""yeast|r_0526|g1|s_0787"", ""yeast|r_0528|g1|s_0434"", ""yeast|r_0528|g1|s_0782"", ""yeast|r_0529|g1|s_0782"", ""yeast|r_0533|g1|s_0434"", ""yeast|r_0533|g2|s_0434"", ""yeast|r_0533|g3|s_0434"", ""yeast|r_0534|g1|s_0434"", ""yeast|r_0534|g1|s_0563"", ""yeast|r_0534|g2|s_0434"", ""yeast|r_0534|g2|s_0563"", ""yeast|r_0534|g3|s_0434"", ""yeast|r_0534|g3|s_0563"", ""yeast|r_0534|g4|s_0434"", ""yeast|r_0534|g4|s_0563"", ""yeast|r_0534|g5|s_0434"", ""yeast|r_0534|g5|s_0563"", ""yeast|r_0535|g1|s_0434"", ""yeast|r_0535|g2|s_0434"", ""yeast|r_0535|g3|s_0434"", ""yeast|r_0539|g1|s_0434"", ""yeast|r_0539|g1|s_1006"", ""yeast|r_0540|g1|s_0437"", ""yeast|r_0540|g1|s_1008"", ""yeast|r_0543|g1|s_0183"", ""yeast|r_0543|g1|s_0377"", ""yeast|r_0543|g1|s_0808"", ""yeast|r_0543|g2|s_0183"", ""yeast|r_0543|g2|s_0377"", ""yeast|r_0543|g2|s_0808"", ""yeast|r_0545|g1|s_0836"", ""yeast|r_0546|g1|s_0794"", ""yeast|r_0546|g1|s_0978"", ""yeast|r_0547|g1|s_0794"", ""yeast|r_0547|g1|s_0978"", ""yeast|r_0547|g1|s_1212"", ""yeast|r_0553|g1|s_0033"", ""yeast|r_0554|g1|s_0034"", ""yeast|r_0567|g1|s_0855"", ""yeast|r_0567|g2|s_0855"", ""yeast|r_0567|g3|s_0855"", ""yeast|r_0568|g1|s_0633"", ""yeast|r_0569|g1|s_0636"", ""yeast|r_0667|g1|s_0943"", ""yeast|r_0674|g1|s_0182"", ""yeast|r_0674|g1|s_0957"", ""yeast|r_0675|g1|s_0958"", ""yeast|r_0676|g1|s_0958"", ""yeast|r_0679|g1|s_0969"", ""yeast|r_0680|g1|s_0970"", ""yeast|r_0680|g2|s_0970"", ""yeast|r_0680|g3|s_0970"", ""yeast|r_0680|g4|s_0970"", ""yeast|r_0690|g1|s_1039"", ""yeast|r_0697|g1|s_0750"", ""yeast|r_0697|g1|s_1151"", ""yeast|r_0701|g1|s_1021"", ""yeast|r_0702|g1|s_1023"", ""yeast|r_0723|g1|s_0574"", ""yeast|r_0727|g1|s_1012"", ""yeast|r_0739|g1|s_0018"", ""yeast|r_0760|g1|s_0373"", ""yeast|r_0760|g1|s_0412"", ""yeast|r_0762|g1|s_1195"", ""yeast|r_0764|g1|s_1202"", ""yeast|r_0765|g1|s_1198"", ""yeast|r_0765|g2|s_1198"", ""yeast|r_0766|g1|s_1200"", ""yeast|r_0766|g2|s_1200"", ""yeast|r_0766|g3|s_1200"", ""yeast|r_0768|g1|s_0999"", ""yeast|r_0769|g1|s_1001"", ""yeast|r_0770|g1|s_1203"", ""yeast|r_0770|g2|s_1203"", ""yeast|r_0771|g1|s_1203"", ""yeast|r_0771|g2|s_1203"", ""yeast|r_0772|g1|s_1205"", ""yeast|r_0772|g2|s_1205"", ""yeast|r_0772|g3|s_1205"", ""yeast|r_0773|g1|s_1205"", ""yeast|r_0781|g1|s_1216"", ""yeast|r_0799|g1|s_0647"", ""yeast|r_0810|g1|s_0740"", ""yeast|r_0815|g1|s_0981"", ""yeast|r_0815|g2|s_0981"", ""yeast|r_0815|g3|s_0981"", ""yeast|r_0817|g1|s_1266"", ""yeast|r_0821|g1|s_1270"", ""yeast|r_0851|g1|s_1032"", ""yeast|r_0853|g1|s_1034"", ""yeast|r_0854|g1|s_0951"", ""yeast|r_0884|g1|s_0434"", ""yeast|r_0884|g1|s_1271"", ""yeast|r_0889|g1|s_0340"", ""yeast|r_0889|g1|s_1207"", ""yeast|r_0889|g2|s_0340"", ""yeast|r_0889|g2|s_1207"", ""yeast|r_0892|g1|s_0075"", ""yeast|r_0892|g1|s_0394"", ""yeast|r_0893|g1|s_0260"", ""yeast|r_0893|g2|s_0260"", ""yeast|r_0913|g1|s_1187"", ""yeast|r_0936|g1|s_1181"", ""yeast|r_0937|g1|s_1442"", ""yeast|r_0938|g1|s_1377"", ""yeast|r_0941|g1|s_1035"", ""yeast|r_0943|g1|s_1218"", ""yeast|r_0954|g1|s_1395"", ""yeast|r_0955|g1|s_1398"", ""yeast|r_0958|g1|s_0434"", ""yeast|r_0958|g1|s_0445"", ""yeast|r_0958|g1|s_1399"", ""yeast|r_0958|g2|s_0434"", ""yeast|r_0958|g2|s_0445"", ""yeast|r_0958|g2|s_1399"", ""yeast|r_0959|g1|s_1399"", ""yeast|r_0959|g2|s_1399"", ""yeast|r_0959|g3|s_1399"", ""yeast|r_0960|g1|s_1399"", ""yeast|r_0960|g2|s_1399"", ""yeast|r_0960|g3|s_1399"", ""yeast|r_0962|g1|s_0394"", ""yeast|r_0962|g1|s_1360"", ""yeast|r_0962|g2|s_0394"", ""yeast|r_0962|g2|s_1360"", ""yeast|r_0984|g1|s_0577"", ""yeast|r_0986|g1|s_1416"", ""yeast|r_0986|g1|s_1569"", ""yeast|r_0995|g1|s_0434"", ""yeast|r_0995|g1|s_1039"", ""yeast|r_0995|g2|s_0434"", ""yeast|r_0995|g2|s_1039"", ""yeast|r_1012|g1|s_0190"", ""yeast|r_1024|g1|s_1466"", ""yeast|r_1038|g1|s_1212"", ""yeast|r_1040|g1|s_1045"", ""yeast|r_1042|g1|s_1045"", ""yeast|r_1043|g1|s_1047"", ""yeast|r_1049|g1|s_0581"", ""yeast|r_1049|g2|s_0581"", ""yeast|r_1050|g1|s_0551"", ""yeast|r_1050|g1|s_0581"", ""yeast|r_1050|g2|s_0551"", ""yeast|r_1050|g2|s_0581"", ""yeast|r_1054|g1|s_0629"", ""yeast|r_1063|g1|s_0991"", ""yeast|r_1066|g1|s_1051"", ""yeast|r_1067|g1|s_1053"", ""yeast|r_1071|g1|s_0410"", ""yeast|r_1094|g1|s_0434"", ""yeast|r_1094|g1|s_0580"", ""yeast|r_1838|g1|s_0182"", ""yeast|r_1838|g1|s_0376"", ""yeast|r_1838|g1|s_0807"", ""yeast|r_1838|g2|s_0182"", ""yeast|r_1838|g2|s_0376"", ""yeast|r_1838|g2|s_0807"", ""yeast|r_2115|g1|s_0359"", ""yeast|r_2115|g1|s_0794"", ""yeast|r_2115|g1|s_1203"", ""yeast|r_2115|g2|s_0359"", ""yeast|r_2115|g2|s_0794"", ""yeast|r_2115|g2|s_1203"", ""yeast|r_2145|g1|s_1214"", ""yeast|r_2146|g1|s_1214"", ""yeast|r_2147|g1|s_1214"", ""yeast|r_2432|g1|s_3083"", ""yeast|r_2433|g1|s_3083"", ""yeast|r_2434|g1|s_3083"", ""yeast|r_2435|g1|s_3083"", ""yeast|r_2436|g1|s_3083"", ""yeast|r_2437|g1|s_3083"", ""yeast|r_2438|g1|s_3083"", ""yeast|r_2439|g1|s_3083"", ""yeast|r_2440|g1|s_3093"", ""yeast|r_2441|g1|s_3093"", ""yeast|r_2442|g1|s_3093"", ""yeast|r_2443|g1|s_3093"", ""yeast|r_2444|g1|s_3093"", ""yeast|r_2445|g1|s_3093"", ""yeast|r_2820|g1|s_2856"", ""yeast|r_2820|g2|s_2856"", ""yeast|r_2821|g1|s_2856"", ""yeast|r_2821|g2|s_2856"", ""yeast|r_2822|g1|s_2856"", ""yeast|r_2822|g2|s_2856"", ""yeast|r_2823|g1|s_2856"", ""yeast|r_2823|g2|s_2856"", ""yeast|r_2824|g1|s_2856"", ""yeast|r_2824|g2|s_2856"", ""yeast|r_2825|g1|s_2856"", ""yeast|r_2825|g2|s_2856"", ""yeast|r_2826|g1|s_2856"", ""yeast|r_2826|g2|s_2856"", ""yeast|r_2827|g1|s_2856"", ""yeast|r_2827|g2|s_2856"", ""yeast|r_2828|g1|s_3341"", ""yeast|r_2829|g1|s_3341"", ""yeast|r_2830|g1|s_3341"", ""yeast|r_2831|g1|s_3341"", ""yeast|r_2832|g1|s_3341"", ""yeast|r_2833|g1|s_3341"", ""yeast|r_2834|g1|s_3341"", ""yeast|r_2835|g1|s_3341"", ""yeast|r_2844|g1|s_0438"", ""yeast|r_2845|g1|s_0438"", ""yeast|r_2846|g1|s_0438"", ""yeast|r_2847|g1|s_0438"", ""yeast|r_2848|g1|s_0438"", ""yeast|r_2849|g1|s_0438"", ""yeast|r_2850|g1|s_0438"", ""yeast|r_2851|g1|s_0438"", ""yeast|r_4045|g1|s_1556"", ""yeast|r_4157|g1|s_3760"", ""yeast|r_4157|g2|s_3760"", ""yeast|r_4160|g1|s_3761"", ""yeast|r_4184|g1|s_3806"", ""yeast|r_4187|g1|s_1037"", ""yeast|r_4217|g1|s_0926"", ""yeast|r_4226|g1|s_0180"", ""yeast|r_4226|g1|s_0955"", ""yeast|r_4248|g1|s_3904"", ""yeast|r_4251|g1|s_0541"", ""yeast|r_4251|g1|s_3907"", ""yeast|r_4283|g1|s_0434"", ""yeast|r_4284|g1|s_0434"", ""yeast|r_4284|g1|s_3949"", ""yeast|r_4285|g1|s_0434"", ""yeast|r_4285|g1|s_3951"", ""yeast|r_4286|g1|s_0434"", ""yeast|r_4287|g1|s_0434"", ""yeast|r_4288|g1|s_3952"", ""yeast|r_4312|g1|s_1416"", ""yeast|r_4312|g1|s_3991"", ""yeast|r_4317|g1|s_3998"", ""yeast|r_4318|g1|s_3999"", ""yeast|r_4333|g1|s_4018"", ""yeast|r_4333|g2|s_4018"", ""yeast|r_4340|g1|s_0373"", ""yeast|r_4652|g1|s_0794"", ""yeast|r_4652|g1|s_1203"", ""yeast|r_4652|g1|s_4232"", ""yeast|r_4652|g2|s_0794"", ""yeast|r_4652|g2|s_1203"", ""yeast|r_4652|g2|s_4232"", ""yeast|r_4652|g3|s_0794"", ""yeast|r_4652|g3|s_1203"", ""yeast|r_4652|g3|s_4232"", ""yeast|r_4653|g1|s_0799"", ""yeast|r_4653|g1|s_1205"", ""yeast|r_4653|g1|s_4234"", ""yeast|r_4653|g2|s_0799"", ""yeast|r_4653|g2|s_1205"", ""yeast|r_4653|g2|s_4234"", ""yeast|r_4654|g1|s_0794"", ""yeast|r_4654|g1|s_1212"", ""yeast|r_4654|g1|s_4232"", ""yeast|r_4654|g2|s_0794"", ""yeast|r_4654|g2|s_1212"", ""yeast|r_4654|g2|s_4232"", ""yeast|r_4654|g3|s_0794"", ""yeast|r_4654|g3|s_1212"", ""yeast|r_4654|g3|s_4232"", ""yeast|r_4661|g1|s_0794"", ""yeast|r_4661|g1|s_1203"", ""yeast|r_4661|g2|s_0794"", ""yeast|r_4661|g2|s_1203"", ""yeast|r_4661|g3|s_0794"", ""yeast|r_4661|g3|s_1203"", ""yeast|r_4662|g1|s_0799"", ""yeast|r_4662|g1|s_1205"", ""yeast|r_4662|g2|s_0799"", ""yeast|r_4662|g2|s_1205"", ""yeast|r_4663|g1|s_0794"", ""yeast|r_4663|g1|s_1212"", ""yeast|r_4663|g2|s_0794"", ""yeast|r_4663|g2|s_1212"", ""yeast|r_4663|g3|s_0794"", ""yeast|r_4663|g3|s_1212"", ""yeast|r_4670|g1|s_0794"", ""yeast|r_4670|g1|s_1203"", ""yeast|r_4670|g2|s_0794"", ""yeast|r_4670|g2|s_1203"", ""yeast|r_4670|g3|s_0794"", ""yeast|r_4670|g3|s_1203"", ""yeast|r_4671|g1|s_0799"", ""yeast|r_4671|g1|s_1205"", ""yeast|r_4671|g2|s_0799"", ""yeast|r_4671|g2|s_1205"", ""yeast|r_4672|g1|s_0794"", ""yeast|r_4672|g1|s_1212"", ""yeast|r_4672|g2|s_0794"", ""yeast|r_4672|g2|s_1212"", ""yeast|r_4672|g3|s_0794"", ""yeast|r_4672|g3|s_1212"", ""yeast|r_4723|g1|s_4290"", ""yeast|r_4723|g2|s_4290"", ""yeast|r_4724|g1|s_4291"", ""yeast|r_4724|g2|s_4291"", ""yeast|r_4725|g1|s_4292"", ""yeast|r_4725|g2|s_4292"", ""yeast|r_4755|g1|s_1401"", ""yeast|r_4755|g2|s_1401"", ""yeast|r_4774|g1|s_4325""]"
truth,experimental truth Quinate,PASS,C1[C@H](C([C@@H](CC1(C(=O)O)O)O)O)O,C1[C@H](C([C@@H](CC1(C(=O)O)O)O)O)O
truth,all v1.1 entry IDs preserved,PASS,0,0
truth,new E. coli rows,PASS,268,268
truth,yeast entry set unchanged from v1.1,PASS,"[""yeast|r_0012|g1|s_0119"", ""yeast|r_0018|g1|s_0991"", ""yeast|r_0018|g2|s_0991"", ""yeast|r_0018|g3|s_0991"", ""yeast|r_0024|g1|s_0232"", ""yeast|r_0024|g2|s_0232"", ""yeast|r_0025|g1|s_0233"", ""yeast|r_0028|g1|s_0807"", ""yeast|r_0028|g1|s_1273"", ""yeast|r_0028|g1|s_1382"", ""yeast|r_0062|g1|s_0232"", ""yeast|r_0062|g2|s_0232"", ""yeast|r_0062|g3|s_0232"", ""yeast|r_0085|g1|s_1012"", ""yeast|r_0108|g1|s_0437"", ""yeast|r_0115|g1|s_0437"", ""yeast|r_0115|g1|s_1192"", ""yeast|r_0138|g1|s_0383"", ""yeast|r_0142|g1|s_0386"", ""yeast|r_0163|g1|s_0680"", ""yeast|r_0163|g1|s_1198"", ""yeast|r_0165|g1|s_0361"", ""yeast|r_0165|g1|s_0799"", ""yeast|r_0165|g1|s_1205"", ""yeast|r_0165|g2|s_0361"", ""yeast|r_0165|g2|s_0799"", ""yeast|r_0165|g2|s_1205"", ""yeast|r_0166|g1|s_0794"", ""yeast|r_0166|g1|s_1203"", ""yeast|r_0166|g2|s_0794"", ""yeast|r_0166|g2|s_1203"", ""yeast|r_0166|g3|s_0794"", ""yeast|r_0166|g3|s_1203"", ""yeast|r_0167|g1|s_0799"", ""yeast|r_0167|g1|s_1205"", ""yeast|r_0167|g2|s_0799"", ""yeast|r_0167|g2|s_1205"", ""yeast|r_0168|g1|s_0166"", ""yeast|r_0168|g1|s_0794"", ""yeast|r_0168|g1|s_1212"", ""yeast|r_0168|g2|s_0166"", ""yeast|r_0168|g2|s_0794"", ""yeast|r_0168|g2|s_1212"", ""yeast|r_0168|g3|s_0166"", ""yeast|r_0168|g3|s_0794"", ""yeast|r_0168|g3|s_1212"", ""yeast|r_0169|g1|s_0794"", ""yeast|r_0169|g1|s_1203"", ""yeast|r_0169|g2|s_0794"", ""yeast|r_0169|g2|s_1203"", ""yeast|r_0169|g3|s_0794"", ""yeast|r_0169|g3|s_1203"", ""yeast|r_0170|g1|s_0799"", ""yeast|r_0170|g1|s_1205"", ""yeast|r_0170|g2|s_0799"", ""yeast|r_0170|g2|s_1205"", ""yeast|r_0171|g1|s_0794"", ""yeast|r_0171|g1|s_1212"", ""yeast|r_0171|g2|s_0794"", ""yeast|r_0171|g2|s_1212"", ""yeast|r_0173|g1|s_0359"", ""yeast|r_0173|g1|s_0803"", ""yeast|r_0173|g1|s_1207"", ""yeast|r_0177|g1|s_0803"", ""yeast|r_0177|g1|s_1207"", ""yeast|r_0179|g1|s_0794"", ""yeast|r_0179|g1|s_1203"", ""yeast|r_0179|g2|s_0794"", ""yeast|r_0179|g2|s_1203"", ""yeast|r_0179|g3|s_0794"", ""yeast|r_0179|g3|s_1203"", ""yeast|r_0180|g1|s_0799"", ""yeast|r_0180|g1|s_1205"", ""yeast|r_0180|g2|s_0799"", ""yeast|r_0180|g2|s_1205"", ""yeast|r_0181|g1|s_0234"", ""yeast|r_0181|g1|s_0794"", ""yeast|r_0181|g1|s_1212"", ""yeast|r_0181|g2|s_0234"", ""yeast|r_0181|g2|s_0794"", ""yeast|r_0181|g2|s_1212"", ""yeast|r_0182|g1|s_0794"", ""yeast|r_0182|g1|s_1203"", ""yeast|r_0182|g2|s_0794"", ""yeast|r_0182|g2|s_1203"", ""yeast|r_0182|g3|s_0794"", ""yeast|r_0182|g3|s_1203"", ""yeast|r_0183|g1|s_0799"", ""yeast|r_0183|g1|s_1205"", ""yeast|r_0183|g2|s_0799"", ""yeast|r_0183|g2|s_1205"", ""yeast|r_0184|g1|s_0794"", ""yeast|r_0184|g1|s_1212"", ""yeast|r_0184|g2|s_0794"", ""yeast|r_0184|g2|s_1212"", ""yeast|r_0186|g1|s_0794"", ""yeast|r_0186|g1|s_1203"", ""yeast|r_0186|g2|s_0794"", ""yeast|r_0186|g2|s_1203"", ""yeast|r_0186|g3|s_0794"", ""yeast|r_0186|g3|s_1203"", ""yeast|r_0187|g1|s_0799"", ""yeast|r_0187|g1|s_1205"", ""yeast|r_0187|g2|s_0799"", ""yeast|r_0187|g2|s_1205"", ""yeast|r_0191|g1|s_1554"", ""yeast|r_0202|g1|s_0427"", ""yeast|r_0202|g1|s_1386"", ""yeast|r_0209|g1|s_0965"", ""yeast|r_0210|g1|s_0967"", ""yeast|r_0215|g1|s_0434"", ""yeast|r_0215|g1|s_0973"", ""yeast|r_0222|g1|s_0394"", ""yeast|r_0223|g1|s_0394"", ""yeast|r_0273|g1|s_0512"", ""yeast|r_0274|g1|s_0514"", ""yeast|r_0278|g1|s_0515"", ""yeast|r_0300|g1|s_0376"", ""yeast|r_0300|g1|s_0807"", ""yeast|r_0300|g1|s_1273"", ""yeast|r_0300|g2|s_0376"", ""yeast|r_0300|g2|s_0807"", ""yeast|r_0300|g2|s_1273"", ""yeast|r_0301|g1|s_0378"", ""yeast|r_0309|g1|s_1012"", ""yeast|r_0309|g1|s_1039"", ""yeast|r_0310|g1|s_0980"", ""yeast|r_0318|g1|s_0545"", ""yeast|r_0330|g1|s_0434"", ""yeast|r_0330|g1|s_0615"", ""yeast|r_0344|g1|s_0625"", ""yeast|r_0345|g1|s_0626"", ""yeast|r_0361|g1|s_0743"", ""yeast|r_0364|g1|s_0656"", ""yeast|r_0364|g2|s_0656"", ""yeast|r_0366|g1|s_0188"", ""yeast|r_0366|g2|s_0188"", ""yeast|r_0366|g3|s_0188"", ""yeast|r_0366|g4|s_0188"", ""yeast|r_0366|g5|s_0188"", ""yeast|r_0373|g1|s_0190"", ""yeast|r_0373|g1|s_0943"", ""yeast|r_0443|g1|s_0721"", ""yeast|r_0443|g1|s_1198"", ""yeast|r_0449|g1|s_0555"", ""yeast|r_0453|g1|s_0061"", ""yeast|r_0458|g1|s_0434"", ""yeast|r_0458|g1|s_0558"", ""yeast|r_0459|g1|s_0410"", ""yeast|r_0464|g1|s_0774"", ""yeast|r_0469|g1|s_0991"", ""yeast|r_0471|g1|s_0180"", ""yeast|r_0471|g2|s_0180"", ""yeast|r_0477|g1|s_0557"", ""yeast|r_0477|g1|s_0999"", ""yeast|r_0478|g1|s_0999"", ""yeast|r_0479|g1|s_0991"", ""yeast|r_0480|g1|s_0993"", ""yeast|r_0486|g1|s_0764"", ""yeast|r_0486|g2|s_0764"", ""yeast|r_0486|g3|s_0764"", ""yeast|r_0526|g1|s_0787"", ""yeast|r_0528|g1|s_0434"", ""yeast|r_0528|g1|s_0782"", ""yeast|r_0529|g1|s_0782"", ""yeast|r_0533|g1|s_0434"", ""yeast|r_0533|g2|s_0434"", ""yeast|r_0533|g3|s_0434"", ""yeast|r_0534|g1|s_0434"", ""yeast|r_0534|g1|s_0563"", ""yeast|r_0534|g2|s_0434"", ""yeast|r_0534|g2|s_0563"", ""yeast|r_0534|g3|s_0434"", ""yeast|r_0534|g3|s_0563"", ""yeast|r_0534|g4|s_0434"", ""yeast|r_0534|g4|s_0563"", ""yeast|r_0534|g5|s_0434"", ""yeast|r_0534|g5|s_0563"", ""yeast|r_0535|g1|s_0434"", ""yeast|r_0535|g2|s_0434"", ""yeast|r_0535|g3|s_0434"", ""yeast|r_0539|g1|s_0434"", ""yeast|r_0539|g1|s_1006"", ""yeast|r_0540|g1|s_0437"", ""yeast|r_0540|g1|s_1008"", ""yeast|r_0543|g1|s_0183"", ""yeast|r_0543|g1|s_0377"", ""yeast|r_0543|g1|s_0808"", ""yeast|r_0543|g2|s_0183"", ""yeast|r_0543|g2|s_0377"", ""yeast|r_0543|g2|s_0808"", ""yeast|r_0545|g1|s_0836"", ""yeast|r_0546|g1|s_0794"", ""yeast|r_0546|g1|s_0978"", ""yeast|r_0547|g1|s_0794"", ""yeast|r_0547|g1|s_0978"", ""yeast|r_0547|g1|s_1212"", ""yeast|r_0553|g1|s_0033"", ""yeast|r_0554|g1|s_0034"", ""yeast|r_0567|g1|s_0855"", ""yeast|r_0567|g2|s_0855"", ""yeast|r_0567|g3|s_0855"", ""yeast|r_0568|g1|s_0633"", ""yeast|r_0569|g1|s_0636"", ""yeast|r_0667|g1|s_0943"", ""yeast|r_0674|g1|s_0182"", ""yeast|r_0674|g1|s_0957"", ""yeast|r_0675|g1|s_0958"", ""yeast|r_0676|g1|s_0958"", ""yeast|r_0679|g1|s_0969"", ""yeast|r_0680|g1|s_0970"", ""yeast|r_0680|g2|s_0970"", ""yeast|r_0680|g3|s_0970"", ""yeast|r_0680|g4|s_0970"", ""yeast|r_0690|g1|s_1039"", ""yeast|r_0697|g1|s_0750"", ""yeast|r_0697|g1|s_1151"", ""yeast|r_0701|g1|s_1021"", ""yeast|r_0702|g1|s_1023"", ""yeast|r_0723|g1|s_0574"", ""yeast|r_0727|g1|s_1012"", ""yeast|r_0739|g1|s_0018"", ""yeast|r_0760|g1|s_0373"", ""yeast|r_0760|g1|s_0412"", ""yeast|r_0762|g1|s_1195"", ""yeast|r_0764|g1|s_1202"", ""yeast|r_0765|g1|s_1198"", ""yeast|r_0765|g2|s_1198"", ""yeast|r_0766|g1|s_1200"", ""yeast|r_0766|g2|s_1200"", ""yeast|r_0766|g3|s_1200"", ""yeast|r_0768|g1|s_0999"", ""yeast|r_0769|g1|s_1001"", ""yeast|r_0770|g1|s_1203"", ""yeast|r_0770|g2|s_1203"", ""yeast|r_0771|g1|s_1203"", ""yeast|r_0771|g2|s_1203"", ""yeast|r_0772|g1|s_1205"", ""yeast|r_0772|g2|s_1205"", ""yeast|r_0772|g3|s_1205"", ""yeast|r_0773|g1|s_1205"", ""yeast|r_0781|g1|s_1216"", ""yeast|r_0799|g1|s_0647"", ""yeast|r_0810|g1|s_0740"", ""yeast|r_0815|g1|s_0981"", ""yeast|r_0815|g2|s_0981"", ""yeast|r_0815|g3|s_0981"", ""yeast|r_0817|g1|s_1266"", ""yeast|r_0821|g1|s_1270"", ""yeast|r_0851|g1|s_1032"", ""yeast|r_0853|g1|s_1034"", ""yeast|r_0854|g1|s_0951"", ""yeast|r_0884|g1|s_0434"", ""yeast|r_0884|g1|s_1271"", ""yeast|r_0889|g1|s_0340"", ""yeast|r_0889|g1|s_1207"", ""yeast|r_0889|g2|s_0340"", ""yeast|r_0889|g2|s_1207"", ""yeast|r_0892|g1|s_0075"", ""yeast|r_0892|g1|s_0394"", ""yeast|r_0893|g1|s_0260"", ""yeast|r_0893|g2|s_0260"", ""yeast|r_0913|g1|s_1187"", ""yeast|r_0936|g1|s_1181"", ""yeast|r_0937|g1|s_1442"", ""yeast|r_0938|g1|s_1377"", ""yeast|r_0941|g1|s_1035"", ""yeast|r_0943|g1|s_1218"", ""yeast|r_0954|g1|s_1395"", ""yeast|r_0955|g1|s_1398"", ""yeast|r_0958|g1|s_0434"", ""yeast|r_0958|g1|s_0445"", ""yeast|r_0958|g1|s_1399"", ""yeast|r_0958|g2|s_0434"", ""yeast|r_0958|g2|s_0445"", ""yeast|r_0958|g2|s_1399"", ""yeast|r_0959|g1|s_1399"", ""yeast|r_0959|g2|s_1399"", ""yeast|r_0959|g3|s_1399"", ""yeast|r_0960|g1|s_1399"", ""yeast|r_0960|g2|s_1399"", ""yeast|r_0960|g3|s_1399"", ""yeast|r_0962|g1|s_0394"", ""yeast|r_0962|g1|s_1360"", ""yeast|r_0962|g2|s_0394"", ""yeast|r_0962|g2|s_1360"", ""yeast|r_0984|g1|s_0577"", ""yeast|r_0986|g1|s_1416"", ""yeast|r_0986|g1|s_1569"", ""yeast|r_0995|g1|s_0434"", ""yeast|r_0995|g1|s_1039"", ""yeast|r_0995|g2|s_0434"", ""yeast|r_0995|g2|s_1039"", ""yeast|r_1012|g1|s_0190"", ""yeast|r_1024|g1|s_1466"", ""yeast|r_1038|g1|s_1212"", ""yeast|r_1040|g1|s_1045"", ""yeast|r_1042|g1|s_1045"", ""yeast|r_1043|g1|s_1047"", ""yeast|r_1049|g1|s_0581"", ""yeast|r_1049|g2|s_0581"", ""yeast|r_1050|g1|s_0551"", ""yeast|r_1050|g1|s_0581"", ""yeast|r_1050|g2|s_0551"", ""yeast|r_1050|g2|s_0581"", ""yeast|r_1054|g1|s_0629"", ""yeast|r_1063|g1|s_0991"", ""yeast|r_1066|g1|s_1051"", ""yeast|r_1067|g1|s_1053"", ""yeast|r_1071|g1|s_0410"", ""yeast|r_1094|g1|s_0434"", ""yeast|r_1094|g1|s_0580"", ""yeast|r_1838|g1|s_0182"", ""yeast|r_1838|g1|s_0376"", ""yeast|r_1838|g1|s_0807"", ""yeast|r_1838|g2|s_0182"", ""yeast|r_1838|g2|s_0376"", ""yeast|r_1838|g2|s_0807"", ""yeast|r_2115|g1|s_0359"", ""yeast|r_2115|g1|s_0794"", ""yeast|r_2115|g1|s_1203"", ""yeast|r_2115|g2|s_0359"", ""yeast|r_2115|g2|s_0794"", ""yeast|r_2115|g2|s_1203"", ""yeast|r_2145|g1|s_1214"", ""yeast|r_2146|g1|s_1214"", ""yeast|r_2147|g1|s_1214"", ""yeast|r_2432|g1|s_3083"", ""yeast|r_2433|g1|s_3083"", ""yeast|r_2434|g1|s_3083"", ""yeast|r_2435|g1|s_3083"", ""yeast|r_2436|g1|s_3083"", ""yeast|r_2437|g1|s_3083"", ""yeast|r_2438|g1|s_3083"", ""yeast|r_2439|g1|s_3083"", ""yeast|r_2440|g1|s_3093"", ""yeast|r_2441|g1|s_3093"", ""yeast|r_2442|g1|s_3093"", ""yeast|r_2443|g1|s_3093"", ""yeast|r_2444|g1|s_3093"", ""yeast|r_2445|g1|s_3093"", ""yeast|r_2820|g1|s_2856"", ""yeast|r_2820|g2|s_2856"", ""yeast|r_2821|g1|s_2856"", ""yeast|r_2821|g2|s_2856"", ""yeast|r_2822|g1|s_2856"", ""yeast|r_2822|g2|s_2856"", ""yeast|r_2823|g1|s_2856"", ""yeast|r_2823|g2|s_2856"", ""yeast|r_2824|g1|s_2856"", ""yeast|r_2824|g2|s_2856"", ""yeast|r_2825|g1|s_2856"", ""yeast|r_2825|g2|s_2856"", ""yeast|r_2826|g1|s_2856"", ""yeast|r_2826|g2|s_2856"", ""yeast|r_2827|g1|s_2856"", ""yeast|r_2827|g2|s_2856"", ""yeast|r_2828|g1|s_3341"", ""yeast|r_2829|g1|s_3341"", ""yeast|r_2830|g1|s_3341"", ""yeast|r_2831|g1|s_3341"", ""yeast|r_2832|g1|s_3341"", ""yeast|r_2833|g1|s_3341"", ""yeast|r_2834|g1|s_3341"", ""yeast|r_2835|g1|s_3341"", ""yeast|r_2844|g1|s_0438"", ""yeast|r_2845|g1|s_0438"", ""yeast|r_2846|g1|s_0438"", ""yeast|r_2847|g1|s_0438"", ""yeast|r_2848|g1|s_0438"", ""yeast|r_2849|g1|s_0438"", ""yeast|r_2850|g1|s_0438"", ""yeast|r_2851|g1|s_0438"", ""yeast|r_4045|g1|s_1556"", ""yeast|r_4157|g1|s_3760"", ""yeast|r_4157|g2|s_3760"", ""yeast|r_4160|g1|s_3761"", ""yeast|r_4184|g1|s_3806"", ""yeast|r_4187|g1|s_1037"", ""yeast|r_4217|g1|s_0926"", ""yeast|r_4226|g1|s_0180"", ""yeast|r_4226|g1|s_0955"", ""yeast|r_4248|g1|s_3904"", ""yeast|r_4251|g1|s_0541"", ""yeast|r_4251|g1|s_3907"", ""yeast|r_4283|g1|s_0434"", ""yeast|r_4284|g1|s_0434"", ""yeast|r_4284|g1|s_3949"", ""yeast|r_4285|g1|s_0434"", ""yeast|r_4285|g1|s_3951"", ""yeast|r_4286|g1|s_0434"", ""yeast|r_4287|g1|s_0434"", ""yeast|r_4288|g1|s_3952"", ""yeast|r_4312|g1|s_1416"", ""yeast|r_4312|g1|s_3991"", ""yeast|r_4317|g1|s_3998"", ""yeast|r_4318|g1|s_3999"", ""yeast|r_4333|g1|s_4018"", ""yeast|r_4333|g2|s_4018"", ""yeast|r_4340|g1|s_0373"", ""yeast|r_4652|g1|s_0794"", ""yeast|r_4652|g1|s_1203"", ""yeast|r_4652|g1|s_4232"", ""yeast|r_4652|g2|s_0794"", ""yeast|r_4652|g2|s_1203"", ""yeast|r_4652|g2|s_4232"", ""yeast|r_4652|g3|s_0794"", ""yeast|r_4652|g3|s_1203"", ""yeast|r_4652|g3|s_4232"", ""yeast|r_4653|g1|s_0799"", ""yeast|r_4653|g1|s_1205"", ""yeast|r_4653|g1|s_4234"", ""yeast|r_4653|g2|s_0799"", ""yeast|r_4653|g2|s_1205"", ""yeast|r_4653|g2|s_4234"", ""yeast|r_4654|g1|s_0794"", ""yeast|r_4654|g1|s_1212"", ""yeast|r_4654|g1|s_4232"", ""yeast|r_4654|g2|s_0794"", ""yeast|r_4654|g2|s_1212"", ""yeast|r_4654|g2|s_4232"", ""yeast|r_4654|g3|s_0794"", ""yeast|r_4654|g3|s_1212"", ""yeast|r_4654|g3|s_4232"", ""yeast|r_4661|g1|s_0794"", ""yeast|r_4661|g1|s_1203"", ""yeast|r_4661|g2|s_0794"", ""yeast|r_4661|g2|s_1203"", ""yeast|r_4661|g3|s_0794"", ""yeast|r_4661|g3|s_1203"", ""yeast|r_4662|g1|s_0799"", ""yeast|r_4662|g1|s_1205"", ""yeast|r_4662|g2|s_0799"", ""yeast|r_4662|g2|s_1205"", ""yeast|r_4663|g1|s_0794"", ""yeast|r_4663|g1|s_1212"", ""yeast|r_4663|g2|s_0794"", ""yeast|r_4663|g2|s_1212"", ""yeast|r_4663|g3|s_0794"", ""yeast|r_4663|g3|s_1212"", ""yeast|r_4670|g1|s_0794"", ""yeast|r_4670|g1|s_1203"", ""yeast|r_4670|g2|s_0794"", ""yeast|r_4670|g2|s_1203"", ""yeast|r_4670|g3|s_0794"", ""yeast|r_4670|g3|s_1203"", ""yeast|r_4671|g1|s_0799"", ""yeast|r_4671|g1|s_1205"", ""yeast|r_4671|g2|s_0799"", ""yeast|r_4671|g2|s_1205"", ""yeast|r_4672|g1|s_0794"", ""yeast|r_4672|g1|s_1212"", ""yeast|r_4672|g2|s_0794"", ""yeast|r_4672|g2|s_1212"", ""yeast|r_4672|g3|s_0794"", ""yeast|r_4672|g3|s_1212"", ""yeast|r_4723|g1|s_4290"", ""yeast|r_4723|g2|s_4290"", ""yeast|r_4724|g1|s_4291"", ""yeast|r_4724|g2|s_4291"", ""yeast|r_4725|g1|s_4292"", ""yeast|r_4725|g2|s_4292"", ""yeast|r_4755|g1|s_1401"", ""yeast|r_4755|g2|s_1401"", ""yeast|r_4774|g1|s_4325""]","[""yeast|r_0012|g1|s_0119"", ""yeast|r_0018|g1|s_0991"", ""yeast|r_0018|g2|s_0991"", ""yeast|r_0018|g3|s_0991"", ""yeast|r_0024|g1|s_0232"", ""yeast|r_0024|g2|s_0232"", ""yeast|r_0025|g1|s_0233"", ""yeast|r_0028|g1|s_0807"", ""yeast|r_0028|g1|s_1273"", ""yeast|r_0028|g1|s_1382"", ""yeast|r_0062|g1|s_0232"", ""yeast|r_0062|g2|s_0232"", ""yeast|r_0062|g3|s_0232"", ""yeast|r_0085|g1|s_1012"", ""yeast|r_0108|g1|s_0437"", ""yeast|r_0115|g1|s_0437"", ""yeast|r_0115|g1|s_1192"", ""yeast|r_0138|g1|s_0383"", ""yeast|r_0142|g1|s_0386"", ""yeast|r_0163|g1|s_0680"", ""yeast|r_0163|g1|s_1198"", ""yeast|r_0165|g1|s_0361"", ""yeast|r_0165|g1|s_0799"", ""yeast|r_0165|g1|s_1205"", ""yeast|r_0165|g2|s_0361"", ""yeast|r_0165|g2|s_0799"", ""yeast|r_0165|g2|s_1205"", ""yeast|r_0166|g1|s_0794"", ""yeast|r_0166|g1|s_1203"", ""yeast|r_0166|g2|s_0794"", ""yeast|r_0166|g2|s_1203"", ""yeast|r_0166|g3|s_0794"", ""yeast|r_0166|g3|s_1203"", ""yeast|r_0167|g1|s_0799"", ""yeast|r_0167|g1|s_1205"", ""yeast|r_0167|g2|s_0799"", ""yeast|r_0167|g2|s_1205"", ""yeast|r_0168|g1|s_0166"", ""yeast|r_0168|g1|s_0794"", ""yeast|r_0168|g1|s_1212"", ""yeast|r_0168|g2|s_0166"", ""yeast|r_0168|g2|s_0794"", ""yeast|r_0168|g2|s_1212"", ""yeast|r_0168|g3|s_0166"", ""yeast|r_0168|g3|s_0794"", ""yeast|r_0168|g3|s_1212"", ""yeast|r_0169|g1|s_0794"", ""yeast|r_0169|g1|s_1203"", ""yeast|r_0169|g2|s_0794"", ""yeast|r_0169|g2|s_1203"", ""yeast|r_0169|g3|s_0794"", ""yeast|r_0169|g3|s_1203"", ""yeast|r_0170|g1|s_0799"", ""yeast|r_0170|g1|s_1205"", ""yeast|r_0170|g2|s_0799"", ""yeast|r_0170|g2|s_1205"", ""yeast|r_0171|g1|s_0794"", ""yeast|r_0171|g1|s_1212"", ""yeast|r_0171|g2|s_0794"", ""yeast|r_0171|g2|s_1212"", ""yeast|r_0173|g1|s_0359"", ""yeast|r_0173|g1|s_0803"", ""yeast|r_0173|g1|s_1207"", ""yeast|r_0177|g1|s_0803"", ""yeast|r_0177|g1|s_1207"", ""yeast|r_0179|g1|s_0794"", ""yeast|r_0179|g1|s_1203"", ""yeast|r_0179|g2|s_0794"", ""yeast|r_0179|g2|s_1203"", ""yeast|r_0179|g3|s_0794"", ""yeast|r_0179|g3|s_1203"", ""yeast|r_0180|g1|s_0799"", ""yeast|r_0180|g1|s_1205"", ""yeast|r_0180|g2|s_0799"", ""yeast|r_0180|g2|s_1205"", ""yeast|r_0181|g1|s_0234"", ""yeast|r_0181|g1|s_0794"", ""yeast|r_0181|g1|s_1212"", ""yeast|r_0181|g2|s_0234"", ""yeast|r_0181|g2|s_0794"", ""yeast|r_0181|g2|s_1212"", ""yeast|r_0182|g1|s_0794"", ""yeast|r_0182|g1|s_1203"", ""yeast|r_0182|g2|s_0794"", ""yeast|r_0182|g2|s_1203"", ""yeast|r_0182|g3|s_0794"", ""yeast|r_0182|g3|s_1203"", ""yeast|r_0183|g1|s_0799"", ""yeast|r_0183|g1|s_1205"", ""yeast|r_0183|g2|s_0799"", ""yeast|r_0183|g2|s_1205"", ""yeast|r_0184|g1|s_0794"", ""yeast|r_0184|g1|s_1212"", ""yeast|r_0184|g2|s_0794"", ""yeast|r_0184|g2|s_1212"", ""yeast|r_0186|g1|s_0794"", ""yeast|r_0186|g1|s_1203"", ""yeast|r_0186|g2|s_0794"", ""yeast|r_0186|g2|s_1203"", ""yeast|r_0186|g3|s_0794"", ""yeast|r_0186|g3|s_1203"", ""yeast|r_0187|g1|s_0799"", ""yeast|r_0187|g1|s_1205"", ""yeast|r_0187|g2|s_0799"", ""yeast|r_0187|g2|s_1205"", ""yeast|r_0191|g1|s_1554"", ""yeast|r_0202|g1|s_0427"", ""yeast|r_0202|g1|s_1386"", ""yeast|r_0209|g1|s_0965"", ""yeast|r_0210|g1|s_0967"", ""yeast|r_0215|g1|s_0434"", ""yeast|r_0215|g1|s_0973"", ""yeast|r_0222|g1|s_0394"", ""yeast|r_0223|g1|s_0394"", ""yeast|r_0273|g1|s_0512"", ""yeast|r_0274|g1|s_0514"", ""yeast|r_0278|g1|s_0515"", ""yeast|r_0300|g1|s_0376"", ""yeast|r_0300|g1|s_0807"", ""yeast|r_0300|g1|s_1273"", ""yeast|r_0300|g2|s_0376"", ""yeast|r_0300|g2|s_0807"", ""yeast|r_0300|g2|s_1273"", ""yeast|r_0301|g1|s_0378"", ""yeast|r_0309|g1|s_1012"", ""yeast|r_0309|g1|s_1039"", ""yeast|r_0310|g1|s_0980"", ""yeast|r_0318|g1|s_0545"", ""yeast|r_0330|g1|s_0434"", ""yeast|r_0330|g1|s_0615"", ""yeast|r_0344|g1|s_0625"", ""yeast|r_0345|g1|s_0626"", ""yeast|r_0361|g1|s_0743"", ""yeast|r_0364|g1|s_0656"", ""yeast|r_0364|g2|s_0656"", ""yeast|r_0366|g1|s_0188"", ""yeast|r_0366|g2|s_0188"", ""yeast|r_0366|g3|s_0188"", ""yeast|r_0366|g4|s_0188"", ""yeast|r_0366|g5|s_0188"", ""yeast|r_0373|g1|s_0190"", ""yeast|r_0373|g1|s_0943"", ""yeast|r_0443|g1|s_0721"", ""yeast|r_0443|g1|s_1198"", ""yeast|r_0449|g1|s_0555"", ""yeast|r_0453|g1|s_0061"", ""yeast|r_0458|g1|s_0434"", ""yeast|r_0458|g1|s_0558"", ""yeast|r_0459|g1|s_0410"", ""yeast|r_0464|g1|s_0774"", ""yeast|r_0469|g1|s_0991"", ""yeast|r_0471|g1|s_0180"", ""yeast|r_0471|g2|s_0180"", ""yeast|r_0477|g1|s_0557"", ""yeast|r_0477|g1|s_0999"", ""yeast|r_0478|g1|s_0999"", ""yeast|r_0479|g1|s_0991"", ""yeast|r_0480|g1|s_0993"", ""yeast|r_0486|g1|s_0764"", ""yeast|r_0486|g2|s_0764"", ""yeast|r_0486|g3|s_0764"", ""yeast|r_0526|g1|s_0787"", ""yeast|r_0528|g1|s_0434"", ""yeast|r_0528|g1|s_0782"", ""yeast|r_0529|g1|s_0782"", ""yeast|r_0533|g1|s_0434"", ""yeast|r_0533|g2|s_0434"", ""yeast|r_0533|g3|s_0434"", ""yeast|r_0534|g1|s_0434"", ""yeast|r_0534|g1|s_0563"", ""yeast|r_0534|g2|s_0434"", ""yeast|r_0534|g2|s_0563"", ""yeast|r_0534|g3|s_0434"", ""yeast|r_0534|g3|s_0563"", ""yeast|r_0534|g4|s_0434"", ""yeast|r_0534|g4|s_0563"", ""yeast|r_0534|g5|s_0434"", ""yeast|r_0534|g5|s_0563"", ""yeast|r_0535|g1|s_0434"", ""yeast|r_0535|g2|s_0434"", ""yeast|r_0535|g3|s_0434"", ""yeast|r_0539|g1|s_0434"", ""yeast|r_0539|g1|s_1006"", ""yeast|r_0540|g1|s_0437"", ""yeast|r_0540|g1|s_1008"", ""yeast|r_0543|g1|s_0183"", ""yeast|r_0543|g1|s_0377"", ""yeast|r_0543|g1|s_0808"", ""yeast|r_0543|g2|s_0183"", ""yeast|r_0543|g2|s_0377"", ""yeast|r_0543|g2|s_0808"", ""yeast|r_0545|g1|s_0836"", ""yeast|r_0546|g1|s_0794"", ""yeast|r_0546|g1|s_0978"", ""yeast|r_0547|g1|s_0794"", ""yeast|r_0547|g1|s_0978"", ""yeast|r_0547|g1|s_1212"", ""yeast|r_0553|g1|s_0033"", ""yeast|r_0554|g1|s_0034"", ""yeast|r_0567|g1|s_0855"", ""yeast|r_0567|g2|s_0855"", ""yeast|r_0567|g3|s_0855"", ""yeast|r_0568|g1|s_0633"", ""yeast|r_0569|g1|s_0636"", ""yeast|r_0667|g1|s_0943"", ""yeast|r_0674|g1|s_0182"", ""yeast|r_0674|g1|s_0957"", ""yeast|r_0675|g1|s_0958"", ""yeast|r_0676|g1|s_0958"", ""yeast|r_0679|g1|s_0969"", ""yeast|r_0680|g1|s_0970"", ""yeast|r_0680|g2|s_0970"", ""yeast|r_0680|g3|s_0970"", ""yeast|r_0680|g4|s_0970"", ""yeast|r_0690|g1|s_1039"", ""yeast|r_0697|g1|s_0750"", ""yeast|r_0697|g1|s_1151"", ""yeast|r_0701|g1|s_1021"", ""yeast|r_0702|g1|s_1023"", ""yeast|r_0723|g1|s_0574"", ""yeast|r_0727|g1|s_1012"", ""yeast|r_0739|g1|s_0018"", ""yeast|r_0760|g1|s_0373"", ""yeast|r_0760|g1|s_0412"", ""yeast|r_0762|g1|s_1195"", ""yeast|r_0764|g1|s_1202"", ""yeast|r_0765|g1|s_1198"", ""yeast|r_0765|g2|s_1198"", ""yeast|r_0766|g1|s_1200"", ""yeast|r_0766|g2|s_1200"", ""yeast|r_0766|g3|s_1200"", ""yeast|r_0768|g1|s_0999"", ""yeast|r_0769|g1|s_1001"", ""yeast|r_0770|g1|s_1203"", ""yeast|r_0770|g2|s_1203"", ""yeast|r_0771|g1|s_1203"", ""yeast|r_0771|g2|s_1203"", ""yeast|r_0772|g1|s_1205"", ""yeast|r_0772|g2|s_1205"", ""yeast|r_0772|g3|s_1205"", ""yeast|r_0773|g1|s_1205"", ""yeast|r_0781|g1|s_1216"", ""yeast|r_0799|g1|s_0647"", ""yeast|r_0810|g1|s_0740"", ""yeast|r_0815|g1|s_0981"", ""yeast|r_0815|g2|s_0981"", ""yeast|r_0815|g3|s_0981"", ""yeast|r_0817|g1|s_1266"", ""yeast|r_0821|g1|s_1270"", ""yeast|r_0851|g1|s_1032"", ""yeast|r_0853|g1|s_1034"", ""yeast|r_0854|g1|s_0951"", ""yeast|r_0884|g1|s_0434"", ""yeast|r_0884|g1|s_1271"", ""yeast|r_0889|g1|s_0340"", ""yeast|r_0889|g1|s_1207"", ""yeast|r_0889|g2|s_0340"", ""yeast|r_0889|g2|s_1207"", ""yeast|r_0892|g1|s_0075"", ""yeast|r_0892|g1|s_0394"", ""yeast|r_0893|g1|s_0260"", ""yeast|r_0893|g2|s_0260"", ""yeast|r_0913|g1|s_1187"", ""yeast|r_0936|g1|s_1181"", ""yeast|r_0937|g1|s_1442"", ""yeast|r_0938|g1|s_1377"", ""yeast|r_0941|g1|s_1035"", ""yeast|r_0943|g1|s_1218"", ""yeast|r_0954|g1|s_1395"", ""yeast|r_0955|g1|s_1398"", ""yeast|r_0958|g1|s_0434"", ""yeast|r_0958|g1|s_0445"", ""yeast|r_0958|g1|s_1399"", ""yeast|r_0958|g2|s_0434"", ""yeast|r_0958|g2|s_0445"", ""yeast|r_0958|g2|s_1399"", ""yeast|r_0959|g1|s_1399"", ""yeast|r_0959|g2|s_1399"", ""yeast|r_0959|g3|s_1399"", ""yeast|r_0960|g1|s_1399"", ""yeast|r_0960|g2|s_1399"", ""yeast|r_0960|g3|s_1399"", ""yeast|r_0962|g1|s_0394"", ""yeast|r_0962|g1|s_1360"", ""yeast|r_0962|g2|s_0394"", ""yeast|r_0962|g2|s_1360"", ""yeast|r_0984|g1|s_0577"", ""yeast|r_0986|g1|s_1416"", ""yeast|r_0986|g1|s_1569"", ""yeast|r_0995|g1|s_0434"", ""yeast|r_0995|g1|s_1039"", ""yeast|r_0995|g2|s_0434"", ""yeast|r_0995|g2|s_1039"", ""yeast|r_1012|g1|s_0190"", ""yeast|r_1024|g1|s_1466"", ""yeast|r_1038|g1|s_1212"", ""yeast|r_1040|g1|s_1045"", ""yeast|r_1042|g1|s_1045"", ""yeast|r_1043|g1|s_1047"", ""yeast|r_1049|g1|s_0581"", ""yeast|r_1049|g2|s_0581"", ""yeast|r_1050|g1|s_0551"", ""yeast|r_1050|g1|s_0581"", ""yeast|r_1050|g2|s_0551"", ""yeast|r_1050|g2|s_0581"", ""yeast|r_1054|g1|s_0629"", ""yeast|r_1063|g1|s_0991"", ""yeast|r_1066|g1|s_1051"", ""yeast|r_1067|g1|s_1053"", ""yeast|r_1071|g1|s_0410"", ""yeast|r_1094|g1|s_0434"", ""yeast|r_1094|g1|s_0580"", ""yeast|r_1838|g1|s_0182"", ""yeast|r_1838|g1|s_0376"", ""yeast|r_1838|g1|s_0807"", ""yeast|r_1838|g2|s_0182"", ""yeast|r_1838|g2|s_0376"", ""yeast|r_1838|g2|s_0807"", ""yeast|r_2115|g1|s_0359"", ""yeast|r_2115|g1|s_0794"", ""yeast|r_2115|g1|s_1203"", ""yeast|r_2115|g2|s_0359"", ""yeast|r_2115|g2|s_0794"", ""yeast|r_2115|g2|s_1203"", ""yeast|r_2145|g1|s_1214"", ""yeast|r_2146|g1|s_1214"", ""yeast|r_2147|g1|s_1214"", ""yeast|r_2432|g1|s_3083"", ""yeast|r_2433|g1|s_3083"", ""yeast|r_2434|g1|s_3083"", ""yeast|r_2435|g1|s_3083"", ""yeast|r_2436|g1|s_3083"", ""yeast|r_2437|g1|s_3083"", ""yeast|r_2438|g1|s_3083"", ""yeast|r_2439|g1|s_3083"", ""yeast|r_2440|g1|s_3093"", ""yeast|r_2441|g1|s_3093"", ""yeast|r_2442|g1|s_3093"", ""yeast|r_2443|g1|s_3093"", ""yeast|r_2444|g1|s_3093"", ""yeast|r_2445|g1|s_3093"", ""yeast|r_2820|g1|s_2856"", ""yeast|r_2820|g2|s_2856"", ""yeast|r_2821|g1|s_2856"", ""yeast|r_2821|g2|s_2856"", ""yeast|r_2822|g1|s_2856"", ""yeast|r_2822|g2|s_2856"", ""yeast|r_2823|g1|s_2856"", ""yeast|r_2823|g2|s_2856"", ""yeast|r_2824|g1|s_2856"", ""yeast|r_2824|g2|s_2856"", ""yeast|r_2825|g1|s_2856"", ""yeast|r_2825|g2|s_2856"", ""yeast|r_2826|g1|s_2856"", ""yeast|r_2826|g2|s_2856"", ""yeast|r_2827|g1|s_2856"", ""yeast|r_2827|g2|s_2856"", ""yeast|r_2828|g1|s_3341"", ""yeast|r_2829|g1|s_3341"", ""yeast|r_2830|g1|s_3341"", ""yeast|r_2831|g1|s_3341"", ""yeast|r_2832|g1|s_3341"", ""yeast|r_2833|g1|s_3341"", ""yeast|r_2834|g1|s_3341"", ""yeast|r_2835|g1|s_3341"", ""yeast|r_2844|g1|s_0438"", ""yeast|r_2845|g1|s_0438"", ""yeast|r_2846|g1|s_0438"", ""yeast|r_2847|g1|s_0438"", ""yeast|r_2848|g1|s_0438"", ""yeast|r_2849|g1|s_0438"", ""yeast|r_2850|g1|s_0438"", ""yeast|r_2851|g1|s_0438"", ""yeast|r_4045|g1|s_1556"", ""yeast|r_4157|g1|s_3760"", ""yeast|r_4157|g2|s_3760"", ""yeast|r_4160|g1|s_3761"", ""yeast|r_4184|g1|s_3806"", ""yeast|r_4187|g1|s_1037"", ""yeast|r_4217|g1|s_0926"", ""yeast|r_4226|g1|s_0180"", ""yeast|r_4226|g1|s_0955"", ""yeast|r_4248|g1|s_3904"", ""yeast|r_4251|g1|s_0541"", ""yeast|r_4251|g1|s_3907"", ""yeast|r_4283|g1|s_0434"", ""yeast|r_4284|g1|s_0434"", ""yeast|r_4284|g1|s_3949"", ""yeast|r_4285|g1|s_0434"", ""yeast|r_4285|g1|s_3951"", ""yeast|r_4286|g1|s_0434"", ""yeast|r_4287|g1|s_0434"", ""yeast|r_4288|g1|s_3952"", ""yeast|r_4312|g1|s_1416"", ""yeast|r_4312|g1|s_3991"", ""yeast|r_4317|g1|s_3998"", ""yeast|r_4318|g1|s_3999"", ""yeast|r_4333|g1|s_4018"", ""yeast|r_4333|g2|s_4018"", ""yeast|r_4340|g1|s_0373"", ""yeast|r_4652|g1|s_0794"", ""yeast|r_4652|g1|s_1203"", ""yeast|r_4652|g1|s_4232"", ""yeast|r_4652|g2|s_0794"", ""yeast|r_4652|g2|s_1203"", ""yeast|r_4652|g2|s_4232"", ""yeast|r_4652|g3|s_0794"", ""yeast|r_4652|g3|s_1203"", ""yeast|r_4652|g3|s_4232"", ""yeast|r_4653|g1|s_0799"", ""yeast|r_4653|g1|s_1205"", ""yeast|r_4653|g1|s_4234"", ""yeast|r_4653|g2|s_0799"", ""yeast|r_4653|g2|s_1205"", ""yeast|r_4653|g2|s_4234"", ""yeast|r_4654|g1|s_0794"", ""yeast|r_4654|g1|s_1212"", ""yeast|r_4654|g1|s_4232"", ""yeast|r_4654|g2|s_0794"", ""yeast|r_4654|g2|s_1212"", ""yeast|r_4654|g2|s_4232"", ""yeast|r_4654|g3|s_0794"", ""yeast|r_4654|g3|s_1212"", ""yeast|r_4654|g3|s_4232"", ""yeast|r_4661|g1|s_0794"", ""yeast|r_4661|g1|s_1203"", ""yeast|r_4661|g2|s_0794"", ""yeast|r_4661|g2|s_1203"", ""yeast|r_4661|g3|s_0794"", ""yeast|r_4661|g3|s_1203"", ""yeast|r_4662|g1|s_0799"", ""yeast|r_4662|g1|s_1205"", ""yeast|r_4662|g2|s_0799"", ""yeast|r_4662|g2|s_1205"", ""yeast|r_4663|g1|s_0794"", ""yeast|r_4663|g1|s_1212"", ""yeast|r_4663|g2|s_0794"", ""yeast|r_4663|g2|s_1212"", ""yeast|r_4663|g3|s_0794"", ""yeast|r_4663|g3|s_1212"", ""yeast|r_4670|g1|s_0794"", ""yeast|r_4670|g1|s_1203"", ""yeast|r_4670|g2|s_0794"", ""yeast|r_4670|g2|s_1203"", ""yeast|r_4670|g3|s_0794"", ""yeast|r_4670|g3|s_1203"", ""yeast|r_4671|g1|s_0799"", ""yeast|r_4671|g1|s_1205"", ""yeast|r_4671|g2|s_0799"", ""yeast|r_4671|g2|s_1205"", ""yeast|r_4672|g1|s_0794"", ""yeast|r_4672|g1|s_1212"", ""yeast|r_4672|g2|s_0794"", ""yeast|r_4672|g2|s_1212"", ""yeast|r_4672|g3|s_0794"", ""yeast|r_4672|g3|s_1212"", ""yeast|r_4723|g1|s_4290"", ""yeast|r_4723|g2|s_4290"", ""yeast|r_4724|g1|s_4291"", ""yeast|r_4724|g2|s_4291"", ""yeast|r_4725|g1|s_4292"", ""yeast|r_4725|g2|s_4292"", ""yeast|r_4755|g1|s_1401"", ""yeast|r_4755|g2|s_1401"", ""yeast|r_4774|g1|s_4325""]"
method,KcatNet evaluated rows,PASS,1246,1246
method,KcatNet unique entry_id,PASS,1246,1246
method,KcatNet finite predictions,PASS,True,True
method,KcatNet truth alignment,PASS,True,True
method,KcatNet MAE reproduces S1,PASS,0.7111485963256501,0.7111485963256501
method,KcatNet RMSE reproduces S1,PASS,1.0054730312411355,1.0054730312411355
method,KcatNet bias reproduces S1,PASS,0.037240995700714256,0.0372409957007142
method,KcatNet Quinate prediction rows,PASS,1,1
method,CataPro evaluated rows,PASS,1246,1246
method,CataPro unique entry_id,PASS,1246,1246
method,CataPro finite predictions,PASS,True,True
method,CataPro truth alignment,PASS,True,True
method,CataPro MAE reproduces S1,PASS,0.796107862704658,0.796107862704658
method,CataPro RMSE reproduces S1,PASS,1.0191924668492005,1.0191924668492005
method,CataPro bias reproduces S1,PASS,-0.1342130483773581,-0.1342130483773581
method,CataPro Quinate prediction rows,PASS,1,1
method,PreTKcat evaluated rows,PASS,1246,1246
method,PreTKcat unique entry_id,PASS,1246,1246
method,PreTKcat finite predictions,PASS,True,True
method,PreTKcat truth alignment,PASS,True,True
method,PreTKcat MAE reproduces S1,PASS,0.9226724170203252,0.9226724170203252
method,PreTKcat RMSE reproduces S1,PASS,1.1463915590891396,1.1463915590891396
method,PreTKcat bias reproduces S1,PASS,-0.4758296452115,-0.4758296452115
method,PreTKcat Quinate prediction rows,PASS,1,1
method,UniKP evaluated rows,PASS,1246,1246
method,UniKP unique entry_id,PASS,1246,1246
method,UniKP finite predictions,PASS,True,True
method,UniKP truth alignment,PASS,True,True
method,UniKP MAE reproduces S1,PASS,0.8917824674499502,0.8917824674499502
method,UniKP RMSE reproduces S1,PASS,1.10882375748308,1.10882375748308
method,UniKP bias reproduces S1,PASS,-0.4611713928011017,-0.4611713928011017
method,UniKP Quinate prediction rows,PASS,1,1
method,SELFprot evaluated rows,PASS,1246,1246
method,SELFprot unique entry_id,PASS,1246,1246
method,SELFprot finite predictions,PASS,True,True
method,SELFprot truth alignment,PASS,True,True
method,SELFprot MAE reproduces S1,PASS,0.9399674214101539,0.939967421410154
method,SELFprot RMSE reproduces S1,PASS,1.2193101590041378,1.2193101590041378
method,SELFprot bias reproduces S1,PASS,-0.09766524476053644,-0.0976652447605364
method,SELFprot Quinate prediction rows,PASS,1,1
method,DLKcat evaluated rows,PASS,1246,1246
method,DLKcat unique entry_id,PASS,1246,1246
method,DLKcat finite predictions,PASS,True,True
method,DLKcat truth alignment,PASS,True,True
method,DLKcat MAE reproduces S1,PASS,0.973867234633991,0.973867234633991
method,DLKcat RMSE reproduces S1,PASS,1.3217999342000475,1.3217999342000477
method,DLKcat bias reproduces S1,PASS,-0.450950250630031,-0.450950250630031
method,DLKcat Quinate prediction rows,PASS,1,1
method,TurNuP evaluated rows,PASS,1047,1047
method,TurNuP unique entry_id,PASS,1047,1047
method,TurNuP finite predictions,PASS,True,True
method,TurNuP truth alignment,PASS,True,True
method,TurNuP MAE reproduces S1,PASS,0.7129826633868195,0.7129826633868195
method,TurNuP RMSE reproduces S1,PASS,0.9977125228637707,0.9977125228637708
method,TurNuP bias reproduces S1,PASS,0.03750293362750716,0.0375029336275071
method,TurNuP Quinate prediction rows,PASS,1,1
method,PMAK evaluated rows,PASS,1047,1047
method,PMAK unique entry_id,PASS,1047,1047
method,PMAK finite predictions,PASS,True,True
method,PMAK truth alignment,PASS,True,True
method,PMAK MAE reproduces S1,PASS,0.7231066561965616,0.7231066561965616
method,PMAK RMSE reproduces S1,PASS,0.9867474435761985,0.9867474435761984
method,PMAK bias reproduces S1,PASS,0.0723572249148042,0.0723572249148042
method,PMAK Quinate prediction rows,PASS,1,1
method,KinForm-L evaluated rows,PASS,729,729
method,KinForm-L unique entry_id,PASS,729,729
method,KinForm-L finite predictions,PASS,True,True
method,KinForm-L truth alignment,PASS,True,True
method,KinForm-L MAE reproduces S1,PASS,0.7841370249160359,0.7841370249160359
method,KinForm-L RMSE reproduces S1,PASS,0.9868375830603665,0.9868375830603664
method,KinForm-L bias reproduces S1,PASS,-0.32971311188522906,-0.329713111885229
method,KinForm-L Quinate prediction rows,PASS,1,1
method,CatPred evaluated rows,PASS,1156,1156
method,CatPred unique entry_id,PASS,1156,1156
method,CatPred finite predictions,PASS,True,True
method,CatPred truth alignment,PASS,True,True
method,CatPred MAE reproduces S1,PASS,0.8395067747031589,0.8395067747031589
method,CatPred RMSE reproduces S1,PASS,1.1492276383858104,1.1492276383858104
method,CatPred bias reproduces S1,PASS,0.04083863654177341,0.0408386365417734
method,CatPred Quinate prediction rows,PASS,1,1
method,DEKP-public-retrained evaluated rows,PASS,1246,1246
method,DEKP-public-retrained unique entry_id,PASS,1246,1246
method,DEKP-public-retrained finite predictions,PASS,True,True
method,DEKP-public-retrained truth alignment,PASS,True,True
method,DEKP-public-retrained MAE reproduces S1,PASS,1.0691431600416428,1.0691431600416428
method,DEKP-public-retrained RMSE reproduces S1,PASS,1.2740705393447636,1.2740705393447636
method,DEKP-public-retrained bias reproduces S1,PASS,-0.6316814111044359,-0.6316814111044359
method,DEKP-public-retrained Quinate prediction rows,PASS,1,1
method,GO-HKP evaluated rows,PASS,1236,1236
method,GO-HKP unique entry_id,PASS,1236,1236
method,GO-HKP finite predictions,PASS,True,True
method,GO-HKP truth alignment,PASS,True,True
method,GO-HKP MAE reproduces S1,PASS,1.0308952495371242,1.0308952495371242
method,GO-HKP RMSE reproduces S1,PASS,1.394961091928623,1.394961091928623
method,GO-HKP bias reproduces S1,PASS,0.8886161542138802,0.8886161542138802
method,GO-HKP Quinate prediction rows,PASS,1,1
method,PreTKcat wrapper version,PASS,1.3.0,1.3.0
method,PreTKcat primary overlap policy,PASS,standardized_sequence_parent_identity_pair_disjoint,standardized_sequence_parent_identity_pair_disjoint
method,PreTKcat exact training rows removed,PASS,248,248
method,PreTKcat primary fitted rows,PASS,16001,16001
method,PreTKcat imputed temperatures,PASS,179,179
method,PreTKcat variants,PASS,"[""exact-excluded"", ""near-excluded"", ""raw-public""]","[""exact-excluded"", ""near-excluded"", ""raw-public""]"
method,PreTKcat raw-public MAE,PASS,0.8647651087492261,0.864765362805388
method,PreTKcat exact-excluded MAE,PASS,0.9226724170203252,0.9226724170203252
method,PreTKcat near-excluded MAE,PASS,0.9500316250372062,0.950031540574491
method,PreTKcat raw benchmark exact-overlap rows,PASS,223,223
method,PreTKcat near-only training rows removed,PASS,508,508
method,DEKP exact training rows removed,PASS,230,230
method,DEKP public rows used,PASS,13171,13171
method,DEKP benchmark rows predicted,PASS,1246,1246
method,DEKP benchmark structures,PASS,1246,1246
method,DEKP missing structures,PASS,0,0
method,DEKP raw-public overlap benchmark rows,PASS,237,237
supplement,Table0.csv exists,PASS,paper/tables_v1.2.0/Table0.csv,exists
supplement,Table0_wide.csv exists,PASS,paper/tables_v1.2.0/Table0_wide.csv,exists
supplement,Table1.csv exists,PASS,paper/tables_v1.2.0/Table1.csv,exists
supplement,Table2.csv exists,PASS,paper/tables_v1.2.0/Table2.csv,exists
supplement,Record_audit.csv exists,PASS,paper/tables_v1.2.0/Record_audit.csv,exists
supplement,S1_Full_metrics.csv exists,PASS,paper/tables_v1.2.0/S1_Full_metrics.csv,exists
supplement,S2_Method_details.csv exists,PASS,paper/tables_v1.2.0/S2_Method_details.csv,exists
supplement,S3_Matching_levels.csv exists,PASS,paper/tables_v1.2.0/S3_Matching_levels.csv,exists
supplement,S4_Source_support.csv exists,PASS,paper/tables_v1.2.0/S4_Source_support.csv,exists
supplement,S5_Condition_metadata.csv exists,PASS,paper/tables_v1.2.0/S5_Condition_metadata.csv,exists
supplement,S6_Reaction_subset.csv exists,PASS,paper/tables_v1.2.0/S6_Reaction_subset.csv,exists
supplement,S7_Available_case.csv exists,PASS,paper/tables_v1.2.0/S7_Available_case.csv,exists
supplement,S8_Wilcoxon.csv exists,PASS,paper/tables_v1.2.0/S8_Wilcoxon.csv,exists
supplement,S9_Error_stratification.csv exists,PASS,paper/tables_v1.2.0/S9_Error_stratification.csv,exists
supplement,S10_Large_errors.csv exists,PASS,paper/tables_v1.2.0/S10_Large_errors.csv,exists
supplement,S11_Bootstrap_CI.csv exists,PASS,paper/tables_v1.2.0/S11_Bootstrap_CI.csv,exists
supplement,S12_Rank_stability.csv exists,PASS,paper/tables_v1.2.0/S12_Rank_stability.csv,exists
supplement,S13_Paired_bootstrap.csv exists,PASS,paper/tables_v1.2.0/S13_Paired_bootstrap.csv,exists
supplement,S14_Overlap_audit.csv exists,PASS,paper/tables_v1.2.0/S14_Overlap_audit.csv,exists
supplement,S15_Software_versions.csv exists,PASS,paper/tables_v1.2.0/S15_Software_versions.csv,exists
supplement,S16_Label_audit.csv exists,PASS,paper/tables_v1.2.0/S16_Label_audit.csv,exists
supplement,S17_Sensitivity_subsets.csv exists,PASS,paper/tables_v1.2.0/S17_Sensitivity_subsets.csv,exists
supplement,S18_Cluster_bootstrap.csv exists,PASS,paper/tables_v1.2.0/S18_Cluster_bootstrap.csv,exists
supplement,S19_Cluster_wilcoxon.csv exists,PASS,paper/tables_v1.2.0/S19_Cluster_wilcoxon.csv,exists
supplement,S20_Training_overlap.csv exists,PASS,paper/tables_v1.2.0/S20_Training_overlap.csv,exists
supplement,S21_Measurement_dispersion.csv exists,PASS,paper/tables_v1.2.0/S21_Measurement_dispersion.csv,exists
supplement,S22_Mutation_status.csv exists,PASS,paper/tables_v1.2.0/S22_Mutation_status.csv,exists
supplement,S23_Substrate_direction.csv exists,PASS,paper/tables_v1.2.0/S23_Substrate_direction.csv,exists
supplement,S24_PreTKcat_variants.csv exists,PASS,paper/tables_v1.2.0/S24_PreTKcat_variants.csv,exists
supplement,Table0 rows,PASS,14952,14952
supplement,Table0 unique method-entry pairs,PASS,14952,14952
supplement,Table0 method counts,PASS,"[""1246""]","[""1246""]"
supplement,Table0 required fields,PASS,[],[]
supplement,Table0 reaction equations present,PASS,0,0
supplement,Table0 evaluated SMILES present,PASS,0,0
supplement,Table0 Quinate method rows,PASS,12,12
supplement,Table0 Quinate SMILES,PASS,"[""C1[C@H](C([C@@H](CC1(C(=O)O)O)O)O)O""]","[""C1[C@H](C([C@@H](CC1(C(=O)O)O)O)O)O""]"
supplement,Table0_wide rows,PASS,1246,1246
supplement,Table0_wide columns,PASS,22,22
supplement,Table0_wide entry set,PASS,"[""ecoli|23PDE7pp|g1|23camp_p"", ""ecoli|3HCINNMH|g1|nadh_c"", ""ecoli|3HPPPNH|g1|nadh_c"", ""ecoli|3NTD2pp_num1|g1|h2o_p"", ""ecoli|3NTD2pp_num2|g1|h2o_p"", ""ecoli|3NTD4pp_num1|g1|3cmp_p"", ""ecoli|3NTD4pp_num1|g1|h2o_p"", ""ecoli|3NTD4pp_num2|g1|3cmp_p"", ""ecoli|3NTD4pp_num2|g1|h2o_p"", ""ecoli|3NTD4pp_num3|g1|3cmp_p"", ""ecoli|3NTD4pp_num3|g1|h2o_p"", ""ecoli|3NTD7pp_num1|g1|3amp_p"", ""ecoli|3NTD7pp_num1|g1|h2o_p"", ""ecoli|3NTD7pp_num2|g1|3amp_p"", ""ecoli|3NTD7pp_num2|g1|h2o_p"", ""ecoli|3NTD9pp_num1|g1|h2o_p"", ""ecoli|3NTD9pp_num2|g1|h2o_p"", ""ecoli|3OAR100|g1|nadph_c"", ""ecoli|3OAR120|g1|nadph_c"", ""ecoli|3OAR121|g1|nadph_c"", ""ecoli|3OAR140|g1|nadph_c"", ""ecoli|3OAR141|g1|nadph_c"", ""ecoli|3OAR160|g1|nadph_c"", ""ecoli|3OAR161|g1|nadph_c"", ""ecoli|3OAR180|g1|nadph_c"", ""ecoli|3OAR181|g1|nadph_c"", ""ecoli|3OAR40|g1|nadph_c"", ""ecoli|3OAR60|g1|nadph_c"", ""ecoli|3OAR80|g1|nadph_c"", ""ecoli|3OAS121|g1|malACP_c"", ""ecoli|3OAS141|g1|malACP_c"", ""ecoli|3OAS161|g1|malACP_c"", ""ecoli|3OAS180_num1|g1|malACP_c"", ""ecoli|3OAS180_num2|g1|malACP_c"", ""ecoli|3OAS181|g1|malACP_c"", ""ecoli|3OXCOAT|g1|coa_c"", ""ecoli|A5PISO_num1|g1|ru5p__D_c"", ""ecoli|A5PISO_num2|g1|ru5p__D_c"", ""ecoli|AB6PGH_num1|g1|h2o_c"", ""ecoli|AB6PGH_num2|g1|h2o_c"", ""ecoli|AB6PGH_num3|g1|h2o_c"", ""ecoli|ABTA_num1|g1|4abut_c"", ""ecoli|ABTA_num1|g1|akg_c"", ""ecoli|ABTA_num2|g1|4abut_c"", ""ecoli|ABTA_num2|g1|akg_c"", ""ecoli|ABUTD|g1|4abutn_c"", ""ecoli|ABUTD|g1|h2o_c"", ""ecoli|ABUTD|g1|nad_c"", ""ecoli|ACACT1r_num1|g1|accoa_c"", ""ecoli|ACACT1r_num2|g1|accoa_c"", ""ecoli|ACACT1r_num3|g1|accoa_c"", ""ecoli|ACACT2r_num1|g1|accoa_c"", ""ecoli|ACACT2r_num2|g1|accoa_c"", ""ecoli|ACACT3r_num1|g1|accoa_c"", ""ecoli|ACACT3r_num2|g1|accoa_c"", ""ecoli|ACACT4r_num1|g1|accoa_c"", ""ecoli|ACACT4r_num2|g1|accoa_c"", ""ecoli|ACACT5r_num1|g1|accoa_c"", ""ecoli|ACACT5r_num2|g1|accoa_c"", ""ecoli|ACACT6r_num1|g1|accoa_c"", ""ecoli|ACACT6r_num2|g1|accoa_c"", ""ecoli|ACACT7r_num1|g1|accoa_c"", ""ecoli|ACACT7r_num2|g1|accoa_c"", ""ecoli|ACALD_num1|g1|acald_c"", ""ecoli|ACALD_num2|g1|acald_c"", ""ecoli|ACGAMK|g1|atp_c"", ""ecoli|ACKr_num1|g1|ac_c"", ""ecoli|ACKr_num1|g1|atp_c"", ""ecoli|ACKr_num2|g1|ac_c"", ""ecoli|ACKr_num2|g1|atp_c"", ""ecoli|ACKr_num3|g1|ac_c"", ""ecoli|ACKr_num3|g1|atp_c"", ""ecoli|ACM6PH|g1|acmum6p_c"", ""ecoli|ACNML|g1|acnam_c"", ""ecoli|ACODA|g1|acorn_c"", ""ecoli|ACODA|g1|h2o_c"", ""ecoli|ACP1_FMN_num1|g1|fmn_c"", ""ecoli|ACP1_FMN_num2|g1|fmn_c"", ""ecoli|ACP1_FMN_num3|g1|fmn_c"", ""ecoli|ACPS1_num1|g1|coa_c"", ""ecoli|ACPS1_num2|g1|coa_c"", ""ecoli|ACS|g1|ac_c"", ""ecoli|ACS|g1|atp_c"", ""ecoli|ADD|g1|ade_c"", ""ecoli|ADNCYC|g1|atp_c"", ""ecoli|ADNUC|g1|adn_c"", ""ecoli|ADPRDP_num1|g1|adprib_c"", ""ecoli|ADPRDP_num2|g1|adprib_c"", ""ecoli|ADPT|g1|ade_c"", ""ecoli|ADSK|g1|aps_c"", ""ecoli|ADSS|g1|asp__L_c"", ""ecoli|ADSS|g1|gtp_c"", ""ecoli|ADSS|g1|imp_c"", ""ecoli|AGDC|g1|acgam6p_c"", ""ecoli|AGMT|g1|agm_c"", ""ecoli|AHCYSNS|g1|ahcys_c"", ""ecoli|AHCYSNS|g1|h2o_c"", ""ecoli|AHGDx|g1|S2hglut_c"", ""ecoli|AHGDx|g1|nad_c"", ""ecoli|AICART|g1|10fthf_c"", ""ecoli|AICART|g1|aicar_c"", ""ecoli|AIRC2|g1|atp_c"", ""ecoli|AIRC3|g1|5aizc_c"", ""ecoli|ALAALAr_num1|g1|ala__D_c"", ""ecoli|ALAALAr_num2|g1|ala__D_c"", ""ecoli|ALAGLUE|g1|LalaDglu_c"", ""ecoli|ALAR_num1|g1|ala__L_c"", ""ecoli|ALAR_num2|g1|ala__L_c"", ""ecoli|ALDD19xr|g1|nad_c"", ""ecoli|ALDD19xr|g1|pacald_c"", ""ecoli|ALLK|g1|all__D_c"", ""ecoli|ALLK|g1|atp_c"", ""ecoli|ALLTN|g1|h2o_c"", ""ecoli|AMANK|g1|acmana_c"", ""ecoli|AMANK|g1|atp_c"", ""ecoli|AMAOTr|g1|8aonn_c"", ""ecoli|AMAOTr|g1|amet_c"", ""ecoli|AMPTASECG_num1|g1|cgly_c"", ""ecoli|AMPTASECG_num1|g1|h2o_c"", ""ecoli|AMPTASECG_num2|g1|cgly_c"", ""ecoli|AMPTASECG_num2|g1|h2o_c"", ""ecoli|AMPTASECG_num3|g1|cgly_c"", ""ecoli|AMPTASECG_num3|g1|h2o_c"", ""ecoli|AMPTASECG_num4|g1|cgly_c"", ""ecoli|AMPTASECG_num4|g1|h2o_c"", ""ecoli|ANPRT|g1|anth_c"", ""ecoli|ANPRT|g1|prpp_c"", ""ecoli|AOXSr2|g1|ala__L_c"", ""ecoli|AP4AH|g1|ap4a_c"", ""ecoli|AP5AH|g1|ap5a_c"", ""ecoli|APCS|g1|ametam_c"", ""ecoli|APRAUR|g1|5apru_c"", ""ecoli|APRAUR|g1|h_c"", ""ecoli|APRAUR|g1|nadph_c"", ""ecoli|ASAD|g1|aspsa_c"", ""ecoli|ASAD|g1|nadp_c"", ""ecoli|ASAD|g1|pi_c"", ""ecoli|ASNN_num1|g1|asn__L_c"", ""ecoli|ASNN_num1|g1|h2o_c"", ""ecoli|ASNN_num2|g1|asn__L_c"", ""ecoli|ASNN_num2|g1|h2o_c"", ""ecoli|ASNNpp|g1|asn__L_p"", ""ecoli|ASNNpp|g1|h2o_p"", ""ecoli|ASNS1|g1|asp__L_c"", ""ecoli|ASNS1|g1|atp_c"", ""ecoli|ASNS1|g1|gln__L_c"", ""ecoli|ASNS2_num1|g1|asp__L_c"", ""ecoli|ASNS2_num1|g1|atp_c"", ""ecoli|ASNS2_num1|g1|nh4_c"", ""ecoli|ASNS2_num2|g1|asp__L_c"", ""ecoli|ASNS2_num2|g1|atp_c"", ""ecoli|ASNS2_num2|g1|nh4_c"", ""ecoli|ASP1DC|g1|asp__L_c"", ""ecoli|ASPCT_num2|g1|asp__L_c"", ""ecoli|ASPK_num1|g1|asp__L_c"", ""ecoli|ASPK_num1|g1|atp_c"", ""ecoli|ASPK_num2|g1|asp__L_c"", ""ecoli|ASPK_num2|g1|atp_c"", ""ecoli|ASPK_num3|g1|asp__L_c"", ""ecoli|ASPK_num3|g1|atp_c"", ""ecoli|ASPO6|g1|asp__L_c"", ""ecoli|ASPTA_num1|g1|akg_c"", ""ecoli|ASPTA_num1|g1|asp__L_c"", ""ecoli|ASPTA_num2|g1|akg_c"", ""ecoli|ASPTA_num2|g1|asp__L_c"", ""ecoli|ASPT|g1|asp__L_c"", ""ecoli|ATHRDHr|g1|athr__L_c"", ""ecoli|BPNT|g1|pap_c"", ""ecoli|CAT_num1|g1|h2o2_c"", ""ecoli|CAT_num2|g1|h2o2_c"", ""ecoli|CDGR|g1|nadph_c"", ""ecoli|CDGR|g1|preq0_c"", ""ecoli|CFAS160E|g1|amet_c"", ""ecoli|CFAS160G|g1|amet_c"", ""ecoli|CFAS180E|g1|amet_c"", ""ecoli|CFAS180G|g1|amet_c"", ""ecoli|CHORM_num1|g1|chor_c"", ""ecoli|CHORM_num2|g1|chor_c"", ""ecoli|CHRPL_num1|g1|chor_c"", ""ecoli|CHRPL_num2|g1|chor_c"", ""ecoli|CPPPGO|g1|cpppg3_c"", ""ecoli|CSND|g1|csn_c"", ""ecoli|CS|g1|accoa_c"", ""ecoli|CS|g1|oaa_c"", ""ecoli|CTPS2|g1|atp_c"", ""ecoli|CTPS2|g1|gln__L_c"", ""ecoli|CTPS2|g1|utp_c"", ""ecoli|CYANST_num1|g1|cyan_c"", ""ecoli|CYANST_num1|g1|tsul_c"", ""ecoli|CYANST_num2|g1|cyan_c"", ""ecoli|CYANST_num2|g1|tsul_c"", ""ecoli|CYANST_num3|g1|cyan_c"", ""ecoli|CYANST_num3|g1|tsul_c"", ""ecoli|CYANSTpp|g1|cyan_p"", ""ecoli|CYANSTpp|g1|tsul_p"", ""ecoli|CYSDDS|g1|cys__D_c"", ""ecoli|CYSS_num1|g1|acser_c"", ""ecoli|CYSS_num1|g1|h2s_c"", ""ecoli|CYSS_num2|g1|acser_c"", ""ecoli|CYSS_num2|g1|h2s_c"", ""ecoli|CYSTA|g1|akg_c"", ""ecoli|CYSTA|g1|cys__L_c"", ""ecoli|CYTDH_num1|g1|cytd_c"", ""ecoli|CYTDH_num2|g1|cytd_c"", ""ecoli|CYTDH_num3|g1|cytd_c"", ""ecoli|CYTK1|g1|atp_c"", ""ecoli|CYTK1|g1|cmp_c"", ""ecoli|CYTK2|g1|atp_c"", ""ecoli|CYTK2|g1|dcmp_c"", ""ecoli|DAPAL|g1|23dappa_c"", ""ecoli|DAPDC|g1|26dap__M_c"", ""ecoli|DBTS|g1|atp_c"", ""ecoli|DCTPD|g1|dctp_c"", ""ecoli|DDPA_num1|g1|e4p_c"", ""ecoli|DDPA_num1|g1|pep_c"", ""ecoli|DDPA_num2|g1|e4p_c"", ""ecoli|DDPA_num2|g1|pep_c"", ""ecoli|DDPA_num3|g1|e4p_c"", ""ecoli|DDPA_num3|g1|pep_c"", ""ecoli|DHFR_num1|g1|dhf_c"", ""ecoli|DHFR_num1|g1|nadph_c"", ""ecoli|DHFR_num2|g1|dhf_c"", ""ecoli|DHFR_num2|g1|nadph_c"", ""ecoli|DHNPA2r|g1|dhnpt_c"", ""ecoli|DHPPDA2|g1|25drapp_c"", ""ecoli|DHPPDA2|g1|h2o_c"", ""ecoli|DHQS|g1|2dda7p_c"", ""ecoli|DHQTi|g1|3dhq_c"", ""ecoli|DKGLCNR2y|g1|h_c"", ""ecoli|DKGLCNR2y|g1|nadph_c"", ""ecoli|DNTPPA_num1|g1|ahdt_c"", ""ecoli|DNTPPA_num2|g1|ahdt_c"", ""ecoli|DPR_num1|g1|2dhp_c"", ""ecoli|DPR_num1|g1|h_c"", ""ecoli|DPR_num1|g1|nadph_c"", ""ecoli|DPR_num2|g1|2dhp_c"", ""ecoli|DPR_num2|g1|h_c"", ""ecoli|DPR_num2|g1|nadph_c"", ""ecoli|DRPA|g1|2dr5p_c"", ""ecoli|DURIPP_num1|g1|duri_c"", ""ecoli|DURIPP_num1|g1|pi_c"", ""ecoli|DURIPP_num2|g1|duri_c"", ""ecoli|DURIPP_num2|g1|pi_c"", ""ecoli|DUTPDP_num1|g1|dutp_c"", ""ecoli|DUTPDP_num2|g1|dutp_c"", ""ecoli|DXPRIi|g1|dxyl5p_c"", ""ecoli|DXPS|g1|g3p_c"", ""ecoli|DXPS|g1|pyr_c"", ""ecoli|E4PD_num1|g1|e4p_c"", ""ecoli|E4PD_num1|g1|nad_c"", ""ecoli|E4PD_num2|g1|e4p_c"", ""ecoli|E4PD_num2|g1|nad_c"", ""ecoli|EDA|g1|2ddg6p_c"", ""ecoli|FACOAE100|g1|h2o_c"", ""ecoli|FACOAE120|g1|ddcacoa_c"", ""ecoli|FACOAE120|g1|h2o_c"", ""ecoli|FACOAE140|g1|h2o_c"", ""ecoli|FACOAE160|g1|h2o_c"", ""ecoli|FACOAE180|g1|h2o_c"", ""ecoli|FADRx|g1|fad_c"", ""ecoli|FADRx|g1|nadh_c"", ""ecoli|FBA_num1|g1|fdp_c"", ""ecoli|FBA_num2|g1|fdp_c"", ""ecoli|FBP_num1|g1|fdp_c"", ""ecoli|FBP_num2|g1|fdp_c"", ""ecoli|FBP_num3|g1|fdp_c"", ""ecoli|FBP_num4|g1|fdp_c"", ""ecoli|FCLPA_num1|g1|fc1p_c"", ""ecoli|FCLPA_num2|g1|fc1p_c"", ""ecoli|FEROpp_num1|g1|fe2_p"", ""ecoli|FEROpp_num2|g1|fe2_p"", ""ecoli|FLVRx|g1|nadh_c"", ""ecoli|FMNRx2_num1|g1|fmn_c"", ""ecoli|FMNRx2_num1|g1|nadph_c"", ""ecoli|FMNRx2_num2|g1|fmn_c"", ""ecoli|FMNRx2_num2|g1|nadph_c"", ""ecoli|FMNRx2_num3|g1|fmn_c"", ""ecoli|FMNRx2_num3|g1|nadph_c"", ""ecoli|FMNRx_num1|g1|nadh_c"", ""ecoli|FMNRx_num2|g1|nadh_c"", ""ecoli|FUM_num1|g1|fum_c"", ""ecoli|FUM_num2|g1|fum_c"", ""ecoli|FUM_num3|g1|fum_c"", ""ecoli|G1PP_num1|g1|g1p_c"", ""ecoli|G1PP_num2|g1|g1p_c"", ""ecoli|G1PP_num3|g1|g1p_c"", ""ecoli|G1PPpp_num1|g1|g1p_p"", ""ecoli|G1PPpp_num2|g1|g1p_p"", ""ecoli|G6PDA|g1|gam6p_c"", ""ecoli|G6PDH2r|g1|nadp_c"", ""ecoli|GALCTD|g1|galct__D_c"", ""ecoli|GF6PTA|g1|f6p_c"", ""ecoli|GF6PTA|g1|gln__L_c"", ""ecoli|GGPTRCS|g1|ptrc_c"", ""ecoli|GHMT2r|g1|ser__L_c"", ""ecoli|GHMT2r|g1|thf_c"", ""ecoli|GK1|g1|gmp_c"", ""ecoli|GLCRAL|g1|5dh4dglc_c"", ""ecoli|GLCRD_num1|g1|glcr_c"", ""ecoli|GLCRD_num2|g1|glcr_c"", ""ecoli|GLGC|g1|atp_c"", ""ecoli|GLNS|g1|atp_c"", ""ecoli|GLNS|g1|glu__L_c"", ""ecoli|GLUCYS|g1|atp_c"", ""ecoli|GLUCYS|g1|cys__L_c"", ""ecoli|GLUCYS|g1|glu__L_c"", ""ecoli|GLUDC_num1|g1|glu__L_c"", ""ecoli|GLUDC_num2|g1|glu__L_c"", ""ecoli|GLUDy|g1|glu__L_c"", ""ecoli|GLUDy|g1|nadp_c"", ""ecoli|GLUN_num1|g1|gln__L_c"", ""ecoli|GLUN_num2|g1|gln__L_c"", ""ecoli|GLUNpp|g1|gln__L_p"", ""ecoli|GLUR|g1|glu__D_c"", ""ecoli|GLUTRR|g1|nadph_c"", ""ecoli|GLUTRS|g1|atp_c"", ""ecoli|GLUTRS|g1|glu__L_c"", ""ecoli|GLXCL|g1|glx_c"", ""ecoli|GLYAT|g1|gly_c"", ""ecoli|GLYCK2|g1|atp_c"", ""ecoli|GLYCK2|g1|glyc__R_c"", ""ecoli|GLYCK|g1|glyc__R_c"", ""ecoli|GLYOX3|g1|mthgxl_c"", ""ecoli|GMAND|g1|gdpmann_c"", ""ecoli|GMPR|g1|gmp_c"", ""ecoli|GMPS2|g1|gln__L_c"", ""ecoli|GMPS2|g1|xmp_c"", ""ecoli|GMPS|g1|xmp_c"", ""ecoli|GPDDA1pp|g1|g3pc_p"", ""ecoli|GPDDA1|g1|g3pc_c"", ""ecoli|GPDDA2pp|g1|g3pe_p"", ""ecoli|GPDDA2|g1|g3pe_c"", ""ecoli|GPDDA3pp|g1|g3ps_p"", ""ecoli|GPDDA3|g1|g3ps_c"", ""ecoli|GPDDA4pp|g1|g3pg_p"", ""ecoli|GPDDA4|g1|g3pg_c"", ""ecoli|GSPMDA|g1|gtspmd_c"", ""ecoli|GTHOr|g1|gthox_c"", ""ecoli|GTPCII2|g1|gtp_c"", ""ecoli|GTPDPDP|g1|gdptp_c"", ""ecoli|GUAD|g1|gua_c"", ""ecoli|GUAPRT_num1|g1|gua_c"", ""ecoli|GUAPRT_num1|g1|prpp_c"", ""ecoli|GUAPRT_num2|g1|gua_c"", ""ecoli|GUAPRT_num2|g1|prpp_c"", ""ecoli|GUI1|g1|glcur_c"", ""ecoli|HACD1_num1|g1|aacoa_c"", ""ecoli|HACD1_num1|g1|h_c"", ""ecoli|HACD1_num1|g1|nadh_c"", ""ecoli|HACD1_num2|g1|aacoa_c"", ""ecoli|HACD1_num2|g1|h_c"", ""ecoli|HACD1_num2|g1|nadh_c"", ""ecoli|HACD2_num1|g1|h_c"", ""ecoli|HACD2_num1|g1|nadh_c"", ""ecoli|HACD2_num2|g1|h_c"", ""ecoli|HACD2_num2|g1|nadh_c"", ""ecoli|HACD3_num1|g1|h_c"", ""ecoli|HACD3_num1|g1|nadh_c"", ""ecoli|HACD3_num2|g1|h_c"", ""ecoli|HACD3_num2|g1|nadh_c"", ""ecoli|HACD4_num1|g1|h_c"", ""ecoli|HACD4_num1|g1|nadh_c"", ""ecoli|HACD4_num2|g1|h_c"", ""ecoli|HACD4_num2|g1|nadh_c"", ""ecoli|HACD5_num1|g1|h_c"", ""ecoli|HACD5_num1|g1|nadh_c"", ""ecoli|HACD5_num2|g1|h_c"", ""ecoli|HACD5_num2|g1|nadh_c"", ""ecoli|HACD6_num1|g1|h_c"", ""ecoli|HACD6_num1|g1|nadh_c"", ""ecoli|HACD6_num2|g1|h_c"", ""ecoli|HACD6_num2|g1|nadh_c"", ""ecoli|HACD7_num1|g1|h_c"", ""ecoli|HACD7_num1|g1|nadh_c"", ""ecoli|HACD7_num2|g1|h_c"", ""ecoli|HACD7_num2|g1|nadh_c"", ""ecoli|HACD8_num1|g1|h_c"", ""ecoli|HACD8_num1|g1|nadh_c"", ""ecoli|HACD8_num2|g1|h_c"", ""ecoli|HACD8_num2|g1|nadh_c"", ""ecoli|HADPCOADH3|g1|nad_c"", ""ecoli|HCO3E_num1|g1|co2_c"", ""ecoli|HCO3E_num2|g1|co2_c"", ""ecoli|HCYSMT2|g1|hcys__L_c"", ""ecoli|HCYSMT|g1|hcys__L_c"", ""ecoli|HEX1|g1|glc__D_c"", ""ecoli|HISTP|g1|hisp_c"", ""ecoli|HMPK1_num1|g1|4ahmmp_c"", ""ecoli|HMPK1_num1|g1|atp_c"", ""ecoli|HMPK1_num2|g1|4ahmmp_c"", ""ecoli|HMPK1_num2|g1|atp_c"", ""ecoli|HPPPNDO|g1|dhpppn_c"", ""ecoli|HSDy_num1|g1|hom__L_c"", ""ecoli|HSDy_num2|g1|hom__L_c"", ""ecoli|HSK|g1|hom__L_c"", ""ecoli|HSST|g1|hom__L_c"", ""ecoli|HSST|g1|succoa_c"", ""ecoli|ICDHyr|g1|icit_c"", ""ecoli|ICDHyr|g1|nadp_c"", ""ecoli|ICHORS_copy1|g1|chor_c"", ""ecoli|ICHORS_copy2|g1|chor_c"", ""ecoli|ICHORT|g1|ichor_c"", ""ecoli|IGPS|g1|2cpr5p_c"", ""ecoli|ILETA|g1|ile__L_c"", ""ecoli|IMPD|g1|imp_c"", ""ecoli|INSH|g1|ins_c"", ""ecoli|IPMD_num1|g1|3c2hmp_c"", ""ecoli|IPMD_num1|g1|nad_c"", ""ecoli|IPMD_num2|g1|3c2hmp_c"", ""ecoli|IPMD_num2|g1|nad_c"", ""ecoli|KARA1|g1|23dhmb_c"", ""ecoli|KARA1|g1|nadp_c"", ""ecoli|KARA2|g1|h_c"", ""ecoli|KARA2|g1|nadph_c"", ""ecoli|KAS14_num1|g1|malACP_c"", ""ecoli|KAS14_num2|g1|malACP_c"", ""ecoli|KDOPS|g1|ara5p_c"", ""ecoli|KDOPS|g1|h2o_c"", ""ecoli|KDOPS|g1|pep_c"", ""ecoli|KG6PDC_num1|g1|3dhgulnp_c"", ""ecoli|KG6PDC_num1|g1|h_c"", ""ecoli|KG6PDC_num2|g1|3dhgulnp_c"", ""ecoli|KG6PDC_num2|g1|h_c"", ""ecoli|LCADi|g1|lald__L_c"", ""ecoli|LEUTAi_num1|g1|4mop_c"", ""ecoli|LEUTAi_num2|g1|4mop_c"", ""ecoli|LIPATPT|g1|atp_c"", ""ecoli|LSERDHr|g1|ser__L_c"", ""ecoli|LYSAM|g1|lys__L_c"", ""ecoli|LYSDC_num1|g1|lys__L_c"", ""ecoli|LYSDC_num2|g1|lys__L_c"", ""ecoli|MALS_num1|g1|glx_c"", ""ecoli|MALS_num2|g1|glx_c"", ""ecoli|MCITD|g1|2mcit_c"", ""ecoli|MCITL2|g1|micit_c"", ""ecoli|MCPST|g1|mercppyr_c"", ""ecoli|ME1|g1|mal__L_c"", ""ecoli|ME1|g1|nad_c"", ""ecoli|ME2|g1|nadp_c"", ""ecoli|MECDPS|g1|2p4c2me_c"", ""ecoli|MEPCT|g1|2me4p_c"", ""ecoli|MEPCT|g1|ctp_c"", ""ecoli|METAT|g1|atp_c"", ""ecoli|METAT|g1|met__L_c"", ""ecoli|MGSA|g1|dhap_c"", ""ecoli|MI1PP|g1|mi1p__D_c"", ""ecoli|MNNH|g1|mana_c"", ""ecoli|MTAN|g1|5mta_c"", ""ecoli|MTAN|g1|h2o_c"", ""ecoli|MTHFC|g1|methf_c"", ""ecoli|MTHFD|g1|nadp_c"", ""ecoli|MTHFR2|g1|nadh_c"", ""ecoli|NADDP_num1|g1|nad_c"", ""ecoli|NADDP_num2|g1|nad_c"", ""ecoli|NADK|g1|atp_c"", ""ecoli|NADK|g1|nad_c"", ""ecoli|NADTRHD|g1|nadph_c"", ""ecoli|NMNDA|g1|nmn_c"", ""ecoli|NNATr|g1|nicrnt_c"", ""ecoli|NODOx|g1|nadh_c"", ""ecoli|NODOx|g1|no_c"", ""ecoli|NODOy|g1|no_c"", ""ecoli|NTD10pp_num1|g1|h2o_p"", ""ecoli|NTD10pp_num2|g1|h2o_p"", ""ecoli|NTD10|g1|h2o_c"", ""ecoli|NTD11_num1|g1|h2o_c"", ""ecoli|NTD11_num2|g1|h2o_c"", ""ecoli|NTD11pp_num1|g1|h2o_p"", ""ecoli|NTD11pp_num2|g1|h2o_p"", ""ecoli|NTD1_num1|g1|dump_c"", ""ecoli|NTD1_num1|g1|h2o_c"", ""ecoli|NTD1_num2|g1|dump_c"", ""ecoli|NTD1_num2|g1|h2o_c"", ""ecoli|NTD1_num3|g1|dump_c"", ""ecoli|NTD1_num3|g1|h2o_c"", ""ecoli|NTD1_num4|g1|dump_c"", ""ecoli|NTD1_num4|g1|h2o_c"", ""ecoli|NTD1pp_num1|g1|dump_p"", ""ecoli|NTD1pp_num1|g1|h2o_p"", ""ecoli|NTD1pp_num2|g1|dump_p"", ""ecoli|NTD1pp_num2|g1|h2o_p"", ""ecoli|NTD2_num1|g1|h2o_c"", ""ecoli|NTD2_num1|g1|ump_c"", ""ecoli|NTD2_num2|g1|h2o_c"", ""ecoli|NTD2_num2|g1|ump_c"", ""ecoli|NTD2_num3|g1|h2o_c"", ""ecoli|NTD2_num3|g1|ump_c"", ""ecoli|NTD2pp_num1|g1|h2o_p"", ""ecoli|NTD2pp_num1|g1|ump_p"", ""ecoli|NTD2pp_num2|g1|h2o_p"", ""ecoli|NTD2pp_num2|g1|ump_p"", ""ecoli|NTD2pp_num3|g1|h2o_p"", ""ecoli|NTD2pp_num3|g1|ump_p"", ""ecoli|NTD3_num1|g1|dcmp_c"", ""ecoli|NTD3_num1|g1|h2o_c"", ""ecoli|NTD3_num2|g1|dcmp_c"", ""ecoli|NTD3_num2|g1|h2o_c"", ""ecoli|NTD3_num3|g1|dcmp_c"", ""ecoli|NTD3_num3|g1|h2o_c"", ""ecoli|NTD3pp_num1|g1|dcmp_p"", ""ecoli|NTD3pp_num1|g1|h2o_p"", ""ecoli|NTD3pp_num2|g1|dcmp_p"", ""ecoli|NTD3pp_num2|g1|h2o_p"", ""ecoli|NTD4_num1|g1|h2o_c"", ""ecoli|NTD4_num2|g1|h2o_c"", ""ecoli|NTD4pp_num1|g1|h2o_p"", ""ecoli|NTD4pp_num2|g1|h2o_p"", ""ecoli|NTD4pp_num3|g1|h2o_p"", ""ecoli|NTD5_num1|g1|dtmp_c"", ""ecoli|NTD5_num1|g1|h2o_c"", ""ecoli|NTD5_num2|g1|dtmp_c"", ""ecoli|NTD5_num2|g1|h2o_c"", ""ecoli|NTD5_num3|g1|dtmp_c"", ""ecoli|NTD5_num3|g1|h2o_c"", ""ecoli|NTD5_num4|g1|dtmp_c"", ""ecoli|NTD5_num4|g1|h2o_c"", ""ecoli|NTD5pp_num1|g1|dtmp_p"", ""ecoli|NTD5pp_num1|g1|h2o_p"", ""ecoli|NTD5pp_num2|g1|dtmp_p"", ""ecoli|NTD5pp_num2|g1|h2o_p"", ""ecoli|NTD6_num1|g1|damp_c"", ""ecoli|NTD6_num1|g1|h2o_c"", ""ecoli|NTD6_num2|g1|damp_c"", ""ecoli|NTD6_num2|g1|h2o_c"", ""ecoli|NTD6_num3|g1|damp_c"", ""ecoli|NTD6_num3|g1|h2o_c"", ""ecoli|NTD6pp_num1|g1|damp_p"", ""ecoli|NTD6pp_num1|g1|h2o_p"", ""ecoli|NTD6pp_num2|g1|damp_p"", ""ecoli|NTD6pp_num2|g1|h2o_p"", ""ecoli|NTD7_num1|g1|amp_c"", ""ecoli|NTD7_num1|g1|h2o_c"", ""ecoli|NTD7_num2|g1|amp_c"", ""ecoli|NTD7_num2|g1|h2o_c"", ""ecoli|NTD7_num3|g1|amp_c"", ""ecoli|NTD7_num3|g1|h2o_c"", ""ecoli|NTD7_num4|g1|amp_c"", ""ecoli|NTD7_num4|g1|h2o_c"", ""ecoli|NTD7pp_num1|g1|amp_p"", ""ecoli|NTD7pp_num1|g1|h2o_p"", ""ecoli|NTD7pp_num2|g1|amp_p"", ""ecoli|NTD7pp_num2|g1|h2o_p"", ""ecoli|NTD7pp_num3|g1|amp_p"", ""ecoli|NTD7pp_num3|g1|h2o_p"", ""ecoli|NTD8_num1|g1|dgmp_c"", ""ecoli|NTD8_num1|g1|h2o_c"", ""ecoli|NTD8_num2|g1|dgmp_c"", ""ecoli|NTD8_num2|g1|h2o_c"", ""ecoli|NTD8_num3|g1|dgmp_c"", ""ecoli|NTD8_num3|g1|h2o_c"", ""ecoli|NTD8_num4|g1|dgmp_c"", ""ecoli|NTD8_num4|g1|h2o_c"", ""ecoli|NTD8pp_num1|g1|dgmp_p"", ""ecoli|NTD8pp_num1|g1|h2o_p"", ""ecoli|NTD8pp_num2|g1|dgmp_p"", ""ecoli|NTD8pp_num2|g1|h2o_p"", ""ecoli|NTD9_num1|g1|gmp_c"", ""ecoli|NTD9_num1|g1|h2o_c"", ""ecoli|NTD9_num2|g1|gmp_c"", ""ecoli|NTD9_num2|g1|h2o_c"", ""ecoli|NTD9_num3|g1|gmp_c"", ""ecoli|NTD9_num3|g1|h2o_c"", ""ecoli|NTD9_num4|g1|gmp_c"", ""ecoli|NTD9_num4|g1|h2o_c"", ""ecoli|NTD9pp_num1|g1|gmp_p"", ""ecoli|NTD9pp_num1|g1|h2o_p"", ""ecoli|NTD9pp_num2|g1|gmp_p"", ""ecoli|NTD9pp_num2|g1|h2o_p"", ""ecoli|NTD9pp_num3|g1|gmp_p"", ""ecoli|NTD9pp_num3|g1|h2o_p"", ""ecoli|NTP1_num1|g1|h2o_c"", ""ecoli|NTP1_num2|g1|h2o_c"", ""ecoli|NTP3_num1|g1|gtp_c"", ""ecoli|NTP3_num2|g1|gtp_c"", ""ecoli|NTP3_num3|g1|gtp_c"", ""ecoli|NTP3_num4|g1|gtp_c"", ""ecoli|NTP3_num5|g1|gtp_c"", ""ecoli|NTP3_num6|g1|gtp_c"", ""ecoli|NTP3_num7|g1|gtp_c"", ""ecoli|NTP3pp|g1|gtp_p"", ""ecoli|NTPP2_num1|g1|h2o_c"", ""ecoli|NTPP2_num2|g1|h2o_c"", ""ecoli|NTPP3_num1|g1|dctp_c"", ""ecoli|NTPP3_num1|g1|h2o_c"", ""ecoli|NTPP3_num2|g1|dctp_c"", ""ecoli|NTPP3_num2|g1|h2o_c"", ""ecoli|NTPP3_num3|g1|dctp_c"", ""ecoli|NTPP3_num3|g1|h2o_c"", ""ecoli|NTPP4_num1|g1|ctp_c"", ""ecoli|NTPP4_num1|g1|h2o_c"", ""ecoli|NTPP4_num2|g1|ctp_c"", ""ecoli|NTPP4_num2|g1|h2o_c"", ""ecoli|NTPP6_num1|g1|h2o_c"", ""ecoli|NTPP6_num2|g1|h2o_c"", ""ecoli|NTPP7_num1|g1|dttp_c"", ""ecoli|NTPP7_num2|g1|dttp_c"", ""ecoli|NTPP7_num3|g1|dttp_c"", ""ecoli|NTPP8_num1|g1|h2o_c"", ""ecoli|NTPP8_num1|g1|utp_c"", ""ecoli|NTPP8_num2|g1|h2o_c"", ""ecoli|NTPP8_num2|g1|utp_c"", ""ecoli|NTPP9|g1|h2o_c"", ""ecoli|NTPTP1|g1|dgtp_c"", ""ecoli|OCBT_num1|g1|cbp_c"", ""ecoli|OCBT_num1|g1|orn_c"", ""ecoli|OCBT_num2|g1|cbp_c"", ""ecoli|OCBT_num2|g1|orn_c"", ""ecoli|OCTDPS|g1|frdp_c"", ""ecoli|OHPBAT|g1|glu__L_c"", ""ecoli|OHPBAT|g1|ohpb_c"", ""ecoli|OMPDC|g1|orot5p_c"", ""ecoli|ORNDC_num1|g1|orn_c"", ""ecoli|ORNDC_num2|g1|orn_c"", ""ecoli|OXCDC|g1|oxalcoa_c"", ""ecoli|P5CD|g1|1pyr5c_c"", ""ecoli|PANTS|g1|ala_B_c"", ""ecoli|PANTS|g1|atp_c"", ""ecoli|PANTS|g1|pant__R_c"", ""ecoli|PDX5POi|g1|pdx5p_c"", ""ecoli|PEAMNOpp|g1|peamn_p"", ""ecoli|PERD|g1|4per_c"", ""ecoli|PFK_2|g1|atp_c"", ""ecoli|PFK_3|g1|atp_c"", ""ecoli|PFK_3|g1|s7p_c"", ""ecoli|PFK_num1|g1|atp_c"", ""ecoli|PFK_num1|g1|f6p_c"", ""ecoli|PFK_num2|g1|atp_c"", ""ecoli|PFK_num2|g1|f6p_c"", ""ecoli|PGCD|g1|3pg_c"", ""ecoli|PGCD|g1|nad_c"", ""ecoli|PGK|g1|3pg_c"", ""ecoli|PGK|g1|atp_c"", ""ecoli|PGLYCP|g1|2pglyc_c"", ""ecoli|PGLYCP|g1|h2o_c"", ""ecoli|PHETA1_num1|g1|akg_c"", ""ecoli|PHETA1_num1|g1|phe__L_c"", ""ecoli|PHETA1_num2|g1|akg_c"", ""ecoli|PHETA1_num2|g1|phe__L_c"", ""ecoli|PHETA1_num3|g1|akg_c"", ""ecoli|PHETA1_num3|g1|phe__L_c"", ""ecoli|PMPK|g1|4ampm_c"", ""ecoli|PMPK|g1|atp_c"", ""ecoli|PNTK|g1|atp_c"", ""ecoli|PNTK|g1|pnto__R_c"", ""ecoli|PPA_num1|g1|ppi_c"", ""ecoli|PPA_num2|g1|ppi_c"", ""ecoli|PPA_num3|g1|ppi_c"", ""ecoli|PPCDC|g1|4ppcys_c"", ""ecoli|PPCK|g1|oaa_c"", ""ecoli|PPC|g1|pep_c"", ""ecoli|PPNCL2|g1|4ppan_c"", ""ecoli|PPNDH|g1|pphn_c"", ""ecoli|PPND|g1|nad_c"", ""ecoli|PPND|g1|pphn_c"", ""ecoli|PRAIi|g1|pran_c"", ""ecoli|PSCVT|g1|pep_c"", ""ecoli|PSCVT|g1|skm5p_c"", ""ecoli|PSERT|g1|3php_c"", ""ecoli|PSERT|g1|glu__L_c"", ""ecoli|PTA2|g1|pi_c"", ""ecoli|PTAr_num1|g1|accoa_c"", ""ecoli|PTAr_num1|g1|pi_c"", ""ecoli|PTAr_num2|g1|accoa_c"", ""ecoli|PTAr_num2|g1|pi_c"", ""ecoli|PUNP1|g1|adn_c"", ""ecoli|PUNP1|g1|pi_c"", ""ecoli|PUNP2|g1|pi_c"", ""ecoli|PUNP3_num1|g1|pi_c"", ""ecoli|PUNP3_num2|g1|pi_c"", ""ecoli|PUNP4_num1|g1|pi_c"", ""ecoli|PUNP4_num2|g1|pi_c"", ""ecoli|PUNP5_num1|g1|ins_c"", ""ecoli|PUNP5_num1|g1|pi_c"", ""ecoli|PUNP5_num2|g1|ins_c"", ""ecoli|PUNP5_num2|g1|pi_c"", ""ecoli|PUNP6_num1|g1|pi_c"", ""ecoli|PUNP6_num2|g1|pi_c"", ""ecoli|PUNP7|g1|pi_c"", ""ecoli|PYAM5PO|g1|pyam5p_c"", ""ecoli|PYDAMK|g1|pydam_c"", ""ecoli|PYDXK_num1|g1|pydx_c"", ""ecoli|PYDXK_num2|g1|pydx_c"", ""ecoli|PYDXNK|g1|pydxn_c"", ""ecoli|QUINDH|g1|nad_c"", ""ecoli|QUINDH|g1|quin_c"", ""ecoli|RBFSa|g1|4r5au_c"", ""ecoli|RBFSb|g1|dmlz_c"", ""ecoli|RBK_L1|g1|atp_c"", ""ecoli|RBK_L1|g1|rbl__L_c"", ""ecoli|RBP4E_num1|g1|ru5p__L_c"", ""ecoli|RBP4E_num2|g1|ru5p__L_c"", ""ecoli|RBP4E_num3|g1|ru5p__L_c"", ""ecoli|RHCCE|g1|rhcys_c"", ""ecoli|RMPA|g1|rml1p_c"", ""ecoli|S7PI|g1|s7p_c"", ""ecoli|SEPHCHCS|g1|akg_c"", ""ecoli|SEPHCHCS|g1|ichor_c"", ""ecoli|SERAT|g1|accoa_c"", ""ecoli|SERD_D|g1|ser__D_c"", ""ecoli|SERD_L_num1|g1|ser__L_c"", ""ecoli|SERD_L_num2|g1|ser__L_c"", ""ecoli|SERD_L_num3|g1|ser__L_c"", ""ecoli|SERD_L_num4|g1|ser__L_c"", ""ecoli|SERD_L_num5|g1|ser__L_c"", ""ecoli|SFGTHi_num1|g1|Sfglutth_c"", ""ecoli|SFGTHi_num1|g1|h2o_c"", ""ecoli|SFGTHi_num2|g1|Sfglutth_c"", ""ecoli|SFGTHi_num2|g1|h2o_c"", ""ecoli|SHK3Dr|g1|3dhsk_c"", ""ecoli|SHK3Dr|g1|h_c"", ""ecoli|SHK3Dr|g1|nadph_c"", ""ecoli|SHKK_num1|g1|atp_c"", ""ecoli|SHKK_num1|g1|skm_c"", ""ecoli|SHKK_num2|g1|atp_c"", ""ecoli|SHKK_num2|g1|skm_c"", ""ecoli|SHSL1|g1|cys__L_c"", ""ecoli|SHSL1|g1|suchms_c"", ""ecoli|SOTA|g1|sucorn_c"", ""ecoli|SPMS|g1|ametam_c"", ""ecoli|SSALx|g1|nad_c"", ""ecoli|SSALx|g1|sucsal_c"", ""ecoli|SSALy_num1|g1|sucsal_c"", ""ecoli|SSALy_num2|g1|sucsal_c"", ""ecoli|TALA_num1|g1|g3p_c"", ""ecoli|TALA_num2|g1|g3p_c"", ""ecoli|TAUDO|g1|akg_c"", ""ecoli|TAUDO|g1|taur_c"", ""ecoli|TDPAGTA|g1|dtdp4d6dg_c"", ""ecoli|TDPGDH_num1|g1|dtdpglu_c"", ""ecoli|TDPGDH_num2|g1|dtdpglu_c"", ""ecoli|THRA_num1|g1|thr__L_c"", ""ecoli|THRA_num2|g1|thr__L_c"", ""ecoli|THRD_L_num1|g1|thr__L_c"", ""ecoli|THRD_L_num2|g1|thr__L_c"", ""ecoli|THRD_num1|g1|thr__L_c"", ""ecoli|THRD_num2|g1|thr__L_c"", ""ecoli|THRS|g1|phom_c"", ""ecoli|TMDPP|g1|thymd_c"", ""ecoli|TRE6PS|g1|g6p_c"", ""ecoli|TRE6PS|g1|udpg_c"", ""ecoli|TREHpp|g1|tre_p"", ""ecoli|TREH|g1|tre_c"", ""ecoli|TRPAS2|g1|trp__L_c"", ""ecoli|TRSARr_num1|g1|2h3oppan_c"", ""ecoli|TRSARr_num1|g1|h_c"", ""ecoli|TRSARr_num1|g1|nadh_c"", ""ecoli|TRSARr_num2|g1|2h3oppan_c"", ""ecoli|TRSARr_num2|g1|h_c"", ""ecoli|TRSARr_num2|g1|nadh_c"", ""ecoli|TYRTA_num1|g1|akg_c"", ""ecoli|TYRTA_num1|g1|tyr__L_c"", ""ecoli|TYRTA_num2|g1|akg_c"", ""ecoli|TYRTA_num2|g1|tyr__L_c"", ""ecoli|TYRTA_num3|g1|akg_c"", ""ecoli|TYRTA_num3|g1|tyr__L_c"", ""ecoli|U23GAAT|g1|u3hga_c"", ""ecoli|UAG2E|g1|uacgam_c"", ""ecoli|UAGCVT|g1|pep_c"", ""ecoli|UAGCVT|g1|uacgam_c"", ""ecoli|UAGDP|g1|acgam1p_c"", ""ecoli|UAGDP|g1|utp_c"", ""ecoli|UAGPT3|g1|uacgam_c"", ""ecoli|UAMAS|g1|ala__L_c"", ""ecoli|UDCPDPS|g1|frdp_c"", ""ecoli|UDCPDPS|g1|ipdp_c"", ""ecoli|UDPG4E|g1|udpg_c"", ""ecoli|UDPGD|g1|nad_c"", ""ecoli|UDPGPpp|g1|h2o_p"", ""ecoli|UDPGPpp|g1|udpg_p"", ""ecoli|UGLT|g1|gal1p_c"", ""ecoli|UPP3S|g1|hmbil_c"", ""ecoli|URDGLYCD|g1|nad_c"", ""ecoli|URDGLYCD|g1|urdglyc_c"", ""ecoli|URIH_num1|g1|uri_c"", ""ecoli|URIH_num2|g1|uri_c"", ""ecoli|URIH_num3|g1|uri_c"", ""ecoli|VALTA|g1|val__L_c"", ""ecoli|XPPT|g1|prpp_c"", ""ecoli|XPPT|g1|xan_c"", ""ecoli|XYLK_num1|g1|xylu__D_c"", ""ecoli|XYLK_num2|g1|xylu__D_c"", ""yeast|r_0012|g1|s_0119"", ""yeast|r_0018|g1|s_0991"", ""yeast|r_0018|g2|s_0991"", ""yeast|r_0018|g3|s_0991"", ""yeast|r_0024|g1|s_0232"", ""yeast|r_0024|g2|s_0232"", ""yeast|r_0025|g1|s_0233"", ""yeast|r_0028|g1|s_0807"", ""yeast|r_0028|g1|s_1273"", ""yeast|r_0028|g1|s_1382"", ""yeast|r_0062|g1|s_0232"", ""yeast|r_0062|g2|s_0232"", ""yeast|r_0062|g3|s_0232"", ""yeast|r_0085|g1|s_1012"", ""yeast|r_0108|g1|s_0437"", ""yeast|r_0115|g1|s_0437"", ""yeast|r_0115|g1|s_1192"", ""yeast|r_0138|g1|s_0383"", ""yeast|r_0142|g1|s_0386"", ""yeast|r_0163|g1|s_0680"", ""yeast|r_0163|g1|s_1198"", ""yeast|r_0165|g1|s_0361"", ""yeast|r_0165|g1|s_0799"", ""yeast|r_0165|g1|s_1205"", ""yeast|r_0165|g2|s_0361"", ""yeast|r_0165|g2|s_0799"", ""yeast|r_0165|g2|s_1205"", ""yeast|r_0166|g1|s_0794"", ""yeast|r_0166|g1|s_1203"", ""yeast|r_0166|g2|s_0794"", ""yeast|r_0166|g2|s_1203"", ""yeast|r_0166|g3|s_0794"", ""yeast|r_0166|g3|s_1203"", ""yeast|r_0167|g1|s_0799"", ""yeast|r_0167|g1|s_1205"", ""yeast|r_0167|g2|s_0799"", ""yeast|r_0167|g2|s_1205"", ""yeast|r_0168|g1|s_0166"", ""yeast|r_0168|g1|s_0794"", ""yeast|r_0168|g1|s_1212"", ""yeast|r_0168|g2|s_0166"", ""yeast|r_0168|g2|s_0794"", ""yeast|r_0168|g2|s_1212"", ""yeast|r_0168|g3|s_0166"", ""yeast|r_0168|g3|s_0794"", ""yeast|r_0168|g3|s_1212"", ""yeast|r_0169|g1|s_0794"", ""yeast|r_0169|g1|s_1203"", ""yeast|r_0169|g2|s_0794"", ""yeast|r_0169|g2|s_1203"", ""yeast|r_0169|g3|s_0794"", ""yeast|r_0169|g3|s_1203"", ""yeast|r_0170|g1|s_0799"", ""yeast|r_0170|g1|s_1205"", ""yeast|r_0170|g2|s_0799"", ""yeast|r_0170|g2|s_1205"", ""yeast|r_0171|g1|s_0794"", ""yeast|r_0171|g1|s_1212"", ""yeast|r_0171|g2|s_0794"", ""yeast|r_0171|g2|s_1212"", ""yeast|r_0173|g1|s_0359"", ""yeast|r_0173|g1|s_0803"", ""yeast|r_0173|g1|s_1207"", ""yeast|r_0177|g1|s_0803"", ""yeast|r_0177|g1|s_1207"", ""yeast|r_0179|g1|s_0794"", ""yeast|r_0179|g1|s_1203"", ""yeast|r_0179|g2|s_0794"", ""yeast|r_0179|g2|s_1203"", ""yeast|r_0179|g3|s_0794"", ""yeast|r_0179|g3|s_1203"", ""yeast|r_0180|g1|s_0799"", ""yeast|r_0180|g1|s_1205"", ""yeast|r_0180|g2|s_0799"", ""yeast|r_0180|g2|s_1205"", ""yeast|r_0181|g1|s_0234"", ""yeast|r_0181|g1|s_0794"", ""yeast|r_0181|g1|s_1212"", ""yeast|r_0181|g2|s_0234"", ""yeast|r_0181|g2|s_0794"", ""yeast|r_0181|g2|s_1212"", ""yeast|r_0182|g1|s_0794"", ""yeast|r_0182|g1|s_1203"", ""yeast|r_0182|g2|s_0794"", ""yeast|r_0182|g2|s_1203"", ""yeast|r_0182|g3|s_0794"", ""yeast|r_0182|g3|s_1203"", ""yeast|r_0183|g1|s_0799"", ""yeast|r_0183|g1|s_1205"", ""yeast|r_0183|g2|s_0799"", ""yeast|r_0183|g2|s_1205"", ""yeast|r_0184|g1|s_0794"", ""yeast|r_0184|g1|s_1212"", ""yeast|r_0184|g2|s_0794"", ""yeast|r_0184|g2|s_1212"", ""yeast|r_0186|g1|s_0794"", ""yeast|r_0186|g1|s_1203"", ""yeast|r_0186|g2|s_0794"", ""yeast|r_0186|g2|s_1203"", ""yeast|r_0186|g3|s_0794"", ""yeast|r_0186|g3|s_1203"", ""yeast|r_0187|g1|s_0799"", ""yeast|r_0187|g1|s_1205"", ""yeast|r_0187|g2|s_0799"", ""yeast|r_0187|g2|s_1205"", ""yeast|r_0191|g1|s_1554"", ""yeast|r_0202|g1|s_0427"", ""yeast|r_0202|g1|s_1386"", ""yeast|r_0209|g1|s_0965"", ""yeast|r_0210|g1|s_0967"", ""yeast|r_0215|g1|s_0434"", ""yeast|r_0215|g1|s_0973"", ""yeast|r_0222|g1|s_0394"", ""yeast|r_0223|g1|s_0394"", ""yeast|r_0273|g1|s_0512"", ""yeast|r_0274|g1|s_0514"", ""yeast|r_0278|g1|s_0515"", ""yeast|r_0300|g1|s_0376"", ""yeast|r_0300|g1|s_0807"", ""yeast|r_0300|g1|s_1273"", ""yeast|r_0300|g2|s_0376"", ""yeast|r_0300|g2|s_0807"", ""yeast|r_0300|g2|s_1273"", ""yeast|r_0301|g1|s_0378"", ""yeast|r_0309|g1|s_1012"", ""yeast|r_0309|g1|s_1039"", ""yeast|r_0310|g1|s_0980"", ""yeast|r_0318|g1|s_0545"", ""yeast|r_0330|g1|s_0434"", ""yeast|r_0330|g1|s_0615"", ""yeast|r_0344|g1|s_0625"", ""yeast|r_0345|g1|s_0626"", ""yeast|r_0361|g1|s_0743"", ""yeast|r_0364|g1|s_0656"", ""yeast|r_0364|g2|s_0656"", ""yeast|r_0366|g1|s_0188"", ""yeast|r_0366|g2|s_0188"", ""yeast|r_0366|g3|s_0188"", ""yeast|r_0366|g4|s_0188"", ""yeast|r_0366|g5|s_0188"", ""yeast|r_0373|g1|s_0190"", ""yeast|r_0373|g1|s_0943"", ""yeast|r_0443|g1|s_0721"", ""yeast|r_0443|g1|s_1198"", ""yeast|r_0449|g1|s_0555"", ""yeast|r_0453|g1|s_0061"", ""yeast|r_0458|g1|s_0434"", ""yeast|r_0458|g1|s_0558"", ""yeast|r_0459|g1|s_0410"", ""yeast|r_0464|g1|s_0774"", ""yeast|r_0469|g1|s_0991"", ""yeast|r_0471|g1|s_0180"", ""yeast|r_0471|g2|s_0180"", ""yeast|r_0477|g1|s_0557"", ""yeast|r_0477|g1|s_0999"", ""yeast|r_0478|g1|s_0999"", ""yeast|r_0479|g1|s_0991"", ""yeast|r_0480|g1|s_0993"", ""yeast|r_0486|g1|s_0764"", ""yeast|r_0486|g2|s_0764"", ""yeast|r_0486|g3|s_0764"", ""yeast|r_0526|g1|s_0787"", ""yeast|r_0528|g1|s_0434"", ""yeast|r_0528|g1|s_0782"", ""yeast|r_0529|g1|s_0782"", ""yeast|r_0533|g1|s_0434"", ""yeast|r_0533|g2|s_0434"", ""yeast|r_0533|g3|s_0434"", ""yeast|r_0534|g1|s_0434"", ""yeast|r_0534|g1|s_0563"", ""yeast|r_0534|g2|s_0434"", ""yeast|r_0534|g2|s_0563"", ""yeast|r_0534|g3|s_0434"", ""yeast|r_0534|g3|s_0563"", ""yeast|r_0534|g4|s_0434"", ""yeast|r_0534|g4|s_0563"", ""yeast|r_0534|g5|s_0434"", ""yeast|r_0534|g5|s_0563"", ""yeast|r_0535|g1|s_0434"", ""yeast|r_0535|g2|s_0434"", ""yeast|r_0535|g3|s_0434"", ""yeast|r_0539|g1|s_0434"", ""yeast|r_0539|g1|s_1006"", ""yeast|r_0540|g1|s_0437"", ""yeast|r_0540|g1|s_1008"", ""yeast|r_0543|g1|s_0183"", ""yeast|r_0543|g1|s_0377"", ""yeast|r_0543|g1|s_0808"", ""yeast|r_0543|g2|s_0183"", ""yeast|r_0543|g2|s_0377"", ""yeast|r_0543|g2|s_0808"", ""yeast|r_0545|g1|s_0836"", ""yeast|r_0546|g1|s_0794"", ""yeast|r_0546|g1|s_0978"", ""yeast|r_0547|g1|s_0794"", ""yeast|r_0547|g1|s_0978"", ""yeast|r_0547|g1|s_1212"", ""yeast|r_0553|g1|s_0033"", ""yeast|r_0554|g1|s_0034"", ""yeast|r_0567|g1|s_0855"", ""yeast|r_0567|g2|s_0855"", ""yeast|r_0567|g3|s_0855"", ""yeast|r_0568|g1|s_0633"", ""yeast|r_0569|g1|s_0636"", ""yeast|r_0667|g1|s_0943"", ""yeast|r_0674|g1|s_0182"", ""yeast|r_0674|g1|s_0957"", ""yeast|r_0675|g1|s_0958"", ""yeast|r_0676|g1|s_0958"", ""yeast|r_0679|g1|s_0969"", ""yeast|r_0680|g1|s_0970"", ""yeast|r_0680|g2|s_0970"", ""yeast|r_0680|g3|s_0970"", ""yeast|r_0680|g4|s_0970"", ""yeast|r_0690|g1|s_1039"", ""yeast|r_0697|g1|s_0750"", ""yeast|r_0697|g1|s_1151"", ""yeast|r_0701|g1|s_1021"", ""yeast|r_0702|g1|s_1023"", ""yeast|r_0723|g1|s_0574"", ""yeast|r_0727|g1|s_1012"", ""yeast|r_0739|g1|s_0018"", ""yeast|r_0760|g1|s_0373"", ""yeast|r_0760|g1|s_0412"", ""yeast|r_0762|g1|s_1195"", ""yeast|r_0764|g1|s_1202"", ""yeast|r_0765|g1|s_1198"", ""yeast|r_0765|g2|s_1198"", ""yeast|r_0766|g1|s_1200"", ""yeast|r_0766|g2|s_1200"", ""yeast|r_0766|g3|s_1200"", ""yeast|r_0768|g1|s_0999"", ""yeast|r_0769|g1|s_1001"", ""yeast|r_0770|g1|s_1203"", ""yeast|r_0770|g2|s_1203"", ""yeast|r_0771|g1|s_1203"", ""yeast|r_0771|g2|s_1203"", ""yeast|r_0772|g1|s_1205"", ""yeast|r_0772|g2|s_1205"", ""yeast|r_0772|g3|s_1205"", ""yeast|r_0773|g1|s_1205"", ""yeast|r_0781|g1|s_1216"", ""yeast|r_0799|g1|s_0647"", ""yeast|r_0810|g1|s_0740"", ""yeast|r_0815|g1|s_0981"", ""yeast|r_0815|g2|s_0981"", ""yeast|r_0815|g3|s_0981"", ""yeast|r_0817|g1|s_1266"", ""yeast|r_0821|g1|s_1270"", ""yeast|r_0851|g1|s_1032"", ""yeast|r_0853|g1|s_1034"", ""yeast|r_0854|g1|s_0951"", ""yeast|r_0884|g1|s_0434"", ""yeast|r_0884|g1|s_1271"", ""yeast|r_0889|g1|s_0340"", ""yeast|r_0889|g1|s_1207"", ""yeast|r_0889|g2|s_0340"", ""yeast|r_0889|g2|s_1207"", ""yeast|r_0892|g1|s_0075"", ""yeast|r_0892|g1|s_0394"", ""yeast|r_0893|g1|s_0260"", ""yeast|r_0893|g2|s_0260"", ""yeast|r_0913|g1|s_1187"", ""yeast|r_0936|g1|s_1181"", ""yeast|r_0937|g1|s_1442"", ""yeast|r_0938|g1|s_1377"", ""yeast|r_0941|g1|s_1035"", ""yeast|r_0943|g1|s_1218"", ""yeast|r_0954|g1|s_1395"", ""yeast|r_0955|g1|s_1398"", ""yeast|r_0958|g1|s_0434"", ""yeast|r_0958|g1|s_0445"", ""yeast|r_0958|g1|s_1399"", ""yeast|r_0958|g2|s_0434"", ""yeast|r_0958|g2|s_0445"", ""yeast|r_0958|g2|s_1399"", ""yeast|r_0959|g1|s_1399"", ""yeast|r_0959|g2|s_1399"", ""yeast|r_0959|g3|s_1399"", ""yeast|r_0960|g1|s_1399"", ""yeast|r_0960|g2|s_1399"", ""yeast|r_0960|g3|s_1399"", ""yeast|r_0962|g1|s_0394"", ""yeast|r_0962|g1|s_1360"", ""yeast|r_0962|g2|s_0394"", ""yeast|r_0962|g2|s_1360"", ""yeast|r_0984|g1|s_0577"", ""yeast|r_0986|g1|s_1416"", ""yeast|r_0986|g1|s_1569"", ""yeast|r_0995|g1|s_0434"", ""yeast|r_0995|g1|s_1039"", ""yeast|r_0995|g2|s_0434"", ""yeast|r_0995|g2|s_1039"", ""yeast|r_1012|g1|s_0190"", ""yeast|r_1024|g1|s_1466"", ""yeast|r_1038|g1|s_1212"", ""yeast|r_1040|g1|s_1045"", ""yeast|r_1042|g1|s_1045"", ""yeast|r_1043|g1|s_1047"", ""yeast|r_1049|g1|s_0581"", ""yeast|r_1049|g2|s_0581"", ""yeast|r_1050|g1|s_0551"", ""yeast|r_1050|g1|s_0581"", ""yeast|r_1050|g2|s_0551"", ""yeast|r_1050|g2|s_0581"", ""yeast|r_1054|g1|s_0629"", ""yeast|r_1063|g1|s_0991"", ""yeast|r_1066|g1|s_1051"", ""yeast|r_1067|g1|s_1053"", ""yeast|r_1071|g1|s_0410"", ""yeast|r_1094|g1|s_0434"", ""yeast|r_1094|g1|s_0580"", ""yeast|r_1838|g1|s_0182"", ""yeast|r_1838|g1|s_0376"", ""yeast|r_1838|g1|s_0807"", ""yeast|r_1838|g2|s_0182"", ""yeast|r_1838|g2|s_0376"", ""yeast|r_1838|g2|s_0807"", ""yeast|r_2115|g1|s_0359"", ""yeast|r_2115|g1|s_0794"", ""yeast|r_2115|g1|s_1203"", ""yeast|r_2115|g2|s_0359"", ""yeast|r_2115|g2|s_0794"", ""yeast|r_2115|g2|s_1203"", ""yeast|r_2145|g1|s_1214"", ""yeast|r_2146|g1|s_1214"", ""yeast|r_2147|g1|s_1214"", ""yeast|r_2432|g1|s_3083"", ""yeast|r_2433|g1|s_3083"", ""yeast|r_2434|g1|s_3083"", ""yeast|r_2435|g1|s_3083"", ""yeast|r_2436|g1|s_3083"", ""yeast|r_2437|g1|s_3083"", ""yeast|r_2438|g1|s_3083"", ""yeast|r_2439|g1|s_3083"", ""yeast|r_2440|g1|s_3093"", ""yeast|r_2441|g1|s_3093"", ""yeast|r_2442|g1|s_3093"", ""yeast|r_2443|g1|s_3093"", ""yeast|r_2444|g1|s_3093"", ""yeast|r_2445|g1|s_3093"", ""yeast|r_2820|g1|s_2856"", ""yeast|r_2820|g2|s_2856"", ""yeast|r_2821|g1|s_2856"", ""yeast|r_2821|g2|s_2856"", ""yeast|r_2822|g1|s_2856"", ""yeast|r_2822|g2|s_2856"", ""yeast|r_2823|g1|s_2856"", ""yeast|r_2823|g2|s_2856"", ""yeast|r_2824|g1|s_2856"", ""yeast|r_2824|g2|s_2856"", ""yeast|r_2825|g1|s_2856"", ""yeast|r_2825|g2|s_2856"", ""yeast|r_2826|g1|s_2856"", ""yeast|r_2826|g2|s_2856"", ""yeast|r_2827|g1|s_2856"", ""yeast|r_2827|g2|s_2856"", ""yeast|r_2828|g1|s_3341"", ""yeast|r_2829|g1|s_3341"", ""yeast|r_2830|g1|s_3341"", ""yeast|r_2831|g1|s_3341"", ""yeast|r_2832|g1|s_3341"", ""yeast|r_2833|g1|s_3341"", ""yeast|r_2834|g1|s_3341"", ""yeast|r_2835|g1|s_3341"", ""yeast|r_2844|g1|s_0438"", ""yeast|r_2845|g1|s_0438"", ""yeast|r_2846|g1|s_0438"", ""yeast|r_2847|g1|s_0438"", ""yeast|r_2848|g1|s_0438"", ""yeast|r_2849|g1|s_0438"", ""yeast|r_2850|g1|s_0438"", ""yeast|r_2851|g1|s_0438"", ""yeast|r_4045|g1|s_1556"", ""yeast|r_4157|g1|s_3760"", ""yeast|r_4157|g2|s_3760"", ""yeast|r_4160|g1|s_3761"", ""yeast|r_4184|g1|s_3806"", ""yeast|r_4187|g1|s_1037"", ""yeast|r_4217|g1|s_0926"", ""yeast|r_4226|g1|s_0180"", ""yeast|r_4226|g1|s_0955"", ""yeast|r_4248|g1|s_3904"", ""yeast|r_4251|g1|s_0541"", ""yeast|r_4251|g1|s_3907"", ""yeast|r_4283|g1|s_0434"", ""yeast|r_4284|g1|s_0434"", ""yeast|r_4284|g1|s_3949"", ""yeast|r_4285|g1|s_0434"", ""yeast|r_4285|g1|s_3951"", ""yeast|r_4286|g1|s_0434"", ""yeast|r_4287|g1|s_0434"", ""yeast|r_4288|g1|s_3952"", ""yeast|r_4312|g1|s_1416"", ""yeast|r_4312|g1|s_3991"", ""yeast|r_4317|g1|s_3998"", ""yeast|r_4318|g1|s_3999"", ""yeast|r_4333|g1|s_4018"", ""yeast|r_4333|g2|s_4018"", ""yeast|r_4340|g1|s_0373"", ""yeast|r_4652|g1|s_0794"", ""yeast|r_4652|g1|s_1203"", ""yeast|r_4652|g1|s_4232"", ""yeast|r_4652|g2|s_0794"", ""yeast|r_4652|g2|s_1203"", ""yeast|r_4652|g2|s_4232"", ""yeast|r_4652|g3|s_0794"", ""yeast|r_4652|g3|s_1203"", ""yeast|r_4652|g3|s_4232"", ""yeast|r_4653|g1|s_0799"", ""yeast|r_4653|g1|s_1205"", ""yeast|r_4653|g1|s_4234"", ""yeast|r_4653|g2|s_0799"", ""yeast|r_4653|g2|s_1205"", ""yeast|r_4653|g2|s_4234"", ""yeast|r_4654|g1|s_0794"", ""yeast|r_4654|g1|s_1212"", ""yeast|r_4654|g1|s_4232"", ""yeast|r_4654|g2|s_0794"", ""yeast|r_4654|g2|s_1212"", ""yeast|r_4654|g2|s_4232"", ""yeast|r_4654|g3|s_0794"", ""yeast|r_4654|g3|s_1212"", ""yeast|r_4654|g3|s_4232"", ""yeast|r_4661|g1|s_0794"", ""yeast|r_4661|g1|s_1203"", ""yeast|r_4661|g2|s_0794"", ""yeast|r_4661|g2|s_1203"", ""yeast|r_4661|g3|s_0794"", ""yeast|r_4661|g3|s_1203"", ""yeast|r_4662|g1|s_0799"", ""yeast|r_4662|g1|s_1205"", ""yeast|r_4662|g2|s_0799"", ""yeast|r_4662|g2|s_1205"", ""yeast|r_4663|g1|s_0794"", ""yeast|r_4663|g1|s_1212"", ""yeast|r_4663|g2|s_0794"", ""yeast|r_4663|g2|s_1212"", ""yeast|r_4663|g3|s_0794"", ""yeast|r_4663|g3|s_1212"", ""yeast|r_4670|g1|s_0794"", ""yeast|r_4670|g1|s_1203"", ""yeast|r_4670|g2|s_0794"", ""yeast|r_4670|g2|s_1203"", ""yeast|r_4670|g3|s_0794"", ""yeast|r_4670|g3|s_1203"", ""yeast|r_4671|g1|s_0799"", ""yeast|r_4671|g1|s_1205"", ""yeast|r_4671|g2|s_0799"", ""yeast|r_4671|g2|s_1205"", ""yeast|r_4672|g1|s_0794"", ""yeast|r_4672|g1|s_1212"", ""yeast|r_4672|g2|s_0794"", ""yeast|r_4672|g2|s_1212"", ""yeast|r_4672|g3|s_0794"", ""yeast|r_4672|g3|s_1212"", ""yeast|r_4723|g1|s_4290"", ""yeast|r_4723|g2|s_4290"", ""yeast|r_4724|g1|s_4291"", ""yeast|r_4724|g2|s_4291"", ""yeast|r_4725|g1|s_4292"", ""yeast|r_4725|g2|s_4292"", ""yeast|r_4755|g1|s_1401"", ""yeast|r_4755|g2|s_1401"", ""yeast|r_4774|g1|s_4325""]","[""ecoli|23PDE7pp|g1|23camp_p"", ""ecoli|3HCINNMH|g1|nadh_c"", ""ecoli|3HPPPNH|g1|nadh_c"", ""ecoli|3NTD2pp_num1|g1|h2o_p"", ""ecoli|3NTD2pp_num2|g1|h2o_p"", ""ecoli|3NTD4pp_num1|g1|3cmp_p"", ""ecoli|3NTD4pp_num1|g1|h2o_p"", ""ecoli|3NTD4pp_num2|g1|3cmp_p"", ""ecoli|3NTD4pp_num2|g1|h2o_p"", ""ecoli|3NTD4pp_num3|g1|3cmp_p"", ""ecoli|3NTD4pp_num3|g1|h2o_p"", ""ecoli|3NTD7pp_num1|g1|3amp_p"", ""ecoli|3NTD7pp_num1|g1|h2o_p"", ""ecoli|3NTD7pp_num2|g1|3amp_p"", ""ecoli|3NTD7pp_num2|g1|h2o_p"", ""ecoli|3NTD9pp_num1|g1|h2o_p"", ""ecoli|3NTD9pp_num2|g1|h2o_p"", ""ecoli|3OAR100|g1|nadph_c"", ""ecoli|3OAR120|g1|nadph_c"", ""ecoli|3OAR121|g1|nadph_c"", ""ecoli|3OAR140|g1|nadph_c"", ""ecoli|3OAR141|g1|nadph_c"", ""ecoli|3OAR160|g1|nadph_c"", ""ecoli|3OAR161|g1|nadph_c"", ""ecoli|3OAR180|g1|nadph_c"", ""ecoli|3OAR181|g1|nadph_c"", ""ecoli|3OAR40|g1|nadph_c"", ""ecoli|3OAR60|g1|nadph_c"", ""ecoli|3OAR80|g1|nadph_c"", ""ecoli|3OAS121|g1|malACP_c"", ""ecoli|3OAS141|g1|malACP_c"", ""ecoli|3OAS161|g1|malACP_c"", ""ecoli|3OAS180_num1|g1|malACP_c"", ""ecoli|3OAS180_num2|g1|malACP_c"", ""ecoli|3OAS181|g1|malACP_c"", ""ecoli|3OXCOAT|g1|coa_c"", ""ecoli|A5PISO_num1|g1|ru5p__D_c"", ""ecoli|A5PISO_num2|g1|ru5p__D_c"", ""ecoli|AB6PGH_num1|g1|h2o_c"", ""ecoli|AB6PGH_num2|g1|h2o_c"", ""ecoli|AB6PGH_num3|g1|h2o_c"", ""ecoli|ABTA_num1|g1|4abut_c"", ""ecoli|ABTA_num1|g1|akg_c"", ""ecoli|ABTA_num2|g1|4abut_c"", ""ecoli|ABTA_num2|g1|akg_c"", ""ecoli|ABUTD|g1|4abutn_c"", ""ecoli|ABUTD|g1|h2o_c"", ""ecoli|ABUTD|g1|nad_c"", ""ecoli|ACACT1r_num1|g1|accoa_c"", ""ecoli|ACACT1r_num2|g1|accoa_c"", ""ecoli|ACACT1r_num3|g1|accoa_c"", ""ecoli|ACACT2r_num1|g1|accoa_c"", ""ecoli|ACACT2r_num2|g1|accoa_c"", ""ecoli|ACACT3r_num1|g1|accoa_c"", ""ecoli|ACACT3r_num2|g1|accoa_c"", ""ecoli|ACACT4r_num1|g1|accoa_c"", ""ecoli|ACACT4r_num2|g1|accoa_c"", ""ecoli|ACACT5r_num1|g1|accoa_c"", ""ecoli|ACACT5r_num2|g1|accoa_c"", ""ecoli|ACACT6r_num1|g1|accoa_c"", ""ecoli|ACACT6r_num2|g1|accoa_c"", ""ecoli|ACACT7r_num1|g1|accoa_c"", ""ecoli|ACACT7r_num2|g1|accoa_c"", ""ecoli|ACALD_num1|g1|acald_c"", ""ecoli|ACALD_num2|g1|acald_c"", ""ecoli|ACGAMK|g1|atp_c"", ""ecoli|ACKr_num1|g1|ac_c"", ""ecoli|ACKr_num1|g1|atp_c"", ""ecoli|ACKr_num2|g1|ac_c"", ""ecoli|ACKr_num2|g1|atp_c"", ""ecoli|ACKr_num3|g1|ac_c"", ""ecoli|ACKr_num3|g1|atp_c"", ""ecoli|ACM6PH|g1|acmum6p_c"", ""ecoli|ACNML|g1|acnam_c"", ""ecoli|ACODA|g1|acorn_c"", ""ecoli|ACODA|g1|h2o_c"", ""ecoli|ACP1_FMN_num1|g1|fmn_c"", ""ecoli|ACP1_FMN_num2|g1|fmn_c"", ""ecoli|ACP1_FMN_num3|g1|fmn_c"", ""ecoli|ACPS1_num1|g1|coa_c"", ""ecoli|ACPS1_num2|g1|coa_c"", ""ecoli|ACS|g1|ac_c"", ""ecoli|ACS|g1|atp_c"", ""ecoli|ADD|g1|ade_c"", ""ecoli|ADNCYC|g1|atp_c"", ""ecoli|ADNUC|g1|adn_c"", ""ecoli|ADPRDP_num1|g1|adprib_c"", ""ecoli|ADPRDP_num2|g1|adprib_c"", ""ecoli|ADPT|g1|ade_c"", ""ecoli|ADSK|g1|aps_c"", ""ecoli|ADSS|g1|asp__L_c"", ""ecoli|ADSS|g1|gtp_c"", ""ecoli|ADSS|g1|imp_c"", ""ecoli|AGDC|g1|acgam6p_c"", ""ecoli|AGMT|g1|agm_c"", ""ecoli|AHCYSNS|g1|ahcys_c"", ""ecoli|AHCYSNS|g1|h2o_c"", ""ecoli|AHGDx|g1|S2hglut_c"", ""ecoli|AHGDx|g1|nad_c"", ""ecoli|AICART|g1|10fthf_c"", ""ecoli|AICART|g1|aicar_c"", ""ecoli|AIRC2|g1|atp_c"", ""ecoli|AIRC3|g1|5aizc_c"", ""ecoli|ALAALAr_num1|g1|ala__D_c"", ""ecoli|ALAALAr_num2|g1|ala__D_c"", ""ecoli|ALAGLUE|g1|LalaDglu_c"", ""ecoli|ALAR_num1|g1|ala__L_c"", ""ecoli|ALAR_num2|g1|ala__L_c"", ""ecoli|ALDD19xr|g1|nad_c"", ""ecoli|ALDD19xr|g1|pacald_c"", ""ecoli|ALLK|g1|all__D_c"", ""ecoli|ALLK|g1|atp_c"", ""ecoli|ALLTN|g1|h2o_c"", ""ecoli|AMANK|g1|acmana_c"", ""ecoli|AMANK|g1|atp_c"", ""ecoli|AMAOTr|g1|8aonn_c"", ""ecoli|AMAOTr|g1|amet_c"", ""ecoli|AMPTASECG_num1|g1|cgly_c"", ""ecoli|AMPTASECG_num1|g1|h2o_c"", ""ecoli|AMPTASECG_num2|g1|cgly_c"", ""ecoli|AMPTASECG_num2|g1|h2o_c"", ""ecoli|AMPTASECG_num3|g1|cgly_c"", ""ecoli|AMPTASECG_num3|g1|h2o_c"", ""ecoli|AMPTASECG_num4|g1|cgly_c"", ""ecoli|AMPTASECG_num4|g1|h2o_c"", ""ecoli|ANPRT|g1|anth_c"", ""ecoli|ANPRT|g1|prpp_c"", ""ecoli|AOXSr2|g1|ala__L_c"", ""ecoli|AP4AH|g1|ap4a_c"", ""ecoli|AP5AH|g1|ap5a_c"", ""ecoli|APCS|g1|ametam_c"", ""ecoli|APRAUR|g1|5apru_c"", ""ecoli|APRAUR|g1|h_c"", ""ecoli|APRAUR|g1|nadph_c"", ""ecoli|ASAD|g1|aspsa_c"", ""ecoli|ASAD|g1|nadp_c"", ""ecoli|ASAD|g1|pi_c"", ""ecoli|ASNN_num1|g1|asn__L_c"", ""ecoli|ASNN_num1|g1|h2o_c"", ""ecoli|ASNN_num2|g1|asn__L_c"", ""ecoli|ASNN_num2|g1|h2o_c"", ""ecoli|ASNNpp|g1|asn__L_p"", ""ecoli|ASNNpp|g1|h2o_p"", ""ecoli|ASNS1|g1|asp__L_c"", ""ecoli|ASNS1|g1|atp_c"", ""ecoli|ASNS1|g1|gln__L_c"", ""ecoli|ASNS2_num1|g1|asp__L_c"", ""ecoli|ASNS2_num1|g1|atp_c"", ""ecoli|ASNS2_num1|g1|nh4_c"", ""ecoli|ASNS2_num2|g1|asp__L_c"", ""ecoli|ASNS2_num2|g1|atp_c"", ""ecoli|ASNS2_num2|g1|nh4_c"", ""ecoli|ASP1DC|g1|asp__L_c"", ""ecoli|ASPCT_num2|g1|asp__L_c"", ""ecoli|ASPK_num1|g1|asp__L_c"", ""ecoli|ASPK_num1|g1|atp_c"", ""ecoli|ASPK_num2|g1|asp__L_c"", ""ecoli|ASPK_num2|g1|atp_c"", ""ecoli|ASPK_num3|g1|asp__L_c"", ""ecoli|ASPK_num3|g1|atp_c"", ""ecoli|ASPO6|g1|asp__L_c"", ""ecoli|ASPTA_num1|g1|akg_c"", ""ecoli|ASPTA_num1|g1|asp__L_c"", ""ecoli|ASPTA_num2|g1|akg_c"", ""ecoli|ASPTA_num2|g1|asp__L_c"", ""ecoli|ASPT|g1|asp__L_c"", ""ecoli|ATHRDHr|g1|athr__L_c"", ""ecoli|BPNT|g1|pap_c"", ""ecoli|CAT_num1|g1|h2o2_c"", ""ecoli|CAT_num2|g1|h2o2_c"", ""ecoli|CDGR|g1|nadph_c"", ""ecoli|CDGR|g1|preq0_c"", ""ecoli|CFAS160E|g1|amet_c"", ""ecoli|CFAS160G|g1|amet_c"", ""ecoli|CFAS180E|g1|amet_c"", ""ecoli|CFAS180G|g1|amet_c"", ""ecoli|CHORM_num1|g1|chor_c"", ""ecoli|CHORM_num2|g1|chor_c"", ""ecoli|CHRPL_num1|g1|chor_c"", ""ecoli|CHRPL_num2|g1|chor_c"", ""ecoli|CPPPGO|g1|cpppg3_c"", ""ecoli|CSND|g1|csn_c"", ""ecoli|CS|g1|accoa_c"", ""ecoli|CS|g1|oaa_c"", ""ecoli|CTPS2|g1|atp_c"", ""ecoli|CTPS2|g1|gln__L_c"", ""ecoli|CTPS2|g1|utp_c"", ""ecoli|CYANST_num1|g1|cyan_c"", ""ecoli|CYANST_num1|g1|tsul_c"", ""ecoli|CYANST_num2|g1|cyan_c"", ""ecoli|CYANST_num2|g1|tsul_c"", ""ecoli|CYANST_num3|g1|cyan_c"", ""ecoli|CYANST_num3|g1|tsul_c"", ""ecoli|CYANSTpp|g1|cyan_p"", ""ecoli|CYANSTpp|g1|tsul_p"", ""ecoli|CYSDDS|g1|cys__D_c"", ""ecoli|CYSS_num1|g1|acser_c"", ""ecoli|CYSS_num1|g1|h2s_c"", ""ecoli|CYSS_num2|g1|acser_c"", ""ecoli|CYSS_num2|g1|h2s_c"", ""ecoli|CYSTA|g1|akg_c"", ""ecoli|CYSTA|g1|cys__L_c"", ""ecoli|CYTDH_num1|g1|cytd_c"", ""ecoli|CYTDH_num2|g1|cytd_c"", ""ecoli|CYTDH_num3|g1|cytd_c"", ""ecoli|CYTK1|g1|atp_c"", ""ecoli|CYTK1|g1|cmp_c"", ""ecoli|CYTK2|g1|atp_c"", ""ecoli|CYTK2|g1|dcmp_c"", ""ecoli|DAPAL|g1|23dappa_c"", ""ecoli|DAPDC|g1|26dap__M_c"", ""ecoli|DBTS|g1|atp_c"", ""ecoli|DCTPD|g1|dctp_c"", ""ecoli|DDPA_num1|g1|e4p_c"", ""ecoli|DDPA_num1|g1|pep_c"", ""ecoli|DDPA_num2|g1|e4p_c"", ""ecoli|DDPA_num2|g1|pep_c"", ""ecoli|DDPA_num3|g1|e4p_c"", ""ecoli|DDPA_num3|g1|pep_c"", ""ecoli|DHFR_num1|g1|dhf_c"", ""ecoli|DHFR_num1|g1|nadph_c"", ""ecoli|DHFR_num2|g1|dhf_c"", ""ecoli|DHFR_num2|g1|nadph_c"", ""ecoli|DHNPA2r|g1|dhnpt_c"", ""ecoli|DHPPDA2|g1|25drapp_c"", ""ecoli|DHPPDA2|g1|h2o_c"", ""ecoli|DHQS|g1|2dda7p_c"", ""ecoli|DHQTi|g1|3dhq_c"", ""ecoli|DKGLCNR2y|g1|h_c"", ""ecoli|DKGLCNR2y|g1|nadph_c"", ""ecoli|DNTPPA_num1|g1|ahdt_c"", ""ecoli|DNTPPA_num2|g1|ahdt_c"", ""ecoli|DPR_num1|g1|2dhp_c"", ""ecoli|DPR_num1|g1|h_c"", ""ecoli|DPR_num1|g1|nadph_c"", ""ecoli|DPR_num2|g1|2dhp_c"", ""ecoli|DPR_num2|g1|h_c"", ""ecoli|DPR_num2|g1|nadph_c"", ""ecoli|DRPA|g1|2dr5p_c"", ""ecoli|DURIPP_num1|g1|duri_c"", ""ecoli|DURIPP_num1|g1|pi_c"", ""ecoli|DURIPP_num2|g1|duri_c"", ""ecoli|DURIPP_num2|g1|pi_c"", ""ecoli|DUTPDP_num1|g1|dutp_c"", ""ecoli|DUTPDP_num2|g1|dutp_c"", ""ecoli|DXPRIi|g1|dxyl5p_c"", ""ecoli|DXPS|g1|g3p_c"", ""ecoli|DXPS|g1|pyr_c"", ""ecoli|E4PD_num1|g1|e4p_c"", ""ecoli|E4PD_num1|g1|nad_c"", ""ecoli|E4PD_num2|g1|e4p_c"", ""ecoli|E4PD_num2|g1|nad_c"", ""ecoli|EDA|g1|2ddg6p_c"", ""ecoli|FACOAE100|g1|h2o_c"", ""ecoli|FACOAE120|g1|ddcacoa_c"", ""ecoli|FACOAE120|g1|h2o_c"", ""ecoli|FACOAE140|g1|h2o_c"", ""ecoli|FACOAE160|g1|h2o_c"", ""ecoli|FACOAE180|g1|h2o_c"", ""ecoli|FADRx|g1|fad_c"", ""ecoli|FADRx|g1|nadh_c"", ""ecoli|FBA_num1|g1|fdp_c"", ""ecoli|FBA_num2|g1|fdp_c"", ""ecoli|FBP_num1|g1|fdp_c"", ""ecoli|FBP_num2|g1|fdp_c"", ""ecoli|FBP_num3|g1|fdp_c"", ""ecoli|FBP_num4|g1|fdp_c"", ""ecoli|FCLPA_num1|g1|fc1p_c"", ""ecoli|FCLPA_num2|g1|fc1p_c"", ""ecoli|FEROpp_num1|g1|fe2_p"", ""ecoli|FEROpp_num2|g1|fe2_p"", ""ecoli|FLVRx|g1|nadh_c"", ""ecoli|FMNRx2_num1|g1|fmn_c"", ""ecoli|FMNRx2_num1|g1|nadph_c"", ""ecoli|FMNRx2_num2|g1|fmn_c"", ""ecoli|FMNRx2_num2|g1|nadph_c"", ""ecoli|FMNRx2_num3|g1|fmn_c"", ""ecoli|FMNRx2_num3|g1|nadph_c"", ""ecoli|FMNRx_num1|g1|nadh_c"", ""ecoli|FMNRx_num2|g1|nadh_c"", ""ecoli|FUM_num1|g1|fum_c"", ""ecoli|FUM_num2|g1|fum_c"", ""ecoli|FUM_num3|g1|fum_c"", ""ecoli|G1PP_num1|g1|g1p_c"", ""ecoli|G1PP_num2|g1|g1p_c"", ""ecoli|G1PP_num3|g1|g1p_c"", ""ecoli|G1PPpp_num1|g1|g1p_p"", ""ecoli|G1PPpp_num2|g1|g1p_p"", ""ecoli|G6PDA|g1|gam6p_c"", ""ecoli|G6PDH2r|g1|nadp_c"", ""ecoli|GALCTD|g1|galct__D_c"", ""ecoli|GF6PTA|g1|f6p_c"", ""ecoli|GF6PTA|g1|gln__L_c"", ""ecoli|GGPTRCS|g1|ptrc_c"", ""ecoli|GHMT2r|g1|ser__L_c"", ""ecoli|GHMT2r|g1|thf_c"", ""ecoli|GK1|g1|gmp_c"", ""ecoli|GLCRAL|g1|5dh4dglc_c"", ""ecoli|GLCRD_num1|g1|glcr_c"", ""ecoli|GLCRD_num2|g1|glcr_c"", ""ecoli|GLGC|g1|atp_c"", ""ecoli|GLNS|g1|atp_c"", ""ecoli|GLNS|g1|glu__L_c"", ""ecoli|GLUCYS|g1|atp_c"", ""ecoli|GLUCYS|g1|cys__L_c"", ""ecoli|GLUCYS|g1|glu__L_c"", ""ecoli|GLUDC_num1|g1|glu__L_c"", ""ecoli|GLUDC_num2|g1|glu__L_c"", ""ecoli|GLUDy|g1|glu__L_c"", ""ecoli|GLUDy|g1|nadp_c"", ""ecoli|GLUN_num1|g1|gln__L_c"", ""ecoli|GLUN_num2|g1|gln__L_c"", ""ecoli|GLUNpp|g1|gln__L_p"", ""ecoli|GLUR|g1|glu__D_c"", ""ecoli|GLUTRR|g1|nadph_c"", ""ecoli|GLUTRS|g1|atp_c"", ""ecoli|GLUTRS|g1|glu__L_c"", ""ecoli|GLXCL|g1|glx_c"", ""ecoli|GLYAT|g1|gly_c"", ""ecoli|GLYCK2|g1|atp_c"", ""ecoli|GLYCK2|g1|glyc__R_c"", ""ecoli|GLYCK|g1|glyc__R_c"", ""ecoli|GLYOX3|g1|mthgxl_c"", ""ecoli|GMAND|g1|gdpmann_c"", ""ecoli|GMPR|g1|gmp_c"", ""ecoli|GMPS2|g1|gln__L_c"", ""ecoli|GMPS2|g1|xmp_c"", ""ecoli|GMPS|g1|xmp_c"", ""ecoli|GPDDA1pp|g1|g3pc_p"", ""ecoli|GPDDA1|g1|g3pc_c"", ""ecoli|GPDDA2pp|g1|g3pe_p"", ""ecoli|GPDDA2|g1|g3pe_c"", ""ecoli|GPDDA3pp|g1|g3ps_p"", ""ecoli|GPDDA3|g1|g3ps_c"", ""ecoli|GPDDA4pp|g1|g3pg_p"", ""ecoli|GPDDA4|g1|g3pg_c"", ""ecoli|GSPMDA|g1|gtspmd_c"", ""ecoli|GTHOr|g1|gthox_c"", ""ecoli|GTPCII2|g1|gtp_c"", ""ecoli|GTPDPDP|g1|gdptp_c"", ""ecoli|GUAD|g1|gua_c"", ""ecoli|GUAPRT_num1|g1|gua_c"", ""ecoli|GUAPRT_num1|g1|prpp_c"", ""ecoli|GUAPRT_num2|g1|gua_c"", ""ecoli|GUAPRT_num2|g1|prpp_c"", ""ecoli|GUI1|g1|glcur_c"", ""ecoli|HACD1_num1|g1|aacoa_c"", ""ecoli|HACD1_num1|g1|h_c"", ""ecoli|HACD1_num1|g1|nadh_c"", ""ecoli|HACD1_num2|g1|aacoa_c"", ""ecoli|HACD1_num2|g1|h_c"", ""ecoli|HACD1_num2|g1|nadh_c"", ""ecoli|HACD2_num1|g1|h_c"", ""ecoli|HACD2_num1|g1|nadh_c"", ""ecoli|HACD2_num2|g1|h_c"", ""ecoli|HACD2_num2|g1|nadh_c"", ""ecoli|HACD3_num1|g1|h_c"", ""ecoli|HACD3_num1|g1|nadh_c"", ""ecoli|HACD3_num2|g1|h_c"", ""ecoli|HACD3_num2|g1|nadh_c"", ""ecoli|HACD4_num1|g1|h_c"", ""ecoli|HACD4_num1|g1|nadh_c"", ""ecoli|HACD4_num2|g1|h_c"", ""ecoli|HACD4_num2|g1|nadh_c"", ""ecoli|HACD5_num1|g1|h_c"", ""ecoli|HACD5_num1|g1|nadh_c"", ""ecoli|HACD5_num2|g1|h_c"", ""ecoli|HACD5_num2|g1|nadh_c"", ""ecoli|HACD6_num1|g1|h_c"", ""ecoli|HACD6_num1|g1|nadh_c"", ""ecoli|HACD6_num2|g1|h_c"", ""ecoli|HACD6_num2|g1|nadh_c"", ""ecoli|HACD7_num1|g1|h_c"", ""ecoli|HACD7_num1|g1|nadh_c"", ""ecoli|HACD7_num2|g1|h_c"", ""ecoli|HACD7_num2|g1|nadh_c"", ""ecoli|HACD8_num1|g1|h_c"", ""ecoli|HACD8_num1|g1|nadh_c"", ""ecoli|HACD8_num2|g1|h_c"", ""ecoli|HACD8_num2|g1|nadh_c"", ""ecoli|HADPCOADH3|g1|nad_c"", ""ecoli|HCO3E_num1|g1|co2_c"", ""ecoli|HCO3E_num2|g1|co2_c"", ""ecoli|HCYSMT2|g1|hcys__L_c"", ""ecoli|HCYSMT|g1|hcys__L_c"", ""ecoli|HEX1|g1|glc__D_c"", ""ecoli|HISTP|g1|hisp_c"", ""ecoli|HMPK1_num1|g1|4ahmmp_c"", ""ecoli|HMPK1_num1|g1|atp_c"", ""ecoli|HMPK1_num2|g1|4ahmmp_c"", ""ecoli|HMPK1_num2|g1|atp_c"", ""ecoli|HPPPNDO|g1|dhpppn_c"", ""ecoli|HSDy_num1|g1|hom__L_c"", ""ecoli|HSDy_num2|g1|hom__L_c"", ""ecoli|HSK|g1|hom__L_c"", ""ecoli|HSST|g1|hom__L_c"", ""ecoli|HSST|g1|succoa_c"", ""ecoli|ICDHyr|g1|icit_c"", ""ecoli|ICDHyr|g1|nadp_c"", ""ecoli|ICHORS_copy1|g1|chor_c"", ""ecoli|ICHORS_copy2|g1|chor_c"", ""ecoli|ICHORT|g1|ichor_c"", ""ecoli|IGPS|g1|2cpr5p_c"", ""ecoli|ILETA|g1|ile__L_c"", ""ecoli|IMPD|g1|imp_c"", ""ecoli|INSH|g1|ins_c"", ""ecoli|IPMD_num1|g1|3c2hmp_c"", ""ecoli|IPMD_num1|g1|nad_c"", ""ecoli|IPMD_num2|g1|3c2hmp_c"", ""ecoli|IPMD_num2|g1|nad_c"", ""ecoli|KARA1|g1|23dhmb_c"", ""ecoli|KARA1|g1|nadp_c"", ""ecoli|KARA2|g1|h_c"", ""ecoli|KARA2|g1|nadph_c"", ""ecoli|KAS14_num1|g1|malACP_c"", ""ecoli|KAS14_num2|g1|malACP_c"", ""ecoli|KDOPS|g1|ara5p_c"", ""ecoli|KDOPS|g1|h2o_c"", ""ecoli|KDOPS|g1|pep_c"", ""ecoli|KG6PDC_num1|g1|3dhgulnp_c"", ""ecoli|KG6PDC_num1|g1|h_c"", ""ecoli|KG6PDC_num2|g1|3dhgulnp_c"", ""ecoli|KG6PDC_num2|g1|h_c"", ""ecoli|LCADi|g1|lald__L_c"", ""ecoli|LEUTAi_num1|g1|4mop_c"", ""ecoli|LEUTAi_num2|g1|4mop_c"", ""ecoli|LIPATPT|g1|atp_c"", ""ecoli|LSERDHr|g1|ser__L_c"", ""ecoli|LYSAM|g1|lys__L_c"", ""ecoli|LYSDC_num1|g1|lys__L_c"", ""ecoli|LYSDC_num2|g1|lys__L_c"", ""ecoli|MALS_num1|g1|glx_c"", ""ecoli|MALS_num2|g1|glx_c"", ""ecoli|MCITD|g1|2mcit_c"", ""ecoli|MCITL2|g1|micit_c"", ""ecoli|MCPST|g1|mercppyr_c"", ""ecoli|ME1|g1|mal__L_c"", ""ecoli|ME1|g1|nad_c"", ""ecoli|ME2|g1|nadp_c"", ""ecoli|MECDPS|g1|2p4c2me_c"", ""ecoli|MEPCT|g1|2me4p_c"", ""ecoli|MEPCT|g1|ctp_c"", ""ecoli|METAT|g1|atp_c"", ""ecoli|METAT|g1|met__L_c"", ""ecoli|MGSA|g1|dhap_c"", ""ecoli|MI1PP|g1|mi1p__D_c"", ""ecoli|MNNH|g1|mana_c"", ""ecoli|MTAN|g1|5mta_c"", ""ecoli|MTAN|g1|h2o_c"", ""ecoli|MTHFC|g1|methf_c"", ""ecoli|MTHFD|g1|nadp_c"", ""ecoli|MTHFR2|g1|nadh_c"", ""ecoli|NADDP_num1|g1|nad_c"", ""ecoli|NADDP_num2|g1|nad_c"", ""ecoli|NADK|g1|atp_c"", ""ecoli|NADK|g1|nad_c"", ""ecoli|NADTRHD|g1|nadph_c"", ""ecoli|NMNDA|g1|nmn_c"", ""ecoli|NNATr|g1|nicrnt_c"", ""ecoli|NODOx|g1|nadh_c"", ""ecoli|NODOx|g1|no_c"", ""ecoli|NODOy|g1|no_c"", ""ecoli|NTD10pp_num1|g1|h2o_p"", ""ecoli|NTD10pp_num2|g1|h2o_p"", ""ecoli|NTD10|g1|h2o_c"", ""ecoli|NTD11_num1|g1|h2o_c"", ""ecoli|NTD11_num2|g1|h2o_c"", ""ecoli|NTD11pp_num1|g1|h2o_p"", ""ecoli|NTD11pp_num2|g1|h2o_p"", ""ecoli|NTD1_num1|g1|dump_c"", ""ecoli|NTD1_num1|g1|h2o_c"", ""ecoli|NTD1_num2|g1|dump_c"", ""ecoli|NTD1_num2|g1|h2o_c"", ""ecoli|NTD1_num3|g1|dump_c"", ""ecoli|NTD1_num3|g1|h2o_c"", ""ecoli|NTD1_num4|g1|dump_c"", ""ecoli|NTD1_num4|g1|h2o_c"", ""ecoli|NTD1pp_num1|g1|dump_p"", ""ecoli|NTD1pp_num1|g1|h2o_p"", ""ecoli|NTD1pp_num2|g1|dump_p"", ""ecoli|NTD1pp_num2|g1|h2o_p"", ""ecoli|NTD2_num1|g1|h2o_c"", ""ecoli|NTD2_num1|g1|ump_c"", ""ecoli|NTD2_num2|g1|h2o_c"", ""ecoli|NTD2_num2|g1|ump_c"", ""ecoli|NTD2_num3|g1|h2o_c"", ""ecoli|NTD2_num3|g1|ump_c"", ""ecoli|NTD2pp_num1|g1|h2o_p"", ""ecoli|NTD2pp_num1|g1|ump_p"", ""ecoli|NTD2pp_num2|g1|h2o_p"", ""ecoli|NTD2pp_num2|g1|ump_p"", ""ecoli|NTD2pp_num3|g1|h2o_p"", ""ecoli|NTD2pp_num3|g1|ump_p"", ""ecoli|NTD3_num1|g1|dcmp_c"", ""ecoli|NTD3_num1|g1|h2o_c"", ""ecoli|NTD3_num2|g1|dcmp_c"", ""ecoli|NTD3_num2|g1|h2o_c"", ""ecoli|NTD3_num3|g1|dcmp_c"", ""ecoli|NTD3_num3|g1|h2o_c"", ""ecoli|NTD3pp_num1|g1|dcmp_p"", ""ecoli|NTD3pp_num1|g1|h2o_p"", ""ecoli|NTD3pp_num2|g1|dcmp_p"", ""ecoli|NTD3pp_num2|g1|h2o_p"", ""ecoli|NTD4_num1|g1|h2o_c"", ""ecoli|NTD4_num2|g1|h2o_c"", ""ecoli|NTD4pp_num1|g1|h2o_p"", ""ecoli|NTD4pp_num2|g1|h2o_p"", ""ecoli|NTD4pp_num3|g1|h2o_p"", ""ecoli|NTD5_num1|g1|dtmp_c"", ""ecoli|NTD5_num1|g1|h2o_c"", ""ecoli|NTD5_num2|g1|dtmp_c"", ""ecoli|NTD5_num2|g1|h2o_c"", ""ecoli|NTD5_num3|g1|dtmp_c"", ""ecoli|NTD5_num3|g1|h2o_c"", ""ecoli|NTD5_num4|g1|dtmp_c"", ""ecoli|NTD5_num4|g1|h2o_c"", ""ecoli|NTD5pp_num1|g1|dtmp_p"", ""ecoli|NTD5pp_num1|g1|h2o_p"", ""ecoli|NTD5pp_num2|g1|dtmp_p"", ""ecoli|NTD5pp_num2|g1|h2o_p"", ""ecoli|NTD6_num1|g1|damp_c"", ""ecoli|NTD6_num1|g1|h2o_c"", ""ecoli|NTD6_num2|g1|damp_c"", ""ecoli|NTD6_num2|g1|h2o_c"", ""ecoli|NTD6_num3|g1|damp_c"", ""ecoli|NTD6_num3|g1|h2o_c"", ""ecoli|NTD6pp_num1|g1|damp_p"", ""ecoli|NTD6pp_num1|g1|h2o_p"", ""ecoli|NTD6pp_num2|g1|damp_p"", ""ecoli|NTD6pp_num2|g1|h2o_p"", ""ecoli|NTD7_num1|g1|amp_c"", ""ecoli|NTD7_num1|g1|h2o_c"", ""ecoli|NTD7_num2|g1|amp_c"", ""ecoli|NTD7_num2|g1|h2o_c"", ""ecoli|NTD7_num3|g1|amp_c"", ""ecoli|NTD7_num3|g1|h2o_c"", ""ecoli|NTD7_num4|g1|amp_c"", ""ecoli|NTD7_num4|g1|h2o_c"", ""ecoli|NTD7pp_num1|g1|amp_p"", ""ecoli|NTD7pp_num1|g1|h2o_p"", ""ecoli|NTD7pp_num2|g1|amp_p"", ""ecoli|NTD7pp_num2|g1|h2o_p"", ""ecoli|NTD7pp_num3|g1|amp_p"", ""ecoli|NTD7pp_num3|g1|h2o_p"", ""ecoli|NTD8_num1|g1|dgmp_c"", ""ecoli|NTD8_num1|g1|h2o_c"", ""ecoli|NTD8_num2|g1|dgmp_c"", ""ecoli|NTD8_num2|g1|h2o_c"", ""ecoli|NTD8_num3|g1|dgmp_c"", ""ecoli|NTD8_num3|g1|h2o_c"", ""ecoli|NTD8_num4|g1|dgmp_c"", ""ecoli|NTD8_num4|g1|h2o_c"", ""ecoli|NTD8pp_num1|g1|dgmp_p"", ""ecoli|NTD8pp_num1|g1|h2o_p"", ""ecoli|NTD8pp_num2|g1|dgmp_p"", ""ecoli|NTD8pp_num2|g1|h2o_p"", ""ecoli|NTD9_num1|g1|gmp_c"", ""ecoli|NTD9_num1|g1|h2o_c"", ""ecoli|NTD9_num2|g1|gmp_c"", ""ecoli|NTD9_num2|g1|h2o_c"", ""ecoli|NTD9_num3|g1|gmp_c"", ""ecoli|NTD9_num3|g1|h2o_c"", ""ecoli|NTD9_num4|g1|gmp_c"", ""ecoli|NTD9_num4|g1|h2o_c"", ""ecoli|NTD9pp_num1|g1|gmp_p"", ""ecoli|NTD9pp_num1|g1|h2o_p"", ""ecoli|NTD9pp_num2|g1|gmp_p"", ""ecoli|NTD9pp_num2|g1|h2o_p"", ""ecoli|NTD9pp_num3|g1|gmp_p"", ""ecoli|NTD9pp_num3|g1|h2o_p"", ""ecoli|NTP1_num1|g1|h2o_c"", ""ecoli|NTP1_num2|g1|h2o_c"", ""ecoli|NTP3_num1|g1|gtp_c"", ""ecoli|NTP3_num2|g1|gtp_c"", ""ecoli|NTP3_num3|g1|gtp_c"", ""ecoli|NTP3_num4|g1|gtp_c"", ""ecoli|NTP3_num5|g1|gtp_c"", ""ecoli|NTP3_num6|g1|gtp_c"", ""ecoli|NTP3_num7|g1|gtp_c"", ""ecoli|NTP3pp|g1|gtp_p"", ""ecoli|NTPP2_num1|g1|h2o_c"", ""ecoli|NTPP2_num2|g1|h2o_c"", ""ecoli|NTPP3_num1|g1|dctp_c"", ""ecoli|NTPP3_num1|g1|h2o_c"", ""ecoli|NTPP3_num2|g1|dctp_c"", ""ecoli|NTPP3_num2|g1|h2o_c"", ""ecoli|NTPP3_num3|g1|dctp_c"", ""ecoli|NTPP3_num3|g1|h2o_c"", ""ecoli|NTPP4_num1|g1|ctp_c"", ""ecoli|NTPP4_num1|g1|h2o_c"", ""ecoli|NTPP4_num2|g1|ctp_c"", ""ecoli|NTPP4_num2|g1|h2o_c"", ""ecoli|NTPP6_num1|g1|h2o_c"", ""ecoli|NTPP6_num2|g1|h2o_c"", ""ecoli|NTPP7_num1|g1|dttp_c"", ""ecoli|NTPP7_num2|g1|dttp_c"", ""ecoli|NTPP7_num3|g1|dttp_c"", ""ecoli|NTPP8_num1|g1|h2o_c"", ""ecoli|NTPP8_num1|g1|utp_c"", ""ecoli|NTPP8_num2|g1|h2o_c"", ""ecoli|NTPP8_num2|g1|utp_c"", ""ecoli|NTPP9|g1|h2o_c"", ""ecoli|NTPTP1|g1|dgtp_c"", ""ecoli|OCBT_num1|g1|cbp_c"", ""ecoli|OCBT_num1|g1|orn_c"", ""ecoli|OCBT_num2|g1|cbp_c"", ""ecoli|OCBT_num2|g1|orn_c"", ""ecoli|OCTDPS|g1|frdp_c"", ""ecoli|OHPBAT|g1|glu__L_c"", ""ecoli|OHPBAT|g1|ohpb_c"", ""ecoli|OMPDC|g1|orot5p_c"", ""ecoli|ORNDC_num1|g1|orn_c"", ""ecoli|ORNDC_num2|g1|orn_c"", ""ecoli|OXCDC|g1|oxalcoa_c"", ""ecoli|P5CD|g1|1pyr5c_c"", ""ecoli|PANTS|g1|ala_B_c"", ""ecoli|PANTS|g1|atp_c"", ""ecoli|PANTS|g1|pant__R_c"", ""ecoli|PDX5POi|g1|pdx5p_c"", ""ecoli|PEAMNOpp|g1|peamn_p"", ""ecoli|PERD|g1|4per_c"", ""ecoli|PFK_2|g1|atp_c"", ""ecoli|PFK_3|g1|atp_c"", ""ecoli|PFK_3|g1|s7p_c"", ""ecoli|PFK_num1|g1|atp_c"", ""ecoli|PFK_num1|g1|f6p_c"", ""ecoli|PFK_num2|g1|atp_c"", ""ecoli|PFK_num2|g1|f6p_c"", ""ecoli|PGCD|g1|3pg_c"", ""ecoli|PGCD|g1|nad_c"", ""ecoli|PGK|g1|3pg_c"", ""ecoli|PGK|g1|atp_c"", ""ecoli|PGLYCP|g1|2pglyc_c"", ""ecoli|PGLYCP|g1|h2o_c"", ""ecoli|PHETA1_num1|g1|akg_c"", ""ecoli|PHETA1_num1|g1|phe__L_c"", ""ecoli|PHETA1_num2|g1|akg_c"", ""ecoli|PHETA1_num2|g1|phe__L_c"", ""ecoli|PHETA1_num3|g1|akg_c"", ""ecoli|PHETA1_num3|g1|phe__L_c"", ""ecoli|PMPK|g1|4ampm_c"", ""ecoli|PMPK|g1|atp_c"", ""ecoli|PNTK|g1|atp_c"", ""ecoli|PNTK|g1|pnto__R_c"", ""ecoli|PPA_num1|g1|ppi_c"", ""ecoli|PPA_num2|g1|ppi_c"", ""ecoli|PPA_num3|g1|ppi_c"", ""ecoli|PPCDC|g1|4ppcys_c"", ""ecoli|PPCK|g1|oaa_c"", ""ecoli|PPC|g1|pep_c"", ""ecoli|PPNCL2|g1|4ppan_c"", ""ecoli|PPNDH|g1|pphn_c"", ""ecoli|PPND|g1|nad_c"", ""ecoli|PPND|g1|pphn_c"", ""ecoli|PRAIi|g1|pran_c"", ""ecoli|PSCVT|g1|pep_c"", ""ecoli|PSCVT|g1|skm5p_c"", ""ecoli|PSERT|g1|3php_c"", ""ecoli|PSERT|g1|glu__L_c"", ""ecoli|PTA2|g1|pi_c"", ""ecoli|PTAr_num1|g1|accoa_c"", ""ecoli|PTAr_num1|g1|pi_c"", ""ecoli|PTAr_num2|g1|accoa_c"", ""ecoli|PTAr_num2|g1|pi_c"", ""ecoli|PUNP1|g1|adn_c"", ""ecoli|PUNP1|g1|pi_c"", ""ecoli|PUNP2|g1|pi_c"", ""ecoli|PUNP3_num1|g1|pi_c"", ""ecoli|PUNP3_num2|g1|pi_c"", ""ecoli|PUNP4_num1|g1|pi_c"", ""ecoli|PUNP4_num2|g1|pi_c"", ""ecoli|PUNP5_num1|g1|ins_c"", ""ecoli|PUNP5_num1|g1|pi_c"", ""ecoli|PUNP5_num2|g1|ins_c"", ""ecoli|PUNP5_num2|g1|pi_c"", ""ecoli|PUNP6_num1|g1|pi_c"", ""ecoli|PUNP6_num2|g1|pi_c"", ""ecoli|PUNP7|g1|pi_c"", ""ecoli|PYAM5PO|g1|pyam5p_c"", ""ecoli|PYDAMK|g1|pydam_c"", ""ecoli|PYDXK_num1|g1|pydx_c"", ""ecoli|PYDXK_num2|g1|pydx_c"", ""ecoli|PYDXNK|g1|pydxn_c"", ""ecoli|QUINDH|g1|nad_c"", ""ecoli|QUINDH|g1|quin_c"", ""ecoli|RBFSa|g1|4r5au_c"", ""ecoli|RBFSb|g1|dmlz_c"", ""ecoli|RBK_L1|g1|atp_c"", ""ecoli|RBK_L1|g1|rbl__L_c"", ""ecoli|RBP4E_num1|g1|ru5p__L_c"", ""ecoli|RBP4E_num2|g1|ru5p__L_c"", ""ecoli|RBP4E_num3|g1|ru5p__L_c"", ""ecoli|RHCCE|g1|rhcys_c"", ""ecoli|RMPA|g1|rml1p_c"", ""ecoli|S7PI|g1|s7p_c"", ""ecoli|SEPHCHCS|g1|akg_c"", ""ecoli|SEPHCHCS|g1|ichor_c"", ""ecoli|SERAT|g1|accoa_c"", ""ecoli|SERD_D|g1|ser__D_c"", ""ecoli|SERD_L_num1|g1|ser__L_c"", ""ecoli|SERD_L_num2|g1|ser__L_c"", ""ecoli|SERD_L_num3|g1|ser__L_c"", ""ecoli|SERD_L_num4|g1|ser__L_c"", ""ecoli|SERD_L_num5|g1|ser__L_c"", ""ecoli|SFGTHi_num1|g1|Sfglutth_c"", ""ecoli|SFGTHi_num1|g1|h2o_c"", ""ecoli|SFGTHi_num2|g1|Sfglutth_c"", ""ecoli|SFGTHi_num2|g1|h2o_c"", ""ecoli|SHK3Dr|g1|3dhsk_c"", ""ecoli|SHK3Dr|g1|h_c"", ""ecoli|SHK3Dr|g1|nadph_c"", ""ecoli|SHKK_num1|g1|atp_c"", ""ecoli|SHKK_num1|g1|skm_c"", ""ecoli|SHKK_num2|g1|atp_c"", ""ecoli|SHKK_num2|g1|skm_c"", ""ecoli|SHSL1|g1|cys__L_c"", ""ecoli|SHSL1|g1|suchms_c"", ""ecoli|SOTA|g1|sucorn_c"", ""ecoli|SPMS|g1|ametam_c"", ""ecoli|SSALx|g1|nad_c"", ""ecoli|SSALx|g1|sucsal_c"", ""ecoli|SSALy_num1|g1|sucsal_c"", ""ecoli|SSALy_num2|g1|sucsal_c"", ""ecoli|TALA_num1|g1|g3p_c"", ""ecoli|TALA_num2|g1|g3p_c"", ""ecoli|TAUDO|g1|akg_c"", ""ecoli|TAUDO|g1|taur_c"", ""ecoli|TDPAGTA|g1|dtdp4d6dg_c"", ""ecoli|TDPGDH_num1|g1|dtdpglu_c"", ""ecoli|TDPGDH_num2|g1|dtdpglu_c"", ""ecoli|THRA_num1|g1|thr__L_c"", ""ecoli|THRA_num2|g1|thr__L_c"", ""ecoli|THRD_L_num1|g1|thr__L_c"", ""ecoli|THRD_L_num2|g1|thr__L_c"", ""ecoli|THRD_num1|g1|thr__L_c"", ""ecoli|THRD_num2|g1|thr__L_c"", ""ecoli|THRS|g1|phom_c"", ""ecoli|TMDPP|g1|thymd_c"", ""ecoli|TRE6PS|g1|g6p_c"", ""ecoli|TRE6PS|g1|udpg_c"", ""ecoli|TREHpp|g1|tre_p"", ""ecoli|TREH|g1|tre_c"", ""ecoli|TRPAS2|g1|trp__L_c"", ""ecoli|TRSARr_num1|g1|2h3oppan_c"", ""ecoli|TRSARr_num1|g1|h_c"", ""ecoli|TRSARr_num1|g1|nadh_c"", ""ecoli|TRSARr_num2|g1|2h3oppan_c"", ""ecoli|TRSARr_num2|g1|h_c"", ""ecoli|TRSARr_num2|g1|nadh_c"", ""ecoli|TYRTA_num1|g1|akg_c"", ""ecoli|TYRTA_num1|g1|tyr__L_c"", ""ecoli|TYRTA_num2|g1|akg_c"", ""ecoli|TYRTA_num2|g1|tyr__L_c"", ""ecoli|TYRTA_num3|g1|akg_c"", ""ecoli|TYRTA_num3|g1|tyr__L_c"", ""ecoli|U23GAAT|g1|u3hga_c"", ""ecoli|UAG2E|g1|uacgam_c"", ""ecoli|UAGCVT|g1|pep_c"", ""ecoli|UAGCVT|g1|uacgam_c"", ""ecoli|UAGDP|g1|acgam1p_c"", ""ecoli|UAGDP|g1|utp_c"", ""ecoli|UAGPT3|g1|uacgam_c"", ""ecoli|UAMAS|g1|ala__L_c"", ""ecoli|UDCPDPS|g1|frdp_c"", ""ecoli|UDCPDPS|g1|ipdp_c"", ""ecoli|UDPG4E|g1|udpg_c"", ""ecoli|UDPGD|g1|nad_c"", ""ecoli|UDPGPpp|g1|h2o_p"", ""ecoli|UDPGPpp|g1|udpg_p"", ""ecoli|UGLT|g1|gal1p_c"", ""ecoli|UPP3S|g1|hmbil_c"", ""ecoli|URDGLYCD|g1|nad_c"", ""ecoli|URDGLYCD|g1|urdglyc_c"", ""ecoli|URIH_num1|g1|uri_c"", ""ecoli|URIH_num2|g1|uri_c"", ""ecoli|URIH_num3|g1|uri_c"", ""ecoli|VALTA|g1|val__L_c"", ""ecoli|XPPT|g1|prpp_c"", ""ecoli|XPPT|g1|xan_c"", ""ecoli|XYLK_num1|g1|xylu__D_c"", ""ecoli|XYLK_num2|g1|xylu__D_c"", ""yeast|r_0012|g1|s_0119"", ""yeast|r_0018|g1|s_0991"", ""yeast|r_0018|g2|s_0991"", ""yeast|r_0018|g3|s_0991"", ""yeast|r_0024|g1|s_0232"", ""yeast|r_0024|g2|s_0232"", ""yeast|r_0025|g1|s_0233"", ""yeast|r_0028|g1|s_0807"", ""yeast|r_0028|g1|s_1273"", ""yeast|r_0028|g1|s_1382"", ""yeast|r_0062|g1|s_0232"", ""yeast|r_0062|g2|s_0232"", ""yeast|r_0062|g3|s_0232"", ""yeast|r_0085|g1|s_1012"", ""yeast|r_0108|g1|s_0437"", ""yeast|r_0115|g1|s_0437"", ""yeast|r_0115|g1|s_1192"", ""yeast|r_0138|g1|s_0383"", ""yeast|r_0142|g1|s_0386"", ""yeast|r_0163|g1|s_0680"", ""yeast|r_0163|g1|s_1198"", ""yeast|r_0165|g1|s_0361"", ""yeast|r_0165|g1|s_0799"", ""yeast|r_0165|g1|s_1205"", ""yeast|r_0165|g2|s_0361"", ""yeast|r_0165|g2|s_0799"", ""yeast|r_0165|g2|s_1205"", ""yeast|r_0166|g1|s_0794"", ""yeast|r_0166|g1|s_1203"", ""yeast|r_0166|g2|s_0794"", ""yeast|r_0166|g2|s_1203"", ""yeast|r_0166|g3|s_0794"", ""yeast|r_0166|g3|s_1203"", ""yeast|r_0167|g1|s_0799"", ""yeast|r_0167|g1|s_1205"", ""yeast|r_0167|g2|s_0799"", ""yeast|r_0167|g2|s_1205"", ""yeast|r_0168|g1|s_0166"", ""yeast|r_0168|g1|s_0794"", ""yeast|r_0168|g1|s_1212"", ""yeast|r_0168|g2|s_0166"", ""yeast|r_0168|g2|s_0794"", ""yeast|r_0168|g2|s_1212"", ""yeast|r_0168|g3|s_0166"", ""yeast|r_0168|g3|s_0794"", ""yeast|r_0168|g3|s_1212"", ""yeast|r_0169|g1|s_0794"", ""yeast|r_0169|g1|s_1203"", ""yeast|r_0169|g2|s_0794"", ""yeast|r_0169|g2|s_1203"", ""yeast|r_0169|g3|s_0794"", ""yeast|r_0169|g3|s_1203"", ""yeast|r_0170|g1|s_0799"", ""yeast|r_0170|g1|s_1205"", ""yeast|r_0170|g2|s_0799"", ""yeast|r_0170|g2|s_1205"", ""yeast|r_0171|g1|s_0794"", ""yeast|r_0171|g1|s_1212"", ""yeast|r_0171|g2|s_0794"", ""yeast|r_0171|g2|s_1212"", ""yeast|r_0173|g1|s_0359"", ""yeast|r_0173|g1|s_0803"", ""yeast|r_0173|g1|s_1207"", ""yeast|r_0177|g1|s_0803"", ""yeast|r_0177|g1|s_1207"", ""yeast|r_0179|g1|s_0794"", ""yeast|r_0179|g1|s_1203"", ""yeast|r_0179|g2|s_0794"", ""yeast|r_0179|g2|s_1203"", ""yeast|r_0179|g3|s_0794"", ""yeast|r_0179|g3|s_1203"", ""yeast|r_0180|g1|s_0799"", ""yeast|r_0180|g1|s_1205"", ""yeast|r_0180|g2|s_0799"", ""yeast|r_0180|g2|s_1205"", ""yeast|r_0181|g1|s_0234"", ""yeast|r_0181|g1|s_0794"", ""yeast|r_0181|g1|s_1212"", ""yeast|r_0181|g2|s_0234"", ""yeast|r_0181|g2|s_0794"", ""yeast|r_0181|g2|s_1212"", ""yeast|r_0182|g1|s_0794"", ""yeast|r_0182|g1|s_1203"", ""yeast|r_0182|g2|s_0794"", ""yeast|r_0182|g2|s_1203"", ""yeast|r_0182|g3|s_0794"", ""yeast|r_0182|g3|s_1203"", ""yeast|r_0183|g1|s_0799"", ""yeast|r_0183|g1|s_1205"", ""yeast|r_0183|g2|s_0799"", ""yeast|r_0183|g2|s_1205"", ""yeast|r_0184|g1|s_0794"", ""yeast|r_0184|g1|s_1212"", ""yeast|r_0184|g2|s_0794"", ""yeast|r_0184|g2|s_1212"", ""yeast|r_0186|g1|s_0794"", ""yeast|r_0186|g1|s_1203"", ""yeast|r_0186|g2|s_0794"", ""yeast|r_0186|g2|s_1203"", ""yeast|r_0186|g3|s_0794"", ""yeast|r_0186|g3|s_1203"", ""yeast|r_0187|g1|s_0799"", ""yeast|r_0187|g1|s_1205"", ""yeast|r_0187|g2|s_0799"", ""yeast|r_0187|g2|s_1205"", ""yeast|r_0191|g1|s_1554"", ""yeast|r_0202|g1|s_0427"", ""yeast|r_0202|g1|s_1386"", ""yeast|r_0209|g1|s_0965"", ""yeast|r_0210|g1|s_0967"", ""yeast|r_0215|g1|s_0434"", ""yeast|r_0215|g1|s_0973"", ""yeast|r_0222|g1|s_0394"", ""yeast|r_0223|g1|s_0394"", ""yeast|r_0273|g1|s_0512"", ""yeast|r_0274|g1|s_0514"", ""yeast|r_0278|g1|s_0515"", ""yeast|r_0300|g1|s_0376"", ""yeast|r_0300|g1|s_0807"", ""yeast|r_0300|g1|s_1273"", ""yeast|r_0300|g2|s_0376"", ""yeast|r_0300|g2|s_0807"", ""yeast|r_0300|g2|s_1273"", ""yeast|r_0301|g1|s_0378"", ""yeast|r_0309|g1|s_1012"", ""yeast|r_0309|g1|s_1039"", ""yeast|r_0310|g1|s_0980"", ""yeast|r_0318|g1|s_0545"", ""yeast|r_0330|g1|s_0434"", ""yeast|r_0330|g1|s_0615"", ""yeast|r_0344|g1|s_0625"", ""yeast|r_0345|g1|s_0626"", ""yeast|r_0361|g1|s_0743"", ""yeast|r_0364|g1|s_0656"", ""yeast|r_0364|g2|s_0656"", ""yeast|r_0366|g1|s_0188"", ""yeast|r_0366|g2|s_0188"", ""yeast|r_0366|g3|s_0188"", ""yeast|r_0366|g4|s_0188"", ""yeast|r_0366|g5|s_0188"", ""yeast|r_0373|g1|s_0190"", ""yeast|r_0373|g1|s_0943"", ""yeast|r_0443|g1|s_0721"", ""yeast|r_0443|g1|s_1198"", ""yeast|r_0449|g1|s_0555"", ""yeast|r_0453|g1|s_0061"", ""yeast|r_0458|g1|s_0434"", ""yeast|r_0458|g1|s_0558"", ""yeast|r_0459|g1|s_0410"", ""yeast|r_0464|g1|s_0774"", ""yeast|r_0469|g1|s_0991"", ""yeast|r_0471|g1|s_0180"", ""yeast|r_0471|g2|s_0180"", ""yeast|r_0477|g1|s_0557"", ""yeast|r_0477|g1|s_0999"", ""yeast|r_0478|g1|s_0999"", ""yeast|r_0479|g1|s_0991"", ""yeast|r_0480|g1|s_0993"", ""yeast|r_0486|g1|s_0764"", ""yeast|r_0486|g2|s_0764"", ""yeast|r_0486|g3|s_0764"", ""yeast|r_0526|g1|s_0787"", ""yeast|r_0528|g1|s_0434"", ""yeast|r_0528|g1|s_0782"", ""yeast|r_0529|g1|s_0782"", ""yeast|r_0533|g1|s_0434"", ""yeast|r_0533|g2|s_0434"", ""yeast|r_0533|g3|s_0434"", ""yeast|r_0534|g1|s_0434"", ""yeast|r_0534|g1|s_0563"", ""yeast|r_0534|g2|s_0434"", ""yeast|r_0534|g2|s_0563"", ""yeast|r_0534|g3|s_0434"", ""yeast|r_0534|g3|s_0563"", ""yeast|r_0534|g4|s_0434"", ""yeast|r_0534|g4|s_0563"", ""yeast|r_0534|g5|s_0434"", ""yeast|r_0534|g5|s_0563"", ""yeast|r_0535|g1|s_0434"", ""yeast|r_0535|g2|s_0434"", ""yeast|r_0535|g3|s_0434"", ""yeast|r_0539|g1|s_0434"", ""yeast|r_0539|g1|s_1006"", ""yeast|r_0540|g1|s_0437"", ""yeast|r_0540|g1|s_1008"", ""yeast|r_0543|g1|s_0183"", ""yeast|r_0543|g1|s_0377"", ""yeast|r_0543|g1|s_0808"", ""yeast|r_0543|g2|s_0183"", ""yeast|r_0543|g2|s_0377"", ""yeast|r_0543|g2|s_0808"", ""yeast|r_0545|g1|s_0836"", ""yeast|r_0546|g1|s_0794"", ""yeast|r_0546|g1|s_0978"", ""yeast|r_0547|g1|s_0794"", ""yeast|r_0547|g1|s_0978"", ""yeast|r_0547|g1|s_1212"", ""yeast|r_0553|g1|s_0033"", ""yeast|r_0554|g1|s_0034"", ""yeast|r_0567|g1|s_0855"", ""yeast|r_0567|g2|s_0855"", ""yeast|r_0567|g3|s_0855"", ""yeast|r_0568|g1|s_0633"", ""yeast|r_0569|g1|s_0636"", ""yeast|r_0667|g1|s_0943"", ""yeast|r_0674|g1|s_0182"", ""yeast|r_0674|g1|s_0957"", ""yeast|r_0675|g1|s_0958"", ""yeast|r_0676|g1|s_0958"", ""yeast|r_0679|g1|s_0969"", ""yeast|r_0680|g1|s_0970"", ""yeast|r_0680|g2|s_0970"", ""yeast|r_0680|g3|s_0970"", ""yeast|r_0680|g4|s_0970"", ""yeast|r_0690|g1|s_1039"", ""yeast|r_0697|g1|s_0750"", ""yeast|r_0697|g1|s_1151"", ""yeast|r_0701|g1|s_1021"", ""yeast|r_0702|g1|s_1023"", ""yeast|r_0723|g1|s_0574"", ""yeast|r_0727|g1|s_1012"", ""yeast|r_0739|g1|s_0018"", ""yeast|r_0760|g1|s_0373"", ""yeast|r_0760|g1|s_0412"", ""yeast|r_0762|g1|s_1195"", ""yeast|r_0764|g1|s_1202"", ""yeast|r_0765|g1|s_1198"", ""yeast|r_0765|g2|s_1198"", ""yeast|r_0766|g1|s_1200"", ""yeast|r_0766|g2|s_1200"", ""yeast|r_0766|g3|s_1200"", ""yeast|r_0768|g1|s_0999"", ""yeast|r_0769|g1|s_1001"", ""yeast|r_0770|g1|s_1203"", ""yeast|r_0770|g2|s_1203"", ""yeast|r_0771|g1|s_1203"", ""yeast|r_0771|g2|s_1203"", ""yeast|r_0772|g1|s_1205"", ""yeast|r_0772|g2|s_1205"", ""yeast|r_0772|g3|s_1205"", ""yeast|r_0773|g1|s_1205"", ""yeast|r_0781|g1|s_1216"", ""yeast|r_0799|g1|s_0647"", ""yeast|r_0810|g1|s_0740"", ""yeast|r_0815|g1|s_0981"", ""yeast|r_0815|g2|s_0981"", ""yeast|r_0815|g3|s_0981"", ""yeast|r_0817|g1|s_1266"", ""yeast|r_0821|g1|s_1270"", ""yeast|r_0851|g1|s_1032"", ""yeast|r_0853|g1|s_1034"", ""yeast|r_0854|g1|s_0951"", ""yeast|r_0884|g1|s_0434"", ""yeast|r_0884|g1|s_1271"", ""yeast|r_0889|g1|s_0340"", ""yeast|r_0889|g1|s_1207"", ""yeast|r_0889|g2|s_0340"", ""yeast|r_0889|g2|s_1207"", ""yeast|r_0892|g1|s_0075"", ""yeast|r_0892|g1|s_0394"", ""yeast|r_0893|g1|s_0260"", ""yeast|r_0893|g2|s_0260"", ""yeast|r_0913|g1|s_1187"", ""yeast|r_0936|g1|s_1181"", ""yeast|r_0937|g1|s_1442"", ""yeast|r_0938|g1|s_1377"", ""yeast|r_0941|g1|s_1035"", ""yeast|r_0943|g1|s_1218"", ""yeast|r_0954|g1|s_1395"", ""yeast|r_0955|g1|s_1398"", ""yeast|r_0958|g1|s_0434"", ""yeast|r_0958|g1|s_0445"", ""yeast|r_0958|g1|s_1399"", ""yeast|r_0958|g2|s_0434"", ""yeast|r_0958|g2|s_0445"", ""yeast|r_0958|g2|s_1399"", ""yeast|r_0959|g1|s_1399"", ""yeast|r_0959|g2|s_1399"", ""yeast|r_0959|g3|s_1399"", ""yeast|r_0960|g1|s_1399"", ""yeast|r_0960|g2|s_1399"", ""yeast|r_0960|g3|s_1399"", ""yeast|r_0962|g1|s_0394"", ""yeast|r_0962|g1|s_1360"", ""yeast|r_0962|g2|s_0394"", ""yeast|r_0962|g2|s_1360"", ""yeast|r_0984|g1|s_0577"", ""yeast|r_0986|g1|s_1416"", ""yeast|r_0986|g1|s_1569"", ""yeast|r_0995|g1|s_0434"", ""yeast|r_0995|g1|s_1039"", ""yeast|r_0995|g2|s_0434"", ""yeast|r_0995|g2|s_1039"", ""yeast|r_1012|g1|s_0190"", ""yeast|r_1024|g1|s_1466"", ""yeast|r_1038|g1|s_1212"", ""yeast|r_1040|g1|s_1045"", ""yeast|r_1042|g1|s_1045"", ""yeast|r_1043|g1|s_1047"", ""yeast|r_1049|g1|s_0581"", ""yeast|r_1049|g2|s_0581"", ""yeast|r_1050|g1|s_0551"", ""yeast|r_1050|g1|s_0581"", ""yeast|r_1050|g2|s_0551"", ""yeast|r_1050|g2|s_0581"", ""yeast|r_1054|g1|s_0629"", ""yeast|r_1063|g1|s_0991"", ""yeast|r_1066|g1|s_1051"", ""yeast|r_1067|g1|s_1053"", ""yeast|r_1071|g1|s_0410"", ""yeast|r_1094|g1|s_0434"", ""yeast|r_1094|g1|s_0580"", ""yeast|r_1838|g1|s_0182"", ""yeast|r_1838|g1|s_0376"", ""yeast|r_1838|g1|s_0807"", ""yeast|r_1838|g2|s_0182"", ""yeast|r_1838|g2|s_0376"", ""yeast|r_1838|g2|s_0807"", ""yeast|r_2115|g1|s_0359"", ""yeast|r_2115|g1|s_0794"", ""yeast|r_2115|g1|s_1203"", ""yeast|r_2115|g2|s_0359"", ""yeast|r_2115|g2|s_0794"", ""yeast|r_2115|g2|s_1203"", ""yeast|r_2145|g1|s_1214"", ""yeast|r_2146|g1|s_1214"", ""yeast|r_2147|g1|s_1214"", ""yeast|r_2432|g1|s_3083"", ""yeast|r_2433|g1|s_3083"", ""yeast|r_2434|g1|s_3083"", ""yeast|r_2435|g1|s_3083"", ""yeast|r_2436|g1|s_3083"", ""yeast|r_2437|g1|s_3083"", ""yeast|r_2438|g1|s_3083"", ""yeast|r_2439|g1|s_3083"", ""yeast|r_2440|g1|s_3093"", ""yeast|r_2441|g1|s_3093"", ""yeast|r_2442|g1|s_3093"", ""yeast|r_2443|g1|s_3093"", ""yeast|r_2444|g1|s_3093"", ""yeast|r_2445|g1|s_3093"", ""yeast|r_2820|g1|s_2856"", ""yeast|r_2820|g2|s_2856"", ""yeast|r_2821|g1|s_2856"", ""yeast|r_2821|g2|s_2856"", ""yeast|r_2822|g1|s_2856"", ""yeast|r_2822|g2|s_2856"", ""yeast|r_2823|g1|s_2856"", ""yeast|r_2823|g2|s_2856"", ""yeast|r_2824|g1|s_2856"", ""yeast|r_2824|g2|s_2856"", ""yeast|r_2825|g1|s_2856"", ""yeast|r_2825|g2|s_2856"", ""yeast|r_2826|g1|s_2856"", ""yeast|r_2826|g2|s_2856"", ""yeast|r_2827|g1|s_2856"", ""yeast|r_2827|g2|s_2856"", ""yeast|r_2828|g1|s_3341"", ""yeast|r_2829|g1|s_3341"", ""yeast|r_2830|g1|s_3341"", ""yeast|r_2831|g1|s_3341"", ""yeast|r_2832|g1|s_3341"", ""yeast|r_2833|g1|s_3341"", ""yeast|r_2834|g1|s_3341"", ""yeast|r_2835|g1|s_3341"", ""yeast|r_2844|g1|s_0438"", ""yeast|r_2845|g1|s_0438"", ""yeast|r_2846|g1|s_0438"", ""yeast|r_2847|g1|s_0438"", ""yeast|r_2848|g1|s_0438"", ""yeast|r_2849|g1|s_0438"", ""yeast|r_2850|g1|s_0438"", ""yeast|r_2851|g1|s_0438"", ""yeast|r_4045|g1|s_1556"", ""yeast|r_4157|g1|s_3760"", ""yeast|r_4157|g2|s_3760"", ""yeast|r_4160|g1|s_3761"", ""yeast|r_4184|g1|s_3806"", ""yeast|r_4187|g1|s_1037"", ""yeast|r_4217|g1|s_0926"", ""yeast|r_4226|g1|s_0180"", ""yeast|r_4226|g1|s_0955"", ""yeast|r_4248|g1|s_3904"", ""yeast|r_4251|g1|s_0541"", ""yeast|r_4251|g1|s_3907"", ""yeast|r_4283|g1|s_0434"", ""yeast|r_4284|g1|s_0434"", ""yeast|r_4284|g1|s_3949"", ""yeast|r_4285|g1|s_0434"", ""yeast|r_4285|g1|s_3951"", ""yeast|r_4286|g1|s_0434"", ""yeast|r_4287|g1|s_0434"", ""yeast|r_4288|g1|s_3952"", ""yeast|r_4312|g1|s_1416"", ""yeast|r_4312|g1|s_3991"", ""yeast|r_4317|g1|s_3998"", ""yeast|r_4318|g1|s_3999"", ""yeast|r_4333|g1|s_4018"", ""yeast|r_4333|g2|s_4018"", ""yeast|r_4340|g1|s_0373"", ""yeast|r_4652|g1|s_0794"", ""yeast|r_4652|g1|s_1203"", ""yeast|r_4652|g1|s_4232"", ""yeast|r_4652|g2|s_0794"", ""yeast|r_4652|g2|s_1203"", ""yeast|r_4652|g2|s_4232"", ""yeast|r_4652|g3|s_0794"", ""yeast|r_4652|g3|s_1203"", ""yeast|r_4652|g3|s_4232"", ""yeast|r_4653|g1|s_0799"", ""yeast|r_4653|g1|s_1205"", ""yeast|r_4653|g1|s_4234"", ""yeast|r_4653|g2|s_0799"", ""yeast|r_4653|g2|s_1205"", ""yeast|r_4653|g2|s_4234"", ""yeast|r_4654|g1|s_0794"", ""yeast|r_4654|g1|s_1212"", ""yeast|r_4654|g1|s_4232"", ""yeast|r_4654|g2|s_0794"", ""yeast|r_4654|g2|s_1212"", ""yeast|r_4654|g2|s_4232"", ""yeast|r_4654|g3|s_0794"", ""yeast|r_4654|g3|s_1212"", ""yeast|r_4654|g3|s_4232"", ""yeast|r_4661|g1|s_0794"", ""yeast|r_4661|g1|s_1203"", ""yeast|r_4661|g2|s_0794"", ""yeast|r_4661|g2|s_1203"", ""yeast|r_4661|g3|s_0794"", ""yeast|r_4661|g3|s_1203"", ""yeast|r_4662|g1|s_0799"", ""yeast|r_4662|g1|s_1205"", ""yeast|r_4662|g2|s_0799"", ""yeast|r_4662|g2|s_1205"", ""yeast|r_4663|g1|s_0794"", ""yeast|r_4663|g1|s_1212"", ""yeast|r_4663|g2|s_0794"", ""yeast|r_4663|g2|s_1212"", ""yeast|r_4663|g3|s_0794"", ""yeast|r_4663|g3|s_1212"", ""yeast|r_4670|g1|s_0794"", ""yeast|r_4670|g1|s_1203"", ""yeast|r_4670|g2|s_0794"", ""yeast|r_4670|g2|s_1203"", ""yeast|r_4670|g3|s_0794"", ""yeast|r_4670|g3|s_1203"", ""yeast|r_4671|g1|s_0799"", ""yeast|r_4671|g1|s_1205"", ""yeast|r_4671|g2|s_0799"", ""yeast|r_4671|g2|s_1205"", ""yeast|r_4672|g1|s_0794"", ""yeast|r_4672|g1|s_1212"", ""yeast|r_4672|g2|s_0794"", ""yeast|r_4672|g2|s_1212"", ""yeast|r_4672|g3|s_0794"", ""yeast|r_4672|g3|s_1212"", ""yeast|r_4723|g1|s_4290"", ""yeast|r_4723|g2|s_4290"", ""yeast|r_4724|g1|s_4291"", ""yeast|r_4724|g2|s_4291"", ""yeast|r_4725|g1|s_4292"", ""yeast|r_4725|g2|s_4292"", ""yeast|r_4755|g1|s_1401"", ""yeast|r_4755|g2|s_1401"", ""yeast|r_4774|g1|s_4325""]"
supplement,Record_audit rows,PASS,1246,1246
supplement,Record_audit unique entry_id,PASS,1246,1246
supplement,Record_audit field count,PASS,132,>=120
supplement,Record_audit detail copy rows,PASS,1246,1246
supplement,Record_audit detail entry set,PASS,"[""ecoli|23PDE7pp|g1|23camp_p"", ""ecoli|3HCINNMH|g1|nadh_c"", ""ecoli|3HPPPNH|g1|nadh_c"", ""ecoli|3NTD2pp_num1|g1|h2o_p"", ""ecoli|3NTD2pp_num2|g1|h2o_p"", ""ecoli|3NTD4pp_num1|g1|3cmp_p"", ""ecoli|3NTD4pp_num1|g1|h2o_p"", ""ecoli|3NTD4pp_num2|g1|3cmp_p"", ""ecoli|3NTD4pp_num2|g1|h2o_p"", ""ecoli|3NTD4pp_num3|g1|3cmp_p"", ""ecoli|3NTD4pp_num3|g1|h2o_p"", ""ecoli|3NTD7pp_num1|g1|3amp_p"", ""ecoli|3NTD7pp_num1|g1|h2o_p"", ""ecoli|3NTD7pp_num2|g1|3amp_p"", ""ecoli|3NTD7pp_num2|g1|h2o_p"", ""ecoli|3NTD9pp_num1|g1|h2o_p"", ""ecoli|3NTD9pp_num2|g1|h2o_p"", ""ecoli|3OAR100|g1|nadph_c"", ""ecoli|3OAR120|g1|nadph_c"", ""ecoli|3OAR121|g1|nadph_c"", ""ecoli|3OAR140|g1|nadph_c"", ""ecoli|3OAR141|g1|nadph_c"", ""ecoli|3OAR160|g1|nadph_c"", ""ecoli|3OAR161|g1|nadph_c"", ""ecoli|3OAR180|g1|nadph_c"", ""ecoli|3OAR181|g1|nadph_c"", ""ecoli|3OAR40|g1|nadph_c"", ""ecoli|3OAR60|g1|nadph_c"", ""ecoli|3OAR80|g1|nadph_c"", ""ecoli|3OAS121|g1|malACP_c"", ""ecoli|3OAS141|g1|malACP_c"", ""ecoli|3OAS161|g1|malACP_c"", ""ecoli|3OAS180_num1|g1|malACP_c"", ""ecoli|3OAS180_num2|g1|malACP_c"", ""ecoli|3OAS181|g1|malACP_c"", ""ecoli|3OXCOAT|g1|coa_c"", ""ecoli|A5PISO_num1|g1|ru5p__D_c"", ""ecoli|A5PISO_num2|g1|ru5p__D_c"", ""ecoli|AB6PGH_num1|g1|h2o_c"", ""ecoli|AB6PGH_num2|g1|h2o_c"", ""ecoli|AB6PGH_num3|g1|h2o_c"", ""ecoli|ABTA_num1|g1|4abut_c"", ""ecoli|ABTA_num1|g1|akg_c"", ""ecoli|ABTA_num2|g1|4abut_c"", ""ecoli|ABTA_num2|g1|akg_c"", ""ecoli|ABUTD|g1|4abutn_c"", ""ecoli|ABUTD|g1|h2o_c"", ""ecoli|ABUTD|g1|nad_c"", ""ecoli|ACACT1r_num1|g1|accoa_c"", ""ecoli|ACACT1r_num2|g1|accoa_c"", ""ecoli|ACACT1r_num3|g1|accoa_c"", ""ecoli|ACACT2r_num1|g1|accoa_c"", ""ecoli|ACACT2r_num2|g1|accoa_c"", ""ecoli|ACACT3r_num1|g1|accoa_c"", ""ecoli|ACACT3r_num2|g1|accoa_c"", ""ecoli|ACACT4r_num1|g1|accoa_c"", ""ecoli|ACACT4r_num2|g1|accoa_c"", ""ecoli|ACACT5r_num1|g1|accoa_c"", ""ecoli|ACACT5r_num2|g1|accoa_c"", ""ecoli|ACACT6r_num1|g1|accoa_c"", ""ecoli|ACACT6r_num2|g1|accoa_c"", ""ecoli|ACACT7r_num1|g1|accoa_c"", ""ecoli|ACACT7r_num2|g1|accoa_c"", ""ecoli|ACALD_num1|g1|acald_c"", ""ecoli|ACALD_num2|g1|acald_c"", ""ecoli|ACGAMK|g1|atp_c"", ""ecoli|ACKr_num1|g1|ac_c"", ""ecoli|ACKr_num1|g1|atp_c"", ""ecoli|ACKr_num2|g1|ac_c"", ""ecoli|ACKr_num2|g1|atp_c"", ""ecoli|ACKr_num3|g1|ac_c"", ""ecoli|ACKr_num3|g1|atp_c"", ""ecoli|ACM6PH|g1|acmum6p_c"", ""ecoli|ACNML|g1|acnam_c"", ""ecoli|ACODA|g1|acorn_c"", ""ecoli|ACODA|g1|h2o_c"", ""ecoli|ACP1_FMN_num1|g1|fmn_c"", ""ecoli|ACP1_FMN_num2|g1|fmn_c"", ""ecoli|ACP1_FMN_num3|g1|fmn_c"", ""ecoli|ACPS1_num1|g1|coa_c"", ""ecoli|ACPS1_num2|g1|coa_c"", ""ecoli|ACS|g1|ac_c"", ""ecoli|ACS|g1|atp_c"", ""ecoli|ADD|g1|ade_c"", ""ecoli|ADNCYC|g1|atp_c"", ""ecoli|ADNUC|g1|adn_c"", ""ecoli|ADPRDP_num1|g1|adprib_c"", ""ecoli|ADPRDP_num2|g1|adprib_c"", ""ecoli|ADPT|g1|ade_c"", ""ecoli|ADSK|g1|aps_c"", ""ecoli|ADSS|g1|asp__L_c"", ""ecoli|ADSS|g1|gtp_c"", ""ecoli|ADSS|g1|imp_c"", ""ecoli|AGDC|g1|acgam6p_c"", ""ecoli|AGMT|g1|agm_c"", ""ecoli|AHCYSNS|g1|ahcys_c"", ""ecoli|AHCYSNS|g1|h2o_c"", ""ecoli|AHGDx|g1|S2hglut_c"", ""ecoli|AHGDx|g1|nad_c"", ""ecoli|AICART|g1|10fthf_c"", ""ecoli|AICART|g1|aicar_c"", ""ecoli|AIRC2|g1|atp_c"", ""ecoli|AIRC3|g1|5aizc_c"", ""ecoli|ALAALAr_num1|g1|ala__D_c"", ""ecoli|ALAALAr_num2|g1|ala__D_c"", ""ecoli|ALAGLUE|g1|LalaDglu_c"", ""ecoli|ALAR_num1|g1|ala__L_c"", ""ecoli|ALAR_num2|g1|ala__L_c"", ""ecoli|ALDD19xr|g1|nad_c"", ""ecoli|ALDD19xr|g1|pacald_c"", ""ecoli|ALLK|g1|all__D_c"", ""ecoli|ALLK|g1|atp_c"", ""ecoli|ALLTN|g1|h2o_c"", ""ecoli|AMANK|g1|acmana_c"", ""ecoli|AMANK|g1|atp_c"", ""ecoli|AMAOTr|g1|8aonn_c"", ""ecoli|AMAOTr|g1|amet_c"", ""ecoli|AMPTASECG_num1|g1|cgly_c"", ""ecoli|AMPTASECG_num1|g1|h2o_c"", ""ecoli|AMPTASECG_num2|g1|cgly_c"", ""ecoli|AMPTASECG_num2|g1|h2o_c"", ""ecoli|AMPTASECG_num3|g1|cgly_c"", ""ecoli|AMPTASECG_num3|g1|h2o_c"", ""ecoli|AMPTASECG_num4|g1|cgly_c"", ""ecoli|AMPTASECG_num4|g1|h2o_c"", ""ecoli|ANPRT|g1|anth_c"", ""ecoli|ANPRT|g1|prpp_c"", ""ecoli|AOXSr2|g1|ala__L_c"", ""ecoli|AP4AH|g1|ap4a_c"", ""ecoli|AP5AH|g1|ap5a_c"", ""ecoli|APCS|g1|ametam_c"", ""ecoli|APRAUR|g1|5apru_c"", ""ecoli|APRAUR|g1|h_c"", ""ecoli|APRAUR|g1|nadph_c"", ""ecoli|ASAD|g1|aspsa_c"", ""ecoli|ASAD|g1|nadp_c"", ""ecoli|ASAD|g1|pi_c"", ""ecoli|ASNN_num1|g1|asn__L_c"", ""ecoli|ASNN_num1|g1|h2o_c"", ""ecoli|ASNN_num2|g1|asn__L_c"", ""ecoli|ASNN_num2|g1|h2o_c"", ""ecoli|ASNNpp|g1|asn__L_p"", ""ecoli|ASNNpp|g1|h2o_p"", ""ecoli|ASNS1|g1|asp__L_c"", ""ecoli|ASNS1|g1|atp_c"", ""ecoli|ASNS1|g1|gln__L_c"", ""ecoli|ASNS2_num1|g1|asp__L_c"", ""ecoli|ASNS2_num1|g1|atp_c"", ""ecoli|ASNS2_num1|g1|nh4_c"", ""ecoli|ASNS2_num2|g1|asp__L_c"", ""ecoli|ASNS2_num2|g1|atp_c"", ""ecoli|ASNS2_num2|g1|nh4_c"", ""ecoli|ASP1DC|g1|asp__L_c"", ""ecoli|ASPCT_num2|g1|asp__L_c"", ""ecoli|ASPK_num1|g1|asp__L_c"", ""ecoli|ASPK_num1|g1|atp_c"", ""ecoli|ASPK_num2|g1|asp__L_c"", ""ecoli|ASPK_num2|g1|atp_c"", ""ecoli|ASPK_num3|g1|asp__L_c"", ""ecoli|ASPK_num3|g1|atp_c"", ""ecoli|ASPO6|g1|asp__L_c"", ""ecoli|ASPTA_num1|g1|akg_c"", ""ecoli|ASPTA_num1|g1|asp__L_c"", ""ecoli|ASPTA_num2|g1|akg_c"", ""ecoli|ASPTA_num2|g1|asp__L_c"", ""ecoli|ASPT|g1|asp__L_c"", ""ecoli|ATHRDHr|g1|athr__L_c"", ""ecoli|BPNT|g1|pap_c"", ""ecoli|CAT_num1|g1|h2o2_c"", ""ecoli|CAT_num2|g1|h2o2_c"", ""ecoli|CDGR|g1|nadph_c"", ""ecoli|CDGR|g1|preq0_c"", ""ecoli|CFAS160E|g1|amet_c"", ""ecoli|CFAS160G|g1|amet_c"", ""ecoli|CFAS180E|g1|amet_c"", ""ecoli|CFAS180G|g1|amet_c"", ""ecoli|CHORM_num1|g1|chor_c"", ""ecoli|CHORM_num2|g1|chor_c"", ""ecoli|CHRPL_num1|g1|chor_c"", ""ecoli|CHRPL_num2|g1|chor_c"", ""ecoli|CPPPGO|g1|cpppg3_c"", ""ecoli|CSND|g1|csn_c"", ""ecoli|CS|g1|accoa_c"", ""ecoli|CS|g1|oaa_c"", ""ecoli|CTPS2|g1|atp_c"", ""ecoli|CTPS2|g1|gln__L_c"", ""ecoli|CTPS2|g1|utp_c"", ""ecoli|CYANST_num1|g1|cyan_c"", ""ecoli|CYANST_num1|g1|tsul_c"", ""ecoli|CYANST_num2|g1|cyan_c"", ""ecoli|CYANST_num2|g1|tsul_c"", ""ecoli|CYANST_num3|g1|cyan_c"", ""ecoli|CYANST_num3|g1|tsul_c"", ""ecoli|CYANSTpp|g1|cyan_p"", ""ecoli|CYANSTpp|g1|tsul_p"", ""ecoli|CYSDDS|g1|cys__D_c"", ""ecoli|CYSS_num1|g1|acser_c"", ""ecoli|CYSS_num1|g1|h2s_c"", ""ecoli|CYSS_num2|g1|acser_c"", ""ecoli|CYSS_num2|g1|h2s_c"", ""ecoli|CYSTA|g1|akg_c"", ""ecoli|CYSTA|g1|cys__L_c"", ""ecoli|CYTDH_num1|g1|cytd_c"", ""ecoli|CYTDH_num2|g1|cytd_c"", ""ecoli|CYTDH_num3|g1|cytd_c"", ""ecoli|CYTK1|g1|atp_c"", ""ecoli|CYTK1|g1|cmp_c"", ""ecoli|CYTK2|g1|atp_c"", ""ecoli|CYTK2|g1|dcmp_c"", ""ecoli|DAPAL|g1|23dappa_c"", ""ecoli|DAPDC|g1|26dap__M_c"", ""ecoli|DBTS|g1|atp_c"", ""ecoli|DCTPD|g1|dctp_c"", ""ecoli|DDPA_num1|g1|e4p_c"", ""ecoli|DDPA_num1|g1|pep_c"", ""ecoli|DDPA_num2|g1|e4p_c"", ""ecoli|DDPA_num2|g1|pep_c"", ""ecoli|DDPA_num3|g1|e4p_c"", ""ecoli|DDPA_num3|g1|pep_c"", ""ecoli|DHFR_num1|g1|dhf_c"", ""ecoli|DHFR_num1|g1|nadph_c"", ""ecoli|DHFR_num2|g1|dhf_c"", ""ecoli|DHFR_num2|g1|nadph_c"", ""ecoli|DHNPA2r|g1|dhnpt_c"", ""ecoli|DHPPDA2|g1|25drapp_c"", ""ecoli|DHPPDA2|g1|h2o_c"", ""ecoli|DHQS|g1|2dda7p_c"", ""ecoli|DHQTi|g1|3dhq_c"", ""ecoli|DKGLCNR2y|g1|h_c"", ""ecoli|DKGLCNR2y|g1|nadph_c"", ""ecoli|DNTPPA_num1|g1|ahdt_c"", ""ecoli|DNTPPA_num2|g1|ahdt_c"", ""ecoli|DPR_num1|g1|2dhp_c"", ""ecoli|DPR_num1|g1|h_c"", ""ecoli|DPR_num1|g1|nadph_c"", ""ecoli|DPR_num2|g1|2dhp_c"", ""ecoli|DPR_num2|g1|h_c"", ""ecoli|DPR_num2|g1|nadph_c"", ""ecoli|DRPA|g1|2dr5p_c"", ""ecoli|DURIPP_num1|g1|duri_c"", ""ecoli|DURIPP_num1|g1|pi_c"", ""ecoli|DURIPP_num2|g1|duri_c"", ""ecoli|DURIPP_num2|g1|pi_c"", ""ecoli|DUTPDP_num1|g1|dutp_c"", ""ecoli|DUTPDP_num2|g1|dutp_c"", ""ecoli|DXPRIi|g1|dxyl5p_c"", ""ecoli|DXPS|g1|g3p_c"", ""ecoli|DXPS|g1|pyr_c"", ""ecoli|E4PD_num1|g1|e4p_c"", ""ecoli|E4PD_num1|g1|nad_c"", ""ecoli|E4PD_num2|g1|e4p_c"", ""ecoli|E4PD_num2|g1|nad_c"", ""ecoli|EDA|g1|2ddg6p_c"", ""ecoli|FACOAE100|g1|h2o_c"", ""ecoli|FACOAE120|g1|ddcacoa_c"", ""ecoli|FACOAE120|g1|h2o_c"", ""ecoli|FACOAE140|g1|h2o_c"", ""ecoli|FACOAE160|g1|h2o_c"", ""ecoli|FACOAE180|g1|h2o_c"", ""ecoli|FADRx|g1|fad_c"", ""ecoli|FADRx|g1|nadh_c"", ""ecoli|FBA_num1|g1|fdp_c"", ""ecoli|FBA_num2|g1|fdp_c"", ""ecoli|FBP_num1|g1|fdp_c"", ""ecoli|FBP_num2|g1|fdp_c"", ""ecoli|FBP_num3|g1|fdp_c"", ""ecoli|FBP_num4|g1|fdp_c"", ""ecoli|FCLPA_num1|g1|fc1p_c"", ""ecoli|FCLPA_num2|g1|fc1p_c"", ""ecoli|FEROpp_num1|g1|fe2_p"", ""ecoli|FEROpp_num2|g1|fe2_p"", ""ecoli|FLVRx|g1|nadh_c"", ""ecoli|FMNRx2_num1|g1|fmn_c"", ""ecoli|FMNRx2_num1|g1|nadph_c"", ""ecoli|FMNRx2_num2|g1|fmn_c"", ""ecoli|FMNRx2_num2|g1|nadph_c"", ""ecoli|FMNRx2_num3|g1|fmn_c"", ""ecoli|FMNRx2_num3|g1|nadph_c"", ""ecoli|FMNRx_num1|g1|nadh_c"", ""ecoli|FMNRx_num2|g1|nadh_c"", ""ecoli|FUM_num1|g1|fum_c"", ""ecoli|FUM_num2|g1|fum_c"", ""ecoli|FUM_num3|g1|fum_c"", ""ecoli|G1PP_num1|g1|g1p_c"", ""ecoli|G1PP_num2|g1|g1p_c"", ""ecoli|G1PP_num3|g1|g1p_c"", ""ecoli|G1PPpp_num1|g1|g1p_p"", ""ecoli|G1PPpp_num2|g1|g1p_p"", ""ecoli|G6PDA|g1|gam6p_c"", ""ecoli|G6PDH2r|g1|nadp_c"", ""ecoli|GALCTD|g1|galct__D_c"", ""ecoli|GF6PTA|g1|f6p_c"", ""ecoli|GF6PTA|g1|gln__L_c"", ""ecoli|GGPTRCS|g1|ptrc_c"", ""ecoli|GHMT2r|g1|ser__L_c"", ""ecoli|GHMT2r|g1|thf_c"", ""ecoli|GK1|g1|gmp_c"", ""ecoli|GLCRAL|g1|5dh4dglc_c"", ""ecoli|GLCRD_num1|g1|glcr_c"", ""ecoli|GLCRD_num2|g1|glcr_c"", ""ecoli|GLGC|g1|atp_c"", ""ecoli|GLNS|g1|atp_c"", ""ecoli|GLNS|g1|glu__L_c"", ""ecoli|GLUCYS|g1|atp_c"", ""ecoli|GLUCYS|g1|cys__L_c"", ""ecoli|GLUCYS|g1|glu__L_c"", ""ecoli|GLUDC_num1|g1|glu__L_c"", ""ecoli|GLUDC_num2|g1|glu__L_c"", ""ecoli|GLUDy|g1|glu__L_c"", ""ecoli|GLUDy|g1|nadp_c"", ""ecoli|GLUN_num1|g1|gln__L_c"", ""ecoli|GLUN_num2|g1|gln__L_c"", ""ecoli|GLUNpp|g1|gln__L_p"", ""ecoli|GLUR|g1|glu__D_c"", ""ecoli|GLUTRR|g1|nadph_c"", ""ecoli|GLUTRS|g1|atp_c"", ""ecoli|GLUTRS|g1|glu__L_c"", ""ecoli|GLXCL|g1|glx_c"", ""ecoli|GLYAT|g1|gly_c"", ""ecoli|GLYCK2|g1|atp_c"", ""ecoli|GLYCK2|g1|glyc__R_c"", ""ecoli|GLYCK|g1|glyc__R_c"", ""ecoli|GLYOX3|g1|mthgxl_c"", ""ecoli|GMAND|g1|gdpmann_c"", ""ecoli|GMPR|g1|gmp_c"", ""ecoli|GMPS2|g1|gln__L_c"", ""ecoli|GMPS2|g1|xmp_c"", ""ecoli|GMPS|g1|xmp_c"", ""ecoli|GPDDA1pp|g1|g3pc_p"", ""ecoli|GPDDA1|g1|g3pc_c"", ""ecoli|GPDDA2pp|g1|g3pe_p"", ""ecoli|GPDDA2|g1|g3pe_c"", ""ecoli|GPDDA3pp|g1|g3ps_p"", ""ecoli|GPDDA3|g1|g3ps_c"", ""ecoli|GPDDA4pp|g1|g3pg_p"", ""ecoli|GPDDA4|g1|g3pg_c"", ""ecoli|GSPMDA|g1|gtspmd_c"", ""ecoli|GTHOr|g1|gthox_c"", ""ecoli|GTPCII2|g1|gtp_c"", ""ecoli|GTPDPDP|g1|gdptp_c"", ""ecoli|GUAD|g1|gua_c"", ""ecoli|GUAPRT_num1|g1|gua_c"", ""ecoli|GUAPRT_num1|g1|prpp_c"", ""ecoli|GUAPRT_num2|g1|gua_c"", ""ecoli|GUAPRT_num2|g1|prpp_c"", ""ecoli|GUI1|g1|glcur_c"", ""ecoli|HACD1_num1|g1|aacoa_c"", ""ecoli|HACD1_num1|g1|h_c"", ""ecoli|HACD1_num1|g1|nadh_c"", ""ecoli|HACD1_num2|g1|aacoa_c"", ""ecoli|HACD1_num2|g1|h_c"", ""ecoli|HACD1_num2|g1|nadh_c"", ""ecoli|HACD2_num1|g1|h_c"", ""ecoli|HACD2_num1|g1|nadh_c"", ""ecoli|HACD2_num2|g1|h_c"", ""ecoli|HACD2_num2|g1|nadh_c"", ""ecoli|HACD3_num1|g1|h_c"", ""ecoli|HACD3_num1|g1|nadh_c"", ""ecoli|HACD3_num2|g1|h_c"", ""ecoli|HACD3_num2|g1|nadh_c"", ""ecoli|HACD4_num1|g1|h_c"", ""ecoli|HACD4_num1|g1|nadh_c"", ""ecoli|HACD4_num2|g1|h_c"", ""ecoli|HACD4_num2|g1|nadh_c"", ""ecoli|HACD5_num1|g1|h_c"", ""ecoli|HACD5_num1|g1|nadh_c"", ""ecoli|HACD5_num2|g1|h_c"", ""ecoli|HACD5_num2|g1|nadh_c"", ""ecoli|HACD6_num1|g1|h_c"", ""ecoli|HACD6_num1|g1|nadh_c"", ""ecoli|HACD6_num2|g1|h_c"", ""ecoli|HACD6_num2|g1|nadh_c"", ""ecoli|HACD7_num1|g1|h_c"", ""ecoli|HACD7_num1|g1|nadh_c"", ""ecoli|HACD7_num2|g1|h_c"", ""ecoli|HACD7_num2|g1|nadh_c"", ""ecoli|HACD8_num1|g1|h_c"", ""ecoli|HACD8_num1|g1|nadh_c"", ""ecoli|HACD8_num2|g1|h_c"", ""ecoli|HACD8_num2|g1|nadh_c"", ""ecoli|HADPCOADH3|g1|nad_c"", ""ecoli|HCO3E_num1|g1|co2_c"", ""ecoli|HCO3E_num2|g1|co2_c"", ""ecoli|HCYSMT2|g1|hcys__L_c"", ""ecoli|HCYSMT|g1|hcys__L_c"", ""ecoli|HEX1|g1|glc__D_c"", ""ecoli|HISTP|g1|hisp_c"", ""ecoli|HMPK1_num1|g1|4ahmmp_c"", ""ecoli|HMPK1_num1|g1|atp_c"", ""ecoli|HMPK1_num2|g1|4ahmmp_c"", ""ecoli|HMPK1_num2|g1|atp_c"", ""ecoli|HPPPNDO|g1|dhpppn_c"", ""ecoli|HSDy_num1|g1|hom__L_c"", ""ecoli|HSDy_num2|g1|hom__L_c"", ""ecoli|HSK|g1|hom__L_c"", ""ecoli|HSST|g1|hom__L_c"", ""ecoli|HSST|g1|succoa_c"", ""ecoli|ICDHyr|g1|icit_c"", ""ecoli|ICDHyr|g1|nadp_c"", ""ecoli|ICHORS_copy1|g1|chor_c"", ""ecoli|ICHORS_copy2|g1|chor_c"", ""ecoli|ICHORT|g1|ichor_c"", ""ecoli|IGPS|g1|2cpr5p_c"", ""ecoli|ILETA|g1|ile__L_c"", ""ecoli|IMPD|g1|imp_c"", ""ecoli|INSH|g1|ins_c"", ""ecoli|IPMD_num1|g1|3c2hmp_c"", ""ecoli|IPMD_num1|g1|nad_c"", ""ecoli|IPMD_num2|g1|3c2hmp_c"", ""ecoli|IPMD_num2|g1|nad_c"", ""ecoli|KARA1|g1|23dhmb_c"", ""ecoli|KARA1|g1|nadp_c"", ""ecoli|KARA2|g1|h_c"", ""ecoli|KARA2|g1|nadph_c"", ""ecoli|KAS14_num1|g1|malACP_c"", ""ecoli|KAS14_num2|g1|malACP_c"", ""ecoli|KDOPS|g1|ara5p_c"", ""ecoli|KDOPS|g1|h2o_c"", ""ecoli|KDOPS|g1|pep_c"", ""ecoli|KG6PDC_num1|g1|3dhgulnp_c"", ""ecoli|KG6PDC_num1|g1|h_c"", ""ecoli|KG6PDC_num2|g1|3dhgulnp_c"", ""ecoli|KG6PDC_num2|g1|h_c"", ""ecoli|LCADi|g1|lald__L_c"", ""ecoli|LEUTAi_num1|g1|4mop_c"", ""ecoli|LEUTAi_num2|g1|4mop_c"", ""ecoli|LIPATPT|g1|atp_c"", ""ecoli|LSERDHr|g1|ser__L_c"", ""ecoli|LYSAM|g1|lys__L_c"", ""ecoli|LYSDC_num1|g1|lys__L_c"", ""ecoli|LYSDC_num2|g1|lys__L_c"", ""ecoli|MALS_num1|g1|glx_c"", ""ecoli|MALS_num2|g1|glx_c"", ""ecoli|MCITD|g1|2mcit_c"", ""ecoli|MCITL2|g1|micit_c"", ""ecoli|MCPST|g1|mercppyr_c"", ""ecoli|ME1|g1|mal__L_c"", ""ecoli|ME1|g1|nad_c"", ""ecoli|ME2|g1|nadp_c"", ""ecoli|MECDPS|g1|2p4c2me_c"", ""ecoli|MEPCT|g1|2me4p_c"", ""ecoli|MEPCT|g1|ctp_c"", ""ecoli|METAT|g1|atp_c"", ""ecoli|METAT|g1|met__L_c"", ""ecoli|MGSA|g1|dhap_c"", ""ecoli|MI1PP|g1|mi1p__D_c"", ""ecoli|MNNH|g1|mana_c"", ""ecoli|MTAN|g1|5mta_c"", ""ecoli|MTAN|g1|h2o_c"", ""ecoli|MTHFC|g1|methf_c"", ""ecoli|MTHFD|g1|nadp_c"", ""ecoli|MTHFR2|g1|nadh_c"", ""ecoli|NADDP_num1|g1|nad_c"", ""ecoli|NADDP_num2|g1|nad_c"", ""ecoli|NADK|g1|atp_c"", ""ecoli|NADK|g1|nad_c"", ""ecoli|NADTRHD|g1|nadph_c"", ""ecoli|NMNDA|g1|nmn_c"", ""ecoli|NNATr|g1|nicrnt_c"", ""ecoli|NODOx|g1|nadh_c"", ""ecoli|NODOx|g1|no_c"", ""ecoli|NODOy|g1|no_c"", ""ecoli|NTD10pp_num1|g1|h2o_p"", ""ecoli|NTD10pp_num2|g1|h2o_p"", ""ecoli|NTD10|g1|h2o_c"", ""ecoli|NTD11_num1|g1|h2o_c"", ""ecoli|NTD11_num2|g1|h2o_c"", ""ecoli|NTD11pp_num1|g1|h2o_p"", ""ecoli|NTD11pp_num2|g1|h2o_p"", ""ecoli|NTD1_num1|g1|dump_c"", ""ecoli|NTD1_num1|g1|h2o_c"", ""ecoli|NTD1_num2|g1|dump_c"", ""ecoli|NTD1_num2|g1|h2o_c"", ""ecoli|NTD1_num3|g1|dump_c"", ""ecoli|NTD1_num3|g1|h2o_c"", ""ecoli|NTD1_num4|g1|dump_c"", ""ecoli|NTD1_num4|g1|h2o_c"", ""ecoli|NTD1pp_num1|g1|dump_p"", ""ecoli|NTD1pp_num1|g1|h2o_p"", ""ecoli|NTD1pp_num2|g1|dump_p"", ""ecoli|NTD1pp_num2|g1|h2o_p"", ""ecoli|NTD2_num1|g1|h2o_c"", ""ecoli|NTD2_num1|g1|ump_c"", ""ecoli|NTD2_num2|g1|h2o_c"", ""ecoli|NTD2_num2|g1|ump_c"", ""ecoli|NTD2_num3|g1|h2o_c"", ""ecoli|NTD2_num3|g1|ump_c"", ""ecoli|NTD2pp_num1|g1|h2o_p"", ""ecoli|NTD2pp_num1|g1|ump_p"", ""ecoli|NTD2pp_num2|g1|h2o_p"", ""ecoli|NTD2pp_num2|g1|ump_p"", ""ecoli|NTD2pp_num3|g1|h2o_p"", ""ecoli|NTD2pp_num3|g1|ump_p"", ""ecoli|NTD3_num1|g1|dcmp_c"", ""ecoli|NTD3_num1|g1|h2o_c"", ""ecoli|NTD3_num2|g1|dcmp_c"", ""ecoli|NTD3_num2|g1|h2o_c"", ""ecoli|NTD3_num3|g1|dcmp_c"", ""ecoli|NTD3_num3|g1|h2o_c"", ""ecoli|NTD3pp_num1|g1|dcmp_p"", ""ecoli|NTD3pp_num1|g1|h2o_p"", ""ecoli|NTD3pp_num2|g1|dcmp_p"", ""ecoli|NTD3pp_num2|g1|h2o_p"", ""ecoli|NTD4_num1|g1|h2o_c"", ""ecoli|NTD4_num2|g1|h2o_c"", ""ecoli|NTD4pp_num1|g1|h2o_p"", ""ecoli|NTD4pp_num2|g1|h2o_p"", ""ecoli|NTD4pp_num3|g1|h2o_p"", ""ecoli|NTD5_num1|g1|dtmp_c"", ""ecoli|NTD5_num1|g1|h2o_c"", ""ecoli|NTD5_num2|g1|dtmp_c"", ""ecoli|NTD5_num2|g1|h2o_c"", ""ecoli|NTD5_num3|g1|dtmp_c"", ""ecoli|NTD5_num3|g1|h2o_c"", ""ecoli|NTD5_num4|g1|dtmp_c"", ""ecoli|NTD5_num4|g1|h2o_c"", ""ecoli|NTD5pp_num1|g1|dtmp_p"", ""ecoli|NTD5pp_num1|g1|h2o_p"", ""ecoli|NTD5pp_num2|g1|dtmp_p"", ""ecoli|NTD5pp_num2|g1|h2o_p"", ""ecoli|NTD6_num1|g1|damp_c"", ""ecoli|NTD6_num1|g1|h2o_c"", ""ecoli|NTD6_num2|g1|damp_c"", ""ecoli|NTD6_num2|g1|h2o_c"", ""ecoli|NTD6_num3|g1|damp_c"", ""ecoli|NTD6_num3|g1|h2o_c"", ""ecoli|NTD6pp_num1|g1|damp_p"", ""ecoli|NTD6pp_num1|g1|h2o_p"", ""ecoli|NTD6pp_num2|g1|damp_p"", ""ecoli|NTD6pp_num2|g1|h2o_p"", ""ecoli|NTD7_num1|g1|amp_c"", ""ecoli|NTD7_num1|g1|h2o_c"", ""ecoli|NTD7_num2|g1|amp_c"", ""ecoli|NTD7_num2|g1|h2o_c"", ""ecoli|NTD7_num3|g1|amp_c"", ""ecoli|NTD7_num3|g1|h2o_c"", ""ecoli|NTD7_num4|g1|amp_c"", ""ecoli|NTD7_num4|g1|h2o_c"", ""ecoli|NTD7pp_num1|g1|amp_p"", ""ecoli|NTD7pp_num1|g1|h2o_p"", ""ecoli|NTD7pp_num2|g1|amp_p"", ""ecoli|NTD7pp_num2|g1|h2o_p"", ""ecoli|NTD7pp_num3|g1|amp_p"", ""ecoli|NTD7pp_num3|g1|h2o_p"", ""ecoli|NTD8_num1|g1|dgmp_c"", ""ecoli|NTD8_num1|g1|h2o_c"", ""ecoli|NTD8_num2|g1|dgmp_c"", ""ecoli|NTD8_num2|g1|h2o_c"", ""ecoli|NTD8_num3|g1|dgmp_c"", ""ecoli|NTD8_num3|g1|h2o_c"", ""ecoli|NTD8_num4|g1|dgmp_c"", ""ecoli|NTD8_num4|g1|h2o_c"", ""ecoli|NTD8pp_num1|g1|dgmp_p"", ""ecoli|NTD8pp_num1|g1|h2o_p"", ""ecoli|NTD8pp_num2|g1|dgmp_p"", ""ecoli|NTD8pp_num2|g1|h2o_p"", ""ecoli|NTD9_num1|g1|gmp_c"", ""ecoli|NTD9_num1|g1|h2o_c"", ""ecoli|NTD9_num2|g1|gmp_c"", ""ecoli|NTD9_num2|g1|h2o_c"", ""ecoli|NTD9_num3|g1|gmp_c"", ""ecoli|NTD9_num3|g1|h2o_c"", ""ecoli|NTD9_num4|g1|gmp_c"", ""ecoli|NTD9_num4|g1|h2o_c"", ""ecoli|NTD9pp_num1|g1|gmp_p"", ""ecoli|NTD9pp_num1|g1|h2o_p"", ""ecoli|NTD9pp_num2|g1|gmp_p"", ""ecoli|NTD9pp_num2|g1|h2o_p"", ""ecoli|NTD9pp_num3|g1|gmp_p"", ""ecoli|NTD9pp_num3|g1|h2o_p"", ""ecoli|NTP1_num1|g1|h2o_c"", ""ecoli|NTP1_num2|g1|h2o_c"", ""ecoli|NTP3_num1|g1|gtp_c"", ""ecoli|NTP3_num2|g1|gtp_c"", ""ecoli|NTP3_num3|g1|gtp_c"", ""ecoli|NTP3_num4|g1|gtp_c"", ""ecoli|NTP3_num5|g1|gtp_c"", ""ecoli|NTP3_num6|g1|gtp_c"", ""ecoli|NTP3_num7|g1|gtp_c"", ""ecoli|NTP3pp|g1|gtp_p"", ""ecoli|NTPP2_num1|g1|h2o_c"", ""ecoli|NTPP2_num2|g1|h2o_c"", ""ecoli|NTPP3_num1|g1|dctp_c"", ""ecoli|NTPP3_num1|g1|h2o_c"", ""ecoli|NTPP3_num2|g1|dctp_c"", ""ecoli|NTPP3_num2|g1|h2o_c"", ""ecoli|NTPP3_num3|g1|dctp_c"", ""ecoli|NTPP3_num3|g1|h2o_c"", ""ecoli|NTPP4_num1|g1|ctp_c"", ""ecoli|NTPP4_num1|g1|h2o_c"", ""ecoli|NTPP4_num2|g1|ctp_c"", ""ecoli|NTPP4_num2|g1|h2o_c"", ""ecoli|NTPP6_num1|g1|h2o_c"", ""ecoli|NTPP6_num2|g1|h2o_c"", ""ecoli|NTPP7_num1|g1|dttp_c"", ""ecoli|NTPP7_num2|g1|dttp_c"", ""ecoli|NTPP7_num3|g1|dttp_c"", ""ecoli|NTPP8_num1|g1|h2o_c"", ""ecoli|NTPP8_num1|g1|utp_c"", ""ecoli|NTPP8_num2|g1|h2o_c"", ""ecoli|NTPP8_num2|g1|utp_c"", ""ecoli|NTPP9|g1|h2o_c"", ""ecoli|NTPTP1|g1|dgtp_c"", ""ecoli|OCBT_num1|g1|cbp_c"", ""ecoli|OCBT_num1|g1|orn_c"", ""ecoli|OCBT_num2|g1|cbp_c"", ""ecoli|OCBT_num2|g1|orn_c"", ""ecoli|OCTDPS|g1|frdp_c"", ""ecoli|OHPBAT|g1|glu__L_c"", ""ecoli|OHPBAT|g1|ohpb_c"", ""ecoli|OMPDC|g1|orot5p_c"", ""ecoli|ORNDC_num1|g1|orn_c"", ""ecoli|ORNDC_num2|g1|orn_c"", ""ecoli|OXCDC|g1|oxalcoa_c"", ""ecoli|P5CD|g1|1pyr5c_c"", ""ecoli|PANTS|g1|ala_B_c"", ""ecoli|PANTS|g1|atp_c"", ""ecoli|PANTS|g1|pant__R_c"", ""ecoli|PDX5POi|g1|pdx5p_c"", ""ecoli|PEAMNOpp|g1|peamn_p"", ""ecoli|PERD|g1|4per_c"", ""ecoli|PFK_2|g1|atp_c"", ""ecoli|PFK_3|g1|atp_c"", ""ecoli|PFK_3|g1|s7p_c"", ""ecoli|PFK_num1|g1|atp_c"", ""ecoli|PFK_num1|g1|f6p_c"", ""ecoli|PFK_num2|g1|atp_c"", ""ecoli|PFK_num2|g1|f6p_c"", ""ecoli|PGCD|g1|3pg_c"", ""ecoli|PGCD|g1|nad_c"", ""ecoli|PGK|g1|3pg_c"", ""ecoli|PGK|g1|atp_c"", ""ecoli|PGLYCP|g1|2pglyc_c"", ""ecoli|PGLYCP|g1|h2o_c"", ""ecoli|PHETA1_num1|g1|akg_c"", ""ecoli|PHETA1_num1|g1|phe__L_c"", ""ecoli|PHETA1_num2|g1|akg_c"", ""ecoli|PHETA1_num2|g1|phe__L_c"", ""ecoli|PHETA1_num3|g1|akg_c"", ""ecoli|PHETA1_num3|g1|phe__L_c"", ""ecoli|PMPK|g1|4ampm_c"", ""ecoli|PMPK|g1|atp_c"", ""ecoli|PNTK|g1|atp_c"", ""ecoli|PNTK|g1|pnto__R_c"", ""ecoli|PPA_num1|g1|ppi_c"", ""ecoli|PPA_num2|g1|ppi_c"", ""ecoli|PPA_num3|g1|ppi_c"", ""ecoli|PPCDC|g1|4ppcys_c"", ""ecoli|PPCK|g1|oaa_c"", ""ecoli|PPC|g1|pep_c"", ""ecoli|PPNCL2|g1|4ppan_c"", ""ecoli|PPNDH|g1|pphn_c"", ""ecoli|PPND|g1|nad_c"", ""ecoli|PPND|g1|pphn_c"", ""ecoli|PRAIi|g1|pran_c"", ""ecoli|PSCVT|g1|pep_c"", ""ecoli|PSCVT|g1|skm5p_c"", ""ecoli|PSERT|g1|3php_c"", ""ecoli|PSERT|g1|glu__L_c"", ""ecoli|PTA2|g1|pi_c"", ""ecoli|PTAr_num1|g1|accoa_c"", ""ecoli|PTAr_num1|g1|pi_c"", ""ecoli|PTAr_num2|g1|accoa_c"", ""ecoli|PTAr_num2|g1|pi_c"", ""ecoli|PUNP1|g1|adn_c"", ""ecoli|PUNP1|g1|pi_c"", ""ecoli|PUNP2|g1|pi_c"", ""ecoli|PUNP3_num1|g1|pi_c"", ""ecoli|PUNP3_num2|g1|pi_c"", ""ecoli|PUNP4_num1|g1|pi_c"", ""ecoli|PUNP4_num2|g1|pi_c"", ""ecoli|PUNP5_num1|g1|ins_c"", ""ecoli|PUNP5_num1|g1|pi_c"", ""ecoli|PUNP5_num2|g1|ins_c"", ""ecoli|PUNP5_num2|g1|pi_c"", ""ecoli|PUNP6_num1|g1|pi_c"", ""ecoli|PUNP6_num2|g1|pi_c"", ""ecoli|PUNP7|g1|pi_c"", ""ecoli|PYAM5PO|g1|pyam5p_c"", ""ecoli|PYDAMK|g1|pydam_c"", ""ecoli|PYDXK_num1|g1|pydx_c"", ""ecoli|PYDXK_num2|g1|pydx_c"", ""ecoli|PYDXNK|g1|pydxn_c"", ""ecoli|QUINDH|g1|nad_c"", ""ecoli|QUINDH|g1|quin_c"", ""ecoli|RBFSa|g1|4r5au_c"", ""ecoli|RBFSb|g1|dmlz_c"", ""ecoli|RBK_L1|g1|atp_c"", ""ecoli|RBK_L1|g1|rbl__L_c"", ""ecoli|RBP4E_num1|g1|ru5p__L_c"", ""ecoli|RBP4E_num2|g1|ru5p__L_c"", ""ecoli|RBP4E_num3|g1|ru5p__L_c"", ""ecoli|RHCCE|g1|rhcys_c"", ""ecoli|RMPA|g1|rml1p_c"", ""ecoli|S7PI|g1|s7p_c"", ""ecoli|SEPHCHCS|g1|akg_c"", ""ecoli|SEPHCHCS|g1|ichor_c"", ""ecoli|SERAT|g1|accoa_c"", ""ecoli|SERD_D|g1|ser__D_c"", ""ecoli|SERD_L_num1|g1|ser__L_c"", ""ecoli|SERD_L_num2|g1|ser__L_c"", ""ecoli|SERD_L_num3|g1|ser__L_c"", ""ecoli|SERD_L_num4|g1|ser__L_c"", ""ecoli|SERD_L_num5|g1|ser__L_c"", ""ecoli|SFGTHi_num1|g1|Sfglutth_c"", ""ecoli|SFGTHi_num1|g1|h2o_c"", ""ecoli|SFGTHi_num2|g1|Sfglutth_c"", ""ecoli|SFGTHi_num2|g1|h2o_c"", ""ecoli|SHK3Dr|g1|3dhsk_c"", ""ecoli|SHK3Dr|g1|h_c"", ""ecoli|SHK3Dr|g1|nadph_c"", ""ecoli|SHKK_num1|g1|atp_c"", ""ecoli|SHKK_num1|g1|skm_c"", ""ecoli|SHKK_num2|g1|atp_c"", ""ecoli|SHKK_num2|g1|skm_c"", ""ecoli|SHSL1|g1|cys__L_c"", ""ecoli|SHSL1|g1|suchms_c"", ""ecoli|SOTA|g1|sucorn_c"", ""ecoli|SPMS|g1|ametam_c"", ""ecoli|SSALx|g1|nad_c"", ""ecoli|SSALx|g1|sucsal_c"", ""ecoli|SSALy_num1|g1|sucsal_c"", ""ecoli|SSALy_num2|g1|sucsal_c"", ""ecoli|TALA_num1|g1|g3p_c"", ""ecoli|TALA_num2|g1|g3p_c"", ""ecoli|TAUDO|g1|akg_c"", ""ecoli|TAUDO|g1|taur_c"", ""ecoli|TDPAGTA|g1|dtdp4d6dg_c"", ""ecoli|TDPGDH_num1|g1|dtdpglu_c"", ""ecoli|TDPGDH_num2|g1|dtdpglu_c"", ""ecoli|THRA_num1|g1|thr__L_c"", ""ecoli|THRA_num2|g1|thr__L_c"", ""ecoli|THRD_L_num1|g1|thr__L_c"", ""ecoli|THRD_L_num2|g1|thr__L_c"", ""ecoli|THRD_num1|g1|thr__L_c"", ""ecoli|THRD_num2|g1|thr__L_c"", ""ecoli|THRS|g1|phom_c"", ""ecoli|TMDPP|g1|thymd_c"", ""ecoli|TRE6PS|g1|g6p_c"", ""ecoli|TRE6PS|g1|udpg_c"", ""ecoli|TREHpp|g1|tre_p"", ""ecoli|TREH|g1|tre_c"", ""ecoli|TRPAS2|g1|trp__L_c"", ""ecoli|TRSARr_num1|g1|2h3oppan_c"", ""ecoli|TRSARr_num1|g1|h_c"", ""ecoli|TRSARr_num1|g1|nadh_c"", ""ecoli|TRSARr_num2|g1|2h3oppan_c"", ""ecoli|TRSARr_num2|g1|h_c"", ""ecoli|TRSARr_num2|g1|nadh_c"", ""ecoli|TYRTA_num1|g1|akg_c"", ""ecoli|TYRTA_num1|g1|tyr__L_c"", ""ecoli|TYRTA_num2|g1|akg_c"", ""ecoli|TYRTA_num2|g1|tyr__L_c"", ""ecoli|TYRTA_num3|g1|akg_c"", ""ecoli|TYRTA_num3|g1|tyr__L_c"", ""ecoli|U23GAAT|g1|u3hga_c"", ""ecoli|UAG2E|g1|uacgam_c"", ""ecoli|UAGCVT|g1|pep_c"", ""ecoli|UAGCVT|g1|uacgam_c"", ""ecoli|UAGDP|g1|acgam1p_c"", ""ecoli|UAGDP|g1|utp_c"", ""ecoli|UAGPT3|g1|uacgam_c"", ""ecoli|UAMAS|g1|ala__L_c"", ""ecoli|UDCPDPS|g1|frdp_c"", ""ecoli|UDCPDPS|g1|ipdp_c"", ""ecoli|UDPG4E|g1|udpg_c"", ""ecoli|UDPGD|g1|nad_c"", ""ecoli|UDPGPpp|g1|h2o_p"", ""ecoli|UDPGPpp|g1|udpg_p"", ""ecoli|UGLT|g1|gal1p_c"", ""ecoli|UPP3S|g1|hmbil_c"", ""ecoli|URDGLYCD|g1|nad_c"", ""ecoli|URDGLYCD|g1|urdglyc_c"", ""ecoli|URIH_num1|g1|uri_c"", ""ecoli|URIH_num2|g1|uri_c"", ""ecoli|URIH_num3|g1|uri_c"", ""ecoli|VALTA|g1|val__L_c"", ""ecoli|XPPT|g1|prpp_c"", ""ecoli|XPPT|g1|xan_c"", ""ecoli|XYLK_num1|g1|xylu__D_c"", ""ecoli|XYLK_num2|g1|xylu__D_c"", ""yeast|r_0012|g1|s_0119"", ""yeast|r_0018|g1|s_0991"", ""yeast|r_0018|g2|s_0991"", ""yeast|r_0018|g3|s_0991"", ""yeast|r_0024|g1|s_0232"", ""yeast|r_0024|g2|s_0232"", ""yeast|r_0025|g1|s_0233"", ""yeast|r_0028|g1|s_0807"", ""yeast|r_0028|g1|s_1273"", ""yeast|r_0028|g1|s_1382"", ""yeast|r_0062|g1|s_0232"", ""yeast|r_0062|g2|s_0232"", ""yeast|r_0062|g3|s_0232"", ""yeast|r_0085|g1|s_1012"", ""yeast|r_0108|g1|s_0437"", ""yeast|r_0115|g1|s_0437"", ""yeast|r_0115|g1|s_1192"", ""yeast|r_0138|g1|s_0383"", ""yeast|r_0142|g1|s_0386"", ""yeast|r_0163|g1|s_0680"", ""yeast|r_0163|g1|s_1198"", ""yeast|r_0165|g1|s_0361"", ""yeast|r_0165|g1|s_0799"", ""yeast|r_0165|g1|s_1205"", ""yeast|r_0165|g2|s_0361"", ""yeast|r_0165|g2|s_0799"", ""yeast|r_0165|g2|s_1205"", ""yeast|r_0166|g1|s_0794"", ""yeast|r_0166|g1|s_1203"", ""yeast|r_0166|g2|s_0794"", ""yeast|r_0166|g2|s_1203"", ""yeast|r_0166|g3|s_0794"", ""yeast|r_0166|g3|s_1203"", ""yeast|r_0167|g1|s_0799"", ""yeast|r_0167|g1|s_1205"", ""yeast|r_0167|g2|s_0799"", ""yeast|r_0167|g2|s_1205"", ""yeast|r_0168|g1|s_0166"", ""yeast|r_0168|g1|s_0794"", ""yeast|r_0168|g1|s_1212"", ""yeast|r_0168|g2|s_0166"", ""yeast|r_0168|g2|s_0794"", ""yeast|r_0168|g2|s_1212"", ""yeast|r_0168|g3|s_0166"", ""yeast|r_0168|g3|s_0794"", ""yeast|r_0168|g3|s_1212"", ""yeast|r_0169|g1|s_0794"", ""yeast|r_0169|g1|s_1203"", ""yeast|r_0169|g2|s_0794"", ""yeast|r_0169|g2|s_1203"", ""yeast|r_0169|g3|s_0794"", ""yeast|r_0169|g3|s_1203"", ""yeast|r_0170|g1|s_0799"", ""yeast|r_0170|g1|s_1205"", ""yeast|r_0170|g2|s_0799"", ""yeast|r_0170|g2|s_1205"", ""yeast|r_0171|g1|s_0794"", ""yeast|r_0171|g1|s_1212"", ""yeast|r_0171|g2|s_0794"", ""yeast|r_0171|g2|s_1212"", ""yeast|r_0173|g1|s_0359"", ""yeast|r_0173|g1|s_0803"", ""yeast|r_0173|g1|s_1207"", ""yeast|r_0177|g1|s_0803"", ""yeast|r_0177|g1|s_1207"", ""yeast|r_0179|g1|s_0794"", ""yeast|r_0179|g1|s_1203"", ""yeast|r_0179|g2|s_0794"", ""yeast|r_0179|g2|s_1203"", ""yeast|r_0179|g3|s_0794"", ""yeast|r_0179|g3|s_1203"", ""yeast|r_0180|g1|s_0799"", ""yeast|r_0180|g1|s_1205"", ""yeast|r_0180|g2|s_0799"", ""yeast|r_0180|g2|s_1205"", ""yeast|r_0181|g1|s_0234"", ""yeast|r_0181|g1|s_0794"", ""yeast|r_0181|g1|s_1212"", ""yeast|r_0181|g2|s_0234"", ""yeast|r_0181|g2|s_0794"", ""yeast|r_0181|g2|s_1212"", ""yeast|r_0182|g1|s_0794"", ""yeast|r_0182|g1|s_1203"", ""yeast|r_0182|g2|s_0794"", ""yeast|r_0182|g2|s_1203"", ""yeast|r_0182|g3|s_0794"", ""yeast|r_0182|g3|s_1203"", ""yeast|r_0183|g1|s_0799"", ""yeast|r_0183|g1|s_1205"", ""yeast|r_0183|g2|s_0799"", ""yeast|r_0183|g2|s_1205"", ""yeast|r_0184|g1|s_0794"", ""yeast|r_0184|g1|s_1212"", ""yeast|r_0184|g2|s_0794"", ""yeast|r_0184|g2|s_1212"", ""yeast|r_0186|g1|s_0794"", ""yeast|r_0186|g1|s_1203"", ""yeast|r_0186|g2|s_0794"", ""yeast|r_0186|g2|s_1203"", ""yeast|r_0186|g3|s_0794"", ""yeast|r_0186|g3|s_1203"", ""yeast|r_0187|g1|s_0799"", ""yeast|r_0187|g1|s_1205"", ""yeast|r_0187|g2|s_0799"", ""yeast|r_0187|g2|s_1205"", ""yeast|r_0191|g1|s_1554"", ""yeast|r_0202|g1|s_0427"", ""yeast|r_0202|g1|s_1386"", ""yeast|r_0209|g1|s_0965"", ""yeast|r_0210|g1|s_0967"", ""yeast|r_0215|g1|s_0434"", ""yeast|r_0215|g1|s_0973"", ""yeast|r_0222|g1|s_0394"", ""yeast|r_0223|g1|s_0394"", ""yeast|r_0273|g1|s_0512"", ""yeast|r_0274|g1|s_0514"", ""yeast|r_0278|g1|s_0515"", ""yeast|r_0300|g1|s_0376"", ""yeast|r_0300|g1|s_0807"", ""yeast|r_0300|g1|s_1273"", ""yeast|r_0300|g2|s_0376"", ""yeast|r_0300|g2|s_0807"", ""yeast|r_0300|g2|s_1273"", ""yeast|r_0301|g1|s_0378"", ""yeast|r_0309|g1|s_1012"", ""yeast|r_0309|g1|s_1039"", ""yeast|r_0310|g1|s_0980"", ""yeast|r_0318|g1|s_0545"", ""yeast|r_0330|g1|s_0434"", ""yeast|r_0330|g1|s_0615"", ""yeast|r_0344|g1|s_0625"", ""yeast|r_0345|g1|s_0626"", ""yeast|r_0361|g1|s_0743"", ""yeast|r_0364|g1|s_0656"", ""yeast|r_0364|g2|s_0656"", ""yeast|r_0366|g1|s_0188"", ""yeast|r_0366|g2|s_0188"", ""yeast|r_0366|g3|s_0188"", ""yeast|r_0366|g4|s_0188"", ""yeast|r_0366|g5|s_0188"", ""yeast|r_0373|g1|s_0190"", ""yeast|r_0373|g1|s_0943"", ""yeast|r_0443|g1|s_0721"", ""yeast|r_0443|g1|s_1198"", ""yeast|r_0449|g1|s_0555"", ""yeast|r_0453|g1|s_0061"", ""yeast|r_0458|g1|s_0434"", ""yeast|r_0458|g1|s_0558"", ""yeast|r_0459|g1|s_0410"", ""yeast|r_0464|g1|s_0774"", ""yeast|r_0469|g1|s_0991"", ""yeast|r_0471|g1|s_0180"", ""yeast|r_0471|g2|s_0180"", ""yeast|r_0477|g1|s_0557"", ""yeast|r_0477|g1|s_0999"", ""yeast|r_0478|g1|s_0999"", ""yeast|r_0479|g1|s_0991"", ""yeast|r_0480|g1|s_0993"", ""yeast|r_0486|g1|s_0764"", ""yeast|r_0486|g2|s_0764"", ""yeast|r_0486|g3|s_0764"", ""yeast|r_0526|g1|s_0787"", ""yeast|r_0528|g1|s_0434"", ""yeast|r_0528|g1|s_0782"", ""yeast|r_0529|g1|s_0782"", ""yeast|r_0533|g1|s_0434"", ""yeast|r_0533|g2|s_0434"", ""yeast|r_0533|g3|s_0434"", ""yeast|r_0534|g1|s_0434"", ""yeast|r_0534|g1|s_0563"", ""yeast|r_0534|g2|s_0434"", ""yeast|r_0534|g2|s_0563"", ""yeast|r_0534|g3|s_0434"", ""yeast|r_0534|g3|s_0563"", ""yeast|r_0534|g4|s_0434"", ""yeast|r_0534|g4|s_0563"", ""yeast|r_0534|g5|s_0434"", ""yeast|r_0534|g5|s_0563"", ""yeast|r_0535|g1|s_0434"", ""yeast|r_0535|g2|s_0434"", ""yeast|r_0535|g3|s_0434"", ""yeast|r_0539|g1|s_0434"", ""yeast|r_0539|g1|s_1006"", ""yeast|r_0540|g1|s_0437"", ""yeast|r_0540|g1|s_1008"", ""yeast|r_0543|g1|s_0183"", ""yeast|r_0543|g1|s_0377"", ""yeast|r_0543|g1|s_0808"", ""yeast|r_0543|g2|s_0183"", ""yeast|r_0543|g2|s_0377"", ""yeast|r_0543|g2|s_0808"", ""yeast|r_0545|g1|s_0836"", ""yeast|r_0546|g1|s_0794"", ""yeast|r_0546|g1|s_0978"", ""yeast|r_0547|g1|s_0794"", ""yeast|r_0547|g1|s_0978"", ""yeast|r_0547|g1|s_1212"", ""yeast|r_0553|g1|s_0033"", ""yeast|r_0554|g1|s_0034"", ""yeast|r_0567|g1|s_0855"", ""yeast|r_0567|g2|s_0855"", ""yeast|r_0567|g3|s_0855"", ""yeast|r_0568|g1|s_0633"", ""yeast|r_0569|g1|s_0636"", ""yeast|r_0667|g1|s_0943"", ""yeast|r_0674|g1|s_0182"", ""yeast|r_0674|g1|s_0957"", ""yeast|r_0675|g1|s_0958"", ""yeast|r_0676|g1|s_0958"", ""yeast|r_0679|g1|s_0969"", ""yeast|r_0680|g1|s_0970"", ""yeast|r_0680|g2|s_0970"", ""yeast|r_0680|g3|s_0970"", ""yeast|r_0680|g4|s_0970"", ""yeast|r_0690|g1|s_1039"", ""yeast|r_0697|g1|s_0750"", ""yeast|r_0697|g1|s_1151"", ""yeast|r_0701|g1|s_1021"", ""yeast|r_0702|g1|s_1023"", ""yeast|r_0723|g1|s_0574"", ""yeast|r_0727|g1|s_1012"", ""yeast|r_0739|g1|s_0018"", ""yeast|r_0760|g1|s_0373"", ""yeast|r_0760|g1|s_0412"", ""yeast|r_0762|g1|s_1195"", ""yeast|r_0764|g1|s_1202"", ""yeast|r_0765|g1|s_1198"", ""yeast|r_0765|g2|s_1198"", ""yeast|r_0766|g1|s_1200"", ""yeast|r_0766|g2|s_1200"", ""yeast|r_0766|g3|s_1200"", ""yeast|r_0768|g1|s_0999"", ""yeast|r_0769|g1|s_1001"", ""yeast|r_0770|g1|s_1203"", ""yeast|r_0770|g2|s_1203"", ""yeast|r_0771|g1|s_1203"", ""yeast|r_0771|g2|s_1203"", ""yeast|r_0772|g1|s_1205"", ""yeast|r_0772|g2|s_1205"", ""yeast|r_0772|g3|s_1205"", ""yeast|r_0773|g1|s_1205"", ""yeast|r_0781|g1|s_1216"", ""yeast|r_0799|g1|s_0647"", ""yeast|r_0810|g1|s_0740"", ""yeast|r_0815|g1|s_0981"", ""yeast|r_0815|g2|s_0981"", ""yeast|r_0815|g3|s_0981"", ""yeast|r_0817|g1|s_1266"", ""yeast|r_0821|g1|s_1270"", ""yeast|r_0851|g1|s_1032"", ""yeast|r_0853|g1|s_1034"", ""yeast|r_0854|g1|s_0951"", ""yeast|r_0884|g1|s_0434"", ""yeast|r_0884|g1|s_1271"", ""yeast|r_0889|g1|s_0340"", ""yeast|r_0889|g1|s_1207"", ""yeast|r_0889|g2|s_0340"", ""yeast|r_0889|g2|s_1207"", ""yeast|r_0892|g1|s_0075"", ""yeast|r_0892|g1|s_0394"", ""yeast|r_0893|g1|s_0260"", ""yeast|r_0893|g2|s_0260"", ""yeast|r_0913|g1|s_1187"", ""yeast|r_0936|g1|s_1181"", ""yeast|r_0937|g1|s_1442"", ""yeast|r_0938|g1|s_1377"", ""yeast|r_0941|g1|s_1035"", ""yeast|r_0943|g1|s_1218"", ""yeast|r_0954|g1|s_1395"", ""yeast|r_0955|g1|s_1398"", ""yeast|r_0958|g1|s_0434"", ""yeast|r_0958|g1|s_0445"", ""yeast|r_0958|g1|s_1399"", ""yeast|r_0958|g2|s_0434"", ""yeast|r_0958|g2|s_0445"", ""yeast|r_0958|g2|s_1399"", ""yeast|r_0959|g1|s_1399"", ""yeast|r_0959|g2|s_1399"", ""yeast|r_0959|g3|s_1399"", ""yeast|r_0960|g1|s_1399"", ""yeast|r_0960|g2|s_1399"", ""yeast|r_0960|g3|s_1399"", ""yeast|r_0962|g1|s_0394"", ""yeast|r_0962|g1|s_1360"", ""yeast|r_0962|g2|s_0394"", ""yeast|r_0962|g2|s_1360"", ""yeast|r_0984|g1|s_0577"", ""yeast|r_0986|g1|s_1416"", ""yeast|r_0986|g1|s_1569"", ""yeast|r_0995|g1|s_0434"", ""yeast|r_0995|g1|s_1039"", ""yeast|r_0995|g2|s_0434"", ""yeast|r_0995|g2|s_1039"", ""yeast|r_1012|g1|s_0190"", ""yeast|r_1024|g1|s_1466"", ""yeast|r_1038|g1|s_1212"", ""yeast|r_1040|g1|s_1045"", ""yeast|r_1042|g1|s_1045"", ""yeast|r_1043|g1|s_1047"", ""yeast|r_1049|g1|s_0581"", ""yeast|r_1049|g2|s_0581"", ""yeast|r_1050|g1|s_0551"", ""yeast|r_1050|g1|s_0581"", ""yeast|r_1050|g2|s_0551"", ""yeast|r_1050|g2|s_0581"", ""yeast|r_1054|g1|s_0629"", ""yeast|r_1063|g1|s_0991"", ""yeast|r_1066|g1|s_1051"", ""yeast|r_1067|g1|s_1053"", ""yeast|r_1071|g1|s_0410"", ""yeast|r_1094|g1|s_0434"", ""yeast|r_1094|g1|s_0580"", ""yeast|r_1838|g1|s_0182"", ""yeast|r_1838|g1|s_0376"", ""yeast|r_1838|g1|s_0807"", ""yeast|r_1838|g2|s_0182"", ""yeast|r_1838|g2|s_0376"", ""yeast|r_1838|g2|s_0807"", ""yeast|r_2115|g1|s_0359"", ""yeast|r_2115|g1|s_0794"", ""yeast|r_2115|g1|s_1203"", ""yeast|r_2115|g2|s_0359"", ""yeast|r_2115|g2|s_0794"", ""yeast|r_2115|g2|s_1203"", ""yeast|r_2145|g1|s_1214"", ""yeast|r_2146|g1|s_1214"", ""yeast|r_2147|g1|s_1214"", ""yeast|r_2432|g1|s_3083"", ""yeast|r_2433|g1|s_3083"", ""yeast|r_2434|g1|s_3083"", ""yeast|r_2435|g1|s_3083"", ""yeast|r_2436|g1|s_3083"", ""yeast|r_2437|g1|s_3083"", ""yeast|r_2438|g1|s_3083"", ""yeast|r_2439|g1|s_3083"", ""yeast|r_2440|g1|s_3093"", ""yeast|r_2441|g1|s_3093"", ""yeast|r_2442|g1|s_3093"", ""yeast|r_2443|g1|s_3093"", ""yeast|r_2444|g1|s_3093"", ""yeast|r_2445|g1|s_3093"", ""yeast|r_2820|g1|s_2856"", ""yeast|r_2820|g2|s_2856"", ""yeast|r_2821|g1|s_2856"", ""yeast|r_2821|g2|s_2856"", ""yeast|r_2822|g1|s_2856"", ""yeast|r_2822|g2|s_2856"", ""yeast|r_2823|g1|s_2856"", ""yeast|r_2823|g2|s_2856"", ""yeast|r_2824|g1|s_2856"", ""yeast|r_2824|g2|s_2856"", ""yeast|r_2825|g1|s_2856"", ""yeast|r_2825|g2|s_2856"", ""yeast|r_2826|g1|s_2856"", ""yeast|r_2826|g2|s_2856"", ""yeast|r_2827|g1|s_2856"", ""yeast|r_2827|g2|s_2856"", ""yeast|r_2828|g1|s_3341"", ""yeast|r_2829|g1|s_3341"", ""yeast|r_2830|g1|s_3341"", ""yeast|r_2831|g1|s_3341"", ""yeast|r_2832|g1|s_3341"", ""yeast|r_2833|g1|s_3341"", ""yeast|r_2834|g1|s_3341"", ""yeast|r_2835|g1|s_3341"", ""yeast|r_2844|g1|s_0438"", ""yeast|r_2845|g1|s_0438"", ""yeast|r_2846|g1|s_0438"", ""yeast|r_2847|g1|s_0438"", ""yeast|r_2848|g1|s_0438"", ""yeast|r_2849|g1|s_0438"", ""yeast|r_2850|g1|s_0438"", ""yeast|r_2851|g1|s_0438"", ""yeast|r_4045|g1|s_1556"", ""yeast|r_4157|g1|s_3760"", ""yeast|r_4157|g2|s_3760"", ""yeast|r_4160|g1|s_3761"", ""yeast|r_4184|g1|s_3806"", ""yeast|r_4187|g1|s_1037"", ""yeast|r_4217|g1|s_0926"", ""yeast|r_4226|g1|s_0180"", ""yeast|r_4226|g1|s_0955"", ""yeast|r_4248|g1|s_3904"", ""yeast|r_4251|g1|s_0541"", ""yeast|r_4251|g1|s_3907"", ""yeast|r_4283|g1|s_0434"", ""yeast|r_4284|g1|s_0434"", ""yeast|r_4284|g1|s_3949"", ""yeast|r_4285|g1|s_0434"", ""yeast|r_4285|g1|s_3951"", ""yeast|r_4286|g1|s_0434"", ""yeast|r_4287|g1|s_0434"", ""yeast|r_4288|g1|s_3952"", ""yeast|r_4312|g1|s_1416"", ""yeast|r_4312|g1|s_3991"", ""yeast|r_4317|g1|s_3998"", ""yeast|r_4318|g1|s_3999"", ""yeast|r_4333|g1|s_4018"", ""yeast|r_4333|g2|s_4018"", ""yeast|r_4340|g1|s_0373"", ""yeast|r_4652|g1|s_0794"", ""yeast|r_4652|g1|s_1203"", ""yeast|r_4652|g1|s_4232"", ""yeast|r_4652|g2|s_0794"", ""yeast|r_4652|g2|s_1203"", ""yeast|r_4652|g2|s_4232"", ""yeast|r_4652|g3|s_0794"", ""yeast|r_4652|g3|s_1203"", ""yeast|r_4652|g3|s_4232"", ""yeast|r_4653|g1|s_0799"", ""yeast|r_4653|g1|s_1205"", ""yeast|r_4653|g1|s_4234"", ""yeast|r_4653|g2|s_0799"", ""yeast|r_4653|g2|s_1205"", ""yeast|r_4653|g2|s_4234"", ""yeast|r_4654|g1|s_0794"", ""yeast|r_4654|g1|s_1212"", ""yeast|r_4654|g1|s_4232"", ""yeast|r_4654|g2|s_0794"", ""yeast|r_4654|g2|s_1212"", ""yeast|r_4654|g2|s_4232"", ""yeast|r_4654|g3|s_0794"", ""yeast|r_4654|g3|s_1212"", ""yeast|r_4654|g3|s_4232"", ""yeast|r_4661|g1|s_0794"", ""yeast|r_4661|g1|s_1203"", ""yeast|r_4661|g2|s_0794"", ""yeast|r_4661|g2|s_1203"", ""yeast|r_4661|g3|s_0794"", ""yeast|r_4661|g3|s_1203"", ""yeast|r_4662|g1|s_0799"", ""yeast|r_4662|g1|s_1205"", ""yeast|r_4662|g2|s_0799"", ""yeast|r_4662|g2|s_1205"", ""yeast|r_4663|g1|s_0794"", ""yeast|r_4663|g1|s_1212"", ""yeast|r_4663|g2|s_0794"", ""yeast|r_4663|g2|s_1212"", ""yeast|r_4663|g3|s_0794"", ""yeast|r_4663|g3|s_1212"", ""yeast|r_4670|g1|s_0794"", ""yeast|r_4670|g1|s_1203"", ""yeast|r_4670|g2|s_0794"", ""yeast|r_4670|g2|s_1203"", ""yeast|r_4670|g3|s_0794"", ""yeast|r_4670|g3|s_1203"", ""yeast|r_4671|g1|s_0799"", ""yeast|r_4671|g1|s_1205"", ""yeast|r_4671|g2|s_0799"", ""yeast|r_4671|g2|s_1205"", ""yeast|r_4672|g1|s_0794"", ""yeast|r_4672|g1|s_1212"", ""yeast|r_4672|g2|s_0794"", ""yeast|r_4672|g2|s_1212"", ""yeast|r_4672|g3|s_0794"", ""yeast|r_4672|g3|s_1212"", ""yeast|r_4723|g1|s_4290"", ""yeast|r_4723|g2|s_4290"", ""yeast|r_4724|g1|s_4291"", ""yeast|r_4724|g2|s_4291"", ""yeast|r_4725|g1|s_4292"", ""yeast|r_4725|g2|s_4292"", ""yeast|r_4755|g1|s_1401"", ""yeast|r_4755|g2|s_1401"", ""yeast|r_4774|g1|s_4325""]","[""ecoli|23PDE7pp|g1|23camp_p"", ""ecoli|3HCINNMH|g1|nadh_c"", ""ecoli|3HPPPNH|g1|nadh_c"", ""ecoli|3NTD2pp_num1|g1|h2o_p"", ""ecoli|3NTD2pp_num2|g1|h2o_p"", ""ecoli|3NTD4pp_num1|g1|3cmp_p"", ""ecoli|3NTD4pp_num1|g1|h2o_p"", ""ecoli|3NTD4pp_num2|g1|3cmp_p"", ""ecoli|3NTD4pp_num2|g1|h2o_p"", ""ecoli|3NTD4pp_num3|g1|3cmp_p"", ""ecoli|3NTD4pp_num3|g1|h2o_p"", ""ecoli|3NTD7pp_num1|g1|3amp_p"", ""ecoli|3NTD7pp_num1|g1|h2o_p"", ""ecoli|3NTD7pp_num2|g1|3amp_p"", ""ecoli|3NTD7pp_num2|g1|h2o_p"", ""ecoli|3NTD9pp_num1|g1|h2o_p"", ""ecoli|3NTD9pp_num2|g1|h2o_p"", ""ecoli|3OAR100|g1|nadph_c"", ""ecoli|3OAR120|g1|nadph_c"", ""ecoli|3OAR121|g1|nadph_c"", ""ecoli|3OAR140|g1|nadph_c"", ""ecoli|3OAR141|g1|nadph_c"", ""ecoli|3OAR160|g1|nadph_c"", ""ecoli|3OAR161|g1|nadph_c"", ""ecoli|3OAR180|g1|nadph_c"", ""ecoli|3OAR181|g1|nadph_c"", ""ecoli|3OAR40|g1|nadph_c"", ""ecoli|3OAR60|g1|nadph_c"", ""ecoli|3OAR80|g1|nadph_c"", ""ecoli|3OAS121|g1|malACP_c"", ""ecoli|3OAS141|g1|malACP_c"", ""ecoli|3OAS161|g1|malACP_c"", ""ecoli|3OAS180_num1|g1|malACP_c"", ""ecoli|3OAS180_num2|g1|malACP_c"", ""ecoli|3OAS181|g1|malACP_c"", ""ecoli|3OXCOAT|g1|coa_c"", ""ecoli|A5PISO_num1|g1|ru5p__D_c"", ""ecoli|A5PISO_num2|g1|ru5p__D_c"", ""ecoli|AB6PGH_num1|g1|h2o_c"", ""ecoli|AB6PGH_num2|g1|h2o_c"", ""ecoli|AB6PGH_num3|g1|h2o_c"", ""ecoli|ABTA_num1|g1|4abut_c"", ""ecoli|ABTA_num1|g1|akg_c"", ""ecoli|ABTA_num2|g1|4abut_c"", ""ecoli|ABTA_num2|g1|akg_c"", ""ecoli|ABUTD|g1|4abutn_c"", ""ecoli|ABUTD|g1|h2o_c"", ""ecoli|ABUTD|g1|nad_c"", ""ecoli|ACACT1r_num1|g1|accoa_c"", ""ecoli|ACACT1r_num2|g1|accoa_c"", ""ecoli|ACACT1r_num3|g1|accoa_c"", ""ecoli|ACACT2r_num1|g1|accoa_c"", ""ecoli|ACACT2r_num2|g1|accoa_c"", ""ecoli|ACACT3r_num1|g1|accoa_c"", ""ecoli|ACACT3r_num2|g1|accoa_c"", ""ecoli|ACACT4r_num1|g1|accoa_c"", ""ecoli|ACACT4r_num2|g1|accoa_c"", ""ecoli|ACACT5r_num1|g1|accoa_c"", ""ecoli|ACACT5r_num2|g1|accoa_c"", ""ecoli|ACACT6r_num1|g1|accoa_c"", ""ecoli|ACACT6r_num2|g1|accoa_c"", ""ecoli|ACACT7r_num1|g1|accoa_c"", ""ecoli|ACACT7r_num2|g1|accoa_c"", ""ecoli|ACALD_num1|g1|acald_c"", ""ecoli|ACALD_num2|g1|acald_c"", ""ecoli|ACGAMK|g1|atp_c"", ""ecoli|ACKr_num1|g1|ac_c"", ""ecoli|ACKr_num1|g1|atp_c"", ""ecoli|ACKr_num2|g1|ac_c"", ""ecoli|ACKr_num2|g1|atp_c"", ""ecoli|ACKr_num3|g1|ac_c"", ""ecoli|ACKr_num3|g1|atp_c"", ""ecoli|ACM6PH|g1|acmum6p_c"", ""ecoli|ACNML|g1|acnam_c"", ""ecoli|ACODA|g1|acorn_c"", ""ecoli|ACODA|g1|h2o_c"", ""ecoli|ACP1_FMN_num1|g1|fmn_c"", ""ecoli|ACP1_FMN_num2|g1|fmn_c"", ""ecoli|ACP1_FMN_num3|g1|fmn_c"", ""ecoli|ACPS1_num1|g1|coa_c"", ""ecoli|ACPS1_num2|g1|coa_c"", ""ecoli|ACS|g1|ac_c"", ""ecoli|ACS|g1|atp_c"", ""ecoli|ADD|g1|ade_c"", ""ecoli|ADNCYC|g1|atp_c"", ""ecoli|ADNUC|g1|adn_c"", ""ecoli|ADPRDP_num1|g1|adprib_c"", ""ecoli|ADPRDP_num2|g1|adprib_c"", ""ecoli|ADPT|g1|ade_c"", ""ecoli|ADSK|g1|aps_c"", ""ecoli|ADSS|g1|asp__L_c"", ""ecoli|ADSS|g1|gtp_c"", ""ecoli|ADSS|g1|imp_c"", ""ecoli|AGDC|g1|acgam6p_c"", ""ecoli|AGMT|g1|agm_c"", ""ecoli|AHCYSNS|g1|ahcys_c"", ""ecoli|AHCYSNS|g1|h2o_c"", ""ecoli|AHGDx|g1|S2hglut_c"", ""ecoli|AHGDx|g1|nad_c"", ""ecoli|AICART|g1|10fthf_c"", ""ecoli|AICART|g1|aicar_c"", ""ecoli|AIRC2|g1|atp_c"", ""ecoli|AIRC3|g1|5aizc_c"", ""ecoli|ALAALAr_num1|g1|ala__D_c"", ""ecoli|ALAALAr_num2|g1|ala__D_c"", ""ecoli|ALAGLUE|g1|LalaDglu_c"", ""ecoli|ALAR_num1|g1|ala__L_c"", ""ecoli|ALAR_num2|g1|ala__L_c"", ""ecoli|ALDD19xr|g1|nad_c"", ""ecoli|ALDD19xr|g1|pacald_c"", ""ecoli|ALLK|g1|all__D_c"", ""ecoli|ALLK|g1|atp_c"", ""ecoli|ALLTN|g1|h2o_c"", ""ecoli|AMANK|g1|acmana_c"", ""ecoli|AMANK|g1|atp_c"", ""ecoli|AMAOTr|g1|8aonn_c"", ""ecoli|AMAOTr|g1|amet_c"", ""ecoli|AMPTASECG_num1|g1|cgly_c"", ""ecoli|AMPTASECG_num1|g1|h2o_c"", ""ecoli|AMPTASECG_num2|g1|cgly_c"", ""ecoli|AMPTASECG_num2|g1|h2o_c"", ""ecoli|AMPTASECG_num3|g1|cgly_c"", ""ecoli|AMPTASECG_num3|g1|h2o_c"", ""ecoli|AMPTASECG_num4|g1|cgly_c"", ""ecoli|AMPTASECG_num4|g1|h2o_c"", ""ecoli|ANPRT|g1|anth_c"", ""ecoli|ANPRT|g1|prpp_c"", ""ecoli|AOXSr2|g1|ala__L_c"", ""ecoli|AP4AH|g1|ap4a_c"", ""ecoli|AP5AH|g1|ap5a_c"", ""ecoli|APCS|g1|ametam_c"", ""ecoli|APRAUR|g1|5apru_c"", ""ecoli|APRAUR|g1|h_c"", ""ecoli|APRAUR|g1|nadph_c"", ""ecoli|ASAD|g1|aspsa_c"", ""ecoli|ASAD|g1|nadp_c"", ""ecoli|ASAD|g1|pi_c"", ""ecoli|ASNN_num1|g1|asn__L_c"", ""ecoli|ASNN_num1|g1|h2o_c"", ""ecoli|ASNN_num2|g1|asn__L_c"", ""ecoli|ASNN_num2|g1|h2o_c"", ""ecoli|ASNNpp|g1|asn__L_p"", ""ecoli|ASNNpp|g1|h2o_p"", ""ecoli|ASNS1|g1|asp__L_c"", ""ecoli|ASNS1|g1|atp_c"", ""ecoli|ASNS1|g1|gln__L_c"", ""ecoli|ASNS2_num1|g1|asp__L_c"", ""ecoli|ASNS2_num1|g1|atp_c"", ""ecoli|ASNS2_num1|g1|nh4_c"", ""ecoli|ASNS2_num2|g1|asp__L_c"", ""ecoli|ASNS2_num2|g1|atp_c"", ""ecoli|ASNS2_num2|g1|nh4_c"", ""ecoli|ASP1DC|g1|asp__L_c"", ""ecoli|ASPCT_num2|g1|asp__L_c"", ""ecoli|ASPK_num1|g1|asp__L_c"", ""ecoli|ASPK_num1|g1|atp_c"", ""ecoli|ASPK_num2|g1|asp__L_c"", ""ecoli|ASPK_num2|g1|atp_c"", ""ecoli|ASPK_num3|g1|asp__L_c"", ""ecoli|ASPK_num3|g1|atp_c"", ""ecoli|ASPO6|g1|asp__L_c"", ""ecoli|ASPTA_num1|g1|akg_c"", ""ecoli|ASPTA_num1|g1|asp__L_c"", ""ecoli|ASPTA_num2|g1|akg_c"", ""ecoli|ASPTA_num2|g1|asp__L_c"", ""ecoli|ASPT|g1|asp__L_c"", ""ecoli|ATHRDHr|g1|athr__L_c"", ""ecoli|BPNT|g1|pap_c"", ""ecoli|CAT_num1|g1|h2o2_c"", ""ecoli|CAT_num2|g1|h2o2_c"", ""ecoli|CDGR|g1|nadph_c"", ""ecoli|CDGR|g1|preq0_c"", ""ecoli|CFAS160E|g1|amet_c"", ""ecoli|CFAS160G|g1|amet_c"", ""ecoli|CFAS180E|g1|amet_c"", ""ecoli|CFAS180G|g1|amet_c"", ""ecoli|CHORM_num1|g1|chor_c"", ""ecoli|CHORM_num2|g1|chor_c"", ""ecoli|CHRPL_num1|g1|chor_c"", ""ecoli|CHRPL_num2|g1|chor_c"", ""ecoli|CPPPGO|g1|cpppg3_c"", ""ecoli|CSND|g1|csn_c"", ""ecoli|CS|g1|accoa_c"", ""ecoli|CS|g1|oaa_c"", ""ecoli|CTPS2|g1|atp_c"", ""ecoli|CTPS2|g1|gln__L_c"", ""ecoli|CTPS2|g1|utp_c"", ""ecoli|CYANST_num1|g1|cyan_c"", ""ecoli|CYANST_num1|g1|tsul_c"", ""ecoli|CYANST_num2|g1|cyan_c"", ""ecoli|CYANST_num2|g1|tsul_c"", ""ecoli|CYANST_num3|g1|cyan_c"", ""ecoli|CYANST_num3|g1|tsul_c"", ""ecoli|CYANSTpp|g1|cyan_p"", ""ecoli|CYANSTpp|g1|tsul_p"", ""ecoli|CYSDDS|g1|cys__D_c"", ""ecoli|CYSS_num1|g1|acser_c"", ""ecoli|CYSS_num1|g1|h2s_c"", ""ecoli|CYSS_num2|g1|acser_c"", ""ecoli|CYSS_num2|g1|h2s_c"", ""ecoli|CYSTA|g1|akg_c"", ""ecoli|CYSTA|g1|cys__L_c"", ""ecoli|CYTDH_num1|g1|cytd_c"", ""ecoli|CYTDH_num2|g1|cytd_c"", ""ecoli|CYTDH_num3|g1|cytd_c"", ""ecoli|CYTK1|g1|atp_c"", ""ecoli|CYTK1|g1|cmp_c"", ""ecoli|CYTK2|g1|atp_c"", ""ecoli|CYTK2|g1|dcmp_c"", ""ecoli|DAPAL|g1|23dappa_c"", ""ecoli|DAPDC|g1|26dap__M_c"", ""ecoli|DBTS|g1|atp_c"", ""ecoli|DCTPD|g1|dctp_c"", ""ecoli|DDPA_num1|g1|e4p_c"", ""ecoli|DDPA_num1|g1|pep_c"", ""ecoli|DDPA_num2|g1|e4p_c"", ""ecoli|DDPA_num2|g1|pep_c"", ""ecoli|DDPA_num3|g1|e4p_c"", ""ecoli|DDPA_num3|g1|pep_c"", ""ecoli|DHFR_num1|g1|dhf_c"", ""ecoli|DHFR_num1|g1|nadph_c"", ""ecoli|DHFR_num2|g1|dhf_c"", ""ecoli|DHFR_num2|g1|nadph_c"", ""ecoli|DHNPA2r|g1|dhnpt_c"", ""ecoli|DHPPDA2|g1|25drapp_c"", ""ecoli|DHPPDA2|g1|h2o_c"", ""ecoli|DHQS|g1|2dda7p_c"", ""ecoli|DHQTi|g1|3dhq_c"", ""ecoli|DKGLCNR2y|g1|h_c"", ""ecoli|DKGLCNR2y|g1|nadph_c"", ""ecoli|DNTPPA_num1|g1|ahdt_c"", ""ecoli|DNTPPA_num2|g1|ahdt_c"", ""ecoli|DPR_num1|g1|2dhp_c"", ""ecoli|DPR_num1|g1|h_c"", ""ecoli|DPR_num1|g1|nadph_c"", ""ecoli|DPR_num2|g1|2dhp_c"", ""ecoli|DPR_num2|g1|h_c"", ""ecoli|DPR_num2|g1|nadph_c"", ""ecoli|DRPA|g1|2dr5p_c"", ""ecoli|DURIPP_num1|g1|duri_c"", ""ecoli|DURIPP_num1|g1|pi_c"", ""ecoli|DURIPP_num2|g1|duri_c"", ""ecoli|DURIPP_num2|g1|pi_c"", ""ecoli|DUTPDP_num1|g1|dutp_c"", ""ecoli|DUTPDP_num2|g1|dutp_c"", ""ecoli|DXPRIi|g1|dxyl5p_c"", ""ecoli|DXPS|g1|g3p_c"", ""ecoli|DXPS|g1|pyr_c"", ""ecoli|E4PD_num1|g1|e4p_c"", ""ecoli|E4PD_num1|g1|nad_c"", ""ecoli|E4PD_num2|g1|e4p_c"", ""ecoli|E4PD_num2|g1|nad_c"", ""ecoli|EDA|g1|2ddg6p_c"", ""ecoli|FACOAE100|g1|h2o_c"", ""ecoli|FACOAE120|g1|ddcacoa_c"", ""ecoli|FACOAE120|g1|h2o_c"", ""ecoli|FACOAE140|g1|h2o_c"", ""ecoli|FACOAE160|g1|h2o_c"", ""ecoli|FACOAE180|g1|h2o_c"", ""ecoli|FADRx|g1|fad_c"", ""ecoli|FADRx|g1|nadh_c"", ""ecoli|FBA_num1|g1|fdp_c"", ""ecoli|FBA_num2|g1|fdp_c"", ""ecoli|FBP_num1|g1|fdp_c"", ""ecoli|FBP_num2|g1|fdp_c"", ""ecoli|FBP_num3|g1|fdp_c"", ""ecoli|FBP_num4|g1|fdp_c"", ""ecoli|FCLPA_num1|g1|fc1p_c"", ""ecoli|FCLPA_num2|g1|fc1p_c"", ""ecoli|FEROpp_num1|g1|fe2_p"", ""ecoli|FEROpp_num2|g1|fe2_p"", ""ecoli|FLVRx|g1|nadh_c"", ""ecoli|FMNRx2_num1|g1|fmn_c"", ""ecoli|FMNRx2_num1|g1|nadph_c"", ""ecoli|FMNRx2_num2|g1|fmn_c"", ""ecoli|FMNRx2_num2|g1|nadph_c"", ""ecoli|FMNRx2_num3|g1|fmn_c"", ""ecoli|FMNRx2_num3|g1|nadph_c"", ""ecoli|FMNRx_num1|g1|nadh_c"", ""ecoli|FMNRx_num2|g1|nadh_c"", ""ecoli|FUM_num1|g1|fum_c"", ""ecoli|FUM_num2|g1|fum_c"", ""ecoli|FUM_num3|g1|fum_c"", ""ecoli|G1PP_num1|g1|g1p_c"", ""ecoli|G1PP_num2|g1|g1p_c"", ""ecoli|G1PP_num3|g1|g1p_c"", ""ecoli|G1PPpp_num1|g1|g1p_p"", ""ecoli|G1PPpp_num2|g1|g1p_p"", ""ecoli|G6PDA|g1|gam6p_c"", ""ecoli|G6PDH2r|g1|nadp_c"", ""ecoli|GALCTD|g1|galct__D_c"", ""ecoli|GF6PTA|g1|f6p_c"", ""ecoli|GF6PTA|g1|gln__L_c"", ""ecoli|GGPTRCS|g1|ptrc_c"", ""ecoli|GHMT2r|g1|ser__L_c"", ""ecoli|GHMT2r|g1|thf_c"", ""ecoli|GK1|g1|gmp_c"", ""ecoli|GLCRAL|g1|5dh4dglc_c"", ""ecoli|GLCRD_num1|g1|glcr_c"", ""ecoli|GLCRD_num2|g1|glcr_c"", ""ecoli|GLGC|g1|atp_c"", ""ecoli|GLNS|g1|atp_c"", ""ecoli|GLNS|g1|glu__L_c"", ""ecoli|GLUCYS|g1|atp_c"", ""ecoli|GLUCYS|g1|cys__L_c"", ""ecoli|GLUCYS|g1|glu__L_c"", ""ecoli|GLUDC_num1|g1|glu__L_c"", ""ecoli|GLUDC_num2|g1|glu__L_c"", ""ecoli|GLUDy|g1|glu__L_c"", ""ecoli|GLUDy|g1|nadp_c"", ""ecoli|GLUN_num1|g1|gln__L_c"", ""ecoli|GLUN_num2|g1|gln__L_c"", ""ecoli|GLUNpp|g1|gln__L_p"", ""ecoli|GLUR|g1|glu__D_c"", ""ecoli|GLUTRR|g1|nadph_c"", ""ecoli|GLUTRS|g1|atp_c"", ""ecoli|GLUTRS|g1|glu__L_c"", ""ecoli|GLXCL|g1|glx_c"", ""ecoli|GLYAT|g1|gly_c"", ""ecoli|GLYCK2|g1|atp_c"", ""ecoli|GLYCK2|g1|glyc__R_c"", ""ecoli|GLYCK|g1|glyc__R_c"", ""ecoli|GLYOX3|g1|mthgxl_c"", ""ecoli|GMAND|g1|gdpmann_c"", ""ecoli|GMPR|g1|gmp_c"", ""ecoli|GMPS2|g1|gln__L_c"", ""ecoli|GMPS2|g1|xmp_c"", ""ecoli|GMPS|g1|xmp_c"", ""ecoli|GPDDA1pp|g1|g3pc_p"", ""ecoli|GPDDA1|g1|g3pc_c"", ""ecoli|GPDDA2pp|g1|g3pe_p"", ""ecoli|GPDDA2|g1|g3pe_c"", ""ecoli|GPDDA3pp|g1|g3ps_p"", ""ecoli|GPDDA3|g1|g3ps_c"", ""ecoli|GPDDA4pp|g1|g3pg_p"", ""ecoli|GPDDA4|g1|g3pg_c"", ""ecoli|GSPMDA|g1|gtspmd_c"", ""ecoli|GTHOr|g1|gthox_c"", ""ecoli|GTPCII2|g1|gtp_c"", ""ecoli|GTPDPDP|g1|gdptp_c"", ""ecoli|GUAD|g1|gua_c"", ""ecoli|GUAPRT_num1|g1|gua_c"", ""ecoli|GUAPRT_num1|g1|prpp_c"", ""ecoli|GUAPRT_num2|g1|gua_c"", ""ecoli|GUAPRT_num2|g1|prpp_c"", ""ecoli|GUI1|g1|glcur_c"", ""ecoli|HACD1_num1|g1|aacoa_c"", ""ecoli|HACD1_num1|g1|h_c"", ""ecoli|HACD1_num1|g1|nadh_c"", ""ecoli|HACD1_num2|g1|aacoa_c"", ""ecoli|HACD1_num2|g1|h_c"", ""ecoli|HACD1_num2|g1|nadh_c"", ""ecoli|HACD2_num1|g1|h_c"", ""ecoli|HACD2_num1|g1|nadh_c"", ""ecoli|HACD2_num2|g1|h_c"", ""ecoli|HACD2_num2|g1|nadh_c"", ""ecoli|HACD3_num1|g1|h_c"", ""ecoli|HACD3_num1|g1|nadh_c"", ""ecoli|HACD3_num2|g1|h_c"", ""ecoli|HACD3_num2|g1|nadh_c"", ""ecoli|HACD4_num1|g1|h_c"", ""ecoli|HACD4_num1|g1|nadh_c"", ""ecoli|HACD4_num2|g1|h_c"", ""ecoli|HACD4_num2|g1|nadh_c"", ""ecoli|HACD5_num1|g1|h_c"", ""ecoli|HACD5_num1|g1|nadh_c"", ""ecoli|HACD5_num2|g1|h_c"", ""ecoli|HACD5_num2|g1|nadh_c"", ""ecoli|HACD6_num1|g1|h_c"", ""ecoli|HACD6_num1|g1|nadh_c"", ""ecoli|HACD6_num2|g1|h_c"", ""ecoli|HACD6_num2|g1|nadh_c"", ""ecoli|HACD7_num1|g1|h_c"", ""ecoli|HACD7_num1|g1|nadh_c"", ""ecoli|HACD7_num2|g1|h_c"", ""ecoli|HACD7_num2|g1|nadh_c"", ""ecoli|HACD8_num1|g1|h_c"", ""ecoli|HACD8_num1|g1|nadh_c"", ""ecoli|HACD8_num2|g1|h_c"", ""ecoli|HACD8_num2|g1|nadh_c"", ""ecoli|HADPCOADH3|g1|nad_c"", ""ecoli|HCO3E_num1|g1|co2_c"", ""ecoli|HCO3E_num2|g1|co2_c"", ""ecoli|HCYSMT2|g1|hcys__L_c"", ""ecoli|HCYSMT|g1|hcys__L_c"", ""ecoli|HEX1|g1|glc__D_c"", ""ecoli|HISTP|g1|hisp_c"", ""ecoli|HMPK1_num1|g1|4ahmmp_c"", ""ecoli|HMPK1_num1|g1|atp_c"", ""ecoli|HMPK1_num2|g1|4ahmmp_c"", ""ecoli|HMPK1_num2|g1|atp_c"", ""ecoli|HPPPNDO|g1|dhpppn_c"", ""ecoli|HSDy_num1|g1|hom__L_c"", ""ecoli|HSDy_num2|g1|hom__L_c"", ""ecoli|HSK|g1|hom__L_c"", ""ecoli|HSST|g1|hom__L_c"", ""ecoli|HSST|g1|succoa_c"", ""ecoli|ICDHyr|g1|icit_c"", ""ecoli|ICDHyr|g1|nadp_c"", ""ecoli|ICHORS_copy1|g1|chor_c"", ""ecoli|ICHORS_copy2|g1|chor_c"", ""ecoli|ICHORT|g1|ichor_c"", ""ecoli|IGPS|g1|2cpr5p_c"", ""ecoli|ILETA|g1|ile__L_c"", ""ecoli|IMPD|g1|imp_c"", ""ecoli|INSH|g1|ins_c"", ""ecoli|IPMD_num1|g1|3c2hmp_c"", ""ecoli|IPMD_num1|g1|nad_c"", ""ecoli|IPMD_num2|g1|3c2hmp_c"", ""ecoli|IPMD_num2|g1|nad_c"", ""ecoli|KARA1|g1|23dhmb_c"", ""ecoli|KARA1|g1|nadp_c"", ""ecoli|KARA2|g1|h_c"", ""ecoli|KARA2|g1|nadph_c"", ""ecoli|KAS14_num1|g1|malACP_c"", ""ecoli|KAS14_num2|g1|malACP_c"", ""ecoli|KDOPS|g1|ara5p_c"", ""ecoli|KDOPS|g1|h2o_c"", ""ecoli|KDOPS|g1|pep_c"", ""ecoli|KG6PDC_num1|g1|3dhgulnp_c"", ""ecoli|KG6PDC_num1|g1|h_c"", ""ecoli|KG6PDC_num2|g1|3dhgulnp_c"", ""ecoli|KG6PDC_num2|g1|h_c"", ""ecoli|LCADi|g1|lald__L_c"", ""ecoli|LEUTAi_num1|g1|4mop_c"", ""ecoli|LEUTAi_num2|g1|4mop_c"", ""ecoli|LIPATPT|g1|atp_c"", ""ecoli|LSERDHr|g1|ser__L_c"", ""ecoli|LYSAM|g1|lys__L_c"", ""ecoli|LYSDC_num1|g1|lys__L_c"", ""ecoli|LYSDC_num2|g1|lys__L_c"", ""ecoli|MALS_num1|g1|glx_c"", ""ecoli|MALS_num2|g1|glx_c"", ""ecoli|MCITD|g1|2mcit_c"", ""ecoli|MCITL2|g1|micit_c"", ""ecoli|MCPST|g1|mercppyr_c"", ""ecoli|ME1|g1|mal__L_c"", ""ecoli|ME1|g1|nad_c"", ""ecoli|ME2|g1|nadp_c"", ""ecoli|MECDPS|g1|2p4c2me_c"", ""ecoli|MEPCT|g1|2me4p_c"", ""ecoli|MEPCT|g1|ctp_c"", ""ecoli|METAT|g1|atp_c"", ""ecoli|METAT|g1|met__L_c"", ""ecoli|MGSA|g1|dhap_c"", ""ecoli|MI1PP|g1|mi1p__D_c"", ""ecoli|MNNH|g1|mana_c"", ""ecoli|MTAN|g1|5mta_c"", ""ecoli|MTAN|g1|h2o_c"", ""ecoli|MTHFC|g1|methf_c"", ""ecoli|MTHFD|g1|nadp_c"", ""ecoli|MTHFR2|g1|nadh_c"", ""ecoli|NADDP_num1|g1|nad_c"", ""ecoli|NADDP_num2|g1|nad_c"", ""ecoli|NADK|g1|atp_c"", ""ecoli|NADK|g1|nad_c"", ""ecoli|NADTRHD|g1|nadph_c"", ""ecoli|NMNDA|g1|nmn_c"", ""ecoli|NNATr|g1|nicrnt_c"", ""ecoli|NODOx|g1|nadh_c"", ""ecoli|NODOx|g1|no_c"", ""ecoli|NODOy|g1|no_c"", ""ecoli|NTD10pp_num1|g1|h2o_p"", ""ecoli|NTD10pp_num2|g1|h2o_p"", ""ecoli|NTD10|g1|h2o_c"", ""ecoli|NTD11_num1|g1|h2o_c"", ""ecoli|NTD11_num2|g1|h2o_c"", ""ecoli|NTD11pp_num1|g1|h2o_p"", ""ecoli|NTD11pp_num2|g1|h2o_p"", ""ecoli|NTD1_num1|g1|dump_c"", ""ecoli|NTD1_num1|g1|h2o_c"", ""ecoli|NTD1_num2|g1|dump_c"", ""ecoli|NTD1_num2|g1|h2o_c"", ""ecoli|NTD1_num3|g1|dump_c"", ""ecoli|NTD1_num3|g1|h2o_c"", ""ecoli|NTD1_num4|g1|dump_c"", ""ecoli|NTD1_num4|g1|h2o_c"", ""ecoli|NTD1pp_num1|g1|dump_p"", ""ecoli|NTD1pp_num1|g1|h2o_p"", ""ecoli|NTD1pp_num2|g1|dump_p"", ""ecoli|NTD1pp_num2|g1|h2o_p"", ""ecoli|NTD2_num1|g1|h2o_c"", ""ecoli|NTD2_num1|g1|ump_c"", ""ecoli|NTD2_num2|g1|h2o_c"", ""ecoli|NTD2_num2|g1|ump_c"", ""ecoli|NTD2_num3|g1|h2o_c"", ""ecoli|NTD2_num3|g1|ump_c"", ""ecoli|NTD2pp_num1|g1|h2o_p"", ""ecoli|NTD2pp_num1|g1|ump_p"", ""ecoli|NTD2pp_num2|g1|h2o_p"", ""ecoli|NTD2pp_num2|g1|ump_p"", ""ecoli|NTD2pp_num3|g1|h2o_p"", ""ecoli|NTD2pp_num3|g1|ump_p"", ""ecoli|NTD3_num1|g1|dcmp_c"", ""ecoli|NTD3_num1|g1|h2o_c"", ""ecoli|NTD3_num2|g1|dcmp_c"", ""ecoli|NTD3_num2|g1|h2o_c"", ""ecoli|NTD3_num3|g1|dcmp_c"", ""ecoli|NTD3_num3|g1|h2o_c"", ""ecoli|NTD3pp_num1|g1|dcmp_p"", ""ecoli|NTD3pp_num1|g1|h2o_p"", ""ecoli|NTD3pp_num2|g1|dcmp_p"", ""ecoli|NTD3pp_num2|g1|h2o_p"", ""ecoli|NTD4_num1|g1|h2o_c"", ""ecoli|NTD4_num2|g1|h2o_c"", ""ecoli|NTD4pp_num1|g1|h2o_p"", ""ecoli|NTD4pp_num2|g1|h2o_p"", ""ecoli|NTD4pp_num3|g1|h2o_p"", ""ecoli|NTD5_num1|g1|dtmp_c"", ""ecoli|NTD5_num1|g1|h2o_c"", ""ecoli|NTD5_num2|g1|dtmp_c"", ""ecoli|NTD5_num2|g1|h2o_c"", ""ecoli|NTD5_num3|g1|dtmp_c"", ""ecoli|NTD5_num3|g1|h2o_c"", ""ecoli|NTD5_num4|g1|dtmp_c"", ""ecoli|NTD5_num4|g1|h2o_c"", ""ecoli|NTD5pp_num1|g1|dtmp_p"", ""ecoli|NTD5pp_num1|g1|h2o_p"", ""ecoli|NTD5pp_num2|g1|dtmp_p"", ""ecoli|NTD5pp_num2|g1|h2o_p"", ""ecoli|NTD6_num1|g1|damp_c"", ""ecoli|NTD6_num1|g1|h2o_c"", ""ecoli|NTD6_num2|g1|damp_c"", ""ecoli|NTD6_num2|g1|h2o_c"", ""ecoli|NTD6_num3|g1|damp_c"", ""ecoli|NTD6_num3|g1|h2o_c"", ""ecoli|NTD6pp_num1|g1|damp_p"", ""ecoli|NTD6pp_num1|g1|h2o_p"", ""ecoli|NTD6pp_num2|g1|damp_p"", ""ecoli|NTD6pp_num2|g1|h2o_p"", ""ecoli|NTD7_num1|g1|amp_c"", ""ecoli|NTD7_num1|g1|h2o_c"", ""ecoli|NTD7_num2|g1|amp_c"", ""ecoli|NTD7_num2|g1|h2o_c"", ""ecoli|NTD7_num3|g1|amp_c"", ""ecoli|NTD7_num3|g1|h2o_c"", ""ecoli|NTD7_num4|g1|amp_c"", ""ecoli|NTD7_num4|g1|h2o_c"", ""ecoli|NTD7pp_num1|g1|amp_p"", ""ecoli|NTD7pp_num1|g1|h2o_p"", ""ecoli|NTD7pp_num2|g1|amp_p"", ""ecoli|NTD7pp_num2|g1|h2o_p"", ""ecoli|NTD7pp_num3|g1|amp_p"", ""ecoli|NTD7pp_num3|g1|h2o_p"", ""ecoli|NTD8_num1|g1|dgmp_c"", ""ecoli|NTD8_num1|g1|h2o_c"", ""ecoli|NTD8_num2|g1|dgmp_c"", ""ecoli|NTD8_num2|g1|h2o_c"", ""ecoli|NTD8_num3|g1|dgmp_c"", ""ecoli|NTD8_num3|g1|h2o_c"", ""ecoli|NTD8_num4|g1|dgmp_c"", ""ecoli|NTD8_num4|g1|h2o_c"", ""ecoli|NTD8pp_num1|g1|dgmp_p"", ""ecoli|NTD8pp_num1|g1|h2o_p"", ""ecoli|NTD8pp_num2|g1|dgmp_p"", ""ecoli|NTD8pp_num2|g1|h2o_p"", ""ecoli|NTD9_num1|g1|gmp_c"", ""ecoli|NTD9_num1|g1|h2o_c"", ""ecoli|NTD9_num2|g1|gmp_c"", ""ecoli|NTD9_num2|g1|h2o_c"", ""ecoli|NTD9_num3|g1|gmp_c"", ""ecoli|NTD9_num3|g1|h2o_c"", ""ecoli|NTD9_num4|g1|gmp_c"", ""ecoli|NTD9_num4|g1|h2o_c"", ""ecoli|NTD9pp_num1|g1|gmp_p"", ""ecoli|NTD9pp_num1|g1|h2o_p"", ""ecoli|NTD9pp_num2|g1|gmp_p"", ""ecoli|NTD9pp_num2|g1|h2o_p"", ""ecoli|NTD9pp_num3|g1|gmp_p"", ""ecoli|NTD9pp_num3|g1|h2o_p"", ""ecoli|NTP1_num1|g1|h2o_c"", ""ecoli|NTP1_num2|g1|h2o_c"", ""ecoli|NTP3_num1|g1|gtp_c"", ""ecoli|NTP3_num2|g1|gtp_c"", ""ecoli|NTP3_num3|g1|gtp_c"", ""ecoli|NTP3_num4|g1|gtp_c"", ""ecoli|NTP3_num5|g1|gtp_c"", ""ecoli|NTP3_num6|g1|gtp_c"", ""ecoli|NTP3_num7|g1|gtp_c"", ""ecoli|NTP3pp|g1|gtp_p"", ""ecoli|NTPP2_num1|g1|h2o_c"", ""ecoli|NTPP2_num2|g1|h2o_c"", ""ecoli|NTPP3_num1|g1|dctp_c"", ""ecoli|NTPP3_num1|g1|h2o_c"", ""ecoli|NTPP3_num2|g1|dctp_c"", ""ecoli|NTPP3_num2|g1|h2o_c"", ""ecoli|NTPP3_num3|g1|dctp_c"", ""ecoli|NTPP3_num3|g1|h2o_c"", ""ecoli|NTPP4_num1|g1|ctp_c"", ""ecoli|NTPP4_num1|g1|h2o_c"", ""ecoli|NTPP4_num2|g1|ctp_c"", ""ecoli|NTPP4_num2|g1|h2o_c"", ""ecoli|NTPP6_num1|g1|h2o_c"", ""ecoli|NTPP6_num2|g1|h2o_c"", ""ecoli|NTPP7_num1|g1|dttp_c"", ""ecoli|NTPP7_num2|g1|dttp_c"", ""ecoli|NTPP7_num3|g1|dttp_c"", ""ecoli|NTPP8_num1|g1|h2o_c"", ""ecoli|NTPP8_num1|g1|utp_c"", ""ecoli|NTPP8_num2|g1|h2o_c"", ""ecoli|NTPP8_num2|g1|utp_c"", ""ecoli|NTPP9|g1|h2o_c"", ""ecoli|NTPTP1|g1|dgtp_c"", ""ecoli|OCBT_num1|g1|cbp_c"", ""ecoli|OCBT_num1|g1|orn_c"", ""ecoli|OCBT_num2|g1|cbp_c"", ""ecoli|OCBT_num2|g1|orn_c"", ""ecoli|OCTDPS|g1|frdp_c"", ""ecoli|OHPBAT|g1|glu__L_c"", ""ecoli|OHPBAT|g1|ohpb_c"", ""ecoli|OMPDC|g1|orot5p_c"", ""ecoli|ORNDC_num1|g1|orn_c"", ""ecoli|ORNDC_num2|g1|orn_c"", ""ecoli|OXCDC|g1|oxalcoa_c"", ""ecoli|P5CD|g1|1pyr5c_c"", ""ecoli|PANTS|g1|ala_B_c"", ""ecoli|PANTS|g1|atp_c"", ""ecoli|PANTS|g1|pant__R_c"", ""ecoli|PDX5POi|g1|pdx5p_c"", ""ecoli|PEAMNOpp|g1|peamn_p"", ""ecoli|PERD|g1|4per_c"", ""ecoli|PFK_2|g1|atp_c"", ""ecoli|PFK_3|g1|atp_c"", ""ecoli|PFK_3|g1|s7p_c"", ""ecoli|PFK_num1|g1|atp_c"", ""ecoli|PFK_num1|g1|f6p_c"", ""ecoli|PFK_num2|g1|atp_c"", ""ecoli|PFK_num2|g1|f6p_c"", ""ecoli|PGCD|g1|3pg_c"", ""ecoli|PGCD|g1|nad_c"", ""ecoli|PGK|g1|3pg_c"", ""ecoli|PGK|g1|atp_c"", ""ecoli|PGLYCP|g1|2pglyc_c"", ""ecoli|PGLYCP|g1|h2o_c"", ""ecoli|PHETA1_num1|g1|akg_c"", ""ecoli|PHETA1_num1|g1|phe__L_c"", ""ecoli|PHETA1_num2|g1|akg_c"", ""ecoli|PHETA1_num2|g1|phe__L_c"", ""ecoli|PHETA1_num3|g1|akg_c"", ""ecoli|PHETA1_num3|g1|phe__L_c"", ""ecoli|PMPK|g1|4ampm_c"", ""ecoli|PMPK|g1|atp_c"", ""ecoli|PNTK|g1|atp_c"", ""ecoli|PNTK|g1|pnto__R_c"", ""ecoli|PPA_num1|g1|ppi_c"", ""ecoli|PPA_num2|g1|ppi_c"", ""ecoli|PPA_num3|g1|ppi_c"", ""ecoli|PPCDC|g1|4ppcys_c"", ""ecoli|PPCK|g1|oaa_c"", ""ecoli|PPC|g1|pep_c"", ""ecoli|PPNCL2|g1|4ppan_c"", ""ecoli|PPNDH|g1|pphn_c"", ""ecoli|PPND|g1|nad_c"", ""ecoli|PPND|g1|pphn_c"", ""ecoli|PRAIi|g1|pran_c"", ""ecoli|PSCVT|g1|pep_c"", ""ecoli|PSCVT|g1|skm5p_c"", ""ecoli|PSERT|g1|3php_c"", ""ecoli|PSERT|g1|glu__L_c"", ""ecoli|PTA2|g1|pi_c"", ""ecoli|PTAr_num1|g1|accoa_c"", ""ecoli|PTAr_num1|g1|pi_c"", ""ecoli|PTAr_num2|g1|accoa_c"", ""ecoli|PTAr_num2|g1|pi_c"", ""ecoli|PUNP1|g1|adn_c"", ""ecoli|PUNP1|g1|pi_c"", ""ecoli|PUNP2|g1|pi_c"", ""ecoli|PUNP3_num1|g1|pi_c"", ""ecoli|PUNP3_num2|g1|pi_c"", ""ecoli|PUNP4_num1|g1|pi_c"", ""ecoli|PUNP4_num2|g1|pi_c"", ""ecoli|PUNP5_num1|g1|ins_c"", ""ecoli|PUNP5_num1|g1|pi_c"", ""ecoli|PUNP5_num2|g1|ins_c"", ""ecoli|PUNP5_num2|g1|pi_c"", ""ecoli|PUNP6_num1|g1|pi_c"", ""ecoli|PUNP6_num2|g1|pi_c"", ""ecoli|PUNP7|g1|pi_c"", ""ecoli|PYAM5PO|g1|pyam5p_c"", ""ecoli|PYDAMK|g1|pydam_c"", ""ecoli|PYDXK_num1|g1|pydx_c"", ""ecoli|PYDXK_num2|g1|pydx_c"", ""ecoli|PYDXNK|g1|pydxn_c"", ""ecoli|QUINDH|g1|nad_c"", ""ecoli|QUINDH|g1|quin_c"", ""ecoli|RBFSa|g1|4r5au_c"", ""ecoli|RBFSb|g1|dmlz_c"", ""ecoli|RBK_L1|g1|atp_c"", ""ecoli|RBK_L1|g1|rbl__L_c"", ""ecoli|RBP4E_num1|g1|ru5p__L_c"", ""ecoli|RBP4E_num2|g1|ru5p__L_c"", ""ecoli|RBP4E_num3|g1|ru5p__L_c"", ""ecoli|RHCCE|g1|rhcys_c"", ""ecoli|RMPA|g1|rml1p_c"", ""ecoli|S7PI|g1|s7p_c"", ""ecoli|SEPHCHCS|g1|akg_c"", ""ecoli|SEPHCHCS|g1|ichor_c"", ""ecoli|SERAT|g1|accoa_c"", ""ecoli|SERD_D|g1|ser__D_c"", ""ecoli|SERD_L_num1|g1|ser__L_c"", ""ecoli|SERD_L_num2|g1|ser__L_c"", ""ecoli|SERD_L_num3|g1|ser__L_c"", ""ecoli|SERD_L_num4|g1|ser__L_c"", ""ecoli|SERD_L_num5|g1|ser__L_c"", ""ecoli|SFGTHi_num1|g1|Sfglutth_c"", ""ecoli|SFGTHi_num1|g1|h2o_c"", ""ecoli|SFGTHi_num2|g1|Sfglutth_c"", ""ecoli|SFGTHi_num2|g1|h2o_c"", ""ecoli|SHK3Dr|g1|3dhsk_c"", ""ecoli|SHK3Dr|g1|h_c"", ""ecoli|SHK3Dr|g1|nadph_c"", ""ecoli|SHKK_num1|g1|atp_c"", ""ecoli|SHKK_num1|g1|skm_c"", ""ecoli|SHKK_num2|g1|atp_c"", ""ecoli|SHKK_num2|g1|skm_c"", ""ecoli|SHSL1|g1|cys__L_c"", ""ecoli|SHSL1|g1|suchms_c"", ""ecoli|SOTA|g1|sucorn_c"", ""ecoli|SPMS|g1|ametam_c"", ""ecoli|SSALx|g1|nad_c"", ""ecoli|SSALx|g1|sucsal_c"", ""ecoli|SSALy_num1|g1|sucsal_c"", ""ecoli|SSALy_num2|g1|sucsal_c"", ""ecoli|TALA_num1|g1|g3p_c"", ""ecoli|TALA_num2|g1|g3p_c"", ""ecoli|TAUDO|g1|akg_c"", ""ecoli|TAUDO|g1|taur_c"", ""ecoli|TDPAGTA|g1|dtdp4d6dg_c"", ""ecoli|TDPGDH_num1|g1|dtdpglu_c"", ""ecoli|TDPGDH_num2|g1|dtdpglu_c"", ""ecoli|THRA_num1|g1|thr__L_c"", ""ecoli|THRA_num2|g1|thr__L_c"", ""ecoli|THRD_L_num1|g1|thr__L_c"", ""ecoli|THRD_L_num2|g1|thr__L_c"", ""ecoli|THRD_num1|g1|thr__L_c"", ""ecoli|THRD_num2|g1|thr__L_c"", ""ecoli|THRS|g1|phom_c"", ""ecoli|TMDPP|g1|thymd_c"", ""ecoli|TRE6PS|g1|g6p_c"", ""ecoli|TRE6PS|g1|udpg_c"", ""ecoli|TREHpp|g1|tre_p"", ""ecoli|TREH|g1|tre_c"", ""ecoli|TRPAS2|g1|trp__L_c"", ""ecoli|TRSARr_num1|g1|2h3oppan_c"", ""ecoli|TRSARr_num1|g1|h_c"", ""ecoli|TRSARr_num1|g1|nadh_c"", ""ecoli|TRSARr_num2|g1|2h3oppan_c"", ""ecoli|TRSARr_num2|g1|h_c"", ""ecoli|TRSARr_num2|g1|nadh_c"", ""ecoli|TYRTA_num1|g1|akg_c"", ""ecoli|TYRTA_num1|g1|tyr__L_c"", ""ecoli|TYRTA_num2|g1|akg_c"", ""ecoli|TYRTA_num2|g1|tyr__L_c"", ""ecoli|TYRTA_num3|g1|akg_c"", ""ecoli|TYRTA_num3|g1|tyr__L_c"", ""ecoli|U23GAAT|g1|u3hga_c"", ""ecoli|UAG2E|g1|uacgam_c"", ""ecoli|UAGCVT|g1|pep_c"", ""ecoli|UAGCVT|g1|uacgam_c"", ""ecoli|UAGDP|g1|acgam1p_c"", ""ecoli|UAGDP|g1|utp_c"", ""ecoli|UAGPT3|g1|uacgam_c"", ""ecoli|UAMAS|g1|ala__L_c"", ""ecoli|UDCPDPS|g1|frdp_c"", ""ecoli|UDCPDPS|g1|ipdp_c"", ""ecoli|UDPG4E|g1|udpg_c"", ""ecoli|UDPGD|g1|nad_c"", ""ecoli|UDPGPpp|g1|h2o_p"", ""ecoli|UDPGPpp|g1|udpg_p"", ""ecoli|UGLT|g1|gal1p_c"", ""ecoli|UPP3S|g1|hmbil_c"", ""ecoli|URDGLYCD|g1|nad_c"", ""ecoli|URDGLYCD|g1|urdglyc_c"", ""ecoli|URIH_num1|g1|uri_c"", ""ecoli|URIH_num2|g1|uri_c"", ""ecoli|URIH_num3|g1|uri_c"", ""ecoli|VALTA|g1|val__L_c"", ""ecoli|XPPT|g1|prpp_c"", ""ecoli|XPPT|g1|xan_c"", ""ecoli|XYLK_num1|g1|xylu__D_c"", ""ecoli|XYLK_num2|g1|xylu__D_c"", ""yeast|r_0012|g1|s_0119"", ""yeast|r_0018|g1|s_0991"", ""yeast|r_0018|g2|s_0991"", ""yeast|r_0018|g3|s_0991"", ""yeast|r_0024|g1|s_0232"", ""yeast|r_0024|g2|s_0232"", ""yeast|r_0025|g1|s_0233"", ""yeast|r_0028|g1|s_0807"", ""yeast|r_0028|g1|s_1273"", ""yeast|r_0028|g1|s_1382"", ""yeast|r_0062|g1|s_0232"", ""yeast|r_0062|g2|s_0232"", ""yeast|r_0062|g3|s_0232"", ""yeast|r_0085|g1|s_1012"", ""yeast|r_0108|g1|s_0437"", ""yeast|r_0115|g1|s_0437"", ""yeast|r_0115|g1|s_1192"", ""yeast|r_0138|g1|s_0383"", ""yeast|r_0142|g1|s_0386"", ""yeast|r_0163|g1|s_0680"", ""yeast|r_0163|g1|s_1198"", ""yeast|r_0165|g1|s_0361"", ""yeast|r_0165|g1|s_0799"", ""yeast|r_0165|g1|s_1205"", ""yeast|r_0165|g2|s_0361"", ""yeast|r_0165|g2|s_0799"", ""yeast|r_0165|g2|s_1205"", ""yeast|r_0166|g1|s_0794"", ""yeast|r_0166|g1|s_1203"", ""yeast|r_0166|g2|s_0794"", ""yeast|r_0166|g2|s_1203"", ""yeast|r_0166|g3|s_0794"", ""yeast|r_0166|g3|s_1203"", ""yeast|r_0167|g1|s_0799"", ""yeast|r_0167|g1|s_1205"", ""yeast|r_0167|g2|s_0799"", ""yeast|r_0167|g2|s_1205"", ""yeast|r_0168|g1|s_0166"", ""yeast|r_0168|g1|s_0794"", ""yeast|r_0168|g1|s_1212"", ""yeast|r_0168|g2|s_0166"", ""yeast|r_0168|g2|s_0794"", ""yeast|r_0168|g2|s_1212"", ""yeast|r_0168|g3|s_0166"", ""yeast|r_0168|g3|s_0794"", ""yeast|r_0168|g3|s_1212"", ""yeast|r_0169|g1|s_0794"", ""yeast|r_0169|g1|s_1203"", ""yeast|r_0169|g2|s_0794"", ""yeast|r_0169|g2|s_1203"", ""yeast|r_0169|g3|s_0794"", ""yeast|r_0169|g3|s_1203"", ""yeast|r_0170|g1|s_0799"", ""yeast|r_0170|g1|s_1205"", ""yeast|r_0170|g2|s_0799"", ""yeast|r_0170|g2|s_1205"", ""yeast|r_0171|g1|s_0794"", ""yeast|r_0171|g1|s_1212"", ""yeast|r_0171|g2|s_0794"", ""yeast|r_0171|g2|s_1212"", ""yeast|r_0173|g1|s_0359"", ""yeast|r_0173|g1|s_0803"", ""yeast|r_0173|g1|s_1207"", ""yeast|r_0177|g1|s_0803"", ""yeast|r_0177|g1|s_1207"", ""yeast|r_0179|g1|s_0794"", ""yeast|r_0179|g1|s_1203"", ""yeast|r_0179|g2|s_0794"", ""yeast|r_0179|g2|s_1203"", ""yeast|r_0179|g3|s_0794"", ""yeast|r_0179|g3|s_1203"", ""yeast|r_0180|g1|s_0799"", ""yeast|r_0180|g1|s_1205"", ""yeast|r_0180|g2|s_0799"", ""yeast|r_0180|g2|s_1205"", ""yeast|r_0181|g1|s_0234"", ""yeast|r_0181|g1|s_0794"", ""yeast|r_0181|g1|s_1212"", ""yeast|r_0181|g2|s_0234"", ""yeast|r_0181|g2|s_0794"", ""yeast|r_0181|g2|s_1212"", ""yeast|r_0182|g1|s_0794"", ""yeast|r_0182|g1|s_1203"", ""yeast|r_0182|g2|s_0794"", ""yeast|r_0182|g2|s_1203"", ""yeast|r_0182|g3|s_0794"", ""yeast|r_0182|g3|s_1203"", ""yeast|r_0183|g1|s_0799"", ""yeast|r_0183|g1|s_1205"", ""yeast|r_0183|g2|s_0799"", ""yeast|r_0183|g2|s_1205"", ""yeast|r_0184|g1|s_0794"", ""yeast|r_0184|g1|s_1212"", ""yeast|r_0184|g2|s_0794"", ""yeast|r_0184|g2|s_1212"", ""yeast|r_0186|g1|s_0794"", ""yeast|r_0186|g1|s_1203"", ""yeast|r_0186|g2|s_0794"", ""yeast|r_0186|g2|s_1203"", ""yeast|r_0186|g3|s_0794"", ""yeast|r_0186|g3|s_1203"", ""yeast|r_0187|g1|s_0799"", ""yeast|r_0187|g1|s_1205"", ""yeast|r_0187|g2|s_0799"", ""yeast|r_0187|g2|s_1205"", ""yeast|r_0191|g1|s_1554"", ""yeast|r_0202|g1|s_0427"", ""yeast|r_0202|g1|s_1386"", ""yeast|r_0209|g1|s_0965"", ""yeast|r_0210|g1|s_0967"", ""yeast|r_0215|g1|s_0434"", ""yeast|r_0215|g1|s_0973"", ""yeast|r_0222|g1|s_0394"", ""yeast|r_0223|g1|s_0394"", ""yeast|r_0273|g1|s_0512"", ""yeast|r_0274|g1|s_0514"", ""yeast|r_0278|g1|s_0515"", ""yeast|r_0300|g1|s_0376"", ""yeast|r_0300|g1|s_0807"", ""yeast|r_0300|g1|s_1273"", ""yeast|r_0300|g2|s_0376"", ""yeast|r_0300|g2|s_0807"", ""yeast|r_0300|g2|s_1273"", ""yeast|r_0301|g1|s_0378"", ""yeast|r_0309|g1|s_1012"", ""yeast|r_0309|g1|s_1039"", ""yeast|r_0310|g1|s_0980"", ""yeast|r_0318|g1|s_0545"", ""yeast|r_0330|g1|s_0434"", ""yeast|r_0330|g1|s_0615"", ""yeast|r_0344|g1|s_0625"", ""yeast|r_0345|g1|s_0626"", ""yeast|r_0361|g1|s_0743"", ""yeast|r_0364|g1|s_0656"", ""yeast|r_0364|g2|s_0656"", ""yeast|r_0366|g1|s_0188"", ""yeast|r_0366|g2|s_0188"", ""yeast|r_0366|g3|s_0188"", ""yeast|r_0366|g4|s_0188"", ""yeast|r_0366|g5|s_0188"", ""yeast|r_0373|g1|s_0190"", ""yeast|r_0373|g1|s_0943"", ""yeast|r_0443|g1|s_0721"", ""yeast|r_0443|g1|s_1198"", ""yeast|r_0449|g1|s_0555"", ""yeast|r_0453|g1|s_0061"", ""yeast|r_0458|g1|s_0434"", ""yeast|r_0458|g1|s_0558"", ""yeast|r_0459|g1|s_0410"", ""yeast|r_0464|g1|s_0774"", ""yeast|r_0469|g1|s_0991"", ""yeast|r_0471|g1|s_0180"", ""yeast|r_0471|g2|s_0180"", ""yeast|r_0477|g1|s_0557"", ""yeast|r_0477|g1|s_0999"", ""yeast|r_0478|g1|s_0999"", ""yeast|r_0479|g1|s_0991"", ""yeast|r_0480|g1|s_0993"", ""yeast|r_0486|g1|s_0764"", ""yeast|r_0486|g2|s_0764"", ""yeast|r_0486|g3|s_0764"", ""yeast|r_0526|g1|s_0787"", ""yeast|r_0528|g1|s_0434"", ""yeast|r_0528|g1|s_0782"", ""yeast|r_0529|g1|s_0782"", ""yeast|r_0533|g1|s_0434"", ""yeast|r_0533|g2|s_0434"", ""yeast|r_0533|g3|s_0434"", ""yeast|r_0534|g1|s_0434"", ""yeast|r_0534|g1|s_0563"", ""yeast|r_0534|g2|s_0434"", ""yeast|r_0534|g2|s_0563"", ""yeast|r_0534|g3|s_0434"", ""yeast|r_0534|g3|s_0563"", ""yeast|r_0534|g4|s_0434"", ""yeast|r_0534|g4|s_0563"", ""yeast|r_0534|g5|s_0434"", ""yeast|r_0534|g5|s_0563"", ""yeast|r_0535|g1|s_0434"", ""yeast|r_0535|g2|s_0434"", ""yeast|r_0535|g3|s_0434"", ""yeast|r_0539|g1|s_0434"", ""yeast|r_0539|g1|s_1006"", ""yeast|r_0540|g1|s_0437"", ""yeast|r_0540|g1|s_1008"", ""yeast|r_0543|g1|s_0183"", ""yeast|r_0543|g1|s_0377"", ""yeast|r_0543|g1|s_0808"", ""yeast|r_0543|g2|s_0183"", ""yeast|r_0543|g2|s_0377"", ""yeast|r_0543|g2|s_0808"", ""yeast|r_0545|g1|s_0836"", ""yeast|r_0546|g1|s_0794"", ""yeast|r_0546|g1|s_0978"", ""yeast|r_0547|g1|s_0794"", ""yeast|r_0547|g1|s_0978"", ""yeast|r_0547|g1|s_1212"", ""yeast|r_0553|g1|s_0033"", ""yeast|r_0554|g1|s_0034"", ""yeast|r_0567|g1|s_0855"", ""yeast|r_0567|g2|s_0855"", ""yeast|r_0567|g3|s_0855"", ""yeast|r_0568|g1|s_0633"", ""yeast|r_0569|g1|s_0636"", ""yeast|r_0667|g1|s_0943"", ""yeast|r_0674|g1|s_0182"", ""yeast|r_0674|g1|s_0957"", ""yeast|r_0675|g1|s_0958"", ""yeast|r_0676|g1|s_0958"", ""yeast|r_0679|g1|s_0969"", ""yeast|r_0680|g1|s_0970"", ""yeast|r_0680|g2|s_0970"", ""yeast|r_0680|g3|s_0970"", ""yeast|r_0680|g4|s_0970"", ""yeast|r_0690|g1|s_1039"", ""yeast|r_0697|g1|s_0750"", ""yeast|r_0697|g1|s_1151"", ""yeast|r_0701|g1|s_1021"", ""yeast|r_0702|g1|s_1023"", ""yeast|r_0723|g1|s_0574"", ""yeast|r_0727|g1|s_1012"", ""yeast|r_0739|g1|s_0018"", ""yeast|r_0760|g1|s_0373"", ""yeast|r_0760|g1|s_0412"", ""yeast|r_0762|g1|s_1195"", ""yeast|r_0764|g1|s_1202"", ""yeast|r_0765|g1|s_1198"", ""yeast|r_0765|g2|s_1198"", ""yeast|r_0766|g1|s_1200"", ""yeast|r_0766|g2|s_1200"", ""yeast|r_0766|g3|s_1200"", ""yeast|r_0768|g1|s_0999"", ""yeast|r_0769|g1|s_1001"", ""yeast|r_0770|g1|s_1203"", ""yeast|r_0770|g2|s_1203"", ""yeast|r_0771|g1|s_1203"", ""yeast|r_0771|g2|s_1203"", ""yeast|r_0772|g1|s_1205"", ""yeast|r_0772|g2|s_1205"", ""yeast|r_0772|g3|s_1205"", ""yeast|r_0773|g1|s_1205"", ""yeast|r_0781|g1|s_1216"", ""yeast|r_0799|g1|s_0647"", ""yeast|r_0810|g1|s_0740"", ""yeast|r_0815|g1|s_0981"", ""yeast|r_0815|g2|s_0981"", ""yeast|r_0815|g3|s_0981"", ""yeast|r_0817|g1|s_1266"", ""yeast|r_0821|g1|s_1270"", ""yeast|r_0851|g1|s_1032"", ""yeast|r_0853|g1|s_1034"", ""yeast|r_0854|g1|s_0951"", ""yeast|r_0884|g1|s_0434"", ""yeast|r_0884|g1|s_1271"", ""yeast|r_0889|g1|s_0340"", ""yeast|r_0889|g1|s_1207"", ""yeast|r_0889|g2|s_0340"", ""yeast|r_0889|g2|s_1207"", ""yeast|r_0892|g1|s_0075"", ""yeast|r_0892|g1|s_0394"", ""yeast|r_0893|g1|s_0260"", ""yeast|r_0893|g2|s_0260"", ""yeast|r_0913|g1|s_1187"", ""yeast|r_0936|g1|s_1181"", ""yeast|r_0937|g1|s_1442"", ""yeast|r_0938|g1|s_1377"", ""yeast|r_0941|g1|s_1035"", ""yeast|r_0943|g1|s_1218"", ""yeast|r_0954|g1|s_1395"", ""yeast|r_0955|g1|s_1398"", ""yeast|r_0958|g1|s_0434"", ""yeast|r_0958|g1|s_0445"", ""yeast|r_0958|g1|s_1399"", ""yeast|r_0958|g2|s_0434"", ""yeast|r_0958|g2|s_0445"", ""yeast|r_0958|g2|s_1399"", ""yeast|r_0959|g1|s_1399"", ""yeast|r_0959|g2|s_1399"", ""yeast|r_0959|g3|s_1399"", ""yeast|r_0960|g1|s_1399"", ""yeast|r_0960|g2|s_1399"", ""yeast|r_0960|g3|s_1399"", ""yeast|r_0962|g1|s_0394"", ""yeast|r_0962|g1|s_1360"", ""yeast|r_0962|g2|s_0394"", ""yeast|r_0962|g2|s_1360"", ""yeast|r_0984|g1|s_0577"", ""yeast|r_0986|g1|s_1416"", ""yeast|r_0986|g1|s_1569"", ""yeast|r_0995|g1|s_0434"", ""yeast|r_0995|g1|s_1039"", ""yeast|r_0995|g2|s_0434"", ""yeast|r_0995|g2|s_1039"", ""yeast|r_1012|g1|s_0190"", ""yeast|r_1024|g1|s_1466"", ""yeast|r_1038|g1|s_1212"", ""yeast|r_1040|g1|s_1045"", ""yeast|r_1042|g1|s_1045"", ""yeast|r_1043|g1|s_1047"", ""yeast|r_1049|g1|s_0581"", ""yeast|r_1049|g2|s_0581"", ""yeast|r_1050|g1|s_0551"", ""yeast|r_1050|g1|s_0581"", ""yeast|r_1050|g2|s_0551"", ""yeast|r_1050|g2|s_0581"", ""yeast|r_1054|g1|s_0629"", ""yeast|r_1063|g1|s_0991"", ""yeast|r_1066|g1|s_1051"", ""yeast|r_1067|g1|s_1053"", ""yeast|r_1071|g1|s_0410"", ""yeast|r_1094|g1|s_0434"", ""yeast|r_1094|g1|s_0580"", ""yeast|r_1838|g1|s_0182"", ""yeast|r_1838|g1|s_0376"", ""yeast|r_1838|g1|s_0807"", ""yeast|r_1838|g2|s_0182"", ""yeast|r_1838|g2|s_0376"", ""yeast|r_1838|g2|s_0807"", ""yeast|r_2115|g1|s_0359"", ""yeast|r_2115|g1|s_0794"", ""yeast|r_2115|g1|s_1203"", ""yeast|r_2115|g2|s_0359"", ""yeast|r_2115|g2|s_0794"", ""yeast|r_2115|g2|s_1203"", ""yeast|r_2145|g1|s_1214"", ""yeast|r_2146|g1|s_1214"", ""yeast|r_2147|g1|s_1214"", ""yeast|r_2432|g1|s_3083"", ""yeast|r_2433|g1|s_3083"", ""yeast|r_2434|g1|s_3083"", ""yeast|r_2435|g1|s_3083"", ""yeast|r_2436|g1|s_3083"", ""yeast|r_2437|g1|s_3083"", ""yeast|r_2438|g1|s_3083"", ""yeast|r_2439|g1|s_3083"", ""yeast|r_2440|g1|s_3093"", ""yeast|r_2441|g1|s_3093"", ""yeast|r_2442|g1|s_3093"", ""yeast|r_2443|g1|s_3093"", ""yeast|r_2444|g1|s_3093"", ""yeast|r_2445|g1|s_3093"", ""yeast|r_2820|g1|s_2856"", ""yeast|r_2820|g2|s_2856"", ""yeast|r_2821|g1|s_2856"", ""yeast|r_2821|g2|s_2856"", ""yeast|r_2822|g1|s_2856"", ""yeast|r_2822|g2|s_2856"", ""yeast|r_2823|g1|s_2856"", ""yeast|r_2823|g2|s_2856"", ""yeast|r_2824|g1|s_2856"", ""yeast|r_2824|g2|s_2856"", ""yeast|r_2825|g1|s_2856"", ""yeast|r_2825|g2|s_2856"", ""yeast|r_2826|g1|s_2856"", ""yeast|r_2826|g2|s_2856"", ""yeast|r_2827|g1|s_2856"", ""yeast|r_2827|g2|s_2856"", ""yeast|r_2828|g1|s_3341"", ""yeast|r_2829|g1|s_3341"", ""yeast|r_2830|g1|s_3341"", ""yeast|r_2831|g1|s_3341"", ""yeast|r_2832|g1|s_3341"", ""yeast|r_2833|g1|s_3341"", ""yeast|r_2834|g1|s_3341"", ""yeast|r_2835|g1|s_3341"", ""yeast|r_2844|g1|s_0438"", ""yeast|r_2845|g1|s_0438"", ""yeast|r_2846|g1|s_0438"", ""yeast|r_2847|g1|s_0438"", ""yeast|r_2848|g1|s_0438"", ""yeast|r_2849|g1|s_0438"", ""yeast|r_2850|g1|s_0438"", ""yeast|r_2851|g1|s_0438"", ""yeast|r_4045|g1|s_1556"", ""yeast|r_4157|g1|s_3760"", ""yeast|r_4157|g2|s_3760"", ""yeast|r_4160|g1|s_3761"", ""yeast|r_4184|g1|s_3806"", ""yeast|r_4187|g1|s_1037"", ""yeast|r_4217|g1|s_0926"", ""yeast|r_4226|g1|s_0180"", ""yeast|r_4226|g1|s_0955"", ""yeast|r_4248|g1|s_3904"", ""yeast|r_4251|g1|s_0541"", ""yeast|r_4251|g1|s_3907"", ""yeast|r_4283|g1|s_0434"", ""yeast|r_4284|g1|s_0434"", ""yeast|r_4284|g1|s_3949"", ""yeast|r_4285|g1|s_0434"", ""yeast|r_4285|g1|s_3951"", ""yeast|r_4286|g1|s_0434"", ""yeast|r_4287|g1|s_0434"", ""yeast|r_4288|g1|s_3952"", ""yeast|r_4312|g1|s_1416"", ""yeast|r_4312|g1|s_3991"", ""yeast|r_4317|g1|s_3998"", ""yeast|r_4318|g1|s_3999"", ""yeast|r_4333|g1|s_4018"", ""yeast|r_4333|g2|s_4018"", ""yeast|r_4340|g1|s_0373"", ""yeast|r_4652|g1|s_0794"", ""yeast|r_4652|g1|s_1203"", ""yeast|r_4652|g1|s_4232"", ""yeast|r_4652|g2|s_0794"", ""yeast|r_4652|g2|s_1203"", ""yeast|r_4652|g2|s_4232"", ""yeast|r_4652|g3|s_0794"", ""yeast|r_4652|g3|s_1203"", ""yeast|r_4652|g3|s_4232"", ""yeast|r_4653|g1|s_0799"", ""yeast|r_4653|g1|s_1205"", ""yeast|r_4653|g1|s_4234"", ""yeast|r_4653|g2|s_0799"", ""yeast|r_4653|g2|s_1205"", ""yeast|r_4653|g2|s_4234"", ""yeast|r_4654|g1|s_0794"", ""yeast|r_4654|g1|s_1212"", ""yeast|r_4654|g1|s_4232"", ""yeast|r_4654|g2|s_0794"", ""yeast|r_4654|g2|s_1212"", ""yeast|r_4654|g2|s_4232"", ""yeast|r_4654|g3|s_0794"", ""yeast|r_4654|g3|s_1212"", ""yeast|r_4654|g3|s_4232"", ""yeast|r_4661|g1|s_0794"", ""yeast|r_4661|g1|s_1203"", ""yeast|r_4661|g2|s_0794"", ""yeast|r_4661|g2|s_1203"", ""yeast|r_4661|g3|s_0794"", ""yeast|r_4661|g3|s_1203"", ""yeast|r_4662|g1|s_0799"", ""yeast|r_4662|g1|s_1205"", ""yeast|r_4662|g2|s_0799"", ""yeast|r_4662|g2|s_1205"", ""yeast|r_4663|g1|s_0794"", ""yeast|r_4663|g1|s_1212"", ""yeast|r_4663|g2|s_0794"", ""yeast|r_4663|g2|s_1212"", ""yeast|r_4663|g3|s_0794"", ""yeast|r_4663|g3|s_1212"", ""yeast|r_4670|g1|s_0794"", ""yeast|r_4670|g1|s_1203"", ""yeast|r_4670|g2|s_0794"", ""yeast|r_4670|g2|s_1203"", ""yeast|r_4670|g3|s_0794"", ""yeast|r_4670|g3|s_1203"", ""yeast|r_4671|g1|s_0799"", ""yeast|r_4671|g1|s_1205"", ""yeast|r_4671|g2|s_0799"", ""yeast|r_4671|g2|s_1205"", ""yeast|r_4672|g1|s_0794"", ""yeast|r_4672|g1|s_1212"", ""yeast|r_4672|g2|s_0794"", ""yeast|r_4672|g2|s_1212"", ""yeast|r_4672|g3|s_0794"", ""yeast|r_4672|g3|s_1212"", ""yeast|r_4723|g1|s_4290"", ""yeast|r_4723|g2|s_4290"", ""yeast|r_4724|g1|s_4291"", ""yeast|r_4724|g2|s_4291"", ""yeast|r_4725|g1|s_4292"", ""yeast|r_4725|g2|s_4292"", ""yeast|r_4755|g1|s_1401"", ""yeast|r_4755|g2|s_1401"", ""yeast|r_4774|g1|s_4325""]"
supplement,Record_audit support counts,PASS,"{""participant_ambiguous"": 468, ""substrate_supported"": 778}","{""participant_ambiguous"": 468, ""substrate_supported"": 778}"
supplement,strict reaction scope,PASS,"[""1047""]","[""1047""]"
supplement,strict KcatNet-TurNuP-PMAK n,PASS,"[""1047""]","[""1047""]"
supplement,substrate-supported scope,PASS,778,778
supplement,participant-ambiguous scope,PASS,468,468
supplement,unique-pair scope,PASS,871,871
supplement,unique-label scope,PASS,840,840
supplement,S17 rows with strict common aggregates,PASS,162,162
supplement,strict common unique-pair methods,PASS,"[""KcatNet"", ""PMAK"", ""TurNuP""]","[""KcatNet"", ""PMAK"", ""TurNuP""]"
supplement,strict common unique-pair units,PASS,"[""796""]","[""796""]"
supplement,strict common unique-pair n,PASS,"[""796""]","[""796""]"
supplement,strict common unique-label methods,PASS,"[""KcatNet"", ""PMAK"", ""TurNuP""]","[""KcatNet"", ""PMAK"", ""TurNuP""]"
supplement,strict common unique-label units,PASS,"[""761""]","[""761""]"
supplement,strict common unique-label n,PASS,"[""761""]","[""761""]"
supplement,strict common unique-pair MAE KcatNet,PASS,0.7468918934474189,0.7468918934474189
supplement,strict common unique-pair MAE TurNuP,PASS,0.7259762251143215,0.7259762251143215
supplement,strict common unique-pair MAE PMAK,PASS,0.7625457371831658,0.7625457371831658
supplement,strict common unique-label MAE KcatNet,PASS,0.6891607482617075,0.6891607482617075
supplement,strict common unique-label MAE TurNuP,PASS,0.7054303789500657,0.7054303789500657
supplement,strict common unique-label MAE PMAK,PASS,0.7260798124609724,0.7260798124609724
supplement,cluster types,PASS,"[""label_assignment"", ""pair"", ""protein"", ""reaction"", ""reference""]","[""label_assignment"", ""pair"", ""protein"", ""reaction"", ""reference""]"
supplement,no remote shorthand in S20,PASS,remote absent,remote absent
supplement,S21 explicit formulas,PASS,106,>40
supplement,BRENDA raw records,PASS,6390,6390
supplement,BRENDA excluded records,PASS,3361,3361
supplement,BRENDA retained records,PASS,3029,3029
supplement,S23 reversible rows,PASS,82,82
supplement,S23 ambiguous rows,PASS,468,468
workbook,workbook exists,PASS,paper/kcat_benchmark_reorganized_tables_reviewed_v1.2.0.xlsx,exists
workbook,ZIP integrity,PASS,None,None
workbook,OOXML parse failures,PASS,[],[]
workbook,comment/VML parts,PASS,[],[]
workbook,Release_info artifact revision,PASS,1.2.0-r3,1.2.0-r3
workbook,Release_info artifact revision date,PASS,2026-08-07,2026-08-07
workbook,Table0 dimensions,PASS,"(14953, 41)","(14953, 41)"
workbook,Table0_wide dimensions,PASS,"(1247, 22)","(1247, 22)"
workbook,S24 worksheet present,PASS,"['Index', 'Release_info', 'Table0', 'Table0_wide', 'Record_audit', 'Table1', 'Table2', 'S1_Full_metrics', 'S2_Method_details', 'S3_Matching_levels', 'S4_Source_support', 'S5_Condition_metadata', 'S6_Reaction_subset', 'S7_Available_case', 'S8_Wilcoxon', 'S9_Error_stratification', 'S10_Large_errors', 'S11_Bootstrap_CI', 'S12_Rank_stability', 'S13_Paired_bootstrap', 'S14_Overlap_audit', 'S15_Software_versions', 'S16_Label_audit', 'S17_Sensitivity_subsets', 'S18_Cluster_bootstrap', 'S19_Cluster_wilcoxon', 'S20_Training_overlap', 'S21_Measurement_dispersion', 'S22_Mutation_status', 'S23_Substrate_direction', 'S24_PreTKcat_variants']",contains S24_PreTKcat_variants
workbook,structured table objects,PASS,0,0
workbook,cell comments,PASS,0,0
workbook,formula cells,PASS,0,0
workbook,Table1 headers,PASS,"['Inference regime', 'Methods', 'Inference-time inputs', 'Applicable records', 'Comparison rule', 'Primary caveat']","['Inference regime', 'Methods', 'Inference-time inputs', 'Applicable records', 'Comparison rule', 'Primary caveat']"
workbook,Table1 cell values,PASS,[],[]
workbook,Table2 headers,PASS,"['Evaluation panel and scope', 'Method', 'n', 'Coverage of 1246 (%)', 'MAE (pair-cluster 95% CI)', 'Spearman rho', 'Bias', 'Within 10-fold (%)']","['Evaluation panel and scope', 'Method', 'n', 'Coverage of 1246 (%)', 'MAE (pair-cluster 95% CI)', 'Spearman rho', 'Bias', 'Within 10-fold (%)']"
workbook,Table2 cell values,PASS,[],[]
manuscript,table count,PASS,3,3
manuscript,embedded figure count,PASS,4,4
manuscript,author line preserved,PASS,"Xiaogui Deng1,2, He Liu1,2, Yongxuan Guo1,2, Qinghan Men1,2, Zhitao Mao2,3,*, Hongwu Ma2,3,*","Xiaogui Deng1,2, He Liu1,2, Yongxuan Guo1,2, Qinghan Men1,2, Zhitao Mao2,3,*, Hongwu Ma2,3,*"
manuscript,author contributions preserved,PASS,"Z.T.M. and H.W.M.: conceptualization, supervision, writing – review & editing. X.G.D.: formal analysis, writing – original draft. Q.H.M.: formal analysis. H.L. and Y.X.G.: data curation, investigation. All authors have read and approved the final manuscript.","Z.T.M. and H.W.M.: conceptualization, supervision, writing – review & editing. X.G.D.: formal analysis, writing – original draft. Q.H.M.: formal analysis. H.L. and Y.X.G.: data curation, investigation. All authors have read and approved the final manuscript."
manuscript,funding and acknowledgements preserved,PASS,"This research was funded by the Strategic Priority Research Program of the Chinese Academy of Sciences (XDA0510102), National Natural Science Foundation of China (32300529), and Tianjin Major Science and Technology Projects and Engineering Programs (National Key Laboratory Projects) (25ZXZSSS00010).","This research was funded by the Strategic Priority Research Program of the Chinese Academy of Sciences (XDA0510102), National Natural Science Foundation of China (32300529), and Tianjin Major Science and Technology Projects and Engineering Programs (National Key Laboratory Projects) (25ZXZSSS00010)."
manuscript,version line,PASS,Benchmark dataset version 1.2.0 | Source-data freeze: 17 July 2026 | Manuscript artifact: 1.2.0-r3 (7 August 2026),version and dates
manuscript,1246-row abstract,PASS,"A traceable and coverage-aware benchmark reveals persistent limitations in kcat prediction
Xiaogui Deng1,2, He Liu1,2, Yongxuan Guo1,2, Qinghan Men1,2, Zhitao Mao2,3,*, Hongwu Ma2,3,*
1 College of Biotechnology, Tianjin University of Science and Technology, Tianjin, China, 300457.
2 Biodesign Center, Key Laboratory of Engineering Biology for Low-carbon Manufacturing, Tianjin Institute of Industrial Biotechnology, Chinese Academy of Sciences, Tianjin 300308, China
3 National Center of Technology Innovation for Synthetic Biology, Tianjin 300308, China
* Correspondence: mao_zt@tib.cas.cn; ma_hw@tib.cas.cn
Benchmark dataset version 1.2.0 | Source-data freeze: 17 July 2026 | Manuscript artifact: 1.2.0-r3 (7 August 2026)

Abstract
The catalytic turnover number, kcat, constrains enzyme capacity in metabolic models and engineered pathways, yet published predictors differ in inference-time inputs, coverage, training-corpus proximity, and applicable reaction sets. We assembled a traceable benchmark of 1,246 model-linked, sequence-associated kcat records from Escherichia coli (781) and Saccharomyces cerevisiae (465). Of these, 778 had substrate-specific BRENDA support and 468 SABIO-RK-only rows retained a reaction-participant label whose assay-variable substrate could not be verified. Twelve public methods or public-data reconstructions were evaluated in log10(kcat / s^-1) space. Among five released sequence-plus-substrate checkpoints evaluated on all records, KcatNet had the lowest descriptive MAE (0.711; pair-cluster 95% interval 0.653-0.776). On the strictly common 1047-record reaction set, TurNuP, KcatNet, and PMAK had MAEs of 0.713, 0.719, and 0.723, respectively; paired-bootstrap intervals crossed zero, and cluster-level significance depended on the assumed dependence structure. KinForm-L achieved the highest Spearman correlation (0.549; n=729), whereas the GO-HKP assignment baseline covered 1236 records with MAE 1.031. The primary PreTKcat estimate uses an exact-pair-excluded public reconstruction; raw-public and near-neighbor-excluded variants are reported separately. These results show that current kcat prediction remains a multi-fold-error problem and that coverage, provenance, and dependence must be reported explicitly.
Introduction
The turnover number, kcat, defines the maximum catalytic rate of an enzyme under saturating substrate conditions. Together with substrate affinity and enzyme abundance, it sets the catalytic capacity of metabolic reactions and ","contains 1,246 model-linked"
manuscript,final filtering starts from 1354,PASS,"Starting from 1,354 experimentally matched model-linked rows, entries were retained when the reported kcat was positive and convertible to s^-1, exactly one protein sequence was available, and the experimentally matched model reactant had an RDKit-parseable SMILES. This yielded 1,246 rows (781 E. coli and 465 yeast). Each entry_id denotes a model-linked enzyme-reaction-metabolite association, not necessarily an independent experiment or a sequence-specific assay. Candidate generation, experimental substrate support, and post hoc chemical-role annotation are separate fields and must not be conflated.","1,354 to 1,246"
manuscript,Table0 method-record count,PASS,"Reaction equations were reconstructed from source-model stoichiometry in the stored forward orientation. This is an input encoding, not evidence of experimental direction; 82 rows representing 58 unique reactions were reversible by model bounds, and assay direction was unavailable for all rows. The 1246-row complete resource is used for coverage and traceability, while the 778-row substrate-supported sensitivity set excludes 468 SABIO-RK-only participant-ambiguous rows. Supplementary Data Table 0 contains 14,952 method-record rows, including explicit unscored combinations. It reports method name and regime, the benchmark and actual method sequence input, model-forward reaction equations, evaluated metabolite and SMILES, experimental kcat, prediction status, predicted kcat, and absolute log10 error. Reaction equations are direct inference inputs only for TurNuP and PMAK; for other methods they provide provenance. Table 0W is the companion wide matrix.","14,952"
manuscript,Quinate method,PASS,"Protein sequences were retrieved from UniProt (21) using accessions attached to model gene entries. Structures were resolved from model annotations and curated cross-references through MetaNetX (22), PubChem (23), and the Compound Database for eQuilibrator, then validated with RDKit (24). Numeric-only strings were rejected as pseudo-SMILES. For quinate, the neutral PubChem CID 6508 structure was used. All 1246 final records had an RDKit-parseable SMILES. The model metabolite ID, selected SMILES, mapping source and identifier, PubChem CID, standardized parent InChIKey connectivity, reaction side, and stoichiometric coefficient are retained in Record_audit.",neutral PubChem CID 6508
manuscript,all-reactants policy,PASS,"We parsed the eciML1515 JSON model (model id iML1515, version 1) for E. coli (19) and yeast-GEM v9.0.2 SBML for S. cerevisiae (20). Reaction stoichiometry, bounds, gene-protein-reaction rules, EC annotations, metabolite names, and cross-references were retained. All model-encoded reactants were emitted as candidates before experimental matching. Thus, internal yeast metabolite identifiers such as s_XXXX were never used alone to decide whether a participant was a substrate, cofactor, or currency metabolite. OR rules were expanded; final entries required one unambiguous protein sequence.",all model reactants
manuscript,yeast IDs not role evidence,PASS,"We parsed the eciML1515 JSON model (model id iML1515, version 1) for E. coli (19) and yeast-GEM v9.0.2 SBML for S. cerevisiae (20). Reaction stoichiometry, bounds, gene-protein-reaction rules, EC annotations, metabolite names, and cross-references were retained. All model-encoded reactants were emitted as candidates before experimental matching. Thus, internal yeast metabolite identifiers such as s_XXXX were never used alone to decide whether a participant was a substrate, cofactor, or currency metabolite. OR rules were expanded; final entries required one unambiguous protein sequence.",s_XXXX not used alone
manuscript,PreTKcat three variants,PASS,variants described,three variants
manuscript,available-case Figure 3 title,PASS,Figure 3 title,available-case title
manuscript,S24 in supplementary index,PASS,S24 present,S24 present
manuscript,repository URL,PASS,"The benchmark rows, method-level predictions, provenance fields, and analysis code are hosted in the project repository at https://github.com/dxg-9527/kcat_benchmark_analysis. Supplementary Data Table 0 provides the long method-record input/output table, Table 0W provides the wide prediction matrix, and Record_audit provides row-level provenance and audit fields.",upstream GitHub URL
manuscript,Zenodo version DOI,PASS,"Large model assets and prediction outputs used for method-specific inference are archived in Zenodo record 21859994 (version DOI: https://doi.org/10.5281/zenodo.21859994; all-versions DOI: https://doi.org/10.5281/zenodo.21024683); checksums and restore locations are listed in zenodo_assets_manifest.csv. The repository MIT license applies only to original project code, and upstream software, weights, and database-derived content retain their original terms. The internal CKB snapshot is not publicly distributed, so the complete pre-filter compound-mapping search cannot be replayed solely from public files; all mappings used by the released benchmark are materialized in Record_audit to support record-level reproduction and replacement of that internal lookup step.",Zenodo version DOI
manuscript,Zenodo concept DOI,PASS,"Large model assets and prediction outputs used for method-specific inference are archived in Zenodo record 21859994 (version DOI: https://doi.org/10.5281/zenodo.21859994; all-versions DOI: https://doi.org/10.5281/zenodo.21024683); checksums and restore locations are listed in zenodo_assets_manifest.csv. The repository MIT license applies only to original project code, and upstream software, weights, and database-derived content retain their original terms. The internal CKB snapshot is not publicly distributed, so the complete pre-filter compound-mapping search cannot be replayed solely from public files; all mappings used by the released benchmark are materialized in Record_audit to support record-level reproduction and replacement of that internal lookup step.",Zenodo concept DOI
manuscript,dated public-link check,PASS,[],[]
manuscript,author-action placeholder,PASS,[],[]
manuscript,matched-subset title,PASS,[],[]
manuscript,training-remote shorthand,PASS,[],[]
manuscript,old 978-row scope,PASS,[],[]
manuscript,old 780-row scope,PASS,[],[]
manuscript,old 782-row scope,PASS,[],[]
manuscript,old 668-row scope,PASS,[],[]
manuscript,old 310-row ambiguity,PASS,[],[]
manuscript,Table1 rows,PASS,7,7
manuscript,Table2 rows,PASS,14,14
manuscript,supplement index rows,PASS,28,28
manuscript,ZIP integrity,PASS,None,None
manuscript,OOXML parse failures,PASS,[],[]
manuscript,embedded figures match current PNGs,PASS,"['0af397480708155c3073d47a30e2ece5349586fa6d717693179290ad8f190781', '29f387ee55b0e32ff1d678d9bfff9885b3320801fe401c5072aed4b8bd432151', '31d1cfc4289742360a1e30dddf9e7850691dcae2cd64ba39160e308756556e45', 'e9023c8be89c5a3ab864d94e87bf29722d2e988d3bdebc7578c0ab99bc6fd64d']","['0af397480708155c3073d47a30e2ece5349586fa6d717693179290ad8f190781', '29f387ee55b0e32ff1d678d9bfff9885b3320801fe401c5072aed4b8bd432151', '31d1cfc4289742360a1e30dddf9e7850691dcae2cd64ba39160e308756556e45', 'e9023c8be89c5a3ab864d94e87bf29722d2e988d3bdebc7578c0ab99bc6fd64d']"
manuscript,footer parts,PASS,1,1
manuscript,PAGE fields,PASS,1,1
manuscript,no stale page-count property,PASS,"<?xml version='1.0' encoding='utf-8'?>
<ns0:Properties xmlns:ns0=""http://schemas.openxmlformats.org/officeDocument/2006/extended-properties"" xmlns:ns1=""http://schemas.openxmlformats.org/officeDocument/2006/docPropsVTypes""><ns0:Template>Normal.dotm</ns0:Template><ns0:TotalTime>82</ns0:TotalTime><ns0:Words>5838</ns0:Words><ns0:Characters>33283</ns0:Characters><ns0:Application>Microsoft Office Word</ns0:Application><ns0:DocSecurity>0</ns0:DocSecurity><ns0:Lines>277</ns0:Lines><ns0:Paragraphs>78</ns0:Paragraphs><ns0:ScaleCrop>false</ns0:ScaleCrop><ns0:HeadingPairs><ns1:vector size=""2"" baseType=""variant""><ns1:variant><ns1:lpstr>Title</ns1:lpstr></ns1:variant><ns1:variant><ns1:i4>1</ns1:i4></ns1:variant></ns1:vector></ns0:HeadingPairs><ns0:TitlesOfParts><ns1:vector size=""1"" baseType=""lpstr""><ns1:lpstr /></ns1:vector></ns0:TitlesOfParts><ns0:Manager /><ns0:Company /><ns0:LinksUpToDate>false</ns0:LinksUpToDate><ns0:CharactersWithSpaces>39043</ns0:CharactersWithSpaces><ns0:SharedDoc>false</ns0:SharedDoc><ns0:HyperlinkBase /><ns0:HyperlinksChanged>false</ns0:HyperlinksChanged><ns0:AppVersion>16.0000</ns0:AppVersion></ns0:Properties>",no Pages property
figure,Figure 1 PNG exists,PASS,paper/figures/Figure1.png,exists
figure,Figure 1 PDF exists,PASS,paper/figures/Figure1.pdf,exists
figure,Figure 1 dimensions,PASS,"(4232, 4090)",>=1800x900
figure,Figure 1 nonblank,PASS,53.07729562866807,>5
figure,Figure 1 PDF signature,PASS,b'%PDF',b'%PDF'
figure,Figure 2 PNG exists,PASS,paper/figures/Figure2.png,exists
figure,Figure 2 PDF exists,PASS,paper/figures/Figure2.pdf,exists
figure,Figure 2 dimensions,PASS,"(4594, 3783)",>=1800x900
figure,Figure 2 nonblank,PASS,52.26926430073475,>5
figure,Figure 2 PDF signature,PASS,b'%PDF',b'%PDF'
figure,Figure 3 PNG exists,PASS,paper/figures/Figure3.png,exists
figure,Figure 3 PDF exists,PASS,paper/figures/Figure3.pdf,exists
figure,Figure 3 dimensions,PASS,"(4474, 3048)",>=1800x900
figure,Figure 3 nonblank,PASS,73.54394891360236,>5
figure,Figure 3 PDF signature,PASS,b'%PDF',b'%PDF'
figure,Figure 4 PNG exists,PASS,paper/figures/Figure4.png,exists
figure,Figure 4 PDF exists,PASS,paper/figures/Figure4.pdf,exists
figure,Figure 4 dimensions,PASS,"(4462, 3232)",>=1800x900
figure,Figure 4 nonblank,PASS,62.56123131012989,>5
figure,Figure 4 PDF signature,PASS,b'%PDF',b'%PDF'
figure,DEKP display label mapping,PASS,mapping present,mapping present
figure,no official display suffix,PASS,official absent,official absent
report,benchmark funnel export synchronized,PASS,5de6b610860d0c178042f34e00c632774918bf0f271ad985d9fbee274b700e90,5de6b610860d0c178042f34e00c632774918bf0f271ad985d9fbee274b700e90
report,E. coli all-reactant candidates,PASS,8797,8797
report,yeast all-reactant candidates,PASS,7816,7816
